date,total_equity,cash,holdings_value,num_positions,benchmark_equity,benchmark_close,strategy_return,benchmark_return,excess_return,cum_strategy_return,cum_benchmark_return,nav_strategy,nav_benchmark,drawdown_pct
2021-09-29,1000000.0,1000000.0,0.0,0,1000000.0,4833.928,0.0,0.0,0.0,0.0,0.0,1.0,1.0,0.0
2021-09-30,1010643.7540000001,310013.7540000001,700630.0,8,1006714.0015325011,4866.383,0.010643754000000172,0.006714001532501124,0.003929752467499048,0.010643754000000172,0.006714001532501124,1.0106437540000002,1.0067140015325011,0.0
2021-10-08,1013488.1040200001,140894.10402000006,872594.0,8,1019862.3148710531,4929.941,0.0028143942994180993,0.01306062428707322,-0.01024622998765512,0.013488104020000113,0.019862314871053055,1.0134881040200001,1.019862314871053,0.0
2021-10-11,1012873.91414,254112.91414000004,758761.0,7,1021155.4661136863,4936.192,-0.000606015874842436,0.0012679664929051704,-0.0018739823677476064,0.012873914140000053,0.02115546611368635,1.01287391414,1.0211554661136863,-0.0606
2021-10-12,1002873.52345,439224.52345000004,563649.0,6,1010324.7297022216,4883.837,-0.009873282893746005,-0.010606354047816402,0.0007330711540703971,0.002873523449999915,0.010324729702221536,1.00287352345,1.0103247297022215,-1.0473
2021-10-13,1006252.20841,447363.20841,558889.0,5,1021965.7802102142,4940.109,0.0033690040478653316,0.011522088063135483,-0.008153084015270151,0.006252208410000071,0.021965780210214225,1.00625220841,1.0219657802102142,-0.714
2021-10-14,998025.20841,447363.20841,550662.0,5,1016484.316688209,4913.612,-0.008175882677564195,-0.0053636468345130695,-0.002812235843051125,-0.0019747915900000246,0.016484316688208933,0.99802520841,1.016484316688209,-1.5257
2021-10-15,995872.20841,447363.20841,548509.0,5,1020310.6045435515,4932.108,-0.0021572601391802726,0.0037642369808605913,-0.005921497120040864,-0.004127791589999985,0.02031060454355149,0.99587220841,1.0203106045435515,-1.7381
2021-10-18,984604.20841,447363.20841,537241.0,5,1008450.063799047,4874.775,-0.011314704743081827,-0.011624441313937361,0.0003097365708555344,-0.01539579159000004,0.008450063799047003,0.98460420841,1.008450063799047,-2.8499
2021-10-19,984229.57545,550879.57545,433350.0,4,1018369.119275256,4922.723,-0.0003804909188890315,0.009835941146001614,-0.010216432064890646,-0.015770424549999995,0.018369119275255974,0.98422957545,1.018369119275256,-2.8869
2021-10-20,977507.57545,550879.57545,426628.0,4,1015775.3694304095,4910.185,-0.006829707385013983,-0.002546964352858949,-0.004282743032155034,-0.02249242455,0.01577536943040947,0.97750757545,1.0157753694304095,-3.5502
2021-10-21,973513.09185,657424.09185,316089.0,3,1019464.0880046206,4928.016,-0.004086396566452377,0.0036314314022789507,-0.007717827968731328,-0.026486908149999988,0.019464088004620628,0.97351309185,1.0194640880046206,-3.9443
2021-10-22,977722.09185,657424.09185,320298.0,3,1026023.7636969356,4959.725,0.00432351658671748,0.006434435277807626,-0.0021109186910901467,-0.02227790815000008,0.026023763696935598,0.9777220918499999,1.0260237636969356,-3.529
2021-10-25,974342.09185,657424.09185,316918.0,3,1030119.6045948556,4979.524,-0.003457015064070479,0.0039919551991289826,-0.007448970263199461,-0.02565790815000002,0.03011960459485552,0.97434209185,1.0301196045948555,-3.8625
2021-10-26,983140.09185,657424.09185,325716.0,3,1026721.5399153648,4963.098,0.009029682771166225,-0.003298708872575218,0.012328391643741443,-0.016859908150000047,0.026721539915364856,0.98314009185,1.0267215399153649,-2.9944
2021-10-27,978398.09185,657424.09185,320974.0,3,1013288.5719439759,4898.164,-0.0048233207447342386,-0.01308336043334224,0.008260039688608,-0.02160190815000007,0.013288571943975924,0.9783980918499999,1.013288571943976,-3.4623
2021-10-28,976309.37587,775947.37587,200362.0,2,1006249.5759142463,4864.138,-0.0021348324341583513,-0.006946684512808998,0.004811852078650647,-0.023690624130000004,0.0062495759142462415,0.97630937587,1.0062495759142462,-3.6684
2021-10-29,985755.37587,775947.37587,209808.0,2,1015482.6468246942,4908.77,0.009675211806280837,0.00917572651104881,0.0004994852952320272,-0.01424462413000005,0.015482646824694246,0.98575537587,1.0154826468246942,-2.7364
2021-11-01,989997.37587,775947.37587,214050.0,2,1011741.3829912238,4890.685,0.0043032988749933665,-0.003684222320459063,0.00798752119545243,-0.01000262412999997,0.011741382991223848,0.98999737587,1.0117413829912238,-2.3178
2021-11-02,992355.37587,775947.37587,216408.0,2,1001224.2631665181,4839.846,0.0023818244951687717,-0.010395067357640175,0.012776891852808947,-0.0076446241299999995,0.0012242631665180248,0.99235537587,1.001224263166518,-2.0851
2021-11-03,992089.37587,775947.37587,216142.0,2,997348.7399895076,4821.112,-0.0002680491348845404,-0.0038707843183439783,0.003602735183459438,-0.007910624129999988,-0.002651260010492429,0.99208937587,0.9973487399895076,-2.1114
2021-11-04,991387.37587,775947.37587,215440.0,2,1007202.0104560928,4868.742,-0.0007075975381597432,0.009879463493069451,-0.010587061031229195,-0.008612624129999968,0.007202010456092811,0.99138737587,1.0072020104560928,-2.1807
2021-11-05,988455.37587,775947.37587,212508.0,2,1001741.4409151315,4842.346,-0.002957471591190086,-0.005421523670796291,0.002464052079606205,-0.011544624130000014,0.0017414409151315091,0.98845537587,1.0017414409151315,-2.47
2021-11-08,988742.97269,843894.97269,144848.0,2,1002948.3269092962,4848.18,0.0002909557952950337,0.0012047879271743778,-0.0009138321318793441,-0.01125702731,0.0029483269092962505,0.98874297269,1.0029483269092963,-2.4416
2021-11-09,989819.3893299999,875023.3893299999,114796.0,1,1002651.2600104924,4846.744,0.0010886718487328473,-0.0002961936231742346,0.0013848654719070819,-0.01018061067000009,0.002651260010492429,0.9898193893299999,1.0026512600104924,-2.3354
2021-11-10,989159.3893299999,875023.3893299999,114136.0,1,997365.4965485627,4821.193,-0.0006667883122059015,-0.0052717865849731815,0.00460499827276728,-0.010840610670000084,-0.002634503451437342,0.9891593893299999,0.9973654965485627,-2.4005
2021-11-11,988939.3893299999,875023.3893299999,113916.0,1,1013389.731911605,4898.653,-0.00022241107183851305,0.016066562778134008,-0.01628897384997252,-0.011060610670000082,0.013389731911604974,0.9889393893299999,1.013389731911605,-2.4222
2021-11-12,992107.3893299999,875023.3893299999,117084.0,1,1011263.5107515049,4888.375,0.003203431913199717,-0.002098127791456239,0.005301559704655956,-0.007892610670000133,0.01126351075150489,0.9921073893299999,1.011263510751505,-2.1096
2021-11-15,992327.3893299999,875023.3893299999,117304.0,1,1010022.9047681306,4882.378,0.00022175018789916123,-0.001226788043061422,0.0014485382309605832,-0.007672610670000135,0.010022904768130614,0.9923273893299999,1.0100229047681306,-2.0879
2021-11-16,989951.3893299999,875023.3893299999,114928.0,1,1010217.9842149077,4883.321,-0.0023943710770738535,0.00019314358699795697,-0.0025875146640718105,-0.010048610670000069,0.010217984214907716,0.9899513893299999,1.0102179842149077,-2.3223
2021-11-17,989951.3893299999,875023.3893299999,114928.0,1,1010721.3015998584,4885.754,0.0,0.0004982265142923215,-0.0004982265142923215,-0.010048610670000069,0.010721301599858402,0.9899513893299999,1.0107213015998584,-2.3223
2021-11-18,992327.3893299999,875023.3893299999,117304.0,1,1000763.561228053,4837.619,0.0024001178498351816,-0.009852112898029897,0.012252230747865078,-0.007672610670000135,0.0007635612280529891,0.9923273893299999,1.000763561228053,-2.0879
2021-11-19,991755.3893299999,875023.3893299999,116732.0,1,1011611.6748118715,4890.058,-0.0005764226667029915,0.010839836704792383,-0.011416259371495374,-0.008244610670000041,0.01161167481187153,0.99175538933,1.0116116748118715,-2.1443
2021-11-22,992371.3893299999,875023.3893299999,117348.00000000001,1,1016233.3820445817,4912.399,0.0006211208999995499,0.004568657467866499,-0.003947536567866949,-0.007628610670000091,0.01623338204458169,0.9923713893299999,1.0162333820445817,-2.0836
2021-11-23,991623.3893299999,875023.3893299999,116600.0,1,1016429.2889757563,4913.346,-0.0007537500657944785,0.00019277750036161834,-0.0009465275661560968,-0.008376610670000062,0.01642928897575624,0.9916233893299999,1.0164292889757562,-2.1574
2021-11-24,990567.3893299999,875023.3893299999,115544.0,1,1017114.4460571198,4916.658,-0.0010649204237845877,0.0006740823870334811,-0.0017390028108180688,-0.009432610670000119,0.01711444605711976,0.9905673893299999,1.0171144460571198,-2.2616
2021-11-25,989379.3893299999,875023.3893299999,114356.0,1,1012932.3399107311,4896.442,-0.0011993126492924056,-0.00411173606136539,0.002912423412072984,-0.010620610670000086,0.012932339910731061,0.9893793893299999,1.012932339910731,-2.3788
2021-11-26,988279.3893299999,875023.3893299999,113256.0,1,1005419.8159343706,4860.127,-0.0011118080807656083,-0.007416609856708223,0.0063048017759426145,-0.011720610670000076,0.005419815934370575,0.9882793893299999,1.0054198159343706,-2.4873
2021-11-29,987663.3893299999,875023.3893299999,112640.0,1,1003619.2098847976,4851.423,-0.000623305521344153,-0.0017908997028267537,0.0011675941814826007,-0.012336610670000137,0.0036192098847975807,0.9876633893299999,1.0036192098847976,-2.5481
2021-11-30,988807.3893299999,875023.3893299999,113784.0,1,999606.5311688548,4832.026,0.0011582893649384474,-0.0039982083607221774,0.005156497725660625,-0.011192610670000103,-0.00039346883114521614,0.9888073893299999,0.9996065311688548,-2.4352
2021-12-01,988411.3893299999,875023.3893299999,113388.0,1,1002052.7819197968,4843.851,-0.00040048244407675515,0.0024472136532376343,-0.0028476960973143894,-0.011588610670000055,0.0020527819197968533,0.98841138933,1.0020527819197969,-2.4743
2021-12-02,986874.15769,53631.15769000005,933243.0,9,1004599.7788961689,4856.163,-0.0015552548833355218,0.0025417792578674714,-0.004097034141202993,-0.013125842310000024,0.004599778896168916,0.98687415769,1.004599778896169,-2.626
2021-12-03,998159.8067300001,63763.806730000055,934396.0,8,1013878.9820617933,4901.018,0.011435752929650711,0.009236716312858606,0.002199036616792105,-0.0018401932699999568,0.013878982061793277,0.99815980673,1.0138789820617933,-1.5124
2021-12-06,994082.8067300001,63763.806730000055,930319.0,8,1012141.8854397502,4892.621,-0.004084516299405316,-0.0017133175189317784,-0.002371198780473538,-0.005917193269999954,0.012141885439750144,0.99408280673,1.0121418854397501,-1.9147
2021-12-07,991250.23257,316650.23257000005,674600.0,6,1018240.6523225005,4922.102,-0.0028494348165196692,0.006025604681008323,-0.008875039497527992,-0.00874976743,0.018240652322500495,0.99125023257,1.0182406523225005,-2.1942
2021-12-08,996093.33849,417226.33849000005,578867.0,5,1033513.531852357,4995.93,0.004885856023905566,0.014999282826727356,-0.01011342680282179,-0.003906661509999965,0.03351353185235695,0.99609333849,1.033513531852357,-1.7163
2021-12-09,1002165.33849,417226.33849000005,584939.0,5,1050634.1840424598,5078.69,0.006095814283031631,0.016565484304223554,-0.010469670021191924,0.0021653384900000017,0.050634184042459784,1.00216533849,1.0506341840424598,-1.1172
2021-12-10,1000322.33849,417226.33849000005,583096.0,5,1045757.611615233,5055.117,-0.001839017903749185,-0.0046415512661729386,0.0028025333624237536,0.0003223384899999626,0.04575761161523295,1.00032233849,1.045757611615233,-1.2991
2021-12-13,1003847.33849,417226.33849000005,586621.0,5,1051691.5022317255,5083.801,0.0035238641229595746,0.005674250467397668,-0.0021503863444380933,0.003847338489999963,0.05169150223172547,1.00384733849,1.0516915022317255,-0.9512
2021-12-14,1006547.33849,417226.33849000005,589321.0,5,1044635.95651404,5049.695,0.0026896519983421463,-0.006708759843274792,0.009398411841616938,0.006547338489999888,0.044635956514039954,1.0065473384899999,1.04463595651404,-0.6848
2021-12-15,1002860.33849,417226.33849000005,585634.0,5,1035575.8298427284,5005.899,-0.0036630169878857366,-0.008672999062319553,0.005009982074433816,0.002860338489999892,0.035575829842728446,1.00286033849,1.0355758298427284,-1.0486
2021-12-16,1002693.95449,536274.95449,466419.0,4,1041540.5442530381,5034.732,-0.00016590944283478848,0.005759804582553318,-0.005925714025388107,0.0026939544899999834,0.0415405442530381,1.00269395449,1.041540544253038,-1.065
2021-12-17,997484.95449,536274.95449,461210.0,4,1024996.648688189,4954.76,-0.0051950048932423165,-0.015884062945157762,0.010689058051915445,-0.0025150455099999247,0.02499664868818896,0.9974849544900001,1.024996648688189,-1.579
2021-12-20,1002359.02338,757986.02338,244373.0,2,1009617.4374132176,4880.418,0.004886358303511473,-0.015004157618128788,0.01989051592164026,0.002359023379999936,0.009617437413217633,1.00235902338,1.0096174374132176,-1.0981
2021-12-21,1002319.02338,757986.02338,244333.0,2,1016458.0440585794,4913.485,-3.99058611405545e-05,0.006775444234489836,-0.00681535009563039,0.002319023380000118,0.016458044058579313,1.0023190233800001,1.0164580440585793,-1.102
2021-12-22,1007489.02338,757986.02338,249503.0,2,1016658.5021539418,4914.454,0.005158038388382469,0.00019721236556113908,0.00496082602282133,0.007489023380000015,0.016658502153941823,1.00748902338,1.0166585021539418,-0.5919
2021-12-23,1008852.02338,757986.02338,250866.0,2,1023751.077798428,4948.739,0.0013528683373911221,0.006976359937441723,-0.005623491600050601,0.008852023380000018,0.023751077798428,1.00885202338,1.023751077798428,-0.4574
2021-12-24,1014532.02338,757986.02338,256546.0,2,1018084.0509002203,4921.345,0.005630161677200318,-0.005535551581928089,0.011165713259128407,0.014532023379999925,0.01808405090022025,1.01453202338,1.0180840509002202,0.0
2021-12-27,1028874.02338,757986.02338,270888.0,2,1017665.9644082411,4919.324,0.014136567076727946,-0.0004106600939377536,0.0145472271706657,0.028874023380000002,0.017665964408241086,1.02887402338,1.017665964408241,0.0
2021-12-28,1032077.02338,757986.02338,274091.0,2,1025245.7214919212,4955.964,0.0031131119332545865,0.007448177839068926,-0.004335065905814339,0.03207702338000007,0.02524572149192128,1.03207702338,1.0252457214919213,0.0
2021-12-29,1021488.02338,757986.02338,263502.0,2,1010250.8767197194,4883.48,-0.010259893167005707,-0.01462561067836654,0.004365717511360834,0.02148802338000011,0.01025087671971936,1.02148802338,1.0102508767197194,-1.026
2021-12-30,1022569.1192600001,905754.1192600001,116815.0,1,1018118.3915027283,4921.511,0.0010583539456712199,0.007787684192420263,-0.0067293302467490435,0.02256911926000016,0.018118391502728315,1.0225691192600002,1.0181183915027283,-0.9212
2021-12-31,1022569.1192600001,905754.1192600001,116815.0,1,1022020.3941804677,4940.373,0.0,0.0038325628043907045,-0.0038325628043907045,0.02256911926000016,0.02202039418046775,1.0225691192600002,1.0220203941804678,-0.9212
2022-01-04,1023335.1192600001,905754.1192600001,117581.0,1,1017343.4523642057,4917.765,0.0007490936168250695,-0.004576172689794822,0.005325266306619891,0.02333511925999998,0.017343452364205758,1.02333511926,1.0173434523642058,-0.847
2022-01-05,1024101.1192600001,905754.1192600001,118347.0,1,1007073.3366322378,4868.12,0.0007485328956109427,-0.010095033007880727,0.01084356590349167,0.024101119260000026,0.007073336632237748,1.02410111926,1.0070733366322377,-0.7728
2022-01-06,1024101.1192600001,905754.1192600001,118347.0,1,996752.9512231047,4818.232,0.0,-0.010247898572754877,0.010247898572754877,0.024101119260000026,-0.0032470487768953005,1.02410111926,0.9967529512231047,-0.7728
2022-01-07,1026016.1192600001,905754.1192600001,120262.0,1,997608.7769615104,4822.369,0.0018699325330135963,0.0008586136989667814,0.0010113188340468149,0.026016119260000137,-0.0023912230384895983,1.0260161192600001,0.9976087769615104,-0.5873
2022-01-10,1025633.1192600001,905754.1192600001,119879.0,1,1002092.9149130892,4844.045,-0.000373288482325429,0.004494886227080386,-0.004868174709405815,0.025633119260000115,0.002092914913089272,1.0256331192600001,1.0020929149130893,-0.6244
2022-01-11,1026016.1192600001,905754.1192600001,120262.0,1,992520.7822706504,4797.774,0.00037342787865157767,-0.009552140824455435,0.009925568703107013,0.026016119260000137,-0.007479217729349674,1.0260161192600001,0.9925207822706503,-0.5873
2022-01-12,1025250.1192600001,905754.1192600001,119496.0,1,1002410.2551796385,4845.579,-0.000746576964650858,0.009963995803053516,-0.010710572767704374,0.025250119260000092,0.002410255179638554,1.02525011926,1.0024102551796386,-0.6615
2022-01-13,1026016.1192600001,905754.1192600001,120262.0,1,985930.9033978165,4765.919,0.0007471347582508336,-0.016439727842637475,0.01718686260088831,0.026016119260000137,-0.014069096602183584,1.0260161192600001,0.9859309033978164,-0.5873
2022-01-14,1024101.1192600001,905754.1192600001,118347.0,1,977824.2456238488,4726.732,-0.001866442411627145,-0.008222338650740846,0.006355896239113701,0.024101119260000026,-0.02217575437615127,1.02410111926,0.9778242456238487,-0.7728
2022-01-17,1024101.1192600001,905754.1192600001,118347.0,1,986211.6274797638,4767.276,0.0,0.008577596529695253,-0.008577596529695253,0.024101119260000026,-0.013788372520236236,1.02410111926,0.9862116274797638,-0.7728
2022-01-18,1025250.1192600001,905754.1192600001,119496.0,1,995742.3859023137,4813.347,0.0011219595198082022,0.00966400938397527,-0.008542049864167067,0.025250119260000092,-0.004257614097686213,1.02525011926,0.9957423859023138,-0.6615
2022-01-19,1024867.1192600001,905754.1192600001,119113.0,1,988922.0526246977,4780.378,-0.0003735673791254168,-0.006849495787442761,0.006475928408317344,0.02486711926000007,-0.011077947375302322,1.02486711926,0.9889220526246977,-0.6986
2022-01-20,1025250.1192600001,905754.1192600001,119496.0,1,997844.6100148782,4823.509,0.0003737069838638529,0.009022508261899098,-0.008648801278035245,0.025250119260000092,-0.0021553899851217695,1.02525011926,0.9978446100148782,-0.6615
2022-01-21,1025250.1192600001,905754.1192600001,119496.0,1,988701.9417748878,4779.314,0.0,-0.009162416821446806,0.009162416821446806,0.025250119260000092,-0.011298058225112206,1.02525011926,0.9887019417748878,-0.6615
2022-01-24,1025250.1192600001,905754.1192600001,119496.0,1,990237.7528171707,4786.738,0.0,0.0015533610053661828,-0.0015533610053661828,0.025250119260000092,-0.009762247182829253,1.02525011926,0.9902377528171707,-0.6615
2022-01-25,1024101.1192600001,905754.1192600001,118347.0,1,967836.3020715244,4678.451,-0.0011207021373763615,-0.022622295183066243,0.021501593045689882,0.024101119260000026,-0.03216369792847551,1.02410111926,0.9678363020715245,-0.7728
2022-01-26,1024101.1192600001,905754.1192600001,118347.0,1,974840.9574987463,4712.311,0.0,0.007237438203371083,-0.007237438203371083,0.024101119260000026,-0.02515904250125367,1.02410111926,0.9748409574987463,-0.7728
2022-01-27,1024101.1192600001,905754.1192600001,118347.0,1,955719.0342926085,4619.877,0.0,-0.019615428608171115,0.019615428608171115,0.024101119260000026,-0.044280965707391484,1.02410111926,0.9557190342926085,-0.7728
2022-01-28,1013444.03766,280117.03766000003,733327.0,8,944112.5312582231,4563.772,-0.010406278637504762,-0.012144262715219623,0.0017379840777148603,0.013444037660000019,-0.05588746874177686,1.01344403766,0.9441125312582231,-1.8054
2022-02-07,1029189.70994,156647.70994000003,872542.0,8,958659.2932290263,4634.09,0.015536795022600414,0.015407868754179654,0.00012892626842075927,0.02918970994000003,-0.04134070677097379,1.02918970994,0.9586592932290262,-0.2798
2022-02-08,1041230.8453,123806.84530000003,917424.0,8,953421.9376043666,4608.773,0.01169962665163271,-0.005463208526377383,0.017162835178010094,0.041230845300000096,-0.046578062395633446,1.0412308453,0.9534219376043666,0.0
2022-02-09,1049131.8453,123806.84530000003,925325.0,8,962376.9737571598,4652.061,0.007588134788422796,0.009392521610415372,-0.0018043868219925763,0.04913184530000003,-0.037623026242840196,1.0491318453,0.9623769737571598,0.0
2022-02-10,1053466.8453,123806.84530000003,929660.0,8,959853.5600861247,4639.863,0.00413198781394386,-0.002622063640180028,0.006754051454123888,0.05346684530000001,-0.04014643991387534,1.0534668453,0.9598535600861247,0.0
2022-02-11,1043501.2828,167501.28280000004,876000.0,8,951895.6426326582,4601.395,-0.009459778012436582,-0.008290762033275612,-0.00116901597916097,0.043501282800000096,-0.048104357367341755,1.0435012828,0.9518956426326582,-0.946
2022-02-14,1038469.22728,209224.22728000005,829245.0,7,941612.7008925247,4551.688,-0.004822280147560254,-0.010802593561300533,0.005980313413740279,0.03846922728000002,-0.05838729910747531,1.03846922728,0.9416127008925247,-1.4236
2022-02-15,1047013.15066,243886.15066000004,803127.0,7,951628.3651721748,4600.103,0.00822742085711936,0.01063671323693538,-0.0024092923798160193,0.04701315066,-0.04837163482782525,1.04701315066,0.9516283651721748,-0.6126
2022-02-16,1047248.78124,303156.78124000004,744092.0,7,955328.4616568554,4617.989,0.00022505025830055203,0.0038881738082818806,-0.0036631235499813286,0.04724878123999998,-0.044671538343144634,1.04724878124,0.9553284616568554,-0.5902
2022-02-17,1051091.53876,338735.53876,712356.0,6,957640.4530642575,4629.165,0.0036693836162309257,0.002420101043982603,0.0012492825722483225,0.051091538759999944,-0.04235954693574251,1.05109153876,0.9576404530642575,-0.2255
2022-02-18,1050609.53876,338735.53876,711874.0,6,962206.3051001173,4651.236,-0.00045857090674383816,0.004767814497862899,-0.005226385404606737,0.05060953875999985,-0.0377936948998826,1.0506095387599999,0.9622063051001174,-0.2712
2022-02-21,1053450.53876,338735.53876,714715.0,6,958705.632355302,4634.314,0.002704144494398042,-0.0036381727351610937,0.006342317229559136,0.053450538759999944,-0.04129436764469796,1.05345053876,0.958705632355302,-0.0015
2022-02-22,1056140.53876,338735.53876,717405.0,6,946260.0601415661,4574.153,0.002553513336436719,-0.012981640864214161,0.01553515420065088,0.0561405387599998,-0.05373993985843395,1.0561405387599998,0.946260060141566,0.0
2022-02-23,1067674.53876,338735.53876,728939.0,6,956374.8156778503,4623.047,0.010920895067186631,0.010689192075560072,0.00023170299162655894,0.06767453875999996,-0.04362518432214968,1.06767453876,0.9563748156778503,0.0
2022-02-24,1061816.53876,338735.53876,723081.0,6,936985.2012690302,4529.319,-0.005486690735178046,-0.0202740746524962,0.014787383917318153,0.06181653875999982,-0.06301479873096982,1.0618165387599998,0.9369852012690302,-0.5487
2022-02-25,1056115.53876,338735.53876,717380.0,6,946109.4579811698,4573.425,-0.005369100773903623,0.009737887748688001,-0.015106988522591625,0.05611553875999986,-0.053890542018830145,1.0561155387599999,0.9461094579811699,-1.0826
2022-02-28,1057164.19977,578068.1997700001,479096.0,4,947810.1452897105,4581.646,0.0009929415594351898,0.0017975587224015044,-0.0008046171629663146,0.05716419977000009,-0.052189854710289474,1.05716419977,0.9478101452897105,-0.9844
2022-03-01,1054816.19977,578068.1997700001,476748.0,4,955679.5219126143,4619.686,-0.0022210362406434037,0.00830269296231112,-0.010523729202954524,0.054816199770000074,-0.044320478087385595,1.05481619977,0.9556795219126144,-1.2043
2022-03-02,1056737.19977,578068.1997700001,478669.0,4,947180.2227918992,4578.601,0.001821170361641089,-0.00889346159024662,0.01071463195188771,0.056737199770000135,-0.05281977720810083,1.0567371997700001,0.9471802227918992,-1.0244
2022-03-03,1052673.19977,578068.1997700001,474605.0,4,941600.2886265579,4551.628,-0.0038458000729836295,-0.005891100796946547,0.0020453007239629173,0.05267319977000007,-0.05839971137344213,1.05267319977,0.9416002886265579,-1.405
2022-03-04,1047488.33209,672332.33209,375156.0,3,930181.4176793698,4496.43,-0.004925429545591942,-0.012127089472162345,0.007201659926570403,0.04748833209000014,-0.06981858232063021,1.0474883320900001,0.9301814176793698,-1.8907
2022-03-07,1038967.33209,672332.33209,366635.0,3,900463.9705018363,4352.778,-0.008134696816143538,-0.03194801208959108,0.023813315273447544,0.03896733209000014,-0.09953602949816376,1.0389673320900001,0.9004639705018362,-2.6888
2022-03-08,1034026.3166700001,801314.3166700001,232712.0,2,882386.1257345992,4265.391,-0.00475569853583413,-0.020076144476010693,0.015320445940176564,0.03402631667000011,-0.11761387426540082,1.0340263166700001,0.8823861257345992,-3.1515
2022-03-09,1024013.3166700001,801314.3166700001,222699.0,2,874308.8436567527,4226.346,-0.009683505959738103,-0.009153908750686668,-0.0005295972090514356,0.024013316670000062,-0.12569115634324723,1.02401331667,0.8743088436567528,-4.0894
2022-03-10,1027179.7596000001,982624.7596000001,44555.0,1,888063.9099299784,4292.837,0.003092189211266305,0.015732502734040477,-0.012640313522774171,0.027179759600000075,-0.11193609007002159,1.0271797596,0.8880639099299784,-3.7928
2022-03-11,1026788.6002000001,1026788.6002000001,0.0,0,890894.9409258888,4306.522,-0.0003808091002029945,0.0031878685354229663,-0.003568677635625961,0.02678860020000018,-0.10910505907411117,1.0267886002000002,0.8908949409258888,-3.8294
2022-03-14,1026788.6002000001,1026788.6002000001,0.0,0,863636.7773785625,4174.758,0.0,-0.03059638381041596,0.03059638381041596,0.02678860020000018,-0.13636322262143752,1.0267886002000002,0.8636367773785625,-3.8294
2022-03-15,1026788.6002000001,1026788.6002000001,0.0,0,824135.5684238573,3983.812,0.0,-0.045738220035748234,0.045738220035748234,0.02678860020000018,-0.17586443157614262,1.0267886002000002,0.8241355684238574,-3.8294
2022-03-16,1026788.6002000001,1026788.6002000001,0.0,0,859773.0458542204,4156.081,0.0,0.04324225139138105,-0.04324225139138105,0.02678860020000018,-0.14022695414577957,1.0267886002000002,0.8597730458542204,-3.8294
2022-03-17,1026788.6002000001,1026788.6002000001,0.0,0,876656.8306354585,4237.696,0.0,0.019637490222158993,-0.019637490222158993,0.02678860020000018,-0.12334316936454148,1.0267886002000002,0.8766568306354585,-3.8294
2022-03-18,1026788.6002000001,1026788.6002000001,0.0,0,882491.8368664159,4265.902,0.0,0.006655975322439334,-0.006655975322439334,0.02678860020000018,-0.11750816313358403,1.0267886002000002,0.882491836866416,-3.8294
2022-03-21,1026788.6002000001,1026788.6002000001,0.0,0,881011.4672787845,4258.746,0.0,-0.0016774881373271544,0.0016774881373271544,0.02678860020000018,-0.11898853272121546,1.0267886002000002,0.8810114672787845,-3.8294
2022-03-22,1026788.6002000001,1026788.6002000001,0.0,0,880297.5551145984,4255.295,0.0,-0.0008103324311897753,0.0008103324311897753,0.02678860020000018,-0.1197024448854016,1.0267886002000002,0.8802975551145984,-3.8294
2022-03-23,1026788.6002000001,1026788.6002000001,0.0,0,884687.773587029,4276.517,0.0,0.004987198302350171,-0.004987198302350171,0.02678860020000018,-0.11531222641297101,1.0267886002000002,0.884687773587029,-3.8294
2022-03-24,1026788.6002000001,1026788.6002000001,0.0,0,879472.3462989104,4251.306,0.0,-0.005895218001004121,0.005895218001004121,0.02678860020000018,-0.12052765370108953,1.0267886002000002,0.8794723462989105,-3.8294
2022-03-25,1026788.6002000001,1026788.6002000001,0.0,0,863598.7130962644,4174.574,0.0,-0.018049041870898064,0.018049041870898064,0.02678860020000018,-0.13640128690373565,1.0267886002000002,0.8635987130962643,-3.8294
2022-03-28,1026788.6002000001,1026788.6002000001,0.0,0,858197.7224319436,4148.466,0.0,-0.006254051311582631,0.006254051311582631,0.02678860020000018,-0.1418022775680564,1.0267886002000002,0.8581977224319436,-3.8294
2022-03-29,1026788.6002000001,1026788.6002000001,0.0,0,855234.9145456863,4134.144,0.0,-0.0034523604628795557,0.0034523604628795557,0.02678860020000018,-0.14476508545431366,1.0267886002000002,0.8552349145456863,-3.8294
2022-03-30,1026788.6002000001,1026788.6002000001,0.0,0,880050.1372796616,4254.099,0.0,0.02901568015047351,-0.02901568015047351,0.02678860020000018,-0.11994986272033836,1.0267886002000002,0.8800501372796616,-3.8294
2022-03-31,1026788.6002000001,1026788.6002000001,0.0,0,873533.2839049319,4222.597,0.0,-0.007405093299427401,0.007405093299427401,0.02678860020000018,-0.1264667160950681,1.0267886002000002,0.8735332839049319,-3.8294
2022-04-01,1032279.0680600002,313514.06806000014,718765.0,8,884613.5068623282,4276.158,0.005347223234588583,0.012684374094899642,-0.007337150860311059,0.03227906806000025,-0.1153864931376718,1.0322790680600002,0.8846135068623282,-3.3152
2022-04-06,1027545.1685000001,149839.16850000015,877706.0,8,882065.475530459,4263.841,-0.0045858718891749195,-0.002880389358859037,-0.0017054825303158827,0.027545168500000106,-0.117934524469541,1.0275451685,0.882065475530459,-3.7586
2022-04-07,1013286.0428800001,143553.04288000014,869733.0,8,870741.1446757173,4209.1,-0.013876884498240982,-0.012838424322107578,-0.0010384601761334045,0.013286042880000126,-0.1292588553242826,1.0132860428800001,0.8707411446757174,-5.0941
2022-04-08,1008294.0428800001,143553.04288000014,864741.0,8,875223.420787401,4230.767,-0.004926545702545693,0.005147656268560619,-0.010074201971106311,0.008294042880000019,-0.12477657921259899,1.00829404288,0.875223420787401,-5.5617
2022-04-11,982963.1155700001,261456.11557000014,721507.0,7,848185.988703183,4100.07,-0.025122559722406956,-0.030892034470345386,0.00576947474793843,-0.017036884429999843,-0.15181401129681693,0.9829631155700002,0.8481859887031831,-7.9342
2022-04-12,994666.4147200001,436588.4147200001,558078.0,6,864715.6101621704,4179.973,0.011906142727658109,0.019488203859933995,-0.007582061132275886,-0.005333585279999831,-0.13528438983782964,0.9946664147200002,0.8647156101621704,-6.8381
2022-04-13,988375.6708000002,453961.67080000014,534414.0,5,856391.9446048846,4139.737,-0.006324476052376626,-0.009625899497436752,0.0033014234450601254,-0.011624329199999783,-0.14360805539511545,0.9883756708000002,0.8563919446048845,-7.4273
2022-04-14,994302.6708000002,453961.67080000014,540341.0,5,867114.2805602401,4191.568,0.0059967077044729145,0.012520360592955582,-0.006523652888482667,-0.005697329199999768,-0.1328857194397598,0.9943026708000002,0.8671142805602402,-6.8721
2022-04-15,987943.6708000002,453961.67080000014,533982.0,5,866530.6971887046,4188.747,-0.006395436909450991,-0.000673017830081668,-0.005722419079369323,-0.012056329199999771,-0.13346930281129543,0.9879436708000002,0.8665306971887046,-7.4677
2022-04-18,988795.1051000002,537765.1051000002,451030.0,4,861904.4387918066,4166.384,0.0008618247428120451,-0.005338828055263423,0.006200652798075468,-0.011204894899999873,-0.13809556120819344,0.9887951051000001,0.8619044387918066,-7.388
2022-04-19,994341.1051000002,537765.1051000002,456576.0,4,855391.722839066,4134.902,0.0056088465359454,-0.007556192612106716,0.013165039148052116,-0.005658894899999822,-0.14460827716093405,0.9943411051000002,0.855391722839066,-6.8685
2022-04-20,991481.1051000002,537765.1051000002,453716.0,4,842128.5960403217,4070.789,-0.002876276546680989,-0.015505325156436545,0.012629048609755555,-0.008518894899999796,-0.15787140395967825,0.9914811051000002,0.8421285960403218,-7.1364
2022-04-21,987919.1051000002,537765.1051000002,450154.0,4,826621.7452969924,3995.83,-0.0035926050246219976,-0.01841387504977554,0.014821270025153543,-0.012080894899999861,-0.1733782547030076,0.9879191051000001,0.8266217452969924,-7.47
2022-04-22,990613.1051000002,537765.1051000002,452848.0,4,830225.4398493316,4013.25,0.0027269439229311576,0.004359544825480732,-0.0016326009025495747,-0.009386894899999887,-0.16977456015066839,0.9906131051000001,0.8302254398493316,-7.2177
2022-04-25,972699.1051000002,537765.1051000002,434934.0,4,789195.2465986254,3814.913,-0.018083750263117704,-0.049420544446520775,0.03133679418340307,-0.027300894899999872,-0.2108047534013746,0.9726991051000001,0.7891952465986254,-8.8955
2022-04-26,959241.7528000001,737001.7528000001,222240.0,2,782825.0648334025,3784.12,-0.013835061870049237,-0.008071743706868362,-0.005763318163180875,-0.040758247199999875,-0.21717493516659747,0.9592417528000001,0.7828250648334025,-10.156
2022-04-27,962749.0002200002,846117.0002200002,116632.0,1,805873.8152492135,3895.536,0.0036562706009850565,0.02944304091836414,-0.025786770317379082,-0.037250999779999794,-0.19412618475078647,0.9627490002200002,0.8058738152492135,-9.8275
2022-04-28,961529.0002200002,846117.0002200002,115412.00000000001,1,811163.7161331323,3921.107,-0.0012672046397568248,0.0065641801282287915,-0.007831384767985616,-0.03847099977999979,-0.18883628386686768,0.9615290002200002,0.8111637161331323,-9.9418
2022-04-29,964457.0002200002,846117.0002200002,118339.99999999999,1,830844.1913077729,4016.241,0.0030451499635788526,0.02426202600439109,-0.021216876040812238,-0.03554299977999986,-0.16915580869222713,0.9644570002200001,0.8308441913077729,-9.6675
2022-05-05,958967.0002200002,846117.0002200002,112850.0,1,829596.5517070176,4010.21,-0.005692322206949263,-0.0015016529137569234,-0.0041906692931923395,-0.04103299977999986,-0.17040344829298237,0.9589670002200001,0.8295965517070176,-10.1817
2022-05-06,958113.0002200002,846117.0002200002,111996.0,1,808620.8565787493,3908.815,-0.0008905415929891802,-0.025284212048745536,0.024393670455756356,-0.04188699977999988,-0.19137914342125073,0.9581130002200001,0.8086208565787493,-10.2617
2022-05-09,958113.0002200002,846117.0002200002,111996.0,1,802129.4483492514,3877.436,0.0,-0.00802775265649569,0.00802775265649569,-0.04188699977999988,-0.19787055165074863,0.9581130002200001,0.8021294483492514,-10.2617
2022-05-10,958479.0002200002,846117.0002200002,112362.00000000001,1,810907.4028409194,3919.868,0.0003820008703732114,0.010943314086937939,-0.010561313216564727,-0.04152099977999979,-0.18909259715908056,0.9584790002200002,0.8109074028409194,-10.2274
2022-05-11,958357.0002200002,846117.0002200002,112239.99999999999,1,822606.9978700551,3976.423,-0.00012728500047676228,0.014427781751834567,-0.01455506675231133,-0.041642999779999856,-0.1773930021299449,0.9583570002200001,0.8226069978700551,-10.2388
2022-05-12,957869.0002200002,846117.0002200002,111752.0,1,818948.8962185618,3958.74,-0.0005092048160424412,-0.004446961502838076,0.003937756686795635,-0.04213099977999979,-0.18105110378143818,0.9578690002200002,0.8189488962185618,-10.2846
2022-05-13,957869.0002200002,846117.0002200002,111752.0,1,825126.067248002,3988.6,0.0,0.007542804023502381,-0.007542804023502381,-0.04213099977999979,-0.17487393275199792,0.9578690002200002,0.8251260672480021,-10.2846
2022-05-16,957259.0002200002,846117.0002200002,111142.0,1,818493.366057583,3956.538,-0.0006368302971073714,-0.008038409466980867,0.007401579169873496,-0.04274099977999979,-0.18150663394241695,0.9572590002200002,0.818493366057583,-10.3417
2022-05-17,956982.9403000001,890552.9403000001,66430.0,1,828703.4891707117,4005.893,-0.00028838581819190523,0.012474289391382065,-0.01276267520957397,-0.043017059699999916,-0.17129651082928832,0.9569829403000001,0.8287034891707117,-10.3675
2022-05-18,956979.4843000001,936095.4843000001,20884.0,1,825810.1899738681,3991.907,-3.6113496432177428e-06,-0.0034913563592436914,0.0034877450096004736,-0.04302051569999987,-0.17418981002613187,0.9569794843000001,0.8258101899738681,-10.3679
2022-05-19,956769.4023000001,956769.4023000001,0.0,0,827401.2355997028,3999.598,-0.00021952612720188558,0.0019266480907496053,-0.002146174217951491,-0.04323059769999993,-0.1725987644002972,0.9567694023000001,0.8274012355997028,-10.3875
2022-05-20,956769.4023000001,956769.4023000001,0.0,0,843537.5950986445,4077.6,0.0,0.01950245999722977,-0.01950245999722977,-0.04323059769999993,-0.15646240490135555,0.9567694023000001,0.8435375950986445,-10.3875
2022-05-23,956769.4023000001,956769.4023000001,0.0,0,838651.7134719425,4053.982,0.0,-0.0057921326270355955,0.0057921326270355955,-0.04323059769999993,-0.16134828652805755,0.9567694023000001,0.8386517134719425,-10.3875
2022-05-24,956769.4023000001,956769.4023000001,0.0,0,819034.5408537321,3959.154,0.0,-0.023391322408437,0.023391322408437,-0.04323059769999993,-0.18096545914626783,0.9567694023000001,0.8190345408537322,-10.3875
2022-05-25,956769.4023000001,956769.4023000001,0.0,0,824004.4121468089,3983.178,0.0,0.006067963004217525,-0.006067963004217525,-0.04323059769999993,-0.17599558785319103,0.9567694023000001,0.824004412146809,-10.3875
2022-05-26,956769.4023000001,956769.4023000001,0.0,0,826045.609285037,3993.045,0.0,0.0024771677288839555,-0.0024771677288839555,-0.04323059769999993,-0.173954390714963,0.9567694023000001,0.826045609285037,-10.3875
2022-05-27,956769.4023000001,956769.4023000001,0.0,0,827753.1233398594,4001.299,0.0,0.0020670941599705284,-0.0020670941599705284,-0.04323059769999993,-0.1722468766601406,0.9567694023000001,0.8277531233398594,-10.3875
2022-05-30,956769.4023000001,956769.4023000001,0.0,0,833487.3833453871,4029.018,0.0,0.006927500294279465,-0.006927500294279465,-0.04323059769999993,-0.16651261665461292,0.9567694023000001,0.8334873833453871,-10.3875
2022-05-31,956769.4023000001,956769.4023000001,0.0,0,846416.8270607259,4091.518,0.0,0.015512464823934868,-0.015512464823934868,-0.04323059769999993,-0.15358317293927415,0.9567694023000001,0.8464168270607259,-10.3875
2022-06-01,956769.4023000001,956769.4023000001,0.0,0,844691.3152202516,4083.177,0.0,-0.002038607675684312,0.002038607675684312,-0.04323059769999993,-0.15530868477974846,0.9567694023000001,0.8446913152202515,-10.3875
2022-06-02,956769.4023000001,956769.4023000001,0.0,0,846013.4284168073,4089.568,0.0,0.001565202782049413,-0.001565202782049413,-0.04323059769999993,-0.15398657158319273,0.9567694023000001,0.8460134284168073,-10.3875
2022-06-06,968557.1024200001,190032.10242000013,778525.0,8,861842.5843330725,4166.085,0.012320314687805922,0.018710289204140862,-0.00638997451633494,-0.03144289757999985,-0.13815741566692752,0.9685571024200001,0.8618425843330725,-9.2835
2022-06-07,969782.7174300001,97458.71743000012,872324.0,8,864541.0109542384,4179.129,0.0012654029452034976,0.0031309970871931103,-0.0018655941419896127,-0.030217282569999893,-0.1354589890457616,0.9697827174300001,0.8645410109542384,-9.1687
2022-06-08,982489.2129900001,49352.21299000012,933137.0,8,872957.1478929765,4219.812,0.01310241493442299,0.009734803591849195,0.0033676113425737952,-0.017510787009999862,-0.12704285210702349,0.9824892129900001,0.8729571478929765,-7.9786
2022-06-09,972083.2129900001,49352.21299000012,922731.0,8,863826.4781767541,4175.675,-0.010591464885738033,-0.01045947070627784,-0.0001319941794601931,-0.02791678700999989,-0.13617352182324594,0.9720832129900001,0.8638264781767541,-8.9532
2022-06-10,978791.4349900001,139538.4349900001,839253.0,8,876925.3493225385,4238.994,0.006900872178798645,0.015163775916468447,-0.008262903737669802,-0.021208565009999902,-0.12307465067746148,0.9787914349900001,0.8769253493225385,-8.3249
2022-06-13,972795.9450700001,164498.9450700001,808297.0,7,866656.0610749685,4189.353,-0.006125400882835863,-0.011710561515302698,0.005585160632466835,-0.027204054929999888,-0.1333439389250315,0.9727959450700001,0.8666560610749685,-8.8865
2022-06-14,990489.9450700001,164498.9450700001,825991.0,7,873474.1187704905,4222.311,0.018188809369190873,0.007867085919949668,0.010321723449241205,-0.0095100549299999,-0.12652588122950947,0.9904899450700001,0.8734741187704905,-7.2292
2022-06-15,1013537.9450700001,164498.9450700001,849039.0,7,885039.6613271857,4278.218,0.023269292247455553,0.013240853172587386,0.010028439074868167,0.013537945070000168,-0.1149603386728143,1.0135379450700002,0.8850396613271857,-5.0705
2022-06-16,995596.9450700001,164498.9450700001,831098.0,7,879214.791780101,4250.061,-0.017701359961181273,-0.00658147855018143,-0.011119881410999843,-0.004403054929999817,-0.12078520821989902,0.9955969450700002,0.879214791780101,-6.7509
2022-06-17,993225.6969300001,527729.6969300001,465496.0,4,891416.6698386902,4309.044,-0.002381735050255074,0.013878153748852151,-0.016259888799107225,-0.006774303069999932,-0.10858333016130983,0.9932256969300001,0.8914166698386902,-6.973
2022-06-20,996752.6969300001,527729.6969300001,469023.0,4,895841.4357847283,4330.433,0.003551055929082114,0.004963746018838533,-0.0014126900897564187,-0.003247303069999874,-0.1041585642152717,0.9967526969300001,0.8958414357847283,-6.6426
2022-06-21,994549.2320100002,643825.2320100002,350724.0,3,894834.5941437273,4325.566,-0.002210643549585223,-0.0011239060851421234,-0.0010867374644430994,-0.005450767989999883,-0.10516540585627265,0.9945492320100001,0.8948345941437273,-6.849
2022-06-22,987720.2320100002,643825.2320100002,343895.0,3,883468.4753268977,4270.623,-0.006866427302144151,-0.012701921552000228,0.005835494249856077,-0.012279767989999857,-0.11653152467310235,0.9877202320100001,0.8834684753268977,-7.4886
2022-06-23,991690.2320100002,643825.2320100002,347865.0,3,898622.8177167719,4343.878,0.004019356768587334,0.017153235019808477,-0.013133878251221143,-0.008309767989999828,-0.10137718228322812,0.9916902320100002,0.8986228177167719,-7.1168
2022-06-24,992056.2320100002,643825.2320100002,348231.0,3,909151.3154519472,4394.772,0.00036906685997917243,0.01171625906620788,-0.011347192206228707,-0.00794376798999985,-0.09084868454805284,0.9920562320100001,0.9091513154519472,-7.0825
2022-06-27,995392.2320100002,643825.2320100002,351567.0,3,919389.7799056999,4444.264,0.003362712608781182,0.011261562602109976,-0.007898849993328794,-0.004607767989999845,-0.08061022009430008,0.9953922320100002,0.9193897799056999,-6.7701
2022-06-28,996953.2320100002,643825.2320100002,353128.0,3,928958.188868349,4490.517,0.0015682260216636212,0.010407347538310185,-0.008839121516646564,-0.00304676798999981,-0.07104181113165109,0.9969532320100002,0.9289581888683489,-6.6239
2022-06-29,991667.2320100002,643825.2320100002,347842.0,3,914650.9836307036,4421.357,-0.005302154434408846,-0.015401344655860405,0.01009919022145156,-0.008332767989999823,-0.08534901636929637,0.9916672320100002,0.9146509836307036,-7.119
2022-06-30,997573.2320100002,643825.2320100002,353748.0,3,927819.1565948025,4485.011,0.005955626856833041,0.014396937410844801,-0.00844131055401176,-0.002426767989999856,-0.07218084340519748,0.9975732320100001,0.9278191565948025,-6.5658
2022-07-01,1001663.2320100002,643825.2320100002,357838.0,3,924034.8635726473,4466.718,0.0040999496265141655,-0.004078696796953385,0.00817864642346755,0.0016632320100000708,-0.0759651364273527,1.00166323201,0.9240348635726473,-6.1827
2022-07-04,1001070.2320100002,643825.2320100002,357245.0,3,930098.6692395915,4496.03,-0.0005920153411341778,0.006562312642078627,-0.007154327983212805,0.0010702320100002272,-0.0699013307604085,1.0010702320100002,0.9300986692395915,-6.2383
2022-07-05,995402.2320100002,643825.2320100002,351577.0,3,928755.6620619918,4489.538,-0.005661940410134347,-0.001443940543101374,-0.004217999867032973,-0.00459776798999989,-0.07124433793800822,0.9954022320100001,0.9287556620619918,-6.7691
2022-07-06,993030.1759900001,883250.1759900001,109780.0,1,915191.5378135545,4423.97,-0.0023830125588629736,-0.014604620787261324,0.01222160822839835,-0.006969824009999903,-0.08480846218644544,0.9930301759900001,0.9151915378135546,-6.9913
2022-07-07,994185.1759900001,883250.1759900001,110935.00000000001,1,919226.3517371381,4443.474,0.0011631066486459396,0.004408709823981782,-0.0032456031753358427,-0.005814824009999886,-0.08077364826286193,0.9941851759900001,0.9192263517371381,-6.8831
2022-07-08,993305.1759900001,883250.1759900001,110055.00000000001,1,916186.7946729865,4428.781,-0.0008851469738760942,-0.003306647006373953,0.0024215000324978586,-0.006694824009999878,-0.08381320532701353,0.9933051759900001,0.9161867946729865,-6.9655
2022-07-11,991160.1759900001,883250.1759900001,107910.0,1,900844.4064537163,4354.617,-0.002159457185816116,-0.016745917217401374,0.014586460031585258,-0.00883982400999983,-0.09915559354628367,0.9911601759900002,0.9008444064537163,-7.1665
2022-07-12,990335.1759900001,883250.1759900001,107085.0,1,892362.8982475536,4313.618,-0.0008323578973257195,-0.009415064516580807,0.008582706619255087,-0.009664824009999906,-0.10763710175244634,0.9903351759900001,0.8923628982475537,-7.2437
2022-07-13,988850.1759900001,883250.1759900001,105600.0,1,893985.5951516036,4321.462,-0.0014994923294686657,0.0018184271300798471,-0.003317919459548513,-0.011149824009999865,-0.10601440484839642,0.9888501759900001,0.8939855951516036,-7.3828
2022-07-14,989565.1759900001,883250.1759900001,106314.99999999999,1,894112.2002644639,4322.074,0.0007230620142066879,0.0001416187392133672,0.0005814432749933207,-0.010434824009999843,-0.10588779973553608,0.9895651759900002,0.8941122002644639,-7.3158
2022-07-15,988355.1759900001,883250.1759900001,105105.0,1,878897.4515135516,4248.527,-0.0012227592778711882,-0.01701659897539931,0.015793839697528123,-0.011644824009999888,-0.12110254848644841,0.9883551759900001,0.8788974515135516,-7.4292
2022-07-18,989565.1759900001,883250.1759900001,106314.99999999999,1,888011.9852840176,4292.586,0.001224256248557598,0.010370417794214548,-0.00914616154565695,-0.010434824009999843,-0.11198801471598241,0.9895651759900002,0.8880119852840176,-7.3158
2022-07-19,992700.1759900001,883250.1759900001,109449.99999999999,1,883203.0597063093,4269.34,0.0031680581290298715,-0.005415383640537508,0.00858344176956738,-0.007299824009999845,-0.1167969402936907,0.9927001759900002,0.8832030597063093,-7.0222
2022-07-20,1003645.1759900001,883250.1759900001,120395.0,1,886195.0364175884,4283.803,0.011025484093507565,0.0033876430548982484,0.0076378410386093165,0.003645175990000027,-0.11380496358241166,1.00364517599,0.8861950364175883,-5.9971
2022-07-21,1003810.1759900001,883250.1759900001,120560.00000000001,1,876317.9757745669,4236.058,0.00016440073040469017,-0.011145470508330924,0.011309871238735614,0.0038101759900002197,-0.12368202422543317,1.0038101759900002,0.8763179757745668,-5.9816
2022-07-22,1005130.1759900001,883250.1759900001,121880.0,1,876768.12728696,4238.234,0.0013149896579780496,0.0005136851289571087,0.0008013045290209408,0.0051301759900002075,-0.12323187271303992,1.0051301759900002,0.8767681272869601,-5.858
2022-07-25,999410.1759900001,883250.1759900001,116160.0,1,871474.2958521517,4212.644,-0.0056908051679634974,-0.0060378921975521305,0.000347087029588633,-0.0005898240099998509,-0.12852570414784825,0.9994101759900001,0.8714742958521517,-6.3937
2022-07-26,999209.3402300001,982201.3402300001,17008.0,1,878369.7233388664,4245.976,-0.00020095428766386814,0.007912370473270425,-0.008113324760934293,-0.000790659769999924,-0.12163027666113357,0.9992093402300001,0.8783697233388664,-6.4126
2022-07-27,999171.1783100001,999171.1783100001,0.0,0,874037.8425164794,4225.036,-3.8192116970425793e-05,-0.004931728299924276,0.00489353618295385,-0.0008288216899998702,-0.12596215748352058,0.9991711783100001,0.8740378425164794,-6.4161
2022-07-28,999171.1783100001,999171.1783100001,0.0,0,874169.619406826,4225.673,0.0,0.00015076794611901256,-0.00015076794611901256,-0.0008288216899998702,-0.12583038059317397,0.9991711783100001,0.874169619406826,-6.4161
2022-07-29,999171.1783100001,999171.1783100001,0.0,0,862673.5855395447,4170.102,0.0,-0.013150804617394485,0.013150804617394485,-0.0008288216899998702,-0.13732641446045535,0.9991711783100001,0.8626735855395447,-6.4161
2022-08-01,1005234.96827,744450.96827,260784.0,8,866516.4230828428,4188.678,0.006068819929590186,0.0044545672983538065,0.0016142526312363792,0.005234968269999918,-0.13348357691715718,1.00523496827,0.8665164230828428,-5.8482
2022-08-02,1003497.96827,744450.96827,259047.0,8,849624.5703287265,4107.024,-0.0017279542145149929,-0.019493978768480136,0.017766024553965143,0.0034979682700000403,-0.1503754296712735,1.00349796827,0.8496245703287265,-6.0109
2022-08-03,1004128.96827,744450.96827,259678.0,8,841339.5896670368,4066.975,0.0006288004758872034,-0.009751343064954288,0.010380143540841491,0.0041289682699998664,-0.1586604103329632,1.0041289682699999,0.8413395896670368,-5.9518
2022-08-04,1007281.49995,812197.49995,195084.0,6,848489.4686060696,4101.537,0.003139568501276724,0.008498208127662776,-0.0053586396263860525,0.007281499949999937,-0.15151053139393045,1.00728149995,0.8484894686060696,-5.6565
2022-08-05,1012711.49995,812197.49995,200514.0,6,859944.7488667602,4156.911,0.005390747273994023,0.013500792507784132,-0.008110045233790109,0.012711499949999983,-0.1400552511332398,1.01271149995,0.8599447488667602,-5.1479
2022-08-08,1010383.49995,812197.49995,198186.0,6,858116.8358320603,4148.075,-0.002298779069967005,-0.002125616834231181,-0.00017316223573582423,0.010383499949999875,-0.14188316416793967,1.0103834999499999,0.8581168358320603,-5.366
2022-08-09,1009395.29927,842477.29927,166918.0,5,859816.488785104,4156.291,-0.0009780451482520602,0.0019806777842734657,-0.002958722932525526,0.009395299269999935,-0.14018351121489603,1.00939529927,0.859816488785104,-5.4585
2022-08-10,1006695.29927,842477.29927,164218.0,5,850185.811621522,4109.737,-0.0026748688070498128,-0.0112008519134007,0.008525983106350887,0.00669529927000001,-0.14981418837847804,1.00669529927,0.850185811621522,-5.7114
2022-08-11,1008630.46145,906553.46145,102077.0,3,867522.8509816447,4193.543,0.0019222918607082473,0.020392059151230324,-0.018469767290522077,0.008630461449999904,-0.13247714901835528,1.00863046145,0.8675228509816447,-5.5302
2022-08-12,1008225.46145,906553.46145,101672.0,3,867028.2221828708,4191.152,-0.00040153457136105075,-0.0005701622709005649,0.00016862769953951418,0.008225461449999916,-0.1329717778171292,1.00822546145,0.8670282221828708,-5.5681
2022-08-15,1007662.46145,906553.46145,101109.0,3,865896.016655606,4185.679,-0.000558406846014714,-0.0013058462208004329,0.0007474393747857189,0.0076624614500000465,-0.134103983344394,1.00766246145,0.865896016655606,-5.6208
2022-08-16,1006681.30595,943931.30595,62750.0,2,864273.7334937551,4177.837,-0.0009736946026431825,-0.001873531152293162,0.0008998365496499794,0.006681305949999938,-0.13572626650624486,1.00668130595,0.8642737334937551,-5.7127
2022-08-17,1006043.30595,943931.30595,62112.0,2,872366.9446462586,4216.959,-0.000633765618005544,0.009364175768465488,-0.009997941386471032,0.006043305950000022,-0.12763305535374136,1.00604330595,0.8723669446462586,-5.7725
2022-08-18,1005193.30595,943931.30595,61262.0,2,864741.8827918001,4180.1,-0.0008448940467800092,-0.008740658849184735,0.007895764802404726,0.0051933059500000045,-0.1352581172081999,1.00519330595,0.8647418827918001,-5.8521
2022-08-19,1005139.30595,943931.30595,61208.0,2,858737.2422592972,4151.074,-5.3721010357277166e-05,-0.006943853017870594,0.0068901320075133166,0.005139305950000006,-0.14126275774070285,1.00513930595,0.8587372422592972,-5.8571
2022-08-22,1005847.30595,943931.30595,61916.0,2,865010.1946077808,4181.397,0.0007043799757993074,0.007304856526287207,-0.006600476550487899,0.005847305949999937,-0.13498980539221916,1.00584730595,0.8650101946077808,-5.7908
2022-08-23,1005295.30595,943931.30595,61364.0,2,860807.6082225471,4161.082,-0.0005487910508231719,-0.0048584241104109305,0.0043096330595877586,0.005295305950000051,-0.1391923917774529,1.00529530595,0.8608076082225471,-5.8425
2022-08-24,1003567.30595,943931.30595,59636.0,2,844534.7137979714,4082.42,-0.0017188979096715018,-0.018904217701069204,0.017185319791397702,0.003567305949999877,-0.1554652862020286,1.0035673059499999,0.8445347137979714,-6.0044
2022-08-25,1004223.30595,943931.30595,60292.0,2,851531.0943812154,4116.24,0.000653668165663257,0.008284301958152218,-0.007630633792488961,0.004223305949999867,-0.14846890561878456,1.0042233059499999,0.8515310943812154,-5.9429
2022-08-26,1004075.30595,943931.30595,60144.0,2,849732.557042637,4107.546,-0.00014737757939209395,-0.002112121742172346,0.001964744162780252,0.004075305950000052,-0.15026744295736294,1.00407530595,0.8497325570426371,-5.9568
2022-08-29,1003005.30595,943931.30595,59074.0,2,846003.7054751334,4089.521,-0.0010656571211933308,-0.004388264915353268,0.0033226077941599375,0.0030053059499999257,-0.15399629452486663,1.00300530595,0.8460037054751334,-6.057
2022-08-30,1003511.30595,943931.30595,59580.0,2,843163.985893046,4075.794,0.0005044838716190547,-0.0033566278300075636,0.0038611117016266183,0.003511305950000043,-0.15683601410695402,1.00351130595,0.843163985893046,-6.0096
2022-08-31,1001933.30595,943931.30595,58002.0,2,843794.1152619568,4078.84,-0.0015724785467226,0.0007473390460852603,-0.00231981759280786,0.0019333059499999639,-0.1562058847380432,1.00193330595,0.8437941152619568,-6.1574
2022-09-01,1002662.39123,976362.39123,26300.0,1,836532.9396714225,4043.74,0.0007276784549135051,-0.008605387806337239,0.009333066261250744,0.002662391229999894,-0.1634670603285775,1.00266239123,0.8365329396714225,-6.0891
2022-09-02,1002280.39123,976362.39123,25918.0,1,832369.2450528846,4023.613,-0.00038098566710120796,-0.004977322973287013,0.004596337306185805,0.0022803912300000118,-0.16763075494711543,1.00228039123,0.8323692450528846,-6.1249
2022-09-05,1001728.39123,976362.39123,25366.0,1,830675.5913617249,4015.426,-0.0005507440880117009,-0.0020347384303609495,0.0014839943423492485,0.0017283912299999038,-0.16932440863827514,1.00172839123,0.8306755913617249,-6.1766
2022-09-06,1001666.39123,976362.39123,25304.0,1,838299.6188606865,4052.28,-6.18930246389926e-05,0.009178104639458118,-0.00923999766409711,0.0016663912299998973,-0.1617003811393134,1.00166639123,0.8382996188606866,-6.1824
2022-09-07,1001912.39123,976362.39123,25550.0,1,838858.7914424874,4054.983,0.00024559074972851924,0.0006670318931563113,-0.00042144114342779204,0.0019123912299998658,-0.16114120855751257,1.0019123912299999,0.8388587914424874,-6.1594
2022-09-08,1001658.39123,976362.39123,25296.0,1,835280.1282931811,4037.684,-0.00025351517979343985,-0.00426610913042047,0.00401259395062703,0.0016583912299998893,-0.1647198717068189,1.00165839123,0.8352801282931811,-6.1832
2022-09-09,1002088.39123,976362.39123,25726.0,1,846886.2175853674,4093.787,0.00042928807242548217,0.013894846649712855,-0.013465558577287373,0.002088391230000042,-0.15311378241463258,1.00208839123,0.8468862175853674,-6.1429
2022-09-13,1000198.39123,976362.39123,23836.0,1,850470.8799965577,4111.115,-0.0018860611664008875,0.004232755636773611,-0.006118816803174498,0.00019839122999987246,-0.14952912000344232,1.0001983912299999,0.8504708799965577,-6.3199
2022-09-14,999509.18947,999509.18947,0.0,0,841005.285970333,4065.359,-0.0006890650555360089,-0.011129827309622864,0.010440762254086855,-0.0004908105299999965,-0.15899471402966692,0.99950918947,0.8410052859703331,-6.3845
2022-09-15,999509.18947,999509.18947,0.0,0,833094.5351275401,4027.119,0.0,-0.009406303354759116,0.009406303354759116,-0.0004908105299999965,-0.16690546487245983,0.99950918947,0.8330945351275402,-6.3845
2022-09-16,999509.18947,999509.18947,0.0,0,813558.4559803125,3932.683,0.0,-0.023450014762414373,0.023450014762414373,-0.0004908105299999965,-0.1864415440196875,0.99950918947,0.8135584559803125,-6.3845
2022-09-19,999509.18947,999509.18947,0.0,0,812589.6786216096,3928.0,0.0,-0.001190790104363959,0.001190790104363959,-0.0004908105299999965,-0.18741032137839042,0.99950918947,0.8125896786216096,-6.3845
2022-09-20,999509.18947,999509.18947,0.0,0,813590.1072585277,3932.836,0.0,0.001231160896130401,-0.001231160896130401,-0.0004908105299999965,-0.18640989274147235,0.99950918947,0.8135901072585277,-6.3845
2022-09-21,999509.18947,999509.18947,0.0,0,807569.9513935664,3903.735,0.0,-0.007399494919188121,0.007399494919188121,-0.0004908105299999965,-0.19243004860643353,0.99950918947,0.8075699513935665,-6.3845
2022-09-22,999509.18947,999509.18947,0.0,0,800455.447412539,3869.344,0.0,-0.008809768081081248,0.008809768081081248,-0.0004908105299999965,-0.19954455258746095,0.99950918947,0.800455447412539,-6.3845
2022-09-23,999509.18947,999509.18947,0.0,0,797699.3037546277,3856.021,0.0,-0.003443219315728996,0.003443219315728996,-0.0004908105299999965,-0.20230069624537228,0.99950918947,0.7976993037546277,-6.3845
2022-09-26,999509.18947,999509.18947,0.0,0,793697.5892069555,3836.677,0.0,-0.005016570189840808,0.005016570189840808,-0.0004908105299999965,-0.20630241079304446,0.99950918947,0.7936975892069555,-6.3845
2022-09-27,1008750.79697,363218.79696999997,645532.0,8,805203.346015911,3892.295,0.0092461456056252,0.01449639883680609,-0.00525025323118089,0.00875079697000003,-0.19479665398408907,1.00875079697,0.8052033460159109,-5.5189
2022-09-28,992383.36543,80716.36542999998,911667.0,8,792049.4471576739,3828.71,-0.016225445956685403,-0.016336120463633974,0.0001106745069485715,-0.007616634569999947,-0.2079505528423261,0.99238336543,0.7920494471576739,-7.0519
2022-09-29,991485.47023,54189.47022999998,937296.0,8,791725.2801448429,3827.143,-0.0009047866291178597,-0.00040927623141995273,-0.0004955103976979069,-0.008514529770000001,-0.2082747198551571,0.99148547023,0.7917252801448429,-7.136
2022-09-30,985225.47023,54189.47022999998,931036.0,8,787120.7432133867,3804.885,-0.0063137586862950235,-0.005815826583955741,-0.0004979321023392824,-0.014774529770000044,-0.21287925678661324,0.98522547023,0.7871207432133868,-7.7223
2022-10-10,964463.47023,54189.47022999998,910274.0,8,769754.3281571426,3720.937,-0.02107334881948708,-0.02206321610245776,0.00098986728297068,-0.03553652976999999,-0.23024567184285738,0.96446347023,0.7697543281571426,-9.6669
2022-10-11,966039.18413,90878.18412999998,875161.0,8,771150.7080783992,3727.687,0.0016337725052708585,0.0018140592006798961,-0.00018028669540903763,-0.033960815869999994,-0.22884929192160086,0.96603918413,0.7711507080783991,-9.5193
2022-10-12,981535.84213,162487.84212999998,819048.0,7,782863.5428578993,3784.306,0.01604143833353522,0.015188775237835017,0.0008526630957002013,-0.018464157869999998,-0.21713645714210061,0.98153584213,0.7828635428578994,-8.0679
2022-10-13,981005.84213,162487.84212999998,818518.0,7,776319.5893691424,3752.673,-0.000539970093043074,-0.008358996339090874,0.0078190262460478,-0.018994157870000028,-0.22368041063085753,0.98100584213,0.7763195893691425,-8.1175
2022-10-14,992911.84213,162487.84212999998,830424.0,7,794895.9934860428,3842.47,0.012136523034510294,0.02392881021074844,-0.011792287176238148,-0.007088157869999945,-0.20510400651395722,0.99291184213,0.7948959934860428,-7.0024
2022-10-17,987118.84213,162487.84212999998,824631.0,7,795711.4793600566,3846.412,-0.005834354828091137,0.0010259026095191803,-0.006860257437610318,-0.012881157869999993,-0.2042885206399434,0.98711884213,0.7957114793600566,-7.545
2022-10-18,986837.22953,272359.22953,714478.0,6,794026.5142550737,3838.267,-0.00028528743245581634,-0.0021175578695156183,0.001832270437059802,-0.01316277047000003,-0.20597348574492624,0.98683722953,0.7940265142550738,-7.5713
2022-10-19,980704.22953,272359.22953,708345.0,6,781255.7406730097,3776.534,-0.006214804039082478,-0.01608356062775207,0.009868756588669592,-0.019295770469999973,-0.21874425932699038,0.98070422953,0.7812557406730096,-8.1458
2022-10-20,978622.22953,272359.22953,706263.0,6,776785.8768272925,3754.927,-0.002122964230507951,-0.005721383681439041,0.0035984194509310896,-0.02137777047,-0.2232141231727075,0.97862222953,0.7767858768272925,-8.3408
2022-10-21,980260.22953,272359.22953,707901.0,6,774296.3900165663,3742.893,0.0016737817214582673,-0.003204855913310767,0.004878637634769034,-0.019739770469999973,-0.22570360998343375,0.98026022953,0.7742963900165662,-8.1874
2022-10-24,959337.22953,272359.22953,686978.0,6,751639.8672053039,3633.373,-0.02134433221883525,-0.029260788379470104,0.007916456160634855,-0.04066277047,-0.24836013279469615,0.95933722953,0.7516398672053038,-10.147
2022-10-25,945101.08449,311314.08449000004,633787.0,6,750415.3971676865,3627.454,-0.014839562774994763,-0.0016290647836045835,-0.01321049799139018,-0.054898915509999924,-0.24958460283231354,0.9451010844900001,0.7504153971676865,-11.4804
2022-10-26,948290.25713,476841.25713000004,471449.0,5,756507.5441752545,3656.903,0.0033744249079143973,0.00811836621498152,-0.004743941307067123,-0.051709742869999964,-0.24349245582474544,0.94829025713,0.7565075441752546,-11.1817
2022-10-27,951105.44215,488522.44215,462583.0,4,751178.9583957394,3631.145,0.0029686955010168603,-0.007043665090378348,0.010012360591395209,-0.048894557849999964,-0.24882104160426055,0.95110544215,0.7511789583957394,-10.918
2022-10-28,939447.44215,488522.44215,450925.0,4,732598.8305990491,3541.33,-0.012257316048625233,-0.024734622274792062,0.012477306226166829,-0.06055255785000002,-0.26740116940095093,0.93944744215,0.7325988305990491,-12.0099
2022-10-31,935390.9730100001,655350.9730100001,280040.0,4,725849.2472374433,3508.703,-0.004317930900654132,-0.009213205208212782,0.00489527430755865,-0.06460902698999993,-0.2741507527625566,0.9353909730100001,0.7258492472374434,-12.3899
2022-11-01,938720.1216500001,723401.1216500001,215319.0,3,751805.3640848602,3634.173,0.0035590985331910296,0.03575965249837343,-0.0322005539651824,-0.06127987834999993,-0.2481946359151398,0.9387201216500001,0.7518053640848602,-12.0781
2022-11-02,939987.1216500001,723401.1216500001,216586.0,3,760831.5638958627,3677.805,0.0013497100688253383,0.012006032734269922,-0.010656322665444584,-0.06001287834999991,-0.2391684361041373,0.9399871216500001,0.7608315638958627,-11.9594
2022-11-03,938877.1216500001,723401.1216500001,215476.0,3,754644.4630536491,3647.897,-0.0011808672421507183,-0.008132024400423599,0.00695115715827288,-0.061122878349999854,-0.24535553694635093,0.9388771216500001,0.7546444630536491,-12.0634
2022-11-04,943099.1216500001,723401.1216500001,219698.0,3,779319.6340532999,3767.175,0.004496861093579829,0.03269774338475018,-0.02820088229117035,-0.056900878349999906,-0.22068036594670015,0.9430991216500001,0.7793196340532998,-11.6679
2022-11-07,949662.1216500001,723401.1216500001,226261.0,3,780999.8411229957,3775.297,0.0069589715962385945,0.002155992222288683,0.004802979373949912,-0.05033787834999992,-0.2190001588770043,0.9496621216500001,0.7809998411229957,-11.0532
2022-11-08,948538.1216500001,723401.1216500001,225137.0,3,775626.9849281991,3749.325,-0.0011835788480718534,-0.006879458755165713,0.005695879907093859,-0.051461878349999934,-0.22437301507180096,0.9485381216500001,0.775626984928199,-11.1585
2022-11-09,948683.1216500001,723401.1216500001,225282.0,3,768375.1185371401,3714.27,0.00015286681335258123,-0.009349682942929483,0.009502549756282064,-0.05131687834999987,-0.23162488146285987,0.9486831216500001,0.7683751185371401,-11.1449
2022-11-10,947853.1216500001,723401.1216500001,224452.0,3,762462.5356438904,3685.689,-0.0008748969819937225,-0.007694917170803617,0.006820020188809894,-0.05214687834999987,-0.23753746435610956,0.9478531216500001,0.7624625356438904,-11.2227
2022-11-11,952782.1216500001,723401.1216500001,229381.0,3,783718.5411119073,3788.439,0.005200172777212186,0.027878098233464765,-0.02267792545625258,-0.04721787834999991,-0.2162814588880927,0.9527821216500001,0.7837185411119073,-10.761
2022-11-14,952379.1216500001,723401.1216500001,228978.0,3,784872.4681046138,3794.017,-0.0004229718325340359,0.0014723742417390717,-0.0018953460742731076,-0.04762087834999995,-0.21512753189538614,0.95237912165,0.7848724681046139,-10.7987
2022-11-15,953090.1216500001,723401.1216500001,229689.0,3,799758.0849363086,3865.973,0.0007465514350715186,0.018965650391129074,-0.018219098956057556,-0.046909878349999934,-0.2002419150636915,0.9530901216500001,0.7997580849363085,-10.7321
2022-11-16,952796.1216500001,723401.1216500001,229395.0,3,793224.4750025237,3834.39,-0.0003084703044566872,-0.008169482818426443,0.007861012513969756,-0.04720387834999995,-0.2067755249974762,0.95279612165,0.7932244750025238,-10.7597
2022-11-17,951108.1216500001,723401.1216500001,227707.0,3,789971.2200926451,3818.664,-0.0017716276983545942,-0.0041013042491764296,0.0023296765508218353,-0.04889187834999986,-0.2100287799073548,0.9511081216500001,0.7899712200926452,-10.9178
2022-11-18,949005.1216500001,723401.1216500001,225604.0,3,786434.7586476257,3801.569,-0.0022111050806207233,-0.004476696561938942,0.0022655914813182187,-0.05099487834999994,-0.2135652413523743,0.9490051216500001,0.7864347586476257,-11.1148
2022-11-21,947085.5736500002,803100.5736500002,143985.0,2,779723.4464394174,3769.127,-0.002022695090056481,-0.008533844841432492,0.006511149751376011,-0.05291442634999988,-0.22027655356058262,0.9470855736500001,0.7797234464394174,-11.2945
2022-11-22,949925.5736500002,803100.5736500002,146825.0,2,779815.71094977,3769.573,0.0029986730650481963,0.00011832978830361718,0.002880343276744579,-0.05007442634999981,-0.22018428905023002,0.9499255736500002,0.77981571094977,-11.0285
2022-11-23,951492.5736500002,803100.5736500002,148392.0,2,780634.0930191762,3773.529,0.0016496029199202233,0.0010494557341111932,0.0006001471858090301,-0.04850742634999983,-0.2193659069808238,0.9514925736500002,0.7806340930191762,-10.8818
2022-11-24,950503.5736500002,803100.5736500002,147403.0,2,777175.0013653493,3756.808,-0.0010394195681486806,-0.004431130647200576,0.0033917110790518956,-0.049496426349999845,-0.22282499863465077,0.9505035736500002,0.7771750013653492,-10.9744
2022-11-25,953196.5736500002,803100.5736500002,150096.0,2,781098.93237963,3775.776,0.0028332350079007806,0.005048967101858759,-0.0022157320939579783,-0.0468034263499999,-0.21890106762036998,0.9531965736500001,0.78109893237963,-10.7222
2022-11-28,951766.5736500002,803100.5736500002,148666.0,2,772299.8770358186,3733.242,-0.0015002152121930123,-0.011264969108336853,0.00976475389614384,-0.04823342634999983,-0.2277001229641814,0.9517665736500002,0.7722998770358186,-10.8561
2022-11-29,958813.1117900001,659136.1117900001,299677.0,10,796127.290269942,3848.422,0.007403641118616688,0.03085254049965136,-0.02344889938103467,-0.04118688820999994,-0.203872709730058,0.9588131117900001,0.796127290269942,-10.1961
2022-11-30,957803.1487400001,674920.1487400001,282883.0,9,797082.0003938825,3853.037,-0.0010533471409402972,0.0011991928120147488,-0.002252539952955046,-0.042196851259999946,-0.20291799960611745,0.95780314874,0.7970820003938826,-10.2907
2022-12-01,964207.1487400001,674920.1487400001,289287.0,9,805715.1451159387,3894.769,0.006686133793175175,0.010830936738993158,-0.0041448029458179825,-0.03579285125999987,-0.19428485488406122,0.9642071487400001,0.8057151451159388,-9.6909
2022-12-02,962113.1487400001,674920.1487400001,287193.0,9,800787.2686560494,3870.948,-0.002171732498287726,-0.006116152203121672,0.003944419704833946,-0.03788685125999991,-0.19921273134395057,0.9621131487400001,0.8007872686560494,-9.887
2022-12-05,968075.87794,704462.87794,263613.0,8,816494.5774947414,3946.876,0.006197534258635562,0.01961483336898384,-0.01341729911034828,-0.03192412205999995,-0.1835054225052586,0.96807587794,0.8164945774947414,-9.3286
2022-12-06,970274.87794,704462.87794,265812.0,8,820905.4830771165,3968.198,0.002271516159125131,0.0054022472456696224,-0.0031307310865444915,-0.029725122059999998,-0.17909451692288347,0.97027487794,0.8209054830771165,-9.1226
2022-12-07,969101.87794,704462.87794,264639.0,8,818887.0417598276,3958.441,-0.0012089357631215325,-0.0024587986788965344,0.0012498629157750019,-0.030898122059999977,-0.18111295824017237,0.96910187794,0.8188870417598276,-9.2325
2022-12-08,968063.87794,704462.87794,263601.0,8,819039.9195023178,3959.18,-0.0010710948184379232,0.00018668965888335443,-0.0012577844773212776,-0.03193612205999996,-0.1809600804976822,0.96806387794,0.8190399195023178,-9.3297
2022-12-09,968756.87794,704462.87794,264294.0,8,827121.1321310537,3998.244,0.0007158618514664372,0.009866689567031628,-0.00915082771556519,-0.031243122060000017,-0.17287886786894624,0.96875687794,0.8271211321310538,-9.2648
2022-12-12,965378.4096400001,738125.4096400001,227253.0,7,817853.1000047995,3953.443,-0.003487426388325665,-0.01120516906922131,0.007717742680895645,-0.0346215903599999,-0.1821468999952005,0.9653784096400001,0.8178531000047995,-9.5812
2022-12-13,965757.4096400001,738125.4096400001,227632.0,7,816247.3665309041,3945.681,0.00039259216511933204,-0.0019633519441156766,0.0023559441092350086,-0.03424259035999988,-0.18375263346909587,0.9657574096400001,0.8162473665309041,-9.5457
2022-12-14,966799.4096400001,738125.4096400001,228674.0,7,818151.6150012992,3954.886,0.0010789459025619674,0.0023329306145123407,-0.0012539847119503733,-0.03320059035999989,-0.18184838499870082,0.9667994096400001,0.8181516150012992,-9.4481
2022-12-15,964874.06336,762972.06336,201902.0,7,817552.3094262058,3951.989,-0.0019914640625576796,-0.0007325116324465863,-0.0012589524301110933,-0.035125936639999966,-0.18244769057379417,0.96487406336,0.8175523094262058,-9.6284
2022-12-16,964034.63936,805115.63936,158919.0,5,818015.2869467646,3954.227,-0.0008699829665612668,0.0005662971227904379,-0.0014362800893517047,-0.03596536064,-0.18198471305323538,0.96403463936,0.8180152869467646,-9.7071
2022-12-19,960711.63936,805115.63936,155596.0,5,805394.9086539974,3893.221,-0.0034469715758409514,-0.015428046998819167,0.011981075422978216,-0.039288360639999964,-0.19460509134600268,0.96071163936,0.8053949086539973,-10.0183
2022-12-20,959134.5768800001,867784.5768800001,91350.0,3,792112.9565852035,3829.017,-0.0016415565455734082,-0.016491229241802685,0.014849672696229277,-0.040865423119999966,-0.20788704341479647,0.95913457688,0.7921129565852035,-10.166
2022-12-21,959425.1448000001,897455.1448000001,61970.0,2,792427.6075274601,3830.538,0.0003029480189788991,0.00039722988955137595,-9.428187057247683e-05,-0.040574855199999926,-0.2075723924725399,0.9594251448000001,0.7924276075274601,-10.1388
2022-12-22,959869.1448000001,897455.1448000001,62414.0,2,793563.3298634153,3836.028,0.0004627771144070092,0.0014332190412937873,-0.0009704419268867781,-0.040130855199999926,-0.20643667013658462,0.9598691448000001,0.7935633298634154,-10.0972
2022-12-23,959463.1448000001,897455.1448000001,62008.0,2,791947.8734478462,3828.219,-0.00042297432123894474,-0.0020356994265942063,0.0016127251053552616,-0.04053685519999983,-0.20805212655215388,0.9594631448000002,0.7919478734478461,-10.1352
2022-12-26,959651.1473600002,929159.1473600002,30492.0,1,795106.7951363777,3843.489,0.0001959455775022434,0.003988800013792204,-0.0037928544362899608,-0.04034885263999988,-0.20489320486362228,0.9596511473600001,0.7951067951363777,-10.1176
2022-12-27,959963.1473600002,929159.1473600002,30804.000000000004,1,804284.6314632738,3887.854,0.0003251181440864226,0.011542897612039527,-0.011217779467953104,-0.04003685263999979,-0.19571536853672622,0.9599631473600002,0.8042846314632738,-10.0884
2022-12-28,959723.1473600002,929159.1473600002,30564.0,1,800852.6399234743,3871.264,-0.00025000959741006135,-0.004267135545727774,0.004017125948317712,-0.040276852639999805,-0.19914736007652567,0.9597231473600002,0.8008526399234743,-10.1109
2022-12-29,959699.1473600002,929159.1473600002,30540.0,1,797839.9761022506,3856.701,-2.500721178400056e-05,-0.0037618204286765655,0.003736813216892565,-0.04030085263999983,-0.20216002389774934,0.9596991473600002,0.7978399761022507,-10.1131
2022-12-30,960275.1473600002,929159.1473600002,31116.0,1,800929.1822302691,3871.634,0.0006001880918458102,0.0038719620732849958,-0.0032717739814391855,-0.03972485263999981,-0.1990708177697309,0.9602751473600002,0.8009291822302691,-10.0592
2023-01-03,960011.1473600002,929159.1473600002,30852.0,1,804293.9406627489,3887.899,-0.00027492120432959233,0.0042010685927440505,-0.004475989797073643,-0.03998885263999985,-0.19570605933725116,0.9600111473600001,0.8042939406627488,-10.0839
2023-01-04,959939.1473600002,929159.1473600002,30780.0,1,805338.4328438487,3892.948,-7.499912912256601e-05,0.0012986448464837874,-0.0013736439756063534,-0.04006085263999981,-0.19466156715615124,0.9599391473600002,0.8053384328438488,-10.0907
2023-01-05,960155.1473600002,929159.1473600002,30995.999999999996,1,820984.0940949058,3968.578,0.00022501426324161855,0.01942743648258327,-0.019202422219341653,-0.03984485263999982,-0.1790159059050942,0.9601551473600002,0.8209840940949058,-10.0704
2023-01-06,959951.1473600002,929159.1473600002,30792.0,1,823530.8842001786,3980.889,-0.00021246566303467773,0.003102118693396161,-0.0033145843564308386,-0.0400488526399998,-0.1764691157998215,0.9599511473600002,0.8235308842001785,-10.0895
2023-01-09,959987.1473600002,929159.1473600002,30828.0,1,830198.5466064037,4013.12,3.750190840334788e-05,0.008096432731482528,-0.00805893082307918,-0.040012852639999874,-0.1698014533935963,0.9599871473600001,0.8301985466064037,-10.0862
2023-01-10,959915.1473600002,929159.1473600002,30756.0,1,831099.2633733891,4017.474,-7.50010041259408e-05,0.0010849413922335849,-0.0011599423963595257,-0.040084852639999835,-0.16890073662661087,0.9599151473600002,0.8310992633733891,-10.0929
2023-01-11,959531.1473600002,929159.1473600002,30372.0,1,829559.5217802168,4010.031,-0.00040003535839194804,-0.0018526566693400914,0.0014526213109481434,-0.040468852639999775,-0.17044047821978314,0.9595311473600002,0.8295595217802169,-10.1289
2023-01-12,959363.1473600002,929159.1473600002,30204.000000000004,1,831180.97745767,4017.869,-0.0001750855096911419,0.001954598355972781,-0.0021296838656639228,-0.04063685263999983,-0.16881902254232994,0.9593631473600002,0.8311809774576701,-10.1446
2023-01-13,960131.1473600002,929159.1473600002,30972.0,1,842870.8495451318,4074.377,0.0008005310628340645,0.014064171828399585,-0.01326364076556552,-0.03986885263999984,-0.1571291504548682,0.9601311473600002,0.8428708495451318,-10.0727
2023-01-16,960623.1473600002,929159.1473600002,31464.0,1,856025.1621455678,4137.964,0.0005124299959988754,0.01560655776330977,-0.015094127767310894,-0.03937685263999979,-0.1439748378544322,0.9606231473600002,0.8560251621455678,-10.0266
2023-01-17,960215.1473600002,929159.1473600002,31056.0,1,855875.8012117682,4137.242,-0.0004247243064268158,-0.00017448194329394706,-0.00025024236313286874,-0.03978485263999987,-0.1441241987882318,0.9602151473600001,0.8558758012117682,-10.0648
2023-01-18,959879.1473600002,929159.1473600002,30720.0,1,854442.5982348104,4130.314,-0.0003499215784334986,-0.0016745455064024473,0.0013246239279689487,-0.04012085263999987,-0.1455574017651896,0.9598791473600001,0.8544425982348104,-10.0963
2023-01-19,959963.1473600002,929159.1473600002,30804.000000000004,1,859757.9442639609,4156.008,8.751101660142702e-05,0.006220834541877274,-0.006133323525275847,-0.04003685263999979,-0.1402420557360391,0.9599631473600002,0.8597579442639609,-10.0884
2023-01-20,959879.1473600002,929159.1473600002,30720.0,1,865037.0878507086,4181.527,-8.750335909357698e-05,0.006140267294961976,-0.006227770654055553,-0.04012085263999987,-0.13496291214929135,0.9598791473600001,0.8650370878507087,-10.0963
2023-01-30,959975.1473600002,929159.1473600002,30816.0,1,869136.859299518,4201.345,0.00010001259040159916,0.004739416964185672,-0.004639404373784073,-0.040024852639999775,-0.130863140700482,0.9599751473600002,0.869136859299518,-10.0873
2023-01-31,959759.1473600002,929159.1473600002,30600.0,1,859933.7846984896,4156.858,-0.00022500582498830024,-0.010588751935392215,0.010363746110403915,-0.04024085263999977,-0.14006621530151042,0.9597591473600002,0.8599337846984896,-10.1075
2023-02-01,959720.3074800001,716047.3074800001,243673.0,8,868017.2729093193,4195.933,-4.0468361366396977e-05,0.009400128654863726,-0.009440597016230123,-0.040279692519999966,-0.1319827270906807,0.95972030748,0.8680172729093193,-10.1112
2023-02-02,959446.3074800001,716047.3074800001,243399.0,8,864958.8905751184,4181.149,-0.00028549984601189404,-0.003523411837128787,0.003237911991116893,-0.04055369251999996,-0.13504110942488168,0.95944630748,0.8649588905751183,-10.1368
2023-02-03,956839.3074800001,716047.3074800001,240792.0,8,856783.9653383335,4141.632,-0.0027171921760242856,-0.009451229793533078,0.006734037617508792,-0.04316069251999988,-0.14321603466166644,0.9568393074800001,0.8567839653383336,-10.381
2023-02-06,955851.3074800001,716047.3074800001,239804.0,8,845456.9451592991,4086.878,-0.0010325662755243936,-0.013220392347750742,0.012187826072226349,-0.04414869251999998,-0.15454305484070097,0.95585130748,0.845456945159299,-10.4735
2023-02-07,956243.3074800001,716047.3074800001,240196.0,8,846978.6889668196,4094.234,0.00041010562723764465,0.0017999069216159125,-0.0013898012943782678,-0.04375669251999992,-0.1530213110331804,0.9562433074800001,0.8469786889668196,-10.4368
2023-02-08,955382.3074800001,716047.3074800001,239335.0,8,843235.7701645535,4076.141,-0.0009003984584937674,-0.004419141651405445,0.0035187431929116775,-0.04461769251999992,-0.15676422983544647,0.9553823074800001,0.8432357701645535,-10.5175
2023-02-09,956981.3074800001,716047.3074800001,240934.0,8,854554.9292418092,4130.857,0.0016736755406510095,0.013423480689210843,-0.011749805148559833,-0.0430186925199999,-0.1454450707581908,0.9569813074800001,0.8545549292418092,-10.3677
2023-02-10,957991.3074800001,716047.3074800001,241944.0,8,849476.8643637225,4106.31,0.0010554020147579557,-0.005942350461417556,0.006997752476175512,-0.042008692519999946,-0.1505231356362775,0.95799130748,0.8494768643637225,-10.2731
2023-02-13,957024.3074800001,716047.3074800001,240977.0,8,857185.7090134565,4143.574,-0.001009403730962588,0.009074814127525421,-0.01008421785848801,-0.042975692519999886,-0.14281429098654352,0.9570243074800001,0.8571857090134565,-10.3637
2023-02-14,957892.3074800001,716047.3074800001,241845.0,8,857540.699820105,4145.29,0.0009069780079939971,0.00041413523687539033,0.0004928427711186067,-0.042107692519999906,-0.14245930017989505,0.9578923074800001,0.857540699820105,-10.2824
2023-02-15,958038.3074800001,716047.3074800001,241991.0,8,853072.0772009845,4123.689,0.00015241796897202953,-0.005210974382974465,0.005363392351946494,-0.04196169251999993,-0.14692792279901556,0.9580383074800001,0.8530720772009844,-10.2687
2023-02-16,956783.3074800001,716047.3074800001,240736.0,8,846824.3631266332,4093.488,-0.0013099684952067037,-0.007323782176590021,0.006013813681383318,-0.04321669251999993,-0.15317563687336677,0.9567833074800001,0.8468243631266332,-10.3862
2023-02-17,955876.3074800001,716047.3074800001,239829.0,8,834622.898810243,4034.507,-0.0009479680434526516,-0.0144084946627423,0.013460526619289648,-0.044123692519999924,-0.16537710118975701,0.9558763074800001,0.834622898810243,-10.4712
2023-02-20,959757.3074800001,716047.3074800001,243710.0,8,855099.6208466489,4133.49,0.004060148755262727,0.02453410044895188,-0.020473951693689152,-0.0402426925199999,-0.14490037915335108,0.9597573074800001,0.8550996208466489,-10.1077
2023-02-21,961374.3074800001,716047.3074800001,245327.0,8,857347.068471024,4144.354,0.0016848009256065222,0.002628287476200475,-0.0009434865505939527,-0.03862569251999992,-0.14265293152897596,0.9613743074800001,0.857347068471024,-9.9562
2023-02-22,960713.3074800001,716047.3074800001,244666.0,8,849609.468738467,4106.951,-0.0006875573799477452,-0.009025049501080296,0.00833749212113255,-0.039286692519999944,-0.150390531261533,0.9607133074800001,0.849609468738467,-10.0181
2023-02-23,960975.3074800001,716047.3074800001,244928.0,8,848925.7597547998,4103.646,0.0002727140323341981,-0.0008047332437129961,0.0010774472760471943,-0.03902469251999996,-0.15107424024520022,0.96097530748,0.8489257597547998,-9.9936
2023-02-24,960208.8304800001,744960.8304800001,215248.0,7,840113.050918425,4061.046,-0.0007976032204302097,-0.010381012397268075,0.009583409176837865,-0.039791169519999836,-0.15988694908157508,0.9602088304800002,0.8401130509184249,-10.0654
2023-02-27,960356.8304800001,744960.8304800001,215396.0,7,836554.4542657648,4043.844,0.00015413313781542648,-0.004235854506449921,0.004389987644265347,-0.03964316951999991,-0.1634455457342352,0.9603568304800001,0.8365544542657648,-10.0515
2023-02-28,960606.8304800001,744960.8304800001,215646.0,7,841853.4574780593,4069.459,0.0002603199061697037,0.006334319523700893,-0.0060739996175311894,-0.03939316951999983,-0.15814654252194071,0.9606068304800002,0.8418534574780593,-10.0281
2023-03-01,962318.8304800001,744960.8304800001,217358.0,7,853745.0288874804,4126.942,0.0017822067735502323,0.014125464834514823,-0.01234325806096459,-0.03768116951999989,-0.14625497111251962,0.9623188304800001,0.8537450288874804,-9.8678
2023-03-02,963951.8304800001,744960.8304800001,218991.0,7,851840.9872881848,4117.738,0.0016969427888939848,-0.002230222765427725,0.00392716555432171,-0.036048169519999895,-0.1481590127118152,0.9639518304800001,0.8518409872881848,-9.7148
2023-03-03,966674.8304800001,744960.8304800001,221714.0,7,854491.626685379,4130.551,0.0028248299488617956,0.003111659848198167,-0.0002868298993363716,-0.033325169519999864,-0.14550837331462108,0.9666748304800001,0.8544916266853789,-9.4598
2023-03-06,965481.8304800001,744960.8304800001,220521.0,7,850035.4163322251,4109.01,-0.0012341275084276626,-0.005215042738850206,0.003980915230422544,-0.034518169519999864,-0.14996458366777488,0.9654818304800001,0.8500354163322251,-9.5715
2023-03-07,968362.8304800001,744960.8304800001,223402.0,7,837590.4647317874,4048.852,0.0029840022971407976,-0.014640509514457278,0.017624511811598076,-0.03163716951999984,-0.16240953526821256,0.9683628304800002,0.8375904647317874,-9.3017
2023-03-08,967379.8304800001,744960.8304800001,222419.0,7,834540.3572415643,4034.108,-0.001015115377273168,-0.003641526042443499,0.002626410665170331,-0.03262016951999991,-0.16545964275843572,0.9673798304800001,0.8345403572415643,-9.3938
2023-03-09,967016.8304800001,744960.8304800001,222056.0,7,831590.9959767709,4019.851,-0.00037524040564285155,-0.0035341146047652705,0.003158874199122419,-0.03298316951999991,-0.16840900402322911,0.9670168304800001,0.8315909959767709,-9.4278
2023-03-10,963125.8304800001,744960.8304800001,218165.0,7,820685.5790984061,3967.135,-0.0040237148696457,-0.013113918898984056,0.009090204029338356,-0.03687416951999989,-0.17931442090159389,0.9631258304800001,0.8206855790984061,-9.7922
2023-03-13,965460.4895600001,773766.4895600001,191694.0,6,829281.2801514628,4008.686,0.0024240436774876084,0.010473805403647729,-0.00804976172616012,-0.03453951043999992,-0.17071871984853726,0.9654604895600001,0.8292812801514627,-9.5735
2023-03-14,965485.4895600001,773766.4895600001,191719.0,6,824318.4424757671,3984.696,2.589437917999149e-05,-0.0059845046481565856,0.006010399027336577,-0.03451451043999987,-0.17568155752423287,0.9654854895600001,0.8243184424757671,-9.5712
2023-03-15,966896.4895600001,773766.4895600001,193130.0,6,824774.8001211438,3986.902,0.0014614409178153043,0.0005536181430152443,0.00090782277480006,-0.03310351043999982,-0.1752251998788562,0.9668964895600002,0.8247748001211438,-9.439
2023-03-16,966085.4895600001,773766.4895600001,192319.0,6,814896.4982515255,3939.151,-0.0008387661024285009,-0.011976968583627179,0.011138202481198678,-0.03391451043999982,-0.18510350174847456,0.9660854895600002,0.8148964982515254,-9.515
2023-03-17,967002.4895600001,773766.4895600001,193236.0,6,818965.2390354179,3958.819,0.0009491913602983626,0.004992954065482502,-0.00404376270518414,-0.03299751043999988,-0.18103476096458204,0.9670024895600001,0.818965239035418,-9.4291
2023-03-20,966586.4895600001,773766.4895600001,192820.0,6,814881.1897901666,3939.077,-0.00043019537642485783,-0.004986840772462475,0.004556645396037617,-0.03341351043999985,-0.18511881020983345,0.9665864895600002,0.8148811897901665,-9.4681
2023-03-21,965077.4895600001,773766.4895600001,191311.0,6,823838.9152672527,3982.378,-0.001561163968562096,0.010992676710813276,-0.012553840679375372,-0.03492251043999983,-0.17616108473274728,0.9650774895600002,0.8238389152672527,-9.6094
2023-03-22,966250.0217600001,804258.0217600001,161992.0,5,827369.1705792889,3999.443,0.0012149617131103074,0.0042851281319855605,-0.003070166418875253,-0.03374997823999981,-0.17263082942071117,0.9662500217600002,0.8273691705792888,-9.4996
2023-03-23,967805.0217600001,804258.0217600001,163547.0,5,835570.9890590013,4039.09,0.0016093143233959495,0.009913130403408577,-0.008303816080012627,-0.03219497823999984,-0.1644290109409987,0.9678050217600002,0.8355709890590013,-9.3539
2023-03-24,964832.0217600001,804258.0217600001,160574.0,5,833079.4335372807,4027.046,-0.0030718997454605157,-0.0029818597753454856,-9.003997011503007e-05,-0.03516797823999984,-0.16692056646271936,0.9648320217600002,0.8330794335372806,-9.6324
2023-03-27,962488.0217600001,804258.0217600001,158230.0,5,830065.5284894604,4012.477,-0.0024294384381274847,-0.00361778832424553,0.0011883498861180453,-0.037511978239999855,-0.16993447151053964,0.9624880217600001,0.8300655284894604,-9.8519
2023-03-28,962574.0217600001,804258.0217600001,158316.0,5,827384.0652984488,3999.515,8.935176132651712e-05,-0.0032304235014930516,0.0033197752628195687,-0.037425978239999824,-0.17261593470155123,0.9625740217600002,0.8273840652984488,-9.8439
2023-03-29,960326.9786600001,705908.9786600001,254418.0,8,828755.4138166725,4006.144,-0.0023344107042193585,0.0016574509659297298,-0.003991861670149088,-0.03967302133999984,-0.1712445861833275,0.9603269786600002,0.8287554138166725,-10.0543
2023-03-30,962003.9786600001,705908.9786600001,256095.0,8,835454.3137589141,4038.526,0.0017462802121210874,0.008083084382388694,-0.006336804170267607,-0.03799602133999991,-0.1645456862410859,0.9620039786600001,0.8354543137589141,-9.8973
2023-03-31,961197.9786600001,705908.9786600001,255289.0,8,838019.5153920373,4050.926,-0.0008378343727046822,0.0030704271806099026,-0.003908261553314585,-0.03880202133999988,-0.16198048460796266,0.9611979786600001,0.8380195153920373,-9.9728
2023-04-03,965009.9786600001,705908.9786600001,259101.0,8,846220.2995162527,4090.568,0.00396588432834033,0.00978591067820056,-0.00582002634986023,-0.034990021339999844,-0.15377970048374734,0.9650099786600002,0.8462202995162527,-9.6157
2023-04-04,967043.9786600001,705908.9786600001,261135.0,8,848813.8424899998,4103.105,0.0021077502253648017,0.0030648555408441247,-0.000957105315479323,-0.032956021339999864,-0.1511861575100002,0.9670439786600001,0.8488138424899998,-9.4252
2023-04-06,965831.9786600001,705908.9786600001,259923.0,8,847476.4208320853,4096.64,-0.001253303910417225,-0.001575636012239423,0.00032233210182219807,-0.034168021339999854,-0.1525235791679147,0.9658319786600001,0.8474764208320853,-9.5387
2023-04-07,966055.9786600001,705908.9786600001,260147.0,8,852987.4669213112,4123.28,0.00023192439777242058,0.006502890173410325,-0.0062709657756379045,-0.03394402133999985,-0.14701253307868878,0.9660559786600001,0.8529874669213112,-9.5177
2023-04-10,964406.9786600001,705908.9786600001,258498.0,8,849166.9714567531,4104.812,-0.0017069404221143891,-0.004478958499059105,0.0027720180769447156,-0.035593021339999864,-0.15083302854324687,0.9644069786600001,0.8491669714567531,-9.6722
2023-04-11,962400.9786600001,705908.9786600001,256492.0,8,848202.1246489398,4100.148,-0.002080034720183477,-0.0011362274325837918,-0.000943807287599685,-0.037599021339999816,-0.15179787535106015,0.9624009786600002,0.8482021246489398,-9.8601
2023-04-12,962177.9786600001,705908.9786600001,256269.0,8,847610.4733045257,4097.288,-0.0002317121500754471,-0.0006975357962690776,0.0004658236461936305,-0.0378220213399999,-0.15238952669547423,0.9621779786600001,0.8476104733045258,-9.881
2023-04-13,963176.4972600001,742752.4972600001,220424.0,7,841754.1593503254,4068.979,0.0010377691260305966,-0.006909204332231411,0.007946973458262008,-0.0368235027399999,-0.15824584064967462,0.9631764972600001,0.8417541593503254,-9.7874
2023-04-14,962252.4972600001,742752.4972600001,219500.0,7,846516.3320595591,4091.999,-0.0009593257337866534,0.0056574388808594556,-0.006616764614646109,-0.03774750273999994,-0.15348366794044088,0.9622524972600001,0.8465163320595591,-9.874
2023-04-17,966200.4972600001,742752.4972600001,223448.0,7,858387.6301012344,4149.384,0.004102873218039926,0.014023708216937436,-0.00992083499889751,-0.033799502739999876,-0.14161236989876558,0.9662004972600001,0.8583876301012344,-9.5042
2023-04-18,967053.4972600001,742752.4972600001,224301.0,7,861004.1357670202,4162.032,0.0008828395373621234,0.003048163293635886,-0.0021653237562737626,-0.03294650273999988,-0.13899586423297983,0.9670534972600001,0.8610041357670202,-9.4243
2023-04-19,966300.4972600001,742752.4972600001,223548.0,7,853252.0550575019,4124.559,-0.000778653923628303,-0.009003534811842018,0.008224880888213715,-0.03369950273999989,-0.1467479449424981,0.9663004972600001,0.8532520550575019,-9.4948
2023-04-20,965578.4972600001,742752.4972600001,222826.0,7,850864.7625699019,4113.019,-0.0007471795803141168,-0.002797874875835049,0.0020506952955209323,-0.03442150273999989,-0.14913523743009816,0.9655784972600001,0.8508647625699018,-9.5625
2023-04-21,960926.4972600001,742752.4972600001,218174.0,7,834221.5688773188,4032.567,-0.0048178371962516175,-0.0195603278273212,0.014742490631069582,-0.03907350273999988,-0.1657784311226812,0.9609264972600001,0.8342215688773188,-9.9982
2023-04-24,958684.90298,792367.90298,166317.0,5,823893.7361086057,3982.643,-0.0023327427086169417,-0.012380203478330132,0.01004746076971319,-0.041315097020000024,-0.17610626389139428,0.95868490298,0.8238937361086057,-10.2081
2023-04-25,958065.91522,856562.91522,101503.0,3,819761.0721549846,3962.666,-0.0006456634062724786,-0.0050160157463272625,0.004370352340054784,-0.04193408478000005,-0.18023892784501538,0.95806591522,0.8197610721549846,-10.2661
2023-04-26,958292.91522,856562.91522,101730.0,3,819050.676799489,3959.232,0.00023693568093152706,-0.0008665883019159937,0.0011035239828475207,-0.04170708478000007,-0.18094932320051105,0.9582929152199999,0.819050676799489,-10.2448
2023-04-27,961709.91522,856562.91522,105147.0,3,825088.6235790023,3988.419,0.003565715602953823,0.007371884244216975,-0.0038061686412631524,-0.03829008478000007,-0.17491137642099763,0.9617099152199999,0.8250886235790024,-9.9248
2023-04-28,962088.91522,856562.91522,105526.0,3,833501.4505801492,4029.086,0.00039408972913967943,0.010196270752897307,-0.009802181023757628,-0.03791108478000005,-0.16649854941985076,0.96208891522,0.8335014505801492,-9.8893
2023-05-04,964390.91522,856562.91522,107828.0,3,833741.6279266054,4030.247,0.0023927102407925727,0.0002881546832209647,0.002104555557571608,-0.03560908478000002,-0.16625837207339456,0.96439091522,0.8337416279266054,-9.6737
2023-05-05,964163.91522,856562.91522,107601.0,3,830975.7613270202,4016.877,-0.00023538172790460443,-0.0033174145405975297,0.0030820328126929253,-0.03583608478,-0.16902423867297978,0.96416391522,0.8309757613270202,-9.695
2023-05-08,969458.91522,856562.91522,112896.0,3,840447.3546151287,4062.662,0.0054918047817542615,0.011398158320506058,-0.005906353538751796,-0.03054108478000006,-0.15955264538487124,0.9694589152199999,0.8404473546151288,-9.199
2023-05-09,966643.91522,856562.91522,110081.0,3,833250.9296787209,4027.875,-0.002903681585476159,-0.008562612395518032,0.005658930810041873,-0.03335608478000007,-0.16674907032127906,0.9666439152199999,0.8332509296787209,-9.4627
2023-05-10,966257.38512,892652.38512,73605.0,2,826836.8912404157,3996.87,-0.00039986813542602917,-0.007697607299134046,0.007297739163708017,-0.033742614879999966,-0.1731631087595843,0.96625738512,0.8268368912404157,-9.4989
2023-05-11,965060.38512,892652.38512,72408.0,2,825553.0491972575,3990.664,-0.0012388003635814826,-0.0015527149994870593,0.00031391463590557667,-0.03493961487999997,-0.17444695080274253,0.96506038512,0.8255530491972575,-9.611
2023-05-12,963816.25986,930006.25986,33810.0,1,814609.1542943958,3937.762,-0.0012891683040593405,-0.013256440532202207,0.011967272228142867,-0.03618374014000003,-0.18539084570560416,0.96381625986,0.8146091542943958,-9.7275
2023-05-15,963921.25986,930006.25986,33915.0,1,827254.1502479971,3998.887,0.00010894192635357847,0.015522776643179581,-0.015413834716826003,-0.03607874014000001,-0.1727458497520029,0.96392125986,0.8272541502479971,-9.7177
2023-05-16,963606.25986,930006.25986,33600.0,1,822975.6421692669,3978.205,-0.0003267901779090421,-0.00517193909205238,0.004845148914143338,-0.036393740139999964,-0.17702435783073311,0.96360625986,0.8229756421692669,-9.7472
2023-05-17,963606.25986,930006.25986,33600.0,1,819243.6875352715,3960.165,0.0,-0.004534708492900719,0.004534708492900719,-0.036393740139999964,-0.18075631246472845,0.96360625986,0.8192436875352715,-9.7472
2023-05-18,963501.25986,930006.25986,33495.0,1,818396.5503830425,3956.07,-0.00010896566821316789,-0.0010340478237649275,0.0009250821555517597,-0.036498740139999986,-0.1816034496169574,0.96350125986,0.8183965503830426,-9.757
2023-05-19,963186.25986,930006.25986,33180.0,1,816011.3266064369,3944.54,-0.00032693262907179665,-0.0029145085905961654,0.0025875759615243688,-0.03681374014000005,-0.18398867339356317,0.96318625986,0.8160113266064368,-9.7865
2023-05-22,963186.25986,930006.25986,33180.0,1,821139.24741949,3969.328,0.0,0.006284129454892096,-0.006284129454892096,-0.03681374014000005,-0.17886075258051004,0.96318625986,0.82113924741949,-9.7865
2023-05-23,962976.25986,930006.25986,32970.0,1,809525.5038966241,3913.188,-0.00021802636598089453,-0.014143451989858336,0.013925425623877441,-0.03702374013999998,-0.19047449610337597,0.96297625986,0.809525503896624,-9.8062
2023-05-24,962829.84996,962829.84996,0.0,0,798335.0186432236,3859.094,-0.00015203895059812123,-0.013823511673857647,0.013671472723259526,-0.037170150040000016,-0.20166498135677646,0.96282984996,0.7983350186432235,-9.8199
2023-05-25,962829.84996,962829.84996,0.0,0,796557.1684145896,3850.5,0.0,-0.002226947568522597,0.002226947568522597,-0.037170150040000016,-0.20344283158541043,0.96282984996,0.7965571684145896,-9.8199
2023-05-26,962829.84996,962829.84996,0.0,0,796650.4672804395,3850.951,0.0,0.00011712764576032875,-0.00011712764576032875,-0.037170150040000016,-0.20334953271956058,0.96282984996,0.7966504672804394,-9.8199
2023-05-29,962829.84996,962829.84996,0.0,0,793131.7967499723,3833.942,0.0,-0.004416831063288051,0.004416831063288051,-0.037170150040000016,-0.20686820325002775,0.96282984996,0.7931317967499723,-9.8199
2023-05-30,965472.43626,741876.43626,223596.0,8,793920.1825099587,3837.753,0.0027446036286782327,0.0009940160805770315,0.0017505875481012012,-0.03452756373999999,-0.20607981749004123,0.96547243626,0.7939201825099588,-9.5724
2023-05-31,967636.43626,741876.43626,225760.0,8,785808.7667007039,3798.543,0.002241389726653109,-0.010216915992248499,0.012458305718901608,-0.032363563740000045,-0.21419123329929612,0.96763643626,0.7858087667007039,-9.3697
2023-06-01,966162.43626,741876.43626,224286.0,8,787530.968603587,3806.868,-0.0015232993971342479,0.0021916297906854343,-0.003714929187819682,-0.03383756374000002,-0.21246903139641304,0.96616243626,0.787530968603587,-9.5078
2023-06-02,967676.43626,741876.43626,225800.0,8,798901.8454557039,3861.834,0.0015670242840952753,0.01443864089850222,-0.012871616614406944,-0.032323563740000005,-0.20109815454429614,0.96767643626,0.7989018454557039,-9.366
2023-06-05,967381.43626,741876.43626,225505.0,8,795264.0171719561,3844.249,-0.0003048539666214989,-0.004553535962446897,0.0042486819958253985,-0.03261856374000005,-0.20473598282804384,0.96738143626,0.7952640171719562,-9.3936
2023-06-06,964122.08244,759036.08244,205086.0,7,787798.8666773689,3808.163,-0.003369254047918213,-0.009387009010082159,0.006017754962163946,-0.03587791756000003,-0.21220113332263113,0.96412208244,0.7877988666773689,-9.6989
2023-06-07,966022.08244,759036.08244,206986.0,7,783905.3457147066,3789.342,0.001970704783767152,-0.004942277943459916,0.006912982727227068,-0.033977917560000015,-0.2160946542852934,0.96602208244,0.7839053457147066,-9.5209
2023-06-08,966025.08244,759036.08244,206989.0,7,790286.2847771005,3820.187,3.105519071011642e-06,0.008139935640541385,-0.008136830121470373,-0.03397491755999993,-0.2097137152228995,0.9660250824400001,0.7902862847771005,-9.5206
2023-06-09,967316.08244,759036.08244,208280.0,7,793702.967855541,3836.703,0.0013364042233139362,0.004323348569062135,-0.0029869443457481992,-0.03268391756,-0.20629703214445894,0.96731608244,0.7937029678555411,-9.3997
2023-06-12,965409.08244,759036.08244,206373.0,7,795301.8745831547,3844.432,-0.0019714341926267975,0.0020144900452290226,-0.00398592423785582,-0.03459091755999999,-0.2046981254168453,0.96540908244,0.7953018745831547,-9.5783
2023-06-13,967029.35028,780225.35028,186804.0,6,799537.5603442998,3864.907,0.0016783225572156724,0.005325884291879968,-0.0036475617346642952,-0.03297064971999997,-0.2004624396557002,0.96702935028,0.7995375603442998,-9.4266
2023-06-14,967069.35028,780225.35028,186844.0,6,799355.1000345888,3864.025,4.136379106634003e-05,-0.00022820730227157693,0.00026957109333791696,-0.03293064972000004,-0.20064489996541113,0.96706935028,0.7993551000345889,-9.4228
2023-06-15,968440.35028,780225.35028,188215.0,6,812072.2940018966,3925.499,0.0014176852979603805,0.015909317356901154,-0.014491632058940773,-0.03155964972000003,-0.18792770599810338,0.96844035028,0.8120722940018966,-9.2944
2023-06-16,970765.35028,780225.35028,190540.0,6,819902.7788581047,3963.351,0.0024007673774928406,0.009642595756615968,-0.0072418283791231275,-0.029234649720000006,-0.1800972211418953,0.97076535028,0.8199027788581047,-9.0767
2023-06-19,970829.35028,780225.35028,190604.0,6,813191.2597787969,3930.908,6.592736337518446e-05,-0.00818574988690135,0.008251677250276535,-0.02917064971999994,-0.18680874022120308,0.9708293502800001,0.8131912597787969,-9.0707
2023-06-20,973818.35028,780225.35028,193593.0,6,811811.4295454959,3924.238,0.0030788109147481535,-0.0016968089815382337,0.004775619896286387,-0.026181649720000033,-0.1881885704545041,0.97381835028,0.8118114295454959,-8.7907
2023-06-21,970888.35028,780225.35028,190663.0,6,799356.5481322851,3864.032,-0.0030087746848861396,-0.015342086794939314,0.012333312110053174,-0.02911164972000002,-0.20064345186771493,0.97088835028,0.7993565481322851,-9.0651
2023-06-26,968076.35028,780225.35028,187851.0,6,788116.0000728187,3809.696,-0.002896316552968292,-0.014061995345794331,0.01116567879282604,-0.03192364971999995,-0.21188399992718132,0.96807635028,0.7881160000728187,-9.3285
2023-06-27,971824.23381,797150.23381,174674.0,5,795508.9525536996,3845.433,0.003871475146475678,0.009380538499659696,-0.005509063353184018,-0.02817576618999995,-0.20449104744630042,0.97182423381,0.7955089525536996,-8.9775
2023-06-28,970215.03465,833770.03465,136445.0,4,794550.3118788695,3840.799,-0.0016558541184872322,-0.0012050658534422665,-0.0004507882650449657,-0.02978496534999997,-0.2054496881211304,0.97021503465,0.7945503118788696,-9.1282
2023-06-29,970339.4720500001,876226.4720500001,94113.0,3,790629.0701888816,3821.844,0.00012825754658085664,-0.004935171041233866,0.005063428587814722,-0.02966052794999985,-0.20937092981111838,0.9703394720500002,0.7906290701888816,-9.1165
2023-06-30,970526.4720500001,876226.4720500001,94300.0,3,794892.2698062528,3842.452,0.00019271606008652853,0.005392161480165081,-0.005199445420078552,-0.02947352794999991,-0.20510773019374717,0.9705264720500001,0.7948922698062528,-9.099
2023-07-03,971840.4720500001,876226.4720500001,95614.0,3,805324.7793512853,3892.882,0.0013539043373278492,0.01312443200331459,-0.01177052766598674,-0.028159527949999874,-0.19467522064871468,0.9718404720500001,0.8053247793512853,-8.976
2023-07-04,971026.4720500001,876226.4720500001,94800.0,3,806593.1060619853,3899.013,-0.0008375860271417901,0.0015749257234101144,-0.0024125117505519045,-0.028973527949999855,-0.1934068939380148,0.9710264720500001,0.8065931060619852,-9.0522
2023-07-05,970709.4720500001,876226.4720500001,94483.0,3,800343.943889938,3868.805,-0.0003264586590834284,-0.007747601764857004,0.0074211431057735755,-0.029290527949999867,-0.1996560561100621,0.9707094720500001,0.8003439438899379,-9.0819
2023-07-06,970404.4720500001,876226.4720500001,94178.0,3,794954.9517493848,3842.755,-0.00031420317693597877,-0.006733345309468897,0.006419142132532918,-0.029595527949999867,-0.2050450482506152,0.9704044720500001,0.7949549517493848,-9.1105
2023-07-07,970870.4720500001,876226.4720500001,94644.0,3,791426.5582772437,3825.699,0.0004802121315614638,-0.004438482286796774,0.004918694418358238,-0.0291295279499999,-0.20857344172275627,0.9708704720500001,0.7914265582772437,-9.0668
2023-07-10,970300.4720500001,876226.4720500001,94074.0,3,795280.153117713,3844.327,-0.0005871020042420572,0.004869175541515336,-0.005456277545757393,-0.02969952794999986,-0.20471984688228695,0.9703004720500001,0.795280153117713,-9.1202
2023-07-11,970815.4720500001,876226.4720500001,94589.0,3,800484.8231086603,3869.486,0.0005307634231197511,0.006544448482139975,-0.006013685059020224,-0.029184527949999928,-0.19951517689133969,0.9708154720500001,0.8004848231086603,-9.072
2023-07-12,970140.4720500001,876226.4720500001,93914.0,3,795096.0378392065,3843.437,-0.0006952917618573418,-0.006731901859833633,0.0060366100979762916,-0.02985952794999991,-0.20490396216079343,0.9701404720500001,0.7950960378392066,-9.1352
2023-07-13,971074.4720500001,876226.4720500001,94848.0,3,806471.0521133124,3898.423,0.000962747176217027,0.014306465801312784,-0.013343718625095757,-0.02892552794999992,-0.19352894788668762,0.9710744720500001,0.8064710521133124,-9.0477
2023-07-14,972498.4720500001,876226.4720500001,96272.0,3,806611.7244609353,3899.103,0.0014664168825218038,0.00017442950649537714,0.0012919873760264267,-0.027501527949999938,-0.19338827553906468,0.9724984720500001,0.8066117244609353,-8.9143
2023-07-17,972660.4720500001,876226.4720500001,96434.0,3,800006.743997842,3867.175,0.00016658123858892537,-0.008188550033174313,0.008355131271763239,-0.027339527949999942,-0.199993256002158,0.9726604720500001,0.800006743997842,-8.8992
2023-07-18,973235.4720500001,876226.4720500001,97009.0,3,797475.4692250277,3854.939,0.0005911620925522776,-0.003164066792943232,0.0037552288854955096,-0.02676452794999995,-0.20252453077497223,0.97323547205,0.7974754692250278,-8.8453
2023-07-19,973510.4720500001,876226.4720500001,97284.0,3,796632.8832369866,3850.866,0.00028256265610693276,-0.0010565666538432383,0.001339129309950171,-0.026489527949999925,-0.20336711676301344,0.9735104720500001,0.7966328832369866,-8.8195
2023-07-20,972463.4720500001,876226.4720500001,96237.0,3,791011.9885939552,3823.695,-0.001075489201256663,-0.007055815497085449,0.005980326295828786,-0.027536527949999945,-0.20898801140604484,0.97246347205,0.7910119885939552,-8.9176
2023-07-21,970361.4720500001,876226.4720500001,94135.0,3,790642.723681445,3821.91,-0.0021615207772985867,-0.00046682593669222783,-0.0016946948406063589,-0.029638527949999882,-0.20935727631855505,0.9703614720500001,0.790642723681445,-9.1145
2023-07-24,970325.7276900001,914863.7276900001,55462.0,2,787190.2519028003,3805.221,-3.683612862792618e-05,-0.004366664835121825,0.004329828706493899,-0.02967427230999986,-0.21280974809719977,0.9703257276900001,0.7871902519028002,-9.1178
2023-07-25,972075.7276900001,914863.7276900001,57212.0,2,809924.1445052553,3915.115,0.0018035180868243295,0.02887979436673982,-0.02707627627991549,-0.027924272309999942,-0.1900758554947447,0.9720757276900001,0.8099241445052553,-8.9539
2023-07-26,971592.7276900001,914863.7276900001,56729.0,2,808248.0748575486,3907.013,-0.0004968748691501768,-0.0020694155854935614,0.0015725407163433847,-0.028407272309999954,-0.19175192514245143,0.97159272769,0.8082480748575486,-8.9992
2023-07-27,969577.1682100003,740465.1682100003,229112.0,8,807282.6074364368,3902.346,-0.002074490084741476,-0.001194518677055889,-0.0008799714076855869,-0.030422831789999716,-0.19271739256356324,0.9695771682100003,0.8072826074364368,-9.1879
2023-07-28,972295.8299300004,706621.8299300004,265674.0,8,825982.0998575072,3992.738,0.0028039663155632333,0.023163502159982752,-0.02035953584441952,-0.02770417006999959,-0.17401790014249285,0.9722958299300004,0.8259820998575071,-8.9333
2023-07-31,972299.8299300004,706621.8299300004,265678.0,8,830510.9219665664,4014.63,4.113974242159202e-06,0.005482954303538179,-0.00547884032929602,-0.027700170069999697,-0.1694890780334336,0.9722998299300003,0.8305109219665664,-8.9329
2023-08-01,973677.8299300004,706621.8299300004,267056.0,8,827070.8624538885,3998.001,0.001417258295827617,-0.004142100268268778,0.005559358564096395,-0.026322170069999595,-0.1729291375461115,0.9736778299300004,0.8270708624538885,-8.8039
2023-08-02,972544.8299300004,706621.8299300004,265923.0,8,821256.5433328755,3969.895,-0.0011636292469362486,-0.007030013249121336,0.005866384002185088,-0.027455170069999646,-0.17874345666712455,0.9725448299300004,0.8212565433328755,-8.91
2023-08-03,974695.8299300004,706621.8299300004,268074.0,8,828515.4433413157,4004.984,0.0022117232376370755,0.008838772813890339,-0.006627049576253263,-0.025304170069999632,-0.17148455665868423,0.9746958299300004,0.8285154433413158,-8.7085
2023-08-04,975072.8299300004,706621.8299300004,268451.0,8,831741.5981371672,4020.579,0.0003867873324410187,0.003893898202839363,-0.0035071108703983445,-0.02492717006999967,-0.1682584018628328,0.9750728299300003,0.8317415981371672,-8.6732
2023-08-07,973862.8299300004,706621.8299300004,267241.0,8,825447.3380654408,3990.153,-0.001240932946605544,-0.007567566760906863,0.006326633814301319,-0.026137170069999605,-0.1745526619345592,0.9738628299300004,0.8254473380654408,-8.7865
2023-08-08,972919.8299300004,706621.8299300004,266298.0,8,823291.53433812,3979.732,-0.0009683088531757811,-0.0026116793015205086,0.0016433704483447276,-0.02708017006999963,-0.17670846566188003,0.9729198299300004,0.82329153433812,-8.8749
2023-08-09,970026.8299300004,706621.8299300004,263405.0,8,820774.5336711677,3967.565,-0.0029735235227018597,-0.0030572410403513217,8.3717517649462e-05,-0.029973170069999666,-0.1792254663288323,0.9700268299300003,0.8207745336711677,-9.1458
2023-08-10,972962.8299300004,706621.8299300004,266341.0,8,822460.9468738467,3975.717,0.0030267204054674757,0.0020546607301958897,0.000972059675271586,-0.027037170069999616,-0.17753905312615326,0.9729628299300004,0.8224609468738467,-8.8708
2023-08-11,967247.8299300004,706621.8299300004,260626.0,8,803539.8955052702,3884.254,-0.00587381123327313,-0.02300541009332413,0.017131598860051,-0.03275217006999964,-0.19646010449472973,0.9672478299300004,0.8035398955052703,-9.4061
2023-08-14,967623.1066900004,744745.1066900004,222878.0,7,797675.5135781914,3855.906,0.0003879840805920409,-0.007298183898375443,0.007686167978967484,-0.0323768933099996,-0.20232448642180856,0.9676231066900004,0.7976755135781914,-9.371
2023-08-15,968850.4449300003,753307.4449300003,215543.0,7,795737.1313763879,3846.536,0.0012684052618363584,-0.002430038491602171,0.0036984437534385295,-0.031149555069999613,-0.2042628686236121,0.9688504449300004,0.7957371313763879,-9.256
2023-08-16,967078.0879900004,759590.0879900004,207488.0,7,789902.9526298281,3818.334,-0.0018293400692281914,-0.007331791513195296,0.005502451443967105,-0.03292191200999961,-0.21009704737017187,0.9670780879900004,0.7899029526298281,-9.422
2023-08-17,967154.0315300004,760630.0315300004,206524.0,6,792544.075956448,3831.101,7.852886022674532e-05,0.003343604828702995,-0.00326507596847625,-0.032845968469999653,-0.20745592404355206,0.9671540315300003,0.7925440759564479,-9.4149
2023-08-18,966127.0315300004,760630.0315300004,205497.0,6,782801.0677858669,3784.004,-0.0010618784252756086,-0.012293332908738352,0.011231454483462744,-0.033872968469999654,-0.2171989322141331,0.9661270315300003,0.7828010677858669,-9.5111
2023-08-21,964620.1424500004,792248.1424500004,172372.0,5,771537.1432921631,3729.555,-0.0015597214763918288,-0.014389255402478596,0.012829533926086767,-0.035379857549999616,-0.22846285670783684,0.9646201424500004,0.7715371432921632,-9.6522
2023-08-22,963805.1424500004,792248.1424500004,171557.0,5,777468.5514554624,3758.227,-0.0008448921644224061,0.007687780445656545,-0.00853267261007895,-0.036194857549999626,-0.22253144854453766,0.9638051424500004,0.7774685514554623,-9.7286
2023-08-23,962483.6456100004,825140.6456100004,137343.0,4,764726.7398273206,3696.634,-0.0013711244958091173,-0.01638884505911964,0.015017720563310522,-0.03751635438999967,-0.23527326017267947,0.9624836456100003,0.7647267398273205,-9.8523
2023-08-24,961561.6456100004,825140.6456100004,136421.0,4,770269.8509369607,3723.429,-0.0009579383548025122,0.007248486055151826,-0.008206424409954338,-0.03843835438999965,-0.22973014906303935,0.9615616456100003,0.7702698509369607,-9.9387
2023-08-25,961823.6238500003,855278.6238500003,106545.0,3,767316.3522501783,3709.152,0.0002724508004203763,-0.0038343688035947787,0.004106819604015155,-0.03817637614999969,-0.23268364774982164,0.9618236238500003,0.7673163522501784,-9.9142
2023-08-28,963272.6238500003,855278.6238500003,107994.0,3,776308.4183297725,3752.619,0.001506513215177474,0.01171885110127624,-0.010212337886098766,-0.03672737614999966,-0.2236915816702275,0.9632726238500003,0.7763084183297725,-9.7784
2023-08-29,962724.6238500003,855278.6238500003,107446.0,3,784063.6021057823,3790.107,-0.0005688939833147222,0.009989823107541485,-0.010558717090856207,-0.03727537614999965,-0.2159363978942177,0.9627246238500003,0.7840636021057823,-9.8298
2023-08-30,962153.6238500003,855278.6238500003,106875.0,3,783733.228959968,3788.51,-0.0005931083363345246,-0.00042136013574278763,-0.000171748200591737,-0.03784637614999964,-0.216266771040032,0.9621536238500004,0.783733228959968,-9.8832
2023-08-31,962214.6238500003,855278.6238500003,106936.0,3,778925.1308666575,3765.268,6.339943901667588e-05,-0.006134865685982094,0.00619826512499877,-0.03778537614999966,-0.2210748691333425,0.9622146238500003,0.7789251308666575,-9.8775
2023-09-01,963075.6238500003,855278.6238500003,107797.0,3,784349.9117074148,3791.491,0.0008948107611947975,0.006964444496381228,-0.0060696337351864305,-0.03692437614999966,-0.21565008829258525,0.9630756238500003,0.7843499117074147,-9.7969
2023-09-04,964254.6238500003,855278.6238500003,108976.0,3,796236.9319526481,3848.952,0.0012242029294509127,0.015155251588359286,-0.013931048658908374,-0.03574537614999973,-0.2037630680473519,0.9642546238500003,0.7962369319526481,-9.6865
2023-09-05,964256.6238500003,855278.6238500003,108978.0,3,790313.1780200284,3820.317,2.074140948327141e-06,-0.007439687478565715,0.007441761619514042,-0.03574337614999967,-0.20968682197997157,0.9642566238500003,0.7903131780200284,-9.6863
2023-09-06,963311.6238500003,855278.6238500003,108033.0,3,788598.4234767254,3812.028,-0.0009800295653940028,-0.0021697152356727756,0.0011896856702787728,-0.036688376149999646,-0.21140157652327463,0.9633116238500004,0.7885984234767254,-9.7748
2023-09-07,962795.6238500003,855278.6238500003,107517.0,3,777519.8554881248,3758.475,-0.0005356522097571537,-0.01404842776600801,0.013512775556250856,-0.03720437614999972,-0.22248014451187526,0.9627956238500003,0.7775198554881247,-9.8231
2023-09-08,962247.6238500003,855278.6238500003,106969.0,3,773696.4638281745,3739.993,-0.0005691758317395434,-0.0049174199642142424,0.004348244132474699,-0.03775237614999971,-0.22630353617182553,0.9622476238500003,0.7736964638281745,-9.8744
2023-09-11,963842.6238500003,855278.6238500003,108564.0,3,779394.5213912992,3767.537,0.0016575774888571981,0.0073647196665875825,-0.005707142177730384,-0.0361573761499997,-0.22060547860870083,0.9638426238500003,0.7793945213912992,-9.7251
2023-09-12,963679.6238500003,855278.6238500003,108401.0,3,777960.4909299436,3760.605,-0.00016911474546421612,-0.0018399288447598083,0.0016708140992955922,-0.03632037614999972,-0.22203950907005643,0.9636796238500003,0.7779604909299436,-9.7403
2023-09-13,964106.6238500003,855278.6238500003,108828.0,3,773005.1006138279,3736.651,0.000443093315903198,-0.006369719765835669,0.006812813081738867,-0.035893376149999656,-0.226994899386172,0.9641066238500003,0.773005100613828,-9.7003
2023-09-14,965328.6238500003,855278.6238500003,110050.0,3,772354.904748271,3733.508,0.0012674946626962669,-0.0008411275230145732,0.00210862218571084,-0.03467137614999971,-0.22764509525172905,0.9653286238500003,0.772354904748271,-9.5859
2023-09-15,964677.6238500003,855278.6238500003,109399.0,3,767238.7755878863,3708.777,-0.0006743817430830967,-0.006624065088383313,0.005949683345300216,-0.03532237614999967,-0.23276122441211367,0.9646776238500003,0.7672387755878863,-9.6468
2023-09-18,964543.6238500003,855278.6238500003,109265.0,3,771155.6729847859,3727.711,-0.00013890650792247605,0.005105186965945752,-0.005244093473868228,-0.035456376149999635,-0.22884432701521418,0.9645436238500004,0.7711556729847858,-9.6594
2023-09-19,965277.6238500003,855278.6238500003,109999.0,3,769664.3392288839,3720.502,0.0007609816516853662,-0.0019338945535208873,0.0026948762052062536,-0.03472237614999962,-0.2303356607711161,0.9652776238500004,0.7696643392288839,-9.5906
2023-09-20,964924.6238500003,855278.6238500003,109646.0,3,766600.1645038984,3705.69,-0.00036569790004259417,-0.0039811831844196455,0.0036154852843770513,-0.03507537614999967,-0.23339983549610166,0.9649246238500003,0.7666001645038983,-9.6237
2023-09-21,961942.9800900002,679571.9800900002,282371.0,9,759722.7348028354,3672.445,-0.0030900276418519557,-0.008971338671070694,0.005881311029218739,-0.03805701990999977,-0.24027726519716464,0.9619429800900002,0.7597227348028354,-9.903
2023-09-22,963898.9800900002,679571.9800900002,284327.0,9,773477.1804627624,3738.933,0.0020333845565534414,0.01810455976876435,-0.01607117521221091,-0.03610101990999981,-0.22652281953723763,0.9638989800900002,0.7734771804627624,-9.7198
2023-09-25,964566.9800900002,679571.9800900002,284995.0,9,768444.2134843548,3714.604,0.0006930186812084127,-0.006506936604640856,0.007199955285849269,-0.03543301990999981,-0.23155578651564523,0.9645669800900002,0.7684442134843548,-9.6572
2023-09-26,963345.9800900002,679571.9800900002,283774.0,9,763952.8350442952,3692.893,-0.0012658529943520014,-0.005844768379078991,0.004578915384726989,-0.036654019909999835,-0.23604716495570477,0.9633459800900002,0.7639528350442952,-9.7716
2023-09-27,962975.9800900002,679571.9800900002,283404.0,9,765525.4691422794,3700.495,-0.0003840780027601909,0.0020585486771482753,-0.002442626679908466,-0.03702401990999982,-0.23447453085772063,0.9629759800900002,0.7655254691422794,-9.8062
2023-09-28,963153.9800900002,679571.9800900002,283582.0,9,763254.4382125675,3689.517,0.00018484365516924228,-0.002966630140021853,0.0031514737951910954,-0.036846019909999805,-0.23674556178743256,0.9631539800900002,0.7632544382125674,-9.7896
2023-10-09,963407.9800900002,679571.9800900002,283836.0,9,762263.5256462239,3684.727,0.00026371691884219395,-0.0012982729175661234,0.0015619898364083173,-0.03659201990999983,-0.2377364743537761,0.9634079800900002,0.7622635256462239,-9.7658
2023-10-10,961727.9800900002,679571.9800900002,282156.0,9,756553.676430431,3657.126,-0.0017438095123968322,-0.007490649917890724,0.0057468404054938915,-0.038272019909999844,-0.24344632356956908,0.9617279800900002,0.7565536764304309,-9.9231
2023-10-11,960787.9800900002,679571.9800900002,281216.0,9,758709.687028851,3667.548,-0.0009774073537009986,0.0028497787606989178,-0.0038271861143999164,-0.039212019909999785,-0.241290312971149,0.9607879800900002,0.758709687028851,-10.0112
2023-10-12,964830.9800900002,679571.9800900002,285259.0,9,765915.8349069328,3702.382,0.004208004350368055,0.009497898868672028,-0.0052898945183039725,-0.035169019909999766,-0.23408416509306718,0.9648309800900002,0.7659158349069328,-9.6325
2023-10-13,964085.9800900002,679571.9800900002,284514.0,9,757853.6544193459,3663.41,-0.000772155968634558,-0.010526196378439545,0.009754040409804987,-0.03591401990999976,-0.24214634558065407,0.9640859800900002,0.7578536544193459,-9.7023
2023-10-16,963158.9800900002,679571.9800900002,283587.0,9,750238.1086354617,3626.597,-0.0009615324972503947,-0.010048834282813002,0.009087301785562607,-0.03684101990999977,-0.2497618913645383,0.9631589800900002,0.7502381086354617,-9.7891
2023-10-17,963805.9800900002,679571.9800900002,284234.0,9,752887.0930638602,3639.402,0.0006717478769076024,0.0035308582674060673,-0.002859110390498465,-0.03619401990999982,-0.24711290693613985,0.9638059800900002,0.7528870930638601,-9.7285
2023-10-18,962389.9800900002,679571.9800900002,282818.0,9,746924.0336223461,3610.577,-0.001469175362314945,-0.00792025722907208,0.006451081866757136,-0.03761001990999979,-0.25307596637765384,0.9623899800900002,0.7469240336223462,-9.8611
2023-10-19,956521.9800900002,679571.9800900002,276950.0,9,730988.3390898665,3533.545,-0.0060973203393610564,-0.021335094086069928,0.015237773746708871,-0.04347801990999978,-0.2690116609101335,0.9565219800900002,0.7309883390898665,-10.4107
2023-10-20,955306.9800900002,679571.9800900002,275735.0,9,726239.4061309973,3510.589,-0.0012702269527414822,-0.00649659194944463,0.005226364996703148,-0.044693019909999854,-0.27376059386900264,0.9553069800900001,0.7262394061309974,-10.5245
2023-10-23,950041.8380900002,709998.8380900002,240043.0,8,718720.6760216537,3474.244,-0.005511466062462889,-0.010352963562524464,0.004841497500061576,-0.0499581619099998,-0.2812793239783463,0.9500418380900002,0.7187206760216537,-11.0177
2023-10-24,950139.8920100003,766463.8920100003,183676.0,6,721386.4170091073,3487.13,0.00010321010724867463,0.0037090083482909098,-0.003605798241042235,-0.049860107989999736,-0.27861358299089267,0.9501398920100003,0.7213864170091073,-11.0085
2023-10-25,953443.8920100003,766463.8920100003,186980.0,6,724971.0794202976,3504.458,0.0034773826757346082,0.004969129341320988,-0.0014917466655863798,-0.04655610798999965,-0.2750289205797024,0.9534438920100003,0.7249710794202976,-10.699
2023-10-26,953294.8920100003,766463.8920100003,186831.0,6,726975.0397606252,3514.145,-0.00015627558291431143,0.0027641934929736323,-0.0029204690758879437,-0.04670510798999972,-0.2730249602393747,0.9532948920100003,0.7269750397606253,-10.713
2023-10-27,954822.8920100003,766463.8920100003,188359.0,6,736954.5015978725,3562.385,0.001602861835101388,0.013727378921473354,-0.012124517086371966,-0.04517710798999974,-0.26304549840212754,0.9548228920100003,0.7369545015978725,-10.5699
2023-10-30,953795.8920100003,766463.8920100003,187332.0,6,741378.8538017116,3583.772,-0.001075592142368964,0.006003562220254111,-0.007079154362623075,-0.04620410798999974,-0.25862114619828847,0.9537958920100003,0.7413788538017115,-10.666
2023-10-31,953503.8920100003,766463.8920100003,187040.0,6,739048.2439953595,3572.506,-0.0003061451642286661,-0.0031436151630180875,0.0028374699987894214,-0.0464961079899997,-0.2609517560046405,0.9535038920100003,0.7390482439953595,-10.6934
2023-11-01,954112.2848900002,797502.2848900002,156610.0,5,738742.2816392797,3571.027,0.00063806019576651,-0.00041399510595652167,0.0010520553017230316,-0.04588771510999978,-0.2612577183607203,0.9541122848900002,0.7387422816392797,-10.6364
2023-11-02,953860.2848900002,797502.2848900002,156358.0,5,735258.9860668178,3554.189,-0.00026411985674101857,-0.00471517017373424,0.004451050316993221,-0.04613971510999981,-0.2647410139331823,0.9538602848900002,0.7352589860668177,-10.66
2023-11-03,953738.2848900002,797502.2848900002,156236.0,5,741454.1548819097,3584.136,-0.00012790133097329015,0.008425832165931402,-0.008553733496904692,-0.04626171510999977,-0.2585458451180903,0.9537382848900002,0.7414541548819097,-10.6714
2023-11-06,954603.2848900002,797502.2848900002,157101.0,5,751481.6108142282,3632.608,0.0009069574050912799,0.013524040382396407,-0.012617082977305127,-0.04539671510999976,-0.24851838918577185,0.9546032848900002,0.7514816108142282,-10.5904
2023-11-07,954114.2848900002,797502.2848900002,156612.0,5,748823.5240574538,3619.759,-0.000512254679760904,-0.0035371281459493087,0.0030248734661884047,-0.045885715109999725,-0.2511764759425461,0.9541142848900003,0.7488235240574539,-10.6362
2023-11-08,953592.2848900002,797502.2848900002,156090.0,5,747026.4348165717,3611.072,-0.0005471042707008156,-0.0023998835281573427,0.0018527792574565272,-0.04640771510999975,-0.2529735651834284,0.9535922848900003,0.7470264348165716,-10.6851
2023-11-09,953958.2848900002,797502.2848900002,156456.0,5,747389.2867249988,3612.826,0.000383811830065639,0.0004857283377344146,-0.00010191650766877558,-0.04604171510999977,-0.2526107132750012,0.9539582848900002,0.7473892867249988,-10.6508
2023-11-10,952973.2848900002,797502.2848900002,155471.0,5,741940.9225789048,3586.489,-0.0010325399082975473,-0.007289861177925627,0.00625732126962808,-0.047026715109999784,-0.25805907742109524,0.9529732848900002,0.7419409225789048,-10.7431
2023-11-13,953423.0366500003,826754.0366500003,126669.0,4,740477.3095503285,3579.414,0.0004719458217046224,-0.0019726813605170923,0.0024446271822217147,-0.04657696334999972,-0.25952269044967147,0.9534230366500003,0.7404773095503285,-10.701
2023-11-14,953692.0366500003,826754.0366500003,126938.0,4,741024.2767372621,3582.058,0.0002821412842564097,0.0007386683965586727,-0.00045652711230226295,-0.04630796334999976,-0.2589757232627379,0.9536920366500002,0.7410242767372621,-10.6758
2023-11-15,954346.0366500003,826754.0366500003,127592.0,4,746234.739118994,3607.245,0.0006857559619530829,0.007031432768537016,-0.006345676806583933,-0.045653963349999716,-0.25376526088100604,0.9543460366500003,0.746234739118994,-10.6145
2023-11-16,953598.0366500003,826754.0366500003,126844.0,4,739018.8682992383,3572.364,-0.0007837827908058204,-0.009669706382571808,0.008885923591765987,-0.0464019633499998,-0.26098113170076176,0.9535980366500002,0.7390188682992382,-10.6846
2023-11-17,953147.0366500003,826754.0366500003,126393.0,4,738130.3569271201,3568.069,-0.00047294560461175195,-0.0012022850974873212,0.0007293394928755692,-0.04685296334999978,-0.26186964307287985,0.9531470366500002,0.7381303569271201,-10.7268
2023-11-20,953920.0366500003,826754.0366500003,127166.0,4,739837.8709819426,3576.323,0.0008109976428367638,0.0023132960713483364,-0.0015022984285115726,-0.04607996334999975,-0.26016212901805735,0.9539200366500002,0.7398378709819426,-10.6544
2023-11-21,954095.0366500003,826754.0366500003,127341.0,4,740819.2674777118,3581.067,0.0001834535320324182,0.0013265021084505335,-0.0011430485764181153,-0.04590496334999972,-0.25918073252228824,0.9540950366500003,0.7408192674777118,-10.638
2023-11-22,953813.0366500003,826754.0366500003,127059.0,4,733237.2348119377,3544.416,-0.0002955680400457128,-0.010234659111376665,0.009939091071330952,-0.04618696334999972,-0.2667627651880623,0.9538130366500003,0.7332372348119377,-10.6644
2023-11-23,954329.0366500003,826754.0366500003,127575.0,4,736775.5580968522,3561.52,0.0005409865247933965,0.004825618663272024,-0.004284632138478628,-0.04567096334999976,-0.26322444190314787,0.9543290366500002,0.7367755580968521,-10.6161
2023-11-24,953624.5663800001,746717.5663800001,206907.0,11,731911.8116777908,3538.009,-0.0007381838369636684,-0.006601394910038527,0.005863211073074859,-0.04637543361999996,-0.26808818832220915,0.95362456638,0.7319118116777908,-10.6821
2023-11-27,952845.5663800001,746717.5663800001,206128.0,11,726519.302728547,3511.942,-0.0008168833180934865,-0.007367703134729231,0.0065508198166357445,-0.047154433619999936,-0.27348069727145297,0.9528455663800001,0.726519302728547,-10.7551
2023-11-28,953764.5663800001,746717.5663800001,207047.0,11,727880.7214339974,3518.523,0.000964479483796632,0.0018738919947995925,-0.0009094125110029605,-0.04623543361999993,-0.2721192785660026,0.9537645663800001,0.7278807214339974,-10.669
2023-11-29,950756.5663800001,746717.5663800001,204039.0,11,721629.9042931546,3488.307,-0.0031538181497104967,-0.008587694325147166,0.005433876175436669,-0.04924343361999994,-0.27837009570684546,0.9507565663800001,0.7216299042931545,-10.9507
2023-11-30,951103.5663800001,746717.5663800001,204386.0,11,723263.3584943756,3496.203,0.00036497249902911477,0.002263562238071337,-0.0018985897390422224,-0.04889643361999996,-0.2767366415056244,0.95110356638,0.7232633584943756,-10.9182
2023-12-01,950641.7876800001,756077.7876800001,194564.0,10,720507.4217075637,3482.881,-0.00048551883971748033,-0.003810419475070548,0.0033249006353530675,-0.04935821231999993,-0.27949257829243634,0.9506417876800001,0.7205074217075637,-10.9615
2023-12-04,950196.7876800001,756077.7876800001,194119.0,10,715802.5522928765,3460.138,-0.0004681048169427049,-0.006529938863831353,0.006061834046888648,-0.04980321231999996,-0.2841974477071235,0.95019678768,0.7158025522928765,-11.0031
2023-12-05,947040.7876800001,756077.7876800001,190963.0,10,702173.6773903129,3394.257,-0.003321417248426717,-0.019039992046559928,0.01571857479813321,-0.05295921231999989,-0.2978263226096871,0.9470407876800001,0.7021736773903129,-11.2987
2023-12-06,946270.9976000001,779467.9976000001,166803.0,9,703278.5759324508,3399.598,-0.0008128373033285952,0.0015735402475416382,-0.0023863775508702334,-0.05372900239999989,-0.2967214240675492,0.9462709976000001,0.7032785759324508,-11.3708
2023-12-07,946496.9976000001,779467.9976000001,167029.0,9,701558.2358694627,3391.282,0.00023883221674680932,-0.0024461715767569725,0.002685003793503782,-0.05350300239999983,-0.29844176413053725,0.9464969976000002,0.7015582358694628,-11.3497
2023-12-08,945595.9976000001,779467.9976000001,166128.0,9,703250.4414629262,3399.462,-0.0009519311759937921,0.0024120671769554125,-0.0033639983529492046,-0.05440400239999987,-0.29674955853707374,0.9455959976000001,0.7032504414629263,-11.4341
2023-12-11,946660.9976000001,779467.9976000001,167193.0,9,707386.4153541385,3419.455,0.0011262738026631691,0.0058812247349726565,-0.004754950932309487,-0.05333900239999989,-0.2926135846458615,0.9466609976000001,0.7073864153541385,-11.3343
2023-12-12,947505.9976000001,779467.9976000001,168038.0,9,708906.5041928634,3426.803,0.0008926109791596026,0.0021488804502471925,-0.00125626947108759,-0.052494002399999906,-0.2910934958071366,0.9475059976000001,0.7089065041928634,-11.2552
2023-12-13,946314.9976000001,779467.9976000001,166847.0,9,697073.8910467844,3369.605,-0.0012569841278227134,-0.01669135926401355,0.015434375136190837,-0.05368500239999985,-0.3029261089532157,0.9463149976000002,0.6970738910467843,-11.3667
2023-12-14,945847.0357600001,803084.0357600001,142763.0,8,693424.4779814676,3351.964,-0.0004945095884423267,-0.005235331737696414,0.004740822149254087,-0.054152964239999934,-0.30657552201853233,0.9458470357600001,0.6934244779814677,-11.4105
2023-12-15,944562.0357600001,803084.0357600001,141478.0,8,691270.536094042,3341.552,-0.0013585706265575315,-0.0031062386111543328,0.0017476679845968013,-0.055437964239999915,-0.308729463905958,0.9445620357600001,0.691270536094042,-11.5309
2023-12-18,944210.3986200001,816086.3986200001,128124.0,7,688749.6048762001,3329.366,-0.00037227532622252646,-0.003646808429137116,0.0032745331029145897,-0.05578960137999989,-0.31125039512379993,0.9442103986200001,0.6887496048762001,-11.5638
2023-12-19,943879.3986200001,816086.3986200001,127793.0,7,689716.7272661075,3334.041,-0.00035055746101053664,0.0014041712446153376,-0.0017547287056258742,-0.05612060137999986,-0.31028327273389256,0.9438793986200001,0.6897167272661074,-11.5948
2023-12-20,943171.7043000001,839350.7043000001,103821.0,6,682157.8641634713,3297.502,-0.0007497719740834352,-0.010959373325043043,0.010209601350959607,-0.05682829569999992,-0.31784213583652876,0.9431717043000001,0.6821578641634712,-11.6611
2023-12-21,942832.9873,874771.9873,68061.0,4,689060.7390097659,3330.87,-0.00035912548951144707,0.010119175060393948,-0.010478300549905395,-0.05716701269999991,-0.31093926099023406,0.9428329873000001,0.6890607390097659,-11.6928
2023-12-22,942917.9873,874771.9873,68146.0,4,690376.02546004,3337.228,9.015382485011436e-05,0.0019088106110416447,-0.0018186567861915304,-0.05708201270000002,-0.30962397453996005,0.9429179873,0.69037602546004,-11.6849
2023-12-25,943082.9873,874771.9873,68311.0,4,692490.8687096705,3347.451,0.00017498870763144048,0.0030633208159587255,-0.002888332108327285,-0.056917012699999936,-0.30750913129032953,0.9430829873000001,0.6924908687096705,-11.6694
2023-12-26,942961.9873,874771.9873,68190.0,4,687802.9627251378,3324.79,-0.0001283026007566912,-0.006769628592024235,0.006641325991267544,-0.057038012699999974,-0.31219703727486214,0.9429619873,0.6878029627251379,-11.6808
2023-12-27,943126.9873,874771.9873,68355.0,4,690195.840732423,3336.357,0.00017498054239961647,0.0034790167198530675,-0.003304036177453451,-0.0568730127,-0.309804159267577,0.9431269873,0.690195840732423,-11.6653
2023-12-28,942828.9873,874771.9873,68057.0,4,706369.6439003643,3414.54,-0.00031597017582241094,0.023433643342124277,-0.02374961351794669,-0.05717101269999991,-0.2936303560996357,0.9428289873000001,0.7063696439003643,-11.6932
2023-12-29,942823.9873,874771.9873,68052.0,4,709797.4980181749,3431.11,-5.303188666649916e-06,0.004852776655127844,-0.004858079843794494,-0.057176012699999945,-0.29020250198182507,0.9428239873,0.7097974980181749,-11.6937
2024-01-02,943534.9873,874771.9873,68763.0,4,700538.3613491968,3386.352,0.0007541174276188833,-0.01304475811034922,0.013798875537968103,-0.05646501269999993,-0.2994616386508032,0.9435349873000001,0.7005383613491968,-11.6271
2024-01-03,944566.9873,874771.9873,69795.0,4,698872.014643164,3378.297,0.0010937591227573318,-0.002378665891791365,0.003472425014548697,-0.055433012700000006,-0.30112798535683605,0.9445669873,0.698872014643164,-11.5304
2024-01-04,944732.9873,874771.9873,69961.0,4,692408.3271409918,3347.052,0.0001757419031491736,-0.009248742783716235,0.009424484686865409,-0.05526701270000001,-0.30759167285900824,0.9447329873,0.6924083271409918,-11.5149
2024-01-05,945214.9873,874771.9873,70443.0,4,688696.8527458415,3329.111,0.0005101970678271783,-0.0053602393987306485,0.005870436466557827,-0.05478501269999991,-0.31130314725415853,0.9452149873000001,0.6886968527458415,-11.4697
2024-01-08,944983.9873,874771.9873,70212.0,4,679790.0175592189,3286.056,-0.00024438884603372735,-0.012932882081732933,0.012688493235699205,-0.055016012700000005,-0.320209982440781,0.9449839873,0.679790017559219,-11.4914
2024-01-09,945058.9873,874771.9873,70287.0,4,681122.8880529457,3292.499,7.936642420180995e-05,0.001960709129728677,-0.0018813427055268672,-0.05494101269999996,-0.31887711194705426,0.9450589873,0.6811228880529457,-11.4844
2024-01-10,944751.9873,874771.9873,69980.0,4,677943.2792544697,3277.129,-0.0003248474477525187,-0.004668186687376341,0.004343339239623822,-0.055248012700000015,-0.3220567207455304,0.9447519873,0.6779432792544696,-11.5131
2024-01-11,944301.9873,874771.9873,69530.0,4,681779.2900514861,3295.672,-0.00047631548390392187,0.005658306401731483,-0.006134621885635405,-0.055698012699999966,-0.3182207099485139,0.9443019873,0.6817792900514861,-11.5553
2024-01-12,944773.9873,874771.9873,70002.0,4,679399.2380523665,3284.167,0.000499840100251836,-0.0034909420597680763,0.003990782160019912,-0.05522601269999994,-0.32060076194763343,0.9447739873000001,0.6793992380523666,-11.5111
2024-01-15,945166.9873,874771.9873,70395.0,4,678727.5275924673,3280.92,0.00041597250271796504,-0.0009886829750130888,0.0014046554777310538,-0.05483301269999996,-0.32127247240753276,0.9451669873,0.6787275275924672,-11.4742
2024-01-16,945781.9873,874771.9873,71010.0,4,682855.8472530001,3300.876,0.000650678671878735,0.006082440291137914,-0.005431761619259179,-0.05421801269999993,-0.3171441527469999,0.9457819873000001,0.6828558472530001,-11.4166
2024-01-17,945164.9873,874771.9873,70393.0,4,668003.7435394156,3229.082,-0.0006523702166938428,-0.021749983943656126,0.021097613726962283,-0.05483501269999991,-0.3319962564605844,0.9451649873000001,0.6680037435394156,-11.4744
2024-01-18,945094.9873,874771.9873,70323.0,4,677446.7886158007,3274.729,-7.406114375863027e-05,0.014136215803748575,-0.014210276947507205,-0.05490501269999992,-0.32255321138419935,0.9450949873000001,0.6774467886158007,-11.481
2024-01-19,944592.9873,874771.9873,69821.0,4,676422.1560602474,3269.776,-0.0005311635409622761,-0.0015124915680045925,0.0009813280270423164,-0.055407012699999925,-0.32357784393975253,0.9445929873000001,0.6764221560602475,-11.528
2024-01-22,934860.57337,685628.57337,249232.0,8,665897.7957470613,3218.902,-0.010303288358956553,-0.015558863971109838,0.005255575612153285,-0.06513942663000005,-0.3341022042529388,0.93486057337,0.6658977957470612,-12.4396
2024-01-23,938393.57337,685628.57337,252765.0,8,668593.5330439344,3231.933,0.003779173173668271,0.00404827484651582,-0.00026910167284754927,-0.061606426630000044,-0.33140646695606557,0.93839357337,0.6685935330439344,-12.1086
2024-01-24,945478.57337,685628.57337,259850.0,8,677939.1418324807,3277.109,0.007550136958585529,0.013978012539245022,-0.006427875580659492,-0.054521426630000036,-0.3220608581675193,0.94547857337,0.6779391418324807,-11.4451
2024-01-25,954034.57337,685628.57337,268406.0,8,691553.3288869838,3342.919,0.00904938540225575,0.020081724471172624,-0.011032339068916874,-0.04596542663000003,-0.30844667111301616,0.95403457337,0.6915533288869838,-10.6437
2024-01-26,952842.57337,685628.57337,267214.0,8,689671.2156242294,3333.821,-0.0012494306110829578,-0.0027215735708822075,0.0014721429597992497,-0.04715742663,-0.3103287843757706,0.95284257337,0.6896712156242294,-10.7553
2024-01-29,951107.57337,685628.57337,265479.0,8,683493.8377236897,3303.96,-0.0018208674218488374,-0.008956989592422637,0.0071361221705738,-0.04889242663000004,-0.31650616227631023,0.95110757337,0.6834938377236898,-10.9178
2024-01-30,946847.57337,685628.57337,261219.0,8,671304.7856732663,3245.039,-0.004478988622607427,-0.017833448346832093,0.013354459724224665,-0.05315242662999997,-0.32869521432673376,0.94684757337,0.6713047856732662,-11.3168
2024-01-31,944178.67285,748607.67285,195571.0,6,665163.4033440299,3215.352,-0.0028187224586750936,-0.009148426259284026,0.006329703800608932,-0.05582132714999999,-0.3348365966559701,0.94417867285,0.6651634033440299,-11.5668
2024-02-01,944138.67285,748607.67285,195531.0,6,665651.4122676217,3217.711,-4.23648628699036e-05,0.000733667729069909,-0.0007760325919398126,-0.05586132715000003,-0.3343485877323783,0.94413867285,0.6656514122676217,-11.5706
2024-02-02,940268.67285,748607.67285,191661.0,6,657773.1401874418,3179.628,-0.004098974135142597,-0.011835432081998554,0.007736457946855957,-0.05973132715000007,-0.3422268598125582,0.9402686728499999,0.6577731401874418,-11.933
2024-02-05,938455.7541299999,904960.7541299999,33495.0,1,662074.8178293098,3200.422,-0.0019280858464687523,0.006539758739072532,-0.008467844585541284,-0.06154424587000007,-0.3379251821706901,0.9384557541299999,0.6620748178293099,-12.1028
2024-02-06,939925.7541299999,904960.7541299999,34965.0,1,685093.3650646018,3311.692,0.001566403097355229,0.03476729006362289,-0.03320088696626766,-0.0600742458700001,-0.3149066349353983,0.9399257541299999,0.6850933650646017,-11.9651
2024-02-07,939652.7541299999,904960.7541299999,34692.0,1,691700.4142386896,3343.63,-0.00029044847297821086,0.009644012788628809,-0.00993446126160702,-0.060347245870000066,-0.30829958576131045,0.9396527541299999,0.6917004142386896,-11.9907
2024-02-08,940450.7541299999,904960.7541299999,35490.0,1,696106.768656877,3364.93,0.0008492498920400493,0.006370322075109902,-0.005521072183069853,-0.0595492458700001,-0.30389323134312296,0.9404507541299999,0.696106768656877,-11.916
2024-02-19,941290.7541299999,904960.7541299999,36330.0,1,704149.503261116,3403.808,0.0008931887143597272,0.011553880764235691,-0.010660692049875964,-0.05870924587000015,-0.295850496738884,0.9412907541299999,0.704149503261116,-11.8373
2024-02-20,941290.7541299999,904960.7541299999,36330.0,1,705607.1170278084,3410.854,0.0,0.0020700345025337352,-0.0020700345025337352,-0.05870924587000015,-0.29439288297219157,0.9412907541299999,0.7056071170278084,-11.8373
2024-02-21,941290.7541299999,904960.7541299999,36330.0,1,715126.7044109884,3456.871,0.0,0.013491342637357073,-0.013491342637357073,-0.05870924587000015,-0.28487329558901164,0.9412907541299999,0.7151267044109884,-11.8373
2024-02-22,941605.7541299999,904960.7541299999,36645.0,1,721292.2906588597,3486.675,0.000334646865081778,0.008621669712291835,-0.008287022847210057,-0.05839424587000008,-0.2787077093411403,0.9416057541299999,0.7212922906588597,-11.8078
2024-02-23,941521.7541299999,904960.7541299999,36561.0,1,721926.7643208588,3489.742,-8.920931040568014e-05,0.0008796346089039453,-0.0009688439193096254,-0.058478245870000056,-0.2780732356791412,0.9415217541299999,0.7219267643208588,-11.8157
2024-02-26,941521.7541299999,904960.7541299999,36561.0,1,714400.1731097361,3453.359,0.0,-0.010425699091795249,0.010425699091795249,-0.058478245870000056,-0.285599826890264,0.9415217541299999,0.714400173109736,-11.8157
2024-02-27,941899.7541299999,904960.7541299999,36939.0,1,722970.4290175608,3494.787,0.00040147771237553087,0.011996435933825378,-0.011594958221449847,-0.05810024587000007,-0.2770295709824392,0.9418997541299999,0.7229704290175608,-11.7803
2024-02-28,941668.7541299999,904960.7541299999,36708.0,1,713759.0795725547,3450.26,-0.00024524902887712585,-0.01274097677483621,0.012495727745959084,-0.05833124587000005,-0.2862409204274453,0.94166875413,0.7137590795725547,-11.8019
2024-02-29,942760.7541299999,904960.7541299999,37800.0,1,727375.9559513505,3516.083,0.0011596434470302341,0.019077692695622872,-0.017918049248592638,-0.057239245870000066,-0.2726240440486495,0.9427607541299999,0.7273759559513505,-11.6996
2024-03-01,942886.7541299999,904960.7541299999,37926.0,1,731869.4031024046,3537.804,0.00013365002674126103,0.006177612985814207,-0.006043962959072946,-0.05711324587000011,-0.26813059689759544,0.9428867541299999,0.7318694031024046,-11.6878
2024-03-04,943138.7541299999,904960.7541299999,38178.0,1,732503.4630222048,3540.869,0.00026726433359702817,0.0008663566438389392,-0.000599092310241911,-0.05686124587000008,-0.2674965369777952,0.9431387541299999,0.7325034630222048,-11.6642
2024-03-05,943033.7541299999,904960.7541299999,38073.0,1,737601.8012680371,3565.514,-0.0001113303843577329,0.0069601558261542795,-0.007071486210512012,-0.0569662458700001,-0.2623981987319629,0.9430337541299999,0.7376018012680371,-11.674
2024-03-06,942781.7541299999,904960.7541299999,37821.0,1,734609.2039434597,3551.048,-0.0002672226724614868,-0.004057199046196391,0.0037899763737349046,-0.05721824587000013,-0.26539079605654037,0.9427817541299999,0.7346092039434596,-11.6976
2024-03-07,942130.7541299999,904960.7541299999,37170.0,1,730197.0571344877,3529.72,-0.000690509757054758,-0.006006114251342232,0.005315604494287474,-0.057869245870000086,-0.2698029428655123,0.9421307541299999,0.7301970571344877,-11.7586
2024-03-08,942571.7541299999,904960.7541299999,37611.0,1,733339.4291350637,3544.91,0.0004680878933913668,0.004303457498045171,-0.0038353696046538044,-0.05742824587000006,-0.26666057086493633,0.9425717541299999,0.7333394291350637,-11.7173
2024-03-11,942508.7541299999,904960.7541299999,37548.0,1,742514.9898798659,3589.264,-6.68384128040822e-05,0.012512024282704148,-0.01257886269550823,-0.057491245870000096,-0.25748501012013414,0.9425087541299999,0.7425149898798659,-11.7232
2024-03-12,942151.7541299999,904960.7541299999,37191.0,1,744217.5390283017,3597.494,-0.00037877632269800454,0.002292949195155325,-0.0026717255178533295,-0.05784824587000015,-0.2557824609716983,0.9421517541299999,0.7442175390283017,-11.7567
2024-03-13,941752.7541299999,904960.7541299999,36792.0,1,739018.2476859398,3572.361,-0.00042349865427826483,-0.006986252096598644,0.006562753442320379,-0.058247245870000075,-0.2609817523140602,0.9417527541299999,0.7390182476859398,-11.794
2024-03-14,941710.7541299999,904960.7541299999,36750.0,1,736920.9884797622,3562.223,-4.459769277642689e-05,-0.0028378990813077154,0.0027933013885312885,-0.05828924587000006,-0.2630790115202378,0.9417107541299999,0.7369209884797622,-11.798
2024-03-15,941451.9996899999,941451.9996899999,0.0,0,738528.376922453,3569.993,-0.00027477061174596695,0.002181222231174118,-0.002455992842920085,-0.05854800031000018,-0.2614716230775469,0.9414519996899998,0.7385283769224531,-11.8222
2024-03-18,941451.9996899999,941451.9996899999,0.0,0,745465.7992423553,3603.528,0.0,0.009393575841745383,-0.009393575841745383,-0.05854800031000018,-0.25453420075764477,0.9414519996899998,0.7454657992423552,-11.8222
2024-03-19,941451.9996899999,941451.9996899999,0.0,0,740108.2515089178,3577.63,0.0,-0.007186845780024487,0.007186845780024487,-0.05854800031000018,-0.2598917484910822,0.9414519996899998,0.7401082515089178,-11.8222
2024-03-20,941451.9996899999,941451.9996899999,0.0,0,741712.3300140176,3585.384,0.0,0.0021673566019964063,-0.0021673566019964063,-0.05854800031000018,-0.2582876699859824,0.9414519996899998,0.7417123300140176,-11.8222
2024-03-21,941451.9996899999,941451.9996899999,0.0,0,740824.0255129989,3581.09,0.0,-0.0011976401969776562,0.0011976401969776562,-0.05854800031000018,-0.259175974487001,0.9414519996899998,0.740824025512999,-11.8222
2024-03-22,941451.9996899999,941451.9996899999,0.0,0,733358.4612762126,3545.002,0.0,-0.01007737867520786,0.01007737867520786,-0.05854800031000018,-0.2666415387237874,0.9414519996899998,0.7333584612762126,-11.8222
2024-03-25,941451.9996899999,941451.9996899999,0.0,0,729378.4681939823,3525.763,0.0,-0.005427077333101549,0.005427077333101549,-0.05854800031000018,-0.2706215318060178,0.9414519996899998,0.7293784681939822,-11.8222
2024-03-26,942602.4778899997,662449.4778899997,280153.0,8,733098.8380464086,3543.747,0.0012220253399841674,0.0051007398965838835,-0.003878714556599716,-0.057397522110000265,-0.26690116195359137,0.9426024778899997,0.7330988380464086,-11.7144
2024-03-27,941530.4778899997,662449.4778899997,279081.0,8,724625.3978131242,3502.787,-0.0011372768745523398,-0.011558387209922083,0.010421110335369743,-0.05846952211000023,-0.2753746021868758,0.9415304778899998,0.7246253978131242,-11.8148
2024-03-28,942927.4778899997,662449.4778899997,280478.0,8,728385.9006588431,3520.965,0.001483754411360838,0.005189581895787665,-0.003705827484426827,-0.057072522110000246,-0.2716140993411569,0.9429274778899998,0.7283859006588431,-11.684
2024-03-29,947967.4778899997,662449.4778899997,285518.0,8,731803.204350582,3537.484,0.00534505581625222,0.004691611532633866,0.000653444283618354,-0.0520325221100002,-0.268196795649418,0.9479674778899998,0.731803204350582,-11.2119
2024-04-01,952733.4778899997,662449.4778899997,290284.0,8,743835.4481076259,3595.647,0.005027598637252995,0.016441911822074662,-0.011414313184821667,-0.047266522110000264,-0.2561645518923741,0.9527334778899997,0.7438354481076259,-10.7656
2024-04-02,954858.4778899997,662449.4778899997,292409.0,8,740738.3808778285,3580.676,0.0022304244044264454,-0.004163645652646264,0.006394070057072709,-0.04514152211000022,-0.2592616191221715,0.9548584778899998,0.7407383808778285,-10.5665
2024-04-03,954784.4778899997,662449.4778899997,292335.0,8,738075.3292146677,3567.803,-7.749839553561344e-05,-0.003595131198689705,0.0035176328031540915,-0.04521552211000024,-0.2619246707853323,0.9547844778899998,0.7380753292146677,-10.5735
2024-04-08,953324.4778899997,662449.4778899997,290875.0,8,731580.6110475786,3536.408,-0.0015291409043708404,-0.008799532933853271,0.007270392029482431,-0.046675522110000256,-0.26841938895242134,0.9533244778899997,0.7315806110475787,-10.7102
2024-04-09,953403.4778899997,662449.4778899997,290954.0,8,730976.3405660986,3533.487,8.286790262101995e-05,-0.0008259793553232475,0.0009088472579442675,-0.046596522110000205,-0.2690236594339014,0.9534034778899998,0.7309763405660986,-10.7028
2024-04-10,951465.4778899997,662449.4778899997,289016.0,8,725023.0040662583,3504.709,-0.002032717569154463,-0.008144362778184755,0.006111645209030292,-0.0485345221100002,-0.2749769959337417,0.9514654778899998,0.7250230040662583,-10.8843
2024-04-11,954624.4778899997,662449.4778899997,292175.0,8,724927.0158761156,3504.245,0.00332014148007298,-0.00013239330283909556,0.0034525347829120756,-0.04537552211000029,-0.27507298412388437,0.9546244778899997,0.7249270158761156,-10.5884
2024-04-12,954252.4778899997,662449.4778899997,291803.0,8,719050.635425269,3475.839,-0.0003896820253574962,-0.008106168375784262,0.0077164863504267656,-0.045747522110000216,-0.28094936457473096,0.9542524778899998,0.719050635425269,-10.6233
2024-04-15,960385.4778899997,662449.4778899997,297936.0,8,734201.2541353533,3549.076,0.006427020251035698,0.021070308492424417,-0.014643288241388719,-0.03961452211000027,-0.2657987458646467,0.9603854778899997,0.7342012541353533,-10.0489
2024-04-16,955817.4778899997,662449.4778899997,293368.0,8,726348.2203293057,3511.115,-0.00475642344159144,-0.010696023415671996,0.005939599974080556,-0.04418252211000029,-0.2736517796706942,0.9558174778899997,0.7263482203293058,-10.4767
2024-04-17,959763.0883299998,735275.0883299998,224488.0,6,737578.8385759986,3565.403,0.0041279957013447,0.015461755026537016,-0.011333759325192316,-0.04023691167000021,-0.2624211614240014,0.9597630883299998,0.7375788385759986,-10.1071
2024-04-18,960618.0883299998,735275.0883299998,225343.0,6,738488.8645424591,3569.802,0.0008908448453541773,0.0012338016207427138,-0.00034295677538853653,-0.03938191167000016,-0.2615111354575409,0.9606180883299998,0.7384888645424591,-10.0271
2024-04-19,961558.0883299998,735275.0883299998,226283.0,6,732667.5118040649,3541.662,0.0009785366436667609,-0.007882790137940687,0.008861326781607448,-0.03844191167000022,-0.26733248819593514,0.9615580883299998,0.7326675118040649,-9.939
2024-04-22,959227.0883299998,735275.0883299998,223952.0,6,730442.1993873306,3530.905,-0.0024241905177547762,-0.003037274590291128,0.0006130840725363518,-0.04077291167000019,-0.26955780061266943,0.9592270883299998,0.7304421993873306,-10.1574
2024-04-23,959007.3252899998,811221.3252899998,147786.0,4,725336.6206530177,3506.225,-0.00022910428893596624,-0.006989709437098868,0.0067606051481629015,-0.04099267471000012,-0.2746633793469824,0.9590073252899999,0.7253366206530176,-10.1779
2024-04-24,959720.3252899998,811221.3252899998,148499.0,4,728521.8149711788,3521.622,0.0007434771155521158,0.004391332558520977,-0.0036478554429688614,-0.04027967471000016,-0.27147818502882126,0.9597203252899998,0.7285218149711787,-10.1112
2024-04-25,961556.3252899998,811221.3252899998,150335.0,4,730313.1118212766,3530.281,0.0019130573268262285,0.0024588101732667678,-0.0005457528464405392,-0.03844367471000021,-0.26968688817872344,0.9615563252899998,0.7303131118212766,-9.9392
2024-04-26,960189.3252899998,811221.3252899998,148968.0,4,741481.668738136,3584.269,-0.0014216535880908765,0.015292833629957592,-0.016714487218048468,-0.039810674710000216,-0.2585183312618641,0.9601893252899998,0.7414816687381359,-10.0672
2024-04-29,962824.3252899998,811221.3252899998,151603.0,4,749682.6597334507,3623.912,0.002744250462484832,0.011060274772903389,-0.008316024310418557,-0.03717567471000016,-0.2503173402665493,0.9628243252899998,0.7496826597334507,-9.8204
2024-04-30,960539.3252899998,811221.3252899998,149318.0,4,745644.949614475,3604.394,-0.0023732262885151068,-0.005385892372662515,0.0030126660841474084,-0.03946067471000014,-0.254355050385525,0.9605393252899999,0.745644949614475,-10.0344
2024-05-06,962582.9418899998,845909.9418899998,116673.0,3,756709.0366261144,3657.877,0.002127572027707414,0.014838277946306544,-0.01271070591859913,-0.03741705811000018,-0.24329096337388556,0.9625829418899998,0.7567090366261144,-9.843
2024-05-07,962255.9418899998,845909.9418899998,116346.0,3,756943.0078395872,3659.008,-0.00033971098569229863,0.0003091957438701165,-0.0006489067295624151,-0.037744058110000256,-0.24305699216041288,0.9622559418899997,0.7569430078395871,-9.8737
2024-05-08,962325.9418899998,845909.9418899998,116416.0,3,750988.2232420509,3630.223,7.274571863136181e-05,-0.007866886325473832,0.007939632044105194,-0.03767405811000024,-0.24901177675794917,0.9623259418899998,0.7509882232420508,-9.8671
2024-05-09,963124.9418899998,845909.9418899998,117215.0,3,758091.7630548077,3664.561,0.000830280017631857,0.009458923046876233,-0.008628643029244376,-0.03687505811000025,-0.24190823694519237,0.9631249418899998,0.7580917630548076,-9.7923
2024-05-10,964411.9418899998,845909.9418899998,118502.0,3,758446.753861456,3666.277,0.0013362752266330435,0.00046826891406626103,0.0008680063125667825,-0.03558805811000021,-0.241553246138544,0.9644119418899998,0.758446753861456,-9.6717
2024-05-13,966176.9418899998,845909.9418899998,120267.0,3,758118.6562977354,3664.691,0.0018301308013057849,-0.0004325914272164111,0.002262722228522196,-0.03382305811000019,-0.24188134370226455,0.9661769418899998,0.7581186562977354,-9.5064
2024-05-14,967423.9418899998,845909.9418899998,121514.0,3,756536.9198713758,3657.045,0.0012906538605244045,-0.0020863969158654294,0.003377050776389834,-0.032576058110000194,-0.24346308012862417,0.9674239418899998,0.7565369198713758,-9.3896
2024-05-15,967375.9418899998,845909.9418899998,121466.0,3,750126.1913706617,3626.056,-4.961630358890634e-05,-0.008473781427354554,0.008424165123765648,-0.03262405811000024,-0.24987380862933828,0.9673759418899998,0.7501261913706617,-9.3941
2024-05-16,967295.9418899998,845909.9418899998,121386.0,3,753085.0687060296,3640.359,-8.26979424810581e-05,0.003944506096982492,-0.00402720403946355,-0.03270405811000021,-0.24691493129397046,0.9672959418899998,0.7530850687060295,-9.4016
2024-05-17,967123.9418899998,845909.9418899998,121214.0,3,760865.6976272712,3677.97,-0.00017781528129223734,0.01033167333221785,-0.010509488613510087,-0.03287605811000016,-0.2391343023727288,0.9671239418899998,0.7608656976272712,-9.4177
2024-05-20,966843.9418899998,845909.9418899998,120934.0,3,763553.3669512662,3690.962,-0.00028951821775069497,0.003532383352773616,-0.003821901570524311,-0.03315605811000022,-0.2364466330487338,0.9668439418899998,0.7635533669512662,-9.4439
2024-05-21,967453.9418899998,845909.9418899998,121544.0,3,760491.4678083746,3676.161,0.0006309187797230997,-0.0040100656685166935,0.004640984448239793,-0.03254605811000022,-0.2395085321916255,0.9674539418899998,0.7604914678083745,-9.3868
2024-05-22,967166.9418899998,845909.9418899998,121257.0,3,762206.429222777,3684.451,-0.00029665494921582436,0.002255069894925521,-0.0025517248441413454,-0.03283305811000026,-0.23779357077722296,0.9671669418899997,0.762206429222777,-9.4137
2024-05-23,966509.4847299998,887269.4847299998,79240.0,2,753381.5149915349,3641.792,-0.0006797762945818242,-0.011578115708418935,0.01089833941383711,-0.03349051527000024,-0.24661848500846517,0.9665094847299998,0.7533815149915348,-9.4753
2024-05-24,966197.4847299998,887269.4847299998,78928.0,2,745041.0928751938,3601.475,-0.0003228111104229825,-0.011070648735567623,0.01074783762514464,-0.03380251527000022,-0.2549589071248062,0.9661974847299998,0.7450410928751938,-9.5045
2024-05-27,966724.4847299998,887269.4847299998,79455.0,2,752122.911222509,3635.708,0.0005454371475075437,0.009505272145440502,-0.008959834997932958,-0.03327551527000017,-0.24787708877749104,0.9667244847299998,0.752122911222509,-9.4551
2024-05-28,965763.2619899997,701763.2619899997,264000.0,8,746633.3797276252,3609.172,-0.0009943088803306965,-0.007298715958487523,0.006304407078156826,-0.03423673801000027,-0.2533666202723748,0.9657632619899997,0.7466333797276252,-9.5452
2024-05-29,964929.2619899997,701763.2619899997,263166.0,8,747533.2690102127,3613.522,-0.0008635656716549089,0.0012052625920848659,-0.002068828263739775,-0.03507073801000027,-0.2524667309897872,0.9649292619899997,0.7475332690102128,-9.6233
2024-05-30,962633.2619899997,701763.2619899997,260870.0,8,743559.2751898663,3594.312,-0.0023794490336679353,-0.005316143086993685,0.00293669405332575,-0.037366738010000344,-0.2564407248101337,0.9626332619899997,0.7435592751898663,-9.8383
2024-05-31,962396.2619899997,701763.2619899997,260633.0,8,740583.0206821451,3579.925,-0.0002461996788996057,-0.0040027131757064405,0.0037565134968068348,-0.037603738010000276,-0.2594169793178549,0.9623962619899997,0.7405830206821451,-9.8605
2024-06-03,961027.2619899997,701763.2619899997,259264.0,8,742408.2443925521,3588.748,-0.0014224909780605755,0.002464576771859628,-0.0038870677499202033,-0.03897273801000034,-0.25759175560744796,0.9610272619899997,0.742408244392552,-9.9887
2024-06-04,961048.2619899997,701763.2619899997,259285.0,8,747977.835002921,3615.671,2.1851617358459308e-05,0.007502059213965406,-0.007480207596606947,-0.03895173801000029,-0.25202216499707897,0.9610482619899997,0.747977835002921,-9.9868
2024-06-05,959009.2619899997,701763.2619899997,257246.0,8,743658.9870597989,3594.794,-0.0021216416288791784,-0.00577403198465809,0.0036523903557789117,-0.040990738010000305,-0.25634101294020106,0.9590092619899997,0.7436589870597989,-10.1778
2024-06-06,959490.2619899997,701763.2619899997,257727.0,8,743131.6726273126,3592.245,0.0005015592852584128,-0.0007090809654182184,0.0012106402506766312,-0.04050973801000035,-0.2568683273726874,0.9594902619899996,0.7431316726273126,-10.1327
2024-06-07,962120.2619899997,701763.2619899997,260357.0,8,739380.8927232677,3574.114,0.0027410387621291665,-0.005047261531437863,0.00778830029356703,-0.03787973801000033,-0.2606191072767323,0.9621202619899997,0.7393808927232677,-9.8864
2024-06-11,958457.2619899997,701763.2619899997,256694.0,8,732918.8601898912,3542.877,-0.0038072163581958085,-0.008739788378322455,0.0049325720201266465,-0.0415427380100003,-0.26708113981010884,0.9584572619899997,0.7329188601898912,-10.2295
2024-06-12,958756.2619899997,701763.2619899997,256993.0,8,733176.6215798002,3544.123,0.0003119596583567308,0.00035169157721259836,-3.9731918855867576e-05,-0.041243738010000364,-0.2668233784201999,0.9587562619899996,0.7331766215798001,-10.2014
2024-06-13,958520.2619899997,701763.2619899997,256757.0,8,729454.5967585782,3526.131,-0.00024615223843249545,-0.005076573245341609,0.004830421006909114,-0.04147973801000027,-0.27054540324142184,0.9585202619899997,0.7294545967585782,-10.2236
2024-06-14,958792.2619899997,701763.2619899997,257029.0,8,732640.8254322365,3541.533,0.00028377073577479095,0.004367960237438684,-0.004084189501663893,-0.04120773801000033,-0.2673591745677635,0.9587922619899997,0.7326408254322365,-10.1981
2024-06-17,955806.0339899997,727044.0339899997,228762.0,7,731537.3749877946,3536.199,-0.00311457248705993,-0.0015061274312566653,-0.0016084450558032648,-0.04419396601000036,-0.2684626250122054,0.9558060339899996,0.7315373749877946,-10.4778
2024-06-18,956992.0339899997,727044.0339899997,229948.0,7,733480.1014826866,3545.59,0.001240837531699901,0.0026556763349574464,-0.0014148388032575454,-0.04300796601000034,-0.2665198985173134,0.9569920339899997,0.7334801014826866,-10.3667
2024-06-19,957828.0339899997,727044.0339899997,230784.0,7,729996.1852969262,3528.749,0.0008735704899385244,-0.0047498441726201435,0.005623414662558668,-0.042171966010000284,-0.2700038147030738,0.9578280339899997,0.7299961852969262,-10.2884
2024-06-20,958755.6545499996,760412.6545499996,198343.0,6,724727.7990073498,3503.282,0.0009684625288484128,-0.007217005233299267,0.00818546776214768,-0.04124434545000033,-0.27527220099265026,0.9587556545499997,0.7247277990073497,-10.2015
2024-06-21,958221.6545499996,760412.6545499996,197809.0,6,723142.7526433989,3495.62,-0.0005569719432326758,-0.0021870919897398755,0.0016301200465071997,-0.041778345450000365,-0.2768572473566011,0.9582216545499996,0.7231427526433989,-10.2515
2024-06-24,958738.6545499996,760412.6545499996,198326.0,6,719251.5072628306,3476.81,0.0005395411359627733,-0.005381019676051646,0.005920560812014419,-0.041261345450000375,-0.2807484927371694,0.9587386545499996,0.7192515072628306,-10.2031
2024-06-25,959136.6545499996,760412.6545499996,198724.0,6,715339.9885145166,3457.902,0.0004151287716533947,-0.005438318458586999,0.005853447230240394,-0.040863345450000366,-0.28466001148548337,0.9591366545499996,0.7153399885145166,-10.1658
2024-06-26,958480.3965499996,794936.3965499996,163544.0,5,719966.2469114145,3480.265,-0.000684217412489474,0.006467216248465135,-0.007151433660954609,-0.041519603450000386,-0.28003375308858547,0.9584803965499996,0.7199662469114145,-10.2273
2024-06-27,960314.3965499996,794936.3965499996,165378.0,5,714557.1882742151,3454.118,0.0019134454983131821,-0.007512933641547481,0.009426379139860663,-0.039685603450000384,-0.2854428117257849,0.9603143965499996,0.7145571882742151,-10.0555
2024-06-28,962888.3965499996,794936.3965499996,167952.0,5,716116.7894929341,3461.657,0.002680372187741087,0.0021826121748012017,0.0004977600129398851,-0.03711160345000042,-0.2838832105070659,0.9628883965499996,0.7161167894929341,-9.8144
2024-07-01,965250.3965499996,794936.3965499996,170314.0,5,719535.5412823692,3478.183,0.002453036103106987,0.004774014294310458,-0.002320978191203471,-0.034749603450000444,-0.2804644587176308,0.9652503965499996,0.7195355412823692,-9.5932
2024-07-02,968610.3965499996,794936.3965499996,173674.0,5,718212.1868592169,3471.786,0.0034809620508930994,-0.0018391786746124739,0.005320140725505573,-0.031389603450000414,-0.28178781314078316,0.9686103965499996,0.7182121868592168,-9.2785
2024-07-03,966987.3965499996,794936.3965499996,172051.0,5,716480.2620146597,3463.414,-0.0016755963035094412,-0.0024114389538988368,0.0007358426503893956,-0.033012603450000455,-0.28351973798534025,0.9669873965499995,0.7164802620146598,-9.4305
2024-07-04,968066.3965499996,794936.3965499996,173130.0,5,712839.123793321,3445.813,0.001115836673621251,-0.005081979803742698,0.006197816477363949,-0.0319336034500004,-0.28716087620667907,0.9680663965499996,0.7128391237933209,-9.3294
2024-07-05,964893.3965499996,794936.3965499996,169957.0,5,709787.3613343021,3431.061,-0.0032776677419110722,-0.004281137716991679,0.0010034699750806064,-0.035106603450000384,-0.2902126386656979,0.9648933965499996,0.7097873613343021,-9.6266
2024-07-08,966544.3965499996,794936.3965499996,171608.0,5,703725.8312494518,3401.76,0.0017110698507245559,-0.008539923947723516,0.010250993798448071,-0.033455603450000426,-0.29627416875054813,0.9665443965499996,0.7037258312494519,-9.472
2024-07-09,967130.3965499996,794936.3965499996,172194.0,5,711597.4834544495,3439.811,0.0006062835831355251,0.011185680353699157,-0.010579396770563632,-0.03286960345000045,-0.2884025165455506,0.9671303965499995,0.7115974834544494,-9.4171
2024-07-10,965246.3965499996,794936.3965499996,170310.0,5,709353.9663809639,3428.966,-0.0019480310066984918,-0.0031527894991904004,0.0012047584924919086,-0.03475360345000045,-0.29064603361903607,0.9652463965499996,0.7093539663809639,-9.5936
2024-07-11,964462.3965499996,794936.3965499996,169526.0,5,717463.9340925226,3468.169,-0.0008122278444159248,0.011432892597943445,-0.01224512044235937,-0.035537603450000455,-0.2825360659074774,0.9644623965499995,0.7174639340925226,-9.667
2024-07-12,964428.3965499996,794936.3965499996,169492.0,5,718339.4125853757,3472.401,-3.525280002791842e-05,0.001220240420810148,-0.0012554932208380665,-0.03557160345000043,-0.2816605874146243,0.9644283965499996,0.7183394125853757,-9.6702
2024-07-15,966525.4285499996,831708.4285499996,134817.0,4,719135.0388338427,3476.247,0.0021743781160961095,0.0011075909723559096,0.0010667871437402,-0.033474571450000434,-0.2808649611661572,0.9665254285499996,0.7191350388338428,-9.4738
2024-07-16,965123.4285499996,831708.4285499996,133415.0,4,723693.650381222,3498.283,-0.0014505567661093899,0.006339020213465885,-0.0077895769795752745,-0.03487657145000045,-0.276306349618778,0.9651234285499996,0.723693650381222,-9.6051
2024-07-17,962301.2303099995,862209.2303099995,100092.0,3,724376.5318804913,3501.584,-0.002924183743254649,0.0009436057631699857,-0.003867789506424635,-0.03769876969000041,-0.27562346811950866,0.9623012303099996,0.7243765318804913,-9.8694
2024-07-18,962358.5640699995,892010.5640699995,70348.0,2,728378.867041462,3520.931,5.9579846927393376e-05,0.005525213731842671,-0.0054656338849152775,-0.037641435930000466,-0.27162113295853807,0.9623585640699995,0.7283788670414619,-9.8641
2024-07-19,961248.5640699995,892010.5640699995,69238.0,2,732120.1308749324,3539.016,-0.0011534162436354078,0.005136425564715719,-0.0062898418083511265,-0.03875143593000052,-0.26787986912506756,0.9612485640699995,0.7321201308749324,-9.968
2024-07-22,959326.5640699995,892010.5640699995,67316.0,2,727136.3992181928,3514.925,-0.0019994828308113055,-0.006807259419002287,0.004807776588190982,-0.0406734359300005,-0.27286360078180716,0.9593265640699995,0.7271363992181928,-10.148
2024-07-23,958967.5640699995,892010.5640699995,66957.0,2,711611.3438181123,3439.878,-0.00037422084767146924,-0.021350953434283948,0.02097673258661248,-0.0410324359300005,-0.2883886561818877,0.9589675640699995,0.7116113438181123,-10.1817
2024-07-24,959647.1835699994,811840.1835699994,147807.0,9,707119.7585069534,3418.166,0.0007086991525715458,-0.006311851757533238,0.007020550910104784,-0.04035281643000055,-0.2928802414930466,0.9596471835699995,0.7071197585069534,-10.118
2024-07-25,957647.1835699994,811840.1835699994,145807.0,9,703211.1359540316,3399.272,-0.0020840992754855847,-0.0055275255795066425,0.0034434263040210578,-0.04235281643000055,-0.2967888640459684,0.9576471835699994,0.7032111359540316,-10.3053
2024-07-26,955464.9640499994,842368.9640499994,113096.0,8,705284.1912415741,3409.293,-0.0022787301601671084,0.002947984156607575,-0.005226714316774683,-0.044535035950000634,-0.29471580875842585,0.9554649640499994,0.7052841912415742,-10.5097
2024-07-29,957287.9640499994,842368.9640499994,114919.0,8,701446.5254757622,3390.742,0.001907971583042345,-0.005441304106159173,0.007349275689201518,-0.042712035950000615,-0.29855347452423775,0.9572879640499994,0.7014465254757623,-10.339
2024-07-30,956410.9640499994,842368.9640499994,114042.0,8,697027.758791608,3369.382,-0.0009161297675671642,-0.006299506125797771,0.005383376358230607,-0.04358903595000063,-0.30297224120839195,0.9564109640499994,0.697027758791608,-10.4211
2024-07-31,955864.9640499994,842368.9640499994,113496.0,8,712067.7014634889,3442.084,-0.0005708842961062999,0.021577250664958525,-0.022148134961064825,-0.04413503595000068,-0.28793229853651114,0.9558649640499993,0.7120677014634889,-10.4723
2024-08-01,956432.9640499994,842368.9640499994,114064.0,8,707347.5235874428,3419.267,0.0005942261944547056,-0.006628832997683798,0.0072230591921385034,-0.043567035950000665,-0.2926524764125572,0.9564329640499993,0.7073475235874428,-10.4191
2024-08-02,956247.9640499994,842368.9640499994,113879.0,8,700132.8939942837,3384.392,-0.0001934270429331253,-0.010199554465913363,0.010006127422980238,-0.043752035950000656,-0.2998671060057162,0.9562479640499993,0.7001328939942838,-10.4364
2024-08-05,954877.9640499994,842368.9640499994,112509.0,8,691636.4910689609,3343.321,-0.0014326827888841986,-0.012135414573725578,0.01070273178484138,-0.04512203595000064,-0.30836350893103914,0.9548779640499994,0.6916364910689609,-10.5647
2024-08-06,953741.9640499994,842368.9640499994,111373.0,8,691565.7411529506,3342.979,-0.001189680820763539,-0.00010229349799195653,-0.0010873873227715825,-0.046258035950000664,-0.30843425884704945,0.9537419640499993,0.6915657411529506,-10.6711
2024-08-07,954203.9970499994,854057.9970499994,100146.0,7,691257.5032147769,3341.489,0.00048444235172162564,-0.00044571024825468264,0.0009301525999763083,-0.045796002950000525,-0.30874249678522314,0.9542039970499995,0.6912575032147769,-10.6278
2024-08-08,953536.9970499994,854057.9970499994,99479.0,7,691557.0525667738,3342.937,-0.0006990119534838746,0.0004333397476394829,-0.0011323517011233575,-0.04646300295000061,-0.3084429474332262,0.9535369970499994,0.6915570525667738,-10.6903
2024-08-09,952900.9970499994,854057.9970499994,98843.0,7,689217.3404320462,3331.627,-0.0006669903757983153,-0.0033832525111898715,0.002716262135391556,-0.04709900295000058,-0.3107826595679538,0.9529009970499994,0.6892173404320462,-10.7499
2024-08-12,952343.4349899994,864953.4349899994,87390.0,6,688025.3491570416,3325.865,-0.0005851206596761971,-0.0017294853235372276,0.0011443646638610305,-0.047656565010000596,-0.3119746508429584,0.9523434349899994,0.6880253491570416,-10.8021
2024-08-13,952745.4349899994,864953.4349899994,87792.0,6,689788.9252798138,3334.39,0.0004221166285502953,0.002563242945819999,-0.0021411263172697037,-0.04725456501000058,-0.31021107472018616,0.9527454349899994,0.6897889252798138,-10.7644
2024-08-14,953218.4349899994,864953.4349899994,88265.0,6,684585.9102576622,3309.239,0.0004964600014114584,-0.00754290889787923,0.008039368899290689,-0.046781565010000636,-0.31541408974233787,0.9532184349899994,0.6845859102576621,-10.7201
2024-08-15,954140.4349899994,864953.4349899994,89187.0,6,691353.4914049195,3341.953,0.0009672494426837819,0.0098856564908123,-0.008918407048128518,-0.04585956501000055,-0.30864650859508047,0.9541404349899995,0.6913534914049195,-10.6338
2024-08-16,954297.4349899994,864953.4349899994,89344.0,6,692114.9839219782,3345.634,0.00016454600836790512,0.0011014517559044812,-0.0009369057475365761,-0.045702565010000584,-0.3078850160780219,0.9542974349899994,0.6921149839219781,-10.6191
2024-08-19,955417.4349899994,864953.4349899994,90464.0,6,694459.6609630926,3356.968,0.0011736382797797873,0.0033876987142049675,-0.00221406043442518,-0.044582565010000574,-0.30554033903690747,0.9554174349899994,0.6944596609630925,-10.5142
2024-08-20,955077.4349899994,864953.4349899994,90124.0,6,689439.9337350494,3332.703,-0.00035586539197240974,-0.007228248824534544,0.006872383432562135,-0.04492256501000058,-0.3105600662649506,0.9550774349899994,0.6894399337350494,-10.546
2024-08-21,954889.5348299994,893747.5348299994,61142.0,5,687150.2844063876,3321.635,-0.00019673814197262995,-0.0033210280063958875,0.0031242898644232575,-0.04511046517000061,-0.3128497155936124,0.9548895348299994,0.6871502844063876,-10.5636
2024-08-22,955622.5348299994,893747.5348299994,61875.0,5,685392.0869322009,3313.136,0.0007676280588104767,-0.0025586796863593664,0.003326307745169843,-0.04437746517000052,-0.3146079130677991,0.9556225348299995,0.6853920869322009,-10.495
2024-08-23,955882.5348299994,893747.5348299994,62135.0,5,688299.6602349062,3327.191,0.00027207395234385423,0.004242204364686364,-0.00397013041234251,-0.04411746517000059,-0.3117003397650937,0.9558825348299994,0.6882996602349063,-10.4706
2024-08-26,955869.5348299994,893747.5348299994,62122.0,5,687685.6668117522,3324.223,-1.359999741212814e-05,-0.0008920437690531635,0.0008784437716410354,-0.04413046517000052,-0.31231433318824775,0.9558695348299995,0.6876856668117522,-10.4718
2024-08-27,955779.5348299994,893747.5348299994,62032.0,5,683778.0786143277,3305.334,-9.415510874710709e-05,-0.005682230103094765,0.005588074994347658,-0.044220465170000556,-0.3162219213856723,0.9557795348299994,0.6837780786143277,-10.4803
2024-08-28,955428.5348299994,893747.5348299994,61681.0,5,679881.0408429749,3286.496,-0.0003672395015891228,-0.005699272751255924,0.005332033249666801,-0.044571465170000546,-0.32011895915702504,0.9554285348299995,0.679881040842975,-10.5131
2024-08-29,953697.5348299994,893747.5348299994,59950.0,5,678057.4721013636,3277.681,-0.001811752461745364,-0.0026821879594558506,0.0008704354977104867,-0.046302465170000584,-0.3219425278986364,0.9536975348299994,0.6780574721013636,-10.6753
2024-08-30,952773.5348299994,893747.5348299994,59026.0,5,687108.2895732,3321.432,-0.0009688606358458918,0.01334815682185031,-0.014317017457696202,-0.04722646517000051,-0.3128917104268,0.9527735348299995,0.6871082895732,-10.7618
2024-09-02,953243.7028299994,916925.7028299994,36318.0,3,675436.4152713901,3265.011,0.0004934729847254626,-0.016986950207019014,0.017480423191744476,-0.04675629717000063,-0.3245635847286099,0.9532437028299994,0.6754364152713901,-10.7178
2024-09-03,953011.7028299994,916925.7028299994,36086.0,3,677177.6493154222,3273.428,-0.0002433795254154214,0.0025779392473714857,-0.002821318772786907,-0.04698829717000064,-0.3228223506845779,0.9530117028299994,0.6771776493154221,-10.7395
2024-09-04,952631.7028299994,916925.7028299994,35706.0,3,672778.9491279143,3252.165,-0.0003987359219950193,-0.00649563698972444,0.006096901067729421,-0.04736829717000057,-0.32722105087208575,0.9526317028299994,0.6727789491279142,-10.7751
2024-09-05,952893.7028299994,916925.7028299994,35968.0,3,673935.9791871124,3257.758,0.0002750275885441411,0.0017197774405663946,-0.0014447498520222535,-0.04710629717000059,-0.32606402081288755,0.9528937028299994,0.6739359791871125,-10.7505
2024-09-06,953101.7028299994,916925.7028299994,36176.0,3,668472.09970856,3231.346,0.00021828247933863842,-0.008107416204641282,0.00832569868397992,-0.0468982971700006,-0.33152790029143997,0.9531017028299994,0.66847209970856,-10.7311
2024-09-09,952689.7028299994,916925.7028299994,35764.0,3,660529.4907164526,3192.952,-0.0004322728610983706,-0.011881735970088014,0.011449463108989644,-0.04731029717000057,-0.3394705092835474,0.9526897028299994,0.6605294907164526,-10.7697
2024-09-10,952889.7028299994,916925.7028299994,35964.0,3,661109.3504081981,3195.755,0.00020993194258944747,0.0008778710109014209,-0.0006679390683119735,-0.04711029717000059,-0.33889064959180193,0.9528897028299994,0.6611093504081981,-10.7509
2024-09-11,951909.7028299994,916925.7028299994,34984.0,3,659118.216076036,3186.13,-0.0010284506140526561,-0.003011807851352688,0.001983357237300032,-0.04809029717000057,-0.34088178392396407,0.9519097028299994,0.6591182160760359,-10.8427
2024-09-12,951790.6093099994,938656.6093099994,13134.0,1,656293.3912131087,3172.475,-0.00012511010198335004,-0.0042857636066326865,0.0041606535046493365,-0.04820939069000063,-0.3437066087868913,0.9517906093099994,0.6562933912131087,-10.8539
2024-09-13,951778.9109699994,951778.9109699994,0.0,0,653556.9003096446,3159.247,-1.2290875624931807e-05,-0.00416961520579362,0.004157324330168688,-0.04822108903000066,-0.34644309969035536,0.9517789109699993,0.6535569003096446,-10.855
2024-09-18,951778.9109699994,951778.9109699994,0.0,0,655990.3250524212,3171.01,0.0,0.0037233555970774823,-0.0037233555970774823,-0.04822108903000066,-0.34400967494757884,0.9517789109699993,0.6559903250524212,-10.855
2024-09-19,951778.9109699994,951778.9109699994,0.0,0,661167.4811871422,3196.036,0.0,0.007892122699076909,-0.007892122699076909,-0.04822108903000066,-0.3388325188128578,0.9517789109699993,0.6611674811871422,-10.855
2024-09-20,953041.4815299992,742380.4815299992,210661.0,8,662204.7328797616,3201.05,0.0013265376501283566,0.0015688183737605499,-0.00024228072363219333,-0.046958518470000876,-0.33779526712023844,0.9530414815299991,0.6622047328797616,-10.7367
2024-09-23,954612.3441899992,728641.3441899992,225971.0,8,664628.0209386653,3212.764,0.0016482626312110948,0.003659424251417409,-0.0020111616202063143,-0.045387655810000815,-0.33537197906133476,0.9546123441899992,0.6646280209386652,-10.5896
2024-09-24,961120.3441899992,728641.3441899992,232479.0,8,693413.1000709982,3351.909,0.006817427031621026,0.04331005950016875,-0.036492632468547725,-0.03887965581000086,-0.3065868999290018,0.9611203441899991,0.6934131000709982,-9.98
2024-09-25,963424.3441899992,728641.3441899992,234783.0,8,703678.8715098776,3401.533,0.0023972024043896756,0.014804697860234084,-0.012407495455844408,-0.036575655810000884,-0.2963211284901224,0.9634243441899991,0.7036788715098776,-9.7642
2024-09-26,970653.3441899992,728641.3441899992,242012.0,8,733424.2462858363,3545.32,0.0075034433617906515,0.04227123476385519,-0.03476779140206454,-0.029346655810000843,-0.26657575371416364,0.9706533441899992,0.7334242462858364,-9.0872
2024-09-27,976503.3441899992,728641.3441899992,247862.0,8,766185.3879495102,3703.685,0.006026868433530952,0.04466874640370966,-0.038641877970178706,-0.02349665581000082,-0.2338146120504897,0.9765033441899992,0.7661853879495103,-8.5392
2024-09-30,995841.3441899992,728641.3441899992,267200.0,8,831178.0812622778,4017.855,0.019803311596480633,0.08482632837295823,-0.0650230167764776,-0.004158655810000855,-0.16882191873772223,0.9958413441899991,0.8311780812622778,-6.728
2024-10-08,1006289.3441899992,728641.3441899992,277648.0,8,880463.258865254,4256.096,0.010491631082557795,0.05929556940208136,-0.048803938319523565,0.0062893441899991576,-0.119536741134746,1.0062893441899992,0.880463258865254,-5.7494
2024-10-09,993304.9518299991,886931.9518299991,106373.0,3,818378.7594684903,3955.984,-0.012903239445958503,-0.07051344706510365,0.05761020761914515,-0.0066950481700008835,-0.18162124053150974,0.9933049518299991,0.8183787594684903,-6.9656
2024-10-10,993615.8104299991,993615.8104299991,0.0,0,827026.7989097065,3997.788,0.00031295384104068624,0.01056728237525717,-0.010254328534216484,-0.006384189570000864,-0.17297320109029346,0.9936158104299991,0.8270267989097065,-6.9365
2024-10-11,993615.8104299991,993615.8104299991,0.0,0,804142.5110179548,3887.167,0.0,-0.027670551815153654,0.027670551815153654,-0.006384189570000864,-0.19585748898204525,0.9936158104299991,0.8041425110179548,-6.9365
2024-10-14,993615.8104299991,993615.8104299991,0.0,0,819487.1748193189,3961.342,0.0,0.019082020402005018,-0.019082020402005018,-0.006384189570000864,-0.18051282518068112,0.9936158104299991,0.8194871748193189,-6.9365
2024-10-15,993615.8104299991,993615.8104299991,0.0,0,797693.9251060421,3855.995,0.0,-0.02659376544615466,0.02659376544615466,-0.006384189570000864,-0.2023060748939579,0.9936158104299991,0.7976939251060421,-6.9365
2024-10-16,993615.8104299991,993615.8104299991,0.0,0,792645.0290529772,3831.589,0.0,-0.006329365053637126,0.006329365053637126,-0.006384189570000864,-0.20735497094702282,0.9936158104299991,0.7926450290529772,-6.9365
2024-10-17,993615.8104299991,993615.8104299991,0.0,0,783673.6500833278,3788.222,0.0,-0.01131828074462049,0.01131828074462049,-0.006384189570000864,-0.2163263499166722,0.9936158104299991,0.7836736500833278,-6.9365
2024-10-18,993615.8104299991,993615.8104299991,0.0,0,812017.4731605435,3925.234,0.0,0.03616789089974115,-0.03616789089974115,-0.006384189570000864,-0.1879825268394565,0.9936158104299991,0.8120174731605435,-6.9365
2024-10-21,993615.8104299991,993615.8104299991,0.0,0,814078.5299243183,3935.197,0.0,0.0025381926274969935,-0.0025381926274969935,-0.006384189570000864,-0.18592147007568172,0.9936158104299991,0.8140785299243183,-6.9365
2024-10-22,993615.8104299991,993615.8104299991,0.0,0,818749.4724786965,3957.776,0.0,0.005737705126325432,-0.005737705126325432,-0.006384189570000864,-0.18125052752130355,0.9936158104299991,0.8187494724786964,-6.9365
2024-10-23,993615.8104299991,993615.8104299991,0.0,0,821942.1141564376,3973.209,0.0,0.0038994121951316796,-0.0038994121951316796,-0.006384189570000864,-0.1780578858435624,0.9936158104299991,0.8219421141564376,-6.9365
2024-10-24,993615.8104299991,993615.8104299991,0.0,0,812762.0022474476,3928.833,0.0,-0.011168805869512521,0.011168805869512521,-0.006384189570000864,-0.18723799775255234,0.9936158104299991,0.8127620022474477,-6.9365
2024-10-25,993615.8104299991,993615.8104299991,0.0,0,818469.1621389479,3956.421,0.0,0.0070219324669691385,-0.0070219324669691385,-0.006384189570000864,-0.18153083786105217,0.9936158104299991,0.8184691621389478,-6.9365
2024-10-28,993615.8104299991,993615.8104299991,0.0,0,820069.5169642577,3964.157,0.0,0.001955302532263392,-0.001955302532263392,-0.006384189570000864,-0.17993048303574233,0.9936158104299991,0.8200695169642577,-6.9365
2024-10-29,993615.8104299991,993615.8104299991,0.0,0,811896.453567368,3924.649,0.0,-0.009966305572660317,0.009966305572660317,-0.006384189570000864,-0.18810354643263205,0.9936158104299991,0.811896453567368,-6.9365
2024-10-30,993615.8104299991,993615.8104299991,0.0,0,804614.5908668892,3889.449,0.0,-0.008968954930746675,0.008968954930746675,-0.006384189570000864,-0.19538540913311075,0.9936158104299991,0.8046145908668892,-6.9365
2024-10-31,993615.8104299991,993615.8104299991,0.0,0,804943.722786107,3891.04,0.0,0.0004090553700537569,-0.0004090553700537569,-0.006384189570000864,-0.19505627721389307,0.9936158104299991,0.8049437227861069,-6.9365
2024-11-01,993615.8104299991,993615.8104299991,0.0,0,804732.7142646725,3890.02,0.0,-0.0002621407130229958,0.0002621407130229958,-0.006384189570000864,-0.19526728573532748,0.9936158104299991,0.8047327142646725,-6.9365
2024-11-04,993615.8104299991,993615.8104299991,0.0,0,816057.2519905139,3944.762,0.0,0.014072421221484888,-0.014072421221484888,-0.006384189570000864,-0.18394274800948618,0.9936158104299991,0.8160572519905138,-6.9365
2024-11-05,993615.8104299991,993615.8104299991,0.0,0,836705.2632972605,4044.573,0.0,0.025302160181019495,-0.025302160181019495,-0.006384189570000864,-0.16329473670273953,0.9936158104299991,0.8367052632972605,-6.9365
2024-11-06,993615.8104299991,993615.8104299991,0.0,0,832507.848689513,4024.283,0.0,-0.005016598785582471,0.005016598785582471,-0.006384189570000864,-0.167492151310487,0.9936158104299991,0.832507848689513,-6.9365
2024-11-07,993615.8104299991,993615.8104299991,0.0,0,857624.4826153803,4145.695,0.0,0.03016984640493714,-0.03016984640493714,-0.006384189570000864,-0.14237551738461973,0.9936158104299991,0.8576244826153803,-6.9365
2024-11-08,993615.8104299991,993615.8104299991,0.0,0,849008.7150656773,4104.047,0.0,-0.010046083949736051,0.010046083949736051,-0.006384189570000864,-0.15099128493432268,0.9936158104299991,0.8490087150656773,-6.9365
2024-11-11,993615.8104299991,993615.8104299991,0.0,0,854611.6119230572,4131.131,0.0,0.006599339627445966,-0.006599339627445966,-0.006384189570000864,-0.14538838807694277,0.9936158104299991,0.8546116119230572,-6.9365
2024-11-12,993615.8104299991,993615.8104299991,0.0,0,845222.1464614285,4085.743,0.0,-0.01098682176866339,0.01098682176866339,-0.006384189570000864,-0.15477785353857154,0.9936158104299991,0.8452221464614285,-6.9365
2024-11-13,993615.8104299991,993615.8104299991,0.0,0,850424.3339991824,4110.89,0.0,0.0061548168839791195,-0.0061548168839791195,-0.006384189570000864,-0.1495756660008175,0.9936158104299991,0.8504243339991825,-6.9365
2024-11-14,993615.8104299991,993615.8104299991,0.0,0,835680.423870608,4039.619,0.0,-0.017337121645191078,0.017337121645191078,-0.006384189570000864,-0.16431957612939208,0.9936158104299991,0.8356804238706079,-6.9365
2024-11-15,993615.8104299991,993615.8104299991,0.0,0,821036.4324830655,3968.831,0.0,-0.017523434759565304,0.017523434759565304,-0.006384189570000864,-0.17896356751693443,0.9936158104299991,0.8210364324830656,-6.9365
2024-11-18,993615.8104299991,993615.8104299991,0.0,0,817219.6606982975,3950.381,0.0,-0.0046487240197428115,0.0046487240197428115,-0.006384189570000864,-0.18278033930170245,0.9936158104299991,0.8172196606982975,-6.9365
2024-11-19,993615.8104299991,993615.8104299991,0.0,0,822703.8135445956,3976.891,0.0,0.006710745115471095,-0.006710745115471095,-0.006384189570000864,-0.17729618645540435,0.9936158104299991,0.8227038135445957,-6.9365
2024-11-20,993615.8104299991,993615.8104299991,0.0,0,824541.2426498699,3985.773,0.0,0.002233402927060313,-0.002233402927060313,-0.006384189570000864,-0.17545875735013017,0.9936158104299991,0.8245412426498698,-6.9365
2024-11-21,993615.8104299991,993615.8104299991,0.0,0,825270.4632754149,3989.298,0.0,0.0008843955739574749,-0.0008843955739574749,-0.006384189570000864,-0.17472953672458513,0.9936158104299991,0.8252704632754149,-6.9365
2024-11-22,960545.2179499991,60325.21794999912,900220.0,8,799701.4022550605,3865.699,-0.03328307795916441,-0.03098264406419371,-0.0023004338949706993,-0.03945478205000086,-0.20029859774493952,0.9605452179499991,0.7997014022550605,-10.0339
2024-11-25,954671.2179499991,60325.21794999912,894346.0,8,796058.8159360256,3848.091,-0.0061152769179740885,-0.004554933014701779,-0.0015603439032723099,-0.045328782050000904,-0.20394118406397443,0.9546712179499991,0.7960588159360256,-10.5841
2024-11-26,954809.8953899991,163302.89538999912,791507.0,7,794423.2930238101,3840.185,0.00014526198904141197,-0.0020545252178286733,0.0021997872068700852,-0.045190104610000836,-0.2055767069761899,0.9548098953899992,0.7944232930238101,-10.5711
2024-11-27,971195.8953899991,163302.89538999912,807893.0,7,808254.6947327309,3907.045,0.017161531399197516,0.017410619540464856,-0.0002490881412673396,-0.028804104610000825,-0.19174530526726918,0.9711958953899992,0.8082546947327308,-9.0363
2024-11-28,966611.8953899991,163302.89538999912,803309.0,7,801118.8830284604,3872.551,-0.004719954050216857,-0.008828667189653694,0.004108713139436837,-0.03338810461000086,-0.19888111697153954,0.9666118953899991,0.8011188830284605,-9.4657
2024-11-29,976186.8953899991,163302.89538999912,812884.0,7,810227.8312792412,3916.583,0.00990573367208225,0.01137028279291874,-0.0014645491208364891,-0.023813104610000857,-0.18977216872075875,0.9761868953899991,0.8102278312792413,-8.5689
2024-12-02,981146.8953899991,163302.89538999912,817844.0,7,816650.9720459221,3947.632,0.005080994247539383,0.007927573601784976,-0.002846579354245593,-0.018853104610000893,-0.18334902795407793,0.9811468953899991,0.8166509720459221,-8.1043
2024-12-03,980217.8953899991,163302.89538999912,816915.0,7,817532.0360584601,3951.891,-0.0009468510825085819,0.0010788746266117144,-0.0020257257091202963,-0.01978210461000085,-0.18246796394153986,0.9802178953899991,0.8175320360584601,-8.1913
2024-12-04,970257.8953899991,163302.89538999912,806955.0,7,813118.6480228915,3930.557,-0.010161006085322666,-0.005398428246123244,-0.004762577839199422,-0.02974210461000082,-0.18688135197710853,0.9702578953899992,0.8131186480228915,-9.1242
2024-12-05,972940.8953899991,163302.89538999912,809638.0,7,811263.2211319656,3921.588,0.0027652441817249684,-0.002281864885816276,0.0050471090675412444,-0.027059104610000828,-0.18873677886803442,0.9729408953899992,0.8112632211319656,-8.8729
2024-12-06,984392.8953899991,163302.89538999912,821090.0,7,821928.0469216753,3973.141,0.011770499168307191,0.013145950059006761,-0.00137545089069957,-0.01560710461000081,-0.17807195307832469,0.9843928953899992,0.8219280469216753,-7.8003
2024-12-09,979075.8953899991,163302.89538999912,815773.0,7,820568.9037983189,3966.571,-0.005401298632791818,-0.001653603534332082,-0.0037476950984597357,-0.020924104610000827,-0.17943109620168107,0.9790758953899992,0.8205689037983189,-8.2983
2024-12-10,989818.8953899991,163302.89538999912,826516.0,7,826581.8191747996,3995.637,0.01097259165564557,0.007327739753051343,0.003644851902594226,-0.01018110461000088,-0.17341818082520044,0.9898188953899991,0.8265818191747996,-7.2921
2024-12-11,997393.8953899991,163302.89538999912,834091.0,7,825173.854471974,3988.831,0.007652915129505056,-0.0017033579376706243,0.00935627306717568,-0.002606104610000881,-0.174826145528026,0.9973938953899991,0.825173854471974,-6.5826
2024-12-12,1000385.8953899991,163302.89538999912,837083.0,7,833381.2584713716,4028.505,0.00299981783909975,0.009946272479330442,-0.006946454640230693,0.00038589538999911355,-0.16661874152862843,1.0003858953899991,0.8333812584713716,-6.3024
2024-12-13,981190.8953899991,163302.89538999912,817888.0,7,813661.4777878363,3933.181,-0.019187595595314577,-0.02366237599307941,0.004474780397764833,-0.01880910461000085,-0.18633852221216363,0.9811908953899992,0.8136614777878364,-8.1002
2024-12-16,976601.7481899991,223976.7481899991,752625.0,7,809247.0553967706,3911.842,-0.004677119632440108,-0.005425379610040748,0.0007482599776006404,-0.02339825181000088,-0.19075294460322945,0.9766017481899991,0.8092470553967706,-8.53
2024-12-17,982097.942389999,282886.9423899991,699211.0,6,811355.2787712187,3922.033,0.005627876675611487,0.002605166568588224,0.003022710107023263,-0.017902057610000965,-0.1886447212287813,0.982097942389999,0.8113552787712187,-8.0152
2024-12-18,989210.942389999,282886.9423899991,706324.0,6,815463.1181929065,3941.89,0.007242658489529097,0.005062935472496033,0.002179723017033064,-0.01078905761000093,-0.1845368818070935,0.9892109423899991,0.8154631181929065,-7.349
2024-12-19,1000222.942389999,282886.9423899991,717336.0,6,816202.4755023244,3945.464,0.011132104921316666,0.000906671672725512,0.010225433248591154,0.00022294238999909233,-0.1837975244976756,1.000222942389999,0.8162024755023244,-6.3176
2024-12-20,995135.1961899991,389051.1961899991,606084.0,5,812536.7196201516,3927.744,-0.005086612178523908,-0.004491233477228573,-0.0005953787012953349,-0.004864803810000873,-0.18746328037984838,0.9951351961899991,0.8125367196201516,-6.7941
2024-12-23,995290.1961899991,389051.1961899991,606239.0,5,813742.3643877195,3933.572,0.00015575773080223065,0.0014838034250705956,-0.001328045694268365,-0.004709803810000857,-0.18625763561228048,0.9952901961899991,0.8137423643877195,-6.7796
2024-12-24,1004845.0038699991,520783.0038699991,484062.0,4,824109.9164075261,3983.688,0.009600021899719424,0.012740582859548377,-0.003140560959828953,0.004845003869998976,-0.17589008359247393,1.004845003869999,0.8241099164075261,-5.8847
2024-12-25,1002906.0038699991,520783.0038699991,482123.0,4,824511.4532115497,3985.629,-0.0019296508342403484,0.0004872369522914699,-0.0024168877865318183,0.002906003869999063,-0.17548854678845038,1.002906003869999,0.8245114532115496,-6.0663
2024-12-26,1002579.0038699991,520783.0038699991,481796.0,4,824894.3716166231,3987.48,-0.00032605249020167815,0.0004644185397084666,-0.0007904710299101447,0.002579003869999097,-0.17510562838337684,1.002579003869999,0.8248943716166232,-6.0969
2024-12-27,1001837.0038699991,520783.0038699991,481054.0,4,823560.2598962997,3981.031,-0.0007400913016688548,-0.0016173121871456697,0.0008772208854768149,0.0018370038699990765,-0.17643974010370034,1.001837003869999,0.8235602598962997,-6.1664
2024-12-30,1006722.0038699991,520783.0038699991,485939.0,4,827288.9045927039,3999.055,0.00487604269070685,0.0045274703964877094,0.0003485722942191405,0.006722003869999105,-0.17271109540729612,1.006722003869999,0.8272889045927039,-5.7089
2024-12-31,996161.0038699991,520783.0038699991,475378.0,4,814019.3647898769,3934.911,-0.010490482933125378,-0.016039789400245863,0.005549306467120485,-0.003838996130000938,-0.1859806352101231,0.9961610038699991,0.8140193647898769,-6.6981
2025-01-02,983100.5314699991,643679.5314699991,339421.0,3,790329.3139657852,3820.395,-0.013110804728614367,-0.029102564200308434,0.015991759471694067,-0.016899468530000905,-0.2096706860342148,0.9831005314699991,0.7903293139657852,-7.9213
2025-01-03,982845.6201899991,751375.6201899991,231470.0,2,780972.5341378688,3775.165,-0.0002592931972266177,-0.011839089937035419,0.0115797967398088,-0.017154379810000897,-0.21902746586213118,0.9828456201899991,0.7809725341378688,-7.9452
2025-01-06,984281.6201899991,751375.6201899991,232906.0,2,779690.9676768044,3768.97,0.0014610636406178212,-0.0016409878773511188,0.00310205151796894,-0.015718379810000904,-0.22030903232319565,0.9842816201899991,0.7796909676768043,-7.8107
2025-01-07,983162.6201899991,751375.6201899991,231787.0,2,785304.6218313554,3796.106,-0.001136869750533398,0.0071998450505046385,-0.008336714801038037,-0.016837379810000885,-0.2146953781686446,0.9831626201899991,0.7853046218313554,-7.9155
2025-01-08,982729.6201899991,751375.6201899991,231354.0,2,783879.073085077,3789.215,-0.000440415442072406,-0.0018152812381951877,0.0013748657961227817,-0.017270379810000902,-0.21612092691492302,0.9827296201899991,0.783879073085077,-7.9561
2025-01-09,980391.6201899991,751375.6201899991,229016.0,2,781947.3107584557,3779.877,-0.0023790877490270645,-0.002464362671424025,8.527492239696066e-05,-0.019608379810000853,-0.2180526892415443,0.9803916201899991,0.7819473107584557,-8.175
2025-01-10,977223.6201899991,751375.6201899991,225848.0,2,772142.4481291405,3732.481,-0.0032313617688675134,-0.012539032354756507,0.009307670585888994,-0.022776379810000913,-0.22785755187085943,0.9772236201899991,0.7721424481291406,-8.4718
2025-01-13,974221.6201899991,751375.6201899991,222846.0,2,770080.3570098685,3722.513,-0.0030719683171558376,-0.0026706097097347614,-0.0004013586074210762,-0.025778379810000862,-0.22991964299013157,0.9742216201899991,0.7700803570098684,-8.7529
2025-01-14,983841.6201899991,751375.6201899991,232466.0,2,790359.3102752048,3820.54,0.00987454989771619,0.026333554778720902,-0.016459004881004713,-0.0161583798100009,-0.20964068972479522,0.9838416201899991,0.7903593102752048,-7.8519
2025-01-15,985847.6201899991,751375.6201899991,234472.0,2,785288.0721433997,3796.026,0.00203894606492927,-0.0064163704607203,0.00845531652564957,-0.014152379810000837,-0.21471192785660032,0.9858476201899992,0.7852880721433997,-7.664
2025-01-16,990076.6201899991,751375.6201899991,238701.0,2,786189.6163947829,3800.384,0.004289709599527125,0.0011480427162511297,0.0031416668832759953,-0.00992337981000091,-0.2138103836052171,0.9900766201899991,0.7861896163947829,-7.2679
2025-01-17,988864.6201899991,751375.6201899991,237489.0,2,788663.5878730507,3812.343,-0.0012241476823959818,0.0031467872720229995,-0.004370934954418981,-0.0111353798100009,-0.2113364121269493,0.9888646201899991,0.7886635878730507,-7.3815
2025-01-20,986105.8209099991,249917.82090999902,736188.0,9,792249.2846397382,3829.676,-0.00278986549187088,0.004546547884070273,-0.007336413375941153,-0.013894179090000902,-0.2077507153602618,0.9861058209099991,0.7922492846397382,-7.6398
2025-01-21,986348.365709999,217389.36570999902,768959.0,9,792857.2788010082,3832.615,0.00024596224345985185,0.0007674278450708893,-0.0005214656016110375,-0.013651634290001047,-0.2071427211989918,0.986348365709999,0.7928572788010082,-7.6171
2025-01-22,971179.365709999,217389.36570999902,753790.0,9,785493.0814029501,3797.017,-0.01537894777073101,-0.00928817530589443,-0.00609077246483658,-0.028820634290001035,-0.21450691859704984,0.971179365709999,0.7854930814029502,-9.0379
2025-01-23,995890.365709999,217389.36570999902,778501.0,9,786884.7032889195,3803.744,0.025444321484255017,0.0017716539062111458,0.02367266757804387,-0.004109634290000996,-0.21311529671108043,0.995890365709999,0.7868847032889196,-6.7234
2025-01-24,994504.365709999,217389.36570999902,777115.0,9,792908.7897047702,3832.864,-0.001391719458006646,0.00765561509922863,-0.009047334557235276,-0.005495634290000995,-0.2070912102952298,0.994504365709999,0.7929087897047702,-6.8532
2025-01-27,1004881.365709999,217389.36570999902,787492.0,9,789643.5362711236,3817.08,0.010434343335025575,-0.004118069412324732,0.014552412747350307,0.004881365709999086,-0.2103564637288764,1.004881365709999,0.7896435362711236,-5.8813
2025-02-05,989964.365709999,217389.36570999902,772575.0,9,785093.4064388217,3795.085,-0.014844538379374161,-0.005762258061135506,-0.009082280318238656,-0.010035634290000983,-0.21490659356117836,0.989964365709999,0.7850934064388216,-7.2785
2025-02-06,989580.365709999,217389.36570999902,772191.0,9,794970.6739529426,3842.831,-0.00038789274978057176,0.012581009384506459,-0.01296890213428703,-0.010419634290001034,-0.20502932604705737,0.989580365709999,0.7949706739529426,-7.3144
2025-02-07,986423.365709999,217389.36570999902,769034.0,9,805287.7494244847,3892.703,-0.003190241146038608,0.012977932154705885,-0.016168173300744493,-0.013576634290001,-0.19471225057551533,0.986423365709999,0.8052877494244847,-7.6101
2025-02-10,988006.365709999,217389.36570999902,770617.0,9,807016.9849447488,3901.062,0.001604787614555958,0.0021473510822682673,-0.0005425634677123092,-0.011993634290000998,-0.19298301505525117,0.988006365709999,0.8070169849447488,-7.4618
2025-02-11,992827.365709999,217389.36570999902,775438.0,9,803308.406744991,3883.135,0.0048795232169740466,-0.004595415299730954,0.009474938516705,-0.007172634290001034,-0.19669159325500907,0.992827365709999,0.8033084067449909,-7.0103
2025-02-12,996659.365709999,217389.36570999902,779270.0,9,810906.1616143228,3919.862,0.003859684102542449,0.009458079618658521,-0.0055983955161160726,-0.0033406342900009767,-0.18909383838567717,0.996659365709999,0.8109061616143228,-6.6514
2025-02-13,996945.365709999,217389.36570999902,779556.0,9,807860.6052882873,3905.14,0.0002869586238185562,-0.003755744462432653,0.004042703086251209,-0.003054634290000968,-0.1921393947117127,0.996945365709999,0.8078606052882873,-6.6246
2025-02-14,999643.365709999,217389.36570999902,782254.0,9,814867.1225554043,3939.009,0.0027062666549220182,0.00867292849936252,-0.005966661844440502,-0.00035663429000099,-0.18513287744459572,0.999643365709999,0.8148671225554043,-6.3719
2025-02-17,1002370.365709999,217389.36570999902,784981.0,9,816602.5642086519,3947.398,0.0027279728886742127,0.0021297234913653096,0.0005982493973089031,0.002370365709998934,-0.18339743579134815,1.002370365709999,0.8166025642086518,-6.1165
2025-02-18,1010319.365709999,217389.36570999902,792930.0,9,809441.7211013486,3912.783,0.00793020251987353,-0.008769067623786708,0.01669927014366024,0.010319365709998918,-0.1905582788986514,1.010319365709999,0.8094417211013486,-5.372
2025-02-19,1005713.365709999,217389.36570999902,788324.0,9,815105.2311908659,3940.16,-0.004558954481450717,0.006996810198776737,-0.011555764680227454,0.00571336570999903,-0.18489476880913414,1.005713365709999,0.8151052311908659,-5.8034
2025-02-20,1006419.365709999,217389.36570999902,789030.0,9,812775.0351267128,3928.896,0.0007019892785273818,-0.0028587671566635553,0.003560756435190937,0.006419365709998903,-0.18722496487328721,1.006419365709999,0.8127750351267128,-5.7373
2025-02-21,996541.365709999,217389.36570999902,779152.0,9,823025.0843620343,3978.444,-0.009814993964301744,0.012611176269364144,-0.022426170233665887,-0.003458634290001039,-0.17697491563796564,0.996541365709999,0.8230250843620344,-6.6624
2025-02-24,992220.365709999,217389.36570999902,774831.0,9,821219.7202771741,3969.717,-0.004335996626614103,-0.0021935711549541104,-0.002142425471659992,-0.0077796342900010584,-0.17878027972282584,0.9922203657099989,0.8212197202771742,-7.0672
2025-02-25,986614.365709999,217389.36570999902,769225.0,9,812103.7384090123,3925.651,-0.005649954580390526,-0.011100539408728571,0.005450584828338045,-0.013385634290001058,-0.1878962615909877,0.9866143657099989,0.8121037384090123,-7.5922
2025-02-26,989487.365709999,217389.36570999902,772098.0,9,819197.3484089957,3959.941,0.00291197868169335,0.008734856970219473,-0.005822878288526123,-0.010512634290001044,-0.1808026515910044,0.989487365709999,0.8191973484089956,-7.3231
2025-02-27,996336.365709999,217389.36570999902,778947.0,9,820888.519646962,3968.116,0.006921765994541529,0.0020644246972367775,0.004857341297304751,-0.00366363429000105,-0.17911148035303792,0.996336365709999,0.8208885196469621,-6.6816
2025-02-28,992222.365709999,217389.36570999902,774833.0,9,804738.7135265565,3890.049,-0.004129127613512695,-0.019673568010612486,0.01554444039709979,-0.007777634290001001,-0.19526128647344354,0.992222365709999,0.8047387135265565,-7.067
2025-03-03,991367.365709999,217389.36570999902,773978.0,9,804412.89154493,3888.474,-0.0008617020030466938,-0.0004048792187449912,-0.00045682278430170253,-0.008632634290001051,-0.19558710845507,0.991367365709999,0.80441289154493,-7.147
2025-03-04,989900.365709999,217389.36570999902,772511.0,9,803739.9398584339,3885.221,-0.0014797743508021544,-0.0008365749648836518,-0.0006431993859185026,-0.010099634290001047,-0.19626006014156605,0.989900365709999,0.803739939858434,-7.2844
2025-03-05,1001268.907149999,288990.90714999905,712278.0,8,807329.153433812,3902.571,0.011484531003123744,0.004465640435898033,0.007018890567225711,0.0012689071499989435,-0.19267084656618805,1.001268907149999,0.807329153433812,-6.2197
2025-03-06,995200.907149999,288990.90714999905,706210.0,8,818431.0978566499,3956.237,-0.006060310029272653,0.013751447443236753,-0.019811757472509406,-0.004799092850000908,-0.18156890214335009,0.9952009071499991,0.8184310978566499,-6.788
2025-03-07,995014.907149999,288990.90714999905,706024.0,8,815902.5124081286,3944.014,-0.00018689693574802657,-0.0030895520162214085,0.002902655080473382,-0.004985092850000927,-0.1840974875918714,0.9950149071499991,0.8159025124081286,-6.8054
2025-03-10,988000.907149999,288990.90714999905,699010.0,8,812755.5892433649,3928.802,-0.007049140620505989,-0.0038569842804817567,-0.0031921563400242325,-0.011999092850000892,-0.18724441075663512,0.9880009071499991,0.8127555892433649,-7.4624
2025-03-11,991797.664589999,358993.66458999907,632804.0,7,815365.0612917695,3941.416,0.003842868374435149,0.0032106479277909106,0.0006322204466442383,-0.008202335410001038,-0.18463493870823056,0.991797664589999,0.8153650612917694,-7.1067
2025-03-12,992776.664589999,358993.66458999907,633783.0,7,812430.8016172354,3927.232,0.0009870964965466023,-0.0035987066577091165,0.004585803154255719,-0.007223335410000975,-0.18756919838276453,0.992776664589999,0.8124308016172355,-7.015
2025-03-13,994853.664589999,358993.66458999907,635860.0,7,809192.6482976164,3911.579,0.0020921120268855287,-0.003985758926388638,0.006077870953274167,-0.0051463354100009795,-0.1908073517023836,0.994853664589999,0.8091926482976164,-6.8205
2025-03-14,1005447.664589999,358993.66458999907,646454.0,7,828840.8515807434,4006.557,0.010648802308393712,0.024281242945623616,-0.013632440637229903,0.005447664589999013,-0.1711591484192565,1.005447664589999,0.8288408515807435,-5.8283
2025-03-17,1005290.664589999,358993.66458999907,646297.0,7,826819.9278102611,3996.788,-0.00015614935071139868,-0.0024382530936163382,0.0022821037429049396,0.00529066458999905,-0.17318007218973885,1.005290664589999,0.8268199278102611,-5.843
2025-03-18,1002725.664589999,358993.66458999907,643732.0,7,829082.0632826969,4007.723,-0.002551500864723666,0.0027359469654133495,-0.005287447830137015,0.0027256645899991216,-0.17091793671730315,1.0027256645899991,0.8290820632826968,-6.0832
2025-03-19,1008906.664589999,358993.66458999907,649913.0,7,829587.8631208409,4010.168,0.006164198462524917,0.000610072103286452,0.005554126359238465,0.008906664589999114,-0.17041213687915913,1.0089066645899991,0.8295878631208409,-5.5043
2025-03-20,1007115.664589999,358993.66458999907,648122.0,7,822310.9653267489,3974.992,-0.001775188987107934,-0.008771702332670217,0.006996513345562283,0.007115664589999016,-0.17768903467325114,1.007115664589999,0.8223109653267489,-5.672
2025-03-21,998108.664589999,358993.66458999907,639115.0,7,809837.4655145877,3914.696,-0.008943362035448765,-0.015168835559920768,0.006225473524472003,-0.0018913354100009716,-0.19016253448541232,0.998108664589999,0.8098374655145877,-6.5156
2025-03-24,999972.664589999,358993.66458999907,640979.0,7,814006.5387817114,3934.849,0.0018675321296461878,0.005148037037869813,-0.003280504908223625,-2.733541000099482e-05,-0.18599346121828864,0.999972664589999,0.8140065387817114,-6.3411
2025-03-25,999517.4285199991,381108.4285199992,618409.0,11,813478.1899937277,3932.295,-0.0004552485144047047,-0.0006490719211843521,0.00019382340677964738,-0.0004825714800008596,-0.18652181000627233,0.9995174285199991,0.8134781899937277,-6.3837
2025-03-26,996738.4285199991,381108.4285199992,615630.0,11,810801.6917091028,3919.357,-0.0027803417136156305,-0.0032901905884478166,0.0005098488748321861,-0.0032615714800008355,-0.18919830829089712,0.9967384285199992,0.8108016917091029,-6.644
2025-03-27,998353.4285199991,381108.4285199992,617245.0,11,813502.3939123627,3932.412,0.0016202846742832122,0.0033309035129995834,-0.0017106188387163712,-0.0016465714800008024,-0.1864976060876372,0.9983534285199992,0.8135023939123628,-6.4927
2025-03-28,996043.4285199991,381108.4285199992,614935.0,11,809934.6949313271,3915.166,-0.002313809853314641,-0.0043856035430670515,0.0020717936897524103,-0.003956571480000837,-0.19006530506867292,0.9960434285199992,0.8099346949313271,-6.7091
2025-03-31,991017.4285199991,381108.4285199992,609909.0,11,804171.2661007777,3887.306,-0.00504596472010066,-0.0071159179457526145,0.002069953225651955,-0.008982571480000812,-0.19582873389922228,0.9910174285199992,0.8041712661007777,-7.1798
2025-04-01,992505.4285199991,381108.4285199992,611397.0,11,804249.463376368,3887.684,0.0015014872162462112,9.723957928708948e-05,0.0014042476369591217,-0.007494571480000878,-0.19575053662363195,0.9925054285199991,0.804249463376368,-7.0405
2025-04-02,995839.6509999991,463647.6509999992,532192.0,10,803567.202490397,3884.386,0.0033593997414924637,-0.0008483199766236016,0.004207719718116065,-0.00416034900000084,-0.19643279750960296,0.9958396509999992,0.803567202490397,-6.7282
2025-04-03,995684.6509999991,463647.6509999992,532037.0,10,798833.3711217876,3861.503,-0.00015564754812114057,-0.005891021129207918,0.005735373581086778,-0.0043153490000008565,-0.20116662887821246,0.9956846509999991,0.7988333711217875,-6.7427
2025-04-07,962937.2952399992,502244.2952399992,460693.0,9,742551.6060644677,3589.441,-0.03288928450098205,-0.0704549497954553,0.03756566529447325,-0.03706270476000084,-0.2574483939355323,0.9629372952399992,0.7425516060644677,-9.8098
2025-04-08,968809.2313599992,683769.2313599992,285040.0,5,755236.528140262,3650.759,0.00609794235722938,0.01708288282214432,-0.010984940464914938,-0.03119076864000081,-0.244763471859738,0.9688092313599992,0.755236528140262,-9.2599
2025-04-09,969207.2313599992,683769.2313599992,285438.0,5,762691.1282087776,3686.794,0.0004108135916927047,0.009870550206135142,-0.009459736614442438,-0.0307927686400008,-0.2373088717912224,0.9692072313599992,0.7626911282087776,-9.2226
2025-04-10,971901.2313599992,683769.2313599992,288132.0,5,772687.3466050797,3735.115,0.0027795913121899662,0.013106509341178185,-0.010326918028988219,-0.028098768640000826,-0.22731265339492024,0.9719012313599992,0.7726873466050798,-8.9703
2025-04-11,971351.2313599992,683769.2313599992,287582.0,5,775873.5752787382,3750.517,-0.0005659011247782786,0.004123567815181195,-0.0046894689399594736,-0.028648768640000877,-0.22412642472126187,0.9713512313599991,0.7758735752787381,-9.0218
2025-04-14,972435.2313599992,683769.2313599992,288666.0,5,777657.8385114549,3759.142,0.0011159712007389189,0.002299682950377191,-0.001183711749638272,-0.027564768640000792,-0.22234216148854513,0.9724352313599992,0.7776578385114549,-8.9203
2025-04-15,975021.2313599992,683769.2313599992,291252.0,5,778090.8197225942,3761.235,0.002659303073977881,0.0005567759877123102,0.002102527086265571,-0.024978768640000815,-0.2219091802774058,0.9750212313599992,0.7780908197225942,-8.678
2025-04-16,979460.2313599992,683769.2313599992,295691.0,5,780487.4214096694,3772.82,0.0045527213738805195,0.00308010533774139,0.0014726160361391294,-0.020539768640000844,-0.21951257859033058,0.9794602313599992,0.7804874214096694,-8.2623
2025-04-17,980697.2313599992,683769.2313599992,296928.0,5,780363.712492201,3772.222,0.0012629405057951182,-0.00015850212838153244,0.0014214426341766506,-0.0193027686400008,-0.21963628750779896,0.9806972313599992,0.780363712492201,-8.1464
2025-04-18,980791.2313599992,683769.2313599992,297022.0,5,780425.980693134,3772.523,9.58501737275963e-05,7.979381913347794e-05,1.605635459411836e-05,-0.019208768640000873,-0.21957401930686604,0.9807912313599991,0.780425980693134,-8.1376
2025-04-21,977345.5699199991,724082.5699199991,253263.0,4,782982.4937400805,3784.881,-0.0035131446222477214,0.0032757918241983486,-0.00678893644644607,-0.022654430080000898,-0.21701750625991945,0.9773455699199991,0.7829824937400806,-8.4603
2025-04-22,976510.5699199991,724082.5699199991,252428.0,4,782790.3104886959,3783.952,-0.0008543549238867465,-0.00024545025325739545,-0.000608904670629351,-0.023489430080000928,-0.21720968951130415,0.9765105699199991,0.7827903104886959,-8.5386
2025-04-23,974214.5699199991,724082.5699199991,250132.0,4,783396.4428100708,3786.882,-0.002351229029899926,0.0007743227186811641,-0.00312555174858109,-0.025785430080000893,-0.21660355718992919,0.9742145699199991,0.7833964428100708,-8.7536
2025-04-24,975342.8779199991,765750.8779199991,209592.0,3,782874.0932839712,3784.357,0.0011581719621505115,-0.0006667754632966316,0.0018249474254471432,-0.024657122080000926,-0.21712590671602883,0.9753428779199991,0.7828740932839712,-8.6479
2025-04-25,972856.8779199991,765750.8779199991,207106.0,3,783419.6123732087,3786.994,-0.002548847237498264,0.0006968158659450552,-0.003245663103443319,-0.027143122080000914,-0.21658038762679122,0.9728568779199991,0.7834196123732088,-8.8808
2025-04-28,974291.420159999,805796.420159999,168495.0,2,782307.6802136896,3781.619,0.0014745665807154307,-0.0014193315331368916,0.0028938981138523223,-0.025708579840000967,-0.21769231978631043,0.974291420159999,0.7823076802136896,-8.7464
2025-04-29,972386.420159999,805796.420159999,166590.0,2,780954.3294811177,3775.077,-0.001955267141413586,-0.001729946882538913,-0.00022532025887467277,-0.0276135798400009,-0.21904567051888235,0.9723864201599991,0.7809543294811176,-8.9248
2025-04-30,971978.420159999,805796.420159999,166182.0,2,780022.1683070165,3770.571,-0.000419586279221007,-0.001193618037459987,0.00077403175823898,-0.028021579840000976,-0.21997783169298346,0.971978420159999,0.7800221683070165,-8.963
2025-05-06,971534.420159999,805796.420159999,165738.0,2,787877.2708240586,3808.542,-0.00045680026509942184,0.010070358043914318,-0.01052715830901374,-0.028465579840000976,-0.21212272917594144,0.971534420159999,0.7878772708240586,-9.0046
2025-05-07,973112.420159999,805796.420159999,167316.0,2,792652.8901547561,3831.627,0.001624234784949996,0.0060613746677862235,-0.004437139882836227,-0.026887579840000897,-0.20734710984524385,0.9731124201599991,0.7926528901547562,-8.8568
2025-05-08,974306.420159999,805796.420159999,168510.0,2,797052.8315688609,3852.896,0.001226990813459894,0.005550905659658545,-0.004323914846198651,-0.02569357984000098,-0.20294716843113914,0.974306420159999,0.7970528315688609,-8.745
2025-05-09,976820.420159999,805796.420159999,171024.0,2,795658.7272296981,3846.157,0.0025802970687467397,-0.0017490739433404512,0.004329371012087191,-0.023179579840000963,-0.2043412727703019,0.976820420159999,0.7956587272296981,-8.5095
2025-05-12,976661.420159999,805796.420159999,170865.0,2,804854.7682133453,3890.61,-0.0001627730099806879,0.011557770522628186,-0.011720543532608874,-0.023338579840000984,-0.19514523178665466,0.976661420159999,0.8048547682133453,-8.5244
2025-05-13,979742.420159999,805796.420159999,173946.0,2,806023.176183013,3896.258,0.0031546244547011604,0.0014517003760334823,0.001702924078667678,-0.020257579840000983,-0.193976823816987,0.979742420159999,0.806023176183013,-8.2359
2025-05-14,981026.420159999,805796.420159999,175230.0,2,815736.3949152739,3943.211,0.0013105485417179707,0.012050793350953715,-0.010740244809235744,-0.01897357984000092,-0.18426360508472617,0.9810264201599991,0.8157363949152738,-8.1156
2025-05-15,980375.420159999,805796.420159999,174579.0,2,808286.5528820454,3907.199,-0.0006635906909558953,-0.00913265863784618,0.008469067946890285,-0.01962457984000099,-0.19171344711795457,0.980375420159999,0.8082865528820454,-8.1766
2025-05-16,979247.420159999,805796.420159999,173451.0,2,804539.2897866911,3889.085,-0.0011505796420476777,-0.004636057697598672,0.0034854780555509945,-0.020752579840001006,-0.1954607102133089,0.979247420159999,0.8045392897866911,-8.2822
2025-05-19,978938.420159999,805796.420159999,173142.0,2,802069.2488593127,3877.145,-0.0003155484442833867,-0.0030701308919707238,0.002754582447687337,-0.0210615798400009,-0.19793075114068726,0.9789384201599991,0.8020692488593127,-8.3112
2025-05-20,979088.420159999,805796.420159999,173292.0,2,806418.9205962521,3898.171,0.0001532272070550178,0.00542306258857983,-0.005269835381524812,-0.020911579840000916,-0.1935810794037479,0.9790884201599991,0.8064189205962521,-8.2971
2025-05-21,980816.420159999,805796.420159999,175020.0,2,810186.0433171532,3916.381,0.0017649069935048445,0.004671421546155852,-0.0029065145526510072,-0.019183579840000964,-0.18981395668284673,0.980816420159999,0.8101860433171533,-8.1353
2025-05-22,984734.420159999,805796.420159999,178938.0,2,809665.5556309485,3913.865,0.0039946313290317725,-0.0006424298350952151,0.004637061164126988,-0.015265579840000987,-0.19033444436905145,0.984734420159999,0.8096655556309486,-7.7683
2025-05-23,983006.420159999,805796.420159999,177210.0,2,803130.2907283683,3882.274,-0.0017547878540888906,-0.008071560976170566,0.006316773122081676,-0.01699357984000094,-0.19686970927163172,0.9830064201599991,0.8031302907283683,-7.9301
2025-05-26,976467.3308899992,114539.33088999914,861928.0,9,798544.5790669618,3860.107,-0.006652132820185952,-0.005709797917406112,-0.00094233490277984,-0.023532669110000848,-0.20145542093303825,0.9764673308899992,0.7985445790669617,-8.5426
2025-05-27,976052.6230399992,56735.62303999915,919317.0,9,794260.2785974471,3839.397,-0.00042470222697776894,-0.005365136251404445,0.0049404340244266765,-0.02394737696000082,-0.20573972140255292,0.9760526230399992,0.7942602785974471,-8.5814
2025-05-28,972583.6128999991,55716.61289999915,916867.0,9,793606.5659231995,3836.237,-0.003554122040259955,-0.0008230459105948995,-0.0027310761296650554,-0.027416387100000827,-0.20639343407680044,0.9725836128999992,0.7936065659231996,-8.9064
2025-05-29,978949.6128999991,55716.61289999915,923233.0,9,798253.511430042,3858.7,0.006545452663980322,0.00585547764645411,0.000689975017526212,-0.021050387100000845,-0.20174648856995803,0.9789496128999992,0.798253511430042,-8.3101
2025-05-30,975996.6128999991,55716.61289999915,920280.0,9,794433.015965484,3840.232,-0.0030164984602754075,-0.004786067846684117,0.0017695693864087092,-0.024003387100000828,-0.205566984034516,0.9759966128999992,0.794433015965484,-8.5867
2025-06-03,985622.6128999991,55716.61289999915,929906.0,9,796870.1643880504,3852.013,0.00986273914557767,0.0030677834047525554,0.006794955740825115,-0.014377387100000916,-0.20312983561194953,0.9856226128999991,0.7968701643880505,-7.6851
2025-06-04,988493.6128999991,55716.61289999915,932777.0,9,800331.1178817723,3868.743,0.0029128795975497113,0.004343183680844298,-0.0014303040832945868,-0.011506387100000848,-0.19966888211822764,0.9884936128999992,0.8003311178817724,-7.4162
2025-06-05,992210.6128999991,55716.61289999915,936494.0,9,802154.2728811849,3877.556,0.0037602670887222356,0.0022780008907288263,0.0014822661979934093,-0.007789387100000877,-0.1978457271188151,0.9922106128999991,0.8021542728811849,-7.0681
2025-06-06,991087.6128999991,55716.61289999915,935371.0,9,801415.3293139657,3873.984,-0.0011318161541507,-0.0009211988169869345,-0.0002106173371637654,-0.008912387100000863,-0.19858467068603425,0.9910876128999991,0.8014153293139658,-7.1732
2025-06-09,998951.6128999991,55716.61289999915,943235.0,9,803745.1116359201,3885.246,0.007934717271855796,0.0029070847995242843,0.005027632472331511,-0.0010483871000008804,-0.1962548883640799,0.9989516128999991,0.8037451116359201,-6.4367
2025-06-10,995130.6128999991,55716.61289999915,939414.0,9,799652.9944177902,3865.465,-0.0038250100912370355,-0.005091312107392998,0.0012663020161559624,-0.004869387100000844,-0.20034700558220975,0.9951306128999992,0.7996529944177903,-6.7946
2025-06-11,1002055.6128999991,55716.61289999915,946339.0,9,805685.3556776186,3894.625,0.006958885507319712,0.007543723717586381,-0.0005848382102666694,0.0020556128999991152,-0.19431464432238132,1.0020556128999991,0.8056853556776187,-6.146
2025-06-12,1006210.6128999991,55716.61289999915,950494.0,9,805183.4863903642,3892.199,0.0041464764495209305,-0.0006229097795035221,0.004769386229024453,0.006210612899999024,-0.1948165136096358,1.006210612899999,0.8051834863903642,-5.7568
2025-06-13,994579.6128999991,55716.61289999915,938863.0,9,799387.5787972017,3864.182,-0.011559210219894478,-0.007198244488527128,-0.00436096573136735,-0.005420387100000812,-0.2006124212027982,0.9945796128999992,0.7993875787972018,-6.8462
2025-06-16,1000625.6128999991,55716.61289999915,944909.0,9,801376.2306761706,3873.795,0.006078950263590288,0.0024877192637406953,0.003591230999849593,0.0006256128999990729,-0.1986237693238294,1.000625612899999,0.8013762306761706,-6.2799
2025-06-17,997552.6128999991,55716.61289999915,941836.0,9,800669.559000465,3870.379,-0.003071078693552387,-0.0008818226054811973,-0.0021892560880711898,-0.0024473871000009195,-0.199330440999535,0.9975526128999991,0.800669559000465,-6.5677
2025-06-18,995784.6128999991,55716.61289999915,940068.0,9,801619.5110891184,3874.971,-0.001772337596169682,0.001186447115385958,-0.00295878471155564,-0.004215387100000911,-0.19838048891088156,0.9957846128999991,0.8016195110891184,-6.7333
2025-06-19,987400.6128999991,55716.61289999915,931684.0,9,795024.4604387984,3843.091,-0.008419491415501468,-0.00822715834518506,-0.00019233307031640834,-0.012599387100000858,-0.20497553956120163,0.9874006128999991,0.7950244604387984,-7.5186
2025-06-20,992518.2448999991,107477.24489999915,885041.0,9,795759.473455128,3846.644,0.005182933789122712,0.0009245162292541576,0.004258417559868555,-0.007481755100000931,-0.20424052654487201,0.9925182448999991,0.795759473455128,-7.0393
2025-06-23,997542.8020199991,150132.80201999913,847410.0,8,798088.4282926846,3857.902,0.00506243300394571,0.0029267070204572754,0.0021357259834884346,-0.0024571979800008803,-0.20191157170731544,0.9975428020199991,0.7980884282926846,-6.5686
2025-06-24,1006996.8020199991,150132.80201999913,856864.0,8,807631.8058523006,3904.034,0.009477287571877602,0.011957794677003086,-0.0024805071051254846,0.006996802019999082,-0.19236819414769935,1.006996802019999,0.8076318058523007,-5.6832
2025-06-25,1020806.8020199991,150132.80201999913,870674.0,8,819223.2072964264,3960.066,0.013714045538474107,0.014352334021681123,-0.0006382884832070168,0.020806802019999182,-0.1807767927035736,1.0208068020199992,0.8192232072964264,-4.3897
2025-06-26,1023035.8020199991,150132.80201999913,872903.0,8,816317.4958336161,3946.02,0.0021835669546765857,-0.003546910581793239,0.005730477536469825,0.02303580201999922,-0.18368250416638388,1.0230358020199992,0.8163174958336161,-4.1809
2025-06-27,1009886.8020199991,150132.80201999913,859754.0,8,811298.3892188712,3921.758,-0.012852922619166485,-0.00614847365193294,-0.006704448967233545,0.009886802019999141,-0.1887016107811288,1.0098868020199991,0.8112983892188712,-5.4125
2025-06-30,1010800.8020199991,150132.80201999913,860668.0,8,814260.9902340292,3936.079,0.0009050519307429727,0.003651678660437696,-0.0027466267296947233,0.010800802019999223,-0.1857390097659708,1.0108008020199992,0.8142609902340292,-5.3269
2025-07-01,1014945.8020199991,150132.80201999913,864813.0,8,815643.5097916229,3942.762,0.004100709053372897,0.0016978825882303372,0.00240282646514256,0.014945802019999066,-0.18435649020837708,1.014945802019999,0.8156435097916229,-4.9387
2025-07-02,1018092.8020199991,150132.80201999913,867960.0,8,815834.451816411,3943.685,0.0031006581767585306,0.000234099851829761,0.0028665583249287696,0.018092802019999077,-0.184165548183589,1.018092802019999,0.815834451816411,-4.6439
2025-07-03,1020128.8020199991,150132.80201999913,869996.0,8,820878.5898341887,3968.068,0.001999817694379402,0.006182796039744698,-0.004182978345365296,0.020128802019999226,-0.1791214101658113,1.0201288020199992,0.8208785898341887,-4.4532
2025-07-04,1026909.8020199991,150132.80201999913,876777.0,8,823802.7128248498,3982.203,0.006647199830622119,0.0035621869383286597,0.0030850128922934594,0.02690980201999915,-0.17619728717515026,1.0269098020199992,0.8238027128248497,-3.8181
2025-07-07,1032877.8020199991,150132.80201999913,882745.0,8,820280.1117434931,3965.175,0.005811610706471626,-0.0042760251046971565,0.010087635811168782,0.032877802019999125,-0.17971988825650687,1.0328778020199991,0.8202801117434931,-3.2591
2025-07-08,1037820.8020199991,150132.80201999913,887688.0,8,827164.3681908378,3998.453,0.004785658081075006,0.008392567793350736,-0.00360690971227573,0.037820802019999045,-0.17283563180916217,1.037820802019999,0.8271643681908378,-2.7961
2025-07-09,1040662.8020199991,150132.80201999913,890530.0,8,825705.5131975487,3991.401,0.0027384303672353116,-0.0017636821040537543,0.004502112471289066,0.040662802019999056,-0.1742944868024513,1.040662802019999,0.8257055131975487,-2.53
2025-07-10,1059395.8020199991,150132.80201999913,909263.0,8,829558.0736825207,4010.024,0.018001027771568312,0.0046657802611163035,0.013335247510452009,0.05939580201999917,-0.17044192631747934,1.0593958020199992,0.8295580736825207,-0.7754
2025-07-11,1056470.8020199991,150132.80201999913,906338.0,8,830547.5381511681,4014.807,-0.002761007731409526,0.001192760941081783,-0.003953768672491309,0.0564708020199991,-0.1694524618488319,1.056470802019999,0.8305475381511681,-1.0494
2025-07-14,1053088.8020199991,150132.80201999913,902956.0,8,831139.3963666816,4017.668,-0.003201224296529137,0.0007126120882026132,-0.00391383638473175,0.053088802019999104,-0.16886060363331845,1.053088802019999,0.8311393963666815,-1.3661
2025-07-15,1047432.2657799991,398018.2657799991,649414.0,6,831428.1884215074,4019.064,-0.0053713763066798315,0.0003474652460084826,-0.005718841552688314,0.04743226577999904,-0.16857181157849266,1.047432265779999,0.8314281884215073,-1.8959
2025-07-16,1046528.2657799991,398018.2657799991,648510.0,6,828974.2834398858,4007.202,-0.0008630629679207136,-0.0029514334680910137,0.0020883705001703,0.04652826577999902,-0.17102571656011423,1.046528265779999,0.8289742834398858,-1.9806
2025-07-17,1048541.0817799991,511332.0817799991,537209.0,5,834619.5888726519,4034.491,0.0019233269332670222,0.006809988615497753,-0.004886661682230731,0.04854108177999916,-0.16538041112734803,1.0485410817799992,0.834619588872652,-1.7921
2025-07-18,1051626.0817799992,511332.0817799991,540294.0,5,839596.4937831097,4058.549,0.0029421832426088645,0.005963081836097617,-0.0030208985934887522,0.05162608177999917,-0.16040350621689026,1.0516260817799992,0.8395964937831097,-1.5031
2025-07-21,1059342.0817799992,511332.0817799991,548010.0,5,845194.0119919039,4085.607,0.007337208665402883,0.006666914702766924,0.0006702939626359594,0.05934208177999922,-0.15480598800809608,1.0593420817799992,0.8451940119919039,-0.7804
2025-07-22,1070284.740019999,76525.74001999905,993759.0,9,852093.370029508,4118.958,0.01032967388741235,0.008163046519158446,0.002166627368253904,0.07028474001999907,-0.14790662997049198,1.070284740019999,0.852093370029508,0.0
2025-07-23,1060794.581749999,60693.58174999905,1000101.0,9,852261.1424911583,4119.769,-0.008866947191849772,0.0001968944572876552,-0.009063841649137427,0.060794581749998855,-0.14773885750884164,1.0607945817499989,0.8522611424911584,-0.8867
2025-07-24,1069940.507189999,173863.50718999904,896077.0,8,858315.845829727,4149.037,0.008621768622641302,0.007104281817742919,0.0015174868048983825,0.069940507189999,-0.14168415417027302,1.069940507189999,0.858315845829727,-0.0322
2025-07-25,1064869.507189999,173863.50718999904,891006.0,8,853790.7474004577,4127.163,-0.004739515857118071,-0.005272066747054938,0.0005325508899368669,0.06486950718999918,-0.14620925259954232,1.0648695071899992,0.8537907474004577,-0.506
2025-07-28,1065696.507189999,173863.50718999904,891833.0,8,855582.4579927544,4135.824,0.0007766209797690493,0.0020985359676852777,-0.0013219149879162284,0.06569650718999909,-0.14441754200724555,1.065696507189999,0.8555824579927545,-0.4287
2025-07-29,1065225.507189999,173863.50718999904,891362.0,8,858933.9766748697,4152.025,-0.0004419644775245368,0.003917236323402573,-0.00435920080092711,0.0652255071899992,-0.1410660233251303,1.0652255071899992,0.8589339766748697,-0.4727
2025-07-30,1059945.507189999,173863.50718999904,886082.0,8,858771.1691196064,4151.238,-0.00495669692882994,-0.0001895460648716485,-0.004767150863958292,0.059945507189999025,-0.14122883088039362,1.059945507189999,0.8587711691196064,-0.966
2025-07-31,1039989.5071899991,173863.50718999904,866126.0,8,843121.9910598585,4075.591,-0.018827382978305107,-0.018222756681260166,-0.0006046262970449412,0.03998950718999916,-0.15687800894014148,1.0399895071899992,0.8431219910598585,-2.8306
2025-08-01,1036841.092149999,262500.09214999905,774341.0,8,838847.6204031174,4054.929,-0.0030273526975354015,-0.005069694186683349,0.0020423414891479474,0.03684109214999909,-0.16115237959688267,1.036841092149999,0.8388476204031173,-3.1247
2025-08-04,1035353.043929999,385328.04392999905,650025.0,6,842110.5982546699,4070.702,-0.0014351748124820096,0.0038898338293962276,-0.005325008641878237,0.03535304392999894,-0.15788940174533006,1.035353043929999,0.8421105982546699,-3.2638
2025-08-05,1041468.043929999,385328.04392999905,656140.0,6,848885.2130193085,4103.45,0.005906197925288126,0.008044804065736155,-0.0021386061404480294,0.04146804392999903,-0.15111478698069147,1.041468043929999,0.8488852130193085,-2.6924
2025-08-06,1043214.043929999,385328.04392999905,657886.0,6,850961.1645022433,4113.485,0.0016764796675003968,0.00244550317415837,-0.0007690235066579731,0.04321404392999906,-0.14903883549775676,1.043214043929999,0.8509611645022432,-2.5293
2025-08-07,1042644.043929999,385328.04392999905,657316.0,6,851205.4792706885,4114.666,-0.0005463883498468824,0.00028710448682822687,-0.0008334928366751093,0.0426440439299991,-0.14879452072931154,1.042644043929999,0.8512054792706885,-2.5826
2025-08-08,1039123.043929999,385328.04392999905,653795.0,6,849199.0364771672,4104.967,-0.0033769914291443826,-0.0023571779580653374,-0.0010198134710790452,0.03912304392999899,-0.1508009635228328,1.039123043929999,0.8491990364771672,-2.9115
2025-08-11,1042007.043929999,385328.04392999905,656679.0,6,852828.3830458377,4122.511,0.0027754172297946855,0.004273846781228885,-0.0014984295514341994,0.0420070439299991,-0.14717161695416225,1.042007043929999,0.8528283830458377,-2.6421
2025-08-12,1042570.043929999,385328.04392999905,657242.0,6,857237.6336594173,4143.825,0.000540303449271029,0.005170149940169733,-0.004629846490898704,0.04257004392999897,-0.1427623663405827,1.042570043929999,0.8572376336594173,-2.5895
2025-08-13,1044339.043929999,385328.04392999905,659011.0,6,864013.2827795532,4176.578,0.0016967684908073544,0.007904050002111696,-0.006207281511304341,0.0443390439299991,-0.13598671722044675,1.044339043929999,0.8640132827795532,-2.4242
2025-08-14,1037356.043929999,385328.04392999905,652028.0,6,863337.848639864,4173.313,-0.006686525837166779,-0.0007817404583367882,-0.005904785378829991,0.03735604392999892,-0.13666215136013604,1.037356043929999,0.863337848639864,-3.0766
2025-08-15,1047923.043929999,385328.04392999905,662595.0,6,869345.3853677589,4202.353,0.010186473643096772,0.006958500356910591,0.003227973286186181,0.04792304392999891,-0.13065461463224104,1.047923043929999,0.869345385367759,-2.0893
2025-08-18,1059360.043929999,385328.04392999905,674032.0,6,877012.0283132062,4239.413,0.010913969366594056,0.008818868857518591,0.002095100509075465,0.05936004392999905,-0.12298797168679387,1.059360043929999,0.8770120283132061,-1.0207
2025-08-19,1054904.043929999,385328.04392999905,669576.0,6,873694.022749201,4223.374,-0.004206313071304035,-0.003783306792709329,-0.0004230062785947064,0.054904043929999036,-0.12630597725079895,1.054904043929999,0.873694022749201,-1.4371
2025-08-20,1070998.043929999,385328.04392999905,685670.0,6,883628.386686769,4271.396,0.015256363924857519,0.011370529818102826,0.003885834106754693,0.07099804392999909,-0.11637161331323098,1.070998043929999,0.883628386686769,0.0
2025-08-21,1081067.043929999,385328.04392999905,695739.0,6,887077.9622700214,4288.071,0.009401511101786886,0.003903875922532274,0.005497635179254612,0.08106704392999897,-0.11292203772997855,1.081067043929999,0.8870779622700214,0.0
2025-08-22,1101648.043929999,385328.04392999905,716320.0,6,905681.2596298496,4377.998,0.019037672192079746,0.020971434474848838,-0.0019337622827690915,0.10164804392999893,-0.09431874037015042,1.101648043929999,0.9056812596298496,0.0
2025-08-25,1114300.043929999,385328.04392999905,728972.0,6,924552.8688056587,4469.222,0.011484611686746637,0.02083692135080928,-0.009352309664062641,0.11430004392999904,-0.07544713119434132,1.114300043929999,0.9245528688056587,0.0
2025-08-26,1110263.043929999,385328.04392999905,724935.0,6,921112.395550782,4452.591,-0.0036229021276549256,-0.003721229332532494,9.832720487756852e-05,0.11026304392999897,-0.07888760444921805,1.110263043929999,0.921112395550782,-0.3623
2025-08-27,1096102.995929999,530017.995929999,566085.0,5,907362.9147972417,4386.127,-0.012753777654237353,-0.014927039110486318,0.002173261456248965,0.09610299592999905,-0.09263708520275826,1.096102995929999,0.9073629147972417,-1.633
2025-08-28,1097840.541889999,758073.5418899991,339767.0,3,923427.4900246756,4463.782,0.0015852031847845005,0.01770468570563488,-0.01611948252085038,0.09784054188999902,-0.07657250997532439,1.097840541889999,0.9234274900246756,-1.4771
2025-08-29,1096382.541889999,758073.5418899991,338309.0,3,930249.4782710872,4496.759,-0.0013280617215045698,0.007387681566886517,-0.008715743288391087,0.09638254188999906,-0.06975052172891283,1.096382541889999,0.9302494782710872,-1.608
2025-09-01,1094266.541889999,758073.5418899991,336193.0,3,935825.0681433402,4523.711,-0.0019299833034118752,0.0059936500933228665,-0.007923633396734742,0.09426654188999906,-0.06417493185665979,1.094266541889999,0.9358250681433402,-1.7979
2025-09-02,1094858.002689999,867910.0026899991,226948.0,2,928944.9491179845,4490.453,0.0005405088955552362,-0.007351928538317232,0.007892437433872468,0.094858002689999,-0.07105505088201547,1.094858002689999,0.9289449491179845,-1.7448
2025-09-03,1090005.002689999,867910.0026899991,222095.0,2,922609.9354396673,4459.83,-0.004432538272612918,-0.006819579227307471,0.0023870409546945526,0.090005002689999,-0.0773900645603327,1.090005002689999,0.9226099354396673,-2.1803
2025-09-04,1089414.149889999,957122.1498899991,132292.0,2,903035.5851390421,4365.209,-0.0005420643011195825,-0.02121627954428773,0.020674215243168148,0.08941414988999896,-0.09696441486095786,1.089414149889999,0.9030355851390421,-2.2333
2025-09-05,1089186.1478899992,986050.1478899991,103136.0,1,922712.3366338927,4460.325,-0.00020928863465086156,0.02178956379866359,-0.021998852433314453,0.08918614788999912,-0.07728766336610726,1.0891861478899991,0.9227123366338927,-2.2538
2025-09-08,1089010.1478899992,986050.1478899991,102960.0,1,924211.7383626732,4467.573,-0.00016158854052716887,0.0016249936944057186,-0.0017865822349328875,0.08901014788999917,-0.07578826163732677,1.0890101478899992,0.9242117383626732,-2.2696
2025-09-09,1089450.1478899992,986050.1478899991,103400.0,1,917733.5698835398,4436.258,0.00040403663900878684,-0.007009398615310913,0.0074134352543197,0.08945014788999917,-0.08226643011646018,1.0894501478899992,0.9177335698835398,-2.2301
2025-09-10,1089626.1478899992,986050.1478899991,103576.0,1,919617.5449861893,4445.365,0.0001615493837334725,0.0020528562585855337,-0.0018913068748520612,0.08962614788999912,-0.0803824550138107,1.0896261478899991,0.9196175449861893,-2.2143
2025-09-11,1090330.1478899992,986050.1478899991,104280.0,1,940857.0007662505,4548.035,0.0006460931589822305,0.023095966247990818,-0.022449873089008587,0.09033014788999916,-0.05914299923374944,1.0903301478899992,0.9408570007662506,-2.1511
2025-09-12,1089186.1478899992,986050.1478899991,103136.0,1,935470.69794999,4521.998,-0.001049223487228912,-0.0057248899799584585,0.004675666492729547,0.08918614788999912,-0.06452930205000995,1.0891861478899991,0.93547069794999,-2.2538
2025-09-15,1088570.1478899992,986050.1478899991,102520.0,1,937758.2785676576,4533.056,-0.0005655598918452576,0.002445379232808298,-0.0030109391246535555,0.08857014788999917,-0.06224172143234241,1.0885701478899992,0.9377582785676576,-2.3091
2025-09-16,1092433.727589999,122670.7275899991,969763.0,8,935747.6983521477,4523.337,0.003549224372438209,-0.0021440282229028274,0.005693252595341036,0.09243372758999913,-0.06425230164785234,1.0924337275899991,0.9357476983521477,-1.9623
2025-09-17,1108051.1914299992,74442.1914299991,1033609.0,8,941475.1316113935,4551.023,0.014296028624503965,0.0061207024813758615,0.008175326143128103,0.10805119142999908,-0.05852486838860649,1.108051191429999,0.9414751316113935,-0.5608
2025-09-18,1099009.1123899992,66533.1123899991,1032476.0,8,930528.7542553387,4498.109,-0.0081603441338578,-0.011626836427765741,0.0034664922939079412,0.09900911238999921,-0.06947124574466135,1.0990091123899992,0.9305287542553387,-1.3722
2025-09-19,1099986.808389999,191837.8083899991,908149.0,7,931317.140015325,4501.92,0.0008896159176274843,0.0008472449200318533,4.237099759563101e-05,0.09998680838999907,-0.06868285998467494,1.099986808389999,0.9313171400153251,-1.2845
2025-09-22,1110995.808389999,191837.8083899991,919158.0,7,935596.8893206519,4522.608,0.010008301841467837,0.004595372641006401,0.005412929200461436,0.1109958083899989,-0.06440311067934812,1.110995808389999,0.9355968893206519,-0.2965
2025-09-23,1098077.808389999,191837.8083899991,906240.0,7,935011.4441092215,4519.778,-0.011627406604458823,-0.0006257451452789109,-0.011001661459179912,0.09807780838999891,-0.06498855589077857,1.098077808389999,0.9350114441092214,-1.4558
2025-09-24,1114861.808389999,191837.8083899991,923024.0,7,944588.1279158482,4566.071,0.015284891354473862,0.010242317211154983,0.005042574143318879,0.11486180838999904,-0.05541187208415188,1.114861808389999,0.9445881279158481,0.0
2025-09-25,1113875.808389999,191837.8083899991,922038.0,7,950259.9128493433,4593.488,-0.0008844145458923869,0.006004505843207442,-0.0068889203890998285,0.11387580838999889,-0.0497400871506567,1.113875808389999,0.9502599128493433,-0.0884
2025-09-26,1105790.613189999,272296.6131899991,833494.0,7,941273.6391605337,4550.049,-0.007258614595182178,-0.009456648194139161,0.0021980335989569832,0.10579061318999905,-0.05872636083946636,1.105790613189999,0.9412736391605336,-0.8137
2025-09-29,1116281.385669999,443518.38566999906,672763.0,5,955755.4436061108,4620.053,0.00948712383236483,0.015385328817338007,-0.005898204984973177,0.11628138566999913,-0.044244556393889245,1.1162813856699991,0.9557554436061108,0.0
2025-09-30,1122274.385669999,443518.38566999906,678756.0,5,960025.4699697638,4640.694,0.005368718028387676,0.004467697664940262,0.0009010203634474134,0.12227438566999904,-0.03997453003023621,1.122274385669999,0.9600254699697638,0.0
2025-10-09,1127397.385669999,443518.38566999906,683879.0,5,974255.7191584152,4709.482,0.00456483732090307,0.014822782971684711,-0.010257945650781641,0.12739738566999903,-0.025744280841584755,1.127397385669999,0.9742557191584152,0.0
2025-10-10,1117112.743029999,591619.7430299991,525493.0,4,955089.525536996,4616.834,-0.009122464510495476,-0.019672651896747828,0.010550187386252352,0.11711274302999919,-0.044910474463004,1.1171127430299992,0.955089525536996,-0.9122
2025-10-13,1110811.743029999,591619.7430299991,519192.0,4,950361.486559171,4593.979,-0.005640433375515452,-0.004950362087958848,-0.000690071287556604,0.11081174302999908,-0.049638513440829035,1.110811743029999,0.950361486559171,-1.4711
2025-10-14,1110044.743029999,591619.7430299991,518425.0,4,939001.1601331257,4539.064,-0.0006904860385323897,-0.01195368981878242,0.01126320378025003,0.11004474302999911,-0.060998839866874266,1.1100447430299991,0.9390011601331257,-1.5392
2025-10-15,1115302.743029999,591619.7430299991,523683.0,4,952907.8629222445,4606.288,0.004736746003271675,0.014810101818348187,-0.010073355815076512,0.1153027430299991,-0.0470921370777555,1.115302743029999,0.9529078629222445,-1.0728
2025-10-16,1111296.743029999,591619.7430299991,519677.0,4,955418.0368429152,4618.422,-0.0035918498587358405,0.002634225215618402,-0.006226075074354243,0.11129674302999915,-0.044581963157084736,1.1112967430299991,0.9554180368429153,-1.4281
2025-10-17,1099872.040229999,709560.0402299991,390312.0,3,933864.7576049953,4514.235,-0.010280514967451526,-0.022559003919520593,0.012278488952069067,0.09987204022999907,-0.06613524239500468,1.099872040229999,0.9338647576049953,-2.4415
2025-10-20,1101516.7516299991,851936.7516299991,249580.0,2,938826.5609251938,4538.22,0.0014953661333696466,0.005313192600739924,-0.0038178264673702778,0.10151675162999907,-0.06117343907480621,1.101516751629999,0.9388265609251938,-2.2956
2025-10-21,1103899.7516299991,851936.7516299991,251963.0,2,953235.5467437662,4607.872,0.002163380626280631,0.01534786766617735,-0.01318448703989672,0.1038997516299991,-0.046764453256233796,1.103899751629999,0.9532355467437662,-2.0842
2025-10-22,1103607.7516299991,851936.7516299991,251671.0,2,950070.0051800522,4592.57,-0.00026451677298489074,-0.0033208387732993616,0.003056322000314471,0.10360775162999913,-0.049929994819947754,1.1036077516299991,0.9500700051800522,-2.1101
2025-10-23,1106233.7516299991,851936.7516299991,254297.0,2,952919.654574913,4606.345,0.0023794686075024885,0.0029994099164520893,-0.0006199413089496009,0.10623375162999915,-0.04708034542508699,1.1062337516299992,0.952919654574913,-1.8772
2025-10-24,1106670.7516299991,851936.7516299991,254734.0,2,964160.8232476778,4660.684,0.00039503405076568576,0.01179655453510331,-0.011401520484337624,0.10667075162999917,-0.03583917675232229,1.1066707516299992,0.9641608232476777,-1.8384
2025-10-27,1108712.7516299991,851936.7516299991,256776.0,2,975608.03553549,4716.019,0.001845173911926734,0.011872720828101535,-0.010027546916174801,0.10871275162999905,-0.024391964464509974,1.108712751629999,0.97560803553549,-1.6573
2025-10-28,1107254.7516299991,851936.7516299991,255318.0,2,970633.6130782254,4691.973,-0.0013150385416389465,-0.0050987920108040985,0.003783753469165152,0.10725475162999909,-0.029366386921774623,1.107254751629999,0.9706336130782254,-1.7866
2025-10-29,1111193.7516299991,851936.7516299991,259257.0,2,982190.4670487439,4747.838,0.0035574469147243715,0.011906505003332457,-0.008349058088608086,0.11119375162999923,-0.01780953295125609,1.1111937516299992,0.9821904670487439,-1.4373
2025-10-30,1109639.7516299991,851936.7516299991,257703.0,2,974344.4668600773,4709.911,-0.0013984959848095668,-0.00798826750196624,0.006589771517156673,0.10963975162999917,-0.025655533139922637,1.1096397516299992,0.9743444668600774,-1.5751
2025-10-31,1110709.7516299991,851936.7516299991,258773.0,2,960020.091321178,4640.668,0.0009642769181874566,-0.014701551685371683,0.01566582860355914,0.11070975162999908,-0.03997990867882195,1.110709751629999,0.960020091321178,-1.4802
2025-11-03,1111585.7516299991,851936.7516299991,259649.0,2,962654.5947726156,4653.403,0.0007886848915430456,0.0027442169963463048,-0.0019555321048032592,0.11158575162999917,-0.03734540522738439,1.1115857516299992,0.9626545947726156,-1.4025
2025-11-04,1108714.7516299991,851936.7516299991,256778.0,2,955475.3401374615,4618.699,-0.0025827966900350274,-0.007457768003330201,0.004874971313295173,0.1087147516299991,-0.044524659862538396,1.108714751629999,0.9554753401374616,-1.6571
2025-11-05,1109639.7516299991,851936.7516299991,257703.0,2,957245.7430065155,4627.257,0.0008342993530483511,0.0018529027329992065,-0.0010186033799508554,0.10963975162999917,-0.04275425699348445,1.1096397516299992,0.9572457430065155,-1.5751
2025-11-06,1111097.7516299991,851936.7516299991,259161.0,2,970929.4387504325,4693.403,0.0013139399502029026,0.014294861945208792,-0.01298092199500589,0.11109775162999913,-0.029070561249567528,1.1110977516299991,0.9709294387504325,-1.4458
2025-11-07,1110417.7516299991,851936.7516299991,258481.0,2,967907.2588586343,4678.794,-0.0006120073584906516,-0.0031126668645330424,0.002500659506042391,0.11041775162999912,-0.03209274114136573,1.1104177516299991,0.9679072588586343,-1.5061
2025-11-10,1115671.7516299991,851936.7516299991,263735.0,2,971270.3623223186,4695.051,0.004731552600170108,0.003474613329845333,0.001256939270324775,0.11567175162999921,-0.02872963767768144,1.1156717516299992,0.9712703623223186,-1.0401
2025-11-11,1113337.7516299991,851936.7516299991,261401.0,2,962398.6952226016,4652.166,-0.002092013171965723,-0.009134086083410042,0.007042072911444319,0.11333775162999915,-0.037601304777398314,1.1133377516299992,0.9623986952226017,-1.2471
2025-11-12,1111830.7516299991,851936.7516299991,259894.0,2,961104.0958822722,4645.908,-0.001353587442618931,-0.001345179858156409,-8.407584462521989e-06,0.11183075162999923,-0.03889590411772781,1.1118307516299992,0.9611040958822722,-1.3808
2025-11-13,1113678.7516299991,851936.7516299991,261742.0,2,972723.2180537236,4702.074,0.0016621234817355557,0.012089348303926606,-0.01042722482219105,0.11367875162999908,-0.027276781946276474,1.113678751629999,0.9727232180537235,-1.2168
2025-11-14,1110954.7516299991,851936.7516299991,259018.0,2,957428.410187326,4628.14,-0.002445947716981367,-0.015723699797153157,0.01327775208017179,0.11095475162999913,-0.04257158981267395,1.1109547516299991,0.957428410187326,-1.4585
2025-11-17,1107793.7516299991,851936.7516299991,255856.99999999997,2,951204.2794183115,4598.053,-0.0028453004007248373,-0.006500883724347317,0.00365558332362248,0.10779375162999916,-0.04879572058168846,1.1077937516299992,0.9512042794183115,-1.7388
2025-11-18,1105020.7516299991,851936.7516299991,253084.0,2,945027.1083888714,4568.193,-0.0025031735338096883,-0.006494053026356861,0.0039908794925471724,0.10502075162999924,-0.054972891611128616,1.1050207516299992,0.9450271083888714,-1.9848
2025-11-19,1104072.6954699992,214382.69546999928,889690.0,8,949185.010616625,4588.292,-0.0008579532634128695,0.004399770324940322,-0.005257723588353191,0.10407269546999931,-0.05081498938337503,1.1040726954699993,0.949185010616625,-2.0689
2025-11-20,1096433.6872599993,63569.687259999264,1032864.0,8,944355.811671171,4564.948,-0.0069189359009987905,-0.005087731992645672,-0.0018312039083531184,0.09643368725999935,-0.055644188328829,1.0964336872599993,0.944355811671171,-2.7465
2025-11-21,1068121.6872599993,63569.687259999264,1004552.0,8,921322.783458918,4453.608,-0.02582189906144894,-0.02439020115891788,-0.0014316979025310594,0.06812168725999923,-0.07867721654108206,1.0681216872599992,0.9213227834589179,-5.2577
2025-11-24,1082032.6872599993,63569.687259999264,1018463.0,8,920172.5801460013,4448.048,0.013023796975497381,-0.0012484259952830756,0.014272222970780457,0.08203268725999924,-0.07982741985399866,1.0820326872599992,0.9201725801460013,-4.0238
2025-11-25,1087960.6872599993,63569.687259999264,1024391.0,8,928935.0193052109,4490.405,0.005478577560361186,0.009522604072617957,-0.004044026512256771,0.08796068725999939,-0.07106498069478906,1.0879606872599994,0.9289350193052109,-3.498
2025-11-26,1091115.6872599993,63569.687259999264,1027546.0,8,934566.2575032149,4517.626,0.0028999209594104958,0.006062036720518638,-0.003162115761108142,0.09111568725999941,-0.06543374249678513,1.0911156872599994,0.9345662575032149,-3.2182
2025-11-27,1087317.6872599993,63569.687259999264,1023748.0,8,934106.3830491477,4515.403,-0.0034808407984101564,-0.0004920726062760394,-0.002988768192134117,0.08731768725999944,-0.06589361695085239,1.0873176872599994,0.9341063830491476,-3.5551
2025-11-28,1112382.6872599993,63569.687259999264,1048813.0,8,936435.5447578037,4526.662,0.0230521404127646,0.0024934651458574653,0.020558675266907134,0.11238268725999934,-0.06356445524219634,1.1123826872599993,0.9364355447578037,-1.3318
2025-12-01,1129747.6872599993,63569.687259999264,1066178.0,8,946742.6904165723,4576.486,0.015610634900092846,0.011006786015832493,0.004603848884260353,0.1297476872599994,-0.05325730958342778,1.1297476872599994,0.9467426904165722,0.0
2025-12-02,1126296.6872599993,63569.687259999264,1062727.0,8,942160.2886927567,4554.335,-0.003054664363482562,-0.004840176502233451,0.0017855121387508888,0.12629668725999932,-0.0578397113072433,1.1262966872599993,0.9421602886927567,-0.3055
2025-12-03,1132551.6872599993,63569.687259999264,1068982.0,8,937343.0882710707,4531.049,0.005553598861430364,-0.005112930866965071,0.010666529728395435,0.13255168725999944,-0.06265691172892929,1.1325516872599994,0.9373430882710707,0.0
2025-12-04,1126722.9712999994,195989.97129999928,930733.0,7,940553.1071211653,4546.566,-0.005146534171964756,0.0034245932895449194,-0.008571127461509676,0.12672297129999932,-0.059446892878834756,1.1267229712999993,0.9405531071211652,-0.5147
2025-12-05,1147056.9712999994,195989.97129999928,951067.0,7,948408.2096382073,4584.537,0.018047027102446433,0.008351577872178773,0.009695449230267661,0.1470569712999994,-0.05159179036179262,1.1470569712999994,0.9484082096382074,0.0
2025-12-08,1155579.9712999994,195989.97129999928,959590.0,7,956107.5382173669,4621.755,0.007430319690521214,0.008118158932952202,-0.0006878392424309876,0.15557997129999945,-0.04389246178263306,1.1555799712999995,0.9561075382173669,0.0
2025-12-09,1143433.9712999994,195989.97129999928,947444.0,7,951239.4475052173,4598.223,-0.010510739456946472,-0.005091572357253882,-0.00541916709969259,0.14343397129999946,-0.04876055249478273,1.1434339712999995,0.9512394475052173,-1.0511
2025-12-10,1151028.2772199993,279734.2772199993,871294.0,7,949916.2999531644,4591.827,0.006641665466144753,-0.0013909721211867732,0.008032637587331526,0.15102827721999934,-0.0500837000468356,1.1510282772199993,0.9499162999531644,-0.3939
2025-12-11,1146724.5784199992,314837.5784199993,831887.0,6,941715.5158289492,4552.185,-0.003739003537249763,-0.008633164968976259,0.004894161431726496,0.1467245784199993,-0.05828448417105081,1.1467245784199993,0.9417155158289492,-0.7663
2025-12-12,1161347.5784199992,314837.5784199993,846510.0,6,947666.1630044966,4580.95,0.01275197224790281,0.006318943540299715,0.0064330287076030945,0.16134757841999914,-0.052333836995503424,1.1613475784199991,0.9476661630044966,0.0
2025-12-15,1158912.5784199992,314837.5784199993,844075.0,6,941689.6569415185,4552.06,-0.0020967021805072816,-0.00630655213438247,0.004209849953875189,0.15891257841999917,-0.058310343058481484,1.1589125784199992,0.9416896569415185,-0.2097
2025-12-16,1149003.1848199992,402131.18481999927,746872.0,6,930414.1476662458,4497.555,-0.008550596295632595,-0.011973699819422534,0.0034231035237899388,0.14900318481999908,-0.06958585233375414,1.149003184819999,0.9304141476662459,-1.0629
2025-12-17,1162172.9053399991,619438.9053399992,542734.0,4,947443.7765725927,4579.875,0.011461865984351505,0.0183032781144421,-0.006841412130090596,0.16217290533999917,-0.05255622342740729,1.1621729053399992,0.9474437765725927,0.0
2025-12-18,1154760.9053399991,619438.9053399992,535322.0,4,941841.2934574118,4552.793,-0.00637770848549557,-0.005913261824831428,-0.00046444666066414175,0.1547609053399992,-0.058158706542588146,1.1547609053399992,0.9418412934574119,-0.6378
2025-12-19,1154690.9053399991,619438.9053399992,535252.0,4,945024.0053223796,4568.178,-6.061860916517503e-05,0.003379244345174559,-0.003439862954339734,0.15469090533999919,-0.05497599467762038,1.1546909053399992,0.9450240053223796,-0.6438
2025-12-22,1157046.7499799994,772158.7499799993,384888.0,3,954011.7271088854,4611.624,0.002040238326209476,0.009510575113316655,-0.007470336787107179,0.15704674997999946,-0.04598827289111462,1.1570467499799995,0.9540117271088854,-0.4411
2025-12-23,1154726.7499799994,772158.7499799993,382568.0,3,955896.3228248333,4620.734,-0.0020051048067332156,0.0019754429242282434,-0.003980547730961459,0.15472674997999936,-0.04410367717516672,1.1547267499799994,0.9558963228248333,-0.6407
2025-12-24,1158406.7499799994,772158.7499799993,386248.0,3,958652.8802249434,4634.059,0.003186901143550802,0.002883740981411087,0.0003031601621397151,0.15840674997999948,-0.04134711977505656,1.1584067499799995,0.9586528802249434,-0.3241
2025-12-25,1162430.7499799994,772158.7499799993,390272.0,3,960406.5265349422,4642.536,0.0034737366646642176,0.0018292818455698523,0.0016444548190943653,0.1624307499799993,-0.039593473465057816,1.1624307499799993,0.9604065265349422,0.0
2025-12-26,1162242.7499799994,772158.7499799993,390084.0,3,963448.3591811877,4657.24,-0.00016173006435282744,0.0031672344597866164,-0.003328964524139444,0.16224274997999943,-0.03655164081881235,1.1622427499799994,0.9634483591811877,-0.0162
2025-12-29,1162066.7499799994,772158.7499799993,389908.0,3,959751.986376297,4639.372,-0.0001514313597593686,-0.003836607089177213,0.0036851757294178444,0.16206674997999948,-0.040248013623703005,1.1620667499799995,0.959751986376297,-0.0313
2025-12-30,1162674.7499799994,772158.7499799993,390516.0,3,962215.821170692,4651.282,0.0005232057452899674,0.002567157796357078,-0.0020439520510671105,0.16267474997999942,-0.03778417882930807,1.1626747499799994,0.9622158211706919,0.0
2025-12-31,1161622.7499799994,772158.7499799993,389464.0,3,957800.7781663276,4629.94,-0.0009048102231670185,-0.004588412398990438,0.0036836021758234194,0.16162274997999937,-0.04219922183367242,1.1616227499799994,0.9578007781663276,-0.0905
2026-01-05,1167006.7499799994,772158.7499799993,394848.0,3,975965.3019242323,4717.746,0.0046348954512922536,0.01896482459815907,-0.014329929146866816,0.16700674997999942,-0.024034698075767746,1.1670067499799994,0.9759653019242323,0.0
2026-01-06,1173970.7499799994,772158.7499799993,401812.0,3,991056.1348865768,4790.694,0.0059674033591659015,0.01546246872977064,-0.009495065370604738,0.1739707499799994,-0.008943865113423155,1.1739707499799994,0.9910561348865768,0.0
2026-01-07,1169598.7499799994,772158.7499799993,397440.0,3,988154.1471035564,4776.666,-0.00372411322860855,-0.0029281770031649446,-0.0007959362254436053,0.16959874997999935,-0.011845852896443576,1.1695987499799994,0.9881541471035564,-0.3724
2026-01-08,1169018.7499799994,772158.7499799993,396860.0,3,980083.6917719918,4737.654,-0.0004958965628254486,-0.00816720281468275,0.007671306251857302,0.16901874997999933,-0.01991630822800816,1.1690187499799993,0.9800836917719918,-0.4218
2026-01-09,1172074.7499799994,772158.7499799993,399916.0,3,984483.4263149968,4758.922,0.0026141582417325004,0.004489141672228358,-0.001874983430495858,0.17207474997999928,-0.015516573685003254,1.1720747499799993,0.9844834263149967,-0.1615
2026-01-12,1182158.7499799994,772158.7499799993,410000.0,3,990895.1891712082,4789.916,0.008603546830244557,0.006512819499878475,0.0020907273303660823,0.18215874997999948,-0.009104810828791776,1.1821587499799995,0.9908951891712082,0.0
2026-01-13,1180094.7499799994,772158.7499799993,407936.0,3,984919.9243348266,4761.032,-0.0017459584002866846,-0.006030168378735712,0.004284209978449027,0.1800947499799994,-0.015080075665173331,1.1800947499799994,0.9849199243348267,-0.1746
2026-01-14,1187778.7499799994,772158.7499799993,415620.0,3,980968.4794643197,4741.931,0.006511341568234519,-0.004011945309336351,0.01052328687757087,0.18777874997999944,-0.019031520535680357,1.1877787499799994,0.9809684794643196,0.0
2026-01-15,1181006.7499799994,772158.7499799993,408848.0,3,982933.3411668524,4751.429,-0.0057013985139185985,0.0020029814858124606,-0.007704379999731059,0.18100674997999944,-0.01706665883314762,1.1810067499799994,0.9829333411668524,-0.5701
2026-01-16,1174928.8444999994,75848.84449999941,1099080.0,10,978887.7699460976,4731.873,-0.005146376580915324,-0.0041158144213037096,-0.0010305621596116143,0.17492884449999946,-0.021112230053902392,1.1749288444999995,0.9788877699460976,-1.0818
2026-01-19,1180091.8444999994,75848.84449999941,1104243.0,10,979422.1179959652,4734.456,0.004394308663174584,0.0005458726385936252,0.003848436024580959,0.1800918444999995,-0.020577882004034875,1.1800918444999995,0.9794221179959651,-0.6472
2026-01-20,1172332.8444999994,75848.84449999941,1096484.0,10,976199.4800088044,4718.878,-0.006574911974997599,-0.0032903463460216553,-0.003284565628975944,0.17233284449999942,-0.02380051999119559,1.1723328444999994,0.9761994800088044,-1.3004
2026-01-21,1178430.3608999993,190871.3608999994,987559.0,9,977066.4767865803,4723.069,0.005201181924234577,0.0008881348490046292,0.004313047075229948,0.1784303608999993,-0.022933523213419682,1.1784303608999993,0.9770664767865803,-0.787
2026-01-22,1176531.0140199994,293881.0140199994,882650.0,9,977198.8742902252,4723.709,-0.0016117599673427518,0.00013550511330651105,-0.001747265080649263,0.17653101401999938,-0.022801125709774772,1.1765310140199994,0.9771988742902252,-0.947
2026-01-23,1182077.5164399995,300730.5164399994,881347.0,8,972810.7245287892,4702.497,0.0047142849222892025,-0.004490539108145564,0.009204824030434766,0.18207751643999948,-0.02718927547121086,1.1820775164399995,0.9728107245287891,-0.48
2026-01-26,1185658.5164399995,300730.5164399994,884928.0,8,973734.8177300117,4706.964,0.0030294121579985678,0.0009499208611933874,0.0020794912968051804,0.18565851643999953,-0.026265182269988308,1.1856585164399995,0.9737348177300117,-0.1785
2026-01-27,1174286.0315999994,544604.0315999994,629682.0,6,973471.677691517,4705.692,-0.009591703414020492,-0.0002702378858219223,-0.00932146552819857,0.17428603159999945,-0.0265283223084829,1.1742860315999994,0.9734716776915171,-1.136
2026-01-28,1168363.1381599994,643073.1381599994,525290.0,5,976015.9853435963,4717.991,-0.005043825167476368,0.0026136432218684114,-0.007657468389344779,0.16836313815999948,-0.02398401465640365,1.1683631381599995,0.9760159853435963,-1.6346
2026-01-29,1168024.9797999994,739260.9797999994,428764.0,4,983438.3135205986,4753.87,-0.0002894291585855413,0.007604719890309308,-0.00789414904889485,0.1680249797999993,-0.016561686479401372,1.1680249797999993,0.9834383135205986,-1.6631
2026-01-30,1164273.0092799994,840461.0092799994,323812.0,3,973605.7301639578,4706.34,-0.003212234827924987,-0.00999816991209268,0.0067859350841676935,0.16427300927999933,-0.026394269836042206,1.1642730092799993,0.9736057301639578,-1.979
2026-02-02,1164308.0092799994,840461.0092799994,323847.0,3,952844.1466236154,4605.98,3.0061677734449788e-05,-0.021324426199552104,0.021354487877286554,0.16430800927999933,-0.047155853376384615,1.1643080092799993,0.9528441466236154,-1.976
2026-02-03,1163391.0092799994,840461.0092799994,322930.0,3,964041.4586232977,4660.107,-0.000787592280299676,0.011751462229536491,-0.012539054509836167,0.1633910092799995,-0.03595854137670229,1.1633910092799995,0.9640414586232977,-2.0532
2026-02-04,1165660.0092799994,840461.0092799994,325199.0,3,972021.7181555042,4698.683,0.0019503331054657735,0.008277921515535969,-0.006327588410070195,0.16566000927999935,-0.0279782818444958,1.1656600092799994,0.9720217181555042,-1.8622
2026-02-05,1170237.0092799994,840461.0092799994,329776.0,3,966174.7134007788,4670.419,0.003926530861110278,-0.006015302585852256,0.009941833446962534,0.1702370092799994,-0.03382528659922113,1.1702370092799994,0.9661747134007789,-1.4769
2026-02-06,1167778.0092799994,840461.0092799994,327317.0,3,960625.8099003542,4643.596,-0.0021012837403877604,-0.005743167797150672,0.003641884056762912,0.16777800927999942,-0.03937419009964571,1.1677780092799994,0.9606258099003543,-1.6839
2026-02-09,1173389.0092799994,840461.0092799994,332928.0,3,976236.3030645057,4719.056,0.004804851568886326,0.016250337023289818,-0.011445485454403492,0.17338900927999945,-0.023763696935494294,1.1733890092799995,0.9762363030645057,-1.2115
2026-02-10,1173416.0092799994,840461.0092799994,332955.0,3,977320.3076255999,4724.296,2.3010271773760138e-05,0.0011103915698396083,-0.0010873812980658482,0.17341600927999945,-0.02267969237440015,1.1734160092799995,0.9773203076255998,-1.2092
2026-02-11,1172646.0092799994,840461.0092799994,332185.0,3,975152.9191167102,4713.819,-0.0006562037622722672,-0.002217684920673979,0.0015614811584017119,0.1726460092799995,-0.024847080883289796,1.1726460092799995,0.9751529191167102,-1.274
2026-02-12,1169141.0092799994,840461.0092799994,328680.0,3,976344.2897784164,4719.578,-0.002988966808621152,0.001221727011580187,-0.004210693820201339,0.16914100927999942,-0.023655710221583637,1.1691410092799994,0.9763442897784164,-1.5691
2026-02-13,1167796.0092799994,840461.0092799994,327335.0,3,964103.3130820319,4660.406,-0.0011504172630367737,-0.012537561620975524,0.01138714435793875,0.1677960092799995,-0.0358966869179681,1.1677960092799995,0.9641033130820319,-1.6824
2026-02-24,1169577.0092799994,840461.0092799994,329116.0,3,973854.80296769,4707.544,0.001525095124359943,0.010114569417342567,-0.008589474292982624,0.16957700927999952,-0.026145197032309997,1.1695770092799995,0.97385480296769,-1.5324
2026-02-25,1168666.0092799994,840461.0092799994,328205.0,3,979717.9436681722,4735.886,-0.0007789140798525329,0.00602054914409722,-0.006799463223949753,0.16866600927999942,-0.02028205633182778,1.1686660092799994,0.9797179436681722,-1.6091
2026-02-26,1168186.0092799994,840461.0092799994,327725.0,3,977853.62131997,4726.874,-0.0004107247033698913,-0.0019029174266442794,0.0014921927232743881,0.16818600927999938,-0.02214637868003,1.1681860092799994,0.97785362131997,-1.6495
2026-02-27,1169317.0092799994,840461.0092799994,328856.0,3,974496.7239892692,4710.647,0.0009681677327202376,-0.0034329241693347168,0.004401091902054954,0.16931700927999938,-0.02550327601073077,1.1693170092799994,0.9744967239892692,-1.5543
2026-03-02,1169857.0092799994,840461.0092799994,329396.0,3,978224.9549434745,4728.669,0.0004618080432545746,0.0038258014238807814,-0.003363993380626207,0.16985700927999936,-0.0217750450565255,1.1698570092799994,0.9782249549434745,-1.5088
2026-03-03,1171916.0092799994,840461.0092799994,331455.0,3,963170.324423533,4655.896,0.0017600441623777385,-0.015389742864218126,0.017149787026595864,0.1719160092799994,-0.03682967557646699,1.1719160092799994,0.963170324423533,-1.3355
2026-03-04,1169545.0092799994,840461.0092799994,329084.0,3,952150.0940849761,4602.625,-0.002023182532899015,-0.011441621548247571,0.009418439015348556,0.1695450092799995,-0.047849905915023916,1.1695450092799995,0.9521500940849761,-1.5351
2026-03-05,1170976.0092799994,840461.0092799994,330515.0,3,961473.1539236829,4647.692,0.0012235527394375278,0.009791586323022239,-0.008568033583584711,0.17097600927999945,-0.03852684607631718,1.1709760092799995,0.9614731539236828,-1.4146
2026-03-06,1173996.0092799994,840461.0092799994,333535.0,3,964110.1398283136,4660.439,0.002579045152135029,0.0027426516214930086,-0.00016360646935797973,0.17399600927999948,-0.03588986017168638,1.1739960092799995,0.9641101398283136,-1.1604
2026-03-09,1172417.0092799994,840461.0092799994,331956.0,3,954804.2502908608,4615.455,-0.001344979018257808,-0.009652309578561225,0.008307330560303416,0.17241700927999948,-0.0451957497091392,1.1724170092799995,0.9548042502908608,-1.2933
2026-03-10,1172634.1054799994,942888.1054799994,229746.0,2,967071.9133590737,4674.756,0.00018516978027594,0.012848354062600542,-0.012663184282324602,0.17263410547999936,-0.03292808664092628,1.1726341054799994,0.9670719133590737,-1.275
2026-03-11,1172739.1054799994,942888.1054799994,229851.0,2,973224.2598565804,4704.496,8.954199737942758e-05,0.00636182936606744,-0.006272287368688012,0.17273910547999938,-0.026775740143419546,1.1727391054799994,0.9732242598565805,-1.2662
2026-03-12,1173117.1054799994,942888.1054799994,230229.0,2,969720.6909163729,4687.56,0.0003223223291810573,-0.003599960548377412,0.0039222828775584695,0.17311710547999937,-0.03027930908362708,1.1731171054799994,0.9697206909163729,-1.2344
2026-03-13,1172086.1054799994,942888.1054799994,229198.0,2,965910.1252645882,4669.14,-0.0008788551417278079,-0.003929549701763957,0.003050694560036149,0.17208610547999936,-0.03408987473541181,1.1720861054799994,0.9659101252645882,-1.3212
2026-03-16,1172866.1054799994,942888.1054799994,229978.0,2,966410.5464541467,4671.559,0.0006654801181869008,0.0005180825591009075,0.00014739755908599328,0.17286610547999937,-0.0335894535458533,1.1728661054799994,0.9664105464541467,-1.2555
2026-03-17,1174609.1054799994,942888.1054799994,231721.0,2,959352.104541069,4637.439,0.0014861031381638856,-0.007303771610291165,0.008789874748455051,0.17460910547999942,-0.040647895458930994,1.1746091054799994,0.959352104541069,-1.1088
2026-03-18,1173534.1054799994,942888.1054799994,230646.0,2,963674.2624217821,4658.332,-0.0009151980816296534,0.004505288371448035,-0.005420486453077689,0.17353410547999948,-0.03632573757821789,1.1735341054799995,0.9636742624217821,-1.1993
2026-03-19,1172498.1054799994,942888.1054799994,229610.0,2,948142.1734043205,4583.251,-0.0008828034866326107,-0.016117571697337185,0.015234768210704575,0.17249810547999944,-0.0518578265956795,1.1724981054799994,0.9481421734043205,-1.2865
2026-03-20,1173663.1054799994,942888.1054799994,230775.0,2,944784.034847023,4567.018,0.0009936050169760957,-0.003541809078315805,0.004535414095291901,0.17366310547999952,-0.055215965152977,1.1736631054799995,0.944784034847023,-1.1884
2026-03-23,1147578.4216199992,102474.42161999928,1045104.0,8,913955.896736567,4417.997,-0.022225018182992273,-0.032629825413431734,0.010404807230439461,0.14757842161999912,-0.08604410326343293,1.1475784216199991,0.9139558967365671,-3.3845
2026-03-24,1164231.3148299993,91790.31482999928,1072441.0,8,925690.6598526085,4474.722,0.014511333514350744,0.012839528863419325,0.0016718046509314188,0.16423131482999942,-0.07430934014739154,1.1642313148299994,0.9256906598526085,-1.9825
2026-03-25,1178239.3148299993,91790.31482999928,1086449.0,8,938670.580116212,4537.466,0.012031973218350922,0.014021876666304722,-0.0019899034479538003,0.17823931482999944,-0.06132941988378793,1.1782393148299994,0.9386705801162121,-0.8031
2026-03-26,1161492.3148299993,91790.31482999928,1069702.0,8,926272.381384249,4477.534,-0.014213581052009205,-0.01320825324090602,-0.001005327811103185,0.16149231482999937,-0.07372761861575106,1.1614923148299994,0.9262723813842489,-2.2131
2026-03-27,1167618.3148299993,91790.31482999928,1075828.0,8,931451.6062299645,4502.57,0.005274249275507792,0.005591470662199338,-0.0003172213866915463,0.16761831482999945,-0.06854839377003552,1.1676183148299994,0.9314516062299645,-1.6973
2026-03-30,1166289.3148299993,91790.31482999928,1074499.0,8,929254.6351538541,4491.95,-0.0011382144174344466,-0.002358652947094697,0.0012204385296602505,0.1662893148299993,-0.0707453648461458,1.1662893148299993,0.9292546351538542,-1.8092
2026-03-31,1161891.3148299993,91790.31482999928,1070101.0,8,920586.5292159916,4450.049,-0.0037709339733091873,-0.00932802012489009,0.005557086151580903,0.1618913148299994,-0.0794134707840084,1.1618913148299994,0.9205865292159916,-2.1795
2026-04-01,1170857.3148299993,91790.31482999928,1079067.0,8,936312.4564536336,4526.067,0.007716728652293892,0.017082508529681517,-0.009365779877387626,0.17085731482999944,-0.06368754354636641,1.1708573148299994,0.9363124564536336,-1.4246
2026-04-02,1164657.3148299993,91790.31482999928,1072867.0,8,926557.8635014836,4478.914,-0.005295265205649935,-0.010418095887665957,0.005122830682016022,0.16465731482999946,-0.07344213649851639,1.1646573148299995,0.9265578635014836,-1.9466
2026-04-03,1158706.3148299993,91790.31482999928,1066916.0,8,918670.902835127,4440.789,-0.00510965751403758,-0.008512108069054225,0.003402450555016645,0.15870631482999942,-0.08132909716487302,1.1587063148299994,0.918670902835127,-2.4476
2026-04-07,1149654.3148299993,91790.31482999928,1057864.0,8,918635.1141349231,4440.616,-0.007812160755616526,-3.895704119227794e-05,-0.007773203714424248,0.14965431482999936,-0.08136488586507695,1.1496543148299994,0.918635114134923,-3.2097
2026-04-08,1177703.3148299993,91790.31482999928,1085913.0,8,950687.7222829963,4595.556,0.024397768649394136,0.03489155558598167,-0.010493786936587535,0.17770331482999935,-0.04931227771700375,1.1777033148299993,0.9506877222829963,-0.8483
2026-04-09,1165209.3148299993,91790.31482999928,1073419.0,8,944619.7791940634,4566.224,-0.010608783929425769,-0.006382687970726275,-0.004226095958699494,0.16520931482999934,-0.05538022080593663,1.1652093148299993,0.9446197791940634,-1.9001
2026-04-10,1174523.3148299993,91790.31482999928,1082733.0,8,959171.506071253,4636.566,0.007993413613723854,0.015404850922775326,-0.007411437309051472,0.1745233148299994,-0.04082849392874699,1.1745233148299994,0.959171506071253,-1.116
2026-04-13,1178448.3148299993,91790.31482999928,1086658.0,8,961155.1930438351,4646.155,0.0033417812575036177,0.0020681254186827314,0.0012736558388208863,0.17844831482999934,-0.03884480695616488,1.1784483148299993,0.9611551930438351,-0.7855
2026-04-14,1180422.3148299993,91790.31482999928,1088632.0,8,972559.7898851617,4701.284,0.0016750840704327086,0.011865510298300519,-0.01019042622786781,0.18042231482999926,-0.027440210114838326,1.1804223148299993,0.9725597898851617,-0.6193
2026-04-15,1177381.3148299993,91790.31482999928,1085591.0,8,969241.9911922561,4685.246,-0.0025761966389443725,-0.003411408457774434,0.0008352118188300617,0.17738131482999941,-0.03075800880774393,1.1773813148299994,0.9692419911922561,-0.8754
2026-04-16,1183851.3148299993,91790.31482999928,1092061.0,8,979867.3046019718,4736.608,0.005495246033299095,0.010962498020381517,-0.005467251987082422,0.1838513148299994,-0.0201326953980282,1.1838513148299994,0.9798673046019718,-0.3307
2026-04-17,1178259.3148299993,91790.31482999928,1086469.0,8,978225.5755567728,4728.672,-0.004723566152226688,-0.001675460582763133,-0.003048105569463555,0.17825931482999935,-0.02177442444322719,1.1782593148299993,0.9782255755567728,-0.8014
2026-04-20,1181497.3148299993,91790.31482999928,1089707.0,8,984177.2570878176,4757.442,0.0027481217073741515,0.006084160626916191,-0.0033360389195420392,0.18149731482999942,-0.01582274291218233,1.1814973148299994,0.9841772570878177,-0.5288
2026-04-21,1174024.3148299993,91790.31482999928,1082234.0,8,986360.781542464,4767.997,-0.006325024954521585,0.0022186292549650766,-0.008543654209486662,0.17402431482999936,-0.013639218457535907,1.1740243148299994,0.9863607815424641,-1.158
2026-04-22,1171076.2002699992,233938.20026999927,937138.0,7,992904.1144179228,4799.627,-0.0025111188267229467,0.006633812898791724,-0.009144931725514671,0.17107620026999926,-0.007095885582077188,1.1710762002699993,0.9929041144179228,-1.4062
2026-04-23,1174241.2002699992,233938.20026999927,940303.0,7,990152.7287952986,4786.327,0.0027026422356377644,-0.0027710486669069168,0.005473690902544681,0.17424120026999912,-0.009847271204701413,1.1742412002699991,0.9901527287952986,-1.1397
2026-04-24,1170313.9213899993,352635.9213899993,817678.0,7,986644.608690903,4769.369,-0.003344524854941966,-0.003543009075644088,0.00019848422070212202,0.17031392138999935,-0.013355391309096909,1.1703139213899993,0.9866446086909031,-1.4704
2026-04-27,1163455.2314999993,369661.2314999993,793794.0,6,986971.0512858281,4770.947,-0.005860555671980627,0.0003308613780985681,-0.006191417050079195,0.1634552314999993,-0.013028948714171928,1.1634552314999993,0.9869710512858281,-2.0478
2026-04-28,1166018.2314999993,369661.2314999993,796357.0,6,984335.7203499927,4758.208,0.0022029210326344195,-0.0026701197896352724,0.004873040822269692,0.1660182314999994,-0.015664279650007273,1.1660182314999994,0.9843357203499927,-1.832
2026-04-29,1179479.2314999993,369661.2314999993,809818.0,6,995121.7726039775,4810.347,0.011544416404779101,0.01095769667908586,0.000586719725693241,0.17947923149999934,-0.004878227396022505,1.1794792314999993,0.9951217726039775,-0.6987
2026-04-30,1166890.2314999993,369661.2314999993,797229.0,6,994492.8844616635,4807.307,-0.01067335453121121,-0.0006319710407584056,-0.010041383490452804,0.16689023149999938,-0.005507115538336493,1.1668902314999994,0.9944928844616635,-1.7586
2026-05-06,1162250.2314999993,369661.2314999993,792589.0,6,1008929.5910075615,4877.093,-0.00397638087520491,0.014516651422511462,-0.018493032297716372,0.1622502314999994,0.008929591007561521,1.1622502314999994,1.0089295910075615,-2.1493
2026-05-07,1163326.3825399992,477275.3825399993,686051.0,6,1013773.891543275,4900.51,0.0009259202629807728,0.00480142576735787,-0.003875505504377097,0.16332638253999932,0.013773891543275019,1.1633263825399993,1.013773891543275,-2.0587
2026-05-08,1158328.4725999993,619560.4725999993,538768.0,4,1007857.7918413349,4871.912,-0.004296223325639281,-0.005835719139436479,0.0015394958137971981,0.15832847259999938,0.007857791841334949,1.1583284725999994,1.007857791841335,-2.4794
2026-05-11,1160384.4725999993,619560.4725999993,540824.0,4,1024391.9644645101,4951.837,0.001774971477119136,0.016405263477665466,-0.01463029200054633,0.16038447259999922,0.024391964464510085,1.1603844725999992,1.02439196446451,-2.3063
2026-05-12,1153439.4725999993,619560.4725999993,533879.0,4,1023607.9229976118,4948.047,-0.005985085257508516,-0.000765372527407604,-0.005219712730100912,0.15343947259999924,0.02360792299761183,1.1534394725999992,1.0236079229976118,-2.891
2026-05-13,1149402.9089999993,742576.9089999993,406826.0,3,1034012.5049442193,4998.342,-0.003499588574770285,0.010164616463829157,-0.013664205038599442,0.1494029089999993,0.03401250494421926,1.1494029089999993,1.0340125049442193,-3.2309
2026-05-14,1149205.9089999993,742576.9089999993,406629.0,3,1016688.0847211626,4914.597,-0.00017139333688598324,-0.01675455581070684,0.016583162473820856,0.1492059089999993,0.016688084721162566,1.1492059089999993,1.0166880847211626,-3.2475
2026-05-15,1142652.9089999993,742576.9089999993,400076.0,3,1005309.3467672666,4859.593,-0.005702198316837936,-0.011191965485674693,0.005489767168836757,0.14265290899999927,0.005309346767266687,1.1426529089999993,1.0053093467672667,-3.7992
2026-05-18,1140039.9889999991,859487.9889999992,280552.0,2,999916.4240758242,4833.524,-0.0022867136463048388,-0.005364441013887111,0.0030777273675822725,0.14003998899999903,-8.357592417573834e-05,1.140039988999999,0.9999164240758243,-4.0192
2026-05-19,1142861.9889999991,859487.9889999992,283374.0,2,1003921.2416899878,4852.883,0.0024753517659281687,0.00400515234847254,-0.0015298005825443717,0.14286198899999913,0.003921241689987864,1.1428619889999991,1.0039212416899879,-3.7816
2026-05-20,1142599.9889999991,859487.9889999992,283112.0,2,1003469.6420798985,4850.7,-0.0002292490278981152,-0.0004498356956060823,0.0002205866677079671,0.14259998899999915,0.0034696420798985272,1.1425999889999991,1.0034696420798985,-3.8036
2026-05-21,1139357.9889999991,859487.9889999992,279870.0,2,989484.7420151894,4783.098,-0.002837388439708821,-0.013936545240892939,0.011099156801184118,0.13935798899999918,-0.010515257984810678,1.1393579889999992,0.9894847420151893,-4.0766
2026-05-22,1142741.6828399992,67791.68283999921,1074950.0,8,1002310.3364386064,4845.096,0.0029698250002792026,0.012961892062424596,-0.009992067062145393,0.14274168283999922,0.002310336438606342,1.1427416828399992,1.0023103364386063,-3.7917
2026-05-25,1133989.6828399992,67791.68283999921,1066198.0,8,1018136.1824172805,4921.597,-0.007658773746879621,0.015789367228224327,-0.023448140975103948,0.13398968283999912,0.018136182417280544,1.1339896828399991,1.0181361824172805,-4.5285
2026-05-26,1151053.6828399992,67791.68283999921,1083262.0,8,1023566.9625199217,4947.849,0.015047755952474207,0.005334040962720055,0.009713714989754152,0.15105368283999931,0.02356696251992174,1.1510536828399993,1.0235669625199217,-3.0919
2026-05-27,1125597.6828399992,67791.68283999921,1057806.0,8,1015358.7310361265,4908.171,-0.02211538903832211,-0.008019242301048224,-0.014096146737273885,0.12559768283999917,0.015358731036126505,1.1255976828399992,1.0153587310361265,-5.2351
2026-05-28,1114195.997039999,464444.9970399992,649751.0,5,1016608.6462189757,4914.213,-0.010129450312328703,0.0012310084550843925,-0.011360458767413095,0.11419599703999905,0.01660864621897562,1.114195997039999,1.0166086462189756,-6.195
2026-05-29,1111254.997039999,464444.9970399992,646810.0,5,1012038.4498900274,4892.121,-0.0026395715007172527,-0.004495531634465255,0.0018559601337480025,0.11125499703999919,0.012038449890027447,1.1112549970399992,1.0120384498900274,-6.4426
2026-06-01,1109882.997039999,464444.9970399992,645438.0,5,1002136.5647150724,4844.256,-0.001234640117393826,-0.009784099780034028,0.008549459662640202,0.10988299703999904,0.0021365647150723976,1.109882997039999,1.0021365647150724,-6.5581
2026-06-02,1097552.997039999,464444.9970399992,633108.0,5,1016680.2236193838,4914.559,-0.01110927911580184,0.014512651684799538,-0.025621930800601378,0.09755299703999909,0.016680223619383705,1.097552997039999,1.0166802236193837,-7.5962
2026-06-03,1091207.433159999,583517.4331599992,507690.0,4,1021696.8477809351,4938.809,-0.005781555785564274,0.004934318623502021,-0.010715874409066295,0.09120743315999902,0.02169684778093517,1.091207433159999,1.0216968477809352,-8.1304
2026-06-04,1080664.433159999,583517.4331599992,497147.0,4,1014649.9906494264,4904.745,-0.009661774360781972,-0.006897209428426976,-0.002764564932354996,0.08066443315999905,0.014649990649426403,1.080664433159999,1.0146499906494264,-9.018
2026-06-05,1078916.9559199992,827380.9559199992,251536.0,2,996481.5363406322,4816.92,-0.001617039652993979,-0.01790612967646643,0.016289090023472452,0.07891695591999914,-0.00351846365936781,1.0789169559199991,0.9964815363406322,-9.1652
2026-06-08,1072446.9559199992,827380.9559199992,245066.0,2,975115.0617055116,4713.636,-0.005996754397545767,-0.02144191724172273,0.015445162844176963,0.07244695591999917,-0.024884938294488346,1.0724469559199992,0.9751150617055117,-9.7099
2026-06-09,1073150.514679999,950236.5146799992,122914.0,1,993355.9208991114,4801.811,0.0006560312900476539,0.018706365956132176,-0.018050334666084522,0.07315051467999911,-0.0066440791008886,1.0731505146799991,0.9933559208991114,-9.6506
2026-06-10,1077902.514679999,950236.5146799992,127666.0,1,982346.6547288251,4748.593,0.004428083418864137,-0.011082901846824034,0.01551098526568817,0.07790251467999898,-0.017653345271174903,1.077902514679999,0.9823466547288251,-9.2506
2026-06-11,1080520.514679999,950236.5146799992,130284.0,1,976930.5624742446,4722.412,0.002428791068158187,-0.005513422607496543,0.00794221367565473,0.08052051467999899,-0.02306943752575541,1.080520514679999,0.9769305624742446,-9.0302
2026-06-12,1085448.514679999,950236.5146799992,135212.0,1,988289.6476736931,4777.321,0.004560764865680911,0.011627320953783826,-0.0070665560881029155,0.08544851467999903,-0.011710352326306905,1.085448514679999,0.9882896476736931,-8.6153
2026-06-15,1089276.514679999,950236.5146799992,139040.0,1,1011954.0464814536,4891.713,0.003526652759876514,0.02394480086224049,-0.020418148102363975,0.0892765146799992,0.011954046481453595,1.0892765146799992,1.0119540464814536,-8.293
2026-06-16,1086592.514679999,950236.5146799992,136356.0,1,1010406.4437865024,4884.232,-0.0024640208099855343,-0.0015293211192071166,-0.0009346996907784177,0.08659251467999907,0.01040644378650235,1.086592514679999,1.0104064437865024,-8.5189
2026-06-17,1086086.514679999,950236.5146799992,135850.0,1,1020161.2436097518,4931.386,-0.00046567594858593075,0.009654332554227762,-0.010120008502813693,0.08608651467999917,0.0201612436097518,1.0860865146799992,1.0201612436097518,-8.5615
2026-06-18,1076846.514679999,950236.5146799992,126610.0,1,1022274.0181483878,4941.599,-0.008507609545932437,0.0020710201959448504,-0.010578629741877288,0.07684651467999903,0.02227401814838781,1.076846514679999,1.0222740181483878,-9.3395
2026-06-22,1074969.645399999,1074969.645399999,0.0,0,1046697.0132778148,5059.658,-0.0017429310996635028,0.023890849905061406,-0.02563378100472491,0.07496964539999906,0.046697013277814836,1.074969645399999,1.0466970132778148,-9.4975
2026-06-23,1074969.645399999,1074969.645399999,0.0,0,1017678.7904164068,4919.386,0.0,-0.027723612939847042,0.027723612939847042,0.07496964539999906,0.017678790416406853,1.074969645399999,1.0176787904164069,-9.4975
2026-06-24,1074969.645399999,1074969.645399999,0.0,0,1022567.9819806998,4943.02,0.0,0.004804258092371727,-0.004804258092371727,0.07496964539999906,0.02256798198069987,1.074969645399999,1.0225679819806999,-9.4975
2026-06-25,1074969.645399999,1074969.645399999,0.0,0,1038514.4338103507,5020.104,0.0,0.015594515094011552,-0.015594515094011552,0.07496964539999906,0.03851443381035069,1.074969645399999,1.0385144338103507,-9.4975
2026-06-26,1074969.645399999,1074969.645399999,0.0,0,1007094.2306132817,4868.221,0.0,-0.030254950893447874,0.030254950893447874,0.07496964539999906,0.007094230613281738,1.074969645399999,1.0070942306132817,-9.4975
2026-06-29,1074969.645399999,1074969.645399999,0.0,0,1019237.564150728,4926.921,0.0,0.012057792774814668,-0.012057792774814668,0.07496964539999906,0.01923756415072808,1.074969645399999,1.019237564150728,-9.4975
2026-06-30,1074969.645399999,1074969.645399999,0.0,0,1030100.7793248058,4979.433,0.0,0.010658177795016321,-0.010658177795016321,0.07496964539999906,0.030100779324805815,1.074969645399999,1.0301007793248058,-9.4975
2026-07-01,1074969.645399999,1074969.645399999,0.0,0,1025869.0241145503,4958.977,0.0,-0.004108098251347059,0.004108098251347059,0.07496964539999906,0.025869024114550276,1.074969645399999,1.0258690241145503,-9.4975
2026-07-02,1074969.645399999,1074969.645399999,0.0,0,995524.9643767967,4812.296,0.0,-0.029578882902663084,0.029578882902663084,0.07496964539999906,-0.004475035623203283,1.074969645399999,0.9955249643767967,-9.4975
2026-07-03,1074969.645399999,1074969.645399999,0.0,0,1001705.859086027,4842.174,0.0,0.006208678767889664,-0.006208678767889664,0.07496964539999906,0.0017058590860270506,1.074969645399999,1.001705859086027,-9.4975
2026-07-06,1074969.645399999,1074969.645399999,0.0,0,1001669.4497725245,4841.998,0.0,-3.6347310113260534e-05,3.6347310113260534e-05,0.07496964539999906,0.0016694497725244783,1.074969645399999,1.0016694497725245,-9.4975
2026-07-07,1074969.645399999,1074969.645399999,0.0,0,991380.5087705071,4792.262,0.0,-0.010271792759930953,0.010271792759930953,0.07496964539999906,-0.008619491229492904,1.074969645399999,0.9913805087705071,-9.4975
2026-07-08,1074969.645399999,1074969.645399999,0.0,0,983782.5470300757,4755.534,0.0,-0.007664021708328916,0.007664021708328916,0.07496964539999906,-0.016217452969924273,1.074969645399999,0.9837825470300757,-9.4975
2026-07-09,1074969.645399999,1074969.645399999,0.0,0,1008768.2315499942,4876.313,0.0,0.025397568390847614,-0.025397568390847614,0.07496964539999906,0.008768231549994177,1.074969645399999,1.0087682315499942,-9.4975
2026-07-10,1074969.645399999,1074969.645399999,0.0,0,989006.662904371,4780.787,0.0,-0.0195898007367451,0.0195898007367451,0.07496964539999906,-0.010993337095628997,1.074969645399999,0.989006662904371,-9.4975
2026-07-13,1074969.645399999,1074969.645399999,0.0,0,971339.0435273342,4695.383,0.0,-0.017864004399275824,0.017864004399275824,0.07496964539999906,-0.028660956472665755,1.074969645399999,0.9713390435273342,-9.4975
2026-07-14,1074969.645399999,1074969.645399999,0.0,0,992257.6422321559,4796.502,0.0,0.021535836373731687,-0.021535836373731687,0.07496964539999906,-0.007742357767844155,1.074969645399999,0.9922576422321558,-9.4975
2026-07-15,1074969.645399999,1074969.645399999,0.0,0,990247.0620166458,4786.783,0.0,-0.002026268309697432,0.002026268309697432,0.07496964539999906,-0.009752937983354193,1.074969645399999,0.9902470620166458,-9.4975
2026-07-16,1074969.645399999,1074969.645399999,0.0,0,971970.2072517424,4698.434,0.0,-0.018456863409099578,0.018456863409099578,0.07496964539999906,-0.028029792748257676,1.074969645399999,0.9719702072517423,-9.4975
2026-07-17,1074969.645399999,1074969.645399999,0.0,0,936938.8621427544,4529.095,0.0,-0.036041583216876116,0.036041583216876116,0.07496964539999906,-0.06306113785724565,1.074969645399999,0.9369388621427543,-9.4975
2026-07-20,1095718.3317799992,104280.33177999908,991438.0,8,951259.720872963,4598.321,0.019301648626812495,0.015284731276336672,0.004016917350475824,0.09571833177999922,-0.048740279127037045,1.0957183317799992,0.951259720872963,-7.7506
2026-07-21,1108528.9991199991,64528.999119999076,1044000.0,8,980409.5137536183,4739.229,0.011691569784352263,0.030643358738983384,-0.01895178895463112,0.10852899911999914,-0.0195904862463816,1.1085289991199991,0.9804095137536184,-6.6721
2026-07-22,1109826.9991199991,64528.999119999076,1045298.0,8,975861.4526323106,4717.244,0.0011709211044821366,-0.0046389402158032444,0.005809861320285381,0.10982699911999916,-0.02413854736768939,1.1098269991199992,0.9758614526323106,-6.5628
2026-07-23,1127332.813199999,193622.81319999907,933710.0,7,978086.9719201446,4728.002,0.015773462074612166,0.002280568908456182,0.013492893166155984,0.12733281319999912,-0.0219130280798554,1.1273328131999991,0.9780869719201446,-5.089
2026-07-24,1106810.813199999,193622.81319999907,913188.0,7,961783.4605728509,4649.192,-0.018204029688222323,-0.016668774674799436,-0.001535255013422887,0.10681081319999897,-0.03821653942714909,1.106810813199999,0.9617834605728509,-6.8168
2026-07-27,1114696.848079999,331629.8480799991,783067.0,6,972796.2435518279,4702.427,0.0071250070797554965,0.011450376753638025,-0.004325369673882529,0.11469684807999903,-0.02720375644817219,1.114696848079999,0.9727962435518278,-6.1528
2026-07-28,1114547.848079999,331629.8480799991,782918.0,6,945302.4538222334,4569.524,-0.00013366862950825453,-0.02826263969648002,0.028128971066971764,0.11454784807999907,-0.054697546177766676,1.114547848079999,0.9453024538222333,-6.1654
2026-07-29,1123278.848079999,331629.8480799991,791649.0,6,951661.2576769865,4600.262,0.007833669963152046,0.006726740028063949,0.0011069299350880968,0.12327884807999889,-0.048338742323013495,1.123278848079999,0.9516612576769865,-5.4303
2026-07-30,1129120.848079999,331629.8480799991,797491.0,6,941205.5785688162,4549.72,0.00520084572943369,-0.010986765536397658,0.016187611265831348,0.12912084807999902,-0.05879442143118385,1.129120848079999,0.9412055785688161,-4.9385
2026-07-31,1120237.502559999,460933.50255999906,659304.0,5,949165.3578621775,4588.197,-0.007867488706018944,0.0084570039474956,-0.016324492653514544,0.1202375025599991,-0.05083464213782252,1.120237502559999,0.9491653578621775,-5.6863
2026-08-03,1125684.946479999,547125.9464799991,578559.0,5,939852.2278362442,4543.178,0.0048627580379618784,-0.009811915225087398,0.014674673263049276,0.12568494647999895,-0.060147772163755886,1.125684946479999,0.9398522278362441,-5.2277
2026-08-04,1117985.135759999,590265.135759999,527720.0,4,951799.4475714162,4600.93,-0.006840111652978154,0.012711806581208185,-0.01955191823418634,0.11798513575999903,-0.0482005524285839,1.117985135759999,0.9517994475714161,-5.876
2026-08-05,1118318.532599999,719907.5325999991,398411.0,3,963637.6462371802,4658.155,0.00029821222960491056,0.012437702812257534,-0.012139490582652623,0.11831853259999914,-0.03636235376281982,1.1183185325999991,0.9636376462371802,-5.8479
2026-08-06,1114638.532599999,719907.5325999991,394731.0,3,962221.6135614763,4651.31,-0.003290654578927743,-0.0014694659151530676,-0.0018211886637746755,0.11463853259999901,-0.0377783864385236,1.114638532599999,0.9622216135614764,-6.1577
2026-08-07,1112143.532599999,719907.5325999991,392236.0,3,971143.343467259,4694.437,-0.002238393817393103,0.00927201154083468,-0.011510405358227782,0.1121435325999991,-0.028856656532741054,1.112143532599999,0.971143343467259,-6.3678
2026-08-10,1117343.532599999,719907.5325999991,397436.0,3,972713.0813698507,4702.025,0.00467565547752935,0.0016163812614802264,0.0030592742160491238,0.11734353259999919,-0.027286918630149315,1.1173435325999992,0.9727130813698507,-5.93
2026-08-11,1112953.532599999,719907.5325999991,393046.0,3,964803.1580114557,4663.789,-0.003928961748930204,-0.008131815547556598,0.004202853798626394,0.11295353259999907,-0.035196841988544336,1.112953532599999,0.9648031580114557,-6.2996
2026-08-12,1113781.532599999,719907.5325999991,393874.0,3,970415.1571972112,4690.917,0.0007439663703350252,0.005816729701965562,-0.0050727633316305365,0.11378153259999912,-0.029584842802788835,1.1137815325999991,0.9704151571972112,-6.2299
2026-08-13,1110934.532599999,719907.5325999991,391027.0,3,964836.6711295658,4663.951,-0.002556156586071223,-0.0057485561991399425,0.0031923996130687193,0.11093453259999908,-0.03516332887043416,1.110934532599999,0.9648366711295658,-6.4696
2026-08-14,1112600.532599999,719907.5325999991,392693.0,3,965235.9323514956,4665.881,0.0014996383235121868,0.00041381223773595543,0.0010858260857762314,0.11260053259999903,-0.03476406764850437,1.112600532599999,0.9652359323514956,-6.3293
2026-08-17,1110041.532599999,719907.5325999991,390134.0,3,980796.1558384817,4741.098,-0.002300016874897559,0.01612064259675705,-0.01842065947165461,0.11004153259999905,-0.019203844161518213,1.110041532599999,0.9807961558384818,-6.5448
2026-08-18,1107475.532599999,719907.5325999991,387568.0,3,977634.1310834584,4725.813,-0.0023116252181931696,-0.0032239367336427405,0.0009123115154495709,0.1074755325999992,-0.022365868916541576,1.1074755325999992,0.9776341310834584,-6.7608
2026-08-19,1101326.532599999,719907.5325999991,381419.0,3,949268.5865408009,4588.696,-0.0055522671327682405,-0.02901447856696815,0.02346221143419991,0.10132653259999902,-0.05073141345919918,1.101326532599999,0.9492685865408008,-7.2785
2026-08-20,1106926.4350799993,934346.4350799992,172580.0,2,950107.2419779525,4592.75,0.005084688613448796,0.0008834753925732741,0.0042012132208755215,0.10692643507999922,-0.04989275802204751,1.1069264350799992,0.9501072419779525,-6.807
2026-08-21,1106176.9119199992,981051.9119199992,125125.0,1,955515.886872953,4618.895,-0.0006771210229032931,0.0056926677916280255,-0.006369788814531319,0.10617691191999912,-0.04448411312704692,1.1061769119199991,0.9555158868729531,-6.8701
2026-08-24,1107840.9119199992,981051.9119199992,126789.0,1,943979.099399081,4563.127,0.0015042801762259472,-0.01207388347212901,0.013578163648354957,0.10784091191999923,-0.05602090060091902,1.1078409119199992,0.943979099399081,-6.73
