date,total_equity,cash,holdings_value,num_positions,benchmark_equity,benchmark_close,strategy_return,benchmark_return,excess_return,cum_strategy_return,cum_benchmark_return,nav_strategy,nav_benchmark,drawdown_pct
2021-09-29,1000000.0,1000000.0,0.0,0,1000000.0,4833.928,0.0,0.0,0.0,0.0,0.0,1.0,1.0,0.0
2021-09-30,1009185.33516,267710.33515999996,741475.0,8,1006714.0015325011,4866.383,0.009185335159999974,0.006714001532501124,0.0024713336274988507,0.009185335159999974,0.006714001532501124,1.00918533516,1.0067140015325011,0.0
2021-10-08,993078.0790799999,111164.07907999997,881914.0,8,1019862.3148710531,4929.941,-0.015960652140715403,0.01306062428707322,-0.029021276427788623,-0.006921920920000102,0.019862314871053055,0.9930780790799999,1.019862314871053,-1.5961
2021-10-11,990741.13192,176357.13191999999,814384.0,7,1021155.4661136863,4936.192,-0.0023532360740103897,0.0012679664929051704,-0.00362120256691556,-0.009258868080000093,0.02115546611368635,0.9907411319199999,1.0211554661136863,-1.8276
2021-10-12,1000188.7531399999,250576.75314,749612.0,7,1010324.7297022216,4883.837,0.009535912980306982,-0.010606354047816402,0.020142267028123384,0.00018875313999999754,0.010324729702221536,1.00018875314,1.0103247297022215,-0.8915
2021-10-13,1015605.22337,280090.22336999996,735515.0,6,1021965.7802102142,4940.109,0.015413560871986975,0.011522088063135483,0.0038914728088514927,0.015605223369999921,0.021965780210214225,1.01560522337,1.0219657802102142,0.0
2021-10-14,1012025.22337,280090.22336999996,731935.0,6,1016484.316688209,4913.612,-0.003524991716880699,-0.0053636468345130695,0.0018386551176323707,0.012025223370000004,0.016484316688208933,1.01202522337,1.016484316688209,-0.3525
2021-10-15,1019536.22337,280090.22336999996,739446.0,6,1020310.6045435515,4932.108,0.007421751777083818,0.0037642369808605913,0.003657514796223227,0.01953622337000005,0.02031060454355149,1.01953622337,1.0203106045435515,0.0
2021-10-18,1020705.31666,408200.31666,612505.0,5,1008450.063799047,4874.775,0.0011466912731512569,-0.011624441313937361,0.012771132587088618,0.020705316659999973,0.008450063799047003,1.02070531666,1.008450063799047,0.0
2021-10-19,1025978.75686,597846.75686,428132.0,4,1018369.119275256,4922.723,0.005166466867495112,0.009835941146001614,-0.004669474278506502,0.025978756860000063,0.018369119275255974,1.02597875686,1.018369119275256,0.0
2021-10-20,1022957.7613599999,669405.7613599999,353552.0,4,1015775.3694304095,4910.185,-0.002944501023828039,-0.002546964352858949,-0.00039753667096908973,0.02295776135999983,0.01577536943040947,1.0229577613599998,1.0157753694304095,-0.2945
2021-10-21,1030023.5489899999,703189.5489899999,326834.0,3,1019464.0880046206,4928.016,0.006907213471459617,0.0036314314022789507,0.003275782069180666,0.030023548989999815,0.019464088004620628,1.0300235489899998,1.0194640880046206,0.0
2021-10-22,1022447.19141,723917.19141,298530.0,3,1026023.7636969356,4959.725,-0.007355518800933214,0.006434435277807626,-0.01378995407874084,0.022447191409999956,0.026023763696935598,1.02244719141,1.0260237636969356,-0.7356
2021-10-25,1037339.74363,892264.74363,145075.0,1,1030119.6045948556,4979.524,0.014565595509595575,0.0039919551991289826,0.010573640310466592,0.03733974363000003,0.03011960459485552,1.03733974363,1.0301196045948555,0.0
2021-10-26,1035614.74363,892264.74363,143350.0,1,1026721.5399153648,4963.098,-0.0016629074616997253,-0.003298708872575218,0.0016358014108754926,0.035614743630000056,0.026721539915364856,1.03561474363,1.0267215399153649,-0.1663
2021-10-27,1036581.22863,1036581.22863,0.0,0,1013288.5719439759,4898.164,0.000933247625089173,-0.01308336043334224,0.014016608058431412,0.03658122863000002,0.013288571943975924,1.03658122863,1.013288571943976,-0.0731
2021-10-28,1036581.22863,1036581.22863,0.0,0,1006249.5759142463,4864.138,0.0,-0.006946684512808998,0.006946684512808998,0.03658122863000002,0.0062495759142462415,1.03658122863,1.0062495759142462,-0.0731
2021-10-29,1036581.22863,1036581.22863,0.0,0,1015482.6468246942,4908.77,0.0,0.00917572651104881,-0.00917572651104881,0.03658122863000002,0.015482646824694246,1.03658122863,1.0154826468246942,-0.0731
2021-11-01,1036581.22863,1036581.22863,0.0,0,1011741.3829912238,4890.685,0.0,-0.003684222320459063,0.003684222320459063,0.03658122863000002,0.011741382991223848,1.03658122863,1.0117413829912238,-0.0731
2021-11-02,1036581.22863,1036581.22863,0.0,0,1001224.2631665181,4839.846,0.0,-0.010395067357640175,0.010395067357640175,0.03658122863000002,0.0012242631665180248,1.03658122863,1.001224263166518,-0.0731
2021-11-03,1036581.22863,1036581.22863,0.0,0,997348.7399895076,4821.112,0.0,-0.0038707843183439783,0.0038707843183439783,0.03658122863000002,-0.002651260010492429,1.03658122863,0.9973487399895076,-0.0731
2021-11-04,1041979.5262,326380.52619999996,715599.0,8,1007202.0104560928,4868.742,0.005207790205823626,0.009879463493069451,-0.0046716732872458255,0.041979526200000006,0.007202010456092811,1.0419795262,1.0072020104560928,0.0
2021-11-05,1046261.19285,154729.19285,891532.0,8,1001741.4409151315,4842.346,0.00410916581596843,-0.005421523670796291,0.00953068948676472,0.04626119285000008,0.0017414409151315091,1.04626119285,1.0017414409151315,0.0
2021-11-08,1048078.6312,223209.6312,824869.0,7,1002948.3269092962,4848.18,0.0017370790032356087,0.0012047879271743778,0.0005322910760612309,0.04807863119999989,0.0029483269092962505,1.0480786311999999,1.0029483269092963,0.0
2021-11-09,1051601.6312,223209.6312,828392.0,7,1002651.2600104924,4846.744,0.003361389017125793,-0.0002961936231742346,0.0036575826403000278,0.05160163120000005,0.002651260010492429,1.0516016312,1.0026512600104924,0.0
2021-11-10,1052315.6312,223209.6312,829106.0,7,997365.4965485627,4821.193,0.0006789643328959372,-0.0052717865849731815,0.005950750917869119,0.052315631199999935,-0.002634503451437342,1.0523156312,0.9973654965485627,0.0
2021-11-11,1065524.6312,223209.6312,842315.0,7,1013389.731911605,4898.653,0.012552317582641193,0.016066562778134008,-0.0035142451954928156,0.06552463119999996,0.013389731911604974,1.0655246312,1.013389731911605,0.0
2021-11-12,1053513.6312,223209.6312,830304.0,7,1011263.5107515049,4888.375,-0.01127238136810893,-0.002098127791456239,-0.009174253576652691,0.05351363119999997,0.01126351075150489,1.0535136312,1.011263510751505,-1.1272
2021-11-15,1047431.8067000001,317439.8067,729992.0,7,1010022.9047681306,4882.378,-0.005772895878976336,-0.001226788043061422,-0.004546107835914914,0.047431806700000134,0.010022904768130614,1.0474318067000001,1.0100229047681306,-1.698
2021-11-16,1051387.09639,468201.09638999996,583186.0,5,1010217.9842149077,4883.321,0.0037761787113008705,0.00019314358699795697,0.0035830351243029135,0.05138709639000005,0.010217984214907716,1.05138709639,1.0102179842149077,-1.3268
2021-11-17,1047177.4568299999,573295.4568299999,473882.0,4,1010721.3015998584,4885.754,-0.004003891216141198,0.0004982265142923215,-0.004502117730433519,0.04717745682999985,0.010721301599858402,1.0471774568299999,1.0107213015998584,-1.7219
2021-11-18,1037617.4568299999,573295.4568299999,464322.0,4,1000763.561228053,4837.619,-0.009129302715262688,-0.009852112898029897,0.0007228101827672084,0.03761745682999984,0.0007635612280529891,1.0376174568299998,1.000763561228053,-2.6191
2021-11-19,1044544.58989,658908.58989,385636.0,4,1011611.6748118715,4890.058,0.006675998957422102,0.010839836704792383,-0.00416383774737028,0.044544589889999875,0.01161167481187153,1.0445445898899999,1.0116116748118715,-1.969
2021-11-22,1040872.6827199999,706019.6827199999,334853.0,3,1016233.3820445817,4912.399,-0.0035153187384625584,0.004568657467866499,-0.008083976206329058,0.04087268271999989,0.01623338204458169,1.0408726827199999,1.0162333820445817,-2.3136
2021-11-23,1049062.68272,706019.6827199999,343043.0,3,1016429.2889757563,4913.346,0.007868397486038292,0.00019277750036161834,0.007675619985676674,0.04906268272000003,0.01642928897575624,1.04906268272,1.0164292889757562,-1.545
2021-11-24,1072703.68272,706019.6827199999,366684.0,3,1017114.4460571198,4916.658,0.022535355026359172,0.0006740823870334811,0.02186127263932569,0.07270368271999983,0.01711444605711976,1.0727036827199998,1.0171144460571198,0.0
2021-11-25,1059166.68272,706019.6827199999,353147.0,3,1012932.3399107311,4896.442,-0.012619514799907194,-0.00411173606136539,-0.008507778738541805,0.05916668271999992,0.012932339910731061,1.05916668272,1.012932339910731,-1.262
2021-11-26,1058527.01982,822142.0198199999,236385.0,2,1005419.8159343706,4860.127,-0.0006039303448982514,-0.007416609856708223,0.0068126795118099714,0.05852701982000008,0.005419815934370575,1.05852701982,1.0054198159343706,-1.3216
2021-11-29,1058503.01982,822142.0198199999,236361.0,2,1003619.2098847976,4851.423,-2.2673015946383934e-05,-0.0017908997028267537,0.0017682266868803698,0.05850301982000006,0.0036192098847975807,1.05850301982,1.0036192098847976,-1.3238
2021-11-30,1060438.01982,822142.0198199999,238296.0,2,999606.5311688548,4832.026,0.0018280533581558345,-0.0039982083607221774,0.005826261718878012,0.06043801982000008,-0.00039346883114521614,1.06043801982,0.9996065311688548,-1.1434
2021-12-01,1063208.01982,822142.0198199999,241066.0,2,1002052.7819197968,4843.851,0.002612128147263304,0.0024472136532376343,0.0001649144940256697,0.06320801982000002,0.0020527819197968533,1.06320801982,1.0020527819197969,-0.8852
2021-12-02,1060597.91194,528475.9119400001,532122.0,8,1004599.7788961689,4856.163,-0.0024549362225859683,0.0025417792578674714,-0.00499671548045344,0.06059791193999997,0.004599778896168916,1.06059791194,1.004599778896169,-1.1285
2021-12-03,1080661.91194,528475.9119400001,552186.0,8,1013878.9820617933,4901.018,0.018917631058974926,0.009236716312858606,0.00968091474611632,0.08066191194000005,0.013878982061793277,1.08066191194,1.0138789820617933,0.0
2021-12-06,1077944.91194,528475.9119400001,549469.0,8,1012141.8854397502,4892.621,-0.002514199834361186,-0.0017133175189317784,-0.0008008823154294076,0.07794491193999997,0.012141885439750144,1.07794491194,1.0121418854397501,-0.2514
2021-12-07,1078333.91194,528475.9119400001,549858.0,8,1018240.6523225005,4922.102,0.00036087187359123973,0.006025604681008323,-0.005664732807417083,0.07833391193999995,0.018240652322500495,1.07833391194,1.0182406523225005,-0.2154
2021-12-08,1080965.91194,528475.9119400001,552490.0,8,1033513.531852357,4995.93,0.002440802399754638,0.014999282826727356,-0.012558480426972718,0.08096591193999991,0.03351353185235695,1.08096591194,1.033513531852357,0.0
2021-12-09,1082226.6692000001,661568.6692000001,420658.0,7,1050634.1840424598,5078.69,0.0011663247157696066,0.016565484304223554,-0.015399159588453948,0.08222666920000021,0.050634184042459784,1.0822266692000002,1.0506341840424598,0.0
2021-12-10,1083452.8128400003,712571.8128400001,370881.0,6,1045757.611615233,5055.117,0.0011329822807883971,-0.0046415512661729386,0.005774533546961336,0.08345281284000028,0.04575761161523295,1.0834528128400003,1.045757611615233,0.0
2021-12-13,1089286.8128400003,712571.8128400001,376715.0,6,1051691.5022317255,5083.801,0.005384636904220752,0.005674250467397668,-0.0002896135631769159,0.08928681284000017,0.05169150223172547,1.0892868128400002,1.0516915022317255,0.0
2021-12-14,1084025.8128400003,712571.8128400001,371454.0,6,1044635.95651404,5049.695,-0.004829765620941839,-0.006708759843274792,0.0018789942223329525,0.08402581284000021,0.044635956514039954,1.0840258128400002,1.04463595651404,-0.483
2021-12-15,1077706.6938400003,762208.6938400002,315498.0,5,1035575.8298427284,5005.899,-0.005829306761104491,-0.008672999062319553,0.0028436923012150617,0.0777066938400004,0.035575829842728446,1.0777066938400004,1.0355758298427284,-1.0631
2021-12-16,1078534.16855,855417.1685500002,223117.0,3,1041540.5442530381,5034.732,0.0007678106805213414,0.005759804582553318,-0.004991993902031977,0.07853416855000006,0.0415405442530381,1.07853416855,1.041540544253038,-0.9871
2021-12-17,1074844.16855,855417.1685500002,219427.0,3,1024996.648688189,4954.76,-0.0034213102445895816,-0.015884062945157762,0.01246275270056818,0.07484416855000009,0.02499664868818896,1.07484416855,1.024996648688189,-1.3259
2021-12-20,1074060.5257900003,900747.5257900002,173313.0,2,1009617.4374132176,4880.418,-0.0007290756957418765,-0.015004157618128788,0.014275081922386912,0.07406052579000044,0.009617437413217633,1.0740605257900004,1.0096174374132176,-1.3978
2021-12-21,1076258.5257900003,900747.5257900002,175511.0,2,1016458.0440585794,4913.485,0.002046439606728123,0.006775444234489836,-0.004729004627761713,0.07625852579000036,0.016458044058579313,1.0762585257900004,1.0164580440585793,-1.196
2021-12-22,1076952.5257900003,900747.5257900002,176205.0,2,1016658.5021539418,4914.454,0.0006448264830150041,0.00019721236556113908,0.00044761411745386503,0.07695252579000034,0.016658502153941823,1.0769525257900003,1.0166585021539418,-1.1323
2021-12-23,1076617.5257900003,900747.5257900002,175870.0,2,1023751.077798428,4948.739,-0.0003110629224387651,0.006976359937441723,-0.007287422859880488,0.07661752579000036,0.023751077798428,1.0766175257900004,1.023751077798428,-1.1631
2021-12-24,1075256.5257900003,900747.5257900002,174509.0,2,1018084.0509002203,4921.345,-0.0012641443849814582,-0.005535551581928089,0.0042714071969466305,0.07525652579000042,0.01808405090022025,1.0752565257900004,1.0180840509002202,-1.288
2021-12-27,1074889.4932700002,997500.4932700002,77389.0,2,1017665.9644082411,4919.324,-0.0003413441455102362,-0.0004106600939377536,6.931594842751743e-05,0.07488949327000016,0.017665964408241086,1.0748894932700002,1.017665964408241,-1.3217
2021-12-28,1074533.1552700002,1026863.1552700002,47670.0,1,1025245.7214919212,4955.964,-0.00033151128765429583,0.007448177839068926,-0.0077796891267232215,0.07453315527000015,0.02524572149192128,1.0745331552700002,1.0252457214919213,-1.3544
2021-12-29,1072433.1552700002,1026863.1552700002,45570.0,1,1010250.8767197194,4883.48,-0.00195433709020576,-0.01462561067836654,0.01267127358816078,0.07243315527000016,0.01025087671971936,1.0724331552700002,1.0102508767197194,-1.5472
2021-12-30,1079618.2525900004,409828.2525900004,669790.0,8,1018118.3915027283,4921.511,0.006699809013449576,0.007787684192420263,-0.0010878751789706875,0.07961825259000044,0.018118391502728315,1.0796182525900004,1.0181183915027283,-0.8876
2021-12-31,1092565.2525900004,409828.2525900004,682737.0,8,1022020.3941804677,4940.373,0.011992201844439165,0.0038325628043907045,0.00815963904004846,0.09256525259000048,0.02202039418046775,1.0925652525900005,1.0220203941804678,0.0
2022-01-04,1099552.2525900004,409828.2525900004,689724.0,8,1017343.4523642057,4917.765,0.006395041379392952,-0.004576172689794822,0.010971214069187774,0.09955225259000033,0.017343452364205758,1.0995522525900003,1.0173434523642058,0.0
2022-01-05,1081308.0316400004,521671.0316400004,559637.0,6,1007073.3366322378,4868.12,-0.016592409234782335,-0.010095033007880727,-0.006497376226901608,0.08130803164000033,0.007073336632237748,1.0813080316400003,1.0070733366322377,-1.6592
2022-01-06,1090818.7633500006,695676.7633500005,395142.0,4,996752.9512231047,4818.232,0.008795580382007673,-0.010247898572754877,0.01904347895476255,0.09081876335000061,-0.0032470487768953005,1.0908187633500006,0.9967529512231047,-0.7943
2022-01-07,1082903.1424700005,755145.1424700005,327758.0,3,997608.7769615104,4822.369,-0.007256586653946573,0.0008586136989667814,-0.008115200352913354,0.08290314247000063,-0.0023912230384895983,1.0829031424700006,0.9976087769615104,-1.5142
2022-01-10,1080666.4712700006,903516.4712700006,177150.0,2,1002092.9149130892,4844.045,-0.0020654397538253377,0.004494886227080386,-0.0065603259809057235,0.08066647127000048,0.002092914913089272,1.0806664712700005,1.0020929149130893,-1.7176
2022-01-11,1079499.4712700006,903516.4712700006,175983.0,2,992520.7822706504,4797.774,-0.0010798891526897503,-0.009552140824455435,0.008472251671765685,0.07949947127000057,-0.007479217729349674,1.0794994712700006,0.9925207822706503,-1.8237
2022-01-12,1078819.4712700006,903516.4712700006,175303.0,2,1002410.2551796385,4845.579,-0.0006299215683728265,0.009963995803053516,-0.010593917371426342,0.07881947127000055,0.002410255179638554,1.0788194712700006,1.0024102551796386,-1.8856
2022-01-13,1075452.4712700006,903516.4712700006,171936.0,2,985930.9033978165,4765.919,-0.0031210041064946292,-0.016439727842637475,0.013318723736142846,0.07545247127000065,-0.014069096602183584,1.0754524712700007,0.9859309033978164,-2.1918
2022-01-14,1076182.4712700006,903516.4712700006,172666.0,2,977824.2456238488,4726.732,0.0006787840648485588,-0.008222338650740846,0.008901122715589405,0.07618247127000055,-0.02217575437615127,1.0761824712700006,0.9778242456238487,-2.1254
2022-01-17,1080292.4712700006,903516.4712700006,176776.0,2,986211.6274797638,4767.276,0.003819054955568779,0.008577596529695253,-0.004758541574126474,0.08029247127000061,-0.013788372520236236,1.0802924712700006,0.9862116274797638,-1.7516
2022-01-18,1081424.4712700006,903516.4712700006,177908.0,2,995742.3859023137,4813.347,0.0010478643794205045,0.00966400938397527,-0.008616145004554765,0.08142447127000052,-0.004257614097686213,1.0814244712700005,0.9957423859023138,-1.6487
2022-01-19,1080536.4712700006,903516.4712700006,177020.0,2,988922.0526246977,4780.378,-0.0008211391766982379,-0.006849495787442761,0.006028356610744523,0.08053647127000052,-0.011077947375302322,1.0805364712700005,0.9889220526246977,-1.7294
2022-01-20,1074584.4712700006,903516.4712700006,171068.0,2,997844.6100148782,4823.509,-0.00550837492139844,0.009022508261899098,-0.014530883183297538,0.07458447127000056,-0.0021553899851217695,1.0745844712700006,0.9978446100148782,-2.2707
2022-01-21,1071472.3601500005,955506.3601500005,115966.0,1,988701.9417748878,4779.314,-0.0028961065446273526,-0.009162416821446806,0.006266310276819453,0.07147236015000047,-0.011298058225112206,1.0714723601500005,0.9887019417748878,-2.5538
2022-01-24,1071495.1135500006,1068942.1135500006,2553.0,1,990237.7528171707,4786.738,2.123563877742818e-05,0.0015533610053661828,-0.0015321253665887546,0.0714951135500006,-0.009762247182829253,1.0714951135500006,0.9902377528171707,-2.5517
2022-01-25,1071487.5094900005,1071487.5094900005,0.0,0,967836.3020715244,4678.451,-7.096681920337744e-06,-0.022622295183066243,0.022615198501145906,0.07148750949000049,-0.03216369792847551,1.0714875094900005,0.9678363020715245,-2.5524
2022-01-26,1071487.5094900005,1071487.5094900005,0.0,0,974840.9574987463,4712.311,0.0,0.007237438203371083,-0.007237438203371083,0.07148750949000049,-0.02515904250125367,1.0714875094900005,0.9748409574987463,-2.5524
2022-01-27,1071487.5094900005,1071487.5094900005,0.0,0,955719.0342926085,4619.877,0.0,-0.019615428608171115,0.019615428608171115,0.07148750949000049,-0.044280965707391484,1.0714875094900005,0.9557190342926085,-2.5524
2022-01-28,1065675.0754800006,414147.07548000047,651528.0,8,944112.5312582231,4563.772,-0.005424640006085113,-0.012144262715219623,0.0067196227091345095,0.06567507548000062,-0.05588746874177686,1.0656750754800006,0.9441125312582231,-3.081
2022-02-07,1080020.2840600004,163079.28406000044,916941.0,8,958659.2932290263,4634.09,0.013461146751075681,0.015407868754179654,-0.0019467220031039734,0.08002028406000039,-0.04134070677097379,1.0800202840600004,0.9586592932290262,-1.7764
2022-02-08,1094850.1881600004,47878.188160000456,1046972.0,8,953421.9376043666,4608.773,0.013731134793368405,-0.005463208526377383,0.019194343319745788,0.09485018816000035,-0.046578062395633446,1.0948501881600003,0.9534219376043666,-0.4276
2022-02-09,1110121.1881600004,47878.188160000456,1062243.0,8,962376.9737571598,4652.061,0.013948027013325426,0.009392521610415372,0.004555505402910054,0.11012118816000038,-0.037623026242840196,1.1101211881600004,0.9623769737571598,0.0
2022-02-10,1113706.1881600004,47878.188160000456,1065828.0,8,959853.5600861247,4639.863,0.0032293771511036073,-0.002622063640180028,0.005851440791283635,0.11370618816000033,-0.04014643991387534,1.1137061881600003,0.9598535600861247,0.0
2022-02-11,1100122.1881600004,47878.188160000456,1052244.0,8,951895.6426326582,4601.395,-0.01219711279726543,-0.008290762033275612,-0.003906350763989819,0.10012218816000029,-0.048104357367341755,1.1001221881600003,0.9518956426326582,-1.2197
2022-02-14,1085638.1881600004,47878.188160000456,1037760.0,8,941612.7008925247,4551.688,-0.013165810267153244,-0.010802593561300533,-0.002363216705852711,0.08563818816000035,-0.05838729910747531,1.0856381881600004,0.9416127008925247,-2.5202
2022-02-15,1089283.1115400004,82540.11154000045,1006743.0,8,951628.3651721748,4600.103,0.003357401590835307,0.01063671323693538,-0.007279311646100073,0.08928311154000035,-0.04837163482782525,1.0892831115400003,0.9516283651721748,-2.193
2022-02-16,1097015.7421200005,141810.74212000045,955205.0,8,955328.4616568554,4617.989,0.007098825363286876,0.0038881738082818806,0.003210651555004995,0.09701574212000064,-0.044671538343144634,1.0970157421200006,0.9553284616568554,-1.4986
2022-02-17,1094653.0625200004,183238.06252000044,911415.0,7,957640.4530642575,4629.165,-0.0021537335420859227,0.002420101043982603,-0.004573834586068526,0.09465306252000039,-0.04235954693574251,1.0946530625200004,0.9576404530642575,-1.7108
2022-02-18,1095798.0625200004,183238.06252000044,912560.0,7,962206.3051001173,4651.236,0.0010459935108244611,0.004767814497862899,-0.0037218209870384378,0.09579806252000034,-0.0377936948998826,1.0957980625200003,0.9622063051001174,-1.608
2022-02-21,1098169.0625200004,183238.06252000044,914931.0,7,958705.632355302,4634.314,0.002163719832235733,-0.0036381727351610937,0.005801892567396827,0.09816906252000046,-0.04129436764469796,1.0981690625200005,0.958705632355302,-1.3951
2022-02-22,1088924.0625200004,183238.06252000044,905686.0,7,946260.0601415661,4574.153,-0.008418558048598812,-0.012981640864214161,0.004563082815615349,0.08892406252000029,-0.05373993985843395,1.0889240625200003,0.946260060141566,-2.2252
2022-02-23,1106669.0625200004,183238.06252000044,923431.0,7,956374.8156778503,4623.047,0.016295902176074906,0.010689192075560072,0.005606710100514833,0.10666906252000041,-0.04362518432214968,1.1066690625200004,0.9563748156778503,-0.6319
2022-02-24,1083013.0625200004,183238.06252000044,899775.0,7,936985.2012690302,4529.319,-0.021375857337271986,-0.0202740746524962,-0.0011017826847757872,0.08301306252000029,-0.06301479873096982,1.0830130625200003,0.9369852012690302,-2.7559
2022-02-25,1092527.4054400004,290705.40544000047,801822.0,7,946109.4579811698,4573.425,0.00878506755759867,0.009737887748688001,-0.0009528201910893319,0.09252740544000027,-0.053890542018830145,1.0925274054400003,0.9461094579811699,-1.9016
2022-02-28,1089298.1568300005,312920.15683000046,776378.0,6,947810.1452897105,4581.646,-0.0029557598225185,0.0017975587224015044,-0.004753318544920004,0.08929815683000042,-0.052189854710289474,1.0892981568300004,0.9478101452897105,-2.1916
2022-03-01,1092924.1568300005,312920.15683000046,780004.0,6,955679.5219126143,4619.686,0.0033287488620674655,0.00830269296231112,-0.004973944100243655,0.09292415683000055,-0.044320478087385595,1.0929241568300005,0.9556795219126144,-1.866
2022-03-02,1097121.1568300005,312920.15683000046,784201.0,6,947180.2227918992,4578.601,0.0038401566785506436,-0.00889346159024662,0.012733618268797264,0.09712115683000055,-0.05281977720810083,1.0971211568300006,0.9471802227918992,-1.4892
2022-03-03,1094340.1568300005,312920.15683000046,781420.0,6,941600.2886265579,4551.628,-0.002534815760946052,-0.005891100796946547,0.0033562850360004948,0.09434015683000041,-0.05839971137344213,1.0943401568300004,0.9416002886265579,-1.7389
2022-03-04,1087122.4337000004,195790.43370000046,891332.0,10,930181.4176793698,4496.43,-0.006595502399279418,-0.012127089472162345,0.005531587072882926,0.0871224337000005,-0.06981858232063021,1.0871224337000005,0.9301814176793698,-2.387
2022-03-07,1059035.6025900005,73176.60259000048,985859.0,10,900463.9705018363,4352.778,-0.025835941048890754,-0.03194801208959108,0.006112071040700329,0.05903560259000051,-0.09953602949816376,1.0590356025900005,0.9004639705018362,-4.9089
2022-03-08,1039897.2546100005,99014.25461000048,940883.0,9,882386.1257345992,4265.391,-0.01807148686332627,-0.020076144476010693,0.002004657612684424,0.03989725461000049,-0.11761387426540082,1.0398972546100005,0.8823861257345992,-6.6273
2022-03-09,1026591.2546100005,99014.25461000048,927577.0,9,874308.8436567527,4226.346,-0.012795494882799963,-0.009153908750686668,-0.0036415861321132947,0.026591254610000448,-0.12569115634324723,1.0265912546100004,0.8743088436567528,-7.8221
2022-03-10,1034069.9168800004,334413.91688000044,699656.0,8,888063.9099299784,4292.837,0.007284946405315962,0.015732502734040477,-0.008447556328724515,0.03406991688000027,-0.11193609007002159,1.0340699168800003,0.8880639099299784,-7.1506
2022-03-11,1030435.2287000004,497740.22870000044,532695.0,5,890894.9409258888,4306.522,-0.003514934648680801,0.0031878685354229663,-0.006702803184103767,0.030435228700000483,-0.10910505907411117,1.0304352287000005,0.8908949409258888,-7.4769
2022-03-14,1017449.2287000004,497740.22870000044,519709.0,5,863636.7773785625,4174.758,-0.012602441801590203,-0.03059638381041596,0.01799394200882576,0.01744922870000054,-0.13636322262143752,1.0174492287000005,0.8636367773785625,-8.6429
2022-03-15,991778.2287000004,497740.22870000044,494038.0,5,824135.5684238573,3983.812,-0.02523074299520567,-0.045738220035748234,0.020507477040542565,-0.00822177129999957,-0.17586443157614262,0.9917782287000004,0.8241355684238574,-10.9479
2022-03-16,1003290.0741200005,839160.0741200005,164130.0,2,859773.0458542204,4156.081,0.011607277803516114,0.04324225139138105,-0.031634973587864934,0.0032900741200003747,-0.14022695414577957,1.0032900741200004,0.8597730458542204,-9.9143
2022-03-17,1002627.0978200005,869811.0978200005,132816.0,2,876656.8306354585,4237.696,-0.0006608022117446932,0.019637490222158993,-0.020298292433903686,0.002627097820000479,-0.12334316936454148,1.0026270978200005,0.8766568306354585,-9.9738
2022-03-18,1002821.8291700005,902264.8291700005,100557.0,2,882491.8368664159,4265.902,0.00019422111213973636,0.006655975322439334,-0.006461754210299597,0.0028218291700004006,-0.11750816313358403,1.0028218291700004,0.882491836866416,-9.9563
2022-03-21,1002721.7300100005,904315.7300100005,98406.0,1,881011.4672787845,4258.746,-9.981749208909374e-05,-0.0016774881373271544,0.0015776706452380607,0.0027217300100004227,-0.11898853272121546,1.0027217300100004,0.8810114672787845,-9.9653
2022-03-22,1002523.7300100005,904315.7300100005,98208.0,1,880297.5551145984,4255.295,-0.00019746256022401543,-0.0008103324311897753,0.0006128698709657598,0.0025237300100005022,-0.1197024448854016,1.0025237300100005,0.8802975551145984,-9.9831
2022-03-23,1002523.7300100005,904315.7300100005,98208.0,1,884687.773587029,4276.517,0.0,0.004987198302350171,-0.004987198302350171,0.0025237300100005022,-0.11531222641297101,1.0025237300100005,0.884687773587029,-9.9831
2022-03-24,1001434.7300100005,904315.7300100005,97119.0,1,879472.3462989104,4251.306,-0.0010862585766315824,-0.005895218001004121,0.004808959424372539,0.0014347300100006066,-0.12052765370108953,1.0014347300100006,0.8794723462989105,-10.0809
2022-03-25,1001137.7300100005,904315.7300100005,96822.0,1,863598.7130962644,4174.574,-0.0002965744956708871,-0.018049041870898064,0.017752467375227177,0.001137730010000615,-0.13640128690373565,1.0011377300100006,0.8635987130962643,-10.1076
2022-03-28,1001137.7300100005,904315.7300100005,96822.0,1,858197.7224319436,4148.466,0.0,-0.006254051311582631,0.006254051311582631,0.001137730010000615,-0.1418022775680564,1.0011377300100006,0.8581977224319436,-10.1076
2022-03-29,1001137.7300100005,904315.7300100005,96822.0,1,855234.9145456863,4134.144,0.0,-0.0034523604628795557,0.0034523604628795557,0.001137730010000615,-0.14476508545431366,1.0011377300100006,0.8552349145456863,-10.1076
2022-03-30,1003711.7300100005,904315.7300100005,99395.99999999999,1,880050.1372796616,4254.099,0.0025710748110294723,0.02901568015047351,-0.02644460533944404,0.003711730010000469,-0.11994986272033836,1.0037117300100005,0.8800501372796616,-9.8764
2022-03-31,1002721.7300100005,904315.7300100005,98406.0,1,873533.2839049319,4222.597,-0.000986338976022627,-0.007405093299427401,0.006418754323404774,0.0027217300100004227,-0.1264667160950681,1.0027217300100004,0.8735332839049319,-9.9653
2022-04-01,1006957.3760600006,298400.37606000056,708557.0,9,884613.5068623282,4276.158,0.004224149056745619,0.012684374094899642,-0.008460225038154023,0.006957376060000575,-0.1153864931376718,1.0069573760600006,0.8846135068623282,-9.585
2022-04-06,991405.1695200005,165783.16952000052,825622.0,8,882065.475530459,4263.841,-0.015444751595000472,-0.002880389358859037,-0.012564362236141435,-0.008594830479999538,-0.117934524469541,0.9914051695200005,0.882065475530459,-10.9814
2022-04-07,973658.7567500005,142025.75675000052,831633.0,8,870741.1446757173,4209.1,-0.01790026249166332,-0.012838424322107578,-0.0050618381695557435,-0.026341243249999424,-0.1292588553242826,0.9736587567500006,0.8707411446757174,-12.5749
2022-04-08,974265.2736700005,652780.2736700005,321485.0,8,875223.420787401,4230.767,0.000622925553532161,0.005147656268560619,-0.004524730715028458,-0.025734726329999513,-0.12477657921259899,0.9742652736700005,0.875223420787401,-12.5204
2022-04-11,961665.3731700006,683998.3731700006,277667.0,8,848185.988703183,4100.07,-0.012932720523371244,-0.030892034470345386,0.017959313946974143,-0.03833462682999933,-0.15181401129681693,0.9616653731700007,0.8481859887031831,-13.6518
2022-04-12,964784.0550100007,824228.0550100007,140556.0,4,864715.6101621704,4179.973,0.003243001076060237,0.019488203859933995,-0.016245202783873758,-0.03521594498999925,-0.13528438983782964,0.9647840550100008,0.8647156101621704,-13.3718
2022-04-13,963223.0550100007,824228.0550100007,138995.0,4,856391.9446048846,4139.737,-0.0016179786470287283,-0.009625899497436752,0.008007920850408023,-0.03677694498999928,-0.14360805539511545,0.9632230550100007,0.8563919446048845,-13.5119
2022-04-14,964792.0550100007,824228.0550100007,140564.0,4,867114.2805602401,4191.568,0.0016289061934711135,0.012520360592955582,-0.010891454399484468,-0.03520794498999924,-0.1328857194397598,0.9647920550100008,0.8671142805602402,-13.371
2022-04-15,967272.0550100007,824228.0550100007,143044.0,4,866530.6971887046,4188.747,0.002570502096407079,-0.000673017830081668,0.003243519926488747,-0.032727944989999314,-0.13346930281129543,0.9672720550100007,0.8665306971887046,-13.1484
2022-04-18,969668.5331100007,852162.5331100007,117506.0,3,861904.4387918066,4166.384,0.0024775636674163604,-0.005338828055263423,0.007816391722679783,-0.030331466889999326,-0.13809556120819344,0.9696685331100007,0.8619044387918066,-12.9332
2022-04-19,967291.5331100007,852162.5331100007,115129.0,3,855391.722839066,4134.902,-0.002451353136495249,-0.007556192612106716,0.005104839475611467,-0.03270846688999929,-0.14460827716093405,0.9672915331100007,0.855391722839066,-13.1466
2022-04-20,967291.5331100007,852162.5331100007,115129.0,3,842128.5960403217,4070.789,0.0,-0.015505325156436545,0.015505325156436545,-0.03270846688999929,-0.15787140395967825,0.9672915331100007,0.8421285960403218,-13.1466
2022-04-21,964253.5331100007,852162.5331100007,112091.0,3,826621.7452969924,3995.83,-0.0031407284112497935,-0.01841387504977554,0.015273146638525747,-0.035746466889999384,-0.1733782547030076,0.9642535331100006,0.8266217452969924,-13.4194
2022-04-22,968069.5331100007,852162.5331100007,115907.0,3,830225.4398493316,4013.25,0.003957465406107641,0.004359544825480732,-0.00040207941937309144,-0.03193046688999934,-0.16977456015066839,0.9680695331100007,0.8302254398493316,-13.0768
2022-04-25,964885.5331100007,852162.5331100007,112723.0,3,789195.2465986254,3814.913,-0.003289019942370408,-0.049420544446520775,0.04613152450415037,-0.03511446688999931,-0.2108047534013746,0.9648855331100007,0.7891952465986254,-13.3626
2022-04-26,964058.1728700007,925581.1728700007,38477.0,1,782825.0648334025,3784.12,-0.0008574698361714095,-0.008071743706868362,0.007214273870696952,-0.03594182712999927,-0.21717493516659747,0.9640581728700007,0.7828250648334025,-13.4369
2022-04-27,966347.1728700007,925581.1728700007,40766.0,1,805873.8152492135,3895.536,0.0023743380476570763,0.02944304091836414,-0.027068702870707062,-0.033652827129999285,-0.19412618475078647,0.9663471728700007,0.8058738152492135,-13.2314
2022-04-28,966565.1728700007,925581.1728700007,40984.0,1,811163.7161331323,3921.107,0.00022559180191161765,0.0065641801282287915,-0.006338588326317174,-0.033434827129999345,-0.18883628386686768,0.9665651728700007,0.8111637161331323,-13.2118
2022-04-29,966456.1728700007,925581.1728700007,40875.0,1,830844.1913077729,4016.241,-0.00011277046086433096,0.02426202600439109,-0.02437479646525542,-0.03354382712999926,-0.16915580869222713,0.9664561728700007,0.8308441913077729,-13.2216
2022-05-05,966456.1728700007,925581.1728700007,40875.0,1,829596.5517070176,4010.21,0.0,-0.0015016529137569234,0.0015016529137569234,-0.03354382712999926,-0.17040344829298237,0.9664561728700007,0.8295965517070176,-13.2216
2022-05-06,965337.3104000008,730831.3104000008,234506.0,9,808620.8565787493,3908.815,-0.0011576960253431023,-0.025284212048745536,0.024126516023402433,-0.034662689599999186,-0.19137914342125073,0.9653373104000008,0.8086208565787493,-13.3221
2022-05-09,964963.3970000008,760883.3970000008,204080.0,8,802129.4483492514,3877.436,-0.0003873396334852508,-0.00802775265649569,0.0076404130230104395,-0.03503660299999922,-0.19787055165074863,0.9649633970000008,0.8021294483492514,-13.3557
2022-05-10,967589.3970000008,760883.3970000008,206706.0,8,810907.4028409194,3919.868,0.002721346745549136,0.010943314086937939,-0.008221967341388803,-0.032410602999999205,-0.18909259715908056,0.9675893970000008,0.8109074028409194,-13.1199
2022-05-11,972163.3970000008,760883.3970000008,211280.0,8,822606.9978700551,3976.423,0.004727211784442575,0.014427781751834567,-0.009700569967391992,-0.027836602999999238,-0.1773930021299449,0.9721633970000008,0.8226069978700551,-12.7092
2022-05-12,970668.2758800008,783966.2758800008,186702.0,7,818948.8962185618,3958.74,-0.001537931920306601,-0.004446961502838076,0.002909029582531475,-0.02933172411999918,-0.18105110378143818,0.9706682758800008,0.8189488962185618,-12.8434
2022-05-13,971779.2758800008,783966.2758800008,187813.0,7,825126.067248002,3988.6,0.001144572278302558,0.007542804023502381,-0.006398231745199823,-0.028220724119999208,-0.17487393275199792,0.9717792758800008,0.8251260672480021,-12.7437
2022-05-16,971277.0848400008,815031.0848400008,156246.0,6,818493.366057583,3956.538,-0.0005167747990356686,-0.008038409466980867,0.007521634667945198,-0.02872291515999914,-0.18150663394241695,0.9712770848400009,0.818493366057583,-12.7888
2022-05-17,972401.0848400008,815031.0848400008,157370.0,6,828703.4891707117,4005.893,0.0011572392858265612,0.012474289391382065,-0.011317050105555504,-0.027598915159999127,-0.17129651082928832,0.9724010848400009,0.8287034891707117,-12.6878
2022-05-18,973137.0848400008,815031.0848400008,158106.0,6,825810.1899738681,3991.907,0.0007568893242453356,-0.0034913563592436914,0.004248245683489027,-0.026862915159999168,-0.17418981002613187,0.9731370848400008,0.8258101899738681,-12.6217
2022-05-19,972671.0848400008,815031.0848400008,157640.0,6,827401.2355997028,3999.598,-0.0004788636742547592,0.0019266480907496053,-0.0024055117650043645,-0.027328915159999134,-0.1725987644002972,0.9726710848400009,0.8274012355997028,-12.6636
2022-05-20,975350.0848400008,815031.0848400008,160319.0,6,843537.5950986445,4077.6,0.0027542712451873452,0.01950245999722977,-0.016748188752042426,-0.024649915159999147,-0.15646240490135555,0.9753500848400009,0.8435375950986445,-12.423
2022-05-23,975607.0848400008,815031.0848400008,160576.0,6,838651.7134719425,4053.982,0.0002634951326652146,-0.0057921326270355955,0.00605562775970081,-0.024392915159999196,-0.16134828652805755,0.9756070848400008,0.8386517134719425,-12.4
2022-05-24,969416.0848400008,815031.0848400008,154385.0,6,819034.5408537321,3959.154,-0.006345792375026971,-0.023391322408437,0.017045530033410028,-0.030583915159999142,-0.18096545914626783,0.9694160848400009,0.8190345408537322,-12.9559
2022-05-25,969813.5786400008,869332.5786400008,100481.0,4,824004.4121468089,3983.178,0.00041003425280017325,0.006067963004217525,-0.0056579287514173515,-0.03018642135999927,-0.17599558785319103,0.9698135786400007,0.824004412146809,-12.9202
2022-05-26,972933.5786400008,869332.5786400008,103601.0,4,826045.609285037,3993.045,0.003217113132582883,0.0024771677288839555,0.0007399454036989273,-0.02706642135999926,-0.173954390714963,0.9729335786400007,0.826045609285037,-12.64
2022-05-27,973019.5786400008,869332.5786400008,103687.0,4,827753.1233398594,4001.299,8.83924677779202e-05,0.0020670941599705284,-0.001978701692192608,-0.02698042135999923,-0.1722468766601406,0.9730195786400008,0.8277531233398594,-12.6323
2022-05-30,973695.5786400008,869332.5786400008,104363.0,4,833487.3833453871,4029.018,0.0006947444993294916,0.006927500294279465,-0.0062327557949499734,-0.02630442135999922,-0.16651261665461292,0.9736955786400008,0.8334873833453871,-12.5716
2022-05-31,976845.5786400008,869332.5786400008,107513.0,4,846416.8270607259,4091.518,0.0032350973642087943,0.015512464823934868,-0.012277367459726074,-0.023154421359999233,-0.15358317293927415,0.9768455786400008,0.8464168270607259,-12.2888
2022-06-01,976870.5786400008,869332.5786400008,107538.0,4,844691.3152202516,4083.177,2.5592581413658166e-05,-0.002038607675684312,0.00206420025709797,-0.02312942135999918,-0.15530868477974846,0.9768705786400008,0.8446913152202515,-12.2865
2022-06-02,977469.5786400008,869332.5786400008,108137.0,4,846013.4284168073,4089.568,0.0006131825577486705,0.001565202782049413,-0.0009520202243007425,-0.022530421359999275,-0.15398657158319273,0.9774695786400007,0.8460134284168073,-12.2327
2022-06-06,977095.4727000006,701429.4727000006,275666.0,9,861842.5843330725,4166.085,-0.00038272898530578026,0.018710289204140862,-0.019093018189446642,-0.022904527299999367,-0.13815741566692752,0.9770954727000006,0.8618425843330725,-12.2663
2022-06-07,978289.4727000006,701429.4727000006,276860.0,9,864541.0109542384,4179.129,0.0012219890822957602,0.0031309970871931103,-0.0019090080048973501,-0.021710527299999338,-0.1354589890457616,0.9782894727000007,0.8645410109542384,-12.1591
2022-06-08,980372.4727000006,701429.4727000006,278943.0,9,872957.1478929765,4219.812,0.0021292266329424603,0.009734803591849195,-0.007605576958906735,-0.019627527299999392,-0.12704285210702349,0.9803724727000006,0.8729571478929765,-11.9721
2022-06-09,978380.4727000006,701429.4727000006,276951.0,9,863826.4781767541,4175.675,-0.0020318807957897533,-0.01045947070627784,0.008427589910488087,-0.021619527299999386,-0.13617352182324594,0.9783804727000006,0.8638264781767541,-12.1509
2022-06-10,981709.4727000006,701429.4727000006,280280.0,9,876925.3493225385,4238.994,0.00340256177723286,0.015163775916468447,-0.011761214139235587,-0.01829052729999936,-0.12307465067746148,0.9817094727000006,0.8769253493225385,-11.852
2022-06-13,977978.4727000006,701429.4727000006,276549.0,9,866656.0610749685,4189.353,-0.003800513393986682,-0.011710561515302698,0.007910048121316016,-0.0220215272999994,-0.1333439389250315,0.9779784727000006,0.8666560610749685,-12.187
2022-06-14,982902.4727000006,701429.4727000006,281473.0,9,873474.1187704905,4222.311,0.00503487565161409,0.007867085919949668,-0.0028322102683355777,-0.01709752729999936,-0.12652588122950947,0.9829024727000006,0.8734741187704905,-11.7449
2022-06-15,986842.4727000006,701429.4727000006,285413.0,9,885039.6613271857,4278.218,0.004008536054626921,0.013240853172587386,-0.009232317117960465,-0.013157527299999416,-0.1149603386728143,0.9868424727000006,0.8850396613271857,-11.3911
2022-06-16,983108.0527800006,731883.0527800006,251225.0,8,879214.791780101,4250.061,-0.0037842107766020705,-0.00658147855018143,0.0027972677735793594,-0.016891947219999426,-0.12078520821989902,0.9831080527800006,0.879214791780101,-11.7264
2022-06-17,982265.3291800007,796661.3291800007,185604.0,6,891416.6698386902,4309.044,-0.0008572034351838065,0.013878153748852151,-0.014735357184035958,-0.017734670819999354,-0.10858333016130983,0.9822653291800006,0.8914166698386902,-11.8021
2022-06-20,982525.3291800007,796661.3291800007,185864.0,6,895841.4357847283,4330.433,0.0002646942656696627,0.004963746018838533,-0.00469905175316887,-0.017474670819999316,-0.1041585642152717,0.9825253291800007,0.8958414357847283,-11.7788
2022-06-21,981486.3291800007,796661.3291800007,184825.0,6,894834.5941437273,4325.566,-0.0010574790991567662,-0.0011239060851421234,6.642698598535723e-05,-0.01851367081999933,-0.10516540585627265,0.9814863291800007,0.8948345941437273,-11.8721
2022-06-22,978792.6379800007,825744.6379800007,153048.0,5,883468.4753268977,4270.623,-0.0027445020067171644,-0.012701921552000228,0.009957419545283064,-0.021207362019999287,-0.11653152467310235,0.9787926379800007,0.8834684753268977,-12.1139
2022-06-23,980094.3794600007,851314.3794600007,128780.0,5,898622.8177167719,4343.878,0.0013299461290252612,0.017153235019808477,-0.015823288890783216,-0.019905620539999336,-0.10137718228322812,0.9800943794600007,0.8986228177167719,-11.997
2022-06-24,979535.8624400006,852809.8624400006,126726.0,4,909151.3154519472,4394.772,-0.0005698604457947676,0.01171625906620788,-0.012286119512002647,-0.020464137559999318,-0.09084868454805284,0.9795358624400007,0.9091513154519472,-12.0472
2022-06-27,981253.8624400006,852809.8624400006,128444.0,4,919389.7799056999,4444.264,0.0017538918847959106,0.011261562602109976,-0.009507670717314065,-0.01874613755999932,-0.08061022009430008,0.9812538624400007,0.9193897799056999,-11.8929
2022-06-28,981203.8624400006,852809.8624400006,128394.0,4,928958.188868349,4490.517,-5.09552134405622e-05,0.010407347538310185,-0.010458302751750748,-0.018796137559999315,-0.07104181113165109,0.9812038624400007,0.9289581888683489,-11.8974
2022-06-29,979045.8624400006,852809.8624400006,126236.0,4,914650.9836307036,4421.357,-0.002199339079886675,-0.015401344655860405,0.01320200557597373,-0.02095413755999931,-0.08534901636929637,0.9790458624400007,0.9146509836307036,-12.0912
2022-06-30,981282.8624400006,852809.8624400006,128473.0,4,927819.1565948025,4485.011,0.0022848776403843196,0.014396937410844801,-0.012112059770460482,-0.018717137559999375,-0.07218084340519748,0.9812828624400006,0.9278191565948025,-11.8903
2022-07-01,981492.8624400006,852809.8624400006,128683.0,4,924034.8635726473,4466.718,0.00021400557172457368,-0.004078696796953385,0.004292702368677959,-0.01850713755999933,-0.0759651364273527,0.9814928624400007,0.9240348635726473,-11.8715
2022-07-04,982958.3197400008,735813.3197400008,247145.0,9,930098.6692395915,4496.03,0.0014930901243204175,0.006562312642078627,-0.0050692225177582095,-0.017041680259999192,-0.0699013307604085,0.9829583197400008,0.9300986692395915,-11.7399
2022-07-05,980553.3197400008,735813.3197400008,244740.0,9,928755.6620619918,4489.538,-0.0024466958076474477,-0.001443940543101374,-0.0010027552645460736,-0.019446680259999183,-0.07124433793800822,0.9805533197400008,0.9287556620619918,-11.9558
2022-07-06,979310.5857000008,764930.5857000008,214380.0,8,915191.5378135545,4423.97,-0.001267380381037797,-0.014604620787261324,0.013337240406223527,-0.020689414299999265,-0.08480846218644544,0.9793105857000007,0.9151915378135546,-12.0674
2022-07-07,979626.5857000008,764930.5857000008,214696.0,8,919226.3517371381,4443.474,0.00032267597697233086,0.004408709823981782,-0.0040860338470094515,-0.020373414299999282,-0.08077364826286193,0.9796265857000007,0.9192263517371381,-12.039
2022-07-08,980432.5857000008,764930.5857000008,215502.0,8,916186.7946729865,4428.781,0.0008227624808936351,-0.003306647006373953,0.004129409487267588,-0.019567414299999197,-0.08381320532701353,0.9804325857000008,0.9161867946729865,-11.9667
2022-07-11,979962.5857000008,764930.5857000008,215032.0,8,900844.4064537163,4354.617,-0.00047938023159888044,-0.016745917217401374,0.016266536985802493,-0.02003741429999928,-0.09915559354628367,0.9799625857000007,0.9008444064537163,-12.0089
2022-07-12,982079.5857000008,764930.5857000008,217149.0,8,892362.8982475536,4313.618,0.002160286556744273,-0.009415064516580807,0.01157535107332508,-0.017920414299999243,-0.10763710175244634,0.9820795857000008,0.8923628982475537,-11.8188
2022-07-13,981355.5857000008,764930.5857000008,216425.0,8,893985.5951516036,4321.462,-0.0007372111288556082,0.0018184271300798471,-0.0025556382589354554,-0.0186444142999993,-0.10601440484839642,0.9813555857000007,0.8939855951516036,-11.8838
2022-07-14,978851.5857000008,764930.5857000008,213921.0,8,894112.2002644639,4322.074,-0.002551572576227734,0.0001416187392133672,-0.0026931913154411014,-0.021148414299999252,-0.10588779973553608,0.9788515857000007,0.8941122002644639,-12.1086
2022-07-15,974159.5857000008,764930.5857000008,209229.0,8,878897.4515135516,4248.527,-0.0047933722216373376,-0.01701659897539931,0.012223226753761973,-0.02584041429999928,-0.12110254848644841,0.9741595857000007,0.8788974515135516,-12.5299
2022-07-18,976869.4665000008,784825.4665000008,192044.0,7,888011.9852840176,4292.586,0.0027817627006696544,0.010370417794214548,-0.007588655093544894,-0.023130533499999162,-0.11198801471598241,0.9768694665000008,0.8880119852840176,-12.2866
2022-07-19,977282.4665000008,784825.4665000008,192457.0,7,883203.0597063093,4269.34,0.00042277910628096826,-0.005415383640537508,0.005838162746818476,-0.022717533499999165,-0.1167969402936907,0.9772824665000008,0.8832030597063093,-12.2495
2022-07-20,980519.4665000008,784825.4665000008,195694.0,7,886195.0364175884,4283.803,0.003312246060847457,0.0033876430548982484,-7.539699405079148e-05,-0.01948053349999923,-0.11380496358241166,0.9805194665000008,0.8861950364175883,-11.9589
2022-07-21,979223.5463000007,818053.5463000007,161170.0,6,876317.9757745669,4236.058,-0.0013216669778376433,-0.011145470508330924,0.00982380353049328,-0.020776453699999253,-0.12368202422543317,0.9792235463000007,0.8763179757745668,-12.0752
2022-07-22,979811.5463000007,818053.5463000007,161758.0,6,876768.12728696,4238.234,0.0006004757567583674,0.0005136851289571087,8.679062780125868e-05,-0.02018845369999922,-0.12323187271303992,0.9798115463000008,0.8767681272869601,-12.0224
2022-07-25,978378.5463000007,818053.5463000007,160325.0,6,871474.2958521517,4212.644,-0.0014625261412883894,-0.0060378921975521305,0.004575366056263741,-0.021621453699999238,-0.12852570414784825,0.9783785463000008,0.8714742958521517,-12.1511
2022-07-26,977953.0490200007,851739.0490200007,126214.0,5,878369.7233388664,4245.976,-0.00043490046016358974,0.007912370473270425,-0.008347270933434014,-0.022046950979999314,-0.12163027666113357,0.9779530490200007,0.8783697233388664,-12.1893
2022-07-27,977079.0490200007,851739.0490200007,125340.0,5,874037.8425164794,4225.036,-0.0008937034358406093,-0.004931728299924276,0.004038024864083667,-0.022920950979999244,-0.12596215748352058,0.9770790490200008,0.8740378425164794,-12.2678
2022-07-28,975555.0490200007,851739.0490200007,123816.0,5,874169.619406826,4225.673,-0.001559750975653973,0.00015076794611901256,-0.0017105189217729855,-0.024444950979999214,-0.12583038059317397,0.9755550490200008,0.874169619406826,-12.4046
2022-07-29,974514.0490200007,851739.0490200007,122775.0,5,862673.5855395447,4170.102,-0.0010670848365201824,-0.013150804617394485,0.012083719780874302,-0.025485950979999283,-0.13732641446045535,0.9745140490200007,0.8626735855395447,-12.4981
2022-08-01,975035.7145500008,924211.7145500008,50824.0,5,866516.4230828428,4188.678,0.0005353083729524588,0.0044545672983538065,-0.003919258925401348,-0.02496428544999918,-0.13348357691715718,0.9750357145500008,0.8665164230828428,-12.4513
2022-08-02,974320.9126000009,934890.9126000009,39430.0,4,849624.5703287265,4107.024,-0.0007331033513268137,-0.019493978768480136,0.018760875417153322,-0.025679087399999134,-0.1503754296712735,0.9743209126000009,0.8496245703287265,-12.5154
2022-08-03,974337.9126000009,934890.9126000009,39447.0,4,841339.5896670368,4066.975,1.7448050001034332e-05,-0.009751343064954288,0.009768791114955322,-0.0256620873999992,-0.1586604103329632,0.9743379126000008,0.8413395896670368,-12.5139
2022-08-04,975240.3609300009,943344.3609300009,31896.0,3,848489.4686060696,4101.537,0.0009262169913843987,0.008498208127662776,-0.007571991136278378,-0.024759639069999118,-0.15151053139393045,0.9752403609300009,0.8484894686060696,-12.4329
2022-08-05,976336.3609300009,943344.3609300009,32992.0,3,859944.7488667602,4156.911,0.0011238255141068354,0.013500792507784132,-0.012376966993677296,-0.02366363906999913,-0.1400552511332398,0.9763363609300009,0.8599447488667602,-12.3345
2022-08-08,975702.3609300009,943344.3609300009,32358.0,3,858116.8358320603,4148.075,-0.000649366371437865,-0.002125616834231181,0.001476250462793316,-0.024297639069999155,-0.14188316416793967,0.9757023609300008,0.8581168358320603,-12.3914
2022-08-09,975551.1538700009,953435.1538700009,22116.0,2,859816.488785104,4156.291,-0.00015497252651508475,0.0019806777842734657,-0.0021356503107885505,-0.024448846129999202,-0.14018351121489603,0.9755511538700008,0.859816488785104,-12.405
2022-08-10,975270.1538700009,953435.1538700009,21835.0,2,850185.811621522,4109.737,-0.0002880423019185896,-0.0112008519134007,0.01091280961148211,-0.024729846129999178,-0.14981418837847804,0.9752701538700008,0.850185811621522,-12.4302
2022-08-11,975367.9135800009,964547.9135800009,10820.0,1,867522.8509816447,4193.543,0.00010023859503149879,0.020392059151230324,-0.020291820556198825,-0.024632086419999144,-0.13247714901835528,0.9753679135800009,0.8675228509816447,-12.4214
2022-08-12,975467.9135800009,964547.9135800009,10920.0,1,867028.2221828708,4191.152,0.00010252541487965061,-0.0005701622709005649,0.0006726876857802155,-0.024532086419999155,-0.1329717778171292,0.9754679135800008,0.8670282221828708,-12.4125
2022-08-15,975607.9135800009,964547.9135800009,11060.0,1,865896.016655606,4185.679,0.00014352086629498828,-0.0013058462208004329,0.0014493670870954212,-0.024392086419999126,-0.134103983344394,0.9756079135800009,0.865896016655606,-12.3999
2022-08-16,975367.9135800009,964547.9135800009,10820.0,1,864273.7334937551,4177.837,-0.0002460004645916669,-0.001873531152293162,0.001627530687701495,-0.024632086419999144,-0.13572626650624486,0.9753679135800009,0.8642737334937551,-12.4214
2022-08-17,975187.9135800009,964547.9135800009,10640.0,1,872366.9446462586,4216.959,-0.00018454574678317126,0.009364175768465488,-0.00954872151524866,-0.024812086419999102,-0.12763305535374136,0.9751879135800009,0.8723669446462586,-12.4376
2022-08-18,975067.9135800009,964547.9135800009,10520.0,1,864741.8827918001,4180.1,-0.00012305320680139342,-0.008740658849184735,0.008617605642383341,-0.02493208641999911,-0.1352581172081999,0.9750679135800009,0.8647418827918001,-12.4484
2022-08-19,975027.9135800009,964547.9135800009,10480.0,1,858737.2422592972,4151.074,-4.1022783585531464e-05,-0.006943853017870594,0.006902830234285062,-0.02497208641999915,-0.14126275774070285,0.9750279135800008,0.8587372422592972,-12.452
2022-08-22,975267.9135800009,964547.9135800009,10720.0,1,865010.1946077808,4181.397,0.0002461467991401456,0.007304856526287207,-0.007058709727147061,-0.024732086419999133,-0.13498980539221916,0.9752679135800009,0.8650101946077808,-12.4304
2022-08-23,975207.9135800009,964547.9135800009,10660.0,1,860807.6082225471,4161.082,-6.152155645078317e-05,-0.0048584241104109305,0.004796902553960147,-0.024792086419999082,-0.1391923917774529,0.9752079135800009,0.8608076082225471,-12.4358
2022-08-24,974847.9135800009,964547.9135800009,10300.0,1,844534.7137979714,4082.42,-0.00036915204951371017,-0.018904217701069204,0.018535065651555493,-0.02515208641999911,-0.1554652862020286,0.9748479135800009,0.8445347137979714,-12.4681
2022-08-25,974987.9135800009,964547.9135800009,10440.0,1,851531.0943812154,4116.24,0.00014361214508418207,0.008284301958152218,-0.008140689813068036,-0.02501208641999908,-0.14846890561878456,0.9749879135800009,0.8515310943812154,-12.4556
2022-08-26,974927.9135800009,964547.9135800009,10380.0,1,849732.557042637,4107.546,-6.15392243988877e-05,-0.002112121742172346,0.0020505825177734582,-0.02507208641999914,-0.15026744295736294,0.9749279135800009,0.8497325570426371,-12.4609
2022-08-29,974753.9734300008,852393.9734300008,122360.0,6,846003.7054751334,4089.521,-0.0001784133447992886,-0.004388264915353268,0.00420985157055398,-0.02524602656999919,-0.15399629452486663,0.9747539734300008,0.8460037054751334,-12.4766
2022-08-30,975823.4375100008,866766.4375100008,109057.0,5,843163.985893046,4075.794,0.0010971630884835104,-0.0033566278300075636,0.004453790918491074,-0.02417656248999922,-0.15683601410695402,0.9758234375100008,0.843163985893046,-12.3805
2022-08-31,978497.4375100008,866766.4375100008,111731.0,5,843794.1152619568,4078.84,0.002740249821036489,0.0007473390460852603,0.0019929107749512287,-0.021502562489999266,-0.1562058847380432,0.9784974375100007,0.8437941152619568,-12.1404
2022-09-01,978376.4375100008,866766.4375100008,111610.0,5,836532.9396714225,4043.74,-0.0001236589850535097,-0.008605387806337239,0.00848172882128373,-0.021623562489999193,-0.1634670603285775,0.9783764375100008,0.8365329396714225,-12.1513
2022-09-02,978615.4375100008,866766.4375100008,111849.0,5,832369.2450528846,4023.613,0.00024428225255324065,-0.004977322973287013,0.0052216052258402534,-0.021384562489999204,-0.16763075494711543,0.9786154375100008,0.8323692450528846,-12.1298
2022-09-05,979274.4375100008,866766.4375100008,112508.0,5,830675.5913617249,4015.426,0.0006734003723432025,-0.0020347384303609495,0.002708138802704152,-0.02072556248999924,-0.16932440863827514,0.9792744375100008,0.8306755913617249,-12.0707
2022-09-06,980525.4375100008,866766.4375100008,113759.0,5,838299.6188606865,4052.28,0.0012774764173166808,0.009178104639458118,-0.007900628222141437,-0.019474562489999236,-0.1617003811393134,0.9805254375100008,0.8382996188606866,-11.9583
2022-09-07,979320.2648900008,877812.2648900008,101508.0,4,838858.7914424874,4054.983,-0.0012291089796307997,0.0006670318931563113,-0.001896140872787111,-0.02067973510999921,-0.16114120855751257,0.9793202648900008,0.8388587914424874,-12.0666
2022-09-08,979488.2648900008,877812.2648900008,101676.0,4,835280.1282931811,4037.684,0.00017154755805948163,-0.00426610913042047,0.004437656688479952,-0.020511735109999152,-0.1647198717068189,0.9794882648900008,0.8352801282931811,-12.0515
2022-09-09,981951.2648900008,877812.2648900008,104139.0,4,846886.2175853674,4093.787,0.0025145783653433007,0.013894846649712855,-0.011380268284369555,-0.01804873510999916,-0.15311378241463258,0.9819512648900008,0.8468862175853674,-11.8303
2022-09-13,982658.2648900008,877812.2648900008,104846.0,4,850470.8799965577,4111.115,0.000719994999017759,0.004232755636773611,-0.003512760637755852,-0.017341735109999146,-0.14952912000344232,0.9826582648900009,0.8504708799965577,-11.7668
2022-09-14,981190.2648900008,877812.2648900008,103378.0,4,841005.285970333,4065.359,-0.0014939069384047876,-0.011129827309622864,0.009635920371218076,-0.01880973510999917,-0.15899471402966692,0.9811902648900008,0.8410052859703331,-11.8986
2022-09-15,983204.2648900008,877812.2648900008,105392.0,4,833094.5351275401,4027.119,0.002052609032179742,-0.009406303354759116,0.011458912386938858,-0.01679573510999921,-0.16690546487245983,0.9832042648900008,0.8330945351275402,-11.7178
2022-09-16,980342.2648900008,877812.2648900008,102530.0,4,813558.4559803125,3932.683,-0.0029108905465541346,-0.023450014762414373,0.02053912421586024,-0.01965773510999924,-0.1864415440196875,0.9803422648900008,0.8135584559803125,-11.9748
2022-09-19,980250.2648900008,877812.2648900008,102438.0,4,812589.6786216096,3928.0,-9.384477574303496e-05,-0.001190790104363959,0.001096945328620924,-0.019749735109999222,-0.18741032137839042,0.9802502648900008,0.8125896786216096,-11.983
2022-09-20,978222.2648900008,877812.2648900008,100410.0,4,813590.1072585277,3932.836,-0.0020688594256361714,0.001231160896130401,-0.0033000203217665725,-0.02177773510999914,-0.18640989274147235,0.9782222648900009,0.8135901072585277,-12.1651
2022-09-21,978870.8833500008,918539.8833500008,60331.0,3,807569.9513935664,3903.735,0.0006630583695341752,-0.007399494919188121,0.008062553288722296,-0.02112911664999917,-0.19243004860643353,0.9788708833500008,0.8075699513935665,-12.1069
2022-09-22,978346.8833500008,918539.8833500008,59807.0,3,800455.447412539,3869.344,-0.0005353106409772268,-0.008809768081081248,0.008274457440104022,-0.021653116649999138,-0.19954455258746095,0.9783468833500009,0.800455447412539,-12.154
2022-09-23,978385.8833500008,918539.8833500008,59846.0,3,797699.3037546277,3856.021,3.9863161690023574e-05,-0.003443219315728996,0.0034830824774190194,-0.021614116649999127,-0.20230069624537228,0.9783858833500009,0.7976993037546277,-12.1504
2022-09-26,977174.8833500008,918539.8833500008,58635.0,3,793697.5892069555,3836.677,-0.0012377529363502005,-0.005016570189840808,0.0037788172534906073,-0.0228251166499992,-0.20630241079304446,0.9771748833500008,0.7936975892069555,-12.2592
2022-09-27,981892.1456400007,718873.1456400007,263019.0,8,805203.346015911,3892.295,0.004827449385342186,0.01449639883680609,-0.009668949451463904,-0.018107854359999287,-0.19479665398408907,0.9818921456400007,0.8052033460159109,-11.8356
2022-09-28,975219.1456400007,718873.1456400007,256346.0,8,792049.4471576739,3828.71,-0.0067960621027786106,-0.016336120463633974,0.009540058360855364,-0.024780854359999327,-0.2079505528423261,0.9752191456400007,0.7920494471576739,-12.4348
2022-09-29,974464.1456400007,718873.1456400007,255591.0,8,791725.2801448429,3827.143,-0.0007741849648619237,-0.00040927623141995273,-0.00036490873344197094,-0.025535854359999277,-0.2082747198551571,0.9744641456400007,0.7917252801448429,-12.5026
2022-09-30,972908.1456400007,718873.1456400007,254035.0,8,787120.7432133867,3804.885,-0.001596775014208518,-0.005815826583955741,0.004219051569747223,-0.02709185435999928,-0.21287925678661324,0.9729081456400007,0.7871207432133868,-12.6423
2022-10-10,964917.1456400007,718873.1456400007,246044.0,8,769754.3281571426,3720.937,-0.008213519473355135,-0.02206321610245776,0.013849696629102626,-0.03508285435999925,-0.23024567184285738,0.9649171456400008,0.7697543281571426,-13.3598
2022-10-11,965003.3757000007,805882.3757000007,159121.0,5,771150.7080783992,3727.687,8.936524797964474e-05,0.0018140592006798961,-0.0017246939527002514,-0.03499662429999928,-0.22884929192160086,0.9650033757000007,0.7711507080783991,-13.3521
2022-10-12,969700.3757000007,805882.3757000007,163818.0,5,782863.5428578993,3784.306,0.004867340486340632,0.015188775237835017,-0.010321434751494385,-0.030299624299999328,-0.21713645714210061,0.9697003757000007,0.7828635428578994,-12.9303
2022-10-13,970207.3757000007,805882.3757000007,164325.0,5,776319.5893691424,3752.673,0.0005228419135487883,-0.008358996339090874,0.008881838252639662,-0.029792624299999293,-0.22368041063085753,0.9702073757000007,0.7763195893691425,-12.8848
2022-10-14,973658.3757000007,805882.3757000007,167776.0,5,794895.9934860428,3842.47,0.0035569715160226334,0.02392881021074844,-0.020371838694725808,-0.02634162429999931,-0.20510400651395722,0.9736583757000007,0.7948959934860428,-12.5749
2022-10-17,975697.3757000007,805882.3757000007,169815.0,5,795711.4793600566,3846.412,0.002094163672688776,0.0010259026095191803,0.0010682610631695955,-0.024302624299999298,-0.2042885206399434,0.9756973757000007,0.7957114793600566,-12.3919
2022-10-18,975066.3757000007,805882.3757000007,169184.0,5,794026.5142550737,3838.267,-0.000646716918293766,-0.0021175578695156183,0.0014708409512218523,-0.024933624299999346,-0.20597348574492624,0.9750663757000007,0.7940265142550738,-12.4485
2022-10-19,973187.3757000007,805882.3757000007,167305.0,5,781255.7406730097,3776.534,-0.0019270482982771675,-0.01608356062775207,0.014156512329474902,-0.02681262429999931,-0.21874425932699038,0.9731873757000007,0.7812557406730096,-12.6172
2022-10-20,973873.3757000007,805882.3757000007,167991.0,5,776785.8768272925,3754.927,0.0007049002248991076,-0.005721383681439041,0.006426283906338148,-0.026126624299999346,-0.2232141231727075,0.9738733757000007,0.7767858768272925,-12.5556
2022-10-21,973203.3757000007,805882.3757000007,167321.0,5,774296.3900165663,3742.893,-0.0006879744499826979,-0.003204855913310767,0.002516881463328069,-0.026796624299999294,-0.22570360998343375,0.9732033757000007,0.7742963900165662,-12.6158
2022-10-24,969072.3757000007,805882.3757000007,163190.0,5,751639.8672053039,3633.373,-0.00424474483252657,-0.029260788379470104,0.025016043546943534,-0.03092762429999929,-0.24836013279469615,0.9690723757000007,0.7516398672053038,-12.9867
2022-10-25,967453.3757000007,805882.3757000007,161571.0,5,750415.3971676865,3627.454,-0.0016706698494325378,-0.0016290647836045835,-4.160506582795431e-05,-0.03254662429999933,-0.24958460283231354,0.9674533757000007,0.7504153971676865,-13.1321
2022-10-26,970714.4022600007,835189.4022600007,135525.0,4,756507.5441752545,3656.903,0.0033707325251106646,0.00811836621498152,-0.004747633689870856,-0.02928559773999928,-0.24349245582474544,0.9707144022600007,0.7565075441752546,-12.8393
2022-10-27,971064.4022600007,835189.4022600007,135875.0,4,751178.9583957394,3631.145,0.0003605591914419559,-0.007043665090378348,0.007404224281820304,-0.02893559773999932,-0.24882104160426055,0.9710644022600007,0.7511789583957394,-12.8078
2022-10-28,966120.4022600007,835189.4022600007,130931.0,4,732598.8305990491,3541.33,-0.005091320399031818,-0.024734622274792062,0.019643301875760244,-0.03387959773999927,-0.26740116940095093,0.9661204022600007,0.7325988305990491,-13.2518
2022-10-31,965628.0531600007,871928.0531600007,93700.0,3,725849.2472374433,3508.703,-0.0005096146389707013,-0.009213205208212782,0.008703590569242081,-0.034371946839999334,-0.2741507527625566,0.9656280531600007,0.7258492472374434,-13.296
2022-11-01,976854.5595400006,721446.5595400006,255408.0,9,751805.3640848602,3634.173,0.011626118714407108,0.03575965249837343,-0.02413353378396632,-0.023145440459999334,-0.2481946359151398,0.9768545595400007,0.7518053640848602,-12.2879
2022-11-02,982850.5595400006,721446.5595400006,261404.0,9,760831.5638958627,3677.805,0.0061380682942437925,0.012006032734269922,-0.00586796444002613,-0.017149440459999332,-0.2391684361041373,0.9828505595400007,0.7608315638958627,-11.7496
2022-11-03,982888.5595400006,721446.5595400006,261442.0,9,754644.4630536491,3647.897,3.866304966826384e-05,-0.008132024400423599,0.008170687450091862,-0.01711144045999935,-0.24535553694635093,0.9828885595400007,0.7546444630536491,-11.7462
2022-11-04,989539.7717000006,752191.7717000006,237348.0,8,779319.6340532999,3767.175,0.006767005369472168,0.03269774338475018,-0.02593073801527801,-0.010460228299999375,-0.22068036594670015,0.9895397717000006,0.7793196340532998,-11.1489
2022-11-07,990159.7717000006,752191.7717000006,237968.0,8,780999.8411229957,3775.297,0.0006265538968028839,0.002155992222288683,-0.001529438325485799,-0.00984022829999942,-0.2190001588770043,0.9901597717000006,0.7809998411229957,-11.0933
2022-11-08,988492.7717000006,752191.7717000006,236301.0,8,775626.9849281991,3749.325,-0.0016835666804942973,-0.006879458755165713,0.0051958920746714155,-0.011507228299999395,-0.22437301507180096,0.9884927717000006,0.775626984928199,-11.2429
2022-11-09,985663.7717000006,752191.7717000006,233472.0,8,768375.1185371401,3714.27,-0.0028619329154372375,-0.009349682942929483,0.006487750027492245,-0.014336228299999365,-0.23162488146285987,0.9856637717000006,0.7683751185371401,-11.497
2022-11-10,985562.1259000006,812945.1259000006,172617.0,6,762462.5356438904,3685.689,-0.00010312421225011636,-0.007694917170803617,0.0075917929585535004,-0.014437874099999415,-0.23753746435610956,0.9855621259000006,0.7624625356438904,-11.5061
2022-11-11,989202.1399200006,839884.1399200006,149318.0,5,783718.5411119073,3788.439,0.003693337968599497,0.027878098233464765,-0.024184760264865268,-0.010797860079999388,-0.2162814588880927,0.9892021399200006,0.7837185411119073,-11.1793
2022-11-14,989858.2487600006,870711.2487600006,119147.0,4,784872.4681046138,3794.017,0.0006632707446962982,0.0014723742417390717,-0.0008091034970427735,-0.010141751239999386,-0.21512753189538614,0.9898582487600006,0.7848724681046139,-11.1203
2022-11-15,993211.2487600006,870711.2487600006,122500.0,4,799758.0849363086,3865.973,0.0033873536985729036,0.018965650391129074,-0.01557829669255617,-0.0067887512399994465,-0.2002419150636915,0.9932112487600006,0.7997580849363085,-10.8193
2022-11-16,991535.2487600006,870711.2487600006,120824.0,4,793224.4750025237,3834.39,-0.0016874557170918347,-0.008169482818426443,0.006482027101334609,-0.008464751239999457,-0.2067755249974762,0.9915352487600005,0.7932244750025238,-10.9698
2022-11-17,991943.2487600006,870711.2487600006,121232.0,4,789971.2200926451,3818.664,0.00041148310209870864,-0.0041013042491764296,0.004512787351275138,-0.008056751239999382,-0.2100287799073548,0.9919432487600006,0.7899712200926452,-10.9331
2022-11-18,989883.2487600006,870711.2487600006,119172.0,4,786434.7586476257,3801.569,-0.0020767317107860395,-0.004476696561938942,0.0023999648511529026,-0.010116751239999444,-0.2135652413523743,0.9898832487600006,0.7864347586476257,-11.1181
2022-11-21,989235.4701200005,903034.4701200005,86201.0,3,779723.4464394174,3769.127,-0.0006543990322207538,-0.008533844841432492,0.007879445809211738,-0.01076452987999943,-0.22027655356058262,0.9892354701200006,0.7797234464394174,-11.1763
2022-11-22,989241.4701200005,903034.4701200005,86207.0,3,779815.71094977,3769.573,6.065289995360601e-06,0.00011832978830361718,-0.00011226449830825658,-0.010758529879999479,-0.22018428905023002,0.9892414701200005,0.77981571094977,-11.1757
2022-11-23,989294.4701200005,903034.4701200005,86260.0,3,780634.0930191762,3773.529,5.357640333625291e-05,0.0010494557341111932,-0.0009958793307749403,-0.010705529879999509,-0.2193659069808238,0.9892944701200005,0.7806340930191762,-11.171
2022-11-24,989460.4701200005,903034.4701200005,86426.0,3,777175.0013653493,3756.808,0.00016779634882602146,-0.004431130647200576,0.004598926996026598,-0.01053952987999951,-0.22282499863465077,0.9894604701200005,0.7771750013653492,-11.1561
2022-11-25,991178.4701200005,903034.4701200005,88144.0,3,781098.93237963,3775.776,0.0017362997834482474,0.005048967101858759,-0.0033126673184105115,-0.008821529879999512,-0.21890106762036998,0.9911784701200005,0.78109893237963,-11.0018
2022-11-28,989449.1503600006,925482.1503600006,63967.0,2,772299.8770358186,3733.242,-0.0017447107782624371,-0.011264969108336853,0.009520258330074416,-0.010550849639999416,-0.2277001229641814,0.9894491503600006,0.7722998770358186,-11.1571
2022-11-29,993558.7440700005,716223.7440700005,277335.0,8,796127.290269942,3848.422,0.00415341577533801,0.03085254049965136,-0.02669912472431335,-0.006441255929999556,-0.203872709730058,0.9935587440700004,0.796127290269942,-10.7881
2022-11-30,991946.7185200005,713663.7185200005,278283.0,8,797082.0003938825,3853.037,-0.001622476335316203,0.0011991928120147488,-0.002821669147330952,-0.008053281479999508,-0.20291799960611745,0.9919467185200005,0.7970820003938826,-10.9328
2022-12-01,997764.7185200005,713663.7185200005,284101.0,8,805715.1451159387,3894.769,0.005865234383436002,0.010830936738993158,-0.0049657023555571556,-0.002235281479999518,-0.19428485488406122,0.9977647185200005,0.8057151451159388,-10.4104
2022-12-02,995222.7185200005,713663.7185200005,281559.0,8,800787.2686560494,3870.948,-0.002547694815036694,-0.006116152203121672,0.003568457388084978,-0.004777281479999562,-0.19921273134395057,0.9952227185200004,0.8007872686560494,-10.6387
2022-12-05,999355.9159400004,746005.9159400004,253350.0,7,816494.5774947414,3946.876,0.004153037649850422,0.01961483336898384,-0.01546179571913342,-0.0006440840599996056,-0.1835054225052586,0.9993559159400004,0.8164945774947414,-10.2675
2022-12-06,1001338.9159400004,746005.9159400004,255333.0,7,820905.4830771165,3968.198,0.0019842780418573014,0.0054022472456696224,-0.003417969203812321,0.0013389159400003514,-0.17909451692288347,1.0013389159400004,0.8209054830771165,-10.0895
2022-12-07,998606.9159400004,746005.9159400004,252601.0,7,818887.0417598276,3958.441,-0.0027283469727483745,-0.0024587986788965344,-0.0002695482938518401,-0.0013930840599996053,-0.18111295824017237,0.9986069159400004,0.8188870417598276,-10.3348
2022-12-08,998310.9159400004,746005.9159400004,252305.0,7,819039.9195023178,3959.18,-0.0002964129281253225,0.00018668965888335443,-0.0004831025870086769,-0.0016890840599995682,-0.1809600804976822,0.9983109159400004,0.8190399195023178,-10.3614
2022-12-09,999521.6924600004,781059.6924600004,218462.0,6,827121.1321310537,3998.244,0.001212825083516167,0.009866689567031628,-0.008653864483515461,-0.0004783075399995562,-0.17287886786894624,0.9995216924600004,0.8271211321310538,-10.2527
2022-12-12,996595.9641000004,818098.9641000004,178497.0,5,817853.1000047995,3953.443,-0.0029271284275974585,-0.01120516906922131,0.008278040641623852,-0.0034040358999996023,-0.1821468999952005,0.9965959641000004,0.8178531000047995,-10.5154
2022-12-13,994688.9641000004,818098.9641000004,176590.0,5,816247.3665309041,3945.681,-0.0019135136692252086,-0.0019633519441156766,4.983827489046799e-05,-0.005311035899999594,-0.18375263346909587,0.9946889641000004,0.8162473665309041,-10.6866
2022-12-14,997268.5082000005,843032.5082000005,154236.0,4,818151.6150012992,3954.886,0.0025933173012873123,0.0023329306145123407,0.00026038668677497157,-0.0027314917999995414,-0.18184838499870082,0.9972685082000005,0.8181516150012992,-10.455
2022-12-15,996125.5082000005,843032.5082000005,153093.0,4,817552.3094262058,3951.989,-0.0011461306464625176,-0.0007325116324465863,-0.00041361901401593126,-0.0038744917999995465,-0.18244769057379417,0.9961255082000005,0.8175523094262058,-10.5576
2022-12-16,994696.9732400005,921928.9732400005,72768.0,2,818015.2869467646,3954.227,-0.0014340913351182927,0.0005662971227904379,-0.0020003884579087305,-0.005303026759999496,-0.18198471305323538,0.9946969732400005,0.8180152869467646,-10.6859
2022-12-19,992752.9732400005,921928.9732400005,70824.0,2,805394.9086539974,3893.221,-0.001954364044828516,-0.015428046998819167,0.013473682953990651,-0.007247026759999442,-0.19460509134600268,0.9927529732400006,0.8053949086539973,-10.8604
2022-12-20,991982.0441600005,957542.0441600005,34440.0,1,792112.9565852035,3829.017,-0.0007765568079680651,-0.016491229241802685,0.01571467243383462,-0.008017955839999535,-0.20788704341479647,0.9919820441600005,0.7921129565852035,-10.9296
2022-12-21,991970.0441600005,957542.0441600005,34428.0,1,792427.6075274601,3830.538,-1.2096993156962554e-05,0.00039722988955137595,-0.0004093268827083385,-0.008029955839999436,-0.2075723924725399,0.9919700441600006,0.7924276075274601,-10.9307
2022-12-22,991322.0441600005,957542.0441600005,33780.0,1,793563.3298634153,3836.028,-0.0006532455327808995,0.0014332190412937873,-0.0020864645740746868,-0.00867795583999953,-0.20643667013658462,0.9913220441600005,0.7935633298634154,-10.9889
2022-12-23,991334.0441600005,957542.0441600005,33792.0,1,791947.8734478462,3828.219,1.2105047063837304e-05,-0.0020356994265942063,0.0020478044736580436,-0.008665955839999517,-0.20805212655215388,0.9913340441600005,0.7919478734478461,-10.9878
2022-12-26,992342.0441600005,957542.0441600005,34800.0,1,795106.7951363777,3843.489,0.0010168116448114883,0.003988800013792204,-0.002971988368980716,-0.0076579558399995085,-0.20489320486362228,0.9923420441600005,0.7951067951363777,-10.8973
2022-12-27,997644.7928900005,712961.7928900005,284683.0,9,804284.6314632738,3887.854,0.005343670321344307,0.011542897612039527,-0.0061992272906952195,-0.00235520710999948,-0.19571536853672622,0.9976447928900005,0.8042846314632738,-10.4212
2022-12-28,995987.7928900005,712961.7928900005,283026.0,9,800852.6399234743,3871.264,-0.0016609117912598226,-0.004267135545727774,0.002606223754467951,-0.004012207109999499,-0.19914736007652567,0.9959877928900005,0.8008526399234743,-10.57
2022-12-29,994745.7928900005,712961.7928900005,281784.0,9,797839.9761022506,3856.701,-0.0012470032352466243,-0.0037618204286765655,0.0025148171934299413,-0.005254207109999465,-0.20216002389774934,0.9947457928900005,0.7978399761022507,-10.6815
2022-12-30,995444.7928900005,712961.7928900005,282483.0,9,800929.1822302691,3871.634,0.0007026920897741373,0.0038719620732849958,-0.0031692699835108584,-0.0045552071099994595,-0.1990708177697309,0.9954447928900005,0.8009291822302691,-10.6187
2023-01-03,1002425.2620900006,743503.2620900006,258922.0,8,804293.9406627489,3887.899,0.007012412189865591,0.0042010685927440505,0.0028113435971215406,0.0024252620900004906,-0.19570605933725116,1.0024252620900005,0.8042939406627488,-9.9919
2023-01-04,1000129.2620900006,743503.2620900006,256626.0,8,805338.4328438487,3892.948,-0.0022904450704015478,0.0012986448464837874,-0.003589089916885335,0.00012926209000063693,-0.19466156715615124,1.0001292620900006,0.8053384328438488,-10.1981
2023-01-05,1003130.2620900006,743503.2620900006,259627.0,8,820984.0940949058,3968.578,0.0030006121346042303,0.01942743648258327,-0.01642682434797904,0.0031302620900004463,-0.1790159059050942,1.0031302620900004,0.8209840940949058,-9.9286
2023-01-06,1006786.2620900006,743503.2620900006,263283.0,8,823530.8842001786,3980.889,0.0036445914734770657,0.003102118693396161,0.0005424727800809048,0.00678626209000055,-0.1764691157998215,1.0067862620900005,0.8235308842001785,-9.6004
2023-01-09,1006721.2179700006,777622.2179700006,229099.0,7,830198.5466064037,4013.12,-6.46056888627955e-05,0.008096432731482528,-0.008161038420345323,0.00672121797000047,-0.1698014533935963,1.0067212179700005,0.8301985466064037,-9.6062
2023-01-10,1006956.2179700006,777622.2179700006,229334.0,7,831099.2633733891,4017.474,0.00023343105897177807,0.0010849413922335849,-0.0008515103332618068,0.006956217970000678,-0.16890073662661087,1.0069562179700007,0.8310992633733891,-9.5851
2023-01-11,1006693.2179700006,777622.2179700006,229071.0,7,829559.5217802168,4010.031,-0.0002611831530572317,-0.0018526566693400914,0.0015914735162828597,0.006693217970000553,-0.17044047821978314,1.0066932179700006,0.8295595217802169,-9.6087
2023-01-12,1007139.8876300006,803248.8876300006,203891.0,6,831180.97745767,4017.869,0.0004436998799899339,0.001954598355972781,-0.001510898475982847,0.007139887630000619,-0.16881902254232994,1.0071398876300006,0.8311809774576701,-9.5686
2023-01-13,1007385.8876300006,803248.8876300006,204137.0,6,842870.8495451318,4074.377,0.00024425603932631823,0.014064171828399585,-0.013819915789073267,0.007385887630000587,-0.1571291504548682,1.0073858876300006,0.8428708495451318,-9.5465
2023-01-16,1008780.2504900006,837045.2504900006,171735.0,5,856025.1621455678,4137.964,0.0013841397592737614,0.01560655776330977,-0.014222418004036008,0.00878025049000053,-0.1439748378544322,1.0087802504900005,0.8560251621455678,-9.4213
2023-01-17,1010045.2504900006,837045.2504900006,173000.0,5,855875.8012117682,4137.242,0.0012539896567023145,-0.00017448194329394706,0.0014284715999962616,0.010045250490000601,-0.1441241987882318,1.0100452504900006,0.8558758012117682,-9.3077
2023-01-18,1009608.2504900006,837045.2504900006,172563.0,5,854442.5982348104,4130.314,-0.00043265388336610755,-0.0016745455064024473,0.0012418916230363397,0.00960825049000058,-0.1455574017651896,1.0096082504900006,0.8544425982348104,-9.347
2023-01-19,1010667.8102900006,872270.8102900006,138397.0,4,859757.9442639609,4156.008,0.0010494761700747812,0.006220834541877274,-0.0051713583718024925,0.010667810290000634,-0.1402420557360391,1.0106678102900006,0.8597579442639609,-9.2518
2023-01-20,1014037.8102900006,872270.8102900006,141767.0,4,865037.0878507086,4181.527,0.0033344289445935704,0.006140267294961976,-0.002805838350368406,0.01403781029000073,-0.13496291214929135,1.0140378102900007,0.8650370878507087,-8.9493
2023-01-30,1013706.8102900006,872270.8102900006,141436.0,4,869136.859299518,4201.345,-0.0003264178087257763,0.004739416964185672,-0.005065834772911448,0.013706810290000648,-0.130863140700482,1.0137068102900006,0.869136859299518,-8.979
2023-01-31,1014266.8102900006,872270.8102900006,141996.0,4,859933.7846984896,4156.858,0.000552427974553904,-0.010588751935392215,0.01114117990994612,0.014266810290000542,-0.14006621530151042,1.0142668102900005,0.8599337846984896,-8.9287
2023-02-01,1015436.2155900006,736989.2155900006,278447.0,8,868017.2729093193,4195.933,0.0011529562913190627,0.009400128654863726,-0.008247172363544664,0.015436215590000524,-0.1319827270906807,1.0154362155900005,0.8680172729093193,-8.8237
2023-02-02,1014608.2155900006,736989.2155900006,277619.0,8,864958.8905751184,4181.149,-0.0008154131074780135,-0.003523411837128787,0.0027079987296507735,0.014608215590000695,-0.13504110942488168,1.0146082155900007,0.8649588905751183,-8.898
2023-02-03,1012216.2155900006,736989.2155900006,275227.0,8,856783.9653383335,4141.632,-0.0023575602515785166,-0.009451229793533078,0.0070936695419545615,0.012216215590000523,-0.14321603466166644,1.0122162155900005,0.8567839653383336,-9.1128
2023-02-06,1010683.2155900006,736989.2155900006,273694.0,8,845456.9451592991,4086.878,-0.0015144985590913596,-0.013220392347750742,0.011705893788659383,0.010683215590000517,-0.15454305484070097,1.0106832155900005,0.845456945159299,-9.2505
2023-02-07,1012016.2155900006,736989.2155900006,275027.0,8,846978.6889668196,4094.234,0.0013189098022388102,0.0017999069216159125,-0.0004809971193771023,0.012016215590000545,-0.1530213110331804,1.0120162155900005,0.8469786889668196,-9.1308
2023-02-08,1010547.2155900006,736989.2155900006,273558.0,8,843235.7701645535,4076.141,-0.0014515577689074854,-0.004419141651405445,0.0029675838824979595,0.010547215590000603,-0.15676422983544647,1.0105472155900006,0.8432357701645535,-9.2627
2023-02-09,1013582.2155900006,736989.2155900006,276593.0,8,854554.9292418092,4130.857,0.003003323301651095,0.013423480689210843,-0.010420157387559748,0.013582215590000724,-0.1454450707581908,1.0135822155900007,0.8545549292418092,-8.9902
2023-02-10,1013686.2155900006,736989.2155900006,276697.0,8,849476.8643637225,4106.31,0.0001026063780524833,-0.005942350461417556,0.006044956839470039,0.013686215590000606,-0.1505231356362775,1.0136862155900006,0.8494768643637225,-8.9808
2023-02-13,1012749.2155900006,736989.2155900006,275760.0,8,857185.7090134565,4143.574,-0.0009243491581412133,0.009074814127525421,-0.009999163285666635,0.01274921559000064,-0.14281429098654352,1.0127492155900006,0.8571857090134565,-9.065
2023-02-14,1013489.2155900006,736989.2155900006,276500.0,8,857540.699820105,4145.29,0.0007306843477226099,0.00041413523687539033,0.0003165491108472196,0.013489215590000603,-0.14245930017989505,1.0134892155900006,0.857540699820105,-8.9985
2023-02-15,1013844.2155900006,736989.2155900006,276855.0,8,853072.0772009845,4123.689,0.0003502750641439789,-0.005210974382974465,0.005561249447118444,0.013844215590000708,-0.14692792279901556,1.0138442155900007,0.8530720772009844,-8.9666
2023-02-16,1011835.2155900006,736989.2155900006,274846.0,8,846824.3631266332,4093.488,-0.001981566762533471,-0.007323782176590021,0.00534221541405655,0.011835215590000558,-0.15317563687336677,1.0118352155900006,0.8468243631266332,-9.147
2023-02-17,1009901.2155900006,736989.2155900006,272912.0,8,834622.898810243,4034.507,-0.001911378424274579,-0.0144084946627423,0.01249711623846772,0.009901215590000678,-0.16537710118975701,1.0099012155900007,0.834622898810243,-9.3207
2023-02-20,1014312.4507900006,803385.4507900006,210927.0,6,855099.6208466489,4133.49,0.0043679868207930905,0.02453410044895188,-0.02016611362815879,0.014312450790000542,-0.14490037915335108,1.0143124507900005,0.8550996208466489,-8.9246
2023-02-21,1015438.4507900006,803385.4507900006,212053.0,6,857347.068471024,4144.354,0.0011101115826026575,0.002628287476200475,-0.0015181758935978173,0.015438450790000724,-0.14265293152897596,1.0154384507900007,0.857347068471024,-8.8235
2023-02-22,1014723.4507900006,803385.4507900006,211338.0,6,849609.468738467,4106.951,-0.0007041293339283827,-0.009025049501080296,0.008320920167151913,0.014723450790000703,-0.150390531261533,1.0147234507900007,0.849609468738467,-8.8877
2023-02-23,1014974.4507900006,803385.4507900006,211589.0,6,848925.7597547998,4103.646,0.0002473580361275207,-0.0008047332437129961,0.0010520912798405169,0.014974450790000704,-0.15107424024520022,1.0149744507900007,0.8489257597547998,-8.8652
2023-02-24,1013969.7578900006,833262.7578900006,180707.0,5,840113.050918425,4061.046,-0.0009898701383251884,-0.010381012397268075,0.009391142258942886,0.013969757890000656,-0.15988694908157508,1.0139697578900007,0.8401130509184249,-8.9554
2023-02-27,1013949.7578900006,833262.7578900006,180687.0,5,836554.4542657648,4043.844,-1.972445415099333e-05,-0.004235854506449921,0.0042161300522989276,0.013949757890000525,-0.1634455457342352,1.0139497578900005,0.8365544542657648,-8.9572
2023-02-28,1014563.7578900006,833262.7578900006,181301.0,5,841853.4574780593,4069.459,0.0006055526866317607,0.006334319523700893,-0.0057287668370691325,0.01456375789000064,-0.15814654252194071,1.0145637578900006,0.8418534574780593,-8.902
2023-03-01,1015719.5121800005,804960.5121800005,210759.0,10,853745.0288874804,4126.942,0.0011391637844462288,0.014125464834514823,-0.012986301050068594,0.01571951218000045,-0.14625497111251962,1.0157195121800005,0.8537450288874804,-8.7983
2023-03-02,1016266.5121800005,804960.5121800005,211306.0,10,851840.9872881848,4117.738,0.00053853450036212,-0.002230222765427725,0.002768757265789845,0.016266512180000525,-0.1481590127118152,1.0162665121800005,0.8518409872881848,-8.7491
2023-03-03,1018031.5121800005,804960.5121800005,213071.0,10,854491.626685379,4130.551,0.0017367491488171627,0.003111659848198167,-0.0013749106993810045,0.018031512180000542,-0.14550837331462108,1.0180315121800005,0.8544916266853789,-8.5907
2023-03-06,1018483.5121800005,804960.5121800005,213523.0,10,850035.4163322251,4109.01,0.0004439941147127424,-0.005215042738850206,0.005659036853562949,0.01848351218000044,-0.14996458366777488,1.0184835121800004,0.8500354163322251,-8.5501
2023-03-07,1019556.5121800005,804960.5121800005,214596.0,10,837590.4647317874,4048.852,0.0010535271186700168,-0.014640509514457278,0.015694036633127295,0.01955651218000054,-0.16240953526821256,1.0195565121800005,0.8375904647317874,-8.4537
2023-03-08,1017036.5121800005,804960.5121800005,212076.0,10,834540.3572415643,4034.108,-0.0024716628944988495,-0.003641526042443499,0.0011698631479446497,0.017036512180000463,-0.16545964275843572,1.0170365121800005,0.8345403572415643,-8.68
2023-03-09,1015680.7955700005,820500.7955700005,195180.0,9,831590.9959767709,4019.851,-0.0013330068230235081,-0.0035341146047652705,0.0022011077817417624,0.01568079557000046,-0.16840900402322911,1.0156807955700005,0.8315909959767709,-8.8017
2023-03-10,1012092.0349100005,849927.0349100005,162165.0,7,820685.5790984061,3967.135,-0.0035333548449992813,-0.013113918898984056,0.009580564053984775,0.012092034910000438,-0.17931442090159389,1.0120920349100004,0.8206855790984061,-9.124
2023-03-13,1012872.6449500006,908099.6449500006,104773.0,5,829281.2801514628,4008.686,0.0007712836511646337,0.010473805403647729,-0.009702521752483095,0.012872644950000511,-0.17071871984853726,1.0128726449500005,0.8292812801514627,-9.0539
2023-03-14,1013418.6449500006,908099.6449500006,105319.0,5,824318.4424757671,3984.696,0.0005390608609308067,-0.0059845046481565856,0.006523565509087392,0.013418644950000669,-0.17568155752423287,1.0134186449500007,0.8243184424757671,-9.0048
2023-03-15,1014248.6449500006,908099.6449500006,106149.0,5,824774.8001211438,3986.902,0.0008190099956577601,0.0005536181430152443,0.00026539185264251586,0.014248644950000555,-0.1752251998788562,1.0142486449500006,0.8247748001211438,-8.9303
2023-03-16,1013952.6449500006,908099.6449500006,105853.0,5,814896.4982515255,3939.151,-0.0002918416519201994,-0.011976968583627179,0.01168512693170698,0.013952644950000481,-0.18510350174847456,1.0139526449500005,0.8148964982515254,-8.9569
2023-03-17,1014480.6449500006,908099.6449500006,106381.0,5,818965.2390354179,3958.819,0.0005207343781090668,0.004992954065482502,-0.0044722196873734354,0.014480644950000565,-0.18103476096458204,1.0144806449500006,0.818965239035418,-8.9095
2023-03-20,1014372.6449500006,908099.6449500006,106273.0,5,814881.1897901666,3939.077,-0.00010645841351197838,-0.004986840772462475,0.004880382358950497,0.014372644950000568,-0.18511881020983345,1.0143726449500006,0.8148811897901665,-8.9192
2023-03-21,1013051.6449500006,908099.6449500006,104952.0,5,823838.9152672527,3982.378,-0.0013022827523756497,0.010992676710813276,-0.012294959463188926,0.013051644950000663,-0.17616108473274728,1.0130516449500007,0.8238389152672527,-9.0378
2023-03-22,1013533.6449500006,908099.6449500006,105434.0,5,827369.1705792889,3999.443,0.00047579015581566964,0.0042851281319855605,-0.003809337976169891,0.013533644950000534,-0.17263082942071117,1.0135336449500005,0.8273691705792888,-8.9945
2023-03-23,1014357.6449500006,908099.6449500006,106258.0,5,835570.9890590013,4039.09,0.0008129971847561368,0.009913130403408577,-0.00910013321865244,0.01435764495000047,-0.1644290109409987,1.0143576449500005,0.8355709890590013,-8.9205
2023-03-24,1011635.6449500006,908099.6449500006,103536.0,5,833079.4335372807,4027.046,-0.002683471666577897,-0.0029818597753454856,0.0002983881087675888,0.011635644950000579,-0.16692056646271936,1.0116356449500006,0.8330794335372806,-9.1649
2023-03-27,1011256.3753500006,940019.3753500006,71237.0,4,830065.5284894604,4012.477,-0.0003749073116326995,-0.00361778832424553,0.0032428810126128305,0.01125637535000057,-0.16993447151053964,1.0112563753500006,0.8300655284894604,-9.199
2023-03-28,1011031.3753500006,940019.3753500006,71012.0,4,827384.0652984488,3999.515,-0.0002224955070588841,-0.0032304235014930516,0.0030079279944341675,0.01103137535000065,-0.17261593470155123,1.0110313753500006,0.8273840652984488,-9.2192
2023-03-29,1010474.2246500006,912223.2246500006,98251.0,7,828755.4138166725,4006.144,-0.0005510716220920031,0.0016574509659297298,-0.002208522588021733,0.010474224650000474,-0.1712445861833275,1.0104742246500005,0.8287554138166725,-9.2692
2023-03-30,1010809.2246500006,912223.2246500006,98586.0,7,835454.3137589141,4038.526,0.0003315275064201817,0.008083084382388694,-0.007751556875968513,0.01080922465000067,-0.1645456862410859,1.0108092246500007,0.8354543137589141,-9.2391
2023-03-31,1011065.2246500006,912223.2246500006,98842.0,7,838019.5153920373,4050.926,0.0002532624295041863,0.0030704271806099026,-0.0028171647511057163,0.011065224650000482,-0.16198048460796266,1.0110652246500005,0.8380195153920373,-9.2162
2023-04-03,1011821.2246500006,912223.2246500006,99598.0,7,846220.2995162527,4090.568,0.0007477262411648145,0.00978591067820056,-0.009038184437035746,0.011821224650000461,-0.15377970048374734,1.0118212246500005,0.8462202995162527,-9.1483
2023-04-04,1012700.2246500006,912223.2246500006,100477.0,7,848813.8424899998,4103.105,0.0008687305411132495,0.0030648555408441247,-0.002196124999730875,0.012700224650000536,-0.1511861575100002,1.0127002246500005,0.8488138424899998,-9.0694
2023-04-06,1013758.2246500006,912223.2246500006,101535.0,7,847476.4208320853,4096.64,0.0010447316730533007,-0.001575636012239423,0.002620367685292724,0.013758224650000539,-0.1525235791679147,1.0137582246500005,0.8474764208320853,-8.9744
2023-04-07,1014410.2246500006,912223.2246500006,102187.0,7,852987.4669213112,4123.28,0.000643151378845852,0.006502890173410325,-0.005859738794564473,0.014410224650000636,-0.14701253307868878,1.0144102246500006,0.8529874669213112,-8.9158
2023-04-10,1015047.2246500006,912223.2246500006,102824.0,7,849166.9714567531,4104.812,0.000627951083812972,-0.004478958499059105,0.005106909582872077,0.015047224650000635,-0.15083302854324687,1.0150472246500006,0.8491669714567531,-8.8586
2023-04-11,1014141.5408700006,922785.5408700006,91356.0,6,848202.1246489398,4100.148,-0.00089225777678692,-0.0011362274325837918,0.0002439696557968718,0.014141540870000524,-0.15179787535106015,1.0141415408700005,0.8482021246489398,-8.9399
2023-04-12,1013851.3719900006,930860.3719900006,82991.0,5,847610.4733045257,4097.288,-0.0002861226646441173,-0.0006975357962690776,0.0004114131316249603,0.013851371990000638,-0.15238952669547423,1.0138513719900006,0.8476104733045258,-8.966
2023-04-13,1013096.3719900006,930860.3719900006,82236.0,5,841754.1593503254,4068.979,-0.0007446850898057411,-0.006909204332231411,0.00616451924242567,0.013096371990000577,-0.15824584064967462,1.0130963719900006,0.8417541593503254,-9.0338
2023-04-14,1013173.0015100006,943091.0015100006,70082.0,4,846516.3320595591,4091.999,7.563892450779264e-05,0.0056574388808594556,-0.005581799956351663,0.013173001510000448,-0.15348366794044088,1.0131730015100004,0.8465163320595591,-9.0269
2023-04-17,1013799.0015100006,943091.0015100006,70708.0,4,858387.6301012344,4149.384,0.0006178609172047267,0.014023708216937436,-0.01340584729973271,0.013799001510000464,-0.14161236989876558,1.0137990015100005,0.8583876301012344,-8.9707
2023-04-18,1014038.0015100006,943091.0015100006,70947.0,4,861004.1357670202,4162.032,0.0002357469277873836,0.003048163293635886,-0.0028124163658485024,0.014038001510000564,-0.13899586423297983,1.0140380015100006,0.8610041357670202,-8.9492
2023-04-19,1013131.0015100006,943091.0015100006,70040.0,4,853252.0550575019,4124.559,-0.0008944437966322827,-0.009003534811842018,0.008109091015209735,0.013131001510000573,-0.1467479449424981,1.0131310015100006,0.8532520550575019,-9.0307
2023-04-20,1012311.0015100006,943091.0015100006,69220.0,4,850864.7625699019,4113.019,-0.0008093721332955717,-0.002797874875835049,0.0019885027425394775,0.01231100151000053,-0.14913523743009816,1.0123110015100005,0.8508647625699018,-9.1043
2023-04-21,1010766.0015100006,943091.0015100006,67675.0,4,834221.5688773188,4032.567,-0.001526210816335527,-0.0195603278273212,0.018034117010985673,0.010766001510000622,-0.1657784311226812,1.0107660015100006,0.8342215688773188,-9.243
2023-04-24,1009874.1248200006,953844.1248200006,56030.0,3,823893.7361086057,3982.643,-0.0008823770176950019,-0.012380203478330132,0.01149782646063513,0.009874124820000718,-0.17610626389139428,1.0098741248200007,0.8238937361086057,-9.3231
2023-04-25,1010234.6578900006,961224.6578900006,49010.0,2,819761.0721549846,3962.666,0.00035700792914594714,-0.0050160157463272625,0.00537302367547321,0.010234657890000554,-0.18023892784501538,1.0102346578900006,0.8197610721549846,-9.2907
2023-04-26,1009169.6578900006,961224.6578900006,47945.0,2,819050.676799489,3959.232,-0.0010542105160245008,-0.0008665883019159937,-0.0001876222141085071,0.009169657890000682,-0.18094932320051105,1.0091696578900007,0.819050676799489,-9.3864
2023-04-27,1010805.1857400007,872478.1857400007,138327.0,6,825088.6235790023,3988.419,0.0016206668890736964,0.007371884244216975,-0.005751217355143279,0.010805185740000667,-0.17491137642099763,1.0108051857400007,0.8250886235790024,-9.2395
2023-04-28,1011260.1857400007,872478.1857400007,138782.0,6,833501.4505801492,4029.086,0.0004501361948068272,0.010196270752897307,-0.00974613455809048,0.011260185740000761,-0.16649854941985076,1.0112601857400008,0.8335014505801492,-9.1987
2023-05-04,1012365.7187000007,888760.7187000007,123605.0,5,833741.6279266054,4030.247,0.0010932230652302977,0.0002881546832209647,0.000805068382009333,0.012365718700000583,-0.16625837207339456,1.0123657187000006,0.8337416279266054,-9.0994
2023-05-05,1012849.7187000007,888760.7187000007,124089.0,5,830975.7613270202,4016.877,0.00047808809707761135,-0.0033174145405975297,0.003795502637675141,0.012849718700000734,-0.16902423867297978,1.0128497187000007,0.8309757613270202,-9.0559
2023-05-08,1014301.7187000007,888760.7187000007,125541.0,5,840447.3546151287,4062.662,0.0014335789142181365,0.011398158320506058,-0.009964579406287921,0.014301718700000743,-0.15955264538487124,1.0143017187000007,0.8404473546151288,-8.9256
2023-05-09,1013237.7187000007,888760.7187000007,124477.0,5,833250.9296787209,4027.875,-0.0010489975323749734,-0.008562612395518032,0.007513614863143059,0.013237718700000567,-0.16674907032127906,1.0132377187000006,0.8332509296787209,-9.0211
2023-05-10,1011991.7187000007,888760.7187000007,123231.0,5,826836.8912404157,3996.87,-0.0012297212954119896,-0.007697607299134046,0.0064678860037220565,0.011991718700000709,-0.1731631087595843,1.0119917187000007,0.8268368912404157,-9.133
2023-05-11,1012849.1750600006,928824.1750600006,84025.0,4,825553.0491972575,3990.664,0.0008472958267893294,-0.0015527149994870593,0.0024000108262763886,0.012849175060000606,-0.17444695080274253,1.0128491750600006,0.8255530491972575,-9.056
2023-05-12,1011745.8281000006,963975.8281000006,47770.0,3,814609.1542943958,3937.762,-0.0010893497148127818,-0.013256440532202207,0.012167090817389425,0.011745828100000688,-0.18539084570560416,1.0117458281000007,0.8146091542943958,-9.1551
2023-05-15,1013105.8281000006,963975.8281000006,49130.0,3,827254.1502479971,3998.887,0.0013442111271702029,0.015522776643179581,-0.014178565516009378,0.013105828100000716,-0.1727458497520029,1.0131058281000007,0.8272541502479971,-9.0329
2023-05-16,1013135.8281000006,963975.8281000006,49160.0,3,822975.6421692669,3978.205,2.9611911379845424e-05,-0.00517193909205238,0.005201551003432225,0.01313582810000069,-0.17702435783073311,1.0131358281000007,0.8229756421692669,-9.0302
2023-05-17,1012749.8281000006,963975.8281000006,48774.0,3,819243.6875352715,3960.165,-0.00038099531108670703,-0.004534708492900719,0.004153713181814012,0.012749828100000693,-0.18075631246472845,1.0127498281000007,0.8192436875352715,-9.0649
2023-05-18,1012876.8281000006,963975.8281000006,48901.0,3,818396.5503830425,3956.07,0.00012540115680725883,-0.0010340478237649275,0.0011594489805721864,0.012876828100000681,-0.1816034496169574,1.0128768281000007,0.8183965503830426,-9.0535
2023-05-19,1013936.8281000006,963975.8281000006,49961.0,3,816011.3266064369,3944.54,0.0010465240892008065,-0.0029145085905961654,0.003961032679796972,0.01393682810000052,-0.18398867339356317,1.0139368281000005,0.8160113266064368,-8.9583
2023-05-22,1013178.3478300007,979282.3478300007,33896.0,2,821139.24741949,3969.328,-0.0007480547594086451,0.006284129454892096,-0.007032184214300741,0.013178347830000714,-0.17886075258051004,1.0131783478300007,0.82113924741949,-9.0264
2023-05-23,1013041.7920100007,996641.7920100007,16400.0,1,809525.5038966241,3913.188,-0.0001347796469323148,-0.014143451989858336,0.01400867234292602,0.013041792010000774,-0.19047449610337597,1.0130417920100008,0.809525503896624,-9.0387
2023-05-24,1012799.7920100007,996641.7920100007,16158.000000000002,1,798335.0186432236,3859.094,-0.00023888451780440523,-0.013823511673857647,0.013584627156053242,0.012799792010000699,-0.20166498135677646,1.0127997920100007,0.7983350186432235,-9.0604
2023-05-25,1012682.5693900007,1012682.5693900007,0.0,0,796557.1684145896,3850.5,-0.00011574115726009637,-0.002226947568522597,0.0021112064112625006,0.012682569390000564,-0.20344283158541043,1.0126825693900006,0.7965571684145896,-9.0709
2023-05-26,1012682.5693900007,1012682.5693900007,0.0,0,796650.4672804395,3850.951,0.0,0.00011712764576032875,-0.00011712764576032875,0.012682569390000564,-0.20334953271956058,1.0126825693900006,0.7966504672804394,-9.0709
2023-05-29,1012682.5693900007,1012682.5693900007,0.0,0,793131.7967499723,3833.942,0.0,-0.004416831063288051,0.004416831063288051,0.012682569390000564,-0.20686820325002775,1.0126825693900006,0.7931317967499723,-9.0709
2023-05-30,1011242.2205900006,863827.2205900006,147415.0,8,793920.1825099587,3837.753,-0.0014223102515407149,0.0009940160805770315,-0.0024163263321177464,0.011242220590000684,-0.20607981749004123,1.0112422205900007,0.7939201825099588,-9.2003
2023-05-31,1010633.2205900006,863827.2205900006,146806.0,8,785808.7667007039,3798.543,-0.0006022296019688733,-0.010216915992248499,0.009614686390279625,0.010633220590000603,-0.21419123329929612,1.0106332205900006,0.7858087667007039,-9.255
2023-06-01,1003891.2205900006,863827.2205900006,140064.0,8,787530.968603587,3806.868,-0.0066710650932927384,0.0021916297906854343,-0.008862694883978173,0.003891220590000577,-0.21246903139641304,1.0038912205900006,0.787530968603587,-9.8603
2023-06-02,1006493.1559900006,893999.1559900006,112494.0,7,798901.8454557039,3861.834,0.0025918499401467177,0.01443864089850222,-0.011846790958355502,0.006493155990000554,-0.20109815454429614,1.0064931559900006,0.7989018454557039,-9.6267
2023-06-05,1006102.1559900006,893999.1559900006,112103.0,7,795264.0171719561,3844.249,-0.0003884775546391106,-0.004553535962446897,0.004165058407807787,0.006102155990000524,-0.20473598282804384,1.0061021559900005,0.7952640171719562,-9.6618
2023-06-06,1004594.1559900006,893999.1559900006,110595.0,7,787798.8666773689,3808.163,-0.0014988537605469254,-0.009387009010082159,0.007888155249535234,0.004594155990000681,-0.21220113332263113,1.0045941559900007,0.7877988666773689,-9.7972
2023-06-07,1004527.8790400006,902180.8790400006,102347.0,6,783905.3457147066,3789.342,-6.597385581508242e-05,-0.004942277943459916,0.004876304087644834,0.004527879040000515,-0.2160946542852934,1.0045278790400005,0.7839053457147066,-9.8032
2023-06-08,1005220.3277700006,914590.3277700006,90630.0,5,790286.2847771005,3820.187,0.000689327538287543,0.008139935640541385,-0.007450608102253842,0.005220327770000477,-0.2097137152228995,1.0052203277700005,0.7902862847771005,-9.741
2023-06-09,1004742.3277700006,914590.3277700006,90152.0,5,793702.967855541,3836.703,-0.00047551764204811775,0.004323348569062135,-0.004798866211110253,0.004742327770000498,-0.20629703214445894,1.0047423277700005,0.7937029678555411,-9.7839
2023-06-12,1004228.3277700006,914590.3277700006,89638.0,5,795301.8745831547,3844.432,-0.0005115739486568627,0.0020144900452290226,-0.0025260639938858853,0.004228327770000595,-0.2046981254168453,1.0042283277700006,0.7953018745831547,-9.83
2023-06-13,1004062.6136900006,925182.6136900006,78880.0,4,799537.5603442998,3864.907,-0.00016501633684040673,0.005325884291879968,-0.005490900628720374,0.004062613690000605,-0.2004624396557002,1.0040626136900006,0.7995375603442998,-9.8449
2023-06-14,1003191.6136900006,925182.6136900006,78009.0,4,799355.1000345888,3864.025,-0.0008674757810163136,-0.00022820730227157693,-0.0006392684787447367,0.0031916136900005387,-0.20064489996541113,1.0031916136900005,0.7993551000345889,-9.9231
2023-06-15,1004082.6877100006,937962.6877100006,66120.0,3,812072.2940018966,3925.499,0.0008882391039159998,0.015909317356901154,-0.015021078252985154,0.004082687710000643,-0.18792770599810338,1.0040826877100006,0.8120722940018966,-9.8431
2023-06-16,1004053.6877100006,937962.6877100006,66091.0,3,819902.7788581047,3963.351,-2.8882083472736575e-05,0.009642595756615968,-0.009671477840088705,0.004053687710000586,-0.1800972211418953,1.0040536877100006,0.8199027788581047,-9.8457
2023-06-19,1002929.6877100006,937962.6877100006,64967.0,3,813191.2597787969,3930.908,-0.001119462050444331,-0.00818574988690135,0.007066287836457019,0.0029296877100004615,-0.18680874022120308,1.0029296877100005,0.8131912597787969,-9.9467
2023-06-20,1002701.6877100006,937962.6877100006,64739.0,3,811811.4295454959,3924.238,-0.00022733398242558156,-0.0016968089815382337,0.0014694749991126521,0.0027016877100005665,-0.1881885704545041,1.0027016877100006,0.8118114295454959,-9.9671
2023-06-21,1001953.6877100006,937962.6877100006,63991.0,3,799356.5481322851,3864.032,-0.0007459845826213174,-0.015342086794939314,0.014596102212317996,0.0019536877100005956,-0.20064345186771493,1.0019536877100006,0.7993565481322851,-10.0343
2023-06-26,1001178.6710300006,952810.6710300006,48368.0,2,788116.0000728187,3809.696,-0.0007735054918269757,-0.014061995345794331,0.013288489853967356,0.0011786710300005776,-0.21188399992718132,1.0011786710300006,0.7881160000728187,-10.1039
2023-06-27,1001470.6710300006,952810.6710300006,48660.0,2,795508.9525536996,3845.433,0.0002916562332471173,0.009380538499659696,-0.009088882266412579,0.0014706710300005366,-0.20449104744630042,1.0014706710300005,0.7955089525536996,-10.0777
2023-06-28,1001583.6710300006,952810.6710300006,48773.0,2,794550.3118788695,3840.799,0.00011283405821926884,-0.0012050658534422665,0.0013178999116615353,0.0015836710300005663,-0.2054496881211304,1.0015836710300006,0.7945503118788696,-10.0675
2023-06-29,1002246.2856600005,866039.2856600005,136207.0,7,790629.0701888816,3821.844,0.0006615669256253565,-0.004935171041233866,0.005596737966859222,0.0022462856600005132,-0.20937092981111838,1.0022462856600005,0.7906290701888816,-10.008
2023-06-30,1002939.2135800006,858826.2135800006,144113.0,7,794892.2698062528,3842.452,0.0006913748944887832,0.005392161480165081,-0.004700786585676298,0.002939213580000599,-0.20510773019374717,1.0029392135800006,0.7948922698062528,-9.9458
2023-07-03,1006469.2135800006,858826.2135800006,147643.0,7,805324.7793512853,3892.882,0.00351965498227913,0.01312443200331459,-0.00960477702103546,0.006469213580000632,-0.19467522064871468,1.0064692135800006,0.8053247793512853,-9.6288
2023-07-04,1006605.2135800006,858826.2135800006,147779.0,7,806593.1060619853,3899.013,0.0001351258420674295,0.0015749257234101144,-0.0014397998813426849,0.006605213580000546,-0.1934068939380148,1.0066052135800005,0.8065931060619852,-9.6166
2023-07-05,1005545.0448800005,888656.0448800005,116889.0,5,800343.943889938,3868.805,-0.0010532120097307418,-0.007747601764857004,0.006694389755126262,0.005545044880000516,-0.1996560561100621,1.0055450448800005,0.8003439438899379,-9.7118
2023-07-06,1004073.6404000005,923060.6404000005,81013.0,4,794954.9517493848,3842.755,-0.0014632904686787684,-0.006733345309468897,0.005270054840790128,0.004073640400000578,-0.2050450482506152,1.0040736404000006,0.7949549517493848,-9.8439
2023-07-07,1003271.9126800005,938611.9126800005,64660.0,3,791426.5582772437,3825.699,-0.0007984750199004909,-0.004438482286796774,0.0036400072668962835,0.0032719126800004883,-0.20857344172275627,1.0032719126800005,0.7914265582772437,-9.9159
2023-07-10,1003529.9126800005,938611.9126800005,64918.0,3,795280.153117713,3844.327,0.0002571585995174708,0.004869175541515336,-0.004612016941997865,0.00352991268000058,-0.20471984688228695,1.0035299126800006,0.795280153117713,-9.8928
2023-07-11,1004663.9126800005,938611.9126800005,66052.0,3,800484.8231086603,3869.486,0.001130011159280242,0.006544448482139975,-0.005414437322859733,0.004663912680000548,-0.19951517689133969,1.0046639126800005,0.8004848231086603,-9.7909
2023-07-12,1004484.9126800005,938611.9126800005,65873.0,3,795096.0378392065,3843.437,-0.00017816903517764437,-0.006731901859833633,0.006553732824655989,0.004484912680000619,-0.20490396216079343,1.0044849126800006,0.7950960378392066,-9.807
2023-07-13,1005334.6273400006,953725.6273400006,51609.0,2,806471.0521133124,3898.423,0.0008459207791713386,0.014306465801312784,-0.013460545022141446,0.005334627340000564,-0.19352894788668762,1.0053346273400006,0.8064710521133124,-9.7307
2023-07-14,1005265.6273400006,953725.6273400006,51540.0,2,806611.7244609353,3899.103,-6.863386391309234e-05,0.00017442950649537714,-0.00024306337040846948,0.005265627340000689,-0.19338827553906468,1.0052656273400007,0.8066117244609353,-9.7369
2023-07-17,1004899.6273400006,953725.6273400006,51174.0,2,800006.743997842,3867.175,-0.0003640828752580205,-0.008188550033174313,0.007824467157916293,0.004899627340000601,-0.199993256002158,1.0048996273400006,0.800006743997842,-9.7698
2023-07-18,1005094.6273400006,953725.6273400006,51369.0,2,797475.4692250277,3854.939,0.00019404923108212735,-0.003164066792943232,0.0033581160240253594,0.005094627340000546,-0.20252453077497223,1.0050946273400005,0.7974754692250278,-9.7523
2023-07-19,1005394.6273400006,953725.6273400006,51669.0,2,796632.8832369866,3850.866,0.0002984793588978185,-0.0010565666538432383,0.0013550460127410568,0.005394627340000513,-0.20336711676301344,1.0053946273400005,0.7966328832369866,-9.7253
2023-07-20,1006099.6273400006,953725.6273400006,52374.0,2,791011.9885939552,3823.695,0.0007012171945510737,-0.007055815497085449,0.007757032691636523,0.006099627340000691,-0.20898801140604484,1.0060996273400007,0.7910119885939552,-9.662
2023-07-21,1006093.6273400006,953725.6273400006,52368.0,2,790642.723681445,3821.91,-5.9636241153127045e-06,-0.00046682593669222783,0.0004608623125769151,0.006093627340000518,-0.20935727631855505,1.0060936273400005,0.790642723681445,-9.6626
2023-07-24,1005658.6273400006,953725.6273400006,51933.0,2,787190.2519028003,3805.221,-0.0004323653268235583,-0.004366664835121825,0.003934299508298267,0.005658627340000555,-0.21280974809719977,1.0056586273400006,0.7871902519028002,-9.7016
2023-07-25,1007683.6273400006,953725.6273400006,53958.0,2,809924.1445052553,3915.115,0.0020136057554203113,0.02887979436673982,-0.026866188611319508,0.007683627340000498,-0.1900758554947447,1.0076836273400005,0.8099241445052553,-9.5198
2023-07-26,1007206.6273400006,953725.6273400006,53481.0,2,808248.0748575486,3907.013,-0.00047336285621624175,-0.0020694155854935614,0.0015960527292773197,0.00720662734000066,-0.19175192514245143,1.0072066273400007,0.8082480748575486,-9.5626
2023-07-27,1006901.5439000005,784700.5439000005,222201.0,8,807282.6074364368,3902.346,-0.00030290054862502913,-0.001194518677055889,0.00089161812843086,0.0069015439000004175,-0.19271739256356324,1.0069015439000004,0.8072826074364368,-9.59
2023-07-28,1010832.4984000005,780145.4984000005,230687.0,8,825982.0998575072,3992.738,0.0039040107980909955,0.023163502159982752,-0.019259491361891756,0.010832498400000556,-0.17401790014249285,1.0108324984000006,0.8259820998575071,-9.2371
2023-07-31,1011473.4984000005,780145.4984000005,231328.0,8,830510.9219665664,4014.63,0.0006341307793473749,0.005482954303538179,-0.004848823524190804,0.011473498400000448,-0.1694890780334336,1.0114734984000004,0.8305109219665664,-9.1795
2023-08-01,1012859.8072400005,797638.8072400005,215221.0,7,827070.8624538885,3998.001,0.0013705834529456062,-0.004142100268268778,0.005512683721214384,0.012859807240000354,-0.1729291375461115,1.0128598072400004,0.8270708624538885,-9.055
2023-08-02,1011517.8072400005,797638.8072400005,213879.0,7,821256.5433328755,3969.895,-0.0013249612536772037,-0.007030013249121336,0.0057050519954441326,0.0115178072400004,-0.17874345666712455,1.0115178072400004,0.8212565433328755,-9.1755
2023-08-03,1012317.8072400005,797638.8072400005,214679.0,7,828515.4433413157,4004.984,0.0007908906736726617,0.008838772813890339,-0.008047882140217677,0.012317807240000533,-0.17148455665868423,1.0123178072400005,0.8285154433413158,-9.1037
2023-08-04,1010844.8072400005,797638.8072400005,213206.0,7,831741.5981371672,4020.579,-0.0014550766463508058,0.003893898202839363,-0.005348974849190169,0.010844807240000476,-0.1682584018628328,1.0108448072400005,0.8317415981371672,-9.236
2023-08-07,1010010.8072400005,797638.8072400005,212372.0,7,825447.3380654408,3990.153,-0.0008250524650535995,-0.007567566760906863,0.0067425142958532636,0.010010807240000474,-0.1745526619345592,1.0100108072400005,0.8254473380654408,-9.3108
2023-08-08,1010127.8072400005,797638.8072400005,212489.0,7,823291.53433812,3979.732,0.00011584034463929527,-0.0026116793015205086,0.002727519646159804,0.010127807240000397,-0.17670846566188003,1.0101278072400004,0.82329153433812,-9.3003
2023-08-09,1008344.8072400005,797638.8072400005,210706.0,7,820774.5336711677,3967.565,-0.0017651231727514594,-0.0030572410403513217,0.0012921178675998624,0.008344807240000529,-0.1792254663288323,1.0083448072400005,0.8207745336711677,-9.4604
2023-08-10,1009242.0381200005,835503.0381200005,173739.0,6,822460.9468738467,3975.717,0.0008898056235902008,0.0020546607301958897,-0.001164855106605689,0.009242038120000462,-0.17753905312615326,1.0092420381200005,0.8224609468738467,-9.3799
2023-08-11,1006237.0381200005,835503.0381200005,170734.0,6,803539.8955052702,3884.254,-0.002977481997874065,-0.02300541009332413,0.020027928095450065,0.006237038120000538,-0.19646010449472973,1.0062370381200005,0.8035398955052703,-9.6497
2023-08-14,1006654.0381200005,835503.0381200005,171151.0,6,797675.5135781914,3855.906,0.00041441527612540163,-0.007298183898375443,0.007712599174500845,0.006654038120000427,-0.20232448642180856,1.0066540381200004,0.7976755135781914,-9.6122
2023-08-15,1008324.0381200005,835503.0381200005,172821.0,6,795737.1313763879,3846.536,0.0016589612088764305,-0.002430038491602171,0.004088999700478602,0.008324038120000488,-0.2042628686236121,1.0083240381200005,0.7957371313763879,-9.4623
2023-08-16,1007541.0381200005,835503.0381200005,172038.0,6,789902.9526298281,3818.334,-0.00077653608403494,-0.007331791513195296,0.006555255429160356,0.0075410381200005094,-0.21009704737017187,1.0075410381200005,0.7899029526298281,-9.5326
2023-08-17,1006897.0381200005,835503.0381200005,171394.0,6,792544.075956448,3831.101,-0.0006391799198588455,0.003343604828702995,-0.003982784748561841,0.0068970381200004205,-0.20745592404355206,1.0068970381200004,0.7925440759564479,-9.5904
2023-08-18,1006797.0381200005,835503.0381200005,171294.0,6,782801.0677858669,3784.004,-9.931502051763186e-05,-0.012293332908738352,0.01219401788822072,0.0067970381200004315,-0.2171989322141331,1.0067970381200004,0.7828010677858669,-9.5994
2023-08-21,1005039.0381200005,835503.0381200005,169536.0,6,771537.1432921631,3729.555,-0.0017461314777830195,-0.014389255402478596,0.012643123924695576,0.005039038120000505,-0.22846285670783684,1.0050390381200005,0.7715371432921632,-9.7573
2023-08-22,1005969.3809800005,883005.3809800005,122964.0,4,777468.5514554624,3758.227,0.0009256783316002881,0.007687780445656545,-0.0067621021140562565,0.005969380980000549,-0.22253144854453766,1.0059693809800005,0.7774685514554623,-9.6737
2023-08-23,1004998.3809800005,883005.3809800005,121993.0,4,764726.7398273206,3696.634,-0.000965238125890111,-0.01638884505911964,0.015423606933229528,0.004998380980000494,-0.23527326017267947,1.0049983809800005,0.7647267398273205,-9.7609
2023-08-24,1004870.9470800005,732973.9470800005,271897.0,8,770269.8509369607,3723.429,-0.00012680010476806558,0.007248486055151826,-0.0073752861599198916,0.004870947080000576,-0.22973014906303935,1.0048709470800006,0.7702698509369607,-9.7723
2023-08-25,999765.9470800005,732973.9470800005,266792.0,8,767316.3522501783,3709.152,-0.005080254349908664,-0.0038343688035947787,-0.0012458855463138852,-0.0002340529199994501,-0.23268364774982164,0.9997659470800005,0.7673163522501784,-10.2307
2023-08-28,1002790.9470800005,732973.9470800005,269817.0,8,776308.4183297725,3752.619,0.0030257081758335858,0.01171885110127624,-0.008693142925442654,0.0027909470800004943,-0.2236915816702275,1.0027909470800005,0.7763084183297725,-9.9591
2023-08-29,1006541.5004800005,762486.5004800005,244055.0,7,784063.6021057823,3790.107,0.0037401149371372178,0.009989823107541485,-0.006249708170404267,0.006541500480000462,-0.2159363978942177,1.0065415004800005,0.7840636021057823,-9.6223
2023-08-30,1009535.5004800005,762486.5004800005,247049.0,7,783733.228959968,3788.51,0.0029745420318707527,-0.00042136013574278763,0.0033959021676135404,0.009535500480000403,-0.216266771040032,1.0095355004800004,0.783733228959968,-9.3535
2023-08-31,1008737.5004800005,762486.5004800005,246251.0,7,778925.1308666575,3765.268,-0.0007904625440319224,-0.006134865685982094,0.005344403141950171,0.008737500480000548,-0.2210748691333425,1.0087375004800005,0.7789251308666575,-9.4252
2023-09-01,1011267.5004800005,762486.5004800005,248781.0,7,784349.9117074148,3791.491,0.0025080856008585783,0.006964444496381228,-0.00445635889552265,0.01126750048000047,-0.21565008829258525,1.0112675004800005,0.7843499117074147,-9.198
2023-09-04,1016986.5004800005,762486.5004800005,254500.0,7,796236.9319526481,3848.952,0.005655279139580305,0.015155251588359286,-0.009499972448778982,0.0169865004800005,-0.2037630680473519,1.0169865004800005,0.7962369319526481,-8.6845
2023-09-05,1017362.5004800005,762486.5004800005,254876.0,7,790313.1780200284,3820.317,0.0003697197552008369,-0.007439687478565715,0.007809407233766552,0.01736250048000043,-0.20968682197997157,1.0173625004800004,0.7903131780200284,-8.6507
2023-09-06,1017989.5004800005,762486.5004800005,255503.0,7,788598.4234767254,3812.028,0.0006162994996417037,-0.0021697152356727756,0.0027860147353144793,0.017989500480000586,-0.21140157652327463,1.0179895004800006,0.7885984234767254,-8.5944
2023-09-07,1011611.5004800005,762486.5004800005,249125.0,7,777519.8554881248,3758.475,-0.006265290552596725,-0.01404842776600801,0.007783137213411284,0.011611500480000592,-0.22248014451187526,1.0116115004800006,0.7775198554881247,-9.1671
2023-09-08,1010624.5166800006,897888.5166800006,112736.0,3,773696.4638281745,3739.993,-0.0009756549817114823,-0.0049174199642142424,0.00394176498250276,0.010624516680000529,-0.22630353617182553,1.0106245166800005,0.7736964638281745,-9.2557
2023-09-11,1010041.5166800006,897888.5166800006,112153.0,3,779394.5213912992,3767.537,-0.0005768710241813579,0.0073647196665875825,-0.00794159069076894,0.010041516680000528,-0.22060547860870083,1.0100415166800005,0.7793945213912992,-9.3081
2023-09-12,1010545.5166800006,897888.5166800006,112657.0,3,777960.4909299436,3760.605,0.0004989893897200393,-0.0018399288447598083,0.0023389182344798476,0.010545516680000588,-0.22203950907005643,1.0105455166800006,0.7779604909299436,-9.2628
2023-09-13,1008846.5166800006,897888.5166800006,110958.0,3,773005.1006138279,3736.651,-0.0016812701377191264,-0.006369719765835669,0.004688449628116542,0.008846516680000693,-0.226994899386172,1.0088465166800007,0.773005100613828,-9.4154
2023-09-14,1008433.5439600006,935981.5439600006,72452.0,2,772354.904748271,3733.508,-0.0004093513861345155,-0.0008411275230145732,0.00043177613688005767,0.008433543960000511,-0.22764509525172905,1.0084335439600005,0.772354904748271,-9.4525
2023-09-15,1007298.5439600006,935981.5439600006,71317.0,2,767238.7755878863,3708.777,-0.0011255079789819211,-0.006624065088383313,0.005498557109401392,0.007298543960000625,-0.23276122441211367,1.0072985439600006,0.7672387755878863,-9.5544
2023-09-18,1008341.5954000006,975357.5954000006,32984.0,1,771155.6729847859,3727.711,0.0010354938426688776,0.005105186965945752,-0.004069693123276874,0.008341595400000568,-0.22884432701521418,1.0083415954000006,0.7711556729847858,-9.4607
2023-09-19,1007592.5954000006,975357.5954000006,32234.999999999996,1,769664.3392288839,3720.502,-0.0007428038309803542,-0.0019338945535208873,0.0011910907225405332,0.007592595400000679,-0.2303356607711161,1.0075925954000007,0.7696643392288839,-9.528
2023-09-20,1007102.5954000006,975357.5954000006,31745.0,1,766600.1645038984,3705.69,-0.00048630766267732106,-0.0039811831844196455,0.0034948755217423244,0.0071025954000005775,-0.23339983549610166,1.0071025954000006,0.7666001645038983,-9.572
2023-09-21,1004303.9708200006,719592.9708200006,284711.0,8,759722.7348028354,3672.445,-0.0027788872680726273,-0.008971338671070694,0.006192451402998067,0.004303970820000558,-0.24027726519716464,1.0043039708200006,0.7597227348028354,-9.8233
2023-09-22,1007196.8433100006,706831.8433100006,300365.0,8,773477.1804627624,3738.933,0.002880475009610972,0.01810455976876435,-0.015224084759153378,0.0071968433100007,-0.22652281953723763,1.0071968433100007,0.7734771804627624,-9.5635
2023-09-25,1005213.8433100006,706831.8433100006,298382.0,8,768444.2134843548,3714.604,-0.0019688306344201045,-0.006506936604640856,0.004538105970220752,0.005213843310000632,-0.23155578651564523,1.0052138433100006,0.7684442134843548,-9.7416
2023-09-26,1003982.8433100006,706831.8433100006,297151.0,8,763952.8350442952,3692.893,-0.0012246150490193841,-0.005844768379078991,0.0046201533300596065,0.00398284331000065,-0.23604716495570477,1.0039828433100006,0.7639528350442952,-9.8521
2023-09-27,1003524.8433100006,706831.8433100006,296693.0,8,765525.4691422794,3700.495,-0.00045618309421502357,0.0020585486771482753,-0.002514731771363299,0.0035248433100005805,-0.23447453085772063,1.0035248433100006,0.7655254691422794,-9.8932
2023-09-28,1004159.8433100006,706831.8433100006,297328.0,8,763254.4382125675,3689.517,0.0006327695863568294,-0.002966630140021853,0.0035993997263786826,0.004159843310000522,-0.23674556178743256,1.0041598433100005,0.7632544382125674,-9.8362
2023-10-09,1004688.8433100006,706831.8433100006,297857.0,8,762263.5256462239,3684.727,0.0005268085589404947,-0.0012982729175661234,0.0018250814765066181,0.004688843310000523,-0.2377364743537761,1.0046888433100005,0.7622635256462239,-9.7887
2023-10-10,1002467.8433100006,706831.8433100006,295636.0,8,756553.676430431,3657.126,-0.0022106346803680843,-0.007490649917890724,0.0052800152375226395,0.002467843310000717,-0.24344632356956908,1.0024678433100007,0.7565536764304309,-9.9881
2023-10-11,1001032.8433100006,706831.8433100006,294201.0,8,758709.687028851,3667.548,-0.0014314673628451624,0.0028497787606989178,-0.00428124612354408,0.0010328433100006418,-0.241290312971149,1.0010328433100006,0.758709687028851,-10.117
2023-10-12,1004179.5708700006,741374.5708700006,262805.0,7,765915.8349069328,3702.382,0.0031434808368475675,0.009497898868672028,-0.00635441803182446,0.004179570870000537,-0.23408416509306718,1.0041795708700005,0.7659158349069328,-9.8344
2023-10-13,1003982.5708700006,741374.5708700006,262608.0,7,757853.6544193459,3663.41,-0.000196180051571182,-0.010526196378439545,0.010330016326868363,0.003982570870000535,-0.24214634558065407,1.0039825708700005,0.7578536544193459,-9.8521
2023-10-16,1002373.5708700006,741374.5708700006,260999.0,7,750238.1086354617,3626.597,-0.0016026174623785527,-0.010048834282813002,0.008446216820434449,0.002373570870000563,-0.2497618913645383,1.0023735708700006,0.7502381086354617,-9.9966
2023-10-17,1002946.5708700006,741374.5708700006,261572.0,7,752887.0930638602,3639.402,0.0005716431644369191,0.0035308582674060673,-0.0029592151029691482,0.00294657087000072,-0.24711290693613985,1.0029465708700007,0.7528870930638601,-9.9451
2023-10-18,1002107.5708700006,741374.5708700006,260733.0,7,746924.0336223461,3610.577,-0.000836535090071866,-0.00792025722907208,0.007083722139000215,0.0021075708700006857,-0.25307596637765384,1.0021075708700007,0.7469240336223462,-10.0205
2023-10-19,996733.5708700006,741374.5708700006,255359.0,7,730988.3390898665,3533.545,-0.005362697734470179,-0.021335094086069928,0.01597239635159975,-0.0032664291299994153,-0.2690116609101335,0.9967335708700006,0.7309883390898665,-10.503
2023-10-20,995391.5708700006,741374.5708700006,254017.0,7,726239.4061309973,3510.589,-0.0013463979133647719,-0.00649659194944463,0.005150194036079858,-0.00460842912999937,-0.27376059386900264,0.9953915708700006,0.7262394061309974,-10.6235
2023-10-23,990871.2806300006,778570.2806300006,212301.0,6,718720.6760216537,3474.244,-0.004541218121878576,-0.010352963562524464,0.005811745440645888,-0.009128719369999372,-0.2812793239783463,0.9908712806300006,0.7187206760216537,-11.0294
2023-10-24,990235.3439100006,845541.3439100006,144694.0,4,721386.4170091073,3487.13,-0.0006417954909295753,0.0037090083482909098,-0.004350803839220485,-0.009764656089999324,-0.27861358299089267,0.9902353439100007,0.7213864170091073,-11.0865
2023-10-25,993044.3439100006,845541.3439100006,147503.0,4,724971.0794202976,3504.458,0.002836699394013209,0.004969129341320988,-0.002132429947307779,-0.006955656089999374,-0.2750289205797024,0.9930443439100006,0.7249710794202976,-10.8343
2023-10-26,994614.3439100006,845541.3439100006,149073.0,4,726975.0397606252,3514.145,0.0015809968705107202,0.0027641934929736323,-0.001183196622462912,-0.005385656089999413,-0.2730249602393747,0.9946143439100006,0.7269750397606253,-10.6933
2023-10-27,997330.6238600006,762871.6238600006,234459.0,10,736954.5015978725,3562.385,0.00273098811276129,0.013727378921473354,-0.010996390808712064,-0.002669376139999402,-0.26304549840212754,0.9973306238600006,0.7369545015978725,-10.4494
2023-10-30,997467.6238600006,762871.6238600006,234596.0,10,741378.8538017116,3583.772,0.0001373666833468512,0.006003562220254111,-0.005866195536907259,-0.0025323761399993483,-0.25862114619828847,0.9974676238600007,0.7413788538017115,-10.4371
2023-10-31,998366.6238600006,762871.6238600006,235495.0,10,739048.2439953595,3572.506,0.0009012823860097274,-0.0031436151630180875,0.004044897549027815,-0.0016333761399993652,-0.2609517560046405,0.9983666238600006,0.7390482439953595,-10.3564
2023-11-01,998173.6238600006,762871.6238600006,235302.0,10,738742.2816392797,3571.027,-0.00019331575734549133,-0.00041399510595652167,0.00022067934861103033,-0.0018263761399993639,-0.2612577183607203,0.9981736238600006,0.7387422816392797,-10.3737
2023-11-02,997778.6238600006,762871.6238600006,234907.0,10,735258.9860668178,3554.189,-0.00039572273856780527,-0.00471517017373424,0.004319447435166435,-0.002221376139999398,-0.2647410139331823,0.9977786238600006,0.7352589860668177,-10.4092
2023-11-03,997416.6238600006,762871.6238600006,234545.0,10,741454.1548819097,3584.136,-0.0003628059284328522,0.008425832165931402,-0.008788638094364254,-0.0025833761399993715,-0.2585458451180903,0.9974166238600006,0.7414541548819097,-10.4417
2023-11-06,999471.6238600006,762871.6238600006,236600.0,10,751481.6108142282,3632.608,0.002060322588215202,0.013524040382396407,-0.011463717794181205,-0.0005283761399993425,-0.24851838918577185,0.9994716238600007,0.7514816108142282,-10.2572
2023-11-07,998561.6238600006,762871.6238600006,235690.0,10,748823.5240574538,3619.759,-0.0009104810764767324,-0.0035371281459493087,0.0026266470694725763,-0.00143837613999942,-0.2511764759425461,0.9985616238600006,0.7488235240574539,-10.3389
2023-11-08,997155.6238600006,762871.6238600006,234284.0,10,747026.4348165717,3611.072,-0.0014080252699527618,-0.0023998835281573427,0.000991858258204581,-0.0028443761399993273,-0.2529735651834284,0.9971556238600007,0.7470264348165716,-10.4651
2023-11-09,997441.6238600006,762871.6238600006,234570.0,10,747389.2867249988,3612.826,0.0002868158120523656,0.0004857283377344146,-0.00019891252568204898,-0.002558376139999319,-0.2526107132750012,0.9974416238600007,0.7473892867249988,-10.4394
2023-11-10,996564.6238600006,762871.6238600006,233693.0,10,741940.9225789048,3586.489,-0.0008792494508160775,-0.007289861177925627,0.00641061172710955,-0.0034353761399993354,-0.25805907742109524,0.9965646238600007,0.7419409225789048,-10.5182
2023-11-13,996769.6238600006,762871.6238600006,233898.0,10,740477.3095503285,3579.414,0.00020570667981978374,-0.0019726813605170923,0.002178388040336876,-0.0032303761399993247,-0.25952269044967147,0.9967696238600007,0.7404773095503285,-10.4998
2023-11-14,997188.2561800006,781225.2561800006,215963.0,9,741024.2767372621,3582.058,0.000419989042582225,0.0007386683965586727,-0.00031867935397644764,-0.0028117438199993794,-0.2589757232627379,0.9971882561800006,0.7410242767372621,-10.4622
2023-11-15,998547.2561800006,781225.2561800006,217322.0,9,746234.739118994,3607.245,0.0013628319342688933,0.007031432768537016,-0.005668600834268123,-0.0014527438199993803,-0.25376526088100604,0.9985472561800006,0.746234739118994,-10.3402
2023-11-16,996616.2561800006,781225.2561800006,215391.0,9,739018.8682992383,3572.364,-0.0019338093295525605,-0.009669706382571808,0.007735897053019247,-0.0033837438199993963,-0.26098113170076176,0.9966162561800006,0.7390188682992382,-10.5135
2023-11-17,996310.2561800006,781225.2561800006,215085.0,9,738130.3569271201,3568.069,-0.00030703894111949737,-0.0012022850974873212,0.0008952461563678238,-0.003689743819999425,-0.26186964307287985,0.9963102561800006,0.7381303569271201,-10.541
2023-11-20,997876.2561800006,781225.2561800006,216651.0,9,739837.8709819426,3576.323,0.001571799537630314,0.0023132960713483364,-0.0007414965337180224,-0.0021237438199993575,-0.26016212901805735,0.9978762561800006,0.7398378709819426,-10.4004
2023-11-21,998227.2561800006,781225.2561800006,217002.0,9,740819.2674777118,3581.067,0.00035174702056117724,0.0013265021084505335,-0.0009747550878893563,-0.0017727438199993673,-0.25918073252228824,0.9982272561800006,0.7408192674777118,-10.3689
2023-11-22,997058.2561800006,781225.2561800006,215833.0,9,733237.2348119377,3544.416,-0.0011710760177732205,-0.010234659111376665,0.009063583093603444,-0.002941743819999343,-0.2667627651880623,0.9970582561800007,0.7332372348119377,-10.4739
2023-11-23,997893.2561800006,781225.2561800006,216668.0,9,736775.5580968522,3561.52,0.0008374636033796623,0.004825618663272024,-0.003988155059892362,-0.0021067438199994237,-0.26322444190314787,0.9978932561800006,0.7367755580968521,-10.3989
2023-11-24,997188.0249700006,765571.0249700006,231617.0,10,731911.8116777908,3538.009,-0.000706720088178292,-0.006601394910038527,0.005894674821860235,-0.002811975029999414,-0.26808818832220915,0.9971880249700006,0.7319118116777908,-10.4622
2023-11-27,995553.0134100006,764410.0134100006,231143.0,10,726519.302728547,3511.942,-0.00163962213650648,-0.007367703134729231,0.005728080998222751,-0.004446986589999424,-0.27348069727145297,0.9955530134100006,0.726519302728547,-10.609
2023-11-28,995101.0134100006,764410.0134100006,230691.0,10,727880.7214339974,3518.523,-0.0004540190164779023,0.0018738919947995925,-0.0023279110112774948,-0.004898986589999432,-0.2721192785660026,0.9951010134100006,0.7278807214339974,-10.6496
2023-11-29,991206.0134100006,764410.0134100006,226796.0,10,721629.9042931546,3488.307,-0.003914175493252348,-0.008587694325147166,0.004673518831894818,-0.008793986589999414,-0.27837009570684546,0.9912060134100006,0.7216299042931545,-10.9993
2023-11-30,992334.6571700006,778821.6571700006,213513.0,9,723263.3584943756,3496.203,0.0011386570952260922,0.002263562238071337,-0.001124905142845245,-0.007665342829999422,-0.2767366415056244,0.9923346571700006,0.7232633584943756,-10.898
2023-12-01,992881.6571700006,778821.6571700006,214060.0,9,720507.4217075637,3482.881,0.0005512253311397153,-0.003810419475070548,0.004361644806210263,-0.007118342829999347,-0.27949257829243634,0.9928816571700007,0.7205074217075637,-10.8489
2023-12-04,992305.6571700006,778821.6571700006,213484.0,9,715802.5522928765,3460.138,-0.000580129561101761,-0.006529938863831353,0.005949809302729592,-0.007694342829999368,-0.2841974477071235,0.9923056571700006,0.7158025522928765,-10.9006
2023-12-05,988282.6571700006,778821.6571700006,209461.0,9,702173.6773903129,3394.257,-0.0040541943613153775,-0.019039992046559928,0.01498579768524455,-0.011717342829999366,-0.2978263226096871,0.9882826571700006,0.7021736773903129,-11.2618
2023-12-06,987410.6571700006,778821.6571700006,208589.0,9,703278.5759324508,3399.598,-0.0008823386646256148,0.0015735402475416382,-0.002455878912167253,-0.01258934282999935,-0.2967214240675492,0.9874106571700006,0.7032785759324508,-11.3401
2023-12-07,987230.9091700006,806100.9091700006,181130.0,8,701558.2358694627,3391.282,-0.0001820397609594293,-0.0024461715767569725,0.002264131815797543,-0.012769090829999441,-0.29844176413053725,0.9872309091700006,0.7015582358694628,-11.3563
2023-12-08,986852.9091700006,806100.9091700006,180752.0,8,703250.4414629262,3399.462,-0.00038288914628670234,0.0024120671769554125,-0.002794956323242115,-0.01314709082999943,-0.29674955853707374,0.9868529091700006,0.7032504414629263,-11.3902
2023-12-11,987313.9091700006,806100.9091700006,181213.0,8,707386.4153541385,3419.455,0.0004671415524202249,0.0058812247349726565,-0.005414083182552432,-0.012686090829999386,-0.2926135846458615,0.9873139091700006,0.7073864153541385,-11.3488
2023-12-12,988945.9091700006,806100.9091700006,182845.0,8,708906.5041928634,3426.803,0.001652969724058595,0.0021488804502471925,-0.0004959107261885976,-0.011054090829999419,-0.2910934958071366,0.9889459091700006,0.7089065041928634,-11.2023
2023-12-13,987509.9091700006,806100.9091700006,181409.0,8,697073.8910467844,3369.605,-0.0014520511048022877,-0.01669135926401355,0.015239308159211262,-0.012490090829999412,-0.3029261089532157,0.9875099091700006,0.6970738910467843,-11.3312
2023-12-14,986805.9091700006,806100.9091700006,180705.0,8,693424.4779814676,3351.964,-0.0007129042386944118,-0.005235331737696414,0.004522427499002002,-0.01319409082999945,-0.30657552201853233,0.9868059091700006,0.6934244779814677,-11.3944
2023-12-15,985890.9091700006,806100.9091700006,179790.0,8,691270.536094042,3341.552,-0.0009272340097452592,-0.0031062386111543328,0.0021790046014090736,-0.014109090829999449,-0.308729463905958,0.9858909091700006,0.691270536094042,-11.4766
2023-12-18,984654.9091700006,806100.9091700006,178554.0,8,688749.6048762001,3329.366,-0.0012536884035583284,-0.003646808429137116,0.0023931200255787877,-0.015345090829999464,-0.31125039512379993,0.9846549091700005,0.6887496048762001,-11.5876
2023-12-19,984035.9091700006,806100.9091700006,177935.0,8,689716.7272661075,3334.041,-0.0006286466397875667,0.0014041712446153376,-0.0020328178844029043,-0.01596409082999939,-0.31028327273389256,0.9840359091700006,0.6897167272661074,-11.6431
2023-12-20,983254.6870900006,832688.6870900006,150566.0,7,682157.8641634713,3297.502,-0.0007938959063586992,-0.010959373325043043,0.010165477418684343,-0.016745312909999366,-0.31784213583652876,0.9832546870900006,0.6821578641634712,-11.7133
2023-12-21,983254.7880900006,876054.7880900006,107200.0,5,689060.7390097659,3330.87,1.027200799974537e-07,0.010119175060393948,-0.01011907234031395,-0.016745211909999336,-0.31093926099023406,0.9832547880900007,0.6890607390097659,-11.7133
2023-12-22,983037.6445500006,722165.6445500006,260872.0,10,690376.02546004,3337.228,-0.00022084157903967672,0.0019088106110416447,-0.0021296521900813215,-0.016962355449999467,-0.30962397453996005,0.9830376445500005,0.69037602546004,-11.7328
2023-12-25,983642.6445500006,722165.6445500006,261477.0,10,692490.8687096705,3347.451,0.0006154393001673863,0.0030633208159587255,-0.002447881515791339,-0.0163573554499995,-0.30750913129032953,0.9836426445500005,0.6924908687096705,-11.6784
2023-12-26,982013.6445500006,722165.6445500006,259848.0,10,687802.9627251378,3324.79,-0.0016560892403615357,-0.006769628592024235,0.005113539351662699,-0.01798635544999949,-0.31219703727486214,0.9820136445500005,0.6878029627251379,-11.8247
2023-12-27,984062.6445500006,722165.6445500006,261897.0,10,690195.840732423,3336.357,0.0020865290532077196,0.0034790167198530675,-0.0013924876666453478,-0.015937355449999413,-0.309804159267577,0.9840626445500006,0.690195840732423,-11.6407
2023-12-28,988558.6445500006,722165.6445500006,266393.0,10,706369.6439003643,3414.54,0.004568814825865131,0.023433643342124277,-0.018864828516259147,-0.011441355449999469,-0.2936303560996357,0.9885586445500005,0.7063696439003643,-11.237
2023-12-29,990708.6445500006,722165.6445500006,268543.0,10,709797.4980181749,3431.11,0.0021748836165189633,0.004852776655127844,-0.0026778930386088806,-0.009291355449999483,-0.29020250198182507,0.9907086445500005,0.7097974980181749,-11.044
2024-01-02,990842.6445500006,722165.6445500006,268677.0,10,700538.3613491968,3386.352,0.00013525671824621277,-0.01304475811034922,0.013180014828595432,-0.009157355449999405,-0.2994616386508032,0.9908426445500006,0.7005383613491968,-11.032
2024-01-03,989487.6445500006,722165.6445500006,267322.0,10,698872.014643164,3378.297,-0.0013675228932191752,-0.002378665891791365,0.0010111429985721898,-0.0105123554499994,-0.30112798535683605,0.9894876445500006,0.698872014643164,-11.1536
2024-01-04,988455.6445500006,722165.6445500006,266290.0,10,692408.3271409918,3347.052,-0.001042964008377667,-0.009248742783716235,0.008205778775338568,-0.011544355449999433,-0.30759167285900824,0.9884556445500006,0.6924083271409918,-11.2463
2024-01-05,987331.6445500006,722165.6445500006,265166.0,10,688696.8527458415,3329.111,-0.0011371274029313705,-0.0053602393987306485,0.004223111995799278,-0.012668355449999447,-0.31130314725415853,0.9873316445500006,0.6886968527458415,-11.3472
2024-01-08,984127.6445500006,722165.6445500006,261962.0,10,679790.0175592189,3286.056,-0.003245110209609714,-0.012932882081732933,0.009687771872123219,-0.01587235544999943,-0.320209982440781,0.9841276445500006,0.679790017559219,-11.6349
2024-01-09,986148.7600700005,771975.7600700005,214173.0,8,681122.8880529457,3292.499,0.0020537127792239485,0.001960709129728677,9.300364949527129e-05,-0.013851239929999482,-0.31887711194705426,0.9861487600700005,0.6811228880529457,-11.4534
2024-01-10,985260.3180300005,801482.3180300005,183778.0,7,677943.2792544697,3277.129,-0.0009009209117060157,-0.004668186687376341,0.0037672657756703254,-0.014739681969999419,-0.3220567207455304,0.9852603180300006,0.6779432792544696,-11.5332
2024-01-11,985543.3180300005,801482.3180300005,184061.0,7,681779.2900514861,3295.672,0.0002872337338886144,0.005658306401731483,-0.005371072667842869,-0.014456681969999496,-0.3182207099485139,0.9855433180300005,0.6817792900514861,-11.5078
2024-01-12,986512.8012300006,827142.8012300006,159370.0,6,679399.2380523665,3284.167,0.0009837043002207668,-0.0034909420597680763,0.004474646359988843,-0.013487198769999487,-0.32060076194763343,0.9865128012300005,0.6793992380523666,-11.4207
2024-01-15,987235.8012300006,827142.8012300006,160093.0,6,678727.5275924673,3280.92,0.0007328845597325273,-0.0009886829750130888,0.001721567534745616,-0.012764198769999457,-0.32127247240753276,0.9872358012300005,0.6787275275924672,-11.3558
2024-01-16,989741.8012300006,827142.8012300006,162599.0,6,682855.8472530001,3300.876,0.002538400650460293,0.006082440291137914,-0.003544039640677621,-0.01025819876999945,-0.3171441527469999,0.9897418012300006,0.6828558472530001,-11.1308
2024-01-17,987026.8012300006,827142.8012300006,159884.0,6,668003.7435394156,3229.082,-0.0027431396720093426,-0.021749983943656126,0.019006844271646783,-0.012973198769999472,-0.3319962564605844,0.9870268012300005,0.6680037435394156,-11.3746
2024-01-18,986335.8012300006,827142.8012300006,159193.0,6,677446.7886158007,3274.729,-0.0007000823069230888,0.014136215803748575,-0.014836298110671664,-0.01366419876999947,-0.32255321138419935,0.9863358012300005,0.6774467886158007,-11.4366
2024-01-19,985580.0391100006,851811.0391100006,133769.0,5,676422.1560602474,3269.776,-0.0007662320672711109,-0.0015124915680045925,0.0007462595007334816,-0.014419960889999417,-0.32357784393975253,0.9855800391100006,0.6764221560602475,-11.5045
2024-01-22,975615.8012700005,693466.8012700005,282149.0,8,665897.7957470613,3218.902,-0.010110023990540618,-0.015558863971109838,0.00544883998056922,-0.02438419872999953,-0.3341022042529388,0.9756158012700005,0.6658977957470612,-12.3992
2024-01-23,979035.8012700005,693466.8012700005,285569.0,8,668593.5330439344,3231.933,0.0035054782789987193,0.00404827484651582,-0.0005427965675171009,-0.02096419872999944,-0.33140646695606557,0.9790358012700006,0.6685935330439344,-12.0921
2024-01-24,988266.8012700005,693466.8012700005,294800.0,8,677939.1418324807,3277.109,0.009428664394116826,0.013978012539245022,-0.004549348145128196,-0.01173319872999945,-0.3220608581675193,0.9882668012700005,0.6779391418324807,-11.2632
2024-01-25,994066.8012700005,693466.8012700005,300600.0,8,691553.3288869838,3342.919,0.005868860506643037,0.020081724471172624,-0.014212863964529587,-0.005933198729999534,-0.30844667111301616,0.9940668012700005,0.6915533288869838,-10.7425
2024-01-26,994112.8012700005,693466.8012700005,300646.0,8,689671.2156242294,3333.821,4.627455613781528e-05,-0.0027215735708822075,0.002767848127020023,-0.005887198729999432,-0.3103287843757706,0.9941128012700006,0.6896712156242294,-10.7383
2024-01-29,991571.8012700005,693466.8012700005,298105.0,8,683493.8377236897,3303.96,-0.0025560479623175647,-0.008956989592422637,0.0064009416301050726,-0.008428198729999448,-0.31650616227631023,0.9915718012700006,0.6834938377236898,-10.9665
2024-01-30,987496.8012700005,693466.8012700005,294030.0,8,671304.7856732663,3245.039,-0.004109636835961661,-0.017833448346832093,0.013723811510870432,-0.012503198729999498,-0.32869521432673376,0.9874968012700005,0.6713047856732662,-11.3324
2024-01-31,983491.8012700005,693466.8012700005,290025.0,8,665163.4033440299,3215.352,-0.00405570933986743,-0.009148426259284026,0.0050927169194165955,-0.016508198729999535,-0.3348365966559701,0.9834918012700005,0.6651634033440299,-11.692
2024-02-01,983351.1798300005,729783.1798300005,253568.0,7,665651.4122676217,3217.711,-0.00014298181217009542,0.000733667729069909,-0.0008766495412400044,-0.016648820169999468,-0.3343485877323783,0.9833511798300005,0.6656514122676217,-11.7046
2024-02-02,979137.1798300005,729783.1798300005,249354.0,7,657773.1401874418,3179.628,-0.004285345954156972,-0.011835432081998554,0.007550086127841582,-0.02086282016999952,-0.3422268598125582,0.9791371798300005,0.6577731401874418,-12.083
2024-02-05,977162.2171900005,834917.2171900005,142245.0,4,662074.8178293098,3200.422,-0.002017043863397072,0.006539758739072532,-0.008556802602469604,-0.022837782809999485,-0.3379251821706901,0.9771622171900005,0.6620748178293099,-12.2603
2024-02-06,983313.2171900005,834917.2171900005,148396.0,4,685093.3650646018,3311.692,0.00629475832343207,0.03476729006362289,-0.02847253174019082,-0.01668678280999958,-0.3149066349353983,0.9833132171900004,0.6850933650646017,-11.708
2024-02-07,984046.2171900005,834917.2171900005,149129.0,4,691700.4142386896,3343.63,0.0007454389783294602,0.009644012788628809,-0.008898573810299348,-0.015953782809999484,-0.30829958576131045,0.9840462171900005,0.6917004142386896,-11.6422
2024-02-08,985203.2171900005,834917.2171900005,150286.0,4,696106.768656877,3364.93,0.001175757784328324,0.006370322075109902,-0.005194564290781578,-0.01479678280999952,-0.30389323134312296,0.9852032171900005,0.696106768656877,-11.5383
2024-02-19,988532.2171900005,834917.2171900005,153615.0,4,704149.503261116,3403.808,0.003378998304019998,0.011553880764235691,-0.008174882460215693,-0.011467782809999494,-0.295850496738884,0.9885322171900005,0.704149503261116,-11.2394
2024-02-20,988777.2171900005,834917.2171900005,153860.0,4,705607.1170278084,3410.854,0.00024784220052676,0.0020700345025337352,-0.0018221923020069752,-0.011222782809999554,-0.29439288297219157,0.9887772171900004,0.7056071170278084,-11.2174
2024-02-21,989758.2171900005,834917.2171900005,154841.0,4,715126.7044109884,3456.871,0.0009921345101253642,0.013491342637357073,-0.012499208127231709,-0.010241782809999544,-0.28487329558901164,0.9897582171900005,0.7151267044109884,-11.1293
2024-02-22,991728.2171900005,834917.2171900005,156811.0,4,721292.2906588597,3486.675,0.0019903850918185917,0.008621669712291835,-0.006631284620473243,-0.008271782809999517,-0.2787077093411403,0.9917282171900005,0.7212922906588597,-10.9524
2024-02-23,993430.2171900005,834917.2171900005,158513.0,4,721926.7643208588,3489.742,0.0017161960005762644,0.0008796346089039453,0.0008365613916723191,-0.006569782809999536,-0.2780732356791412,0.9934302171900005,0.7219267643208588,-10.7996
2024-02-26,991168.2171900005,834917.2171900005,156251.0,4,714400.1731097361,3453.359,-0.002276959126931155,-0.010425699091795249,0.008148739964864093,-0.008831782809999522,-0.285599826890264,0.9911682171900005,0.714400173109736,-11.0027
2024-02-27,992798.8906500007,775056.8906500007,217742.0,9,722970.4290175608,3494.787,0.0016452035403466958,0.011996435933825378,-0.010351232393478682,-0.007201109349999291,-0.2770295709824392,0.9927988906500007,0.7229704290175608,-10.8563
2024-02-28,989771.8906500007,775056.8906500007,214715.0,9,713759.0795725547,3450.26,-0.003048955864584202,-0.01274097677483621,0.009692020910252008,-0.010228109349999293,-0.2862409204274453,0.9897718906500007,0.7137590795725547,-11.1281
2024-02-29,993897.8906500007,775056.8906500007,218841.0,9,727375.9559513505,3516.083,0.004168637277919052,0.019077692695622872,-0.01490905541770382,-0.0061021093499993295,-0.2726240440486495,0.9938978906500007,0.7273759559513505,-10.7576
2024-03-01,995530.8906500007,775056.8906500007,220474.0,9,731869.4031024046,3537.804,0.0016430259238522371,0.006177612985814207,-0.00453458706196197,-0.004469109349999334,-0.26813059689759544,0.9955308906500007,0.7318694031024046,-10.611
2024-03-04,996732.8906500007,775056.8906500007,221676.0,9,732503.4630222048,3540.869,0.001207395984684334,0.0008663566438389392,0.0003410393408453949,-0.0032671093499992976,-0.2674965369777952,0.9967328906500007,0.7325034630222048,-10.5031
2024-03-05,995994.8906500007,775056.8906500007,220938.0,9,737601.8012680371,3565.514,-0.0007404190299356017,0.0069601558261542795,-0.007700574856089881,-0.004005109349999314,-0.2623981987319629,0.9959948906500007,0.7376018012680371,-10.5693
2024-03-06,996685.8906500007,775056.8906500007,221629.0,9,734609.2039434597,3551.048,0.000693778659395683,-0.004057199046196391,0.004750977705592074,-0.003314109349999317,-0.26539079605654037,0.9966858906500007,0.7346092039434596,-10.5073
2024-03-07,996932.8906500007,775056.8906500007,221876.0,9,730197.0571344877,3529.72,0.0002478213069103674,-0.006006114251342232,0.006253935558252599,-0.0030671093499993196,-0.2698029428655123,0.9969328906500007,0.7301970571344877,-10.4851
2024-03-08,999319.1166100006,792247.1166100006,207072.0,8,733339.4291350637,3544.91,0.0023935672926229667,0.004303457498045171,-0.0019098902054222044,-0.0006808833899993871,-0.26666057086493633,0.9993191166100006,0.7333394291350637,-10.2708
2024-03-11,998361.1166100006,792247.1166100006,206114.0,8,742514.9898798659,3589.264,-0.0009586527307211545,0.012512024282704148,-0.013470677013425303,-0.0016388833899994015,-0.25748501012013414,0.9983611166100006,0.7425149898798659,-10.3569
2024-03-12,996269.1166100006,792247.1166100006,204022.0,8,744217.5390283017,3597.494,-0.002095434172259769,0.002292949195155325,-0.004388383367415094,-0.0037308833899993843,-0.2557824609716983,0.9962691166100006,0.7442175390283017,-10.5447
2024-03-13,995753.2053300006,825000.2053300006,170753.0,7,739018.2476859398,3572.361,-0.0005178432929402454,-0.006986252096598644,0.006468408803658399,-0.004246794669999443,-0.2609817523140602,0.9957532053300006,0.7390182476859398,-10.591
2024-03-14,995733.2053300006,825000.2053300006,170733.0,7,736920.9884797622,3562.223,-2.0085298137129115e-05,-0.0028378990813077154,0.0028178137831705863,-0.004266794669999352,-0.2630790115202378,0.9957332053300006,0.7369209884797622,-10.5928
2024-03-15,998475.4158100006,856278.4158100006,142197.0,6,738528.376922453,3569.993,0.0027539610663995795,0.002181222231174118,0.0005727388352254614,-0.001524584189999345,-0.2614716230775469,0.9984754158100007,0.7385283769224531,-10.3466
2024-03-18,999350.4158100006,856278.4158100006,143072.0,6,745465.7992423553,3603.528,0.0008763360480841254,0.009393575841745383,-0.008517239793661258,-0.0006495841899993859,-0.25453420075764477,0.9993504158100006,0.7454657992423552,-10.268
2024-03-19,999087.4158100006,856278.4158100006,142809.0,6,740108.2515089178,3577.63,-0.00026317095168948423,-0.007186845780024487,0.0069236748283350025,-0.0009125841899993992,-0.2598917484910822,0.9990874158100006,0.7401082515089178,-10.2917
2024-03-20,999265.4158100006,856278.4158100006,142987.0,6,741712.3300140176,3585.384,0.00017816258836145238,0.0021673566019964063,-0.001989194013634954,-0.0007345841899993877,-0.2582876699859824,0.9992654158100006,0.7417123300140176,-10.2757
2024-03-21,1000305.4158100006,856278.4158100006,144027.0,6,740824.0255129989,3581.09,0.0010407645291685697,-0.0011976401969776562,0.002238404726146226,0.0003054158100006532,-0.259175974487001,1.0003054158100007,0.740824025512999,-10.1823
2024-03-22,998998.4158100006,856278.4158100006,142720.0,6,733358.4612762126,3545.002,-0.0013066009434145043,-0.01007737867520786,0.008770777731793356,-0.001001584189999405,-0.2666415387237874,0.9989984158100006,0.7333584612762126,-10.2996
2024-03-25,998939.4158100006,856278.4158100006,142661.0,6,729378.4681939823,3525.763,-5.905915271364748e-05,-0.005427077333101549,0.005368018180387901,-0.0010605841899994362,-0.2706215318060178,0.9989394158100006,0.7293784681939822,-10.3049
2024-03-26,1000045.7360700005,702010.7360700005,298035.0,8,733098.8380464086,3543.747,0.0011074948515299443,0.0051007398965838835,-0.003993245045053939,4.573607000035729e-05,-0.26690116195359137,1.0000457360700004,0.7330988380464086,-10.2056
2024-03-27,996237.7360700005,702010.7360700005,294227.0,8,724625.3978131242,3502.787,-0.003807825845010604,-0.011558387209922083,0.007750561364911479,-0.0037622639299995653,-0.2753746021868758,0.9962377360700004,0.7246253978131242,-10.5475
2024-03-28,999475.8276700005,736074.8276700005,263401.0,7,728385.9006588431,3520.965,0.0032503201623077516,0.005189581895787665,-0.0019392617334799134,-0.0005241723299994616,-0.2716140993411569,0.9994758276700005,0.7283859006588431,-10.2568
2024-03-29,1001585.8276700005,736074.8276700005,265511.0,7,731803.204350582,3537.484,0.0021111065836567633,0.004691611532633866,-0.0025805049489771026,0.0015858276700004836,-0.268196795649418,1.0015858276700005,0.731803204350582,-10.0673
2024-04-01,1008175.8276700005,736074.8276700005,272101.0,7,743835.4481076259,3595.647,0.006579565942272048,0.016441911822074662,-0.009862345879802614,0.00817582767000058,-0.2561645518923741,1.0081758276700006,0.7438354481076259,-9.4756
2024-04-02,1003534.8276700005,736074.8276700005,267460.0,7,740738.3808778285,3580.676,-0.004603363691753848,-0.004163645652646264,-0.0004397180391075839,0.003534827670000462,-0.2592616191221715,1.0035348276700005,0.7407383808778285,-9.8923
2024-04-03,1003043.3220700005,769609.3220700005,233434.0,6,738075.3292146677,3567.803,-0.0004897743321387038,-0.003595131198689705,0.003105356866551001,0.003043322070000354,-0.2619246707853323,1.0030433220700004,0.7380753292146677,-9.9365
2024-04-08,1002144.3220700005,769609.3220700005,232535.0,6,731580.6110475786,3536.408,-0.0008962723545625773,-0.008799532933853271,0.007903260579290694,0.0021443220700003707,-0.26841938895242134,1.0021443220700004,0.7315806110475787,-10.0172
2024-04-09,1000664.3220700005,769609.3220700005,231055.0,6,730976.3405660986,3533.487,-0.0014768331939883916,-0.0008259793553232475,-0.0006508538386651441,0.0006643220700004449,-0.2690236594339014,1.0006643220700004,0.7309763405660986,-10.1501
2024-04-10,1000177.3220700005,769609.3220700005,230568.0,6,725023.0040662583,3504.709,-0.0004866766899339625,-0.008144362778184755,0.0076576860882507924,0.00017732207000054068,-0.2749769959337417,1.0001773220700005,0.7250230040662583,-10.1938
2024-04-11,1003029.3220700005,769609.3220700005,233420.0,6,724927.0158761156,3504.245,0.002851494367116292,-0.00013239330283909556,0.0029838876699553873,0.0030293220700003953,-0.27507298412388437,1.0030293220700004,0.7249270158761156,-9.9377
2024-04-12,1001881.3220700005,769609.3220700005,232272.0,6,719050.635425269,3475.839,-0.0011445328414037004,-0.008106168375784262,0.006961635534380561,0.0018813220700004685,-0.28094936457473096,1.0018813220700005,0.719050635425269,-10.0408
2024-04-15,1007535.4873500004,810150.4873500004,197385.0,5,734201.2541353533,3549.076,0.00564354794869093,0.021070308492424417,-0.015426760543733486,0.007535487350000425,-0.2657987458646467,1.0075354873500004,0.7342012541353533,-9.5331
2024-04-16,1004982.4873500004,810150.4873500004,194832.0,5,726348.2203293057,3511.115,-0.0025339057850110036,-0.010696023415671996,0.008162117630660992,0.0049824873500003974,-0.2736517796706942,1.0049824873500004,0.7263482203293058,-9.7623
2024-04-17,1010149.4873500004,810150.4873500004,199999.0,5,737578.8385759986,3565.403,0.0051413831236251095,0.015461755026537016,-0.010320371902911907,0.010149487350000319,-0.2624211614240014,1.0101494873500003,0.7375788385759986,-9.2984
2024-04-18,1009932.4873500004,810150.4873500004,199782.0,5,738488.8645424591,3569.802,-0.00021481969027103975,0.0012338016207427138,-0.0014486213110137536,0.009932487350000407,-0.2615111354575409,1.0099324873500004,0.7384888645424591,-9.3179
2024-04-19,1009761.4873500004,810150.4873500004,199611.0,5,732667.5118040649,3541.662,-0.00016931824863730682,-0.007882790137940687,0.0077134718893033805,0.009761487350000486,-0.26733248819593514,1.0097614873500005,0.7326675118040649,-9.3332
2024-04-22,1005051.4873500004,810150.4873500004,194901.0,5,730442.1993873306,3530.905,-0.00466446785602892,-0.003037274590291128,-0.0016271932657377919,0.005051487350000494,-0.26955780061266943,1.0050514873500005,0.7304421993873306,-9.7561
2024-04-23,1005137.1773100004,928889.1773100004,76248.0,2,725336.6206530177,3506.225,8.525927385671928e-05,-0.006989709437098868,0.007074968710955587,0.005137177310000407,-0.2746633793469824,1.0051371773100004,0.7253366206530176,-9.7484
2024-04-24,1005017.1773100004,928889.1773100004,76128.0,2,728521.8149711788,3521.622,-0.00011938668940802977,0.004391332558520977,-0.004510719247929007,0.005017177310000509,-0.27147818502882126,1.0050171773100005,0.7285218149711787,-9.7592
2024-04-25,1008251.0735800004,738065.0735800004,270186.0,8,730313.1118212766,3530.281,0.0032177522364900124,0.0024588101732667678,0.0007589420632232446,0.008251073580000323,-0.26968688817872344,1.0082510735800003,0.7303131118212766,-9.4688
2024-04-26,1016951.0735800004,738065.0735800004,278886.0,8,741481.668738136,3584.269,0.00862880311062697,0.015292833629957592,-0.0066640305193306215,0.016951073580000475,-0.2585183312618641,1.0169510735800005,0.7414816687381359,-8.6877
2024-04-29,1023301.0735800004,738065.0735800004,285236.0,8,749682.6597334507,3623.912,0.006244154871331231,0.011060274772903389,-0.004816119901572158,0.02330107358000033,-0.2503173402665493,1.0233010735800003,0.7496826597334507,-8.1175
2024-04-30,1020169.3055000005,768000.3055000005,252169.0,7,745644.949614475,3604.394,-0.003060456165694725,-0.005385892372662515,0.0023254362069677903,0.02016930550000051,-0.254355050385525,1.0201693055000005,0.745644949614475,-8.3987
2024-05-06,1023225.3055000005,768000.3055000005,255225.0,7,756709.0366261144,3657.877,0.00299558120747645,0.014838277946306544,-0.011842696738830094,0.02322530550000046,-0.24329096337388556,1.0232253055000005,0.7567090366261144,-8.1243
2024-05-07,1018185.4653000005,809863.4653000005,208322.0,6,756943.0078395872,3659.008,-0.004925445229813974,0.0003091957438701165,-0.00523464097368409,0.018185465300000425,-0.24305699216041288,1.0181854653000004,0.7569430078395871,-8.5768
2024-05-08,1017489.3789400005,838902.3789400005,178587.0,5,750988.2232420509,3630.223,-0.0006836537975867252,-0.007866886325473832,0.007183232527887107,0.017489378940000577,-0.24901177675794917,1.0174893789400006,0.7509882232420508,-8.6393
2024-05-09,1020287.5871000006,876757.5871000006,143530.0,4,758091.7630548077,3664.561,0.002750110436450015,0.009458923046876233,-0.006708812610426218,0.02028758710000056,-0.24190823694519237,1.0202875871000006,0.7580917630548076,-8.3881
2024-05-10,1020416.5871000006,876757.5871000006,143659.0,4,758446.753861456,3666.277,0.00012643494013953038,0.00046826891406626103,-0.00034183397392673065,0.020416587100000605,-0.241553246138544,1.0204165871000006,0.758446753861456,-8.3765
2024-05-13,1020146.5871000006,876757.5871000006,143389.0,4,758118.6562977354,3664.691,-0.0002645978156503581,-0.0004325914272164111,0.00016799361156605297,0.020146587100000612,-0.24188134370226455,1.0201465871000006,0.7581186562977354,-8.4007
2024-05-14,1018401.5871000006,876757.5871000006,141644.0,4,756536.9198713758,3657.045,-0.0017105384873761231,-0.0020863969158654294,0.0003758584284893063,0.018401587100000505,-0.24346308012862417,1.0184015871000005,0.7565369198713758,-8.5574
2024-05-15,1016826.3189000005,913924.3189000005,102902.0,3,750126.1913706617,3626.056,-0.0015468045415029108,-0.008473781427354554,0.006926976885851643,0.016826318900000636,-0.24987380862933828,1.0168263189000006,0.7501261913706617,-8.6989
2024-05-16,1018061.4961000006,943931.4961000006,74130.0,2,753085.0687060296,3640.359,0.0012147376371376417,0.003944506096982492,-0.00272976845984485,0.018061496100000518,-0.24691493129397046,1.0180614961000005,0.7530850687060295,-8.588
2024-05-17,1019706.4961000006,943931.4961000006,75775.0,2,760865.6976272712,3677.97,0.001615815946582444,0.01033167333221785,-0.008715857385635406,0.019706496100000637,-0.2391343023727288,1.0197064961000006,0.7608656976272712,-8.4403
2024-05-20,1018180.4961000006,943931.4961000006,74249.0,2,763553.3669512662,3690.962,-0.0014965090502379041,0.003532383352773616,-0.00502889240301152,0.0181804961000005,-0.2364466330487338,1.0181804961000005,0.7635533669512662,-8.5773
2024-05-21,1019006.4961000006,943931.4961000006,75075.0,2,760491.4678083746,3676.161,0.0008112510533877515,-0.0040100656685166935,0.004821316721904445,0.01900649610000049,-0.2395085321916255,1.0190064961000005,0.7604914678083745,-8.5031
2024-05-22,1019811.4961000006,943931.4961000006,75880.0,2,762206.429222777,3684.451,0.0007899851503212485,0.002255069894925521,-0.0014650847446042725,0.01981149610000066,-0.23779357077722296,1.0198114961000007,0.762206429222777,-8.4308
2024-05-23,1018558.4961000006,943931.4961000006,74627.0,2,753381.5149915349,3641.792,-0.0012286584381444587,-0.011578115708418935,0.010349457270274476,0.018558496100000488,-0.24661848500846517,1.0185584961000005,0.7533815149915348,-8.5433
2024-05-24,1017627.4961000006,943931.4961000006,73696.0,2,745041.0928751938,3601.475,-0.0009140368506715957,-0.011070648735567623,0.010156611884896027,0.017627496100000473,-0.2549589071248062,1.0176274961000005,0.7450410928751938,-8.6269
2024-05-27,1018558.4961000006,943931.4961000006,74627.0,2,752122.911222509,3635.708,0.0009148730783787862,0.009505272145440502,-0.008590399067061716,0.018558496100000488,-0.24787708877749104,1.0185584961000005,0.752122911222509,-8.5433
2024-05-28,1015518.2329800007,739129.2329800007,276389.0,8,746633.3797276252,3609.172,-0.002984868450502276,-0.007298715958487523,0.004313847507985247,0.015518232980000768,-0.2533666202723748,1.0155182329800008,0.7466333797276252,-8.8163
2024-05-29,1014374.2329800007,739129.2329800007,275245.0,8,747533.2690102127,3613.522,-0.0011265184246302962,0.0012052625920848659,-0.002331781016715162,0.014374232980000734,-0.2524667309897872,1.0143742329800007,0.7475332690102128,-8.919
2024-05-30,1011955.2329800007,739129.2329800007,272826.0,8,743559.2751898663,3594.312,-0.0023847214581679266,-0.005316143086993685,0.002931421628825759,0.011955232980000563,-0.2564407248101337,1.0119552329800006,0.7435592751898663,-9.1362
2024-05-31,1011409.2329800007,739129.2329800007,272280.0,8,740583.0206821451,3579.925,-0.0005395495593141231,-0.0040027131757064405,0.0034631636163923174,0.011409232980000628,-0.2594169793178549,1.0114092329800006,0.7405830206821451,-9.1853
2024-06-03,1011660.2329800007,739129.2329800007,272531.0,8,742408.2443925521,3588.748,0.00024816858677523257,0.002464576771859628,-0.0022164081850843953,0.011660232980000629,-0.25759175560744796,1.0116602329800006,0.742408244392552,-9.1627
2024-06-04,1012147.2329800007,739129.2329800007,273018.0,8,747977.835002921,3615.671,0.00048138691640131626,0.007502059213965406,-0.00702067229756409,0.012147232980000755,-0.25202216499707897,1.0121472329800008,0.747977835002921,-9.119
2024-06-05,1009651.2329800007,739129.2329800007,270522.0,8,743658.9870597989,3594.794,-0.0024660443843246282,-0.00577403198465809,0.003307987600333462,0.009651232980000701,-0.25634101294020106,1.0096512329800007,0.7436589870597989,-9.3431
2024-06-06,1010902.2329800007,739129.2329800007,271773.0,8,743131.6726273126,3592.245,0.0012390417196912473,-0.0007090809654182184,0.0019481226851094657,0.010902232980000592,-0.2568683273726874,1.0109022329800006,0.7431316726273126,-9.2308
2024-06-07,1013317.2329800007,739129.2329800007,274188.0,8,739380.8927232677,3574.114,0.0023889550554072603,-0.005047261531437863,0.0074362165868451235,0.013317232980000648,-0.2606191072767323,1.0133172329800006,0.7393808927232677,-9.014
2024-06-11,1008178.2329800007,739129.2329800007,269049.0,8,732918.8601898912,3542.877,-0.005071462156907236,-0.008739788378322455,0.003668326221415219,0.008178232980000644,-0.26708113981010884,1.0081782329800006,0.7329188601898912,-9.4754
2024-06-12,1007768.2329800007,739129.2329800007,268639.0,8,733176.6215798002,3544.123,-0.00040667412426487193,0.00035169157721259836,-0.0007583657014774703,0.007768232980000622,-0.2668233784201999,1.0077682329800006,0.7331766215798001,-9.5122
2024-06-13,1006086.2329800007,739129.2329800007,266957.0,8,729454.5967585782,3526.131,-0.001669034550758064,-0.005076573245341609,0.003407538694583545,0.006086232980000661,-0.27054540324142184,1.0060862329800007,0.7294545967585782,-9.6632
2024-06-14,1007061.0313800006,772264.0313800006,234797.0,7,732640.8254322365,3541.533,0.0009689014401008667,0.004367960237438684,-0.0033990587973378172,0.007061031380000582,-0.2673591745677635,1.0070610313800006,0.7326408254322365,-9.5757
2024-06-17,1005126.0313800006,772264.0313800006,232862.0,7,731537.3749877946,3536.199,-0.0019214327033868495,-0.0015061274312566653,-0.0004153052721301842,0.005126031380000562,-0.2684626250122054,1.0051260313800006,0.7315373749877946,-9.7494
2024-06-18,1006249.0313800006,772264.0313800006,233985.0,7,733480.1014826866,3545.59,0.0011172728244419616,0.0026556763349574464,-0.0015384035105154847,0.006249031380000547,-0.2665198985173134,1.0062490313800005,0.7334801014826866,-9.6486
2024-06-19,1007001.0313800006,772264.0313800006,234737.0,7,729996.1852969262,3528.749,0.0007473299119291621,-0.0047498441726201435,0.0054971740845493056,0.007001031380000633,-0.2700038147030738,1.0070010313800006,0.7299961852969262,-9.5811
2024-06-20,1006406.7384600006,800259.7384600006,206147.0,6,724727.7990073498,3503.282,-0.0005901611830383402,-0.007217005233299267,0.006626844050260927,0.006406738460000616,-0.27527220099265026,1.0064067384600006,0.7247277990073497,-9.6344
2024-06-21,1006973.7384600006,800259.7384600006,206714.0,6,723142.7526433989,3495.62,0.0005633905043875842,-0.0021870919897398755,0.0027504824941274597,0.0069737384600006,-0.2768572473566011,1.0069737384600006,0.7231427526433989,-9.5835
2024-06-24,1007170.7384600006,800259.7384600006,206911.0,6,719251.5072628306,3476.81,0.0001956356878793919,-0.005381019676051646,0.005576655363931038,0.007170738460000603,-0.2807484927371694,1.0071707384600006,0.7192515072628306,-9.5658
2024-06-25,1007481.7384600006,800259.7384600006,207222.0,6,715339.9885145166,3457.902,0.00030878577794624107,-0.005438318458586999,0.00574710423653324,0.007481738460000553,-0.28466001148548337,1.0074817384600006,0.7153399885145166,-9.5379
2024-06-26,1007797.4079600006,796489.4079600006,211308.0,12,719966.2469114145,3480.265,0.00031332528218563915,0.006467216248465135,-0.006153890966279496,0.007797407960000502,-0.28003375308858547,1.0077974079600005,0.7199662469114145,-9.5096
2024-06-27,1008630.4079600006,796489.4079600006,212141.0,12,714557.1882742151,3454.118,0.0008265550133594868,-0.007512933641547481,0.008339488654906968,0.008630407960000586,-0.2854428117257849,1.0086304079600006,0.7145571882742151,-9.4348
2024-06-28,1010658.4079600006,796489.4079600006,214169.0,12,716116.7894929341,3461.657,0.002010647293592571,0.0021826121748012017,-0.00017196488120863052,0.010658407960000504,-0.2838832105070659,1.0106584079600005,0.7161167894929341,-9.2527
2024-07-01,1013038.4079600006,796489.4079600006,216549.0,12,719535.5412823692,3478.183,0.002354900509662805,0.004774014294310458,-0.002419113784647653,0.013038407960000553,-0.2804644587176308,1.0130384079600006,0.7195355412823692,-9.039
2024-07-02,1015049.4079600006,796489.4079600006,218560.0,12,718212.1868592169,3471.786,0.0019851172316849297,-0.0018391786746124739,0.0038242959062974036,0.015049407960000538,-0.28178781314078316,1.0150494079600005,0.7182121868592168,-8.8584
2024-07-03,1013960.9933200006,819385.9933200006,194575.0,11,716480.2620146597,3463.414,-0.0010722774984790462,-0.0024114389538988368,0.0013391614554197906,0.01396099332000067,-0.28351973798534025,1.0139609933200007,0.7164802620146598,-8.9561
2024-07-04,1013760.9933200006,819385.9933200006,194375.0,11,712839.123793321,3445.813,-0.00019724624647066147,-0.005081979803742698,0.004884733557272036,0.013760993320000692,-0.28716087620667907,1.0137609933200007,0.7128391237933209,-8.9741
2024-07-05,1010667.9933200006,819385.9933200006,191282.0,11,709787.3613343021,3431.061,-0.0030510150029254834,-0.004281137716991679,0.0012301227140661952,0.01066799332000068,-0.2902126386656979,1.0106679933200007,0.7097873613343021,-9.2518
2024-07-08,1011131.1874800005,830759.1874800005,180372.0,10,703725.8312494518,3401.76,0.0004583049656874394,-0.008539923947723516,0.008998228913410955,0.011131187480000637,-0.29627416875054813,1.0111311874800006,0.7037258312494519,-9.2102
2024-07-09,1013004.1874800005,830759.1874800005,182245.0,10,711597.4834544495,3439.811,0.0018523808020085575,0.011185680353699157,-0.0093332995516906,0.01300418748000065,-0.2884025165455506,1.0130041874800007,0.7115974834544494,-9.0421
2024-07-10,1012705.1874800005,830759.1874800005,181946.0,10,709353.9663809639,3428.966,-0.0002951616624051745,-0.0031527894991904004,0.002857627836785226,0.012705187480000601,-0.29064603361903607,1.0127051874800006,0.7093539663809639,-9.0689
2024-07-11,1011831.1874800005,830759.1874800005,181072.0,10,717463.9340925226,3468.169,-0.0008630349787925873,0.011432892597943445,-0.012295927576736032,0.01183118748000056,-0.2825360659074774,1.0118311874800006,0.7174639340925226,-9.1474
2024-07-12,1012074.7002800006,843467.7002800006,168607.0,9,718339.4125853757,3472.401,0.00024066544203527052,0.001220240420810148,-0.0009795749787748775,0.012074700280000572,-0.2816605874146243,1.0120747002800006,0.7183394125853757,-9.1255
2024-07-15,1013327.6820400006,868472.6820400006,144855.0,8,719135.0388338427,3476.247,0.0012380328839889376,0.0011075909723559096,0.00013044191163302798,0.013327682040000566,-0.2808649611661572,1.0133276820400006,0.7191350388338428,-9.013
2024-07-16,1013695.6820400006,868472.6820400006,145223.0,8,723693.650381222,3498.283,0.0003631599200557556,0.006339020213465885,-0.005975860293410129,0.01369568204000049,-0.276306349618778,1.0136956820400005,0.723693650381222,-8.98
2024-07-17,1011854.6820400006,868472.6820400006,143382.0,8,724376.5318804913,3501.584,-0.0018161269033869498,0.0009436057631699857,-0.0027597326665569355,0.011854682040000508,-0.27562346811950866,1.0118546820400005,0.7243765318804913,-9.1453
2024-07-18,1012551.2032400005,894083.2032400005,118468.0,7,728378.867041462,3520.931,0.0006883609003969227,0.005525213731842671,-0.004836852831445748,0.012551203240000586,-0.27162113295853807,1.0125512032400006,0.7283788670414619,-9.0827
2024-07-19,1012527.2032400005,894083.2032400005,118444.0,7,732120.1308749324,3539.016,-2.3702505041911515e-05,0.005136425564715719,-0.00516012806975763,0.012527203240000562,-0.26787986912506756,1.0125272032400006,0.7321201308749324,-9.0849
2024-07-22,1011560.2032400005,894083.2032400005,117477.0,7,727136.3992181928,3514.925,-0.0009550360690613324,-0.006807259419002287,0.005852223349940955,0.011560203240000622,-0.27286360078180716,1.0115602032400006,0.7271363992181928,-9.1717
2024-07-23,1011586.2032400005,894083.2032400005,117503.0,7,711611.3438181123,3439.878,2.5702869603572154e-05,-0.021350953434283948,0.02137665630388752,0.011586203240000481,-0.2883886561818877,1.0115862032400005,0.7116113438181123,-9.1694
2024-07-24,1010338.8400000007,790964.8400000007,219374.0,9,707119.7585069534,3418.166,-0.0012330765643152608,-0.006311851757533238,0.005078775193217977,0.010338840000000626,-0.2928802414930466,1.0103388400000006,0.7071197585069534,-9.2814
2024-07-25,1009430.8400000007,790964.8400000007,218466.0,9,703211.1359540316,3399.272,-0.0008987083976698118,-0.0055275255795066425,0.004628817181836831,0.009430840000000718,-0.2967888640459684,1.0094308400000007,0.7032111359540316,-9.3629
2024-07-26,1009437.8400000007,790964.8400000007,218473.0,9,705284.1912415741,3409.293,6.9346008886306265e-06,0.002947984156607575,-0.0029410495557189442,0.009437840000000586,-0.29471580875842585,1.0094378400000006,0.7052841912415742,-9.3623
2024-07-29,1008734.2577200007,807779.2577200007,200955.0,8,701446.5254757622,3390.742,-0.0006970040671350208,-0.005441304106159173,0.004744300039024152,0.008734257720000693,-0.29855347452423775,1.0087342577200007,0.7014465254757623,-9.4255
2024-07-30,1007148.2577200007,807779.2577200007,199369.0,8,697027.758791608,3369.382,-0.0015722674112256252,-0.006299506125797771,0.004727238714572146,0.007148257720000606,-0.30297224120839195,1.0071482577200006,0.697027758791608,-9.5679
2024-07-31,1014194.2577200007,807779.2577200007,206415.0,8,712067.7014634889,3442.084,0.006995990854366196,0.021577250664958525,-0.014581259810592329,0.014194257720000714,-0.28793229853651114,1.0141942577200007,0.7120677014634889,-8.9352
2024-08-01,1013249.2577200007,807779.2577200007,205470.0,8,707347.5235874428,3419.267,-0.0009317741574720317,-0.006628832997683798,0.005697058840211766,0.01324925772000074,-0.2926524764125572,1.0132492577200007,0.7073475235874428,-9.0201
2024-08-02,1011117.2577200007,807779.2577200007,203338.0,8,700132.8939942837,3384.392,-0.002104121946062354,-0.010199554465913363,0.008095432519851009,0.011117257720000717,-0.2998671060057162,1.0111172577200007,0.7001328939942838,-9.2115
2024-08-05,1008362.6447600008,844246.6447600008,164116.0,6,691636.4910689609,3343.321,-0.002724325926561133,-0.012135414573725578,0.009411088647164445,0.008362644760000704,-0.30836350893103914,1.0083626447600007,0.6916364910689609,-9.4588
2024-08-06,1007704.0846000008,876538.0846000008,131166.0,5,691565.7411529506,3342.979,-0.0006530985290086333,-0.00010229349799195653,-0.0005508050310166768,0.007704084600000716,-0.30843425884704945,1.0077040846000007,0.6915657411529506,-9.518
2024-08-07,1007854.0846000008,876538.0846000008,131316.0,5,691257.5032147769,3341.489,0.00014885322218338715,-0.00044571024825468264,0.0005945634704380698,0.00785408460000081,-0.30874249678522314,1.0078540846000008,0.6912575032147769,-9.5045
2024-08-08,1008601.0846000008,876538.0846000008,132063.0,5,691557.0525667738,3342.937,0.0007411787196323072,0.0004333397476394829,0.0003078389719928243,0.008601084600000863,-0.3084429474332262,1.0086010846000009,0.6915570525667738,-9.4374
2024-08-09,1008452.0846000008,876538.0846000008,131914.0,5,689217.3404320462,3331.627,-0.00014772936721463292,-0.0033832525111898715,0.0032355231439752385,0.008452084600000687,-0.3107826595679538,1.0084520846000007,0.6892173404320462,-9.4508
2024-08-12,1008593.0846000008,876538.0846000008,132055.0,5,688025.3491570416,3325.865,0.00013981824436992696,-0.0017294853235372276,0.0018693035679071546,0.008593084600000855,-0.3119746508429584,1.0085930846000009,0.6880253491570416,-9.4381
2024-08-13,1009183.0846000008,876538.0846000008,132645.0,5,689788.9252798138,3334.39,0.0005849732751577186,0.002563242945819999,-0.0019782696706622804,0.009183084600000724,-0.31021107472018616,1.0091830846000007,0.6897889252798138,-9.3852
2024-08-14,1008457.0846000008,876538.0846000008,131919.0,5,684585.9102576622,3309.239,-0.0007193937463664257,-0.00754290889787923,0.0068235151515128045,0.00845708460000072,-0.31541408974233787,1.0084570846000007,0.6845859102576621,-9.4503
2024-08-15,1009559.0846000008,876538.0846000008,133021.0,5,691353.4914049195,3341.953,0.0010927584493465314,0.0098856564908123,-0.008792898041465769,0.009559084600000656,-0.30864650859508047,1.0095590846000007,0.6913534914049195,-9.3514
2024-08-16,1010417.0846000008,876538.0846000008,133879.0,5,692114.9839219782,3345.634,0.0008498759637629583,0.0011014517559044812,-0.0002515757921415229,0.010417084600000681,-0.3078850160780219,1.0104170846000007,0.6921149839219781,-9.2744
2024-08-19,1011795.0846000008,876538.0846000008,135257.0,5,694459.6609630926,3356.968,0.0013637932503343109,0.0033876987142049675,-0.0020239054638706566,0.011795084600000783,-0.30554033903690747,1.0117950846000008,0.6944596609630925,-9.1506
2024-08-20,1010780.0846000008,876538.0846000008,134242.0,5,689439.9337350494,3332.703,-0.0010031675538345608,-0.007228248824534544,0.006225081270699984,0.010780084600000794,-0.3105600662649506,1.0107800846000008,0.6894399337350494,-9.2418
2024-08-21,1010106.7200300009,727115.7200300009,282991.0,9,687150.2844063876,3321.635,-0.0006661830602512353,-0.0033210280063958875,0.002654844946144652,0.010106720030000904,-0.3128497155936124,1.010106720030001,0.6871502844063876,-9.3022
2024-08-22,1012385.7200300009,727115.7200300009,285270.0,9,685392.0869322009,3313.136,0.002256197246101266,-0.0025586796863593664,0.004814876932460632,0.012385720030000824,-0.3146079130677991,1.0123857200300008,0.6853920869322009,-9.0976
2024-08-23,1013028.7200300009,727115.7200300009,285913.0,9,688299.6602349062,3327.191,0.0006351334153360533,0.004242204364686364,-0.0036070709493503106,0.013028720030000995,-0.3117003397650937,1.013028720030001,0.6882996602349063,-9.0399
2024-08-26,1013864.7200300009,727115.7200300009,286749.0,9,687685.6668117522,3324.223,0.0008252480738899504,-0.0008920437690531635,0.0017172918429431139,0.013864720030000832,-0.31231433318824775,1.0138647200300008,0.6876856668117522,-8.9648
2024-08-27,1013603.7200300009,727115.7200300009,286488.0,9,683778.0786143277,3305.334,-0.0002574307941125564,-0.005682230103094765,0.005424799308982209,0.013603720030000988,-0.3162219213856723,1.013603720030001,0.6837780786143277,-8.9882
2024-08-28,1012068.7200300009,727115.7200300009,284953.0,9,679881.0408429749,3286.496,-0.0015143985461641973,-0.005699272751255924,0.0041848742050917265,0.012068720030000923,-0.32011895915702504,1.012068720030001,0.679881040842975,-9.1261
2024-08-29,1008229.064430001,756903.064430001,251326.0,8,678057.4721013636,3277.681,-0.003793868463681127,-0.0026821879594558506,-0.0011116805042252764,0.008229064430000932,-0.3219425278986364,1.008229064430001,0.6780574721013636,-9.4708
2024-08-30,1007082.0627100009,789775.0627100009,217307.0,7,687108.2895732,3321.432,-0.0011376400070836068,0.01334815682185031,-0.014485796828933917,0.0070820627100010025,-0.3128917104268,1.007082062710001,0.6871082895732,-9.5738
2024-09-02,1008123.0627100009,789775.0627100009,218348.0,7,675436.4152713901,3265.011,0.0010336794175429542,-0.016986950207019014,0.018020629624561968,0.00812306271000085,-0.3245635847286099,1.0081230627100009,0.6754364152713901,-9.4803
2024-09-03,1007770.0627100009,789775.0627100009,217995.0,7,677177.6493154222,3273.428,-0.0003501556635864267,0.0025779392473714857,-0.0029280949109579124,0.007770062710000802,-0.3228223506845779,1.0077700627100008,0.6771776493154221,-9.512
2024-09-04,1007610.0627100009,789775.0627100009,217835.0,7,672778.9491279143,3252.165,-0.0001587663753076507,-0.00649563698972444,0.00633687061441679,0.007610062710000864,-0.32722105087208575,1.0076100627100009,0.6727789491279142,-9.5264
2024-09-05,1007682.1487100009,819902.1487100009,187780.0,6,673935.9791871124,3257.758,7.154156421007585e-05,0.0017197774405663946,-0.0016482358763563187,0.007682148710000947,-0.32606402081288755,1.007682148710001,0.6739359791871125,-9.5199
2024-09-06,1006570.1487100009,819902.1487100009,186668.0,6,668472.09970856,3231.346,-0.001103522575470417,-0.008107416204641282,0.007003893629170865,0.006570148710000945,-0.33152790029143997,1.006570148710001,0.66847209970856,-9.6198
2024-09-09,1006453.1487100009,819902.1487100009,186551.0,6,660529.4907164526,3192.952,-0.00011623631015678093,-0.011881735970088014,0.011765499659931233,0.0064531487100008,-0.3394705092835474,1.0064531487100008,0.6605294907164526,-9.6303
2024-09-10,1008109.1487100009,819902.1487100009,188207.0,6,661109.3504081981,3195.755,0.0016453821045943062,0.0008778710109014209,0.0007675110936928853,0.008109148710000902,-0.33889064959180193,1.008109148710001,0.6611093504081981,-9.4816
2024-09-11,1004402.1487100009,819902.1487100009,184500.0,6,659118.216076036,3186.13,-0.0036771811908894447,-0.003011807851352688,-0.0006653733395367567,0.004402148710000997,-0.34088178392396407,1.004402148710001,0.6591182160760359,-9.8144
2024-09-12,1003021.9045900009,846518.9045900009,156503.0,5,656293.3912131087,3172.475,-0.0013741947105277985,-0.0042857636066326865,0.002911568896104888,0.0030219045900008457,-0.3437066087868913,1.0030219045900008,0.6562933912131087,-9.9384
2024-09-13,1003419.9045900009,846518.9045900009,156901.0,5,653556.9003096446,3159.247,0.0003968009055221877,-0.00416961520579362,0.0045664161113158075,0.003419904590000966,-0.34644309969035536,1.003419904590001,0.6535569003096446,-9.9026
2024-09-18,1005208.9045900009,846518.9045900009,158690.0,5,655990.3250524212,3171.01,0.0017829026430673522,0.0037233555970774823,-0.00194045295401013,0.005208904590000785,-0.34400967494757884,1.0052089045900008,0.6559903250524212,-9.742
2024-09-19,1006046.9045900009,846518.9045900009,159528.0,5,661167.4811871422,3196.036,0.0008336575573231197,0.007892122699076909,-0.007058465141753789,0.006046904590000901,-0.3388325188128578,1.006046904590001,0.6611674811871422,-9.6668
2024-09-20,1006914.1935900009,797210.1935900009,209704.0,9,662204.7328797616,3201.05,0.0008620761080253558,0.0015688183737605499,-0.000706742265735194,0.006914193590000783,-0.33779526712023844,1.0069141935900008,0.6622047328797616,-9.5889
2024-09-23,1008521.0758700009,785433.0758700009,223088.0,9,664628.0209386653,3212.764,0.0015958482760789483,0.003659424251417409,-0.002063575975338461,0.00852107587000095,-0.33537197906133476,1.008521075870001,0.6646280209386652,-9.4446
2024-09-24,1015100.0758700009,785433.0758700009,229667.0,9,693413.1000709982,3351.909,0.006523413498646713,0.04331005950016875,-0.03678664600152204,0.01510007587000084,-0.3065868999290018,1.0151000758700008,0.6934131000709982,-8.8539
2024-09-25,1017393.0758700009,785433.0758700009,231960.0,9,703678.8715098776,3401.533,0.0022588905808471615,0.014804697860234084,-0.012545807279386922,0.01739307587000094,-0.2963211284901224,1.017393075870001,0.7036788715098776,-8.648
2024-09-26,1024541.0758700009,785433.0758700009,239108.0,9,733424.2462858363,3545.32,0.007025799732210292,0.04227123476385519,-0.0352454350316449,0.024541075870000872,-0.26657575371416364,1.0245410758700009,0.7334242462858364,-8.0062
2024-09-27,1029913.0758700009,785433.0758700009,244480.0,9,766185.3879495102,3703.685,0.005243323207357209,0.04466874640370966,-0.03942542319635245,0.029913075870000805,-0.2338146120504897,1.0299130758700008,0.7661853879495103,-7.5238
2024-09-30,1048202.0758700009,785433.0758700009,262769.0,9,831178.0812622778,4017.855,0.01775780930303328,0.08482632837295823,-0.06706851906992495,0.048202075870000805,-0.16882191873772223,1.0482020758700008,0.8311780812622778,-5.8816
2024-10-08,1057656.0758700008,785433.0758700009,272223.0,9,880463.258865254,4256.096,0.009019253269607619,0.05929556940208136,-0.05027631613247374,0.057656075870000656,-0.119536741134746,1.0576560758700007,0.880463258865254,-5.0328
2024-10-09,1045469.6563400008,947587.6563400008,97882.0,3,818378.7594684903,3955.984,-0.011522100433239313,-0.07051344706510365,0.05899134663186434,0.045469656340000775,-0.18162124053150974,1.0454696563400008,0.8183787594684903,-6.127
2024-10-10,1045740.9625600008,1045740.9625600008,0.0,0,827026.7989097065,3997.788,0.0002595065465120783,0.01056728237525717,-0.010307775828745092,0.04574096256000093,-0.17297320109029346,1.045740962560001,0.8270267989097065,-6.1026
2024-10-11,1045740.9625600008,1045740.9625600008,0.0,0,804142.5110179548,3887.167,0.0,-0.027670551815153654,0.027670551815153654,0.04574096256000093,-0.19585748898204525,1.045740962560001,0.8041425110179548,-6.1026
2024-10-14,1045740.9625600008,1045740.9625600008,0.0,0,819487.1748193189,3961.342,0.0,0.019082020402005018,-0.019082020402005018,0.04574096256000093,-0.18051282518068112,1.045740962560001,0.8194871748193189,-6.1026
2024-10-15,1045740.9625600008,1045740.9625600008,0.0,0,797693.9251060421,3855.995,0.0,-0.02659376544615466,0.02659376544615466,0.04574096256000093,-0.2023060748939579,1.045740962560001,0.7976939251060421,-6.1026
2024-10-16,1045740.9625600008,1045740.9625600008,0.0,0,792645.0290529772,3831.589,0.0,-0.006329365053637126,0.006329365053637126,0.04574096256000093,-0.20735497094702282,1.045740962560001,0.7926450290529772,-6.1026
2024-10-17,1045740.9625600008,1045740.9625600008,0.0,0,783673.6500833278,3788.222,0.0,-0.01131828074462049,0.01131828074462049,0.04574096256000093,-0.2163263499166722,1.045740962560001,0.7836736500833278,-6.1026
2024-10-18,1045740.9625600008,1045740.9625600008,0.0,0,812017.4731605435,3925.234,0.0,0.03616789089974115,-0.03616789089974115,0.04574096256000093,-0.1879825268394565,1.045740962560001,0.8120174731605435,-6.1026
2024-10-21,1045740.9625600008,1045740.9625600008,0.0,0,814078.5299243183,3935.197,0.0,0.0025381926274969935,-0.0025381926274969935,0.04574096256000093,-0.18592147007568172,1.045740962560001,0.8140785299243183,-6.1026
2024-10-22,1045740.9625600008,1045740.9625600008,0.0,0,818749.4724786965,3957.776,0.0,0.005737705126325432,-0.005737705126325432,0.04574096256000093,-0.18125052752130355,1.045740962560001,0.8187494724786964,-6.1026
2024-10-23,1045740.9625600008,1045740.9625600008,0.0,0,821942.1141564376,3973.209,0.0,0.0038994121951316796,-0.0038994121951316796,0.04574096256000093,-0.1780578858435624,1.045740962560001,0.8219421141564376,-6.1026
2024-10-24,1045740.9625600008,1045740.9625600008,0.0,0,812762.0022474476,3928.833,0.0,-0.011168805869512521,0.011168805869512521,0.04574096256000093,-0.18723799775255234,1.045740962560001,0.8127620022474477,-6.1026
2024-10-25,1046796.1125200008,376913.1125200008,669883.0,8,818469.1621389479,3956.421,0.0010089974456168882,0.0070219324669691385,-0.00601293502135225,0.04679611252000071,-0.18153083786105217,1.0467961125200007,0.8184691621389478,-6.0079
2024-10-28,1043862.1125200008,376913.1125200008,666949.0,8,820069.5169642577,3964.157,-0.002802838074108638,0.001955302532263392,-0.00475814060637203,0.04386211252000072,-0.17993048303574233,1.0438621125200007,0.8200695169642577,-6.2713
2024-10-29,1043109.1125200008,376913.1125200008,666196.0,8,811896.453567368,3924.649,-0.0007213596422062096,-0.009966305572660317,0.009244945930454107,0.043109112520000714,-0.18810354643263205,1.0431091125200007,0.811896453567368,-6.3389
2024-10-30,1030675.1125200008,376913.1125200008,653762.0,8,804614.5908668892,3889.449,-0.011920133618583018,-0.008968954930746675,-0.002951178687836342,0.03067511252000088,-0.19538540913311075,1.0306751125200009,0.8046145908668892,-7.4554
2024-10-31,1027126.1125200008,376913.1125200008,650213.0,8,804943.722786107,3891.04,-0.0034433741116758343,0.0004090553700537569,-0.003852429481729591,0.027126112520000856,-0.19505627721389307,1.0271261125200009,0.8049437227861069,-7.774
2024-11-01,1040260.1125200008,376913.1125200008,663347.0,8,804732.7142646725,3890.02,0.01278713474412263,-0.0002621407130229958,0.013049275457145626,0.040260112520000835,-0.19526728573532748,1.0402601125200008,0.8047327142646725,-6.5947
2024-11-04,1038842.1125200008,376913.1125200008,661929.0,8,816057.2519905139,3944.762,-0.00136312061082966,0.014072421221484888,-0.015435541832314548,0.03884211252000069,-0.18394274800948618,1.0388421125200007,0.8160572519905138,-6.7221
2024-11-05,1049092.112520001,376913.1125200008,672179.0,8,836705.2632972605,4044.573,0.009866754414812773,0.025302160181019495,-0.015435405766206722,0.04909211252000101,-0.16329473670273953,1.049092112520001,0.8367052632972605,-5.8017
2024-11-06,1049790.112520001,376913.1125200008,672877.0,8,832507.848689513,4024.283,0.0006653371917202389,-0.005016598785582471,0.00568193597730271,0.04979011252000087,-0.167492151310487,1.0497901125200009,0.832507848689513,-5.739
2024-11-07,1059844.112520001,376913.1125200008,682931.0,8,857624.4826153803,4145.695,0.00957715249943214,0.03016984640493714,-0.020592693905505,0.05984411252000088,-0.14237551738461973,1.0598441125200009,0.8576244826153803,-4.8363
2024-11-08,1050791.112520001,376913.1125200008,673878.0,8,849008.7150656773,4104.047,-0.008541822229379159,-0.010046083949736051,0.001504261720356892,0.0507911125200009,-0.15099128493432268,1.050791112520001,0.8490087150656773,-5.6492
2024-11-11,1060411.112520001,376913.1125200008,683498.0,8,854611.6119230572,4131.131,0.00915500700889016,0.006599339627445966,0.0025556673814441933,0.060411112520000865,-0.14538838807694277,1.0604111125200009,0.8546116119230572,-4.7854
2024-11-12,1056190.6925200007,431371.6925200008,624819.0,7,845222.1464614285,4085.743,-0.003979984696662164,-0.01098682176866339,0.007006837072001226,0.05619069252000064,-0.15477785353857154,1.0561906925200006,0.8452221464614285,-5.1643
2024-11-13,1054312.0692400008,570244.0692400008,484068.0,6,850424.3339991824,4110.89,-0.0017786781244186756,0.0061548168839791195,-0.007933495008397795,0.05431206924000076,-0.1495756660008175,1.0543120692400008,0.8504243339991825,-5.333
2024-11-14,1052326.0692400008,570244.0692400008,482082.0,6,835680.423870608,4039.619,-0.001883692748989918,-0.017337121645191078,0.01545342889620116,0.05232606924000072,-0.16431957612939208,1.0523260692400007,0.8356804238706079,-5.5113
2024-11-15,1048984.425080001,693366.4250800008,355618.0,5,821036.4324830655,3968.831,-0.0031754835860079433,-0.017523434759565304,0.01434795117355736,0.04898442508000089,-0.17896356751693443,1.048984425080001,0.8210364324830656,-5.8114
2024-11-18,1053772.425080001,693366.4250800008,360406.0,5,817219.6606982975,3950.381,0.004564414766820679,-0.0046487240197428115,0.00921313878656349,0.05377242508000091,-0.18278033930170245,1.053772425080001,0.8172196606982975,-5.3815
2024-11-19,1055211.425080001,693366.4250800008,361845.0,5,822703.8135445956,3976.891,0.0013655699900201324,0.006710745115471095,-0.005345175125450963,0.055211425080000875,-0.17729618645540435,1.0552114250800009,0.8227038135445957,-5.2523
2024-11-20,1061515.425080001,693366.4250800008,368149.0,5,824541.2426498699,3985.773,0.005974158211490277,0.002233402927060313,0.003740755284429964,0.06151542508000096,-0.17545875735013017,1.061515425080001,0.8245412426498698,-4.6862
2024-11-21,1061572.425080001,693366.4250800008,368206.0,5,825270.4632754149,3989.298,5.369681744915589e-05,0.0008843955739574749,-0.000830698756508319,0.061572425080000937,-0.17472953672458513,1.061572425080001,0.8252704632754149,-4.6811
2024-11-22,1024591.1550200008,58665.155020000806,965926.0,8,799701.4022550605,3865.699,-0.03483631374205409,-0.03098264406419371,-0.003853669677860383,0.024591155020000866,-0.20029859774493952,1.0245911550200009,0.7997014022550605,-8.0017
2024-11-25,1018245.1550200008,58665.155020000806,959580.0,8,796058.8159360256,3848.091,-0.00619369000884662,-0.004554933014701779,-0.001638756994144841,0.01824515502000068,-0.20394118406397443,1.0182451550200007,0.7960588159360256,-8.5715
2024-11-26,1018377.3055800009,170224.3055800008,848153.0,7,794423.2930238101,3840.185,0.0001297826553345871,-0.0020545252178286733,0.0021843078731632604,0.018377305580000947,-0.2055767069761899,1.018377305580001,0.7944232930238101,-8.5596
2024-11-27,1035925.3055800009,170224.3055800008,865701.0,7,808254.6947327309,3907.045,0.017231334500336093,0.017410619540464856,-0.00017928504012876267,0.035925305580000844,-0.19174530526726918,1.0359253055800008,0.8082546947327308,-6.984
2024-11-28,1031015.3055800009,170224.3055800008,860791.0,7,801118.8830284604,3872.551,-0.004739723968081755,-0.008828667189653694,0.004088943221571939,0.031015305580000874,-0.19888111697153954,1.0310153055800009,0.8011188830284605,-7.4248
2024-11-29,1041282.3055800009,170224.3055800008,871058.0,7,810227.8312792412,3916.583,0.009958145087113124,0.01137028279291874,-0.0014121377058056162,0.0412823055800009,-0.18977216872075875,1.041282305580001,0.8102278312792413,-6.503
2024-12-02,1046615.3055800009,170224.3055800008,876391.0,7,816650.9720459221,3947.632,0.005121569790845104,0.007927573601784976,-0.002806003810939872,0.04661530558000093,-0.18334902795407793,1.046615305580001,0.8166509720459221,-6.0241
2024-12-03,1045602.3055800009,170224.3055800008,875378.0,7,817532.0360584601,3951.891,-0.0009678818899353514,0.0010788746266117144,-0.002046756516547066,0.04560230558000078,-0.18246796394153986,1.0456023055800008,0.8175320360584601,-6.1151
2024-12-04,1034923.3055800009,170224.3055800008,864699.0,7,813118.6480228915,3930.557,-0.01021325215429425,-0.005398428246123244,-0.0048148239081710065,0.034923305580000896,-0.18688135197710853,1.034923305580001,0.8131186480228915,-7.0739
2024-12-05,1037785.3055800009,170224.3055800008,867561.0,7,811263.2211319656,3921.588,0.002765422311555854,-0.002281864885816276,0.00504728719737213,0.037785305580000816,-0.18873677886803442,1.0377853055800008,0.8112632211319656,-6.817
2024-12-06,1050071.3055800009,170224.3055800008,879847.0,7,821928.0469216753,3973.141,0.011838672154963259,0.013145950059006761,-0.0013072779040435023,0.050071305580000836,-0.17807195307832469,1.0500713055800008,0.8219280469216753,-5.7138
2024-12-09,1044357.3055800009,170224.3055800008,874133.0,7,820568.9037983189,3966.571,-0.005441535226832883,-0.001653603534332082,-0.003787931692500801,0.04435730558000084,-0.17943109620168107,1.0443573055800008,0.8205689037983189,-6.2269
2024-12-10,1055851.3055800009,170224.3055800008,885627.0,7,826581.8191747996,3995.637,0.011005811841012125,0.007327739753051343,0.003678072087960782,0.055851305580000954,-0.17341818082520044,1.055851305580001,0.8265818191747996,-5.1948
2024-12-11,1063956.3055800009,170224.3055800008,893732.0,7,825173.854471974,3988.831,0.007676270282724884,-0.0017033579376706243,0.009379628220395508,0.06395630558000076,-0.174826145528026,1.0639563055800008,0.825173854471974,-4.4671
2024-12-12,1067163.3055800009,170224.3055800008,896939.0,7,833381.2584713716,4028.505,0.0030142215269373107,0.009946272479330442,-0.006932050952393132,0.06716330558000094,-0.16661874152862843,1.067163305580001,0.8333812584713716,-4.1791
2024-12-13,1046589.3055800009,170224.3055800008,876365.0,7,813661.4777878363,3933.181,-0.019279148648030042,-0.02366237599307941,0.0043832273450493675,0.04658930558000085,-0.18633852221216363,1.0465893055800009,0.8136614777878364,-6.0264
2024-12-16,1041691.1583800009,230898.1583800008,810793.0,7,809247.0553967706,3911.842,-0.004680104386586947,-0.005425379610040748,0.0007452752234538007,0.041691158380000815,-0.19075294460322945,1.0416911583800008,0.8092470553967706,-6.4663
2024-12-17,1047604.8380200008,297058.8380200008,750546.0,7,811355.2787712187,3922.033,0.005676998976545722,0.002605166568588224,0.0030718324079574977,0.04760483802000093,-0.1886447212287813,1.047604838020001,0.8113552787712187,-5.9353
2024-12-18,1055278.3820800008,297947.38208000077,757331.0,6,815463.1181929065,3941.89,0.007324845954800319,0.005062935472496033,0.0022619104823042857,0.05527838208000091,-0.1845368818070935,1.055278382080001,0.8154631181929065,-5.2462
2024-12-19,1067201.3820800008,297947.38208000077,769254.0,6,816202.4755023244,3945.464,0.011298440489702077,0.000906671672725512,0.010391768816976565,0.06720138208000082,-0.1837975244976756,1.0672013820800008,0.8162024755023244,-4.1757
2024-12-20,1073217.3249400007,247083.32494000075,826134.0,7,812536.7196201516,3927.744,0.005637120566949205,-0.004491233477228573,0.010128354044177779,0.07321732494000055,-0.18746328037984838,1.0732173249400005,0.8125367196201516,-3.6355
2024-12-23,1073389.7329200008,194792.73292000074,878597.0,7,813742.3643877195,3933.572,0.00016064591578390797,0.0014838034250705956,-0.0013231575092866876,0.07338973292000084,-0.18625763561228048,1.0733897329200008,0.8137423643877195,-3.62
2024-12-24,1087806.8477100008,311316.84771000076,776490.0,6,824109.9164075261,3983.688,0.01343138875642147,0.012740582859548377,0.0006908058968730924,0.08780684771000091,-0.17589008359247393,1.087806847710001,0.8241099164075261,-2.3255
2024-12-25,1085383.8477100008,311316.84771000076,774067.0,6,824511.4532115497,3985.629,-0.0022274174915342115,0.0004872369522914699,-0.0027146544438256814,0.08538384771000085,-0.17548854678845038,1.0853838477100008,0.8245114532115496,-2.5431
2024-12-26,1081972.8477100008,311316.84771000076,770656.0,6,824894.3716166231,3987.48,-0.0031426669995106016,0.0004644185397084666,-0.003607085539219068,0.0819728477100008,-0.17510562838337684,1.0819728477100008,0.8248943716166232,-2.8493
2024-12-27,1084074.8477100008,311316.84771000076,772758.0,6,823560.2598962997,3981.031,0.0019427474584494675,-0.0016173121871456697,0.003560059645595137,0.08407484771000084,-0.17643974010370034,1.0840748477100008,0.8235602598962997,-2.6606
2024-12-30,1090359.8477100008,311316.84771000076,779043.0,6,827288.9045927039,3999.055,0.005797570170801736,0.0045274703964877094,0.0012700997743140263,0.09035984771000072,-0.17271109540729612,1.0903598477100007,0.8272889045927039,-2.0963
2024-12-31,1070280.8477100008,311316.84771000076,758964.0,6,814019.3647898769,3934.911,-0.01841502146485896,-0.016039789400245863,-0.0023752320646130975,0.07028084771000076,-0.1859806352101231,1.0702808477100008,0.8140193647898769,-3.8992
2025-01-02,1051618.6572300007,565321.6572300007,486297.0,4,790329.3139657852,3820.395,-0.017436722818996664,-0.029102564200308434,0.01166584138131177,0.05161865723000081,-0.2096706860342148,1.0516186572300008,0.7903293139657852,-5.5749
2025-01-03,1055139.2856300008,684141.2856300008,370998.0,3,780972.5341378688,3775.165,0.003347818504165323,-0.011839089937035419,0.015186908441200742,0.05513928563000081,-0.21902746586213118,1.0551392856300008,0.7809725341378688,-5.2587
2025-01-06,1059175.2856300008,684141.2856300008,375034.0,3,779690.9676768044,3768.97,0.003825087412597128,-0.0016409878773511188,0.005466075289948247,0.05917528563000074,-0.22030903232319565,1.0591752856300007,0.7796909676768043,-4.8963
2025-01-07,1060440.2856300008,684141.2856300008,376299.0,3,785304.6218313554,3796.106,0.0011943254503408163,0.0071998450505046385,-0.006005519600163822,0.06044028563000081,-0.2146953781686446,1.0604402856300008,0.7853046218313554,-4.7828
2025-01-08,1059679.2856300008,684141.2856300008,375538.0,3,783879.073085077,3789.215,-0.000717626452250375,-0.0018152812381951877,0.0010976547859448127,0.0596792856300008,-0.21612092691492302,1.0596792856300008,0.783879073085077,-4.8511
2025-01-09,1055105.2856300008,684141.2856300008,370964.0,3,781947.3107584557,3779.877,-0.0043164003128367545,-0.002464362671424025,-0.0018520376414127293,0.05510528563000072,-0.2180526892415443,1.0551052856300007,0.7819473107584557,-5.2618
2025-01-10,1049047.2856300008,684141.2856300008,364906.0,3,772142.4481291405,3732.481,-0.005741607100738566,-0.012539032354756507,0.006797425254017941,0.049047285630000825,-0.22785755187085943,1.0490472856300008,0.7721424481291406,-5.8057
2025-01-13,1046527.2856300008,684141.2856300008,362386.0,3,770080.3570098685,3722.513,-0.0024021796105088145,-0.0026706097097347614,0.00026843009922594696,0.04652728563000075,-0.22991964299013157,1.0465272856300007,0.7700803570098684,-6.032
2025-01-14,1058555.2856300008,684141.2856300008,374414.0,3,790359.3102752048,3820.54,0.011493250262232024,0.026333554778720902,-0.014840304516488878,0.058555285630000675,-0.20964068972479522,1.0585552856300007,0.7903593102752048,-4.952
2025-01-15,1058827.2856300008,684141.2856300008,374686.0,3,785288.0721433997,3796.026,0.00025695398595848573,-0.0064163704607203,0.0066733244466787855,0.058827285630000725,-0.21471192785660032,1.0588272856300007,0.7852880721433997,-4.9276
2025-01-16,1066036.2856300008,684141.2856300008,381895.0,3,786189.6163947829,3800.384,0.006808475846663331,0.0011480427162511297,0.005660433130412201,0.06603628563000075,-0.2138103836052171,1.0660362856300007,0.7861896163947829,-4.2803
2025-01-17,1068232.2856300008,684141.2856300008,384091.0,3,788663.5878730507,3812.343,0.0020599674041135163,0.0031467872720229995,-0.0010868198679094832,0.06823228563000083,-0.2113364121269493,1.0682322856300008,0.7886635878730507,-4.0831
2025-01-20,1061674.807330001,180468.8073300009,881206.0,9,792249.2846397382,3829.676,-0.006138625829055999,0.004546547884070273,-0.010685173713126273,0.06167480733000086,-0.2077507153602618,1.0616748073300009,0.7922492846397382,-4.6719
2025-01-21,1058341.348370001,175244.3483700009,883097.0,9,792857.2788010082,3832.615,-0.0031398116796076403,0.0007674278450708893,-0.00390723952467853,0.058341348370001045,-0.2071427211989918,1.058341348370001,0.7928572788010082,-4.9712
2025-01-22,1043504.0841700009,204517.0841700009,838987.0,8,785493.0814029501,3797.017,-0.014019356063950106,-0.00928817530589443,-0.004731180758055675,0.043504084170000956,-0.21450691859704984,1.043504084170001,0.7854930814029502,-6.3035
2025-01-23,1065471.0841700009,204517.0841700009,860954.0,8,786884.7032889195,3803.744,0.021051187372661317,0.0017716539062111458,0.01927953346645017,0.0654710841700008,-0.21311529671108043,1.0654710841700008,0.7868847032889196,-4.331
2025-01-24,1064160.0841700009,204517.0841700009,859643.0,8,792908.7897047702,3832.864,-0.0012304416510948712,0.00765561509922863,-0.008886056750323501,0.06416008417000096,-0.2070912102952298,1.064160084170001,0.7929087897047702,-4.4488
2025-01-27,1078773.0841700009,204517.0841700009,874256.0,8,789643.5362711236,3817.08,0.013731956514228427,-0.004118069412324732,0.01785002592655316,0.07877308417000095,-0.2103564637288764,1.078773084170001,0.7896435362711236,-3.1367
2025-02-05,1062276.0841700009,204517.0841700009,857759.0,8,785093.4064388217,3795.085,-0.015292372642660701,-0.005762258061135506,-0.009530114581525195,0.06227608417000097,-0.21490659356117836,1.062276084170001,0.7850934064388216,-4.6179
2025-02-06,1060807.0841700009,204517.0841700009,856290.0,8,794970.6739529426,3842.831,-0.0013828796693166057,0.012581009384506459,-0.013963889053823064,0.0608070841700008,-0.20502932604705737,1.0608070841700008,0.7949706739529426,-4.7498
2025-02-07,1056902.0841700009,204517.0841700009,852385.0,8,805287.7494244847,3892.703,-0.003681159428771452,0.012977932154705885,-0.016659091583477337,0.056902084170000755,-0.19471225057551533,1.0569020841700008,0.8052877494244847,-5.1005
2025-02-10,1056081.0841700009,204517.0841700009,851564.0,8,807016.9849447488,3901.062,-0.0007767985438733582,0.0021473510822682673,-0.0029241496261416255,0.056081084170000794,-0.19298301505525117,1.0560810841700008,0.8070169849447488,-5.1742
2025-02-11,1067258.0841700009,204517.0841700009,862741.0,8,803308.406744991,3883.135,0.010583467659383672,-0.004595415299730954,0.015178882959114626,0.06725808417000079,-0.19669159325500907,1.0672580841700008,0.8033084067449909,-4.1706
2025-02-12,1070930.0841700009,204517.0841700009,866413.0,8,810906.1616143228,3919.862,0.0034405923501208413,0.009458079618658521,-0.00601748726853768,0.0709300841700009,-0.18909383838567717,1.070930084170001,0.8109061616143228,-3.8409
2025-02-13,1071361.0841700009,204517.0841700009,866844.0,8,807860.6052882873,3905.14,0.00040245391027005084,-0.003755744462432653,0.004158198372702704,0.07136108417000075,-0.1921393947117127,1.0713610841700008,0.8078606052882873,-3.8022
2025-02-14,1070792.0841700009,204517.0841700009,866275.0,8,814867.1225554043,3939.009,-0.0005311001196584009,0.00867292849936252,-0.00920402861902092,0.07079208417000094,-0.18513287744459572,1.070792084170001,0.8148671225554043,-3.8533
2025-02-17,1074389.0841700009,204517.0841700009,869872.0,8,816602.5642086519,3947.398,0.0033591955461531597,0.0021297234913653096,0.0012294720547878502,0.07438908417000079,-0.18339743579134815,1.0743890841700008,0.8166025642086518,-3.5303
2025-02-18,1083054.0841700009,204517.0841700009,878537.0,8,809441.7211013486,3912.783,0.008065048433262945,-0.008769067623786708,0.016834116057049653,0.08305408417000093,-0.1905582788986514,1.083054084170001,0.8094417211013486,-2.7523
2025-02-19,1078869.0841700009,204517.0841700009,874352.0,8,815105.2311908659,3940.16,-0.003864072959206988,0.006996810198776737,-0.010860883157983725,0.07886908417000082,-0.18489476880913414,1.0788690841700008,0.8151052311908659,-3.128
2025-02-20,1079900.0841700009,204517.0841700009,875383.0,8,812775.0351267128,3928.896,0.0009556303124518273,-0.0028587671566635553,0.0038143974691153826,0.07990008417000083,-0.18722496487328721,1.0799000841700008,0.8127750351267128,-3.0355
2025-02-21,1067761.0841700009,204517.0841700009,863244.0,8,823025.0843620343,3978.444,-0.011240854758641783,0.012611176269364144,-0.023852031028005927,0.06776108417000093,-0.17697491563796564,1.067761084170001,0.8230250843620344,-4.1254
2025-02-24,1061765.0841700009,204517.0841700009,857248.0,8,821219.7202771741,3969.717,-0.005615488416737757,-0.0021935711549541104,-0.003421917261783647,0.06176508417000082,-0.17878027972282584,1.0617650841700008,0.8212197202771742,-4.6638
2025-02-25,1053127.0309700007,278692.03097000066,774435.0,11,812103.7384090123,3925.651,-0.008135559672083903,-0.011100539408728571,0.0029649797366446684,0.05312703097000071,-0.1878962615909877,1.0531270309700007,0.8121037384090123,-5.4394
2025-02-26,1057406.0309700007,278692.03097000066,778714.0,11,819197.3484089957,3959.941,0.00406313756476151,0.008734856970219473,-0.004671719405457964,0.05740603097000063,-0.1808026515910044,1.0574060309700006,0.8191973484089956,-5.0552
2025-02-27,1064305.0309700007,278692.03097000066,785613.0,11,820888.519646962,3968.116,0.006524456829200442,0.0020644246972367775,0.004460032131963665,0.06430503097000062,-0.17911148035303792,1.0643050309700006,0.8208885196469621,-4.4357
2025-02-28,1057341.0309700007,278692.03097000066,778649.0,11,804738.7135265565,3890.049,-0.006543236945571018,-0.019673568010612486,0.013130331065041467,0.05734103097000065,-0.19526128647344354,1.0573410309700007,0.8047387135265565,-5.061
2025-03-03,1058084.0309700007,278692.03097000066,779392.0,11,804412.89154493,3888.474,0.0007027061073363594,-0.0004048792187449912,0.0011075853260813506,0.05808403097000059,-0.19558710845507,1.0580840309700006,0.80441289154493,-4.9943
2025-03-04,1055496.0309700007,278692.03097000066,776804.0,11,803739.9398584339,3885.221,-0.002445930497247395,-0.0008365749648836518,-0.0016093555323637432,0.055496030970000554,-0.19626006014156605,1.0554960309700006,0.803739939858434,-5.2267
2025-03-05,1066527.9577700007,368193.9577700007,698334.0,10,807329.153433812,3902.571,0.010451888473575588,0.004465640435898033,0.005986248037677555,0.06652795777000065,-0.19267084656618805,1.0665279577700006,0.807329153433812,-4.2361
2025-03-06,1063236.9577700007,368193.9577700007,695043.0,10,818431.0978566499,3956.237,-0.0030857137649548116,0.013751447443236753,-0.016837161208191564,0.06323695777000071,-0.18156890214335009,1.0632369577700007,0.8184310978566499,-4.5316
2025-03-07,1062809.9577700007,368193.9577700007,694616.0,10,815902.5124081286,3944.014,-0.00040160379761022824,-0.0030895520162214085,0.0026879482186111803,0.06280995777000076,-0.1840974875918714,1.0628099577700008,0.8159025124081286,-4.57
2025-03-10,1056965.9577700007,368193.9577700007,688772.0,10,812755.5892433649,3928.802,-0.005498631206149018,-0.0038569842804817567,-0.0016416469256672617,0.056965957770000575,-0.18724441075663512,1.0569659577700006,0.8127555892433649,-5.0947
2025-03-11,1061472.9577700007,368193.9577700007,693279.0,10,815365.0612917695,3941.416,0.0042640919197709515,0.0032106479277909106,0.001053443991980041,0.061472957770000614,-0.18463493870823056,1.0614729577700006,0.8153650612917694,-4.69
2025-03-12,1060821.9577700007,368193.9577700007,692628.0,10,812430.8016172354,3927.232,-0.0006132987140508028,-0.0035987066577091165,0.0029854079436583136,0.060821957770000656,-0.18756919838276453,1.0608219577700007,0.8124308016172355,-4.7485
2025-03-13,1063266.9577700007,368193.9577700007,695073.0,10,809192.6482976164,3911.579,0.0023048165454075953,-0.003985758926388638,0.006290575471796234,0.06326695777000069,-0.1908073517023836,1.0632669577700007,0.8091926482976164,-4.529
2025-03-14,1074439.9577700007,368193.9577700007,706246.0,10,828840.8515807434,4006.557,0.01050817945422966,0.024281242945623616,-0.013773063491393955,0.07443995777000079,-0.1711591484192565,1.0744399577700008,0.8288408515807435,-3.5257
2025-03-17,1075727.9577700007,368193.9577700007,707534.0,10,826819.9278102611,3996.788,0.001198764054413326,-0.0024382530936163382,0.0036370171480296642,0.07572795777000074,-0.17318007218973885,1.0757279577700007,0.8268199278102611,-3.4101
2025-03-18,1074202.9577700007,368193.9577700007,706009.0,10,829082.0632826969,4007.723,-0.0014176446646988472,0.0027359469654133495,-0.004153591630112197,0.07420295777000074,-0.17091793671730315,1.0742029577700007,0.8290820632826968,-3.547
2025-03-19,1081501.9577700007,368193.9577700007,713308.0,10,829587.8631208409,4010.168,0.006794805345865296,0.000610072103286452,0.006184733242578844,0.08150195777000069,-0.17041213687915913,1.0815019577700007,0.8295878631208409,-2.8916
2025-03-20,1078355.9577700007,368193.9577700007,710162.0,10,822310.9653267489,3974.992,-0.0029089175265913925,-0.008771702332670217,0.005862784806078825,0.0783559577700006,-0.17768903467325114,1.0783559577700006,0.8223109653267489,-3.1741
2025-03-21,1069686.9577700007,368193.9577700007,701493.0,10,809837.4655145877,3914.696,-0.008039089446797432,-0.015168835559920768,0.007129746113123336,0.06968695777000078,-0.19016253448541232,1.0696869577700008,0.8098374655145877,-3.9525
2025-03-24,1074749.9577700007,368193.9577700007,706556.0,10,814006.5387817114,3934.849,0.004733160447758511,0.005148037037869813,-0.0004148765901113016,0.0747499577700006,-0.18599346121828864,1.0747499577700006,0.8140065387817114,-3.4979
2025-03-25,1078453.2357100006,381427.2357100005,697026.0,10,813478.1899937277,3932.295,0.0034457111751684533,-0.0006490719211843521,0.004094783096352805,0.07845323571000051,-0.18652181000627233,1.0784532357100005,0.8134781899937277,-3.1654
2025-03-26,1077299.1245700005,370303.1245700005,706996.0,10,810801.6917091028,3919.357,-0.0010701540890091232,-0.0032901905884478166,0.0022200364994386934,0.07729912457000054,-0.18919830829089712,1.0772991245700005,0.8108016917091029,-3.269
2025-03-27,1076510.1245700005,370303.1245700005,706207.0,10,813502.3939123627,3932.412,-0.0007323871170088481,0.0033309035129995834,-0.0040632906300084315,0.07651012457000039,-0.1864976060876372,1.0765101245700004,0.8135023939123628,-3.3398
2025-03-28,1072466.1245700005,370303.1245700005,702163.0,10,809934.6949313271,3915.166,-0.003756583340649322,-0.0043856035430670515,0.0006290202024177294,0.07246612457000046,-0.19006530506867292,1.0724661245700005,0.8099346949313271,-3.703
2025-03-31,1067915.1245700005,370303.1245700005,697612.0,10,804171.2661007777,3887.306,-0.004243490676057227,-0.0071159179457526145,0.002872427269695388,0.06791512457000048,-0.19582873389922228,1.0679151245700005,0.8041712661007777,-4.1116
2025-04-01,1071416.9643700006,469122.9643700005,602294.0,9,804249.463376368,3887.684,0.0032791368147446764,9.723957928708948e-05,0.003181897235457587,0.07141696437000067,-0.19575053662363195,1.0714169643700007,0.804249463376368,-3.7972
2025-04-02,1076756.9643700006,469122.9643700005,607634.0,9,803567.202490397,3884.386,0.004984053993526194,-0.0008483199766236016,0.005832373970149796,0.07675696437000057,-0.19643279750960296,1.0767569643700006,0.803567202490397,-3.3177
2025-04-03,1079344.9643700006,469122.9643700005,610222.0,9,798833.3711217876,3861.503,0.0024035135927951146,-0.005891021129207918,0.008294534722003033,0.0793449643700006,-0.20116662887821246,1.0793449643700006,0.7988333711217875,-3.0853
2025-04-07,1037152.9643700005,469122.9643700005,568030.0,9,742551.6060644677,3589.441,-0.039090375545159484,-0.0704549497954553,0.03136457425029582,0.037152964370000596,-0.2574483939355323,1.0371529643700006,0.7425516060644677,-6.8737
2025-04-08,1042986.0128500004,745165.0128500004,297821.0,5,755236.528140262,3650.759,0.005624096618711549,0.01708288282214432,-0.01145878620343277,0.042986012850000366,-0.244763471859738,1.0429860128500004,0.755236528140262,-6.35
2025-04-09,1042839.0128500004,745165.0128500004,297674.0,5,762691.1282087776,3686.794,-0.0001409414874110615,0.009870550206135142,-0.010011491693546204,0.04283901285000047,-0.2373088717912224,1.0428390128500005,0.7626911282087776,-6.3632
2025-04-10,1043708.0128500004,745165.0128500004,298543.0,5,772687.3466050797,3735.115,0.0008333021581394817,0.013106509341178185,-0.012273207183038704,0.04370801285000048,-0.22731265339492024,1.0437080128500005,0.7726873466050798,-6.2852
2025-04-11,1044174.0128500004,745165.0128500004,299009.0,5,775873.5752787382,3750.517,0.00044648502671496004,0.004123567815181195,-0.003677082788466235,0.04417401285000033,-0.22412642472126187,1.0441740128500003,0.7758735752787381,-6.2433
2025-04-14,1048603.0128500005,745165.0128500004,303438.0,5,777657.8385114549,3759.142,0.004241630174180999,0.002299682950377191,0.0019419472238038082,0.04860301285000057,-0.22234216148854513,1.0486030128500006,0.7776578385114549,-5.8456
2025-04-15,1052507.0128500005,745165.0128500004,307342.0,5,778090.8197225942,3761.235,0.0037230486200772184,0.0005567759877123102,0.003166272632364908,0.05250701285000048,-0.2219091802774058,1.0525070128500005,0.7780908197225942,-5.4951
2025-04-16,1057020.0128500005,745165.0128500004,311855.0,5,780487.4214096694,3772.82,0.004287857415581131,0.00308010533774139,0.001207752077839741,0.05702001285000047,-0.21951257859033058,1.0570200128500005,0.7804874214096694,-5.0899
2025-04-17,1055808.0128500005,745165.0128500004,310643.0,5,780363.712492201,3772.222,-0.0011466197283551693,-0.00015850212838153244,-0.000988117599973637,0.05580801285000048,-0.21963628750779896,1.0558080128500005,0.780363712492201,-5.1987
2025-04-18,1053153.0128500005,745165.0128500004,307988.0,5,780425.980693134,3772.523,-0.002514661726077616,7.979381913347794e-05,-0.002594455545211094,0.053153012850000625,-0.21957401930686604,1.0531530128500006,0.780425980693134,-5.4371
2025-04-21,1050523.2411700003,792197.2411700004,258326.0,4,782982.4937400805,3784.881,-0.0024970461537052735,0.0032757918241983486,-0.005772837977903622,0.05052324117000029,-0.21701750625991945,1.0505232411700003,0.7829824937400806,-5.6732
2025-04-22,1050987.2411700003,792197.2411700004,258790.0,4,782790.3104886959,3783.952,0.0004416846594303969,-0.00024545025325739545,0.0006871349126877924,0.05098724117000031,-0.21720968951130415,1.0509872411700003,0.7827903104886959,-5.6316
2025-04-23,1049106.6186400005,341330.61864000035,707776.0,12,783396.4428100708,3786.882,-0.0017893866417505455,0.0007743227186811641,-0.0025637093604317096,0.04910661864000043,-0.21660355718992919,1.0491066186400004,0.7833964428100708,-5.8004
2025-04-24,1047945.9266400004,382998.92664000037,664947.0,11,782874.0932839712,3784.357,-0.0011063622889966318,-0.0006667754632966316,-0.0004395868257000002,0.047945926640000414,-0.21712590671602883,1.0479459266400004,0.7828740932839712,-5.9046
2025-04-25,1047714.4070000004,425755.40700000036,621959.0,10,783419.6123732087,3786.994,-0.000220927086135414,0.0006968158659450552,-0.0009177429520804692,0.0477144070000004,-0.21658038762679122,1.0477144070000004,0.7834196123732088,-5.9254
2025-04-28,1043490.4070000004,425755.40700000036,617735.0,10,782307.6802136896,3781.619,-0.004031633021154057,-0.0014193315331368916,-0.0026123014880171658,0.0434904070000004,-0.21769231978631043,1.0434904070000004,0.7823076802136896,-6.3047
2025-04-29,1037454.4070000004,425755.40700000036,611699.0,10,780954.3294811177,3775.077,-0.005784432668962669,-0.001729946882538913,-0.004054485786423756,0.037454407000000245,-0.21904567051888235,1.0374544070000002,0.7809543294811176,-6.8467
2025-04-30,1035137.4070000004,425755.40700000036,609382.0,10,780022.1683070165,3770.571,-0.002233351156799346,-0.001193618037459987,-0.0010397331193393589,0.03513740700000034,-0.21997783169298346,1.0351374070000003,0.7800221683070165,-7.0547
2025-05-06,1039816.1685200003,499697.16852000036,540119.0,9,787877.2708240586,3808.542,0.004519942462092752,0.010070358043914318,-0.005550415581821566,0.03981616852000025,-0.21212272917594144,1.0398161685200003,0.7878772708240586,-6.6346
2025-05-07,1044906.1685200003,499697.16852000036,545209.0,9,792652.8901547561,3831.627,0.004895096031488633,0.0060613746677862235,-0.0011662786362975908,0.04490616852000029,-0.20734710984524385,1.0449061685200003,0.7926528901547562,-6.1776
2025-05-08,1047999.1685200003,499697.16852000036,548302.0,9,797052.8315688609,3852.896,0.0029600744001549995,0.005550905659658545,-0.0025908312595035454,0.0479991685200003,-0.20294716843113914,1.0479991685200003,0.7970528315688609,-5.8999
2025-05-09,1046192.1685200003,499697.16852000036,546495.0,9,795658.7272296981,3846.157,-0.0017242380092264975,-0.0017490739433404512,2.4835934113953684e-05,0.04619216852000019,-0.2043412727703019,1.0461921685200002,0.7956587272296981,-6.0621
2025-05-12,1056067.1685200003,499697.16852000036,556370.0,9,804854.7682133453,3890.61,0.009438992469203544,0.011557770522628186,-0.0021187780534246414,0.056067168520000266,-0.19514523178665466,1.0560671685200003,0.8048547682133453,-5.1754
2025-05-13,1066102.1685200003,499697.16852000036,566405.0,9,806023.176183013,3896.258,0.009502236504580708,0.0014517003760334823,0.008050536128547225,0.06610216852000028,-0.193976823816987,1.0661021685200003,0.806023176183013,-4.2744
2025-05-14,1071862.1685200003,499697.16852000036,572165.0,9,815736.3949152739,3943.211,0.005402859285049688,0.012050793350953715,-0.0066479340659040265,0.07186216852000027,-0.18426360508472617,1.0718621685200003,0.8157363949152738,-3.7572
2025-05-15,1067033.7881600005,634305.7881600003,432728.0,6,808286.5528820454,3907.199,-0.004504665340196445,-0.00913265863784618,0.004627993297649735,0.0670337881600005,-0.19171344711795457,1.0670337881600005,0.8082865528820454,-4.1907
2025-05-16,1064759.7881600005,634305.7881600003,430454.0,6,804539.2897866911,3889.085,-0.002131141511386714,-0.004636057697598672,0.0025049161862119584,0.06475978816000039,-0.1954607102133089,1.0647597881600004,0.8045392897866911,-4.3949
2025-05-19,1065343.7881600005,634305.7881600003,431038.0,6,802069.2488593127,3877.145,0.0005484805178539442,-0.0030701308919707238,0.003618611409824668,0.06534378816000053,-0.19793075114068726,1.0653437881600005,0.8020692488593127,-4.3425
2025-05-20,1066856.7881600005,634305.7881600003,432551.0,6,806418.9205962521,3898.171,0.0014201988285988953,0.00542306258857983,-0.004002863759980935,0.0668567881600004,-0.1935810794037479,1.0668567881600004,0.8064189205962521,-4.2066
2025-05-21,1068390.7881600005,634305.7881600003,434085.0,6,810186.0433171532,3916.381,0.001437868715861823,0.004671421546155852,-0.0032335528302940286,0.06839078816000055,-0.18981395668284673,1.0683907881600005,0.8101860433171533,-4.0689
2025-05-22,1070888.7881600005,634305.7881600003,436583.0,6,809665.5556309485,3913.865,0.0023380957863761154,-0.0006424298350952151,0.0029805256214713305,0.07088878816000044,-0.19033444436905145,1.0708887881600004,0.8096655556309486,-3.8446
2025-05-23,1067690.7881600005,634305.7881600003,433385.0,6,803130.2907283683,3882.274,-0.002986304493386993,-0.008071560976170566,0.005085256482783573,0.0676907881600004,-0.19686970927163172,1.0676907881600004,0.8031302907283683,-4.1317
2025-05-26,1064436.2569400002,202612.25694000028,861824.0,9,798544.5790669618,3860.107,-0.003048196403013792,-0.005709797917406112,0.00266160151439232,0.06443625694000032,-0.20145542093303825,1.0644362569400003,0.7985445790669617,-4.424
2025-05-27,1067206.6477500002,129419.6477500003,937787.0,9,794260.2785974471,3839.397,0.0026026836195567338,-0.005365136251404445,0.00796781987096118,0.06720664775000018,-0.20573972140255292,1.0672066477500002,0.7942602785974471,-4.1752
2025-05-28,1067478.6477500002,129419.6477500003,938059.0,9,793606.5659231995,3836.237,0.0002548709760883394,-0.0008230459105948995,0.001077916886683239,0.06747864775000023,-0.20639343407680044,1.0674786477500002,0.7936065659231996,-4.1508
2025-05-29,1074937.6477500002,129419.6477500003,945518.0,9,798253.511430042,3858.7,0.006987493394572164,0.00585547764645411,0.0011320157481180537,0.07493764775000034,-0.20174648856995803,1.0749376477500003,0.798253511430042,-3.481
2025-05-30,1078562.6477500002,129419.6477500003,949143.0,9,794433.015965484,3840.232,0.003372288623054276,-0.004786067846684117,0.008158356469738393,0.07856264775000033,-0.205566984034516,1.0785626477500003,0.794433015965484,-3.1555
2025-06-03,1092057.6477500002,129419.6477500003,962638.0,9,796870.1643880504,3852.013,0.012512022392164202,0.0030677834047525554,0.009444238987411646,0.09205764775000014,-0.20312983561194953,1.0920576477500001,0.7968701643880505,-1.9438
2025-06-04,1094335.6477500002,129419.6477500003,964916.0,9,800331.1178817723,3868.743,0.0020859704656557287,0.004343183680844298,-0.0022572132151885693,0.09433564775000014,-0.19966888211822764,1.0943356477500001,0.8003311178817724,-1.7393
2025-06-05,1095618.6477500002,129419.6477500003,966199.0,9,802154.2728811849,3877.556,0.0011724008101516858,0.0022780008907288263,-0.0011056000805771404,0.09561864775000029,-0.1978457271188151,1.0956186477500003,0.8021542728811849,-1.6241
2025-06-06,1093048.6477500002,129419.6477500003,963629.0,9,801415.3293139657,3873.984,-0.0023457066975610674,-0.0009211988169869345,-0.001424507880574133,0.09304864775000032,-0.19858467068603425,1.0930486477500003,0.8014153293139658,-1.8548
2025-06-09,1103409.6477500002,129419.6477500003,973990.0,9,803745.1116359201,3885.246,0.009478992560237653,0.0029070847995242843,0.006571907760713369,0.10340964775000017,-0.1962548883640799,1.1034096477500002,0.8037451116359201,-0.9245
2025-06-10,1096620.6477500002,129419.6477500003,967201.0,9,799652.9944177902,3865.465,-0.006152746637519191,-0.005091312107392998,-0.001061434530126193,0.09662064775000023,-0.20034700558220975,1.0966206477500002,0.7996529944177903,-1.5341
2025-06-11,1102045.7207100003,229247.7207100003,872798.0,8,805685.3556776186,3894.625,0.004947082631656663,0.007543723717586381,-0.0025966410859297184,0.10204572071000029,-0.19431464432238132,1.1020457207100003,0.8056853556776187,-1.047
2025-06-12,1105192.7207100003,229247.7207100003,875945.0,8,805183.4863903642,3892.199,0.0028555984029161596,-0.0006229097795035221,0.0034785081824196817,0.1051927207100003,-0.1948165136096358,1.1051927207100003,0.8051834863903642,-0.7644
2025-06-13,1101076.7207100003,229247.7207100003,871829.0,8,799387.5787972017,3864.182,-0.0037242373414799745,-0.007198244488527128,0.0034740071470471534,0.10107672071000029,-0.2006124212027982,1.1010767207100003,0.7993875787972018,-1.134
2025-06-16,1106716.7207100003,229247.7207100003,877469.0,8,801376.2306761706,3873.795,0.00512225887071982,0.0024877192637406953,0.002634539606979125,0.10671672071000016,-0.1986237693238294,1.1067167207100002,0.8013762306761706,-0.6276
2025-06-17,1103684.7207100003,229247.7207100003,874437.0,8,800669.559000465,3870.379,-0.002739635123660933,-0.0008818226054811973,-0.0018578125181797356,0.10368472071000023,-0.199330440999535,1.1036847207100002,0.800669559000465,-0.8998
2025-06-18,1100673.7207100003,229247.7207100003,871426.0,8,801619.5110891184,3874.971,-0.002728134170474905,0.001186447115385958,-0.003914581285860863,0.10067372071000036,-0.19838048891088156,1.1006737207100004,0.8016195110891184,-1.1702
2025-06-19,1091259.6739900003,338436.67399000033,752823.0,7,795024.4604387984,3843.091,-0.008552985814840208,-0.00822715834518506,-0.00032582746965514886,0.09125967399000023,-0.20497553956120163,1.0912596739900002,0.7950244604387984,-2.0155
2025-06-20,1097030.6739900003,338436.67399000033,758594.0,7,795759.473455128,3846.644,0.00528838381693264,0.0009245162292541576,0.004363867587678483,0.0970306739900002,-0.20424052654487201,1.0970306739900002,0.795759473455128,-1.4973
2025-06-23,1100688.6739900003,338436.67399000033,762252.0,7,798088.4282926846,3857.902,0.0033344555323102654,0.0029267070204572754,0.00040774851185299,0.10068867399000037,-0.20191157170731544,1.1006886739900004,0.7980884282926846,-1.1688
2025-06-24,1113893.8477300003,51954.8477300002,1061939.0,11,807631.8058523006,3904.034,0.011997192350613695,0.011957794677003086,3.939767361060831e-05,0.11389384773000022,-0.19236819414769935,1.1138938477300002,0.8076318058523007,0.0
2025-06-25,1132472.1427700003,60149.14277000021,1072323.0,10,819223.2072964264,3960.066,0.016678694363794655,0.014352334021681123,0.0023263603421135315,0.1324721427700002,-0.1807767927035736,1.1324721427700002,0.8192232072964264,0.0
2025-06-26,1131116.1427700003,60149.14277000021,1070967.0,10,816317.4958336161,3946.02,-0.001197380446536389,-0.003546910581793239,0.00234953013525685,0.13111614277000028,-0.18368250416638388,1.1311161427700003,0.8163174958336161,-0.1197
2025-06-27,1121167.1427700003,60149.14277000021,1061018.0,10,811298.3892188712,3921.758,-0.008795736904289808,-0.00614847365193294,-0.0026472632523568684,0.12116714277000029,-0.1887016107811288,1.1211671427700003,0.8112983892188712,-0.9983
2025-06-30,1122469.1427700003,60149.14277000021,1062320.0,10,814260.9902340292,3936.079,0.0011612898294390828,0.003651678660437696,-0.0024903888309986133,0.1224691427700002,-0.1857390097659708,1.1224691427700002,0.8142609902340292,-0.8833
2025-07-01,1122053.1427700003,60149.14277000021,1061904.0,10,815643.5097916229,3942.762,-0.00037061152431627775,0.0016978825882303372,-0.002068494112546615,0.12205314277000023,-0.18435649020837708,1.1220531427700002,0.8156435097916229,-0.92
2025-07-02,1121843.1427700003,60149.14277000021,1061694.0,10,815834.451816411,3943.685,-0.00018715691084081332,0.000234099851829761,-0.0004212567626705743,0.12184314277000019,-0.184165548183589,1.1218431427700002,0.815834451816411,-0.9386
2025-07-03,1128935.1427700003,60149.14277000021,1068786.0,10,820878.5898341887,3968.068,0.006321739403325921,0.006182796039744698,0.00013894336358122317,0.1289351427700003,-0.1791214101658113,1.1289351427700003,0.8208785898341887,-0.3123
2025-07-04,1130022.1427700003,60149.14277000021,1069873.0,10,823802.7128248498,3982.203,0.0009628542498312243,0.0035621869383286597,-0.0025993326884974355,0.13002214277000035,-0.17619728717515026,1.1300221427700003,0.8238027128248497,-0.2163
2025-07-07,1130783.1427700003,60149.14277000021,1070634.0,10,820280.1117434931,3965.175,0.0006734381311630511,-0.0042760251046971565,0.0049494632358602075,0.13078314277000036,-0.17971988825650687,1.1307831427700004,0.8202801117434931,-0.1491
2025-07-08,1136981.1427700003,60149.14277000021,1076832.0,10,827164.3681908378,3998.453,0.0054811570544084365,0.008392567793350736,-0.0029114107389422994,0.13698114277000029,-0.17283563180916217,1.1369811427700003,0.8271643681908378,0.0
2025-07-09,1138480.1427700003,60149.14277000021,1078331.0,10,825705.5131975487,3991.401,0.0013184035720663623,-0.0017636821040537543,0.0030820856761201165,0.1384801427700002,-0.1742944868024513,1.1384801427700002,0.8257055131975487,0.0
2025-07-10,1148439.1427700003,60149.14277000021,1088290.0,10,829558.0736825207,4010.024,0.008747627319848572,0.0046657802611163035,0.004081847058732269,0.14843914277000025,-0.17044192631747934,1.1484391427700003,0.8295580736825207,0.0
2025-07-11,1156577.1427700003,60149.14277000021,1096428.0,10,830547.5381511681,4014.807,0.007086139523572399,0.001192760941081783,0.005893378582490616,0.15657714277000023,-0.1694524618488319,1.1565771427700002,0.8305475381511681,0.0
2025-07-14,1150606.1427700003,60149.14277000021,1090457.0,10,831139.3963666816,4017.668,-0.005162647418138877,0.0007126120882026132,-0.00587525950634149,0.15060614277000028,-0.16886060363331845,1.1506061427700003,0.8311393963666815,-0.5163
2025-07-15,1146972.2153700003,169181.21537000022,977791.0,9,831428.1884215074,4019.064,-0.0031582722053364876,0.0003474652460084826,-0.00350573745134497,0.14697221537000038,-0.16857181157849266,1.1469722153700004,0.8314281884215073,-0.8305
2025-07-16,1146365.2153700003,169181.21537000022,977184.0,9,828974.2834398858,4007.202,-0.0005292194456552046,-0.0029514334680910137,0.002422214022435809,0.14636521537000036,-0.17102571656011423,1.1463652153700004,0.8289742834398858,-0.8829
2025-07-17,1152982.9041700002,278717.9041700002,874265.0,8,834619.5888726519,4034.491,0.0057727578534942925,0.006809988615497753,-0.0010372307620034604,0.15298290417000016,-0.16538041112734803,1.1529829041700002,0.834619588872652,-0.3108
2025-07-18,1155049.9041700002,278717.9041700002,876332.0,8,839596.4937831097,4058.549,0.001792741238854756,0.005963081836097617,-0.004170340597242861,0.1550499041700002,-0.16040350621689026,1.1550499041700002,0.8395964937831097,-0.132
2025-07-21,1166312.9041700002,278717.9041700002,887595.0,8,845194.0119919039,4085.607,0.009751093835286273,0.006666914702766924,0.003084179132519349,0.16631290417000022,-0.15480598800809608,1.1663129041700002,0.8451940119919039,0.0
2025-07-22,1177678.2324100004,76896.23241000035,1100782.0,9,852093.370029508,4118.958,0.009744664745939824,0.008163046519158446,0.0015816182267813783,0.17767823241000036,-0.14790662997049198,1.1776782324100004,0.852093370029508,0.0
2025-07-23,1169372.2324100004,76896.23241000035,1092476.0,9,852261.1424911583,4119.769,-0.007052860256237081,0.0001968944572876552,-0.0072497547135247364,0.16937223241000043,-0.14773885750884164,1.1693722324100004,0.8522611424911584,-0.7053
2025-07-24,1175590.1290500003,201937.12905000034,973653.0,8,858315.845829727,4149.037,0.005317294585647225,0.007104281817742919,-0.0017869872320956937,0.17559012905000038,-0.14168415417027302,1.1755901290500004,0.858315845829727,-0.1773
2025-07-25,1172564.1290500003,201937.12905000034,970627.0,8,853790.7474004577,4127.163,-0.0025740263763913696,-0.005272066747054938,0.002698040370663568,0.1725641290500004,-0.14620925259954232,1.1725641290500004,0.8537907474004577,-0.4343
2025-07-28,1174400.1290500003,201937.12905000034,972463.0,8,855582.4579927544,4135.824,0.0015657992211373095,0.0020985359676852777,-0.0005327367465479682,0.17440012905000035,-0.14441754200724555,1.1744001290500004,0.8555824579927545,-0.2784
2025-07-29,1182350.1290500003,201937.12905000034,980413.0,8,858933.9766748697,4152.025,0.0067694134250742,0.003917236323402573,0.002852177101671627,0.18235012905000025,-0.1410660233251303,1.1823501290500003,0.8589339766748697,0.0
2025-07-30,1177761.1290500003,201937.12905000034,975824.0,8,858771.1691196064,4151.238,-0.0038812530123265576,-0.0001895460648716485,-0.003691706947454909,0.1777611290500003,-0.14122883088039362,1.1777611290500003,0.8587711691196064,-0.3881
2025-07-31,1152673.1290500003,201937.12905000034,950736.0,8,843121.9910598585,4075.591,-0.021301433186401986,-0.018222756681260166,-0.0030786765051418197,0.1526731290500003,-0.15687800894014148,1.1526731290500003,0.8431219910598585,-2.51
2025-08-01,1148301.9894100004,444041.98941000033,704260.0,6,838847.6204031174,4054.929,-0.0037921762291817096,-0.005069694186683349,0.0012775179575016393,0.1483019894100004,-0.16115237959688267,1.1483019894100004,0.8388476204031173,-2.8797
2025-08-04,1148401.8206100003,557335.8206100003,591066.0,5,842110.5982546699,4070.702,8.693810593429774e-05,0.0038898338293962276,-0.00380289572346193,0.14840182061000018,-0.15788940174533006,1.1484018206100002,0.8421105982546699,-2.8713
2025-08-05,1153979.8206100003,557335.8206100003,596644.0,5,848885.2130193085,4103.45,0.004857184915500357,0.008044804065736155,-0.0031876191502357987,0.15397982061000026,-0.15111478698069147,1.1539798206100003,0.8488852130193085,-2.3995
2025-08-06,1153728.8206100003,557335.8206100003,596393.0,5,850961.1645022433,4113.485,-0.00021750813620580178,0.00244550317415837,-0.0026630113103641717,0.15372882061000026,-0.14903883549775676,1.1537288206100003,0.8509611645022432,-2.4207
2025-08-07,1152104.8206100003,557335.8206100003,594769.0,5,851205.4792706885,4114.666,-0.0014076098048251273,0.00028710448682822687,-0.0016947142916533542,0.1521048206100002,-0.14879452072931154,1.1521048206100002,0.8512054792706885,-2.5581
2025-08-08,1150686.8206100003,557335.8206100003,593351.0,5,849199.0364771672,4104.967,-0.0012307907879850477,-0.0023571779580653374,0.0011263871700802897,0.15068682061000027,-0.1508009635228328,1.1506868206100003,0.8491990364771672,-2.678
2025-08-11,1153183.8206100003,557335.8206100003,595848.0,5,852828.3830458377,4122.511,0.00217000834221448,0.004273846781228885,-0.002103838439014405,0.15318382061000024,-0.14717161695416225,1.1531838206100002,0.8528283830458377,-2.4668
2025-08-12,1154910.8206100003,557335.8206100003,597575.0,5,857237.6336594173,4143.825,0.0014975929848604075,0.005170149940169733,-0.003672556955309325,0.15491082061000028,-0.1427623663405827,1.1549108206100003,0.8572376336594173,-2.3207
2025-08-13,1158596.8206100003,557335.8206100003,601261.0,5,864013.2827795532,4176.578,0.003191588418968161,0.007904050002111696,-0.004712461583143535,0.15859682061000036,-0.13598671722044675,1.1585968206100004,0.8640132827795532,-2.009
2025-08-14,1155692.8206100003,557335.8206100003,598357.0,5,863337.848639864,4173.313,-0.0025064802080770887,-0.0007817404583367882,-0.0017247397497403005,0.15569282061000034,-0.13666215136013604,1.1556928206100003,0.863337848639864,-2.2546
2025-08-15,1161169.8206100003,557335.8206100003,603834.0,5,869345.3853677589,4202.353,0.004739148588903674,0.006958500356910591,-0.0022193517680069164,0.1611698206100003,-0.13065461463224104,1.1611698206100003,0.869345385367759,-1.7914
2025-08-18,1175311.8206100003,557335.8206100003,617976.0,5,877012.0283132062,4239.413,0.012179097104479286,0.008818868857518591,0.0033602282469606948,0.1753118206100004,-0.12298797168679387,1.1753118206100004,0.8770120283132061,-0.5953
2025-08-19,1179183.6022100002,439213.6022100003,739970.0,8,873694.022749201,4223.374,0.0032942590486244594,-0.003783306792709329,0.007077565841333788,0.17918360221000018,-0.12630597725079895,1.1791836022100002,0.873694022749201,-0.2678
2025-08-20,1182433.9078100002,500606.9078100003,681827.0,7,883628.386686769,4271.396,0.0027564033233742347,0.011370529818102826,-0.008614126494728591,0.18243390781000013,-0.11637161331323098,1.1824339078100001,0.883628386686769,0.0
2025-08-21,1189826.9078100002,500606.9078100003,689220.0,7,887077.9622700214,4288.071,0.006252357912919448,0.003903875922532274,0.0023484819903871745,0.18982690781000033,-0.11292203772997855,1.1898269078100003,0.8870779622700214,0.0
2025-08-22,1189906.9078100002,500606.9078100003,689300.0,7,905681.2596298496,4377.998,6.723667070795969e-05,0.020971434474848838,-0.020904197804140878,0.1899069078100002,-0.09431874037015042,1.1899069078100002,0.9056812596298496,0.0
2025-08-25,1195428.9078100002,500606.9078100003,694822.0,7,924552.8688056587,4469.222,0.004640699170461282,0.02083692135080928,-0.016196222180347997,0.19542890781000022,-0.07544713119434132,1.1954289078100002,0.9245528688056587,0.0
2025-08-26,1192116.9078100002,500606.9078100003,691510.0,7,921112.395550782,4452.591,-0.002770553713702273,-0.003721229332532494,0.0009506756188302212,0.19211690781000024,-0.07888760444921805,1.1921169078100002,0.921112395550782,-0.2771
2025-08-27,1182971.9078100002,500606.9078100003,682365.0,7,907362.9147972417,4386.127,-0.007671227494625454,-0.014927039110486318,0.007255811615860863,0.18297190781000028,-0.09263708520275826,1.1829719078100003,0.9073629147972417,-1.0421
2025-08-28,1185771.9078100002,500606.9078100003,685165.0,7,923427.4900246756,4463.782,0.0023669201115550376,0.01770468570563488,-0.015337765594079844,0.1857719078100002,-0.07657250997532439,1.1857719078100002,0.9234274900246756,-0.8078
2025-08-29,1188417.9078100002,500606.9078100003,687811.0,7,930249.4782710872,4496.759,0.0022314578230200333,0.007387681566886517,-0.005156223743866484,0.18841790781000034,-0.06975052172891283,1.1884179078100003,0.9302494782710872,-0.5865
2025-09-01,1187290.9078100002,500606.9078100003,686684.0,7,935825.0681433402,4523.711,-0.0009483196042349151,0.0059936500933228665,-0.006941969697557782,0.18729090781000024,-0.06417493185665979,1.1872909078100002,0.9358250681433402,-0.6808
2025-09-02,1190650.4156900002,566993.4156900003,623657.0,6,928944.9491179845,4490.453,0.0028295574891554764,-0.007351928538317232,0.010181486027472708,0.19065041569000019,-0.07105505088201547,1.1906504156900002,0.9289449491179845,-0.3997
2025-09-03,1182743.4156900002,566993.4156900003,615750.0,6,922609.9354396673,4459.83,-0.0066409081085465616,-0.006819579227307471,0.00017867111876090913,0.18274341569000008,-0.0773900645603327,1.18274341569,0.9226099354396673,-1.0612
2025-09-04,1183129.4156900002,566993.4156900003,616136.0,6,903035.5851390421,4365.209,0.00032635988066331834,-0.02121627954428773,0.02154263942495105,0.18312941569000007,-0.09696441486095786,1.18312941569,0.9030355851390421,-1.0289
2025-09-05,1177825.2477300004,642157.2477300003,535668.0,5,922712.3366338927,4460.325,-0.004483168020048223,0.02178956379866359,-0.026272731818711814,0.1778252477300004,-0.07728766336610726,1.1778252477300004,0.9227123366338927,-1.4726
2025-09-08,1176212.2477300004,642157.2477300003,534055.0,5,924211.7383626732,4467.573,-0.0013694731057164455,0.0016249936944057186,-0.002994466800122164,0.17621224773000033,-0.07578826163732677,1.1762122477300003,0.9242117383626732,-1.6075
2025-09-09,1177861.2477300004,642157.2477300003,535704.0,5,917733.5698835398,4436.258,0.0014019578551256462,-0.007009398615310913,0.00841135647043656,0.17786124773000034,-0.08226643011646018,1.1778612477300003,0.9177335698835398,-1.4696
2025-09-10,1180881.2477300004,642157.2477300003,538724.0,5,919617.5449861893,4445.365,0.002563969233065677,0.0020528562585855337,0.0005111129744801435,0.18088124773000036,-0.0803824550138107,1.1808812477300004,0.9196175449861893,-1.2169
2025-09-11,1183242.2477300004,642157.2477300003,541085.0,5,940857.0007662505,4548.035,0.0019993542996288305,0.023095966247990818,-0.021096611948361987,0.18324224773000042,-0.05914299923374944,1.1832422477300004,0.9408570007662506,-1.0194
2025-09-12,1178596.2477300004,642157.2477300003,536439.0,5,935470.69794999,4521.998,-0.0039264994204806225,-0.0057248899799584585,0.001798390559477836,0.1785962477300005,-0.06452930205000995,1.1785962477300005,0.93547069794999,-1.4081
2025-09-15,1174953.2477300004,642157.2477300003,532796.0,5,937758.2785676576,4533.056,-0.0030909652113830788,0.002445379232808298,-0.005536344444191377,0.17495324773000043,-0.06224172143234241,1.1749532477300004,0.9377582785676576,-1.7128
2025-09-16,1171908.2124900003,174090.21249000035,997818.0,8,935747.6983521477,4523.337,-0.002591622471688204,-0.0021440282229028274,-0.0004475942487853768,0.1719082124900002,-0.06425230164785234,1.1719082124900002,0.9357476983521477,-1.9676
2025-09-17,1177225.6355300003,148787.63553000035,1028438.0,8,941475.1316113935,4551.023,0.004537405731377175,0.0061207024813758615,-0.001583296749998686,0.17722563553000037,-0.05852486838860649,1.1772256355300004,0.9414751316113935,-1.5227
2025-09-18,1169494.6355300003,148787.63553000035,1020707.0,8,930528.7542553387,4498.109,-0.0065671352769338665,-0.011626836427765741,0.0050597011508318745,0.16949463553000021,-0.06947124574466135,1.1694946355300002,0.9305287542553387,-2.1695
2025-09-19,1154091.6355300003,148787.63553000035,1005304.0,8,931317.140015325,4501.92,-0.013170646133848662,0.0008472449200318533,-0.014017891053880516,0.15409163553000038,-0.06868285998467494,1.1540916355300004,0.9313171400153251,-3.4579
2025-09-22,1152168.5864500003,396032.58645000035,756136.0,6,935596.8893206519,4522.608,-0.001666288031900387,0.004595372641006401,-0.006261660672906788,0.1521685864500002,-0.06440311067934812,1.1521685864500002,0.9355968893206519,-3.6188
2025-09-23,1152864.5864500003,396032.58645000035,756832.0,6,935011.4441092215,4519.778,0.000604078264401009,-0.0006257451452789109,0.0012298234096799199,0.15286458645000023,-0.06498855589077857,1.1528645864500002,0.9350114441092214,-3.5606
2025-09-24,1159279.5864500003,396032.58645000035,763247.0,6,944588.1279158482,4566.071,0.005564400256021118,0.010242317211154983,-0.004677916955133865,0.1592795864500003,-0.05541187208415188,1.1592795864500003,0.9445881279158481,-3.024
2025-09-25,1152773.5864500003,396032.58645000035,756741.0,6,950259.9128493433,4593.488,-0.005612106066598677,0.006004505843207442,-0.011616611909806118,0.1527735864500004,-0.0497400871506567,1.1527735864500004,0.9502599128493433,-3.5682
2025-09-26,1148162.5864500003,396032.58645000035,752130.0,6,941273.6391605337,4550.049,-0.003999918157562621,-0.009456648194139161,0.00545673003657654,0.14816258645000024,-0.05872636083946636,1.1481625864500002,0.9412736391605336,-3.9539
2025-09-29,1147409.5864500003,396032.58645000035,751377.0,6,955755.4436061108,4620.053,-0.0006558304624157962,0.015385328817338007,-0.016041159279753803,0.14740958645000024,-0.044244556393889245,1.1474095864500002,0.9557554436061108,-4.0169
2025-09-30,1149041.5864500003,396032.58645000035,753009.0,6,960025.4699697638,4640.694,0.0014223342904509106,0.004467697664940262,-0.0030453633744893516,0.14904158645000032,-0.03997453003023621,1.1490415864500003,0.9600254699697638,-3.8804
2025-10-09,1152522.5864500003,396032.58645000035,756490.0,6,974255.7191584152,4709.482,0.0030294813008071575,0.014822782971684711,-0.011793301670877554,0.15252258645000039,-0.025744280841584755,1.1525225864500004,0.9742557191584152,-3.5892
2025-10-10,1147230.5864500003,396032.58645000035,751198.0,6,955089.525536996,4616.834,-0.004591667063376548,-0.019672651896747828,0.01508098483337128,0.1472305864500003,-0.044910474463004,1.1472305864500003,0.955089525536996,-4.0319
2025-10-13,1145986.5864500003,396032.58645000035,749954.0,6,950361.486559171,4593.979,-0.0010843504476719668,-0.004950362087958848,0.0038660116402868816,0.1459865864500003,-0.049638513440829035,1.1459865864500003,0.950361486559171,-4.1359
2025-10-14,1151507.5864500003,396032.58645000035,755475.0,6,939001.1601331257,4539.064,0.004817682916431698,-0.01195368981878242,0.01677137273521412,0.1515075864500004,-0.060998839866874266,1.1515075864500004,0.9390011601331257,-3.6741
2025-10-15,1153803.0065700004,521700.0065700004,632103.0,5,952907.8629222445,4606.288,0.001993404252834008,0.014810101818348187,-0.012816697565514179,0.15380300657000046,-0.0470921370777555,1.1538030065700005,0.9529078629222445,-3.4821
2025-10-16,1155243.0065700004,521700.0065700004,633543.0,5,955418.0368429152,4618.422,0.0012480466698390202,0.002634225215618402,-0.0013861785457793818,0.15524300657000034,-0.044581963157084736,1.1552430065700003,0.9554180368429153,-3.3616
2025-10-17,1148156.0065700004,521700.0065700004,626456.0,5,933864.7576049953,4514.235,-0.006134640036507877,-0.022559003919520593,0.016424363883012716,0.1481560065700005,-0.06613524239500468,1.1481560065700005,0.9338647576049953,-3.9545
2025-10-20,1149878.0065700004,521700.0065700004,628178.0,5,938826.5609251938,4538.22,0.0014997961863600917,0.005313192600739924,-0.0038133964143798327,0.1498780065700005,-0.06117343907480621,1.1498780065700005,0.9388265609251938,-3.8104
2025-10-21,1152756.0065700004,521700.0065700004,631056.0,5,953235.5467437662,4607.872,0.0025028742036599105,0.01534786766617735,-0.01284499346251744,0.15275600657000044,-0.046764453256233796,1.1527560065700004,0.9532355467437662,-3.5697
2025-10-22,1151868.9539400004,160351.9539400005,991517.0,8,950070.0051800522,4592.57,-0.0007695059708597851,-0.0033208387732993616,0.0025513328024395765,0.15186895394000044,-0.049929994819947754,1.1518689539400004,0.9500700051800522,-3.6439
2025-10-23,1143984.9539400004,160351.9539400005,983633.0,8,952919.654574913,4606.345,-0.006844528601133493,0.0029994099164520893,-0.009843938517585582,0.14398495394000044,-0.04708034542508699,1.1439849539400004,0.952919654574913,-4.3034
2025-10-24,1159152.9539400004,160351.9539400005,998801.0,8,964160.8232476778,4660.684,0.01325891564199333,0.01179655453510331,0.00146236110689002,0.15915295394000029,-0.03583917675232229,1.1591529539400003,0.9641608232476777,-3.0346
2025-10-27,1167190.9539400004,160351.9539400005,1006839.0,8,975608.03553549,4716.019,0.006934373908705105,0.011872720828101535,-0.00493834691939643,0.16719095394000028,-0.024391964464509974,1.1671909539400003,0.97560803553549,-2.3622
2025-10-28,1165354.9539400004,160351.9539400005,1005003.0,8,970633.6130782254,4691.973,-0.001573007393350978,-0.0050987920108040985,0.0035257846174531204,0.16535495394000033,-0.029366386921774623,1.1653549539400003,0.9706336130782254,-2.5157
2025-10-29,1160932.9539400004,160351.9539400005,1000581.0,8,982190.4670487439,4747.838,-0.003794552024728115,0.011906505003332457,-0.015701057028060572,0.1609329539400004,-0.01780953295125609,1.1609329539400004,0.9821904670487439,-2.8857
2025-10-30,1141899.0978600006,289012.0978600005,852887.0,7,974344.4668600773,4709.911,-0.016395310353972015,-0.00798826750196624,-0.008407042852005775,0.14189909786000054,-0.025655533139922637,1.1418990978600005,0.9743444668600774,-4.4779
2025-10-31,1141965.0055800006,391687.0055800005,750278.0,6,960020.091321178,4640.668,5.77176390834655e-05,-0.014701551685371683,0.014759269324455149,0.14196500558000058,-0.03997990867882195,1.1419650055800006,0.960020091321178,-4.4724
2025-11-03,1149091.0055800006,391687.0055800005,757404.0,6,962654.5947726156,4653.403,0.006240121164116319,0.0027442169963463048,0.0034959041677700142,0.14909100558000055,-0.03734540522738439,1.1490910055800005,0.9626545947726156,-3.8763
2025-11-04,1142238.6472600005,626190.6472600005,516048.0,4,955475.3401374615,4618.699,-0.005963286011921531,-0.007457768003330201,0.0014944819914086693,0.14223864726000057,-0.044524659862538396,1.1422386472600006,0.9554753401374616,-4.4495
2025-11-05,1143075.6472600005,626190.6472600005,516885.0,4,957245.7430065155,4627.257,0.0007327715639877663,0.0018529027329992065,-0.0011201311690114402,0.14307564726000055,-0.04275425699348445,1.1430756472600005,0.9572457430065155,-4.3795
2025-11-06,1139903.6472600005,626190.6472600005,513713.0,4,970929.4387504325,4693.403,-0.002774969449837683,0.014294861945208792,-0.017069831395046475,0.13990364726000037,-0.029070561249567528,1.1399036472600004,0.9709294387504325,-4.6448
2025-11-07,1137005.3235800005,738373.3235800004,398632.0,3,967907.2588586343,4678.794,-0.0025426040937465144,-0.0031126668645330424,0.000570062770786528,0.13700532358000062,-0.03209274114136573,1.1370053235800006,0.9679072588586343,-4.8872
2025-11-10,1126888.3235800005,738373.3235800004,388515.0,3,971270.3623223186,4695.051,-0.008897935471529173,0.003474613329845333,-0.012372548801374506,0.12688832358000046,-0.02872963767768144,1.1268883235800005,0.9712703623223186,-5.7336
2025-11-11,1128592.6244200002,982528.6244200004,146064.0,1,962398.6952226016,4652.166,0.0015123955092419816,-0.009134086083410042,0.010646481592652024,0.1285926244200002,-0.037601304777398314,1.1285926244200002,0.9623986952226017,-5.591
2025-11-12,1129129.6244200002,982528.6244200004,146601.0,1,961104.0958822722,4645.908,0.0004758138484874941,-0.001345179858156409,0.001820993706643903,0.1291296244200002,-0.03889590411772781,1.1291296244200002,0.9611040958822722,-5.5461
2025-11-13,1129487.6244200005,982528.6244200004,146959.00000000003,1,972723.2180537236,4702.074,0.00031705837156126293,0.012089348303926606,-0.011772289932365343,0.1294876244200005,-0.027276781946276474,1.1294876244200005,0.9727232180537235,-5.5161
2025-11-14,1130203.6244200002,982528.6244200004,147675.0,1,957428.410187326,4628.14,0.0006339157548249652,-0.015723699797153157,0.016357615551978122,0.13020362442000022,-0.04257158981267395,1.1302036244200002,0.957428410187326,-5.4562
2025-11-17,1128771.6244200002,982528.6244200004,146243.0,1,951204.2794183115,4598.053,-0.0012670283204363475,-0.006500883724347317,0.00523385540391097,0.12877162442000034,-0.04879572058168846,1.1287716244200003,0.9512042794183115,-5.576
2025-11-18,1129308.6244200002,982528.6244200004,146780.0,1,945027.1083888714,4568.193,0.00047573839418224573,-0.006494053026356861,0.0069697914205391065,0.12930862442000035,-0.054972891611128616,1.1293086244200004,0.9450271083888714,-5.5311
2025-11-19,1126397.3616000004,102420.3616000003,1023977.0,8,949185.010616625,4588.292,-0.002577916042654005,0.004399770324940322,-0.006977686367594327,0.12639736160000048,-0.05081498938337503,1.1263973616000005,0.949185010616625,-5.7746
2025-11-20,1122213.9571200004,61956.95712000029,1060257.0,8,944355.811671171,4564.948,-0.003713968642520271,-0.005087731992645672,0.001373763350125401,0.1222139571200005,-0.055644188328829,1.1222139571200005,0.944355811671171,-6.1246
2025-11-21,1095709.9571200004,61956.95712000029,1033753.0,8,921322.783458918,4453.608,-0.023617599684839674,-0.02439020115891788,0.000772601474078205,0.09570995712000041,-0.07867721654108206,1.0957099571200004,0.9213227834589179,-8.3417
2025-11-24,1105898.9571200004,61956.95712000029,1043942.0,8,920172.5801460013,4448.048,0.00929899371069065,-0.0012484259952830756,0.010547419705973726,0.10589895712000041,-0.07982741985399866,1.1058989571200004,0.9201725801460013,-7.4894
2025-11-25,1117080.9571200004,61956.95712000029,1055124.0,8,928935.0193052109,4490.405,0.010111231164482204,0.009522604072617957,0.0005886270918642467,0.11708095712000044,-0.07106498069478906,1.1170809571200004,0.9289350193052109,-6.554
2025-11-26,1110828.9571200004,61956.95712000029,1048872.0,8,934566.2575032149,4517.626,-0.005596729547801549,0.006062036720518638,-0.011658766268320186,0.1108289571200003,-0.06543374249678513,1.1108289571200003,0.9345662575032149,-7.077
2025-11-27,1108434.9571200004,61956.95712000029,1046478.0,8,934106.3830491477,4515.403,-0.002155147275064606,-0.0004920726062760394,-0.0016630746687885667,0.10843495712000029,-0.06589361695085239,1.1084349571200003,0.9341063830491476,-7.2772
2025-11-28,1130019.9571200004,61956.95712000029,1068063.0,8,936435.5447578037,4526.662,0.01947340244129747,0.0024934651458574653,0.016979937295440006,0.13001995712000047,-0.06356445524219634,1.1300199571200005,0.9364355447578037,-5.4716
2025-12-01,1156238.9571200004,61956.95712000029,1094282.0,8,946742.6904165723,4576.486,0.02320224508850477,0.011006786015832493,0.012195459072672277,0.15623895712000047,-0.05325730958342778,1.1562389571200005,0.9467426904165722,-3.2783
2025-12-02,1144196.9571200004,61956.95712000029,1082240.0,8,942160.2886927567,4554.335,-0.010414802170300996,-0.004840176502233451,-0.0055746256680675454,0.14419695712000036,-0.0578397113072433,1.1441969571200004,0.9421602886927567,-4.2857
2025-12-03,1159728.9571200004,61956.95712000029,1097772.0,8,937343.0882710707,4531.049,0.013574586004051925,-0.005112930866965071,0.018687516871016996,0.15972895712000046,-0.06265691172892929,1.1597289571200005,0.9373430882710707,-2.9864
2025-12-04,1157240.9571200004,61956.95712000029,1095284.0,8,940553.1071211653,4546.566,-0.0021453288587175434,0.0034245932895449194,-0.005569922148262463,0.1572409571200004,-0.059446892878834756,1.1572409571200004,0.9405531071211652,-3.1945
2025-12-05,1178266.9571200004,61956.95712000029,1116310.0,8,948408.2096382073,4584.537,0.018169076950341312,0.008351577872178773,0.00981749907816254,0.1782669571200004,-0.05159179036179262,1.1782669571200004,0.9484082096382074,-1.4356
2025-12-08,1183190.9571200004,61956.95712000029,1121234.0,8,956107.5382173669,4621.755,0.004179018999255879,0.008118158932952202,-0.003939139933696323,0.18319095712000033,-0.04389246178263306,1.1831909571200003,0.9561075382173669,-1.0237
2025-12-09,1175198.9571200004,61956.95712000029,1113242.0,8,951239.4475052173,4598.223,-0.00675461551823664,-0.005091572357253882,-0.0016630431609827578,0.17519895712000033,-0.04876055249478273,1.1751989571200003,0.9512394475052173,-1.6923
2025-12-10,1190306.9571200004,61956.95712000029,1128350.0,8,949916.2999531644,4591.827,0.012855695547096424,-0.0013909721211867732,0.014246667668283197,0.19030695712000045,-0.0500837000468356,1.1903069571200005,0.9499162999531644,-0.4285
2025-12-11,1183187.9571200004,61956.95712000029,1121231.0,8,941715.5158289492,4552.185,-0.0059808102081707615,-0.008633164968976259,0.0026523547608054976,0.18318795712000036,-0.05828448417105081,1.1831879571200004,0.9417155158289492,-1.024
2025-12-12,1201727.9571200004,61956.95712000029,1139771.0,8,947666.1630044966,4580.95,0.01566953068481891,0.006318943540299715,0.009350587144519196,0.20172795712000036,-0.052333836995503424,1.2017279571200004,0.9476661630044966,0.0
2025-12-15,1198328.9571200004,61956.95712000029,1136372.0,8,941689.6569415185,4552.06,-0.0028284271659501092,-0.00630655213438247,0.003478124968432361,0.19832895712000043,-0.058310343058481484,1.1983289571200004,0.9416896569415185,-0.2828
2025-12-16,1182469.9571200004,61956.95712000029,1120513.0,8,930414.1476662458,4497.555,-0.013234262516792272,-0.011973699819422534,-0.0012605626973697381,0.18246995712000036,-0.06958585233375414,1.1824699571200004,0.9304141476662459,-1.6025
2025-12-17,1185991.8810600003,136204.88106000033,1049787.0,10,947443.7765725927,4579.875,0.002978446867756279,0.0183032781144421,-0.015324831246685822,0.1859918810600003,-0.05255622342740729,1.1859918810600003,0.9474437765725927,-1.3095
2025-12-18,1182860.2760700004,100844.27607000031,1082016.0,9,941841.2934574118,4552.793,-0.0026404944586981838,-0.005913261824831428,0.0032727673661332446,0.18286027607000044,-0.058158706542588146,1.1828602760700004,0.9418412934574119,-1.57
2025-12-19,1186935.6103100004,63658.61031000031,1123277.0,9,945024.0053223796,4568.178,0.0034453217530814317,0.003379244345174559,6.607740790687266e-05,0.1869356103100004,-0.05497599467762038,1.1869356103100004,0.9450240053223796,-1.2309
2025-12-22,1187464.6103100004,63658.61031000031,1123806.0,9,954011.7271088854,4611.624,0.0004456855076255817,0.009510575113316655,-0.009064889605691073,0.1874646103100004,-0.04598827289111462,1.1874646103100004,0.9540117271088854,-1.1869
2025-12-23,1180725.6103100004,63658.61031000031,1117067.0,9,955896.3228248333,4620.734,-0.005675116497358745,0.0019754429242282434,-0.007650559421586989,0.18072561031000034,-0.04410367717516672,1.1807256103100003,0.9558963228248333,-1.7477
2025-12-24,1184803.6103100004,63658.61031000031,1121145.0,9,958652.8802249434,4634.059,0.003453808373758749,0.002883740981411087,0.0005700673923476618,0.18480361031000037,-0.04134711977505656,1.1848036103100004,0.9586528802249434,-1.4083
2025-12-25,1190000.6103100004,63658.61031000031,1126342.0,9,960406.5265349422,4642.536,0.00438638096202304,0.0018292818455698523,0.0025570991164531875,0.19000061031000026,-0.039593473465057816,1.1900006103100003,0.9604065265349422,-0.9759
2025-12-26,1193808.6103100004,63658.61031000031,1130150.0,9,963448.3591811877,4657.24,0.003199998358831113,0.0031672344597866164,3.2763899044496725e-05,0.1938086103100003,-0.03655164081881235,1.1938086103100003,0.9634483591811877,-0.659
2025-12-29,1183024.6103100004,63658.61031000031,1119366.0,9,959751.986376297,4639.372,-0.00903327376504659,-0.003836607089177213,-0.005196666675869377,0.1830246103100004,-0.040248013623703005,1.1830246103100004,0.959751986376297,-1.5564
2025-12-30,1180122.6103100004,63658.61031000031,1116464.0,9,962215.821170692,4651.282,-0.0024530343449402636,0.002567157796357078,-0.005020192141297342,0.18012261031000043,-0.03778417882930807,1.1801226103100004,0.9622158211706919,-1.7979
2025-12-31,1176136.6103100004,63658.61031000031,1112478.0,9,957800.7781663276,4629.94,-0.0033776151436950563,-0.004588412398990438,0.0012107972552953816,0.17613661031000039,-0.04219922183367242,1.1761366103100004,0.9578007781663276,-2.1295
2026-01-05,1189812.6103100004,63658.61031000031,1126154.0,9,975965.3019242323,4717.746,0.011627900942897673,0.01896482459815907,-0.007336923655261396,0.1898126103100004,-0.024034698075767746,1.1898126103100004,0.9759653019242323,-0.9915
2026-01-06,1200733.6103100004,63658.61031000031,1137075.0,9,991056.1348865768,4790.694,0.009178756306133407,0.01546246872977064,-0.006283712423637233,0.20073361031000037,-0.008943865113423155,1.2007336103100004,0.9910561348865768,-0.0827
2026-01-07,1192373.6103100004,63658.61031000031,1128715.0,9,988154.1471035564,4776.666,-0.006962410253379736,-0.0029281770031649446,-0.0040342332502147915,0.19237361031000044,-0.011845852896443576,1.1923736103100004,0.9881541471035564,-0.7784
2026-01-08,1200067.6103100004,63658.61031000031,1136409.0,9,980083.6917719918,4737.654,0.006452675515017159,-0.00816720281468275,0.014619878329699909,0.2000676103100003,-0.01991630822800816,1.2000676103100003,0.9800836917719918,-0.1382
2026-01-09,1206182.6103100004,63658.61031000031,1142524.0,9,984483.4263149968,4758.922,0.005095546240449167,0.004489141672228358,0.0006064045682208086,0.2061826103100004,-0.015516573685003254,1.2061826103100004,0.9844834263149967,0.0
2026-01-12,1224828.6103100004,63658.61031000031,1161170.0,9,990895.1891712082,4789.916,0.01545868746624346,0.006512819499878475,0.008945867966364984,0.22482861031000034,-0.009104810828791776,1.2248286103100003,0.9908951891712082,0.0
2026-01-13,1211676.6103100004,63658.61031000031,1148018.0,9,984919.9243348266,4761.032,-0.010737828859722076,-0.006030168378735712,-0.004707660480986364,0.2116766103100003,-0.015080075665173331,1.2116766103100003,0.9849199243348267,-1.0738
2026-01-14,1206513.2771100004,191631.27711000032,1014882.0,8,980968.4794643197,4741.931,-0.004261312924641603,-0.004011945309336351,-0.00024936761530525153,0.20651327711000045,-0.019031520535680357,1.2065132771100004,0.9809684794643196,-1.4953
2026-01-15,1191985.2771100004,191631.27711000032,1000354.0,8,982933.3411668524,4751.429,-0.012041309677751189,0.0020029814858124606,-0.01404429116356365,0.19198527711000035,-0.01706665883314762,1.1919852771100004,0.9829333411668524,-2.6815
2026-01-16,1181608.8921400001,347055.8921400001,834553.0,10,978887.7699460976,4731.873,-0.008705128468665335,-0.0041158144213037096,-0.004589314047361626,0.1816088921400001,-0.021112230053902392,1.18160889214,0.9788877699460976,-3.5286
2026-01-19,1186766.8921400001,347055.8921400001,839711.0,10,979422.1179959652,4734.456,0.004365234583380895,0.0005458726385936252,0.0038193619447872695,0.18676689214000008,-0.020577882004034875,1.18676689214,0.9794221179959651,-3.1075
2026-01-20,1171314.8921400001,347055.8921400001,824259.0,10,976199.4800088044,4718.878,-0.013020248628723308,-0.0032903463460216553,-0.009729902282701652,0.17131489214000006,-0.02380051999119559,1.17131489214,0.9761994800088044,-4.3691
2026-01-21,1170113.1617400001,404552.1617400001,765561.0,9,977066.4767865803,4723.069,-0.001025966977850401,0.0008881348490046292,-0.0019141018268550303,0.17011316174000002,-0.022933523213419682,1.17011316174,0.9770664767865803,-4.4672
2026-01-22,1178464.8148600003,507561.81486000016,670903.0,9,977198.8742902252,4723.709,0.007137474727299864,0.00013550511330651105,0.007001969613993353,0.17846481486000032,-0.022801125709774772,1.1784648148600003,0.9771988742902252,-3.7853
2026-01-23,1185573.54004,515934.54004000017,669639.0,8,972810.7245287892,4702.497,0.006032191280012311,-0.004490539108145564,0.010522730388157875,0.18557354004000004,-0.02718927547121086,1.18557354004,0.9728107245287891,-3.2049
2026-01-26,1171432.69344,635378.6934400002,536054.0,7,973734.8177300117,4706.964,-0.01192743100484761,0.0009499208611933874,-0.012877351866040998,0.17143269344000012,-0.026265182269988308,1.1714326934400001,0.9737348177300117,-4.3595
2026-01-27,1164435.7740800001,896915.7740800001,267520.0,4,973471.677691517,4705.692,-0.005972958923873728,-0.0002702378858219223,-0.005702721038051806,0.1644357740800002,-0.0265283223084829,1.1644357740800002,0.9734716776915171,-4.9307
2026-01-28,1165473.9006,1062412.9006,103061.0,2,976015.9853435963,4717.991,0.0008915275046579296,0.0026136432218684114,-0.0017221157172104817,0.1654739006000001,-0.02398401465640365,1.1654739006000001,0.9760159853435963,-4.846
2026-01-29,1160740.9006,1062412.9006,98328.0,2,983438.3135205986,4753.87,-0.0040610090003417865,0.007604719890309308,-0.011665728890651095,0.16074090060000001,-0.016561686479401372,1.1607409006,0.9834383135205986,-5.2324
2026-01-30,1156386.25516,1121112.25516,35274.0,1,973605.7301639578,4706.34,-0.003751608509486637,-0.00999816991209268,0.006246561402606043,0.15638625515999993,-0.026394269836042206,1.15638625516,0.9736057301639578,-5.5879
2026-02-02,1154210.25516,1121112.25516,33098.0,1,952844.1466236154,4605.98,-0.0018817241992373779,-0.021324426199552104,0.019442702000314727,0.15421025515999998,-0.047155853376384615,1.15421025516,0.9528441466236154,-5.7656
2026-02-03,1154818.61884,1154818.61884,0.0,0,964041.4586232977,4660.107,0.0005270821995213559,0.011751462229536491,-0.011224380030015135,0.1548186188399998,-0.03595854137670229,1.1548186188399998,0.9640414586232977,-5.7159
2026-02-04,1154818.61884,1154818.61884,0.0,0,972021.7181555042,4698.683,0.0,0.008277921515535969,-0.008277921515535969,0.1548186188399998,-0.0279782818444958,1.1548186188399998,0.9720217181555042,-5.7159
2026-02-05,1154818.61884,1154818.61884,0.0,0,966174.7134007788,4670.419,0.0,-0.006015302585852256,0.006015302585852256,0.1548186188399998,-0.03382528659922113,1.1548186188399998,0.9661747134007789,-5.7159
2026-02-06,1154818.61884,1154818.61884,0.0,0,960625.8099003542,4643.596,0.0,-0.005743167797150672,0.005743167797150672,0.1548186188399998,-0.03937419009964571,1.1548186188399998,0.9606258099003543,-5.7159
2026-02-09,1154818.61884,1154818.61884,0.0,0,976236.3030645057,4719.056,0.0,0.016250337023289818,-0.016250337023289818,0.1548186188399998,-0.023763696935494294,1.1548186188399998,0.9762363030645057,-5.7159
2026-02-10,1154818.61884,1154818.61884,0.0,0,977320.3076255999,4724.296,0.0,0.0011103915698396083,-0.0011103915698396083,0.1548186188399998,-0.02267969237440015,1.1548186188399998,0.9773203076255998,-5.7159
2026-02-11,1154818.61884,1154818.61884,0.0,0,975152.9191167102,4713.819,0.0,-0.002217684920673979,0.002217684920673979,0.1548186188399998,-0.024847080883289796,1.1548186188399998,0.9751529191167102,-5.7159
2026-02-12,1154818.61884,1154818.61884,0.0,0,976344.2897784164,4719.578,0.0,0.001221727011580187,-0.001221727011580187,0.1548186188399998,-0.023655710221583637,1.1548186188399998,0.9763442897784164,-5.7159
2026-02-13,1153196.87242,297878.87242,855318.0,8,964103.3130820319,4660.406,-0.001404329990478459,-0.012537561620975524,0.011133231630497065,0.1531968724199999,-0.0358966869179681,1.15319687242,0.9641033130820319,-5.8483
2026-02-24,1159668.87242,297878.87242,861790.0,8,973854.80296769,4707.544,0.005612224724836912,0.010114569417342567,-0.004502344692505655,0.15966887241999994,-0.026145197032309997,1.15966887242,0.97385480296769,-5.3199
2026-02-25,1148131.94842,397702.94842000003,750429.0,7,979717.9436681722,4735.886,-0.00994846397482807,0.00602054914409722,-0.01596901311892529,0.1481319484200001,-0.02028205633182778,1.14813194842,0.9797179436681722,-6.2618
2026-02-26,1152493.0641,496160.0641,656333.0,6,977853.62131997,4726.874,0.0037984446700587426,-0.0019029174266442794,0.005701362096703022,0.1524930641000002,-0.02214637868003,1.1524930641000002,0.97785362131997,-5.9058
2026-02-27,1150086.61282,620343.61282,529743.0,5,974496.7239892692,4710.647,-0.0020880397071016965,-0.0034329241693347168,0.0013448844622330203,0.15008661282000002,-0.02550327601073077,1.15008661282,0.9744967239892692,-6.1022
2026-03-02,1134792.80954,689768.80954,445024.0,4,978224.9549434745,4728.669,-0.013297957831627683,0.0038258014238807814,-0.017123759255508464,0.13479280953999995,-0.0217750450565255,1.13479280954,0.9782249549434745,-7.3509
2026-03-03,1123606.7126600002,799023.7126600001,324583.0,3,963170.324423533,4655.896,-0.009857391398641502,-0.015389742864218126,0.005532351465576624,0.12360671266000023,-0.03682967557646699,1.1236067126600002,0.963170324423533,-8.2642
2026-03-04,1117346.06354,887968.0635400001,229378.0,2,952150.0940849761,4602.625,-0.005571922140958807,-0.011441621548247571,0.005869699407288764,0.1173460635400001,-0.047849905915023916,1.11734606354,0.9521500940849761,-8.7753
2026-03-05,1118319.06354,887968.0635400001,230351.0,2,961473.1539236829,4647.692,0.0008708134675101675,0.009791586323022239,-0.008920772855512071,0.11831906353999999,-0.03852684607631718,1.11831906354,0.9614731539236828,-8.6959
2026-03-06,1120982.06354,887968.0635400001,233014.0,2,964110.1398283136,4660.439,0.0023812524411148672,0.0027426516214930086,-0.00036139918037814134,0.12098206354000007,-0.03588986017168638,1.12098206354,0.9641101398283136,-8.4785
2026-03-09,1113826.06354,887968.0635400001,225858.0,2,954804.2502908608,4615.455,-0.0063836882254848515,-0.009652309578561225,0.003268621353076373,0.11382606353999991,-0.0451957497091392,1.11382606354,0.9548042502908608,-9.0627
2026-03-10,1118613.8987800002,986793.8987800002,131820.0,1,967071.9133590737,4674.756,0.004298548397030144,0.012848354062600542,-0.008549805665570398,0.11861389878000006,-0.03292808664092628,1.11861389878,0.9670719133590737,-8.6718
2026-03-11,1118873.8987800002,986793.8987800002,132080.0,1,973224.2598565804,4704.496,0.00023243051090604538,0.00636182936606744,-0.006129398855161394,0.11887389878000021,-0.026775740143419546,1.1188738987800002,0.9732242598565805,-8.6506
2026-03-12,1118613.8987800002,986793.8987800002,131820.0,1,969720.6909163729,4687.56,-0.00023237649951746153,-0.003599960548377412,0.0033675840488599507,0.11861389878000006,-0.03027930908362708,1.11861389878,0.9697206909163729,-8.6718
2026-03-13,1117781.8987800002,986793.8987800002,130988.0,1,965910.1252645882,4669.14,-0.0007437776348991898,-0.003929549701763957,0.003185772066864767,0.11778189878000012,-0.03408987473541181,1.1177818987800001,0.9659101252645882,-8.7397
2026-03-16,1117833.8987800002,986793.8987800002,131040.0,1,966410.5464541467,4671.559,4.652070323984958e-05,0.0005180825591009075,-0.0004715618558610579,0.11783389878000006,-0.0335894535458533,1.11783389878,0.9664105464541467,-8.7355
2026-03-17,1116065.8987800002,986793.8987800002,129272.0,1,959352.104541069,4637.439,-0.001581630331598971,-0.007303771610291165,0.005722141278692194,0.11606589878000007,-0.040647895458930994,1.11606589878,0.959352104541069,-8.8798
2026-03-18,1116273.8987800002,986793.8987800002,129479.99999999999,1,963674.2624217821,4658.332,0.00018636892340073707,0.004505288371448035,-0.004318919448047298,0.11627389878000027,-0.03632573757821789,1.1162738987800003,0.9636742624217821,-8.8628
2026-03-19,1112373.8987800002,986793.8987800002,125579.99999999999,1,948142.1734043205,4583.251,-0.003493766184323066,-0.016117571697337185,0.012623805513014119,0.11237389878000026,-0.0518578265956795,1.1123738987800003,0.9481421734043205,-9.1813
2026-03-20,1108629.8987800002,986793.8987800002,121836.0,1,944784.034847023,4567.018,-0.0033657747670151617,-0.003541809078315805,0.0001760343113006435,0.10862989878000007,-0.055215965152977,1.10862989878,0.944784034847023,-9.4869
2026-03-23,1078155.6899,186620.68990000023,891535.0,8,913955.896736567,4417.997,-0.027488171583262888,-0.032629825413431734,0.005141653830168846,0.07815568990000021,-0.08604410326343293,1.0781556899000002,0.9139558967365671,-11.975
2026-03-24,1090204.6899,186620.68990000023,903584.0,8,925690.6598526085,4474.722,0.011175565934375964,0.012839528863419325,-0.001663962929043361,0.09020468990000019,-0.07430934014739154,1.0902046899000002,0.9256906598526085,-10.9912
2026-03-25,1106440.6899,186620.68990000023,919820.0,8,938670.580116212,4537.466,0.01489261617604054,0.014021876666304722,0.0008707395097358184,0.10644068990000011,-0.06132941988378793,1.1064406899,0.9386705801162121,-9.6657
2026-03-26,1094712.6899,186620.68990000023,908092.0,8,926272.381384249,4477.534,-0.01059975478763342,-0.01320825324090602,0.0026084984532726008,0.09471268990000015,-0.07372761861575106,1.0947126899000001,0.9262723813842489,-10.6232
2026-03-27,1098844.6899,186620.68990000023,912224.0,8,931451.6062299645,4502.57,0.0037745063504994736,0.005591470662199338,-0.0018169643116998646,0.09884468990000017,-0.06854839377003552,1.0988446899000002,0.9314516062299645,-10.2858
2026-03-30,1094939.2719800002,298927.2719800002,796012.0,7,929254.6351538541,4491.95,-0.003554112747594318,-0.002358652947094697,-0.0011954598004996209,0.09493927198000018,-0.0707453648461458,1.0949392719800002,0.9292546351538542,-10.6047
2026-03-31,1097544.2719800002,298927.2719800002,798617.0,7,920586.5292159916,4450.049,0.0023791273787170386,-0.00932802012489009,0.01170714750360713,0.09754427198000015,-0.0794134707840084,1.0975442719800002,0.9205865292159916,-10.392
2026-04-01,1116973.2719800002,298927.2719800002,818046.0,7,936312.4564536336,4526.067,0.017702247185846565,0.017082508529681517,0.0006197386561650475,0.11697327198000029,-0.06368754354636641,1.1169732719800003,0.9363124564536336,-8.8057
2026-04-02,1112645.2719800002,298927.2719800002,813718.0,7,926557.8635014836,4478.914,-0.0038747569960452255,-0.010418095887665957,0.006543338891620731,0.11264527198000018,-0.07344213649851639,1.1126452719800002,0.9265578635014836,-9.1591
2026-04-03,1101670.2719800002,298927.2719800002,802743.0,7,918670.902835127,4440.789,-0.009863880498471422,-0.008512108069054225,-0.0013517724294171973,0.10167027198000023,-0.08132909716487302,1.1016702719800002,0.918670902835127,-10.0551
2026-04-07,1097929.2719800002,298927.2719800002,799002.0,7,918635.1141349231,4440.616,-0.003395752881010794,-3.895704119227794e-05,-0.003356795839818516,0.09792927198000023,-0.08136488586507695,1.0979292719800002,0.918635114134923,-10.3606
2026-04-08,1123101.2719800002,298927.2719800002,824174.0,7,950687.7222829963,4595.556,0.022926795598231076,0.03489155558598167,-0.011964759987750595,0.1231012719800002,-0.04931227771700375,1.1231012719800002,0.9506877222829963,-8.3054
2026-04-09,1121242.2719800002,298927.2719800002,822315.0,7,944619.7791940634,4566.224,-0.001655238086163524,-0.006382687970726275,0.004727449884562751,0.12124227198000015,-0.05538022080593663,1.1212422719800001,0.9446197791940634,-8.4572
2026-04-10,1122943.2719800002,298927.2719800002,824016.0,7,959171.506071253,4636.566,0.0015170673123090506,0.015404850922775326,-0.013887783610466276,0.1229432719800001,-0.04082849392874699,1.12294327198,0.959171506071253,-8.3183
2026-04-13,1116601.2719800002,298927.2719800002,817674.0,7,961155.1930438351,4646.155,-0.005647658397576638,0.0020681254186827314,-0.0077157838162593695,0.11660127198000025,-0.03884480695616488,1.1166012719800003,0.9611551930438351,-8.8361
2026-04-14,1121273.4002200002,531476.4002200002,589797.0,5,972559.7898851617,4701.284,0.004184240477995482,0.011865510298300519,-0.007681269820305037,0.12127340022000022,-0.027440210114838326,1.1212734002200002,0.9725597898851617,-8.4547
2026-04-15,1118126.4002200002,531476.4002200002,586650.0,5,969241.9911922561,4685.246,-0.0028066303895040168,-0.003411408457774434,0.0006047780682704174,0.1181264002200002,-0.03075800880774393,1.1181264002200002,0.9692419911922561,-8.7116
2026-04-16,1119672.4002200002,531476.4002200002,588196.0,5,979867.3046019718,4736.608,0.0013826701522259288,0.010962498020381517,-0.009579827868155588,0.11967240022000025,-0.0201326953980282,1.1196724002200003,0.9798673046019718,-8.5854
2026-04-17,1115568.4002200002,531476.4002200002,584092.0,5,978225.5755567728,4728.672,-0.0036653578307311863,-0.001675460582763133,-0.0019898972479680532,0.11556840022000014,-0.02177442444322719,1.1155684002200001,0.9782255755567728,-8.9204
2026-04-20,1117243.4002200002,531476.4002200002,585767.0,5,984177.2570878176,4757.442,0.0015014767356889003,0.006084160626916191,-0.0045826838912272905,0.11724340022000024,-0.01582274291218233,1.1172434002200002,0.9841772570878177,-8.7837
2026-04-21,1112898.17705,107960.17705000017,1004938.0,8,986360.781542464,4767.997,-0.003889235925801371,0.0022186292549650766,-0.0061078651807664475,0.11289817705000016,-0.013639218457535907,1.1128981770500002,0.9863607815424641,-9.1385
2026-04-22,1116940.5186500002,68107.51865000016,1048833.0,8,992904.1144179228,4799.627,0.0036322654519169717,0.006633812898791724,-0.0030015474468747527,0.11694051865000032,-0.007095885582077188,1.1169405186500003,0.9929041144179228,-8.8084
2026-04-23,1110019.5186500002,68107.51865000016,1041912.0,8,990152.7287952986,4786.327,-0.006196390841264443,-0.0027710486669069168,-0.0034253421743575263,0.11001951865000015,-0.009847271204701413,1.1100195186500001,0.9901527287952986,-9.3735
2026-04-24,1101372.5186500002,68107.51865000016,1033265.0,8,986644.608690903,4769.369,-0.00778995310867725,-0.003543009075644088,-0.004246944033033162,0.1013725186500003,-0.013355391309096909,1.1013725186500003,0.9866446086909031,-10.0795
2026-04-27,1100994.5186500002,68107.51865000016,1032887.0,8,986971.0512858281,4770.947,-0.0003432081276762977,0.0003308613780985681,-0.0006740695057748658,0.10099451865000031,-0.013028948714171928,1.1009945186500003,0.9869710512858281,-10.1103
2026-04-28,1097314.5186500002,68107.51865000016,1029207.0,8,984335.7203499927,4758.208,-0.003342432625833891,-0.0026701197896352724,-0.0006723128361986186,0.09731451865000018,-0.015664279650007273,1.0973145186500002,0.9843357203499927,-10.4108
2026-04-29,1108041.5186500002,68107.51865000016,1039934.0,8,995121.7726039775,4810.347,0.009775684015552066,0.01095769667908586,-0.0011820126635337935,0.10804151865000011,-0.004878227396022505,1.1080415186500001,0.9951217726039775,-9.535
2026-04-30,1109096.5186500002,68107.51865000016,1040989.0,8,994492.8844616635,4807.307,0.000952130387032124,-0.0006319710407584056,0.0015841014277905296,0.10909651865000014,-0.005507115538336493,1.1090965186500001,0.9944928844616635,-9.4488
2026-05-06,1124271.8146100002,189993.81461000018,934278.0,7,1008929.5910075615,4877.093,0.013682574694645622,0.014516651422511462,-0.0008340767278658401,0.12427181461000014,0.008929591007561521,1.1242718146100001,1.0089295910075615,-8.2099
2026-05-07,1126220.8146100002,189993.81461000018,936227.0,7,1013773.891543275,4900.51,0.0017335665402908873,0.00480142576735787,-0.0030678592270669824,0.12622081461000034,0.013773891543275019,1.1262208146100003,1.013773891543275,-8.0507
2026-05-08,1130248.8146100002,189993.81461000018,940255.0,7,1007857.7918413349,4871.912,0.0035765632704940487,-0.005835719139436479,0.009412282409930528,0.13024881461000026,0.007857791841334949,1.1302488146100003,1.007857791841335,-7.7219
2026-05-11,1132828.8146100002,189993.81461000018,942835.0,7,1024391.9644645101,4951.837,0.0022826832168723055,0.016405263477665466,-0.01412258026079316,0.1328288146100003,0.024391964464510085,1.1328288146100003,1.02439196446451,-7.5112
2026-05-12,1123767.8146100002,189993.81461000018,933774.0,7,1023607.9229976118,4948.047,-0.007998560667897059,-0.000765372527407604,-0.007233188140489455,0.1237678146100003,0.02360792299761183,1.1237678146100003,1.0236079229976118,-8.251
2026-05-13,1124151.8146100002,189993.81461000018,934158.0,7,1034012.5049442193,4998.342,0.00034170759743035184,0.010164616463829157,-0.009822908866398805,0.12415181461000024,0.03401250494421926,1.1241518146100002,1.0340125049442193,-8.2197
2026-05-14,1103932.8146100002,189993.81461000018,913939.0,7,1016688.0847211626,4914.597,-0.017986004859152027,-0.01675455581070684,-0.0012314490484451879,0.10393281461000026,0.016688084721162566,1.1039328146100003,1.0166880847211626,-9.8704
2026-05-15,1091369.96497,459327.9649700002,632042.0,5,1005309.3467672666,4859.593,-0.011380085340101376,-0.011191965485674693,-0.00018811985442668266,0.09136996497000016,0.005309346767266687,1.0913699649700002,1.0053093467672667,-10.8961
2026-05-18,1081884.6469700001,712185.6469700002,369699.0,3,999916.4240758242,4833.524,-0.008691203079114196,-0.005364441013887111,-0.0033267620652270846,0.08188464697000009,-8.357592417573834e-05,1.08188464697,0.9999164240758243,-11.6705
2026-05-19,1083822.01193,910239.0119300002,173583.0,2,1003921.2416899878,4852.883,0.0017907315400267354,0.00400515234847254,-0.002214420808445805,0.08382201192999994,0.003921241689987864,1.08382201193,1.0039212416899879,-11.5124
2026-05-20,1083171.3294900001,954524.3294900001,128647.0,1,1003469.6420798985,4850.7,-0.0006003591298548994,-0.0004498356956060823,-0.0001505234342488171,0.08317132949000006,0.0034696420798985272,1.08317132949,1.0034696420798985,-11.5655
2026-05-21,1082347.3294900001,954524.3294900001,127823.0,1,989484.7420151894,4783.098,-0.0007607291455803411,-0.013936545240892939,0.013175816095312598,0.08234732949000012,-0.010515257984810678,1.0823473294900001,0.9894847420151893,-11.6328
2026-05-22,1085128.23873,61542.23873000003,1023586.0,8,1002310.3364386064,4845.096,0.002569331640805528,0.012961892062424596,-0.010392560421619068,0.08512823873000008,0.002310336438606342,1.08512823873,1.0023103364386063,-11.4057
2026-05-25,1087061.23873,61542.23873000003,1025519.0,8,1018136.1824172805,4921.597,0.0017813562775421676,0.015789367228224327,-0.01400801095068216,0.08706123873000005,0.018136182417280544,1.08706123873,1.0181361824172805,-11.2479
2026-05-26,1077064.57949,189943.57949000003,887121.0,7,1023566.9625199217,4947.849,-0.009196040557640672,0.005334040962720055,-0.014530081520360727,0.07706457949000001,0.02356696251992174,1.07706457949,1.0235669625199217,-12.0641
2026-05-27,1068532.2959699999,746472.29597,322060.0,7,1015358.7310361265,4908.171,-0.007921793811138222,-0.008019242301048224,9.744848991000143e-05,0.06853229596999988,0.015358731036126505,1.0685322959699999,1.0153587310361265,-12.7607
2026-05-28,1067100.2959699999,746472.29597,320628.0,7,1016608.6462189757,4914.213,-0.0013401560302864768,0.0012310084550843925,-0.0025711644853708693,0.06710029596999978,0.01660864621897562,1.0671002959699998,1.0166086462189756,-12.8776
2026-05-29,1064073.2959699999,746472.29597,317601.0,7,1012038.4498900274,4892.121,-0.0028366593200580548,-0.004495531634465255,0.0016588723144072004,0.06407329596999989,0.012038449890027447,1.0640732959699999,1.0120384498900274,-13.1247
2026-06-01,1069318.2959699999,746472.29597,322846.0,7,1002136.5647150724,4844.256,0.004929171721407277,-0.009784099780034028,0.014713271501441305,0.06931829596999983,0.0021365647150723976,1.0693182959699998,1.0021365647150724,-12.6965
2026-06-02,1065759.2959699999,746472.29597,319287.0,7,1016680.2236193838,4914.559,-0.0033282886988963423,0.014512651684799538,-0.01784094038369588,0.06575929596999996,0.016680223619383705,1.06575929597,1.0166802236193837,-12.9871
2026-06-03,1063797.2959699999,746472.29597,317325.0,7,1021696.8477809351,4938.809,-0.0018409410149355931,0.004934318623502021,-0.006775259638437614,0.06379729596999995,0.02169684778093517,1.06379729597,1.0216968477809352,-13.1473
2026-06-04,1060464.03425,792834.03425,267630.0,6,1014649.9906494264,4904.745,-0.003133361715269678,-0.006897209428426976,0.003763847713157298,0.06046403425000002,0.014649990649426403,1.06046403425,1.0146499906494264,-13.4194
2026-06-05,1061846.68425,834052.68425,227794.0,5,996481.5363406322,4816.92,0.0013038160233107554,-0.01790612967646643,0.019209945699777187,0.06184668424999984,-0.00351846365936781,1.0618466842499998,0.9964815363406322,-13.3065
2026-06-08,1059863.68425,834052.68425,225811.0,5,975115.0617055116,4713.636,-0.001867501240445657,-0.02144191724172273,0.019574416001277073,0.05986368424999999,-0.024884938294488346,1.05986368425,0.9751150617055117,-13.4684
2026-06-09,1060608.70025,877419.70025,183189.0,4,993355.9208991114,4801.811,0.0007029356803816,0.018706365956132176,-0.018003430275750576,0.06060870024999998,-0.0066440791008886,1.06060870025,0.9933559208991114,-13.4076
2026-06-10,1061175.70025,877419.70025,183756.0,4,982346.6547288251,4748.593,0.0005345986694869076,-0.011082901846824034,0.011617500516310941,0.061175700249999965,-0.017653345271174903,1.06117570025,0.9823466547288251,-13.3613
2026-06-11,1060914.30921,968654.30921,92260.0,2,976930.5624742446,4722.412,-0.0002463221122932513,-0.005513422607496543,0.005267100495203292,0.060914309210000184,-0.02306943752575541,1.0609143092100002,0.9769305624742446,-13.3826
2026-06-12,1063826.30921,968654.30921,95172.0,2,988289.6476736931,4777.321,0.002744802266045676,0.011627320953783826,-0.00888251868773815,0.06382630920999999,-0.011710352326306905,1.06382630921,0.9882896476736931,-13.1449
2026-06-15,1065764.30921,968654.30921,97110.0,2,1011954.0464814536,4891.713,0.0018217259558461762,0.02394480086224049,-0.022123074906394313,0.0657643092100002,0.011954046481453595,1.0657643092100002,1.0119540464814536,-12.9867
2026-06-16,1063738.30921,968654.30921,95084.0,2,1010406.4437865024,4884.232,-0.001900983155930347,-0.0015293211192071166,-0.0003716620367232304,0.06373830921000012,0.01040644378650235,1.0637383092100001,1.0104064437865024,-13.1521
2026-06-17,1063120.30921,968654.30921,94466.0,2,1020161.2436097518,4931.386,-0.0005809699572246751,0.009654332554227762,-0.010235302511452438,0.06312030921000011,0.0201612436097518,1.0631203092100001,1.0201612436097518,-13.2025
2026-06-18,1056666.30921,968654.30921,88012.0,2,1022274.0181483878,4941.599,-0.006070808679025208,0.0020710201959448504,-0.008141828874970058,0.056666309210000154,0.02227401814838781,1.0566663092100002,1.0222740181483878,-13.7295
2026-06-22,1060381.88319,865999.88319,194382.0,8,1046697.0132778148,5059.658,0.0035163172589252056,0.023890849905061406,-0.0203745326461362,0.06038188319000004,0.046697013277814836,1.06038188319,1.0466970132778148,-13.4261
2026-06-23,1052024.88319,865999.88319,186025.0,8,1017678.7904164068,4919.386,-0.007881122954363606,-0.027723612939847042,0.019842489985483436,0.05202488318999987,0.017678790416406853,1.0520248831899999,1.0176787904164069,-14.1084
2026-06-24,1050277.4463999998,898202.4463999999,152075.0,6,1022567.9819806998,4943.02,-0.001661022298922732,0.004804258092371727,-0.006465280391294459,0.05027744639999976,0.02256798198069987,1.0502774463999998,1.0225679819806999,-14.2511
2026-06-25,1050066.4463999998,898202.4463999999,151864.0,6,1038514.4338103507,5020.104,-0.00020089929639377502,0.015594515094011552,-0.015795414390405327,0.0500664463999998,0.03851443381035069,1.0500664463999998,1.0385144338103507,-14.2683
2026-06-26,1043693.4463999999,898202.4463999999,145491.0,6,1007094.2306132817,4868.221,-0.006069139740488616,-0.030254950893447874,0.024185811152959258,0.043693446399999836,0.007094230613281738,1.0436934463999998,1.0070942306132817,-14.7886
2026-06-29,1044102.1673599998,993234.1673599998,50868.0,3,1019237.564150728,4926.921,0.00039161016236111124,0.012057792774814668,-0.011666182612453557,0.044102167359999944,0.01923756415072808,1.04410216736,1.019237564150728,-14.7552
2026-06-30,1044303.1673599998,993234.1673599998,51069.0,3,1030100.7793248058,4979.433,0.00019250989633334825,0.010658177795016321,-0.010465667898682973,0.04430316735999984,0.030100779324805815,1.0443031673599998,1.0301007793248058,-14.7388
2026-07-01,1045716.1673599998,993234.1673599998,52482.0,3,1025869.0241145503,4958.977,0.00135305536185637,-0.004108098251347059,0.005461153613203429,0.04571616735999995,0.025869024114550276,1.04571616736,1.0258690241145503,-14.6235
2026-07-02,1044314.1673599998,993234.1673599998,51080.0,3,995524.9643767967,4812.296,-0.0013407079700598068,-0.029578882902663084,0.028238174932603277,0.04431416735999982,-0.004475035623203283,1.0443141673599998,0.9955249643767967,-14.7379
2026-07-03,1044498.1673599998,993234.1673599998,51264.0,3,1001705.859086027,4842.174,0.00017619218981312912,0.006208678767889664,-0.006032486578076535,0.044498167359999785,0.0017058590860270506,1.0444981673599998,1.001705859086027,-14.7229
2026-07-06,1043943.4305499998,1010351.4305499998,33592.0,2,1001669.4497725245,4841.998,-0.0005311036700065275,-3.6347310113260534e-05,-0.0004947563598932669,0.04394343054999972,0.0016694497725244783,1.0439434305499997,1.0016694497725245,-14.7682
2026-07-07,1043584.0339099998,1026802.0339099998,16782.0,1,991380.5087705071,4792.262,-0.0003442683094529997,-0.010271792759930953,0.009927524450477954,0.043584033909999764,-0.008619491229492904,1.0435840339099998,0.9913805087705071,-14.7975
2026-07-08,1043464.0339099998,1026802.0339099998,16662.0,1,983782.5470300757,4755.534,-0.00011498834411105552,-0.007664021708328916,0.007549033364217861,0.043464033909999866,-0.016217452969924273,1.0434640339099999,0.9837825470300757,-14.8073
2026-07-09,1043512.0339099998,1026802.0339099998,16710.0,1,1008768.2315499942,4876.313,4.600062718029818e-05,0.025397568390847614,-0.025351567763667315,0.04351203390999969,0.008768231549994177,1.0435120339099997,1.0087682315499942,-14.8034
2026-07-10,1044046.0339099998,1026802.0339099998,17244.0,1,989006.662904371,4780.787,0.0005117334373223592,-0.0195898007367451,0.02010153417406746,0.04404603390999973,-0.010993337095628997,1.0440460339099997,0.989006662904371,-14.7598
2026-07-13,1043752.0339099998,1026802.0339099998,16950.0,1,971339.0435273342,4695.383,-0.00028159677873484945,-0.017864004399275824,0.017582407620540974,0.04375203390999971,-0.028660956472665755,1.0437520339099997,0.9713390435273342,-14.7838
2026-07-14,1043848.0339099998,1026802.0339099998,17046.0,1,992257.6422321559,4796.502,9.197586867482066e-05,0.021535836373731687,-0.021443860505056866,0.043848033909999806,-0.007742357767844155,1.0438480339099998,0.9922576422321558,-14.776
2026-07-15,1044250.0339099998,1026802.0339099998,17448.0,1,990247.0620166458,4786.783,0.0003851135289245633,-0.002026268309697432,0.0024113818386219954,0.04425003390999982,-0.009752937983354193,1.0442500339099998,0.9902470620166458,-14.7432
2026-07-16,1044742.0339099998,1026802.0339099998,17940.0,1,971970.2072517424,4698.434,0.00047115152887067246,-0.018456863409099578,0.01892801493797025,0.04474203390999976,-0.028029792748257676,1.0447420339099998,0.9719702072517423,-14.703
2026-07-17,1043932.0339099998,1026802.0339099998,17130.0,1,936938.8621427544,4529.095,-0.0007753110085639836,-0.036041583216876116,0.03526627220831213,0.04393203390999978,-0.06306113785724565,1.0439320339099998,0.9369388621427543,-14.7691
2026-07-20,1049059.8162499997,757163.8162499996,291896.0,8,951259.720872963,4598.321,0.004911988686460811,0.015284731276336672,-0.01037274258987586,0.04905981624999978,-0.048740279127037045,1.0490598162499998,0.951259720872963,-14.3505
2026-07-21,1050414.8162499997,757163.8162499996,293251.0,8,980409.5137536183,4739.229,0.001291632735341608,0.030643358738983384,-0.029351726003641776,0.05041481624999977,-0.0195904862463816,1.0504148162499998,0.9804095137536184,-14.2399
2026-07-22,1053777.8162499997,757163.8162499996,296614.0,8,975861.4526323106,4717.244,0.003201592311888657,-0.0046389402158032444,0.007840532527691901,0.05377781624999978,-0.02413854736768939,1.0537778162499998,0.9758614526323106,-13.9653
2026-07-23,1058457.8162499997,757163.8162499996,301294.0,8,978086.9719201446,4728.002,0.0044411639036532335,0.002280568908456182,0.0021605949951970516,0.05845781624999957,-0.0219130280798554,1.0584578162499996,0.9780869719201446,-13.5832
2026-07-24,1049268.0606899997,777879.0606899996,271389.0,7,961783.4605728509,4649.192,-0.00868221238382294,-0.016668774674799436,0.007986562290976496,0.04926806068999978,-0.03821653942714909,1.0492680606899998,0.9617834605728509,-14.3335
2026-07-27,1050584.0108899996,893646.0108899997,156938.0,4,972796.2435518279,4702.427,0.0012541601610693842,0.011450376753638025,-0.010196216592568641,0.05058401088999953,-0.02720375644817219,1.0505840108899995,0.9727962435518278,-14.226
2026-07-28,1052577.0108899996,893646.0108899997,158931.0,4,945302.4538222334,4569.524,0.0018970401027820216,-0.02826263969648002,0.03015967979926204,0.052577010889999665,-0.054697546177766676,1.0525770108899997,0.9453024538222333,-14.0633
2026-07-29,1055017.0108899996,893646.0108899997,161371.0,4,951661.2576769865,4600.262,0.0023181201705486654,0.006726740028063949,-0.0044086198575152835,0.05501701088999966,-0.048338742323013495,1.0550170108899997,0.9516612576769865,-13.8641
2026-07-30,1057343.0108899996,893646.0108899997,163697.0,4,941205.5785688162,4549.72,0.0022047037877026554,-0.010986765536397658,0.013191469324100313,0.05734301088999949,-0.05879442143118385,1.0573430108899995,0.9412055785688161,-13.6742
2026-07-31,1056677.0108899996,893646.0108899997,163031.0,4,949165.3578621775,4588.197,-0.0006298807417655095,0.0084570039474956,-0.00908688468926111,0.05667701088999966,-0.05083464213782252,1.0566770108899997,0.9491653578621775,-13.7286
2026-08-03,1055548.0108899996,893646.0108899997,161902.0,4,939852.2278362442,4543.178,-0.0010684437991597129,-0.009811915225087398,0.008743471425927685,0.0555480108899995,-0.060147772163755886,1.0555480108899995,0.9398522278362441,-13.8208
2026-08-04,1052126.0108899996,893646.0108899997,158480.0,4,951799.4475714162,4600.93,-0.0032419179087028738,0.012711806581208185,-0.01595372448991106,0.05212601088999946,-0.0482005524285839,1.0521260108899995,0.9517994475714161,-14.1001
2026-08-05,1050865.9285699995,933197.9285699996,117668.0,3,963637.6462371802,4658.155,-0.001197653424549583,0.012437702812257534,-0.013635356236807117,0.0508659285699995,-0.03636235376281982,1.0508659285699995,0.9636376462371802,-14.203
2026-08-06,1050768.6082899997,1011191.6082899997,39577.0,1,962221.6135614763,4651.31,-9.260960637702542e-05,-0.0014694659151530676,0.0013768563087760421,0.05076860828999963,-0.0377783864385236,1.0507686082899996,0.9622216135614764,-14.211
2026-08-07,1050597.6082899997,1011191.6082899997,39406.0,1,971143.343467259,4694.437,-0.00016273801734356663,0.00927201154083468,-0.009434749558178246,0.05059760828999971,-0.028856656532741054,1.0505976082899997,0.971143343467259,-14.2249
2026-08-10,1052117.6082899997,1011191.6082899997,40926.0,1,972713.0813698507,4702.025,0.0014467956028132445,0.0016163812614802264,-0.00016958565866698194,0.05211760828999967,-0.027286918630149315,1.0521176082899997,0.9727130813698507,-14.1008
2026-08-11,1051110.6082899997,1011191.6082899997,39919.0,1,964803.1580114557,4663.789,-0.0009571173337139527,-0.008131815547556598,0.007174698213842645,0.05111060828999969,-0.035196841988544336,1.0511106082899997,0.9648031580114557,-14.183
2026-08-12,1051091.6082899997,1011191.6082899997,39900.0,1,970415.1571972112,4690.917,-1.8076118583620904e-05,0.005816729701965562,-0.005834805820549183,0.0510916082899997,-0.029584842802788835,1.0510916082899997,0.9704151571972112,-14.1846
2026-08-13,1050882.6082899997,1011191.6082899997,39691.0,1,964836.6711295658,4663.951,-0.00019884089869204313,-0.0057485561991399425,0.005549715300447899,0.050882608289999576,-0.03516332887043416,1.0508826082899996,0.9648366711295658,-14.2017
2026-08-14,1051908.6082899997,1011191.6082899997,40717.0,1,965235.9323514956,4665.881,0.0009763221809042655,0.00041381223773595543,0.00056250994316831,0.05190860828999955,-0.03476406764850437,1.0519086082899995,0.9652359323514956,-14.1179
2026-08-17,1052187.6942499995,935691.6942499995,116496.0,5,980796.1558384817,4741.098,0.0002653138854462611,0.01612064259675705,-0.01585532871131079,0.05218769424999947,-0.019203844161518213,1.0521876942499995,0.9807961558384818,-14.0951
2026-08-18,1051760.6942499995,935691.6942499995,116069.0,5,977634.1310834584,4725.813,-0.0004058211309003745,-0.0032239367336427405,0.002818115602742366,0.05176069424999952,-0.022365868916541576,1.0517606942499995,0.9776341310834584,-14.13
2026-08-19,1048143.6942499995,935691.6942499995,112452.0,5,949268.5865408009,4588.696,-0.0034389952198957685,-0.02901447856696815,0.02557548334707238,0.048143694249999536,-0.05073141345919918,1.0481436942499995,0.9492685865408008,-14.4253
2026-08-20,1049282.2943699993,946269.2943699994,103013.0,4,950107.2419779525,4592.75,0.0010863015502988738,0.0008834753925732741,0.00020282615772559964,0.04928229436999931,-0.04989275802204751,1.0492822943699993,0.9501072419779525,-14.3323
2026-08-21,1049427.2943699993,946269.2943699994,103158.0,4,955515.886872953,4618.895,0.00013818969478274212,0.0056926677916280255,-0.005554478096845283,0.049427294369999375,-0.04448411312704692,1.0494272943699994,0.9555158868729531,-14.3205
2026-08-24,1047600.2943699994,946269.2943699994,101331.0,4,943979.099399081,4563.127,-0.001740949572973216,-0.01207388347212901,0.010332933899155794,0.04760029436999935,-0.05602090060091902,1.0476002943699994,0.943979099399081,-14.4696
