date,total_equity,cash,holdings_value,num_positions,benchmark_equity,benchmark_close,strategy_return,benchmark_return,excess_return,cum_strategy_return,cum_benchmark_return,nav_strategy,nav_benchmark,drawdown_pct
2021-09-29,1000000.0,150000.0,850000.0,8,1000000.0,4833.928,0.0,0.0,0.0,0.0,0.0,1.0,1.0,0.0
2021-09-30,996481.84011,149472.2760165,847009.5640935,8,1006714.0015325011,4866.383,-0.00351815989,0.0067140015325011,-0.0102321614225011,-0.3518159890000039,0.6714001532501124,0.99648184011,1.0067140015325011,-0.3518159890000039
2021-10-08,1009087.25471,151363.0882065,857724.1665035,8,1019862.3148710533,4929.941,0.0126499190377704,0.0130606242870732,-0.0004107052493027997,0.9087254710000048,1.9862314871053277,1.00908725471,1.0198623148710533,0.0
2021-10-11,1023224.2547100001,153483.6382065,869740.6165035,8,1021155.4661136866,4936.192,0.0140096903751527,0.0012679664929051,0.012741723882247601,2.3224254710000114,2.115546611368657,1.0232242547100001,1.0211554661136866,0.0
2021-10-12,1022124.25471,153318.6382065,868805.6165035,8,1010324.7297022218,4883.837,-0.0010750331561596,-0.0106063540478164,0.0095313208916568,2.2124254710000013,1.0324729702221758,1.02212425471,1.0103247297022218,-0.10750331561597516
2021-10-13,1023530.25471,153529.5382065,870000.7165035,8,1021965.7802102142,4940.109,0.0013755666138643,0.0115220880631354,-0.0101465214492711,2.353025471000003,2.1965780210214225,1.02353025471,1.0219657802102142,0.0
2021-10-14,1016776.2547100001,152516.43820650002,864259.8165035001,8,1016484.3166882092,4913.612,-0.0065987301976858,-0.005363646834513,-0.0012350833631727997,1.6776254710000105,1.6484316688209155,1.01677625471,1.0164843166882092,-0.6598730197685811
2021-10-15,1024786.2547100001,153717.93820650002,871068.3165035001,8,1020310.6045435517,4932.108,0.0078778393603267,0.0037642369808605,0.004113602379466201,2.4786254710000177,2.0310604543551714,1.0247862547100002,1.0203106045435517,0.0
2021-10-18,1017402.2547100001,152610.33820650002,864791.9165035001,8,1008450.0637990475,4874.775,-0.0072054049964688,-0.0116244413139373,0.004419036317468501,1.740225471000012,0.8450063799047447,1.0174022547100001,1.0084500637990474,-0.7205404996468873
2021-10-19,1021483.2547100001,153222.4882065,868260.7665035,8,1018369.1192752564,4922.723,0.0040111961430273,0.0098359411460016,-0.005824745002974301,2.148325471000012,1.8369119275256418,1.0214832547100001,1.0183691192752564,-0.32231111461723866
2021-10-20,1016617.2547100004,152492.58820650005,864124.6665035003,8,1015775.3694304099,4910.185,-0.0047636610561779,-0.0025469643528589,-0.0022166967033189996,1.6617254710000307,1.5775369430409913,1.0166172547100003,1.01577536943041,-0.7971418393303471
2021-10-21,1029179.2547100002,154376.88820650004,874802.3665035001,8,1019464.0880046211,4928.016,0.0123566661315259,0.0036314314022789,0.008725234729247,2.917925471000027,1.9464088004621072,1.0291792547100003,1.019464088004621,0.0
2021-10-22,1030752.2547100004,154612.83820650005,876139.4165035003,8,1026023.7636969361,4959.725,0.0015284023582882,0.0064344352778076,-0.0049060329195194,3.0752254710000315,2.602376369693604,1.0307522547100003,1.026023763696936,0.0
2021-10-25,1030748.2547100005,154612.23820650007,876136.0165035004,8,1030119.6045948559,4979.524,-3.880660926713908e-06,0.0039919551991289,-0.003995835860055614,3.074825471000042,3.0119604594855964,1.0307482547100004,1.030119604594856,-0.0003880660926633984
2021-10-26,1029649.2547100005,154447.38820650007,875201.8665035004,8,1026721.5399153653,4963.098,-0.0010662157272429,-0.0032987088725752,0.0022324931453323003,2.964925471000046,2.67215399153653,1.0296492547100005,1.0267215399153653,-0.10700922505478103
2021-10-27,1026348.2547100005,153952.23820650007,872396.0165035004,8,1013288.5719439763,4898.164,-0.0032059460878546,-0.0130833604333422,0.0098774143454876,2.6348254710000463,1.3288571943976368,1.0263482547100005,1.0132885719439764,-0.4272607680338189
2021-10-28,1022263.2547100006,153339.48820650007,868923.7665035005,8,1006249.575914247,4864.138,-0.0039801305076065,-0.0069466845128089,0.0029665540052024,2.226325471000057,0.6249575914246908,1.0222632547100006,1.006249575914247,-0.8235732651769077
2021-10-29,1018179.2547100008,152726.88820650012,865452.3665035007,8,1015482.6468246949,4908.77,-0.0039950570278088,0.0091757265110488,-0.0131707835388576,1.8179254710000814,1.5482646824694912,1.0181792547100008,1.015482646824695,-1.2197887457968146
2021-11-01,1007881.2326200008,151182.1848930001,856699.0477270007,8,1011741.3829912248,4890.685,-0.0101141543027539,-0.003684222320459,-0.0064299319822949,0.7881232620000844,1.1741382991224736,1.0078812326200008,1.0117413829912247,-2.2188670444804584
2021-11-02,1002211.2326200007,150331.6848930001,851879.5477270006,8,1001224.2631665191,4839.846,-0.0056256628424965,-0.0103950673576401,0.004769404515143601,0.22112326200007804,0.1224263166519135,1.0022112326200008,1.0012242631665191,-2.7689507308455497
2021-11-03,1001896.232620001,150284.43489300014,851611.7977270008,8,997348.7399895088,4821.112,-0.0003143049985345,-0.0038707843183439,0.0035564793198094,0.18962326200009372,-0.26512600104912076,1.001896232620001,0.9973487399895088,-2.7995109356435948
2021-11-04,997492.6935000011,149623.90402500017,847868.7894750009,8,1007202.0104560939,4868.742,-0.0043952047893068,0.0098794634930694,-0.0142746682823762,-0.25073064999988626,0.7202010456093921,0.9974926935000011,1.007202010456094,-3.2267269907022103
2021-11-05,994526.6935000011,149179.00402500015,845347.689475001,8,1001741.4409151326,4842.346,-0.0029734553639615,-0.0054215236707962,0.0024480683068347,-0.5473306499998887,0.17414409151326193,0.9945266935000011,1.0017414409151326,-3.514477998419822
2021-11-08,989714.6935000013,148457.2040250002,841257.4894750011,8,1002948.3269092974,4848.18,-0.0048384824977047,0.0012047879271743,-0.006043270424879,-1.0285306499998703,0.2948326909297361,0.9897146935000013,1.0029483269092974,-3.981321507906363
2021-11-09,993122.6935000012,148968.40402500017,844154.289475001,8,1002651.2600104936,4846.744,0.0034434165950876,-0.0002961936231742,0.0037396102182618,-0.6877306499998737,0.2651260010493539,0.9931226935000013,1.0026512600104935,-3.650689196948304
2021-11-10,989064.6935000013,148359.7040250002,840704.9894750011,8,997365.4965485638,4821.193,-0.0040861013715219,-0.0052717865849731,0.0011856852134512,-1.0935306499998632,-0.2634503451436121,0.9890646935000014,0.9973654965485639,-4.044382247965846
2021-11-11,1008750.6935000014,151312.6040250002,857438.0894750012,8,1013389.731911606,4898.653,0.0199036525410054,0.016066562778134,0.0038370897628714,0.8750693500001461,1.3389731911606084,1.0087506935000015,1.013389731911606,-2.134514972871822
2021-11-12,1008488.6935000014,151273.30402500022,857215.3894750013,8,1011263.510751506,4888.375,-0.0002597272068195,-0.0020981277914562,0.0018384005846367,0.8488693500001476,1.1263510751506,1.0084886935000015,1.011263510751506,-2.159933301941953
2021-11-15,1014356.6935000014,152153.5040250002,862203.1894750012,8,1010022.9047681317,4882.378,0.0058186076232891,-0.0012267880430614,0.0070453956663505,1.435669350000146,1.0022904768131724,1.0143566935000015,1.0100229047681317,-1.5906403439895171
2021-11-16,1010370.6935000014,151555.6040250002,858815.0894750012,8,1010217.9842149088,4883.321,-0.0039295841645669,0.0001931435869979,-0.0041227277515648,1.0370693500001416,1.0217984214908826,1.0103706935000014,1.0102179842149088,-1.9773482053389448
2021-11-17,1005960.6935000013,150894.10402500018,855066.5894750011,8,1010721.3015998597,4885.754,-0.0043647346744821,0.0004982265142923,-0.0048629611887744,0.596069350000139,1.0721301599859734,1.0059606935000014,1.0107213015998597,-2.405191072511791
2021-11-18,998056.6935000013,149708.5040250002,848348.1894750011,8,1000763.5612280543,4837.619,-0.0078571658426334,-0.0098521128980298,0.0019949470553963997,-0.19433064999986316,0.07635612280543214,0.9980566935000014,1.0007635612280543,-3.172009671635185
2021-11-19,1006592.6935000013,150988.9040250002,855603.7894750012,8,1011611.6748118729,4890.058,0.0085526203627428,0.0108398367047923,-0.0022872163420494997,0.6592693500001356,1.1611674811872863,1.0065926935000014,1.0116116748118729,-2.343876629869337
2021-11-22,1004448.6935000014,150667.30402500022,853781.3894750013,8,1016233.382044583,4912.399,-0.0021299578407877,0.0045686574678664,-0.0066986153086541,0.44486935000014327,1.6233382044583022,1.0044486935000014,1.016233382044583,-2.551880055542476
2021-11-23,1001658.6935000016,150248.80402500022,851409.8894750013,8,1016429.2889757575,4913.346,-0.0027776431171195,0.0001927775003616,-0.0029704206174811,0.16586935000015846,1.6429288975757572,1.0016586935000016,1.0164292889757576,-2.822556155182424
2021-11-24,1003170.6935000016,150475.60402500024,852695.0894750013,8,1017114.446057121,4916.658,0.0015094962084507,0.0006740823870334,0.0008354138214173,0.31706935000015424,1.711444605712109,1.0031706935000015,1.017114446057121,-2.675867172151739
2021-11-25,998832.6935000016,149824.90402500023,849007.7894750013,8,1012932.3399107323,4896.442,-0.0043242890049598,-0.0041117360613653,-0.0002125529435944998,-0.11673064999984106,1.2932339910732393,0.9988326935000016,1.0129323399107324,-3.09672484965645
2021-11-26,994580.6935000017,149187.10402500024,845393.5894750014,8,1005419.8159343719,4860.127,-0.0042569691878032,-0.0074166098567082,0.003159640668905,-0.5419306499998333,0.5419815934371908,0.9945806935000017,1.005419815934372,-3.509239106168672
2021-11-29,994476.6935000018,149171.50402500026,845305.1894750015,8,1003619.209884799,4851.423,-0.0001045666788825,-0.0017908997028267,0.0016863330239441999,-0.5523306499998215,0.3619209884798913,0.9944766935000018,1.003619209884799,-3.519328824578179
2021-11-30,990698.6935000017,148604.80402500025,842093.8894750014,8,999606.5311688562,4832.026,-0.0037989829472057,-0.0039982083607221,0.0001992254135164003,-0.9301306499998274,-0.039346883114377285,0.9906986935000017,0.9996065311688562,-3.8858572491085708
2021-12-01,995528.6935000016,149329.30402500022,846199.3894750013,8,1002052.7819197982,4843.851,0.004875347097649,0.0024472136532376,0.0024281334444114003,-0.4471306499998384,0.20527819197981856,0.9955286935000016,1.0020527819197982,-3.4172674422049907
2021-12-02,995375.0066400017,149306.25099600025,846068.7556440014,8,1004599.7788961702,4856.163,-0.0001543771274534,0.0025417792578674,-0.0026961563853208,-0.46249933599983306,0.4599778896170248,0.9953750066400017,1.0045997788961702,-3.432177607018861
2021-12-03,996666.0066400015,149499.90099600021,847166.1056440013,8,1013878.9820617946,4901.018,0.0012969986099589,0.0092367163128586,-0.007939717702899701,-0.33339933599983995,1.387898206179461,0.9966660066400016,1.0138789820617946,-3.3069292756084048
2021-12-06,1004197.0066400017,150629.55099600024,853567.4556440014,8,1012141.8854397514,4892.621,0.0075561922949383,-0.0017133175189317,0.00926950981387,0.4197006640001666,1.2141885439751476,1.0041970066400017,1.0121418854397515,-2.576297839626837
2021-12-07,1012605.0066400017,151890.75099600025,860714.2556440014,8,1018240.6523225019,4922.102,0.0083728590549505,0.0060256046810083,0.002347254373942201,1.2605006640001637,1.8240652322501827,1.0126050066400016,1.0182406523225018,-1.7605829128265513
2021-12-08,1012434.0066400017,151865.10099600026,860568.9056440014,8,1033513.5318523583,4995.93,-0.0001688713751943,0.0149992828267273,-0.0151681542019216,1.2434006640001716,3.351353185235828,1.0124340066400017,1.0335135318523583,-1.777172738288348
2021-12-09,1018762.0066400018,152814.30099600027,865947.7056440015,8,1050634.1840424612,5078.69,0.0062502839281357,0.0165654843042235,-0.0103152003760878,1.8762006640001827,5.063418404246112,1.0187620066400018,1.0506341840424611,-1.163252179678415
2021-12-10,1014304.006640002,152145.60099600028,862158.4056440017,8,1045757.6116152343,5055.117,-0.0043758993473883,-0.0046415512661729,0.00026565191878460005,1.4304006640001976,4.575761161523428,1.014304006640002,1.0457576116152343,-1.59575183996333
2021-12-13,1008572.0066400021,151285.80099600033,857286.2056440018,8,1051691.502231727,5083.801,-0.0056511656884684,0.0056742504673976,-0.011325416155866,0.8572006640002128,5.1691502231726805,1.0085720066400021,1.0516915022317268,-2.1518505507648436
2021-12-14,994884.0066400022,149232.60099600034,845651.4056440019,8,1044635.9565140413,5049.695,-0.0135716636094241,-0.0067087598432747,-0.006862903766149399,-0.5115993359997795,4.463595651404129,0.9948840066400022,1.0446359565140413,-3.479812719894516
2021-12-15,992426.6098400021,148863.99147600032,843562.6183640019,8,1035575.8298427297,5005.899,-0.0024700334748563,-0.0086729990623195,0.006202965587463199,-0.7573390159997806,3.557582984272978,0.9924266098400022,1.0355758298427298,-3.71822081347578
2021-12-16,994081.6098400023,149112.24147600034,844969.3683640019,8,1041540.5442530394,5034.732,0.0016676296096764,0.0057598045825533,-0.0040921749728769,-0.5918390159997733,4.1540544253039435,0.9940816098400023,1.0415405442530394,-3.557658467631996
2021-12-17,992757.6098400023,148913.64147600034,843843.968364002,8,1024996.6486881903,4954.76,-0.0013318826008793,-0.0158840629451577,0.014552180344278399,-0.7242390159997725,2.4996648688190293,0.9927576098400023,1.0249966486881903,-3.6861083443070175
2021-12-20,993419.6098400023,149012.94147600033,844406.6683640019,8,1009617.437413219,4880.418,0.0006668294389671,-0.0150041576181287,0.0156709870570958,-0.6580390159997784,0.9617437413218966,0.9934196098400022,1.009617437413219,-3.621883405969512
2021-12-21,994412.6098400023,149161.89147600034,845250.718364002,8,1016458.0440585809,4913.485,0.0009995776106734,0.0067754442344898,-0.005775866623816401,-0.5587390159997763,1.6458044058580867,0.9944126098400022,1.0164580440585809,-3.5255459984632433
2021-12-22,993088.6098400024,148963.29147600036,844125.318364002,8,1016658.5021539434,4914.454,-0.0013314392706795,0.0001972123655611,-0.0015286516362406001,-0.6911390159997644,1.6658502153943378,0.9930886098400024,1.0166585021539434,-3.6539958751382535
2021-12-23,993419.6098400023,149012.94147600033,844406.6683640019,8,1023751.0777984295,4948.739,0.0003333035911601,0.0069763599374417,-0.0066430563462816,-0.6580390159997784,2.3751077798429554,0.9934196098400022,1.0237510777984296,-3.621883405969512
2021-12-24,992095.6098400023,148814.34147600032,843281.2683640019,8,1018084.050900222,4921.345,-0.0013327701475646,-0.005535551581928,0.0042027814343634,-0.7904390159997776,1.8084050900222026,0.9920956098400022,1.018084050900222,-3.750333282644533
2021-12-27,992757.6098400023,148913.64147600034,843843.968364002,8,1017665.9644082428,4919.324,0.0006672743971791,-0.0004106600939377,0.0010779344911168,-0.7242390159997725,1.7665964408242862,0.9927576098400023,1.0176659644082429,-3.6861083443070175
2021-12-28,993088.6098400023,148963.29147600033,844125.3183640019,8,1025245.7214919231,4955.964,0.0003334147194835,0.0074481778390689,-0.007114763119585399,-0.6911390159997755,2.5245721491923057,0.9930886098400022,1.025245721491923,-3.6539958751382646
2021-12-29,992095.6098400023,148814.34147600032,843281.2683640019,8,1010250.8767197211,4883.48,-0.0009999107734807,-0.0146256106783665,0.013625699904885802,-0.7904390159997776,1.0250876719721136,0.9920956098400022,1.0102508767197211,-3.750333282644533
2021-12-30,992691.4957600023,148903.72436400034,843787.7713960019,8,1018118.3915027301,4921.511,0.0006006335620174,0.0077876841924202,-0.0071870506304028,-0.7308504239997737,1.8118391502730091,0.9926914957600023,1.01811839150273,-3.6925225024810984
2021-12-31,986648.4957600024,147997.27436400036,838651.221396002,8,1022020.3941804696,4940.373,-0.006087490449763,0.0038325628043907,-0.0099200532541537,-1.3351504239997647,2.2020394180469527,0.9866484957600024,1.0220203941804695,-4.278793351988005
2022-01-04,990996.4957600024,148649.47436400034,842347.021396002,8,1017343.4523642075,4917.765,0.0044068379151085,-0.0045761726897948,0.0089830106049033,-0.9003504239997628,1.7343452364207534,0.9909964957600024,1.0173434523642075,-3.8569655092516033
2022-01-05,1001545.4957600023,150231.82436400035,851313.6713960019,8,1007073.3366322395,4868.12,0.0106448408699062,-0.0100950330078807,0.020739873877786898,0.15454957600022912,0.7073336632239524,1.0015454957600023,1.0070733366322395,-2.833538206347681
2022-01-06,998724.4957600023,149808.67436400033,848915.821396002,8,996752.9512231066,4818.232,-0.002816646884183,-0.0102478985727548,0.0074312516885718,-0.12755042399976713,-0.3247048776893413,0.9987244957600023,0.9967529512231066,-3.1072218182058617
2022-01-07,1004702.4957600024,150705.37436400037,853997.121396002,8,997608.7769615123,4822.369,0.005985634702442,0.0008586136989667,0.0051270210034753,0.47024957600023676,-0.2391223038487711,1.0047024957600024,0.9976087769615123,-2.5272570427048917
2022-01-10,1004865.4957600025,150729.82436400038,854135.6713960022,8,1002092.914913091,4844.045,0.0001622370808154,0.0044948862270803,-0.0043326491462648995,0.4865495760002503,0.20929149130910485,1.0048654957600025,1.002092914913091,-2.511443349428422
2022-01-11,1008892.4957600025,151333.87436400037,857558.6213960021,8,992520.7822706522,4797.774,0.0040075015183542,-0.0095521408244554,0.0135596423428096,0.8892495760002506,-0.7479217729347787,1.0088924957600025,0.9925207822706522,-2.1207578106290925
2022-01-12,1000680.4957600026,150102.07436400038,850578.4213960022,8,1002410.2551796404,4845.579,-0.0081396184772034,0.0099639958030535,-0.018103614280256898,0.06804957600026196,0.24102551796403304,1.0006804957600026,1.0024102551796403,-2.9174574988883544
2022-01-13,1001337.4957600025,150200.62436400037,851136.8713960021,8,985930.9033978184,4765.919,0.0006565532183187,-0.0164397278426374,0.0170962810609561,0.13374957600025272,-1.4069096602181586,1.0013374957600025,0.9859309033978184,-2.853717643166695
2022-01-14,986114.4957600026,147917.17436400038,838197.3213960022,8,977824.2456238507,4726.732,-0.0152026664980181,-0.0082223386507408,-0.0069803278472773,-1.3885504239997348,-2.217575437614927,0.9861144957600027,0.9778242456238507,-4.330600175359925
2022-01-17,983604.4957600026,147540.67436400038,836063.8213960022,8,986211.6274797658,4767.276,-0.0025453433762431,0.0085775965296952,-0.0111229399059383,-1.639550423999736,-1.3788372520234238,0.9836044957600026,0.9862116274797658,-4.574111648512725
2022-01-18,990630.4957600028,148594.5743640004,842035.9213960023,8,995742.3859023157,4813.347,0.007143114971807,0.0096640093839752,-0.0025208944121682,-0.9369504239997273,-0.4257614097684215,0.9906304957600027,0.9957423859023158,-3.892473556731219
2022-01-19,990625.4957600026,148593.82436400038,842031.6713960022,8,988922.0526246998,4780.378,-5.047290610793453e-06,-0.0068494957874427,0.006844448496831907,-0.9374504239997306,-1.1077947375300212,0.9906254957600027,0.9889220526246998,-3.8929586393470648
2022-01-20,1009865.4957600026,151479.82436400038,858385.6713960022,8,997844.6100148803,4823.509,0.0194220722991176,0.009022508261899,0.010399564037218601,0.9865495760002618,-0.215538998511966,1.0098654957600026,0.9978446100148803,-2.026360733586184
2022-01-21,1008877.4957600026,151331.6243640004,857545.8713960022,8,988701.9417748901,4779.314,-0.0009783481108605,-0.0091624168214468,0.0081840687105863,0.8877495760002629,-1.1298058225109986,1.0088774957600026,0.98870194177489,-2.122213058476607
2022-01-24,1004040.4957600026,150606.07436400038,853434.4213960022,8,990237.752817173,4786.738,-0.0047944374022895,0.0015533610053661,-0.0063477984076556,0.4040495760002649,-0.9762247182827033,1.0040404957600026,0.990237752817173,-2.5914819810423753
2022-01-25,993857.4957600026,149078.6243640004,844778.8713960022,8,967836.3020715268,4678.451,-0.010142021206318,-0.0226222951830662,0.012480273976748201,-0.6142504239997404,-3.216369792847329,0.9938574957600026,0.9678363020715267,-3.579401236466659
2022-01-26,990828.4957600025,148624.27436400036,842204.2213960021,8,974840.9574987486,4712.311,-0.0030477206369347,0.007237438203371,-0.0102851588403057,-0.9171504239997463,-2.515904250125145,0.9908284957600025,0.9748409574987486,-3.8732642851438857
2022-01-27,980976.4957600025,147146.47436400037,833830.0213960022,8,955719.0342926106,4619.877,-0.0099431940463552,-0.0196154286081711,0.009672234561815901,-1.9023504239997435,-4.428096570738937,0.9809764957600026,0.9557190342926106,-4.829071071399406
2022-01-28,971577.5333600027,145736.63000400038,825840.9033560023,8,944112.5312582251,4563.772,-0.0095812309883309,-0.0121442627152196,0.0025630317268887006,-2.842246663999737,-5.588746874177486,0.9715775333600026,0.9441125312582251,-5.7409257248383465
2022-02-07,984783.5333600028,147717.5300040004,837066.0033560024,8,958659.2932290282,4634.09,0.0135923274741953,0.0154078687541796,-0.0018155412799843,-1.5216466639997206,-4.13407067709718,0.9847835333600028,0.9586592932290282,-4.459725519875842
2022-02-08,996597.5333600029,149489.63000400044,847107.9033560024,8,953421.9376043685,4608.773,0.0119965450272017,-0.0054632085263773,0.017459753553579,-0.3402466639997104,-4.657806239563145,0.9965975333600029,0.9534219376043686,-3.313572315163819
2022-02-09,996780.5333600029,149517.08000400043,847263.4533560025,8,962376.9737571616,4652.061,0.0001836247771787,0.0093925216104153,-0.0092088968332366,-0.32194666399970595,-3.762302624283831,0.9967805333600029,0.9623769737571617,-3.2958182914239886
2022-02-10,1000653.533360003,150098.03000400044,850555.5033560025,8,959853.5600861266,4639.863,0.0038855092674661,-0.00262206364018,0.0065075729076461,0.06535333600030668,-4.014643991387345,1.000653533360003,0.9598535600861265,-2.9200732971925882
2022-02-11,1004184.533360003,150627.68000400046,853556.8533560026,8,951895.64263266,4601.395,0.0035286938808316,-0.0082907620332756,0.0118194559141072,0.41845333600030177,-4.810435736733998,1.004184533360003,0.95189564263266,-2.5775079538848122
2022-02-14,990672.5333600031,148600.88000400047,842071.6533560026,8,941612.7008925264,4551.688,-0.0134556941987433,-0.0108025935613005,-0.0026531006374428,-0.932746663999684,-5.838729910747354,0.9906725333600032,0.9416127008925265,-3.8883952149368315
2022-02-15,983892.5333600031,147583.88000400047,836308.6533560026,8,951628.3651721765,4600.103,-0.0068438356487029,0.0106367132369353,-0.0174805488856382,-1.6107466639996848,-4.837163482782348,0.9838925333600032,0.9516283651721765,-4.546167242018892
2022-02-16,987435.5333600033,148115.33000400048,839320.2033560028,8,955328.4616568572,4617.989,0.0036010030362774,0.0038881738082818,-0.00028717077200439986,-1.2564466639996774,-4.467153834314286,0.9874355333600032,0.9553284616568571,-4.202437700433083
2022-02-17,986616.5333600034,147992.4800040005,838624.0533560029,8,957640.4530642591,4629.165,-0.0008294212354432,0.0024201010439826,-0.0032495222794258,-1.3383466639996677,-4.235954693574085,0.9866165333600033,0.9576404530642592,-4.28189423290803
2022-02-18,996231.5333600034,149434.7300040005,846796.8033560029,8,962206.305100119,4651.236,0.0097454276052473,0.0047678144978628,0.004977613107384499,-0.3768466639996637,-3.7793694899881047,0.9962315333600034,0.962206305100119,-3.3490803626434245
2022-02-21,989475.5333600034,148421.3300040005,841054.2033560028,8,958705.6323553037,4634.314,-0.0067815560678088,-0.003638172735161,-0.0031433833326477995,-1.0524466639996621,-4.129436764469629,0.9894755333600034,0.9587056323553037,-4.004523993169439
2022-02-22,984027.5333600034,147604.1300040005,836423.4033560029,8,946260.060141568,4574.153,-0.0055059471571773,-0.0129816408642141,0.007475693707036801,-1.597246663999663,-5.373993985843207,0.9840275333600034,0.9462600601415679,-4.53307001139113
2022-02-23,982023.5333600034,147303.5300040005,834720.0033560029,8,956374.8156778523,4623.047,-0.0020365283816371,0.01068919207556,-0.012725720457197099,-1.7976466639996636,-4.362518432214779,0.9820235333600034,0.9563748156778522,-4.727491123820696
2022-02-24,973935.5333600033,146090.33000400048,827845.2033560028,8,936985.2012690322,4529.319,-0.0082360551710272,-0.0202740746524962,0.012038019481468999,-2.606446663999673,-6.301479873096783,0.9739355333600033,0.9369852012690322,-5.51216076320709
2022-02-25,973434.5333600033,146015.1800040005,827419.3533560027,8,946109.4579811719,4573.425,-0.0005144077640042,0.009737887748688,-0.0102522955126922,-2.6565466639996704,-5.389054201882814,0.9734345333600033,0.9461094579811719,-5.560766041314479
2022-02-28,969549.5333600033,145432.4300040005,824117.1033560027,8,947810.1452897125,4581.646,-0.0039910233989646,0.0017975587224015,-0.0057885821213661,-3.045046663999673,-5.218985471028759,0.9695495333600033,0.9478101452897124,-5.937675233823891
2022-03-01,974106.5333600034,146115.9800040005,827990.5533560029,8,955679.5219126164,4619.686,0.0047001208738739,0.0083026929623111,-0.0036025720884371995,-2.5893466639996587,-4.43204780873836,0.9741065333600034,0.9556795219126164,-5.495570937745272
2022-03-02,969342.5333600034,145401.3800040005,823941.1533560029,8,947180.2227919013,4578.601,-0.0048906355073581,-0.0088934615902466,0.0040028260828885,-3.065746663999658,-5.281977720809872,0.9693425333600034,0.9471802227919013,-5.957757654119745
2022-03-03,971175.5333600035,145676.3300040005,825499.2033560029,8,941600.2886265599,4551.628,0.0018909724240061,-0.0058911007969465,0.0077820732209526,-2.8824466639996493,-5.839971137344014,0.9711755333600035,0.9416002886265599,-5.779926367151977
2022-03-04,962538.7973800035,144380.8196070005,818157.9777730029,8,930181.4176793717,4496.43,-0.0088930740976549,-0.0121270894721623,0.003234015374507399,-3.7461202619996525,-6.981858232062832,0.9625387973800035,0.9301814176793717,-6.617832463455395
2022-03-07,955435.1645800035,143315.27468700052,812119.8898930029,8,900463.9705018383,4352.778,-0.0073801002300747,-0.031948012089591,0.0245679118595163,-4.456483541999656,-9.953602949816176,0.9554351645800034,0.9004639705018382,-7.307002219576726
2022-03-08,952983.1511000035,142947.47266500053,810035.6784350029,8,882386.1257346012,4265.391,-0.002566383958746,-0.0200761444760106,0.0175097605172646,-4.701684889999647,-11.761387426539882,0.9529831511000035,0.8823861257346012,-7.544888042168478
2022-03-09,953074.4533000037,142961.16799500055,810113.285305003,8,874308.8436567548,4226.346,9.580673057518752e-05,-0.0091539087506866,0.009249715481261788,-4.692554669999637,-12.569115634324524,0.9530744533000036,0.8743088436567548,-7.53603022016684
2022-03-10,953074.4533000037,142961.16799500055,810113.285305003,8,888063.9099299804,4292.837,0.0,0.0157325027340404,-0.0157325027340404,-4.692554669999637,-11.193609007001958,0.9530744533000036,0.8880639099299804,-7.53603022016684
2022-03-11,953074.4533000037,142961.16799500055,810113.285305003,8,890894.9409258909,4306.522,0.0,0.0031878685354229,-0.0031878685354229,-4.692554669999637,-10.910505907410906,0.9530744533000036,0.8908949409258909,-7.53603022016684
2022-03-14,953074.4533000037,142961.16799500055,810113.285305003,8,863636.7773785646,4174.758,0.0,-0.0305963838104159,0.0305963838104159,-4.692554669999637,-13.63632226214354,0.9530744533000036,0.8636367773785646,-7.53603022016684
2022-03-15,953074.4533000037,142961.16799500055,810113.285305003,8,824135.5684238593,3983.812,0.0,-0.0457382200357482,0.0457382200357482,-4.692554669999637,-17.586443157614074,0.9530744533000036,0.8241355684238593,-7.53603022016684
2022-03-16,953074.4533000037,142961.16799500055,810113.285305003,8,859773.0458542225,4156.081,0.0,0.043242251391381,-0.043242251391381,-4.692554669999637,-14.022695414577747,0.9530744533000036,0.8597730458542225,-7.53603022016684
2022-03-17,953074.4533000037,142961.16799500055,810113.285305003,8,876656.8306354608,4237.696,0.0,0.0196374902221589,-0.0196374902221589,-4.692554669999637,-12.334316936453927,0.9530744533000036,0.8766568306354607,-7.53603022016684
2022-03-18,953074.4533000037,142961.16799500055,810113.285305003,8,882491.8368664181,4265.902,0.0,0.0066559753224393,-0.0066559753224393,-4.692554669999637,-11.75081631335818,0.9530744533000036,0.8824918368664182,-7.53603022016684
2022-03-21,953074.4533000037,142961.16799500055,810113.285305003,8,881011.4672787868,4258.746,0.0,-0.0016774881373271,0.0016774881373271,-4.692554669999637,-11.898853272121324,0.9530744533000036,0.8810114672787868,-7.53603022016684
2022-03-22,953074.4533000037,142961.16799500055,810113.285305003,8,880297.5551146007,4255.295,0.0,-0.0008103324311897,0.0008103324311897,-4.692554669999637,-11.970244488539928,0.9530744533000036,0.8802975551146007,-7.53603022016684
2022-03-23,953074.4533000037,142961.16799500055,810113.285305003,8,884687.7735870313,4276.517,0.0,0.0049871983023501,-0.0049871983023501,-4.692554669999637,-11.531222641296868,0.9530744533000036,0.8846877735870313,-7.53603022016684
2022-03-24,953074.4533000037,142961.16799500055,810113.285305003,8,879472.3462989128,4251.306,0.0,-0.0058952180010041,0.0058952180010041,-4.692554669999637,-12.05276537010872,0.9530744533000036,0.8794723462989128,-7.53603022016684
2022-03-25,953074.4533000037,142961.16799500055,810113.285305003,8,863598.7130962668,4174.574,0.0,-0.018049041870898,0.018049041870898,-4.692554669999637,-13.64012869037331,0.9530744533000036,0.8635987130962669,-7.53603022016684
2022-03-28,953074.4533000037,142961.16799500055,810113.285305003,8,858197.7224319462,4148.466,0.0,-0.0062540513115826,0.0062540513115826,-4.692554669999637,-14.180227756805387,0.9530744533000036,0.8581977224319461,-7.53603022016684
2022-03-29,953074.4533000037,142961.16799500055,810113.285305003,8,855234.9145456888,4134.144,0.0,-0.0034523604628795,0.0034523604628795,-4.692554669999637,-14.476508545431122,0.9530744533000036,0.8552349145456888,-7.53603022016684
2022-03-30,953074.4533000037,142961.16799500055,810113.285305003,8,880050.137279664,4254.099,0.0,0.0290156801504735,-0.0290156801504735,-4.692554669999637,-11.994986272033593,0.9530744533000036,0.8800501372796641,-7.53603022016684
2022-03-31,953074.4533000037,142961.16799500055,810113.285305003,8,873533.2839049342,4222.597,0.0,-0.0074050932994274,0.0074050932994274,-4.692554669999637,-12.646671609506576,0.9530744533000036,0.8735332839049342,-7.53603022016684
2022-04-01,961052.1477400035,144157.8221610005,816894.325579003,8,884613.5068623306,4276.158,0.0083704839767526,0.0126843740948996,-0.004313890118147,-3.894785225999642,-11.538649313766935,0.9610521477400036,0.8846135068623306,-6.7620620426978055
2022-04-06,976747.2191400038,146512.08287100057,830235.1362690032,8,882065.4755304614,4263.841,0.0163311339940381,-0.002880389358859,0.019211523352897098,-2.325278085999627,-11.793452446953856,0.9767472191400037,0.8820654755304614,-5.2393807845892875
2022-04-07,971421.2191400038,145713.18287100055,825708.0362690032,8,870741.1446757198,4209.1,-0.0054527925911981,-0.0128384243221075,0.0073856317309094,-2.857878085999621,-12.925885532428016,0.9714212191400038,0.8707411446757198,-5.756090786984421
2022-04-08,974889.2191400039,146233.3828710006,828655.8362690033,8,875223.4207874035,4230.767,0.003570027019865,0.0051476562685606,-0.0015776292486956002,-2.5110780859996074,-12.477657921259656,0.9748892191400039,0.8752234207874034,-5.419637484636239
2022-04-11,965339.2191400039,144800.8828710006,820538.3362690033,8,848185.9887031855,4100.07,-0.0097959848283321,-0.0308920344703453,0.021096049642013198,-3.466078085999613,-15.181401129681449,0.9653392191400039,0.8481859887031855,-6.3461452808948975
2022-04-12,966441.2191400038,144966.18287100055,821475.0362690032,8,864715.6101621729,4179.973,0.0011415676252972,0.0194882038599339,-0.018346636234636702,-3.3558780859996196,-13.52843898378271,0.9664412191400038,0.8647156101621729,-6.239233072363278
2022-04-13,963990.2191400037,144598.53287100056,819391.6862690031,8,856391.944604887,4139.737,-0.0025361087166595,-0.0096258994974367,0.0070897907807772,-3.6009780859996288,-14.36080553951129,0.9639902191400037,0.8563919446048871,-6.477020570649146
2022-04-14,967140.0341800037,145071.00512700054,822069.0290530031,8,867114.2805602427,4191.568,0.0032674761397579,0.0125203605929555,-0.0092528844531976,-3.2859965819996284,-13.288571943975725,0.9671400341800037,0.8671142805602428,-6.171436466844668
2022-04-15,968496.0341800037,145274.40512700056,823221.6290530032,8,866530.6971887073,4188.747,0.0014020720392882,-0.0006730178300816,0.0020750898693697997,-3.150396581999626,-13.346930281129266,0.9684960341800037,0.8665306971887073,-6.039882061428254
2022-04-18,964428.0341800038,144664.20512700058,819763.8290530032,8,861904.4387918094,4166.384,-0.0042003269568824,-0.0053388280552634,0.0011385010983810005,-3.557196581999622,-13.809556120819067,0.9644280341800038,0.8619044387918093,-6.434545277677486
2022-04-19,968157.0341800038,145223.55512700055,822933.4790530032,8,855391.7228390687,4134.902,0.0038665404445346,-0.0075561926121067,0.0114227330566413,-3.184296581999624,-14.460827716093128,0.9681570341800038,0.8553917228390687,-6.072770662782355
2022-04-20,967140.0341800037,145071.00512700054,822069.0290530031,8,842128.5960403245,4070.789,-0.0010504494251404,-0.0155053251564365,0.014454875731296099,-3.2859965819996284,-15.787140395967548,0.9671400341800037,0.8421285960403245,-6.171436466844668
2022-04-21,965784.0341800037,144867.60512700054,820916.4290530031,8,826621.745296995,3995.83,-0.0014020720392882,-0.0184138750497755,0.0170118030104873,-3.421596581999631,-17.337825470300494,0.9657840341800037,0.8266217452969951,-6.302990872261082
2022-04-22,966462.0341800038,144969.30512700055,821492.7290530032,8,830225.4398493344,4013.25,0.0007020203026815,0.0043595448254807,-0.0036575245227992003,-3.353796581999624,-16.97745601506656,0.9664620341800038,0.8302254398493344,-6.23721366955287
2022-04-25,957309.0341800037,143596.35512700054,813712.6790530031,8,789195.2465986281,3814.913,-0.0094706255148097,-0.0494205444465207,0.039949918931711,-4.269096581999632,-21.080475340137184,0.9573090341800037,0.7891952465986282,-7.125205906113657
2022-04-26,959004.0341800036,143850.60512700054,815153.429053003,8,782825.0648334053,3784.12,0.0017705881167744,-0.0080717437068683,0.009842331823642698,-4.099596581999643,-21.71749351665947,0.9590040341800036,0.7828250648334053,-6.960762899343154
2022-04-27,957648.0341800037,143647.20512700055,814000.8290530031,8,805873.8152492163,3895.536,-0.0014139669403575,0.0294430409183641,-0.0308570078587216,-4.2351965819996344,-19.412618475078368,0.9576480341800037,0.8058738152492163,-7.092317304759558
2022-04-28,963072.0341800038,144460.80512700055,818611.2290530032,8,811163.7161331351,3921.107,0.0056638762952658,0.0065641801282287,-0.0009003038329629008,-3.6927965819996245,-18.88362838668649,0.9630720341800038,0.8111637161331351,-6.5660996830939
2022-04-29,964428.0341800037,144664.20512700055,819763.8290530031,8,830844.1913077758,4016.241,0.0014079943678921,0.024262026004391,-0.0228540316364989,-3.557196581999633,-16.915580869222424,0.9644280341800037,0.8308441913077758,-6.434545277677496
2022-05-05,963072.0341800037,144460.80512700055,818611.2290530031,8,829596.5517070204,4010.21,-0.0014060147071035,-0.0015016529137569,9.563820665340001e-05,-3.6927965819996356,-17.04034482929796,0.9630720341800036,0.8295965517070204,-6.566099683093911
2022-05-06,956779.0062200036,143516.85093300053,813262.155287003,8,808620.856578752,3908.815,-0.0065343273780742,-0.0252842120487455,0.0187498846706713,-4.322099377999644,-19.137914342124795,0.9567790062200036,0.808620856578752,-7.176627375974934
2022-05-09,948411.0062200036,142261.65093300052,806149.355287003,8,802129.4483492542,3877.436,-0.0087460112999969,-0.0080277526564956,-0.0007182586435013003,-5.158899377999637,-19.787055165074573,0.9484110062200036,0.8021294483492543,-7.988461641848477
2022-05-10,950156.0062200036,142523.40093300052,807632.605287003,8,810907.4028409225,3919.868,0.0018399196008436,0.0109433140869379,-0.009103394486094301,-4.984399377999638,-18.909259715907755,0.9501560062200036,0.8109074028409224,-7.81916780891954
2022-05-11,951215.0062200036,142682.25093300053,808532.755287003,8,822606.9978700583,3976.423,0.0011145538133394,0.0144277817518345,-0.0133132279384951,-4.8784993779996455,-17.73930021299417,0.9512150062200035,0.8226069978700583,-7.716427310884165
2022-05-12,947083.0062200035,142062.4509330005,805020.5552870029,8,818948.8962185651,3958.74,-0.0043439180132576,-0.004446961502838,0.00010304348958039937,-5.291699377999648,-18.105110378143497,0.9470830062200035,0.818948896218565,-8.117299584616184
2022-05-13,957374.0062200037,143606.10093300056,813767.9052870031,8,825126.0672480053,3988.6,0.0108659958339591,0.0075428040235023,0.0033231918104567994,-4.262599377999631,-17.48739327519947,0.9573740062200037,0.8251260672480053,-7.118902544689696
2022-05-16,951050.0062200038,142657.50093300056,808392.5052870032,8,818493.3660575864,3956.538,-0.0066055689405742,-0.0080384094669808,0.0014328405264065992,-4.89499937799962,-18.150663394241363,0.9510500062200038,0.8184933660575864,-7.732435037206933
2022-05-17,958135.0062200039,143720.25093300059,814414.7552870034,8,828703.4891707151,4005.893,0.0074496608523875,0.012474289391382,-0.005024628538994499,-4.186499377999608,-17.129651082928486,0.9581350062200039,0.8287034891707151,-7.045072970558487
2022-05-18,956450.0062200038,143467.50093300056,812982.5052870032,8,825810.1899738716,3991.907,-0.0017586248170261,-0.0034913563592436,0.0017327315422174998,-4.354999377999613,-17.418981002612842,0.9564500062200039,0.8258101899738716,-7.208545812097322
2022-05-19,952751.0062200038,142912.65093300058,809838.3552870032,8,827401.2355997063,3999.598,-0.0038674263954672,0.0019266480907496,-0.0057940744862168,-4.7248993779996145,-17.259876440029377,0.9527510062200039,0.8274012355997062,-7.5674099312974015
2022-05-20,964370.0062200039,144655.50093300059,819714.5052870034,8,843537.595098648,4077.6,0.012195211470936,0.0195024599972297,-0.007307248526293702,-3.5629993779996094,-15.646240490135199,0.9643700062200039,0.843537595098648,-6.4401749486032305
2022-05-23,957882.006220004,143682.3009330006,814199.7052870034,8,838651.7134719461,4053.982,-0.0067277082013683,-0.0057921326270355,-0.0009355755743328002,-4.211799377999592,-16.13482865280539,0.9578820062200041,0.8386517134719461,-7.069618150920087
2022-05-24,947784.0062200042,142167.60093300062,805616.4052870035,8,819034.5408537358,3959.154,-0.0105420082373702,-0.023391322408437,0.012849314171066798,-5.221599377999587,-18.09654591462643,0.9477840062200041,0.8190345408537357,-8.049291001875043
2022-05-25,947605.0062200043,142140.75093300064,805464.2552870036,8,824004.4121468125,3983.178,-0.0001888615959176,0.0060679630042175,-0.0062568246001351,-5.239499377999568,-17.59955878531875,0.9476050062200043,0.8240044121468125,-8.066656959522177
2022-05-26,944711.0062200044,141706.65093300067,803004.3552870037,8,826045.6092850405,3993.045,-0.0030540151022884,0.0024771677288839,-0.0055311828311723,-5.528899377999563,-17.395439071495943,0.9447110062200044,0.8260456092850406,-8.347422777571653
2022-05-27,947962.0062200045,142194.30093300066,805767.7052870038,8,827753.1233398629,4001.299,0.0034412640252896,0.0020670941599705,0.0013741698653191,-5.203799377999552,-17.224687666013704,0.9479620062200045,0.827753123339863,-8.032022060751027
2022-05-30,942056.0062200044,141308.40093300067,800747.6052870037,8,833487.3833453907,4029.018,-0.0062302074990855,0.0069275002942794,-0.0131577077933649,-5.794399377999559,-16.651261665460936,0.9420560062200044,0.8334873833453906,-8.605001646583872
2022-05-31,945546.0062200045,141831.90093300067,803714.1052870038,8,846416.8270607295,4091.518,0.0037046629679733,0.0155124648239348,-0.011807801855961501,-5.445399377999549,-15.358317293927048,0.9455460062200045,0.8464168270607295,-8.266413980725988
2022-06-01,943085.0062200044,141462.75093300064,801622.2552870037,8,844691.3152202552,4083.177,-0.0026027289881307,-0.0020386076756843,-0.0005641213124463998,-5.691499377999554,-15.53086847797448,0.9430850062200045,0.8446913152202552,-8.505171644243536
2022-06-02,940072.0062200045,141010.80093300066,799061.2052870038,8,846013.4284168109,4089.568,-0.0031948339546574,0.0015652027820494,-0.0047600367367068,-5.992799377999547,-15.398657158318906,0.9400720062200045,0.8460134284168109,-8.797482428550055
2022-06-06,943292.6498200045,141493.89747300066,801798.7523470038,8,861842.5843330761,4166.085,0.0034259541595649,0.0187102892041408,-0.0152843350445759,-5.670735017999551,-13.815741566692385,0.9432926498200045,0.8618425843330761,-8.485026784113353
2022-06-07,943778.6498200045,141566.79747300065,802211.8523470038,8,864541.010954242,4179.129,0.0005152165662403,0.0031309970871931,-0.0026157805209528,-5.622135017999552,-13.545898904575804,0.9437786498200045,0.864541010954242,-8.437876753853491
2022-06-08,943100.6498200045,141465.09747300067,801635.5523470038,8,872957.1478929803,4219.812,-0.0007183887875926,0.0097348035918491,-0.0104531923794417,-5.689935017999548,-12.704285210701972,0.9431006498200045,0.8729571478929803,-8.503653956561692
2022-06-09,949799.6498200046,142469.94747300068,807329.7023470039,8,863826.4781767578,4175.675,0.0071031655012416,-0.0104594707062778,0.0175626362075194,-5.020035017999536,-13.617352182324217,0.9497996498200046,0.8638264781767578,-7.853740267856265
2022-06-10,948545.6498200047,142281.8474730007,806263.802347004,8,876925.3493225423,4238.994,-0.0013202784400243,0.0151637759164684,-0.0164840543564927,-5.145435017999533,-12.30746506774577,0.9485456498200047,0.8769253493225423,-7.975398987909493
2022-06-13,935249.6498200046,140287.44747300068,794962.2023470039,8,866656.0610749725,4189.353,-0.0140172484081532,-0.0117105615153026,-0.0023066868928505995,-6.4750350179995415,-13.33439389250275,0.9352496498200046,0.8666560610749725,-9.26533067995715
2022-06-14,942671.6498200046,141400.7474730007,801270.9023470039,8,873474.1187704944,4222.311,0.007935849001845,0.0078670859199496,6.876308189539965e-05,-5.7328350179995375,-12.652588122950558,0.9426716498200046,0.8734741187704944,-8.545274045000946
2022-06-15,959999.6498200047,143999.9474730007,815999.702347004,8,885039.6613271896,4278.218,0.0183817981619673,0.0132408531725873,0.005140944989379998,-4.000035017999526,-11.49603386728103,0.9599996498200047,0.8850396613271897,-6.8641717315381126
2022-06-16,950510.6498200047,142576.5974730007,807934.052347004,8,879214.791780105,4250.061,-0.009884378605533,-0.0065814785501814,-0.0033029000553515993,-4.948935017999534,-12.078520821989503,0.9505106498200047,0.879214791780105,-7.7847615198834985
2022-06-17,952397.6498200046,142859.6474730007,809538.0023470039,8,891416.6698386943,4309.044,0.0019852486664482,0.0138781537488521,-0.011892905082403902,-4.760235017999537,-10.858333016130572,0.9523976498200046,0.8914166698386943,-7.601691340664646
2022-06-20,948251.6498200047,142237.7474730007,806013.9023470039,8,895841.4357847325,4330.433,-0.0043532236779286,0.0049637460188385,-0.0093169696967671,-5.174835017999535,-10.415856421526758,0.9482516498200046,0.8958414357847324,-8.003921845721019
2022-06-21,950861.6498200047,142629.2474730007,808232.4023470039,8,894834.5941437314,4325.566,0.0027524339140305,-0.0011239060851421,0.0038763399991726,-4.913835017999535,-10.516540585626855,0.9508616498200047,0.8948345941437315,-7.750708720251376
2022-06-22,943598.6498200045,141539.79747300065,802058.8523470038,8,883468.4753269019,4270.623,-0.0076383351893253,-0.0127019215520002,0.005063586362674901,-5.6401350179995475,-11.653152467309813,0.9435986498200045,0.8834684753269019,-8.455339728023807
2022-06-23,947597.6498200045,142139.64747300066,805458.0023470038,8,898622.817716776,4343.878,0.0042380306508098,0.0171532350198084,-0.0129152043689986,-5.2402350179995505,-10.13771822832239,0.9475976498200045,0.8986228177167761,-8.067370651873196
2022-06-24,947495.6498200046,142124.34747300067,805371.3023470038,8,909151.3154519516,4394.772,-0.0001076406215437,0.0117162590662078,-0.011823899687751499,-5.2504350179995445,-9.08486845480484,0.9474956498200046,0.9091513154519516,-8.077266337236372
2022-06-27,953165.6498200045,142974.84747300067,810190.8023470038,8,919389.7799057043,4444.264,0.0059841963401912,0.0112615626021099,-0.0052773662619187,-4.683435017999549,-8.061022009429564,0.9531656498200045,0.9193897799057044,-7.527182650871291
2022-06-28,958226.6498200046,143733.9974730007,814492.6523470039,8,928958.1888683536,4490.517,0.0053096751870524,0.0104073475383101,-0.0050976723512577,-4.177335017999539,-7.104181113164643,0.9582266498200046,0.9289581888683536,-7.03618202711578
2022-06-29,958757.6498200047,143813.6474730007,814944.002347004,8,914650.9836307082,4421.357,0.0005541486454168,-0.0154013446558604,0.0159554933012772,-4.124235017999533,-8.534901636929181,0.9587576498200047,0.9146509836307082,-6.98466625331333
2022-06-30,963929.6498200047,144589.4474730007,819340.202347004,8,927819.156594807,4485.011,0.0053944810776436,0.0143969374108448,-0.009002456333201198,-3.607035017999527,-7.218084340519293,0.9639296498200047,0.9278191565948071,-6.482896795486124
2022-07-01,962099.6498200048,144314.9474730007,817784.7023470041,8,924034.863572652,4466.718,-0.0018984787949428,-0.0040786967969533,0.0021802180020104997,-3.7900350179995157,-7.596513642734804,0.9620996498200048,0.924034863572652,-6.660437032884368
2022-07-04,961427.0373600047,144214.0556040007,817212.981756004,8,930098.6692395961,4496.03,-0.0006991089333894,0.0065623126420786,-0.007261421575468,-3.857296263999521,-6.990133076040383,0.9614270373600048,0.9300986692395962,-6.7256915551933485
2022-07-05,961564.0373600047,144234.6056040007,817329.431756004,8,928755.6620619965,4489.538,0.000142496512659,-0.0014439405431013,0.0015864370557603,-3.843596263999527,-7.124433793800344,0.9615640373600047,0.9287556620619966,-6.712400291519277
2022-07-06,951866.0373600047,142779.9056040007,809086.131756004,8,915191.5378135592,4423.97,-0.010085651733218,-0.0146046207872613,0.0045189690540433005,-4.813396263999525,-8.480846218644079,0.9518660373600047,0.9151915378135592,-7.653266533206858
2022-07-07,948824.0373600048,142323.6056040007,806500.4317560041,8,919226.3517371429,4443.474,-0.0031958278587572,0.0044087098239817,-0.0076045376827389,-5.117596263999513,-8.077364826285717,0.9488240373600049,0.9192263517371428,-7.948390796685258
2022-07-08,951363.037360005,142704.45560400074,808658.5817560042,8,916186.7946729911,4428.781,0.0026759440107193,-0.0033066470063739,0.0059825910170932,-4.863696263999506,-8.381320532700887,0.9513630373600049,0.9161867946729911,-7.702065844360568
2022-07-11,949556.0373600051,142433.40560400076,807122.6317560043,8,900844.406453721,4354.617,-0.0018993800778873,-0.0167459172174013,0.014846537139514001,-5.044396263999495,-9.9155593546279,0.949556037360005,0.900844406453721,-7.877374701725938
2022-07-12,950196.037360005,142529.40560400073,807666.6317560042,8,892362.8982475582,4313.618,0.0006739991899575,-0.0094150645165808,0.010089063706538299,-4.9803962639994985,-10.763710175244178,0.950196037360005,0.8923628982475582,-7.815284126898135
2022-07-13,939903.0373600051,140985.45560400074,798917.5817560042,8,893985.5951516082,4321.462,-0.0108325015000039,0.0018184271300798,-0.012650928630083701,-6.009696263999498,-10.601440484839175,0.939903037360005,0.8939855951516082,-8.813875199870944
2022-07-14,926865.037360005,139029.75560400073,787835.2817560042,8,894112.2002644686,4322.074,-0.0138716436502015,0.0001416187392133,-0.0140132623894148,-7.313496263999508,-10.588779973553141,0.9268650373600049,0.8941122002644686,-10.078776628941144
2022-07-15,924268.446100005,138640.26691500074,785628.1791850042,8,878897.4515135563,4248.527,-0.0028014771895981,-0.0170165989753993,0.0142151217858012,-7.573155389999508,-12.110254848644376,0.9242684461000049,0.8788974515135562,-10.330688885075915
2022-07-18,928384.4461000048,139257.6669150007,789126.7791850041,8,888011.9852840223,4292.586,0.0044532516687847,0.0103704177942145,-0.0059171661254298,-7.161555389999519,-11.198801471597776,0.9283844461000048,0.8880119852840223,-9.931368875714606
2022-07-19,929070.4461000048,139360.56691500073,789709.879185004,8,883203.059706314,4269.34,0.0007389180235426,-0.0054153836405375,0.0061543016640801,-7.092955389999522,-11.679694029368603,0.9290704461000048,0.883203059706314,-9.864815540821056
2022-07-20,928384.446100005,139257.66691500074,789126.7791850042,8,886195.0364175929,4283.803,-0.0007383724268483,0.0033876430548982,-0.004126015481746501,-7.161555389999508,-11.38049635824071,0.9283844461000049,0.8861950364175929,-9.931368875714593
2022-07-21,912606.446100005,136890.96691500072,775715.4791850041,8,876317.9757745714,4236.058,-0.0169951145414821,-0.0111454705083309,-0.005849644033151202,-8.739355389999503,-12.368202422542861,0.912606446100005,0.8763179757745714,-11.462095578266322
2022-07-22,913005.9352600051,136950.89028900076,776055.0449710042,8,876768.1272869646,4238.234,0.0004377452753125,0.0005136851289571,-7.593985364460007e-05,-8.699406473999494,-12.32318727130355,0.9130059352600051,0.8767681272869645,-11.42333852891963
2022-07-25,912672.538060005,136900.88070900075,775771.6573510043,8,871474.2958521562,4212.644,-0.0003651643293042,-0.0060378921975521,0.0056727278682479005,-8.732746193999496,-12.852570414784381,0.912672538060005,0.8714742958521562,-11.455683566097726
2022-07-26,912787.4107600049,136918.11161400072,775869.2991460041,8,878369.723338871,4245.976,0.0001258640916752,0.0079123704732704,-0.0077865063815952,-8.721258923999509,-12.163027666112903,0.9127874107600049,0.878369723338871,-11.444539016136765
2022-07-27,912524.3620600048,136878.65430900073,775645.7077510041,8,874037.8425164841,4225.036,-0.0002881817791297,-0.0049317282999242,0.0046435465207945,-8.747563793999513,-12.596215748351591,0.9125243620600049,0.8740378425164841,-11.47005908643475
2022-07-28,912524.3620600048,136878.65430900073,775645.7077510041,8,874169.6194068306,4225.673,0.0,0.000150767946119,-0.000150767946119,-8.747563793999513,-12.583038059316943,0.9125243620600049,0.8741696194068306,-11.47005908643475
2022-07-29,912524.3620600048,136878.65430900073,775645.7077510041,8,862673.5855395494,4170.102,0.0,-0.0131508046173944,0.0131508046173944,-8.747563793999513,-13.732641446045069,0.9125243620600049,0.8626735855395493,-11.47005908643475
2022-08-01,906820.7705200049,136023.11557800072,770797.6549420041,8,866516.4230828474,4188.678,-0.0062503444040927,0.0044545672983538,-0.010704911702446501,-9.317922947999513,-13.348357691715263,0.9068207705200049,0.8665164230828474,-12.023401707218508
2022-08-02,900293.8072800048,135044.07109200073,765249.7361880041,8,849624.570328731,4107.024,-0.0071976331510991,-0.0194939787684801,0.012296345617381,-9.970619271999514,-15.037542967126905,0.9002938072800049,0.849624570328731,-12.656624987611561
2022-08-03,894854.2513200047,134228.1376980007,760626.1136220039,8,841339.5896670412,4066.975,-0.0060419786474309,-0.0097513430649542,0.0037093644175233012,-10.514574867999526,-15.866041033295875,0.8948542513200047,0.8413395896670413,-13.184351794430968
2022-08-04,896456.0823000047,134468.4123450007,761987.6699550039,8,848489.4686060742,4101.537,0.0017900467898956,0.0084982081276627,-0.0067081613377671,-10.354391769999538,-15.151053139392578,0.8964560823000046,0.8484894686060742,-13.028947722047876
2022-08-05,899074.3672200047,134861.1550830007,764213.2121370039,8,859944.7488667648,4156.911,0.002920706291916,0.0135007925077841,-0.0105800862158681,-10.092563277999533,-14.005525113323515,0.8990743672200047,0.8599447488667649,-12.7749308224451
2022-08-08,897507.9209000048,134626.1881350007,762881.732765004,8,858116.8358320651,4148.075,-0.0017422878207989,-0.0021256168342311,0.0003833290134322,-10.249207909999525,-14.188316416793489,0.8975079209000048,0.8581168358320651,-12.926901998141496
2022-08-09,896923.9209000048,134538.58813500073,762385.332765004,8,859816.4887851088,4156.291,-0.0006506906361498,0.0019806777842734,-0.0026313684204232,-10.307607909999517,-14.018351121489125,0.8969239209000048,0.8598164887851087,-12.98355964767186
2022-08-10,895726.9209000049,134359.03813500074,761367.8827650042,8,850185.8116215266,4109.737,-0.001334561351423,-0.0112008519134007,0.0098662905619777,-10.427307909999506,-14.981418837847338,0.8957269209000049,0.8501858116215266,-13.09968842590448
2022-08-11,900120.920900005,135018.13813500074,765102.7827650042,8,867522.8509816496,4193.543,0.0049055129386812,0.0203920591512303,-0.0154865462125491,-9.987907909999494,-13.247714901835039,0.9001209209000051,0.8675228509816496,-12.67339782310232
2022-08-12,901846.1957200051,135276.92935800075,766569.2663620043,8,867028.2221828758,4191.152,0.0019167144990641,-0.0005701622709005,0.0024868767699646,-9.815380427999488,-13.29717778171241,0.9018461957200051,0.8670282221828759,-12.506017658555848
2022-08-15,899116.7352600052,134867.51028900078,764249.2249710044,8,865896.0166556111,4185.679,-0.0030265254463049,-0.0013058462208004,-0.0017206792255045002,-10.088326473999476,-13.410398334438888,0.8991167352600052,0.8658960166556111,-12.77082042251078
2022-08-16,898762.7352600051,134814.41028900075,763948.3249710043,8,864273.7334937603,4177.837,-0.0003937197319519,-0.0018735311522931,0.0014798114203412,-10.123726473999483,-13.572626650623965,0.8987627352600052,0.8642737334937604,-12.80516427171242
2022-08-17,902983.7352600052,135447.56028900077,767536.1749710044,8,872366.9446462638,4216.959,0.0046964563998961,0.0093641757684654,-0.0046677193685693,-9.70162647399948,-12.763305535373615,0.9029837352600052,0.8723669446462639,-12.39565752741841
2022-08-18,900138.0020000052,135020.70030000078,765117.3017000044,8,864741.8827918052,4180.1,-0.003151477871504,-0.0087406588491847,0.0055891809776807,-9.986199799999474,-13.52581172081948,0.9001380020000053,0.8647418827918052,-12.671740674168408
2022-08-19,902225.0020000053,135333.7503000008,766891.2517000046,8,858737.2422593024,4151.074,0.0023185333752857,-0.0069438530178705,0.0092623863931562,-9.777499799999468,-14.126275774069763,0.9022250020000053,0.8587372422593024,-12.469267190315856
2022-08-22,902461.0020000053,135369.1503000008,767091.8517000045,8,865010.1946077861,4181.397,0.0002615755487564,0.0073048565262872,-0.0070432809775308,-9.753899799999466,-13.498980539221384,0.9024610020000053,0.8650101946077862,-12.446371290848102
2022-08-23,899799.0020000053,134969.8503000008,764829.1517000045,8,860807.6082225525,4161.082,-0.0029497119477746,-0.0048584241104109,0.0019087121626363002,-10.020099799999471,-13.919239177744757,0.8997990020000053,0.8608076082225524,-12.704629275522509
2022-08-24,899739.0020000053,134960.8503000008,764778.1517000045,8,844534.7137979766,4082.42,-6.668155873323922e-05,-0.0189042177010692,0.01883753614233596,-10.026099799999466,-15.546528620202338,0.8997390020000053,0.8445347137979766,-12.71045026691261
2022-08-25,902590.0020000053,135388.5003000008,767201.5017000046,8,851531.0943812208,4116.24,0.003168696692777,0.0082843019581522,-0.005115605265375201,-9.740999799999472,-14.846890561877924,0.9025900020000053,0.8515310943812208,-12.433856159359378
2022-08-26,903015.0020000053,135452.2503000008,767562.7517000046,8,849732.5570426424,4107.546,0.0004708671700974,-0.0021121217421723,0.0025829889122697,-9.698499799999471,-15.02674429573576,0.9030150020000053,0.8497325570426424,-12.392624137012788
2022-08-29,899808.2252900052,134971.23379350078,764836.9914965044,8,846003.7054751388,4089.521,-0.0035511887431523,-0.0043882649153532,0.0008370761722008998,-10.019177470999473,-15.399629452486119,0.8998082252900053,0.8460037054751388,-12.703734463994538
2022-08-30,900640.2252900052,135096.03379350077,765544.1914965044,8,843163.9858930515,4075.794,0.0009246414698329,-0.0033566278300075,0.0042812692998404,-9.935977470999479,-15.683601410694848,0.9006402252900052,0.8431639858930515,-12.623016716718396
2022-08-31,903264.2252900053,135489.6337935008,767774.5914965045,8,843794.1152619623,4078.84,0.0029134830161012,0.0007473390460852,0.002166143970016,-9.673577470999472,-15.620588473803776,0.9032642252900053,0.8437941152619622,-12.368445359924388
2022-09-01,901920.2252900052,135288.03379350077,766632.1914965044,8,836532.9396714278,4043.74,-0.0014879367104,-0.0086053878063372,0.0071174510959371995,-9.807977470999473,-16.346706032857217,0.9019202252900053,0.8365329396714278,-12.49883556706278
2022-09-02,901056.2252900053,135158.4337935008,765897.7914965046,8,832369.2450528899,4023.613,-0.0009579561204785,-0.004977322973287,0.0040193668528085,-9.894377470999471,-16.76307549471101,0.9010562252900053,0.8323692450528899,-12.582657843080314
2022-09-05,902000.2252900053,135300.0337935008,766700.1914965045,8,830675.5913617304,4015.426,0.0010476593729722,-0.0020347384303609,0.0030823978033331003,-9.799977470999465,-16.93244086382697,0.9020002252900053,0.8306755913617303,-12.491074245209296
2022-09-06,901552.2252900053,135232.8337935008,766319.3914965045,8,838299.618860692,4052.28,-0.0004966739335968,0.0091781046394581,-0.0096747785730549,-9.844777470999466,-16.170038113930797,0.9015522252900053,0.838299618860692,-12.534537647588758
2022-09-07,900016.2252900053,135002.4337935008,765013.7914965046,8,838858.7914424929,4054.983,-0.0017037282554606,0.0006670318931563,-0.0023707601486169,-9.998377470999465,-16.114120855750713,0.9000162252900054,0.8388587914424929,-12.683555027175492
2022-09-08,900432.2252900053,135064.8337935008,765367.3914965045,8,835280.1282931867,4037.684,0.0004622138893839,-0.0042661091304204,0.0047283230198043,-9.956777470999468,-16.471987170681334,0.9004322252900053,0.8352801282931867,-12.64319615353742
2022-09-09,903520.2252900054,135528.0337935008,767992.1914965046,8,846886.217585373,4093.787,0.0034294641098673,0.0138948466497128,-0.0104653825398455,-9.647977470999457,-15.311378241462704,0.9035202252900054,0.846886217585373,-12.343609129993252
2022-09-13,905440.2252900054,135816.0337935008,769624.1914965046,8,850470.8799965633,4111.115,0.0021250216057795,0.0042327556367736,-0.0021077340309941005,-9.455977470999455,-14.952912000343666,0.9054402252900055,0.8504708799965633,-12.157337405509834
2022-09-14,903248.2252900054,135487.2337935008,767760.9914965046,8,841005.2859703387,4065.359,-0.002420921822087,-0.0111298273096228,0.0087089054875358,-9.675177470999452,-15.899471402966125,0.9032482252900055,0.8410052859703387,-12.369997624295063
2022-09-15,905424.2252900056,135813.63379350083,769610.5914965047,8,833094.5351275458,4027.119,0.0024090830616372,-0.0094063033547591,0.0118153864163963,-9.457577470999446,-16.690546487245417,0.9054242252900055,0.8330945351275458,-12.15888966988052
2022-09-16,900592.2252900056,135088.83379350082,765503.3914965047,8,813558.4559803182,3932.683,-0.0053367248909784,-0.0234500147624143,0.0181132898714359,-9.94077747099944,-18.644154401968173,0.9005922252900056,0.8135584559803183,-12.627673509830442
2022-09-19,900880.2252900056,135132.03379350083,765748.1914965047,8,812589.6786216154,3928.0,0.000319789569477,-0.0011907901043639,0.0015105796738409001,-9.911977470999444,-18.741032137838467,0.9008802252900056,0.8125896786216154,-12.599732751157935
2022-09-20,898848.2252900056,134827.23379350084,764020.9914965048,8,813590.1072585335,3932.836,-0.0022555717652098,0.0012311608961304,-0.0034867326613402,-10.115177470999448,-18.64098927414666,0.8988482252900055,0.8135901072585334,-12.796870326236217
2022-09-21,899648.2252900054,134947.2337935008,764700.9914965046,8,807569.9513935723,3903.735,0.0008900279018093,-0.0073994949191881,0.0082895228209974,-10.035177470999457,-19.243004860642777,0.8996482252900054,0.8075699513935722,-12.71925710770147
2022-09-22,898640.2252900056,134796.03379350083,763844.1914965047,8,800455.4474125449,3869.344,-0.0011204379352552,-0.0088097680810812,0.007689330145826,-10.135977470999446,-19.95445525874552,0.8986402252900055,0.8004554474125448,-12.817049763055255
2022-09-23,899088.2252900056,134863.23379350084,764224.9914965048,8,797699.3037546335,3856.021,0.0004985309887006,-0.0034432193157289,0.0039417503044295,-10.091177470999446,-20.23006962453665,0.8990882252900055,0.7976993037546335,-12.77358636067579
2022-09-26,896112.2252900057,134416.83379350085,761695.3914965048,8,793697.5892069612,3836.677,-0.0033100199916866,-0.0050165701898408,0.0017065501981542,-10.388777470999432,-20.63024107930388,0.8961122252900057,0.7936975892069612,-13.06230753362507
2022-09-27,897220.1751600057,134583.02627400085,762637.1488860048,8,805203.3460159168,3892.295,0.0012363963337755,0.014496398836806,-0.0132600025030305,-10.277982483999427,-19.47966539840832,0.8972201751600057,0.8052033460159168,-12.954818089392733
2022-09-28,897066.1751600058,134559.92627400087,762506.2488860049,8,792049.4471576798,3828.71,-0.0001716412584821,-0.0163361204636339,0.0161644792051518,-10.293382483999425,-20.79505528423202,0.8970661751600058,0.7920494471576798,-12.969758633960671
2022-09-29,894365.1751600058,134154.77627400088,760210.3988860049,8,791725.2801448487,3827.143,-0.0030109261443485,-0.0004092762314199,-0.0026016499129286,-10.56348248399942,-20.82747198551512,0.8943651751600058,0.7917252801448488,-13.231800263038638
2022-09-30,894801.1751600059,134220.17627400087,760580.998886005,8,787120.7432133926,3804.885,0.0004874966200714,-0.0058158265839557,0.0063033232040271,-10.51988248399941,-21.287925678660745,0.8948011751600059,0.7871207432133925,-13.189501058937186
2022-10-10,892208.1751600059,133831.2262740009,758376.948886005,8,769754.3281571484,3720.937,-0.0028978504633013,-0.0220632161024577,0.019165365639156398,-10.779182483999406,-23.02456718428516,0.892208175160006,0.7697543281571484,-13.441064903512961
2022-10-11,892284.838900006,133842.7258350009,758442.113065005,8,771150.708078405,3727.687,8.592584346844845e-05,0.0018140592006798,-0.0017281333572113516,-10.771516109999402,-22.884929192159497,0.892284838900006,0.771150708078405,-13.433627254005067
2022-10-12,892740.838900006,133911.1258350009,758829.7130650051,8,782863.5428579053,3784.306,0.0005110475714931,0.015188775237835,-0.0146777276663419,-10.7259161099994,-21.713645714209473,0.892740838900006,0.7828635428579053,-13.389387719440254
2022-10-13,892170.838900006,133825.6258350009,758345.2130650051,8,776319.5893691485,3752.673,-0.0006384831690934,-0.0083589963390908,0.007720513169997399,-10.782916109999396,-22.368041063085155,0.892170838900006,0.7763195893691485,-13.444687137646266
2022-10-14,892512.838900006,133876.9258350009,758635.9130650051,8,794895.993486049,3842.47,0.0003833346541808,0.0239288102107484,-0.0235454755565676,-10.748716109999402,-20.5104006513951,0.892512838900006,0.794895993486049,-13.411507486722662
2022-10-17,892398.8389000061,133859.82583500093,758539.0130650052,8,795711.4793600627,3846.412,-0.0001277292550104,0.0010259026095191,-0.0011536318645295,-10.760116109999384,-20.42885206399373,0.8923988389000062,0.7957114793600627,-13.422567370363847
2022-10-18,892398.8389000061,133859.82583500093,758539.0130650052,8,794026.5142550799,3838.267,0.0,-0.0021175578695156,0.0021175578695156,-10.760116109999384,-20.597348574492013,0.8923988389000062,0.7940265142550799,-13.422567370363847
2022-10-19,891828.8389000063,133774.32583500093,758054.5130650053,8,781255.7406730157,3776.534,-0.000638727859286,-0.016083560627752,0.015444832768466,-10.81711610999937,-21.874425932698426,0.8918288389000063,0.7812557406730157,-13.477866788569848
2022-10-20,891828.8389000063,133774.32583500093,758054.5130650053,8,776785.8768272985,3754.927,0.0,-0.005721383681439,0.005721383681439,-10.81711610999937,-22.321412317270138,0.8918288389000063,0.7767858768272986,-13.477866788569848
2022-10-21,891258.8389000064,133688.82583500096,757570.0130650054,8,774296.3900165724,3742.893,-0.0006391360933147,-0.0032048559133107,0.002565719819996,-10.874116109999365,-22.570360998342753,0.8912588389000063,0.7742963900165725,-13.533166206775856
2022-10-24,890004.8389000064,133500.72583500095,756504.1130650054,8,751639.8672053098,3633.373,-0.001406998668925,-0.0292607883794701,0.0278537897105451,-10.999516109999362,-24.836013279469014,0.8900048389000064,0.7516398672053098,-13.654824926829084
2022-10-25,890346.8389000064,133552.02583500094,756794.8130650053,8,750415.3971676925,3627.454,0.0003842675736716,-0.0016290647836045,0.0020133323572761,-10.965316109999357,-24.958460283230743,0.8903468389000064,0.7504153971676926,-13.62164527590547
2022-10-26,890118.8389000065,133517.82583500096,756601.0130650055,8,756507.5441752607,3656.903,-0.0002560799792153,0.0081183662149815,-0.0083744461941968,-10.988116109999346,-24.349245582473934,0.8901188389000065,0.7565075441752607,-13.643765043187866
2022-10-27,890118.8389000065,133517.82583500096,756601.0130650055,8,751178.9583957456,3631.145,0.0,-0.0070436650903783,0.0070436650903783,-10.988116109999346,-24.882104160425445,0.8901188389000065,0.7511789583957456,-13.643765043187866
2022-10-28,889890.8389000066,133483.62583500097,756407.2130650056,8,732598.8305990552,3541.33,-0.0002561455729683,-0.024734622274792,0.0244784767018237,-11.010916109999336,-26.74011694009448,0.8898908389000066,0.7325988305990552,-13.66588481047026
2022-10-31,888066.8389000066,133210.025835001,754856.8130650056,8,725849.2472374495,3508.703,-0.0020496896026648,-0.0092132052082127,0.007163515605547899,-11.19331610999934,-27.415075276255052,0.8880668389000066,0.7258492472374495,-13.842842948729512
2022-11-01,891366.9979800065,133705.04969700097,757661.9482830055,8,751805.3640848666,3634.173,0.003716115651934,0.0357596524983734,-0.0320435368464394,-10.863300201999348,-24.819463591513337,0.8913669979800065,0.7518053640848666,-13.522672988885143
2022-11-02,890698.9979800066,133604.849697001,757094.1482830056,8,760831.5638958693,3677.805,-0.0007494107382411,0.0120060327342699,-0.012755443472511,-10.930100201999338,-23.916843610413075,0.8906989979800066,0.7608315638958693,-13.587480026361654
2022-11-03,888635.9979800066,133295.39969700098,755340.5982830056,8,754644.4630536557,3647.897,-0.002316158438124,-0.0081320244004235,0.0058158659622994996,-11.136400201999342,-24.535553694634427,0.8886359979800066,0.7546444630536557,-13.78762511365816
2022-11-04,893121.9979800066,133968.299697001,759153.6982830056,8,779319.6340533068,3767.175,0.0050481862204516,0.0326977433847501,-0.0276495571642985,-10.687800201999343,-22.068036594669326,0.8931219979800066,0.7793196340533067,-13.352408990724514
2022-11-07,893823.9979800065,134073.59969700096,759750.3982830055,8,780999.8411230025,3775.297,0.000786006840709,0.0021559922222886,-0.0013699853815796002,-10.617600201999345,-21.90001588769975,0.8938239979800066,0.7809998411230025,-13.28430339146027
2022-11-08,893352.9979800066,134002.949697001,759350.0482830056,8,775626.9849282058,3749.325,-0.0005269493782494,-0.0068794587551657,0.0063525093769162995,-10.664700201999333,-22.43730150717942,0.8933529979800067,0.7756269849282058,-13.329998173872596
2022-11-09,893660.9979800067,134049.149697001,759611.8482830058,8,768375.1185371468,3714.27,0.0003447685301292,-0.0093496829429294,0.009694451473058599,-10.633900201999325,-23.16248814628532,0.8936609979800068,0.7683751185371468,-13.300117084736707
2022-11-10,893386.9979800069,134008.04969700103,759378.9482830059,8,762462.535643897,3685.689,-0.0003066039590172,-0.0076949171708036,0.007388313211786401,-10.661300201999314,-23.753746435610303,0.8933869979800069,0.762462535643897,-13.32669961208485
2022-11-11,899618.997980007,134942.84969700105,764676.1482830059,8,783718.5411119142,3788.439,0.0069757003561625,0.0278780982334647,-0.0209023978773022,-10.0381002019993,-21.628145888808582,0.899618997980007,0.7837185411119142,-12.722092639699085
2022-11-14,904702.997980007,135705.44969700105,768997.548283006,8,784872.4681046207,3794.017,0.0056512812773135,0.001472374241739,0.0041789070355745,-9.529700201999303,-21.512753189537925,0.904702997980007,0.7848724681046207,-12.228860635910712
2022-11-15,905524.9979800071,135828.74969700107,769696.248283006,8,799758.0849363157,3865.973,0.0009085854715142,0.018965650391129,-0.018057064919614802,-9.447500201999294,-20.02419150636844,0.9055249979800071,0.7997580849363156,-12.14911305386624
2022-11-16,903701.9979800072,135555.2996970011,768146.6982830061,8,793224.4750025308,3834.39,-0.0020131967687989,-0.0081694828184264,0.0061562860496275,-9.629800201999284,-20.67755249974692,0.9037019979800072,0.7932244750025308,-12.325974175602306
2022-11-17,902100.9979800072,135315.14969700106,766785.8482830061,8,789971.2200926522,3818.664,-0.0017716017045205,-0.0041013042491764,0.0023297025446559,-9.78990020199928,-21.00287799073478,0.9021009979800072,0.7899712200926522,-12.481297629194984
2022-11-18,900490.9979800072,135073.64969700106,765417.3482830061,8,786434.7586476327,3801.569,-0.0017847225572359,-0.0044766965619389,0.0026919740047030003,-9.95090020199928,-21.356524135236732,0.9004909979800072,0.7864347586476327,-12.637494231496182
2022-11-21,899095.7160400073,134864.3574060011,764231.3586340062,8,779723.4464394245,3769.127,-0.0015494679492964,-0.0085338448414324,0.006984376892136,-10.090428395999274,-22.02765535605755,0.8990957160400073,0.7797234464394245,-12.772859634154699
2022-11-22,900775.7160400074,135116.3574060011,765659.3586340062,8,779815.7109497769,3769.573,0.0018685441049586,0.0001183297883036,0.001750214316655,-9.922428395999262,-22.018428905022304,0.9007757160400074,0.779815710949777,-12.609871875231699
2022-11-23,901135.7160400074,135170.3574060011,765965.3586340062,8,780634.0930191831,3773.529,0.0003996555342129,0.0010494557341111,-0.0006498001998982,-9.886428395999259,-21.93659069808168,0.9011357160400074,0.7806340930191832,-12.574945926891054
2022-11-24,900895.7160400074,135134.3574060011,765761.3586340062,8,777175.0013653564,3756.808,-0.0002663305823175,-0.0044311306472005,0.004164800064883,-9.91042839599926,-22.282499863464366,0.9008957160400074,0.7771750013653563,-12.598229892451485
2022-11-25,902575.7160400073,135386.3574060011,767189.3586340062,8,781098.932379637,3775.776,0.0018648107323504,0.0050489671018587,-0.0031841563695083,-9.74242839599927,-21.8901067620363,0.9025757160400073,0.781098932379637,-12.435242133528506
2022-11-28,901375.7160400074,135206.3574060011,766169.3586340062,8,772299.8770358255,3733.242,-0.0013295283472337,-0.0112649691083368,0.0099354407611031,-9.862428395999256,-22.770012296417452,0.9013757160400074,0.7722998770358255,-12.551661961330627
2022-11-29,909212.9029400074,136381.93544100111,772830.9674990063,8,796127.290269949,3848.422,0.0086946949651927,0.0308525404996513,-0.0221578455344586,-9.078709705999255,-20.3872709730051,0.9092129029400075,0.796127290269949,-11.791325336871338
2022-11-30,908914.9029400075,136337.23544100113,772577.6674990064,8,797082.0003938895,3853.037,-0.00032775601736,0.0011991928120147,-0.0015269488293747,-9.108509705999246,-20.291799960611044,0.9089149029400075,0.7970820003938895,-11.820236260775527
2022-12-01,909390.9029400076,136408.63544100113,772982.2674990065,8,805715.1451159458,3894.769,0.0005237013921328,0.0108309367389931,-0.0103072353468603,-9.060909705999244,-19.42848548840541,0.9093909029400076,0.8057151451159459,-11.774056395747344
2022-12-02,908144.9029400075,136221.73544100113,771923.1674990064,8,800787.2686560565,3870.948,-0.0013701478604765,-0.0061161522031216,0.0047460043426451,-9.185509705999252,-19.921273134394347,0.9081449029400075,0.8007872686560565,-11.894938983615235
2022-12-05,910738.8335000075,136610.82502500113,774128.0084750063,8,816494.5774947488,3946.876,0.0028562958968358,0.0196148333689838,-0.016758537472147998,-8.92611664999925,-18.350542250525127,0.9107388335000075,0.8164945774947487,-11.643284859343654
2022-12-06,910738.8335000075,136610.82502500113,774128.0084750063,8,820905.483077124,3968.198,0.0,0.0054022472456696,-0.0054022472456696,-8.92611664999925,-17.909451692287604,0.9107388335000075,0.820905483077124,-11.643284859343654
2022-12-07,910510.8335000076,136576.62502500115,773934.2084750065,8,818887.0417598351,3958.441,-0.0002503461932371,-0.0024587986788965,0.0022084524856594,-8.948916649999239,-18.111295824016494,0.9105108335000076,0.8188870417598351,-11.66540462662605
2022-12-08,910966.8335000075,136645.02502500112,774321.8084750064,8,819039.9195023252,3959.18,0.0005008177642951,0.0001866896588833,0.00031412810541180006,-8.90331664999925,-18.096008049767477,0.9109668335000075,0.8190399195023252,-11.621165092061249
2022-12-09,910282.8335000076,136542.42502500114,773740.4084750065,8,827121.1321310613,3998.244,-0.0007508506071203,0.0098666895670316,-0.0106175401741519,-8.97171664999924,-17.287886786893868,0.9102828335000076,0.8271211321310613,-11.687524393908456
2022-12-12,909598.8335000076,136439.82502500113,773159.0084750064,8,817853.100004807,3953.443,-0.0007514148073847,-0.0112051690692213,0.0104537542618366,-9.040116649999241,-18.214689999519294,0.9095988335000076,0.817853100004807,-11.753883695755675
2022-12-13,910282.8335000076,136542.42502500114,773740.4084750065,8,816247.3665309116,3945.681,0.0007519798561834,-0.0019633519441156,0.002715331800299,-8.97171664999924,-18.37526334690883,0.9102828335000076,0.8162473665309117,-11.687524393908456
2022-12-14,910282.8335000076,136542.42502500114,773740.4084750065,8,818151.6150013068,3954.886,0.0,0.0023329306145123,-0.0023329306145123,-8.97171664999924,-18.184838499869326,0.9102828335000076,0.8181516150013067,-11.687524393908456
2022-12-15,909370.8335000077,136405.62502500115,772965.2084750065,8,817552.3094262134,3951.989,-0.0010018864098462,-0.0007325116324465,-0.0002693747773996999,-9.06291664999923,-18.24476905737866,0.9093708335000077,0.8175523094262134,-11.776003463038071
2022-12-16,910624.8335000076,136593.72502500113,774031.1084750064,8,818015.2869467721,3954.227,0.0013789753902415,0.0005662971227904,0.0008126782674511001,-8.937516649999234,-18.198471305322784,0.9106248335000077,0.8180152869467722,-11.654344742984842
2022-12-19,909370.8335000077,136405.62502500115,772965.2084750065,8,805394.9086540049,3893.221,-0.0013770764357262,-0.0154280469988191,0.0140509705630929,-9.06291664999922,-19.460509134599512,0.9093708335000078,0.8053949086540049,-11.776003463038059
2022-12-20,908230.8335000079,136234.62502500118,771996.2084750066,8,792112.9565852111,3829.017,-0.0012536139911287,-0.0164912292418026,0.015237615250673898,-9.176916649999212,-20.78870434147889,0.9082308335000079,0.7921129565852111,-11.886602299450079
2022-12-21,908800.833500008,136320.12502500118,772480.7084750067,8,792427.6075274677,3830.538,0.0006275937558775,0.0003972298895513,0.0002303638663262,-9.119916649999205,-20.757239247253235,0.908800833500008,0.7924276075274677,-11.831302881244058
2022-12-22,909370.833500008,136405.62502500118,772965.2084750067,8,793563.3298634229,3836.028,0.0006272001289928,0.0014332190412937,-0.0008060189123008999,-9.062916649999197,-20.64366701365771,0.909370833500008,0.7935633298634229,-11.776003463038037
2022-12-23,908800.8335000081,136320.1250250012,772480.7084750069,8,791947.8734478537,3828.219,-0.0006268069955643,-0.0020356994265942,0.0014088924310298998,-9.119916649999194,-20.80521265521462,0.9088008335000081,0.7919478734478538,-11.831302881244047
2022-12-26,907774.8335000081,136166.22502500121,771608.6084750069,8,795106.7951363852,3843.489,-0.0011289602321871,0.0039888000137922,-0.0051177602459793,-9.222516649999191,-20.48932048636147,0.9077748335000081,0.7951067951363853,-11.93084183401487
2022-12-27,910573.7289200079,136586.05933800119,773987.6695820068,8,804284.6314632815,3887.854,0.0030832485289424,0.0115428976120395,-0.0084596490830971,-8.9426271079992,-19.571536853671855,0.910573728920008,0.8042846314632814,-11.659302731654394
2022-12-28,911682.728920008,136752.4093380012,774930.3195820068,8,800852.639923482,3871.264,0.0012179134591498,-0.0042671355457277,0.0054850490048775,-8.8317271079992,-19.9147360076518,0.911682728920008,0.800852639923482,-11.551711407460587
2022-12-29,910299.7289200079,136544.95933800118,773754.7695820067,8,797839.9761022583,3856.701,-0.0015169751012376,-0.0037618204286765,0.0022448453274389003,-8.9700271079992,-20.216002389774168,0.910299728920008,0.7978399761022583,-11.685885259002548
2022-12-30,911578.7289200082,136736.8093380012,774841.9195820069,8,800929.1822302769,3871.634,0.001405031726767,0.0038719620732849,-0.0024669303465179,-8.842127107999186,-19.907081776972312,0.9115787289200081,0.8009291822302769,-11.561801125870092
2023-01-03,914846.7289200082,137227.00933800123,777619.7195820069,8,804293.9406627566,3887.899,0.0035849893117534,0.004201068592744,-0.0006160792809906004,-8.515327107999182,-19.570605933724337,0.9148467289200082,0.8042939406627566,-11.244751128155608
2023-01-04,919231.7289200082,137884.75933800123,781346.9695820069,8,805338.4328438564,3892.948,0.0047931526247861,0.0012986448464837,0.0034945077783024,-8.076827107999184,-19.466156715614357,0.9192317289200082,0.8053384328438564,-10.819333674061978
2023-01-05,920699.728920008,138104.9593380012,782594.7695820068,8,820984.0940949136,3968.578,0.0015969857804241,0.0194274364825832,-0.0178304507021591,-7.9300271079991935,-17.901590590508643,0.9206997289200081,0.8209840940949136,-10.67691341805071
2023-01-06,921466.728920008,138220.0093380012,783246.7195820068,8,823530.8842001862,3980.889,0.0008330620460805,0.0031021186933961,-0.0022690566473156,-7.853327107999197,-17.64691157998137,0.921466728920008,0.8235308842001863,-10.602501744780515
2023-01-09,922600.7289200079,138390.10933800117,784210.6195820067,8,830198.5466064115,4013.12,0.0012306467118232,0.0080964327314825,-0.006865786019659301,-7.7399271079992005,-16.980145339358856,0.922600728920008,0.8301985466064115,-10.4924850075075
2023-01-10,919642.7289200079,137946.4093380012,781696.3195820068,8,831099.2633733969,4017.474,-0.003206153981108,0.0010849413922335,-0.0042910953733415,-8.035727107999202,-16.89007366266031,0.919642728920008,0.8310992633733969,-10.779459883039765
2023-01-11,921321.7289200078,138198.25933800117,783123.4695820067,8,829559.5217802246,4010.031,0.0018257089924167,-0.00185265666934,0.0036783656617567,-7.867827107999215,-17.044047821977536,0.9213217289200079,0.8295595217802246,-10.616569140639957
2023-01-12,920976.728920008,138146.5093380012,782830.2195820068,8,831180.9774576778,4017.869,-0.0003744620246874,0.0019545983559727,-0.0023290603806601,-7.902327107999197,-16.881902254232216,0.920976728920008,0.8311809774576778,-10.650039841133054
2023-01-13,923545.7289200079,138531.85933800117,785013.8695820067,8,842870.8495451397,4074.377,0.0027894298730137,0.0140641718283995,-0.0112747419553858,-7.645427107999203,-15.712915045486032,0.923545728920008,0.8428708495451397,-10.400804393113324
2023-01-16,924249.728920008,138637.4593380012,785612.2695820068,8,856025.1621455759,4137.964,0.0007622795254798,0.0156065577633097,-0.0148442782378299,-7.575027107999199,-14.397483785442411,0.924249728920008,0.8560251621455759,-10.332504760802735
2023-01-17,923211.728920008,138481.7593380012,784729.9695820068,8,855875.8012117762,4137.242,-0.0011230730910929,-0.0001744819432939,-0.000948591147799,-7.678827107999197,-14.41241987882238,0.923211728920008,0.8558758012117762,-10.433207911851579
2023-01-18,924208.728920008,138631.3093380012,785577.4195820069,8,854442.5982348184,4130.314,0.0010799256213591,-0.0016745455064024,0.0027544711277615,-7.579127107999195,-14.555740176518162,0.924208728920008,0.8544425982348184,-10.336482438252636
2023-01-19,924312.7289200082,138646.90933800122,785665.8195820069,8,859757.9442639688,4156.008,0.0001125286926488,0.0062208345418772,-0.0061083058492284,-7.568727107999185,-14.02420557360311,0.9243127289200082,0.8597579442639689,-10.326392719843108
2023-01-20,924909.728920008,138736.4593380012,786173.2695820068,8,865037.0878507167,4181.527,0.0006458852954427,0.0061402672949619,-0.0054943819995192,-7.509027107999189,-13.496291214928336,0.9249097289200081,0.8650370878507166,-10.268473855511552
2023-01-30,925495.728920008,138824.3593380012,786671.3695820068,8,869136.8592995261,4201.345,0.0006335753443573,0.0047394169641856,-0.0041058416198283005,-7.450427107999191,-13.08631407004739,0.9254957289200081,0.8691368592995261,-10.211622172934844
2023-01-31,924142.7289200082,138621.40933800122,785521.3195820069,8,859933.7846984976,4156.858,-0.0014619192263359,-0.0105887519353922,0.0091268327090563,-7.585727107999185,-14.006621530150243,0.9241427289200081,0.8599337846984976,-10.342885528781744
2023-02-01,922433.3616700082,138365.00425050122,784068.3574195069,8,868017.2729093273,4195.933,-0.0018496788391092,0.0094001286548637,-0.011249807493972901,-7.756663832999189,-13.198272709067272,0.9224333616700081,0.8680172729093273,-10.508722396194754
2023-02-02,922496.2827700082,138374.44241550122,784121.840354507,8,864958.8905751264,4181.149,6.821208188534378e-05,-0.0035234118371287,0.0035916239190140436,-7.7503717229991835,-13.504110942487358,0.9224962827700082,0.8649588905751264,-10.502618009838814
2023-02-03,921488.2827700082,138223.2424155012,783265.0403545069,8,856783.9653383415,4141.632,-0.0010926873298321,-0.009451229793533,0.0083585424637009,-7.851171722999184,-14.321603466165843,0.9214882827700082,0.8567839653383416,-10.600410665192609
2023-02-06,921264.2827700082,138189.64241550124,783074.6403545069,8,845456.945159307,4086.878,-0.0002430850225535,-0.0132203923477507,0.012977307325197201,-7.873571722999184,-15.454305484069298,0.9212642827700082,0.845456945159307,-10.622142366382342
2023-02-07,921152.2827700082,138172.84241550122,782979.440354507,8,846978.6889668275,4094.234,-0.0001215720636246,0.0017999069216159,-0.0019214789852405,-7.884771722999185,-15.302131103317251,0.9211522827700082,0.8469786889668275,-10.633008216977206
2023-02-08,921040.2827700083,138156.04241550123,782884.240354507,8,843235.7701645615,4076.141,-0.0001215868451882,-0.0044191416514054,0.0042975548062172,-7.895971722999173,-15.676422983543858,0.9210402827700083,0.8432357701645614,-10.643874067572062
2023-02-09,921376.2827700083,138206.44241550125,783169.8403545071,8,854554.9292418172,4130.857,0.0003648048910407,0.0134234806892108,-0.0130586757981701,-7.862371722999173,-14.54450707581828,0.9213762827700083,0.8545549292418172,-10.611276515787464
2023-02-10,921152.2827700084,138172.84241550125,782979.4403545072,8,849476.8643637305,4106.31,-0.000243114571309,-0.0059423504614175,0.0056992358901084995,-7.884771722999162,-15.052313563626951,0.9211522827700084,0.8494768643637305,-10.633008216977185
2023-02-13,921040.2827700085,138156.0424155013,782884.2403545072,8,857185.7090134645,4143.574,-0.0001215868451882,0.0090748141275254,-0.009196400972713601,-7.8959717229991515,-14.281429098653554,0.9210402827700085,0.8571857090134645,-10.64387406757204
2023-02-14,921152.2827700085,138172.84241550128,782979.4403545073,8,857540.6998201129,4145.29,0.0001216016303469,0.0004141352368753,-0.00029253360652840003,-7.884771722999151,-14.245930017988705,0.9211522827700085,0.8575406998201129,-10.633008216977174
2023-02-15,920704.2827700084,138105.64241550126,782598.6403545071,8,853072.0772009924,4123.689,-0.0004863473807531,-0.0052109743829744,0.0047246270022213,-7.929571722999151,-14.692792279900758,0.9207042827700085,0.8530720772009924,-10.676471619356638
2023-02-16,920592.2827700085,138088.84241550128,782503.4403545073,8,846824.3631266413,4093.488,-0.0001216460074053,-0.00732378217659,0.0072021361691847,-7.94077172299914,-15.317563687335877,0.9205922827700086,0.8468243631266412,-10.687337469951492
2023-02-17,919920.2827700085,137988.0424155013,781932.2403545072,8,834622.8988102509,4034.507,-0.0007299648417408,-0.0144084946627423,0.0136785298210015,-8.007971722999141,-16.537710118974914,0.9199202827700086,0.8346228988102509,-10.75253257352069
2023-02-20,921376.2827700087,138206.44241550128,783169.8403545073,8,855099.620846657,4133.49,0.0015827458392545,0.0245341004489518,-0.0229513546096973,-7.862371722999129,-14.490037915334309,0.9213762827700087,0.8550996208466569,-10.611276515787422
2023-02-21,921712.2827700087,138256.8424155013,783455.4403545073,8,857347.068471032,4144.354,0.0003646718569636,0.0026282874762004,-0.0022636156192368,-7.828771722999129,-14.265293152896808,0.9217122827700087,0.8573470684710319,-10.578678964002822
2023-02-22,921152.2827700087,138172.8424155013,782979.4403545073,8,849609.4687384749,4106.951,-0.0006075648664646,-0.0090250495010802,0.0084174846346156,-7.884771722999129,-15.039053126152513,0.9211522827700087,0.8496094687384749,-10.633008216977153
2023-02-23,921040.2827700088,138156.04241550132,782884.2403545075,8,848925.7597548078,4103.646,-0.0001215868451882,-0.0008047332437129,0.0006831463985246999,-7.895971722999118,-15.107424024519222,0.9210402827700088,0.8489257597548078,-10.643874067572009
2023-02-24,920480.2827700088,138072.04241550132,782408.2403545075,8,840113.050918433,4061.046,-0.0006080081517344,-0.010381012397268,0.0097730042455336,-7.951971722999119,-15.988694908156697,0.9204802827700088,0.840113050918433,-10.698203320546337
2023-02-27,920256.2827700089,138038.44241550134,782217.8403545076,8,836554.4542657728,4043.844,-0.0002433512202194,-0.0042358545064499,0.0039925032862305,-7.974371722999107,-16.34455457342272,0.9202562827700089,0.8365544542657728,-10.719935021736058
2023-02-28,920480.2827700088,138072.04241550132,782408.2403545075,8,841853.4574780674,4069.459,0.0002434104544504,0.0063343195237008,-0.0060909090692504,-7.951971722999119,-15.814654252193261,0.9204802827700088,0.8418534574780674,-10.698203320546337
2023-03-01,923533.7176300089,138530.05764450133,785003.6599855076,8,853745.0288874886,4126.942,0.0033172191921497,0.0141254648345148,-0.0108082456423651,-7.646628236999109,-14.62549711125114,0.9235337176300089,0.8537450288874886,-10.4019696867078
2023-03-02,924068.7176300088,138610.30764450133,785458.4099855075,8,851840.987288193,4117.738,0.0005792966621434,-0.0022302227654277,0.0028095194275711,-7.593128236999114,-14.815901271180698,0.9240687176300089,0.851840987288193,-10.350065846812686
2023-03-03,925288.7176300089,138793.30764450133,786495.4099855076,8,854491.6266853871,4130.551,0.0013202481338498,0.0031116598481981,-0.0017914117143483,-7.471128236999103,-14.550837331461286,0.925288717630009,0.8544916266853871,-10.231705688547173
2023-03-06,922418.7176300089,138362.80764450133,784055.9099855076,8,850035.4163322332,4109.01,-0.0031017345670777,-0.0052150427388502,0.0021133081717725002,-7.758128236999107,-14.996458366776677,0.9224187176300089,0.8500354163322332,-10.510143110040614
2023-03-07,921228.7176300089,138184.30764450133,783044.4099855076,8,837590.4647317957,4048.852,-0.0012900865705083,-0.0146405095144572,0.0133504229439489,-7.877128236999109,-16.240953526820434,0.9212287176300089,0.8375904647317957,-10.625592772611068
2023-03-08,920268.7176300089,138040.30764450133,782228.4099855076,8,834540.3572415726,4034.108,-0.0010420864890857,-0.0036415260424434,0.0025994395533577,-7.973128236999106,-16.54596427584274,0.920268717630009,0.8345403572415726,-10.71872863485277
2023-03-09,917828.7176300089,137674.30764450133,780154.4099855076,8,831590.9959767793,4019.851,-0.0026513994806688,-0.0035341146047652,0.0008827151240963999,-8.217128236999105,-16.840900402322077,0.917828717630009,0.8315909959767792,-10.955448951383778
2023-03-10,916088.7176300088,137413.30764450133,778675.4099855075,8,820685.5790984144,3967.135,-0.0018957785549498,-0.013113918898984,0.0112181403440342,-8.391128236999112,-17.931442090158555,0.9160887176300089,0.8206855790984144,-11.124257701696878
2023-03-13,914513.717630009,137177.05764450136,777336.6599855077,8,829281.2801514711,4008.686,-0.0017192657978308,0.0104738054036477,-0.0121930712014785,-8.5486282369991,-17.071871984852883,0.914513717630009,0.8292812801514712,-11.277058725687167
2023-03-14,912973.717630009,136946.05764450136,776027.6599855077,8,824318.4424757756,3984.696,-0.0016839550575479,-0.0059845046481565,0.004300549590608599,-8.7026282369991,-17.56815575242244,0.912973717630009,0.8243184424757756,-11.426464171366574
2023-03-15,914743.7176300089,137211.55764450133,777532.1599855076,8,824774.8001211522,3986.902,0.0019387195554705,0.0005536181430152,0.0013851014124553,-8.525628236999106,-17.522519987884777,0.914743717630009,0.8247748001211522,-11.254744925358432
2023-03-16,913823.717630009,137073.55764450136,776750.1599855077,8,814896.4982515338,3939.151,-0.0010057461803439,-0.0119769685836271,0.010971222403283201,-8.617628236999098,-18.510350174846614,0.913823717630009,0.8148964982515339,-11.344000126673393
2023-03-17,913288.7176300092,136993.30764450136,776295.4099855077,8,818965.2390354263,3958.819,-0.0005854520841147,0.0049929540654825,-0.005578406149597199,-8.671128236999081,-18.10347609645737,0.9132887176300092,0.8189652390354263,-11.395903966568497
2023-03-20,912438.7176300093,136865.8076445014,775572.9099855078,8,814881.189790175,3939.077,-0.0009307023984767,-0.0049868407724624,0.0040561383739857,-8.756128236999071,-18.5118810209825,0.9124387176300093,0.814881189790175,-11.478368011261665
2023-03-21,912763.1592300092,136914.47388450138,775848.6853455078,8,823838.9152672613,3982.378,0.0003555763184213,0.0109926767108132,-0.0106371003923919,-8.723684076999083,-17.616108473273872,0.9127631592300092,0.8238389152672613,-11.446891815258468
2023-03-22,913338.1592300092,137000.72388450138,776337.4353455078,8,827369.1705792975,3999.443,0.000629955311173,0.0042851281319855,-0.0036551728208125,-8.666184076999084,-17.263082942070252,0.9133381592300092,0.8273691705792975,-11.391107314436614
2023-03-23,913683.1592300092,137052.47388450138,776630.6853455078,8,835570.98905901,4039.09,0.0003777352303893,0.0099131304034085,-0.0095353951730192,-8.631684076999079,-16.442901094098993,0.9136831592300092,0.8355709890590101,-11.357636613943496
2023-03-24,913683.1592300092,137052.47388450138,776630.6853455078,8,833079.4335372894,4027.046,0.0,-0.0029818597753454,0.0029818597753454,-8.631684076999079,-16.69205664627106,0.9136831592300092,0.8330794335372894,-11.357636613943496
2023-03-27,912993.1592300093,136948.97388450138,776044.1853455079,8,830065.5284894691,4012.477,-0.0007551852007225,-0.0036177883242455,0.002862603123523,-8.700684076999066,-16.993447151053086,0.9129931592300093,0.8300655284894691,-11.42457801492971
2023-03-28,913338.1592300094,137000.7238845014,776337.435345508,8,827384.0652984575,3999.515,0.0003778779682106,-0.003230423501493,0.0036083014697036,-8.666184076999063,-17.261593470154246,0.9133381592300094,0.8273840652984575,-11.39110731443659
2023-03-29,911721.8994100095,136758.28491150143,774963.614498508,8,828755.4138166814,4006.144,-0.0017696181897869,0.0016574509659297,-0.0034270691557166,-8.827810058999052,-17.12445861833186,0.9117218994100095,0.8287554138166814,-11.54791122270984
2023-03-30,913038.8994100095,136955.8349115014,776083.064498508,8,835454.3137589231,4038.526,0.0014445194316954,0.0080830843823886,-0.006638564950693201,-8.696110058999052,-16.45456862410769,0.9130388994100095,0.8354543137589231,-11.420140461696997
2023-03-31,912063.8994100095,136809.5849115014,775254.314498508,8,838019.5153920463,4050.926,-0.0010678624981148,0.0030704271806099,-0.0041382896787246996,-8.793610058999047,-16.198048460795366,0.9120638994100095,0.8380195153920463,-11.514731571786225
2023-04-03,912973.8994100095,136946.0849115014,776027.814498508,8,846220.2995162618,4090.568,0.0009977371109508,0.0097859106782005,-0.008788173567249698,-8.70261005899905,-15.377970048373824,0.9129738994100095,0.8462202995162618,-11.426446535702944
2023-04-04,913071.8994100095,136960.78491150143,776111.114498508,8,848813.8424900089,4103.105,0.0001073415133372,0.0030648555408441,-0.0029575140275069,-8.692810058999045,-15.118615750999108,0.9130718994100095,0.8488138424900089,-11.416938916432432
2023-04-06,912274.8994100096,136841.23491150144,775433.6644985082,8,847476.4208320943,4096.64,-0.0008728775910363,-0.0015756360122394,0.0007027584212031001,-8.772510058999039,-15.25235791679057,0.9122748994100096,0.8474764208320943,-11.494261085397676
2023-04-07,913104.8994100095,136965.7349115014,776139.1644985081,8,852987.4669213202,4123.28,0.0009098134789597,0.0065028901734103,-0.0055930766944506,-8.689510058999051,-14.70125330786798,0.9131048994100095,0.8529874669213202,-11.413737371167878
2023-04-10,913266.8994100094,136990.0349115014,776276.8644985079,8,849166.9714567622,4104.812,0.0001774166364725,-0.0044789584990591,0.004656375135531601,-8.673310058999062,-15.083302854323788,0.9132668994100094,0.8491669714567621,-11.398020694414601
2023-04-11,912014.8994100094,136802.2349115014,775212.664498508,8,848202.1246489489,4100.148,-0.0013709026362488,-0.0011362274325837,-0.00023467520366509992,-8.798510058999065,-15.179787535105104,0.9120148994100093,0.848202124648949,-11.519485381421497
2023-04-12,911966.8994100093,136795.0349115014,775171.8644985078,8,847610.4733045349,4097.288,-5.2630719115542846e-05,-0.000697535796269,0.0006449050771534571,-8.80331005899907,-15.238952669546514,0.9119668994100093,0.8476104733045349,-11.524142174533587
2023-04-13,912942.8994100093,136941.4349115014,776001.4644985079,8,841754.1593503344,4068.979,0.0010702142814957,-0.0069092043322314,0.007979418613727099,-8.705710058999072,-15.824584064966551,0.9129428994100093,0.8417541593503345,-11.429454047921187
2023-04-14,914015.8994100093,137102.38491150137,776913.5144985078,8,846516.3320595683,4091.999,0.0011753199468371,0.0056574388808594,-0.0044821189340223,-8.598410058999074,-15.348366794043178,0.9140158994100093,0.8465163320595682,-11.325355318561446
2023-04-17,916943.8994100093,137541.58491150138,779402.3144985079,8,858387.6301012437,4149.384,0.0032034453688278,0.0140237082169374,-0.0108202628481096,-8.305610058999068,-14.161236989875626,0.9169438994100093,0.8583876301012437,-11.041290938724234
2023-04-18,919108.8994100094,137866.3349115014,781242.564498508,8,861004.1357670295,4162.032,0.0023611040995998,0.0030481632936358,-0.0006870591940360002,-8.089110058999061,-13.89958642329705,0.9191088994100094,0.8610041357670295,-10.831250166064542
2023-04-19,918019.8994100094,137702.9849115014,780316.914498508,8,853252.0550575111,4124.559,-0.0011848432766771,-0.009003534811842,0.007818691535164901,-8.198010058999062,-14.67479449424889,0.9180198994100094,0.8532520550575111,-10.93690115979498
2023-04-20,919079.8994100094,137861.9849115014,781217.914498508,8,850864.7625699111,4113.019,0.0011546590664115,-0.002797874875835,0.0039525339422465,-8.092010058999065,-14.913523743008895,0.9190798994100093,0.8508647625699111,-10.834063645236434
2023-04-21,916428.8994100094,137464.3349115014,778964.564498508,8,834221.5688773278,4032.567,-0.0028844064609636,-0.0195603278273212,0.0166759213663576,-8.357110058999062,-16.57784311226722,0.9164288994100094,0.8342215688773278,-11.091254448155977
2023-04-24,912688.8994100093,136903.33491150138,775785.5644985079,8,823893.7361086147,3982.643,-0.0040810585550148,-0.0123802034783301,0.0082991449233153,-8.73111005899907,-17.610626389138528,0.9126888994100093,0.8238937361086147,-11.454096244805969
2023-04-25,914656.8994100093,137198.5349115014,777458.3644985078,8,819761.0721549937,3962.666,0.0021562659535709,-0.0050160157463272,0.0071722816998981,-8.534310058999072,-18.02389278450064,0.9146568994100093,0.8197610721549936,-11.263167727210472
2023-04-26,912476.8994100093,136871.5349115014,775605.3644985078,8,819050.676799498,3959.232,-0.0023834073753843,-0.0008665883019159,-0.0015168190734684002,-8.752310058999068,-18.094932320050194,0.9124768994100093,0.8190506767994981,-11.47466374771768
2023-04-27,913635.8573900093,137045.3786085014,776590.4787815079,8,825088.6235790114,3988.419,0.0012701230910605,0.0073718842442169,-0.0061017611531564,-8.63641426099907,-17.491137642098852,0.9136358573900093,0.8250886235790115,-11.362225673999756
2023-04-28,916898.8573900094,137534.8286085014,779364.028781508,8,833501.4505801585,4029.086,0.003571444765009,0.0101962707528973,-0.0066248259878883,-8.310114260999057,-16.649854941984156,0.9168988573900094,0.8335014505801585,-11.045660758901107
2023-05-04,918984.8573900094,137847.7286085014,781137.128781508,8,833741.6279266146,4030.247,0.0022750600932559,0.0002881546832209,0.001986905410035,-8.101514260999053,-16.625837207338545,0.9189848573900095,0.8337416279266145,-10.843284291571727
2023-05-05,921070.8573900094,138160.6286085014,782910.228781508,8,830975.7613270293,4016.877,0.0022698959435789,-0.0033174145405975,0.0055873104841764,-7.892914260999051,-16.902423867297067,0.9210708573900095,0.8309757613270293,-10.640907824242346
2023-05-08,927227.8573900096,139084.17860850142,788143.6787815081,8,840447.3546151379,4062.662,0.006684610581912,0.011398158320506,-0.004713547738594,-7.277214260999044,-15.955264538486214,0.9272278573900096,0.8404473546151379,-10.043577091094221
2023-05-09,924945.8573900097,138741.87860850146,786203.9787815082,8,833250.92967873,4027.875,-0.0024610994825192,-0.008562612395518,0.0061015129129988,-7.505414260999032,-16.674907032127006,0.9249458573900097,0.8332509296787299,-10.264968796964604
2023-05-10,919941.8573900097,137991.27860850145,781950.5787815083,8,826836.8912404247,3996.87,-0.005410046393548,-0.007697607299134,0.0022875609055860004,-8.005814260999033,-17.31631087595753,0.9199418573900097,0.8268368912404247,-10.750439478899503
2023-05-11,920505.7573100097,138075.86359650144,782429.8937135082,8,825553.0491972666,3990.664,0.0006129734346471,-0.001552714999487,0.0021656884341341,-7.949424268999028,-17.44469508027334,0.9205057573100097,0.8255530491972666,-10.695731869246135
2023-05-12,920505.7573100097,138075.86359650144,782429.8937135082,8,814609.1542944048,3937.762,0.0,-0.0132564405322022,0.0132564405322022,-7.949424268999028,-18.539084570559517,0.9205057573100097,0.8146091542944048,-10.695731869246135
2023-05-15,920505.7573100097,138075.86359650144,782429.8937135082,8,827254.1502480063,3998.887,0.0,0.0155227766431795,-0.0155227766431795,-7.949424268999028,-17.27458497519937,0.9205057573100097,0.8272541502480063,-10.695731869246135
2023-05-16,920505.7573100097,138075.86359650144,782429.8937135082,8,822975.6421692763,3978.205,0.0,-0.0051719390920523,0.0051719390920523,-7.949424268999028,-17.702435783072378,0.9205057573100097,0.8229756421692762,-10.695731869246135
2023-05-17,920505.7573100097,138075.86359650144,782429.8937135082,8,819243.6875352807,3960.165,0.0,-0.0045347084929007,0.0045347084929007,-7.949424268999028,-18.075631246471925,0.9205057573100097,0.8192436875352808,-10.695731869246135
2023-05-18,920505.7573100097,138075.86359650144,782429.8937135082,8,818396.5503830517,3956.07,0.0,-0.0010340478237649,0.0010340478237649,-7.949424268999028,-18.16034496169483,0.9205057573100097,0.8183965503830517,-10.695731869246135
2023-05-19,920505.7573100097,138075.86359650144,782429.8937135082,8,816011.3266064462,3944.54,0.0,-0.0029145085905961,0.0029145085905961,-7.949424268999028,-18.398867339355384,0.9205057573100097,0.8160113266064462,-10.695731869246135
2023-05-22,920505.7573100097,138075.86359650144,782429.8937135082,8,821139.2474194993,3969.328,0.0,0.006284129454892,-0.006284129454892,-7.949424268999028,-17.88607525805007,0.9205057573100097,0.8211392474194993,-10.695731869246135
2023-05-23,920505.7573100097,138075.86359650144,782429.8937135082,8,809525.5038966333,3913.188,0.0,-0.0141434519898583,0.0141434519898583,-7.949424268999028,-19.047449610336674,0.9205057573100097,0.8095255038966332,-10.695731869246135
2023-05-24,920505.7573100097,138075.86359650144,782429.8937135082,8,798335.0186432326,3859.094,0.0,-0.0138235116738576,0.0138235116738576,-7.949424268999028,-20.166498135676736,0.9205057573100097,0.7983350186432326,-10.695731869246135
2023-05-25,920505.7573100097,138075.86359650144,782429.8937135082,8,796557.1684145988,3850.5,0.0,-0.0022269475685225,0.0022269475685225,-7.949424268999028,-20.344283158540122,0.9205057573100097,0.7965571684145988,-10.695731869246135
2023-05-26,920505.7573100097,138075.86359650144,782429.8937135082,8,796650.4672804488,3850.951,0.0,0.0001171276457603,-0.0001171276457603,-7.949424268999028,-20.334953271955126,0.9205057573100097,0.7966504672804487,-10.695731869246135
2023-05-29,920505.7573100097,138075.86359650144,782429.8937135082,8,793131.7967499815,3833.942,0.0,-0.004416831063288,0.004416831063288,-7.949424268999028,-20.686820325001854,0.9205057573100097,0.7931317967499815,-10.695731869246135
2023-05-30,918968.8042700096,137845.32064050145,781123.4836295082,8,793920.1825099678,3837.753,-0.0016696832451016,0.000994016080577,-0.0026636993256786,-8.10311957299904,-20.607981749003212,0.9189688042700096,0.7939201825099679,-10.84484170946012
2023-05-31,916883.8042700096,137532.57064050145,779351.2336295082,8,785808.766700713,3798.543,-0.0022688474193161,-0.0102169159922484,0.0079480685729323,-8.31161957299904,-21.419123329928702,0.9168838042700096,0.785808766700713,-11.047121160266329
2023-06-01,916037.8042700096,137405.67064050143,778632.1336295082,8,787530.9686035961,3806.868,-0.0009226905263896,0.0021916297906854,-0.0031143203170750002,-8.396219572999042,-21.246903139640395,0.9160378042700096,0.7875309686035961,-11.129197138866834
2023-06-02,919160.8042700096,137874.12064050144,781286.6836295081,8,798901.845455713,3861.834,0.0034092479430898,0.0144386408985022,-0.011029392955412401,-8.083919572999033,-20.109815454428702,0.9191608042700097,0.798901845455713,-10.826214537011769
2023-06-05,919688.8042700096,137953.32064050145,781735.4836295082,8,795264.0171719652,3844.249,0.0005744370272831,-0.0045535359624468,0.0051279729897299,-8.031119572999035,-20.473598282803472,0.9196888042700097,0.7952640171719653,-10.774989812778832
2023-06-06,918872.8042700096,137830.92064050143,781041.8836295082,8,787798.866677378,3808.163,-0.0008872566418243,-0.0093870090100821,0.0084997523682578,-8.112719572999039,-21.2201133322622,0.9188728042700096,0.787798866677378,-10.854155295684288
2023-06-07,920450.8042700097,138067.62064050147,782383.1836295082,8,783905.3457147155,3789.342,0.0017173214754719,-0.0049422779434599,0.006659599418931799,-7.954919572999031,-21.60946542852844,0.9204508042700097,0.7839053457147156,-10.701063222124475
2023-06-08,922913.8042700097,138437.07064050145,784476.7336295083,8,790286.2847771097,3820.187,0.0026758627278873,0.0081399356405413,-0.005464072912654,-7.708619572999032,-20.97137152228903,0.9229138042700097,0.7902862847771097,-10.462111525560594
2023-06-09,921146.8042700099,138172.02064050146,782974.7836295083,8,793702.9678555502,3836.703,-0.0019145883308112,0.0043233485690621,-0.0062379368998733,-7.885319572999016,-20.629703214444973,0.9211468042700098,0.7937029678555503,-10.633539721999222
2023-06-12,919082.8042700099,137862.42064050148,781220.3836295083,8,795301.874583164,3844.432,-0.0022406851876728,0.002014490045229,-0.0042551752329018,-8.091719572999011,-20.469812541683595,0.9190828042700099,0.795301874583164,-10.833781825818889
2023-06-13,919277.80427001,137891.67064050148,781386.1336295084,8,799537.5603443092,3864.907,0.0002121680430686,0.0053258842918799,-0.0051137162488113,-8.072219572999007,-20.046243965569076,0.9192778042700099,0.7995375603443092,-10.814863603801037
2023-06-14,916541.80427001,137481.2706405015,779060.5336295085,8,799355.1000345983,3864.025,-0.0029762493854321,-0.0002282073022715,-0.0027480420831606,-8.345819572999002,-20.064489996540168,0.91654180427001,0.7993551000345983,-11.0803008111899
2023-06-15,918062.8042700101,137709.4206405015,780353.3836295085,8,812072.2940019062,3925.499,0.0016594987734481,0.0159093173569011,-0.014249818583453002,-8.193719572998992,-18.792770599809383,0.9180628042700101,0.8120722940019062,-10.932738679450683
2023-06-16,917978.8042700101,137696.8206405015,780281.9836295085,8,819902.7788581144,3963.351,-9.14970082758204e-05,0.0096425957566159,-0.009734092764891721,-8.202119572998988,-18.009722114188563,0.9179788042700101,0.8199027788581144,-10.94088806739683
2023-06-19,915737.8042700102,137360.6706405015,778377.1336295087,8,813191.2597788065,3930.908,-0.0024412328362876,-0.0081857498869013,0.0057445170506137,-8.426219572998983,-18.680874022119355,0.9157378042700102,0.8131912597788065,-11.15830209581731
2023-06-20,914561.8042700102,137184.27064050152,777377.5336295087,8,811811.4295455054,3924.238,-0.0012842103869867,-0.0016968089815382,0.00041259859455149996,-8.543819572998979,-18.818857045449455,0.9145618042700102,0.8118114295455054,-11.272393527063397
2023-06-21,914270.8042700103,137140.62064050155,777130.1836295087,8,799356.5481322946,3864.032,-0.0003181851665369,-0.0153420867949393,0.0150239016284024,-8.572919572998972,-20.06434518677055,0.9142708042700103,0.7993565481322945,-11.300625335305408
2023-06-26,911876.8042700104,136781.52064050155,775095.2836295088,8,788116.000072828,3809.696,-0.0026184802017291,-0.0140619953457943,0.0114435151440652,-8.81231957299896,-21.1883999927172,0.9118768042700104,0.788116000072828,-11.532882891770656
2023-06-27,912899.8042700104,136934.97064050156,775964.8336295089,8,795508.952553709,3845.433,0.0011218620708517,0.0093805384996596,-0.008258676428807898,-8.710019572998961,-20.4491047446291,0.9128998042700104,0.795508952553709,-11.433634988569336
2023-06-28,913259.8042700103,136988.97064050153,776270.8336295087,8,794550.3118788791,3840.799,0.0003943477677572,-0.0012050658534422,0.0015994136211994,-8.67401957299897,-20.544968812112096,0.9132598042700103,0.794550311878879,-11.398709040228706
2023-06-29,912044.7559300103,136806.71338950156,775238.0425405088,8,790629.0701888911,3821.844,-0.0013304520075437,-0.0049351710412338,0.0036047190336900995,-8.795524406998966,-20.937092981110883,0.9120447559300103,0.7906290701888912,-11.516588805657094
2023-06-30,913082.7559300105,136962.41338950157,776120.3425405088,8,794892.2698062625,3842.452,0.0011381020429657,0.005392161480165,-0.0042540594371993,-8.691724406998958,-20.51077301937375,0.9130827559300104,0.7948922698062625,-11.415885654608237
2023-07-03,915858.7559300106,137378.8133895016,778479.9425405089,8,805324.7793512952,3892.882,0.0030402501656847,0.0131244320033145,-0.0100841818376298,-8.414124406998946,-19.46752206487048,0.9158587559300105,0.8053247793512952,-11.146567786292623
2023-07-04,914758.7559300106,137213.8133895016,777544.9425405089,8,806593.106061995,3899.013,-0.0012010585615715,0.0015749257234101,-0.0027759842849816004,-8.524124406998945,-19.340689393800492,0.9147587559300105,0.8065931060619951,-11.253285961777912
2023-07-05,913987.7559300106,137098.16338950157,776889.592540509,8,800343.9438899477,3868.805,-0.0008428451709283,-0.007747601764857,0.006904756593928699,-8.601224406998941,-19.965605611005234,0.9139877559300106,0.8003439438899477,-11.328085701140779
2023-07-06,912815.7559300106,136922.36338950158,775893.392540509,8,794954.9517493945,3842.755,-0.001282292888932,-0.0067333453094688,0.0054510524205368,-8.718424406998937,-20.504504825060543,0.9128157559300106,0.7949549517493946,-11.441789066294193
2023-07-07,912640.7559300107,136896.1133895016,775744.6425405091,8,791426.5582772536,3825.699,-0.0001917144822086,-0.0044384822867967,0.0042467678045880995,-8.73592440699893,-20.85734417227464,0.9126407559300107,0.7914265582772536,-11.458766957848663
2023-07-10,912640.7559300107,136896.1133895016,775744.6425405091,8,795280.1531177228,3844.327,0.0,0.0048691755415153,-0.0048691755415153,-8.73592440699893,-20.471984688227717,0.9126407559300107,0.7952801531177228,-11.458766957848663
2023-07-11,913390.7559300106,137008.61338950158,776382.142540509,8,800484.8231086702,3869.486,0.0008217910444243,0.0065444484821399,-0.0057226574377156,-8.660924406998937,-19.95151768913298,0.9133907559300106,0.8004848231086702,-11.386004565472337
2023-07-12,913267.7559300107,136990.1633895016,776277.5925405091,8,795096.0378392163,3843.437,-0.0001346630663836,-0.0067319018598336,0.00659723879345,-8.673224406998925,-20.490396216078366,0.9132677559300107,0.7950960378392163,-11.397937597822045
2023-07-13,916330.7559300108,137449.6133895016,778881.1425405091,8,806471.0521133224,3898.423,0.0033538904446275,0.0143064658013127,-0.0109525753566852,-8.36692440699892,-19.35289478866776,0.9163307559300108,0.8064710521133224,-11.100775987357093
2023-07-14,916998.7559300107,137549.8133895016,779448.942540509,8,806611.7244609453,3899.103,0.0007289944113268,0.0001744295064953,0.0005545649048315001,-8.300124406998933,-19.338827553905467,0.9169987559300107,0.8066117244609453,-11.035968949880582
2023-07-17,915692.7559300107,137353.9133895016,778338.8425405091,8,800006.7439978519,3867.175,-0.0014242113105982,-0.0081885500331743,0.0067643387225761,-8.430724406998936,-19.999325600214814,0.9156927559300106,0.8000067439978519,-11.162672529138574
2023-07-18,914921.7559300108,137238.2633895016,777683.4925405092,8,797475.4692250376,3854.939,-0.000841985474939,-0.0031640667929432,0.0023220813180042,-8.507824406998921,-20.252453077496234,0.9149217559300108,0.7974754692250376,-11.237472268501431
2023-07-19,915579.7559300107,137336.9633895016,778242.792540509,8,796632.8832369965,3850.866,0.0007191871826581,-0.0010565666538432,0.0017757538365012998,-8.442024406998927,-20.336711676300357,0.9155797559300107,0.7966328832369964,-11.1736353962566
2023-07-20,915764.7559300107,137364.7133895016,778400.042540509,8,791011.988593965,3823.695,0.0002020577659147,-0.0070558154970854,0.0072578732630001,-8.423524406998927,-20.898801140603506,0.9157647559300107,0.7910119885939649,-11.155687339470438
2023-07-21,912518.7559300108,136877.81338950162,775640.9425405092,8,790642.7236814547,3821.91,-0.0035445784291004,-0.0004668259366922,-0.0030777524924081997,-8.748124406998913,-20.93572763185453,0.9125187559300109,0.7906427236814547,-11.470602973675199
2023-07-24,912055.7559300109,136808.36338950164,775247.3925405092,8,787190.25190281,3805.221,-0.0005073868312198,-0.0043666648351218,0.003859278003902,-8.794424406998901,-21.280974809718998,0.912055755930011,0.78719025190281,-11.515521623902178
2023-07-25,916949.755930011,137542.46338950164,779407.2925405094,8,809924.1445052653,3915.115,0.0053659000211119,0.0288797943667398,-0.0235138943456279,-8.305024406998896,-19.007585549473472,0.916949755930011,0.8099241445052653,-11.040722759515798
2023-07-26,916815.755930011,137522.36338950164,779293.3925405093,8,808248.0748575587,3907.013,-0.0001461366875702,-0.0020694155854935,0.0019232788979232998,-8.318424406998892,-19.17519251424413,0.9168157559300111,0.8082480748575587,-11.053722973620369
2023-07-27,918272.3985900112,137740.85978850166,780531.5388015094,8,807282.6074364469,3902.346,0.0015888063120408,-0.0011945186770558,0.0027833249890966,-8.17276014099888,-19.271739256355303,0.9182723985900112,0.807282607436447,-10.912404567248322
2023-07-28,923311.3985900112,138496.70978850167,784814.6888015094,8,825982.0998575176,3992.738,0.0054874784516416,0.0231635021599827,-0.0176760237083411,-7.668860140998879,-17.401790014248242,0.9233113985900112,0.8259820998575176,-10.423538307002524
2023-07-31,924861.3985900112,138729.20978850167,786132.1888015094,8,830510.9219665768,4014.63,0.0016787402412306,0.0054829543035381,-0.0038042140623075,-7.513860140998885,-16.948907803342316,0.9248613985900112,0.8305109219665768,-10.273162696091438
2023-08-01,923741.3985900112,138561.20978850167,785180.1888015094,8,827070.862453899,3998.001,-0.0012109922651194,-0.0041421002682687,0.0029311080031493,-7.625860140998886,-17.292913754610094,0.9237413985900111,0.827070862453899,-10.381821202040097
2023-08-02,921475.3985900112,138221.30978850168,783254.0888015095,8,821256.5433328858,3969.895,-0.002453067496443,-0.0070300132491213,0.0045769457526783,-7.852460140998884,-17.87434566671141,0.9214753985900112,0.8212565433328859,-10.601660643539795
2023-08-03,924479.3985900112,138671.90978850168,785807.4888015095,8,828515.4433413262,4004.984,0.0032599893655289,0.0088387728138903,-0.0055787834483614004,-7.552060140998885,-17.14845566586738,0.9244793985900112,0.8285154433413262,-10.310223007941783
2023-08-04,924495.3985900112,138674.30978850168,785821.0888015095,8,831741.5981371776,4020.579,1.7307037911695744e-05,0.0038938982028393,-0.003876591164927604,-7.550460140998883,-16.825840186282235,0.9244953985900112,0.8317415981371776,-10.308670743571087
2023-08-07,922837.3985900112,138425.60978850166,784411.7888015094,8,825447.3380654512,3990.153,-0.0017934107649737,-0.0075675667609068,0.0057741559959330994,-7.716260140998887,-17.455266193454875,0.9228373985900111,0.8254473380654512,-10.469524138984374
2023-08-08,922417.3985900113,138362.6097885017,784054.7888015095,8,823291.5343381305,3979.732,-0.0004551180962558,-0.0026116793015205,0.0021565612052646998,-7.758260140998874,-17.67084656618695,0.9224173985900113,0.8232915343381305,-10.510271078715109
2023-08-09,923246.3985900112,138486.95978850167,784759.4388015094,8,820774.5336711782,3967.565,0.0008987254590677,-0.0030572410403513,0.003955966499419,-7.6753601409988885,-17.922546632882185,0.9232463985900111,0.8207745336711781,-10.42984438100848
2023-08-10,921707.3985900113,138256.1097885017,783451.2888015095,8,822460.9468738572,3975.717,-0.0016669439516366,0.0020546607301958,-0.0037216046818324,-7.829260140998873,-17.753905312614283,0.9217073985900113,0.8224609468738572,-10.579152810164704
2023-08-11,917670.3985900112,137650.55978850168,780019.8388015095,8,803539.8955052804,3884.254,-0.004379914934149,-0.0230054100933241,0.0186254951591751,-8.23296014099888,-19.646010449471962,0.9176703985900112,0.8035398955052804,-10.970808514195724
2023-08-14,914661.3985900112,137199.20978850167,777462.1888015094,8,797675.5135782014,3855.906,-0.003278955063412,-0.0072981838983754,0.0040192288349634,-8.533860140998883,-20.232448642179858,0.9146613985900112,0.7976755135782014,-11.26273123240958
2023-08-15,915872.3985900113,137380.8597885017,778491.5388015095,8,795737.131376398,3846.536,0.0013239872174193,-0.0024300384916021,0.0037540257090214,-8.412760140998877,-20.4262868623602,0.9158723985900112,0.795737131376398,-11.145244222852584
2023-08-16,915533.3985900114,137330.00978850172,778203.3888015096,8,789902.9526298383,3818.334,-0.0003701388976475,-0.0073317915131952,0.0069616526155477,-8.446660140998862,-21.00970473701618,0.9155333985900114,0.7899029526298382,-11.178132824206676
2023-08-17,913961.3985900115,137094.20978850173,776867.1888015098,8,792544.0759564581,3831.101,-0.00171703184441,0.0033436048287029,-0.0050606366731129,-8.603860140998854,-20.745592404354184,0.9139613985900115,0.7925440759564581,-11.330642798627462
2023-08-18,913552.3985900115,137032.85978850172,776519.5388015098,8,782801.067785877,3784.004,-0.0004475024882133,-0.0122933329087383,0.011845830420525,-8.644760140998853,-21.7198932214123,0.9135523985900115,0.782801067785877,-11.370322556603355
2023-08-21,910629.3985900114,136594.4097885017,774034.9888015097,8,771537.1432921732,3729.555,-0.0031995975321299,-0.0143892554024785,0.011189657870348601,-8.937060140998854,-22.846285670782684,0.9106293985900115,0.7715371432921732,-11.653901853824722
2023-08-22,911544.3985900115,136731.6597885017,774812.7388015097,8,777468.5514554725,3758.227,0.0010047995391064,0.0076877804456565,-0.0066829809065501004,-8.845560140998842,-22.253144854452756,0.9115443985900116,0.7774685514554724,-11.565131735125584
2023-08-23,910817.3985900115,136622.60978850172,774194.7888015098,8,764726.7398273306,3696.634,-0.0007975475480125,-0.0163888450591196,0.015591297511107102,-8.918260140998846,-23.527326017266947,0.9108173985900115,0.7647267398273305,-11.635662747469047
2023-08-24,909579.3548700117,136436.90323050175,773142.4516395099,8,770269.8509369707,3723.429,-0.0013592666564303,0.0072484860551518,-0.0086077527115821,-9.042064512998838,-22.973014906302936,0.9095793548700116,0.7702698509369706,-11.755773444713967
2023-08-25,910995.3548700117,136649.30323050174,774346.0516395099,8,767316.3522501885,3709.152,0.0015567635659479,-0.0038343688035947,0.0053911323695425995,-8.900464512998829,-23.268364774981155,0.9109953548700117,0.7673163522501885,-11.61839804790744
2023-08-28,914243.3548700117,137136.50323050175,777106.8516395099,8,776308.4183297828,3752.619,0.0035653310224215,0.0117188511012762,-0.0081535200788547,-8.575664512998838,-22.36915816702172,0.9142433548700116,0.7763084183297828,-11.303288380656339
2023-08-29,911803.3548700117,136770.50323050175,775032.8516395099,8,784063.6021057926,3790.107,-0.0026688736505467,0.0099898231075414,-0.0126586967580881,-8.819664512998838,-21.593639789420738,0.9118033548700116,0.7840636021057926,-11.540008697187345
2023-08-30,910043.3548700117,136506.50323050175,773536.8516395099,8,783733.2289599784,3788.51,-0.0019302407592599,-0.0004213601357427,-0.0015088806235171999,-8.995664512998836,-21.626677104002155,0.9100433548700116,0.7837332289599784,-11.710757777963806
2023-08-31,909463.3548700116,136419.50323050172,773043.8516395098,8,778925.1308666681,3765.268,-0.0006373322731232,-0.006134865685982,0.0054975334128588,-9.053664512998838,-22.107486913333197,0.9094633548700116,0.778925130866668,-11.767027361401508
2023-09-01,911179.3548700117,136676.90323050175,774502.4516395099,8,784349.9117074254,3791.491,0.0018868269851788,0.0069644444963812,-0.0050776175112024,-8.882064512998832,-21.565008829257458,0.9111793548700117,0.7843499117074254,-11.600547007644451
2023-09-04,914067.3548700117,137110.10323050176,776957.2516395099,8,796236.9319526589,3848.952,0.0031695186952649,0.0151552515883592,-0.011985732893094299,-8.593264512998832,-20.376306804734114,0.9140673548700117,0.7962369319526589,-11.32036328873398
2023-09-05,912031.3548700118,136804.70323050176,775226.6516395101,8,790313.1780200391,3820.317,-0.0022274069729681,-0.0074396874785657,0.0052122805055976,-8.796864512998825,-20.968682197996092,0.9120313548700117,0.7903131780200391,-11.517888929904927
2023-09-06,912899.3548700118,136934.90323050178,775964.45163951,8,788598.4234767362,3812.028,0.0009517216654506,-0.0021697152356727,0.0031214369011233,-8.710064512998816,-21.140157652326387,0.9128993548700118,0.7885984234767361,-11.43367858779471
2023-09-07,911599.3548700119,136739.90323050178,774859.4516395101,8,777519.8554881354,3758.475,-0.0014240343068104,-0.014048427766008,0.012624393459197601,-8.840064512998813,-22.24801445118646,0.9115993548700119,0.7775198554881354,-11.559800067913685
2023-09-08,910703.3548700119,136605.50323050178,774097.8516395101,8,773696.463828185,3739.993,-0.0009828879268215,-0.0049174199642142,0.0039345320373927,-8.929664512998814,-22.6303536171815,0.9107033548700119,0.773696463828185,-11.646726872672613
2023-09-11,911671.3548700118,136750.70323050176,774920.6516395101,8,779394.5213913097,3767.537,0.0010629147184135,0.0073647196665875,-0.0063018049481740005,-8.832864512998817,-22.06054786086903,0.9116713548700118,0.7793945213913097,-11.55281487824556
2023-09-12,911471.3548700119,136720.7032305018,774750.6516395101,8,777960.4909299541,3760.605,-0.0002193772996503,-0.0018399288447598,0.0016205515451095,-8.852864512998803,-22.20395090700459,0.911471354870012,0.7779604909299541,-11.572218182879237
2023-09-13,911139.3548700119,136670.90323050178,774468.4516395101,8,773005.1006138384,3736.651,-0.0003642462247728,-0.0063697197658356,0.0060054735410628,-8.886064512998804,-22.699489938616157,0.911139354870012,0.7730051006138384,-11.60442766857116
2023-09-14,912123.3548700119,136818.50323050178,775304.8516395101,8,772354.9047482816,3733.508,0.0010799665218503,-0.0008411275230145,0.0019210940448648002,-8.787664512998806,-22.76450952517184,0.912123354870012,0.7723549047482816,-11.508963409773411
2023-09-15,911735.354870012,136760.3032305018,774975.0516395102,8,767238.7755878969,3708.777,-0.0004253810604984,-0.0066240650883833,0.0061986840278849,-8.8264645129988,-23.276122441210312,0.911735354870012,0.7672387755878969,-11.546605820762762
2023-09-18,911227.354870012,136684.1032305018,774543.2516395102,8,771155.6729847963,3727.711,-0.0005571792267202,0.0051051869659457,-0.005662366192665899,-8.877264512998796,-22.884432701520364,0.911227354870012,0.7711556729847964,-11.595890214532329
2023-09-19,911779.354870012,136766.9032305018,775012.4516395102,8,769664.3392288944,3720.502,0.0006057763707925,-0.0019338945535208,0.0025396709243133,-8.822064512998795,-23.033566077110557,0.911779354870012,0.7696643392288944,-11.542337093743345
2023-09-20,911347.3548700121,136702.10323050182,774645.2516395103,8,766600.1645039088,3705.69,-0.0004737988392614,-0.0039811831844196,0.0035073843451582003,-8.865264512998783,-23.339983549609112,0.9113473548700122,0.7666001645039089,-11.584248231752102
2023-09-21,910260.9806000121,136539.14709000182,773721.8335100103,8,759722.7348028459,3672.445,-0.0011920529139572,-0.0089713386710706,0.007779285757113401,-8.973901939998786,-24.027726519715408,0.9102609806000121,0.7597227348028459,-11.689644486287163
2023-09-22,910900.8416400122,136635.12624600183,774265.7153940104,8,773477.1804627732,3738.933,0.0007029424018354,0.0181045597687643,-0.0174016173669289,-8.909915835998783,-22.652281953722685,0.9109008416400122,0.7734771804627731,-11.627567392875415
2023-09-25,910670.8416400123,136600.62624600183,774070.2153940104,8,768444.2134843656,3714.604,-0.0002524972966166,-0.0065069366046408,0.0062544393080241996,-8.932915835998767,-23.155578651563435,0.9106708416400123,0.7684442134843656,-11.649881193204143
2023-09-26,910555.8416400122,136583.37624600183,773972.4653940104,8,763952.8350443061,3692.893,-0.0001262805338018,-0.0058447683790789,0.0057184878452771004,-8.944415835998775,-23.604716495569388,0.9105558416400122,0.7639528350443061,-11.661038093368523
2023-09-27,910325.8416400125,136548.87624600186,773776.9653940105,8,765525.4691422903,3700.495,-0.0002525929651779,0.0020585486771482,-0.0023111416423261,-8.96741583599876,-23.447453085770974,0.9103258416400124,0.7655254691422902,-11.68335189369725
2023-09-28,909980.8416400123,136497.12624600183,773483.7153940104,8,763254.4382125783,3689.517,-0.0003789851767566,-0.0029666301400218,0.0025876449632652003,-9.001915835998764,-23.67455617874217,0.9099808416400124,0.7632544382125783,-11.716822594190367
2023-10-09,909175.8416400125,136376.37624600186,772799.4653940105,8,762263.5256462347,3684.727,-0.0008846340089415,-0.0012982729175661,0.00041363890862459996,-9.08241583599876,-23.77364743537652,0.9091758416400124,0.7622635256462348,-11.79492089534096
2023-10-10,908945.8416400125,136341.87624600186,772603.9653940105,8,756553.6764304417,3657.126,-0.0002529763654796,-0.0074906499178907,0.0072376735524111,-9.105415835998754,-24.34463235695583,0.9089458416400125,0.7565536764304417,-11.817234695669697
2023-10-11,909060.8416400125,136359.12624600186,772701.7153940105,8,758709.6870288618,3667.548,0.0001265201893574,0.0028497787606989,-0.0027232585713415,-9.093915835998756,-24.129031297113812,0.9090608416400124,0.7587096870288619,-11.80607779550533
2023-10-12,910440.8416400125,136566.12624600186,773874.7153940105,8,765915.8349069438,3702.382,0.0015180502082901,0.009497898868672,-0.0079798486603819,-8.955915835998752,-23.408416509305617,0.9104408416400125,0.7659158349069438,-11.67219499353287
2023-10-13,909980.8416400125,136497.12624600186,773483.7153940105,8,757853.6544193568,3663.41,-0.0005052497416212,-0.0105261963784395,0.0100209466368183,-9.001915835998753,-24.21463455806432,0.9099808416400125,0.7578536544193568,-11.716822594190356
2023-10-16,909635.8416400126,136445.3762460019,773190.4653940107,8,750238.1086354725,3626.597,-0.0003791288609749,-0.010048834282813,0.0096697054218381,-9.036415835998746,-24.976189136452753,0.9096358416400125,0.7502381086354725,-11.750293294683463
2023-10-17,909865.8416400125,136479.87624600186,773385.9653940105,8,752887.0930638711,3639.402,0.0002528484361228,0.003530858267406,-0.0032780098312832,-9.01341583599875,-24.711290693612888,0.9098658416400125,0.7528870930638711,-11.727979494354726
2023-10-18,909405.8416400125,136410.87624600186,772994.9653940105,8,746924.0336223571,3610.577,-0.0005055690399047,-0.007920257229072,0.007414688189167299,-9.059415835998752,-25.307596637764295,0.9094058416400125,0.746924033622357,-11.77260709501221
2023-10-19,906990.8416400125,136048.62624600186,770942.2153940105,8,730988.3390898772,3533.545,-0.00265558003855,-0.0213350940860699,0.0186795140475199,-9.300915835998758,-26.901166091012286,0.9069908416400124,0.7309883390898771,-12.006901998464011
2023-10-20,907335.8416400123,136100.37624600183,771235.4653940104,8,726239.4061310079,3510.589,0.0003803787030265,-0.0064965919494446,0.006876970652471099,-9.266415835998764,-27.37605938689921,0.9073358416400124,0.7262394061310079,-11.973431297970906
2023-10-23,906875.8416400125,136031.37624600186,770844.4653940105,8,718720.6760216642,3474.244,-0.0005069787601121,-0.0103529635625244,0.0098459848024123,-9.312415835998756,-28.127932397833575,0.9068758416400124,0.7187206760216642,-12.01805889862838
2023-10-24,906760.8416400125,136014.12624600186,770746.7153940105,8,721386.4170091179,3487.13,-0.0001268089794872,0.0037090083482909,-0.0038358173277781003,-9.323915835998752,-27.861358299088213,0.9067608416400125,0.7213864170091179,-12.02921579879275
2023-10-25,907045.9726400124,136056.89589600186,770989.0767440106,8,724971.0794203082,3504.458,0.0003144500588316,0.0049691293413209,-0.004654679282489299,-9.29540273599876,-27.502892057969174,0.9070459726400124,0.7249710794203083,-12.001553380525214
2023-10-26,907045.9726400124,136056.89589600186,770989.0767440106,8,726975.0397606359,3514.145,0.0,0.0027641934929736,-0.0027641934929736,-9.29540273599876,-27.302496023936406,0.9070459726400124,0.7269750397606359,-12.001553380525214
2023-10-27,907669.3233800124,136150.39850700187,771518.9248730105,8,736954.5015978833,3562.385,0.0006872316936545,0.0137273789214733,-0.0130401472278188,-9.233067661998762,-26.304549840211667,0.9076693233800124,0.7369545015978833,-11.941078059015938
2023-10-30,905681.1859800124,135852.17789700185,769829.0080830106,8,741378.8538017226,3583.772,-0.002190376328459,0.0060035622202541,-0.0081939385487131,-9.431881401998755,-25.862114619827736,0.9056811859800125,0.7413788538017226,-12.133960237145084
2023-10-31,905993.1859800124,135898.97789700187,770094.2080830105,8,739048.2439953706,3572.506,0.0003444920848856,-0.003143615163018,0.0034881072479036,-9.400681401998757,-26.095175600462937,0.9059931859800124,0.7390482439953706,-12.103691081916532
2023-11-01,906617.1859800125,135992.57789700187,770624.6080830107,8,738742.2816392907,3571.027,0.0006887469019152,-0.0004139951059565,0.0011027420078717001,-9.33828140199875,-26.12577183607092,0.9066171859800125,0.7387422816392908,-12.043152771459415
2023-11-02,907553.1859800124,136132.97789700187,771420.2080830105,8,735258.9860668288,3554.189,0.0010324092841766,-0.0047151701737342,0.0057475794579108005,-9.244681401998756,-26.474101393317117,0.9075531859800124,0.7352589860668288,-11.952345305773756
2023-11-03,906968.1859800124,136045.22789700187,770922.9580830105,8,741454.1548819208,3584.136,-0.000644590321578,0.0084258321659314,-0.0090704224875094,-9.303181401998762,-25.85458451180792,0.9069681859800124,0.7414541548819208,-12.009099971827302
2023-11-06,909191.1859800124,136378.67789700185,772812.5080830106,8,751481.6108142395,3632.608,0.0024510231277825,0.0135240403823964,-0.0110730172546139,-9.080881401998763,-24.851838918576053,0.9091911859800124,0.7514816108142395,-11.79343224082385
2023-11-07,908138.1859800123,136220.72789700184,771917.4580830104,8,748823.5240574651,3619.759,-0.0011581722482989,-0.0035371281459493,0.0023789558976504,-9.186181401998772,-25.11764759425349,0.9081381859800123,0.7488235240574651,-11.895590639720231
2023-11-08,907241.1859800124,136086.17789700185,771155.0080830106,8,747026.4348165828,3611.072,-0.0009877351419068,-0.0023998835281573,0.0014121483862505,-9.275881401998765,-25.29735651834172,0.9072411859800124,0.7470264348165828,-11.982614461002319
2023-11-09,907514.1859800124,136127.12789700186,771387.0580830105,8,747389.2867250099,3612.826,0.0003009122648076,0.0004857283377344,-0.0001848160729268,-9.248581401998756,-25.261071327499007,0.9075141859800124,0.7473892867250099,-11.956128950177327
2023-11-10,905447.1859800124,135817.07789700184,769630.1080830105,8,741940.9225789157,3586.489,-0.0022776503463336,-0.0072898611779256,0.005012210831592001,-9.45528140199876,-25.805907742108424,0.9054471859800124,0.7419409225789158,-12.156662103566507
2023-11-13,905057.1859800125,135758.57789700187,769298.6080830107,8,740477.3095503395,3579.414,-0.0004307263924818,-0.001972681360517,0.0015419549680351999,-9.49428140199875,-25.952269044966048,0.9050571859800125,0.7404773095503395,-12.194498547602189
2023-11-14,905213.1859800124,135781.97789700187,769431.2080830105,8,741024.2767372731,3582.058,0.0001723647990607,0.0007386683965586,-0.0005663035974979,-9.478681401998756,-25.897572326272687,0.9052131859800124,0.7410242767372731,-12.17936396998792
2023-11-15,906929.1859800126,136039.3778970019,770889.8080830107,8,746234.739119005,3607.245,0.0018956860401257,0.007031432768537,-0.0051357467284113,-9.30708140199874,-25.376526088099492,0.9069291859800126,0.7462347391190051,-12.01288361623085
2023-11-16,905564.1859800126,135834.6278970019,769729.5580830107,8,739018.8682992492,3572.364,-0.0015050789202742,-0.0096697063825718,0.0081646274622976,-9.443581401998735,-26.098113170075077,0.9055641859800126,0.7390188682992492,-12.145311170355773
2023-11-17,904043.1859800126,135606.4778970019,768436.7080830107,8,738130.3569271312,3568.069,-0.0016796158942107,-0.0012022850974873,-0.00047733079672340013,-9.595681401998736,-26.186964307286885,0.9040431859800127,0.7381303569271311,-12.292873302094979
2023-11-20,904940.1859800125,135741.02789700188,769199.1580830106,8,739837.8709819537,3576.323,0.0009922092372474,0.0023132960713483,-0.0013210868341008999,-9.505981401998742,-26.016212901804636,0.9049401859800126,0.7398378709819536,-12.20584948081289
2023-11-21,906227.1859800126,135934.0778970019,770293.1080830108,8,740819.2674777227,3581.067,0.0014221934443172,0.0013265021084505,9.569133586670008e-05,-9.377281401998738,-25.918073252227725,0.9062271859800126,0.7408192674777228,-12.080989215495098
2023-11-22,905057.1859800126,135758.5778970019,769298.6080830108,8,733237.2348119486,3544.416,-0.0012910669841964,-0.0102346591113766,0.0089435921271802,-9.49428140199874,-26.676276518805143,0.9050571859800126,0.7332372348119486,-12.19449854760218
2023-11-23,904862.1859800128,135729.3278970019,769132.8580830108,8,736775.5580968631,3561.52,-0.0002154559988259,0.004825618663272,-0.0050410746620979,-9.513781401998722,-26.32244419031369,0.9048621859800128,0.7367755580968631,-12.213416769620009
2023-11-24,904697.1657400128,135704.57486100192,768992.5908790109,8,731911.8116778018,3538.009,-0.0001823705781464,-0.0066013949100385,0.0064190243318921,-9.53028342599872,-26.808818832219828,0.9046971657400128,0.7319118116778017,-12.22942645955723
2023-11-27,903392.1657400128,135508.82486100192,767883.3408790109,8,726519.3027285578,3511.942,-0.0014424716351715,-0.0073677031347292,0.0059252314995576994,-9.66078342599872,-27.34806972714422,0.9033921657400128,0.7265193027285578,-12.356033022292051
2023-11-28,902561.1657400129,135384.17486100193,767176.990879011,8,727880.7214340083,3518.523,-0.0009198662900948,0.0018738919947995,-0.0027937582848943003,-9.743883425998712,-27.21192785659917,0.9025611657400129,0.7278807214340083,-12.436653753045022
2023-11-29,900136.1657400129,135020.42486100193,765115.740879011,8,721629.9042931655,3488.307,-0.0026867985152139,-0.0085876943251471,0.0059008958099332,-9.986383425998714,-27.837009570683446,0.9001361657400129,0.7216299042931655,-12.671918821728504
2023-11-30,900167.1657400128,135025.07486100192,765142.0908790109,8,723263.3584943867,3496.203,3.44392339513e-05,0.0022635622380713,-0.00222912300412,-9.983283425998724,-27.67366415056134,0.9001671657400128,0.7232633584943866,-12.668911309510293
2023-12-01,900007.1657400128,135001.07486100192,765006.0908790109,8,720507.4217075746,3482.881,-0.0001777447635167,-0.0038104194750705,0.0036326747115538,-9.999283425998717,-27.949257829242534,0.9000071657400128,0.7205074217075746,-12.684433953217237
2023-12-04,899299.1657400129,134894.87486100194,764404.2908790109,8,715802.5522928875,3460.138,-0.0007866604033289,-0.0065299388638313,0.005743278460502399,-10.07008342599871,-28.419744770711254,0.8992991657400129,0.7158025522928875,-12.75312165162049
2023-12-05,896929.1657400128,134539.3748610019,762389.7908790108,8,702173.6773903236,3394.257,-0.0026353855205123,-0.0190399920465599,0.0164046065260476,-10.30708342599872,-29.782632260967645,0.8969291657400128,0.7021736773903235,-12.983050811529715
2023-12-06,895301.8313400128,134295.2747010019,761006.5566390109,8,703278.5759324615,3399.598,-0.0018143399302412,0.0015735402475416,-0.0033878801777828,-10.469816865998716,-29.672142406753842,0.8953018313400128,0.7032785759324616,-13.140929137050117
2023-12-07,895301.8313400128,134295.2747010019,761006.5566390109,8,701558.2358694735,3391.282,0.0,-0.0024461715767569,0.0024461715767569,-10.469816865998716,-29.844176413052647,0.8953018313400128,0.7015582358694735,-13.140929137050117
2023-12-08,896003.8313400128,134400.57470100193,761603.2566390109,8,703250.441462937,3399.462,0.0007840931129887,0.0024120671769554,-0.0016279740639667,-10.399616865998718,-29.674955853706297,0.8960038313400128,0.703250441462937,-13.072823537785872
2023-12-11,896588.8313400127,134488.3247010019,762100.5066390107,8,707386.4153541493,3419.455,0.000652898993886,0.0058812247349726,-0.0052283257410866,-10.341116865998723,-29.261358464585076,0.8965888313400128,0.7073864153541493,-13.016068871732337
2023-12-12,896471.8313400127,134470.7747010019,762001.0566390108,8,708906.5041928743,3426.803,-0.0001304945989848,0.0021488804502471,-0.0022793750492319,-10.352816865998726,-29.109349580712575,0.8964718313400127,0.7089065041928743,-13.027419804943047
2023-12-13,896471.8313400127,134470.7747010019,762001.0566390108,8,697073.8910467951,3369.605,0.0,-0.0166913592640135,0.0166913592640135,-10.352816865998726,-30.292610895320493,0.8964718313400127,0.6970738910467951,-13.027419804943047
2023-12-14,895652.8313400127,134347.9247010019,761304.9066390108,8,693424.4779814782,3351.964,-0.0009135814103337,-0.0052353317376964,0.0043217503273626995,-10.434716865998727,-30.657552201852177,0.8956528313400127,0.6934244779814782,-13.106876337418004
2023-12-15,894833.8313400127,134225.0747010019,760608.7566390107,8,691270.5360940526,3341.552,-0.0009144168045275,-0.0031062386111543,0.0021918218066267997,-10.51661686599873,-30.872946390594734,0.8948338313400127,0.6912705360940526,-13.186332869892963
2023-12-18,894950.8313400127,134242.6247010019,760708.2066390108,8,688749.6048762107,3329.366,0.0001307505325596,-0.0036468084291371,0.0037775589616967,-10.504916865998727,-31.125039512378926,0.8949508313400127,0.6887496048762107,-13.17498193668225
2023-12-19,894716.8313400128,134207.5247010019,760509.3066390109,8,689716.727266118,3334.041,-0.0002614668781855,0.0014041712446153,-0.0016656381228008,-10.528316865998722,-31.02832727338819,0.8947168313400128,0.6897167272661181,-13.197683803103663
2023-12-20,894365.8313400128,134154.8747010019,760210.9566390109,8,682157.8641634817,3297.502,-0.0003923028914906,-0.010959373325043,0.010567070433552398,-10.56341686599872,-31.78421358365182,0.8943658313400128,0.6821578641634818,-13.231736602735786
2023-12-21,894833.831340013,134225.07470100193,760608.756639011,8,689060.7390097765,3330.87,0.0005232758045987,0.0101191750603939,-0.009595899255795199,-10.516616865998706,-31.09392609902235,0.8948338313400129,0.6890607390097765,-13.186332869892942
2023-12-22,894924.9880400131,134238.74820600197,760686.2398340112,8,690376.0254600506,3337.228,0.000101869974969,0.0019088106110416,-0.0018069406360726001,-10.507501195998692,-30.96239745399495,0.8949249880400131,0.6903760254600505,-13.177489163795416
2023-12-25,894837.9880400131,134225.69820600195,760612.2898340111,8,692490.8687096811,3347.451,-9.721485170566256e-05,0.0030633208159587,-0.0031605356676643625,-10.516201195998686,-30.750913129031886,0.8948379880400131,0.6924908687096811,-13.185929601311067
2023-12-26,893810.9880400131,134071.64820600196,759739.3398340112,8,687802.9627251484,3324.79,-0.0011476937878436,-0.0067696285920242,0.0056219348041806,-10.618901195998687,-31.21970372748516,0.8938109880400131,0.6878029627251484,-13.28556557060506
2023-12-27,894472.9880400132,134170.94820600198,760302.0398340112,8,690195.8407324337,3336.357,0.0007406487600378,0.003479016719853,-0.0027383679598151998,-10.552701195998681,-30.98041592675663,0.8944729880400132,0.6901958407324337,-13.221340632267545
2023-12-28,898319.9880400132,134747.99820600197,763571.9898340112,8,706369.6439003751,3414.54,0.0043008565394799,0.0234336433421242,-0.0191327868026443,-10.168001195998677,-29.363035609962484,0.8983199880400132,0.7063696439003752,-12.84811806763853
2023-12-29,897065.9880400134,134559.898206002,762506.0898340113,8,709797.4980181858,3431.11,-0.0013959391048795,0.0048527766551278,-0.0062487157600072995,-10.293401195998664,-29.02025019818142,0.8970659880400134,0.7097974980181858,-12.96977678769175
2024-01-02,895255.9880400132,134288.398206002,760967.5898340113,8,700538.3613492076,3386.352,-0.0020176888034231,-0.0130447581103492,0.0110270693069261,-10.474401195998674,-29.946163865079246,0.8952559880400133,0.7005383613492076,-13.145376694626643
2024-01-03,895656.9880400132,134348.548206002,761308.4398340113,8,698872.0146431748,3378.297,0.0004479165795672,-0.0023786658917913,0.0028265824713584998,-10.434301195998675,-30.112798535682515,0.8956569880400133,0.6988720146431748,-13.106473068836099
2024-01-04,894629.9880400132,134194.49820600197,760435.4898340112,8,692408.3271410025,3347.052,-0.0011466443222281,-0.0092487427837162,0.0081020984614881,-10.537001195998673,-30.759167285899746,0.8946299880400133,0.6924083271410025,-13.206109038130093
2024-01-05,896753.9880400132,134513.09820600197,762240.8898340112,8,688696.8527458521,3329.111,0.0023741658880152,-0.0053602393987306,0.0077344052867458005,-10.324601195998673,-31.130314725414788,0.8967539880400133,0.6886968527458521,-13.000045942920313
2024-01-08,894611.9880400134,134191.798206002,760420.1898340114,8,679790.0175592294,3286.056,-0.0023886149697328,-0.0129328820817329,0.0105442671120001,-10.538801195998658,-32.020998244077056,0.8946119880400134,0.6797900175592294,-13.207855335547109
2024-01-09,895116.9880400134,134267.548206002,760849.4398340114,8,681122.8880529562,3292.499,0.0005644905352837,0.0019607091297286,-0.0013962185944448998,-10.488301195998663,-31.887711194704384,0.8951169880400134,0.6811228880529562,-13.158861991347045
2024-01-10,893845.9880400135,134076.89820600202,759769.0898340114,8,677943.27925448,3277.129,-0.0014199261291901,-0.0046681866873763,0.0032482605581862006,-10.615401195998652,-32.20567207455199,0.8938459880400135,0.6779432792544801,-13.282169992294133
2024-01-11,894053.9880400135,134108.098206002,759945.8898340114,8,681779.2900514965,3295.672,0.0002327022806871,0.0056583064017314,-0.0054256041210443,-10.594601195998655,-31.82207099485035,0.8940539880400135,0.6817792900514965,-13.261990555475098
2024-01-12,893861.9880400136,134079.29820600204,759782.6898340115,8,679399.238052377,3284.167,-0.0002147521319387,-0.003490942059768,0.0032761899278293,-10.61380119599864,-32.0600761947623,0.8938619880400136,0.679399238052377,-13.280617727923424
2024-01-15,894157.9880400137,134123.69820600204,760034.2898340116,8,678727.5275924777,3280.92,0.0003311473179983,-0.000988682975013,0.0013198302930113,-10.584201195998633,-32.12724724075222,0.8941579880400137,0.6787275275924778,-13.251900837065559
2024-01-16,896264.9880400136,134439.74820600203,761825.2398340115,8,682855.8472530107,3300.876,0.0023564068410533,0.0060824402911379,-0.0037260334500846,-10.373501195998635,-31.714415274698926,0.8962649880400136,0.6828558472530107,-13.047487022749646
2024-01-17,894575.9880400137,134186.39820600205,760389.5898340116,8,668003.743539426,3229.082,-0.0018844873140627,-0.0217499839436561,0.0198654966295934,-10.542401195998629,-33.1996256460574,0.8945759880400137,0.668003743539426,-13.211347930381145
2024-01-18,894680.9880400137,134202.14820600205,760478.8398340116,8,677446.7886158113,3274.729,0.0001173740424555,0.0141362158037485,-0.014018841761293001,-10.531901195998628,-32.25532113841887,0.8946809880400137,0.6774467886158113,-13.201161195448455
2024-01-19,894785.9880400138,134217.89820600208,760568.0898340117,8,676422.1560602582,3269.776,0.0001173602674067,-0.0015124915680045,0.0016298518354112,-10.521401195998614,-32.357784393974185,0.8947859880400139,0.6764221560602581,-13.190974460515756
2024-01-22,894176.9880400139,134126.54820600207,760050.4398340118,8,665897.7957470717,3218.902,-0.000680609674425,-0.0155588639711098,0.014878254296684799,-10.58230119599861,-33.41022042529283,0.8941769880400139,0.6658977957470718,-13.250057523125335
2024-01-23,895064.9880400139,134259.74820600208,760805.2398340119,8,668593.533043945,3231.933,0.0009930919850067,0.0040482748465158,-0.0030551828615091,-10.493501195998611,-33.140646695605504,0.8950649880400139,0.668593533043945,-13.163906850551758
2024-01-24,897641.9880400139,134646.29820600207,762995.6898340118,8,677939.1418324914,3277.109,0.0028791205492721,0.013978012539245,-0.011098891989972902,-10.235801195998606,-32.206085816750864,0.8976419880400139,0.6779391418324914,-12.913895270346668
2024-01-25,899852.9880400139,134977.9482060021,764875.0398340118,8,691553.3288869947,3342.919,0.0024631200739926,0.0200817244711726,-0.01761860439718,-10.01470119599861,-30.844667111300527,0.8998529880400139,0.6915533288869947,-12.69939173762124
2024-01-26,902116.9880400139,135317.54820600207,766799.4398340118,8,689671.2156242402,3333.821,0.0025159665301899,-0.0027215735708822,0.0052375401010721,-9.788301195998606,-31.032878437575974,0.902116988040014,0.6896712156242403,-12.479746329167876
2024-01-29,903178.9880400138,135476.84820600206,767702.1398340117,8,683493.8377237006,3303.96,0.0011772309069439,-0.0089569895924226,0.0101342204993665,-9.682101195998616,-31.650616227629946,0.9031789880400138,0.6834938377237005,-12.376714781562995
2024-01-30,900584.9880400137,135087.74820600206,765497.2398340116,8,671304.785673277,3245.039,-0.0028720774446151,-0.017833448346832,0.014961370902216898,-9.941501195998626,-32.8695214326723,0.9005849880400137,0.671304785673277,-12.628375642661952
2024-01-31,900236.9880400138,135035.54820600207,765201.4398340117,8,665163.4033440405,3215.352,-0.0003864155017255,-0.009148426259284,0.0087620107575585,-9.976301195998616,-33.483659665595944,0.9002369880400138,0.6651634033440406,-12.662137392724562
2024-02-01,899435.9880400139,134915.39820600208,764520.5898340119,8,665651.4122676323,3217.711,-0.0008897657068545,0.0007336677290699,-0.0016234334359244,-10.05640119599861,-33.43485877323676,0.8994359880400139,0.6656514122676324,-12.73984762778248
2024-02-02,898705.988040014,134805.8982060021,763900.089834012,8,657773.1401874523,3179.628,-0.0008116197369317,-0.0118354320819985,0.0110238123450668,-10.1294011959986,-34.22268598125476,0.898705988040014,0.6577731401874524,-12.810669689695436
2024-02-05,898472.289880014,134770.8434820021,763701.4463980119,8,662074.8178293204,3200.422,-0.0002600385032592,0.0065397587390725,-0.0067997972423317,-10.152771011998595,-33.79251821706796,0.898472289880014,0.6620748178293204,-12.833342272649496
2024-02-06,899814.2898800141,134972.1434820021,764842.146398012,8,685093.3650646127,3311.692,0.0014936465098764,0.0347672900636228,-0.0332736435537464,-10.018571011998588,-31.49066349353873,0.8998142898800141,0.6850933650646127,-12.703146098557436
2024-02-07,899082.2898800143,134862.34348200212,764219.9463980121,8,691700.4142387005,3343.63,-0.0008135011948938,0.0096440127886288,-0.0104575139835226,-10.091771011998574,-30.829958576129947,0.8990822898800143,0.6917004142387005,-12.774162193516721
2024-02-08,899326.2898800143,134898.94348200213,764427.3463980121,8,696106.768656888,3364.93,0.0002713878392961,0.0063703220751099,-0.0060989342358138,-10.06737101199857,-30.389323134311198,0.8993262898800143,0.696106768656888,-12.75049016186362
2024-02-19,901278.2898800144,135191.74348200214,766086.5463980122,8,704149.5032611272,3403.808,0.0021705136633562,0.0115538807642356,-0.009383367100879399,-9.872171011998566,-29.585049673887287,0.9012782898800143,0.7041495032611271,-12.561113908638808
2024-02-20,901034.2898800144,135155.14348200214,765879.1463980122,8,705607.1170278196,3410.854,-0.0002707265921522,0.0020700345025337,-0.0023407610946859,-9.896571011998567,-29.439288297218035,0.9010342898800143,0.7056071170278196,-12.584785940291912
2024-02-21,902742.2898800143,135411.34348200212,767330.9463980121,8,715126.7044109997,3456.871,0.0018955993342133,0.013491342637357,-0.0115957433031437,-9.725771011998575,-28.487329558900033,0.9027422898800143,0.7151267044109997,-12.419081718720214
2024-02-22,902376.2898800143,135356.44348200213,767019.8463980121,8,721292.2906588712,3486.675,-0.0004054313219874,0.0086216697122918,-0.0090271010342792,-9.762371011998571,-27.870770934112887,0.9023762898800143,0.7212922906588711,-12.454589766199863
2024-02-23,903230.2898800143,135484.54348200213,767745.7463980122,8,721926.7643208703,3489.742,0.0009463901141657,0.0008796346089039,6.67555052618e-05,-9.67697101199857,-27.807323567912967,0.9032302898800143,0.7219267643208703,-12.371737655414007
2024-02-26,901034.2898800145,135155.14348200217,765879.1463980123,8,714400.1731097476,3453.359,-0.0024312736459399,-0.0104256990917952,0.0079944254458553,-9.896571011998557,-28.559982689025244,0.9010342898800144,0.7144001731097476,-12.584785940291901
2024-02-27,901429.3884000143,135214.40826000212,766214.9801400121,8,722970.4290175724,3494.787,0.0004384944329394,0.0119964359338253,-0.011557941500885899,-9.85706115999857,-27.702957098242752,0.9014293884000143,0.7229704290175725,-12.546454855572515
2024-02-28,900896.3884000143,135134.45826000214,765761.9301400121,8,713759.0795725662,3450.26,-0.0005912831408193,-0.0127409767748362,0.0121496936340169,-9.91036115999857,-28.624092042743378,0.9008963884000143,0.7137590795725662,-12.598164662421297
2024-02-29,902236.3884000144,135335.45826000214,766900.9301400122,8,727375.9559513623,3516.083,0.0014874074502395,0.0190776926956228,-0.017590285245383298,-9.776361159998558,-27.262404404863773,0.9022363884000144,0.7273759559513623,-12.46816252137557
2024-03-01,901010.3884000145,135151.55826000217,765858.8301400123,8,731869.4031024164,3537.804,-0.0013588456592558,0.0061776129858142,-0.00753645864507,-9.898961159998553,-26.813059689758354,0.9010103884000145,0.7318694031024164,-12.587104778780079
2024-03-04,899322.3884000145,134898.35826000216,764424.0301400123,8,732503.4630222167,3540.869,-0.0018734523172341,0.0008663566438389,-0.002739808961073,-10.067761159998556,-26.74965369777833,0.8993223884000144,0.7325034630222167,-12.750868669888415
2024-03-05,901118.3884000145,135167.75826000216,765950.6301400122,8,737601.8012680489,3565.514,0.001997059144936,0.0069601558261542,-0.0049630966812182,-9.888161159998553,-26.239819873195103,0.9011183884000145,0.737601801268049,-12.576626994277888
2024-03-06,899892.3884000145,134983.85826000216,764908.5301400123,8,734609.2039434717,3551.048,-0.0013605315525486,-0.0040571990461963,0.0026966674936477002,-10.010761159998548,-26.539079605652837,0.8998923884000145,0.7346092039434716,-12.695569251682395
2024-03-07,900505.3884000145,135075.80826000217,765429.5801400123,8,730197.0571344995,3529.72,0.0006811925602459,-0.0060061142513422,0.0066873068115881,-9.949461159998553,-26.980294286550045,0.9005053884000145,0.7301970571344996,-12.63609812298014
2024-03-08,900277.3884000145,135041.60826000216,765235.7801400123,8,733339.4291350755,3544.91,-0.0002531911556965,0.0043034574980451,-0.0045566486537416,-9.972261159998553,-26.666057086492444,0.9002773884000145,0.7333394291350755,-12.658217890262547
2024-03-11,900856.3884000145,135128.45826000217,765727.9301400123,8,742514.989879878,3589.264,0.0006431351130888,0.0125120242827041,-0.0118688891696153,-9.914361159998553,-25.748501012012206,0.9008563884000145,0.742514989879878,-12.602045323348019
2024-03-12,901435.3884000145,135215.30826000217,766220.0801400123,8,744217.5390283138,3597.494,0.0006427217561595,0.0022929491951553,-0.0016502274389958002,-9.856461159998553,-25.578246097168623,0.9014353884000145,0.7442175390283138,-12.545872756433488
2024-03-13,898980.3884000144,134847.05826000214,764133.3301400122,8,739018.2476859516,3572.361,-0.0027234342378742,-0.0069862520965986,0.004262817858724399,-10.101961159998563,-26.09817523140483,0.8989803884000144,0.7390182476859517,-12.78404832081203
2024-03-14,898210.3884000144,134731.55826000214,763478.8301400122,8,736920.9884797741,3562.223,-0.0008565259152877,-0.0028378990813077,0.0019813731660199996,-10.178961159998568,-26.307901152022595,0.8982103884000143,0.736920988479774,-12.85875104365174
2024-03-15,901629.3884000144,135244.40826000215,766384.9801400122,8,738528.3769224649,3569.993,0.0038064578679504,0.0021812222311741,0.0016252356367763001,-9.837061159998562,-26.1471623077535,0.9016293884000144,0.738528376922465,-12.527051550938817
2024-03-18,901167.3884000144,135175.10826000216,765992.2801400122,8,745465.7992423673,3603.528,-0.0005124056579609,0.0093935758417453,-0.0099059814997062,-9.883261159998558,-25.453420075763276,0.9011673884000144,0.7454657992423672,-12.571873184642634
2024-03-19,899177.3884000144,134876.60826000216,764300.7801400122,8,740108.2515089297,3577.63,-0.002208246798115,-0.0071868457800244,0.0049785989819094,-10.082261159998563,-25.989174849107034,0.8991773884000144,0.7401082515089297,-12.764936065747849
2024-03-20,899790.3884000145,134968.55826000217,764821.8301400123,8,741712.3300140296,3585.384,0.0006817342249796,0.0021673566019964,-0.0014856223770168,-10.020961159998553,-25.82876699859704,0.8997903884000145,0.7417123300140296,-12.705464937045582
2024-03-21,900742.3884000145,135111.35826000216,765631.0301400123,8,740824.0255130109,3581.09,0.0010580241934934,-0.0011976401969776,0.0022556643904710003,-9.925761159998547,-25.917597448698903,0.9007423884000145,0.740824025513011,-12.613105206989214
2024-03-22,899211.3884000146,134881.7082600022,764329.6801400124,8,733358.4612762246,3545.002,-0.0016997090618989,-0.0100773786752078,0.008377669613308901,-10.078861159998542,-26.66415387237754,0.8992113884000146,0.7333584612762246,-12.761637503960099
2024-03-25,899747.3884000147,134962.1082600022,764785.2801400125,8,729378.4681939943,3525.763,0.0005960778599054,-0.0054270773331015,0.0060231551930069,-10.025261159998532,-27.06215318060058,0.8997473884000147,0.7293784681939942,-12.709636647541805
2024-03-26,902313.3884000146,135347.00826000219,766966.3801400124,8,733098.8380464205,3543.747,0.002851911584387,0.0051007398965838,-0.0022488283121968,-9.768661159998537,-26.690116195357948,0.9023133884000146,0.7330988380464205,-12.460692249091577
2024-03-27,902002.3884000147,135300.3582600022,766702.0301400125,8,724625.3978131361,3502.787,-0.0003446696059242,-0.011558387209922,0.0112137176039978,-9.799761159998532,-27.537460218686395,0.9020023884000147,0.7246253978131361,-12.49086438779696
2024-03-28,901694.3884000147,135254.1582600022,766440.2301400125,8,728385.900658855,3520.965,-0.0003414625104777,0.0051895818957876,-0.0055310444062653,-9.83056115999853,-27.1614099341145,0.9016943884000147,0.728385900658855,-12.520745476932838
2024-03-29,901469.3884000147,135220.4082600022,766248.9801400125,8,731803.204350594,3537.484,-0.0002495302209868,0.0046916115326338,-0.0049411417536205995,-9.853061159998532,-26.8196795649406,0.9014693884000147,0.731803204350594,-12.542574194645741
2024-04-01,903533.3884000148,135530.0082600022,768003.3801400126,8,743835.4481076382,3595.647,0.0022895952170527,0.0164419118220746,-0.014152316605021899,-9.646661159998516,-25.616455189236188,0.9035333884000148,0.7438354481076381,-12.342332090826053
2024-04-02,903296.388400015,135494.45826000223,767801.9301400126,8,740738.3808778406,3580.676,-0.0002623035330433,-0.0041636456526462,0.0039013421196029,-9.670361159998508,-25.92616191221594,0.9032963884000149,0.7407383808778406,-12.365325006816969
2024-04-03,902147.3884000148,135322.10826000222,766825.2801400126,8,738075.3292146798,3567.803,-0.0012720077427025,-0.0035951311986897,0.0023231234559871997,-9.785261159998516,-26.192467078532022,0.9021473884000148,0.7380753292146798,-12.476796991937517
2024-04-08,902486.388400015,135372.95826000223,767113.4301400126,8,731580.6110475906,3536.408,0.0003757700840893,-0.0087995329338532,0.009175303017942501,-9.751361159998506,-26.841938895240936,0.9024863884000149,0.7315806110475906,-12.443908390583406
2024-04-09,902027.3884000148,135304.10826000222,766723.2801400126,8,730976.3405661106,3533.487,-0.0005085949283,-0.0008259793553232,0.0003173844270232,-9.797261159998516,-26.90236594338894,0.9020273884000148,0.7309763405661106,-12.488438974717733
2024-04-10,901217.3884000148,135182.60826000222,766034.7801400126,8,725023.0040662703,3504.709,-0.0008979771683393,-0.0081443627781847,0.007246385609845399,-9.878261159998514,-27.49769959337297,0.9012173884000149,0.7250230040662703,-12.56702235848417
2024-04-11,900644.3884000148,135096.6582600022,765547.7301400126,8,724927.0158761278,3504.245,-0.0006358066404126,-0.000132393302839,-0.0005034133375736,-9.935561159998517,-27.507298412387225,0.9006443884000148,0.7249270158761277,-12.622612826259694
2024-04-12,897927.3884000148,134689.10826000222,763238.2801400126,8,719050.6354252811,3475.839,-0.003016728949843,-0.0081061683757842,0.005089439425941199,-10.207261159998515,-28.094936457471885,0.8979273884000148,0.7190506354252811,-12.886206719708357
2024-04-15,901636.388400015,135245.45826000223,766390.9301400126,8,734201.2541353656,3549.076,0.0041306235313849,0.0210703084924244,-0.016939684961039498,-9.836361159998507,-26.579874586463436,0.9016363884000149,0.7342012541353656,-12.526372435276587
2024-04-16,901103.3884000151,135165.50826000224,765937.8801400128,8,726348.2203293181,3511.115,-0.0005911473925157,-0.0106960234156719,0.0101048760231562,-9.889661159998496,-27.36517796706819,0.901103388400015,0.7263482203293181,-12.578082242125358
2024-04-17,904633.3884000151,135695.00826000224,768938.3801400128,8,737578.8385760111,3565.403,0.0039174195163862,0.015461755026537,-0.0115443355101508,-9.536661159998495,-26.242116142398885,0.9046333884000151,0.7375788385760111,-12.235613915340743
2024-04-18,905905.3884000151,135885.80826000226,770019.5801400128,8,738488.8645424717,3569.802,0.0014060944646867,0.0012338016207427,0.00017229284394400008,-9.40946115999849,-26.151113545752825,0.9059053884000151,0.7384888645424718,-12.112208897870476
2024-04-19,905172.3884000151,135775.85826000225,769396.5301400127,8,732667.5118040774,3541.662,-0.0008091352688547,-0.0078827901379406,0.007073654869085901,-9.482761159998487,-26.73324881959226,0.9051723884000151,0.7326675118040774,-12.183322009352944
2024-04-22,903139.3884000152,135470.90826000227,767668.4801400129,8,730442.199387343,3530.905,-0.0022459810153881,-0.0030372745902911,0.000791293574903,-9.686061159998482,-26.9557800612657,0.9031393884000152,0.730442199387343,-12.380556600954389
2024-04-23,904017.3884000152,135602.60826000228,768414.7801400129,8,725336.6206530302,3506.225,0.0009721644424738,-0.0069897094370988,0.0079618738795726,-9.598261159998478,-27.466337934696984,0.9040173884000152,0.7253366206530302,-12.29537609361249
2024-04-24,904168.3884000151,135625.25826000224,768543.1301400128,8,728521.8149711913,3521.622,0.0001670321853732,0.0043913325585209,-0.0042243003731477,-9.583161159998488,-27.14781850288086,0.9041683884000151,0.7285218149711914,-12.280726598614065
2024-04-25,905311.8951200151,135796.78426800226,769515.1108520129,8,730313.1118212893,3530.281,0.0012647054848085,0.0024588101732667,-0.0011941046884582,-9.468810487998491,-26.96868881787107,0.9053118951200151,0.7303131118212893,-12.169787552419914
2024-04-26,905344.895120015,135801.73426800224,769543.1608520127,8,741481.6687381489,3584.269,3.645152590814327e-05,0.0152928336299575,-0.015256382104049357,-9.465510487998497,-25.85183312618511,0.905344895120015,0.7414816687381489,-12.166586007155361
2024-04-29,906961.895120015,136044.28426800226,770917.6108520128,8,749682.6597334638,3623.912,0.0017860596649033,0.0110602747729033,-0.009274215108,-9.303810487998499,-25.031734026653616,0.906961895120015,0.7496826597334638,-12.009710289191986
2024-04-30,909887.8951200151,136483.18426800225,773404.7108520129,8,745644.949614488,3604.394,0.0032261553828707,-0.0053858923726625,0.0086120477555332,-9.01121048799849,-25.4355050385512,0.9098878951200151,0.745644949614488,-11.725839942401105
2024-05-06,912307.8951200151,136846.18426800225,775461.7108520129,8,756709.0366261275,3657.877,0.0026596683096666,0.0148382779463065,-0.0121786096366399,-8.76921048799849,-24.329096337387245,0.9123078951200151,0.7567090366261275,-11.49105995633347
2024-05-07,911900.895120015,136785.13426800224,775115.7608520128,8,756943.0078396004,3659.008,-0.0004461213173503,0.0003091957438701,-0.0007553170612204,-8.809910487998495,-24.305699216039955,0.911900895120015,0.7569430078396004,-11.530545681263032
2024-05-08,910525.895120015,136578.88426800224,773947.0108520128,8,750988.223242064,3630.223,-0.0015078392919211,-0.0078668863254738,0.0063590470335527,-8.947410487998496,-24.901177675793594,0.910525895120015,0.750988223242064,-11.663943400619646
2024-05-09,910756.895120015,136613.53426800226,774143.3608520128,8,758091.763054821,3664.561,0.0002536995391761,0.0094589230468762,-0.009205223507700101,-8.924310487998499,-24.190823694517892,0.910756895120015,0.7580917630548211,-11.641532583767738
2024-05-10,913682.895120015,137052.43426800225,776630.4608520127,8,758446.7538614693,3666.277,0.0032127124325689,0.0004682689140662,0.0027444435185027,-8.6317104879985,-24.155324613853068,0.913682895120015,0.7584467538614693,-11.357662236976868
2024-05-13,914133.8951200151,137120.08426800228,777013.8108520128,8,758118.6562977488,3664.691,0.0004936067014156,-0.0004325914272164,0.0009261981286320001,-8.586610487998492,-24.18813437022512,0.9141338951200151,0.7581186562977488,-11.31390778502789
2024-05-14,912791.8951200151,136918.78426800226,775873.1108520129,8,756536.9198713892,3657.045,-0.0014680562739923,-0.0020863969158654,0.0006183406418731,-8.720810487998488,-24.346308012861083,0.9127918951200151,0.7565369198713892,-11.44410395911994
2024-05-15,912285.8951200153,136842.8842680023,775443.0108520129,8,750126.191370675,3626.056,-0.0005543432218287,-0.0084737814273545,0.0079194382055258,-8.771410487998477,-24.987380862932508,0.9122858951200152,0.7501261913706749,-11.493194319843163
2024-05-16,916333.8951200154,137450.0842680023,778883.8108520131,8,753085.0687060428,3640.359,0.0044372055094281,0.0039445060969824,0.0004926994124457001,-8.36661048799846,-24.691493129395713,0.9163338951200154,0.7530850687060429,-11.10047143405728
2024-05-17,919798.8951200156,137969.83426800233,781829.0608520133,8,760865.6976272846,3677.97,0.0037813727271829,0.0103316733322178,-0.006550300605034899,-8.020110487998444,-23.913430237271548,0.9197988951200156,0.7608656976272845,-10.764309181278602
2024-05-20,921250.8951200157,138187.63426800235,783063.2608520134,8,763553.3669512796,3690.962,0.0015786059406068,0.0035323833527736,-0.0019537774121668,-7.874910487998433,-23.644663304872036,0.9212508951200157,0.7635533669512796,-10.623441189638006
2024-05-21,923659.8951200157,138548.98426800236,785110.9108520134,8,760491.467808388,3676.161,0.0026149228323801,-0.0040100656685166,0.0066249885008967,-7.634010487998433,-23.950853219161196,0.9236598951200157,0.760491467808388,-10.389728385325222
2024-05-22,924946.8951200157,138742.03426800235,786204.8608520133,8,762206.4292227905,3684.451,0.0013933700129231,0.0022550698949255,-0.0008616998820024002,-7.505310487998429,-23.779357077720952,0.9249468951200157,0.7622064292227905,-10.26486812000743
2024-05-23,923604.8951200158,138540.73426800236,785064.1608520134,8,753381.5149915481,3641.792,-0.0014508941076296,-0.0115781157084189,0.010127221600789299,-7.639510487998413,-24.661848500845185,0.9236048951200159,0.7533815149915482,-10.395064294099468
2024-05-24,922031.895120016,138304.78426800238,783727.1108520136,8,745041.092875207,3601.475,-0.0017031092064487,-0.0110706487355676,0.0093675395291189,-7.796810487998407,-25.49589071247931,0.9220318951200159,0.7450410928752069,-10.547671285043426
2024-05-27,924671.895120016,138700.78426800238,785971.1108520136,8,752122.9112225221,3635.708,0.002863241514716,0.0095052721454405,-0.0066420306307245006,-7.532810487998409,-24.787708877747782,0.9246718951200159,0.7521229112225222,-10.291547663878733
2024-05-28,923890.2832600159,138583.54248900237,785306.7407710134,8,746633.3797276382,3609.172,-0.0008452856241495,-0.0072987159584875,0.0064534303343380004,-7.610971673998412,-25.33666202723618,0.9238902832600159,0.7466333797276382,-10.367376929003157
2024-05-29,922397.2832600159,138359.5924890024,784037.6907710135,8,747533.2690102259,3613.522,-0.0016159927504939,0.0012052625920848,-0.0028212553425786997,-7.760271673998409,-25.24667309897741,0.9223972832600159,0.7475332690102259,-10.512222598093643
2024-05-30,920516.283260016,138077.4424890024,782438.8407710136,8,743559.2751898795,3594.312,-0.0020392514528577,-0.0053161430869936,0.0032768916341359006,-7.9483716739984,-25.64407248101206,0.920516283260016,0.7435592751898794,-10.69471067817348
2024-05-31,919945.379900016,137991.8069850024,781953.5729150135,8,740583.0206821582,3579.925,-0.0006201990886876,-0.0040027131757064,0.0033825140870188,-8.005462009998398,-25.94169793178418,0.919945379900016,0.7405830206821582,-10.750097737225863
2024-06-03,919363.3799000161,137904.5069850024,781458.8729150137,8,742408.244392565,3588.748,-0.000632646255654,0.0024645767718596,-0.0030972230275136,-8.063662009998385,-25.759175560743497,0.9193633799000162,0.742408244392565,-10.806561353709885
2024-06-04,919751.3799000161,137962.7069850024,781788.6729150137,8,747977.8350029341,3615.671,0.0004220311668734,0.0075020592139654,-0.007080028047092,-8.02486200999839,-25.202216499706587,0.9197513799000161,0.7479778350029341,-10.768918942720534
2024-06-05,919460.379900016,137919.0569850024,781541.3229150135,8,743658.987059812,3594.794,-0.0003163898487781,-0.005774031984658,0.0054576421358799,-8.053962009998394,-25.63410129401881,0.9194603799000161,0.7436589870598119,-10.797150750962555
2024-06-06,919072.379900016,137860.8569850024,781211.5229150136,8,743131.6726273256,3592.245,-0.0004219866439946,-0.0007090809654182,0.0002870943214236,-8.092762009998399,-25.68683273726744,0.919072379900016,0.7431316726273256,-10.834793161951916
2024-06-07,919654.3799000159,137948.15698500237,781706.2229150134,8,739380.8927232807,3574.114,0.0006332471878474,-0.0050472615314378,0.0056805087192852,-8.034562009998414,-26.061910727671933,0.9196543799000159,0.7393808927232807,-10.778329545467894
2024-06-11,918102.3799000159,137715.35698500238,780387.0229150135,8,732918.860189904,3542.877,-0.0016875905056514,-0.0087397883783224,0.007052197872670999,-8.189762009998415,-26.708113981009596,0.9181023799000159,0.732918860189904,-10.928899189425321
2024-06-12,917945.3718200161,137691.80577300242,780253.5660470136,8,733176.6215798131,3544.123,-0.0001710136945914,0.0003516915772125,-0.0005227052718039,-8.205462817998399,-26.68233784201869,0.917945371820016,0.7331766215798131,-10.94413156745626
2024-06-13,917945.3718200161,137691.80577300242,780253.5660470136,8,729454.596758591,3526.131,0.0,-0.0050765732453416,0.0050765732453416,-8.205462817998399,-27.054540324140895,0.917945371820016,0.729454596758591,-10.94413156745626
2024-06-14,917945.3718200161,137691.80577300242,780253.5660470136,8,732640.8254322493,3541.533,0.0,0.0043679602374386,-0.0043679602374386,-8.205462817998399,-26.73591745677506,0.917945371820016,0.7326408254322494,-10.94413156745626
2024-06-17,917945.3718200161,137691.80577300242,780253.5660470136,8,731537.3749878075,3536.199,0.0,-0.0015061274312566,0.0015061274312566,-8.205462817998399,-26.846262501219254,0.917945371820016,0.7315373749878075,-10.94413156745626
2024-06-18,917945.3718200161,137691.80577300242,780253.5660470136,8,733480.1014826995,3545.59,0.0,0.0026556763349574,-0.0026556763349574,-8.205462817998399,-26.65198985173005,0.917945371820016,0.7334801014826995,-10.94413156745626
2024-06-19,917945.3718200161,137691.80577300242,780253.5660470136,8,729996.1852969391,3528.749,0.0,-0.0047498441726201,0.0047498441726201,-8.205462817998399,-27.00038147030609,0.917945371820016,0.7299961852969391,-10.94413156745626
2024-06-20,917945.3718200161,137691.80577300242,780253.5660470136,8,724727.7990073627,3503.282,0.0,-0.0072170052332992,0.0072170052332992,-8.205462817998399,-27.527220099263726,0.917945371820016,0.7247277990073627,-10.94413156745626
2024-06-21,917945.3718200161,137691.80577300242,780253.5660470136,8,723142.752643412,3495.62,0.0,-0.0021870919897398,0.0021870919897398,-8.205462817998399,-27.685724735658802,0.917945371820016,0.723142752643412,-10.94413156745626
2024-06-24,917945.3718200161,137691.80577300242,780253.5660470136,8,719251.5072628435,3476.81,0.0,-0.0053810196760516,0.0053810196760516,-8.205462817998399,-28.074849273715643,0.917945371820016,0.7192515072628436,-10.94413156745626
2024-06-25,917945.3718200161,137691.80577300242,780253.5660470136,8,715339.9885145297,3457.902,0.0,-0.0054383184585869,0.0054383184585869,-8.205462817998399,-28.466001148547036,0.917945371820016,0.7153399885145296,-10.94413156745626
2024-06-26,917983.818400016,137697.5727600024,780286.2456400136,8,719966.2469114276,3480.265,4.188329848409112e-05,0.0064672162484651,-0.0064253329499810085,-8.201618159998391,-28.003375308857237,0.9179838184000161,0.7199662469114276,-10.940401613936936
2024-06-27,918488.8184000159,137773.3227600024,780715.4956400135,8,714557.1882742282,3454.118,0.0005501186294112,-0.0075129336415474,0.0080630522709586,-8.151118159998404,-28.54428117257718,0.918488818400016,0.7145571882742282,-10.891408269736884
2024-06-28,918750.8184000158,137812.62276000236,780938.1956400134,8,716116.7894929472,3461.657,0.0002852511590247,0.0021826121748012,-0.0018973610157765,-8.124918159998417,-28.38832105070528,0.9187508184000158,0.7161167894929472,-10.865989940666763
2024-07-01,920870.8184000158,138130.62276000236,782740.1956400134,8,719535.5412823823,3478.183,0.0023074809377496,0.0047740142943104,-0.0024665333565608,-7.912918159998417,-28.046445871761772,0.9208708184000158,0.7195355412823823,-10.660314911549658
2024-07-02,923775.8184000159,138566.37276000238,785209.4456400136,8,718212.18685923,3471.786,0.0031546227135825,-0.0018391786746124,0.0049938013881949,-7.622418159998412,-28.178781314076996,0.9237758184000159,0.71821218685923,-10.37848191174532
2024-07-03,923046.8184000159,138457.02276000238,784589.7956400135,8,716480.2620146729,3463.414,-0.0007891525037564,-0.0024114389538988,0.0016222864501424,-7.6953181599984095,-28.351973798532715,0.9230468184000159,0.7164802620146729,-10.449206957135114
2024-07-04,922341.818400016,138351.2727600024,783990.5456400136,8,712839.1237933341,3445.813,-0.0007637749092965,-0.0050819798037426,0.0043182048944461,-7.765818159998394,-28.716087620666585,0.9223418184000161,0.7128391237933341,-10.517603605968855
2024-07-05,918392.8184000159,137758.92276000237,780633.8956400135,8,709787.3613343153,3431.061,-0.0042814929576221,-0.0042811377169916,-3.5524063050039467e-07,-8.160718159998403,-29.021263866568468,0.918392818400016,0.7097873613343153,-10.900721855961052
2024-07-08,918968.8184000159,137845.3227600024,781123.4956400135,8,703725.8312494649,3401.76,0.0006271826047197,-0.0085399239477235,0.0091671065524432,-8.103118159998402,-29.627416875053513,0.918968818400016,0.7037258312494649,-10.844840338616027
2024-07-09,922202.8184000159,138330.42276000237,783872.3956400135,8,711597.4834544626,3439.811,0.0035191618423251,0.0111856803536991,-0.007666518511373999,-7.7797181599984055,-28.84025165455374,0.922202818400016,0.7115974834544626,-10.531088902689278
2024-07-10,923269.8184000159,138490.4727600024,784779.3456400136,8,709353.9663809771,3428.966,0.0011570122956805,-0.0031527894991904,0.0043098017948709,-7.673018159998401,-29.064603361902297,0.923269818400016,0.709353966380977,-10.427572272468543
2024-07-11,922288.818400016,138343.3227600024,783945.4956400136,8,717463.934092536,3468.169,-0.0010625279636022,0.0114328925979434,-0.0124954205615456,-7.771118159998391,-28.253606590746404,0.9222888184000161,0.717463934092536,-10.522745481696779
2024-07-12,926146.8184000162,138922.0227600024,787224.7956400138,8,718339.4125853891,3472.401,0.0041830714229984,0.0012202404208101,0.0029628310021883003,-7.385318159998377,-28.166058741461086,0.9261468184000162,0.7183394125853891,-10.148455735312902
2024-07-15,926708.8184000163,139006.32276000243,787702.4956400138,8,719135.0388338562,3476.247,0.0006068152358078,0.0011075909723559,-0.0005007757365481001,-7.329118159998371,-28.086496116614377,0.9267088184000163,0.7191350388338562,-10.09393244929223
2024-07-16,926265.8184000162,138939.8727600024,787325.9456400137,8,723693.6503812355,3498.283,-0.0004780358093116,0.0063390202134658,-0.0068170560227774,-7.37341815999838,-27.630634961876442,0.9262658184000162,0.7236936503812356,-10.13691076905586
2024-07-17,928875.8184000163,139331.37276000244,789544.4456400138,8,724376.5318805048,3501.584,0.0028177656436771,0.0009436057631699,0.0018741598805072002,-7.112418159998368,-27.562346811949524,0.9288758184000163,0.7243765318805048,-9.883697643586206
2024-07-18,926256.8184000163,138938.52276000244,787318.2956400139,8,728378.8670414755,3520.931,-0.0028195372816478,0.0055252137318426,-0.0083447510134904,-7.3743181599983725,-27.162113295852453,0.9262568184000163,0.7283788670414755,-10.137783917764368
2024-07-19,925532.8184000162,138829.92276000243,786702.8956400137,8,732120.130874946,3539.016,-0.0007816406698637,0.0051364255647157,-0.0059180662345794,-7.446718159998378,-26.787986912505403,0.9255328184000162,0.732120130874946,-10.20802388053833
2024-07-22,922898.8184000162,138434.82276000243,784463.9956400137,8,727136.3992182064,3514.925,-0.002845928256281,-0.0068072594190022,0.0039613311627212,-7.71011815999838,-27.28636007817936,0.9228988184000162,0.7271363992182064,-10.463565402564017
2024-07-23,922728.3824000162,138409.25736000243,784319.1250400137,8,711611.3438181255,3439.878,-0.000184674632367,-0.0213509534342839,0.0211662788019169,-7.7271617599983795,-28.838865618187448,0.9227283824000162,0.7116113438181255,-10.480100510706752
2024-07-24,921629.8668800163,138244.48003200244,783385.3868480138,8,707119.7585069665,3418.166,-0.0011905079988357,-0.0063118517575332,0.005121343758697499,-7.837013311998375,-29.28802414930335,0.9216298668800162,0.7071197585069665,-10.586674667103726
2024-07-25,921017.8668800162,138152.68003200242,782865.1868480138,8,703211.1359540448,3399.272,-0.0006640409799997,-0.0055275255795066,0.0048634845995069,-7.898213311998381,-29.678886404595527,0.9210178668800162,0.7032111359540447,-10.64604877928282
2024-07-26,918707.8668800163,137806.18003200245,780901.6868480138,8,705284.1912415873,3409.293,-0.002508094666855,0.0029479841566075,-0.005456078823462499,-8.129213311998374,-29.471580875841276,0.9187078668800163,0.7052841912415873,-10.87015694780192
2024-07-29,921275.8668800164,138191.38003200246,783084.4868480139,8,701446.5254757754,3390.742,0.0027952302277776,-0.0054413041061591,0.0082365343339367,-7.872413311998361,-29.855347452422464,0.9212758668800164,0.7014465254757754,-10.621018516305341
2024-07-30,919688.8668800164,137953.33003200244,781735.5368480139,8,697027.7587916213,3369.382,-0.0017226110626066,-0.0062995061257977,0.0045768950631911,-8.03111331199836,-30.297224120837875,0.9196888668800164,0.6970277587916213,-10.774983738573663
2024-07-31,921323.8668800165,138198.58003200247,783125.286848014,8,712067.7014635022,3442.084,0.0017777751355703,0.0215772506649585,-0.0197994755293882,-7.867613311998345,-28.79322985364977,0.9213238668800166,0.7120677014635023,-10.61636172319324
2024-08-01,922955.8668800166,138443.3800320025,784512.4868480142,8,707347.5235874562,3419.267,0.0017713640758343,-0.0066288329976837,0.008400197073518,-7.704413311998337,-29.265247641254376,0.9229558668800166,0.7073475235874562,-10.458030757382328
2024-08-02,920942.8668800166,138141.43003200248,782801.4368480141,8,700132.8939942971,3384.392,-0.0021810360302544,-0.0101995544659133,0.0080185184356589,-7.905713311998341,-29.986710600570287,0.9209428668800166,0.7001328939942971,-10.653325018520414
2024-08-05,919349.8668800166,137902.4800320025,781447.3868480141,8,691636.4910689741,3343.321,-0.0017297489966959,-0.0121354145737255,0.0104056655770296,-8.065013311998337,-30.836350893102583,0.9193498668800166,0.6916364910689742,-10.807872339927743
2024-08-06,917033.8668800166,137555.0800320025,779478.7868480141,8,691565.7411529638,3342.979,-0.0025191715183032,-0.0001022934979919,-0.0024168780203113,-8.296613311998335,-30.843425884703613,0.9170338668800166,0.6915657411529639,-11.032562607585861
2024-08-07,917705.8668800168,137655.88003200252,780049.9868480142,8,691257.5032147901,3341.489,0.0007327973636201,-0.0004457102482546,0.0011785076118747,-8.229413311998323,-30.874249678520982,0.9177058668800168,0.6912575032147902,-10.967367504016655
2024-08-08,918458.8668800168,137768.8300320025,780690.0368480142,8,691557.0525667871,3342.937,0.0008205243391981,0.0004333397476394,0.0003871845915587,-8.154113311998323,-30.84429474332129,0.9184588668800168,0.6915570525667871,-10.894314062070814
2024-08-09,920708.8668800168,138106.3300320025,782602.5368480142,8,689217.3404320595,3331.627,0.0024497558694633,-0.0033832525111898,0.0058330083806531,-7.929113311998326,-31.07826595679405,0.9207088668800167,0.6892173404320595,-10.676026884941816
2024-08-12,920945.8668800168,138141.88003200252,782803.9868480142,8,688025.3491570549,3325.865,0.0002574103590455,-0.0017294853235372,0.0019868956825827002,-7.905413311998322,-31.197465084294507,0.9209458668800168,0.6880253491570549,-10.65303396895089
2024-08-13,920555.8668800168,138083.38003200252,782472.4868480142,8,689788.9252798271,3334.39,-0.0004234776592475,0.0025632429458199,-0.0029867206050674003,-7.944413311998321,-31.021107472017295,0.9205558668800168,0.689788925279827,-10.690870412986584
2024-08-14,920120.866880017,138018.13003200255,782102.7368480144,8,684585.9102576752,3309.239,-0.0004725405764609,-0.0075429088978792,0.0070703683214183,-7.987913311998307,-31.541408974232475,0.9201208668800169,0.6845859102576752,-10.733072600564842
2024-08-15,922643.866880017,138396.58003200253,784247.2868480145,8,691353.4914049326,3341.953,0.0027420310644135,0.0098856564908123,-0.007143625426398801,-7.735613311998302,-30.86465085950674,0.922643866880017,0.6913534914049326,-10.48829991261085
2024-08-16,924509.866880017,138676.48003200255,785833.3868480144,8,692114.9839219913,3345.634,0.0020224488201607,0.0011014517559044,0.0009209970642562997,-7.549013311998298,-30.788501607800868,0.924509866880017,0.6921149839219913,-10.307267080378528
2024-08-19,927437.866880017,139115.68003200254,788322.1868480144,8,694459.6609631059,3356.968,0.0031670835595094,0.0033876987142049,-0.00022061515469549986,-7.256213311998305,-30.554033903689415,0.927437866880017,0.6944596609631059,-10.023202700541328
2024-08-20,926786.866880017,139018.03003200254,787768.8368480144,8,689439.9337350626,3332.703,-0.0007019338149196,-0.0072282488245345,0.0065263150096149004,-7.321313311998301,-31.056006626493737,0.926786866880017,0.6894399337350626,-10.08636045712398
2024-08-21,927311.9803900169,139096.79705850253,788215.1833315144,8,687150.2844064008,3321.635,0.0005665957608653,-0.0033210280063958,0.0038876237672611,-7.268801960998306,-31.28497155935992,0.9273119803900169,0.6871502844064008,-10.035415770115007
2024-08-22,928016.9803900169,139202.54705850253,788814.4333315144,8,685392.0869322142,3313.136,0.000760261934396,-0.0025586796863593,0.0033189416207553,-7.19830196099831,-31.460791306778578,0.9280169803900169,0.6853920869322142,-9.967019121281256
2024-08-23,928643.9803900169,139296.59705850252,789347.3833315143,8,688299.6602349195,3327.191,0.0006756341890818,0.0042422043646863,-0.0035665701756044995,-7.135601960998306,-31.170033976508048,0.9286439803900169,0.6882996602349195,-9.906189761254637
2024-08-26,927687.9803900169,139153.19705850253,788534.7833315143,8,687685.6668117655,3324.223,-0.0010294580271748,-0.0008920437690531,-0.0001374142581217,-7.2312019609983125,-31.23143331882344,0.9276879803900169,0.6876856668117656,-9.998937557403679
2024-08-27,927207.9803900168,139081.19705850253,788126.7833315142,8,683778.078614341,3305.334,-0.0005174153488527,-0.0056822301030947,0.005164814754242001,-7.279201960998316,-31.622192138565897,0.9272079803900168,0.683778078614341,-10.045505488524535
2024-08-28,925849.9803900169,138877.49705850254,786972.4833315144,8,679881.0408429882,3286.496,-0.0014646120705613,-0.0056992727512559,0.004234660680694601,-7.415001960998313,-32.01189591570118,0.9258499803900169,0.6798810408429882,-10.177253926987282
2024-08-29,921738.9803900169,138260.84705850252,783478.1333315143,8,678057.4721013767,3277.681,-0.0044402441940629,-0.0026821879594558,-0.0017580562346070998,-7.826101960998311,-32.19425278986232,0.9217389803900169,0.6780574721013768,-10.576088853732756
2024-08-30,921732.6903500169,138259.90355250254,783472.7867975144,8,687108.2895732133,3321.432,-6.824101110858294e-06,0.0133481568218503,-0.013354980922961158,-7.8267309649983074,-31.289171042678664,0.9217326903500169,0.6871082895732133,-10.576699091544144
2024-09-02,921332.6903500169,138199.90355250254,783132.7867975144,8,675436.4152714032,3265.011,-0.0004339652962163,-0.016986950207019,0.0165529849108027,-7.866730964998303,-32.456358472859684,0.921332690350017,0.6754364152714032,-10.615505700811518
2024-09-03,921092.690350017,138163.90355250254,782928.7867975144,8,677177.6493154352,3273.428,-0.0002604922223141,0.0025779392473714,-0.0028384314696855,-7.890730964998294,-32.28223506845648,0.9210926903500171,0.6771776493154352,-10.638789666371936
2024-09-04,920612.6903500173,138091.9035525026,782520.7867975147,8,672778.9491279272,3252.165,-0.0005211201923853,-0.0064956369897244,0.005974516797339099,-7.938730964998275,-32.722105087207275,0.9206126903500172,0.6727789491279272,-10.685357597492771
2024-09-05,921012.6903500173,138151.9035525026,782860.7867975147,8,673935.9791871255,3257.758,0.000434493250194,0.0017197774405663,-0.0012852841903723,-7.898730964998268,-32.606402081287456,0.9210126903500173,0.6739359791871254,-10.646550988225387
2024-09-06,921092.6903500173,138163.9035525026,782928.7867975147,8,668472.0997085731,3231.346,8.686090955989378e-05,-0.0081074162046412,0.008194277114201095,-7.890730964998271,-33.1527900291427,0.9210926903500173,0.668472099708573,-10.638789666371915
2024-09-09,919252.6903500173,137887.9035525026,781364.7867975147,8,660529.4907164654,3192.952,-0.0019976274041441,-0.011881735970088,0.0098841085659439,-8.074730964998277,-33.94705092835346,0.9192526903500172,0.6605294907164654,-10.81730006900186
2024-09-10,919652.6903500172,137947.90355250257,781704.7867975145,8,661109.3504082109,3195.755,0.0004351360667191,0.0008778710109014,-0.0004427349441823,-8.034730964998282,-33.88906495917892,0.9196526903500172,0.6611093504082108,-10.778493459734486
2024-09-11,917652.6903500172,137647.90355250257,780004.7867975145,8,659118.2160760488,3186.13,-0.002174734028385,-0.0030118078513526,0.0008370738229676001,-8.234730964998283,-34.08817839239512,0.9176526903500172,0.6591182160760488,-10.972526506071377
2024-09-12,918372.6903500173,137755.9035525026,780616.7867975147,8,656293.3912131215,3172.475,0.0007846105695232,-0.0042857636066326,0.0050703741761558,-8.162730964998277,-34.37066087868785,0.9183726903500172,0.6562933912131215,-10.902674609390091
2024-09-13,918052.6903500174,137707.9035525026,780344.7867975148,8,653556.9003096574,3159.247,-0.0003484424170736,-0.0041696152057936,0.0038211727887199998,-8.194730964998264,-34.64430996903426,0.9180526903500174,0.6535569003096574,-10.93371989680398
2024-09-18,918612.6903500174,137791.9035525026,780820.7867975148,8,655990.3250524339,3171.01,0.0006099867751452,0.0037233555970774,-0.0031133688219322,-8.138730964998263,-34.40096749475661,0.9186126903500174,0.6559903250524339,-10.879390643829652
2024-09-19,918932.6903500173,137839.9035525026,781092.7867975147,8,661167.4811871551,3196.036,0.0003483513817754,0.0078921226990769,-0.0075437713173015005,-8.106730964998277,-33.883251881284494,0.9189326903500172,0.6611674811871551,-10.848345356415761
2024-09-20,919755.2140700171,137963.28211050257,781791.9319595145,8,662204.7328797744,3201.05,0.0008950859280962,0.0015688183737605,-0.0006737324456643,-8.024478592998285,-33.77952671202256,0.9197552140700171,0.6622047328797744,-10.768546964877794
2024-09-23,922095.2140700171,138314.28211050257,783780.9319595145,8,664628.0209386782,3212.764,0.0025441551884715,0.0036594242514174,-0.0011152690629459001,-7.7904785929982845,-33.537197906132185,0.9220952140700172,0.6646280209386781,-10.541528300663632
2024-09-24,929329.2140700173,139399.3821105026,789929.8319595148,8,693413.1000710117,3351.909,0.007845176820808,0.0433100595001687,-0.0354648826793607,-7.067078592998266,-30.658689992898836,0.9293292140700173,0.6934131000710116,-9.83971077206308
2024-09-25,934301.2140700174,140145.18211050262,794156.0319595148,8,703678.8715098912,3401.533,0.0053500954502712,0.014804697860234,-0.009454602409962801,-6.569878592998258,-29.632112849010873,0.9343012140700174,0.7036788715098913,-9.357344618869561
2024-09-26,943156.2140700176,141473.43211050262,801682.781959515,8,733424.2462858505,3545.32,0.0094776715117663,0.0422712347638551,-0.032793563252088806,-5.68437859299824,-26.657575371414943,0.9431562140700176,0.7334242462858506,-8.49826330621296
2024-09-27,945715.2140700177,141857.28211050265,803857.931959515,8,766185.3879495251,3703.685,0.0027132302812884,0.0446687464037096,-0.0419555161224212,-5.428478592998232,-23.381461205047483,0.9457152140700177,0.7661853879495252,-8.2499980234249
2024-09-30,954873.2140700179,143230.9821105027,811642.2319595153,8,831178.081262294,4017.855,0.0096836762946717,0.0848263283729582,-0.07514265207828649,-4.51267859299821,-16.8821918737706,0.9548732140700179,0.831178081262294,-7.3615207042482576
2024-10-08,964090.2140700181,144613.5321105027,819476.6819595154,8,880463.2588652711,4256.096,0.0096525903797364,0.0592955694020813,-0.0496429790223449,-3.590978592998184,-11.95367411347289,0.9640902140700182,0.8804632588652711,-6.467319410204672
2024-10-09,948287.2140700179,142243.08211050267,806044.1319595152,8,818378.7594685061,3955.984,-0.0163916195490524,-0.0705134470651036,0.0541218275160512,-5.171278592998208,-18.162124053149387,0.9482872140700179,0.8183787594685061,-8.000471525835637
2024-10-10,948909.0072300179,142336.35108450268,806572.6561455152,8,827026.7989097225,3997.788,0.0006557013010133,0.0105672823752571,-0.009911581074243801,-5.109099276998208,-17.297320109027748,0.9489090072300179,0.8270267989097225,-7.940147315322517
2024-10-11,948909.0072300179,142336.35108450268,806572.6561455152,8,804142.5110179704,3887.167,0.0,-0.0276705518151536,0.0276705518151536,-5.109099276998208,-19.585748898202958,0.9489090072300179,0.8041425110179704,-7.940147315322517
2024-10-14,948909.0072300179,142336.35108450268,806572.6561455152,8,819487.1748193349,3961.342,0.0,0.019082020402005,-0.019082020402005,-5.109099276998208,-18.051282518066515,0.9489090072300179,0.8194871748193349,-7.940147315322517
2024-10-15,948909.0072300179,142336.35108450268,806572.6561455152,8,797693.9251060577,3855.995,0.0,-0.0265937654461546,0.0265937654461546,-5.109099276998208,-20.230607489394238,0.9489090072300179,0.7976939251060576,-7.940147315322517
2024-10-16,948909.0072300179,142336.35108450268,806572.6561455152,8,792645.0290529927,3831.589,0.0,-0.0063293650536371,0.0063293650536371,-5.109099276998208,-20.735497094700726,0.9489090072300179,0.7926450290529927,-7.940147315322517
2024-10-17,948909.0072300179,142336.35108450268,806572.6561455152,8,783673.6500833433,3788.222,0.0,-0.0113182807446204,0.0113182807446204,-5.109099276998208,-21.63263499166568,0.9489090072300179,0.7836736500833432,-7.940147315322517
2024-10-18,948909.0072300179,142336.35108450268,806572.6561455152,8,812017.4731605595,3925.234,0.0,0.0361678908997411,-0.0361678908997411,-5.109099276998208,-18.79825268394405,0.9489090072300179,0.8120174731605595,-7.940147315322517
2024-10-21,948909.0072300179,142336.35108450268,806572.6561455152,8,814078.5299243344,3935.197,0.0,0.0025381926274969,-0.0025381926274969,-5.109099276998208,-18.592147007566563,0.9489090072300179,0.8140785299243344,-7.940147315322517
2024-10-22,948909.0072300179,142336.35108450268,806572.6561455152,8,818749.4724787127,3957.776,0.0,0.0057377051263254,-0.0057377051263254,-5.109099276998208,-18.125052752128735,0.9489090072300179,0.8187494724787127,-7.940147315322517
2024-10-23,948909.0072300179,142336.35108450268,806572.6561455152,8,821942.1141564538,3973.209,0.0,0.0038994121951316,-0.0038994121951316,-5.109099276998208,-17.80578858435462,0.9489090072300179,0.8219421141564538,-7.940147315322517
2024-10-24,948909.0072300179,142336.35108450268,806572.6561455152,8,812762.0022474637,3928.833,0.0,-0.0111688058695125,0.0111688058695125,-5.109099276998208,-18.723799775253635,0.9489090072300179,0.8127620022474636,-7.940147315322517
2024-10-25,947772.787470018,142165.9181205027,805606.8693495153,8,818469.1621389639,3956.421,-0.0011973959055534,0.0070219324669691,-0.0082193283725225,-5.222721252998197,-18.153083786103608,0.947772787470018,0.8184691621389639,-8.050379405992992
2024-10-28,947100.7874700181,142065.1181205027,805035.6693495153,8,820069.5169642738,3964.157,-0.000709030696897,0.0019553025322633,-0.0026643332291603,-5.2899212529981865,-17.99304830357262,0.9471007874700181,0.8200695169642738,-8.115574509562176
2024-10-29,945792.7874700181,141868.91812050273,803923.8693495154,8,811896.4535673838,3924.649,-0.0013810568181387,-0.0099663055726603,0.0085852487545216,-5.4207212529981845,-18.81035464326162,0.9457927874700182,0.8118964535673838,-8.2424721218665
2024-10-30,943788.787470018,141568.3181205027,802220.4693495153,8,804614.590866905,3889.449,-0.0021188573507319,-0.0089689549307466,0.006850097580014701,-5.621121252998195,-19.5385409133095,0.943788787470018,0.804614590866905,-8.436893234296077
2024-10-31,943380.787470018,141507.1181205027,801873.6693495153,8,804943.7227861227,3891.04,-0.0004323001135601,0.0004090553700537,-0.0008413554836138001,-5.661921252998203,-19.505627721387732,0.943380787470018,0.8049437227861227,-8.476475975748809
2024-11-01,944580.787470018,141687.1181205027,802893.6693495153,8,804732.7142646883,3890.02,0.0012720208169791,-0.0002621407130229,0.001534161530002,-5.541921252998194,-19.526728573531173,0.9445807874700181,0.8047327142646883,-8.360056147946667
2024-11-04,945216.787470018,141782.5181205027,803434.2693495153,8,816057.2519905298,3944.762,0.0006733145628585,0.0140724212214848,-0.013399106658626299,-5.478321252998198,-18.39427480094702,0.945216787470018,0.8160572519905298,-8.298353639211538
2024-11-05,947172.787470018,142075.9181205027,805096.8693495153,8,836705.2632972768,4044.573,0.0020693665473667,0.0253021601810194,-0.0232327936336527,-5.2827212529982015,-16.32947367027232,0.947172787470018,0.8367052632972768,-8.108589319894062
2024-11-06,945528.7874700179,141829.3181205027,803699.4693495152,8,832507.8486895293,4024.283,-0.0017356917573522,-0.0050165987855824,0.0032809070282302,-5.44712125299821,-16.74921513104707,0.9455287874700179,0.8325078486895293,-8.268084483982996
2024-11-07,950892.787470018,142633.9181205027,808258.8693495153,8,857624.4826153971,4145.695,0.0056730160636915,0.0301698464049371,-0.024496830341245602,-4.910721252998195,-14.237551738460297,0.950892787470018,0.857624482615397,-7.747687853707442
2024-11-08,947676.787470018,142151.5181205027,805525.2693495153,8,849008.7150656937,4104.047,-0.0033820847548509,-0.010046083949736,0.0066639991948851006,-5.2323212529981955,-15.099128493430625,0.947676787470018,0.8490087150656938,-8.05969299221716
2024-11-11,943956.787470018,141593.5181205027,802363.2693495153,8,854611.6119230738,4131.131,-0.0039253889608621,0.0065993396274459,-0.010524728588308,-5.604321252998201,-14.538838807692622,0.943956787470018,0.8546116119230738,-8.420594458403782
2024-11-12,943020.787470018,141453.1181205027,801567.6693495153,8,845222.1464614449,4085.743,-0.0009915708138596,-0.0109868217686633,0.0099952509548037,-5.697921252998195,-15.477785353855511,0.943020787470018,0.8452221464614449,-8.51140192408944
2024-11-13,943272.787470018,141490.9181205027,801781.8693495153,8,850424.3339991989,4110.89,0.0002672263468084,0.0061548168839791,-0.005887590537170699,-5.672721252998192,-14.957566600080119,0.9432727874700181,0.8504243339991988,-8.486953760250989
2024-11-14,942936.7874700181,141440.5181205027,801496.2693495154,8,835680.4238706242,4039.619,-0.0003562066079539,-0.017337121645191,0.016980915037237098,-5.7063212529981815,-16.431957612937587,0.9429367874700182,0.8356804238706241,-8.519551312035576
2024-11-15,941292.7874700181,141193.91812050273,800098.8693495154,8,821036.4324830814,3968.831,-0.0017434890883948,-0.0175234347595653,0.0157799456711705,-5.87072125299819,-17.896356751691865,0.9412927874700181,0.8210364324830813,-8.67904647612451
2024-11-18,945960.7874700181,141894.1181205027,804066.6693495153,8,817219.6606983133,3950.381,0.0049591371166739,-0.0046487240197428,0.0096078611364167,-5.40392125299819,-18.278033930168668,0.9459607874700181,0.8172196606983133,-8.226173345974207
2024-11-19,945120.787470018,141768.1181205027,803352.6693495153,8,822703.8135446114,3976.891,-0.0008879860678439,0.006710745115471,-0.0075987311833149,-5.487921252998196,-17.729618645538856,0.945120787470018,0.8227038135446114,-8.307667225435706
2024-11-20,944160.787470018,141624.1181205027,802536.6693495153,8,824541.2426498856,3985.773,-0.0010157431861909,0.0022334029270603,-0.0032491461132511997,-5.583921252998203,-17.54587573501144,0.944160787470018,0.8245412426498856,-8.40080308767742
2024-11-21,943884.787470018,141582.7181205027,802302.0693495153,8,825270.4632754305,3989.298,-0.0002923230912179,0.0008843955739574,-0.0011767186651753,-5.611521252998197,-17.47295367245695,0.943884787470018,0.8252704632754305,-8.427579648071907
2024-11-22,939519.746680018,140927.9620020027,798591.7846780153,8,799701.4022550756,3865.699,-0.0046245483007519,-0.0309826440641937,0.0263580957634418,-6.048025331998197,-20.029859774492444,0.939519746680018,0.7997014022550756,-8.85106072900615
2024-11-25,937484.746680018,140622.7120020027,796862.0346780153,8,796058.8159360407,3848.091,-0.0021660002434127,-0.0045549330147017,0.0023889327712889995,-6.251525331998198,-20.394118406395933,0.937484746680018,0.7960588159360407,-9.048489353653938
2024-11-26,937967.7466800179,140695.16200200267,797272.5846780152,8,794423.2930238253,3840.185,0.0005152083825474,-0.0020545252178286,0.002569733600376,-6.203225331998208,-20.557670697617468,0.9379677466800179,0.7944232930238253,-9.00163037296359
2024-11-27,938695.255080018,140804.2882620027,797890.9668180152,8,808254.6947327463,3907.045,0.0007756219790873,0.0174106195404648,-0.0166349975613775,-6.130474491998205,-19.174530526725363,0.9386952550800179,0.8082546947327464,-8.931050037419748
2024-11-28,938330.255080018,140749.5382620027,797580.7168180152,8,801118.8830284759,3872.551,-0.0003888375892225,-0.0088286671896536,0.0084398296004311,-6.1669744919982,-19.88811169715241,0.938330255080018,0.8011188830284759,-8.966461068376224
2024-11-29,938622.255080018,140793.33826200268,797828.9168180153,8,810227.8312792568,3916.583,0.0003111910741651,0.0113702827929187,-0.0110590917187536,-6.137774491998204,-18.977216872074308,0.938622255080018,0.8102278312792569,-8.938132243611042
2024-12-02,938695.255080018,140804.2882620027,797890.9668180152,8,816650.9720459378,3947.632,7.777356610172426e-05,0.0079275736017849,-0.007849800035683176,-6.130474491998205,-18.334902795406215,0.9386952550800179,0.8166509720459378,-8.931050037419748
2024-12-03,939425.255080018,140913.7882620027,798511.4668180152,8,817532.036058476,3951.891,0.0007776751784451,0.0010788746266117,-0.0003011994481666001,-6.057474491998205,-18.246796394152398,0.939425255080018,0.817532036058476,-8.860227975506781
2024-12-04,939206.255080018,140880.9382620027,798325.3168180153,8,813118.6480229073,3930.557,-0.0002331212609153,-0.0053984282461232,0.0051653069852079,-6.079374491998202,-18.688135197709265,0.939206255080018,0.8131186480229073,-8.881474594080668
2024-12-05,939060.2550800181,140859.0382620027,798201.2168180153,8,811263.2211319816,3921.588,-0.0001554504127397,-0.0022818648858162,0.0021264144730765,-6.093974491998189,-18.873677886801843,0.9390602550800181,0.8112632211319816,-8.895639006463247
2024-12-06,940666.2550800182,141099.93826200272,799566.3168180154,8,821928.0469216915,3973.141,0.0017102203946042,0.0131459500590067,-0.0114357296644025,-5.933374491998178,-17.80719530783085,0.9406662550800182,0.8219280469216915,-8.739830470254715
2024-12-09,940739.2550800182,141110.88826200273,799628.3668180155,8,820568.9037983352,3966.571,7.7604569745926e-05,-0.001653603534332,0.001731208104077926,-5.926074491998179,-17.943109620166474,0.9407392550800182,0.8205689037983352,-8.732748264063419
2024-12-10,941615.2550800183,141242.28826200275,800372.9668180156,8,826581.8191748161,3995.637,0.0009311825729283,0.0073277397530513,-0.006396557180123,-5.838474491998169,-17.34181808251839,0.9416152550800183,0.8265818191748161,-8.64776178976785
2024-12-11,941177.2550800183,141176.58826200274,800000.6668180155,8,825173.8544719904,3988.831,-0.0004651581393111,-0.0017033579376706,0.0012381997983595,-5.882274491998174,-17.482614552800957,0.9411772550800183,0.8251738544719904,-8.690255026915636
2024-12-12,942053.2550800183,141307.98826200273,800745.2668180155,8,833381.2584713883,4028.505,0.0009307492241996,0.0099462724793304,-0.009015523255130801,-5.794674491998164,-16.661874152861177,0.9420532550800184,0.8333812584713882,-8.605268552620068
2024-12-13,939936.2550800183,140990.43826200275,798945.8168180155,8,813661.4777878526,3933.181,-0.0022472190277822,-0.0236623759930794,0.0214151569652972,-6.006374491998168,-18.63385222121474,0.9399362550800183,0.8136614777878526,-8.810652532167671
2024-12-16,940009.2550800183,141001.38826200273,799007.8668180156,8,809247.0553967868,3911.842,7.766484121174422e-05,-0.0054253796100407,0.005503044451252445,-5.999074491998169,-19.075294460321324,0.9400092550800183,0.8092470553967868,-8.803570325976375
2024-12-17,939717.2550800183,140957.58826200274,798759.6668180155,8,811355.2787712349,3922.033,-0.0003106352394106,0.0026051665685882,-0.0029158018079988,-6.028274491998165,-18.864472122876506,0.9397172550800184,0.8113552787712349,-8.831899150741556
2024-12-18,940593.2550800184,141088.98826200276,799504.2668180156,8,815463.1181929227,3941.89,0.0009321952909393,0.005062935472496,-0.0041307401815567,-5.940674491998155,-18.45368818070773,0.9405932550800185,0.8154631181929227,-8.746912676445989
2024-12-19,940155.2550800185,141023.28826200278,799131.9668180158,8,816202.4755023407,3945.464,-0.0004656635560954,0.0009066716727255,-0.0013723352288209,-5.9844744919981485,-18.37975244976593,0.9401552550800185,0.8162024755023407,-8.789405913593761
2024-12-20,940352.3360400187,141052.8504060028,799299.4856340159,8,812536.7196201679,3927.744,0.0002096259728754,-0.0044912334772285,0.004700859450103899,-5.964766395998133,-18.74632803798322,0.9403523360400187,0.8125367196201678,-8.770285804071849
2024-12-23,944235.3360400187,141635.3004060028,802600.0356340159,8,813742.3643877358,3933.572,0.0041293032953499,0.0014838034250705,0.0026454998702793997,-5.576466395998125,-18.625763561226417,0.9442353360400187,0.8137423643877358,-8.393570644608767
2024-12-24,946944.3360400187,142041.6504060028,804902.6856340158,8,824109.9164075427,3983.688,0.0028689881606858,0.0127405828595483,-0.0098715946988625,-5.305566395998129,-17.58900835924574,0.9469443360400187,0.8241099164075426,-8.130752883345451
2024-12-25,949318.3360400187,142397.7504060028,806920.5856340158,8,824511.4532115662,3985.629,0.0025070111406206,0.0004872369522914,0.0020197741883292,-5.06816639599813,-17.548854678843384,0.9493183360400187,0.8245114532115662,-7.900435657343564
2024-12-26,948792.3360400187,142318.8504060028,806473.4856340159,8,824894.3716166395,3987.48,-0.0005540817869316,0.0004644185397084,-0.00101850032664,-5.1207663959981335,-17.510562838336043,0.9487923360400187,0.8248943716166396,-7.951466348530169
2024-12-27,948749.3360400187,142312.4004060028,806436.9356340158,8,823560.2598963162,3981.031,-4.532077080166008e-05,-0.0016173121871456,0.00157199141634394,-5.125066395998134,-17.643974010368378,0.9487493360400187,0.8235602598963162,-7.9556380590264135
2024-12-30,950593.3360400186,142589.00040600277,808004.3356340157,8,827288.9045927206,3999.055,0.001943611373365,0.0045274703964877,-0.0025838590231227,-4.940666395998139,-17.27110954072795,0.9505933360400186,0.8272889045927205,-7.776739590303805
2024-12-31,947184.3360400185,142077.65040600277,805106.6856340157,8,814019.3647898934,3934.911,-0.0035861812520181,-0.0160397894002458,0.0124536081482277,-5.28156639599815,-18.598063521010666,0.9471843360400185,0.8140193647898933,-8.107468917785045
2025-01-02,943805.3360400185,141570.80040600276,802234.5356340157,8,790329.3139658011,3820.395,-0.0035674154136954,-0.0291025642003084,0.025535148786612998,-5.619466395998152,-20.967068603419882,0.9438053360400185,0.7903293139658012,-8.435287749571224
2025-01-03,942824.3360400185,141423.65040600277,801400.6856340157,8,780972.5341378846,3775.165,-0.0010394092537302,-0.0118390899370354,0.0107996806833052,-5.717566395998153,-21.902746586211542,0.9428243360400185,0.7809725341378846,-8.53046095879947
2025-01-06,944054.3360400186,141608.1504060028,802446.1856340158,8,779690.9676768201,3768.97,0.0013045908479263,-0.0016409878773511,0.0029455787252773997,-5.594566395998147,-22.03090323231799,0.9440543360400185,0.7796909676768201,-8.411130635302277
2025-01-07,945621.3360400186,141843.20040600278,803778.1356340158,8,785304.6218313713,3796.106,0.001659862086512,0.0071998450505046,-0.0055399829639926,-5.437866395998137,-21.46953781686287,0.9456213360400186,0.7853046218313713,-8.259105743497312
2025-01-08,945812.3360400186,141871.85040600278,803940.4856340158,8,783879.0730850929,3789.215,0.0002019835982125,-0.0018152812381951,0.0020172648364076,-5.4187663959981425,-21.6120926914907,0.9458123360400186,0.783879073085093,-8.240575587572145
2025-01-09,944114.3360400185,141617.15040600277,802497.1856340157,8,781947.3107584716,3779.877,-0.0017952821456203,-0.002464362671424,0.0006690805258037001,-5.588566395998152,-21.80526892415284,0.9441143360400185,0.7819473107584716,-8.405309643912172
2025-01-10,942856.3360400185,141428.45040600275,801427.8856340157,8,772142.4481291563,3732.481,-0.0013324657321448,-0.0125390323547565,0.011206566622611701,-5.71436639599815,-22.785755187084376,0.9428563360400185,0.7721424481291562,-8.527356430058077
2025-01-13,940982.3360400186,141147.35040600278,799834.9856340158,8,770080.3570098842,3722.513,-0.0019875774583758,-0.0026706097097347,0.0006830322513588999,-5.901766395998143,-22.99196429901158,0.9409823360400186,0.7700803570098842,-8.709165394475736
2025-01-14,942405.3222800187,141360.7983420028,801044.5239380159,8,790359.3102752209,3820.54,0.0015122348055847,0.0263335547787209,-0.024821319973136198,-5.759467771998128,-20.96406897247791,0.9424053222800187,0.7903593102752209,-8.571112216954383
2025-01-15,943135.3222800187,141470.2983420028,801665.0239380159,8,785288.0721434157,3796.026,0.0007746136219115,-0.0064163704607203,0.0071909840826318,-5.686467771998127,-21.47119278565843,0.9431353222800187,0.7852880721434157,-8.500290155041416
2025-01-16,943792.3222800187,141568.8483420028,802223.4739380159,8,786189.6163947987,3800.384,0.0006966126540692,0.0011480427162511,-0.0004514300621819,-5.620767771998125,-21.381038360520122,0.9437923222800187,0.7861896163947988,-8.436550299319746
2025-01-17,942916.3222800187,141437.4483420028,801478.8739380159,8,788663.5878730665,3812.343,-0.0009281702969184,0.0031467872720229,-0.0040749575689413,-5.708367771998124,-21.133641212693345,0.9429163222800188,0.7886635878730666,-8.521536773615304
2025-01-20,942989.2872100187,141448.3930815028,801540.8941285159,8,792249.2846397541,3829.676,7.73821899948679e-05,0.0045465478840702,-0.004469165694075332,-5.701071278998127,-20.77507153602459,0.9429892872100187,0.7922492846397541,-8.514457969793476
2025-01-21,942323.2872100188,141348.49308150282,800974.794128516,8,792857.2788010241,3832.615,-0.0007062646511822,0.0007674278450708,-0.001473692496253,-5.767671278998121,-20.714272119897593,0.9423232872100188,0.7928572788010241,-8.579070974223656
2025-01-22,937759.2872100187,140663.8930815028,797095.3941285159,8,785493.0814029657,3797.017,-0.0048433484155028,-0.0092881753058944,0.0044448268903916,-6.224071278998123,-21.45069185970343,0.9377592872100188,0.7854930814029657,-9.021854385964442
2025-01-23,941757.287210019,141263.59308150283,800493.6941285161,8,786884.7032889351,3803.744,0.0042633542045686,0.0017716539062111,0.0024917002983575005,-5.824271278998106,-21.311529671106488,0.941757287210019,0.7868847032889351,-8.63398232633698
2025-01-24,942561.2872100188,141384.19308150283,801177.094128516,8,792908.7897047859,3832.864,0.0008537231523653,0.0076556150992286,-0.0068018919468633005,-5.743871278998114,-20.709121029521405,0.9425612872100189,0.792908789704786,-8.55598104170956
2025-01-27,945655.287210019,141848.29308150284,803806.9941285161,8,789643.5362711393,3817.08,0.0032825451691935,-0.0041180694123247,0.0074006145815182,-5.434471278998099,-21.035646372886074,0.945655287210019,0.7896435362711393,-8.255811919026375
2025-02-05,942947.2872100191,141442.09308150286,801505.1941285162,8,785093.4064388373,3795.085,-0.0028636227562259,-0.0057622580611355,0.0028986353049095994,-5.705271278998092,-21.49065935611627,0.9429472872100191,0.7850934064388373,-8.518532663766518
2025-02-06,943037.2872100191,141455.59308150286,801581.6941285162,8,794970.6739529584,3842.831,9.544542014250368e-05,0.0125810093845064,-0.012485563964363896,-5.696271278998088,-20.50293260470416,0.9430372872100191,0.7949706739529584,-8.509801176681355
2025-02-07,942447.2872100192,141367.09308150288,801080.1941285162,8,805287.7494245006,3892.703,-0.0006256380399819,0.0129779321547058,-0.013603570194687699,-5.755271278998086,-19.471225057549933,0.9424472872100191,0.8052877494245007,-8.567040925350735
2025-02-10,942243.2872100193,141336.49308150288,800906.7941285163,8,807016.9849447648,3901.062,-0.0002164577295393,0.0021473510822682,-0.0023638088118075,-5.7756712789980735,-19.29830150552353,0.9422432872100193,0.8070169849447647,-8.586832296077086
2025-02-11,942415.2872100193,141362.2930815029,801052.9941285164,8,803308.4067450068,3883.135,0.0001825430887487,-0.0045954152997309,0.0047779583884796,-5.758471278998067,-19.66915932549932,0.9424152872100193,0.8033084067450068,-8.570145454092106
2025-02-12,943317.2872100194,141497.5930815029,801819.6941285165,8,810906.1616143389,3919.862,0.0009571152041372,0.0094580796186585,-0.0085009644145213,-5.668271278998061,-18.909383838566118,0.9433172872100194,0.8109061616143388,-8.482636550194163
2025-02-13,943089.2872100194,141463.3930815029,801625.8941285164,8,807860.6052883032,3905.14,-0.0002417002244009,-0.0037557444624326,0.0035140442380317003,-5.691071278998061,-19.213939471169674,0.9430892872100194,0.8078606052883033,-8.50475631747657
2025-02-14,944279.2872100193,141641.8930815029,802637.3941285164,8,814867.1225554205,3939.009,0.0012618105370705,0.0086729284993625,-0.007411117962292,-5.57207127899807,-18.51328774445795,0.9442792872100193,0.8148671225554205,-8.389306654906127
2025-02-17,944833.2872100193,141724.99308150288,803108.2941285163,8,816602.5642086681,3947.398,0.0005866908313079,0.0021297234913653,-0.0015430326600574,-5.516671278998064,-18.339743579133195,0.9448332872100194,0.8166025642086681,-8.335559501070804
2025-02-18,946941.2872100193,142041.1930815029,804900.0941285164,8,809441.7211013646,3912.783,0.0022310814283699,-0.0087690676237867,0.0110001490521566,-5.305871278998064,-19.05582788986354,0.9469412872100194,0.8094417211013646,-8.13104867023172
2025-02-19,945709.2872100193,141856.3930815029,803852.8941285164,8,815105.2311908819,3940.16,-0.0013010310318497,0.0069968101987767,-0.0082978412306264,-5.429071278998066,-18.489476880911802,0.9457092872100193,0.815105231190882,-8.250573026775246
2025-02-20,944929.2872100192,141739.39308150287,803189.8941285163,8,812775.0351267288,3928.896,-0.0008247777732004,-0.0028587671566635,0.0020339893834630998,-5.507071278998077,-18.722496487327124,0.9449292872100192,0.8127750351267288,-8.326245914846645
2025-02-21,943961.2872100192,141594.19308150286,802367.0941285163,8,823025.0843620505,3978.444,-0.0010244152796429,0.0126111762693641,-0.013635591549007,-5.603871278998085,-17.69749156379494,0.9439612872100192,0.8230250843620506,-8.420157909273708
2025-02-24,942935.2872100193,141440.2930815029,801494.9941285164,8,821219.7202771902,3969.717,-0.0010869089801684,-0.0021935711549541,0.0011066621747857,-5.706471278998071,-17.878027972280975,0.9429352872100193,0.8212197202771903,-8.519696862044519
2025-02-25,941131.6879500194,141169.7531925029,799961.9347575165,8,812103.7384090284,3925.651,-0.0019127497766432,-0.0111005394087285,0.0091877896320853,-5.8868312049980664,-18.78962615909716,0.9411316879500193,0.8121037384090284,-8.694675791438895
2025-02-26,942160.6879500193,141324.1031925029,800836.5847575164,8,819197.3484090118,3959.941,0.0010933645239821,0.0087348569702194,-0.0076414924462373,-5.783931204998072,-18.08026515909882,0.9421606879500193,0.8191973484090118,-8.59484578909857
2025-02-27,943388.6879500191,141508.30319250288,801880.3847575162,8,820888.5196469782,3968.116,0.00130338700787,0.0020644246972367,-0.0007610376893666998,-5.661131204998082,-17.911148035302173,0.9433886879500192,0.8208885196469783,-8.47570949864773
2025-02-28,942150.6879500193,141322.6031925029,800828.0847575164,8,804738.7135265726,3890.049,-0.0013122904862153,-0.0196735680106124,0.018361277524397097,-5.784931204998078,-19.526128647342745,0.9421506879500192,0.8047387135265726,-8.595815954330261
2025-03-03,941838.6879500193,141275.80319250288,800562.8847575163,8,804412.8915449461,3888.474,-0.0003311572171951,-0.0004048792187449,7.372200154979997e-05,-5.816131204998076,-19.558710845505388,0.9418386879500192,0.8044128915449461,-8.626085109558815
2025-03-04,941423.6879500191,141213.55319250288,800210.1347575162,8,803739.93985845,3885.221,-0.0004406274718904,-0.0008365749648836,0.0003959474929932,-5.857631204998082,-19.626006014155006,0.9414236879500192,0.8037399398584499,-8.666346966673725
2025-03-05,943763.6879500191,141564.55319250288,802199.1347575162,8,807329.153433828,3902.571,0.0024855971120669,0.004465640435898,-0.0019800433238311,-5.62363120499808,-19.267084656617193,0.9437636879500192,0.807329153433828,-8.439328302459561
2025-03-06,942548.6879500193,141382.30319250288,801166.3847575163,8,818431.0978566661,3956.237,-0.0012873985463873,0.0137514474432367,-0.015038845989624001,-5.745131204998078,-18.156890214333387,0.9425486879500192,0.8184310978566661,-8.55720337810922
2025-03-07,942923.6879500193,141438.55319250288,801485.1347575163,8,815902.5124081447,3944.014,0.0003978574314453,-0.0030895520162214,0.0034874094476667,-5.707631204998076,-18.40974875918553,0.9429236879500192,0.8159025124081447,-8.520822181921051
2025-03-10,942007.6879500194,141301.1531925029,800706.5347575165,8,812755.5892433809,3928.802,-0.0009714465886326,-0.0038569842804817,0.0028855376918491,-5.799231204998067,-18.7244410756619,0.9420076879500193,0.812755589243381,-8.609689317143339
2025-03-11,942319.6879500194,141347.9531925029,800971.7347575164,8,815365.0612917858,3941.416,0.0003312074879973,0.0032106479277909,-0.0028794404397936,-5.768031204998058,-18.463493870821424,0.9423196879500194,0.8153650612917858,-8.579420161914776
2025-03-12,944071.6879500194,141610.7531925029,802460.9347575165,8,812430.8016172516,3927.232,0.0018592416378473,-0.0035987066577091,0.0054579482955563995,-5.5928312049980615,-18.756919838274843,0.9440716879500194,0.8124308016172516,-8.409447213323661
2025-03-13,944828.6879500194,141724.3031925029,803104.3847575164,8,809192.6482976325,3911.579,0.0008018458869831,-0.0039857589263886,0.0047876048133717,-5.51713120499806,-19.08073517023675,0.9448286879500194,0.8091926482976325,-8.336005705285148
2025-03-14,947437.6879500195,142115.6531925029,805322.0347575166,8,828840.8515807599,4006.557,0.002761347145016,0.0242812429456236,-0.0215198958006076,-5.256231204998052,-17.115914841924017,0.9474376879500195,0.8288408515807598,-8.082889596338665
2025-03-17,945500.6879500195,141825.10319250292,803675.5847575165,8,826819.9278102774,3996.788,-0.0020444616301797,-0.0024382530936163,0.00039379146343659997,-5.449931204998048,-17.318007218972255,0.9455006879500195,0.8268199278102775,-8.27081060171594
2025-03-18,945759.6879500196,141863.95319250293,803895.7347575166,8,829082.0632827133,4007.723,0.0002739289387103,0.0027359469654133,-0.002462018026703,-5.424031204998037,-17.091793671728674,0.9457596879500196,0.8290820632827133,-8.245683322215301
2025-03-19,946061.6879500195,141909.25319250292,804152.4347575166,8,829587.8631208572,4010.168,0.0003193200173867,0.0006100721032864,-0.0002907520858997,-5.393831204998046,-17.04121368791428,0.9460616879500195,0.8295878631208572,-8.21638433221844
2025-03-20,945925.6879500195,141888.85319250292,804036.8347575165,8,822310.9653267651,3974.992,-0.0001437538394506,-0.0087717023326702,0.0086279484932196,-5.407431204998048,-17.768903467323494,0.9459256879500195,0.8223109653267651,-8.22957857936935
2025-03-21,943837.6879500196,141575.65319250294,802262.0347575167,8,809837.4655146038,3914.696,-0.0022073615576769,-0.0151688355599207,0.0129614740022438,-5.6162312049980345,-19.016253448539622,0.9438376879500197,0.8098374655146038,-8.432149079745052
2025-03-24,944707.6879500197,141706.15319250294,803001.5347575167,8,814006.5387817275,3934.849,0.0009217686590685,0.0051480370378698,-0.004226268378801299,-5.52923120499803,-18.599346121827242,0.9447076879500197,0.8140065387817276,-8.3477447045885
2025-03-25,945074.0486400196,141761.10729600294,803312.9413440167,8,813478.1899937439,3932.295,0.0003878032270436,-0.0006490719211843,0.0010368751482279,-5.492595135998036,-18.65218100062561,0.9450740486400196,0.8134781899937439,-8.312201664219113
2025-03-26,943584.0486400197,141537.60729600294,802046.4413440167,8,810801.6917091189,3919.357,-0.0015765960372566,-0.0032901905884478,0.0017135945511912002,-5.641595135998023,-18.919830829088113,0.9435840486400198,0.8108016917091189,-8.456756283740084
2025-03-27,944298.0486400197,141644.70729600295,802653.3413440167,8,813502.3939123788,3932.412,0.000756689349538,0.0033309035129995,-0.0025742141634615004,-5.5701951359980235,-18.649760608762122,0.9442980486400198,0.8135023939123788,-8.387486486197815
2025-03-28,943122.0486400197,141468.30729600295,801653.7413440167,8,809934.6949313431,3915.166,-0.0012453695119816,-0.004385603543067,0.0031402340310854003,-5.68779513599803,-19.006530506865694,0.9431220486400197,0.8099346949313431,-8.501577917443912
2025-03-31,942376.0486400197,141356.40729600296,801019.6413440168,8,804171.2661007935,3887.306,-0.0007909898841573,-0.0071159179457526,0.0063249280615953,-5.7623951359980214,-19.582873389920653,0.9423760486400198,0.8041712661007935,-8.573952243727565
2025-04-01,941810.0486400198,141271.50729600296,800538.5413440168,8,804249.4633763839,3887.684,-0.0006006094921627,9.723957928708948e-05,-0.0006978490714497895,-5.818995135998017,-19.575053662361608,0.9418100486400198,0.8042494633763839,-8.628863595840901
2025-04-02,943430.0486400198,141514.50729600296,801915.5413440168,8,803567.2024904129,3884.386,0.0017200920741282,-0.0008483199766236,0.0025684120507518,-5.656995135998011,-19.64327975095871,0.9434300486400199,0.8035672024904129,-8.471696828308014
2025-04-03,943368.0486400198,141505.20729600298,801862.8413440168,8,798833.3711218034,3861.503,-6.571764392004908e-05,-0.0058910211292079,0.005825303485287851,-5.663195135998011,-20.116662887819658,0.9433680486400199,0.7988333711218034,-8.477711852744457
2025-04-07,931992.0486400197,139798.80729600295,792193.2413440167,8,742551.6060644825,3589.441,-0.0120589201811531,-0.0704549497954553,0.0583960296143022,-6.800795135998028,-25.744839393551754,0.9319920486400197,0.7425516060644825,-9.581371820308707
2025-04-08,936110.0405600199,140416.506084003,795693.5344760169,8,755236.5281402771,3650.759,0.0044184839623999,0.0170828828221443,-0.012664398859744401,-6.38899594399801,-24.47634718597229,0.9361100405600199,0.7552365281402771,-9.18185856179454
2025-04-09,934590.04056002,140188.506084003,794401.534476017,8,762691.1282087929,3686.794,-0.0016237407293384,0.0098705502061351,-0.011494290935473502,-6.540995943997996,-23.730887179120707,0.93459004056002,0.7626911282087929,-9.329323677010562
2025-04-10,934510.04056002,140176.506084003,794333.534476017,8,772687.3466050952,3735.115,-8.559902901605909e-05,0.0131065093411781,-0.01319210837019416,-6.548995943997992,-22.73126533949048,0.9345100405600201,0.7726873466050952,-9.337084998864034
2025-04-11,935070.0405600201,140260.50608400302,794809.5344760171,8,775873.5752787536,3750.517,0.0005992444978595,0.0041235678151811,-0.0035243233173216006,-6.492995943997981,-22.412642472124634,0.9350700405600202,0.7758735752787537,-9.282755745889695
2025-04-14,935950.0405600201,140392.50608400302,795557.5344760171,8,777657.8385114704,3759.142,0.0009411059726316,0.0022996829503771,-0.0013585769777454998,-6.4049959439979816,-22.23421614885296,0.9359500405600202,0.7776578385114704,-9.197381205501463
2025-04-15,938270.0405600201,140740.50608400302,797529.5344760171,8,778090.8197226098,3761.235,0.0024787647838679,0.0005567759877123,0.0019219887961556,-6.172995943997983,-22.190918027739016,0.9382700405600202,0.7780908197226098,-8.97230287175067
2025-04-16,939310.0405600203,140896.50608400302,798413.5344760172,8,780487.421409685,3772.82,0.0011084229007027,0.0030801053377413,-0.0019716824370385995,-6.0689959439979795,-21.951257859031493,0.9393100405600202,0.7804874214096851,-8.871405687655484
2025-04-17,940510.0405600203,141076.50608400302,799433.5344760172,8,780363.7124922166,3772.222,0.0012775334534746,-0.0001585021283815,0.0014360355818561,-5.94899594399797,-21.96362875077834,0.9405100405600203,0.7803637124922166,-8.754985859853342
2025-04-18,940990.0405600203,141148.50608400302,799841.5344760172,8,780425.9806931495,3772.523,0.0005103613776564,7.979381913347794e-05,0.0004305675585229221,-5.9009959439979776,-21.95740193068505,0.9409900405600202,0.7804259806931495,-8.708417928732494
2025-04-21,939070.0405600201,140860.50608400302,798209.5344760171,8,782982.4937400961,3784.881,-0.0020404041671443,0.0032757918241983,-0.0053161959913426,-6.09299594399798,-21.70175062599039,0.9390700405600202,0.7829824937400961,-8.894689653215911
2025-04-22,940190.0405600203,141028.50608400302,799161.5344760172,8,782790.3104887116,3783.952,0.00119266929156,-0.0002454502532573,0.0014381195448173,-5.98099594399798,-21.72096895112884,0.9401900405600202,0.7827903104887116,-8.786031147267252
2025-04-23,939541.6600600202,140931.24900900302,798610.4110510171,8,783396.4428100864,3786.882,-0.0006896270669,0.0007743227186811,-0.0014639497855811002,-6.045833993997984,-21.660355718991354,0.9395416600600202,0.7833964428100865,-8.848934769067474
2025-04-24,940246.6600600202,141036.99900900302,799209.6610510171,8,782874.0932839868,3784.357,0.0007503658751597,-0.0006667754632966,0.0014171413384563001,-5.975333993997989,-21.71259067160132,0.9402466600600201,0.7828740932839868,-8.780538120233725
2025-04-25,938909.6600600202,140836.44900900303,798073.2110510172,8,783419.6123732245,3786.994,-0.0014219672951719,0.000696815865945,-0.0021187831611169,-6.109033993997981,-21.658038762677556,0.9389096600600202,0.7834196123732244,-8.91024921170993
2025-04-28,940018.6600600202,141002.799009003,799015.8610510171,8,782307.6802137053,3781.619,0.0011811573010434,-0.0014193315331368,0.0026004888341802,-5.998133993997978,-21.769231978629467,0.9400186600600202,0.7823076802137053,-8.802657887516121
2025-04-29,940577.6600600202,141086.649009003,799491.0110510171,8,780954.3294811334,3775.077,0.0005946690462126,-0.0017299468825389,0.0023246159287515,-5.942233993997981,-21.90456705188666,0.9405776600600202,0.7809543294811334,-8.748425651064961
2025-04-30,941072.6600600202,141160.899009003,799911.7610510171,8,780022.1683070323,3770.571,0.0005262723335024,-0.0011936180374599,0.0017198903709623,-5.892733993997979,-21.99778316929677,0.9410726600600202,0.7800221683070323,-8.700402472096581
2025-05-06,943111.6600600204,141466.74900900305,801644.9110510173,8,787877.2708240745,3808.542,0.0021666764815695,0.0100703580439143,-0.0079036815623448,-5.6888339939979655,-21.212272917592546,0.9431116600600203,0.7878772708240745,-8.502585781356107
2025-05-07,945223.6600600204,141783.54900900307,803440.1110510173,8,792652.8901547721,3831.627,0.0022393954920094,0.0060613746677862,-0.0038219791757768,-5.477633993997966,-20.734710984522785,0.9452236600600203,0.7926528901547721,-8.297686884424351
2025-05-08,947657.6600600204,142148.64900900304,805509.0110510173,8,797052.831568877,3852.896,0.0025750519192944,0.0055509056596585,-0.0029758537403641,-5.234233993997961,-20.294716843112305,0.9476576600600204,0.797052831568877,-8.061548667032351
2025-05-09,949532.6600600205,142429.89900900307,807102.7610510174,8,795658.727229714,3846.157,0.001978562595992,-0.0017490739433404,0.0037276365393324,-5.046733993997954,-20.43412727702859,0.9495326600600205,0.7956587272297141,-7.879642686091508
2025-05-12,948897.6600600204,142334.64900900304,806563.0110510173,8,804854.7682133615,3890.61,-0.0006687500353699,0.0115577705226281,-0.012226520557998001,-5.110233993997959,-19.514523178663843,0.9488976600600204,0.8048547682133615,-7.941248178303476
2025-05-13,952808.6600600205,142921.29900900307,809887.3610510174,8,806023.1761830292,3896.258,0.0041216246647217,0.0014517003760334,0.0026699242886883004,-4.719133993997948,-19.39768238169708,0.9528086600600205,0.8060231761830292,-7.561816556191676
2025-05-14,954425.6600600205,143163.84900900308,811261.8110510174,8,815736.3949152903,3943.211,0.0016970878496194,0.0120507933509537,-0.010353705501334302,-4.55743399399795,-18.426360508470975,0.9544256600600205,0.8157363949152903,-7.404940838228303
2025-05-15,955227.6600600206,143284.1490090031,811943.5110510176,8,808286.5528820618,3907.199,0.0008402959324769,-0.0091326586378461,0.009972954570323,-4.477233993997942,-19.171344711793825,0.9552276600600206,0.8082865528820617,-7.327133586647201
2025-05-16,953650.6600600206,143047.59900900308,810603.0610510175,8,804539.2897867074,3889.085,-0.0016509153429465,-0.0046360576975986,0.0029851423546521003,-4.634933993997937,-19.546071021329258,0.9536506600600206,0.8045392897867074,-7.480128643683834
2025-05-19,952784.6600600207,142917.69900900312,809866.9610510176,8,802069.248859329,3877.145,-0.0009080893415892,-0.0030701308919707,0.0021620415503815,-4.721533993997928,-19.793075114067094,0.9527846600600207,0.8020692488593291,-7.564144952747699
2025-05-20,955069.6600600207,143260.44900900312,811809.2110510176,8,806418.9205962684,3898.171,0.0023982334054959,0.0054230625885798,-0.0030248291830838997,-4.49303399399793,-19.35810794037316,0.9550696600600207,0.8064189205962684,-7.342462197307803
2025-05-21,955753.6600600207,143363.0490090031,812390.6110510177,8,810186.0433171695,3916.381,0.0007161781266897,0.0046714215461558,-0.0039552434194661,-4.4246339939979284,-18.981395668283042,0.9557536600600207,0.8101860433171696,-7.2761028954605855
2025-05-22,957549.6600600207,143632.44900900312,813917.2110510176,8,809665.5556309649,3913.865,0.0018791453018209,-0.0006424298350952,0.0025215751369161,-4.245033993997927,-19.033444436903512,0.9575496600600207,0.8096655556309649,-7.101861219850056
2025-05-23,955285.6600600207,143292.8490090031,811992.8110510176,8,803130.2907283846,3882.274,-0.0023643682353332,-0.0080715609761705,0.005707192740837301,-4.47143399399792,-19.68697092716154,0.9552856600600208,0.8031302907283846,-7.321506628303409
2025-05-26,953661.4865100207,143049.2229765031,810612.2635335176,8,798544.579066978,3860.107,-0.0017001967242951,-0.0057097979174061,0.004009601193111,-4.633851348997931,-20.145542093302204,0.9536614865100207,0.798544579066978,-7.47907829914657
2025-05-27,955166.4865100208,143274.9729765031,811891.5135335176,8,794260.2785974632,3839.397,0.0015781281107489,-0.0053651362514044,0.006943264362153301,-4.483351348997921,-20.573972140253684,0.9551664865100208,0.7942602785974632,-7.3330684317780515
2025-05-28,955676.4865100208,143351.4729765031,812325.0135335176,8,793606.5659232157,3836.237,0.0005339383313829,-0.0008230459105948,0.0013569842419777,-4.432351348997921,-20.639343407678435,0.9556764865100208,0.7936065659232157,-7.283590004962144
2025-05-29,954801.4865100207,143220.2229765031,811581.2635335176,8,798253.5114300583,3858.7,-0.0009155818023685,0.0058554776464541,-0.0067710594488226,-4.5198513489979275,-20.17464885699417,0.9548014865100207,0.7982535114300583,-7.368479462734539
2025-05-30,956671.4865100209,143500.72297650314,813170.7635335177,8,794433.0159655001,3840.232,0.001958522296436,-0.0047860678466841,0.006744590143120101,-4.332851348997913,-20.55669840344998,0.9566714865100209,0.7944330159655002,-7.187058564409534
2025-06-03,960016.4865100209,144002.47297650314,816014.0135335177,8,796870.1643880667,3852.013,0.0034964980635125,0.0030677834047525,0.0004287146587600003,-3.9983513489979083,-20.31298356119333,0.9600164865100209,0.7968701643880667,-6.862538294411078
2025-06-04,959121.4865100209,143868.22297650314,815253.2635335177,8,800331.1178817886,3868.743,-0.0009322756562792,0.0043431836808442,-0.0052754593371234,-4.087851348997907,-19.966888211821132,0.9591214865100209,0.8003311178817887,-6.949368082646836
2025-06-05,957426.486510021,143613.97297650314,813812.5135335178,8,802154.2728812014,3877.556,-0.0017672422355666,0.0022780008907288,-0.0040452431262954,-4.257351348997895,-19.784572711879868,0.957426486510021,0.8021542728812013,-7.11381108941734
2025-06-06,957651.4865100209,143647.72297650314,814003.7635335177,8,801415.3293139822,3873.984,0.0002350049880279,-0.0009211988169869,0.0011562038050148,-4.234851348997903,-19.858467068601783,0.957651486510021,0.8014153293139822,-7.0919823717044475
2025-06-09,957656.4865100209,143648.47297650314,814008.0135335177,8,803745.1116359367,3885.246,5.2211060812545895e-06,0.0029070847995242,-0.0029018636934429456,-4.234351348997912,-19.625488836406333,0.9576564865100209,0.8037451116359366,-7.091497289088614
2025-06-10,958756.4865100209,143813.47297650314,814943.0135335177,8,799652.9944178067,3865.465,0.0011486373407323,-0.0050913121073929,0.0062399494481252,-4.124351348997912,-20.03470055821932,0.9587564865100209,0.7996529944178068,-6.984779113603325
2025-06-11,958986.4865100208,143847.9729765031,815138.5135335176,8,805685.3556776353,3894.625,0.0002398940744976,0.0075437237175863,-0.0073038296430887,-4.101351348997917,-19.431464432236467,0.9589864865100208,0.8056853556776353,-6.962465313274587
2025-06-12,958481.4865100208,143772.2229765031,814709.2635335176,8,805183.486390381,3892.199,-0.0005265976185314,-0.0006229097795035,9.63121609721e-05,-4.151851348997915,-19.481651360961905,0.9584814865100209,0.805183486390381,-7.011458657474649
2025-06-13,956891.4865100209,143533.72297650314,813357.7635335177,8,799387.5787972184,3864.182,-0.0016588739817912,-0.0071982444885271,0.0055393705067359,-4.310851348997913,-20.061242120278166,0.9568914865100209,0.7993875787972183,-7.165714929312475
2025-06-16,960146.4865100209,144021.97297650314,816124.5135335177,8,801376.2306761872,3873.795,0.0034016396277822,0.0024877192637406,0.0009139203640416002,-3.985351348997912,-19.862376932381277,0.9601464865100209,0.8013762306761872,-6.849926146399185
2025-06-17,959641.4865100209,143946.22297650314,815695.2635335177,8,800669.5590004817,3870.379,-0.0005259614101548,-0.0008818226054811,0.0003558611953263,-4.03585134899791,-19.933044099951825,0.9596414865100209,0.8006695590004818,-6.898919490599248
2025-06-18,961396.4865100208,144209.4729765031,817187.0135335176,8,801619.5110891352,3874.971,0.0018288079711752,0.0011864471153859,0.0006423608557892999,-3.8603513489979147,-19.83804889108648,0.9613964865100209,0.8016195110891352,-6.72865549243863
2025-06-19,960591.4865100209,144088.72297650314,816502.7635335177,8,795024.4604388152,3843.091,-0.0008373236342086,-0.008227158345185,0.007389834710976401,-3.940851348997909,-20.497553956118487,0.9605914865100209,0.7950244604388151,-6.806753793589223
2025-06-20,963601.4865100209,144540.22297650314,819061.2635335177,8,795759.4734551449,3846.644,0.0031334860263396,0.0009245162292541,0.0022089697970855003,-3.6398513489979134,-20.424052654485514,0.9636014865100209,0.7957594734551449,-6.514734058852207
2025-06-23,966306.4865100208,144945.9729765031,821360.5135335176,8,798088.4282927015,3857.902,0.0028071770725437,0.0029267070204572,-0.00011952994791350003,-3.3693513489979177,-20.191157170729856,0.9663064865100208,0.7980884282927014,-6.252304363681567
2025-06-24,966274.2758400207,144941.1413760031,821333.1344640176,8,807631.8058523176,3904.034,-3.333380293901733e-05,0.011957794677003,-0.011991128479942017,-3.372572415997921,-19.236819414768235,0.9662742758400208,0.8076318058523176,-6.255429330893897
2025-06-25,968185.2758400209,145227.79137600312,822957.4844640177,8,819223.2072964436,3960.066,0.0019776993424964,0.0143523340216811,-0.012374634679184699,-3.18147241599791,-18.077679270355638,0.9681852758400209,0.8192232072964436,-6.070030755118987
2025-06-26,971745.2758400211,145761.79137600315,825983.4844640179,8,816317.4958336332,3946.02,0.0036769821735942,-0.0035469105817932,0.007223892755387399,-2.8254724159978872,-18.368250416636677,0.9717452758400211,0.8163174958336332,-5.724651932639299
2025-06-27,969778.2758400212,145466.74137600316,824311.534464018,8,811298.3892188884,3921.758,-0.0020241930152937,-0.0061484736519329,0.0041242806366392,-3.0221724159978813,-18.87016107811117,0.9697782758400212,0.8112983892188883,-5.915483433711626
2025-06-30,970987.2758400211,145648.09137600317,825339.1844640179,8,814260.9902340464,3936.079,0.0012466767199468,0.0036516786604376,-0.0024050019404907997,-2.901272415997891,-18.573900976595358,0.9709872758400211,0.8142609902340464,-5.798190457200985
2025-07-01,974593.2758400212,146188.99137600316,828404.284464018,8,815643.50979164,3942.762,0.0037137458849607,0.0016978825882303,0.0020158632967304,-2.54067241599788,-18.435649020836,0.9745932758400212,0.81564350979164,-5.44834887465556
2025-07-02,974867.2758400213,146230.0913760032,828637.1844640181,8,815834.4518164281,3943.685,0.0002811429206341,0.0002340998518297,4.7043068804400006e-05,-2.513272415997869,-18.416554818357188,0.9748672758400213,0.8158344518164281,-5.421766347307395
2025-07-03,974953.2758400212,146242.99137600316,828710.284464018,8,820878.589834206,3968.068,8.821713696960387e-05,0.0061827960397446,-0.006094578902774996,-2.5046724159978773,-17.912141016579398,0.9749532758400212,0.820878589834206,-5.413422926314918
2025-07-04,979353.2758400213,146902.9913760032,832450.2844640181,8,823802.7128248671,3982.203,0.0045130367875414,0.0035621869383286,0.0009508498492128,-2.06467241599787,-17.619728717513294,0.9793532758400213,0.8238027128248671,-4.986550224373751
2025-07-07,980779.2758400213,147116.8913760032,833662.384464018,8,820280.1117435104,3965.175,0.0014560629296684,-0.0042760251046971,0.0057320880343655,-1.9220724159978664,-17.971988825648964,0.9807792758400213,0.8202801117435103,-4.848204662335545
2025-07-08,977726.2758400213,146658.9413760032,831067.3344640181,8,827164.368190855,3998.453,-0.0031128308633817,0.0083925677933507,-0.0115053986567324,-2.2273724159978636,-17.283563180914495,0.9777262758400214,0.827164368190855,-5.144396107568805
2025-07-09,978416.2758400214,146762.4413760032,831653.8344640182,8,825705.5131975659,3991.401,0.0007057189901205,-0.0017636821040537,0.0024694010941742,-2.1583724159978557,-17.42944868024341,0.9784162758400214,0.8257055131975659,-5.077454706582571
2025-07-10,981059.2758400217,147158.89137600324,833900.3844640184,8,829558.073682538,4010.024,0.0027013042048293,0.0046657802611163,-0.001964476056287,-1.8940724159978384,-17.044192631746203,0.9810592758400216,0.829558073682538,-4.821040035848352
2025-07-11,976515.2758400216,146477.29137600324,830037.9844640183,8,830547.5381511855,4014.807,-0.0046317282878849,0.0011927609410817,-0.0058244892289665996,-2.3484724159978487,-16.945246184881448,0.9765152758400215,0.8305475381511855,-5.261883117125778
2025-07-14,976561.4002400214,146484.2100360032,830077.1902040181,8,831139.396366699,4017.668,4.723366970393883e-05,0.0007126120882026,-0.0006653784184986612,-2.343859975997864,-16.886060363330103,0.9765614002400214,0.831139396366699,-5.257408288204561
2025-07-15,974761.4002400213,146214.21003600318,828547.190204018,8,831428.1884215248,4019.064,-0.0018432020757298,0.0003474652460084,-0.0021906673217381998,-2.5238599759978664,-16.857181157847513,0.9747614002400213,0.8314281884215249,-5.432038029907766
2025-07-16,974113.4002400214,146117.0100360032,827996.3902040182,8,828974.2834399033,4007.202,-0.0006647780675768,-0.002951433468091,0.0022866554005141998,-2.5886599759978646,-17.10257165600967,0.9741134002400214,0.8289742834399033,-5.494904736920917
2025-07-17,973756.4530400214,146063.4679560032,827692.9850840181,8,834619.5888726695,4034.491,-0.0003664329018695,0.0068099886154977,-0.0071764215173672,-2.624354695997866,-16.538041112733048,0.9737564530400213,0.8346195888726695,-5.529534513219629
2025-07-18,973756.4530400214,146063.4679560032,827692.9850840181,8,839596.4937831274,4058.549,0.0,0.0059630818360976,-0.0059630818360976,-2.624354695997866,-16.04035062168726,0.9737564530400213,0.8395964937831274,-5.529534513219629
2025-07-21,973756.4530400214,146063.4679560032,827692.9850840181,8,845194.0119919217,4085.607,0.0,0.0066669147027669,-0.0066669147027669,-2.624354695997866,-15.480598800807833,0.9737564530400213,0.8451940119919217,-5.529534513219629
2025-07-22,966052.5287400214,144907.8793110032,821144.6494290181,8,852093.370029526,4118.958,-0.0079115514725974,0.0081630465191584,-0.0160745979917558,-3.3947471259978657,-14.79066299704741,0.9660525287400213,0.8520933700295259,-6.2769424635585285
2025-07-23,968982.5287400213,145347.3793110032,823635.149429018,8,852261.1424911763,4119.769,0.0030329613689035,0.0001968944572876,0.0028360669116159,-3.101747125997867,-14.773885750882377,0.9689825287400213,0.8522611424911762,-5.992684050674985
2025-07-24,959487.5287400213,143923.1293110032,815564.399429018,8,858315.845829745,4149.037,-0.0097989382866857,0.0071042818177429,-0.0169032201044286,-4.05124712599787,-14.168415417025493,0.9594875287400213,0.8583158458297451,-6.913855938159376
2025-07-25,959692.5287400212,143953.87931100317,815738.649429018,8,853790.7474004758,4127.163,0.0002136557212673,-0.0052720667470549,0.005485722468322201,-4.03074712599788,-14.620925259952422,0.9596925287400212,0.8537907474004758,-6.893967550909855
2025-07-28,962317.5287400212,144347.62931100317,817969.899429018,8,855582.4579927726,4135.824,0.0027352510532163,0.0020985359676852,0.0006367150855310999,-3.768247125997881,-14.441754200722745,0.9623175287400212,0.8555824579927725,-6.639299177592687
2025-07-29,953732.528740021,143059.87931100314,810672.6494290179,8,858933.9766748879,4152.025,-0.0089211717999574,0.0039172363234025,-0.0128384081233599,-4.626747125997898,-14.106602332511208,0.953732528740021,0.8589339766748879,-7.472186028993807
2025-07-30,958877.5287400212,143831.62931100317,815045.899429018,8,858771.1691196245,4151.238,0.0053945942336655,-0.0001895460648716,0.0055841402985371,-4.112247125997881,-14.122883088037542,0.9588775287400212,0.8587711691196246,-6.973036017292139
2025-07-31,951722.528740021,142758.37931100314,808964.1494290179,8,843121.9910598764,4075.591,-0.0074618496998275,-0.0182227566812601,0.010760906981432599,-4.827747125997894,-15.68780089401236,0.9517225287400211,0.8431219910598764,-7.667189240562378
2025-08-01,955077.528740021,143261.62931100314,811815.8994290179,8,838847.6204031352,4054.929,0.0035251871198653,-0.0050696941866833,0.008594881306548601,-4.492247125997895,-16.11523795968648,0.955077528740021,0.8388476204031352,-7.3416988053322445
2025-08-04,959822.5287400212,143973.37931100317,815849.149429018,8,842110.5982546879,4070.702,0.0049681830607615,0.0038898338293962,0.0010783492313653003,-4.017747125997884,-15.788940174531218,0.9598225287400212,0.8421105982546878,-6.8813554028979596
2025-08-05,976272.5287400215,146440.87931100323,829831.6494290183,8,848885.2130193267,4103.45,0.0171385850065373,0.0080448040657361,0.0090937809408012,-2.3727471259978428,-15.111478698067337,0.9762725287400216,0.8488852130193266,-5.285433596776995
2025-08-06,976872.5287400216,146530.87931100323,830341.6494290184,8,850961.1645022614,4113.485,0.0006145824883287,0.0024455031741583,-0.0018309206858296001,-2.3127471259978383,-14.903883549773855,0.9768725287400216,0.8509611645022614,-5.227223682875923
2025-08-07,979962.5287400216,146994.37931100323,832968.1494290184,8,851205.4792707067,4114.666,0.0031631557947335,0.0002871044868282,0.0028760513079053,-2.0037471259978346,-14.879452072929332,0.9799625287400217,0.8512054792707067,-4.9274426262854245
2025-08-08,983342.5287400217,147501.37931100326,835841.1494290185,8,849199.0364771853,4104.967,0.0034491114719925,-0.0023571779580653,0.0058062894300578,-1.6657471259978296,-15.080096352281469,0.9833425287400217,0.8491990364771853,-4.599526777976074
2025-08-11,977247.5287400216,146587.12931100323,830660.3994290184,8,852828.3830458559,4122.511,-0.006198247123319,0.0042738467812288,-0.0104720939045478,-2.275247125997837,-14.717161695414404,0.9772475287400216,0.852828383045856,-5.190842486687755
2025-08-12,976062.5287400217,146409.37931100326,829653.1494290185,8,857237.6336594356,4143.825,-0.001212589405601,0.0051701499401697,-0.0063827393457706995,-2.393747125997825,-14.276236634056449,0.9760625287400218,0.8572376336594355,-5.305807066642351
2025-08-13,973292.5287400217,145993.87931100326,827298.6494290185,8,864013.2827795716,4176.578,-0.0028379329381446,0.0079040500021116,-0.0107419829402562,-2.67074712599783,-13.598671722042843,0.9732925287400217,0.8640132827795716,-5.57454283581895
2025-08-14,972792.5287400217,145918.87931100326,826873.6494290185,8,863337.8486398825,4173.313,-0.0005137201665847,-0.0007817404583367,0.00026802029175200005,-2.7207471259978244,-13.66621513601175,0.9727925287400218,0.8633378486398825,-5.6230510974031676
2025-08-15,964412.5287400215,144661.87931100323,819750.6494290183,8,869345.3853677775,4202.353,-0.0086143753703106,0.0069585003569105,-0.0155728757272211,-3.558747125997852,-13.065461463222249,0.9644125287400215,0.8693453853677775,-6.436049561554766
2025-08-18,965437.5287400214,144815.6293110032,820621.8994290181,8,877012.0283132249,4239.413,0.0010628231897185,0.0088188688575185,-0.007756045667799999,-3.4562471259978578,-12.298797168677511,0.9654375287400214,0.8770120283132249,-6.336607625307114
2025-08-19,965950.6634500214,144892.5995175032,821058.0639325181,8,873694.0227492197,4223.374,0.0005315048304261,-0.0037833067927093,0.0043148116231354,-3.404933654997855,-12.63059772507803,0.9659506634500215,0.8736940227492197,-6.286825079825864
2025-08-20,966780.6634500215,145017.09951750323,821763.5639325182,8,883628.3866867879,4271.396,0.0008592571353858,0.0113705298181028,-0.010511272682717,-3.321933654997844,-11.637161331321211,0.9667806634500216,0.8836283866867879,-6.206301365596043
2025-08-21,969802.6634500215,145470.39951750322,824332.2639325183,8,887077.9622700404,4288.071,0.0031258382736119,0.0039038759225322,-0.0007780376489203,-3.019733654997847,-11.292203772995958,0.9698026634500215,0.8870779622700404,-5.9131174325810045
2025-08-22,970975.6634500216,145646.34951750323,825329.3139325184,8,905681.259629869,4377.998,0.0012095244158509,0.0209714344748488,-0.0197619100589979,-2.902433654997838,-9.431874037013099,0.9709756634500216,0.905681259629869,-5.79931705090441
2025-08-25,981637.6634500219,147245.64951750328,834392.0139325185,8,924552.8688056784,4469.222,0.0109807077575112,0.0208369213508092,-0.009856213593297998,-1.8362336549978098,-7.544713119432156,0.9816376634500219,0.9245528688056784,-4.764926880882418
2025-08-26,979594.663450022,146939.1995175033,832655.4639325187,8,921112.3955508018,4452.591,-0.0020812159884124,-0.0037212293325324,0.00164001334412,-2.0405336549978004,-7.888760444919818,0.979594663450022,0.9211123955508018,-4.963131637715542
2025-08-27,967156.6634500218,145073.49951750325,822083.1639325185,8,907362.9147972612,4386.127,-0.0126970883612157,-0.0149270391104863,0.0022299507492706,-3.2843336549978286,-9.263708520273873,0.9671566634500217,0.9073629147972613,-6.169823152884693
2025-08-28,969821.6634500218,145473.24951750325,824348.4139325185,8,923427.4900246956,4463.782,0.0027554998075425,0.0177046857056348,-0.014949185898092299,-3.0178336549978257,-7.65725099753044,0.9698216634500217,0.9234274900246956,-5.911274118640783
2025-08-29,964517.6634500216,144677.64951750325,819840.0139325184,8,930249.4782711074,4496.759,-0.0054690467329135,0.0073876815668865,-0.012856728299799999,-3.5482336549978344,-6.975052172889262,0.9645176634500217,0.9302494782711074,-6.425849757526225
2025-09-01,958071.6634500218,143710.74951750325,814360.9139325185,8,935825.0681433605,4523.711,-0.0066831331807269,0.0059936500933228,-0.0126767832740497,-4.19283365499783,-6.417493185663947,0.9580716634500217,0.9358250681433605,-7.05121826587002
2025-09-02,958502.6595300217,143775.39892950325,814727.2606005184,8,928944.9491180048,4490.453,0.000449857872268,-0.0073519285383172,0.007801786410585199,-4.149734046997833,-7.105505088199527,0.9585026595300217,0.9289449491180047,-7.009404524689193
2025-09-03,953281.6595300217,142992.24892950326,810289.4106005185,8,922609.9354396875,4459.83,-0.0054470375727074,-0.0068195792273074,0.0013725416546000006,-4.671834046997825,-7.73900645603125,0.9532816595300218,0.9226099354396875,-7.515927792151639
2025-09-04,953054.6595300217,142958.19892950324,810096.4606005184,8,903035.5851390618,4365.209,-0.0002381247952593,-0.0212162795442877,0.0209781547490284,-4.694534046997834,-9.696441486093821,0.9530546595300217,0.9030355851390618,-7.537950542910885
2025-09-05,952600.6595300217,142890.09892950326,809710.5606005185,8,922712.3366339129,4460.325,-0.0004763630243661,0.0217895637986635,-0.0222659268230296,-4.7399340469978295,-7.728766336608716,0.9526006595300217,0.9227123366339128,-7.581996044429354
2025-09-08,952146.6595300216,142821.99892950323,809324.6606005183,8,924211.7383626933,4467.573,-0.0004765900542458,0.0016249936944057,-0.0021015837486515,-4.785334046997836,-7.5788261637306675,0.9521466595300216,0.9242117383626933,-7.626041545947834
2025-09-09,953281.6595300216,142992.24892950323,810289.4106005183,8,917733.5698835598,4436.258,0.0011920432515724,-0.0070093986153109,0.0082014418668833,-4.671834046997835,-8.226643011644018,0.9532816595300216,0.9177335698835598,-7.51592779215165
2025-09-10,953735.6595300217,143060.34892950326,810675.3106005185,8,919617.5449862093,4445.365,0.0004762495905186,0.0020528562585855,-0.0015766066680669,-4.626434046997829,-8.038245501379071,0.9537356595300217,0.9196175449862093,-7.47188229063317
2025-09-11,955551.6595300217,143332.74892950326,812218.9106005185,8,940857.000766271,4548.035,0.0019040915392583,0.0230959662479908,-0.0211918747087325,-4.444834046997825,-5.9142999233729014,0.9555516595300217,0.940857000766271,-7.295700284559269
2025-09-12,952600.6595300218,142890.09892950326,809710.5606005185,8,935470.6979500104,4521.998,-0.0030882684055527,-0.0057248899799584,0.0026366215744057005,-4.739934046997818,-6.452930204998952,0.9526006595300218,0.9354706979500105,-7.581996044429344
2025-09-15,951011.6595300217,142651.74892950326,808359.9106005185,8,937758.2785676782,4533.056,-0.0016680651898604,0.0024453792328082,-0.0041134444226686,-4.898834046997824,-6.224172143232187,0.9510116595300218,0.9377582785676781,-7.736155299744009
2025-09-16,945468.4682600218,141820.27023900326,803648.1980210185,8,935747.6983521682,4523.337,-0.0058287311353674,-0.0021440282229028,-0.0036847029124645997,-5.453153173997826,-6.42523016478318,0.9454684682600217,0.9357476983521682,-8.27393644401709
2025-09-17,941448.4682600216,141217.27023900324,800231.1980210184,8,941475.131611414,4551.023,-0.0042518604638378,0.0061207024813758,-0.0103725629452136,-5.85515317399784,-5.852486838858595,0.9414484682600216,0.941475131611414,-8.663942867154253
2025-09-18,931891.4682600213,139783.7202390032,792107.7480210181,8,930528.754255359,4498.109,-0.0101513787766455,-0.0116268364277657,0.0014754576511201989,-6.810853173997867,-6.9471245744641035,0.9318914682600213,0.930528754255359,-9.59112977907511
2025-09-19,932664.4634600214,139899.66951900322,792764.7939410182,8,931317.1400153454,4501.92,0.0008294905858976,0.0008472449200318,-1.775433413420005e-05,-6.733553653997859,-6.868285998465462,0.9326644634600214,0.9313171400153454,-9.516136472345208
2025-09-22,927237.4634600213,139085.6195190032,788151.8439410181,8,935596.8893206721,4522.608,-0.0058188128878277,0.0045953726410064,-0.010414185528834101,-7.276253653997866,-6.440311067932781,0.9272374634600213,0.9355968893206722,-10.042645143580367
2025-09-23,925428.4634600213,138814.2695190032,786614.1939410181,8,935011.4441092417,4519.778,-0.0019509565470421,-0.0006257451452789,-0.0013252114017632001,-7.457153653997873,-6.498855589075825,0.9254284634600213,0.9350114441092418,-10.21814803399209
2025-09-24,920805.4634600211,138120.81951900315,782684.6439410179,8,944588.1279158688,4566.071,-0.0049955238924849,0.0102423172111549,-0.0152378411036398,-7.919453653997888,-5.541187208413123,0.9208054634600211,0.9445881279158688,-10.66665542059983
2025-09-25,920618.7907400212,138092.81861100317,782525.9721290179,8,950259.912849364,4593.488,-0.0002027276416221,0.0060045058432074,-0.0062072334848295,-7.938120925997882,-4.974008715063604,0.9206187907400212,0.950259912849364,-10.68476575886462
2025-09-26,920618.7907400212,138092.81861100317,782525.9721290179,8,941273.6391605543,4550.049,0.0,-0.0094566481941391,0.0094566481941391,-7.938120925997882,-5.872636083944571,0.9206187907400212,0.9412736391605543,-10.68476575886462
2025-09-29,920618.7907400212,138092.81861100317,782525.9721290179,8,955755.4436061317,4620.053,0.0,0.015385328817338,-0.015385328817338,-7.938120925997882,-4.424455639386826,0.9206187907400212,0.9557554436061317,-10.68476575886462
2025-09-30,920618.7907400212,138092.81861100317,782525.9721290179,8,960025.4699697847,4640.694,0.0,0.0044676976649402,-0.0044676976649402,-7.938120925997882,-3.9974530030215227,0.9206187907400212,0.9600254699697848,-10.68476575886462
2025-10-09,920618.7907400212,138092.81861100317,782525.9721290179,8,974255.7191584365,4709.482,0.0,0.0148227829716847,-0.0148227829716847,-7.938120925997882,-2.574428084156344,0.9206187907400212,0.9742557191584366,-10.68476575886462
2025-10-10,920618.7907400212,138092.81861100317,782525.9721290179,8,955089.5255370169,4616.834,0.0,-0.0196726518967478,0.0196726518967478,-7.938120925997882,-4.491047446298313,0.9206187907400212,0.9550895255370169,-10.68476575886462
2025-10-13,920618.7907400212,138092.81861100317,782525.9721290179,8,950361.4865591918,4593.979,0.0,-0.0049503620879588,0.0049503620879588,-7.938120925997882,-4.963851344080816,0.9206187907400212,0.9503614865591918,-10.68476575886462
2025-10-14,920618.7907400212,138092.81861100317,782525.9721290179,8,939001.1601331462,4539.064,0.0,-0.0119536898187824,0.0119536898187824,-7.938120925997882,-6.099883986685373,0.9206187907400212,0.9390011601331463,-10.68476575886462
2025-10-15,920618.7907400212,138092.81861100317,782525.9721290179,8,952907.8629222653,4606.288,0.0,0.0148101018183481,-0.0148101018183481,-7.938120925997882,-4.709213707773474,0.9206187907400212,0.9529078629222653,-10.68476575886462
2025-10-16,920618.7907400212,138092.81861100317,782525.9721290179,8,955418.0368429362,4618.422,0.0,0.0026342252156184,-0.0026342252156184,-7.938120925997882,-4.458196315706386,0.9206187907400212,0.9554180368429361,-10.68476575886462
2025-10-17,920618.7907400212,138092.81861100317,782525.9721290179,8,933864.7576050158,4514.235,0.0,-0.0225590039195205,0.0225590039195205,-7.938120925997882,-6.613524239498425,0.9206187907400212,0.9338647576050157,-10.68476575886462
2025-10-20,920618.7907400212,138092.81861100317,782525.9721290179,8,938826.5609252146,4538.22,0.0,0.0053131926007399,-0.0053131926007399,-7.938120925997882,-6.117343907478546,0.9206187907400212,0.9388265609252145,-10.68476575886462
2025-10-21,920618.7907400212,138092.81861100317,782525.9721290179,8,953235.5467437871,4607.872,0.0,0.0153478676661773,-0.0153478676661773,-7.938120925997882,-4.676445325621293,0.9206187907400212,0.9532355467437871,-10.68476575886462
2025-10-22,924007.0221200213,138601.0533180032,785405.9688020181,8,950070.0051800732,4592.57,0.0036803847738937,-0.0033208387732993,0.007001223547193,-7.599297787997871,-4.992999481992677,0.9240070221200213,0.9500700051800732,-10.356051330686785
2025-10-23,925320.0221200214,138798.0033180032,786522.0188020181,8,952919.654574934,4606.345,0.0014209848719413,0.002999409916452,-0.0015784250445107,-7.467997787997859,-4.708034542506601,0.9253200221200214,0.952919654574934,-10.228668635766605
2025-10-24,923918.0221200214,138587.70331800322,785330.3188020182,8,964160.8232476991,4660.684,-0.0015151514789314,0.0117965545351033,-0.0133117060140347,-7.608197787997861,-3.583917675230097,0.9239180221200214,0.964160823247699,-10.364685801248767
2025-10-27,922801.0221200214,138420.1533180032,784380.8688020181,8,975608.0355355114,4716.019,-0.0012089817205177,0.0118727208281015,-0.013081702548619201,-7.719897787997865,-2.4391964464488547,0.9228010221200214,0.9756080355355115,-10.473053257627923
2025-10-28,909998.0221200212,136499.70331800316,773498.318802018,8,970633.6130782468,4691.973,-0.0138740635230192,-0.005098792010804,-0.0087752715122152,-9.000197787997887,-2.9366386921753196,0.9099980221200211,0.9706336130782468,-11.715155803753552
2025-10-29,896508.0221200209,134476.20331800313,762031.8188020177,8,982190.4670487655,4747.838,-0.0148242080445105,0.0119065050033324,-0.0267307130478429,-10.34919778799791,-1.7809532951234441,0.8965080221200209,0.9821904670487656,-13.0239087012959
2025-10-30,895300.338240021,134295.05073600315,761005.2875040178,8,974344.4668600989,4709.911,-0.0013470976836817,-0.0079882675019662,0.0066411698182845,-10.469966175997902,-2.56555331399011,0.895300338240021,0.9743444668600989,-13.141073992420072
2025-10-31,894556.338240021,134183.45073600314,760372.8875040178,8,960020.0913211993,4640.668,-0.0008310060526309,-0.0147015516853716,0.0138705456327407,-10.544366175997899,-3.9979908678800635,0.894556338240021,0.9600200913211994,-13.213254285657392
2025-11-03,895920.338240021,134388.05073600315,761532.2875040178,8,962654.5947726369,4653.403,0.0015247781964002,0.0027442169963463,-0.0012194387999461,-10.407966175997895,-3.734540522736307,0.895920338240021,0.9626545947726369,-13.080923748055628
2025-11-04,897904.3382400211,134685.65073600315,763218.687504018,8,955475.3401374829,4618.699,0.0022144825999792,-0.0074577680033302,0.0096722506033094,-10.209566175997885,-4.452465986251719,0.8979043382400211,0.9554753401374828,-12.888442966089425
2025-11-05,897036.3382400211,134555.45073600317,762480.8875040179,8,957245.7430065369,4627.257,-0.0009666954073318,0.0018529027329992,-0.002819598140331,-10.296366175997884,-4.275425699346314,0.8970363382400212,0.9572457430065369,-12.972653308199632
2025-11-06,896912.3382400213,134536.8507360032,762375.487504018,8,970929.4387504541,4693.403,-0.0001382329730847,0.0142948619452087,-0.0144330949182934,-10.308766175997874,-2.907056124954588,0.8969123382400213,0.9709294387504541,-12.98468335707251
2025-11-07,897408.3382400213,134611.2507360032,762797.0875040181,8,967907.2588586559,4678.794,0.0005530083363256,-0.003112666864533,0.0036656752008586,-10.25916617599787,-3.2092741141344083,0.8974083382400213,0.9679072588586559,-12.936563161580954
2025-11-10,898400.3382400214,134760.0507360032,763640.2875040182,8,971270.3623223403,4695.051,0.0011054053742642,0.0034746133298453,-0.0023692079555811003,-10.159966175997859,-2.872963767765979,0.8984003382400214,0.9712703623223402,-12.840322770597847
2025-11-11,898896.3382400215,134834.45073600323,764061.8875040183,8,962398.6952226231,4652.166,0.0005520924012247,-0.00913408608341,0.0096861784846347,-10.110366175997854,-3.7601304777376887,0.8988963382400215,0.9623986952226231,-12.792202575106296
2025-11-12,899020.3382400216,134853.05073600324,764167.2875040184,8,961104.0958822937,4645.908,0.0001379469408484,-0.0013451798581564,0.0014831267990048,-10.097966175997842,-3.889590411770638,0.8990203382400216,0.9611040958822936,-12.780172526233397
2025-11-13,899268.3382400217,134890.25073600325,764378.0875040184,8,972723.2180537452,4702.074,0.0002758558282291,0.0120893483039266,-0.0118134924756975,-10.073166175997827,-2.7276781946254824,0.8992683382400217,0.9727232180537452,-12.756112428487606
2025-11-14,899888.3382400218,134983.25073600328,764905.0875040186,8,957428.4101873474,4628.14,0.0006894493819424,-0.0157236997971531,0.0164131491790955,-10.011166175997822,-4.257158981265253,0.8998883382400218,0.9574284101873475,-12.695962184123166
2025-11-17,898896.338240022,134834.4507360033,764061.8875040186,8,951204.2794183329,4598.053,-0.0011023589903833,-0.0065008837243473,0.005398524733964,-10.11036617599781,-4.879572058166715,0.8988963382400219,0.9512042794183329,-12.792202575106252
2025-11-18,897904.3382400221,134685.6507360033,763218.6875040188,8,945027.1083888927,4568.193,-0.0011035755267868,-0.0064940530263568,0.00539047749957,-10.209566175997796,-5.49728916111073,0.897904338240022,0.9450271083888927,-12.888442966089336
2025-11-19,900014.1548400221,135002.1232260033,765012.0316140187,8,949185.0106166463,4588.292,0.0023497120017657,0.0043997703249403,-0.0020500583231746004,-9.998584515997788,-5.081498938335372,0.9000141548400221,0.9491850106166463,-12.683755895034258
2025-11-20,901339.1548400221,135200.8732260033,766138.2816140187,8,944355.8116711923,4564.948,0.0014721990680641,-0.0050877319926456,0.0065599310607097,-9.866084515997786,-5.564418832880769,0.9013391548400221,0.9443558116711923,-12.555209001836065
2025-11-21,898975.1548400221,134846.2732260033,764128.8816140188,8,921322.7834589389,4453.608,-0.0026227641252527,-0.0243902011589178,0.0217674370336651,-10.102484515997789,-7.8677216541061075,0.8989751548400221,0.9213227834589389,-12.784556062606276
2025-11-24,898424.154840022,134763.62322600328,763660.5316140186,8,920172.5801460224,4448.048,-0.0006129201647381,-0.001248425995283,0.0006355058305449,-10.157584515997797,-7.982741985397768,0.898424154840022,0.9201725801460223,-12.838012166872096
2025-11-25,900364.154840022,135054.62322600328,765309.5316140186,8,928935.0193052322,4490.405,0.0021593364220549,0.0095226040726179,-0.007363267650563,-9.963584515997804,-7.106498069476775,0.900364154840022,0.9289350193052323,-12.649800111925316
2025-11-26,898695.154840022,134804.27322600328,763890.8816140187,8,934566.2575032363,4517.626,-0.0018536944091211,0.0060620367205186,-0.0079157311296397,-10.130484515997807,-6.54337424967637,0.8986951548400219,0.9345662575032363,-12.811720689093455
2025-11-27,899813.154840022,134971.9732260033,764841.1816140186,8,934106.3830491691,4515.403,0.0012440258456707,-0.000492072606276,0.0017360984519467,-10.0186845159978,-6.589361695083095,0.899813154840022,0.934106383049169,-12.703256216191129
2025-11-28,898143.1548400221,134721.47322600332,763421.6816140187,8,936435.5447578251,4526.662,-0.0018559408595186,0.0024934651458574,-0.004349406005376,-10.185684515997796,-6.3564455242174915,0.898143154840022,0.9364355447578251,-12.865273809882428
2025-12-01,899115.154840022,134867.27322600328,764247.8816140187,8,946742.690416594,4576.486,0.0010822328208615,0.0110067860158324,-0.009924553194970901,-10.088484515997798,-5.325730958340602,0.899115154840022,0.946742690416594,-12.7709737493627
2025-12-02,898140.154840022,134721.02322600328,763419.1316140187,8,942160.2886927783,4554.335,-0.0010843994729168,-0.0048401765022334,0.0037557770293165996,-10.185984515997804,-5.783971130722165,0.898140154840022,0.9421602886927783,-12.86556485945194
2025-12-03,896469.1548400219,134470.37322600328,761998.7816140186,8,937343.0882710925,4531.049,-0.0018605114034765,-0.005112930866965,0.0032524194634884996,-10.353084515997812,-6.265691172890753,0.8964691548400219,0.9373430882710925,-13.02767946966642
2025-12-04,895705.1548400219,134355.77322600328,761349.3816140186,8,940553.107121187,4546.566,-0.0008522323337899,0.0034245932895449,-0.0042768256233348,-10.42948451599781,-5.9446892878813,0.8957051548400219,0.940553107121187,-13.10180009336711
2025-12-05,896051.154840022,134407.6732260033,761643.4816140187,8,948408.2096382292,4584.537,0.0003862878293492,0.0083515778721787,-0.0079652900428295,-10.394884515997804,-5.1591790361770755,0.896051154840022,0.9484082096382292,-13.068232376350823
2025-12-08,896892.154840022,134533.8232260033,762358.3316140187,8,956107.538217389,4621.755,0.0009385624865916,0.0081181589329522,-0.0071795964463606,-10.310784515997806,-4.3892461782610965,0.8968921548400219,0.956107538217389,-12.986641480366162
2025-12-09,895781.1548400219,134367.17322600327,761413.9816140186,8,951239.4475052394,4598.223,-0.0012387219511338,-0.0050915723572538,0.00385285040612,-10.421884515997814,-4.876055249476064,0.8957811548400219,0.9512394475052394,-13.094426837606314
2025-12-10,894811.154840022,134221.6732260033,760589.4816140187,8,949916.2999531867,4591.827,-0.0010828537693151,-0.0013909721211867,0.0003081183518716,-10.518884515997806,-5.008370004681339,0.8948111548400219,0.9499162999531866,-13.188532865079697
2025-12-11,895940.687880022,134391.10318200328,761549.5846980186,8,941715.5158289713,4552.185,0.0012623144379575,-0.0086331649689762,0.0098954794069337,-10.4059312119978,-5.828448417102871,0.895940687880022,0.9417155158289713,-13.078949496735003
2025-12-12,897130.687880022,134569.60318200328,762561.0846980186,8,947666.1630045188,4580.95,0.0013282129231297,0.0063189435402997,-0.0049907306171700005,-10.286931211997796,-5.233383699548122,0.897130687880022,0.9476661630045188,-12.963499834164551
2025-12-15,897480.687880022,134622.10318200328,762858.5846980186,8,941689.6569415408,4552.06,0.000390132680476,-0.0063065521343824,0.0066966848148584,-10.2519312119978,-5.831034305845928,0.897480687880022,0.9416896569415407,-12.9295440510556
2025-12-16,896710.687880022,134506.60318200328,762204.0846980186,8,930414.1476662677,4497.555,-0.0008579571799131,-0.0119736998194225,0.0111157426395094,-10.328931211997805,-6.958585233373227,0.896710687880022,0.9304141476662677,-13.004246773895309
2025-12-17,896963.2062500222,134544.4809375033,762418.7253125188,8,947443.776572615,4579.875,0.000281605174794,0.0183032781144421,-0.0180216729396481,-10.303679374997788,-5.255622342738498,0.8969632062500221,0.947443776572615,-12.979748319601727
2025-12-18,899389.2062500223,134908.38093750333,764480.8253125189,8,941841.293457434,4552.793,0.0027046817339839,-0.0059132618248314,0.008617943558815299,-10.061079374997773,-5.815870654256594,0.8993892062500223,0.9418412934574341,-12.744386234395064
2025-12-19,898628.2062500223,134794.23093750334,763833.9753125189,8,945024.005322402,4568.178,-0.0008461297897636,0.0033792443451745,-0.0042253741349381,-10.137179374997773,-5.497599467759806,0.8986282062500223,0.9450240053224019,-12.818215808526254
2025-12-22,897583.2062500222,134637.4809375033,762945.7253125188,8,954011.727108908,4611.624,-0.0011628835960545,0.0095105751133166,-0.0106734587093711,-10.24167937499778,-4.598827289109197,0.8975832062500222,0.954011727108908,-12.919598075237285
2025-12-23,899174.2062500223,134876.13093750333,764298.0753125189,8,955896.322824856,4620.734,0.0017725376198236,0.0019754429242282,-0.00020290530440460002,-10.082579374997769,-4.410367717514396,0.8991742062500223,0.955896322824856,-12.765244786876279
2025-12-24,898896.2062500223,134834.43093750335,764061.7753125189,8,958652.8802249662,4634.059,-0.0003091725697508,0.002883740981411,-0.0031929135511617997,-10.11037937499777,-4.134711977503381,0.8988962062500223,0.9586528802249662,-12.792215380317105
2025-12-25,898760.2062500224,134814.03093750335,763946.1753125191,8,960406.5265349649,4642.536,-0.0001512966670171,0.0018292818455698,-0.0019805785125869,-10.12397937499776,-3.9593473465035056,0.8987602062500224,0.9604065265349649,-12.805409627468006
2025-12-26,898275.2062500224,134741.28093750335,763533.9253125191,8,963448.3591812104,4657.24,-0.0005396322585571,0.0031672344597866,-0.0037068667183437,-10.172479374997756,-3.655164081878959,0.8982752062500224,0.9634483591812104,-12.8524626412047
2025-12-29,901520.2062500226,135228.03093750338,766292.1753125192,8,959751.9863763197,4639.372,0.003612478645099,-0.0038366070891772,0.0074490857342762,-9.84797937499774,-4.024801362368036,0.9015202062500226,0.9597519863763196,-12.537644023523075
2025-12-30,902478.2062500226,135371.7309375034,767106.4753125192,8,962215.8211707148,4651.282,0.0010626495039804,0.002567157796357,-0.0015045082923765998,-9.752179374997738,-3.7784178829285198,0.9024782062500226,0.9622158211707148,-12.444702194327704
2025-12-31,902333.2062500227,135349.9809375034,766983.2253125194,8,957800.7781663503,4629.94,-0.0001606686998043,-0.0045884123989904,0.0044277436991861,-9.766679374997722,-4.219922183364966,0.9023332062500228,0.9578007781663503,-12.458769590187114
2026-01-05,898685.2062500226,134802.78093750338,763882.4253125192,8,975965.3019242554,4717.746,-0.0040428524349233,0.018964824598159,-0.023007677033082298,-10.131479374997731,-2.4034698075744543,0.8986852062500227,0.9759653019242555,-12.812685866705612
2026-01-06,899468.4843700227,134920.2726555034,764548.2117145192,8,991056.1348866004,4790.694,0.0008715823010689,0.0154624687297706,-0.0145908864287017,-10.05315156299773,-0.8943865113399618,0.8994684843700227,0.9910561348866004,-12.736694946829294
2026-01-07,899258.4843700228,134888.77265550342,764369.7117145193,8,988154.1471035798,4776.666,-0.000233471215111,-0.0029281770031649,0.0026947057880539,-10.074151562997724,-1.184585289642015,0.8992584843700228,0.9881541471035798,-12.757068416694661
2026-01-08,898348.4843700228,134752.27265550342,763596.2117145193,8,980083.6917720151,4737.654,-0.0010119448588105,-0.0081672028146827,0.0071552579558722,-10.165151562997721,-1.9916308227984958,0.8983484843700228,0.980083691772015,-12.845353452777944
2026-01-09,897998.4843700228,134699.77265550342,763298.7117145193,8,984483.4263150202,4758.922,-0.0003896038186622,0.0044891416722283,-0.0048787454908905,-10.200151562997718,-1.5516573684979829,0.8979984843700228,0.9844834263150202,-12.879309235886897
2026-01-12,898138.4843700229,134720.77265550342,763417.7117145194,8,990895.1891712318,4789.916,0.0001559022675836,0.0065128194998784,-0.006356917232294801,-10.186151562997715,-0.9104810828768239,0.8981384843700229,0.9908951891712318,-12.865726922643308
2026-01-13,898068.4843700229,134710.27265550342,763358.2117145194,8,984919.92433485,4761.032,-7.79389829276278e-05,-0.0060301683787357,0.005952229395808072,-10.193151562997716,-1.5080075665149906,0.8980684843700228,0.9849199243348501,-12.872518079265102
2026-01-14,897298.4843700229,134594.77265550342,762703.7117145194,8,980968.4794643429,4741.931,-0.0008573956367482,-0.0040119453093363,0.0031545496725880998,-10.27015156299771,-1.9031520535657043,0.8972984843700229,0.980968479464343,-12.9472208021048
2026-01-15,896948.4843700228,134542.27265550342,762406.2117145193,8,982933.3411668756,4751.429,-0.0003900597249373,0.0020029814858124,-0.0023930412107497,-10.305151562997716,-1.7066658833124415,0.8969484843700228,0.9829333411668756,-12.981176585213763
2026-01-16,894914.5066200228,134237.17599300342,760677.3306270194,8,978887.7699461207,4731.873,-0.0022676639577898,-0.0041158144213037,0.0018481504635139002,-10.508549337997719,-2.11122300538793,0.8949145066200228,0.9788877699461207,-13.17850603472074
2026-01-19,894993.5066200228,134249.02599300342,760744.4806270194,8,979422.1179959882,4734.456,8.827658889831724e-05,0.0005458726385936,-0.0004575960496952827,-10.500649337997714,-2.0577882004011783,0.8949935066200229,0.9794221179959882,-13.170841729390432
2026-01-20,894629.5066200228,134194.42599300342,760435.0806270194,8,976199.4800088273,4718.878,-0.0004067068613432,-0.0032903463460216,0.0028836394846783998,-10.537049337997717,-2.380051999117272,0.8946295066200228,0.9761994800088273,-13.206155743823746
2026-01-21,891902.5066200228,133785.37599300343,758117.1306270193,8,977066.4767866033,4723.069,-0.0030481891999101,0.0008881348490046,-0.0039363240489147,-10.80974933799772,-2.29335232133967,0.8919025066200228,0.9770664767866033,-13.4707198025041
2026-01-22,891110.5066200228,133666.5759930034,757443.9306270194,8,977198.8742902483,4723.709,-0.0008879894317165,0.0001355051133065,-0.001023494545023,-10.888949337997722,-2.280112570975179,0.8911105066200228,0.9771988742902482,-13.54755688885351
2026-01-23,889678.5066200228,133451.77599300342,756226.7306270194,8,972810.7245288121,4702.497,-0.0016069836337488,-0.0044905391081455,0.0028835554743967,-11.032149337997721,-2.718927547118788,0.8896785066200228,0.9728107245288121,-13.686484550030723
2026-01-26,888313.5066200228,133247.02599300342,755066.4806270194,8,973734.8177300347,4706.964,-0.0015342620843857,0.0009499208611933,-0.0024841829455790002,-11.168649337997715,-2.6265182269965326,0.8883135066200228,0.9737348177300347,-13.818912104155649
2026-01-27,887091.5066200229,133063.72599300343,754027.7806270195,8,973471.6776915401,4705.692,-0.0013756404590195,-0.0002702378858219,-0.0011054025731976,-11.29084933799771,-2.6528322308459917,0.8870915066200229,0.9734716776915401,-13.937466295467482
2026-01-28,886253.7469400229,132938.06204100343,753315.6848990194,8,976015.9853436195,4717.991,-0.0009443892470485,0.0026136432218684,-0.0035580324689169,-11.37462530599771,-2.398401465638056,0.8862537469400229,0.9760159853436194,-14.018742826871792
2026-01-29,887105.7469400229,133065.86204100342,754039.8848990195,8,983438.313520622,4753.87,0.000961349955294,0.0076047198903093,-0.006643369935015299,-11.289425305997714,-1.6561686479378057,0.8871057469400229,0.9834383135206219,-13.936084749132277
2026-01-30,886182.7469400229,132927.41204100344,753255.3348990194,8,973605.730163981,4706.34,-0.001040462203276,-0.0099981699120926,0.008957707708816601,-11.381725305997714,-2.6394269836019,0.8861827469400229,0.973605730163981,-14.025631000016753
2026-02-02,886395.7469400228,132959.36204100342,753436.3848990194,8,952844.1466236381,4605.98,0.0002403567444022,-0.0213244261995521,0.0215647829439543,-11.360425305997722,-4.715585337636186,0.8863957469400228,0.9528441466236381,-14.004966480581885
2026-02-03,886253.7469400228,132938.0620410034,753315.6848990193,8,964041.4586233208,4660.107,-0.0001601993246134,0.0117514622295364,-0.0119116615541498,-11.374625305997721,-3.59585413766792,0.8862537469400228,0.9640414586233208,-14.018742826871803
2026-02-04,887176.7469400229,133076.51204100344,754100.2348990195,8,972021.7181555275,4698.683,0.0010414624515686,0.0082779215155359,-0.007236459063967299,-11.282325305997709,-2.7978281844472486,0.8871767469400229,0.9720217181555275,-13.929196575987316
2026-02-05,888028.7469400229,133204.31204100343,754824.4348990194,8,966174.713400802,4670.419,0.0009603497870505,-0.0060153025858522,0.006975652372902701,-11.197125305997712,-3.3825286599198034,0.8880287469400229,0.966174713400802,-13.846538498247801
2026-02-06,887744.7469400229,133161.71204100343,754583.0348990194,8,960625.8099003773,4643.596,-0.0003198094667302,-0.0057431677971506,0.0054233583304204,-11.225525305997708,-3.937419009962273,0.8877447469400229,0.9606258099003773,-13.874091190827636
2026-02-09,887886.7469400229,133183.01204100344,754703.7348990195,8,976236.3030645291,4719.056,0.0001599558887726,0.0162503370232898,-0.0160903811345172,-11.211325305997711,-2.376369693547087,0.8878867469400229,0.9762363030645291,-13.860314844537719
2026-02-10,887815.7469400229,133172.36204100342,754643.3848990195,8,977320.3076256234,4724.296,-7.996515348906996e-05,0.0011103915698396,-0.00119035672332867,-11.218425305997703,-2.2679692374376614,0.887815746940023,0.9773203076256234,-13.867203017682673
2026-02-11,887886.746940023,133183.01204100344,754703.7348990196,8,975152.9191167337,4713.819,7.997154842631637e-05,-0.0022176849206739,0.0022976564691002165,-11.211325305997699,-2.484708088326626,0.887886746940023,0.9751529191167337,-13.860314844537708
2026-02-12,887105.746940023,133065.86204100345,754039.8848990196,8,976344.2897784399,4719.578,-0.0008796166883802,0.0012217270115801,-0.0021013436999603,-11.289425305997703,-2.36557102215601,0.887105746940023,0.9763442897784399,-13.936084749132268
2026-02-13,885929.216510023,132889.38247650344,753039.8340335195,8,964103.3130820551,4660.406,-0.0013262572518082,-0.0125375616209755,0.0112113043691673,-11.4070783489977,-3.5896686917944898,0.885929216510023,0.9641033130820551,-14.050227640852741
2026-02-24,886008.216510023,132901.23247650344,753106.9840335195,8,973854.8029677136,4707.544,8.917190959256693e-05,0.0101145694173425,-0.010025397507749933,-11.399178348997696,-2.614519703228646,0.886008216510023,0.9738548029677135,-14.042563335522429
2026-02-25,884779.216510023,132716.88247650344,752062.3340335195,8,979717.9436681957,4735.886,-0.001387120319088,0.0060205491440972,-0.007407669463185201,-11.522078348997699,-2.0282056331804243,0.884779216510023,0.9797179436681958,-14.161796642496451
2026-02-26,884377.216510023,132656.58247650345,751720.6340335195,8,977853.6213199935,4726.874,-0.0004543506362928,-0.0019029174266442,0.0014485667903514,-11.562278348997701,-2.214637868000646,0.884377216510023,0.9778536213199935,-14.200797284810168
2026-02-27,884514.216510023,132677.13247650344,751837.0840335195,8,974496.7239892926,4710.647,0.0001549112725232,-0.0034329241693347,0.0035878354418579,-11.548578348997696,-2.5503276010707343,0.884514216510023,0.9744967239892927,-14.187506021136087
2026-03-02,883838.216510023,132575.73247650344,751262.4840335195,8,978224.954943498,4728.669,-0.0007642613169828,0.0038258014238807,-0.0045900627408635,-11.616178348997696,-2.1775045056501963,0.883838216510023,0.978224954943498,-14.253089190797958
2026-03-03,884449.2165100231,132667.38247650347,751781.8340335196,8,963170.3244235562,4655.896,0.0006913029880204,-0.0153897428642181,0.0160810458522385,-11.555078348997693,-3.6829675576443788,0.8844492165100231,0.9631703244235562,-14.193812095142032
2026-03-04,882198.2165100231,132329.73247650347,749868.4840335196,8,952150.0940849992,4602.625,-0.0025450867703658,-0.0114416215482475,0.008896534777881701,-11.780178348997694,-4.784990591500082,0.8821982165100231,0.9521500940849992,-14.412196288794204
2026-03-05,884340.216510023,132651.03247650343,751689.1840335195,8,961473.1539237063,4647.692,0.0024280257655402,0.0097915863230222,-0.0073635605574820006,-11.565978348997696,-3.8526846076293753,0.884340216510023,0.9614731539237062,-14.204386896167398
2026-03-06,885281.2165100231,132792.18247650345,752489.0340335196,8,964110.139828337,4660.439,0.0010640701196578,0.002742651621493,-0.0016785815018351999,-11.471878348997688,-3.5889860171662957,0.8852812165100231,0.964110139828337,-14.113094347865882
2026-03-09,884533.2165100232,132679.98247650347,751853.2340335198,8,954804.250290884,4615.455,-0.000844929256433,-0.0096523095785612,0.008807380322128201,-11.546678348997673,-4.5195749709115995,0.8845332165100233,0.954804250290884,-14.185662707195865
2026-03-10,885762.2165100233,132864.3324765035,752897.8840335198,8,967071.9133590971,4674.756,0.0013894334062989,0.0128483540626005,-0.0114589206563016,-11.42377834899767,-3.2928086640902854,0.8857622165100233,0.9670719133590971,-14.066429400221844
2026-03-11,887207.2165100233,133081.0824765035,754126.1340335198,8,973224.2598566042,4704.496,0.0016313633310003,0.0063618293660674,-0.004730466035067099,-11.279278348997668,-2.67757401433959,0.8872072165100233,0.9732242598566041,-13.926240524243436
2026-03-12,888436.2165100235,133265.4324765035,755170.7840335199,8,969720.6909163966,4687.56,0.0013852457206497,-0.0035999605483774,0.0049852062690271,-11.156378348997652,-3.0279309083603434,0.8884362165100235,0.9697206909163966,-13.807007217269405
2026-03-13,888996.2165100235,133349.4324765035,755646.7840335199,8,965910.1252646118,4669.14,0.0006303209950173,-0.0039295497017639,0.004559870696781199,-11.100378348997653,-3.408987473538816,0.8889962165100235,0.9659101252646118,-13.752677964295074
2026-03-16,889161.2165100235,133374.1824765035,755787.0340335199,8,966410.5464541705,4671.559,0.00018560258968,0.0005180825591009,-0.0003324799694209,-11.083878348997656,-3.358945354582954,0.8891612165100234,0.9664105464541705,-13.736670237972282
2026-03-17,890664.2165100235,133599.63247650352,757064.58403352,8,959352.1045410926,4637.439,0.0016903571276976,-0.0073037716102911,0.0089941287379887,-10.933578348997653,-4.064789545890735,0.8906642165100235,0.9593521045410927,-13.590854403650107
2026-03-18,890081.2165100235,133512.1824765035,756569.0340335199,8,963674.2624218059,4658.332,-0.0006545676689296,0.004505288371448,-0.0051598560403776,-10.991878348997652,-3.632573757819413,0.8900812165100235,0.9636742624218059,-13.647415036657309
2026-03-19,889110.2165100236,133366.53247650352,755743.68403352,8,948142.173404344,4583.251,-0.0010909116853485,-0.0161175716973371,0.015026660011988598,-11.088978348997646,-5.1857826595655965,0.8891102165100235,0.948142173404344,-13.741618080653865
2026-03-20,888002.2165100236,133200.33247650354,754801.88403352,8,944784.0348470465,4567.018,-0.0012461897067713,-0.0035418090783158,0.0022956193715444996,-11.199778348997647,-5.521596515295357,0.8880022165100235,0.9447840348470464,-13.849112388324503
2026-03-23,882393.1526900233,132358.97290350348,750034.1797865197,8,913955.8967365897,4417.997,-0.006316497544392,-0.0326298254134317,0.0263133278690397,-11.760684730997673,-8.604410326341029,0.8823931526900233,0.9139558967365897,-14.393284258370844
2026-03-24,884164.0444500234,132624.6066675035,751539.43778252,8,925690.6598526314,4474.722,0.002006919199907,0.0128395288634193,-0.0108326096635123,-11.583595554997661,-7.430934014736856,0.8841640444500234,0.9256906598526314,-14.221478496907986
2026-03-25,884626.0444500233,132693.9066675035,751932.1377825198,8,938670.5801162353,4537.466,0.0005225274686297,0.0140218766663047,-0.013499349197675,-11.537395554997666,-6.132941988376473,0.8846260444500234,0.9386705801162353,-14.176656863204167
2026-03-26,884318.0444500234,132647.70666750352,751670.3377825199,8,926272.3813842719,4477.534,-0.000348169717512,-0.013208253240906,0.012860083523394,-11.56819555499765,-7.372761861572807,0.8843180444500235,0.9262723813842719,-14.206537952340033
2026-03-27,884010.0444500236,132601.50666750353,751408.53778252,8,931451.6062299876,4502.57,-0.0003482909818848,0.0055914706621993,-0.0059397616440841,-11.598995554997648,-6.854839377001243,0.8840100444500235,0.9314516062299876,-14.236419041475914
2026-03-30,883933.0444500236,132589.95666750352,751343.08778252,8,929254.6351538772,4491.95,-8.710308268944367e-05,-0.0023586529470946,0.0022715498644051563,-11.606695554997648,-7.074536484612281,0.8839330444500235,0.9292546351538772,-14.243889313759883
2026-03-31,885242.0444500236,132786.30666750352,752455.73778252,8,920586.5292160144,4450.049,0.0014808813950546,-0.00932802012489,0.0108089015199446,-11.475795554997648,-7.941347078398553,0.8852420444500235,0.9205865292160145,-14.116894684932388
2026-04-01,885704.0444500234,132855.6066675035,752848.43778252,8,936312.4564536569,4526.067,0.0005218911628706,0.0170825085296815,-0.0165606173668109,-11.42959555499765,-6.3687543546343095,0.8857040444500235,0.9363124564536569,-14.07207305122857
2026-04-02,885781.0444500233,132867.1566675035,752913.8877825198,8,926557.8635015067,4478.914,8.693648909297025e-05,-0.0104180958876659,0.01050503237675887,-11.421895554997663,-7.34421364984933,0.8857810444500234,0.9265578635015067,-14.064602778944613
2026-04-03,884780.0444500233,132717.0066675035,752063.0377825198,8,918670.9028351499,4440.789,-0.00113007611336,-0.0085121080690542,0.007382031955694201,-11.521995554997666,-8.132909716485015,0.8847800444500233,0.9186709028351498,-14.161716318636227
2026-04-07,883702.0444500234,132555.30666750352,751146.7377825199,8,918635.1141349459,4440.616,-0.0012183819094496,-3.895704119227794e-05,-0.001179424868257322,-11.629795554997656,-8.136488586505408,0.8837020444500234,0.9186351141349459,-14.266300130611803
2026-04-08,884549.0444500234,132682.3566675035,751866.68778252,8,950687.72228302,4595.556,0.0009584678516016,0.0348915555859816,-0.03393308773438,-11.545095554997653,-4.9312277716979995,0.8845490444500235,0.95068772228302,-14.184127135488126
2026-04-09,883317.0444500234,132497.55666750352,750819.4877825199,8,944619.7791940871,4566.224,-0.001392800102753,-0.0063826879707262,0.0049898878679731995,-11.668295554997654,-5.538022080591287,0.8833170444500235,0.9446197791940871,-14.303651492031651
2026-04-10,883009.0444500234,132451.3566675035,750557.68778252,8,959171.506071277,4636.566,-0.0003486856751323,0.0154048509227753,-0.0157535365979076,-11.699095554997651,-4.082849392872301,0.8830090444500235,0.959171506071277,-14.33353258116753
2026-04-13,882778.0444500236,132416.70666750352,750361.33778252,8,961155.1930438592,4646.155,-0.0002616054744307,0.0020681254186827,-0.0023297308931134,-11.722195554997638,-3.8844806956140787,0.8827780444500236,0.9611551930438592,-14.35594339801943
2026-04-14,884241.0444500237,132636.15666750356,751604.8877825201,8,972559.7898851861,4701.284,0.0016572682218343,0.0118655102983005,-0.0102082420764662,-11.57589555499763,-2.74402101148139,0.8842410444500237,0.9725597898851861,-14.214008224623983
2026-04-15,884703.0444500238,132705.45666750357,751997.5877825202,8,969241.9911922805,4685.246,0.0005224819667666,-0.0034114084577744,0.003933890424541,-11.529695554997621,-3.0758008807719506,0.8847030444500238,0.9692419911922805,-14.169186590920155
2026-04-16,883856.0444500238,132578.40666750356,751277.6377825201,8,979867.3046019966,4736.608,-0.0009573833901821,0.0109624980203815,-0.011919881410563599,-11.614395554997625,-2.013269539800344,0.8838560444500237,0.9798673046019966,-14.251359586043833
2026-04-17,882778.0444500237,132416.70666750355,750361.3377825201,8,978225.5755567976,4728.672,-0.001219655629182,-0.0016754605827631,0.0004558049535811001,-11.722195554997628,-2.1774424443202434,0.8827780444500237,0.9782255755567976,-14.355943398019418
2026-04-20,882162.0444500239,132324.30666750358,749837.7377825204,8,984177.2570878427,4757.442,-0.0006977971460354,0.0060841606269161,-0.0067819577729515,-11.783795554997612,-1.582274291215735,0.8821620444500239,0.9841772570878426,-14.415705576291165
2026-04-21,881859.606990024,132278.9410485036,749580.6659415204,8,986360.7815424891,4767.997,-0.0003428366272418,0.002218629254965,-0.0025614658822068,-11.814039300997603,-1.3639218457510927,0.881859606990024,0.9863607815424891,-14.445047007136253
2026-04-22,880258.606990024,132038.7910485036,748219.8159415204,8,992904.114417948,4799.627,-0.0018154817244261,0.0066338128987917,-0.0084492946232178,-11.9741393009976,-0.7095885582052097,0.880258606990024,0.9929041144179479,-14.600370460728932
2026-04-23,879833.606990024,131975.0410485036,747858.5659415204,8,990152.7287953236,4786.327,-0.0004828126605354,-0.0027710486669069,0.0022882360063715,-12.0166393009976,-0.9847271204676322,0.879833606990024,0.9901527287953237,-14.64160248307552
2026-04-24,879104.606990024,131865.6910485036,747238.9159415204,8,986644.6086909282,4769.369,-0.0008285657585801,-0.003543009075644,0.0027144433170639,-12.089539300997599,-1.3355391309071818,0.879104606990024,0.9866446086909282,-14.712327528465316
2026-04-27,881073.6069900241,132161.0410485036,748912.5659415205,8,986971.0512858531,4770.947,0.002239778957298,0.0003308613780985,0.0019089175791995,-11.892639300997587,-1.3028948714146837,0.8810736069900241,0.9869710512858532,-14.521301994346636
2026-04-28,881722.6069900242,132258.39104850363,749464.2159415205,8,984335.7203500178,4758.208,0.0007366013405136,-0.0026701197896352,0.0034067211301488,-11.827739300997575,-1.5664279649982182,0.8817226069900242,0.9843357203500178,-14.458338270810303
2026-04-29,882229.6069900244,132334.44104850365,749895.1659415207,8,995121.7726040029,4810.347,0.000575010775476,0.0109576966790858,-0.010382685903609799,-11.777039300997561,-0.4878227395997192,0.8822296069900244,0.9951217726040028,-14.409150893563888
2026-04-30,881125.6069900246,132168.84104850367,748956.7659415208,8,994492.8844616889,4807.307,-0.0012513749156147,-0.0006319710407584,-0.0006194038748563,-11.88743930099755,-0.5507115538311069,0.8811256069900245,0.9944928844616889,-14.516257135141839
2026-05-06,879473.6069900246,131921.04104850368,747552.5659415209,8,1008929.5910075873,4877.093,-0.0018748745773526,0.0145166514225114,-0.016391525999864,-12.052639300997548,0.8929591007587279,0.8794736069900245,1.0089295910075873,-14.676528431416108
2026-05-07,879407.1564700245,131911.07347050367,747496.0829995208,8,1013773.891543301,4900.51,-7.555715085916237e-05,0.0048014257673578,-0.004876982918216963,-12.059284352997546,1.3773891543300998,0.8794071564700245,1.013773891543301,-14.682975229829243
2026-05-08,878910.1564700246,131836.5234705037,747073.6329995209,8,1007857.791841361,4871.912,-0.0005651534631523,-0.0058357191394364,0.0052705656762841,-12.108984352997542,0.7857791841360928,0.8789101564700246,1.007857791841361,-14.731192441843957
2026-05-11,878768.1564700246,131815.2234705037,746952.9329995209,8,1024391.9644645365,4951.837,-0.000161563726343,0.0164052634776654,-0.0165668272040084,-12.12318435299754,2.439196446453651,0.8787681564700246,1.0243919644645365,-14.744968788133875
2026-05-12,878555.1564700247,131783.27347050371,746771.882999521,8,1023607.9229976382,4948.047,-0.0002423847500979,-0.0007653725274076,0.0005229877773096999,-12.14448435299753,2.3607922997638253,0.8785551564700247,1.0236079229976383,-14.765633307568743
2026-05-13,877774.1564700247,131666.1234705037,746108.032999521,8,1034012.5049442461,4998.342,-0.0008889595539317,0.0101646164638291,-0.0110535760177608,-12.222584352997522,3.4012504944246125,0.8777741564700248,1.0340125049442461,-14.841403212163293
2026-05-14,877135.1564700247,131570.27347050371,745564.882999521,8,1016688.084721189,4914.597,-0.0007279776868457,-0.0167545558107068,0.0160265781238611,-12.28648435299753,1.668808472118899,0.8771351564700247,1.016688084721189,-14.903396770467934
2026-05-15,876709.1564700247,131506.3734705037,745202.782999521,8,1005309.3467672929,4859.593,-0.0004856720162881,-0.0111919654856746,0.010706293469386499,-12.329084352997533,0.5309346767292888,0.8767091564700247,1.0053093467672929,-14.944725809337694
2026-05-18,875786.1564700247,131367.9234705037,744418.232999521,8,999916.4240758504,4833.524,-0.0010528006844554,-0.0053644410138871,0.0043116403294317,-12.421384352997523,-0.00835759241496481,0.8757861564700248,0.9999164240758504,-15.034272060222161
2026-05-19,875786.1564700247,131367.9234705037,744418.232999521,8,1003921.241690014,4852.883,0.0,0.0040051523484725,-0.0040051523484725,-12.421384352997523,0.39212416900140656,0.8757861564700248,1.003921241690014,-15.034272060222161
2026-05-20,875147.156470025,131272.07347050373,743875.0829995212,8,1003469.6420799247,4850.7,-0.0007296301674549,-0.000449835695606,-0.0002797944718489,-12.485284352997505,0.34696420799247285,0.875147156470025,1.0034696420799247,-15.09626561852678
2026-05-21,874650.1564700251,131197.52347050374,743452.6329995213,8,989484.7420152152,4783.098,-0.0005679044904912,-0.0139365452408929,0.013368640750401698,-12.53498435299749,-1.051525798478481,0.8746501564700251,0.9894847420152152,-15.144482830541484
2026-05-22,875092.7947300251,131263.91920950377,743828.8755205213,8,1002310.3364386326,4845.096,0.0005060746364997,0.0129618920624245,-0.0124558174259248,-12.490720526997489,0.2310336438632543,0.8750927947300251,1.0023103364386325,-15.101539605534953
2026-05-25,876016.5975700251,131402.48963550376,744614.1079345214,8,1018136.1824173072,4921.597,0.0010556627200719,0.0157893672282243,-0.014733704508152399,-12.398340242997484,1.813618241730719,0.8760165975700251,1.0181361824173072,-15.011915465905012
2026-05-26,877688.5975700251,131653.28963550375,746035.3079345213,8,1023566.9625199486,4947.849,0.0019086396360958,0.00533404096272,-0.0034254013266242,-12.231140242997485,2.356696251994861,0.8776885975700252,1.0235669625199486,-14.849703839167372
2026-05-27,879096.5975700251,131864.48963550376,747232.1079345214,8,1015358.7310361532,4908.171,0.0016042136173333,-0.0080192423010482,0.009623455918381499,-12.090340242997488,1.535873103615315,0.8790965975700251,1.0153587310361532,-14.713104574546204
2026-05-28,877160.5975700251,131574.08963550377,745586.5079345213,8,1016608.6462190024,4914.213,-0.0022022608270256,0.0012310084550843,-0.0034332692821098998,-12.283940242997481,1.6608646219002487,0.8771605975700252,1.0166086462190025,-14.90092856340031
2026-05-29,878568.5975700252,131785.28963550378,746783.3079345215,8,1012038.4498900541,4892.121,0.0016051792612443,-0.0044955316344652,0.0061007108957095,-12.143140242997475,1.2038449890054093,0.8785685975700253,1.012038449890054,-14.76432929877913
2026-06-01,878128.5975700254,131719.2896355038,746409.3079345216,8,1002136.5647150988,4844.256,-0.0005008146218939,-0.009784099780034,0.0092832851581401,-12.187140242997463,0.2136564715098821,0.8781285975700254,1.0021365647150988,-14.807016568973236
2026-06-02,878040.5975700254,131706.0896355038,746334.5079345215,8,1016680.2236194105,4914.559,-0.0001002131125709,0.0145126516847995,-0.0146128647973704,-12.19594024299746,1.6680223619410572,0.8780405975700254,1.0166802236194106,-14.815554023012057
2026-06-03,877512.5975700255,131626.88963550382,745885.7079345216,8,1021696.847780962,4938.809,-0.0006013389374719,0.004934318623502,-0.0055356575609739,-12.248740242997458,2.1696847780962036,0.8775125975700254,1.021696847780962,-14.866778747244991
2026-06-04,876984.5975700255,131547.6896355038,745436.9079345217,8,1014649.9906494532,4904.745,-0.0006017007635698,-0.0068972094284269,0.0062955086648571,-12.301540242997454,1.464999064945327,0.8769845975700254,1.0146499906494533,-14.918003471477927
2026-06-05,878304.5975700256,131745.68963550383,746558.9079345218,8,996481.5363406587,4816.92,0.0015051575633797,-0.0179061296764664,0.0194112872398461,-12.169540242997446,-0.35184636593412755,0.8783045975700255,0.9964815363406587,-14.789941660895572
2026-06-08,878568.5975700256,131785.28963550384,746783.3079345217,8,975115.0617055376,4713.636,0.0003005790937795,-0.0214419172417227,0.0217424963355022,-12.143140242997442,-2.4884938294462366,0.8785685975700256,0.9751150617055376,-14.764329298779097
2026-06-09,878568.5975700256,131785.28963550384,746783.3079345217,8,993355.9208991379,4801.811,0.0,0.0187063659561321,-0.0187063659561321,-12.143140242997442,-0.6644079100862177,0.8785685975700256,0.9933559208991378,-14.764329298779097
2026-06-10,880504.5975700255,132075.6896355038,748428.9079345217,8,982346.6547288512,4748.593,0.0022035843363337,-0.011082901846824,0.013286486183157701,-11.949540242997447,-1.7653345271148813,0.8805045975700255,0.9823466547288512,-14.576505309924995
2026-06-11,880152.5975700255,132022.88963550382,748129.7079345216,8,976930.5624742706,4722.412,-0.0003997707689107,-0.0055134226074965,0.0051136518385858,-11.98474024299745,-2.306943752572943,0.8801525975700255,0.9769305624742706,-14.610655126080289
2026-06-12,881208.5975700256,132181.28963550384,749027.3079345217,8,988289.6476737196,4777.321,0.001199791948482,0.0116273209537838,-0.0104275290053018,-11.879140242997444,-1.1710352326280482,0.8812085975700256,0.9882896476737195,-14.508205677614406
2026-06-15,879976.5975700257,131996.48963550385,747980.1079345219,8,1011954.0464814805,4891.713,-0.0013980798682596,0.0239448008622404,-0.0253428807305,-12.002340242997434,1.1954046481480463,0.8799765975700257,1.0119540464814805,-14.627730034157919
2026-06-16,879360.5975700257,131904.08963550386,747456.5079345219,8,1010406.4437865292,4884.232,-0.0007000186160643,-0.0015293211192071,0.0008293025031428001,-12.063940242997429,1.0406443786529218,0.8793605975700257,1.0104064437865292,-14.687492212429676
2026-06-17,877424.5975700258,131613.68963550386,745810.9079345219,8,1020161.2436097792,4931.386,-0.0022015996683839,0.0096543325542277,-0.0118559322226116,-12.257540242997422,2.016124360977911,0.8774245975700258,1.0201612436097791,-14.87531620128378
2026-06-18,876104.5975700257,131415.68963550386,744688.9079345218,8,1022274.0181484151,4941.599,-0.001504402775641,0.0020710201959448,-0.0035754229715858,-12.389540242997432,2.227401814841512,0.8761045975700257,1.0222740181484151,-15.00337801186614
2026-06-22,876296.0120900257,131444.40181350385,744851.6102765219,8,1046697.013277843,5059.658,0.0002184836382903,0.0238908499050614,-0.0236723662667711,-12.370398790997427,4.669701327784304,0.8762960120900257,1.046697013277843,-14.984807640651777
2026-06-23,876740.0120900257,131511.00181350386,745229.0102765218,8,1017678.7904164342,4919.386,0.0005066781017764,-0.027723612939847,0.0282302910416234,-12.325998790997428,1.7678790416434165,0.8767400120900257,1.0176787904164342,-14.941732304364988
2026-06-24,875260.0120900258,131289.00181350386,743971.0102765219,8,1022567.9819807274,4943.02,-0.0016880716969582,0.0048042580923717,-0.0064923297893299,-12.47399879099742,2.2567981980727403,0.8752600120900258,1.0225679819807274,-15.08531675865428
2026-06-25,874594.0120900259,131189.1018135039,743404.910276522,8,1038514.4338103789,5020.104,-0.0007609167456532,0.0155945150940115,-0.0163554318396647,-12.540598790997404,3.851443381037889,0.874594012090026,1.038514433810379,-15.149929763084447
2026-06-26,873188.0120900259,130978.20181350388,742209.8102765221,8,1007094.2306133093,4868.221,-0.0016076030484591,-0.0302549508934478,0.0286473478449887,-12.681198790997406,0.7094230613309271,0.873188012090026,1.0070942306133093,-15.286334994659285
2026-06-29,873262.0120900258,130989.30181350387,742272.710276522,8,1019237.5641507561,4926.921,8.474692617777002e-05,0.0120577927748146,-0.01197304584863683,-12.673798790997415,1.923756415075606,0.8732620120900259,1.019237564150756,-15.279155771944827
2026-06-30,871856.0120900258,130778.40181350386,741077.6102765219,8,1030100.7793248342,4979.433,-0.0016100551501547,0.0106581777950163,-0.012268232945171001,-12.814398790997416,3.0100779324834237,0.8718560120900258,1.0301007793248342,-15.415561003519663
2026-07-01,872670.0120900258,130900.50181350387,741769.5102765219,8,1025869.0241145787,4958.977,0.0009336404047368,-0.004108098251347,0.0050417386560838,-12.732998790997419,2.58690241145787,0.8726700120900258,1.0258690241145787,-15.336589553660552
2026-07-02,873558.0120900259,131033.70181350388,742524.3102765221,8,995524.9643768244,4812.296,0.0010175667637224,-0.029578882902663,0.0305964496663854,-12.644198790997407,-0.4475035623175527,0.8735580120900259,0.9955249643768245,-15.25043888108696
2026-07-03,873632.0120900259,131044.80181350389,742587.210276522,8,1001705.8590860551,4842.174,8.471103118035117e-05,0.0062086787678896,-0.006123967736709248,-12.636798790997405,0.17058590860550282,0.873632012090026,1.001705859086055,-15.243259658372493
2026-07-06,875186.0120900262,131277.9018135039,743908.1102765222,8,1001669.4497725525,4841.998,0.001778780972417,-3.634731011326053e-05,0.0018151282825302605,-12.481398790997389,0.1669449772552456,0.8751860120900261,1.0016694497725525,-15.092495981368714
2026-07-07,874964.0120900262,131244.60181350392,743719.4102765223,8,991380.5087705348,4792.262,-0.000253660361264,-0.0102717927599309,0.010018132398666899,-12.503598790997383,-0.8619491229465259,0.8749640120900262,0.9913805087705347,-15.114033649512104
2026-07-08,875926.012090026,131388.9018135039,744537.1102765221,8,983782.5470301032,4755.534,0.00109947379173,-0.0076640217083289,0.0087634955000589,-12.407398790997393,-1.621745296989685,0.8759260120900261,0.9837825470301031,-15.02070375422407
2026-07-09,875112.012090026,131266.8018135039,743845.2102765221,8,1008768.2315500224,4876.313,-0.0009293022341667,0.0253975683908476,-0.0263268706250143,-12.488798790997391,0.8768231550022376,0.8751120120900261,1.0087682315500224,-15.09967520408318
2026-07-10,874816.012090026,131222.4018135039,743593.6102765221,8,989006.6629043986,4780.787,-0.0003382424145831,-0.0195898007367451,0.019251558322162,-12.518398790997399,-1.0993337095601352,0.874816012090026,0.9890066629043986,-15.128392094941049
2026-07-13,875482.0120900259,131322.30181350387,744159.710276522,8,971339.0435273614,4695.383,0.0007613029377557,-0.0178640043992758,0.0186253073370315,-12.451798790997405,-2.8660956472638666,0.875482012090026,0.9713390435273613,-15.063779090510868
2026-07-14,876592.012090026,131488.8018135039,745103.2102765221,8,992257.6422321836,4796.502,0.0012678729941579,0.0215358363737316,-0.0202679633795737,-12.340798790997399,-0.7742357767816399,0.876592012090026,0.9922576422321836,-14.956090749793887
2026-07-15,877702.012090026,131655.3018135039,746046.7102765221,8,990247.0620166735,4786.783,0.0012662675277561,-0.0020262683096974,0.0032925358374535,-12.229798790997393,-0.9752937983326548,0.8777020120900261,0.9902470620166735,-14.848402409076908
2026-07-16,877184.012090026,131577.6018135039,745606.4102765222,8,971970.2072517696,4698.434,-0.0005901775236524,-0.0184568634090995,0.0178666858854471,-12.281598790997394,-2.8029792748230364,0.877184012090026,0.9719702072517696,-14.898656968078164
2026-07-17,877258.012090026,131588.7018135039,745669.3102765221,8,936938.8621427807,4529.095,8.436086269258958e-05,-0.0360415832168761,0.03612594407956869,-12.274198790997392,-6.306113785721934,0.8772580120900261,0.9369388621427807,-14.891477745363698
2026-07-20,881179.9623100263,132176.99434650393,749002.9679635223,8,951259.7208729897,4598.321,0.0044706918215045,0.0152847312763366,-0.0108140394548321,-11.882003768997373,-4.874027912701029,0.8811799623100263,0.9512597208729897,-14.51098377097956
2026-07-21,878466.9623100263,131770.04434650394,746696.9179635224,8,980409.5137536459,4739.229,-0.0030788262512096,0.0306433587389833,-0.0337221849901929,-12.15330376899737,-1.9590486246354066,0.8784669623100263,0.9804095137536459,-14.77418959833555
2026-07-22,880022.9623100264,132003.44434650397,748019.5179635225,8,975861.452632338,4717.244,0.0017712675225809,-0.0046389402158032,0.0064102077383841,-11.997703768997358,-2.4138547367661967,0.8800229623100264,0.975861452632338,-14.623231888285437
2026-07-23,881108.9623100263,132166.34434650393,748942.6179635223,8,978086.9719201722,4728.002,0.0012340587081378,0.0022805689084561,-0.0010465102003183,-11.889103768997366,-2.1913028079827757,0.8811089623100263,0.9780869719201722,-14.517871944124513
2026-07-24,881165.9623100263,132174.89434650395,748991.0679635223,8,961783.460572878,4649.192,6.469120442331722e-05,-0.0166687746747994,0.01673346587922272,-11.883403768997368,-3.8216539427122,0.8811659623100263,0.961783460572878,-14.512342002303916
2026-07-27,881327.9623100263,132199.19434650394,749128.7679635223,8,972796.2435518552,4702.427,0.000183847319267,0.011450376753638,-0.011266529434370998,-11.86720376899737,-2.7203756448144767,0.8813279623100263,0.9727962435518552,-14.496625325550628
2026-07-28,883230.9623100264,132484.64434650395,750746.3179635224,8,945302.45382226,4569.524,0.0021592416006093,-0.02826263969648,0.030421881297089302,-11.67690376899736,-5.469754617774003,0.8832309623100264,0.94530245382226,-14.312002881961067
2026-07-29,884615.9623100264,132692.39434650395,751923.5679635224,8,951661.2576770133,4600.262,0.0015681062588404,0.0067267400280639,-0.0051586337692235,-11.538403768997362,-4.833874232298674,0.8846159623100264,0.9516612576770133,-14.177634997372774
2026-07-30,890851.9623100266,133627.794346504,757224.1679635226,8,941205.5785688427,4549.72,0.0070493867007734,-0.0109867655363976,0.018036152237171,-10.914803768997338,-5.879442143115732,0.8908519623100266,0.9412055785688427,-13.572639958894323
2026-07-31,889217.9623100266,133382.694346504,755835.2679635226,8,949165.3578622042,4588.197,-0.0018341992487315,0.0084570039474956,-0.010291203196227101,-11.07820376899734,-5.0834642137795765,0.8892179623100266,0.9491653578622042,-13.731164957751565
2026-08-03,890212.9623100266,133531.944346504,756681.0179635226,8,939852.2278362707,4543.178,0.0011189607522268,-0.0098119152250873,0.0109308759773141,-10.978703768997333,-6.014777216372935,0.8902129623100267,0.9398522278362706,-13.634633517198955
2026-08-04,886851.9623100267,133027.794346504,753824.1679635227,8,951799.4475714429,4600.93,-0.0037755010792906,0.0127118065812081,-0.0164873076604987,-11.314803768997328,-4.8200552428557035,0.8868519623100267,0.951799447571443,-13.960706051568096
2026-08-05,884218.9623100267,132632.84434650402,751586.1179635227,8,963637.6462372075,4658.155,-0.0029689284253729,0.0124377028122575,-0.015406631237630398,-11.578103768997327,-3.636235376279251,0.8842189623100267,0.9636376462372075,-14.21615055707061
2026-08-06,884631.9623100267,132694.794346504,751937.1679635227,8,962221.6135615037,4651.31,0.0004670788770702,-0.001469465915153,0.0019365447922232,-11.536803768997327,-3.777838643849629,0.8846319623100267,0.9622216135615037,-14.176082733002044
2026-08-07,883335.9623100267,132500.394346504,750835.5679635227,8,971143.3434672866,4694.437,-0.0014650160238567,0.0092720115408346,-0.0107370275646913,-11.666403768997323,-2.885665653271341,0.8833359623100268,0.9711433434672866,-14.301816147028346
2026-08-10,883825.8011500266,132573.870172504,751251.9309775226,8,972713.0813698784,4702.025,0.0005545328854481,0.0016163812614802,-0.0010618483760321,-11.617419884997338,-2.728691863012167,0.8838258011500266,0.9727130813698783,-14.254293685858693
2026-08-11,883606.8011500266,132541.02017250398,751065.7809775226,8,964803.1580114831,4663.789,-0.0002477863847322,-0.0081318155475565,0.0078840291628243,-11.639319884997334,-3.5196841988516803,0.8836068011500267,0.9648031580114832,-14.27554030443258
2026-08-12,883533.8011500266,132530.070172504,751003.7309775226,8,970415.1571972388,4690.917,-8.261593268066303e-05,0.0058167297019655,-0.005899345634646163,-11.646619884997333,-2.958484280276119,0.8835338011500267,0.9704151571972388,-14.282622510623874
2026-08-13,883533.8011500266,132530.070172504,751003.7309775226,8,964836.6711295933,4663.951,0.0,-0.0057485561991399,0.0057485561991399,-11.646619884997333,-3.516332887040674,0.8835338011500267,0.9648366711295933,-14.282622510623874
2026-08-14,882511.8011500267,132376.770172504,750135.0309775227,8,965235.9323515231,4665.881,-0.0011567186209172,0.0004138122377359,-0.0015705308586531,-11.74881988499733,-3.476406764847695,0.8825118011500267,0.965235932351523,-14.381773397302023
2026-08-17,881908.0755700266,132286.211335504,749621.8642345227,8,980796.1558385096,4741.098,-0.0006840991578961,0.016120642596757,-0.0168047417546531,-11.80919244299734,-1.9203844161490458,0.8819080755700266,0.9807961558385095,-14.440344754021487
2026-08-18,880944.0755700266,132141.61133550399,748802.4642345227,8,977634.1310834861,4725.813,-0.0010930844457648,-0.0032239367336427,0.0021308522878779003,-11.905592442997337,-2.236586891651382,0.8809440755700266,0.9776341310834862,-14.533868682355862
2026-08-19,881983.3418500267,132297.501277504,749685.8405725227,8,949268.5865408278,4588.696,0.0011797187912609,-0.0290144785669681,0.030194197358229,-11.801665814997332,-5.07314134591722,0.8819833418500267,0.9492685865408278,-14.433042681224054
2026-08-20,882244.3418500266,132336.651277504,749907.6905725226,8,950107.2419779794,4592.75,0.0002959239564008,0.0008834753925732,-0.0005875514361724,-11.775565814997336,-4.989275802202053,0.8822443418500266,0.9501072419779795,-14.407721368677095
2026-08-21,881722.3418500267,132258.351277504,749463.9905725227,8,955515.88687298,4618.895,-0.0005916728226393,0.005692667791628,-0.0062843406142673005,-11.827765814997326,-4.448411312701994,0.8817223418500267,0.9555158868729801,-14.458363993771014
2026-08-24,883201.3418500269,132480.20127750403,750721.1405725228,8,943979.0993991077,4563.127,0.0016773988020954,-0.012073883472129,0.0137512822742244,-11.679865814997314,-5.6020900600892265,0.8832013418500269,0.9439790993991077,-14.31487655600487
2026-08-25,881983.3418500269,132297.50127750402,749685.8405725228,8,941684.0714218601,4552.033,-0.0013790739917227,-0.0024312275332245,0.0010521535415018,-11.801665814997309,-5.831592857813983,0.8819833418500269,0.9416840714218602,-14.433042681224032
2026-08-26,883114.3418500269,132467.15127750402,750647.1905725228,8,949702.6021074643,4590.794,0.0012823371444041,0.0085150964415241,-0.0072327592971200005,-11.68856581499731,-5.029739789253562,0.8831143418500269,0.9497026021074644,-14.323316993520521
2026-08-27,881896.3418500269,132284.45127750403,749611.8905725228,8,957870.4937268682,4630.277,-0.0013792098511824,0.0086004730336408,-0.0099796828848232,-11.810365814997315,-4.212950627313184,0.8818963418500269,0.9578704937268682,-14.441483118739692
2026-08-28,881287.3418500269,132193.10127750403,749094.2405725229,8,953505.3066574703,4609.176,-0.0006905573490898,-0.0045571787605794,0.0038666214114896,-11.871265814997312,-4.649469334252965,0.8812873418500269,0.9535053066574704,-14.500566181349273
