date,total_equity,cash,holdings_value,num_positions,benchmark_equity,benchmark_close,strategy_return,benchmark_return,excess_return,cum_strategy_return,cum_benchmark_return,nav_strategy,nav_benchmark,drawdown_pct
2021-09-29,1000000.0,1000000.0,0.0,0,1000000.0,4833.928,0.0,0.0,0.0,0.0,0.0,1.0,1.0,0.0
2021-09-30,1009315.7343700001,413672.7343700001,595643.0,8,1006714.0015325011,4866.383,0.009315734370000106,0.006714001532501124,0.0026017328374989823,0.009315734370000106,0.006714001532501124,1.00931573437,1.0067140015325011,0.0
2021-10-08,998477.08076,230929.08076000004,767548.0,8,1019862.3148710531,4929.941,-0.010738615520311301,0.01306062428707322,-0.02379923980738452,-0.0015229192399999203,0.019862314871053055,0.9984770807600001,1.019862314871053,-1.0739
2021-10-11,998081.3175700001,380262.3175700001,617819.0,6,1021155.4661136863,4936.192,-0.0003963668246633745,0.0012679664929051704,-0.0016643333175685449,-0.0019186824299999294,0.02115546611368635,0.9980813175700001,1.0211554661136863,-1.1131
2021-10-12,986582.99193,353122.9919300001,633460.0,6,1010324.7297022216,4883.837,-0.011520429686024625,-0.010606354047816402,-0.0009140756382082227,-0.013417008070000014,0.010324729702221536,0.98658299193,1.0103247297022215,-2.2523
2021-10-13,988681.9590500001,330772.95905000006,657909.0,6,1021965.7802102142,4940.109,0.002127511965206219,0.011522088063135483,-0.009394576097929264,-0.011318040949999886,0.021965780210214225,0.9886819590500001,1.0219657802102142,-2.0443
2021-10-14,982149.9590500001,330772.95905000006,651377.0,6,1016484.316688209,4913.612,-0.00660677575858315,-0.0053636468345130695,-0.0012431289240700805,-0.01785004094999998,0.016484316688208933,0.98214995905,1.016484316688209,-2.6915
2021-10-15,967981.9590500001,330772.95905000006,637209.0,6,1020310.6045435515,4932.108,-0.014425495688768608,0.0037642369808605913,-0.0181897326696292,-0.03201804094999994,0.02031060454355149,0.9679819590500001,1.0203106045435515,-4.0952
2021-10-18,961091.71218,437917.71218000003,523174.0,5,1008450.063799047,4874.775,-0.007118156289567912,-0.011624441313937361,0.00450628502436945,-0.03890828782,0.008450063799047003,0.96109171218,1.008450063799047,-4.7779
2021-10-19,964365.71218,437917.71218000003,526448.0,5,1018369.119275256,4922.723,0.00340654274561758,0.009835941146001614,-0.006429398400384034,-0.03563428782,0.018369119275255974,0.96436571218,1.018369119275256,-4.4535
2021-10-20,961307.71218,437917.71218000003,523390.0,5,1015775.3694304095,4910.185,-0.0031709961909441864,-0.002546964352858949,-0.0006240318380852372,-0.038692287820000004,0.01577536943040947,0.96130771218,1.0157753694304095,-4.7565
2021-10-21,956358.71218,437917.71218000003,518441.0,5,1019464.0880046206,4928.016,-0.005148195460511706,0.0036314314022789507,-0.008779626862790657,-0.043641287819999985,0.019464088004620628,0.95635871218,1.0194640880046206,-5.2468
2021-10-22,957422.71218,437917.71218000003,519505.0,5,1026023.7636969356,4959.725,0.0011125532568994068,0.006434435277807626,-0.00532188202090822,-0.04257728781999992,0.026023763696935598,0.9574227121800001,1.0260237636969356,-5.1414
2021-10-25,951142.71218,437917.71218000003,513225.0,5,1030119.6045948556,4979.524,-0.00655927619024288,0.0039919551991289826,-0.010551231389371862,-0.048857287819999984,0.03011960459485552,0.95114271218,1.0301196045948555,-5.7636
2021-10-26,955149.03498,524168.03498,430981.0,4,1026721.5399153648,4963.098,0.004212115331060584,-0.003298708872575218,0.007510824203635802,-0.04485096501999997,0.026721539915364856,0.95514903498,1.0267215399153649,-5.3667
2021-10-27,948590.03498,524168.03498,424422.0,4,1013288.5719439759,4898.164,-0.006866991181263549,-0.01308336043334224,0.006216369252078691,-0.05140996501999995,0.013288571943975924,0.94859003498,1.013288571943976,-6.0165
2021-10-28,942176.03498,524168.03498,418008.0,4,1006249.5759142463,4864.138,-0.006761614357603141,-0.006946684512808998,0.00018507015520585757,-0.05782396501999998,0.0062495759142462415,0.94217603498,1.0062495759142462,-6.652
2021-10-29,954375.01055,605973.01055,348402.0,3,1015482.6468246942,4908.77,0.012947660646302595,0.00917572651104881,0.003771934135253785,-0.04562498945000004,0.015482646824694246,0.95437501055,1.0154826468246942,-5.4434
2021-11-01,961938.01055,605973.01055,355965.0,3,1011741.3829912238,4890.685,0.007924557869177118,-0.003684222320459063,0.01160878018963618,-0.038061989449999944,0.011741382991223848,0.96193801055,1.0117413829912238,-4.694
2021-11-02,964691.01055,605973.01055,358718.0,3,1001224.2631665181,4839.846,0.0028619307791215576,-0.010395067357640175,0.013256998136761733,-0.03530898944999994,0.0012242631665180248,0.9646910105500001,1.001224263166518,-4.4213
2021-11-03,966058.01055,605973.01055,360085.0,3,997348.7399895076,4821.112,0.001417034039967513,-0.0038707843183439783,0.005287818358311491,-0.03394198945000004,-0.002651260010492429,0.96605801055,0.9973487399895076,-4.2858
2021-11-04,971024.3035400002,246899.30354000017,724125.0,10,1007202.0104560928,4868.742,0.0051407813358670396,0.009879463493069451,-0.004738682157202412,-0.028975696459999756,0.007202010456092811,0.9710243035400002,1.0072020104560928,-3.7938
2021-11-05,957321.0688500002,184126.06885000016,773195.0,9,1001741.4409151315,4842.346,-0.014112143887689554,-0.005421523670796291,-0.008690620216893263,-0.04267893114999988,0.0017414409151315091,0.9573210688500001,1.0017414409151315,-5.1515
2021-11-08,964261.8011300002,239106.80113000015,725155.0,8,1002948.3269092962,4848.18,0.007250161420073731,0.0012047879271743778,0.006045373492899353,-0.03573819886999985,0.0029483269092962505,0.9642618011300002,1.0029483269092963,-4.4638
2021-11-09,964259.0488900002,241650.04889000015,722609.0,8,1002651.2600104924,4846.744,-2.8542455966507063e-06,-0.0002961936231742346,0.0002933393775775839,-0.03574095110999975,0.002651260010492429,0.9642590488900002,1.0026512600104924,-4.4641
2021-11-10,969082.1552500002,257211.15525000016,711871.0,8,997365.4965485627,4821.193,0.00500187824584275,-0.0052717865849731815,0.010273664830815932,-0.030917844749999812,-0.002634503451437342,0.9690821552500002,0.9973654965485627,-3.9862
2021-11-11,993108.7236700002,272319.72367000015,720789.0,8,1013389.731911605,4898.653,0.024793118199356146,0.016066562778134008,0.008726555421222137,-0.0068912763299997515,0.013389731911604974,0.9931087236700002,1.013389731911605,-1.6057
2021-11-12,981394.5926300001,281257.59263000014,700137.0,8,1011263.5107515049,4888.375,-0.011795416514629897,-0.002098127791456239,-0.009697288723173658,-0.018605407369999938,0.01126351075150489,0.9813945926300001,1.011263510751505,-2.7663
2021-11-15,974066.2675300001,480232.2675300001,493834.0,6,1010022.9047681306,4882.378,-0.007467256448154158,-0.001226788043061422,-0.006240468405092736,-0.02593373246999997,0.010022904768130614,0.97406626753,1.0100229047681306,-3.4924
2021-11-16,972523.2081700001,560098.2081700001,412425.0,5,1010217.9842149077,4883.321,-0.0015841420768145653,0.00019314358699795697,-0.0017772856638125223,-0.027476791829999847,0.010217984214907716,0.9725232081700002,1.0102179842149077,-3.6453
2021-11-17,982874.8236300001,560469.8236300001,422405.0,4,1010721.3015998584,4885.754,0.010644080648192,0.0004982265142923215,0.010145854133899679,-0.017125176369999884,0.010721301599858402,0.9828748236300001,1.0107213015998584,-2.6197
2021-11-18,986237.8236300001,560469.8236300001,425768.0,4,1000763.561228053,4837.619,0.0034215954251219927,-0.009852112898029897,0.01327370832315189,-0.013762176369999879,0.0007635612280529891,0.9862378236300001,1.000763561228053,-2.2865
2021-11-19,985950.8236300001,560469.8236300001,425481.0,4,1011611.6748118715,4890.058,-0.0002910048602107196,0.010839836704792383,-0.011130841565003102,-0.014049176369999916,0.01161167481187153,0.9859508236300001,1.0116116748118715,-2.3149
2021-11-22,988064.8236300001,560469.8236300001,427595.0,4,1016233.3820445817,4912.399,0.0021441231644969694,0.004568657467866499,-0.00242453430336953,-0.011935176369999856,0.01623338204458169,0.9880648236300001,1.0162333820445817,-2.1055
2021-11-23,990840.8236300001,560469.8236300001,430371.0,4,1016429.2889757563,4913.346,0.002809532263077008,0.00019277750036161834,0.0026167547627153898,-0.009159176369999855,0.01642928897575624,0.9908408236300001,1.0164292889757562,-1.8304
2021-11-24,990938.4037900001,669323.4037900001,321615.0,4,1017114.4460571198,4916.658,9.848217561581052e-05,0.0006740823870334811,-0.0005756002114176706,-0.009061596209999911,0.01711444605711976,0.9909384037900001,1.0171144460571198,-1.8208
2021-11-25,989145.2451300002,688082.2451300002,301063.0,3,1012932.3399107311,4896.442,-0.0018095561269416693,-0.00411173606136539,0.0023021799344237204,-0.010854754869999872,0.012932339910731061,0.9891452451300001,1.012932339910731,-1.9984
2021-11-26,984223.2451300002,688082.2451300002,296141.0,3,1005419.8159343706,4860.127,-0.004976013405749269,-0.007416609856708223,0.002440596450958954,-0.015776754869999854,0.005419815934370575,0.9842232451300001,1.0054198159343706,-2.4861
2021-11-29,980172.3360900001,798893.3360900001,181279.0,2,1003619.2098847976,4851.423,-0.004115843697092281,-0.0017908997028267537,-0.002324943994265527,-0.019827663909999904,0.0036192098847975807,0.9801723360900001,1.0036192098847976,-2.8874
2021-11-30,980707.3360900001,798893.3360900001,181814.0,2,999606.5311688548,4832.026,0.0005458223827599085,-0.0039982083607221774,0.004544030743482086,-0.01929266390999984,-0.00039346883114521614,0.9807073360900002,0.9996065311688548,-2.8344
2021-12-01,983200.3360900001,798893.3360900001,184307.0,2,1002052.7819197968,4843.851,0.0025420427769402565,0.0024472136532376343,9.48291237026222e-05,-0.016799663909999873,0.0020527819197968533,0.9832003360900001,1.0020527819197969,-2.5874
2021-12-02,975986.5770000003,351603.5770000003,624383.0,9,1004599.7788961689,4856.163,-0.007337018535497619,0.0025417792578674714,-0.00987879779336509,-0.024013422999999756,0.004599778896168916,0.9759865770000002,1.004599778896169,-3.3022
2021-12-03,986379.1707000002,391243.17070000025,595136.0,8,1013878.9820617933,4901.018,0.010648295729583479,0.009236716312858606,0.001411579416724873,-0.013620829299999748,0.013878982061793277,0.9863791707000003,1.0138789820617933,-2.2725
2021-12-06,976125.1707000002,391243.17070000025,584882.0,8,1012141.8854397502,4892.621,-0.010395596647405969,-0.0017133175189317784,-0.00868227912847419,-0.023874829299999734,0.012141885439750144,0.9761251707000003,1.0121418854397501,-3.2884
2021-12-07,975734.1707000002,391243.17070000025,584491.0,8,1018240.6523225005,4922.102,-0.0004005633823781496,0.006025604681008323,-0.006426168063386473,-0.024265829299999764,0.018240652322500495,0.9757341707000002,1.0182406523225005,-3.3272
2021-12-08,983999.1707000002,391243.17070000025,592756.0,8,1033513.531852357,4995.93,0.008470544794050516,0.014999282826727356,-0.00652873803267684,-0.016000829299999797,0.03351353185235695,0.9839991707000002,1.033513531852357,-2.5083
2021-12-09,995857.1707000002,391243.17070000025,604614.0,8,1050634.1840424598,5078.69,0.012050823164377666,0.016565484304223554,-0.004514661139845888,-0.004142829299999762,0.050634184042459784,0.9958571707000002,1.0506341840424598,-1.3334
2021-12-10,997499.1707000002,391243.17070000025,606256.0,8,1045757.611615233,5055.117,0.0016488308246511707,-0.0046415512661729386,0.006290382090824109,-0.0025008292999997295,0.04575761161523295,0.9974991707000003,1.045757611615233,-1.1707
2021-12-13,1004797.1707000002,391243.17070000025,613554.0,8,1051691.5022317255,5083.801,0.007316296809428469,0.005674250467397668,0.0016420463420308007,0.004797170700000297,0.05169150223172547,1.0047971707000003,1.0516915022317255,-0.4477
2021-12-14,1003793.1707000002,391243.17070000025,612550.0,8,1044635.95651404,5049.695,-0.0009992066352063622,-0.006708759843274792,0.00570955320806843,0.0037931707000002923,0.044635956514039954,1.0037931707000003,1.04463595651404,-0.5472
2021-12-15,996171.0517000002,440880.05170000024,555291.0,7,1035575.8298427284,5005.899,-0.007593316255264715,-0.008672999062319553,0.001079682807054838,-0.0038289482999998015,0.035575829842728446,0.9961710517000002,1.0355758298427284,-1.3023
2021-12-16,998942.6677000002,559928.6677000002,439014.0,6,1041540.5442530381,5034.732,0.002782269164788742,0.005759804582553318,-0.0029775354177645763,-0.0010573322999998247,0.0415405442530381,0.9989426677000002,1.041540544253038,-1.0277
2021-12-17,989663.6677000002,559928.6677000002,429735.0,6,1024996.648688189,4954.76,-0.009288821370864397,-0.015884062945157762,0.0065952415742933646,-0.010336332299999751,0.02499664868818896,0.9896636677000002,1.024996648688189,-1.9471
2021-12-20,980670.0249400003,605259.0249400003,375411.0,5,1009617.4374132176,4880.418,-0.009087574954531163,-0.015004157618128788,0.005916582663597625,-0.019329975059999782,0.009617437413217633,0.9806700249400002,1.0096174374132176,-2.8381
2021-12-21,983251.7556300003,777692.7556300003,205559.0,3,1016458.0440585794,4913.485,0.0026326191525614107,0.006775444234489836,-0.004142825081928425,-0.016748244369999776,0.016458044058579313,0.9832517556300002,1.0164580440585793,-2.5823
2021-12-22,982364.7556300003,777692.7556300003,204672.0,3,1016658.5021539418,4914.454,-0.0009021087375853387,0.00019721236556113908,-0.0010993211031464778,-0.017635244369999747,0.016658502153941823,0.9823647556300003,1.0166585021539418,-2.6702
2021-12-23,981904.7556300003,777692.7556300003,204212.0,3,1023751.077798428,4948.739,-0.0004682578414623162,0.006976359937441723,-0.007444617778904039,-0.018095244369999763,0.023751077798428,0.9819047556300002,1.023751077798428,-2.7158
2021-12-24,979038.7556300003,777692.7556300003,201346.0,3,1018084.0509002203,4921.345,-0.002918816701484639,-0.005535551581928089,0.00261673488044345,-0.020961244369999688,0.01808405090022025,0.9790387556300003,1.0180840509002202,-2.9998
2021-12-27,979605.6162800003,815549.6162800003,164056.0,2,1017665.9644082411,4919.324,0.0005789971507668135,-0.0004106600939377536,0.000989657244704567,-0.020394383719999687,0.017665964408241086,0.9796056162800003,1.017665964408241,-2.9436
2021-12-28,980485.6162800003,815549.6162800003,164936.0,2,1025245.7214919212,4955.964,0.0008983206969981339,0.007448177839068926,-0.006549857142070792,-0.019514383719999695,0.02524572149192128,0.9804856162800003,1.0252457214919213,-2.8564
2021-12-29,980004.6162800003,815549.6162800003,164455.0,2,1010250.8767197194,4883.48,-0.0004905732343376545,-0.01462561067836654,0.014135037444028886,-0.01999538371999965,0.01025087671971936,0.9800046162800004,1.0102508767197194,-2.9041
2021-12-30,985430.6916000003,527453.6916000003,457977.0,8,1018118.3915027283,4921.511,0.005536785470048988,0.007787684192420263,-0.002250898722371275,-0.014569308399999703,0.018118391502728315,0.9854306916000003,1.0181183915027283,-2.3665
2021-12-31,985213.4153200003,485678.41532000026,499535.0,8,1022020.3941804677,4940.373,-0.00022048864709822702,0.0038325628043907045,-0.0040530514514889315,-0.014786584679999715,0.02202039418046775,0.9852134153200003,1.0220203941804678,-2.388
2022-01-04,984513.4153200003,485678.41532000026,498835.0,8,1017343.4523642057,4917.765,-0.0007105059564912475,-0.004576172689794822,0.0038656667333035744,-0.015486584679999749,0.017343452364205758,0.9845134153200003,1.0173434523642058,-2.4573
2022-01-05,977830.3927000002,580064.3927000002,397766.0,6,1007073.3366322378,4868.12,-0.006788147846444326,-0.010095033007880727,0.0033068851614364014,-0.02216960729999984,0.007073336632237748,0.9778303927000002,1.0070733366322377,-3.1195
2022-01-06,974956.6041200001,616072.6041200001,358884.0,5,996752.9512231047,4818.232,-0.0029389438101478094,-0.010247898572754877,0.007308954762607067,-0.02504339587999982,-0.0032470487768953005,0.9749566041200002,0.9967529512231047,-3.4042
2022-01-07,972857.8884600002,660673.8884600002,312184.0,4,997608.7769615104,4822.369,-0.002152624692351557,0.0008586136989667814,-0.0030112383913183383,-0.02714211153999979,-0.0023912230384895983,0.9728578884600002,0.9976087769615104,-3.6121
2022-01-10,973978.8884600002,660673.8884600002,313305.0,4,1002092.9149130892,4844.045,0.0011522751815011834,0.004494886227080386,-0.0033426110455792024,-0.026021111539999864,0.002092914913089272,0.9739788884600001,1.0020929149130893,-3.5011
2022-01-11,972013.8884600002,660673.8884600002,311340.0,4,992520.7822706504,4797.774,-0.002017497528213341,-0.009552140824455435,0.007534643296242094,-0.02798611153999986,-0.007479217729349674,0.9720138884600001,0.9925207822706503,-3.6958
2022-01-12,975492.8884600002,660673.8884600002,314819.0,4,1002410.2551796385,4845.579,0.0035791669659288594,0.009963995803053516,-0.006384828837124656,-0.02450711153999985,0.002410255179638554,0.9754928884600002,1.0024102551796386,-3.3511
2022-01-13,968228.8884600002,660673.8884600002,307555.0,4,985930.9033978165,4765.919,-0.007446492010277583,-0.016439727842637475,0.008993235832359892,-0.031771111539999786,-0.014069096602183584,0.9682288884600002,0.9859309033978164,-4.0708
2022-01-14,963866.3253500002,764135.3253500002,199731.0,3,977824.2456238488,4726.732,-0.004505714673457839,-0.008222338650740846,0.0037166239772830068,-0.036133674649999836,-0.02217575437615127,0.9638663253500002,0.9778242456238487,-4.503
2022-01-17,964443.3253500002,764135.3253500002,200308.0,3,986211.6274797638,4767.276,0.0005986307279595149,0.008577596529695253,-0.007978965801735738,-0.03555667464999979,-0.013788372520236236,0.9644433253500002,0.9862116274797638,-4.4458
2022-01-18,966131.3253500002,764135.3253500002,201996.0,3,995742.3859023137,4813.347,0.0017502324456311058,0.00966400938397527,-0.007913776938344164,-0.033868674649999875,-0.004257614097686213,0.9661313253500001,0.9957423859023138,-4.2786
2022-01-19,964595.3253500002,764135.3253500002,200460.0,3,988922.0526246977,4780.378,-0.0015898459761084505,-0.006849495787442761,0.00525964981133431,-0.03540467464999986,-0.011077947375302322,0.9645953253500001,0.9889220526246977,-4.4308
2022-01-20,963234.3253500002,764135.3253500002,199099.0,3,997844.6100148782,4823.509,-0.0014109543807981906,0.009022508261899098,-0.010433462642697289,-0.0367656746499998,-0.0021553899851217695,0.9632343253500002,0.9978446100148782,-4.5656
2022-01-21,961517.9055900002,804571.9055900002,156946.0,2,988701.9417748878,4779.314,-0.0017819337567483995,-0.009162416821446806,0.0073804830646984065,-0.038482094409999834,-0.011298058225112206,0.9615179055900002,0.9887019417748878,-4.7357
2022-01-24,961573.9055900002,804571.9055900002,157002.0,2,990237.7528171707,4786.738,5.8241245092238714e-05,0.0015533610053661828,-0.0014951197602739441,-0.03842609440999978,-0.009762247182829253,0.9615739055900002,0.9902377528171707,-4.7301
2022-01-25,957263.9055900002,804571.9055900002,152692.0,2,967836.3020715244,4678.451,-0.00448223477669718,-0.022622295183066243,0.018140060406369063,-0.042736094409999814,-0.03216369792847551,0.9572639055900002,0.9678363020715245,-5.1571
2022-01-26,958200.1157500002,844513.1157500002,113687.0,1,974840.9574987463,4712.311,0.000978006330890624,0.007237438203371083,-0.006259431872480459,-0.04179988424999981,-0.02515904250125367,0.9582001157500002,0.9748409574987463,-5.0644
2022-01-27,954922.1157500002,844513.1157500002,110409.0,1,955719.0342926085,4619.877,-0.0034209972907739417,-0.019615428608171115,0.016194431317397173,-0.04507788424999981,-0.044280965707391484,0.9549221157500002,0.9557190342926085,-5.3892
2022-01-28,950350.8097600003,185877.80976000035,764473.0,9,944112.5312582231,4563.772,-0.00478709825084489,-0.012144262715219623,0.0073571644643747325,-0.049649190239999696,-0.05588746874177686,0.9503508097600003,0.9441125312582231,-5.8421
2022-02-07,968583.4444800003,73383.44448000033,895200.0,9,958659.2932290263,4634.09,0.019185162502891373,0.015407868754179654,0.0037772937487117186,-0.03141655551999967,-0.04134070677097379,0.9685834444800003,0.9586592932290262,-4.0356
2022-02-08,984809.7025800003,48406.702580000325,936403.0,9,953421.9376043666,4608.773,0.016752566020485027,-0.005463208526377383,0.02221577454686241,-0.015190297419999776,-0.046578062395633446,0.9848097025800002,0.9534219376043666,-2.428
2022-02-09,993291.7025800003,48406.702580000325,944885.0,9,962376.9737571598,4652.061,0.008612831471683124,0.009392521610415372,-0.0007796901387322475,-0.006708297419999676,-0.037623026242840196,0.9932917025800003,0.9623769737571598,-1.5876
2022-02-10,999525.7025800003,48406.702580000325,951119.0,9,959853.5600861247,4639.863,0.006276101958576419,-0.002622063640180028,0.008898165598756447,-0.0004742974199997141,-0.04014643991387534,0.9995257025800003,0.9598535600861247,-0.97
2022-02-11,989707.7025800003,48406.702580000325,941301.0,9,951895.6426326582,4601.395,-0.009822658861755706,-0.008290762033275612,-0.001531896828480095,-0.010292297419999707,-0.048104357367341755,0.9897077025800003,0.9518956426326582,-1.9427
2022-02-14,985057.7025800003,48406.702580000325,936651.0,9,941612.7008925247,4551.688,-0.004698356886460808,-0.010802593561300533,0.006104236674839725,-0.01494229741999975,-0.05838729910747531,0.9850577025800002,0.9416127008925247,-2.4034
2022-02-15,989247.7025800003,48406.702580000325,940841.0,9,951628.3651721748,4600.103,0.004253557927648144,0.01063671323693538,-0.006383155309287236,-0.010752297419999723,-0.04837163482782525,0.9892477025800003,0.9516283651721748,-1.9883
2022-02-16,990484.7025800003,48406.702580000325,942078.0,9,955328.4616568554,4617.989,0.001250445158248903,0.0038881738082818806,-0.0026377286500329777,-0.00951529741999968,-0.044671538343144634,0.9904847025800003,0.9553284616568554,-1.8657
2022-02-17,994692.7025800003,48406.702580000325,946286.0,9,957640.4530642575,4629.165,0.004248425027705283,0.002420101043982603,0.0018283239837226795,-0.00530729741999969,-0.04235954693574251,0.9946927025800003,0.9576404530642575,-1.4488
2022-02-18,997204.7025800003,48406.702580000325,948798.0,9,962206.3051001173,4651.236,0.002525403065172238,0.004767814497862899,-0.002242411432690661,-0.0027952974199997316,-0.0377936948998826,0.9972047025800003,0.9622063051001174,-1.1999
2022-02-21,1002551.7025800003,48406.702580000325,954145.0,9,958705.632355302,4634.314,0.0053619883522069145,-0.0036381727351610937,0.009000161087368008,0.00255170258000037,-0.04129436764469796,1.0025517025800004,0.958705632355302,-0.6702
2022-02-22,1001854.7025800003,48406.702580000325,953448.0,9,946260.0601415661,4574.153,-0.0006952259900475655,-0.012981640864214161,0.012286414874166596,0.0018547025800002004,-0.05373993985843395,1.0018547025800002,0.946260060141566,-0.7392
2022-02-23,1009466.7025800003,48406.702580000325,961060.0,9,956374.8156778503,4623.047,0.007597908140169807,0.010689192075560072,-0.0030912839353902655,0.009466702580000375,-0.04362518432214968,1.0094667025800004,0.9563748156778503,0.0
2022-02-24,1000611.7025800003,48406.702580000325,952205.0,9,936985.2012690302,4529.319,-0.00877195847804424,-0.0202740746524962,0.01150211617445196,0.0006117025800003173,-0.06301479873096982,1.0006117025800003,0.9369852012690302,-0.8772
2022-02-25,998861.0178000003,150391.01780000032,848470.0,8,946109.4579811698,4573.425,-0.0017496145362742022,0.009737887748688001,-0.011487502284962203,-0.0011389821999997496,-0.053890542018830145,0.9988610178000003,0.9461094579811699,-1.0506
2022-02-28,996329.0379200004,371354.0379200004,624975.0,6,947810.1452897105,4581.646,-0.002534867048447409,0.0017975587224015044,-0.004332425770848913,-0.003670962079999618,-0.052189854710289474,0.9963290379200004,0.9478101452897105,-1.3014
2022-03-01,998106.1178000004,420048.11780000036,578058.0,6,955679.5219126143,4619.686,0.0017836275089502251,0.00830269296231112,-0.006519065453360895,-0.0018938821999996414,-0.044320478087385595,0.9981061178000004,0.9556795219126144,-1.1254
2022-03-02,999863.0554000004,453126.05540000036,546737.0,6,947180.2227918992,4578.601,0.00176027134657053,-0.00889346159024662,0.01065373293681715,-0.00013694459999957775,-0.05281977720810083,0.9998630554000004,0.9471802227918992,-0.9514
2022-03-03,996537.8312800004,469010.8312800004,527527.0,5,941600.2886265579,4551.628,-0.003325679553856209,-0.005891100796946547,0.002565421243090338,-0.003462168719999603,-0.05839971137344213,0.9965378312800004,0.9416002886265579,-1.2808
2022-03-04,991762.8625000005,87624.86250000045,904138.0,11,930181.4176793698,4496.43,-0.004791557962096293,-0.012127089472162345,0.007335531510066051,-0.008237137499999436,-0.06981858232063021,0.9917628625000006,0.9301814176793698,-1.7538
2022-03-07,973352.3062100004,148744.30621000045,824608.0,10,900463.9705018363,4352.778,-0.018563466112848204,-0.03194801208959108,0.013384545976742879,-0.026647693789999538,-0.09953602949816376,0.9733523062100005,0.9004639705018362,-3.5776
2022-03-08,953502.8754600005,241796.87546000042,711706.0,8,882386.1257345992,4265.391,-0.020392853259154298,-0.020076144476010693,-0.0003167087831436044,-0.046497124539999546,-0.11761387426540082,0.9535028754600005,0.8823861257345992,-5.5439
2022-03-09,942296.6067100004,334803.60671000043,607493.0,7,874308.8436567527,4226.346,-0.011752737236994437,-0.009153908750686668,-0.0025988284863077693,-0.057703393289999516,-0.12569115634324723,0.9422966067100005,0.8743088436567528,-6.654
2022-03-10,951290.7521300004,486464.7521300004,464826.0,6,888063.9099299784,4292.837,0.009544919673862395,0.015732502734040477,-0.006187583060178081,-0.04870924786999964,-0.11193609007002159,0.9512907521300004,0.8880639099299784,-5.763
2022-03-11,946319.2728500004,593792.2728500004,352527.0,4,890894.9409258888,4306.522,-0.0052260355405205905,0.0031878685354229663,-0.008413904075943557,-0.05368072714999961,-0.10910505907411117,0.9463192728500004,0.8908949409258888,-6.2555
2022-03-14,937403.2728500004,593792.2728500004,343611.0,4,863636.7773785625,4174.758,-0.009421767320819674,-0.03059638381041596,0.021174616489596287,-0.06259672714999953,-0.13636322262143752,0.9374032728500005,0.8636367773785625,-7.1388
2022-03-15,918828.1805900005,670932.1805900005,247896.0,3,824135.5684238573,3983.812,-0.019815476218176475,-0.045738220035748234,0.02592274381757176,-0.08117181940999951,-0.17586443157614262,0.9188281805900005,0.8241355684238574,-8.9789
2022-03-16,923508.4894700005,876726.4894700005,46782.0,1,859773.0458542204,4156.081,0.005093780294151085,0.04324225139138105,-0.03814847109722996,-0.07649151052999947,-0.14022695414577957,0.9235084894700005,0.8597730458542204,-8.5152
2022-03-17,923505.5131700005,907377.5131700005,16128.0,1,876656.8306354585,4237.696,-3.2228182349491874e-06,0.019637490222158993,-0.019640713040393942,-0.07649448682999949,-0.12334316936454148,0.9235055131700005,0.8766568306354585,-8.5155
2022-03-18,923436.1115700005,923436.1115700005,0.0,0,882491.8368664159,4265.902,-7.515017399495338e-05,0.006655975322439334,-0.006731125496434287,-0.0765638884299995,-0.11750816313358403,0.9234361115700005,0.882491836866416,-8.5224
2022-03-21,923436.1115700005,923436.1115700005,0.0,0,881011.4672787845,4258.746,0.0,-0.0016774881373271544,0.0016774881373271544,-0.0765638884299995,-0.11898853272121546,0.9234361115700005,0.8810114672787845,-8.5224
2022-03-22,923436.1115700005,923436.1115700005,0.0,0,880297.5551145984,4255.295,0.0,-0.0008103324311897753,0.0008103324311897753,-0.0765638884299995,-0.1197024448854016,0.9234361115700005,0.8802975551145984,-8.5224
2022-03-23,923436.1115700005,923436.1115700005,0.0,0,884687.773587029,4276.517,0.0,0.004987198302350171,-0.004987198302350171,-0.0765638884299995,-0.11531222641297101,0.9234361115700005,0.884687773587029,-8.5224
2022-03-24,923436.1115700005,923436.1115700005,0.0,0,879472.3462989104,4251.306,0.0,-0.005895218001004121,0.005895218001004121,-0.0765638884299995,-0.12052765370108953,0.9234361115700005,0.8794723462989105,-8.5224
2022-03-25,923436.1115700005,923436.1115700005,0.0,0,863598.7130962644,4174.574,0.0,-0.018049041870898064,0.018049041870898064,-0.0765638884299995,-0.13640128690373565,0.9234361115700005,0.8635987130962643,-8.5224
2022-03-28,923436.1115700005,923436.1115700005,0.0,0,858197.7224319436,4148.466,0.0,-0.006254051311582631,0.006254051311582631,-0.0765638884299995,-0.1418022775680564,0.9234361115700005,0.8581977224319436,-8.5224
2022-03-29,923436.1115700005,923436.1115700005,0.0,0,855234.9145456863,4134.144,0.0,-0.0034523604628795557,0.0034523604628795557,-0.0765638884299995,-0.14476508545431366,0.9234361115700005,0.8552349145456863,-8.5224
2022-03-30,923436.1115700005,923436.1115700005,0.0,0,880050.1372796616,4254.099,0.0,0.02901568015047351,-0.02901568015047351,-0.0765638884299995,-0.11994986272033836,0.9234361115700005,0.8800501372796616,-8.5224
2022-03-31,923436.1115700005,923436.1115700005,0.0,0,873533.2839049319,4222.597,0.0,-0.007405093299427401,0.007405093299427401,-0.0765638884299995,-0.1264667160950681,0.9234361115700005,0.8735332839049319,-8.5224
2022-04-01,931529.8229500006,436197.8229500007,495332.0,8,884613.5068623282,4276.158,0.008764776770793015,0.012684374094899642,-0.003919597324106627,-0.06847017704999936,-0.1153864931376718,0.9315298229500006,0.8846135068623282,-7.7206
2022-04-06,919530.6111000007,273597.6111000007,645933.0,8,882065.475530459,4263.841,-0.012881189151841,-0.002880389358859037,-0.010000799792981963,-0.08046938889999933,-0.117934524469541,0.9195306111000007,0.882065475530459,-8.9093
2022-04-07,912868.9742400007,241743.9742400007,671125.0,8,870741.1446757173,4209.1,-0.007244605866933429,-0.012838424322107578,0.005593818455174149,-0.08713102575999931,-0.1292588553242826,0.9128689742400007,0.8707411446757174,-9.5692
2022-04-08,908484.9742400007,241743.9742400007,666741.0,8,875223.420787401,4230.767,-0.004802441668750768,0.005147656268560619,-0.009950097937311386,-0.09151502575999926,-0.12477657921259899,0.9084849742400007,0.875223420787401,-10.0035
2022-04-11,883552.4240900007,347554.4240900007,535998.0,7,848185.988703183,4100.07,-0.027444097433595438,-0.030892034470345386,0.0034479370367499484,-0.11644757590999932,-0.15181401129681693,0.8835524240900007,0.8481859887031831,-12.4733
2022-04-12,887425.4958100007,683291.4958100007,204134.0,5,864715.6101621704,4179.973,0.004383522261272699,0.019488203859933995,-0.015104681598661296,-0.11257450418999926,-0.13528438983782964,0.8874254958100007,0.8647156101621704,-12.0897
2022-04-13,883919.7872300007,715304.7872300007,168615.0,4,856391.9446048846,4139.737,-0.003950425806506841,-0.009625899497436752,0.005675473690929911,-0.11608021276999925,-0.14360805539511545,0.8839197872300008,0.8563919446048845,-12.437
2022-04-14,889553.7872300007,715304.7872300007,174249.0,4,867114.2805602401,4191.568,0.006373881523408009,0.012520360592955582,-0.006146479069547572,-0.11044621276999933,-0.1328857194397598,0.8895537872300007,0.8671142805602402,-11.8788
2022-04-15,890605.7872300007,715304.7872300007,175301.0,4,866530.6971887046,4188.747,0.001182615391111863,-0.000673017830081668,0.0018556332211935311,-0.10939421276999928,-0.13346930281129543,0.8906057872300007,0.8665306971887046,-11.7746
2022-04-18,894572.7872300007,715304.7872300007,179268.0,4,861904.4387918066,4166.384,0.004454271527179587,-0.005338828055263423,0.00979309958244301,-0.10542721276999933,-0.13809556120819344,0.8945727872300007,0.8619044387918066,-11.3816
2022-04-19,894860.7872300007,715304.7872300007,179556.0,4,855391.722839066,4134.902,0.0003219413826478501,-0.007556192612106716,0.007878133994754566,-0.10513921276999927,-0.14460827716093405,0.8948607872300007,0.855391722839066,-11.3531
2022-04-20,896029.7872300007,715304.7872300007,180725.0,4,842128.5960403217,4070.789,0.0013063484473585518,-0.015505325156436545,0.016811673603795096,-0.10397021276999929,-0.15787140395967825,0.8960297872300007,0.8421285960403218,-11.2373
2022-04-21,893640.7872300007,715304.7872300007,178336.0,4,826621.7452969924,3995.83,-0.0026662060057014436,-0.01841387504977554,0.015747669044074097,-0.10635921276999927,-0.1733782547030076,0.8936407872300007,0.8266217452969924,-11.474
2022-04-22,894306.1721300007,750390.1721300007,143916.0,3,830225.4398493316,4013.25,0.0007445775858803128,0.004359544825480732,-0.0036149672396004195,-0.10569382786999937,-0.16977456015066839,0.8943061721300006,0.8302254398493316,-11.4081
2022-04-25,890384.9997900006,800068.9997900006,90316.0,2,789195.2465986254,3814.913,-0.004384597201941287,-0.049420544446520775,0.04503594724457949,-0.10961500020999937,-0.2108047534013746,0.8903849997900006,0.7891952465986254,-11.7965
2022-04-26,891111.2291300006,891111.2291300006,0.0,0,782825.0648334025,3784.12,0.0008156351917105731,-0.008071743706868362,0.008887378898578935,-0.10888877086999937,-0.21717493516659747,0.8911112291300006,0.7828250648334025,-11.7246
2022-04-27,891111.2291300006,891111.2291300006,0.0,0,805873.8152492135,3895.536,0.0,0.02944304091836414,-0.02944304091836414,-0.10888877086999937,-0.19412618475078647,0.8911112291300006,0.8058738152492135,-11.7246
2022-04-28,891111.2291300006,891111.2291300006,0.0,0,811163.7161331323,3921.107,0.0,0.0065641801282287915,-0.0065641801282287915,-0.10888877086999937,-0.18883628386686768,0.8911112291300006,0.8111637161331323,-11.7246
2022-04-29,891111.2291300006,891111.2291300006,0.0,0,830844.1913077729,4016.241,0.0,0.02426202600439109,-0.02426202600439109,-0.10888877086999937,-0.16915580869222713,0.8911112291300006,0.8308441913077729,-11.7246
2022-05-05,891111.2291300006,891111.2291300006,0.0,0,829596.5517070176,4010.21,0.0,-0.0015016529137569234,0.0015016529137569234,-0.10888877086999937,-0.17040344829298237,0.8911112291300006,0.8295965517070176,-11.7246
2022-05-06,890090.9330900006,655295.9330900006,234795.0,8,808620.8565787493,3908.815,-0.0011449704668137217,-0.025284212048745536,0.024139241581931814,-0.10990906690999935,-0.19137914342125073,0.8900909330900006,0.8086208565787493,-11.8256
2022-05-09,891664.9330900006,655295.9330900006,236369.0,8,802129.4483492514,3877.436,0.0017683586490828684,-0.00802775265649569,0.009796111305578559,-0.10833506690999939,-0.19787055165074863,0.8916649330900006,0.8021294483492514,-11.6697
2022-05-10,895561.9330900006,655295.9330900006,240266.0,8,810907.4028409194,3919.868,0.004370475786790395,0.010943314086937939,-0.006572838300147543,-0.10443806690999935,-0.18909259715908056,0.8955619330900007,0.8109074028409194,-11.2837
2022-05-11,898341.9330900006,655295.9330900006,243046.0,8,822606.9978700551,3976.423,0.0031041962563191916,0.014427781751834567,-0.011323585495515376,-0.10165806690999935,-0.1773930021299449,0.8983419330900007,0.8226069978700551,-11.0083
2022-05-12,897176.3406100007,683508.3406100007,213668.0,7,818948.8962185618,3958.74,-0.0012974931226806818,-0.004446961502838076,0.003149468380157394,-0.10282365938999938,-0.18105110378143818,0.8971763406100006,0.8189488962185618,-11.1237
2022-05-13,898277.4676500007,708772.4676500007,189505.0,6,825126.067248002,3988.6,0.0012273250978189765,0.007542804023502381,-0.006315478925683404,-0.10172253234999928,-0.17487393275199792,0.8982774676500007,0.8251260672480021,-11.0147
2022-05-16,898596.2766100008,739837.2766100008,158759.0,5,818493.366057583,3956.538,0.0003549114516188112,-0.008038409466980867,0.008393320918599678,-0.10140372338999926,-0.18150663394241695,0.8985962766100007,0.818493366057583,-10.9831
2022-05-17,898865.2766100008,739837.2766100008,159028.0,5,828703.4891707117,4005.893,0.00029935579191886497,0.012474289391382065,-0.0121749335994632,-0.10113472338999929,-0.17129651082928832,0.8988652766100007,0.8287034891707117,-10.9564
2022-05-18,898865.2766100008,739837.2766100008,159028.0,5,825810.1899738681,3991.907,0.0,-0.0034913563592436914,0.0034913563592436914,-0.10113472338999929,-0.17418981002613187,0.8988652766100007,0.8258101899738681,-10.9564
2022-05-19,898528.2766100008,739837.2766100008,158691.0,5,827401.2355997028,3999.598,-0.00037491714138848664,0.0019266480907496053,-0.002301565232138092,-0.10147172338999921,-0.1725987644002972,0.8985282766100008,0.8274012355997028,-10.9898
2022-05-20,902317.2766100008,739837.2766100008,162480.0,5,843537.5950986445,4077.6,0.004216895671102616,0.01950245999722977,-0.015285564326127155,-0.09768272338999928,-0.15646240490135555,0.9023172766100007,0.8435375950986445,-10.6145
2022-05-23,902506.2766100008,739837.2766100008,162669.0,5,838651.7134719425,4053.982,0.00020946069071192674,-0.0057921326270355955,0.006001593317747522,-0.09749372338999929,-0.16134828652805755,0.9025062766100007,0.8386517134719425,-10.5957
2022-05-24,896260.2766100008,739837.2766100008,156423.0,5,819034.5408537321,3959.154,-0.006920727491737,-0.023391322408437,0.0164705949167,-0.10373972338999926,-0.18096545914626783,0.8962602766100007,0.8190345408537322,-11.2145
2022-05-25,895578.1083900008,831918.1083900008,63660.0,2,824004.4121468089,3983.178,-0.0007611273619982928,0.006067963004217525,-0.0068290903662158176,-0.10442189160999926,-0.17599558785319103,0.8955781083900007,0.824004412146809,-11.2821
2022-05-26,896828.1083900008,831918.1083900008,64910.0,2,826045.609285037,3993.045,0.0013957464885414606,0.0024771677288839555,-0.001081421240342495,-0.10317189160999929,-0.173954390714963,0.8968281083900007,0.826045609285037,-11.1582
2022-05-27,896915.1083900008,831918.1083900008,64997.0,2,827753.1233398594,4001.299,9.700855625083271e-05,0.0020670941599705284,-0.0019700856037196957,-0.10308489160999923,-0.1722468766601406,0.8969151083900008,0.8277531233398594,-11.1496
2022-05-30,896644.1083900008,831918.1083900008,64726.0,2,833487.3833453871,4029.018,-0.0003021467666950439,0.006927500294279465,-0.007229647060974509,-0.10335589160999925,-0.16651261665461292,0.8966441083900007,0.8334873833453871,-11.1765
2022-05-31,897431.1083900008,831918.1083900008,65513.0,2,846416.8270607259,4091.518,0.0008777172488347862,0.015512464823934868,-0.014634747575100082,-0.10256889160999927,-0.15358317293927415,0.8974311083900007,0.8464168270607259,-11.0985
2022-06-01,897422.1083900008,831918.1083900008,65504.0,2,844691.3152202516,4083.177,-1.0028624944924402e-05,-0.002038607675684312,0.0020285790507393875,-0.1025778916099992,-0.15530868477974846,0.8974221083900008,0.8446913152202515,-11.0994
2022-06-02,898398.1083900008,831918.1083900008,66480.0,2,846013.4284168073,4089.568,0.001087559567426899,0.001565202782049413,-0.000477643214622514,-0.10160189160999922,-0.15398657158319273,0.8983981083900008,0.8460134284168073,-11.0027
2022-06-06,901877.4383600008,637413.4383600008,264464.0,8,861842.5843330725,4166.085,0.0038728153337670435,0.018710289204140862,-0.014837473870373818,-0.0981225616399991,-0.13815741566692752,0.9018774383600009,0.8618425843330725,-10.658
2022-06-07,901748.4074000008,634312.4074000008,267436.0,8,864541.0109542384,4179.129,-0.000143069284707531,0.0031309970871931103,-0.0032740663719006413,-0.09825159259999916,-0.1354589890457616,0.9017484074000008,0.8645410109542384,-10.6708
2022-06-08,905496.4074000008,634312.4074000008,271184.0,8,872957.1478929765,4219.812,0.004156369968876916,0.009734803591849195,-0.005578433622972279,-0.09450359259999919,-0.12704285210702349,0.9054964074000008,0.8729571478929765,-10.2995
2022-06-09,902759.4074000008,634312.4074000008,268447.0,8,863826.4781767541,4175.675,-0.003022651418197131,-0.01045947070627784,0.007436819288080709,-0.09724059259999918,-0.13617352182324594,0.9027594074000008,0.8638264781767541,-10.5707
2022-06-10,904713.6304000008,668219.6304000008,236494.0,7,876925.3493225385,4238.994,0.002164721833947114,0.015163775916468447,-0.012999054082521333,-0.09528636959999914,-0.12307465067746148,0.9047136304000009,0.8769253493225385,-10.3771
2022-06-13,903065.6304000008,668219.6304000008,234846.0,7,866656.0610749685,4189.353,-0.0018215708757161053,-0.011710561515302698,0.009888990639586592,-0.09693436959999913,-0.1333439389250315,0.9030656304000009,0.8666560610749685,-10.5403
2022-06-14,907286.6304000008,668219.6304000008,239067.0,7,873474.1187704905,4222.311,0.0046740788907340125,0.007867085919949668,-0.0031930070292156554,-0.0927133695999992,-0.12652588122950947,0.9072866304000008,0.8734741187704905,-10.1222
2022-06-15,911096.6304000008,668219.6304000008,242877.0,7,885039.6613271857,4278.218,0.0041993344466237925,0.013240853172587386,-0.009041518725963593,-0.08890336959999912,-0.1149603386728143,0.9110966304000009,0.8850396613271857,-9.7448
2022-06-16,907007.6304000008,668219.6304000008,238788.0,7,879214.791780101,4250.061,-0.004487998159102835,-0.00658147855018143,0.002093480391078595,-0.09299236959999913,-0.12078520821989902,0.9070076304000009,0.879214791780101,-10.1498
2022-06-17,907134.2233200008,739088.2233200008,168046.0,5,891416.6698386902,4309.044,0.00013957205623960078,0.013878153748852151,-0.01373858169261255,-0.09286577667999918,-0.10858333016130983,0.9071342233200008,0.8914166698386902,-10.1373
2022-06-20,908200.2233200008,739088.2233200008,169112.0,5,895841.4357847283,4330.433,0.001175129294646693,0.004963746018838533,-0.00378861672419184,-0.09179977667999917,-0.1041585642152717,0.9082002233200008,0.8958414357847283,-10.0317
2022-06-21,907848.0116200008,773340.0116200008,134508.0,4,894834.5941437273,4325.566,-0.00038781283130762123,-0.0011239060851421234,0.0007360932538345022,-0.09215198837999916,-0.10516540585627265,0.9078480116200008,0.8948345941437273,-10.0666
2022-06-22,905488.0116200008,773340.0116200008,132148.0,4,883468.4753268977,4270.623,-0.0025995540771067693,-0.012701921552000228,0.010102367474893459,-0.09451198837999919,-0.11653152467310235,0.9054880116200008,0.8834684753268977,-10.3004
2022-06-23,906698.0116200008,773340.0116200008,133358.0,4,898622.8177167719,4343.878,0.0013362959911917827,0.017153235019808477,-0.015816939028616694,-0.09330198837999915,-0.10137718228322812,0.9066980116200009,0.8986228177167719,-10.1805
2022-06-24,906654.0116200008,773340.0116200008,133314.0,4,909151.3154519472,4394.772,-4.8527734081371676e-05,0.01171625906620788,-0.01176478680028925,-0.09334598837999919,-0.09084868454805284,0.9066540116200008,0.9091513154519472,-10.1849
2022-06-27,907617.0116200008,773340.0116200008,134277.0,4,919389.7799056999,4444.264,0.001062147178149342,0.011261562602109976,-0.010199415423960634,-0.09238298837999914,-0.08061022009430008,0.9076170116200009,0.9193897799056999,-10.0895
2022-06-28,908561.0116200008,773340.0116200008,135221.0,4,928958.188868349,4490.517,0.0010400862785890919,0.010407347538310185,-0.009367261259721094,-0.0914389883799992,-0.07104181113165109,0.9085610116200008,0.9289581888683489,-9.9959
2022-06-29,906895.0116200008,773340.0116200008,133555.0,4,914650.9836307036,4421.357,-0.0018336688221184394,-0.015401344655860405,0.013567675833741966,-0.09310498837999914,-0.08534901636929637,0.9068950116200009,0.9146509836307036,-10.161
2022-06-30,908424.0116200008,773340.0116200008,135084.0,4,927819.1565948025,4485.011,0.0016859724448905489,0.014396937410844801,-0.012710964965954252,-0.09157598837999914,-0.07218084340519748,0.9084240116200009,0.9278191565948025,-10.0095
2022-07-01,910474.0116200008,773340.0116200008,137134.0,4,924034.8635726473,4466.718,0.0022566554535961014,-0.004078696796953385,0.006335352250549486,-0.08952598837999914,-0.0759651364273527,0.9104740116200009,0.9240348635726473,-9.8064
2022-07-04,912047.8114000009,644859.8114000009,267188.0,8,930098.6692395915,4496.03,0.0017285499200574428,0.006562312642078627,-0.004833762722021184,-0.08795218859999909,-0.0699013307604085,0.9120478114000009,0.9300986692395915,-9.6505
2022-07-05,911393.8114000009,644859.8114000009,266534.0,8,928755.6620619918,4489.538,-0.000717067671042515,-0.001443940543101374,0.0007268728720588591,-0.08860618859999903,-0.07124433793800822,0.911393811400001,0.9287556620619918,-9.7153
2022-07-06,910778.0773600009,673977.0773600009,236801.0,7,915191.5378135545,4423.97,-0.0006755960291788821,-0.014604620787261324,0.013929024758082442,-0.08922192263999906,-0.08480846218644544,0.9107780773600009,0.9151915378135546,-9.7763
2022-07-07,912015.0773600009,673977.0773600009,238038.0,7,919226.3517371381,4443.474,0.001358179375140045,0.004408709823981782,-0.0030505304488417373,-0.08798492263999902,-0.08077364826286193,0.912015077360001,0.9192263517371381,-9.6538
2022-07-08,913641.0773600009,673977.0773600009,239664.0,7,916186.7946729865,4428.781,0.0017828652621694197,-0.003306647006373953,0.0050895122685433725,-0.08635892263999911,-0.08381320532701353,0.9136410773600009,0.9161867946729865,-9.4927
2022-07-11,911229.0773600009,673977.0773600009,237252.0,7,900844.4064537163,4354.617,-0.0026399863795195655,-0.016745917217401374,0.014105930837881808,-0.08877092263999908,-0.09915559354628367,0.9112290773600009,0.9008444064537163,-9.7316
2022-07-12,914185.0773600009,673977.0773600009,240208.0,7,892362.8982475536,4313.618,0.0032439702303663775,-0.009415064516580807,0.012659034746947184,-0.08581492263999912,-0.10763710175244634,0.9141850773600009,0.8923628982475537,-9.4388
2022-07-13,913588.0773600009,673977.0773600009,239611.0,7,893985.5951516036,4321.462,-0.0006530406312516002,0.0018184271300798471,-0.0024714677613314473,-0.08641192263999908,-0.10601440484839642,0.9135880773600009,0.8939855951516036,-9.4979
2022-07-14,911464.0773600009,673977.0773600009,237487.0,7,894112.2002644639,4322.074,-0.0023248989918276397,0.0001416187392133672,-0.002466517731041007,-0.0885359226399991,-0.10588779973553608,0.9114640773600009,0.8941122002644639,-9.7084
2022-07-15,905195.0773600009,673977.0773600009,231218.0,7,878897.4515135516,4248.527,-0.006877945226495097,-0.01701659897539931,0.010138653748904214,-0.09480492263999907,-0.12110254848644841,0.9051950773600009,0.8788974515135516,-10.3294
2022-07-18,907492.4759200009,741036.4759200009,166456.0,5,888011.9852840176,4292.586,0.0025380148627192067,0.010370417794214548,-0.007832402931495341,-0.09250752407999907,-0.11198801471598241,0.9074924759200009,0.8880119852840176,-10.1018
2022-07-19,908178.4759200009,741036.4759200009,167142.0,5,883203.0597063093,4269.34,0.0007559291324201745,-0.005415383640537508,0.006171312772957682,-0.0918215240799991,-0.1167969402936907,0.9081784759200009,0.8832030597063093,-10.0338
2022-07-20,912016.4759200009,741036.4759200009,170980.0,5,886195.0364175884,4283.803,0.004226041578569761,0.0033876430548982484,0.000838398523671513,-0.0879835240799991,-0.11380496358241166,0.9120164759200009,0.8861950364175883,-9.6536
2022-07-21,911492.158380001,775372.158380001,136120.0,4,876317.9757745669,4236.058,-0.0005748991973758555,-0.011145470508330924,0.010570571310955068,-0.08850784161999903,-0.12368202422543317,0.911492158380001,0.8763179757745668,-9.7056
2022-07-22,911832.158380001,775372.158380001,136460.0,4,876768.12728696,4238.234,0.00037301472851325457,0.0005136851289571087,-0.00014067040044385415,-0.08816784161999902,-0.12323187271303992,0.911832158380001,0.8767681272869601,-9.6719
2022-07-25,910608.158380001,775372.158380001,135236.0,4,871474.2958521517,4212.644,-0.001342352305466643,-0.0060378921975521305,0.004695539892085487,-0.08939184161999902,-0.12852570414784825,0.910608158380001,0.8714742958521517,-9.7931
2022-07-26,909893.005020001,811163.005020001,98730.0,3,878369.7233388664,4245.976,-0.0007853579538231736,0.007912370473270425,-0.008697728427093598,-0.09010699497999908,-0.12163027666113357,0.9098930050200009,0.8783697233388664,-9.864
2022-07-27,909839.005020001,811163.005020001,98676.0,3,874037.8425164794,4225.036,-5.934763725190528e-05,-0.004931728299924276,0.004872380662672371,-0.09016099497999908,-0.12596215748352058,0.9098390050200009,0.8740378425164794,-9.8693
2022-07-28,907457.005020001,811163.005020001,96294.0,3,874169.619406826,4225.673,-0.002618045595822349,0.00015076794611901256,-0.0027688135419413618,-0.09254299497999907,-0.12583038059317397,0.9074570050200009,0.874169619406826,-10.1053
2022-07-29,907155.005020001,811163.005020001,95992.0,3,862673.5855395447,4170.102,-0.0003327981362525323,-0.013150804617394485,0.012818006481141953,-0.09284499497999898,-0.13732641446045535,0.907155005020001,0.8626735855395447,-10.1352
2022-08-01,907896.7169700011,879555.7169700011,28341.0,3,866516.4230828428,4188.678,0.000817624271371109,0.0044545672983538065,-0.0036369430269826974,-0.09210328302999893,-0.13348357691715718,0.9078967169700011,0.8665164230828428,-10.0617
2022-08-02,907528.7169700011,879555.7169700011,27973.0,3,849624.5703287265,4107.024,-0.0004053324492990784,-0.019493978768480136,0.019088646319181057,-0.09247128302999885,-0.1503754296712735,0.9075287169700011,0.8496245703287265,-10.0982
2022-08-03,907241.7169700011,879555.7169700011,27686.0,3,841339.5896670368,4066.975,-0.00031624343630498597,-0.009751343064954288,0.009435099628649302,-0.09275828302999889,-0.1586604103329632,0.9072417169700011,0.8413395896670368,-10.1266
2022-08-04,907489.1653000012,888009.1653000012,19480.0,2,848489.4686060696,4101.537,0.00027274796272203083,0.008498208127662776,-0.008225460164940745,-0.09251083469999888,-0.15151053139393045,0.9074891653000011,0.8484894686060696,-10.1021
2022-08-05,908264.1653000012,888009.1653000012,20255.0,2,859944.7488667602,4156.911,0.000854004686374088,0.013500792507784132,-0.012646787821410044,-0.0917358346999988,-0.1400552511332398,0.9082641653000012,0.8599447488667602,-10.0253
2022-08-08,907949.1653000012,888009.1653000012,19940.0,2,858116.8358320603,4148.075,-0.00034681540022662993,-0.002125616834231181,0.001778801434004551,-0.09205083469999886,-0.14188316416793967,0.9079491653000011,0.8581168358320603,-10.0566
2022-08-09,907747.9582400011,898099.9582400011,9648.0,1,859816.488785104,4156.291,-0.00022160608510890523,0.0019806777842734657,-0.002202283869382371,-0.0922520417599989,-0.14018351121489603,0.9077479582400011,0.859816488785104,-10.0765
2022-08-10,907765.9582400011,898099.9582400011,9666.0,1,850185.811621522,4109.737,1.982929274202405e-05,-0.0112008519134007,0.011220681206142724,-0.09223404175999894,-0.14981418837847804,0.9077659582400011,0.850185811621522,-10.0747
2022-08-11,907837.9582400011,898099.9582400011,9738.0,1,867522.8509816447,4193.543,7.93155981961835e-05,0.020392059151230324,-0.02031274355303414,-0.09216204175999887,-0.13247714901835528,0.9078379582400011,0.8675228509816447,-10.0676
2022-08-12,907927.9582400011,898099.9582400011,9828.0,1,867028.2221828708,4191.152,9.913663466387668e-05,-0.0005701622709005649,0.0006692989055644416,-0.09207204175999883,-0.1329717778171292,0.9079279582400012,0.8670282221828708,-10.0587
2022-08-15,908053.9582400011,898099.9582400011,9954.0,1,865896.016655606,4185.679,0.00013877753059210463,-0.0013058462208004329,0.0014446237513925375,-0.09194604175999888,-0.134103983344394,0.9080539582400011,0.865896016655606,-10.0462
2022-08-16,907837.9582400011,898099.9582400011,9738.0,1,864273.7334937551,4177.837,-0.0002378713269624022,-0.001873531152293162,0.0016356598253307597,-0.09216204175999887,-0.13572626650624486,0.9078379582400011,0.8642737334937551,-10.0676
2022-08-17,907675.9582400011,898099.9582400011,9576.0,1,872366.9446462586,4216.959,-0.0001784459423949114,0.009364175768465488,-0.0095426217108604,-0.09232404175999886,-0.12763305535374136,0.9076759582400011,0.8723669446462586,-10.0836
2022-08-18,907567.9582400011,898099.9582400011,9468.0,1,864741.8827918001,4180.1,-0.00011898519402164798,-0.008740658849184735,0.008621673655163087,-0.09243204175999886,-0.1352581172081999,0.9075679582400011,0.8647418827918001,-10.0943
2022-08-19,907531.9582400011,898099.9582400011,9432.0,1,858737.2422592972,4151.074,-3.9666451060904606e-05,-0.006943853017870594,0.006904186566809689,-0.0924680417599989,-0.14126275774070285,0.9075319582400011,0.8587372422592972,-10.0979
2022-08-22,907747.9582400011,898099.9582400011,9648.0,1,865010.1946077808,4181.397,0.00023800814730412512,0.007304856526287207,-0.007066848378983082,-0.0922520417599989,-0.13498980539221916,0.9077479582400011,0.8650101946077808,-10.0765
2022-08-23,907693.9582400011,898099.9582400011,9594.0,1,860807.6082225471,4161.082,-5.948787822640522e-05,-0.0048584241104109305,0.004798936232184525,-0.0923060417599989,-0.1391923917774529,0.9076939582400011,0.8608076082225471,-10.0818
2022-08-24,907369.9582400011,898099.9582400011,9270.0,1,844534.7137979714,4082.42,-0.00035694850346723594,-0.018904217701069204,0.018547269197601968,-0.0926300417599989,-0.1554652862020286,0.9073699582400011,0.8445347137979714,-10.1139
2022-08-25,907495.9582400011,898099.9582400011,9396.0,1,851531.0943812154,4116.24,0.00013886287379882845,0.008284301958152218,-0.00814543908435339,-0.09250404175999893,-0.14846890561878456,0.9074959582400011,0.8515310943812154,-10.1014
2022-08-26,907441.9582400011,898099.9582400011,9342.0,1,849732.557042637,4107.546,-5.950439724788925e-05,-0.002112121742172346,0.0020526173449244567,-0.09255804175999893,-0.15026744295736294,0.9074419582400011,0.8497325570426371,-10.1068
2022-08-29,907327.4967900012,792467.4967900012,114860.0,6,846003.7054751334,4089.521,-0.00012613638697278606,-0.004388264915353268,0.004262128528380482,-0.09267250320999887,-0.15399629452486663,0.9073274967900011,0.8460037054751334,-10.1181
2022-08-30,908307.9991500012,805812.9991500012,102495.0,5,843163.985893046,4075.794,0.0010806487883028293,-0.0033566278300075636,0.004437276618310393,-0.09169200084999873,-0.15683601410695402,0.9083079991500013,0.843163985893046,-10.021
2022-08-31,910781.9991500012,805812.9991500012,104969.0,5,843794.1152619568,4078.84,0.0027237456923370207,0.0007473390460852603,0.0019764066462517604,-0.08921800084999876,-0.1562058847380432,0.9107819991500012,0.8437941152619568,-9.7759
2022-09-01,910666.9991500012,805812.9991500012,104854.0,5,836532.9396714225,4043.74,-0.00012626512173863347,-0.008605387806337239,0.008479122684598606,-0.08933300084999873,-0.1634670603285775,0.9106669991500013,0.8365329396714225,-9.7873
2022-09-02,910917.9991500012,805812.9991500012,105105.0,5,832369.2450528846,4023.613,0.00027562215412912927,-0.004977322973287013,0.005252945127416142,-0.08908200084999884,-0.16763075494711543,0.9109179991500012,0.8323692450528846,-9.7625
2022-09-05,911490.9991500012,805812.9991500012,105678.0,5,830675.5913617249,4015.426,0.0006290357645086786,-0.0020347384303609495,0.002663774194869628,-0.0885090008499988,-0.16932440863827514,0.9114909991500012,0.8306755913617249,-9.7057
2022-09-06,912615.9991500012,805812.9991500012,106803.0,5,838299.6188606865,4052.28,0.001234241480221998,0.009178104639458118,-0.00794386315923612,-0.08738400084999876,-0.1617003811393134,0.9126159991500012,0.8382996188606866,-9.5942
2022-09-07,911510.8265300012,816858.8265300012,94652.0,4,838858.7914424874,4054.983,-0.0012109941322848705,0.0006670318931563113,-0.0018780260254411818,-0.08848917346999874,-0.16114120855751257,0.9115108265300013,0.8388587914424874,-9.7037
2022-09-08,911658.8265300012,816858.8265300012,94800.0,4,835280.1282931811,4037.684,0.00016236779168421478,-0.00426610913042047,0.004428476922104685,-0.08834117346999881,-0.1647198717068189,0.9116588265300012,0.8352801282931811,-9.6891
2022-09-09,913931.8265300012,816858.8265300012,97073.0,4,846886.2175853674,4093.787,0.0024932572732845326,0.013894846649712855,-0.011401589376428323,-0.08606817346999873,-0.15311378241463258,0.9139318265300013,0.8468862175853674,-9.4639
2022-09-13,914590.8265300012,816858.8265300012,97732.0,4,850470.8799965577,4111.115,0.0007210603470304555,0.004232755636773611,-0.0035116952897431553,-0.08540917346999877,-0.14952912000344232,0.9145908265300012,0.8504708799965577,-9.3986
2022-09-14,913230.8265300012,816858.8265300012,96372.0,4,841005.285970333,4065.359,-0.0014870037622833898,-0.011129827309622864,0.009642823547339474,-0.0867691734699988,-0.15899471402966692,0.9132308265300012,0.8410052859703331,-9.5333
2022-09-15,915076.8265300012,816858.8265300012,98218.0,4,833094.5351275401,4027.119,0.002021394751877015,-0.009406303354759116,0.01142769810663613,-0.08492317346999878,-0.16690546487245983,0.9150768265300012,0.8330945351275402,-9.3505
2022-09-16,912426.8265300012,816858.8265300012,95568.0,4,813558.4559803125,3932.683,-0.0028959317110551774,-0.023450014762414373,0.020554083051359195,-0.08757317346999871,-0.1864415440196875,0.9124268265300013,0.8135584559803125,-9.613
2022-09-19,912306.8265300012,816858.8265300012,95448.0,4,812589.6786216096,3928.0,-0.00013151739570871346,-0.001190790104363959,0.0010592727086552456,-0.08769317346999872,-0.18741032137839042,0.9123068265300013,0.8125896786216096,-9.6249
2022-09-20,910448.8265300012,816858.8265300012,93590.0,4,813590.1072585277,3932.836,-0.0020365955246295364,0.001231160896130401,-0.0032677564207599374,-0.08955117346999875,-0.18640989274147235,0.9104488265300013,0.8135901072585277,-9.8089
2022-09-21,911041.9129500012,854044.9129500012,56997.0,3,807569.9513935664,3903.735,0.0006514220269362436,-0.007399494919188121,0.008050916946124365,-0.08895808704999886,-0.19243004860643353,0.9110419129500011,0.8075699513935665,-9.7502
2022-09-22,910553.9129500012,854044.9129500012,56509.0,3,800455.447412539,3869.344,-0.0005356504383204896,-0.008809768081081248,0.008274117642760759,-0.08944608704999879,-0.19954455258746095,0.9105539129500012,0.800455447412539,-9.7985
2022-09-23,910584.9129500012,854044.9129500012,56540.0,3,797699.3037546277,3856.021,3.404521089755974e-05,-0.003443219315728996,0.0034772645266265556,-0.08941508704999879,-0.20230069624537228,0.9105849129500012,0.7976993037546277,-9.7954
2022-09-26,909443.9129500012,854044.9129500012,55399.0,3,793697.5892069555,3836.677,-0.0012530407475164207,-0.005016570189840808,0.003763529442324387,-0.09055608704999885,-0.20630241079304446,0.9094439129500012,0.7936975892069555,-9.9085
2022-09-27,914061.3727500014,664713.3727500014,249348.0,8,805203.346015911,3892.295,0.005077234268380915,0.01449639883680609,-0.009419164568425176,-0.08593862724999868,-0.19479665398408907,0.9140613727500013,0.8052033460159109,-9.4511
2022-09-28,910526.2310100014,650534.2310100014,259992.0,8,792049.4471576739,3828.71,-0.003867510262866025,-0.016336120463633974,0.012468610200767949,-0.08947376898999859,-0.2079505528423261,0.9105262310100014,0.7920494471576739,-9.8013
2022-09-29,909638.1867300014,646101.1867300014,263537.0,8,791725.2801448429,3827.143,-0.0009753088376321939,-0.00040927623141995273,-0.0005660326062122412,-0.09036181326999859,-0.2082747198551571,0.9096381867300014,0.7917252801448429,-9.8892
2022-09-30,908225.1867300014,646101.1867300014,262124.0,8,787120.7432133867,3804.885,-0.001553364865957807,-0.005815826583955741,0.004262461717997934,-0.0917748132699987,-0.21287925678661324,0.9082251867300013,0.7871207432133868,-10.0292
2022-10-10,903748.1867300014,646101.1867300014,257647.0,8,769754.3281571426,3720.937,-0.004929394235496987,-0.02206321610245776,0.017133821866960774,-0.09625181326999865,-0.23024567184285738,0.9037481867300013,0.7697543281571426,-10.4727
2022-10-11,903496.4813300013,705316.4813300013,198180.0,6,771150.7080783992,3727.687,-0.0002785127579738589,0.0018140592006798961,-0.002092571958653755,-0.09650351866999873,-0.22884929192160086,0.9034964813300013,0.7711507080783991,-10.4976
2022-10-12,906580.4813300013,705316.4813300013,201264.0,6,782863.5428578993,3784.306,0.003413405656500279,0.015188775237835017,-0.011775369581334738,-0.09341951866999876,-0.21713645714210061,0.9065804813300012,0.7828635428578994,-10.1921
2022-10-13,905863.4813300013,705316.4813300013,200547.0,6,776319.5893691424,3752.673,-0.0007908840028720832,-0.008358996339090874,0.007568112336218791,-0.09413651866999873,-0.22368041063085753,0.9058634813300013,0.7763195893691425,-10.2632
2022-10-14,908209.4813300013,705316.4813300013,202893.0,6,794895.9934860428,3842.47,0.0025897942111050565,0.02392881021074844,-0.021339015999643385,-0.09179051866999877,-0.20510400651395722,0.9082094813300012,0.7948959934860428,-10.0308
2022-10-17,909459.4813300013,705316.4813300013,204143.0,6,795711.4793600566,3846.412,0.0013763344533350708,0.0010259026095191803,0.00035043184381589043,-0.09054051866999879,-0.2042885206399434,0.9094594813300012,0.7957114793600566,-9.9069
2022-10-18,908823.4813300013,705316.4813300013,203507.0,6,794026.5142550737,3838.267,-0.0006993164764964588,-0.0021175578695156183,0.0014182413930191595,-0.09117651866999876,-0.20597348574492624,0.9088234813300012,0.7940265142550738,-9.9699
2022-10-19,908643.4813300013,705316.4813300013,203327.0,6,781255.7406730097,3776.534,-0.00019805826290553163,-0.01608356062775207,0.015885502364846538,-0.09135651866999872,-0.21874425932699038,0.9086434813300013,0.7812557406730096,-9.9878
2022-10-20,906906.4813300013,705316.4813300013,201590.0,6,776785.8768272925,3754.927,-0.0019116408533053075,-0.005721383681439041,0.003809742828133733,-0.09309351866999871,-0.2232141231727075,0.9069064813300013,0.7767858768272925,-10.1598
2022-10-21,908101.4813300013,705316.4813300013,202785.0,6,774296.3900165663,3742.893,0.0013176661812444035,-0.003204855913310767,0.00452252209455517,-0.09189851866999876,-0.22570360998343375,0.9081014813300012,0.7742963900165662,-10.0415
2022-10-24,903509.4813300013,705316.4813300013,198193.0,6,751639.8672053039,3633.373,-0.005056703567176801,-0.029260788379470104,0.024204084812293303,-0.09649051866999869,-0.24836013279469615,0.9035094813300013,0.7516398672053038,-10.4964
2022-10-25,903773.4813300013,705316.4813300013,198457.0,6,750415.3971676865,3627.454,0.0002921939453379707,-0.0016290647836045835,0.0019212587289425542,-0.09622651866999876,-0.24958460283231354,0.9037734813300012,0.7504153971676865,-10.4702
2022-10-26,905065.4813300013,705316.4813300013,199749.0,6,756507.5441752545,3656.903,0.0014295617504715974,0.00811836621498152,-0.006688804464509923,-0.09493451866999869,-0.24349245582474544,0.9050654813300013,0.7565075441752546,-10.3422
2022-10-27,904675.4813300013,705316.4813300013,199359.0,6,751178.9583957394,3631.145,-0.00043090804814127637,-0.007043665090378348,0.006612757042237072,-0.09532451866999869,-0.24882104160426055,0.9046754813300013,0.7511789583957394,-10.3808
2022-10-28,899609.4813300013,705316.4813300013,194293.0,6,732598.8305990491,3541.33,-0.005599798054162219,-0.024734622274792062,0.019134824220629842,-0.10039051866999871,-0.26740116940095093,0.8996094813300013,0.7325988305990491,-10.8827
2022-10-31,898297.7807500013,739955.7807500013,158342.0,5,725849.2472374433,3508.703,-0.0014580777628763197,-0.009213205208212782,0.007755127445336463,-0.10170221924999867,-0.2741507527625566,0.8982977807500013,0.7258492472374434,-11.0126
2022-11-01,907205.0209800013,662778.0209800013,244427.0,10,751805.3640848602,3634.173,0.009915687671590678,0.03575965249837343,-0.02584396482678275,-0.09279497901999867,-0.2481946359151398,0.9072050209800013,0.7518053640848602,-10.1303
2022-11-02,912993.0209800013,662778.0209800013,250215.0,10,760831.5638958627,3677.805,0.0063800352358582835,0.012006032734269922,-0.005625997498411639,-0.08700697901999865,-0.2391684361041373,0.9129930209800013,0.7608315638958627,-9.5569
2022-11-03,913190.0209800013,662778.0209800013,250412.0,10,754644.4630536491,3647.897,0.00021577382901405429,-0.008132024400423599,0.008347798229437653,-0.08680997901999865,-0.24535553694635093,0.9131900209800013,0.7546444630536491,-9.5374
2022-11-04,916130.9646600013,714344.9646600013,201786.0,8,779319.6340532999,3767.175,0.003220516664038886,0.03269774338475018,-0.02947722672071129,-0.08386903533999868,-0.22068036594670015,0.9161309646600013,0.7793196340532998,-9.246
2022-11-07,916584.9646600013,714344.9646600013,202240.0,8,780999.8411229957,3775.297,0.0004955623349860439,0.002155992222288683,-0.001660429887302639,-0.08341503533999861,-0.2190001588770043,0.9165849646600014,0.7809998411229957,-9.2011
2022-11-08,915561.9646600013,714344.9646600013,201217.0,8,775626.9849281991,3749.325,-0.0011160994773457,-0.006879458755165713,0.005763359277820013,-0.08443803533999872,-0.22437301507180096,0.9155619646600013,0.775626984928199,-9.3024
2022-11-09,913481.9646600013,714344.9646600013,199137.0,8,768375.1185371401,3714.27,-0.002271828756858052,-0.009349682942929483,0.007077854186071431,-0.08651803533999869,-0.23162488146285987,0.9134819646600013,0.7683751185371401,-9.5085
2022-11-10,911602.8787600013,786942.8787600013,124660.0,5,762462.5356438904,3685.689,-0.0020570585656821683,-0.007694917170803617,0.0056378586051214485,-0.08839712123999877,-0.23753746435610956,0.9116028787600012,0.7624625356438904,-9.6946
2022-11-11,913414.1973200013,812055.1973200013,101359.0,4,783718.5411119073,3788.439,0.001986960114105596,0.027878098233464765,-0.02589113811935917,-0.08658580267999871,-0.2162814588880927,0.9134141973200013,0.7837185411119073,-9.5152
2022-11-14,912623.1973200013,812055.1973200013,100568.0,4,784872.4681046138,3794.017,-0.0008659817225534772,0.0014723742417390717,-0.002338355964292549,-0.0873768026799987,-0.21512753189538614,0.9126231973200013,0.7848724681046139,-9.5935
2022-11-15,913574.1973200013,812055.1973200013,101519.0,4,799758.0849363086,3865.973,0.0010420510927102722,0.018965650391129074,-0.017923599298418802,-0.08642580267999866,-0.2002419150636915,0.9135741973200013,0.7997580849363085,-9.4993
2022-11-16,913608.1973200013,812055.1973200013,101553.0,4,793224.4750025237,3834.39,3.721646265808509e-05,-0.008169482818426443,0.008206699281084529,-0.08639180267999869,-0.2067755249974762,0.9136081973200013,0.7932244750025238,-9.496
2022-11-17,913282.1973200013,812055.1973200013,101227.0,4,789971.2200926451,3818.664,-0.00035682692094518575,-0.0041013042491764296,0.003744477328231244,-0.08671780267999873,-0.2100287799073548,0.9132821973200013,0.7899712200926452,-9.5282
2022-11-18,912696.1973200013,812055.1973200013,100641.0,4,786434.7586476257,3801.569,-0.000641641763870604,-0.004476696561938942,0.003835054798068338,-0.08730380267999871,-0.2135652413523743,0.9126961973200013,0.7864347586476257,-9.5863
2022-11-21,911895.1973200013,812055.1973200013,99840.0,4,779723.4464394174,3769.127,-0.0008776195215363103,-0.008533844841432492,0.007656225319896182,-0.08810480267999865,-0.22027655356058262,0.9118951973200013,0.7797234464394174,-9.6656
2022-11-22,913395.1973200013,812055.1973200013,101340.0,4,779815.71094977,3769.573,0.001644925869122238,0.00011832978830361718,0.0015265960808186207,-0.0866048026799987,-0.22018428905023002,0.9133951973200013,0.77981571094977,-9.5171
2022-11-23,913746.1973200013,812055.1973200013,101691.0,4,780634.0930191762,3773.529,0.00038428054037265014,0.0010494557341111932,-0.0006651751937385431,-0.08625380267999871,-0.2193659069808238,0.9137461973200013,0.7806340930191762,-9.4823
2022-11-24,913462.1973200013,812055.1973200013,101407.0,4,777175.0013653493,3756.808,-0.00031080840700947743,-0.004431130647200576,0.004120322240191099,-0.08653780267999867,-0.22282499863465077,0.9134621973200013,0.7771750013653492,-9.5104
2022-11-25,915052.1973200013,812055.1973200013,102997.0,4,781098.93237963,3775.776,0.0017406303234714926,0.005048967101858759,-0.0033083367783872664,-0.08494780267999869,-0.21890106762036998,0.9150521973200013,0.78109893237963,-9.3529
2022-11-28,914626.1973200013,812055.1973200013,102571.0,4,772299.8770358186,3733.242,-0.0004655472127684801,-0.011264969108336853,0.010799421895568373,-0.08537380267999872,-0.2277001229641814,0.9146261973200013,0.7722998770358186,-9.3951
2022-11-29,918048.6868400013,660775.6868400013,257273.0,8,796127.290269942,3848.422,0.0037419543962642354,0.03085254049965136,-0.027110586103387124,-0.0819513131599987,-0.203872709730058,0.9180486868400013,0.796127290269942,-9.0561
2022-11-30,918494.6868400013,660775.6868400013,257719.0,8,797082.0003938825,3853.037,0.00048581301448735736,0.0011991928120147488,-0.0007133797975273914,-0.08150531315999876,-0.20291799960611745,0.9184946868400012,0.7970820003938826,-9.0119
2022-12-01,924556.6868400013,660775.6868400013,263781.0,8,805715.1451159387,3894.769,0.00659992930482356,0.010830936738993158,-0.004231007434169598,-0.07544331315999875,-0.19428485488406122,0.9245566868400013,0.8057151451159388,-8.4114
2022-12-02,922849.6868400013,660775.6868400013,262074.0,8,800787.2686560494,3870.948,-0.0018462902538017856,-0.006116152203121672,0.004269861949319886,-0.07715031315999876,-0.19921273134395057,0.9228496868400012,0.8007872686560494,-8.5805
2022-12-05,929427.6868400013,660775.6868400013,268652.0,8,816494.5774947414,3946.876,0.007127921365530421,0.01961483336898384,-0.012486912003453421,-0.07057231315999879,-0.1835054225052586,0.9294276868400012,0.8164945774947414,-7.9288
2022-12-06,932687.6868400013,660775.6868400013,271912.0,8,820905.4830771165,3968.198,0.003507534847690952,0.0054022472456696224,-0.0018947123979786706,-0.06731231315999875,-0.17909451692288347,0.9326876868400013,0.8209054830771165,-7.6059
2022-12-07,932350.6868400013,660775.6868400013,271575.0,8,818887.0417598276,3958.441,-0.0003613213777291513,-0.0024587986788965344,0.002097477301167383,-0.06764931315999878,-0.18111295824017237,0.9323506868400012,0.8188870417598276,-7.6393
2022-12-08,932420.6868400013,660775.6868400013,271645.0,8,819039.9195023178,3959.18,7.507904588699432e-05,0.00018668965888335443,-0.0001116106129963601,-0.06757931315999877,-0.1809600804976822,0.9324206868400012,0.8190399195023178,-7.6323
2022-12-09,935265.6868400013,660775.6868400013,274490.0,8,827121.1321310537,3998.244,0.003051197855381993,0.009866689567031628,-0.006815491711649635,-0.06473431315999878,-0.17287886786894624,0.9352656868400012,0.8271211321310538,-7.3505
2022-12-12,931368.6868400013,660775.6868400013,270593.0,8,817853.1000047995,3953.443,-0.004166730432682564,-0.01120516906922131,0.007038438636538746,-0.06863131315999871,-0.1821468999952005,0.9313686868400013,0.8178531000047995,-7.7366
2022-12-13,930249.6868400013,660775.6868400013,269474.0,8,816247.3665309041,3945.681,-0.0012014576137368005,-0.0019633519441156766,0.0007618943303788761,-0.06975031315999869,-0.18375263346909587,0.9302496868400013,0.8162473665309041,-7.8474
2022-12-14,934407.2309400013,685709.2309400013,248698.0,7,818151.6150012992,3954.886,0.004469277613113665,0.0023329306145123407,0.002136346998601324,-0.06559276905999867,-0.18184838499870082,0.9344072309400013,0.8181516150012992,-7.4356
2022-12-15,932652.2309400013,685709.2309400013,246943.0,7,817552.3094262058,3951.989,-0.0018781960818459176,-0.0007325116324465863,-0.0011456844493993312,-0.06734776905999873,-0.18244769057379417,0.9326522309400013,0.8175523094262058,-7.6094
2022-12-16,931091.4030200014,756911.4030200014,174180.0,5,818015.2869467646,3954.227,-0.0016735368964129194,0.0005662971227904379,-0.0022398340192033572,-0.06890859697999863,-0.18198471305323538,0.9310914030200014,0.8180152869467646,-7.764
2022-12-19,928481.4030200014,756911.4030200014,171570.0,5,805394.9086539974,3893.221,-0.002803161957606326,-0.015428046998819167,0.012624885041212841,-0.07151859697999863,-0.19460509134600268,0.9284814030200014,0.8053949086539973,-8.0226
2022-12-20,925749.7529000014,789132.7529000014,136617.0,4,792112.9565852035,3829.017,-0.002942062286993563,-0.016491229241802685,0.013549166954809122,-0.07425024709999861,-0.20788704341479647,0.9257497529000014,0.7921129565852035,-8.2932
2022-12-21,925631.4277800014,857558.4277800014,68073.0,2,792427.6075274601,3830.538,-0.00012781544864504113,0.00039722988955137595,-0.0005250453381964171,-0.0743685722199986,-0.2075723924725399,0.9256314277800014,0.7924276075274601,-8.3049
2022-12-22,925250.4277800014,857558.4277800014,67692.0,2,793563.3298634153,3836.028,-0.00041161091614372314,0.0014332190412937873,-0.0018448299574375104,-0.07474957221999856,-0.20643667013658462,0.9252504277800014,0.7935633298634154,-8.3427
2022-12-23,924680.3374800014,890921.3374800014,33759.0,1,791947.8734478462,3828.219,-0.0006161470266681235,-0.0020356994265942063,0.0014195523999260828,-0.07531966251999866,-0.20805212655215388,0.9246803374800013,0.7919478734478461,-8.3991
2022-12-26,924581.3374800014,890921.3374800014,33660.0,1,795106.7951363777,3843.489,-0.00010706402633131606,0.003988800013792204,-0.00409586404012352,-0.07541866251999862,-0.20489320486362228,0.9245813374800014,0.7951067951363777,-8.4089
2022-12-27,927614.6153000013,661737.6153000013,265877.0,8,804284.6314632738,3887.854,0.003280704138229007,0.011542897612039527,-0.00826219347381052,-0.07238538469999867,-0.19571536853672622,0.9276146153000013,0.8042846314632738,-8.1084
2022-12-28,921320.6153000013,661737.6153000013,259583.0,8,800852.6399234743,3871.264,-0.006785145356904998,-0.004267135545727774,-0.0025180098111772242,-0.07867938469999869,-0.19914736007652567,0.9213206153000013,0.8008526399234743,-8.7319
2022-12-29,920623.6153000013,661737.6153000013,258886.0,8,797839.9761022506,3856.701,-0.0007565227440102795,-0.0037618204286765655,0.003005297684666286,-0.07937638469999864,-0.20216002389774934,0.9206236153000014,0.7978399761022507,-8.801
2022-12-30,919515.6153000013,661737.6153000013,257778.0,8,800929.1822302691,3871.634,-0.0012035320206715827,0.0038719620732849958,-0.0050754940939565785,-0.08048438469999863,-0.1990708177697309,0.9195156153000014,0.8009291822302691,-8.9108
2023-01-03,925242.6153000013,661737.6153000013,263505.0,8,804293.9406627489,3887.899,0.006228279220828137,0.0042010685927440505,0.0020272106280840863,-0.07475738469999871,-0.19570605933725116,0.9252426153000013,0.8042939406627488,-8.3434
2023-01-04,922352.6153000013,661737.6153000013,260615.0,8,805338.4328438487,3892.948,-0.0031235050701409195,0.0012986448464837874,-0.004422149916624707,-0.07764738469999866,-0.19466156715615124,0.9223526153000013,0.8053384328438488,-8.6297
2023-01-05,928075.5292200013,694304.5292200013,233771.0,7,820984.0940949058,3968.578,0.0062046920289140495,0.01942743648258327,-0.013222744453669222,-0.07192447077999864,-0.1790159059050942,0.9280755292200014,0.8209840940949058,-8.0628
2023-01-06,934036.5292200013,694304.5292200013,239732.0,7,823530.8842001786,3980.889,0.006422968618739366,0.003102118693396161,0.0033208499253432056,-0.06596347077999865,-0.1764691157998215,0.9340365292200014,0.8235308842001785,-7.4723
2023-01-09,933394.5292200013,694304.5292200013,239090.0,7,830198.5466064037,4013.12,-0.0006873392848308901,0.008096432731482528,-0.008783772016313418,-0.06660547077999868,-0.1698014533935963,0.9333945292200013,0.8301985466064037,-7.5359
2023-01-10,931528.5292200013,694304.5292200013,237224.0,7,831099.2633733891,4017.474,-0.001999154635670908,0.0010849413922335849,-0.0030840960279044927,-0.06847147077999871,-0.16890073662661087,0.9315285292200013,0.8310992633733891,-7.7207
2023-01-11,930431.1562400013,728684.1562400013,201747.0,6,829559.5217802168,4010.031,-0.0011780347521066492,-0.0018526566693400914,0.0006746219172334422,-0.06956884375999872,-0.17044047821978314,0.9304311562400013,0.8295595217802169,-7.8294
2023-01-12,930712.0268200013,764456.0268200013,166256.0,5,831180.97745767,4017.869,0.00030187142607629447,0.001954598355972781,-0.0016527269298964864,-0.06928797317999869,-0.16881902254232994,0.9307120268200013,0.8311809774576701,-7.8016
2023-01-13,932547.0268200013,764456.0268200013,168091.0,5,842870.8495451318,4074.377,0.0019716087759924505,0.014064171828399585,-0.012092563052407135,-0.06745297317999865,-0.1571291504548682,0.9325470268200013,0.8428708495451318,-7.6198
2023-01-16,936471.0268200013,764456.0268200013,172015.0,5,856025.1621455678,4137.964,0.00420783069072761,0.01560655776330977,-0.01139872707258216,-0.06352897317999873,-0.1439748378544322,0.9364710268200013,0.8560251621455678,-7.2311
2023-01-17,938519.0268200013,764456.0268200013,174063.0,5,855875.8012117682,4137.242,0.002186933649142908,-0.00017448194329394706,0.002361415592436855,-0.06148097317999868,-0.1441241987882318,0.9385190268200013,0.8558758012117682,-7.0282
2023-01-18,940060.0268200013,764456.0268200013,175604.0,5,854442.5982348104,4130.314,0.0016419485976979509,-0.0016745455064024473,0.003316494104100398,-0.05993997317999866,-0.1455574017651896,0.9400600268200013,0.8544425982348104,-6.8756
2023-01-19,941279.0268200013,764456.0268200013,176823.0,5,859757.9442639609,4156.008,0.0012967257039144808,0.006220834541877274,-0.004924108837962793,-0.05872097317999869,-0.1402420557360391,0.9412790268200013,0.8597579442639609,-6.7548
2023-01-20,945812.0268200013,764456.0268200013,181356.0,5,865037.0878507086,4181.527,0.004815787742890931,0.006140267294961976,-0.001324479552071045,-0.05418797317999868,-0.13496291214929135,0.9458120268200013,0.8650370878507087,-6.3058
2023-01-30,948047.0268200013,764456.0268200013,183591.0,5,869136.859299518,4201.345,0.002363048826429681,0.004739416964185672,-0.002376368137755991,-0.051952973179998696,-0.130863140700482,0.9480470268200013,0.869136859299518,-6.0844
2023-01-31,947471.0268200013,764456.0268200013,183015.0,5,859933.7846984896,4156.858,-0.0006075647976366838,-0.010588751935392215,0.009981187137755532,-0.05252897317999872,-0.14006621530151042,0.9474710268200013,0.8599337846984896,-6.1414
2023-02-01,948333.1147800012,744077.1147800012,204256.0,8,868017.2729093193,4195.933,0.0009098831896667825,0.009400128654863726,-0.008490245465196944,-0.05166688521999874,-0.1319827270906807,0.9483331147800013,0.8680172729093193,-6.056
2023-02-02,948274.1147800012,744077.1147800012,204197.0,8,864958.8905751184,4181.149,-6.22144255857382e-05,-0.003523411837128787,0.003461197411543049,-0.05172588521999877,-0.13504110942488168,0.9482741147800012,0.8649588905751183,-6.0619
2023-02-03,945746.1147800012,744077.1147800012,201669.0,8,856783.9653383335,4141.632,-0.002665895821258868,-0.009451229793533078,0.00678533397227421,-0.05425388521999874,-0.14321603466166644,0.9457461147800013,0.8567839653383336,-6.3123
2023-02-06,944443.1147800012,744077.1147800012,200366.0,8,845456.9451592991,4086.878,-0.00137774819228631,-0.013220392347750742,0.011842644155464432,-0.0555568852199988,-0.15454305484070097,0.9444431147800012,0.845456945159299,-6.4414
2023-02-07,944617.1147800012,744077.1147800012,200540.0,8,846978.6889668196,4094.234,0.00018423555349911247,0.0017999069216159125,-0.0016156713681168,-0.05538288521999879,-0.1530213110331804,0.9446171147800012,0.8469786889668196,-6.4241
2023-02-08,943629.1147800012,744077.1147800012,199552.0,8,843235.7701645535,4076.141,-0.0010459264230355814,-0.004419141651405445,0.0033732152283698635,-0.05637088521999878,-0.15676422983544647,0.9436291147800012,0.8432357701645535,-6.522
2023-02-09,945195.1147800012,744077.1147800012,201118.0,8,854554.9292418092,4130.857,0.0016595503206418005,0.013423480689210843,-0.011763930368569042,-0.05480488521999882,-0.1454450707581908,0.9451951147800012,0.8545549292418092,-6.3669
2023-02-10,946119.1147800012,744077.1147800012,202042.0,8,849476.8643637225,4106.31,0.0009775759370223014,-0.005942350461417556,0.006919926398439857,-0.053880885219998786,-0.1505231356362775,0.9461191147800012,0.8494768643637225,-6.2754
2023-02-13,946349.1147800012,744077.1147800012,202272.0,8,857185.7090134565,4143.574,0.00024309835453806272,0.009074814127525421,-0.008831715772987359,-0.05365088521999872,-0.14281429098654352,0.9463491147800013,0.8571857090134565,-6.2526
2023-02-14,946803.1147800012,744077.1147800012,202726.0,8,857540.699820105,4145.29,0.00047973838925763346,0.00041413523687539033,6.560315238224312e-05,-0.05319688521999877,-0.14245930017989505,0.9468031147800012,0.857540699820105,-6.2076
2023-02-15,946618.1147800012,744077.1147800012,202541.0,8,853072.0772009845,4123.689,-0.0001953943719787965,-0.005210974382974465,0.005015580010995668,-0.05338188521999876,-0.14692792279901556,0.9466181147800012,0.8530720772009844,-6.2259
2023-02-16,945601.1147800012,744077.1147800012,201524.0,8,846824.3631266332,4093.488,-0.0010743508751006603,-0.007323782176590021,0.006249431301489361,-0.054398885219998805,-0.15317563687336677,0.9456011147800012,0.8468243631266332,-6.3267
2023-02-17,944089.1147800012,744077.1147800012,200012.0,8,834622.898810243,4034.507,-0.001598982886512168,-0.0144084946627423,0.012809511776230131,-0.05591088521999876,-0.16537710118975701,0.9440891147800012,0.834622898810243,-6.4764
2023-02-20,950370.1147800012,744077.1147800012,206293.0,8,855099.6208466489,4133.49,0.006652973645886906,0.02453410044895188,-0.017881126803064973,-0.04962988521999878,-0.14490037915335108,0.9503701147800012,0.8550996208466489,-5.8542
2023-02-21,950930.1147800012,744077.1147800012,206853.0,8,857347.068471024,4144.354,0.0005892441179398133,0.002628287476200475,-0.0020390433582606615,-0.04906988521999878,-0.14265293152897596,0.9509301147800012,0.857347068471024,-5.7988
2023-02-22,950017.1147800012,744077.1147800012,205940.0,8,849609.468738467,4106.951,-0.0009601126158584883,-0.009025049501080296,0.008064936885221807,-0.04998288521999883,-0.150390531261533,0.9500171147800012,0.849609468738467,-5.8892
2023-02-23,949625.1147800012,744077.1147800012,205548.0,8,848925.7597547998,4103.646,-0.00041262414529319447,-0.0008047332437129961,0.0003921090984198017,-0.05037488521999878,-0.15107424024520022,0.9496251147800012,0.8489257597547998,-5.928
2023-02-24,948978.3649800012,765280.3649800012,183698.0,7,840113.050918425,4061.046,-0.0006810580195636406,-0.010381012397268075,0.009699954377704434,-0.05102163501999879,-0.15988694908157508,0.9489783649800012,0.8401130509184249,-5.9921
2023-02-27,948352.3649800012,765280.3649800012,183072.0,7,836554.4542657648,4043.844,-0.0006596567667938036,-0.004235854506449921,0.0035761977396561173,-0.051647635019998805,-0.1634455457342352,0.9483523649800012,0.8365544542657648,-6.0541
2023-02-28,949253.7214800012,801459.7214800012,147794.0,6,841853.4574780593,4069.459,0.0009504447221144741,0.006334319523700893,-0.005383874801586419,-0.0507462785199988,-0.15814654252194071,0.9492537214800012,0.8418534574780593,-5.9648
2023-03-01,955388.4882300013,339158.4882300013,616230.0,13,853745.0288874804,4126.942,0.006462726045925127,0.014125464834514823,-0.007662738788589696,-0.04461151176999867,-0.14625497111251962,0.9553884882300013,0.8537450288874804,-5.3571
2023-03-02,958344.4882300013,339158.4882300013,619186.0,13,851840.9872881848,4117.738,0.0030940293256793705,-0.002230222765427725,0.005324252091107096,-0.04165551176999871,-0.1481590127118152,0.9583444882300013,0.8518409872881848,-5.0643
2023-03-03,966169.4882300013,339158.4882300013,627011.0,13,854491.626685379,4130.551,0.008165122350160647,0.003111659848198167,0.00505346250196248,-0.03383051176999874,-0.14550837331462108,0.9661694882300013,0.8544916266853789,-4.2891
2023-03-06,964384.4882300013,339158.4882300013,625226.0,13,850035.4163322251,4109.01,-0.001847501935990592,-0.005215042738850206,0.0033675408028596143,-0.035615511769998665,-0.14996458366777488,0.9643844882300013,0.8500354163322251,-4.4659
2023-03-07,966164.4882300013,339158.4882300013,627006.0,13,837590.4647317874,4048.852,0.0018457368629674065,-0.014640509514457278,0.016486246377424685,-0.03383551176999866,-0.16240953526821256,0.9661644882300013,0.8375904647317874,-4.2896
2023-03-08,964094.4882300013,339158.4882300013,624936.0,13,834540.3572415643,4034.108,-0.0021424923242544525,-0.003641526042443499,0.0014990337181890467,-0.03590551176999868,-0.16545964275843572,0.9640944882300013,0.8345403572415643,-4.4947
2023-03-09,963207.8554700012,449045.8554700013,514162.0,11,831590.9959767709,4019.851,-0.0009196533854558542,-0.0035341146047652705,0.0026144612193094163,-0.036792144529998794,-0.16840900402322911,0.9632078554700012,0.8315909959767709,-4.5825
2023-03-10,956121.6232100013,515812.6232100013,440309.0,9,820685.5790984061,3967.135,-0.007356908708497034,-0.013113918898984056,0.005757010190487022,-0.04387837678999873,-0.17931442090159389,0.9561216232100013,0.8206855790984061,-5.2845
2023-03-13,956704.0286900012,574940.0286900012,381764.0,9,829281.2801514628,4008.686,0.0006091332586377618,0.010473805403647729,-0.009864672145009967,-0.04329597130999874,-0.17071871984853726,0.9567040286900013,0.8292812801514627,-5.2268
2023-03-14,954619.1581600013,586676.1581600013,367943.0,8,824318.4424757671,3984.696,-0.002179222066049813,-0.0059845046481565856,0.0038052825821067726,-0.04538084183999869,-0.17568155752423287,0.9546191581600013,0.8243184424757671,-5.4333
2023-03-15,956535.6294400013,618008.6294400013,338527.0,7,824774.8001211438,3986.902,0.0020075768054916843,0.0005536181430152443,0.00145395866247644,-0.04346437055999863,-0.1752251998788562,0.9565356294400014,0.8247748001211438,-5.2435
2023-03-16,955895.6294400013,618008.6294400013,337887.0,7,814896.4982515255,3939.151,-0.0006690811929030982,-0.011976968583627179,0.01130788739072408,-0.04410437055999872,-0.18510350174847456,0.9558956294400013,0.8148964982515254,-5.3069
2023-03-17,956245.6294400013,618008.6294400013,338237.0,7,818965.2390354179,3958.819,0.00036614876061835666,0.004992954065482502,-0.0046268053048641455,-0.043754370559998645,-0.18103476096458204,0.9562456294400014,0.818965239035418,-5.2722
2023-03-20,955434.6294400013,618008.6294400013,337426.0,7,814881.1897901666,3939.077,-0.0008481084514602166,-0.004986840772462475,0.004138732321002259,-0.04456537055999865,-0.18511881020983345,0.9554346294400013,0.8148811897901665,-5.3525
2023-03-21,956312.6294400013,618008.6294400013,338304.0,7,823838.9152672527,3982.378,0.0009189535034066498,0.010992676710813276,-0.010073723207406626,-0.04368737055999872,-0.17616108473274728,0.9563126294400013,0.8238389152672527,-5.2656
2023-03-22,958082.5832400013,651336.5832400013,306746.0,6,827369.1705792889,3999.443,0.0018508108598715989,0.0042851281319855605,-0.0024343172721139616,-0.041917416759998605,-0.17263082942071117,0.9580825832400014,0.8273691705792888,-5.0902
2023-03-23,960490.5832400013,651336.5832400013,309154.0,6,835570.9890590013,4039.09,0.0025133532767673827,0.009913130403408577,-0.007399777126641194,-0.03950941675999864,-0.1644290109409987,0.9604905832400014,0.8355709890590013,-4.8517
2023-03-24,959550.5832400013,651336.5832400013,308214.0,6,833079.4335372807,4027.046,-0.000978666544370621,-0.0029818597753454856,0.0020031932309748646,-0.04044941675999869,-0.16692056646271936,0.9595505832400013,0.8330794335372806,-4.9448
2023-03-27,956992.5832400013,651336.5832400013,305656.0,6,830065.5284894604,4012.477,-0.0026658313221620267,-0.00361778832424553,0.0009519570020835033,-0.04300741675999864,-0.16993447151053964,0.9569925832400014,0.8300655284894604,-5.1982
2023-03-28,956970.5832400013,651336.5832400013,305634.0,6,827384.0652984488,3999.515,-2.2988683909708207e-05,-0.0032304235014930516,0.0032074348175833434,-0.04302941675999861,-0.17261593470155123,0.9569705832400014,0.8273840652984488,-5.2004
2023-03-29,955740.3663000014,480290.3663000014,475450.0,11,828755.4138166725,4006.144,-0.0012855326606120432,0.0016574509659297298,-0.002942983626541773,-0.044259633699998635,-0.1712445861833275,0.9557403663000014,0.8287554138166725,-5.3222
2023-03-30,957165.5775200014,507512.57752000145,449653.0,9,835454.3137589141,4038.526,0.0014912117037784167,0.008083084382388694,-0.006591872678610278,-0.04283442247999858,-0.1645456862410859,0.9571655775200014,0.8354543137589141,-5.1811
2023-03-31,962823.5775200014,507512.57752000145,455311.0,9,838019.5153920373,4050.926,0.005911202965175333,0.0030704271806099026,0.0028407757845654302,-0.03717642247999853,-0.16198048460796266,0.9628235775200015,0.8380195153920373,-4.6206
2023-04-03,977939.5775200014,507512.57752000145,470427.0,9,846220.2995162527,4090.568,0.015699657084566887,0.00978591067820056,0.005913746406366327,-0.02206042247999851,-0.15377970048374734,0.9779395775200015,0.8462202995162527,-3.1231
2023-04-04,992357.5775200014,507512.57752000145,484845.0,9,848813.8424899998,4103.105,0.014743242150566438,0.0030648555408441247,0.011678386609722313,-0.0076424224799985785,-0.1511861575100002,0.9923575775200014,0.8488138424899998,-1.6949
2023-04-06,998253.5775200014,507512.57752000145,490741.0,9,847476.4208320853,4096.64,0.005941406740435973,-0.001575636012239423,0.007517042752675396,-0.0017464224799985661,-0.1525235791679147,0.9982535775200014,0.8474764208320853,-1.1108
2023-04-07,999937.5775200014,507512.57752000145,492425.0,9,852987.4669213112,4123.28,0.001686946120627697,0.006502890173410325,-0.004815944052782628,-6.242247999854733e-05,-0.14701253307868878,0.9999375775200015,0.8529874669213112,-0.944
2023-04-10,996014.3640600014,644810.3640600014,351204.0,8,849166.9714567531,4104.812,-0.003923458372001698,-0.004478958499059105,0.0005555001270574067,-0.003985635939998566,-0.15083302854324687,0.9960143640600014,0.8491669714567531,-1.3326
2023-04-11,994740.3640600014,644810.3640600014,349930.0,8,848202.1246489398,4100.148,-0.001279098019035474,-0.0011362274325837918,-0.00014287058645168216,-0.005259635939998564,-0.15179787535106015,0.9947403640600014,0.8482021246489398,-1.4588
2023-04-12,994331.3640600014,644810.3640600014,349521.0,8,847610.4733045257,4097.288,-0.0004111625654061868,-0.0006975357962690776,0.0002863732308628908,-0.005668635939998556,-0.15238952669547423,0.9943313640600014,0.8476104733045258,-1.4993
2023-04-13,991664.3640600014,644810.3640600014,346854.0,8,841754.1593503254,4068.979,-0.0026822044404898326,-0.006909204332231411,0.0042269998917415785,-0.008335635939998531,-0.15824584064967462,0.9916643640600015,0.8417541593503254,-1.7635
2023-04-14,992257.0666200015,681508.0666200015,310749.0,7,846516.3320595591,4091.999,0.0005976846415791659,0.0056574388808594556,-0.00505975423928029,-0.00774293337999854,-0.15348366794044088,0.9922570666200015,0.8465163320595591,-1.7048
2023-04-17,997272.0666200015,681508.0666200015,315764.0,7,858387.6301012344,4149.384,0.00505413382147335,0.014023708216937436,-0.008969574395464086,-0.0027279333799985483,-0.14161236989876558,0.9972720666200015,0.8583876301012344,-1.208
2023-04-18,996682.0666200015,681508.0666200015,315174.0,7,861004.1357670202,4162.032,-0.0005916138832602336,0.003048163293635886,-0.0036397771768961196,-0.0033179333799985278,-0.13899586423297983,0.9966820666200015,0.8610041357670202,-1.2665
2023-04-19,993568.0666200015,681508.0666200015,312060.0,7,853252.0550575019,4124.559,-0.003124366439701598,-0.009003534811842018,0.00587916837214042,-0.006431933379998589,-0.1467479449424981,0.9935680666200014,0.8532520550575019,-1.575
2023-04-20,990472.0666200015,681508.0666200015,308964.0,7,850864.7625699019,4113.019,-0.003116042175683287,-0.002797874875835049,-0.00031816729984823766,-0.009527933379998577,-0.14913523743009816,0.9904720666200014,0.8508647625699018,-1.8817
2023-04-21,982942.0666200015,681508.0666200015,301434.0,7,834221.5688773188,4032.567,-0.007602435498959781,-0.0195603278273212,0.011957892328361419,-0.017057933379998502,-0.1657784311226812,0.9829420666200015,0.8342215688773188,-2.6276
2023-04-24,977881.0338200015,749702.0338200015,228179.0,5,823893.7361086057,3982.643,-0.005148861740553068,-0.012380203478330132,0.007231341737777064,-0.022118966179998423,-0.17610626389139428,0.9778810338200016,0.8238937361086057,-3.1289
2023-04-25,979209.8349400015,808515.8349400015,170694.0,3,819761.0721549846,3962.666,0.0013588576463223756,-0.0050160157463272625,0.006374873392649638,-0.020790165059998533,-0.18023892784501538,0.9792098349400015,0.8197610721549846,-2.9973
2023-04-26,976251.8349400015,808515.8349400015,167736.0,3,819050.676799489,3959.232,-0.0030208029928348035,-0.0008665883019159937,-0.00215421469091881,-0.02374816505999855,-0.18094932320051105,0.9762518349400015,0.819050676799489,-3.2903
2023-04-27,977895.2099900014,719629.2099900014,258266.0,8,825088.6235790023,3988.419,0.0016833515607177496,0.007371884244216975,-0.005688532683499226,-0.022104790009998654,-0.17491137642099763,0.9778952099900013,0.8250886235790024,-3.1275
2023-04-28,980020.2099900014,719629.2099900014,260391.0,8,833501.4505801492,4029.086,0.0021730344706583082,0.010196270752897307,-0.008023236282238999,-0.01997979000999861,-0.16649854941985076,0.9800202099900014,0.8335014505801492,-2.917
2023-05-04,982889.2099900014,719629.2099900014,263260.0,8,833741.6279266054,4030.247,0.0029274906484115792,0.0002881546832209647,0.0026393359651906145,-0.0171107900099986,-0.16625837207339456,0.9828892099900014,0.8337416279266054,-2.6328
2023-05-05,981126.2099900014,719629.2099900014,261497.0,8,830975.7613270202,4016.877,-0.0017936914782266111,-0.0033174145405975297,0.0015237230623709186,-0.01887379000999856,-0.16902423867297978,0.9811262099900014,0.8309757613270202,-2.8075
2023-05-08,985030.2099900014,719629.2099900014,265401.0,8,840447.3546151287,4062.662,0.003979100711252848,0.011398158320506058,-0.00741905760925321,-0.014969790009998651,-0.15955264538487124,0.9850302099900013,0.8404473546151288,-2.4207
2023-05-09,980324.2099900014,719629.2099900014,260695.0,8,833250.9296787209,4027.875,-0.004777518447934503,-0.008562612395518032,0.003785093947583529,-0.01967579000999864,-0.16674907032127906,0.9803242099900014,0.8332509296787209,-2.8869
2023-05-10,980944.7857900014,753256.7857900014,227688.0,7,826836.8912404157,3996.87,0.0006330311887394746,-0.007697607299134046,0.00833063848787352,-0.01905521420999856,-0.1731631087595843,0.9809447857900014,0.8268368912404157,-2.8254
2023-05-11,982880.9074900014,790414.9074900014,192466.0,6,825553.0491972575,3990.664,0.0019737315780121722,-0.0015527149994870593,0.0035264465774992315,-0.017119092509998546,-0.17444695080274253,0.9828809074900015,0.8255530491972575,-2.6336
2023-05-12,979910.9074900014,790414.9074900014,189496.0,6,814609.1542943958,3937.762,-0.003021729262789874,-0.013256440532202207,0.010234711269412333,-0.020089092509998574,-0.18539084570560416,0.9799109074900014,0.8146091542943958,-2.9279
2023-05-15,982112.9074900014,790414.9074900014,191698.0,6,827254.1502479971,3998.887,0.0022471430649142476,0.015522776643179581,-0.013275633578265333,-0.017887092509998537,-0.1727458497520029,0.9821129074900015,0.8272541502479971,-2.7097
2023-05-16,982247.9074900014,790414.9074900014,191833.0,6,822975.6421692669,3978.205,0.00013745873714765544,-0.00517193909205238,0.0053093978292000354,-0.01775209250999854,-0.17702435783073311,0.9822479074900015,0.8229756421692669,-2.6964
2023-05-17,980657.9074900014,790414.9074900014,190243.0,6,819243.6875352715,3960.165,-0.001618735950339678,-0.004534708492900719,0.0029159725425610405,-0.019342092509998632,-0.18075631246472845,0.9806579074900014,0.8192436875352715,-2.8539
2023-05-18,978513.9074900014,790414.9074900014,188099.0,6,818396.5503830425,3956.07,-0.002186287372614504,-0.0010340478237649275,-0.0011522395488495762,-0.021486092509998556,-0.1816034496169574,0.9785139074900014,0.8183965503830426,-3.0663
2023-05-19,977792.9074900014,790414.9074900014,187378.0,6,816011.3266064369,3944.54,-0.0007368316326228364,-0.0029145085905961654,0.002177676957973329,-0.022207092509998638,-0.18398867339356317,0.9777929074900014,0.8160113266064368,-3.1377
2023-05-22,977840.8797900014,856226.8797900014,121614.0,4,821139.24741949,3969.328,4.906182038388884e-05,0.006284129454892096,-0.006235067634508207,-0.02215912020999855,-0.17886075258051004,0.9778408797900014,0.82113924741949,-3.1329
2023-05-23,977285.0771500014,890947.0771500014,86338.0,3,809525.5038966241,3913.188,-0.0005683978359745101,-0.014143451989858336,0.013575054153883825,-0.022714922849998542,-0.19047449610337597,0.9772850771500015,0.809525503896624,-3.188
2023-05-24,976539.0771500014,890947.0771500014,85592.0,3,798335.0186432236,3859.094,-0.0007633391908280496,-0.013823511673857647,0.013060172483029597,-0.023460922849998567,-0.20166498135677646,0.9765390771500014,0.7983350186432235,-3.2619
2023-05-25,975625.0771500014,890947.0771500014,84678.0,3,796557.1684145896,3850.5,-0.0009359584489618822,-0.002226947568522597,0.0012909891195607148,-0.024374922849998537,-0.20344283158541043,0.9756250771500015,0.7965571684145896,-3.3524
2023-05-26,974577.0771500014,890947.0771500014,83630.0,3,796650.4672804395,3850.951,-0.0010741831309435401,0.00011712764576032875,-0.0011913107767038689,-0.025422922849998586,-0.20334953271956058,0.9745770771500014,0.7966504672804394,-3.4562
2023-05-29,973535.1520300014,919423.1520300014,54112.0,2,793131.7967499723,3833.942,-0.001069104891166739,-0.004416831063288051,0.0033477261721213125,-0.026464847969998595,-0.20686820325002775,0.9735351520300014,0.7931317967499723,-3.5595
2023-05-30,968847.7163700014,371875.71637000144,596972.0,8,793920.1825099587,3837.753,-0.004814860203276483,0.0009940160805770315,-0.005808876283853515,-0.031152283629998556,-0.20607981749004123,0.9688477163700014,0.7939201825099588,-4.0238
2023-05-31,958037.4766300014,97805.47663000143,860232.0,8,785808.7667007039,3798.543,-0.011157831677100827,-0.010216915992248499,-0.0009409156848523281,-0.041962523369998506,-0.21419123329929612,0.9580374766300015,0.7858087667007039,-5.0947
2023-06-01,959712.8824700015,70477.88247000144,889235.0,8,787530.968603587,3806.868,0.001748789458522415,0.0021916297906854343,-0.0004428403321630192,-0.040287117529998584,-0.21246903139641304,0.9597128824700014,0.787530968603587,-4.9287
2023-06-02,978938.7141900015,53644.71419000144,925294.0,8,798901.8454557039,3861.834,0.02003289949648135,0.01443864089850222,0.005594258597979129,-0.021061285809998553,-0.20109815454429614,0.9789387141900014,0.7989018454557039,-3.0242
2023-06-05,975203.7141900015,53644.71419000144,921559.0,8,795264.0171719561,3844.249,-0.003815356309705642,-0.004553535962446897,0.0007381796527412554,-0.024796285809998486,-0.20473598282804384,0.9752037141900015,0.7952640171719562,-3.3942
2023-06-06,964870.7141900015,53644.71419000144,911226.0,8,787798.8666773689,3808.163,-0.010595734870208706,-0.009387009010082159,-0.0012087258601265471,-0.03512928580999852,-0.21220113332263113,0.9648707141900015,0.7877988666773689,-4.4178
2023-06-07,956449.7141900015,53644.71419000144,902805.0,8,783905.3457147066,3789.342,-0.008727594149304574,-0.004942277943459916,-0.0037853162058446577,-0.043550285809998535,-0.2160946542852934,0.9564497141900015,0.7839053457147066,-5.252
2023-06-08,961971.7141900015,53644.71419000144,908327.0,8,790286.2847771005,3820.187,0.005773434732715188,0.008139935640541385,-0.0023665009078261967,-0.03802828580999851,-0.2097137152228995,0.9619717141900015,0.7902862847771005,-4.705
2023-06-09,945969.7141900015,53644.71419000144,892325.0,8,793702.967855541,3836.703,-0.016634584742935,0.004323348569062135,-0.020957933311997134,-0.05403028580999847,-0.20629703214445894,0.9459697141900015,0.7937029678555411,-6.2902
2023-06-12,952478.2473900014,77794.24739000144,874684.0,8,795301.8745831547,3844.432,0.006880276506074923,0.0020144900452290226,0.0048657864608459,-0.04752175260999858,-0.2046981254168453,0.9524782473900014,0.7953018745831547,-5.6454
2023-06-13,952465.2380300014,99203.23803000145,853262.0,8,799537.5603442998,3864.907,-1.365843265788147e-05,0.005325884291879968,-0.005339542724537849,-0.04753476196999862,-0.2004624396557002,0.9524652380300014,0.7995375603442998,-5.6467
2023-06-14,949490.8568700014,141515.85687000147,807975.0,7,799355.1000345888,3864.025,-0.0031228238483033133,-0.00022820730227157693,-0.0028946165460317363,-0.050509143129998546,-0.20064489996541113,0.9494908568700015,0.7993551000345889,-5.9413
2023-06-15,955115.8568700014,141515.85687000147,813600.0,7,812072.2940018966,3925.499,0.0059242276629634105,0.015909317356901154,-0.009985089693937743,-0.044884143129998555,-0.18792770599810338,0.9551158568700014,0.8120722940018966,-5.3841
2023-06-16,955433.8568700014,141515.85687000147,813918.0,7,819902.7788581047,3963.351,0.0003329439017398794,0.009642595756615968,-0.009309651854876089,-0.044566143129998625,-0.1800972211418953,0.9554338568700014,0.8199027788581047,-5.3526
2023-06-19,953507.8568700014,141515.85687000147,811992.0,7,813191.2597787969,3930.908,-0.0020158381306577544,-0.00818574988690135,0.006169911756243596,-0.04649214312999861,-0.18680874022120308,0.9535078568700014,0.8131912597787969,-5.5434
2023-06-20,940934.8568700014,141515.85687000147,799419.0,7,811811.4295454959,3924.238,-0.013186047612939733,-0.0016968089815382337,-0.0114892386314015,-0.059065143129998554,-0.1881885704545041,0.9409348568700014,0.8118114295454959,-6.7889
2023-06-21,927782.5844700015,201180.58447000146,726602.0,7,799356.5481322851,3864.032,-0.013977877749954626,-0.015342086794939314,0.0013642090449846878,-0.0722174155299985,-0.20064345186771493,0.9277825844700015,0.7993565481322851,-8.0918
2023-06-26,922859.8076500015,327827.8076500015,595032.0,6,788116.0000728187,3809.696,-0.005305959502152291,-0.014061995345794331,0.00875603584364204,-0.07714019234999847,-0.21188399992718132,0.9228598076500015,0.7881160000728187,-8.5795
2023-06-27,935129.5279700016,359755.5279700015,575374.0,5,795508.9525536996,3845.433,0.013295324184985358,0.009380538499659696,0.003914785685325661,-0.0648704720299984,-0.20449104744630042,0.9351295279700016,0.7955089525536996,-7.364
2023-06-28,936957.5279700016,359755.5279700015,577202.0,5,794550.3118788695,3840.799,0.0019548094090968693,-0.0012050658534422665,0.0031598752625391358,-0.06304247202999846,-0.2054496881211304,0.9369575279700015,0.7945503118788696,-7.1829
2023-06-29,932129.5836200016,30444.583620001533,901685.0,11,790629.0701888816,3821.844,-0.005152788900111838,-0.004935171041233866,-0.00021761785887797203,-0.06787041637999847,-0.20937092981111838,0.9321295836200015,0.7906290701888816,-7.6612
2023-06-30,937187.7151000015,30463.715100001522,906724.0,10,794892.2698062528,3842.452,0.0054264252190734386,0.005392161480165081,3.4263738908357766e-05,-0.06281228489999846,-0.20510773019374717,0.9371877151000015,0.7948922698062528,-7.1601
2023-07-03,947667.6835400015,49225.68354000151,898442.0,10,805324.7793512853,3892.882,0.01118235788961619,0.01312443200331459,-0.0019420741136983999,-0.052332316459998474,-0.19467522064871468,0.9476676835400015,0.8053247793512853,-6.1219
2023-07-04,945953.8022100015,54048.80221000151,891905.0,9,806593.1060619853,3899.013,-0.0018085256675608452,0.0015749257234101144,-0.0033834513909709596,-0.05404619778999853,-0.1934068939380148,0.9459538022100015,0.8065931060619852,-6.2917
2023-07-05,947123.8022100015,54048.80221000151,893075.0,9,800343.943889938,3868.805,0.0012368468706045466,-0.007747601764857004,0.00898444863546155,-0.052876197789998525,-0.1996560561100621,0.9471238022100015,0.8003439438899379,-6.1758
2023-07-06,943629.8022100015,54048.80221000151,889581.0,9,794954.9517493848,3842.755,-0.0036890636597318727,-0.006733345309468897,0.003044281649737024,-0.05637019778999852,-0.2050450482506152,0.9436298022100015,0.7949549517493848,-6.5219
2023-07-07,938079.8022100015,54048.80221000151,884031.0,9,791426.5582772437,3825.699,-0.005881543786558807,-0.004438482286796774,-0.0014430614997620328,-0.061920197789998466,-0.20857344172275627,0.9380798022100015,0.7914265582772437,-7.0717
2023-07-10,942503.4492300015,161336.4492300015,781167.0,8,795280.153117713,3844.327,0.004715640406688815,0.004869175541515336,-0.00015353513482652126,-0.05749655076999849,-0.20471984688228695,0.9425034492300015,0.795280153117713,-6.6335
2023-07-11,953464.4492300015,161336.4492300015,792128.0,8,800484.8231086603,3869.486,0.01162966566218393,0.006544448482139975,0.005085217180043955,-0.04653555076999849,-0.19951517689133969,0.9534644492300015,0.8004848231086603,-5.5477
2023-07-12,960861.4492300015,161336.4492300015,799525.0,8,795096.0378392065,3843.437,0.0077580239158090425,-0.006731901859833633,0.014489925775642676,-0.039138550769998504,-0.20490396216079343,0.9608614492300015,0.7950960378392066,-4.8149
2023-07-13,966655.4492300015,161336.4492300015,805319.0,8,806471.0521133124,3898.423,0.006030005683590689,0.014306465801312784,-0.008276460117722095,-0.03334455076999843,-0.19352894788668762,0.9666554492300016,0.8064710521133124,-4.241
2023-07-14,964649.4492300015,161336.4492300015,803313.0,8,806611.7244609353,3899.103,-0.002075196494881304,0.00017442950649537714,-0.002249626001376681,-0.03535055076999849,-0.19338827553906468,0.9646494492300015,0.8066117244609353,-4.4397
2023-07-17,966015.4492300015,161336.4492300015,804679.0,8,800006.743997842,3867.175,0.0014160584459881331,-0.008188550033174313,0.009604608479162446,-0.03398455076999851,-0.199993256002158,0.9660154492300015,0.800006743997842,-4.3044
2023-07-18,968346.4492300015,161336.4492300015,807010.0,8,797475.4692250277,3854.939,0.002413004887093617,-0.003164066792943232,0.005577071680036849,-0.03165355076999843,-0.20252453077497223,0.9683464492300016,0.7974754692250278,-4.0735
2023-07-19,971034.4492300015,161336.4492300015,809698.0,8,796632.8832369866,3850.866,0.0027758660158638815,-0.0010565666538432383,0.00383243266970712,-0.028965550769998405,-0.20336711676301344,0.9710344492300016,0.7966328832369866,-3.8072
2023-07-20,968544.4492300015,161336.4492300015,807208.0,8,791011.9885939552,3823.695,-0.002564275656723125,-0.007055815497085449,0.004491539840362324,-0.03145555076999851,-0.20898801140604484,0.9685444492300015,0.7910119885939552,-4.0538
2023-07-21,968074.4492300015,161336.4492300015,806738.0,8,790642.723681445,3821.91,-0.0004852642543908825,-0.00046682593669222783,-1.843831769865467e-05,-0.03192555076999848,-0.20935727631855505,0.9680744492300015,0.790642723681445,-4.1004
2023-07-24,966828.0552300015,263108.0552300015,703720.0,8,787190.2519028003,3805.221,-0.001287498085494776,-0.004366664835121825,0.003079166749627049,-0.03317194476999852,-0.21280974809719977,0.9668280552300015,0.7871902519028002,-4.2239
2023-07-25,979280.9022100015,268199.9022100015,711081.0,7,809924.1445052553,3915.115,0.012880105115524065,0.02887979436673982,-0.015999689251215754,-0.020719097789998475,-0.1900758554947447,0.9792809022100015,0.8099241445052553,-2.9903
2023-07-26,980808.9022100015,268199.9022100015,712609.0,7,808248.0748575486,3907.013,0.0015603286008658568,-0.0020694155854935614,0.003629744186359418,-0.0191910977899985,-0.19175192514245143,0.9808089022100015,0.8082480748575486,-2.8389
2023-07-27,977826.5279300015,155618.52793000147,822208.0,13,807282.6074364368,3902.346,-0.00304072921165377,-0.001194518677055889,-0.0018462105345978808,-0.022173472069998534,-0.19271739256356324,0.9778265279300015,0.8072826074364368,-3.1343
2023-07-28,985584.2281900014,166973.22819000145,818611.0,9,825982.0998575072,3992.738,0.007933616074440764,0.023163502159982752,-0.015229886085541988,-0.014415771809998534,-0.17401790014249285,0.9855842281900015,0.8259820998575071,-2.3659
2023-07-31,988197.2939900014,90283.29399000145,897914.0,9,830510.9219665664,4014.63,0.0026512861359386797,0.005482954303538179,-0.0028316681675994992,-0.011802706009998554,-0.1694890780334336,0.9881972939900014,0.8305109219665664,-2.107
2023-08-01,994245.5891100015,64488.58911000144,929757.0,9,827070.8624538885,3998.001,0.006120533983228205,-0.004142100268268778,0.010262634251496983,-0.005754410889998507,-0.1729291375461115,0.9942455891100015,0.8270708624538885,-1.5078
2023-08-02,989823.4696400014,52536.46964000144,937287.0,9,821256.5433328755,3969.895,-0.0044477134406585295,-0.007030013249121336,0.002582299808462807,-0.010176530359998548,-0.17874345666712455,0.9898234696400015,0.8212565433328755,-1.9459
2023-08-03,990779.4696400014,52536.46964000144,938243.0,9,828515.4433413157,4004.984,0.0009658287859628523,0.008838772813890339,-0.007872944027927486,-0.009220530359998591,-0.17148455665868423,0.9907794696400014,0.8285154433413158,-1.8512
2023-08-04,988916.4696400014,52536.46964000144,936380.0,9,831741.5981371672,4020.579,-0.0018803377109508634,0.003893898202839363,-0.005774235913790227,-0.011083530359998539,-0.1682584018628328,0.9889164696400015,0.8317415981371672,-2.0358
2023-08-07,987840.4696400014,52536.46964000144,935304.0,9,825447.3380654408,3990.153,-0.0010880595409556992,-0.007567566760906863,0.006479507219951164,-0.012159530359998616,-0.1745526619345592,0.9878404696400014,0.8254473380654408,-2.1423
2023-08-08,985923.4696400014,52536.46964000144,933387.0,9,823291.53433812,3979.732,-0.0019405967450377704,-0.0026116793015205086,0.0006710825564827383,-0.014076530359998563,-0.17670846566188003,0.9859234696400014,0.82329153433812,-2.3322
2023-08-09,977874.4696400014,52536.46964000144,925338.0,9,820774.5336711677,3967.565,-0.00816391966299268,-0.0030572410403513217,-0.0051066786226413585,-0.022125530359998535,-0.1792254663288323,0.9778744696400015,0.8207745336711677,-3.1296
2023-08-10,986095.8309000015,116454.83090000143,869641.0,9,822460.9468738467,3975.717,0.008407378978844582,0.0020546607301958897,0.006352718248648692,-0.013904169099998587,-0.17753905312615326,0.9860958309000014,0.8224609468738467,-2.3152
2023-08-11,967174.6393600014,150690.63936000143,816484.0,8,803539.8955052702,3884.254,-0.019187984521474744,-0.02300541009332413,0.0038174255718493866,-0.032825360639998524,-0.19646010449472973,0.9671746393600015,0.8035398955052703,-4.1895
2023-08-14,967256.7792000014,234600.77920000145,732656.0,8,797675.5135781914,3855.906,8.492761974632224e-05,-0.007298183898375443,0.0073831115181217655,-0.032743220799998585,-0.20232448642180856,0.9672567792000014,0.7976755135781914,-4.1814
2023-08-15,970831.3989400014,335024.39894000144,635807.0,7,795737.1313763879,3846.536,0.0036956264529430793,-0.002430038491602171,0.0061256649445452505,-0.029168601059998633,-0.2042628686236121,0.9708313989400014,0.7957371313763879,-3.8273
2023-08-16,963726.9797000014,355172.9797000014,608554.0,6,789902.9526298281,3818.334,-0.007317871308815227,-0.007331791513195296,1.3920204380069023e-05,-0.03627302029999857,-0.21009704737017187,0.9637269797000014,0.7899029526298281,-4.5311
2023-08-17,965853.9797000014,355172.9797000014,610681.0,6,792544.075956448,3831.101,0.002207056609188296,0.003343604828702995,-0.0011365482195146992,-0.03414602029999858,-0.20745592404355206,0.9658539797000014,0.7925440759564479,-4.3204
2023-08-18,964550.9797000014,355172.9797000014,609378.0,6,782801.0677858669,3784.004,-0.0013490652079776178,-0.012293332908738352,0.010944267700760735,-0.035449020299998524,-0.2171989322141331,0.9645509797000015,0.7828010677858669,-4.4495
2023-08-21,959005.4951000013,502197.4951000014,456808.0,6,771537.1432921631,3729.555,-0.005749291345621632,-0.014389255402478596,0.008639964056856964,-0.040994504899998674,-0.22846285670783684,0.9590054951000013,0.7715371432921632,-4.9988
2023-08-22,959388.1571600015,546061.1571600015,413327.0,4,777468.5514554624,3758.227,0.00039901967398026095,0.007687780445656545,-0.007288760771676284,-0.040611842839998524,-0.22253144854453766,0.9593881571600015,0.7774685514554623,-4.9609
2023-08-23,959084.1571600015,546061.1571600015,413023.0,4,764726.7398273206,3696.634,-0.00031686861853696957,-0.01638884505911964,0.01607197644058267,-0.040915842839998495,-0.23527326017267947,0.9590841571600015,0.7647267398273205,-4.991
2023-08-24,961230.7744600016,153508.7744600016,807722.0,10,770269.8509369607,3723.429,0.0022381949320866568,0.007248486055151826,-0.005010291123065169,-0.0387692255399984,-0.22973014906303935,0.9612307744600016,0.7702698509369607,-4.7784
2023-08-25,959757.6028500015,50208.60285000158,909549.0,9,767316.3522501783,3709.152,-0.0015325888945114663,-0.0038343688035947787,0.0023017799090833124,-0.04024239714999844,-0.23268364774982164,0.9597576028500016,0.7673163522501784,-4.9243
2023-08-28,973414.6028500015,50208.60285000158,923206.0,9,776308.4183297725,3752.619,0.014229634607160646,0.01171885110127624,0.0025107835058844064,-0.026585397149998413,-0.2236915816702275,0.9734146028500016,0.7763084183297725,-3.5714
2023-08-29,985039.0695300016,142945.06953000158,842094.0,9,784063.6021057823,3790.107,0.01194194811333782,0.009989823107541485,0.0019521250057963346,-0.014960930469998357,-0.2159363978942177,0.9850390695300016,0.7840636021057823,-2.4199
2023-08-30,972646.1643500016,152553.16435000158,820093.0,8,783733.228959968,3788.51,-0.012581130600142654,-0.00042136013574278763,-0.012159770464399866,-0.02735383564999838,-0.216266771040032,0.9726461643500016,0.783733228959968,-3.6475
2023-08-31,967578.2212300017,247143.2212300016,720435.0,7,778925.1308666575,3765.268,-0.005210469444853816,-0.006134865685982094,0.000924396241128278,-0.0324217787699983,-0.2210748691333425,0.9675782212300017,0.7789251308666575,-4.1496
2023-09-01,976531.9298300017,350079.9298300016,626452.0,6,784349.9117074148,3791.491,0.009253731019924993,0.006964444496381228,0.0022892865235437654,-0.0234680701699983,-0.21565008829258525,0.9765319298300017,0.7843499117074147,-3.2626
2023-09-04,988062.9298300017,350079.9298300016,637983.0,6,796236.9319526481,3848.952,0.011808113639466322,0.015155251588359286,-0.0033471379488929642,-0.011937070169998343,-0.2037630680473519,0.9880629298300017,0.7962369319526481,-2.1203
2023-09-05,986384.9298300017,350079.9298300016,636305.0,6,790313.1780200284,3820.317,-0.001698272396768008,-0.007439687478565715,0.005741415081797707,-0.0136150701699983,-0.20968682197997157,0.9863849298300017,0.7903131780200284,-2.2865
2023-09-06,982035.9298300017,350079.9298300016,631956.0,6,788598.4234767254,3812.028,-0.004409029242518514,-0.0021697152356727756,-0.0022393140068457384,-0.017964070169998347,-0.21140157652327463,0.9820359298300017,0.7885984234767254,-2.7174
2023-09-07,974697.9298300017,350079.9298300016,624618.0,6,777519.8554881248,3758.475,-0.007472231694486187,-0.01404842776600801,0.006576196071521823,-0.025302070169998303,-0.22248014451187526,0.9746979298300017,0.7775198554881247,-3.4443
2023-09-08,974837.3135100016,394278.31351000164,580559.0,6,773696.4638281745,3739.993,0.00014300192473393203,-0.0049174199642142424,0.0050604218889481745,-0.02516268648999831,-0.22630353617182553,0.9748373135100017,0.7736964638281745,-3.4305
2023-09-11,979509.3893500017,445455.38935000164,534054.0,5,779394.5213912992,3767.537,0.004792672351838556,0.0073647196665875825,-0.0025720473147490264,-0.020490610649998353,-0.22060547860870083,0.9795093893500016,0.7793945213912992,-2.9676
2023-09-12,977199.3893500017,445455.38935000164,531744.0,5,777960.4909299436,3760.605,-0.0023583234883872706,-0.0018399288447598083,-0.0005183946436274622,-0.022800610649998276,-0.22203950907005643,0.9771993893500017,0.7779604909299436,-3.1965
2023-09-13,974685.3893500017,445455.38935000164,529230.0,5,773005.1006138279,3736.651,-0.0025726581774393464,-0.006369719765835669,0.003797061588396322,-0.025314610649998293,-0.226994899386172,0.9746853893500017,0.773005100613828,-3.4455
2023-09-14,977714.9985100017,553781.9985100017,423933.0,4,772354.904748271,3733.508,0.00310829442310645,-0.0008411275230145732,0.003949421946121023,-0.022285001489998346,-0.22764509525172905,0.9777149985100017,0.772354904748271,-3.1454
2023-09-15,975423.9985100017,553781.9985100017,421642.0,4,767238.7755878863,3708.777,-0.0023432186306759917,-0.006624065088383313,0.004280846457707321,-0.024576001489998278,-0.23276122441211367,0.9754239985100017,0.7672387755878863,-3.3723
2023-09-18,974667.9985100017,553781.9985100017,420886.0,4,771155.6729847859,3727.711,-0.0007750475702410498,0.005105186965945752,-0.005880234536186801,-0.025332001489998257,-0.22884432701521418,0.9746679985100017,0.7711556729847858,-3.4472
2023-09-19,976605.9985100017,553781.9985100017,422824.0,4,769664.3392288839,3720.502,0.001988369375995447,-0.0019338945535208873,0.003922263929516334,-0.023394001489998262,-0.2303356607711161,0.9766059985100017,0.7696643392288839,-3.2553
2023-09-20,977390.9985100017,553781.9985100017,423609.0,4,766600.1645038984,3705.69,0.000803804196572333,-0.0039811831844196455,0.0047849873809919785,-0.022609001489998337,-0.23339983549610166,0.9773909985100017,0.7666001645038983,-3.1775
2023-09-21,972001.3607700017,210980.36077000166,761021.0,11,759722.7348028354,3672.445,-0.00551431080111886,-0.008971338671070694,0.003457027869951834,-0.027998639229998346,-0.24027726519716464,0.9720013607700017,0.7597227348028354,-3.7114
2023-09-22,976481.7273100016,68163.72731000163,908318.0,9,773477.1804627624,3738.933,0.004609424143656282,0.01810455976876435,-0.013495135625108068,-0.0235182726899984,-0.22652281953723763,0.9764817273100016,0.7734771804627624,-3.2676
2023-09-25,978217.4757500016,93475.47575000163,884742.0,9,768444.2134843548,3714.604,0.0017775534261983417,-0.006506936604640856,0.008284490030839198,-0.02178252424999838,-0.23155578651564523,0.9782174757500016,0.7684442134843548,-3.0956
2023-09-26,973280.0693100016,111905.06931000162,861375.0,9,763952.8350442952,3692.893,-0.005047350474100432,-0.005844768379078991,0.000797417904978559,-0.02671993068999845,-0.23604716495570477,0.9732800693100015,0.7639528350442952,-3.5847
2023-09-27,973307.6800300016,124421.68003000162,848886.0,8,765525.4691422794,3700.495,2.8368730513150808e-05,0.0020585486771482753,-0.0020301799466351245,-0.026692319969998435,-0.23447453085772063,0.9733076800300016,0.7655254691422794,-3.582
2023-09-28,971119.6800300016,124421.68003000162,846698.0,8,763254.4382125675,3689.517,-0.0022480044541850486,-0.002966630140021853,0.0007186256858368045,-0.028880319969998403,-0.23674556178743256,0.9711196800300016,0.7632544382125674,-3.7987
2023-10-09,970816.6800300016,124421.68003000162,846395.0,8,762263.5256462239,3684.727,-0.00031201097684541157,-0.0012982729175661234,0.0009862619407207118,-0.029183319969998456,-0.2377364743537761,0.9708166800300015,0.7622635256462239,-3.8288
2023-10-10,964505.6800300016,124421.68003000162,840084.0,8,756553.676430431,3657.126,-0.0065007123691004365,-0.007490649917890724,0.0009899375487902873,-0.03549431996999841,-0.24344632356956908,0.9645056800300016,0.7565536764304309,-4.4539
2023-10-11,963025.6800300016,124421.68003000162,838604.0,8,758709.687028851,3667.548,-0.0015344647840269676,0.0028497787606989178,-0.004384243544725885,-0.03697431996999845,-0.241290312971149,0.9630256800300016,0.758709687028851,-4.6006
2023-10-12,972343.6800300016,124421.68003000162,847922.0,8,765915.8349069328,3702.382,0.009675754440639395,0.009497898868672028,0.0001778555719673669,-0.0276563199699984,-0.23408416509306718,0.9723436800300016,0.7659158349069328,-3.6775
2023-10-13,969548.6800300016,124421.68003000162,845127.0,8,757853.6544193459,3663.41,-0.002874498037477635,-0.010526196378439545,0.00765169834096191,-0.03045131996999839,-0.24214634558065407,0.9695486800300016,0.7578536544193459,-3.9544
2023-10-16,962127.6800300016,124421.68003000162,837706.0,8,750238.1086354617,3626.597,-0.007654076739881055,-0.010048834282813002,0.0023947575429319468,-0.0378723199699984,-0.2497618913645383,0.9621276800300016,0.7502381086354617,-4.6895
2023-10-17,964123.6800300016,124421.68003000162,839702.0,8,752887.0930638602,3639.402,0.0020745687307714977,0.0035308582674060673,-0.0014562895366345696,-0.035876319969998405,-0.24711290693613985,0.9641236800300016,0.7528870930638601,-4.4918
2023-10-18,959938.6800300016,124421.68003000162,835517.0,8,746924.0336223461,3610.577,-0.0043407293967406835,-0.00792025722907208,0.0035795278323313973,-0.0400613199699984,-0.25307596637765384,0.9599386800300016,0.7469240336223462,-4.9064
2023-10-19,941854.6800300016,124421.68003000162,817433.0,8,730988.3390898665,3533.545,-0.01883870332158588,-0.021335094086069928,0.0024963907644840466,-0.05814531996999839,-0.2690116609101335,0.9418546800300016,0.7309883390898665,-6.6978
2023-10-20,940239.4113900017,208921.41139000162,731318.0,7,726239.4061309973,3510.589,-0.0017149871145180073,-0.00649659194944463,0.004781604834926623,-0.05976058860999833,-0.27376059386900264,0.9402394113900017,0.7262394061309974,-6.8578
2023-10-23,930292.4113900017,208921.41139000162,721371.0,7,718720.6760216537,3474.244,-0.01057922044056292,-0.010352963562524464,-0.0002262568780384555,-0.06970758860999837,-0.2812793239783463,0.9302924113900016,0.7187206760216537,-7.8432
2023-10-24,932494.2210700016,311725.2210700016,620769.0,6,721386.4170091073,3487.13,0.002366793121218791,0.0037090083482909098,-0.0013422152270721188,-0.06750577892999843,-0.27861358299089267,0.9324942210700016,0.7213864170091073,-7.6251
2023-10-25,938075.2210700016,311725.2210700016,626350.0,6,724971.0794202976,3504.458,0.005985023685826096,0.004969129341320988,0.0010158943445051083,-0.06192477892999837,-0.2750289205797024,0.9380752210700016,0.7249710794202976,-7.0722
2023-10-26,940513.2210700016,311725.2210700016,628788.0,6,726975.0397606252,3514.145,0.002598938704743814,0.0027641934929736323,-0.00016525478822981832,-0.05948677892999843,-0.2730249602393747,0.9405132210700016,0.7269750397606253,-6.8307
2023-10-27,945126.1958300016,139300.1958300016,805826.0,11,736954.5015978725,3562.385,0.004904742067051382,0.013727378921473354,-0.008822636854421972,-0.05487380416999843,-0.26304549840212754,0.9451261958300016,0.7369545015978725,-6.3737
2023-10-30,944406.9421700017,72226.94217000164,872180.0,10,741378.8538017116,3583.772,-0.0007610133579762923,0.006003562220254111,-0.006764575578230403,-0.05559305782999835,-0.25862114619828847,0.9444069421700017,0.7413788538017115,-6.445
2023-10-31,947241.8425700016,48760.84257000164,898481.0,10,739048.2439953595,3572.506,0.003001778442549341,-0.0031436151630180875,0.0061453936055674285,-0.05275815742999834,-0.2609517560046405,0.9472418425700017,0.7390482439953595,-6.1641
2023-11-01,945514.8425700016,48760.84257000164,896754.0,10,738742.2816392797,3571.027,-0.001823188041730095,-0.00041399510595652167,-0.0014091929357735733,-0.054485157429998377,-0.2612577183607203,0.9455148425700016,0.7387422816392797,-6.3352
2023-11-02,944694.8425700016,48760.84257000164,895934.0,10,735258.9860668178,3554.189,-0.0008672523825973277,-0.00471517017373424,0.0038479177911369122,-0.05530515742999842,-0.2647410139331823,0.9446948425700016,0.7352589860668177,-6.4164
2023-11-03,943536.8425700016,48760.84257000164,894776.0,10,741454.1548819097,3584.136,-0.001225792655805913,0.008425832165931402,-0.009651624821737315,-0.05646315742999841,-0.2585458451180903,0.9435368425700016,0.7414541548819097,-6.5312
2023-11-06,948422.8425700016,48760.84257000164,899662.0,10,751481.6108142282,3632.608,0.0051783881450686575,0.013524040382396407,-0.00834565223732775,-0.051577157429998355,-0.24851838918577185,0.9484228425700016,0.7514816108142282,-6.0471
2023-11-07,945754.8425700016,48760.84257000164,896994.0,10,748823.5240574538,3619.759,-0.0028130912502807304,-0.0035371281459493087,0.0007240368956685783,-0.05424515742999836,-0.2511764759425461,0.9457548425700016,0.7488235240574539,-6.3114
2023-11-08,941501.8425700016,48760.84257000164,892741.0,10,747026.4348165717,3611.072,-0.004496937058702133,-0.0023998835281573427,-0.00209705353054479,-0.05849815742999842,-0.2529735651834284,0.9415018425700016,0.7470264348165716,-6.7327
2023-11-09,944132.8425700016,48760.84257000164,895372.0,10,747389.2867249988,3612.826,0.002794471429623746,0.0004857283377344146,0.0023087430918893315,-0.05586715742999837,-0.2526107132750012,0.9441328425700016,0.7473892867249988,-6.4721
2023-11-10,939277.8425700016,48760.84257000164,890517.0,10,741940.9225789048,3586.489,-0.005142284836511246,-0.007289861177925627,0.002147576341414381,-0.060722157429998425,-0.25805907742109524,0.9392778425700016,0.7419409225789048,-6.9531
2023-11-13,940168.8425700016,48760.84257000164,891408.0,10,740477.3095503285,3579.414,0.0009486011056771826,-0.0019726813605170923,0.002921282466194275,-0.05983115742999834,-0.25952269044967147,0.9401688425700017,0.7404773095503285,-6.8648
2023-11-14,942623.8425700016,48760.84257000164,893863.0,10,741024.2767372621,3582.058,0.0026112330986092225,0.0007386683965586727,0.0018725647020505498,-0.05737615742999835,-0.2589757232627379,0.9426238425700016,0.7410242767372621,-6.6216
2023-11-15,946403.8425700016,48760.84257000164,897643.0,10,746234.739118994,3607.245,0.004010083162859557,0.007031432768537016,-0.003021349605677459,-0.05359615742999835,-0.25376526088100604,0.9464038425700017,0.746234739118994,-6.2471
2023-11-16,942532.8425700016,48760.84257000164,893772.0,10,739018.8682992383,3572.364,-0.004090220079293161,-0.009669706382571808,0.005579486303278647,-0.05746715742999842,-0.26098113170076176,0.9425328425700016,0.7390188682992382,-6.6306
2023-11-17,940277.8425700016,48760.84257000164,891517.0,10,738130.3569271201,3568.069,-0.002392489575059553,-0.0012022850974873212,-0.001190204477572232,-0.059722157429998424,-0.26186964307287985,0.9402778425700016,0.7381303569271201,-6.854
2023-11-20,943603.8425700016,48760.84257000164,894843.0,10,739837.8709819426,3576.323,0.003537252341190289,0.0023132960713483364,0.0012239562698419526,-0.05639615742999837,-0.26016212901805735,0.9436038425700016,0.7398378709819426,-6.5245
2023-11-21,945861.8425700016,48760.84257000164,897101.0,10,740819.2674777118,3581.067,0.0023929533752746757,0.0013265021084505335,0.0010664512668241422,-0.05413815742999839,-0.25918073252228824,0.9458618425700016,0.7408192674777118,-6.3008
2023-11-22,943016.8425700016,48760.84257000164,894256.0,10,733237.2348119377,3544.416,-0.0030078388533676392,-0.010234659111376665,0.007226820258009026,-0.05698315742999838,-0.2667627651880623,0.9430168425700016,0.7332372348119377,-6.5827
2023-11-23,945614.8425700016,48760.84257000164,896854.0,10,736775.5580968522,3561.52,0.0027549879097807928,0.004825618663272024,-0.0020706307534912316,-0.05438515742999839,-0.26322444190314787,0.9456148425700016,0.7367755580968521,-6.3253
2023-11-24,943647.5857300016,158605.58573000156,785042.0,13,731911.8116777908,3538.009,-0.0020803997055010015,-0.006601394910038527,0.004520995204537526,-0.056352414269998485,-0.26808818832220915,0.9436475857300015,0.7319118116777908,-6.5202
2023-11-27,941863.3336300016,174194.33363000158,767669.0,12,726519.302728547,3511.942,-0.0018908034386795336,-0.007367703134729231,0.005476899696049697,-0.05813666636999837,-0.27348069727145297,0.9418633336300016,0.726519302728547,-6.6969
2023-11-28,942367.9114900016,190694.91149000157,751673.0,11,727880.7214339974,3518.523,0.0005357230098927968,0.0018738919947995925,-0.0013381689849067957,-0.05763208850999835,-0.2721192785660026,0.9423679114900017,0.7278807214339974,-6.647
2023-11-29,937966.9114900016,190694.91149000157,747272.0,11,721629.9042931546,3488.307,-0.00467015052862052,-0.008587694325147166,0.003917543796526646,-0.062033088509998446,-0.27837009570684546,0.9379669114900016,0.7216299042931545,-7.0829
2023-11-30,937594.9114900016,190694.91149000157,746900.0,11,723263.3584943756,3496.203,-0.00039660247652983927,0.002263562238071337,-0.0026601647146011764,-0.062405088509998374,-0.2767366415056244,0.9375949114900016,0.7232633584943756,-7.1198
2023-12-01,936870.9114900016,190694.91149000157,746176.0,11,720507.4217075637,3482.881,-0.0007721884911356947,-0.003810419475070548,0.003038230983934853,-0.06312908850999843,-0.27949257829243634,0.9368709114900016,0.7205074217075637,-7.1915
2023-12-04,939145.9114900016,190694.91149000157,748451.0,11,715802.5522928765,3460.138,0.0024282961207342524,-0.006529938863831353,0.008958234984565605,-0.060854088509998405,-0.2841974477071235,0.9391459114900016,0.7158025522928765,-6.9661
2023-12-05,925951.9114900016,190694.91149000157,735257.0,11,702173.6773903129,3394.257,-0.014048935142641494,-0.019039992046559928,0.004991056903918434,-0.07404808850999844,-0.2978263226096871,0.9259519114900016,0.7021736773903129,-8.2732
2023-12-06,922248.2755300016,240178.27553000159,682070.0,10,703278.5759324508,3399.598,-0.003999814584366712,0.0015735402475416382,-0.00557335483190835,-0.07775172446999834,-0.2967214240675492,0.9222482755300017,0.7032785759324508,-8.64
2023-12-07,923386.2983300015,315091.2983300016,608295.0,9,701558.2358694627,3391.282,0.0012339657662638892,-0.0024461715767569725,0.0036801373430208617,-0.07661370166999848,-0.29844176413053725,0.9233862983300015,0.7015582358694628,-8.5273
2023-12-08,923078.2983300015,315091.2983300016,607987.0,9,703250.4414629262,3399.462,-0.00033355487357467073,0.0024120671769554125,-0.0027456220505300832,-0.07692170166999845,-0.29674955853707374,0.9230782983300015,0.7032504414629263,-8.5578
2023-12-11,925325.2983300015,315091.2983300016,610234.0,9,707386.4153541385,3419.455,0.0024342463733197928,0.0058812247349726565,-0.0034469783616528638,-0.07467470166999846,-0.2926135846458615,0.9253252983300015,0.7073864153541385,-8.3352
2023-12-12,929542.2983300015,315091.2983300016,614451.0,9,708906.5041928634,3426.803,0.004557316229882202,0.0021488804502471925,0.0024084357796350098,-0.07045770166999843,-0.2910934958071366,0.9295422983300016,0.7089065041928634,-7.9175
2023-12-13,924366.2983300015,315091.2983300016,609275.0,9,697073.8910467844,3369.605,-0.005568331865369758,-0.01669135926401355,0.011123027398643792,-0.0756337016699985,-0.3029261089532157,0.9243662983300015,0.6970738910467843,-8.4302
2023-12-14,923226.2983300015,315091.2983300016,608135.0,9,693424.4779814676,3351.964,-0.001233277329625193,-0.005235331737696414,0.004002054408071221,-0.07677370166999842,-0.30657552201853233,0.9232262983300016,0.6934244779814677,-8.5432
2023-12-15,919574.2983300015,315091.2983300016,604483.0,9,691270.536094042,3341.552,-0.003955693210436095,-0.0031062386111543328,-0.0008494545992817626,-0.08042570166999852,-0.308729463905958,0.9195742983300015,0.691270536094042,-8.9049
2023-12-18,918582.2983300015,315091.2983300016,603491.0,9,688749.6048762001,3329.366,-0.0010787600325514735,-0.003646808429137116,0.0025680483965856427,-0.08141770166999851,-0.31125039512379993,0.9185822983300015,0.6887496048762001,-9.0032
2023-12-19,918295.2983300015,315091.2983300016,603204.0,9,689716.7272661075,3334.041,-0.0003124379824450685,0.0014041712446153376,-0.001716609227060406,-0.08170470166999844,-0.31028327273389256,0.9182952983300016,0.6897167272661074,-9.0316
2023-12-20,916072.2983300015,315091.2983300016,600981.0,9,682157.8641634713,3297.502,-0.0024207899180609393,-0.010959373325043043,0.008538583406982103,-0.08392770166999852,-0.31784213583652876,0.9160722983300015,0.6821578641634712,-9.2519
2023-12-21,913785.7014500016,436836.70145000156,476949.0,7,689060.7390097659,3330.87,-0.002496087791507784,0.010119175060393948,-0.012615262851901732,-0.0862142985499984,-0.31093926099023406,0.9137857014500016,0.6890607390097659,-9.4784
2023-12-22,915684.7820600015,292602.7820600015,623082.0,9,690376.02546004,3337.228,0.002078255992610245,0.0019088106110416447,0.00016944538156860034,-0.08431521793999852,-0.30962397453996005,0.9156847820600015,0.69037602546004,-9.2902
2023-12-25,916424.5901600015,273402.59016000153,643022.0,9,692490.8687096705,3347.451,0.0008079287921938239,0.0030633208159587255,-0.0022553920237649017,-0.08357540983999845,-0.30750913129032953,0.9164245901600016,0.6924908687096705,-9.217
2023-12-26,911699.5901600015,273402.59016000153,638297.0,9,687802.9627251378,3324.79,-0.0051559070443265576,-0.006769628592024235,0.0016137215476976774,-0.08830040983999843,-0.31219703727486214,0.9116995901600016,0.6878029627251379,-9.685
2023-12-27,919541.5901600015,273402.59016000153,646139.0,9,690195.840732423,3336.357,0.00860151752248095,0.0034790167198530675,0.005122500802627883,-0.08045840983999841,-0.309804159267577,0.9195415901600016,0.690195840732423,-8.9082
2023-12-28,932478.5901600015,273402.59016000153,659076.0,9,706369.6439003643,3414.54,0.014068966687791562,0.023433643342124277,-0.009364676654332715,-0.06752140983999844,-0.2936303560996357,0.9324785901600016,0.7063696439003643,-7.6266
2023-12-29,935358.5901600015,273402.59016000153,661956.0,9,709797.4980181749,3431.11,0.0030885427616154093,0.004852776655127844,-0.0017642338935124346,-0.06464140983999844,-0.29020250198182507,0.9353585901600016,0.7097974980181749,-7.3413
2024-01-02,936049.5901600015,273402.59016000153,662647.0,9,700538.3613491968,3386.352,0.0007387541070016379,-0.01304475811034922,0.013783512217350857,-0.06395040983999845,-0.2994616386508032,0.9360495901600016,0.7005383613491968,-7.2729
2024-01-03,936281.5901600015,273402.59016000153,662879.0,9,698872.014643164,3378.297,0.0002478501165310565,-0.002378665891791365,0.0026265160083224215,-0.06371840983999844,-0.30112798535683605,0.9362815901600016,0.698872014643164,-7.2499
2024-01-04,932855.5901600015,273402.59016000153,659453.0,9,692408.3271409918,3347.052,-0.00365915557456864,-0.009248742783716235,0.005589587209147595,-0.06714440983999848,-0.30759167285900824,0.9328555901600015,0.6924083271409918,-7.5893
2024-01-05,932072.5901600015,273402.59016000153,658670.0,9,688696.8527458415,3329.111,-0.000839358211773944,-0.0053602393987306485,0.0045208811869567045,-0.06792740983999845,-0.31130314725415853,0.9320725901600015,0.6886968527458415,-7.6668
2024-01-08,924166.5901600015,273402.59016000153,650764.0,9,679790.0175592189,3286.056,-0.008482171971866292,-0.012932882081732933,0.00445071010986664,-0.07583340983999842,-0.320209982440781,0.9241665901600016,0.679790017559219,-8.45
2024-01-09,930874.0550000016,318809.05500000156,612065.0,8,681122.8880529457,3292.499,0.007257852546734833,0.001960709129728677,0.005297143417006156,-0.06912594499999847,-0.31887711194705426,0.9308740550000015,0.6811228880529457,-7.7856
2024-01-10,927992.5316800016,366829.5316800016,561163.0,8,677943.2792544697,3277.129,-0.003095502881966028,-0.004668186687376341,0.0015726838054103132,-0.07200746831999838,-0.3220567207455304,0.9279925316800016,0.6779432792544696,-8.071
2024-01-11,929978.9500000016,413611.9500000016,516367.0,8,681779.2900514861,3295.672,0.002140554209422163,0.005658306401731483,-0.0035177521923093202,-0.07002104999999836,-0.3182207099485139,0.9299789500000016,0.6817792900514861,-7.8742
2024-01-12,932031.4684500016,416510.46845000156,515521.0,7,679399.2380523665,3284.167,0.002207059041497539,-0.0034909420597680763,0.005698001101265615,-0.06796853154999849,-0.32060076194763343,0.9320314684500015,0.6793992380523666,-7.6709
2024-01-15,933106.4684500016,416510.46845000156,516596.0,7,678727.5275924673,3280.92,0.0011533945326842598,-0.0009886829750130888,0.0021420775076973486,-0.06689353154999844,-0.32127247240753276,0.9331064684500016,0.6787275275924672,-7.5644
2024-01-16,938189.4684500016,416510.46845000156,521679.0,7,682855.8472530001,3300.876,0.005447395524375009,0.006082440291137914,-0.0006350447667629044,-0.06181053154999849,-0.3171441527469999,0.9381894684500015,0.6828558472530001,-7.0609
2024-01-17,929581.4684500016,416510.46845000156,513071.0,7,668003.7435394156,3229.082,-0.00917511898126655,-0.021749983943656126,0.012574864962389576,-0.07041853154999844,-0.3319962564605844,0.9295814684500016,0.6680037435394156,-7.9136
2024-01-18,928097.4684500016,416510.46845000156,511587.0,7,677446.7886158007,3274.729,-0.0015964173667042392,0.014136215803748575,-0.015732633170452814,-0.07190253154999848,-0.32255321138419935,0.9280974684500015,0.6774467886158007,-8.0606
2024-01-19,924442.4684500016,416510.46845000156,507932.0,7,676422.1560602474,3269.776,-0.0039381639582577455,-0.0015124915680045925,-0.002425672390253153,-0.07555753154999845,-0.32357784393975253,0.9244424684500016,0.6764221560602475,-8.4227
2024-01-22,893011.9954500014,81703.99545000147,811308.0,12,665897.7957470613,3218.902,-0.033999382409052537,-0.015558863971109838,-0.0184405184379427,-0.10698800454999857,-0.3341022042529388,0.8930119954500014,0.6658977957470612,-11.5363
2024-01-23,901264.9954500014,81703.99545000147,819561.0,12,668593.5330439344,3231.933,0.009241757156734698,0.00404827484651582,0.005193482310218878,-0.0987350045499985,-0.33140646695606557,0.9012649954500015,0.6685935330439344,-10.7187
2024-01-24,925658.9954500014,81703.99545000147,843955.0,12,677939.1418324807,3277.109,0.02706640125063342,0.013978012539245022,0.013088388711388399,-0.07434100454999859,-0.3220608581675193,0.9256589954500014,0.6779391418324807,-8.3022
2024-01-25,950319.9954500014,81703.99545000147,868616.0,12,691553.3288869838,3342.919,0.026641560359937255,0.020081724471172624,0.006559835888764631,-0.04968000454999855,-0.30844667111301616,0.9503199954500015,0.6915533288869838,-5.8592
2024-01-26,948795.9954500014,81703.99545000147,867092.0,12,689671.2156242294,3333.821,-0.0016036703502996241,-0.0027215735708822075,0.0011179032205825834,-0.051204004549998516,-0.3103287843757706,0.9487959954500015,0.6896712156242294,-6.0102
2024-01-29,941935.9954500014,81703.99545000147,860232.0,12,683493.8377236897,3303.96,-0.007230216013660917,-0.008956989592422637,0.00172677357876172,-0.058064004549998605,-0.31650616227631023,0.9419359954500014,0.6834938377236898,-6.6897
2024-01-30,930338.9954500014,81703.99545000147,848635.0,12,671304.7856732663,3245.039,-0.012311876874882222,-0.017833448346832093,0.005521571471949871,-0.06966100454999857,-0.32869521432673376,0.9303389954500014,0.6713047856732662,-7.8386
2024-01-31,918141.5764100015,153253.5764100015,764888.0,11,665163.4033440299,3215.352,-0.013110725337381002,-0.009148426259284026,-0.003962299078096976,-0.08185842358999851,-0.3348365966559701,0.9181415764100015,0.6651634033440299,-9.0469
2024-02-01,920422.5764100015,153253.5764100015,767169.0,11,665651.4122676217,3217.711,0.00248436630973492,0.000733667729069909,0.001750698580665011,-0.07957742358999853,-0.3343485877323783,0.9204225764100015,0.6656514122676217,-8.8209
2024-02-02,905235.5764100015,153253.5764100015,751982.0,11,657773.1401874418,3179.628,-0.01650002986588517,-0.011835432081998554,-0.004664597783886615,-0.09476442358999848,-0.3422268598125582,0.9052355764100015,0.6577731401874418,-10.3254
2024-02-05,899121.4821300015,284856.48213000153,614265.0,9,662074.8178293098,3200.422,-0.006754147140623168,0.006539758739072532,-0.0132939058796957,-0.10087851786999846,-0.3379251821706901,0.8991214821300015,0.6620748178293099,-10.931
2024-02-06,921918.5050100016,346621.50501000154,575297.0,8,685093.3650646018,3311.692,0.02535477500325589,0.03476729006362289,-0.009412515060367,-0.07808149498999839,-0.3149066349353983,0.9219185050100016,0.6850933650646017,-8.6727
2024-02-07,925678.5050100016,346621.50501000154,579057.0,8,691700.4142386896,3343.63,0.004078451598017452,0.009644012788628809,-0.005565561190611357,-0.0743214949899984,-0.30829958576131045,0.9256785050100016,0.6917004142386896,-8.3002
2024-02-08,931193.5050100016,346621.50501000154,584572.0,8,696106.768656877,3364.93,0.005957792008944196,0.006370322075109902,-0.0004125300661657061,-0.06880649498999836,-0.30389323134312296,0.9311935050100016,0.696106768656877,-7.7539
2024-02-19,943582.5050100016,346621.50501000154,596961.0,8,704149.503261116,3403.808,0.01330443128452341,0.011553880764235691,0.0017505505202877192,-0.056417494989998374,-0.295850496738884,0.9435825050100016,0.704149503261116,-6.5266
2024-02-20,945173.5050100016,346621.50501000154,598552.0,8,705607.1170278084,3410.854,0.0016861270652566152,0.0020700345025337352,-0.00038390743727712007,-0.054826494989998364,-0.29439288297219157,0.9451735050100016,0.7056071170278084,-6.369
2024-02-21,945670.5050100016,346621.50501000154,599049.0,8,715126.7044109884,3456.871,0.0005258293819765392,0.013491342637357073,-0.012965513255380534,-0.054329494989998395,-0.28487329558901164,0.9456705050100016,0.7151267044109884,-6.3198
2024-02-22,952321.5050100016,346621.50501000154,605700.0,8,721292.2906588597,3486.675,0.007033105045324062,0.008621669712291835,-0.0015885646669677733,-0.04767849498999843,-0.2787077093411403,0.9523215050100016,0.7212922906588597,-5.6609
2024-02-23,956224.5050100016,346621.50501000154,609603.0,8,721926.7643208588,3489.742,0.004098405821423734,0.0008796346089039453,0.0032187712125197887,-0.04377549498999844,-0.2780732356791412,0.9562245050100016,0.7219267643208588,-5.2743
2024-02-26,948493.5050100016,346621.50501000154,601872.0,8,714400.1731097361,3453.359,-0.008084921437899295,-0.010425699091795249,0.0023407776538959535,-0.051506494989998375,-0.285599826890264,0.9484935050100016,0.714400173109736,-6.0401
2024-02-27,957414.8601700016,268055.86017000163,689359.0,12,722970.4290175608,3494.787,0.009405815762445258,0.011996435933825378,-0.0025906201713801202,-0.04258513982999834,-0.2770295709824392,0.9574148601700017,0.7229704290175608,-5.1564
2024-02-28,947586.6191100016,243934.61911000163,703652.0,12,713759.0795725547,3450.26,-0.010265394312194975,-0.01274097677483621,0.002475582462641235,-0.05241338088999836,-0.2862409204274453,0.9475866191100016,0.7137590795725547,-6.13
2024-02-29,961198.8244700016,317292.8244700016,643906.0,11,727375.9559513505,3516.083,0.014365130411808646,0.019077692695622872,-0.004712562283814226,-0.0388011755299984,-0.2726240440486495,0.9611988244700016,0.7273759559513505,-4.7815
2024-03-01,965011.8244700016,317292.8244700016,647719.0,11,731869.4031024046,3537.804,0.003966921206028706,0.006177612985814207,-0.002210691779785501,-0.03498817552999833,-0.26813059689759544,0.9650118244700017,0.7318694031024046,-4.4038
2024-03-04,965383.8244700016,317292.8244700016,648091.0,11,732503.4630222048,3540.869,0.0003854875044710937,0.0008663566438389392,-0.0004808691393678455,-0.034616175529998405,-0.2674965369777952,0.9653838244700016,0.7325034630222048,-4.3669
2024-03-05,963718.8244700016,317292.8244700016,646426.0,11,737601.8012680371,3565.514,-0.0017247026082233274,0.0069601558261542795,-0.008684858434377607,-0.03628117552999843,-0.2623981987319629,0.9637188244700016,0.7376018012680371,-4.5319
2024-03-06,962159.2646700016,365361.26467000163,596798.0,10,734609.2039434597,3551.048,-0.0016182726334703634,-0.004057199046196391,0.002438926412726028,-0.03784073532999843,-0.26539079605654037,0.9621592646700016,0.7346092039434596,-4.6864
2024-03-07,959388.2646700016,365361.26467000163,594027.0,10,730197.0571344877,3529.72,-0.002879980582996766,-0.006006114251342232,0.0031261336683454655,-0.0406117353299984,-0.2698029428655123,0.9593882646700016,0.7301970571344877,-4.9609
2024-03-08,963921.9300300016,455206.9300300016,508715.0,8,733339.4291350637,3544.91,0.004725579337328423,0.004303457498045171,0.00042212183928325153,-0.036078069969998405,-0.26666057086493633,0.9639219300300016,0.7333394291350637,-4.5118
2024-03-11,963920.9300300016,455206.9300300016,508714.0,8,742514.9898798659,3589.264,-1.037428414951691e-06,0.012512024282704148,-0.0125130617111191,-0.036079069969998434,-0.25748501012013414,0.9639209300300016,0.7425149898798659,-4.5119
2024-03-12,963956.9300300016,455206.9300300016,508750.0,8,744217.5390283017,3597.494,3.734746168326808e-05,0.002292949195155325,-0.002255601733472057,-0.0360430699699984,-0.2557824609716983,0.9639569300300016,0.7442175390283017,-4.5083
2024-03-13,959985.9566300017,530114.9566300017,429871.0,7,739018.2476859398,3572.361,-0.004119451062897905,-0.006986252096598644,0.002866801033700739,-0.040014043369998364,-0.2609817523140602,0.9599859566300016,0.7390182476859398,-4.9017
2024-03-14,959449.9566300017,530114.9566300017,429335.0,7,736920.9884797622,3562.223,-0.0005583415010378401,-0.0028378990813077154,0.0022795575802698753,-0.040550043369998345,-0.2630790115202378,0.9594499566300017,0.7369209884797622,-4.9548
2024-03-15,960923.0910300016,599622.0910300016,361301.0,7,738528.376922453,3569.993,0.0015353947225911213,0.002181222231174118,-0.0006458275085829968,-0.03907690896999838,-0.2614716230775469,0.9609230910300016,0.7385283769224531,-4.8088
2024-03-18,965823.4089400016,604873.4089400016,360950.0,6,745465.7992423553,3603.528,0.005099594291929632,0.009393575841745383,-0.004293981549815751,-0.034176591059998374,-0.25453420075764477,0.9658234089400016,0.7454657992423552,-4.3234
2024-03-19,962190.4089400016,604873.4089400016,357317.0,6,740108.2515089178,3577.63,-0.003761557202250132,-0.007186845780024487,0.0034252885777743547,-0.03780959105999837,-0.2598917484910822,0.9621904089400016,0.7401082515089178,-4.6833
2024-03-20,966815.4089400016,604873.4089400016,361942.0,6,741712.3300140176,3585.384,0.00480674090806521,0.0021673566019964063,0.002639384306068804,-0.03318459105999838,-0.2582876699859824,0.9668154089400016,0.7417123300140176,-4.2251
2024-03-21,966687.4089400016,604873.4089400016,361814.0,6,740824.0255129989,3581.09,-0.00013239342155324518,-0.0011976401969776562,0.001065246775424411,-0.0333125910599984,-0.259175974487001,0.9666874089400016,0.740824025512999,-4.2378
2024-03-22,962250.4089400016,604873.4089400016,357377.0,6,733358.4612762126,3545.002,-0.004589901512077499,-0.01007737867520786,0.005487477163130361,-0.03774959105999842,-0.2666415387237874,0.9622504089400016,0.7333584612762126,-4.6774
2024-03-25,960974.7694200017,714841.7694200017,246133.0,4,729378.4681939823,3525.763,-0.0013256835311769022,-0.005427077333101549,0.0041013938019246465,-0.039025230579998293,-0.2706215318060178,0.9609747694200017,0.7293784681939822,-4.8037
2024-03-26,963925.6258000017,315085.6258000017,648840.0,9,733098.8380464086,3543.747,0.003070690796368236,0.0051007398965838835,-0.0020300491002156473,-0.03607437419999837,-0.26690116195359137,0.9639256258000016,0.7330988380464086,-4.5114
2024-03-27,951076.9924000017,256912.99240000173,694164.0,8,724625.3978131242,3502.787,-0.013329486275807101,-0.011558387209922083,-0.0017710990658850179,-0.048923007599998236,-0.2753746021868758,0.9510769924000018,0.7246253978131242,-5.7842
2024-03-28,964196.8000400017,237671.80004000175,726525.0,8,728385.9006588431,3520.965,0.013794685125220862,0.005189581895787665,0.008605103229433197,-0.035803199959998255,-0.2716140993411569,0.9641968000400017,0.7283859006588431,-4.4845
2024-03-29,961515.8000400017,237671.80004000175,723844.0,8,731803.204350582,3537.484,-0.0027805526837351158,0.004691611532633866,-0.007472164216368982,-0.0384841999599983,-0.268196795649418,0.9615158000400017,0.731803204350582,-4.7501
2024-04-01,974592.8000400017,237671.80004000175,736921.0,8,743835.4481076259,3595.647,0.013600400533674062,0.016441911822074662,-0.0028415112884006,-0.025407199959998295,-0.2561645518923741,0.9745928000400017,0.7438354481076259,-3.4547
2024-04-02,966474.8000400017,237671.80004000175,728803.0,8,740738.3808778285,3580.676,-0.008329632642131934,-0.004163645652646264,-0.0041659869894856705,-0.03352519995999825,-0.2592616191221715,0.9664748000400017,0.7407383808778285,-4.2589
2024-04-03,964163.6584400018,352244.6584400018,611919.0,7,738075.3292146677,3567.803,-0.0023913107717907778,-0.003595131198689705,0.0012038204268989272,-0.035836341559998264,-0.2619246707853323,0.9641636584400017,0.7380753292146677,-4.4878
2024-04-08,957567.6584400018,352244.6584400018,605323.0,7,731580.6110475786,3536.408,-0.006841162226205677,-0.008799532933853271,0.0019583707076475942,-0.0424323415599982,-0.26841938895242134,0.9575676584400018,0.7315806110475787,-5.1412
2024-04-09,966727.6584400018,352244.6584400018,614483.0,7,730976.3405660986,3533.487,0.009565903692823952,-0.0008259793553232475,0.010391883048147199,-0.03327234155999825,-0.2690236594339014,0.9667276584400017,0.7309763405660986,-4.2338
2024-04-10,963670.8443600019,373036.8443600018,590634.0,7,725023.0040662583,3504.709,-0.003162021954489891,-0.008144362778184755,0.004982340823694864,-0.03632915563999817,-0.2749769959337417,0.9636708443600018,0.7250230040662583,-4.5366
2024-04-11,962062.1433600017,394995.1433600018,567067.0,7,724927.0158761156,3504.245,-0.0016693469657355076,-0.00013239330283909556,-0.001536953662896412,-0.03793785663999827,-0.27507298412388437,0.9620621433600017,0.7249270158761156,-4.696
2024-04-12,954355.8160200018,475467.8160200018,478888.0,6,719050.635425269,3475.839,-0.008010217835914046,-0.008106168375784262,9.59505398702154e-05,-0.045644183979998254,-0.28094936457473096,0.9543558160200017,0.719050635425269,-5.4594
2024-04-15,960721.2685700017,480455.26857000176,480266.0,5,734201.2541353533,3549.076,0.006669894438896096,0.021070308492424417,-0.014400414053528321,-0.03927873142999827,-0.2657987458646467,0.9607212685700017,0.7342012541353533,-4.8288
2024-04-16,957364.2685700017,480455.26857000176,476909.0,5,726348.2203293057,3511.115,-0.0034942496953322966,-0.010696023415671996,0.007201773720339699,-0.042635731429998325,-0.2736517796706942,0.9573642685700017,0.7263482203293058,-5.1614
2024-04-17,964043.2685700017,480455.26857000176,483588.0,5,737578.8385759986,3565.403,0.006976445872558301,0.015461755026537016,-0.008485309153978715,-0.035956731429998334,-0.2624211614240014,0.9640432685700017,0.7375788385759986,-4.4997
2024-04-18,963473.2685700017,480455.26857000176,483018.0,5,738488.8645424591,3569.802,-0.000591259768708774,0.0012338016207427138,-0.0018250613894514878,-0.036526731429998294,-0.2615111354575409,0.9634732685700017,0.7384888645424591,-4.5562
2024-04-19,958668.2685700017,480455.26857000176,478213.0,5,732667.5118040649,3541.662,-0.0049871648303555505,-0.007882790137940687,0.002895625307585137,-0.04133173142999824,-0.26733248819593514,0.9586682685700018,0.7326675118040649,-5.0322
2024-04-22,958560.2685700017,480455.26857000176,478105.0,5,730442.1993873306,3530.905,-0.0001126562790704222,-0.003037274590291128,0.002924618311220706,-0.04143973142999835,-0.26955780061266943,0.9585602685700017,0.7304421993873306,-5.0429
2024-04-23,954458.2685700017,480455.26857000176,474003.0,5,725336.6206530177,3506.225,-0.004279334471185003,-0.006989709437098868,0.0027103749659138643,-0.04554173142999829,-0.2746633793469824,0.9544582685700017,0.7253366206530176,-5.4493
2024-04-24,955899.2685700017,480455.26857000176,475444.0,5,728521.8149711788,3521.622,0.001509756945328844,0.004391332558520977,-0.0028815756131921333,-0.04410073142999826,-0.27147818502882126,0.9558992685700017,0.7285218149711787,-5.3065
2024-04-25,951680.7443500017,471658.7443500017,480022.0,10,730313.1118212766,3530.281,-0.004413147241247306,0.0024588101732667678,-0.006871957414514074,-0.04831925564999828,-0.26968688817872344,0.9516807443500017,0.7303131118212766,-5.7244
2024-04-26,951338.0470300016,484779.0470300017,466559.0,9,741481.668738136,3584.269,-0.00036009693590477454,0.015292833629957592,-0.015652930565862366,-0.04866195296999831,-0.2585183312618641,0.9513380470300017,0.7414816687381359,-5.7584
2024-04-29,954719.0470300016,484779.0470300017,469940.0,9,749682.6597334507,3623.912,0.0035539417461072365,0.011060274772903389,-0.0075063330267961526,-0.045280952969998345,-0.2503173402665493,0.9547190470300017,0.7496826597334507,-5.4234
2024-04-30,950893.0470300016,484779.0470300017,466114.0,9,745644.949614475,3604.394,-0.004007461684044311,-0.005385892372662515,0.001378430688618204,-0.04910695296999834,-0.254355050385525,0.9508930470300017,0.745644949614475,-5.8024
2024-05-06,953982.0470300016,484779.0470300017,469203.0,9,756709.0366261144,3657.877,0.0032485251728868736,0.014838277946306544,-0.01158975277341967,-0.04601795296999833,-0.24329096337388556,0.9539820470300017,0.7567090366261144,-5.4964
2024-05-07,956021.0470300016,484779.0470300017,471242.0,9,756943.0078395872,3659.008,0.00213735678396465,0.0003091957438701165,0.0018281610400945336,-0.04397895296999832,-0.24305699216041288,0.9560210470300017,0.7569430078395871,-5.2944
2024-05-08,952896.0470300016,484779.0470300017,468117.0,9,750988.2232420509,3630.223,-0.0032687564878495223,-0.007866886325473832,0.00459812983762431,-0.047103952969998364,-0.24901177675794917,0.9528960470300016,0.7509882232420508,-5.604
2024-05-09,962042.0470300016,484779.0470300017,477263.0,9,758091.7630548077,3664.561,0.009598108868754673,0.009458923046876233,0.0001391858218784403,-0.037957952969998376,-0.24190823694519237,0.9620420470300016,0.7580917630548076,-4.698
2024-05-10,963306.0470300016,484779.0470300017,478527.0,9,758446.753861456,3666.277,0.0013138718873069166,0.00046826891406626103,0.0008456029732406556,-0.036693952969998334,-0.241553246138544,0.9633060470300017,0.758446753861456,-4.5728
2024-05-13,961100.5999100017,524810.5999100017,436290.0,8,758118.6562977354,3664.691,-0.002289456322629335,-0.0004325914272164111,-0.001856864895412924,-0.03889940008999826,-0.24188134370226455,0.9611005999100017,0.7581186562977354,-4.7913
2024-05-14,960666.9219100018,563830.9219100018,396836.0,7,756536.9198713758,3657.045,-0.0004512305996277055,-0.0020863969158654294,0.001635166316237724,-0.0393330780899982,-0.24346308012862417,0.9606669219100018,0.7565369198713758,-4.8342
2024-05-15,962123.9219100018,563830.9219100018,398293.0,7,750126.1913706617,3626.056,0.0015166546976586037,-0.008473781427354554,0.009990436125013158,-0.037876078089998266,-0.24987380862933828,0.9621239219100017,0.7501261913706617,-4.6899
2024-05-16,957358.9219100018,563830.9219100018,393528.0,7,753085.0687060296,3640.359,-0.0049525844763744775,0.003944506096982492,-0.00889709057335697,-0.042641078089998175,-0.24691493129397046,0.9573589219100018,0.7530850687060295,-5.1619
2024-05-17,956988.0054300018,601850.0054300018,355138.0,6,760865.6976272712,3677.97,-0.0003874372207864907,0.01033167333221785,-0.01071911055300434,-0.04301199456999827,-0.2391343023727288,0.9569880054300017,0.7608656976272712,-5.1987
2024-05-20,957651.0054300018,601850.0054300018,355801.0,6,763553.3669512662,3690.962,0.0006927986518514562,0.003532383352773616,-0.0028395847009221598,-0.04234899456999819,-0.2364466330487338,0.9576510054300018,0.7635533669512662,-5.133
2024-05-21,955585.0054300018,601850.0054300018,353735.0,6,760491.4678083746,3676.161,-0.0021573621165597023,-0.0040100656685166935,0.0018527035519569912,-0.0444149945699982,-0.2395085321916255,0.9555850054300018,0.7604914678083745,-5.3376
2024-05-22,954788.0054300018,601850.0054300018,352938.0,6,762206.429222777,3684.451,-0.0008340440625074219,0.002255069894925521,-0.003089113957432943,-0.04521199456999825,-0.23779357077722296,0.9547880054300018,0.762206429222777,-5.4166
2024-05-23,955414.0054300018,601850.0054300018,353564.0,6,753381.5149915349,3641.792,0.0006556429243349537,-0.011578115708418935,0.012233758632753888,-0.04458599456999823,-0.24661848500846517,0.9554140054300018,0.7533815149915348,-5.3546
2024-05-24,952146.3135900018,692165.3135900018,259981.0,5,745041.0928751938,3601.475,-0.003420184152030825,-0.011070648735567623,0.007650464583536798,-0.04785368640999821,-0.2549589071248062,0.9521463135900018,0.7450410928751938,-5.6783
2024-05-27,957019.3135900018,692165.3135900018,264854.0,5,752122.911222509,3635.708,0.00511791090344782,0.009505272145440502,-0.004387361241992682,-0.04298068640999819,-0.24787708877749104,0.9570193135900018,0.752122911222509,-5.1956
2024-05-28,953161.9902000017,483826.9902000018,469335.0,9,746633.3797276252,3609.172,-0.004030559608593776,-0.007298715958487523,0.003268156349893747,-0.046838009799998304,-0.2533666202723748,0.9531619902000017,0.7466333797276252,-5.5777
2024-05-29,949674.9902000017,483826.9902000018,465848.0,9,747533.2690102127,3613.522,-0.0036583498249529445,0.0012052625920848659,-0.00486361241703781,-0.05032500979999821,-0.2524667309897872,0.9496749902000018,0.7475332690102128,-5.9231
2024-05-30,947554.9902000017,483826.9902000018,463728.0,9,743559.2751898663,3594.312,-0.00223234266657224,-0.005316143086993685,0.0030838004204214453,-0.05244500979999822,-0.2564407248101337,0.9475549902000018,0.7435592751898663,-6.1331
2024-05-31,947846.9902000017,483826.9902000018,464020.0,9,740583.0206821451,3579.925,0.00030816153470780705,-0.0040027131757064405,0.0043108747104142475,-0.05215300979999826,-0.2594169793178549,0.9478469902000017,0.7405830206821451,-6.1042
2024-06-03,945255.8474000018,520828.84740000183,424427.0,8,742408.2443925521,3588.748,-0.0027337142247538804,0.002464576771859628,-0.005198290996613508,-0.05474415259999821,-0.25759175560744796,0.9452558474000018,0.742408244392552,-6.3609
2024-06-04,947299.8474000018,520828.84740000183,426471.0,8,747977.835002921,3615.671,0.0021623775252195276,0.007502059213965406,-0.005339681688745879,-0.05270015259999816,-0.25202216499707897,0.9472998474000018,0.747977835002921,-6.1584
2024-06-05,945117.8474000018,520828.84740000183,424289.0,8,743658.9870597989,3594.794,-0.0023033889491155257,-0.00577403198465809,0.0034706430355425644,-0.05488215259999818,-0.25634101294020106,0.9451178474000018,0.7436589870597989,-6.3745
2024-06-06,944070.8474000018,520828.84740000183,423242.0,8,743131.6726273126,3592.245,-0.0011077983585647821,-0.0007090809654182184,-0.00039871739314656374,-0.0559291525999982,-0.2568683273726874,0.9440708474000018,0.7431316726273126,-6.4783
2024-06-07,948844.8474000018,520828.84740000183,428016.0,8,739380.8927232677,3574.114,0.005056823874127314,-0.005047261531437863,0.010104085405565177,-0.051155152599998144,-0.2606191072767323,0.9488448474000019,0.7393808927232677,-6.0053
2024-06-11,941789.8474000018,520828.84740000183,420961.0,8,732918.8601898912,3542.877,-0.007435356812372396,-0.008739788378322455,0.0013044315659500594,-0.05821015259999818,-0.26708113981010884,0.9417898474000018,0.7329188601898912,-6.7042
2024-06-12,941579.8604000019,557625.8604000019,383954.0,7,733176.6215798002,3544.123,-0.00022296587776948762,0.00035169157721259836,-0.000574657454982086,-0.058420139599998144,-0.2668233784201999,0.9415798604000019,0.7331766215798001,-6.725
2024-06-13,939218.8604000019,557625.8604000019,381593.0,7,729454.5967585782,3526.131,-0.0025074877865346457,-0.005076573245341609,0.0025690854588069634,-0.06078113959999809,-0.27054540324142184,0.9392188604000019,0.7294545967585782,-6.9589
2024-06-14,940512.8604000019,557625.8604000019,382887.0,7,732640.8254322365,3541.533,0.0013777406465718123,0.004367960237438684,-0.0029902195908668716,-0.059487139599998184,-0.2673591745677635,0.9405128604000018,0.7326408254322365,-6.8307
2024-06-17,937035.8604000019,557625.8604000019,379410.0,7,731537.3749877946,3536.199,-0.003696919145285471,-0.0015061274312566653,-0.002190791714028806,-0.06296413959999814,-0.2684626250122054,0.9370358604000019,0.7315373749877946,-7.1752
2024-06-18,938243.8604000019,557625.8604000019,380618.0,7,733480.1014826866,3545.59,0.001289171579286652,0.0026556763349574464,-0.0013665047556707943,-0.06175613959999815,-0.2665198985173134,0.9382438604000019,0.7334801014826866,-7.0555
2024-06-19,940426.8604000019,557625.8604000019,382801.0,7,729996.1852969262,3528.749,0.002326687220814083,-0.0047498441726201435,0.007076531393434227,-0.059573139599998104,-0.2700038147030738,0.9404268604000019,0.7299961852969262,-6.8392
2024-06-20,939812.7603200019,593256.7603200019,346556.0,6,724727.7990073498,3503.282,-0.0006530014250537564,-0.007217005233299267,0.006564003808245511,-0.06018723967999817,-0.27527220099265026,0.9398127603200018,0.7247277990073497,-6.9001
2024-06-21,939895.7603200019,593256.7603200019,346639.0,6,723142.7526433989,3495.62,8.83154639992334e-05,-0.0021870919897398755,0.002275407453739109,-0.06010423967999812,-0.2768572473566011,0.9398957603200019,0.7231427526433989,-6.8919
2024-06-24,940170.7603200019,593256.7603200019,346914.0,6,719251.5072628306,3476.81,0.00029258563726930475,-0.005381019676051646,0.005673605313320951,-0.05982923967999809,-0.2807484927371694,0.9401707603200019,0.7192515072628306,-6.8646
2024-06-25,941454.7603200019,593256.7603200019,348198.0,6,715339.9885145166,3457.902,0.0013657093521637353,-0.005438318458586999,0.006804027810750735,-0.05854523967999814,-0.28466001148548337,0.9414547603200019,0.7153399885145166,-6.7374
2024-06-26,944249.2853700019,310844.2853700019,633405.0,9,719966.2469114145,3480.265,0.0029683051887168244,0.006467216248465135,-0.003498911059748311,-0.05575071462999803,-0.28003375308858547,0.944249285370002,0.7199662469114145,-6.4606
2024-06-27,951155.2853700019,310844.2853700019,640311.0,9,714557.1882742151,3454.118,0.007313746599547422,-0.007512933641547481,0.014826680241094903,-0.048844714629998065,-0.2854428117257849,0.9511552853700019,0.7145571882742151,-5.7765
2024-06-28,953940.2853700019,310844.2853700019,643096.0,9,716116.7894929341,3461.657,0.0029280182140991595,0.0021826121748012017,0.0007454060392979578,-0.04605971462999803,-0.2838832105070659,0.953940285370002,0.7161167894929341,-5.5006
2024-07-01,961175.2853700019,310844.2853700019,650331.0,9,719535.5412823692,3478.183,0.007584332175670561,0.004774014294310458,0.0028103178813601026,-0.038824714629998036,-0.2804644587176308,0.961175285370002,0.7195355412823692,-4.7839
2024-07-02,969835.2853700019,310844.2853700019,658991.0,9,718212.1868592169,3471.786,0.009009803031573282,-0.0018391786746124739,0.010848981706185756,-0.030164714629998035,-0.28178781314078316,0.969835285370002,0.7182121868592168,-3.926
2024-07-03,964244.2853700019,310844.2853700019,653400.0,9,716480.2620146597,3463.414,-0.005764896456481261,-0.0024114389538988368,-0.0033534575025824243,-0.03575571462999805,-0.28351973798534025,0.964244285370002,0.7164802620146598,-4.4798
2024-07-04,963410.2853700019,310844.2853700019,652566.0,9,712839.123793321,3445.813,-0.000864926048983472,-0.005081979803742698,0.004217053754759226,-0.03658971462999805,-0.28716087620667907,0.963410285370002,0.7128391237933209,-4.5625
2024-07-05,951487.2853700019,310844.2853700019,640643.0,9,709787.3613343021,3431.061,-0.012375828015393164,-0.004281137716991679,-0.008094690298401486,-0.048512714629998066,-0.2902126386656979,0.9514872853700019,0.7097873613343021,-5.7436
2024-07-08,951862.3520900019,362033.3520900019,589829.0,8,703725.8312494518,3401.76,0.00039418994427675713,-0.008539923947723516,0.008934113892000273,-0.04813764790999808,-0.29627416875054813,0.9518623520900019,0.7037258312494519,-5.7064
2024-07-09,955691.9925700019,444022.9925700019,511669.0,7,711597.4834544495,3439.811,0.004023313320031141,0.011185680353699157,-0.007162367033668016,-0.044308007429998186,-0.2884025165455506,0.9556919925700018,0.7115974834544494,-5.327
2024-07-10,955432.9925700019,444022.9925700019,511410.0,7,709353.9663809639,3428.966,-0.0002710078163399299,-0.0031527894991904004,0.0028817816828504705,-0.044567007429998085,-0.29064603361903607,0.9554329925700019,0.7093539663809639,-5.3527
2024-07-11,952777.9925700019,444022.9925700019,508755.0,7,717463.9340925226,3468.169,-0.0027788447967014296,0.011432892597943445,-0.014211737394644874,-0.04722200742999816,-0.2825360659074774,0.9527779925700018,0.7174639340925226,-5.6157
2024-07-12,954143.9925700019,444022.9925700019,510121.0,7,718339.4125853757,3472.401,0.0014337023006958383,0.001220240420810148,0.0002134618798856902,-0.04585600742999818,-0.2816605874146243,0.9541439925700018,0.7183394125853757,-5.4804
2024-07-15,957542.7506500019,533746.7506500019,423796.0,6,719135.0388338427,3476.247,0.003562101848847199,0.0011075909723559096,0.0024545108764912893,-0.04245724934999806,-0.2808649611661572,0.9575427506500019,0.7191350388338428,-5.1437
2024-07-16,960339.7506500019,533746.7506500019,426593.0,6,723693.650381222,3498.283,0.0029210184068557687,0.006339020213465885,-0.003418001806610116,-0.03966024934999812,-0.276306349618778,0.9603397506500019,0.723693650381222,-4.8666
2024-07-17,955816.7506500019,533746.7506500019,422070.0,6,724376.5318804913,3501.584,-0.004709791505494443,0.0009436057631699857,-0.0056533972686644285,-0.044183249349998066,-0.27562346811950866,0.9558167506500019,0.7243765318804913,-5.3147
2024-07-18,957396.1896100019,635723.1896100019,321673.0,5,728378.867041462,3520.931,0.0016524495505292336,0.005525213731842671,-0.0038727641813134372,-0.042603810389998165,-0.27162113295853807,0.9573961896100018,0.7283788670414619,-5.1582
2024-07-19,958077.1896100019,635723.1896100019,322354.0,5,732120.1308749324,3539.016,0.0007113042723487784,0.005136425564715719,-0.00442512129236694,-0.04192281038999812,-0.26787986912506756,0.9580771896100019,0.7321201308749324,-5.0908
2024-07-22,955341.1896100019,635723.1896100019,319618.0,5,727136.3992181928,3514.925,-0.002855719799689349,-0.006807259419002287,0.003951539619312938,-0.04465881038999808,-0.27286360078180716,0.9553411896100019,0.7271363992181928,-5.3618
2024-07-23,955699.1896100019,635723.1896100019,319976.0,5,711611.3438181123,3439.878,0.00037473522956354977,-0.021350953434283948,0.021725688663847498,-0.04430081038999811,-0.2883886561818877,0.9556991896100019,0.7116113438181123,-5.3263
2024-07-24,950718.1554700017,506548.1554700017,444170.0,10,707119.7585069534,3418.166,-0.005211926717268445,-0.006311851757533238,0.001099925040264793,-0.04928184452999829,-0.2928802414930466,0.9507181554700017,0.7071197585069534,-5.8198
2024-07-25,950468.1554700017,506548.1554700017,443920.0,10,703211.1359540316,3399.272,-0.00026295910997553573,-0.0055275255795066425,0.005264566469531107,-0.04953184452999826,-0.2967888640459684,0.9504681554700017,0.7032111359540316,-5.8445
2024-07-26,947316.1554700017,506548.1554700017,440768.0,10,705284.1912415741,3409.293,-0.003316260499481305,0.002947984156607575,-0.00626424465608888,-0.0526838445299983,-0.29471580875842585,0.9473161554700017,0.7052841912415742,-6.1568
2024-07-29,952249.9471900017,538376.9471900017,413873.0,9,701446.5254757622,3390.742,0.005208178591182389,-0.005441304106159173,0.010649482697341561,-0.04775005280999822,-0.29855347452423775,0.9522499471900018,0.7014465254757623,-5.668
2024-07-30,950799.9471900017,538376.9471900017,412423.0,9,697027.758791608,3369.382,-0.001522709456985294,-0.006299506125797771,0.0047767966688124774,-0.049200052809998285,-0.30297224120839195,0.9507999471900017,0.697027758791608,-5.8117
2024-07-31,955750.9471900017,538376.9471900017,417374.0,9,712067.7014634889,3442.084,0.005207194231165335,0.021577250664958525,-0.01637005643379319,-0.044249052809998246,-0.28793229853651114,0.9557509471900018,0.7120677014634889,-5.3212
2024-08-01,956154.9471900017,538376.9471900017,417778.0,9,707347.5235874428,3419.267,0.000422704263268292,-0.006628832997683798,0.00705153726095209,-0.043845052809998286,-0.2926524764125572,0.9561549471900017,0.7073475235874428,-5.2812
2024-08-02,953135.9471900017,538376.9471900017,414759.0,9,700132.8939942837,3384.392,-0.003157438037498461,-0.010199554465913363,0.007042116428414902,-0.04686405280999828,-0.2998671060057162,0.9531359471900017,0.7001328939942838,-5.5802
2024-08-05,946514.9471900017,538376.9471900017,408138.0,9,691636.4910689609,3343.321,-0.0069465431657674825,-0.012135414573725578,0.0051888714079580955,-0.05348505280999827,-0.30836350893103914,0.9465149471900017,0.6916364910689609,-6.2361
2024-08-06,944603.9471900017,538376.9471900017,406227.0,9,691565.7411529506,3342.979,-0.0020189855486945074,-0.00010229349799195653,-0.0019166920507025509,-0.055396052809998264,-0.30843425884704945,0.9446039471900017,0.6915657411529506,-6.4254
2024-08-07,943718.2591900018,572151.2591900018,371567.0,8,691257.5032147769,3341.489,-0.000937628942409896,-0.00044571024825468264,-0.0004919186941552134,-0.05628174080999826,-0.30874249678522314,0.9437182591900017,0.6912575032147769,-6.5132
2024-08-08,943408.2591900018,572151.2591900018,371257.0,8,691557.0525667738,3342.937,-0.0003284878691084403,0.0004333397476394829,-0.0007618276167479232,-0.05659174080999829,-0.3084429474332262,0.9434082591900017,0.6915570525667738,-6.5439
2024-08-09,940836.2591900018,572151.2591900018,368685.0,8,689217.3404320462,3331.627,-0.002726285226936964,-0.0033832525111898715,0.0006569672842529073,-0.0591637408099982,-0.3107826595679538,0.9408362591900018,0.6892173404320462,-6.7987
2024-08-12,938910.2591900018,572151.2591900018,366759.0,8,688025.3491570416,3325.865,-0.0020471149800903587,-0.0017294853235372276,-0.00031762965655313113,-0.061089740809998294,-0.3119746508429584,0.9389102591900017,0.6880253491570416,-6.9895
2024-08-13,940727.2591900018,572151.2591900018,368576.0,8,689788.9252798138,3334.39,0.0019352222240787142,0.002563242945819999,-0.0006280207217412848,-0.059272740809998226,-0.31021107472018616,0.9407272591900018,0.6897889252798138,-6.8095
2024-08-14,940556.2591900018,572151.2591900018,368405.0,8,684585.9102576622,3309.239,-0.00018177425851062523,-0.00754290889787923,0.007361134639368605,-0.05944374080999826,-0.31541408974233787,0.9405562591900017,0.6845859102576621,-6.8264
2024-08-15,944642.4055100018,606143.4055100018,338499.0,7,691353.4914049195,3341.953,0.0043443933098898935,0.0098856564908123,-0.005541263180922407,-0.05535759448999822,-0.30864650859508047,0.9446424055100018,0.6913534914049195,-6.4216
2024-08-16,947673.4055100018,606143.4055100018,341530.0,7,692114.9839219782,3345.634,0.003208621571846093,0.0011014517559044812,0.002107169815941612,-0.05232659448999821,-0.3078850160780219,0.9476734055100018,0.6921149839219781,-6.1214
2024-08-19,949592.4055100018,606143.4055100018,343449.0,7,694459.6609630926,3356.968,0.0020249592199617084,0.0033876987142049675,-0.0013627394942432591,-0.05040759448999821,-0.30554033903690747,0.9495924055100018,0.6944596609630925,-5.9313
2024-08-20,947388.4055100018,606143.4055100018,341245.0,7,689439.9337350494,3332.703,-0.0023209958159009503,-0.007228248824534544,0.004907253008633594,-0.05261159448999819,-0.3105600662649506,0.9473884055100018,0.6894399337350494,-6.1496
2024-08-21,942283.5522600018,323042.5522600018,619241.0,10,687150.2844063876,3321.635,-0.0053883425428370435,-0.0033210280063958875,-0.002067314536441156,-0.05771644773999818,-0.3128497155936124,0.9422835522600018,0.6871502844063876,-6.6553
2024-08-22,944190.0207800018,408555.02078000177,535635.0,9,685392.0869322009,3313.136,0.002023242913905765,-0.0025586796863593664,0.004581922600265131,-0.055809979219998196,-0.3146079130677991,0.9441900207800018,0.6853920869322009,-6.4665
2024-08-23,947001.0207800018,408555.02078000177,538446.0,9,688299.6602349062,3327.191,0.0029771549562425115,0.004242204364686364,-0.0012650494084438524,-0.05299897921999819,-0.3117003397650937,0.9470010207800018,0.6882996602349063,-6.188
2024-08-26,946287.0207800018,408555.02078000177,537732.0,9,687685.6668117522,3324.223,-0.0007539590605846191,-0.0008920437690531635,0.00013808470846854437,-0.05371297921999818,-0.31231433318824775,0.9462870207800018,0.6876856668117522,-6.2587
2024-08-27,944960.0207800018,408555.02078000177,536405.0,9,683778.0786143277,3305.334,-0.0014023229431026074,-0.005682230103094765,0.004279907159992158,-0.05503997921999826,-0.3162219213856723,0.9449600207800017,0.6837780786143277,-6.3902
2024-08-28,940760.0207800018,408555.02078000177,532205.0,9,679881.0408429749,3286.496,-0.004444632479301269,-0.005699272751255924,0.0012546402719546546,-0.05923997921999824,-0.32011895915702504,0.9407600207800018,0.679881040842975,-6.8062
2024-08-29,927561.2433400018,452965.2433400018,474596.0,8,678057.4721013636,3277.681,-0.01402990895494971,-0.0026821879594558506,-0.01134772099549386,-0.07243875665999822,-0.3219425278986364,0.9275612433400018,0.6780574721013636,-8.1137
2024-08-30,922951.2433400018,452965.2433400018,469986.0,8,687108.2895732,3321.432,-0.004970022230985083,0.01334815682185031,-0.018318179052835393,-0.07704875665999822,-0.3128917104268,0.9229512433400018,0.6871082895732,-8.5704
2024-09-02,926468.2433400018,452965.2433400018,473503.0,8,675436.4152713901,3265.011,0.0038106021584332073,-0.016986950207019014,0.02079755236545222,-0.07353175665999823,-0.3245635847286099,0.9264682433400018,0.6754364152713901,-8.222
2024-09-03,923464.2433400018,452965.2433400018,470499.0,8,677177.6493154222,3273.428,-0.0032424209049738417,0.0025779392473714857,-0.0058203601523453274,-0.07653575665999823,-0.3228223506845779,0.9234642433400018,0.6771776493154221,-8.5196
2024-09-04,924276.4116600018,493502.4116600018,430774.0,7,672778.9491279143,3252.165,0.0008794799862121838,-0.00649563698972444,0.007375116975936624,-0.07572358833999815,-0.32722105087208575,0.9242764116600019,0.6727789491279142,-8.4391
2024-09-05,924868.5438600017,574845.5438600017,350023.0,6,673935.9791871124,3257.758,0.000640644067651186,0.0017197774405663946,-0.0010791333729152086,-0.07513145613999828,-0.32606402081288755,0.9248685438600017,0.6739359791871125,-8.3805
2024-09-06,925257.5438600017,574845.5438600017,350412.0,6,668472.09970856,3231.346,0.00042060031404722587,-0.008107416204641282,0.008528016518688508,-0.0747424561399983,-0.33152790029143997,0.9252575438600017,0.66847209970856,-8.3419
2024-09-09,924145.5438600017,574845.5438600017,349300.0,6,660529.4907164526,3192.952,-0.0012018275423737457,-0.011881735970088014,0.010679908427714269,-0.0758544561399983,-0.3394705092835474,0.9241455438600017,0.6605294907164526,-8.4521
2024-09-10,927605.5438600017,574845.5438600017,352760.0,6,661109.3504081981,3195.755,0.0037439990085847974,0.0008778710109014209,0.0028661279976833764,-0.07239445613999829,-0.33889064959180193,0.9276055438600017,0.6611093504081981,-8.1093
2024-09-11,916776.5438600017,574845.5438600017,341931.0,6,659118.216076036,3186.13,-0.011674143251599989,-0.003011807851352688,-0.0086623354002473,-0.08322345613999826,-0.34088178392396407,0.9167765438600017,0.6591182160760359,-9.1821
2024-09-12,915392.9901400018,697848.9901400018,217544.0,4,656293.3912131087,3172.475,-0.001509150435039075,-0.0042857636066326865,0.0027766131715936115,-0.08460700985999825,-0.3437066087868913,0.9153929901400017,0.6562933912131087,-9.3191
2024-09-13,914767.9901400018,697848.9901400018,216919.0,4,653556.9003096446,3159.247,-0.0006827668626830929,-0.00416961520579362,0.003486848343110527,-0.08523200985999824,-0.34644309969035536,0.9147679901400018,0.6535569003096446,-9.3811
2024-09-18,915367.9901400018,697848.9901400018,217519.0,4,655990.3250524212,3171.01,0.0006559040177041009,0.0037233555970774823,-0.0030674515793733814,-0.08463200985999819,-0.34400967494757884,0.9153679901400018,0.6559903250524212,-9.3216
2024-09-19,915371.9901400018,697848.9901400018,217523.0,4,661167.4811871422,3196.036,4.369827264039117e-06,0.007892122699076909,-0.00788775287181287,-0.0846280098599983,-0.3388325188128578,0.9153719901400017,0.6611674811871422,-9.3212
2024-09-20,914740.9836300018,398606.9836300018,516134.0,10,662204.7328797616,3201.05,-0.0006893443504901731,0.0015688183737605499,-0.002258162724250723,-0.08525901636999822,-0.33779526712023844,0.9147409836300018,0.6622047328797616,-9.3837
2024-09-23,918914.0970100018,372113.0970100018,546801.0,10,664628.0209386653,3212.764,0.00456207107222828,0.003659424251417409,0.0009026468208108707,-0.08108590298999818,-0.33537197906133476,0.9189140970100018,0.6646280209386652,-8.9703
2024-09-24,931670.3928500018,327085.39285000175,604585.0,10,693413.1000709982,3351.909,0.013881924198907214,0.04331005950016875,-0.029428135301261538,-0.06832960714999814,-0.3065868999290018,0.9316703928500019,0.6934131000709982,-7.7067
2024-09-25,936213.3554500018,323340.3554500018,612873.0,10,703678.8715098776,3401.533,0.004876147868242198,0.014804697860234084,-0.009928549991991886,-0.06378664454999827,-0.2963211284901224,0.9362133554500017,0.7036788715098776,-7.2566
2024-09-26,951223.3554500018,323340.3554500018,627883.0,10,733424.2462858363,3545.32,0.016032670237635438,0.04227123476385519,-0.026238564526219754,-0.048776644549998194,-0.26657575371416364,0.9512233554500018,0.7334242462858364,-5.7697
2024-09-27,958819.3554500018,323340.3554500018,635479.0,10,766185.3879495102,3703.685,0.00798550619733951,0.04466874640370966,-0.03668324020637015,-0.04118064454999826,-0.2338146120504897,0.9588193554500017,0.7661853879495103,-5.0172
2024-09-30,999523.3554500018,323340.3554500018,676183.0,10,831178.0812622778,4017.855,0.042452209343329717,0.08482632837295823,-0.04237411902962851,-0.0004766445499981842,-0.16882191873772223,0.9995233554500018,0.8311780812622778,-0.985
2024-10-08,1016451.3554500018,323340.3554500018,693111.0,10,880463.258865254,4256.096,0.01693607248664919,0.05929556940208136,-0.04235949691543217,0.01645135545000187,-0.119536741134746,1.0164513554500019,0.880463258865254,0.0
2024-10-09,999968.5633300019,906833.5633300019,93135.0,2,818378.7594684903,3955.984,-0.016216016665846933,-0.07051344706510365,0.05429743039925672,-3.1436669998052835e-05,-0.18162124053150974,0.999968563330002,0.8183787594684903,-1.6216
2024-10-10,1004892.9814900019,1004892.9814900019,0.0,0,827026.7989097065,3997.788,0.004924572972175412,0.01056728237525717,-0.005642709403081758,0.004892981490001835,-0.17297320109029346,1.0048929814900018,0.8270267989097065,-1.1371
2024-10-11,1004892.9814900019,1004892.9814900019,0.0,0,804142.5110179548,3887.167,0.0,-0.027670551815153654,0.027670551815153654,0.004892981490001835,-0.19585748898204525,1.0048929814900018,0.8041425110179548,-1.1371
2024-10-14,1004892.9814900019,1004892.9814900019,0.0,0,819487.1748193189,3961.342,0.0,0.019082020402005018,-0.019082020402005018,0.004892981490001835,-0.18051282518068112,1.0048929814900018,0.8194871748193189,-1.1371
2024-10-15,1004892.9814900019,1004892.9814900019,0.0,0,797693.9251060421,3855.995,0.0,-0.02659376544615466,0.02659376544615466,0.004892981490001835,-0.2023060748939579,1.0048929814900018,0.7976939251060421,-1.1371
2024-10-16,1004892.9814900019,1004892.9814900019,0.0,0,792645.0290529772,3831.589,0.0,-0.006329365053637126,0.006329365053637126,0.004892981490001835,-0.20735497094702282,1.0048929814900018,0.7926450290529772,-1.1371
2024-10-17,1004892.9814900019,1004892.9814900019,0.0,0,783673.6500833278,3788.222,0.0,-0.01131828074462049,0.01131828074462049,0.004892981490001835,-0.2163263499166722,1.0048929814900018,0.7836736500833278,-1.1371
2024-10-18,1004892.9814900019,1004892.9814900019,0.0,0,812017.4731605435,3925.234,0.0,0.03616789089974115,-0.03616789089974115,0.004892981490001835,-0.1879825268394565,1.0048929814900018,0.8120174731605435,-1.1371
2024-10-21,1004892.9814900019,1004892.9814900019,0.0,0,814078.5299243183,3935.197,0.0,0.0025381926274969935,-0.0025381926274969935,0.004892981490001835,-0.18592147007568172,1.0048929814900018,0.8140785299243183,-1.1371
2024-10-22,1004892.9814900019,1004892.9814900019,0.0,0,818749.4724786965,3957.776,0.0,0.005737705126325432,-0.005737705126325432,0.004892981490001835,-0.18125052752130355,1.0048929814900018,0.8187494724786964,-1.1371
2024-10-23,1004892.9814900019,1004892.9814900019,0.0,0,821942.1141564376,3973.209,0.0,0.0038994121951316796,-0.0038994121951316796,0.004892981490001835,-0.1780578858435624,1.0048929814900018,0.8219421141564376,-1.1371
2024-10-24,1004892.9814900019,1004892.9814900019,0.0,0,812762.0022474476,3928.833,0.0,-0.011168805869512521,0.011168805869512521,0.004892981490001835,-0.18723799775255234,1.0048929814900018,0.8127620022474477,-1.1371
2024-10-25,1013998.4545500019,244976.45455000186,769022.0,8,818469.1621389479,3956.421,0.009061137083969717,0.0070219324669691385,0.0020392046170005784,0.013998454550001815,-0.18153083786105217,1.0139984545500018,0.8184691621389478,-0.2413
2024-10-28,1016656.4545500019,244976.45455000186,771680.0,8,820069.5169642577,3964.157,0.0026213057703126097,0.001955302532263392,0.0006660032380492176,0.016656454550001865,-0.17993048303574233,1.0166564545500019,0.8200695169642577,0.0
2024-10-29,1008994.4545500019,244976.45455000186,764018.0,8,811896.453567368,3924.649,-0.007536469144231561,-0.009966305572660317,0.0024298364284287555,0.008994454550001807,-0.18810354643263205,1.0089944545500018,0.811896453567368,-0.7536
2024-10-30,997500.4545500019,244976.45455000186,752524.0,8,804614.5908668892,3889.449,-0.011391539317355481,-0.008968954930746675,-0.002422584386608806,-0.0024995454499980863,-0.19538540913311075,0.9975004545500019,0.8046145908668892,-1.8842
2024-10-31,991781.4545500019,244976.45455000186,746805.0,8,804943.722786107,3891.04,-0.005733330720716245,0.0004090553700537569,-0.006142386090770002,-0.008218545449998116,-0.19505627721389307,0.9917814545500019,0.8049437227861069,-2.4467
2024-11-01,1008797.7948700018,370748.79487000185,638049.0,7,804732.7142646725,3890.02,0.017157348770673098,-0.0002621407130229958,0.017419489483696093,0.008797794870001763,-0.19526728573532748,1.0087977948700018,0.8047327142646725,-0.773
2024-11-04,1008913.7948700018,370748.79487000185,638165.0,7,816057.2519905139,3944.762,0.00011498835603118707,0.014072421221484888,-0.0139574328654537,0.008913794870001768,-0.18394274800948618,1.0089137948700018,0.8160572519905138,-0.7616
2024-11-05,1013957.7948700018,370748.79487000185,643209.0,7,836705.2632972605,4044.573,0.004999436052561812,0.025302160181019495,-0.020302724128457683,0.013957794870001816,-0.16329473670273953,1.0139577948700018,0.8367052632972605,-0.2654
2024-11-06,1013925.7948700018,370748.79487000185,643177.0,7,832507.848689513,4024.283,-3.1559498986921675e-05,-0.005016598785582471,0.0049850392865955495,0.013925794870001784,-0.167492151310487,1.0139257948700018,0.832507848689513,-0.2686
2024-11-07,1026482.7948700018,370748.79487000185,655734.0,7,857624.4826153803,4145.695,0.012384535499079474,0.03016984640493714,-0.017785310905857665,0.026482794870001936,-0.14237551738461973,1.026482794870002,0.8576244826153803,0.0
2024-11-08,1018380.7948700018,370748.79487000185,647632.0,7,849008.7150656773,4104.047,-0.00789297204053585,-0.010046083949736051,0.0021531119092002005,0.018380794870001882,-0.15099128493432268,1.0183807948700019,0.8490087150656773,-0.7893
2024-11-11,1022349.7948700018,370748.79487000185,651601.0,7,854611.6119230572,4131.131,0.0038973633634820093,0.006599339627445966,-0.0027019762639639566,0.02234979487000177,-0.14538838807694277,1.0223497948700018,0.8546116119230572,-0.4026
2024-11-12,1020370.0908700018,436099.0908700018,584271.0,6,845222.1464614285,4085.743,-0.001936425291944044,-0.01098682176866339,0.009050396476719347,0.020370090870001745,-0.15477785353857154,1.0203700908700017,0.8452221464614285,-0.5955
2024-11-13,1020162.4972700018,568358.4972700018,451804.0,5,850424.3339991824,4110.89,-0.00020344931888682805,0.0061548168839791195,-0.006358266202865948,0.020162497270001856,-0.1495756660008175,1.0201624972700019,0.8504243339991825,-0.6157
2024-11-14,1012050.4972700018,568358.4972700018,443692.0,5,835680.423870608,4039.619,-0.00795167438688249,-0.017337121645191078,0.009385447258308588,0.012050497270001737,-0.16431957612939208,1.0120504972700017,0.8356804238706079,-1.406
2024-11-15,1009148.3938300018,681566.3938300018,327582.0,4,821036.4324830655,3968.831,-0.002867548059932168,-0.017523434759565304,0.014655886699633136,0.009148393830001877,-0.17896356751693443,1.0091483938300019,0.8210364324830656,-1.6887
2024-11-18,1012271.3938300018,681566.3938300018,330705.0,4,817219.6606982975,3950.381,0.003094688570178805,-0.0046487240197428115,0.007743412589921617,0.012271393830001864,-0.18278033930170245,1.0122713938300019,0.8172196606982975,-1.3845
2024-11-19,1013722.3938300018,681566.3938300018,332156.0,4,822703.8135445956,3976.891,0.001433410060626139,0.006710745115471095,-0.005277335054844956,0.013722393830001733,-0.17729618645540435,1.0137223938300017,0.8227038135445957,-1.2431
2024-11-20,1020101.3938300018,681566.3938300018,338535.0,4,824541.2426498699,3985.773,0.006292649781464377,0.002233402927060313,0.004059246854404064,0.020101393830001868,-0.17545875735013017,1.0201013938300019,0.8245412426498698,-0.6217
2024-11-21,1020499.3938300018,681566.3938300018,338933.0,4,825270.4632754149,3989.298,0.0003901572945663734,0.0008843955739574749,-0.0004942382793911015,0.020499393830001766,-0.17472953672458513,1.0204993938300018,0.8252704632754149,-0.5829
2024-11-22,985401.3451700017,64013.345170001674,921388.0,8,799701.4022550605,3865.699,-0.03439301274670514,-0.03098264406419371,-0.003410368682511433,-0.014598654829998226,-0.20029859774493952,0.9854013451700018,0.7997014022550605,-4.0022
2024-11-25,979446.3451700017,64013.345170001674,915433.0,8,796058.8159360256,3848.091,-0.006043222925550817,-0.004554933014701779,-0.0014882899108490388,-0.02055365482999827,-0.20394118406397443,0.9794463451700017,0.7960588159360256,-4.5823
2024-11-26,979596.0226100017,166991.02261000167,812605.0,7,794423.2930238101,3840.185,0.000152818416994549,-0.0020545252178286733,0.0022073436348232223,-0.020403977389998218,-0.2055767069761899,0.9795960226100018,0.7944232930238101,-4.5677
2024-11-27,996402.0226100017,166991.02261000167,829411.0,7,808254.6947327309,3907.045,0.0171560516908007,0.017410619540464856,-0.0002545678496641557,-0.0035979773899982304,-0.19174530526726918,0.9964020226100018,0.8082546947327308,-2.9305
2024-11-28,991698.0226100017,166991.02261000167,824707.0,7,801118.8830284604,3872.551,-0.00472098600088966,-0.008828667189653694,0.004107681188764034,-0.008301977389998272,-0.19888111697153954,0.9916980226100017,0.8011188830284605,-3.3887
2024-11-29,1001523.0226100017,166991.02261000167,834532.0,7,810227.8312792412,3916.583,0.009907249763533965,0.01137028279291874,-0.0014630330293847749,0.0015230226100018118,-0.18977216872075875,1.0015230226100018,0.8102278312792413,-2.4316
2024-12-02,1006623.0226100017,166991.02261000167,839632.0,7,816650.9720459221,3947.632,0.005092244396648349,0.007927573601784976,-0.0028353292051366275,0.006623022610001694,-0.18334902795407793,1.0066230226100017,0.8166509720459221,-1.9347
2024-12-03,1005676.0226100017,166991.02261000167,838685.0,7,817532.0360584601,3951.891,-0.0009407692638944143,0.0010788746266117144,-0.0020196438905061287,0.005676022610001663,-0.18246796394153986,1.0056760226100017,0.8175320360584601,-2.027
2024-12-04,995452.0226100017,166991.02261000167,828461.0,7,813118.6480228915,3930.557,-0.010166295874754927,-0.005398428246123244,-0.0047678676286316835,-0.004547977389998237,-0.18688135197710853,0.9954520226100018,0.8131186480228915,-3.023
2024-12-05,998199.0226100017,166991.02261000167,831208.0,7,811263.2211319656,3921.588,0.0027595503727015913,-0.002281864885816276,0.005041415258517867,-0.0018009773899982928,-0.18873677886803442,0.9981990226100017,0.8112632211319656,-2.7554
2024-12-06,1009966.0226100017,166991.02261000167,842975.0,7,821928.0469216753,3973.141,0.011788230336303718,0.013145950059006761,-0.0013577197227030435,0.00996602261000179,-0.17807195307832469,1.0099660226100018,0.8219280469216753,-1.6091
2024-12-09,1004493.0226100017,166991.02261000167,837502.0,7,820568.9037983189,3966.571,-0.005418994181464076,-0.001653603534332082,-0.0037653906471319942,0.004493022610001729,-0.17943109620168107,1.0044930226100017,0.8205689037983189,-2.1422
2024-12-10,1015519.0226100017,166991.02261000167,848528.0,7,826581.8191747996,3995.637,0.010976681521740028,0.007327739753051343,0.003648941768688685,0.01551902261000171,-0.17341818082520044,1.0155190226100017,0.8265818191747996,-1.0681
2024-12-11,1023282.0226100017,166991.02261000167,856291.0,7,825173.854471974,3988.831,0.0076443668972818735,-0.0017033579376706243,0.009347724834952498,0.023282022610001674,-0.174826145528026,1.0232820226100017,0.825173854471974,-0.3118
2024-12-12,1026363.0226100017,166991.02261000167,859372.0,7,833381.2584713716,4028.505,0.003010900154525764,0.009946272479330442,-0.006935372324804678,0.026363022610001785,-0.16661874152862843,1.0263630226100018,0.8333812584713716,-0.0117
2024-12-13,1006650.0226100017,166991.02261000167,839659.0,7,813661.4777878363,3933.181,-0.019206654532302414,-0.02366237599307941,0.004455721460776996,0.0066500226100016935,-0.18633852221216363,1.0066500226100017,0.8136614777878364,-1.9321
2024-12-16,1001935.8754100017,227664.87541000167,774271.0,7,809247.0553967706,3911.842,-0.0046830051101348635,-0.005425379610040748,0.0007423744999058846,0.0019358754100016196,-0.19075294460322945,1.0019358754100016,0.8092470553967706,-2.3914
2024-12-17,1007568.0016500016,289294.0016500017,718274.0,6,811355.2787712187,3922.033,0.005621244211557075,0.002605166568588224,0.0030160776429688507,0.00756800165000171,-0.1886447212287813,1.0075680016500017,0.8113552787712187,-1.8427
2024-12-18,1014879.0016500016,289294.0016500017,725585.0,6,815463.1181929065,3941.89,0.007256085929711498,0.005062935472496033,0.0021931504572154648,0.014879001650001555,-0.1845368818070935,1.0148790016500016,0.8154631181929065,-1.1304
2024-12-19,1026179.0016500016,289294.0016500017,736885.0,6,816202.4755023244,3945.464,0.011134332252050072,0.000906671672725512,0.01022766057932456,0.026179001650001643,-0.1837975244976756,1.0261790016500016,0.8162024755023244,-0.0296
2024-12-20,1032495.1846400016,229523.18464000165,802972.0,7,812536.7196201516,3927.744,0.006155049927784706,-0.004491233477228573,0.01064628340501328,0.03249518464000167,-0.18746328037984838,1.0324951846400017,0.8125367196201516,0.0
2024-12-23,1032616.8154400017,178089.81544000166,854527.0,7,813742.3643877195,3933.572,0.00011780277700990105,0.0014838034250705956,-0.0013660006480606945,0.03261681544000172,-0.18625763561228048,1.0326168154400017,0.8137423643877195,0.0
2024-12-24,1046589.7556000017,295184.75560000166,751405.0,6,824109.9164075261,3983.688,0.013531583014214199,0.012740582859548377,0.0007910001546658219,0.04658975560000167,-0.17589008359247393,1.0465897556000017,0.8241099164075261,0.0
2024-12-25,1044331.7556000017,295184.75560000166,749147.0,6,824511.4532115497,3985.629,-0.0021574833767654678,0.0004872369522914699,-0.0026447203290569377,0.04433175560000158,-0.17548854678845038,1.0443317556000016,0.8245114532115496,-0.2157
2024-12-26,1040982.7556000017,295184.75560000166,745798.0,6,824894.3716166231,3987.48,-0.0032068353586316434,0.0004644185397084666,-0.00367125389834011,0.04098275560000175,-0.17510562838337684,1.0409827556000018,0.8248943716166232,-0.5357
2024-12-27,1043042.7556000017,295184.75560000166,747858.0,6,823560.2598962997,3981.031,0.0019788992554565787,-0.0016173121871456697,0.0035962114426022485,0.0430427556000017,-0.17643974010370034,1.0430427556000017,0.8235602598962997,-0.3389
2024-12-30,1049185.7556000017,295184.75560000166,754001.0,6,827288.9045927039,3999.055,0.005889499703649603,0.0045274703964877094,0.0013620293071618939,0.04918575560000171,-0.17271109540729612,1.0491857556000017,0.8272889045927039,0.0
2024-12-31,1029636.7556000017,295184.75560000166,734452.0,6,814019.3647898769,3934.911,-0.018632544233142423,-0.016039789400245863,-0.00259275483289656,0.029636755600001674,-0.1859806352101231,1.0296367556000017,0.8140193647898769,-1.8633
2025-01-02,1011644.3803200016,544173.3803200016,467471.0,4,790329.3139657852,3820.395,-0.017474488145593936,-0.029102564200308434,0.011628076054714498,0.011644380320001702,-0.2096706860342148,1.0116443803200017,0.7903293139657852,-3.5781
2025-01-03,1015018.4697600016,658442.4697600016,356576.0,3,780972.5341378688,3775.165,0.0033352524915255533,-0.011839089937035419,0.015174342428560972,0.01501846976000154,-0.21902746586213118,1.0150184697600015,0.7809725341378688,-3.2566
2025-01-06,1018893.4697600016,658442.4697600016,360451.0,3,779690.9676768044,3768.97,0.0038176645208398696,-0.0016409878773511188,0.0054586523981909885,0.018893469760001613,-0.22030903232319565,1.0188934697600016,0.7796909676768043,-2.8872
2025-01-07,1020105.4697600016,658442.4697600016,361663.0,3,785304.6218313554,3796.106,0.0011895257315619467,0.0071998450505046385,-0.006010319318942692,0.020105469760001604,-0.2146953781686446,1.0201054697600016,0.7853046218313554,-2.7717
2025-01-08,1019374.4697600016,658442.4697600016,360932.0,3,783879.073085077,3789.215,-0.000716592569758534,-0.0018152812381951877,0.0010986886684366537,0.019374469760001567,-0.21612092691492302,1.0193744697600016,0.783879073085077,-2.8414
2025-01-09,1014980.4697600016,658442.4697600016,356538.0,3,781947.3107584557,3779.877,-0.004310486607570718,-0.002464362671424025,-0.001846123936146693,0.014980469760001558,-0.2180526892415443,1.0149804697600016,0.7819473107584557,-3.2602
2025-01-10,1009161.4697600016,658442.4697600016,350719.0,3,772142.4481291405,3732.481,-0.005733115240508901,-0.012539032354756507,0.006805917114247606,0.00916146976000154,-0.22785755187085943,1.0091614697600015,0.7721424481291406,-3.8148
2025-01-13,1006735.4697600016,658442.4697600016,348293.0,3,770080.3570098685,3722.513,-0.002403976046149392,-0.0026706097097347614,0.00026663366358536944,0.006735469760001722,-0.22991964299013157,1.0067354697600017,0.7700803570098684,-4.046
2025-01-14,1018296.4697600016,658442.4697600016,359854.0,3,790359.3102752048,3820.54,0.011483652207819883,0.026333554778720902,-0.014849902570901019,0.018296469760001655,-0.20964068972479522,1.0182964697600017,0.7903593102752048,-2.9441
2025-01-15,1018564.4697600016,658442.4697600016,360122.0,3,785288.0721433997,3796.026,0.00026318465000985114,-0.0064163704607203,0.006679555110730151,0.01856446976000159,-0.21471192785660032,1.0185644697600016,0.7852880721433997,-2.9186
2025-01-16,1025489.4697600016,658442.4697600016,367047.0,3,786189.6163947829,3800.384,0.006798784176746064,0.0011480427162511297,0.005650741460494935,0.02548946976000166,-0.2138103836052171,1.0254894697600017,0.7861896163947829,-2.2585
2025-01-17,1027589.4697600016,658442.4697600016,369147.0,3,788663.5878730507,3812.343,0.0020478025976136127,0.0031467872720229995,-0.0010989846744093867,0.02758946976000165,-0.2113364121269493,1.0275894697600017,0.7886635878730507,-2.0584
2025-01-20,1022885.1742300016,174140.1742300017,848745.0,9,792249.2846397382,3829.676,-0.004577991180756968,0.004546547884070273,-0.009124539064827242,0.02288517423000158,-0.2077507153602618,1.0228851742300016,0.7922492846397382,-2.5068
2025-01-21,1020177.0728500017,222583.07285000168,797594.0,9,792857.2788010082,3832.615,-0.0026475125930321974,0.0007674278450708893,-0.003414940438103087,0.020177072850001698,-0.2071427211989918,1.0201770728500017,0.7928572788010082,-2.7649
2025-01-22,1005947.6253700017,246837.62537000168,759110.0,8,785493.0814029501,3797.017,-0.013948017318452632,-0.00928817530589443,-0.004659842012558202,0.005947625370001708,-0.21450691859704984,1.0059476253700017,0.7854930814029502,-4.1211
2025-01-23,1026577.6253700017,246837.62537000168,779740.0,8,786884.7032889195,3803.744,0.020508025944603325,0.0017716539062111458,0.01873637203839218,0.026577625370001634,-0.21311529671108043,1.0265776253700016,0.7868847032889196,-2.1548
2025-01-24,1028392.6253700017,246837.62537000168,781555.0,8,792908.7897047702,3832.864,0.001768010479817228,0.00765561509922863,-0.005887604619411402,0.028392625370001756,-0.2070912102952298,1.0283926253700018,0.7929087897047702,-1.9818
2025-01-27,1035826.6253700017,246837.62537000168,788989.0,8,789643.5362711236,3817.08,0.007228756621358912,-0.004118069412324732,0.011346826033683644,0.0358266253700017,-0.2103564637288764,1.0358266253700017,0.7896435362711236,-1.2733
2025-02-05,1021803.6253700017,246837.62537000168,774966.0,8,785093.4064388217,3795.085,-0.013537979867037087,-0.005762258061135506,-0.007775721805901581,0.021803625370001578,-0.21490659356117836,1.0218036253700016,0.7850934064388216,-2.6098
2025-02-06,1021260.6253700017,246837.62537000168,774423.0,8,794970.6739529426,3842.831,-0.0005314132642691982,0.012581009384506459,-0.013112422648775657,0.021260625370001618,-0.20502932604705737,1.0212606253700016,0.7949706739529426,-2.6616
2025-02-07,1020132.6253700017,246837.62537000168,773295.0,8,805287.7494244847,3892.703,-0.001104517272063954,0.012977932154705885,-0.014082449426769839,0.0201326253700016,-0.19471225057551533,1.0201326253700016,0.8052877494244847,-2.7691
2025-02-10,1019972.6253700017,246837.62537000168,773135.0,8,807016.9849447488,3901.062,-0.00015684235169122207,0.0021473510822682673,-0.0023041934339594894,0.019972625370001662,-0.19298301505525117,1.0199726253700017,0.8070169849447488,-2.7844
2025-02-11,1027016.6253700017,246837.62537000168,780179.0,8,803308.406744991,3883.135,0.006906067697105778,-0.004595415299730954,0.011501482996836732,0.027016625370001712,-0.19669159325500907,1.0270166253700017,0.8033084067449909,-2.113
2025-02-12,1032288.6253700017,246837.62537000168,785451.0,8,810906.1616143228,3919.862,0.005133315147747064,0.009458079618658521,-0.0043247644709114574,0.032288625370001656,-0.18909383838567717,1.0322886253700017,0.8109061616143228,-1.6105
2025-02-13,1032134.6253700017,246837.62537000168,785297.0,8,807860.6052882873,3905.14,-0.00014918308331146601,-0.003755744462432653,0.003606561379121187,0.03213462537000167,-0.1921393947117127,1.0321346253700017,0.8078606052882873,-1.6252
2025-02-14,1033798.6253700017,246837.62537000168,786961.0,8,814867.1225554043,3939.009,0.001612192788710498,0.00867292849936252,-0.007060735710652022,0.033798625370001556,-0.18513287744459572,1.0337986253700016,0.8148671225554043,-1.4666
2025-02-17,1036162.6253700017,246837.62537000168,789325.0,8,816602.5642086519,3947.398,0.002286712268701141,0.0021297234913653096,0.0001569887773358314,0.03616262537000159,-0.18339743579134815,1.0361626253700016,0.8166025642086518,-1.2413
2025-02-18,1041383.6253700017,246837.62537000168,794546.0,8,809441.7211013486,3912.783,0.005038784329955526,-0.008769067623786708,0.013807851953742234,0.04138362537000173,-0.1905582788986514,1.0413836253700017,0.8094417211013486,-0.7436
2025-02-19,1039493.6253700017,246837.62537000168,792656.0,8,815105.2311908659,3940.16,-0.001814893142119911,0.006996810198776737,-0.008811703340896648,0.03949362537000156,-0.18489476880913414,1.0394936253700016,0.8151052311908659,-0.9238
2025-02-20,1038899.6253700017,246837.62537000168,792062.0,8,812775.0351267128,3928.896,-0.0005714320756787794,-0.0028587671566635553,0.002287335080984776,0.03889962537000158,-0.18722496487328721,1.0388996253700016,0.8127750351267128,-0.9804
2025-02-21,1032538.6253700017,246837.62537000168,785701.0,8,823025.0843620343,3978.444,-0.0061228244237113705,0.012611176269364144,-0.018734000693075514,0.03253862537000174,-0.17697491563796564,1.0325386253700017,0.8230250843620344,-1.5867
2025-02-24,1027933.6253700017,246837.62537000168,781096.0,8,821219.7202771741,3969.717,-0.004459881583945391,-0.0021935711549541104,-0.0022663104289912805,0.027933625370001547,-0.17878027972282584,1.0279336253700015,0.8212197202771742,-2.0256
2025-02-25,1017140.2441900016,155960.2441900017,861180.0,10,812103.7384090123,3925.651,-0.010500075990913293,-0.011100539408728571,0.0006004634178152779,0.017140244190001708,-0.1878962615909877,1.0171402441900017,0.8121037384090123,-3.0543
2025-02-26,1021129.2441900016,155960.2441900017,865169.0,10,819197.3484089957,3959.941,0.00392177973763741,0.008734856970219473,-0.004813077232582064,0.021129244190001728,-0.1808026515910044,1.0211292441900017,0.8191973484089956,-2.6741
2025-02-27,1027027.2441900016,155960.2441900017,871067.0,10,820888.519646962,3968.116,0.005775958365269007,0.0020644246972367775,0.0037115336680322297,0.027027244190001687,-0.17911148035303792,1.0270272441900017,0.8208885196469621,-2.112
2025-02-28,1017895.2441900016,155960.2441900017,861935.0,10,804738.7135265565,3890.049,-0.0088916823303965,-0.019673568010612486,0.010781885680215986,0.017895244190001547,-0.19526128647344354,1.0178952441900015,0.8047387135265565,-2.9824
2025-03-03,1016831.2441900016,155960.2441900017,860871.0,10,804412.89154493,3888.474,-0.0010452942049520297,-0.0004048792187449912,-0.0006404149862070385,0.016831244190001593,-0.19558710845507,1.0168312441900016,0.80441289154493,-3.0838
2025-03-04,1015135.2441900016,155960.2441900017,859175.0,10,803739.9398584339,3885.221,-0.0016679267181163304,-0.0008365749648836518,-0.0008313517532326786,0.015135244190001673,-0.19626006014156605,1.0151352441900017,0.803739939858434,-3.2454
2025-03-05,1029009.6755900017,251372.6755900017,777637.0,9,807329.153433812,3902.571,0.013667569399652635,0.004465640435898033,0.009201928963754602,0.029009675590001782,-0.19267084656618805,1.0290096755900018,0.807329153433812,-1.923
2025-03-06,1025544.6755900017,251372.6755900017,774172.0,9,818431.0978566499,3956.237,-0.003367315276227356,0.013751447443236753,-0.01711876271946411,0.02554467559000173,-0.18156890214335009,1.0255446755900017,0.8184310978566499,-2.2533
2025-03-07,1024227.6755900017,251372.6755900017,772855.0,9,815902.5124081286,3944.014,-0.0012841956390075016,-0.0030895520162214085,0.001805356377213907,0.024227675590001718,-0.1840974875918714,1.0242276755900017,0.8159025124081286,-2.3788
2025-03-10,1018256.6755900017,251372.6755900017,766884.0,9,812755.5892433649,3928.802,-0.005829758502239657,-0.0038569842804817567,-0.0019727742217579003,0.01825667559000177,-0.18724441075663512,1.0182566755900018,0.8127555892433649,-2.9479
2025-03-11,1021820.6755900017,251372.6755900017,770448.0,9,815365.0612917695,3941.416,0.0035000998131782257,0.0032106479277909106,0.00028945188538731514,0.02182067559000167,-0.18463493870823056,1.0218206755900017,0.8153650612917694,-2.6082
2025-03-12,1022615.6755900017,251372.6755900017,771243.0,9,812430.8016172354,3927.232,0.0007780230122482745,-0.0035987066577091165,0.004376729669957391,0.02261567559000177,-0.18756919838276453,1.0226156755900018,0.8124308016172355,-2.5324
2025-03-13,1024953.6755900017,251372.6755900017,773581.0,9,809192.6482976164,3911.579,0.0022862939184371545,-0.003985758926388638,0.006272052844825793,0.024953675590001723,-0.1908073517023836,1.0249536755900017,0.8091926482976164,-2.3096
2025-03-14,1037054.6755900017,251372.6755900017,785682.0,9,828840.8515807434,4006.557,0.01180638724285199,0.024281242945623616,-0.012474855702771626,0.03705467559000164,-0.1711591484192565,1.0370546755900016,0.8288408515807435,-1.1562
2025-03-17,1037865.6755900017,251372.6755900017,786493.0,9,826819.9278102611,3996.788,0.0007820224131755982,-0.0024382530936163382,0.0032202755067919364,0.03786567559000176,-0.17318007218973885,1.0378656755900018,0.8268199278102611,-1.0789
2025-03-18,1037794.6755900017,251372.6755900017,786422.0,9,829082.0632826969,4007.723,-6.840962339338397e-05,0.0027359469654133495,-0.0028043565888067334,0.037794675590001825,-0.17091793671730315,1.0377946755900018,0.8290820632826968,-1.0857
2025-03-19,1044793.6755900017,251372.6755900017,793421.0,9,829587.8631208409,4010.168,0.0067441086031982955,0.000610072103286452,0.0061340364999118435,0.0447936755900018,-0.17041213687915913,1.0447936755900018,0.8295878631208409,-0.4186
2025-03-20,1038736.6755900017,251372.6755900017,787364.0,9,822310.9653267489,3974.992,-0.005797316868882851,-0.008771702332670217,0.0029743854637873657,0.03873667559000182,-0.17768903467325114,1.0387366755900018,0.8223109653267489,-0.9959
2025-03-21,1030858.6755900017,251372.6755900017,779486.0,9,809837.4655145877,3914.696,-0.007584212808819268,-0.015168835559920768,0.0075846227511015,0.030858675590001772,-0.19016253448541232,1.0308586755900018,0.8098374655145877,-1.7468
2025-03-24,1034492.6755900017,251372.6755900017,783120.0,9,814006.5387817114,3934.849,0.003525216488011962,0.005148037037869813,-0.0016228205498578507,0.03449267559000169,-0.18599346121828864,1.0344926755900017,0.8140065387817114,-1.4004
2025-03-25,1036024.5279900017,190931.52799000172,845093.0,14,813478.1899937277,3932.295,0.0014807764580124783,-0.0006490719211843521,0.0021298483791968303,0.036024527990001776,-0.18652181000627233,1.0360245279900018,0.8134781899937277,-1.2544
2025-03-26,1034260.5279900017,190931.52799000172,843329.0,14,810801.6917091028,3919.357,-0.001702662391036558,-0.0032901905884478166,0.0015875281974112587,0.03426052799000168,-0.18919830829089712,1.0342605279900017,0.8108016917091029,-1.4226
2025-03-27,1038546.5279900017,190931.52799000172,847615.0,14,813502.3939123627,3932.412,0.004144023564671251,0.0033309035129995834,0.0008131200516716675,0.03854652799000169,-0.1864976060876372,1.0385465279900017,0.8135023939123628,-1.014
2025-03-28,1033613.5279900017,190931.52799000172,842682.0,14,809934.6949313271,3915.166,-0.004749907555463451,-0.0043856035430670515,-0.0003643040123963992,0.03361352799000161,-0.19006530506867292,1.0336135279900016,0.8099346949313271,-1.4842
2025-03-31,1030572.5279900017,190931.52799000172,839641.0,14,804171.2661007777,3887.306,-0.0029421054559083393,-0.0071159179457526145,0.004173812489844275,0.030572527990001763,-0.19582873389922228,1.0305725279900018,0.8041712661007777,-1.7741
2025-04-01,1029943.5279900017,190931.52799000172,839012.0,14,804249.463376368,3887.684,-0.0006103403524900797,9.723957928708948e-05,-0.0007075799317771692,0.029943527990001773,-0.19575053662363195,1.0299435279900018,0.804249463376368,-1.834
2025-04-02,1035079.5279900017,190931.52799000172,844148.0,14,803567.202490397,3884.386,0.00498668117272727,-0.0008483199766236016,0.005835001149350871,0.0350795279900018,-0.19643279750960296,1.0350795279900018,0.803567202490397,-1.3445
2025-04-03,1036918.5279900017,190931.52799000172,845987.0,14,798833.3711217876,3861.503,0.0017766750769103723,-0.005891021129207918,0.007667696206118291,0.036918527990001726,-0.20116662887821246,1.0369185279900017,0.7988333711217875,-1.1692
2025-04-07,987549.8689900017,254907.86899000173,732642.0,13,742551.6060644677,3589.441,-0.047610933421835866,-0.0704549497954553,0.022844016373619436,-0.012450131009998255,-0.2574483939355323,0.9875498689900017,0.7425516060644677,-5.8746
2025-04-08,997438.6341100018,511600.63411000185,485838.0,8,755236.528140262,3650.759,0.010013433681190786,0.01708288282214432,-0.007069449140953532,-0.002561365889998113,-0.244763471859738,0.9974386341100019,0.755236528140262,-4.9321
2025-04-09,995979.6341100018,511600.63411000185,484379.0,8,762691.1282087776,3686.794,-0.0014627466293221092,0.009870550206135142,-0.011333296835457252,-0.004020365889998101,-0.2373088717912224,0.9959796341100019,0.7626911282087776,-5.0712
2025-04-10,997859.6341100018,511600.63411000185,486259.0,8,772687.3466050797,3735.115,0.001887588797616191,0.013106509341178185,-0.011218920543561994,-0.002140365889998108,-0.22731265339492024,0.9978596341100019,0.7726873466050798,-4.892
2025-04-11,998003.6341100018,511600.63411000185,486403.0,8,775873.5752787382,3750.517,0.00014430887379113244,0.004123567815181195,-0.0039792589413900625,-0.001996365889998186,-0.22412642472126187,0.9980036341100018,0.7758735752787381,-4.8783
2025-04-14,1003007.6341100018,511600.63411000185,491407.0,8,777657.8385114549,3759.142,0.005014009798133046,0.002299682950377191,0.0027143268477558546,0.0030076341100018222,-0.22234216148854513,1.0030076341100018,0.7776578385114549,-4.4013
2025-04-15,1010711.6341100018,511600.63411000185,499111.0,8,778090.8197225942,3761.235,0.007680898667173253,0.0005567759877123102,0.0071241226794609425,0.010711634110001755,-0.2219091802774058,1.0107116341100018,0.7780908197225942,-3.667
2025-04-16,1017209.6341100018,511600.63411000185,505609.0,8,780487.4214096694,3772.82,0.006429133474576076,0.00308010533774139,0.0033490281368346864,0.01720963411000187,-0.21951257859033058,1.0172096341100019,0.7804874214096694,-3.0477
2025-04-17,1019185.6341100018,511600.63411000185,507585.0,8,780363.712492201,3772.222,0.0019425690966139442,-0.00015850212838153244,0.0021010712249954766,0.019185634110001848,-0.21963628750779896,1.0191856341100018,0.780363712492201,-2.8594
2025-04-18,1019463.6341100018,511600.63411000185,507863.0,8,780425.980693134,3772.523,0.0002727667960535918,7.979381913347794e-05,0.00019297297692011384,0.01946363411000185,-0.21957401930686604,1.0194636341100018,0.780425980693134,-2.8329
2025-04-21,1014618.6341100018,511600.63411000185,503018.0,8,782982.4937400805,3784.881,-0.004752499096478013,0.0032757918241983486,-0.008028290920676362,0.01461863411000186,-0.21701750625991945,1.0146186341100019,0.7829824937400806,-3.2947
2025-04-22,1017398.6341100018,511600.63411000185,505798.0,8,782790.3104886959,3783.952,0.002739945735807048,-0.00024545025325739545,0.0029853959890644433,0.017398634110001865,-0.21720968951130415,1.0173986341100019,0.7827903104886959,-3.0297
2025-04-23,1013207.5307300019,315432.5307300019,697775.0,9,783396.4428100708,3786.882,-0.00411943090887501,0.0007743227186811641,-0.004893753627556174,0.013207530730001915,-0.21660355718992919,1.013207530730002,0.7833964428100708,-3.4292
2025-04-24,1015805.284350002,465920.2843500019,549885.0,7,782874.0932839712,3784.357,0.002563890951470249,-0.0006667754632966316,0.0032306664147668807,0.015805284350002058,-0.21712590671602883,1.015805284350002,0.7828740932839712,-3.1816
2025-04-25,1012300.284350002,465920.2843500019,546380.0,7,783419.6123732087,3786.994,-0.0034504644285668906,0.0006968158659450552,-0.004147280294511946,0.012300284350001967,-0.21658038762679122,1.012300284350002,0.7834196123732088,-3.5156
2025-04-28,1011837.284350002,465920.2843500019,545917.0,7,782307.6802136896,3781.619,-0.0004573741676831,-0.0014193315331368916,0.0009619573654537916,0.011837284350001864,-0.21769231978631043,1.0118372843500019,0.7823076802136896,-3.5598
2025-04-29,1007798.8263500019,570390.8263500019,437408.0,6,780954.3294811177,3775.077,-0.003991212878258765,-0.001729946882538913,-0.002261265995719852,0.007798826350001953,-0.21904567051888235,1.007798826350002,0.7809543294811176,-3.9447
2025-04-30,1003127.8263500019,570390.8263500019,432737.0,6,780022.1683070165,3770.571,-0.0046348535817581915,-0.001193618037459987,-0.0034412355442982046,0.003127826350001861,-0.21997783169298346,1.0031278263500019,0.7800221683070165,-4.3899
2025-05-06,1006166.0918700019,673910.0918700019,332256.0,5,787877.2708240586,3808.542,0.0030287919846219147,0.010070358043914318,-0.007041566059292403,0.006166091870001944,-0.21212272917594144,1.006166091870002,0.7878772708240586,-4.1003
2025-05-07,1010937.0918700019,673910.0918700019,337027.0,5,792652.8901547561,3831.627,0.004741761860741045,0.0060613746677862235,-0.0013196128070451785,0.010937091870001803,-0.20734710984524385,1.0109370918700018,0.7926528901547562,-3.6456
2025-05-08,1014108.0918700019,673910.0918700019,340198.0,5,797052.8315688609,3852.896,0.0031366936929124734,0.005550905659658545,-0.0024142119667460715,0.014108091870001838,-0.20294716843113914,1.0141080918700018,0.7970528315688609,-3.3433
2025-05-09,1014086.0918700019,673910.0918700019,340176.0,5,795658.7272296981,3846.157,-2.1693939902811543e-05,-0.0017490739433404512,0.0017273800034376396,0.014086091870001871,-0.2043412727703019,1.0140860918700019,0.7956587272296981,-3.3454
2025-05-12,1021584.0918700019,673910.0918700019,347674.0,5,804854.7682133453,3890.61,0.007393849555882959,0.011557770522628186,-0.004163920966745227,0.021584091870001876,-0.19514523178665466,1.0215840918700019,0.8048547682133453,-2.6308
2025-05-13,1034616.0918700019,673910.0918700019,360706.0,5,806023.176183013,3896.258,0.012756659098072998,0.0014517003760334823,0.011304958722039515,0.03461609187000181,-0.193976823816987,1.0346160918700018,0.806023176183013,-1.3887
2025-05-14,1031121.0918700019,673910.0918700019,357211.0,5,815736.3949152739,3943.211,-0.003378064605280784,0.012050793350953715,-0.015428857956234499,0.031121091870001782,-0.18426360508472617,1.0311210918700018,0.8157363949152738,-1.7218
2025-05-15,1027061.9769500018,800280.9769500018,226781.0,3,808286.5528820454,3907.199,-0.003936603520192428,-0.00913265863784618,0.005196055117653753,0.027061976950001787,-0.19171344711795457,1.0270619769500018,0.8082865528820454,-2.1087
2025-05-16,1025951.9769500018,800280.9769500018,225671.0,3,804539.2897866911,3889.085,-0.0010807526954665914,-0.004636057697598672,0.003555305002132081,0.025951976950001843,-0.1954607102133089,1.0259519769500018,0.8045392897866911,-2.2145
2025-05-19,1024856.9769500018,800280.9769500018,224576.0,3,802069.2488593127,3877.145,-0.0010673014181962204,-0.0030701308919707238,0.0020028294737745034,0.024856976950001775,-0.19793075114068726,1.0248569769500018,0.8020692488593127,-2.3188
2025-05-20,1024450.9769500018,800280.9769500018,224170.0,3,806418.9205962521,3898.171,-0.00039615283803629,0.00542306258857983,-0.00581921542661612,0.024450976950001868,-0.1935810794037479,1.0244509769500019,0.8064189205962521,-2.3575
2025-05-21,1025440.9769500018,800280.9769500018,225160.0,3,810186.0433171532,3916.381,0.000966371278152689,0.004671421546155852,-0.0037050502680031627,0.025440976950001692,-0.18981395668284673,1.0254409769500017,0.8101860433171533,-2.2632
2025-05-22,1028507.9769500018,800280.9769500018,228227.0,3,809665.5556309485,3913.865,0.0029909083691215255,-0.0006424298350952151,0.0036333382042167406,0.028507976950001845,-0.19033444436905145,1.0285079769500018,0.8096655556309486,-1.9708
2025-05-23,1026316.9769500018,800280.9769500018,226036.0,3,803130.2907283683,3882.274,-0.0021302703032963777,-0.008071560976170566,0.005941290672874189,0.02631697695000179,-0.19686970927163172,1.0263169769500018,0.8031302907283683,-2.1797
2025-05-26,1017879.9637300018,220769.96373000176,797110.0,8,798544.5790669618,3860.107,-0.008220670036145128,-0.005709797917406112,-0.002510872118739016,0.01787996373000178,-0.20145542093303825,1.0178799637300018,0.7985445790669617,-2.9838
2025-05-27,1022417.9768800017,127931.97688000175,894486.0,8,794260.2785974471,3839.397,0.004458298926889537,-0.005365136251404445,0.009823435178293982,0.02241797688000169,-0.20573972140255292,1.0224179768800017,0.7942602785974471,-2.5513
2025-05-28,1022954.9768800017,127931.97688000175,895023.0,8,793606.5659231995,3836.237,0.0005252255067331735,-0.0008230459105948995,0.001348271417328073,0.0229549768800017,-0.20639343407680044,1.0229549768800017,0.7936065659231996,-2.5001
2025-05-29,1024284.9768800017,127931.97688000175,896353.0,8,798253.511430042,3858.7,0.0013001549726621153,0.00585547764645411,-0.004555322673791995,0.024284976880001752,-0.20174648856995803,1.0242849768800018,0.798253511430042,-2.3733
2025-05-30,1028448.9768800017,127931.97688000175,900517.0,8,794433.015965484,3840.232,0.0040652748932075156,-0.004786067846684117,0.008851342739891632,0.02844897688000181,-0.205566984034516,1.0284489768800018,0.794433015965484,-1.9765
2025-06-03,1037736.9768800017,127931.97688000175,909805.0,8,796870.1643880504,3852.013,0.00903107515180479,0.0030677834047525554,0.005963291747052235,0.03773697688000177,-0.20312983561194953,1.0377369768800018,0.7968701643880505,-1.0912
2025-06-04,1045095.9768800017,127931.97688000175,917164.0,8,800331.1178817723,3868.743,0.007091392292992271,0.004343183680844298,0.002748208612147973,0.045095976880001665,-0.19966888211822764,1.0450959768800017,0.8003311178817724,-0.3898
2025-06-05,1039985.9768800017,127931.97688000175,912054.0,8,802154.2728811849,3877.556,-0.004889503082056823,0.0022780008907288263,-0.007167503972785649,0.03998597688000172,-0.1978457271188151,1.0399859768800017,0.8021542728811849,-0.8768
2025-06-06,1036129.9768800017,127931.97688000175,908198.0,8,801415.3293139657,3873.984,-0.0037077423020338562,-0.0009211988169869345,-0.0027865434850469217,0.036129976880001635,-0.19858467068603425,1.0361299768800016,0.8014153293139658,-1.2444
2025-06-09,1038664.7664800017,233391.76648000174,805273.0,7,803745.1116359201,3885.246,0.002446401181860125,0.0029070847995242843,-0.00046068361766415933,0.03866476648000172,-0.1962548883640799,1.0386647664800017,0.8037451116359201,-1.0028
2025-06-10,1038849.7664800017,233391.76648000174,805458.0,7,799652.9944177902,3865.465,0.00017811329118910812,-0.005091312107392998,0.005269425398582106,0.038849766480001824,-0.20034700558220975,1.0388497664800018,0.7996529944177903,-0.9851
2025-06-11,1049662.7664800016,233391.76648000174,816271.0,7,805685.3556776186,3894.625,0.010408627261512704,0.007543723717586381,0.0028649035439263226,0.04966276648000156,-0.19431464432238132,1.0496627664800016,0.8056853556776187,0.0
2025-06-12,1051170.7664800016,233391.76648000174,817779.0,7,805183.4863903642,3892.199,0.0014366518925472693,-0.0006229097795035221,0.0020595616720507914,0.05117076648000163,-0.1948165136096358,1.0511707664800016,0.8051834863903642,0.0
2025-06-13,1040159.4376800017,337692.4376800017,702467.0,6,799387.5787972017,3864.182,-0.010475299685961503,-0.007198244488527128,-0.0032770551974343753,0.04015943768000163,-0.2006124212027982,1.0401594376800016,0.7993875787972018,-1.0475
2025-06-16,1041934.9971200017,448713.9971200017,593221.0,6,801376.2306761706,3873.795,0.0017070069988118775,0.0024877192637406953,-0.0007807122649288178,0.041934997120001594,-0.1986237693238294,1.0419349971200016,0.8013762306761706,-0.8786
2025-06-17,1040752.0642200017,452497.0642200017,588255.0,5,800669.559000465,3870.379,-0.001135323127901211,-0.0008818226054811973,-0.00025350052242001375,0.04075206422000166,-0.199330440999535,1.0407520642200017,0.800669559000465,-0.9912
2025-06-18,1045496.0642200017,452497.0642200017,592999.0,5,801619.5110891184,3874.971,0.004558242220307651,0.001186447115385958,0.003371795104921693,0.04549606422000174,-0.19838048891088156,1.0454960642200017,0.8016195110891184,-0.5398
2025-06-19,1044695.0642200017,452497.0642200017,592198.0,5,795024.4604387984,3843.091,-0.0007661434867262118,-0.00822715834518506,0.007461014858458848,0.04469506422000169,-0.20497553956120163,1.0446950642200017,0.7950244604387984,-0.616
2025-06-20,1049600.0642200017,452497.0642200017,597103.0,5,795759.473455128,3846.644,0.004695149970544099,0.0009245162292541576,0.0037706337412899416,0.04960006422000163,-0.20424052654487201,1.0496000642200016,0.795759473455128,-0.1494
2025-06-23,1052550.0642200017,452497.0642200017,600053.0,5,798088.4282926846,3857.902,0.002810594340228345,0.0029267070204572754,-0.00011611268022893029,0.052550064220001635,-0.20191157170731544,1.0525500642200016,0.7980884282926846,0.0
2025-06-24,1062009.2903800018,98910.29038000184,963099.0,9,807631.8058523006,3904.034,0.008986960793176069,0.011957794677003086,-0.0029708338838270176,0.0620092903800018,-0.19236819414769935,1.0620092903800018,0.8076318058523007,0.0
2025-06-25,1071874.423530002,52210.42353000185,1019664.0,9,819223.2072964264,3960.066,0.009289121328185601,0.014352334021681123,-0.005063212693495522,0.07187442353000195,-0.1807767927035736,1.071874423530002,0.8192232072964264,0.0
2025-06-26,1074338.423530002,52210.42353000185,1022128.0,9,816317.4958336161,3946.02,0.0022987767465196818,-0.003546910581793239,0.005845687328312921,0.07433842353000197,-0.18368250416638388,1.074338423530002,0.8163174958336161,0.0
2025-06-27,1058761.423530002,52210.42353000185,1006551.0,9,811298.3892188712,3921.758,-0.014499155628091565,-0.00614847365193294,-0.008350681976158625,0.0587614235300018,-0.1887016107811288,1.0587614235300018,0.8112983892188712,-1.4499
2025-06-30,1059131.423530002,52210.42353000185,1006921.0,9,814260.9902340292,3936.079,0.00034946494250465143,0.003651678660437696,-0.0033022137179330446,0.05913142353000178,-0.1857390097659708,1.0591314235300018,0.8142609902340292,-1.4155
2025-07-01,1061789.423530002,52210.42353000185,1009579.0,9,815643.5097916229,3942.762,0.0025096035684986084,0.0016978825882303372,0.0008117209802682712,0.06178942353000183,-0.18435649020837708,1.0617894235300018,0.8156435097916229,-1.1681
2025-07-02,1064378.423530002,52210.42353000185,1012168.0,9,815834.451816411,3943.685,0.002438336587863743,0.000234099851829761,0.002204236736033982,0.06437842353000178,-0.184165548183589,1.0643784235300018,0.815834451816411,-0.9271
2025-07-03,1070712.423530002,52210.42353000185,1018502.0,9,820878.5898341887,3968.068,0.005950891017682647,0.006182796039744698,-0.0002319050220620511,0.07071242353000184,-0.1791214101658113,1.0707124235300018,0.8208785898341887,-0.3375
2025-07-04,1075381.423530002,52210.42353000185,1023171.0,9,823802.7128248498,3982.203,0.004360648010982127,0.0035621869383286597,0.0007984610726534669,0.07538142353000188,-0.17619728717515026,1.0753814235300019,0.8238027128248497,0.0
2025-07-07,1077972.423530002,52210.42353000185,1025762.0,9,820280.1117434931,3965.175,0.002409377680614,-0.0042760251046971565,0.006685402785311156,0.07797242353000189,-0.17971988825650687,1.0779724235300019,0.8202801117434931,0.0
2025-07-08,1084987.423530002,52210.42353000185,1032777.0,9,827164.3681908378,3998.453,0.006507587621794819,0.008392567793350736,-0.0018849801715559167,0.08498742353000188,-0.17283563180916217,1.0849874235300019,0.8271643681908378,0.0
2025-07-09,1083415.423530002,52210.42353000185,1031205.0,9,825705.5131975487,3991.401,-0.0014488647203720895,-0.0017636821040537543,0.0003148173836816648,0.08341542353000198,-0.1742944868024513,1.083415423530002,0.8257055131975487,-0.1449
2025-07-10,1098955.423530002,52210.42353000185,1046745.0,9,829558.0736825207,4010.024,0.014343528495623037,0.0046657802611163035,0.009677748234506733,0.09895542353000186,-0.17044192631747934,1.0989554235300019,0.8295580736825207,0.0
2025-07-11,1097205.423530002,52210.42353000185,1044995.0,9,830547.5381511681,4014.807,-0.0015924212779975244,0.001192760941081783,-0.0027851822190793074,0.09720542353000194,-0.1694524618488319,1.097205423530002,0.8305475381511681,-0.1592
2025-07-14,1097906.423530002,52210.42353000185,1045696.0,9,831139.3963666816,4017.668,0.0006388958575731518,0.0007126120882026132,-7.371623062946142e-05,0.09790642353000178,-0.16886060363331845,1.0979064235300018,0.8311393963666815,-0.0955
2025-07-15,1092535.7233300018,167517.72333000184,925018.0,8,831428.1884215074,4019.064,-0.004891764985518687,0.0003474652460084826,-0.00523923023152717,0.0925357233300017,-0.16857181157849266,1.0925357233300017,0.8314281884215073,-0.5842
2025-07-16,1094171.7233300018,167517.72333000184,926654.0,8,828974.2834398858,4007.202,0.0014974338733872994,-0.0029514334680910137,0.004448867341478313,0.0941717233300019,-0.17102571656011423,1.094171723330002,0.8289742834398858,-0.4353
2025-07-17,1103552.666530002,284608.66653000185,818944.0,7,834619.5888726519,4034.491,0.008573556599918541,0.006809988615497753,0.0017635679844207885,0.10355266653000195,-0.16538041112734803,1.103552666530002,0.834619588872652,0.0
2025-07-18,1103219.666530002,284608.66653000185,818611.0,7,839596.4937831097,4058.549,-0.0003017527029743894,0.005963081836097617,-0.006264834539072006,0.10321966653000181,-0.16040350621689026,1.1032196665300018,0.8395964937831097,-0.0302
2025-07-21,1107046.666530002,284608.66653000185,822438.0,7,845194.0119919039,4085.607,0.0034689374347696145,0.006666914702766924,-0.0031979772679973095,0.10704666653000183,-0.15480598800809608,1.1070466665300018,0.8451940119919039,0.0
2025-07-22,1115192.672110002,399415.6721100021,715777.0,9,852093.370029508,4118.958,0.007358321763917486,0.008163046519158446,-0.0008047247552409598,0.11519267211000206,-0.14790662997049198,1.115192672110002,0.852093370029508,0.0
2025-07-23,1106034.743690002,405149.74369000207,700885.0,8,852261.1424911583,4119.769,-0.0082119696883165,0.0001968944572876552,-0.008408864145604156,0.10603474369000199,-0.14773885750884164,1.106034743690002,0.8522611424911584,-0.8212
2025-07-24,1115354.6211300022,538104.6211300021,577250.0,7,858315.845829727,4149.037,0.008426387591502493,0.007104281817742919,0.0013221057737595743,0.11535462113000228,-0.14168415417027302,1.1153546211300023,0.858315845829727,0.0
2025-07-25,1117441.6211300022,538104.6211300021,579337.0,7,853790.7474004577,4127.163,0.0018711537662214894,-0.005272066747054938,0.007143220513276427,0.11744162113000223,-0.14620925259954232,1.1174416211300022,0.8537907474004577,0.0
2025-07-28,1118261.6211300022,538104.6211300021,580157.0,7,855582.4579927544,4135.824,0.0007338190957759672,0.0020985359676852777,-0.0013647168719093106,0.11826162113000227,-0.14441754200724555,1.1182616211300023,0.8555824579927545,0.0
2025-07-29,1123800.6211300022,538104.6211300021,585696.0,7,858933.9766748697,4152.025,0.004953223731672729,0.003917236323402573,0.001035987408270156,0.12380062113000223,-0.1410660233251303,1.1238006211300022,0.8589339766748697,0.0
2025-07-30,1116629.6211300022,538104.6211300021,578525.0,7,858771.1691196064,4151.238,-0.006381025125959949,-0.0001895460648716485,-0.006191479061088301,0.11662962113000219,-0.14122883088039362,1.1166296211300022,0.8587711691196064,-0.6381
2025-07-31,1107076.6211300022,538104.6211300021,568972.0,7,843121.9910598585,4075.591,-0.008555209193118696,-0.018222756681260166,0.00966754748814147,0.10707662113000227,-0.15687800894014148,1.1070766211300023,0.8431219910598585,-1.4882
2025-08-01,1103202.6211300022,538104.6211300021,565098.0,7,838847.6204031174,4054.929,-0.0034993061239481094,-0.005069694186683349,0.0015703880627352396,0.10320262113000211,-0.16115237959688267,1.1032026211300021,0.8388476204031173,-1.8329
2025-08-04,1101683.387490002,665946.3874900021,435736.99999999994,5,842110.5982546699,4070.702,-0.001377112065274133,0.0038898338293962276,-0.005266945894670361,0.10168338749000205,-0.15788940174533006,1.101683387490002,0.8421105982546699,-1.9681
2025-08-05,1107268.387490002,665946.3874900021,441322.0,5,848885.2130193085,4103.45,0.0050695145841532785,0.008044804065736155,-0.0029752894815828768,0.107268387490002,-0.15111478698069147,1.107268387490002,0.8488852130193085,-1.4711
2025-08-06,1109416.387490002,665946.3874900021,443470.0,5,850961.1645022433,4113.485,0.0019399090810034991,0.00244550317415837,-0.0005055940931548708,0.10941638749000204,-0.14903883549775676,1.109416387490002,0.8509611645022432,-1.28
2025-08-07,1107812.387490002,665946.3874900021,441866.0,5,851205.4792706885,4114.666,-0.0014458052162262813,0.00028710448682822687,-0.0017329097030545082,0.10781238749000188,-0.14879452072931154,1.1078123874900019,0.8512054792706885,-1.4227
2025-08-08,1106341.387490002,665946.3874900021,440395.0,5,849199.0364771672,4104.967,-0.0013278421658859951,-0.0023571779580653374,0.0010293357921793422,0.10634138749000188,-0.1508009635228328,1.1063413874900019,0.8491990364771672,-1.5536
2025-08-11,1109068.387490002,665946.3874900021,443122.0,5,852828.3830458377,4122.511,0.002464881121537754,0.004273846781228885,-0.0018089656596911308,0.10906838749000203,-0.14717161695416225,1.109068387490002,0.8528283830458377,-1.3109
2025-08-12,1109576.387490002,665946.3874900021,443630.0,5,857237.6336594173,4143.825,0.0004580420880535563,0.005170149940169733,-0.004712107852116176,0.10957638749000198,-0.1427623663405827,1.109576387490002,0.8572376336594173,-1.2657
2025-08-13,1117519.387490002,665946.3874900021,451573.0,5,864013.2827795532,4176.578,0.007158587808423045,0.007904050002111696,-0.0007454621936886507,0.11751938749000201,-0.13598671722044675,1.117519387490002,0.8640132827795532,-0.5589
2025-08-14,1113036.387490002,665946.3874900021,447090.0,5,863337.848639864,4173.313,-0.004011563513067085,-0.0007817404583367882,-0.0032298230547302964,0.113036387490002,-0.13666215136013604,1.113036387490002,0.863337848639864,-0.9578
2025-08-15,1122819.387490002,665946.3874900021,456873.0,5,869345.3853677589,4202.353,0.008789470056824955,0.006958500356910591,0.0018309696999143643,0.12281938749000187,-0.13065461463224104,1.1228193874900019,0.869345385367759,-0.0873
2025-08-18,1138996.387490002,665946.3874900021,473050.0,5,877012.0283132062,4239.413,0.014407481898012886,0.008818868857518591,0.005588613040494295,0.13899638749000198,-0.12298797168679387,1.138996387490002,0.8770120283132061,0.0
2025-08-19,1139020.713150002,570087.7131500022,568933.0,8,873694.022749201,4223.374,2.1357100221885972e-05,-0.003783306792709329,0.003804663892931215,0.13902071315000208,-0.12630597725079895,1.139020713150002,0.873694022749201,0.0
2025-08-20,1149537.3576300023,619202.3576300022,530335.0,7,883628.386686769,4271.396,0.009233058151256968,0.011370529818102826,-0.002137471666845858,0.1495373576300023,-0.11637161331323098,1.1495373576300023,0.883628386686769,0.0
2025-08-21,1159149.3576300023,619202.3576300022,539947.0,7,887077.9622700214,4288.071,0.008361624732072137,0.003903875922532274,0.004457748809539863,0.15914935763000226,-0.11292203772997855,1.1591493576300023,0.8870779622700214,0.0
2025-08-22,1189209.3576300023,619202.3576300022,570007.0,7,905681.2596298496,4377.998,0.02593280995424152,0.020971434474848838,0.004961375479392682,0.18920935763000224,-0.09431874037015042,1.1892093576300022,0.9056812596298496,0.0
2025-08-25,1190441.3576300023,619202.3576300022,571239.0,7,924552.8688056587,4469.222,0.0010359824299190912,0.02083692135080928,-0.019800938920890188,0.19044135763000236,-0.07544713119434132,1.1904413576300024,0.9245528688056587,0.0
2025-08-26,1187964.0156300021,669614.0156300022,518350.0,6,921112.395550782,4452.591,-0.0020810281700328614,-0.003721229332532494,0.0016402011624996327,0.1879640156300022,-0.07888760444921805,1.1879640156300022,0.921112395550782,-0.2081
2025-08-27,1180625.6506300024,827868.6506300023,352757.0,5,907362.9147972417,4386.127,-0.006177262024311458,-0.014927039110486318,0.00874977708617486,0.18062565063000235,-0.09263708520275826,1.1806256506300024,0.9073629147972417,-0.8245
2025-08-28,1180371.0861500022,1045551.0861500023,134820.0,1,923427.4900246756,4463.782,-0.0002156182866807077,0.01770468570563488,-0.01792030399231559,0.1803710861500023,-0.07657250997532439,1.1803710861500023,0.9234274900246756,-0.8459
2025-08-29,1177851.0861500022,1045551.0861500023,132300.0,1,930249.4782710872,4496.759,-0.002134921830574066,0.007387681566886517,-0.009522603397460583,0.17785108615000222,-0.06975052172891283,1.1778510861500022,0.9302494782710872,-1.0576
2025-09-01,1178751.0861500022,1045551.0861500023,133200.0,1,935825.0681433402,4523.711,0.0007641033833418742,0.0059936500933228665,-0.005229546709980992,0.17875108615000213,-0.06417493185665979,1.1787510861500021,0.9358250681433402,-0.982
2025-09-02,1178931.0861500022,1045551.0861500023,133380.0,1,928944.9491179845,4490.453,0.00015270399502909093,-0.007351928538317232,0.007504632533346323,0.1789310861500022,-0.07105505088201547,1.1789310861500022,0.9289449491179845,-0.9669
2025-09-03,1177491.0861500022,1045551.0861500023,131940.0,1,922609.9354396673,4459.83,-0.0012214454406342945,-0.006819579227307471,0.005598133786673176,0.1774910861500023,-0.0773900645603327,1.1774910861500023,0.9226099354396673,-1.0879
2025-09-04,1176051.0861500022,1045551.0861500023,130500.0,1,903035.5851390421,4365.209,-0.0012229391941371848,-0.02121627954428773,0.019993340350150546,0.1760510861500022,-0.09696441486095786,1.1760510861500022,0.9030355851390421,-1.2088
2025-09-05,1176591.0861500022,1045551.0861500023,131040.0,1,922712.3366338927,4460.325,0.000459163727119849,0.02178956379866359,-0.021330400071543743,0.17659108615000219,-0.07728766336610726,1.1765910861500022,0.9227123366338927,-1.1635
2025-09-08,1178211.0861500022,1045551.0861500023,132660.0,1,924211.7383626732,4467.573,0.0013768589776597118,0.0016249936944057186,-0.00024813471674600684,0.17821108615000214,-0.07578826163732677,1.1782110861500021,0.9242117383626732,-1.0274
2025-09-09,1178571.0861500022,1045551.0861500023,133020.0,1,917733.5698835398,4436.258,0.0003055479652431803,-0.007009398615310913,0.007314946580554094,0.17857108615000228,-0.08226643011646018,1.1785710861500023,0.9177335698835398,-0.9971
2025-09-10,1176951.0861500022,1045551.0861500023,131400.0,1,919617.5449861893,4445.365,-0.0013745458539051736,0.0020528562585855337,-0.0034274021124907073,0.1769510861500021,-0.0803824550138107,1.176951086150002,0.9196175449861893,-1.1332
2025-09-11,1177851.0861500022,1045551.0861500023,132300.0,1,940857.0007662505,4548.035,0.0007646876837881234,0.023095966247990818,-0.022331278564202695,0.17785108615000222,-0.05914299923374944,1.1778510861500022,0.9408570007662506,-1.0576
2025-09-12,1176231.0861500022,1045551.0861500023,130680.0,1,935470.69794999,4521.998,-0.001375386090015196,-0.0057248899799584585,0.0043495038899432625,0.17623108615000227,-0.06452930205000995,1.1762310861500023,0.93547069794999,-1.1937
2025-09-15,1176591.0861500022,1045551.0861500023,131040.0,1,937758.2785676576,4533.056,0.0003060623071766688,0.002445379232808298,-0.002139316925631629,0.17659108615000219,-0.06224172143234241,1.1765910861500022,0.9377582785676576,-1.1635
2025-09-16,1175508.6497900023,132436.64979000227,1043072.0,9,935747.6983521477,4523.337,-0.0009199766790192188,-0.0021440282229028274,0.0012240515438836086,0.17550864979000225,-0.06425230164785234,1.1755086497900022,0.9357476983521477,-1.2544
2025-09-17,1187681.4342700022,104677.43427000227,1083004.0,9,941475.1316113935,4551.023,0.010355333822660073,0.0061207024813758615,0.004234631341284212,0.18768143427000217,-0.05852486838860649,1.1876814342700022,0.9414751316113935,-0.2318
2025-09-18,1177552.4342700022,104677.43427000227,1072875.0,9,930528.7542553387,4498.109,-0.00852838118685062,-0.011626836427765741,0.003098455240915121,0.1775524342700021,-0.06947124574466135,1.1775524342700021,0.9305287542553387,-1.0827
2025-09-19,1183517.4342700022,104677.43427000227,1078840.0,9,931317.140015325,4501.92,0.005065591838123051,0.0008472449200318533,0.004218346918091198,0.1835174342700021,-0.06868285998467494,1.1835174342700021,0.9313171400153251,-0.5816
2025-09-22,1186042.4342700022,104677.43427000227,1081365.0,9,935596.8893206519,4522.608,0.002133470895219647,0.004595372641006401,-0.0024619017457867542,0.18604243427000222,-0.06440311067934812,1.1860424342700022,0.9355968893206519,-0.3695
2025-09-23,1173134.4342700022,104677.43427000227,1068457.0,9,935011.4441092215,4519.778,-0.010883253100421153,-0.0006257451452789109,-0.010257507955142242,0.17313443427000208,-0.06498855589077857,1.173134434270002,0.9350114441092214,-1.4538
2025-09-24,1189086.4342700022,104677.43427000227,1084409.0,9,944588.1279158482,4566.071,0.013597759586629454,0.010242317211154983,0.003355442375474471,0.18908643427000227,-0.05541187208415188,1.1890864342700023,0.9445881279158481,-0.1138
2025-09-25,1200709.4342700022,104677.43427000227,1096032.0,9,950259.9128493433,4593.488,0.009774730974149604,0.006004505843207442,0.003770225130942162,0.2007094342700022,-0.0497400871506567,1.2007094342700022,0.9502599128493433,0.0
2025-09-26,1207302.4342700022,104677.43427000227,1102625.0,9,941273.6391605337,4550.049,0.005490920460709425,-0.009456648194139161,0.014947568654848586,0.20730243427000228,-0.05872636083946636,1.2073024342700023,0.9412736391605336,0.0
2025-09-29,1212190.9936300023,228846.99363000225,983344.0,8,955755.4436061108,4620.053,0.004049158869588343,0.015385328817338007,-0.011336169947749664,0.21219099363000216,-0.044244556393889245,1.2121909936300022,0.9557554436061108,0.0
2025-09-30,1226686.2928700023,361247.2928700022,865439.0,7,960025.4699697638,4640.694,0.011957933457823033,0.004467697664940262,0.007490235792882771,0.22668629287000241,-0.03997453003023621,1.2266862928700024,0.9600254699697638,0.0
2025-10-09,1236943.2928700023,361247.2928700022,875696.0,7,974255.7191584152,4709.482,0.008361551000950929,0.014822782971684711,-0.006461231970733783,0.23694329287000238,-0.025744280841584755,1.2369432928700024,0.9742557191584152,0.0
2025-10-10,1222021.2928700023,361247.2928700022,860774.0,7,955089.525536996,4616.834,-0.012063608805685355,-0.019672651896747828,0.007609043091062473,0.22202129287000227,-0.044910474463004,1.2220212928700023,0.955089525536996,-1.2064
2025-10-13,1212802.2928700023,361247.2928700022,851555.0,7,950361.486559171,4593.979,-0.007544058400446141,-0.004950362087958848,-0.0025936963124872925,0.2128022928700024,-0.049638513440829035,1.2128022928700024,0.950361486559171,-1.9517
2025-10-14,1201872.4823100022,502995.4823100022,698877.0,6,939001.1601331257,4539.064,-0.009012029927924714,-0.01195368981878242,0.0029416598908577063,0.2018724823100022,-0.060998839866874266,1.2018724823100022,0.9390011601331257,-2.8353
2025-10-15,1206639.5743500022,814479.5743500022,392160.0,4,952907.8629222445,4606.288,0.003966387541245453,0.014810101818348187,-0.010843714277102734,0.20663957435000224,-0.0470921370777555,1.2066395743500022,0.9529078629222445,-2.4499
2025-10-16,1201765.5530700022,839488.5530700022,362277.0,3,955418.0368429152,4618.422,-0.004039334846634324,0.002634225215618402,-0.006673560062252726,0.2017655530700022,-0.044581963157084736,1.2017655530700022,0.9554180368429153,-2.8439
2025-10-17,1191811.5530700022,839488.5530700022,352323.0,3,933864.7576049953,4514.235,-0.008282813544265522,-0.022559003919520593,0.014276190375255071,0.1918115530700022,-0.06613524239500468,1.1918115530700022,0.9338647576049953,-3.6487
2025-10-20,1192082.9476700022,962559.9476700022,229523.0,2,938826.5609251938,4538.22,0.00022771603388216377,0.005313192600739924,-0.005085476566857761,0.19208294767000234,-0.06117343907480621,1.1920829476700023,0.9388265609251938,-3.6267
2025-10-21,1193069.2195100023,1076589.2195100023,116480.0,1,953235.5467437662,4607.872,0.0008273516888466226,0.01534786766617735,-0.014520515977330728,0.19306921951000233,-0.046764453256233796,1.1930692195100023,0.9532355467437662,-3.547
2025-10-22,1190220.1945100024,180106.1945100024,1010114.0,8,950070.0051800522,4592.57,-0.002387979635557147,-0.0033208387732993616,0.0009328591377422146,0.19022019451000238,-0.049929994819947754,1.1902201945100024,0.9500700051800522,-3.7773
2025-10-23,1194683.1729100023,156940.17291000238,1037743.0,8,952919.654574913,4606.345,0.0037497081805415444,0.0029994099164520893,0.0007502982640894551,0.19468317291000226,-0.04708034542508699,1.1946831729100023,0.952919654574913,-3.4165
2025-10-24,1203048.1729100023,156940.17291000238,1046108.0,8,964160.8232476778,4660.684,0.007001856383081595,0.01179655453510331,-0.004794698152021715,0.2030481729100022,-0.03583917675232229,1.2030481729100022,0.9641608232476777,-2.7402
2025-10-27,1209130.1729100023,156940.17291000238,1052190.0,8,975608.03553549,4716.019,0.005055491656072775,0.011872720828101535,-0.00681722917202876,0.20913017291000235,-0.024391964464509974,1.2091301729100024,0.97560803553549,-2.2485
2025-10-28,1191571.1729100023,156940.17291000238,1034631.0,8,970633.6130782254,4691.973,-0.014522009617658371,-0.0050987920108040985,-0.009423217606854273,0.19157117291000225,-0.029366386921774623,1.1915711729100023,0.9706336130782254,-3.6681
2025-10-29,1200822.1729100023,156940.17291000238,1043882.0,8,982190.4670487439,4747.838,0.007763699064158747,0.011906505003332457,-0.00414280593917371,0.20082217291000237,-0.01780953295125609,1.2008221729100024,0.9821904670487439,-2.9202
2025-10-30,1195669.6837900025,279858.68379000237,915811.0,7,974344.4668600773,4709.911,-0.004290801116299869,-0.00798826750196624,0.0036974663856663703,0.1956696837900025,-0.025655533139922637,1.1956696837900025,0.9743444668600774,-3.3367
2025-10-31,1191744.6837900025,279858.68379000237,911886.0,7,960020.091321178,4640.668,-0.003282679199123506,-0.014701551685371683,0.011418872486248177,0.19174468379000253,-0.03997990867882195,1.1917446837900025,0.960020091321178,-3.6541
2025-11-03,1198848.6837900025,279858.68379000237,918990.0,7,962654.5947726156,4653.403,0.005961008340652052,0.0027442169963463048,0.003216791344305747,0.19884868379000253,-0.03734540522738439,1.1988486837900025,0.9626545947726156,-3.0797
2025-11-04,1194531.6837900025,279858.68379000237,914673.0,7,955475.3401374615,4618.699,-0.0036009548647560896,-0.007457768003330201,0.003856813138574111,0.1945316837900024,-0.044524659862538396,1.1945316837900024,0.9554753401374616,-3.4287
2025-11-05,1196503.6837900025,279858.68379000237,916645.0,7,957245.7430065155,4627.257,0.001650856169627346,0.0018529027329992065,-0.00020204656337186044,0.1965036837900025,-0.04275425699348445,1.1965036837900025,0.9572457430065155,-3.2693
2025-11-06,1205951.1533500024,398887.15335000237,807064.0,6,970929.4387504325,4693.403,0.007895896759861465,0.014294861945208792,-0.006398965185347327,0.20595115335000247,-0.029070561249567528,1.2059511533500025,0.9709294387504325,-2.5055
2025-11-07,1203860.1533500024,398887.15335000237,804973.0,6,967907.2588586343,4678.794,-0.0017339010740123895,-0.0031126668645330424,0.001378765790520653,0.2038601533500024,-0.03209274114136573,1.2038601533500024,0.9679072588586343,-2.6746
2025-11-10,1202741.1533500024,398887.15335000237,803854.0,6,971270.3623223186,4695.051,-0.0009295099575197252,0.003474613329845333,-0.004404123287365058,0.2027411533500023,-0.02872963767768144,1.2027411533500023,0.9712703623223186,-2.7651
2025-11-11,1198151.4860300024,506262.48603000236,691889.0,5,962398.6952226016,4652.166,-0.0038160058855692958,-0.009134086083410042,0.005318080197840747,0.19815148603000243,-0.037601304777398314,1.1981514860300024,0.9623986952226017,-3.1361
2025-11-12,1192930.4860300024,506262.48603000236,686668.0,5,961104.0958822722,4645.908,-0.004357545820269704,-0.001345179858156409,-0.0030123659621132948,0.1929304860300023,-0.03889590411772781,1.1929304860300023,0.9611040958822722,-3.5582
2025-11-13,1196771.4860300024,506262.48603000236,690509.0,5,972723.2180537236,4702.074,0.003219802029523544,0.012089348303926606,-0.008869546274403062,0.19677148603000227,-0.027276781946276474,1.1967714860300023,0.9727232180537235,-3.2477
2025-11-14,1190612.4860300024,506262.48603000236,684350.0,5,957428.410187326,4628.14,-0.005146345874625591,-0.015723699797153157,0.010577353922527566,0.19061248603000225,-0.04257158981267395,1.1906124860300022,0.957428410187326,-3.7456
2025-11-17,1185168.4386700024,620711.4386700024,564457.0,4,951204.2794183115,4598.053,-0.004572476287522109,-0.006500883724347317,0.001928407436825208,0.18516843867000232,-0.04879572058168846,1.1851684386700023,0.9512042794183115,-4.1857
2025-11-18,1178398.4386700024,620711.4386700024,557687.0,4,945027.1083888714,4568.193,-0.005712268213619698,-0.006494053026356861,0.0007817848127371629,0.17839843867000238,-0.054972891611128616,1.1783984386700024,0.9450271083888714,-4.733
2025-11-19,1179755.6989800024,174186.69898000237,1005569.0,9,949185.010616625,4588.292,0.001151783866526479,0.004399770324940322,-0.003247986458413843,0.17975569898000243,-0.05081498938337503,1.1797556989800024,0.949185010616625,-4.6233
2025-11-20,1167488.4420300024,66509.44203000235,1100979.0,9,944355.811671171,4564.948,-0.01039813324114991,-0.005087731992645672,-0.005310401248504237,0.16748844203000246,-0.055644188328829,1.1674884420300025,0.944355811671171,-5.615
2025-11-21,1138013.4420300024,66509.44203000235,1071504.0,9,921322.783458918,4453.608,-0.025246502610980492,-0.02439020115891788,-0.0008563014520626133,0.13801344203000232,-0.07867721654108206,1.1380134420300023,0.9213227834589179,-7.9979
2025-11-24,1154207.3312300025,190245.33123000234,963962.0,8,920172.5801460013,4448.048,0.014229963023207448,-0.0012484259952830756,0.015478389018490524,0.15420733123000252,-0.07982741985399866,1.1542073312300025,0.9201725801460013,-6.6887
2025-11-25,1158548.3312300025,190245.33123000234,968303.0,8,928935.0193052109,4490.405,0.0037610227231652527,0.009522604072617957,-0.005761581349452705,0.15854833123000245,-0.07106498069478906,1.1585483312300024,0.9289350193052109,-6.3378
2025-11-26,1163198.3312300025,190245.33123000234,972953.0,8,934566.2575032149,4517.626,0.004013643518059551,0.006062036720518638,-0.0020483932024590867,0.1631983312300025,-0.06543374249678513,1.1631983312300025,0.9345662575032149,-5.9619
2025-11-27,1157835.3312300025,190245.33123000234,967590.0,8,934106.3830491477,4515.403,-0.0046105636983926335,-0.0004920726062760394,-0.004118491092116594,0.15783533123000248,-0.06589361695085239,1.1578353312300025,0.9341063830491476,-6.3954
2025-11-28,1171780.3312300025,190245.33123000234,981535.0,8,936435.5447578037,4526.662,0.012044027007869884,0.0024934651458574653,0.009550561862012419,0.17178033123000236,-0.06356445524219634,1.1717803312300024,0.9364355447578037,-5.2681
2025-12-01,1191031.3312300025,190245.33123000234,1000786.0,8,946742.6904165723,4576.486,0.016428847188271645,0.011006786015832493,0.005422061172439152,0.1910313312300025,-0.05325730958342778,1.1910313312300025,0.9467426904165722,-3.7117
2025-12-02,1183208.3312300025,190245.33123000234,992963.0,8,942160.2886927567,4554.335,-0.006568257101952968,-0.004840176502233451,-0.001728080599719517,0.18320833123000235,-0.0578397113072433,1.1832083312300024,0.9421602886927567,-4.3442
2025-12-03,1194640.3312300025,190245.33123000234,1004395.0,8,937343.0882710707,4531.049,0.009661865707213169,-0.005112930866965071,0.01477479657417824,0.19464033123000246,-0.06265691172892929,1.1946403312300025,0.9373430882710707,-3.42
2025-12-04,1188528.2734700022,315226.27347000234,873302.0,7,940553.1071211653,4546.566,-0.005116232559892908,0.0034245932895449194,-0.008540825849437828,0.18852827347000223,-0.059446892878834756,1.1885282734700022,0.9405531071211652,-3.9141
2025-12-05,1212393.2734700022,315226.27347000234,897167.0,7,948408.2096382073,4584.537,0.02007945501399333,0.008351577872178773,0.011727877141814558,0.21239327347000225,-0.05159179036179262,1.2123932734700023,0.9484082096382074,-1.9847
2025-12-08,1206334.2734700022,315226.27347000234,891108.0,7,956107.5382173669,4621.755,-0.00499755329610041,0.008118158932952202,-0.013115712229052612,0.20633427347000222,-0.04389246178263306,1.2063342734700022,0.9561075382173669,-2.4746
2025-12-09,1192604.2734700022,315226.27347000234,877378.0,7,951239.4475052173,4598.223,-0.011381588256218489,-0.005091572357253882,-0.006290015898964607,0.1926042734700022,-0.04876055249478273,1.1926042734700022,0.9512394475052173,-3.5846
2025-12-10,1200910.7769900025,523615.77699000237,677295.0,6,949916.2999531644,4591.827,0.006965012372319945,-0.0013909721211867732,0.008355984493506718,0.20091077699000248,-0.0500837000468356,1.2009107769900025,0.9499162999531644,-2.913
2025-12-11,1197751.4179500025,551698.4179500024,646053.0,5,941715.5158289492,4552.185,-0.0026308024713698197,-0.008633164968976259,0.006002362497606439,0.1977514179500024,-0.05828448417105081,1.1977514179500024,0.9417155158289492,-3.1684
2025-12-12,1203019.4179500025,551698.4179500024,651321.0,5,947666.1630044966,4580.95,0.004398241505751077,0.006318943540299715,-0.001920702034548638,0.20301941795000245,-0.052333836995503424,1.2030194179500024,0.9476661630044966,-2.7426
2025-12-15,1200314.4179500025,551698.4179500024,648616.0,5,941689.6569415185,4552.06,-0.0022485090096130422,-0.00630655213438247,0.004058043124769428,0.2003144179500025,-0.058310343058481484,1.2003144179500025,0.9416896569415185,-2.9612
2025-12-16,1182492.4179500025,551698.4179500024,630794.0,5,930414.1476662458,4497.555,-0.014847776327170936,-0.011973699819422534,-0.002874076507748402,0.18249241795000248,-0.06958585233375414,1.1824924179500025,0.9304141476662459,-4.4021
2025-12-17,1192919.7090700024,224965.70907000246,967954.0,8,947443.7765725927,4579.875,0.008818061715843317,0.0183032781144421,-0.009485216398598784,0.19291970907000233,-0.05255622342740729,1.1929197090700023,0.9474437765725927,-3.5591
2025-12-18,1194805.5190700025,193457.51907000245,1001348.0,8,941841.2934574118,4552.793,0.0015808356469104723,-0.005913261824831428,0.007494097471741901,0.19480551907000243,-0.058158706542588146,1.1948055190700024,0.9418412934574119,-3.4066
2025-12-19,1201632.5190700025,193457.51907000245,1008175.0,8,945024.0053223796,4568.178,0.005713900623185886,0.003379244345174559,0.0023346562780113267,0.20163251907000257,-0.05497599467762038,1.2016325190700026,0.9450240053223796,-2.8547
2025-12-22,1204045.5190700025,193457.51907000245,1010588.0,8,954011.7271088854,4611.624,0.002008101446744792,0.009510575113316655,-0.007502473666571863,0.20404551907000257,-0.04598827289111462,1.2040455190700026,0.9540117271088854,-2.6596
2025-12-23,1197537.5190700025,193457.51907000245,1004080.0,8,955896.3228248333,4620.734,-0.005405111266081342,0.0019754429242282434,-0.007380554190309585,0.1975375190700024,-0.04410367717516672,1.1975375190700024,0.9558963228248333,-3.1857
2025-12-24,1199768.5190700025,193457.51907000245,1006311.0,8,958652.8802249434,4634.059,0.0018629896470656604,0.002883740981411087,-0.0010207513343454266,0.19976851907000248,-0.04134711977505656,1.1997685190700025,0.9586528802249434,-3.0054
2025-12-25,1208927.5190700025,193457.51907000245,1015470.0,8,960406.5265349422,4642.536,0.0076339725992307095,0.0018292818455698523,0.005804690753660857,0.2089275190700024,-0.039593473465057816,1.2089275190700024,0.9604065265349422,-2.2649
2025-12-26,1208044.5190700025,193457.51907000245,1014587.0,8,963448.3591811877,4657.24,-0.0007303994541205672,0.0031672344597866164,-0.0038976339139071836,0.20804451907000243,-0.03655164081881235,1.2080445190700024,0.9634483591811877,-2.3363
2025-12-29,1207516.5190700025,193457.51907000245,1014059.0,8,959751.986376297,4639.372,-0.0004370699851413695,-0.003836607089177213,0.0033995371040358435,0.20751651907000257,-0.040248013623703005,1.2075165190700026,0.959751986376297,-2.379
2025-12-30,1207384.5190700025,193457.51907000245,1013927.0,8,962215.821170692,4651.282,-0.00010931527471080837,0.002567157796357078,-0.0026764730710678863,0.20738451907000255,-0.03778417882930807,1.2073845190700025,0.9622158211706919,-2.3897
2025-12-31,1211890.5190700025,193457.51907000245,1018433.0,8,957800.7781663276,4629.94,0.003732033936852952,-0.004588412398990438,0.00832044633584339,0.21189051907000245,-0.04219922183367242,1.2118905190700024,0.9578007781663276,-2.0254
2026-01-05,1222135.5190700025,193457.51907000245,1028678.0,8,975965.3019242323,4717.746,0.008453733929581375,0.01896482459815907,-0.010511090668577694,0.2221355190700025,-0.024034698075767746,1.2221355190700025,0.9759653019242323,-1.1971
2026-01-06,1235985.5190700025,193457.51907000245,1042528.0,8,991056.1348865768,4790.694,0.011332622106048795,0.01546246872977064,-0.0041298466237218445,0.23598551907000243,-0.008943865113423155,1.2359855190700024,0.9910561348865768,-0.0774
2026-01-07,1231763.5190700025,193457.51907000245,1038306.0,8,988154.1471035564,4776.666,-0.003415897625707487,-0.0029281770031649446,-0.00048772062254254234,0.23176351907000248,-0.011845852896443576,1.2317635190700025,0.9881541471035564,-0.4188
2026-01-08,1240057.5190700025,193457.51907000245,1046600.0,8,980083.6917719918,4737.654,0.006733435332020532,-0.00816720281468275,0.014900638146703282,0.2400575190700025,-0.01991630822800816,1.2400575190700025,0.9800836917719918,0.0
2026-01-09,1243514.5190700025,193457.51907000245,1050057.0,8,984483.4263149968,4758.922,0.0027877739111590305,0.004489141672228358,-0.0017013677610693279,0.24351451907000254,-0.015516573685003254,1.2435145190700025,0.9844834263149967,0.0
2026-01-12,1259398.5190700025,193457.51907000245,1065941.0,8,990895.1891712082,4789.916,0.012773473696052529,0.006512819499878475,0.006260654196174054,0.25939851907000255,-0.009104810828791776,1.2593985190700026,0.9908951891712082,0.0
2026-01-13,1246070.5190700025,193457.51907000245,1052613.0,8,984919.9243348266,4761.032,-0.010582829658908888,-0.006030168378735712,-0.004552661280173176,0.24607051907000255,-0.015080075665173331,1.2460705190700025,0.9849199243348267,-1.0583
2026-01-14,1249063.5190700025,193457.51907000245,1055606.0,8,980968.4794643197,4741.931,0.002401950735688496,-0.004011945309336351,0.006413896045024847,0.24906351907000257,-0.019031520535680357,1.2490635190700026,0.9809684794643196,-0.8206
2026-01-15,1243486.5190700025,193457.51907000245,1050029.0,8,982933.3411668524,4751.429,-0.004464945068728299,0.0020029814858124606,-0.006467926554540759,0.2434865190700024,-0.01706665883314762,1.2434865190700024,0.9829333411668524,-1.2635
2026-01-16,1238543.8355700024,282459.8355700025,956084.0,9,978887.7699460976,4731.873,-0.00397485893429439,-0.0041158144213037096,0.00014095548700931992,0.23854383557000247,-0.021112230053902392,1.2385438355700025,0.9788877699460976,-1.6559
2026-01-19,1240266.8355700024,282459.8355700025,957807.0,9,979422.1179959652,4734.456,0.001391149792616675,0.0005458726385936252,0.0008452771540230497,0.2402668355700024,-0.020577882004034875,1.2402668355700024,0.9794221179959651,-1.5191
2026-01-20,1223767.8355700024,282459.8355700025,941308.0,9,976199.4800088044,4718.878,-0.013302782535838276,-0.0032903463460216553,-0.01001243618981662,0.22376783557000235,-0.02380051999119559,1.2237678355700023,0.9761994800088044,-2.8292
2026-01-21,1226772.8544900026,470449.8544900025,756323.0,7,977066.4767865803,4723.069,0.0024555465772644336,0.0008881348490046292,0.0015674117282598043,0.2267728544900025,-0.022933523213419682,1.2267728544900025,0.9770664767865803,-2.5906
2026-01-22,1237011.8544900026,470449.8544900025,766562.0,7,977198.8742902252,4723.709,0.008346288363428656,0.00013550511330651105,0.008210783250122144,0.23701185449000262,-0.022801125709774772,1.2370118544900026,0.9771988742902252,-1.7776
2026-01-23,1238951.8544900026,470449.8544900025,768502.0,7,972810.7245287892,4702.497,0.001568295399076769,-0.004490539108145564,0.006058834507222333,0.23895185449000267,-0.02718927547121086,1.2389518544900027,0.9728107245287891,-1.6235
2026-01-26,1239747.8647700024,604544.8647700024,635203.0,6,973734.8177300117,4706.964,0.0006424868546062168,0.0009499208611933874,-0.00030743400658717057,0.23974786477000243,-0.026265182269988308,1.2397478647700024,0.9737348177300117,-1.5603
2026-01-27,1232031.5044500025,693109.5044500025,538922.0,5,973471.677691517,4705.692,-0.006224136809811376,-0.0002702378858219223,-0.0059538989239894535,0.23203150445000253,-0.0265283223084829,1.2320315044500025,0.9734716776915171,-2.173
2026-01-28,1230356.5044500025,693109.5044500025,537247.0,5,976015.9853435963,4717.991,-0.001359543156120635,0.0026136432218684114,-0.003973186377989046,0.23035650445000244,-0.02398401465640365,1.2303565044500024,0.9760159853435963,-2.306
2026-01-29,1229798.5044500025,693109.5044500025,536689.0,5,983438.3135205986,4753.87,-0.00045352708583390466,0.007604719890309308,-0.008058246976143213,0.22979850445000238,-0.016561686479401372,1.2297985044500024,0.9834383135205986,-2.3503
2026-01-30,1223955.2801300024,813050.2801300024,410905.0,4,973605.7301639578,4706.34,-0.0047513672352473835,-0.00999816991209268,0.005246802676845297,0.22395528013000243,-0.026394269836042206,1.2239552801300024,0.9736057301639578,-2.8143
2026-02-02,1220062.2801300024,813050.2801300024,407012.0,4,952844.1466236154,4605.98,-0.0031806717640749937,-0.021324426199552104,0.01814375443547711,0.2200622801300025,-0.047155853376384615,1.2200622801300025,0.9528441466236154,-3.1234
2026-02-03,1219732.0074900026,880463.0074900024,339269.0,3,964041.4586232977,4660.107,-0.0002707014595719759,0.011751462229536491,-0.012022163689108467,0.21973200749000266,-0.03595854137670229,1.2197320074900027,0.9640414586232977,-3.1496
2026-02-04,1224514.0074900026,880463.0074900024,344051.0,3,972021.7181555042,4698.683,0.003920533338991783,0.008277921515535969,-0.004357388176544186,0.2245140074900025,-0.0279782818444958,1.2245140074900025,0.9720217181555042,-2.7699
2026-02-05,1228549.0074900026,880463.0074900024,348086.0,3,966174.7134007788,4670.419,0.0032951848450235577,-0.006015302585852256,0.009310487430875813,0.2285490074900025,-0.03382528659922113,1.2285490074900025,0.9661747134007789,-2.4495
2026-02-06,1227171.0074900026,880463.0074900024,346708.0,3,960625.8099003542,4643.596,-0.0011216483767426677,-0.005743167797150672,0.0046215194204080046,0.22717100749000263,-0.03937419009964571,1.2271710074900026,0.9606258099003543,-2.559
2026-02-09,1235008.0074900026,880463.0074900024,354545.0,3,976236.3030645057,4719.056,0.006386233012487308,0.016250337023289818,-0.00986410401080251,0.2350080074900025,-0.023763696935494294,1.2350080074900025,0.9762363030645057,-1.9367
2026-02-10,1235076.0074900026,880463.0074900024,354613.0,3,977320.3076255999,4724.296,5.506037174463074e-05,0.0011103915698396083,-0.0010553311980949776,0.23507600749000246,-0.02267969237440015,1.2350760074900025,0.9773203076255998,-1.9313
2026-02-11,1235160.0074900026,880463.0074900024,354697.0,3,975152.9191167102,4713.819,6.801200856521028e-05,-0.002217684920673979,0.0022856969292391893,0.23516000749000265,-0.024847080883289796,1.2351600074900027,0.9751529191167102,-1.9246
2026-02-12,1230747.0074900026,880463.0074900024,350284.0,3,976344.2897784164,4719.578,-0.0035728164555519637,0.001221727011580187,-0.004794543467132151,0.23074700749000265,-0.023655710221583637,1.2307470074900027,0.9763442897784164,-2.275
2026-02-13,1223814.3092500023,310912.30925000226,912902.0,9,964103.3130820319,4660.406,-0.005632919030320371,-0.012537561620975524,0.006904642590655152,0.22381430925000223,-0.0358966869179681,1.2238143092500022,0.9641033130820319,-2.8255
2026-02-24,1239155.9088900022,255511.90889000226,983644.0,9,973854.80296769,4707.544,0.012535888430166953,0.010114569417342567,0.0024213190128243856,0.23915590889000216,-0.026145197032309997,1.2391559088900022,0.97385480296769,-1.6073
2026-02-25,1232899.9658900022,330379.96589000226,902520.0,8,979717.9436681722,4735.886,-0.005048551965994186,0.00602054914409722,-0.011069101110091406,0.23289996589000217,-0.02028205633182778,1.2328999658900022,0.9797179436681722,-2.1041
2026-02-26,1230977.1292900024,530013.1292900023,700964.0,6,977853.62131997,4726.874,-0.0015596047150603365,-0.0019029174266442794,0.00034331271158394294,0.23097712929000247,-0.02214637868003,1.2309771292900025,0.97785362131997,-2.2567
2026-02-27,1232194.1292900024,530013.1292900023,702181.0,6,974496.7239892692,4710.647,0.0009886455004262107,-0.0034329241693347168,0.0044215696697609275,0.2321941292900025,-0.02550327601073077,1.2321941292900025,0.9744967239892692,-2.1601
2026-03-02,1218615.1292900024,530013.1292900023,688602.0,6,978224.9549434745,4728.669,-0.011020179107511519,0.0038258014238807814,-0.0148459805313923,0.21861512929000249,-0.0217750450565255,1.2186151292900025,0.9782249549434745,-3.2383
2026-03-03,1199075.7863300024,613295.7863300022,585780.0,5,963170.324423533,4655.896,-0.016034055782143564,-0.015389742864218126,-0.0006443129179254381,0.19907578633000234,-0.03682967557646699,1.1990757863300023,0.963170324423533,-4.7898
2026-03-04,1189546.6304900022,744979.6304900022,444567.0,4,952150.0940849761,4602.625,-0.007947083869624172,-0.011441621548247571,0.0034945376786233995,0.1895466304900022,-0.047849905915023916,1.1895466304900022,0.9521500940849761,-5.5464
2026-03-05,1194693.0824100021,865346.0824100022,329347.0,3,961473.1539236829,4647.692,0.004326397795671122,0.009791586323022239,-0.005465188527351117,0.19469308241000216,-0.03852684607631718,1.1946930824100022,0.9614731539236828,-5.1378
2026-03-06,1197412.0824100021,865346.0824100022,332066.0,3,964110.1398283136,4660.439,0.0022758983374333575,0.0027426516214930086,-0.0004667532840596511,0.19741208241000208,-0.03588986017168638,1.197412082410002,0.9641101398283136,-4.9219
2026-03-09,1192899.0824100021,865346.0824100022,327553.0,3,954804.2502908608,4615.455,-0.0037689614680660455,-0.009652309578561225,0.005883348110495179,0.1928990824100021,-0.0451957497091392,1.192899082410002,0.9548042502908608,-5.2803
2026-03-10,1195574.0824100021,865346.0824100022,330228.0,3,967071.9133590737,4674.756,0.0022424361284574257,0.012848354062600542,-0.010605917934143116,0.19557408241000207,-0.03292808664092628,1.195574082410002,0.9670719133590737,-5.0679
2026-03-11,1196035.0824100021,865346.0824100022,330689.0,3,973224.2598565804,4704.496,0.0003855888202852764,0.00636182936606744,-0.005976240545782163,0.19603508241000211,-0.026775740143419546,1.1960350824100021,0.9732242598565805,-5.0312
2026-03-12,1194026.0824100021,865346.0824100022,328680.0,3,969720.6909163729,4687.56,-0.0016797166149606912,-0.003599960548377412,0.001920243933416721,0.1940260824100022,-0.03027930908362708,1.1940260824100022,0.9697206909163729,-5.1908
2026-03-13,1192820.0824100021,865346.0824100022,327474.0,3,965910.1252645882,4669.14,-0.0010100281876304074,-0.003929549701763957,0.0029195215141335495,0.19282008241000215,-0.03408987473541181,1.1928200824100021,0.9659101252645882,-5.2865
2026-03-16,1193081.0824100021,865346.0824100022,327735.0,3,966410.5464541467,4671.559,0.0002188091933132963,0.0005180825591009075,-0.0002992733657876112,0.1930810824100022,-0.0335894535458533,1.1930810824100022,0.9664105464541467,-5.2658
2026-03-17,1193577.0824100021,865346.0824100022,328231.0,3,959352.104541069,4637.439,0.0004157303366156828,-0.007303771610291165,0.007719501946906848,0.19357708241000204,-0.040647895458930994,1.193577082410002,0.959352104541069,-5.2264
2026-03-18,1191327.1398500022,942843.1398500022,248484.0,2,963674.2624217821,4658.332,-0.001885041689521194,0.004505288371448035,-0.006390330060969229,0.19132713985000227,-0.03632573757821789,1.1913271398500023,0.9636742624217821,-5.4051
2026-03-19,1187055.1398500022,942843.1398500022,244212.0,2,948142.1734043205,4583.251,-0.003585916795732391,-0.016117571697337185,0.012531654901604794,0.18705513985000222,-0.0518578265956795,1.1870551398500022,0.9481421734043205,-5.7443
2026-03-20,1186556.6512100021,1061816.6512100021,124740.0,1,944784.034847023,4567.018,-0.00041993722386235444,-0.003541809078315805,0.0031218718544534507,0.1865566512100021,-0.055215965152977,1.186556651210002,0.944784034847023,-5.7839
2026-03-23,1158580.820350002,289796.8203500021,868784.0,9,913955.896736567,4417.997,-0.023577324210750095,-0.032629825413431734,0.00905250120268164,0.1585808203500021,-0.08604410326343293,1.158580820350002,0.9139558967365671,-8.0052
2026-03-24,1166979.3839700022,244393.3839700021,922586.0,9,925690.6598526085,4474.722,0.007249009712989141,0.012839528863419325,-0.005590519150430184,0.16697938397000223,-0.07430934014739154,1.1669793839700022,0.9256906598526085,-7.3384
2026-03-25,1171860.3839700022,244393.3839700021,927467.0,9,938670.580116212,4537.466,0.004182593169208326,0.014021876666304722,-0.009839283497096396,0.17186038397000214,-0.06132941988378793,1.1718603839700021,0.9386705801162121,-6.9508
2026-03-26,1152481.3839700022,244393.3839700021,908088.0,9,926272.381384249,4477.534,-0.016536952921258674,-0.01320825324090602,-0.0033286996803526536,0.1524813839700021,-0.07372761861575106,1.152481383970002,0.9262723813842489,-8.4895
2026-03-27,1171541.3839700022,244393.3839700021,927148.0,9,931451.6062299645,4502.57,0.016538228092104257,0.005591470662199338,0.010946757429904919,0.17154138397000218,-0.06854839377003552,1.1715413839700022,0.9314516062299645,-6.9761
2026-03-30,1169932.906370002,322593.9063700021,847339.0,8,929254.6351538541,4491.95,-0.001372958413598191,-0.002358652947094697,0.0009856945334965062,0.16993290637000213,-0.0707453648461458,1.1699329063700021,0.9292546351538542,-7.1038
2026-03-31,1157230.906370002,322593.9063700021,834637.0,8,920586.5292159916,4450.049,-0.010857032852773618,-0.00932802012489009,-0.0015290127278835275,0.15723090637000214,-0.0794134707840084,1.1572309063700021,0.9205865292159916,-8.1124
2026-04-01,1173809.3905700021,408733.3905700021,765076.0,8,936312.4564536336,4526.067,0.014325995018577009,0.017082508529681517,-0.002756513511104508,0.17380939057000222,-0.06368754354636641,1.1738093905700022,0.9363124564536336,-6.796
2026-04-02,1172752.754130002,437180.7541300021,735572.0,7,926557.8635014836,4478.914,-0.0009001771910233103,-0.010418095887665957,0.009517918696642647,0.17275275413000202,-0.07344213649851639,1.172752754130002,0.9265578635014836,-6.8799
2026-04-03,1154105.754130002,437180.7541300021,716925.0,7,918670.902835127,4440.789,-0.01590019715096136,-0.008512108069054225,-0.007388089081907134,0.15410575413000216,-0.08132909716487302,1.1541057541300022,0.918670902835127,-8.3606
2026-04-07,1150170.754130002,437180.7541300021,712990.0,7,918635.1141349231,4440.616,-0.003409566225554661,-3.895704119227794e-05,-0.003370609184362383,0.15017075413000214,-0.08136488586507695,1.1501707541300021,0.918635114134923,-8.673
2026-04-08,1169431.169490002,520781.1694900021,648650.0,6,950687.7222829963,4595.556,0.016745700836888977,0.03489155558598167,-0.018145854749092694,0.16943116949000214,-0.04931227771700375,1.1694311694900021,0.9506877222829963,-7.1437
2026-04-09,1157423.169490002,520781.1694900021,636642.0,6,944619.7791940634,4566.224,-0.010268240075417823,-0.006382687970726275,-0.0038855521046915475,0.15742316949000212,-0.05538022080593663,1.1574231694900021,0.9446197791940634,-8.0971
2026-04-10,1162179.169490002,520781.1694900021,641398.0,6,959171.506071253,4636.566,0.004109128040088894,0.015404850922775326,-0.011295722882686432,0.1621791694900021,-0.04082849392874699,1.162179169490002,0.959171506071253,-7.7195
2026-04-13,1156706.169490002,520781.1694900021,635925.0,6,961155.1930438351,4646.155,-0.004709256665133443,0.0020681254186827314,-0.006777382083816175,0.15670616949000205,-0.03884480695616488,1.156706169490002,0.9611551930438351,-8.1541
2026-04-14,1162087.3842100021,604645.3842100021,557442.0,5,972559.7898851617,4701.284,0.004652188137262758,0.011865510298300519,-0.007213322161037761,0.16208738421000213,-0.027440210114838326,1.1620873842100021,0.9725597898851617,-7.7268
2026-04-15,1163645.3842100021,604645.3842100021,559000.0,5,969241.9911922561,4685.246,0.0013406909163369285,-0.003411408457774434,0.004752099374111363,0.16364538421000208,-0.03075800880774393,1.163645384210002,0.9692419911922561,-7.6031
2026-04-16,1163727.3842100021,604645.3842100021,559082.0,5,979867.3046019718,4736.608,7.046820372647034e-05,0.010962498020381517,-0.010892029816655047,0.1637273842100022,-0.0201326953980282,1.1637273842100022,0.9798673046019718,-7.5966
2026-04-17,1163752.3842100021,604645.3842100021,559107.0,5,978225.5755567728,4728.672,2.1482694606334007e-05,-0.001675460582763133,0.001696943277369467,0.16375238421000216,-0.02177442444322719,1.1637523842100022,0.9782255755567728,-7.5946
2026-04-20,1167408.3842100021,604645.3842100021,562763.0,5,984177.2570878176,4757.442,0.0031415617700167875,0.006084160626916191,-0.0029425988568994033,0.16740838421000204,-0.01582274291218233,1.167408384210002,0.9841772570878177,-7.3043
2026-04-21,1149037.9818900023,144312.9818900022,1004725.0,9,986360.781542464,4767.997,-0.01573605481035789,0.0022186292549650766,-0.017954684065322968,0.14903798189000228,-0.013639218457535907,1.1490379818900023,0.9863607815424641,-8.763
2026-04-22,1153025.9818900023,144312.9818900022,1008713.0,9,992904.1144179228,4799.627,0.0034707294822755586,0.006633812898791724,-0.003163083416516166,0.15302598189000216,-0.007095885582077188,1.1530259818900022,0.9929041144179228,-8.4463
2026-04-23,1150076.9818900023,144312.9818900022,1005764.0,9,990152.7287952986,4786.327,-0.002557617995013528,-0.0027710486669069168,0.0002134306718933887,0.1500769818900023,-0.009847271204701413,1.1500769818900023,0.9901527287952986,-8.6805
2026-04-24,1153763.9818900023,144312.9818900022,1009451.0,9,986644.608690903,4769.369,0.003205872352945338,-0.003543009075644088,0.006748881428589426,0.1537639818900023,-0.013355391309096909,1.1537639818900023,0.9866446086909031,-8.3877
2026-04-27,1143813.9818900023,144312.9818900022,999501.0,9,986971.0512858281,4770.947,-0.008623947493750617,0.0003308613780985681,-0.008954808871849185,0.14381398189000216,-0.013028948714171928,1.1438139818900022,0.9869710512858281,-9.1778
2026-04-28,1137972.0634900022,248074.0634900022,889898.0,8,984335.7203499927,4758.208,-0.005107402508183312,-0.0026701197896352724,-0.0024372827185480395,0.13797206349000213,-0.015664279650007273,1.1379720634900021,0.9843357203499927,-9.6416
2026-04-29,1161521.0634900022,248074.0634900022,913447.0,8,995121.7726039775,4810.347,0.02069382962511268,0.01095769667908586,0.009736132946026821,0.16152106349000217,-0.004878227396022505,1.1615210634900022,0.9951217726039775,-7.7718
2026-04-30,1157125.0634900022,248074.0634900022,909051.0,8,994492.8844616635,4807.307,-0.003784692450424787,-0.0006319710407584056,-0.0031527214096663814,0.1571250634900021,-0.005507115538336493,1.157125063490002,0.9944928844616635,-8.1208
2026-05-06,1163525.0634900022,248074.0634900022,915451.0,8,1008929.5910075615,4877.093,0.00553094924821429,0.014516651422511462,-0.008985702174297172,0.1635250634900023,0.008929591007561521,1.1635250634900023,1.0089295910075615,-7.6126
2026-05-07,1169141.0634900022,248074.0634900022,921067.0,8,1013773.891543275,4900.51,0.0048267116680364985,0.00480142576735787,2.5285900678628792e-05,0.16914106349000213,0.013773891543275019,1.1691410634900021,1.013773891543275,-7.1667
2026-05-08,1171347.0634900022,248074.0634900022,923273.0,8,1007857.7918413349,4871.912,0.00188685528965582,-0.005835719139436479,0.007722574429092299,0.17134706349000228,0.007857791841334949,1.1713470634900023,1.007857791841335,-6.9915
2026-05-11,1187214.4007700023,373850.4007700022,813364.0,7,1024391.9644645101,4951.837,0.013546230467956777,0.016405263477665466,-0.002859033009708689,0.1872144007700023,0.024391964464510085,1.1872144007700023,1.02439196446451,-5.7316
2026-05-12,1175307.4007700023,373850.4007700022,801457.0,7,1023607.9229976118,4948.047,-0.010029359475657751,-0.000765372527407604,-0.009263986948250147,0.17530740077000218,0.02360792299761183,1.1753074007700022,1.0236079229976118,-6.6771
2026-05-13,1166153.4520500023,489484.45205000223,676669.0,6,1034012.5049442193,4998.342,-0.007788557031124577,0.010164616463829157,-0.017953173494953734,0.16615345205000231,0.03401250494421926,1.1661534520500023,1.0340125049442193,-7.4039
2026-05-14,1160612.4520500023,489484.45205000223,671128.0,6,1016688.0847211626,4914.597,-0.004751518756180295,-0.01675455581070684,0.012003037054526544,0.1606124520500023,0.016688084721162566,1.1606124520500023,1.0166880847211626,-7.8439
2026-05-15,1141700.4520500023,489484.45205000223,652216.0,6,1005309.3467672666,4859.593,-0.016294844990328627,-0.011191965485674693,-0.005102879504653934,0.14170045205000226,0.005309346767266687,1.1417004520500023,1.0053093467672667,-9.3456
2026-05-18,1133132.3686500024,806458.3686500023,326674.0,4,999916.4240758242,4833.524,-0.007504668483414578,-0.005364441013887111,-0.002140227469527467,0.13313236865000233,-8.357592417573834e-05,1.1331323686500023,0.9999164240758243,-10.0259
2026-05-19,1135816.3317700024,1016584.3317700024,119232.0,1,1003921.2416899878,4852.883,0.0023686227613439748,0.00400515234847254,-0.0016365295871285657,0.1358163317700023,0.003921241689987864,1.1358163317700023,1.0039212416899879,-9.8128
2026-05-20,1134574.3317700024,1016584.3317700024,117990.0,1,1003469.6420798985,4850.7,-0.0010934866538364618,-0.0004498356956060823,-0.0006436509582303795,0.13457433177000233,0.0034696420798985272,1.1345743317700023,1.0034696420798985,-9.9114
2026-05-21,1132918.3317700024,1016584.3317700024,116334.0,1,989484.7420151894,4783.098,-0.0014595782344348773,-0.013936545240892939,0.012476967006458062,0.13291833177000245,-0.010515257984810678,1.1329183317700025,0.9894847420151893,-10.0429
2026-05-22,1171012.8143900023,162948.8143900023,1008064.0,8,1002310.3364386064,4845.096,0.033625091546081176,0.012961892062424596,0.02066319948365658,0.17101281439000227,0.002310336438606342,1.1710128143900023,1.0023103364386063,-7.0181
2026-05-25,1225729.8143900023,162948.8143900023,1062781.0,8,1018136.1824172805,4921.597,0.04672621796073417,0.015789367228224327,0.030936850732509846,0.2257298143900024,0.018136182417280544,1.2257298143900024,1.0181361824172805,-2.6734
2026-05-26,1259571.8143900023,162948.8143900023,1096623.0,8,1023566.9625199217,4947.849,0.027609673520784694,0.005334040962720055,0.02227563255806464,0.2595718143900023,0.02356696251992174,1.2595718143900023,1.0235669625199217,0.0
2026-05-27,1241959.8143900023,162948.8143900023,1079011.0,8,1015358.7310361265,4908.171,-0.01398252945865519,-0.008019242301048224,-0.005963287157606967,0.24195981439000236,0.015358731036126505,1.2419598143900024,1.0153587310361265,-1.3983
2026-05-28,1255518.5999900023,700979.5999900022,554539.0,4,1016608.6462189757,4914.213,0.010917249852129496,0.0012310084550843925,0.009686241397045103,0.25551859999000226,0.01660864621897562,1.2555185999900023,1.0166086462189756,-0.3218
2026-05-29,1250358.0442300022,834504.0442300022,415854.0,3,1012038.4498900274,4892.121,-0.0041102981350027434,-0.004495531634465255,0.00038523349946251173,0.2503580442300022,0.012038449890027447,1.2503580442300022,1.0120384498900274,-0.7315
2026-06-01,1230480.0442300022,834504.0442300022,395976.0,3,1002136.5647150724,4844.256,-0.015897846294291917,-0.009784099780034028,-0.0061137465142578895,0.23048004423000212,0.0021365647150723976,1.2304800442300021,1.0021365647150724,-2.3097
2026-06-02,1237158.7938700023,1237158.7938700023,0.0,0,1016680.2236193838,4914.559,0.005427759410904898,0.014512651684799538,-0.00908489227389464,0.23715879387000216,0.016680223619383705,1.2371587938700022,1.0166802236193837,-1.7794
2026-06-03,1237158.7938700023,1237158.7938700023,0.0,0,1021696.8477809351,4938.809,0.0,0.004934318623502021,-0.004934318623502021,0.23715879387000216,0.02169684778093517,1.2371587938700022,1.0216968477809352,-1.7794
2026-06-04,1237158.7938700023,1237158.7938700023,0.0,0,1014649.9906494264,4904.745,0.0,-0.006897209428426976,0.006897209428426976,0.23715879387000216,0.014649990649426403,1.2371587938700022,1.0146499906494264,-1.7794
2026-06-05,1237158.7938700023,1237158.7938700023,0.0,0,996481.5363406322,4816.92,0.0,-0.01790612967646643,0.01790612967646643,0.23715879387000216,-0.00351846365936781,1.2371587938700022,0.9964815363406322,-1.7794
2026-06-08,1237158.7938700023,1237158.7938700023,0.0,0,975115.0617055116,4713.636,0.0,-0.02144191724172273,0.02144191724172273,0.23715879387000216,-0.024884938294488346,1.2371587938700022,0.9751150617055117,-1.7794
2026-06-09,1237158.7938700023,1237158.7938700023,0.0,0,993355.9208991114,4801.811,0.0,0.018706365956132176,-0.018706365956132176,0.23715879387000216,-0.0066440791008886,1.2371587938700022,0.9933559208991114,-1.7794
2026-06-10,1237158.7938700023,1237158.7938700023,0.0,0,982346.6547288251,4748.593,0.0,-0.011082901846824034,0.011082901846824034,0.23715879387000216,-0.017653345271174903,1.2371587938700022,0.9823466547288251,-1.7794
2026-06-11,1237158.7938700023,1237158.7938700023,0.0,0,976930.5624742446,4722.412,0.0,-0.005513422607496543,0.005513422607496543,0.23715879387000216,-0.02306943752575541,1.2371587938700022,0.9769305624742446,-1.7794
2026-06-12,1237158.7938700023,1237158.7938700023,0.0,0,988289.6476736931,4777.321,0.0,0.011627320953783826,-0.011627320953783826,0.23715879387000216,-0.011710352326306905,1.2371587938700022,0.9882896476736931,-1.7794
2026-06-15,1237158.7938700023,1237158.7938700023,0.0,0,1011954.0464814536,4891.713,0.0,0.02394480086224049,-0.02394480086224049,0.23715879387000216,0.011954046481453595,1.2371587938700022,1.0119540464814536,-1.7794
2026-06-16,1237158.7938700023,1237158.7938700023,0.0,0,1010406.4437865024,4884.232,0.0,-0.0015293211192071166,0.0015293211192071166,0.23715879387000216,0.01040644378650235,1.2371587938700022,1.0104064437865024,-1.7794
2026-06-17,1237158.7938700023,1237158.7938700023,0.0,0,1020161.2436097518,4931.386,0.0,0.009654332554227762,-0.009654332554227762,0.23715879387000216,0.0201612436097518,1.2371587938700022,1.0201612436097518,-1.7794
2026-06-18,1237158.7938700023,1237158.7938700023,0.0,0,1022274.0181483878,4941.599,0.0,0.0020710201959448504,-0.0020710201959448504,0.23715879387000216,0.02227401814838781,1.2371587938700022,1.0222740181483878,-1.7794
2026-06-22,1239513.9595900024,252924.95959000243,986589.0,8,1046697.0132778148,5059.658,0.0019036891073884732,0.023890849905061406,-0.021987160797672933,0.23951395959000243,0.046697013277814836,1.2395139595900024,1.0466970132778148,-1.5924
2026-06-23,1195285.9595900024,252924.95959000243,942361.0,8,1017678.7904164068,4919.386,-0.03568172803364744,-0.027723612939847042,-0.0079581150938004,0.1952859595900025,0.017678790416406853,1.1952859595900025,1.0176787904164069,-5.1038
2026-06-24,1190143.5845500026,562393.5845500025,627750.0,5,1022567.9819806998,4943.02,-0.0043022132057535245,0.004804258092371727,-0.009106471298125252,0.19014358455000258,0.02256798198069987,1.1901435845500026,1.0225679819806999,-5.5121
2026-06-25,1212986.5845500026,562393.5845500025,650593.0,5,1038514.4338103507,5020.104,0.01919348244744512,0.015594515094011552,0.0035989673534335687,0.21298658455000252,0.03851443381035069,1.2129865845500025,1.0385144338103507,-3.6985
2026-06-26,1187507.5845500026,562393.5845500025,625114.0,5,1007094.2306132817,4868.221,-0.021005178725412077,-0.030254950893447874,0.009249772168035797,0.1875075845500025,0.007094230613281738,1.1875075845500025,1.0070942306132817,-5.7213
2026-06-29,1175189.0029500024,695952.0029500024,479237.0,4,1019237.564150728,4926.921,-0.010373476144717175,0.012057792774814668,-0.022431268919531844,0.1751890029500025,0.01923756415072808,1.1751890029500025,1.019237564150728,-6.6993
2026-06-30,1186577.0327500026,819503.0327500025,367074.0,3,1030100.7793248058,4979.433,0.009690381522813318,0.010658177795016321,-0.0009677962722030031,0.18657703275000248,0.030100779324805815,1.1865770327500025,1.0301007793248058,-5.7952
2026-07-01,1180272.0327500026,819503.0327500025,360769.0,3,1025869.0241145503,4958.977,-0.00531360360598554,-0.004108098251347059,-0.0012055053546384809,0.18027203275000248,0.025869024114550276,1.1802720327500025,1.0258690241145503,-6.2958
2026-07-02,1166807.6339100024,943617.6339100024,223190.0,2,995524.9643767967,4812.296,-0.011407877562453539,-0.029578882902663084,0.018171005340209545,0.16680763391000242,-0.004475035623203283,1.1668076339100024,0.9955249643767967,-7.3647
2026-07-03,1168186.9047100025,1028722.9047100025,139464.0,1,1001705.859086027,4842.174,0.0011820892835421315,0.006208678767889664,-0.005026589484347532,0.16818690471000242,0.0017058590860270506,1.1681869047100024,1.001705859086027,-7.2552
2026-07-06,1170570.9047100025,1028722.9047100025,141848.0,1,1001669.4497725245,4841.998,0.0020407693241448754,-3.6347310113260534e-05,0.002077116634258136,0.17057090471000258,0.0016694497725244783,1.1705709047100026,1.0016694497725245,-7.066
2026-07-07,1165206.9047100025,1028722.9047100025,136484.0,1,991380.5087705071,4792.262,-0.004582379400014935,-0.010271792759930953,0.005689413359916018,0.16520690471000243,-0.008619491229492904,1.1652069047100024,0.9913805087705071,-7.4918
2026-07-08,1166696.9047100025,1028722.9047100025,137974.0,1,983782.5470300757,4755.534,0.0012787428515717014,-0.007664021708328916,0.008942764559900618,0.16669690471000242,-0.016217452969924273,1.1666969047100024,0.9837825470300757,-7.3735
2026-07-09,1165802.9047100025,1028722.9047100025,137080.0,1,1008768.2315499942,4876.313,-0.000766265853959891,0.025397568390847614,-0.026163834244807505,0.16580290471000247,0.008768231549994177,1.1658029047100025,1.0087682315499942,-7.4445
2026-07-10,1172060.9047100025,1028722.9047100025,143338.0,1,989006.662904371,4780.787,0.005367974273109866,-0.0195898007367451,0.024957775009854966,0.17206090471000257,-0.010993337095628997,1.1720609047100026,0.989006662904371,-6.9477
2026-07-13,1167888.9047100025,1028722.9047100025,139166.0,1,971339.0435273342,4695.383,-0.00355954198560382,-0.017864004399275824,0.014304462413672003,0.1678889047100025,-0.028660956472665755,1.1678889047100025,0.9713390435273342,-7.2789
2026-07-14,1169378.9047100025,1028722.9047100025,140656.0,1,992257.6422321559,4796.502,0.0012758062808808646,0.021535836373731687,-0.020260030092850823,0.1693789047100025,-0.007742357767844155,1.1693789047100025,0.9922576422321558,-7.1606
2026-07-15,1175040.9047100025,1028722.9047100025,146318.0,1,990247.0620166458,4786.783,0.004841886558064834,-0.002026268309697432,0.006868154867762266,0.17504090471000255,-0.009752937983354193,1.1750409047100026,0.9902470620166458,-6.7111
2026-07-16,1176828.9047100025,1028722.9047100025,148106.0,1,971970.2072517424,4698.434,0.0015216491552192402,-0.018456863409099578,0.019978512564318818,0.17682890471000245,-0.028029792748257676,1.1768289047100025,0.9719702072517423,-6.5691
2026-07-17,1173550.9047100025,1028722.9047100025,144828.0,1,936938.8621427544,4529.095,-0.002785451637770331,-0.036041583216876116,0.033256131579105785,0.17355090471000256,-0.06306113785724565,1.1735509047100026,0.9369388621427543,-6.8294
2026-07-20,1166020.8937700025,63006.893770002614,1103014.0,8,951259.720872963,4598.321,-0.006416433160060242,0.015284731276336672,-0.021701164436396914,0.1660208937700025,-0.048740279127037045,1.1660208937700025,0.951259720872963,-7.4272
2026-07-21,1202655.8937700025,63006.893770002614,1139649.0,8,980409.5137536183,4739.229,0.031418819504641204,0.030643358738983384,0.0007754607656578205,0.20265589377000248,-0.0195904862463816,1.2026558937700025,0.9804095137536184,-4.5187
2026-07-22,1201601.8937700025,63006.893770002614,1138595.0,8,975861.4526323106,4717.244,-0.0008763936596161148,-0.0046389402158032444,0.0037625465561871296,0.2016018937700026,-0.02413854736768939,1.2016018937700026,0.9758614526323106,-4.6024
2026-07-23,1199012.0584100026,208732.05841000262,990280.0,7,978086.9719201446,4728.002,-0.002155318973303455,0.002280568908456182,-0.004435887881759637,0.19901205841000258,-0.0219130280798554,1.1990120584100026,0.9780869719201446,-4.808
2026-07-24,1180566.7756100027,472061.7756100027,708505.0,5,961783.4605728509,4649.192,-0.015383734192348397,-0.016668774674799436,0.0012850404824510386,0.18056677561000267,-0.03821653942714909,1.1805667756100027,0.9617834605728509,-6.2724
2026-07-27,1180209.2044500029,738400.2044500028,441809.0,4,972796.2435518279,4702.427,-0.00030288092752317475,0.011450376753638025,-0.0117532576811612,0.18020920445000277,-0.02720375644817219,1.1802092044500028,0.9727962435518278,-6.3008
2026-07-28,1181173.7585600028,751027.7585600028,430146.0,3,945302.4538222334,4569.524,0.0008172738412504099,-0.02826263969648002,0.02907991353773043,0.18117375856000284,-0.054697546177766676,1.1811737585600028,0.9453024538222333,-6.2242
2026-07-29,1185380.7585600028,751027.7585600028,434353.0,3,951661.2576769865,4600.262,0.0035617113650820986,0.006726740028063949,-0.0031650286629818503,0.1853807585600027,-0.048338742323013495,1.1853807585600027,0.9516612576769865,-5.8902
2026-07-30,1192865.7585600028,751027.7585600028,441838.0,3,941205.5785688162,4549.72,0.006314426774644666,-0.010986765536397658,0.017301192311042324,0.19286575856000288,-0.05879442143118385,1.1928657585600029,0.9412055785688161,-5.2959
2026-07-31,1190310.7585600028,751027.7585600028,439283.0,3,949165.3578621775,4588.197,-0.002141900697262278,0.0084570039474956,-0.010598904644757878,0.1903107585600028,-0.05083464213782252,1.1903107585600028,0.9491653578621775,-5.4988
2026-08-03,1188719.7585600028,751027.7585600028,437692.0,3,939852.2278362442,4543.178,-0.0013366257412683602,-0.009811915225087398,0.008475289483819037,0.18871975856000267,-0.060147772163755886,1.1887197585600027,0.9398522278362441,-5.6251
2026-08-04,1182233.7585600028,751027.7585600028,431206.0,3,951799.4475714162,4600.93,-0.005456290225929306,0.012711806581208185,-0.01816809680713749,0.18223375856000268,-0.0482005524285839,1.1822337585600027,0.9517994475714161,-6.14
2026-08-05,1178570.2421200029,892389.2421200027,286181.0,2,963637.6462371802,4658.155,-0.0030988088552489357,0.012437702812257534,-0.01553651166750647,0.17857024212000283,-0.03636235376281982,1.1785702421200028,0.9636376462371802,-6.4309
2026-08-06,1175788.2421200029,892389.2421200027,283399.0,2,962221.6135614763,4651.31,-0.0023604872247544595,-0.0014694659151530676,-0.0008910213096013919,0.17578824212000277,-0.0377783864385236,1.1757882421200028,0.9622216135614764,-6.6518
2026-08-07,1174756.2421200029,892389.2421200027,282367.0,2,971143.343467259,4694.437,-0.0008777090661659104,0.00927201154083468,-0.01014972060700059,0.17475624212000285,-0.028856656532741054,1.1747562421200028,0.971143343467259,-6.7337
2026-08-10,1176654.2421200029,892389.2421200027,284265.0,2,972713.0813698507,4702.025,0.0016156543221041986,0.0016163812614802264,-7.269393760278575e-07,0.1766542421200028,-0.027286918630149315,1.1766542421200028,0.9727130813698507,-6.583
2026-08-11,1175659.2421200029,892389.2421200027,283270.0,2,964803.1580114557,4663.789,-0.0008456179941248587,-0.008131815547556598,0.007286197553431739,0.17565924212000295,-0.035196841988544336,1.175659242120003,0.9648031580114557,-6.662
2026-08-12,1176138.2421200029,892389.2421200027,283749.0,2,970415.1571972112,4690.917,0.00040743098241313724,0.005816729701965562,-0.0054092987195524245,0.17613824212000284,-0.029584842802788835,1.1761382421200028,0.9704151571972112,-6.624
2026-08-13,1176138.2421200029,892389.2421200027,283749.0,2,964836.6711295658,4663.951,0.0,-0.0057485561991399425,0.0057485561991399425,0.17613824212000284,-0.03516332887043416,1.1761382421200028,0.9648366711295658,-6.624
2026-08-14,1173420.2421200029,892389.2421200027,281031.0,2,965235.9323514956,4665.881,-0.002310952830766544,0.00041381223773595543,-0.0027247650685024993,0.17342024212000284,-0.03476406764850437,1.1734202421200028,0.9652359323514956,-6.8398
2026-08-17,1186519.5749400028,147716.5749400028,1038803.0,8,980796.1558384817,4741.098,0.011163377236729444,0.01612064259675705,-0.004957265360027607,0.18651957494000282,-0.019203844161518213,1.1865195749400028,0.9807961558384818,-5.7998
2026-08-18,1178462.1277400027,92682.12774000282,1085780.0,8,977634.1310834584,4725.813,-0.006790825343448326,-0.0032239367336427405,-0.003566888609805585,0.1784621277400027,-0.022365868916541576,1.1784621277400027,0.9776341310834584,-6.4395
2026-08-19,1159303.607220003,355009.6072200028,804294.0,6,949268.5865408009,4588.696,-0.01625722207699709,-0.02901447856696815,0.012757256489971058,0.15930360722000292,-0.05073141345919918,1.159303607220003,0.9492685865408008,-7.9605
2026-08-20,1167465.607220003,355009.6072200028,812456.0,6,950107.2419779525,4592.75,0.00704043354059114,0.0008834753925732741,0.006156958148017866,0.16746560722000292,-0.04989275802204751,1.167465607220003,0.9501072419779525,-7.3125
2026-08-21,1161691.607220003,355009.6072200028,806682.0,6,955515.886872953,4618.895,-0.0049457559728455225,0.0056926677916280255,-0.010638423764473548,0.16169160722000298,-0.04448411312704692,1.161691607220003,0.9555158868729531,-7.7709
2026-08-24,1148695.607220003,355009.6072200028,793686.0,6,943979.099399081,4563.127,-0.011187134278347943,-0.01207388347212901,0.0008867491937810668,0.14869560722000297,-0.05602090060091902,1.148695607220003,0.943979099399081,-8.8027
