order_id,parent_order_id,symbol,side,signal_date,execution_date,requested_shares,cumulative_filled_shares,remaining_shares,cancelled_shares,filled_shares,signal_price,execution_price,commission,stamp_tax,transfer_fee,slippage,total_cost,status,reason,reject_reason
ORD_000001,,600188.SH,BUY,2021-09-29,2021-09-30,4000,4000,0,0,4000,29.08,28.05,28.05,0.0,2.24,120.0,150.29,FILLED,Top-K目标建仓/加仓,
ORD_000002_P4200,ORD_000002,601698.SH,BUY,2021-09-29,2021-09-30,8200,4200,4000,0,4200,14.48,14.51,15.24,0.0,1.22,42.0,58.46,PARTIALLY_FILLED,Top-K目标建仓/加仓,
ORD_000003,,000807.SZ,BUY,2021-09-29,2021-09-30,8100,8100,0,0,8100,14.66,15.0,30.38,0.0,2.43,81.0,113.81,FILLED,Top-K目标建仓/加仓,
ORD_000004,,601868.SH,BUY,2021-09-29,2021-09-30,39100,39100,0,0,39100,3.03,3.15,30.79,0.0,2.46,0.0,33.25,FILLED,Top-K目标建仓/加仓,
ORD_000005,,000768.SZ,BUY,2021-09-29,2021-09-30,3700,3700,0,0,3700,31.26,31.43,29.07,0.0,2.33,111.0,142.4,FILLED,Top-K目标建仓/加仓,
ORD_000006,,300059.SZ,BUY,2021-09-29,2021-09-30,3500,3500,0,0,3500,33.68,33.98,29.73,0.0,2.38,105.0,137.11,FILLED,Top-K目标建仓/加仓,
ORD_000007,,002202.SZ,BUY,2021-09-29,2021-09-30,6700,6700,0,0,6700,17.66,17.68,29.61,0.0,2.37,134.0,165.98,FILLED,Top-K目标建仓/加仓,
ORD_000008,,600460.SH,BUY,2021-09-29,2021-09-30,2000,2000,0,0,2000,56.55,56.66,28.33,0.0,2.27,120.0,150.6,FILLED,Top-K目标建仓/加仓,
ORD_000009,,601868.SH,SELL,2021-09-30,2021-10-08,39100,39100,0,0,39100,3.02,2.99,29.23,116.91,2.34,0.0,148.48,FILLED,"触发跟踪止盈 (最高浮盈: 5.71%, 自高点回撤: 9.31%)",
ORD_000002_P8000,ORD_000002,601698.SH,BUY,2021-09-29,2021-10-08,8200,8000,200,0,3800,14.48,14.68,13.95,0.0,1.12,38.0,53.07,PARTIALLY_FILLED,Top-K目标建仓/加仓,
ORD_000010,,600188.SH,SELL,2021-10-08,2021-10-11,4000,4000,0,0,4000,27.2,27.17,27.17,108.68,2.17,120.0,258.02,FILLED,"触发跟踪止盈 (最高浮盈: 5.38%, 自高点回撤: 7.98%)",
ORD_000011,,002202.SZ,SELL,2021-10-08,2021-10-11,6700,6700,0,0,6700,16.23,16.18,27.1,108.41,2.17,134.0,271.68,FILLED,触发个股硬止损 (浮亏: -8.20% <= -8.0%),
ORD_000012,,600460.SH,SELL,2021-10-08,2021-10-11,2000,2000,0,0,2000,56.4,55.94,27.97,111.88,2.24,120.0,262.09,FILLED,"触发跟踪止盈 (最高浮盈: 5.88%, 自高点回撤: 5.98%)",
ORD_000002,,601698.SH,BUY,2021-09-29,2021-10-11,8200,8200,0,0,200,14.48,14.66,5.0,0.0,0.06,2.0,7.06,FILLED,Top-K目标建仓/加仓,
ORD_000013,,000807.SZ,SELL,2021-10-12,2021-10-13,8100,8100,0,0,8100,13.68,13.81,27.97,111.86,2.24,81.0,223.07,FILLED,触发个股硬止损 (浮亏: -8.80% <= -8.0%),
ORD_000014,,000768.SZ,SELL,2021-10-12,2021-10-13,3700,3700,0,0,3700,28.7,27.97,25.87,103.49,2.07,111.0,242.43,FILLED,触发个股硬止损 (浮亏: -8.69% <= -8.0%),
ORD_000015_P3700,ORD_000015,601698.SH,SELL,2021-10-20,2021-10-21,8200,3700,4500,0,3700,14.54,14.49,13.4,53.61,1.07,37.0,105.08,PARTIALLY_FILLED,调仓剔除(掉出Top-K),
ORD_000016,,300059.SZ,SELL,2021-10-20,2021-10-21,3500,3500,0,0,3500,33.46,33.45,29.27,117.08,2.34,105.0,253.69,FILLED,调仓剔除(掉出Top-K),
ORD_000017,,601601.SH,BUY,2021-10-20,2021-10-21,3100,3100,0,0,3100,28.7,28.74,22.27,0.0,1.78,93.0,117.05,FILLED,Top-K目标建仓/加仓,
ORD_000018,,002142.SZ,BUY,2021-10-20,2021-10-21,2400,2400,0,0,2400,36.81,37.24,22.34,0.0,1.79,96.0,120.13,FILLED,Top-K目标建仓/加仓,
ORD_000019,,000001.SZ,BUY,2021-10-20,2021-10-21,5800,5800,0,0,5800,19.24,19.54,28.33,0.0,2.27,116.0,146.6,FILLED,Top-K目标建仓/加仓,
ORD_000020,,601058.SH,BUY,2021-10-20,2021-10-21,8800,8800,0,0,8800,12.8,12.62,27.76,0.0,2.22,88.0,117.98,FILLED,Top-K目标建仓/加仓,
ORD_000021,,601872.SH,BUY,2021-10-20,2021-10-21,24400,24400,0,0,24400,4.63,4.71,28.73,0.0,2.3,0.0,31.03,FILLED,Top-K目标建仓/加仓,
ORD_000022,,601009.SH,BUY,2021-10-20,2021-10-21,9100,9100,0,0,9100,9.89,10.08,22.93,0.0,1.83,91.0,115.76,FILLED,Top-K目标建仓/加仓,
ORD_000023,,688396.SH,BUY,2021-10-20,2021-10-21,1600,1600,0,0,1600,68.42,68.64,27.46,0.0,2.2,112.0,141.66,FILLED,Top-K目标建仓/加仓,
ORD_000024,,002466.SZ,BUY,2021-10-20,2021-10-21,1000,1000,0,0,1000,103.5,102.1,25.53,0.0,2.04,100.0,127.57,FILLED,Top-K目标建仓/加仓,
ORD_000015_P6100,ORD_000015,601698.SH,SELL,2021-10-20,2021-10-22,8200,6100,2100,0,2400,14.54,14.35,8.61,34.44,0.69,24.0,67.74,PARTIALLY_FILLED,调仓剔除(掉出Top-K),
ORD_000015,,601698.SH,SELL,2021-10-20,2021-10-25,8200,8200,0,0,2100,14.54,14.34,7.53,30.11,0.6,21.0,59.24,FILLED,调仓剔除(掉出Top-K),
ORD_000025,,601058.SH,SELL,2021-10-26,2021-10-27,8800,8800,0,0,8800,14.06,14.12,31.06,124.26,2.49,88.0,245.81,FILLED,"触发跟踪止盈 (最高浮盈: 21.47%, 自高点回撤: 8.28%)",
ORD_000026,,688396.SH,SELL,2021-10-27,2021-10-28,1600,1600,0,0,1600,62.14,61.24,24.5,97.98,1.96,96.0,220.44,FILLED,触发个股硬止损 (浮亏: -9.47% <= -8.0%),
ORD_000027,,601872.SH,SELL,2021-10-28,2021-10-29,24400,24400,0,0,24400,4.31,4.34,26.47,105.9,2.12,0.0,134.49,FILLED,触发个股硬止损 (浮亏: -8.49% <= -8.0%),
ORD_000028,,002466.SZ,SELL,2021-10-28,2021-10-29,1000,1000,0,0,1000,91.83,92.61,23.15,92.61,1.85,90.0,207.61,FILLED,触发个股硬止损 (浮亏: -10.06% <= -8.0%),
ORD_000029,,000001.SZ,SELL,2021-10-29,2021-11-01,5800,5800,0,0,5800,19.5,19.31,28.0,112.0,2.24,116.0,258.24,FILLED,"触发跟踪止盈 (最高浮盈: 5.37%, 自高点回撤: 5.29%)",
ORD_000030,,002142.SZ,SELL,2021-11-03,2021-11-04,2400,2400,0,0,2400,38.36,38.25,22.95,91.8,1.84,96.0,212.59,FILLED,调仓剔除(掉出Top-K),
ORD_000031,,601009.SH,SELL,2021-11-03,2021-11-04,9100,9100,0,0,9100,9.76,9.75,22.18,88.73,1.77,91.0,203.68,FILLED,调仓剔除(掉出Top-K),
ORD_000032,,601601.SH,SELL,2021-11-03,2021-11-04,3100,3100,0,0,3100,28.09,28.07,21.75,87.02,1.74,93.0,203.51,FILLED,调仓剔除(掉出Top-K),
ORD_000033,,002709.SZ,BUY,2021-11-03,2021-11-04,700,700,0,0,700,147.8,150.27,26.3,0.0,2.1,105.0,133.4,FILLED,Top-K目标建仓/加仓,
ORD_000034,,600011.SH,BUY,2021-11-03,2021-11-04,15300,15300,0,0,15300,7.18,7.21,27.58,0.0,2.21,153.0,182.79,FILLED,Top-K目标建仓/加仓,
ORD_000035,,300274.SZ,BUY,2021-11-03,2021-11-04,700,700,0,0,700,153.08,157.25,27.52,0.0,2.2,112.0,141.72,FILLED,Top-K目标建仓/加仓,
ORD_000036,,601100.SH,BUY,2021-11-03,2021-11-04,1200,1200,0,0,1200,86.01,86.09,25.83,0.0,2.07,108.0,135.9,FILLED,Top-K目标建仓/加仓,
ORD_000037,,600893.SH,BUY,2021-11-03,2021-11-04,1800,1800,0,0,1800,59.01,58.96,26.53,0.0,2.12,108.0,136.65,FILLED,Top-K目标建仓/加仓,
ORD_000038,,601633.SH,BUY,2021-11-03,2021-11-04,1700,1700,0,0,1700,61.5,62.46,26.55,0.0,2.12,102.0,130.67,FILLED,Top-K目标建仓/加仓,
ORD_000039,,002837.SZ,BUY,2021-11-03,2021-11-04,2400,2400,0,0,2400,45.39,44.34,26.6,0.0,2.13,96.0,124.73,FILLED,Top-K目标建仓/加仓,
ORD_000040,,603799.SH,BUY,2021-11-03,2021-11-04,1000,1000,0,0,1000,100.52,100.45,25.11,0.0,2.01,100.0,127.12,FILLED,Top-K目标建仓/加仓,
ORD_000041,,600011.SH,SELL,2021-11-05,2021-11-08,15300,15300,0,0,15300,6.45,6.42,24.56,98.23,1.96,153.0,277.75,FILLED,触发个股硬止损 (浮亏: -10.54% <= -8.0%),
ORD_000042,,002837.SZ,SELL,2021-11-05,2021-11-08,2400,2400,0,0,2400,41.27,40.95,24.57,98.28,1.97,96.0,220.82,FILLED,"触发跟踪止盈 (最高浮盈: 6.36%, 自高点回撤: 12.49%)",
ORD_000043,,601100.SH,SELL,2021-11-08,2021-11-09,1200,1200,0,0,1200,83.68,82.32,24.7,98.78,1.98,96.0,221.46,FILLED,"触发跟踪止盈 (最高浮盈: 5.06%, 自高点回撤: 7.48%)",
ORD_000044,,603799.SH,SELL,2021-11-10,2021-11-11,1000,1000,0,0,1000,119.12,119.89,29.97,119.89,2.4,120.0,272.26,FILLED,"触发跟踪止盈 (最高浮盈: 25.10%, 自高点回撤: 5.20%)",
ORD_000045,,002709.SZ,SELL,2021-11-15,2021-11-16,700,700,0,0,700,134.99,134.37,23.51,94.06,1.88,91.0,210.45,FILLED,触发个股硬止损 (浮亏: -10.17% <= -8.0%),
ORD_000046,,300274.SZ,SELL,2021-11-15,2021-11-16,700,700,0,0,700,150.08,149.35,26.14,104.55,2.09,105.0,237.78,FILLED,"触发跟踪止盈 (最高浮盈: 5.94%, 自高点回撤: 9.91%)",
ORD_000047,,600893.SH,SELL,2021-11-15,2021-11-16,1800,1800,0,0,1800,63.39,62.83,28.27,113.09,2.26,108.0,251.62,FILLED,"触发跟踪止盈 (最高浮盈: 14.48%, 自高点回撤: 6.09%)",
ORD_000048,,601633.SH,SELL,2021-11-17,2021-11-18,1700,1700,0,0,1700,58.7,58.52,24.87,99.48,1.99,102.0,228.34,FILLED,调仓剔除(掉出Top-K),
ORD_000049,,002142.SZ,BUY,2021-11-17,2021-11-18,2200,2200,0,0,2200,38.69,38.73,21.3,0.0,1.7,88.0,111.0,FILLED,Top-K目标建仓/加仓,
ORD_000050,,600048.SH,BUY,2021-11-17,2021-11-18,7500,7500,0,0,7500,14.32,14.42,27.04,0.0,2.16,75.0,104.2,FILLED,Top-K目标建仓/加仓,
ORD_000051,,600958.SH,BUY,2021-11-17,2021-11-18,6400,6400,0,0,6400,13.4,13.32,21.31,0.0,1.7,64.0,87.01,FILLED,Top-K目标建仓/加仓,
ORD_000052,,600436.SH,BUY,2021-11-17,2021-11-18,200,200,0,0,200,449.51,451.45,22.57,0.0,1.81,90.0,114.38,FILLED,Top-K目标建仓/加仓,
ORD_000053,,002837.SZ,BUY,2021-11-17,2021-11-18,2400,2400,0,0,2400,43.13,42.84,25.7,0.0,2.06,96.0,123.76,FILLED,Top-K目标建仓/加仓,
ORD_000054,,000776.SZ,BUY,2021-11-17,2021-11-18,3900,3900,0,0,3900,21.56,21.5,20.96,0.0,1.68,78.0,100.64,FILLED,Top-K目标建仓/加仓,
ORD_000055,,601127.SH,BUY,2021-11-17,2021-11-18,1700,1700,0,0,1700,61.56,61.64,26.2,0.0,2.1,102.0,130.3,FILLED,Top-K目标建仓/加仓,
ORD_000056,,002371.SZ,BUY,2021-11-17,2021-11-18,200,200,0,0,200,409.13,405.42,20.27,0.0,1.62,82.0,103.89,FILLED,Top-K目标建仓/加仓,
ORD_000057,,600048.SH,SELL,2021-11-22,2021-11-23,7500,7500,0,0,7500,14.11,14.16,26.55,106.2,2.12,75.0,209.87,FILLED,"触发跟踪止盈 (最高浮盈: 5.41%, 自高点回撤: 7.17%)",
ORD_000058,,002837.SZ,SELL,2021-11-24,2021-11-25,2400,2400,0,0,2400,43.12,42.84,25.7,102.82,2.06,96.0,226.58,FILLED,"触发跟踪止盈 (最高浮盈: 9.55%, 自高点回撤: 8.12%)",
ORD_000059,,002371.SZ,SELL,2021-11-26,2021-11-29,200,200,0,0,200,372.09,365.63,18.28,73.13,1.46,74.0,166.87,FILLED,触发个股硬止损 (浮亏: -8.22% <= -8.0%),
ORD_000060,,600958.SH,SELL,2021-11-29,2021-11-30,6400,6400,0,0,6400,14.13,14.24,22.78,91.14,1.82,64.0,179.74,FILLED,"触发跟踪止盈 (最高浮盈: 12.54%, 自高点回撤: 5.74%)",
ORD_000061,,000776.SZ,SELL,2021-11-29,2021-11-30,3900,3900,0,0,3900,23.03,23.18,22.6,90.4,1.81,78.0,192.81,FILLED,"触发跟踪止盈 (最高浮盈: 13.02%, 自高点回撤: 5.23%)",
ORD_000062,,601127.SH,SELL,2021-12-01,2021-12-02,1700,1700,0,0,1700,67.36,68.6,29.15,116.62,2.33,119.0,267.1,FILLED,"触发跟踪止盈 (最高浮盈: 17.75%, 自高点回撤: 7.19%)",
ORD_000063,,002142.SZ,SELL,2021-12-01,2021-12-02,2200,2200,0,0,2200,38.88,37.06,20.38,81.53,1.63,88.0,191.54,FILLED,调仓剔除(掉出Top-K),
ORD_000064,,600436.SH,SELL,2021-12-01,2021-12-02,200,200,0,0,200,433.01,431.25,21.56,86.25,1.73,86.0,195.54,FILLED,调仓剔除(掉出Top-K),
ORD_000065,,688396.SH,BUY,2021-12-01,2021-12-02,1500,1500,0,0,1500,71.68,71.46,26.8,0.0,2.14,105.0,133.94,FILLED,Top-K目标建仓/加仓,
ORD_000066,,002001.SZ,BUY,2021-12-01,2021-12-02,3700,3700,0,0,3700,29.05,28.99,26.82,0.0,2.15,111.0,139.97,FILLED,Top-K目标建仓/加仓,
ORD_000067,,002475.SZ,BUY,2021-12-01,2021-12-02,2700,2700,0,0,2700,39.8,39.45,26.63,0.0,2.13,108.0,136.76,FILLED,Top-K目标建仓/加仓,
ORD_000068,,601877.SH,BUY,2021-12-01,2021-12-02,2000,2000,0,0,2000,52.75,52.37,26.19,0.0,2.09,100.0,128.28,FILLED,Top-K目标建仓/加仓,
ORD_000069,,601838.SH,BUY,2021-12-01,2021-12-02,9700,9700,0,0,9700,11.13,11.1,26.92,0.0,2.15,97.0,126.07,FILLED,Top-K目标建仓/加仓,
ORD_000070,,002074.SZ,BUY,2021-12-01,2021-12-02,1700,1700,0,0,1700,63.26,63.09,26.81,0.0,2.15,102.0,130.96,FILLED,Top-K目标建仓/加仓,
ORD_000071,,002050.SZ,BUY,2021-12-01,2021-12-02,4600,4600,0,0,4600,23.11,22.96,26.4,0.0,2.11,92.0,120.51,FILLED,Top-K目标建仓/加仓,
ORD_000072,,002463.SZ,BUY,2021-12-01,2021-12-02,7400,7400,0,0,7400,14.64,14.56,26.94,0.0,2.15,74.0,103.09,FILLED,Top-K目标建仓/加仓,
ORD_000073,,002074.SZ,SELL,2021-12-07,2021-12-08,1700,1700,0,0,1700,57.0,57.83,24.58,98.31,1.97,102.0,226.86,FILLED,触发个股硬止损 (浮亏: -9.65% <= -8.0%),
ORD_000074,,002463.SZ,SELL,2021-12-10,2021-12-13,7400,7400,0,0,7400,15.05,14.89,27.55,110.19,2.2,74.0,213.94,FILLED,"触发跟踪止盈 (最高浮盈: 11.06%, 自高点回撤: 6.93%)",
ORD_000075,,601877.SH,SELL,2021-12-15,2021-12-16,2000,2000,0,0,2000,54.64,54.44,27.22,108.88,2.18,100.0,238.28,FILLED,调仓剔除(掉出Top-K),
ORD_000076,,002050.SZ,SELL,2021-12-15,2021-12-16,4600,4600,0,0,4600,23.47,23.53,27.06,108.24,2.16,92.0,229.46,FILLED,调仓剔除(掉出Top-K),
ORD_000077,,002475.SZ,SELL,2021-12-15,2021-12-16,2700,2700,0,0,2700,45.37,45.86,30.96,123.82,2.48,135.0,292.26,FILLED,调仓剔除(掉出Top-K),
ORD_000078,,002001.SZ,SELL,2021-12-15,2021-12-16,3700,3700,0,0,3700,27.82,27.67,25.59,102.38,2.05,111.0,241.02,FILLED,调仓剔除(掉出Top-K),
ORD_000080,,688396.SH,SELL,2021-12-15,2021-12-16,600,600,0,0,600,67.7,68.13,10.22,40.88,0.82,42.0,93.92,FILLED,Top-K目标再平衡减仓,
ORD_000087,,601838.SH,SELL,2021-12-15,2021-12-16,4000,4000,0,0,4000,11.52,11.53,11.53,46.12,0.92,40.0,98.57,FILLED,Top-K目标再平衡减仓,
ORD_000079,,688981.SH,BUY,2021-12-15,2021-12-16,1200,1200,0,0,1200,54.13,53.81,16.14,0.0,1.29,60.0,77.43,FILLED,Top-K目标建仓/加仓,
ORD_000081,,688521.SH,BUY,2021-12-15,2021-12-16,700,700,0,0,700,82.9,82.88,14.5,0.0,1.16,56.0,71.66,FILLED,Top-K目标建仓/加仓,
ORD_000082,,000157.SZ,BUY,2021-12-15,2021-12-16,13100,13100,0,0,13100,7.38,7.38,24.17,0.0,1.93,131.0,157.1,FILLED,Top-K目标建仓/加仓,
ORD_000083,,000792.SZ,BUY,2021-12-15,2021-12-16,3000,3000,0,0,3000,32.27,32.38,24.29,0.0,1.94,90.0,116.23,FILLED,Top-K目标建仓/加仓,
ORD_000084,,000807.SZ,BUY,2021-12-15,2021-12-16,8600,8600,0,0,8600,11.29,11.28,24.25,0.0,1.94,86.0,112.19,FILLED,Top-K目标建仓/加仓,
ORD_000085,,601988.SH,BUY,2021-12-15,2021-12-16,31800,31800,0,0,31800,3.05,3.05,24.25,0.0,1.94,0.0,26.19,FILLED,Top-K目标建仓/加仓,
ORD_000086,,601919.SH,BUY,2021-12-15,2021-12-16,5300,5300,0,0,5300,18.35,18.53,24.55,0.0,1.96,106.0,132.51,FILLED,Top-K目标建仓/加仓,
ORD_000088,,688396.SH,SELL,2021-12-17,2021-12-20,900,900,0,0,900,64.55,64.84,14.59,58.36,1.17,54.0,128.12,FILLED,触发个股硬止损 (浮亏: -9.67% <= -8.0%),
ORD_000089,,688521.SH,SELL,2021-12-20,2021-12-21,700,700,0,0,700,74.8,74.21,12.99,51.95,1.04,49.0,114.98,FILLED,触发个股硬止损 (浮亏: -9.75% <= -8.0%),
ORD_000090,,601919.SH,SELL,2021-12-22,2021-12-23,5300,5300,0,0,5300,18.37,18.43,24.42,97.68,1.95,106.0,230.05,FILLED,"触发跟踪止盈 (最高浮盈: 5.18%, 自高点回撤: 5.75%)",
ORD_000091,,000157.SZ,SELL,2021-12-29,2021-12-30,13100,13100,0,0,13100,7.18,7.15,23.42,93.67,1.87,131.0,249.96,FILLED,调仓剔除(掉出Top-K),
ORD_000092,,000792.SZ,SELL,2021-12-29,2021-12-30,3000,3000,0,0,3000,33.78,33.52,25.14,100.56,2.01,90.0,217.71,FILLED,调仓剔除(掉出Top-K),
ORD_000093,,688981.SH,SELL,2021-12-29,2021-12-30,1200,1200,0,0,1200,52.73,52.7,15.81,63.24,1.26,60.0,140.31,FILLED,调仓剔除(掉出Top-K),
ORD_000094,,000807.SZ,SELL,2021-12-29,2021-12-30,8600,8600,0,0,8600,10.99,10.98,23.61,94.43,1.89,86.0,205.93,FILLED,调仓剔除(掉出Top-K),
ORD_000095,,601838.SH,SELL,2021-12-29,2021-12-30,5700,5700,0,0,5700,11.9,11.88,16.93,67.72,1.35,57.0,143.0,FILLED,调仓剔除(掉出Top-K),
ORD_000104,,601988.SH,SELL,2021-12-29,2021-12-30,300,300,0,0,300,3.05,3.06,5.0,0.92,0.02,0.0,5.94,FILLED,Top-K目标再平衡减仓,
ORD_000096,,000063.SZ,BUY,2021-12-29,2021-12-30,2900,2900,0,0,2900,32.67,32.88,23.84,0.0,1.91,87.0,112.75,FILLED,Top-K目标建仓/加仓,
ORD_000097,,601995.SH,BUY,2021-12-29,2021-12-30,1900,1900,0,0,1900,48.51,48.16,22.88,0.0,1.83,95.0,119.71,FILLED,Top-K目标建仓/加仓,
ORD_000098,,002311.SZ,BUY,2021-12-29,2021-12-30,1300,1300,0,0,1300,72.28,72.27,23.49,0.0,1.88,91.0,116.37,FILLED,Top-K目标建仓/加仓,
ORD_000099,,002074.SZ,BUY,2021-12-29,2021-12-30,1800,1800,0,0,1800,51.8,53.05,23.87,0.0,1.91,90.0,115.78,FILLED,Top-K目标建仓/加仓,
ORD_000100,,002236.SZ,BUY,2021-12-29,2021-12-30,4100,4100,0,0,4100,23.47,23.5,24.09,0.0,1.93,82.0,108.02,FILLED,Top-K目标建仓/加仓,
ORD_000101,,002460.SZ,BUY,2021-12-29,2021-12-30,600,600,0,0,600,140.26,139.3,20.89,0.0,1.67,84.0,106.56,FILLED,Top-K目标建仓/加仓,
ORD_000102,,002028.SZ,BUY,2021-12-29,2021-12-30,1900,1900,0,0,1900,49.5,49.46,23.49,0.0,1.88,95.0,120.37,FILLED,Top-K目标建仓/加仓,
ORD_000103,,002027.SZ,BUY,2021-12-29,2021-12-30,12100,12100,0,0,12100,7.92,7.88,23.84,0.0,1.91,121.0,146.75,FILLED,Top-K目标建仓/加仓,
ORD_000105,,002074.SZ,SELL,2022-01-04,2022-01-05,1800,1800,0,0,1800,48.33,48.45,21.8,87.21,1.74,90.0,200.75,FILLED,触发个股硬止损 (浮亏: -8.90% <= -8.0%),
ORD_000106,,002027.SZ,SELL,2022-01-06,2022-01-07,12100,12100,0,0,12100,8.22,8.23,24.9,99.58,1.99,121.0,247.47,FILLED,"触发跟踪止盈 (最高浮盈: 11.04%, 自高点回撤: 6.06%)",
ORD_000107,,002460.SZ,SELL,2022-01-07,2022-01-10,600,600,0,0,600,127.84,128.37,19.26,77.02,1.54,78.0,175.82,FILLED,触发个股硬止损 (浮亏: -8.23% <= -8.0%),
ORD_000108,,002028.SZ,SELL,2022-01-07,2022-01-10,1900,1900,0,0,1900,44.95,44.46,21.12,84.47,1.69,76.0,183.28,FILLED,触发个股硬止损 (浮亏: -9.12% <= -8.0%),
ORD_000109,,002236.SZ,SELL,2022-01-13,2022-01-14,4100,4100,0,0,4100,21.26,21.19,21.72,86.88,1.74,82.0,192.34,FILLED,触发个股硬止损 (浮亏: -9.53% <= -8.0%),
ORD_000110,,601988.SH,SELL,2022-01-13,2022-01-14,31500,31500,0,0,31500,3.14,3.14,24.73,98.91,1.98,0.0,125.62,FILLED,调仓剔除(掉出Top-K),
ORD_000111,,000063.SZ,SELL,2022-01-13,2022-01-14,2900,2900,0,0,2900,33.45,33.08,23.98,95.93,1.92,87.0,208.83,FILLED,调仓剔除(掉出Top-K),
ORD_000112,,002311.SZ,SELL,2022-01-13,2022-01-14,1300,1300,0,0,1300,70.0,69.59,22.62,90.47,1.81,91.0,205.9,FILLED,调仓剔除(掉出Top-K),
ORD_000113,,601995.SH,SELL,2022-01-13,2022-01-14,1900,1900,0,0,1900,48.21,47.59,22.61,90.42,1.81,95.0,209.84,FILLED,调仓剔除(掉出Top-K),
ORD_000114,,000166.SZ,BUY,2022-01-13,2022-01-14,20300,20300,0,0,20300,5.14,5.13,26.03,0.0,2.08,203.0,231.11,FILLED,Top-K目标建仓/加仓,
ORD_000115,,000157.SZ,BUY,2022-01-13,2022-01-14,14000,14000,0,0,14000,7.47,7.47,26.14,0.0,2.09,140.0,168.23,FILLED,Top-K目标建仓/加仓,
ORD_000116_P700,ORD_000116,603893.SH,BUY,2022-01-13,2022-01-14,900,700,200,0,700,113.27,112.55,19.7,0.0,1.58,77.0,98.28,PARTIALLY_FILLED,Top-K目标建仓/加仓,
ORD_000117,,000338.SZ,BUY,2022-01-13,2022-01-14,6100,6100,0,0,6100,16.91,16.84,25.68,0.0,2.05,122.0,149.73,FILLED,Top-K目标建仓/加仓,
ORD_000118,,603259.SH,BUY,2022-01-13,2022-01-14,900,900,0,0,900,115.83,114.8,25.83,0.0,2.07,99.0,126.9,FILLED,Top-K目标建仓/加仓,
ORD_000119,,002466.SZ,BUY,2022-01-13,2022-01-14,1100,1100,0,0,1100,90.78,90.09,24.77,0.0,1.98,99.0,125.75,FILLED,Top-K目标建仓/加仓,
ORD_000120,,000963.SZ,BUY,2022-01-13,2022-01-14,2600,2600,0,0,2600,39.92,39.49,25.67,0.0,2.05,104.0,131.72,FILLED,Top-K目标建仓/加仓,
ORD_000121,,002049.SZ,BUY,2022-01-13,2022-01-14,400,400,0,0,400,212.1,210.21,21.02,0.0,1.68,84.0,106.7,FILLED,Top-K目标建仓/加仓,
ORD_000122,,000166.SZ,SELL,2022-01-14,2022-01-17,13400,13400,0,0,13400,5.03,5.0,16.75,67.0,1.34,134.0,219.09,FILLED,组合最大回撤熔断降仓,
ORD_000123,,000157.SZ,SELL,2022-01-14,2022-01-17,9200,9200,0,0,9200,7.48,7.47,17.18,68.72,1.37,92.0,179.27,FILLED,组合最大回撤熔断降仓,
ORD_000124,,000338.SZ,SELL,2022-01-14,2022-01-17,4000,4000,0,0,4000,16.92,16.86,16.86,67.44,1.35,80.0,165.65,FILLED,组合最大回撤熔断降仓,
ORD_000125,,603259.SH,SELL,2022-01-14,2022-01-17,500,500,0,0,500,113.98,113.87,14.23,56.94,1.14,55.0,127.31,FILLED,组合最大回撤熔断降仓,
ORD_000126,,002466.SZ,SELL,2022-01-14,2022-01-17,700,700,0,0,700,90.4,89.89,15.73,62.92,1.26,63.0,142.91,FILLED,组合最大回撤熔断降仓,
ORD_000127,,000963.SZ,SELL,2022-01-14,2022-01-17,1700,1700,0,0,1700,38.98,40.48,17.2,68.82,1.38,68.0,155.4,FILLED,组合最大回撤熔断降仓,
ORD_000128,,002049.SZ,SELL,2022-01-14,2022-01-17,200,200,0,0,200,217.85,217.63,10.88,43.53,0.87,44.0,99.28,FILLED,组合最大回撤熔断降仓,
ORD_000116,,603893.SH,BUY,2022-01-13,2022-01-17,900,900,0,0,200,113.27,113.12,5.66,0.0,0.45,22.0,28.11,FILLED,Top-K目标建仓/加仓,
ORD_000129,,000166.SZ,SELL,2022-01-17,2022-01-18,1900,1900,0,0,1900,5.03,5.02,5.0,9.54,0.19,19.0,33.73,FILLED,组合最大回撤熔断降仓,
ORD_000130,,000157.SZ,SELL,2022-01-17,2022-01-18,1300,1300,0,0,1300,7.47,7.46,5.0,9.7,0.19,13.0,27.89,FILLED,组合最大回撤熔断降仓,
ORD_000131,,603893.SH,SELL,2022-01-17,2022-01-18,200,200,0,0,200,112.59,112.89,5.64,22.58,0.45,22.0,50.67,FILLED,组合最大回撤熔断降仓,
ORD_000132,,000338.SZ,SELL,2022-01-17,2022-01-18,500,500,0,0,500,16.97,16.98,5.0,8.49,0.17,10.0,23.66,FILLED,组合最大回撤熔断降仓,
ORD_000133,,603259.SH,SELL,2022-01-17,2022-01-18,100,100,0,0,100,114.16,114.02,5.0,11.4,0.23,11.0,27.63,FILLED,组合最大回撤熔断降仓,
ORD_000134,,002466.SZ,SELL,2022-01-17,2022-01-18,100,100,0,0,100,88.36,86.91,5.0,8.69,0.17,9.0,22.86,FILLED,组合最大回撤熔断降仓,
ORD_000135,,000963.SZ,SELL,2022-01-17,2022-01-18,200,200,0,0,200,39.83,39.96,5.0,7.99,0.16,8.0,21.15,FILLED,组合最大回撤熔断降仓,
ORD_000136,,000963.SZ,SELL,2022-01-18,2022-01-19,700,700,0,0,700,39.09,39.05,6.83,27.33,0.55,28.0,62.71,FILLED,"触发跟踪止盈 (最高浮盈: 5.32%, 自高点回撤: 6.01%)",
ORD_000137,,002466.SZ,SELL,2022-01-20,2022-01-21,300,300,0,0,300,81.32,81.07,6.08,24.32,0.49,24.0,54.89,FILLED,触发个股硬止损 (浮亏: -9.73% <= -8.0%),
ORD_000138,,002049.SZ,SELL,2022-01-20,2022-01-21,200,200,0,0,200,222.45,220.01,11.0,44.0,0.88,44.0,99.88,FILLED,"触发跟踪止盈 (最高浮盈: 13.49%, 自高点回撤: 6.75%)",
ORD_000139,,603259.SH,SELL,2022-01-26,2022-01-27,300,300,0,0,300,104.22,102.4,7.68,30.72,0.61,30.0,69.01,FILLED,触发个股硬止损 (浮亏: -9.22% <= -8.0%),
ORD_000140,,000166.SZ,SELL,2022-01-27,2022-01-28,5000,5000,0,0,5000,4.71,4.72,5.9,23.6,0.47,0.0,29.97,FILLED,触发个股硬止损 (浮亏: -8.19% <= -8.0%),
ORD_000141,,000157.SZ,SELL,2022-01-27,2022-01-28,3500,3500,0,0,3500,7.06,7.07,6.19,24.75,0.49,35.0,66.43,FILLED,调仓剔除(掉出Top-K),
ORD_000142,,000338.SZ,SELL,2022-01-27,2022-01-28,1600,1600,0,0,1600,15.6,15.68,6.27,25.09,0.5,32.0,63.86,FILLED,调仓剔除(掉出Top-K),
ORD_000151,,603893.SH,SELL,2022-01-27,2022-01-28,500,500,0,0,500,107.37,110.6,13.83,55.3,1.11,55.0,125.24,FILLED,Top-K目标再平衡减仓,
ORD_000143,,600958.SH,BUY,2022-01-27,2022-01-28,2200,2200,0,0,2200,12.7,12.86,7.07,0.0,0.57,22.0,29.64,FILLED,Top-K目标建仓/加仓,
ORD_000144,,000001.SZ,BUY,2022-01-27,2022-01-28,1700,1700,0,0,1700,16.3,16.41,6.97,0.0,0.56,34.0,41.53,FILLED,Top-K目标建仓/加仓,
ORD_000145,,002460.SZ,BUY,2022-01-27,2022-01-28,200,200,0,0,200,136.2,137.45,6.87,0.0,0.55,28.0,35.42,FILLED,Top-K目标建仓/加仓,
ORD_000146,,002074.SZ,BUY,2022-01-27,2022-01-28,700,700,0,0,700,40.86,41.07,7.19,0.0,0.57,28.0,35.76,FILLED,Top-K目标建仓/加仓,
ORD_000147,,600845.SH,BUY,2022-01-27,2022-01-28,500,500,0,0,500,57.05,57.45,7.18,0.0,0.57,30.0,37.75,FILLED,Top-K目标建仓/加仓,
ORD_000148,,601618.SH,BUY,2022-01-27,2022-01-28,7400,7400,0,0,7400,3.86,3.85,7.12,0.0,0.57,0.0,7.69,FILLED,Top-K目标建仓/加仓,
ORD_000149,,002594.SZ,BUY,2022-01-27,2022-01-28,100,100,0,0,100,241.27,240.22,6.01,0.0,0.48,24.0,30.49,FILLED,Top-K目标建仓/加仓,
ORD_000150,,601688.SH,BUY,2022-01-27,2022-01-28,1600,1600,0,0,1600,17.54,17.6,7.04,0.0,0.56,32.0,39.6,FILLED,Top-K目标建仓/加仓,
ORD_000152,,603893.SH,SELL,2022-02-08,2022-02-09,200,200,0,0,200,102.95,102.1,5.11,20.42,0.41,20.0,45.94,FILLED,触发个股硬止损 (浮亏: -8.99% <= -8.0%),
ORD_000153,,002460.SZ,SELL,2022-02-08,2022-02-09,200,200,0,0,200,126.26,125.88,6.29,25.18,0.5,26.0,57.97,FILLED,触发个股硬止损 (浮亏: -8.14% <= -8.0%),
ORD_000154,,600845.SH,SELL,2022-02-11,2022-02-14,500,500,0,0,500,52.43,52.17,6.52,26.09,0.52,25.0,58.13,FILLED,触发个股硬止损 (浮亏: -8.74% <= -8.0%),
ORD_000155,,601618.SH,SELL,2022-02-14,2022-02-15,7400,7400,0,0,7400,4.1,4.1,7.58,30.34,0.61,0.0,38.53,FILLED,"触发跟踪止盈 (最高浮盈: 12.21%, 自高点回撤: 5.09%)",
ORD_000156,,000001.SZ,SELL,2022-02-15,2022-02-16,1700,1700,0,0,1700,16.28,16.33,6.94,27.76,0.56,34.0,69.26,FILLED,"触发跟踪止盈 (最高浮盈: 5.67%, 自高点回撤: 6.11%)",
ORD_000157,,002074.SZ,SELL,2022-02-17,2022-02-18,700,700,0,0,700,41.36,40.88,7.15,28.62,0.57,28.0,64.34,FILLED,调仓剔除(掉出Top-K),
ORD_000158,,600958.SH,SELL,2022-02-17,2022-02-18,2200,2200,0,0,2200,12.42,12.32,6.78,27.1,0.54,22.0,56.42,FILLED,调仓剔除(掉出Top-K),
ORD_000159,,002594.SZ,SELL,2022-02-17,2022-02-18,100,100,0,0,100,245.41,240.76,6.02,24.08,0.48,24.0,54.58,FILLED,调仓剔除(掉出Top-K),
ORD_000160,,601688.SH,SELL,2022-02-17,2022-02-18,1600,1600,0,0,1600,16.85,16.68,6.67,26.69,0.53,32.0,65.89,FILLED,调仓剔除(掉出Top-K),
ORD_000161,,601901.SH,BUY,2022-02-17,2022-02-18,4300,4300,0,0,4300,7.46,7.47,8.03,0.0,0.64,43.0,51.67,FILLED,Top-K目标建仓/加仓,
ORD_000162,,002466.SZ,BUY,2022-02-17,2022-02-18,300,300,0,0,300,95.92,94.1,7.06,0.0,0.56,27.0,34.62,FILLED,Top-K目标建仓/加仓,
ORD_000163,,601872.SH,BUY,2022-02-17,2022-02-18,7700,7700,0,0,7700,4.18,4.19,8.07,0.0,0.65,0.0,8.72,FILLED,Top-K目标建仓/加仓,
ORD_000164,,601166.SH,BUY,2022-02-17,2022-02-18,1400,1400,0,0,1400,22.3,22.33,7.82,0.0,0.63,28.0,36.45,FILLED,Top-K目标建仓/加仓,
ORD_000165,,600011.SH,BUY,2022-02-17,2022-02-18,3800,3800,0,0,3800,8.3,8.16,7.75,0.0,0.62,38.0,46.37,FILLED,Top-K目标建仓/加仓,
ORD_000166,,600111.SH,BUY,2022-02-17,2022-02-18,600,600,0,0,600,48.09,47.56,7.13,0.0,0.57,30.0,37.7,FILLED,Top-K目标建仓/加仓,
ORD_000167,,601600.SH,BUY,2022-02-17,2022-02-18,5200,5200,0,0,5200,6.17,6.12,7.96,0.0,0.64,52.0,60.6,FILLED,Top-K目标建仓/加仓,
ORD_000168,,601618.SH,BUY,2022-02-17,2022-02-18,7600,7600,0,0,7600,4.21,4.21,8.0,0.0,0.64,0.0,8.64,FILLED,Top-K目标建仓/加仓,
ORD_000169,,600011.SH,SELL,2022-02-22,2022-02-23,3800,3800,0,0,3800,7.48,7.5,7.12,28.5,0.57,38.0,74.19,FILLED,触发个股硬止损 (浮亏: -8.33% <= -8.0%),
ORD_000170,,601872.SH,SELL,2022-02-23,2022-02-24,7700,7700,0,0,7700,4.61,4.6,8.86,35.42,0.71,0.0,44.99,FILLED,"触发跟踪止盈 (最高浮盈: 16.23%, 自高点回撤: 5.34%)",
ORD_000171,,002466.SZ,SELL,2022-02-24,2022-02-25,300,300,0,0,300,96.4,99.84,7.49,29.95,0.6,30.0,68.04,FILLED,"触发跟踪止盈 (最高浮盈: 8.91%, 自高点回撤: 5.93%)",
ORD_000172,,601166.SH,SELL,2022-03-03,2022-03-04,1400,1400,0,0,1400,22.08,21.98,7.69,30.77,0.62,28.0,67.08,FILLED,调仓剔除(掉出Top-K),
ORD_000173,,601901.SH,SELL,2022-03-03,2022-03-04,4300,4300,0,0,4300,7.27,7.24,7.78,31.13,0.62,43.0,82.53,FILLED,调仓剔除(掉出Top-K),
ORD_000174,,601618.SH,SELL,2022-03-03,2022-03-04,7600,7600,0,0,7600,4.24,4.21,8.0,32.0,0.64,0.0,40.64,FILLED,调仓剔除(掉出Top-K),
ORD_000175,,601600.SH,SELL,2022-03-03,2022-03-04,5200,5200,0,0,5200,7.15,7.2,9.36,37.44,0.75,52.0,99.55,FILLED,调仓剔除(掉出Top-K),
ORD_000176,,600111.SH,SELL,2022-03-03,2022-03-04,600,600,0,0,600,45.91,45.54,6.83,27.32,0.55,30.0,64.7,FILLED,调仓剔除(掉出Top-K),
ORD_000177,,600011.SH,BUY,2022-03-03,2022-03-04,3700,3700,0,0,3700,8.57,8.5,7.86,0.0,0.63,37.0,45.49,FILLED,Top-K目标建仓/加仓,
ORD_000178,,688521.SH,BUY,2022-03-03,2022-03-04,500,500,0,0,500,58.7,58.57,7.32,0.0,0.59,30.0,37.91,FILLED,Top-K目标建仓/加仓,
ORD_000179,,002371.SZ,BUY,2022-03-03,2022-03-04,100,100,0,0,100,284.37,280.27,7.01,0.0,0.56,28.0,35.57,FILLED,Top-K目标建仓/加仓,
ORD_000180,,601919.SH,BUY,2022-03-03,2022-03-04,1700,1700,0,0,1700,18.47,18.3,7.78,0.0,0.62,34.0,42.4,FILLED,Top-K目标建仓/加仓,
ORD_000181,,002074.SZ,BUY,2022-03-03,2022-03-04,800,800,0,0,800,39.82,39.43,7.89,0.0,0.63,32.0,40.52,FILLED,Top-K目标建仓/加仓,
ORD_000182,,002594.SZ,BUY,2022-03-03,2022-03-04,100,100,0,0,100,245.21,237.55,5.94,0.0,0.48,24.0,30.42,FILLED,Top-K目标建仓/加仓,
ORD_000183,,300014.SZ,BUY,2022-03-03,2022-03-04,400,400,0,0,400,79.51,77.85,7.78,0.0,0.62,32.0,40.4,FILLED,Top-K目标建仓/加仓,
ORD_000184,,600188.SH,BUY,2022-03-03,2022-03-04,900,900,0,0,900,35.1,34.83,7.84,0.0,0.63,27.0,35.47,FILLED,Top-K目标建仓/加仓,
ORD_000185,,002371.SZ,SELL,2022-03-07,2022-03-08,100,100,0,0,100,274.44,274.17,6.85,27.42,0.55,27.0,61.82,FILLED,"触发跟踪止盈 (最高浮盈: 7.70%, 自高点回撤: 9.08%)",
ORD_000186,,002074.SZ,SELL,2022-03-07,2022-03-08,800,800,0,0,800,36.11,35.78,7.16,28.62,0.57,32.0,68.35,FILLED,触发个股硬止损 (浮亏: -8.42% <= -8.0%),
ORD_000187,,600188.SH,SELL,2022-03-07,2022-03-08,900,900,0,0,900,35.1,34.47,7.76,31.02,0.62,27.0,66.4,FILLED,"触发跟踪止盈 (最高浮盈: 7.06%, 自高点回撤: 5.87%)",
ORD_000188,,600011.SH,SELL,2022-03-08,2022-03-09,3700,3700,0,0,3700,8.76,9.0,8.32,33.3,0.67,37.0,79.29,FILLED,"触发跟踪止盈 (最高浮盈: 9.88%, 自高点回撤: 6.21%)",
ORD_000189,,601919.SH,SELL,2022-03-08,2022-03-09,1700,1700,0,0,1700,16.83,16.82,7.15,28.59,0.57,34.0,70.31,FILLED,触发个股硬止损 (浮亏: -8.03% <= -8.0%),
ORD_000190,,002594.SZ,SELL,2022-03-08,2022-03-09,100,100,0,0,100,216.19,216.78,5.42,21.68,0.43,22.0,49.53,FILLED,触发个股硬止损 (浮亏: -8.99% <= -8.0%),
ORD_000191,,300014.SZ,SELL,2022-03-08,2022-03-09,400,400,0,0,400,71.37,71.93,7.19,28.77,0.58,28.0,64.54,FILLED,触发个股硬止损 (浮亏: -8.32% <= -8.0%),
ORD_000192,,688521.SH,SELL,2022-03-14,2022-03-15,500,500,0,0,500,53.08,52.6,6.58,26.3,0.53,25.0,58.41,FILLED,触发个股硬止损 (浮亏: -9.37% <= -8.0%),
ORD_000193,,603369.SH,BUY,2022-03-17,2022-03-18,700,700,0,0,700,44.5,44.24,7.74,0.0,0.62,28.0,36.36,FILLED,Top-K目标建仓/加仓,
ORD_000194,,601919.SH,BUY,2022-03-17,2022-03-18,2000,2000,0,0,2000,15.95,16.03,8.02,0.0,0.64,40.0,48.66,FILLED,Top-K目标建仓/加仓,
ORD_000195,,600588.SH,BUY,2022-03-17,2022-03-18,1200,1200,0,0,1200,25.43,25.59,7.68,0.0,0.61,36.0,44.29,FILLED,Top-K目标建仓/加仓,
ORD_000196,,600011.SH,BUY,2022-03-17,2022-03-18,4000,4000,0,0,4000,7.92,7.77,7.77,0.0,0.62,40.0,48.39,FILLED,Top-K目标建仓/加仓,
ORD_000197,,600958.SH,BUY,2022-03-17,2022-03-18,2900,2900,0,0,2900,11.0,10.92,7.92,0.0,0.63,29.0,37.55,FILLED,Top-K目标建仓/加仓,
ORD_000198,,601669.SH,BUY,2022-03-17,2022-03-18,4400,4400,0,0,4400,7.12,7.1,7.81,0.0,0.62,44.0,52.43,FILLED,Top-K目标建仓/加仓,
ORD_000199,,601377.SH,BUY,2022-03-17,2022-03-18,4100,4100,0,0,4100,7.78,7.78,7.97,0.0,0.64,41.0,49.61,FILLED,Top-K目标建仓/加仓,
ORD_000200,,002594.SZ,BUY,2022-03-17,2022-03-18,100,100,0,0,100,234.9,235.13,5.88,0.0,0.47,23.0,29.35,FILLED,Top-K目标建仓/加仓,
ORD_000201,,600011.SH,SELL,2022-03-23,2022-03-24,4000,4000,0,0,4000,7.87,7.85,7.85,31.4,0.63,40.0,79.88,FILLED,"触发跟踪止盈 (最高浮盈: 6.82%, 自高点回撤: 5.18%)",
ORD_000202,,600588.SH,SELL,2022-03-24,2022-03-25,1200,1200,0,0,1200,23.32,23.47,7.04,28.16,0.56,24.0,59.76,FILLED,触发个股硬止损 (浮亏: -8.87% <= -8.0%),
ORD_000203,,601669.SH,SELL,2022-03-24,2022-03-25,4400,4400,0,0,4400,7.1,7.12,7.83,31.33,0.63,44.0,83.79,FILLED,"触发跟踪止盈 (最高浮盈: 5.35%, 自高点回撤: 5.08%)",
ORD_000204,,002594.SZ,SELL,2022-03-25,2022-03-28,100,100,0,0,100,235.31,234.67,5.87,23.47,0.47,23.0,52.81,FILLED,"触发跟踪止盈 (最高浮盈: 6.75%, 自高点回撤: 6.25%)",
ORD_000205,,603369.SH,SELL,2022-03-29,2022-03-30,700,700,0,0,700,40.07,40.76,7.13,28.53,0.57,28.0,64.23,FILLED,触发个股硬止损 (浮亏: -9.43% <= -8.0%),
ORD_000206,,600958.SH,SELL,2022-03-31,2022-04-01,2900,2900,0,0,2900,10.98,10.92,7.92,31.67,0.63,29.0,69.22,FILLED,调仓剔除(掉出Top-K),
ORD_000207,,601919.SH,SELL,2022-03-31,2022-04-01,2000,2000,0,0,2000,15.5,15.89,7.95,31.78,0.64,40.0,80.37,FILLED,调仓剔除(掉出Top-K),
ORD_000208,,601377.SH,SELL,2022-03-31,2022-04-01,4100,4100,0,0,4100,7.68,7.62,7.81,31.24,0.62,41.0,80.67,FILLED,调仓剔除(掉出Top-K),
ORD_000209,,600183.SH,BUY,2022-03-31,2022-04-01,1900,1900,0,0,1900,16.12,16.09,7.64,0.0,0.61,38.0,46.25,FILLED,Top-K目标建仓/加仓,
ORD_000210_P200,ORD_000210,688183.SH,BUY,2022-03-31,2022-04-01,2300,200,2100,0,200,10.84,10.83,5.0,0.0,0.04,2.0,7.04,PARTIALLY_FILLED,Top-K目标建仓/加仓,
ORD_000211_P1200,ORD_000211,601698.SH,BUY,2022-03-31,2022-04-01,2100,1200,900,0,1200,11.59,11.51,5.0,0.0,0.28,12.0,17.28,PARTIALLY_FILLED,Top-K目标建仓/加仓,
ORD_000212,,000977.SZ,BUY,2022-03-31,2022-04-01,1100,1100,0,0,1100,27.15,26.93,7.41,0.0,0.59,33.0,41.0,FILLED,Top-K目标建仓/加仓,
ORD_000213,,601100.SH,BUY,2022-03-31,2022-04-01,600,600,0,0,600,52.05,52.22,7.83,0.0,0.63,30.0,38.46,FILLED,Top-K目标建仓/加仓,
ORD_000214,,601066.SH,BUY,2022-03-31,2022-04-01,1000,1000,0,0,1000,23.28,23.21,5.8,0.0,0.46,20.0,26.26,FILLED,Top-K目标建仓/加仓,
ORD_000215,,601111.SH,BUY,2022-03-31,2022-04-01,3400,3400,0,0,3400,9.11,9.06,7.7,0.0,0.62,34.0,42.32,FILLED,Top-K目标建仓/加仓,
ORD_000216,,000963.SZ,BUY,2022-03-31,2022-04-01,900,900,0,0,900,33.42,33.26,7.48,0.0,0.6,27.0,35.08,FILLED,Top-K目标建仓/加仓,
ORD_000210_P500,ORD_000210,688183.SH,BUY,2022-03-31,2022-04-06,2300,500,1800,0,300,10.84,10.87,5.0,0.0,0.07,3.0,8.07,PARTIALLY_FILLED,Top-K目标建仓/加仓,
ORD_000211,,601698.SH,BUY,2022-03-31,2022-04-06,2100,2100,0,0,900,11.59,11.53,5.0,0.0,0.21,9.0,14.21,FILLED,Top-K目标建仓/加仓,
ORD_000210_P900,ORD_000210,688183.SH,BUY,2022-03-31,2022-04-07,2300,900,1400,0,400,10.84,10.87,5.0,0.0,0.09,4.0,9.09,PARTIALLY_FILLED,Top-K目标建仓/加仓,
ORD_000210_P1300,ORD_000210,688183.SH,BUY,2022-03-31,2022-04-08,2300,1300,1000,0,400,10.84,10.6,5.0,0.0,0.08,4.0,9.08,PARTIALLY_FILLED,Top-K目标建仓/加仓,
ORD_000210_P1600,ORD_000210,688183.SH,BUY,2022-03-31,2022-04-11,2300,1600,700,0,300,10.84,10.42,5.0,0.0,0.06,3.0,8.06,PARTIALLY_FILLED,Top-K目标建仓/加仓,
ORD_000217,,000963.SZ,SELL,2022-04-11,2022-04-12,900,900,0,0,900,30.28,30.1,6.77,27.09,0.54,27.0,61.4,FILLED,触发个股硬止损 (浮亏: -8.96% <= -8.0%),
ORD_000210_P2000,ORD_000210,688183.SH,BUY,2022-03-31,2022-04-12,2300,2000,300,0,400,10.84,10.19,5.0,0.0,0.08,4.0,9.08,PARTIALLY_FILLED,Top-K目标建仓/加仓,
ORD_000210_P2200,ORD_000210,688183.SH,BUY,2022-03-31,2022-04-13,2300,2200,100,0,200,10.84,10.18,5.0,0.0,0.04,2.0,7.04,PARTIALLY_FILLED,Top-K目标建仓/加仓,
ORD_000210,,688183.SH,BUY,2022-03-31,2022-04-14,2300,2300,0,0,100,10.84,10.19,5.0,0.0,0.02,1.0,6.02,FILLED,Top-K目标建仓/加仓,
ORD_000218,,601698.SH,SELL,2022-04-18,2022-04-19,2100,2100,0,0,2100,10.88,11.0,5.78,23.1,0.46,21.0,50.34,FILLED,调仓剔除(掉出Top-K),
ORD_000219,,600183.SH,SELL,2022-04-18,2022-04-19,1900,1900,0,0,1900,16.89,16.78,7.97,31.88,0.64,38.0,78.49,FILLED,调仓剔除(掉出Top-K),
ORD_000220,,601111.SH,SELL,2022-04-18,2022-04-19,3400,3400,0,0,3400,10.4,10.37,8.81,35.26,0.71,34.0,78.78,FILLED,调仓剔除(掉出Top-K),
ORD_000221,,000977.SZ,SELL,2022-04-18,2022-04-19,1100,1100,0,0,1100,27.39,27.35,7.52,30.09,0.6,33.0,71.21,FILLED,调仓剔除(掉出Top-K),
ORD_000222,,601100.SH,SELL,2022-04-18,2022-04-19,600,600,0,0,600,48.62,48.55,7.28,29.13,0.58,30.0,66.99,FILLED,调仓剔除(掉出Top-K),
ORD_000223,,601066.SH,SELL,2022-04-18,2022-04-19,1000,1000,0,0,1000,23.56,23.59,5.9,23.59,0.47,20.0,49.96,FILLED,调仓剔除(掉出Top-K),
ORD_000224,,000538.SZ,BUY,2022-04-18,2022-04-19,400,400,0,0,400,77.41,78.04,7.8,0.0,0.62,32.0,40.42,FILLED,Top-K目标建仓/加仓,
ORD_000225_P200,ORD_000225,688183.SH,BUY,2022-04-18,2022-04-19,800,200,600,0,200,10.13,10.14,5.0,0.0,0.04,2.0,7.04,PARTIALLY_FILLED,Top-K目标建仓/加仓,
ORD_000226,,002709.SZ,BUY,2022-04-18,2022-04-19,300,300,0,0,300,82.45,83.07,6.23,0.0,0.5,24.0,30.73,FILLED,Top-K目标建仓/加仓,
ORD_000227,,600219.SH,BUY,2022-04-18,2022-04-19,8500,8500,0,0,8500,3.7,3.71,7.88,0.0,0.63,0.0,8.51,FILLED,Top-K目标建仓/加仓,
ORD_000228,,688126.SH,BUY,2022-04-18,2022-04-19,1300,1300,0,0,1300,22.78,22.81,7.41,0.0,0.59,26.0,34.0,FILLED,Top-K目标建仓/加仓,
ORD_000229,,002602.SZ,BUY,2022-04-18,2022-04-19,5800,5800,0,0,5800,5.4,5.42,7.86,0.0,0.63,58.0,66.49,FILLED,Top-K目标建仓/加仓,
ORD_000230,,002027.SZ,BUY,2022-04-18,2022-04-19,5500,5500,0,0,5500,5.75,5.73,7.88,0.0,0.63,55.0,63.51,FILLED,Top-K目标建仓/加仓,
ORD_000231,,000596.SZ,BUY,2022-04-18,2022-04-19,100,100,0,0,100,187.2,186.37,5.0,0.0,0.37,19.0,24.37,FILLED,Top-K目标建仓/加仓,
ORD_000225_P600,ORD_000225,688183.SH,BUY,2022-04-18,2022-04-20,800,600,200,0,400,10.13,10.15,5.0,0.0,0.08,4.0,9.08,PARTIALLY_FILLED,Top-K目标建仓/加仓,
ORD_000225,,688183.SH,BUY,2022-04-18,2022-04-21,800,800,0,0,200,10.13,9.99,5.0,0.0,0.04,2.0,7.04,FILLED,Top-K目标建仓/加仓,
ORD_000232_P700,ORD_000232,688183.SH,SELL,2022-04-22,2022-04-25,3100,700,2400,0,700,9.56,9.52,5.0,6.66,0.13,7.0,18.79,PARTIALLY_FILLED,触发个股硬止损 (浮亏: -8.41% <= -8.0%),
ORD_000233,,002709.SZ,SELL,2022-04-22,2022-04-25,300,300,0,0,300,73.99,71.69,5.38,21.51,0.43,21.0,48.32,FILLED,触发个股硬止损 (浮亏: -10.93% <= -8.0%),
ORD_000232_P1200,ORD_000232,688183.SH,SELL,2022-04-22,2022-04-26,3100,1200,1900,0,500,9.56,8.85,5.0,4.42,0.09,5.0,14.51,PARTIALLY_FILLED,触发个股硬止损 (浮亏: -8.41% <= -8.0%),
ORD_000234,,000538.SZ,SELL,2022-04-25,2022-04-26,400,400,0,0,400,71.0,71.27,7.13,28.51,0.57,28.0,64.21,FILLED,触发个股硬止损 (浮亏: -9.02% <= -8.0%),
ORD_000235,,600219.SH,SELL,2022-04-25,2022-04-26,8500,8500,0,0,8500,3.16,3.18,6.76,27.03,0.54,0.0,34.33,FILLED,触发个股硬止损 (浮亏: -14.82% <= -8.0%),
ORD_000236,,002602.SZ,SELL,2022-04-25,2022-04-26,5800,5800,0,0,5800,4.8,4.79,6.95,27.78,0.56,0.0,35.29,FILLED,触发个股硬止损 (浮亏: -11.44% <= -8.0%),
ORD_000232_P1800,ORD_000232,688183.SH,SELL,2022-04-22,2022-04-27,3100,1800,1300,0,600,9.56,8.49,5.0,5.09,0.1,6.0,16.19,PARTIALLY_FILLED,触发个股硬止损 (浮亏: -8.41% <= -8.0%),
ORD_000237,,688126.SH,SELL,2022-04-26,2022-04-27,1300,1300,0,0,1300,19.9,19.48,6.33,25.32,0.51,26.0,58.16,FILLED,触发个股硬止损 (浮亏: -12.76% <= -8.0%),
ORD_000238,,002027.SZ,SELL,2022-04-26,2022-04-27,5500,5500,0,0,5500,5.11,5.05,6.94,27.78,0.56,55.0,90.28,FILLED,触发个股硬止损 (浮亏: -10.82% <= -8.0%),
ORD_000232_P2300,ORD_000232,688183.SH,SELL,2022-04-22,2022-04-28,3100,2300,800,0,500,9.56,8.62,5.0,4.31,0.09,5.0,14.4,PARTIALLY_FILLED,触发个股硬止损 (浮亏: -8.41% <= -8.0%),
ORD_000232,,688183.SH,SELL,2022-04-22,2022-04-29,3100,3100,0,0,800,9.56,8.4,5.0,6.72,0.07,8.0,19.79,FILLED,触发个股硬止损 (浮亏: -8.41% <= -8.0%),
ORD_000239,,000596.SZ,SELL,2022-04-29,2022-05-05,100,100,0,0,100,195.51,199.47,5.0,19.95,0.2,20.0,45.15,FILLED,"触发跟踪止盈 (最高浮盈: 13.03%, 自高点回撤: 7.19%)",
ORD_000240,,601021.SH,BUY,2022-05-05,2022-05-06,600,600,0,0,600,44.94,44.04,6.61,0.0,0.26,24.0,30.87,FILLED,Top-K目标建仓/加仓,
ORD_000241,,600219.SH,BUY,2022-05-05,2022-05-06,9400,9400,0,0,9400,3.24,3.18,7.47,0.0,0.3,0.0,7.77,FILLED,Top-K目标建仓/加仓,
ORD_000242,,688521.SH,BUY,2022-05-05,2022-05-06,400,400,0,0,400,39.9,38.6,5.0,0.0,0.15,16.0,21.15,FILLED,Top-K目标建仓/加仓,
ORD_000243,,688036.SH,BUY,2022-05-05,2022-05-06,200,200,0,0,200,84.5,82.86,5.0,0.0,0.17,16.0,21.17,FILLED,Top-K目标建仓/加仓,
ORD_000244,,688396.SH,BUY,2022-05-05,2022-05-06,300,300,0,0,300,48.47,47.36,5.0,0.0,0.14,15.0,20.14,FILLED,Top-K目标建仓/加仓,
ORD_000245,,601211.SH,BUY,2022-05-05,2022-05-06,1200,1200,0,0,1200,14.33,14.12,5.0,0.0,0.17,12.0,17.17,FILLED,Top-K目标建仓/加仓,
ORD_000246,,601377.SH,BUY,2022-05-05,2022-05-06,4800,4800,0,0,4800,6.29,6.2,7.44,0.0,0.3,48.0,55.74,FILLED,Top-K目标建仓/加仓,
ORD_000247,,601766.SH,BUY,2022-05-05,2022-05-06,6100,6100,0,0,6100,5.03,4.98,7.59,0.0,0.3,0.0,7.89,FILLED,Top-K目标建仓/加仓,
ORD_000248,,688036.SH,SELL,2022-05-12,2022-05-13,200,200,0,0,200,83.37,84.32,5.0,16.86,0.17,16.0,38.03,FILLED,"触发跟踪止盈 (最高浮盈: 6.69%, 自高点回撤: 5.69%)",
ORD_000249,,601021.SH,SELL,2022-05-18,2022-05-19,600,600,0,0,600,45.28,44.32,6.65,26.59,0.27,24.0,57.51,FILLED,"触发跟踪止盈 (最高浮盈: 10.01%, 自高点回撤: 6.54%)",
ORD_000250,,688521.SH,SELL,2022-05-19,2022-05-20,400,400,0,0,400,44.66,44.49,5.0,17.8,0.18,16.0,38.98,FILLED,调仓剔除(掉出Top-K),
ORD_000251,,688396.SH,SELL,2022-05-19,2022-05-20,300,300,0,0,300,51.79,51.65,5.0,15.5,0.15,15.0,35.65,FILLED,调仓剔除(掉出Top-K),
ORD_000252,,601211.SH,SELL,2022-05-19,2022-05-20,1200,1200,0,0,1200,14.17,14.21,5.0,17.05,0.17,12.0,34.22,FILLED,调仓剔除(掉出Top-K),
ORD_000253,,601377.SH,SELL,2022-05-19,2022-05-20,4800,4800,0,0,4800,6.17,6.19,7.43,29.71,0.3,48.0,85.44,FILLED,调仓剔除(掉出Top-K),
ORD_000254,,601766.SH,SELL,2022-05-19,2022-05-20,6100,6100,0,0,6100,4.97,4.96,7.56,30.26,0.3,0.0,38.12,FILLED,调仓剔除(掉出Top-K),
ORD_000255,,600219.SH,SELL,2022-05-19,2022-05-20,9400,9400,0,0,9400,3.35,3.4,7.99,31.96,0.32,0.0,40.27,FILLED,调仓剔除(掉出Top-K),
ORD_000256,,000988.SZ,BUY,2022-05-19,2022-05-20,1600,1600,0,0,1600,18.89,18.97,7.59,0.0,0.3,32.0,39.89,FILLED,Top-K目标建仓/加仓,
ORD_000257,,002028.SZ,BUY,2022-05-19,2022-05-20,900,900,0,0,900,31.98,31.83,7.16,0.0,0.29,27.0,34.45,FILLED,Top-K目标建仓/加仓,
ORD_000258_P1800,ORD_000258,601698.SH,BUY,2022-05-19,2022-05-20,2900,1800,1100,0,1800,10.47,10.53,5.0,0.0,0.19,18.0,23.19,PARTIALLY_FILLED,Top-K目标建仓/加仓,
ORD_000259,,601066.SH,BUY,2022-05-19,2022-05-20,1300,1300,0,0,1300,22.16,22.42,7.29,0.0,0.29,26.0,33.58,FILLED,Top-K目标建仓/加仓,
ORD_000260,,601021.SH,BUY,2022-05-19,2022-05-20,600,600,0,0,600,44.91,45.08,6.76,0.0,0.27,30.0,37.03,FILLED,Top-K目标建仓/加仓,
ORD_000261,,002230.SZ,BUY,2022-05-19,2022-05-20,800,800,0,0,800,35.52,35.56,7.11,0.0,0.28,32.0,39.39,FILLED,Top-K目标建仓/加仓,
ORD_000262,,002625.SZ,BUY,2022-05-19,2022-05-20,2000,2000,0,0,2000,15.14,15.21,7.61,0.0,0.3,40.0,47.91,FILLED,Top-K目标建仓/加仓,
ORD_000263,,300274.SZ,BUY,2022-05-19,2022-05-20,300,300,0,0,300,82.32,83.08,6.23,0.0,0.25,24.0,30.48,FILLED,Top-K目标建仓/加仓,
ORD_000258,,601698.SH,BUY,2022-05-19,2022-05-23,2900,2900,0,0,1100,10.47,10.56,5.0,0.0,0.12,11.0,16.12,FILLED,Top-K目标建仓/加仓,
ORD_000264,,002028.SZ,SELL,2022-05-24,2022-05-25,900,900,0,0,900,32.65,32.21,7.25,28.99,0.29,27.0,63.53,FILLED,"触发跟踪止盈 (最高浮盈: 10.96%, 自高点回撤: 7.56%)",
ORD_000265,,300274.SZ,SELL,2022-05-30,2022-05-31,300,300,0,0,300,76.32,78.53,5.89,23.56,0.24,24.0,53.69,FILLED,触发个股硬止损 (浮亏: -8.14% <= -8.0%),
ORD_000266,,002230.SZ,SELL,2022-06-02,2022-06-06,800,800,0,0,800,36.92,37.1,7.42,29.68,0.3,32.0,69.4,FILLED,调仓剔除(掉出Top-K),
ORD_000267,,601698.SH,SELL,2022-06-02,2022-06-06,2900,2900,0,0,2900,11.11,11.22,8.13,32.54,0.33,29.0,70.0,FILLED,调仓剔除(掉出Top-K),
ORD_000268,,601021.SH,SELL,2022-06-02,2022-06-06,600,600,0,0,600,47.7,47.86,7.18,28.72,0.29,30.0,66.19,FILLED,调仓剔除(掉出Top-K),
ORD_000269,,002625.SZ,SELL,2022-06-02,2022-06-06,2000,2000,0,0,2000,16.15,15.73,7.87,31.46,0.31,40.0,79.64,FILLED,调仓剔除(掉出Top-K),
ORD_000270,,000988.SZ,SELL,2022-06-02,2022-06-06,1600,1600,0,0,1600,20.4,20.46,8.18,32.74,0.33,32.0,73.25,FILLED,调仓剔除(掉出Top-K),
ORD_000271,,601066.SH,SELL,2022-06-02,2022-06-06,1300,1300,0,0,1300,22.22,21.95,7.13,28.54,0.29,26.0,61.96,FILLED,调仓剔除(掉出Top-K),
ORD_000272,,601818.SH,BUY,2022-06-02,2022-06-06,10000,10000,0,0,10000,3.11,3.1,7.75,0.0,0.31,0.0,8.06,FILLED,Top-K目标建仓/加仓,
ORD_000273,,601398.SH,BUY,2022-06-02,2022-06-06,6700,6700,0,0,6700,4.63,4.63,7.76,0.0,0.31,0.0,8.07,FILLED,Top-K目标建仓/加仓,
ORD_000274,,002648.SZ,BUY,2022-06-02,2022-06-06,800,800,0,0,800,38.64,27.53,5.51,0.0,0.22,24.0,29.73,FILLED,Top-K目标建仓/加仓,
ORD_000275,,600000.SH,BUY,2022-06-02,2022-06-06,3900,3900,0,0,3900,7.89,7.88,7.68,0.0,0.31,39.0,46.99,FILLED,Top-K目标建仓/加仓,
ORD_000276,,600887.SH,BUY,2022-06-02,2022-06-06,800,800,0,0,800,36.16,35.99,7.2,0.0,0.29,32.0,39.49,FILLED,Top-K目标建仓/加仓,
ORD_000277,,688009.SH,BUY,2022-06-02,2022-06-06,6500,6500,0,0,6500,4.73,4.73,7.69,0.0,0.31,0.0,8.0,FILLED,Top-K目标建仓/加仓,
ORD_000278,,688183.SH,BUY,2022-06-02,2022-06-06,2800,2800,0,0,2800,10.95,11.12,7.78,0.0,0.31,28.0,36.09,FILLED,Top-K目标建仓/加仓,
ORD_000279,,000001.SZ,BUY,2022-06-02,2022-06-06,2200,2200,0,0,2200,13.95,13.92,7.66,0.0,0.31,22.0,29.97,FILLED,Top-K目标建仓/加仓,
ORD_000280,,002648.SZ,SELL,2022-06-15,2022-06-16,800,800,0,0,800,27.93,27.76,5.55,22.21,0.22,24.0,51.98,FILLED,"触发跟踪止盈 (最高浮盈: 8.54%, 自高点回撤: 6.53%)",
ORD_000281,,688009.SH,SELL,2022-06-17,2022-06-20,6500,6500,0,0,6500,4.69,4.66,7.57,30.29,0.3,0.0,38.16,FILLED,调仓剔除(掉出Top-K),
ORD_000282,,600887.SH,SELL,2022-06-17,2022-06-20,800,800,0,0,800,38.29,38.37,7.67,30.7,0.31,32.0,70.68,FILLED,调仓剔除(掉出Top-K),
ORD_000283,,000001.SZ,SELL,2022-06-17,2022-06-20,2200,2200,0,0,2200,14.45,14.43,7.94,31.75,0.32,22.0,62.01,FILLED,调仓剔除(掉出Top-K),
ORD_000284,,601398.SH,SELL,2022-06-17,2022-06-20,6700,6700,0,0,6700,4.75,4.75,7.96,31.82,0.32,0.0,40.1,FILLED,调仓剔除(掉出Top-K),
ORD_000285,,601818.SH,SELL,2022-06-17,2022-06-20,10000,10000,0,0,10000,3.18,3.17,7.92,31.7,0.32,0.0,39.94,FILLED,调仓剔除(掉出Top-K),
ORD_000286,,600000.SH,SELL,2022-06-17,2022-06-20,3900,3900,0,0,3900,7.97,7.94,7.74,30.97,0.31,39.0,78.02,FILLED,调仓剔除(掉出Top-K),
ORD_000287_P400,ORD_000287,688183.SH,SELL,2022-06-17,2022-06-20,500,400,100,0,400,10.67,10.65,5.0,4.26,0.04,4.0,13.3,PARTIALLY_FILLED,Top-K目标再平衡减仓,
ORD_000288,,601658.SH,BUY,2022-06-17,2022-06-20,4800,4800,0,0,4800,5.19,5.2,6.24,0.0,0.25,48.0,54.49,FILLED,Top-K目标建仓/加仓,
ORD_000289,,601288.SH,BUY,2022-06-17,2022-06-20,10300,10300,0,0,10300,3.01,3.01,7.75,0.0,0.31,0.0,8.06,FILLED,Top-K目标建仓/加仓,
ORD_000290,,601319.SH,BUY,2022-06-17,2022-06-20,4900,4900,0,0,4900,5.06,5.04,6.17,0.0,0.25,49.0,55.42,FILLED,Top-K目标建仓/加仓,
ORD_000291,,601988.SH,BUY,2022-06-17,2022-06-20,9600,9600,0,0,9600,3.23,3.23,7.75,0.0,0.31,0.0,8.06,FILLED,Top-K目标建仓/加仓,
ORD_000292,,600050.SH,BUY,2022-06-17,2022-06-20,8800,8800,0,0,8800,3.53,3.52,7.74,0.0,0.31,0.0,8.05,FILLED,Top-K目标建仓/加仓,
ORD_000293,,000538.SZ,BUY,2022-06-17,2022-06-20,500,500,0,0,500,58.3,58.54,7.32,0.0,0.29,30.0,37.61,FILLED,Top-K目标建仓/加仓,
ORD_000294,,601018.SH,BUY,2022-06-17,2022-06-20,7800,7800,0,0,7800,3.96,3.95,7.7,0.0,0.31,0.0,8.01,FILLED,Top-K目标建仓/加仓,
ORD_000287,,688183.SH,SELL,2022-06-17,2022-06-21,500,500,0,0,100,10.67,10.62,5.0,1.06,0.01,1.0,7.07,FILLED,Top-K目标再平衡减仓,
ORD_000295,,601319.SH,SELL,2022-06-29,2022-06-30,4900,4900,0,0,4900,5.03,5.04,6.17,24.7,0.25,49.0,80.12,FILLED,"触发跟踪止盈 (最高浮盈: 5.16%, 自高点回撤: 5.09%)",
ORD_000296,,600050.SH,SELL,2022-07-01,2022-07-04,8800,8800,0,0,8800,3.47,3.46,7.61,30.45,0.3,0.0,38.36,FILLED,调仓剔除(掉出Top-K),
ORD_000297_P6600,ORD_000297,601018.SH,SELL,2022-07-01,2022-07-04,7800,6600,1200,0,6600,3.89,3.89,6.42,25.67,0.26,0.0,32.35,PARTIALLY_FILLED,调仓剔除(掉出Top-K),
ORD_000298,,601288.SH,SELL,2022-07-01,2022-07-04,10300,10300,0,0,10300,3.01,3.01,7.75,31.0,0.31,0.0,39.06,FILLED,调仓剔除(掉出Top-K),
ORD_000299_P600,ORD_000299,688183.SH,SELL,2022-07-01,2022-07-04,2300,600,1700,0,600,11.03,11.06,5.0,6.64,0.07,6.0,17.71,PARTIALLY_FILLED,调仓剔除(掉出Top-K),
ORD_000300,,000538.SZ,SELL,2022-07-01,2022-07-04,500,500,0,0,500,60.01,59.95,7.49,29.98,0.3,30.0,67.77,FILLED,调仓剔除(掉出Top-K),
ORD_000301,,601658.SH,SELL,2022-07-01,2022-07-04,4800,4800,0,0,4800,5.35,5.35,6.42,25.68,0.26,48.0,80.36,FILLED,调仓剔除(掉出Top-K),
ORD_000302,,000063.SZ,BUY,2022-07-01,2022-07-04,1200,1200,0,0,1200,25.26,25.29,7.59,0.0,0.3,36.0,43.89,FILLED,Top-K目标建仓/加仓,
ORD_000303,,601186.SH,BUY,2022-07-01,2022-07-04,3900,3900,0,0,3900,7.94,7.92,7.72,0.0,0.31,39.0,47.03,FILLED,Top-K目标建仓/加仓,
ORD_000304,,601319.SH,BUY,2022-07-01,2022-07-04,6200,6200,0,0,6200,5.02,5.03,7.8,0.0,0.31,62.0,70.11,FILLED,Top-K目标建仓/加仓,
ORD_000305,,600803.SH,BUY,2022-07-01,2022-07-04,1700,1700,0,0,1700,18.15,18.04,7.67,0.0,0.31,34.0,41.98,FILLED,Top-K目标建仓/加仓,
ORD_000306,,000001.SZ,BUY,2022-07-01,2022-07-04,2000,2000,0,0,2000,14.92,14.96,7.48,0.0,0.3,20.0,27.78,FILLED,Top-K目标建仓/加仓,
ORD_000307,,688981.SH,BUY,2022-07-01,2022-07-04,600,600,0,0,600,44.81,44.41,6.66,0.0,0.27,24.0,30.93,FILLED,Top-K目标建仓/加仓,
ORD_000297,,601018.SH,SELL,2022-07-01,2022-07-05,7800,7800,0,0,1200,3.89,3.93,5.0,4.72,0.05,0.0,9.77,FILLED,调仓剔除(掉出Top-K),
ORD_000299_P1100,ORD_000299,688183.SH,SELL,2022-07-01,2022-07-05,2300,1100,1200,0,500,11.03,10.86,5.0,5.43,0.05,5.0,15.48,PARTIALLY_FILLED,调仓剔除(掉出Top-K),
ORD_000299_P1500,ORD_000299,688183.SH,SELL,2022-07-01,2022-07-06,2300,1500,800,0,400,11.03,10.79,5.0,4.32,0.04,4.0,13.36,PARTIALLY_FILLED,调仓剔除(掉出Top-K),
ORD_000299_P2000,ORD_000299,688183.SH,SELL,2022-07-01,2022-07-07,2300,2000,300,0,500,11.03,10.79,5.0,5.4,0.05,5.0,15.45,PARTIALLY_FILLED,调仓剔除(掉出Top-K),
ORD_000299,,688183.SH,SELL,2022-07-01,2022-07-08,2300,2300,0,0,300,11.03,10.89,5.0,3.27,0.03,3.0,11.3,FILLED,调仓剔除(掉出Top-K),
ORD_000308,,600803.SH,SELL,2022-07-07,2022-07-08,1700,1700,0,0,1700,18.15,18.31,7.78,31.13,0.31,34.0,73.22,FILLED,"触发跟踪止盈 (最高浮盈: 6.37%, 自高点回撤: 5.42%)",
ORD_000309,,000001.SZ,SELL,2022-07-14,2022-07-15,2000,2000,0,0,2000,13.37,13.47,6.74,26.94,0.27,20.0,53.95,FILLED,触发个股硬止损 (浮亏: -10.63% <= -8.0%),
ORD_000310,,601988.SH,SELL,2022-07-15,2022-07-18,9600,9600,0,0,9600,3.0,3.01,7.22,28.9,0.29,0.0,36.41,FILLED,调仓剔除(掉出Top-K),
ORD_000311,,000063.SZ,SELL,2022-07-15,2022-07-18,1200,1200,0,0,1200,23.48,23.53,7.06,28.24,0.28,24.0,59.58,FILLED,调仓剔除(掉出Top-K),
ORD_000312,,601319.SH,SELL,2022-07-15,2022-07-18,6200,6200,0,0,6200,4.74,4.74,7.35,29.39,0.29,0.0,37.03,FILLED,调仓剔除(掉出Top-K),
ORD_000313,,601186.SH,SELL,2022-07-15,2022-07-18,3900,3900,0,0,3900,7.71,7.7,7.51,30.03,0.3,39.0,76.84,FILLED,调仓剔除(掉出Top-K),
ORD_000314_P600,ORD_000314,688183.SH,BUY,2022-07-15,2022-07-18,2200,600,1600,0,600,11.04,11.15,5.0,0.0,0.07,6.0,11.07,PARTIALLY_FILLED,Top-K目标建仓/加仓,
ORD_000315,,600674.SH,BUY,2022-07-15,2022-07-18,2200,2200,0,0,2200,13.73,13.74,7.56,0.0,0.3,22.0,29.86,FILLED,Top-K目标建仓/加仓,
ORD_000316,,600660.SH,BUY,2022-07-15,2022-07-18,700,700,0,0,700,41.81,41.84,7.32,0.0,0.29,28.0,35.61,FILLED,Top-K目标建仓/加仓,
ORD_000317,,688256.SH,BUY,2022-07-15,2022-07-18,400,400,0,0,400,60.1,60.56,6.06,0.0,0.24,24.0,30.3,FILLED,Top-K目标建仓/加仓,
ORD_000318,,000157.SZ,BUY,2022-07-15,2022-07-18,5400,5400,0,0,5400,5.69,5.7,7.7,0.0,0.31,54.0,62.01,FILLED,Top-K目标建仓/加仓,
ORD_000319,,000166.SZ,BUY,2022-07-15,2022-07-18,7600,7600,0,0,7600,4.04,4.04,7.68,0.0,0.31,0.0,7.99,FILLED,Top-K目标建仓/加仓,
ORD_000320,,000301.SZ,BUY,2022-07-15,2022-07-18,1700,1700,0,0,1700,17.85,17.82,7.57,0.0,0.3,34.0,41.87,FILLED,Top-K目标建仓/加仓,
ORD_000314_P1100,ORD_000314,688183.SH,BUY,2022-07-15,2022-07-19,2200,1100,1100,0,500,11.04,11.3,5.0,0.0,0.06,5.0,10.06,PARTIALLY_FILLED,Top-K目标建仓/加仓,
ORD_000314_P1700,ORD_000314,688183.SH,BUY,2022-07-15,2022-07-20,2200,1700,500,0,600,11.04,11.33,5.0,0.0,0.07,6.0,11.07,PARTIALLY_FILLED,Top-K目标建仓/加仓,
ORD_000314,,688183.SH,BUY,2022-07-15,2022-07-21,2200,2200,0,0,500,11.04,11.31,5.0,0.0,0.06,5.0,10.06,FILLED,Top-K目标建仓/加仓,
ORD_000321,,688256.SH,SELL,2022-07-25,2022-07-26,400,400,0,0,400,62.0,62.33,6.23,24.93,0.25,24.0,55.41,FILLED,"触发跟踪止盈 (最高浮盈: 7.99%, 自高点回撤: 5.20%)",
ORD_000322,,600674.SH,SELL,2022-07-28,2022-07-29,2200,2200,0,0,2200,12.61,12.63,6.95,27.79,0.28,22.0,57.02,FILLED,触发个股硬止损 (浮亏: -8.22% <= -8.0%),
ORD_000323,,688981.SH,SELL,2022-07-29,2022-08-01,600,600,0,0,600,40.09,40.03,6.0,24.02,0.24,24.0,54.26,FILLED,触发个股硬止损 (浮亏: -9.73% <= -8.0%),
ORD_000324,,000157.SZ,SELL,2022-07-29,2022-08-01,5400,5400,0,0,5400,6.14,6.13,8.28,33.1,0.33,54.0,95.71,FILLED,调仓剔除(掉出Top-K),
ORD_000325,,000166.SZ,SELL,2022-07-29,2022-08-01,7600,7600,0,0,7600,4.13,4.12,7.83,31.31,0.31,0.0,39.45,FILLED,调仓剔除(掉出Top-K),
ORD_000326_P1700,ORD_000326,688183.SH,SELL,2022-07-29,2022-08-01,2200,1700,500,0,1700,11.38,11.44,5.0,19.45,0.19,17.0,41.64,PARTIALLY_FILLED,调仓剔除(掉出Top-K),
ORD_000327,,600660.SH,SELL,2022-07-29,2022-08-01,700,700,0,0,700,41.02,40.98,7.17,28.69,0.29,28.0,64.15,FILLED,调仓剔除(掉出Top-K),
ORD_000328,,000301.SZ,SELL,2022-07-29,2022-08-01,1700,1700,0,0,1700,19.72,19.61,8.33,33.34,0.33,34.0,76.0,FILLED,调仓剔除(掉出Top-K),
ORD_000329,,603799.SH,BUY,2022-07-29,2022-08-01,100,100,0,0,100,84.37,85.97,5.0,0.0,0.09,9.0,14.09,FILLED,Top-K目标建仓/加仓,
ORD_000330,,603501.SH,BUY,2022-07-29,2022-08-01,100,100,0,0,100,105.19,104.36,5.0,0.0,0.1,10.0,15.1,FILLED,Top-K目标建仓/加仓,
ORD_000331,,603288.SH,BUY,2022-07-29,2022-08-01,300,300,0,0,300,82.67,82.09,6.16,0.0,0.25,24.0,30.41,FILLED,Top-K目标建仓/加仓,
ORD_000332,,603260.SH,BUY,2022-07-29,2022-08-01,100,100,0,0,100,98.17,96.88,5.0,0.0,0.1,10.0,15.1,FILLED,Top-K目标建仓/加仓,
ORD_000333,,603259.SH,BUY,2022-07-29,2022-08-01,100,100,0,0,100,93.4,93.49,5.0,0.0,0.09,9.0,14.09,FILLED,Top-K目标建仓/加仓,
ORD_000334,,603019.SH,BUY,2022-07-29,2022-08-01,1000,1000,0,0,1000,28.8,28.98,7.25,0.0,0.29,30.0,37.54,FILLED,Top-K目标建仓/加仓,
ORD_000326,,688183.SH,SELL,2022-07-29,2022-08-02,2200,2200,0,0,500,11.38,11.77,5.0,5.88,0.06,5.0,15.94,FILLED,调仓剔除(掉出Top-K),
ORD_000335,,603799.SH,SELL,2022-08-03,2022-08-04,100,100,0,0,100,84.5,84.67,5.0,8.47,0.08,8.0,21.55,FILLED,"触发跟踪止盈 (最高浮盈: 7.53%, 自高点回撤: 8.59%)",
ORD_000336,,603019.SH,SELL,2022-08-09,2022-08-10,1000,1000,0,0,1000,32.69,32.53,8.13,32.53,0.33,30.0,70.99,FILLED,"触发跟踪止盈 (最高浮盈: 20.77%, 自高点回撤: 6.60%)",
ORD_000337,,603501.SH,SELL,2022-08-10,2022-08-11,100,100,0,0,100,110.95,111.29,5.0,11.13,0.11,11.0,27.24,FILLED,"触发跟踪止盈 (最高浮盈: 13.53%, 自高点回撤: 6.36%)",
ORD_000338,,603288.SH,SELL,2022-08-12,2022-08-15,300,300,0,0,300,79.98,79.44,5.96,23.83,0.24,24.0,54.03,FILLED,调仓剔除(掉出Top-K),
ORD_000339,,603259.SH,SELL,2022-08-12,2022-08-15,100,100,0,0,100,94.74,94.65,5.0,9.46,0.09,9.0,23.55,FILLED,调仓剔除(掉出Top-K),
ORD_000343,,603260.SH,SELL,2022-08-12,2022-08-15,100,100,0,0,100,136.6,136.56,5.0,13.66,0.14,14.0,32.8,FILLED,Top-K目标再平衡减仓,
ORD_000340,,603893.SH,BUY,2022-08-12,2022-08-15,100,100,0,0,100,100.91,100.1,5.0,0.0,0.1,10.0,15.1,FILLED,Top-K目标建仓/加仓,
ORD_000341,,603799.SH,BUY,2022-08-12,2022-08-15,100,100,0,0,100,82.2,82.08,5.0,0.0,0.08,8.0,13.08,FILLED,Top-K目标建仓/加仓,
ORD_000342,,603369.SH,BUY,2022-08-12,2022-08-15,600,600,0,0,600,47.11,46.87,7.03,0.0,0.28,30.0,37.31,FILLED,Top-K目标建仓/加仓,
ORD_000344,,603893.SH,SELL,2022-08-24,2022-08-25,100,100,0,0,100,89.52,89.51,5.0,8.95,0.09,9.0,23.04,FILLED,触发个股硬止损 (浮亏: -10.57% <= -8.0%),
ORD_000345,,688521.SH,BUY,2022-08-26,2022-08-29,200,200,0,0,200,50.78,49.54,5.0,0.0,0.1,10.0,15.1,FILLED,Top-K目标建仓/加仓,
ORD_000346,,000001.SZ,BUY,2022-08-26,2022-08-29,2400,2400,0,0,2400,12.61,12.51,7.51,0.0,0.3,24.0,31.81,FILLED,Top-K目标建仓/加仓,
ORD_000347,,688008.SH,BUY,2022-08-26,2022-08-29,200,200,0,0,200,53.39,52.21,5.0,0.0,0.1,10.0,15.1,FILLED,Top-K目标建仓/加仓,
ORD_000348,,603986.SH,BUY,2022-08-26,2022-08-29,100,100,0,0,100,114.9,114.11,5.0,0.0,0.11,11.0,16.11,FILLED,Top-K目标建仓/加仓,
ORD_000349,,603893.SH,BUY,2022-08-26,2022-08-29,100,100,0,0,100,87.04,85.95,5.0,0.0,0.09,9.0,14.09,FILLED,Top-K目标建仓/加仓,
ORD_000350,,603501.SH,BUY,2022-08-26,2022-08-29,100,100,0,0,100,92.1,90.09,5.0,0.0,0.09,9.0,14.09,FILLED,Top-K目标建仓/加仓,
ORD_000351,,603799.SH,SELL,2022-08-31,2022-09-01,100,100,0,0,100,74.74,74.93,5.0,7.49,0.07,8.0,20.56,FILLED,触发个股硬止损 (浮亏: -8.94% <= -8.0%),
ORD_000352,,603501.SH,SELL,2022-09-02,2022-09-05,100,100,0,0,100,89.87,89.71,5.0,8.97,0.09,9.0,23.06,FILLED,"触发跟踪止盈 (最高浮盈: 5.12%, 自高点回撤: 5.10%)",
ORD_000353,,603369.SH,SELL,2022-09-05,2022-09-06,600,600,0,0,600,42.29,42.14,6.32,25.28,0.25,24.0,55.85,FILLED,触发个股硬止损 (浮亏: -9.77% <= -8.0%),
ORD_000354,,688008.SH,SELL,2022-09-06,2022-09-07,200,200,0,0,200,55.35,55.31,5.0,11.06,0.11,12.0,28.17,FILLED,"触发跟踪止盈 (最高浮盈: 12.22%, 自高点回撤: 5.53%)",
ORD_000355,,688521.SH,SELL,2022-09-08,2022-09-09,200,200,0,0,200,50.53,50.63,5.0,10.13,0.1,10.0,25.23,FILLED,"触发跟踪止盈 (最高浮盈: 9.00%, 自高点回撤: 6.43%)",
ORD_000356,,603893.SH,SELL,2022-09-08,2022-09-09,100,100,0,0,100,78.36,77.46,5.0,7.75,0.08,8.0,20.83,FILLED,触发个股硬止损 (浮亏: -8.83% <= -8.0%),
ORD_000357,,603986.SH,SELL,2022-09-09,2022-09-13,100,100,0,0,100,114.92,116.37,5.0,11.64,0.12,12.0,28.76,FILLED,调仓剔除(掉出Top-K),
ORD_000358,,688981.SH,BUY,2022-09-09,2022-09-13,300,300,0,0,300,40.2,40.31,5.0,0.0,0.12,12.0,17.12,FILLED,Top-K目标建仓/加仓,
ORD_000359,,000002.SZ,BUY,2022-09-09,2022-09-13,1700,1700,0,0,1700,18.15,18.13,7.71,0.0,0.31,34.0,42.02,FILLED,Top-K目标建仓/加仓,
ORD_000360,,688009.SH,BUY,2022-09-09,2022-09-13,2700,2700,0,0,2700,4.46,4.46,5.0,0.0,0.12,0.0,5.12,FILLED,Top-K目标建仓/加仓,
ORD_000361,,688008.SH,BUY,2022-09-09,2022-09-13,200,200,0,0,200,57.16,57.11,5.0,0.0,0.11,12.0,17.11,FILLED,Top-K目标建仓/加仓,
ORD_000362,,603993.SH,BUY,2022-09-09,2022-09-13,2300,2300,0,0,2300,5.18,5.24,5.0,0.0,0.12,23.0,28.12,FILLED,Top-K目标建仓/加仓,
ORD_000363,,603799.SH,BUY,2022-09-09,2022-09-13,100,100,0,0,100,76.98,77.46,5.0,0.0,0.08,8.0,13.08,FILLED,Top-K目标建仓/加仓,
ORD_000364,,603501.SH,BUY,2022-09-09,2022-09-13,100,100,0,0,100,88.92,89.61,5.0,0.0,0.09,9.0,14.09,FILLED,Top-K目标建仓/加仓,
ORD_000365,,688008.SH,SELL,2022-09-15,2022-09-16,200,200,0,0,200,56.7,56.34,5.0,11.27,0.11,12.0,28.38,FILLED,"触发跟踪止盈 (最高浮盈: 5.24%, 自高点回撤: 5.66%)",
ORD_000366,,603993.SH,SELL,2022-09-19,2022-09-20,2300,2300,0,0,2300,4.78,4.79,5.0,11.02,0.11,0.0,16.13,FILLED,触发个股硬止损 (浮亏: -8.78% <= -8.0%),
ORD_000367,,603501.SH,SELL,2022-09-23,2022-09-26,100,100,0,0,100,82.0,80.77,5.0,8.08,0.08,8.0,21.16,FILLED,触发个股硬止损 (浮亏: -8.49% <= -8.0%),
ORD_000368,,000002.SZ,SELL,2022-09-26,2022-09-27,1700,1700,0,0,1700,17.44,17.36,7.38,29.51,0.3,34.0,71.19,FILLED,调仓剔除(掉出Top-K),
ORD_000369,,688009.SH,SELL,2022-09-26,2022-09-27,2700,2700,0,0,2700,4.18,4.19,5.0,11.31,0.11,0.0,16.42,FILLED,调仓剔除(掉出Top-K),
ORD_000370,,000001.SZ,SELL,2022-09-26,2022-09-27,2400,2400,0,0,2400,12.0,11.99,7.19,28.78,0.29,24.0,60.26,FILLED,调仓剔除(掉出Top-K),
ORD_000371,,603799.SH,SELL,2022-09-26,2022-09-27,100,100,0,0,100,73.45,73.27,5.0,7.33,0.07,7.0,19.4,FILLED,调仓剔除(掉出Top-K),
ORD_000372,,688981.SH,SELL,2022-09-26,2022-09-27,300,300,0,0,300,37.47,37.46,5.0,11.24,0.11,12.0,28.35,FILLED,调仓剔除(掉出Top-K),
ORD_000373,,000963.SZ,BUY,2022-09-26,2022-09-27,700,700,0,0,700,39.4,39.32,6.88,0.0,0.28,28.0,35.16,FILLED,Top-K目标建仓/加仓,
ORD_000374,,601058.SH,BUY,2022-09-26,2022-09-27,2900,2900,0,0,2900,10.33,10.43,7.56,0.0,0.3,29.0,36.86,FILLED,Top-K目标建仓/加仓,
ORD_000375,,300866.SZ,BUY,2022-09-26,2022-09-27,500,500,0,0,500,54.87,55.0,6.88,0.0,0.28,25.0,32.16,FILLED,Top-K目标建仓/加仓,
ORD_000376,,600115.SH,BUY,2022-09-26,2022-09-27,6200,6200,0,0,6200,4.92,4.91,7.61,0.0,0.3,0.0,7.91,FILLED,Top-K目标建仓/加仓,
ORD_000377,,600795.SH,BUY,2022-09-26,2022-09-27,7300,7300,0,0,7300,4.19,4.2,7.67,0.0,0.31,0.0,7.98,FILLED,Top-K目标建仓/加仓,
ORD_000378,,600029.SH,BUY,2022-09-26,2022-09-27,4700,4700,0,0,4700,6.55,6.52,7.66,0.0,0.31,47.0,54.97,FILLED,Top-K目标建仓/加仓,
ORD_000379,,688303.SH,BUY,2022-09-26,2022-09-27,600,600,0,0,600,50.55,50.6,7.59,0.0,0.3,30.0,37.89,FILLED,Top-K目标建仓/加仓,
ORD_000380,,601633.SH,BUY,2022-09-26,2022-09-27,1000,1000,0,0,1000,28.7,28.78,7.2,0.0,0.29,30.0,37.49,FILLED,Top-K目标建仓/加仓,
ORD_000381,,600115.SH,SELL,2022-09-30,2022-10-10,6200,6200,0,0,6200,4.88,4.93,7.64,30.57,0.31,0.0,38.52,FILLED,"触发跟踪止盈 (最高浮盈: 6.11%, 自高点回撤: 6.33%)",
ORD_000382,,600029.SH,SELL,2022-09-30,2022-10-10,4700,4700,0,0,4700,6.64,6.77,7.95,31.82,0.32,47.0,87.09,FILLED,"触发跟踪止盈 (最高浮盈: 7.36%, 自高点回撤: 5.14%)",
ORD_000383,,000963.SZ,SELL,2022-10-10,2022-10-11,700,700,0,0,700,39.57,39.52,6.92,27.66,0.28,28.0,62.86,FILLED,"触发跟踪止盈 (最高浮盈: 7.32%, 自高点回撤: 6.23%)",
ORD_000384,,300866.SZ,SELL,2022-10-10,2022-10-11,500,500,0,0,500,53.56,53.51,6.69,26.75,0.27,25.0,58.71,FILLED,"触发跟踪止盈 (最高浮盈: 5.78%, 自高点回撤: 7.94%)",
ORD_000385,,601633.SH,SELL,2022-10-10,2022-10-11,1000,1000,0,0,1000,26.12,26.04,6.51,26.04,0.26,30.0,62.81,FILLED,触发个股硬止损 (浮亏: -9.24% <= -8.0%),
ORD_000386,,601058.SH,SELL,2022-10-17,2022-10-18,2900,2900,0,0,2900,9.55,9.65,7.0,27.98,0.28,29.0,64.26,FILLED,触发个股硬止损 (浮亏: -8.44% <= -8.0%),
ORD_000387,,688303.SH,SELL,2022-10-17,2022-10-18,600,600,0,0,600,51.41,52.58,7.89,31.55,0.32,30.0,69.76,FILLED,调仓剔除(掉出Top-K),
ORD_000388,,600795.SH,SELL,2022-10-17,2022-10-18,7300,7300,0,0,7300,4.54,4.54,8.29,33.14,0.33,0.0,41.76,FILLED,调仓剔除(掉出Top-K),
ORD_000389,,688521.SH,BUY,2022-10-17,2022-10-18,300,300,0,0,300,44.89,45.35,5.0,0.0,0.14,15.0,20.14,FILLED,Top-K目标建仓/加仓,
ORD_000390,,603993.SH,BUY,2022-10-17,2022-10-18,3300,3300,0,0,3300,4.41,4.42,5.0,0.0,0.15,0.0,5.15,FILLED,Top-K目标建仓/加仓,
ORD_000391,,603986.SH,BUY,2022-10-17,2022-10-18,100,100,0,0,100,86.77,87.09,5.0,0.0,0.09,9.0,14.09,FILLED,Top-K目标建仓/加仓,
ORD_000392,,603260.SH,BUY,2022-10-17,2022-10-18,100,100,0,0,100,118.43,119.41,5.0,0.0,0.12,12.0,17.12,FILLED,Top-K目标建仓/加仓,
ORD_000393,,601995.SH,BUY,2022-10-17,2022-10-18,400,400,0,0,400,35.15,35.26,5.0,0.0,0.14,16.0,21.14,FILLED,Top-K目标建仓/加仓,
ORD_000394,,601988.SH,BUY,2022-10-17,2022-10-18,10000,10000,0,0,10000,3.05,3.06,7.65,0.0,0.31,0.0,7.96,FILLED,Top-K目标建仓/加仓,
ORD_000395,,000999.SZ,BUY,2022-10-17,2022-10-18,700,700,0,0,700,43.56,43.84,7.67,0.0,0.31,28.0,35.98,FILLED,Top-K目标建仓/加仓,
ORD_000396,,000977.SZ,BUY,2022-10-17,2022-10-18,1400,1400,0,0,1400,20.97,21.12,7.39,0.0,0.3,28.0,35.69,FILLED,Top-K目标建仓/加仓,
ORD_000397,,603260.SH,SELL,2022-10-25,2022-10-26,100,100,0,0,100,108.35,107.69,5.0,10.77,0.11,11.0,26.88,FILLED,触发个股硬止损 (浮亏: -9.26% <= -8.0%),
ORD_000398,,000999.SZ,SELL,2022-10-25,2022-10-26,700,700,0,0,700,49.18,49.6,8.68,34.72,0.35,35.0,78.75,FILLED,"触发跟踪止盈 (最高浮盈: 19.39%, 自高点回撤: 6.04%)",
ORD_000399,,688521.SH,SELL,2022-10-28,2022-10-31,300,300,0,0,300,50.48,49.53,5.0,14.86,0.15,15.0,35.01,FILLED,"触发跟踪止盈 (最高浮盈: 17.35%, 自高点回撤: 5.15%)",
ORD_000400,,000977.SZ,SELL,2022-10-28,2022-10-31,1400,1400,0,0,1400,21.31,21.73,7.61,30.42,0.3,28.0,66.33,FILLED,"触发跟踪止盈 (最高浮盈: 6.39%, 自高点回撤: 5.16%)",
ORD_000401,,603993.SH,SELL,2022-10-31,2022-11-01,3300,3300,0,0,3300,4.15,4.24,5.0,13.99,0.14,0.0,19.13,FILLED,调仓剔除(掉出Top-K),
ORD_000402,,601988.SH,SELL,2022-10-31,2022-11-01,10000,10000,0,0,10000,3.01,3.01,7.52,30.1,0.3,0.0,37.92,FILLED,调仓剔除(掉出Top-K),
ORD_000403,,601995.SH,SELL,2022-10-31,2022-11-01,400,400,0,0,400,34.64,34.19,5.0,13.68,0.14,12.0,30.82,FILLED,调仓剔除(掉出Top-K),
ORD_000404,,603986.SH,SELL,2022-10-31,2022-11-01,100,100,0,0,100,82.27,82.82,5.0,8.28,0.08,8.0,21.36,FILLED,调仓剔除(掉出Top-K),
ORD_000405,,000938.SZ,BUY,2022-10-31,2022-11-01,1400,1400,0,0,1400,17.15,17.12,5.99,0.0,0.24,28.0,34.23,FILLED,Top-K目标建仓/加仓,
ORD_000406,,300450.SZ,BUY,2022-10-31,2022-11-01,600,600,0,0,600,50.09,49.4,7.41,0.0,0.3,30.0,37.71,FILLED,Top-K目标建仓/加仓,
ORD_000407,,603893.SH,BUY,2022-10-31,2022-11-01,400,400,0,0,400,65.39,65.06,6.51,0.0,0.26,24.0,30.77,FILLED,Top-K目标建仓/加仓,
ORD_000408,,000988.SZ,BUY,2022-10-31,2022-11-01,1800,1800,0,0,1800,16.77,16.94,7.62,0.0,0.3,36.0,43.92,FILLED,Top-K目标建仓/加仓,
ORD_000409,,002600.SZ,BUY,2022-10-31,2022-11-01,6500,6500,0,0,6500,4.73,4.75,7.72,0.0,0.31,0.0,8.03,FILLED,Top-K目标建仓/加仓,
ORD_000410,,002179.SZ,BUY,2022-10-31,2022-11-01,400,400,0,0,400,65.8,65.88,6.59,0.0,0.26,28.0,34.85,FILLED,Top-K目标建仓/加仓,
ORD_000411,,002027.SZ,BUY,2022-10-31,2022-11-01,5500,5500,0,0,5500,4.48,4.5,6.19,0.0,0.25,0.0,6.44,FILLED,Top-K目标建仓/加仓,
ORD_000412,,002230.SZ,BUY,2022-10-31,2022-11-01,700,700,0,0,700,35.03,35.1,6.14,0.0,0.25,28.0,34.39,FILLED,Top-K目标建仓/加仓,
ORD_000413,,603893.SH,SELL,2022-11-08,2022-11-09,400,400,0,0,400,75.12,74.97,7.5,29.99,0.3,32.0,69.79,FILLED,"触发跟踪止盈 (最高浮盈: 21.60%, 自高点回撤: 5.04%)",
ORD_000414,,300450.SZ,SELL,2022-11-09,2022-11-10,600,600,0,0,600,51.1,50.61,7.59,30.37,0.3,30.0,68.26,FILLED,"触发跟踪止盈 (最高浮盈: 9.92%, 自高点回撤: 5.89%)",
ORD_000415,,000988.SZ,SELL,2022-11-10,2022-11-11,1800,1800,0,0,1800,17.5,17.96,8.08,32.33,0.32,36.0,76.73,FILLED,"触发跟踪止盈 (最高浮盈: 9.98%, 自高点回撤: 6.07%)",
ORD_000416,,002230.SZ,SELL,2022-11-14,2022-11-15,700,700,0,0,700,34.23,34.07,5.96,23.85,0.24,21.0,51.05,FILLED,调仓剔除(掉出Top-K),
ORD_000417,,002179.SZ,SELL,2022-11-14,2022-11-15,400,400,0,0,400,61.08,60.84,6.08,24.34,0.24,24.0,54.66,FILLED,调仓剔除(掉出Top-K),
ORD_000418,,000938.SZ,SELL,2022-11-14,2022-11-15,1400,1400,0,0,1400,18.18,17.98,6.29,25.17,0.25,28.0,59.71,FILLED,调仓剔除(掉出Top-K),
ORD_000419,,002600.SZ,SELL,2022-11-14,2022-11-15,6500,6500,0,0,6500,4.84,4.82,7.83,31.33,0.31,0.0,39.47,FILLED,调仓剔除(掉出Top-K),
ORD_000420,,002027.SZ,SELL,2022-11-14,2022-11-15,5500,5500,0,0,5500,5.87,5.86,8.06,32.23,0.32,55.0,95.61,FILLED,调仓剔除(掉出Top-K),
ORD_000421,,603369.SH,BUY,2022-11-14,2022-11-15,700,700,0,0,700,42.08,42.47,7.43,0.0,0.3,28.0,35.73,FILLED,Top-K目标建仓/加仓,
ORD_000422,,000895.SZ,BUY,2022-11-14,2022-11-15,1200,1200,0,0,1200,24.82,24.84,7.45,0.0,0.3,24.0,31.75,FILLED,Top-K目标建仓/加仓,
ORD_000423,,000858.SZ,BUY,2022-11-14,2022-11-15,200,200,0,0,200,150.3,150.45,7.52,0.0,0.3,30.0,37.82,FILLED,Top-K目标建仓/加仓,
ORD_000424,,000792.SZ,BUY,2022-11-14,2022-11-15,1200,1200,0,0,1200,25.02,24.85,7.46,0.0,0.3,24.0,31.76,FILLED,Top-K目标建仓/加仓,
ORD_000425,,000651.SZ,BUY,2022-11-14,2022-11-15,900,900,0,0,900,31.71,31.83,7.16,0.0,0.29,27.0,34.45,FILLED,Top-K目标建仓/加仓,
ORD_000426,,000630.SZ,BUY,2022-11-14,2022-11-15,10600,10600,0,0,10600,2.94,2.92,7.74,0.0,0.31,0.0,8.05,FILLED,Top-K目标建仓/加仓,
ORD_000427,,601916.SH,BUY,2022-11-14,2022-11-15,10700,10700,0,0,10700,2.92,2.92,7.81,0.0,0.31,0.0,8.12,FILLED,Top-K目标建仓/加仓,
ORD_000428,,601899.SH,BUY,2022-11-14,2022-11-15,3100,3100,0,0,3100,9.97,9.86,7.64,0.0,0.31,31.0,38.95,FILLED,Top-K目标建仓/加仓,
ORD_000429,,601916.SH,SELL,2022-11-28,2022-11-29,10700,10700,0,0,10700,2.96,2.97,7.94,31.78,0.32,0.0,40.04,FILLED,"触发跟踪止盈 (最高浮盈: 8.90%, 自高点回撤: 6.92%)",
ORD_000430,,000630.SZ,SELL,2022-11-28,2022-11-29,10600,10600,0,0,10600,2.88,2.88,7.63,30.53,0.31,0.0,38.47,FILLED,调仓剔除(掉出Top-K),
ORD_000431,,601899.SH,SELL,2022-11-28,2022-11-29,3100,3100,0,0,3100,9.58,9.59,7.43,29.73,0.3,31.0,68.46,FILLED,调仓剔除(掉出Top-K),
ORD_000432,,000651.SZ,SELL,2022-11-28,2022-11-29,900,900,0,0,900,31.5,31.98,7.2,28.78,0.29,27.0,63.27,FILLED,调仓剔除(掉出Top-K),
ORD_000433,,603369.SH,SELL,2022-11-28,2022-11-29,700,700,0,0,700,40.56,40.92,7.16,28.64,0.29,28.0,64.09,FILLED,调仓剔除(掉出Top-K),
ORD_000434,,000792.SZ,SELL,2022-11-28,2022-11-29,1200,1200,0,0,1200,24.57,24.47,7.34,29.36,0.29,24.0,60.99,FILLED,调仓剔除(掉出Top-K),
ORD_000435,,000895.SZ,SELL,2022-11-28,2022-11-29,1200,1200,0,0,1200,25.0,25.17,7.55,30.2,0.3,36.0,74.05,FILLED,调仓剔除(掉出Top-K),
ORD_000436,,000858.SZ,SELL,2022-11-28,2022-11-29,200,200,0,0,200,147.65,149.77,7.49,29.95,0.3,30.0,67.74,FILLED,调仓剔除(掉出Top-K),
ORD_000437,,300476.SZ,BUY,2022-11-28,2022-11-29,1700,1700,0,0,1700,13.95,13.92,5.92,0.0,0.24,17.0,23.16,FILLED,Top-K目标建仓/加仓,
ORD_000438,,002028.SZ,BUY,2022-11-28,2022-11-29,800,800,0,0,800,38.96,39.19,7.84,0.0,0.31,32.0,40.15,FILLED,Top-K目标建仓/加仓,
ORD_000439,,601688.SH,BUY,2022-11-28,2022-11-29,2400,2400,0,0,2400,12.7,12.74,7.64,0.0,0.31,24.0,31.95,FILLED,Top-K目标建仓/加仓,
ORD_000440,,601872.SH,BUY,2022-11-28,2022-11-29,4500,4500,0,0,4500,6.91,6.9,7.76,0.0,0.31,45.0,53.07,FILLED,Top-K目标建仓/加仓,
ORD_000441,,603893.SH,BUY,2022-11-28,2022-11-29,300,300,0,0,300,77.36,77.68,5.83,0.0,0.23,24.0,30.06,FILLED,Top-K目标建仓/加仓,
ORD_000442,,600036.SH,BUY,2022-11-28,2022-11-29,900,900,0,0,900,31.96,32.82,7.38,0.0,0.3,27.0,34.68,FILLED,Top-K目标建仓/加仓,
ORD_000443,,600027.SH,BUY,2022-11-28,2022-11-29,4900,4900,0,0,4900,6.32,6.32,7.74,0.0,0.31,49.0,57.05,FILLED,Top-K目标建仓/加仓,
ORD_000444_P700,ORD_000444,688183.SH,BUY,2022-11-28,2022-11-29,2400,700,1700,0,700,10.02,10.06,5.0,0.0,0.07,7.0,12.07,PARTIALLY_FILLED,Top-K目标建仓/加仓,
ORD_000444_P1100,ORD_000444,688183.SH,BUY,2022-11-28,2022-11-30,2400,1100,1300,0,400,10.02,10.29,5.0,0.0,0.04,4.0,9.04,PARTIALLY_FILLED,Top-K目标建仓/加仓,
ORD_000444_P1700,ORD_000444,688183.SH,BUY,2022-11-28,2022-12-01,2400,1700,700,0,600,10.02,10.26,5.0,0.0,0.06,6.0,11.06,PARTIALLY_FILLED,Top-K目标建仓/加仓,
ORD_000445,,600027.SH,SELL,2022-12-01,2022-12-02,4900,4900,0,0,4900,5.76,5.72,7.01,28.03,0.28,49.0,84.32,FILLED,触发个股硬止损 (浮亏: -8.86% <= -8.0%),
ORD_000444,,688183.SH,BUY,2022-11-28,2022-12-02,2400,2400,0,0,700,10.02,10.19,5.0,0.0,0.07,7.0,12.07,FILLED,Top-K目标建仓/加仓,
ORD_000446,,601872.SH,SELL,2022-12-02,2022-12-05,4500,4500,0,0,4500,6.08,6.11,6.87,27.5,0.27,45.0,79.64,FILLED,触发个股硬止损 (浮亏: -11.88% <= -8.0%),
ORD_000447,,600036.SH,SELL,2022-12-02,2022-12-05,900,900,0,0,900,34.39,34.94,7.86,31.45,0.31,27.0,66.62,FILLED,"触发跟踪止盈 (最高浮盈: 11.21%, 自高点回撤: 5.78%)",
ORD_000448,,603893.SH,SELL,2022-12-07,2022-12-08,300,300,0,0,300,77.0,76.92,5.77,23.08,0.23,24.0,53.08,FILLED,"触发跟踪止盈 (最高浮盈: 7.70%, 自高点回撤: 7.96%)",
ORD_000449,,300476.SZ,SELL,2022-12-12,2022-12-13,1700,1700,0,0,1700,14.13,14.09,5.99,23.95,0.24,17.0,47.18,FILLED,调仓剔除(掉出Top-K),
ORD_000450_P1000,ORD_000450,688183.SH,SELL,2022-12-12,2022-12-13,2400,1000,1400,0,1000,10.1,10.04,5.0,10.04,0.1,10.0,25.14,PARTIALLY_FILLED,调仓剔除(掉出Top-K),
ORD_000451,,601688.SH,SELL,2022-12-12,2022-12-13,2400,2400,0,0,2400,13.12,13.13,7.88,31.51,0.32,24.0,63.71,FILLED,调仓剔除(掉出Top-K),
ORD_000452,,002028.SZ,SELL,2022-12-12,2022-12-13,800,800,0,0,800,37.82,37.48,7.5,29.98,0.3,32.0,69.78,FILLED,调仓剔除(掉出Top-K),
ORD_000453,,300251.SZ,BUY,2022-12-12,2022-12-13,3600,3600,0,0,3600,8.46,8.43,7.59,0.0,0.3,36.0,43.89,FILLED,Top-K目标建仓/加仓,
ORD_000454,,601211.SH,BUY,2022-12-12,2022-12-13,1300,1300,0,0,1300,14.19,14.24,5.0,0.0,0.19,13.0,18.19,FILLED,Top-K目标建仓/加仓,
ORD_000455,,600025.SH,BUY,2022-12-12,2022-12-13,2700,2700,0,0,2700,6.67,6.67,5.0,0.0,0.18,27.0,32.18,FILLED,Top-K目标建仓/加仓,
ORD_000456,,002202.SZ,BUY,2022-12-12,2022-12-13,2700,2700,0,0,2700,11.12,11.12,7.51,0.0,0.3,27.0,34.81,FILLED,Top-K目标建仓/加仓,
ORD_000457,,002353.SZ,BUY,2022-12-12,2022-12-13,1000,1000,0,0,1000,30.35,30.48,7.62,0.0,0.3,30.0,37.92,FILLED,Top-K目标建仓/加仓,
ORD_000458,,601229.SH,BUY,2022-12-12,2022-12-13,3100,3100,0,0,3100,6.01,6.02,5.0,0.0,0.19,31.0,36.19,FILLED,Top-K目标建仓/加仓,
ORD_000459,,601077.SH,BUY,2022-12-12,2022-12-13,5100,5100,0,0,5100,3.6,3.6,5.0,0.0,0.18,0.0,5.18,FILLED,Top-K目标建仓/加仓,
ORD_000460,,601006.SH,BUY,2022-12-12,2022-12-13,4600,4600,0,0,4600,6.71,6.74,7.75,0.0,0.31,46.0,54.06,FILLED,Top-K目标建仓/加仓,
ORD_000450,,688183.SH,SELL,2022-12-12,2022-12-14,2400,2400,0,0,1400,10.1,9.77,5.0,13.68,0.14,14.0,32.82,FILLED,调仓剔除(掉出Top-K),
ORD_000461,,300251.SZ,SELL,2022-12-16,2022-12-19,3600,3600,0,0,3600,8.52,8.4,7.56,30.24,0.3,36.0,74.1,FILLED,"触发跟踪止盈 (最高浮盈: 6.52%, 自高点回撤: 5.12%)",
ORD_000462,,600025.SH,SELL,2022-12-26,2022-12-27,2700,2700,0,0,2700,6.31,6.29,5.0,16.98,0.17,27.0,49.15,FILLED,调仓剔除(掉出Top-K),
ORD_000463,,601211.SH,SELL,2022-12-26,2022-12-27,1300,1300,0,0,1300,13.53,13.61,5.0,17.69,0.18,13.0,35.87,FILLED,调仓剔除(掉出Top-K),
ORD_000464,,002202.SZ,SELL,2022-12-26,2022-12-27,2700,2700,0,0,2700,10.93,10.93,7.38,29.51,0.3,27.0,64.19,FILLED,调仓剔除(掉出Top-K),
ORD_000465,,601077.SH,SELL,2022-12-26,2022-12-27,5100,5100,0,0,5100,3.49,3.5,5.0,17.85,0.18,0.0,23.03,FILLED,调仓剔除(掉出Top-K),
ORD_000466,,002353.SZ,SELL,2022-12-26,2022-12-27,1000,1000,0,0,1000,29.0,28.97,7.24,28.97,0.29,30.0,66.5,FILLED,调仓剔除(掉出Top-K),
ORD_000467,,601229.SH,BUY,2022-12-26,2022-12-27,1100,1100,0,0,1100,5.84,5.87,5.0,0.0,0.06,11.0,16.06,FILLED,Top-K目标建仓/加仓,
ORD_000468,,601888.SH,BUY,2022-12-26,2022-12-27,100,100,0,0,100,218.15,220.72,5.52,0.0,0.22,22.0,27.74,FILLED,Top-K目标建仓/加仓,
ORD_000469,,002602.SZ,BUY,2022-12-26,2022-12-27,8100,8100,0,0,8100,3.79,3.8,7.7,0.0,0.31,0.0,8.01,FILLED,Top-K目标建仓/加仓,
ORD_000470,,600372.SH,BUY,2022-12-26,2022-12-27,1900,1900,0,0,1900,16.15,16.12,7.66,0.0,0.31,38.0,45.97,FILLED,Top-K目标建仓/加仓,
ORD_000471,,601136.SH,BUY,2022-12-26,,1900,0,0,1900,0,12.32,0.0,0.0,0.0,0.0,0.0,0.0,REJECTED,Top-K目标建仓/加仓,LIMIT_UP
ORD_000472,,600918.SH,BUY,2022-12-26,2022-12-27,3800,3800,0,0,3800,6.42,6.46,6.14,0.0,0.25,38.0,44.39,FILLED,Top-K目标建仓/加仓,
ORD_000473,,601006.SH,BUY,2022-12-26,2022-12-27,100,100,0,0,100,6.52,6.58,5.0,0.0,0.01,1.0,6.01,FILLED,Top-K目标建仓/加仓,
ORD_000474,,600016.SH,BUY,2022-12-26,2022-12-27,9000,9000,0,0,9000,3.4,3.4,7.65,0.0,0.31,0.0,7.96,FILLED,Top-K目标建仓/加仓,
ORD_000475,,601888.SH,SELL,2023-01-10,2023-01-11,100,100,0,0,100,231.98,231.77,5.79,23.18,0.23,23.0,52.2,FILLED,调仓剔除(掉出Top-K),
ORD_000476,,601006.SH,SELL,2023-01-10,2023-01-11,4700,4700,0,0,4700,6.53,6.52,7.66,30.64,0.31,47.0,85.61,FILLED,调仓剔除(掉出Top-K),
ORD_000477,,600372.SH,SELL,2023-01-10,2023-01-11,1900,1900,0,0,1900,16.05,16.01,7.6,30.42,0.3,38.0,76.32,FILLED,调仓剔除(掉出Top-K),
ORD_000478,,600016.SH,SELL,2023-01-10,2023-01-11,9000,9000,0,0,9000,3.43,3.44,7.74,30.96,0.31,0.0,39.01,FILLED,调仓剔除(掉出Top-K),
ORD_000479,,002602.SZ,SELL,2023-01-10,2023-01-11,8100,8100,0,0,8100,3.94,3.97,8.04,32.16,0.32,0.0,40.52,FILLED,调仓剔除(掉出Top-K),
ORD_000483,,600918.SH,SELL,2023-01-10,2023-01-11,1000,1000,0,0,1000,6.49,6.49,5.0,6.49,0.06,10.0,21.55,FILLED,Top-K目标再平衡减仓,
ORD_000484,,601229.SH,SELL,2023-01-10,2023-01-11,1100,1100,0,0,1100,5.93,5.94,5.0,6.53,0.07,11.0,22.6,FILLED,Top-K目标再平衡减仓,
ORD_000480,,603019.SH,BUY,2023-01-10,2023-01-11,1300,1300,0,0,1300,22.85,22.91,7.45,0.0,0.3,26.0,33.75,FILLED,Top-K目标建仓/加仓,
ORD_000481,,601077.SH,BUY,2023-01-10,2023-01-11,5200,5200,0,0,5200,3.52,3.53,5.0,0.0,0.18,0.0,5.18,FILLED,Top-K目标建仓/加仓,
ORD_000482,,688303.SH,BUY,2023-01-10,2023-01-11,300,300,0,0,300,48.05,48.62,5.0,0.0,0.15,15.0,20.15,FILLED,Top-K目标建仓/加仓,
ORD_000485,,002202.SZ,BUY,2023-01-10,2023-01-11,2700,2700,0,0,2700,11.21,11.23,7.58,0.0,0.3,27.0,34.88,FILLED,Top-K目标建仓/加仓,
ORD_000486,,002353.SZ,BUY,2023-01-10,2023-01-11,1000,1000,0,0,1000,28.33,28.32,7.08,0.0,0.28,30.0,37.36,FILLED,Top-K目标建仓/加仓,
ORD_000487_P7000,ORD_000487,601727.SH,BUY,2023-01-10,2023-01-11,7700,7000,700,0,7000,3.99,3.99,6.98,0.0,0.28,0.0,7.26,PARTIALLY_FILLED,Top-K目标建仓/加仓,
ORD_000487,,601727.SH,BUY,2023-01-10,2023-01-12,7700,7700,0,0,700,3.99,3.95,5.0,0.0,0.03,0.0,5.03,FILLED,Top-K目标建仓/加仓,
ORD_000488,,601229.SH,SELL,2023-01-31,2023-02-01,3100,3100,0,0,3100,5.99,5.99,5.0,18.57,0.19,31.0,54.76,FILLED,调仓剔除(掉出Top-K),
ORD_000489,,002202.SZ,SELL,2023-01-31,2023-02-01,2700,2700,0,0,2700,11.72,11.71,7.9,31.62,0.32,27.0,66.84,FILLED,调仓剔除(掉出Top-K),
ORD_000490,,688303.SH,SELL,2023-01-31,2023-02-01,300,300,0,0,300,48.97,48.98,5.0,14.69,0.15,15.0,34.84,FILLED,调仓剔除(掉出Top-K),
ORD_000491,,601077.SH,SELL,2023-01-31,2023-02-01,5200,5200,0,0,5200,3.59,3.6,5.0,18.72,0.19,0.0,23.91,FILLED,调仓剔除(掉出Top-K),
ORD_000492,,002353.SZ,SELL,2023-01-31,2023-02-01,1000,1000,0,0,1000,32.36,32.35,8.09,32.35,0.32,30.0,70.76,FILLED,调仓剔除(掉出Top-K),
ORD_000493,,600918.SH,SELL,2023-01-31,2023-02-01,2800,2800,0,0,2800,6.91,6.94,5.0,19.43,0.19,28.0,52.62,FILLED,调仓剔除(掉出Top-K),
ORD_000494,,603019.SH,SELL,2023-01-31,2023-02-01,1300,1300,0,0,1300,24.11,24.1,7.83,31.33,0.31,26.0,65.47,FILLED,调仓剔除(掉出Top-K),
ORD_000500,,601727.SH,SELL,2023-01-31,2023-02-01,100,100,0,0,100,4.09,4.09,5.0,0.41,0.0,0.0,5.41,FILLED,Top-K目标再平衡减仓,
ORD_000495,,688981.SH,BUY,2023-01-31,2023-02-01,400,400,0,0,400,41.86,42.03,5.0,0.0,0.17,16.0,21.17,FILLED,Top-K目标建仓/加仓,
ORD_000496,,601939.SH,BUY,2023-01-31,2023-02-01,5500,5500,0,0,5500,5.61,5.62,7.73,0.0,0.31,55.0,63.04,FILLED,Top-K目标建仓/加仓,
ORD_000497,,601916.SH,BUY,2023-01-31,2023-02-01,6300,6300,0,0,6300,2.96,2.97,5.0,0.0,0.19,0.0,5.19,FILLED,Top-K目标建仓/加仓,
ORD_000498,,601881.SH,BUY,2023-01-31,2023-02-01,1900,1900,0,0,1900,9.8,9.85,5.0,0.0,0.19,19.0,24.19,FILLED,Top-K目标建仓/加仓,
ORD_000499,,601006.SH,BUY,2023-01-31,2023-02-01,4600,4600,0,0,4600,6.7,6.71,7.72,0.0,0.31,46.0,54.03,FILLED,Top-K目标建仓/加仓,
ORD_000501,,601328.SH,BUY,2023-01-31,2023-02-01,6400,6400,0,0,6400,4.85,4.86,7.78,0.0,0.31,0.0,8.09,FILLED,Top-K目标建仓/加仓,
ORD_000502,,600919.SH,BUY,2023-01-31,2023-02-01,2500,2500,0,0,2500,7.42,7.43,5.0,0.0,0.19,25.0,30.19,FILLED,Top-K目标建仓/加仓,
ORD_000503,,601006.SH,SELL,2023-02-14,2023-02-15,4600,4600,0,0,4600,6.71,6.7,7.71,30.82,0.31,46.0,84.84,FILLED,调仓剔除(掉出Top-K),
ORD_000504,,688981.SH,SELL,2023-02-14,2023-02-15,400,400,0,0,400,43.03,42.99,5.0,17.2,0.17,16.0,38.37,FILLED,调仓剔除(掉出Top-K),
ORD_000505,,601881.SH,SELL,2023-02-14,2023-02-15,1900,1900,0,0,1900,9.64,9.63,5.0,18.3,0.18,19.0,42.48,FILLED,调仓剔除(掉出Top-K),
ORD_000506,,600919.SH,SELL,2023-02-14,2023-02-15,2500,2500,0,0,2500,7.31,7.32,5.0,18.3,0.18,25.0,48.48,FILLED,调仓剔除(掉出Top-K),
ORD_000507,,601328.SH,SELL,2023-02-14,2023-02-15,6400,6400,0,0,6400,4.87,4.87,7.79,31.17,0.31,0.0,39.27,FILLED,调仓剔除(掉出Top-K),
ORD_000508,,601916.SH,SELL,2023-02-14,2023-02-15,6300,6300,0,0,6300,2.95,2.95,5.0,18.59,0.19,0.0,23.78,FILLED,调仓剔除(掉出Top-K),
ORD_000510,,601939.SH,SELL,2023-02-14,2023-02-15,600,600,0,0,600,5.6,5.59,5.0,3.35,0.03,6.0,14.38,FILLED,Top-K目标再平衡减仓,
ORD_000517,,601727.SH,SELL,2023-02-14,2023-02-15,1000,1000,0,0,1000,4.2,4.2,5.0,4.2,0.04,0.0,9.24,FILLED,Top-K目标再平衡减仓,
ORD_000509,,688396.SH,BUY,2023-02-14,2023-02-15,400,400,0,0,400,57.68,57.81,5.78,0.0,0.23,24.0,30.01,FILLED,Top-K目标建仓/加仓,
ORD_000511,,601985.SH,BUY,2023-02-14,2023-02-15,4100,4100,0,0,4100,6.03,6.03,6.18,0.0,0.25,41.0,47.43,FILLED,Top-K目标建仓/加仓,
ORD_000512,,601229.SH,BUY,2023-02-14,2023-02-15,4100,4100,0,0,4100,5.98,5.98,6.13,0.0,0.25,41.0,47.38,FILLED,Top-K目标建仓/加仓,
ORD_000513,,002311.SZ,BUY,2023-02-14,2023-02-15,400,400,0,0,400,60.18,60.23,6.02,0.0,0.24,24.0,30.26,FILLED,Top-K目标建仓/加仓,
ORD_000514,,002202.SZ,BUY,2023-02-14,2023-02-15,2300,2300,0,0,2300,11.67,11.67,6.71,0.0,0.27,23.0,29.98,FILLED,Top-K目标建仓/加仓,
ORD_000515,,002179.SZ,BUY,2023-02-14,2023-02-15,400,400,0,0,400,58.01,58.02,5.8,0.0,0.23,24.0,30.03,FILLED,Top-K目标建仓/加仓,
ORD_000516,,601607.SH,BUY,2023-02-14,2023-02-15,1400,1400,0,0,1400,18.85,18.82,6.59,0.0,0.26,28.0,34.85,FILLED,Top-K目标建仓/加仓,
ORD_000518,,601229.SH,SELL,2023-02-28,2023-03-01,4100,4100,0,0,4100,5.98,5.96,6.11,24.44,0.24,41.0,71.79,FILLED,调仓剔除(掉出Top-K),
ORD_000519,,688396.SH,SELL,2023-02-28,2023-03-01,400,400,0,0,400,54.19,53.97,5.4,21.59,0.22,20.0,47.21,FILLED,调仓剔除(掉出Top-K),
ORD_000520,,002179.SZ,SELL,2023-02-28,2023-03-01,400,400,0,0,400,57.0,56.86,5.69,22.74,0.23,24.0,52.66,FILLED,调仓剔除(掉出Top-K),
ORD_000521,,601607.SH,SELL,2023-02-28,2023-03-01,1400,1400,0,0,1400,19.76,19.78,6.92,27.69,0.28,28.0,62.89,FILLED,调仓剔除(掉出Top-K),
ORD_000522,,601727.SH,SELL,2023-02-28,2023-03-01,6600,6600,0,0,6600,4.19,4.19,6.91,27.65,0.28,0.0,34.84,FILLED,调仓剔除(掉出Top-K),
ORD_000528,,601939.SH,SELL,2023-02-28,2023-03-01,500,500,0,0,500,5.64,5.63,5.0,2.81,0.03,5.0,12.84,FILLED,Top-K目标再平衡减仓,
ORD_000530,,601985.SH,SELL,2023-02-28,2023-03-01,1700,1700,0,0,1700,6.06,6.05,5.0,10.29,0.1,17.0,32.39,FILLED,Top-K目标再平衡减仓,
ORD_000531,,002311.SZ,SELL,2023-02-28,2023-03-01,100,100,0,0,100,63.52,63.46,5.0,6.35,0.06,6.0,17.41,FILLED,Top-K目标再平衡减仓,
ORD_000532,,002202.SZ,SELL,2023-02-28,2023-03-01,100,100,0,0,100,11.36,11.33,5.0,1.13,0.01,1.0,7.14,FILLED,Top-K目标再平衡减仓,
ORD_000523,,688506.SH,BUY,2023-02-28,2023-03-01,200,200,0,0,200,73.24,73.07,5.0,0.0,0.15,14.0,19.15,FILLED,Top-K目标建仓/加仓,
ORD_000524,,603986.SH,BUY,2023-02-28,2023-03-01,100,100,0,0,100,104.89,104.45,5.0,0.0,0.1,10.0,15.1,FILLED,Top-K目标建仓/加仓,
ORD_000525,,002558.SZ,BUY,2023-02-28,2023-03-01,2400,2400,0,0,2400,10.14,10.16,6.1,0.0,0.24,24.0,30.34,FILLED,Top-K目标建仓/加仓,
ORD_000526,,300251.SZ,BUY,2023-02-28,2023-03-01,3200,3200,0,0,3200,7.6,7.61,6.09,0.0,0.24,32.0,38.33,FILLED,Top-K目标建仓/加仓,
ORD_000527,,003816.SZ,BUY,2023-02-28,2023-03-01,5400,5400,0,0,5400,2.73,2.73,5.0,0.0,0.15,0.0,5.15,FILLED,Top-K目标建仓/加仓,
ORD_000529,,601916.SH,BUY,2023-02-28,2023-03-01,5100,5100,0,0,5100,2.92,2.92,5.0,0.0,0.15,0.0,5.15,FILLED,Top-K目标建仓/加仓,
ORD_000533,,688506.SH,SELL,2023-03-07,2023-03-08,200,200,0,0,200,66.92,66.85,5.0,13.37,0.13,14.0,32.5,FILLED,触发个股硬止损 (浮亏: -8.42% <= -8.0%),
ORD_000534,,002558.SZ,SELL,2023-03-07,2023-03-08,2400,2400,0,0,2400,10.27,10.26,6.16,24.62,0.25,24.0,55.03,FILLED,"触发跟踪止盈 (最高浮盈: 8.27%, 自高点回撤: 6.64%)",
ORD_000535,,601939.SH,SELL,2023-03-10,2023-03-13,4400,4400,0,0,4400,5.76,5.73,6.3,25.21,0.25,44.0,75.76,FILLED,"触发跟踪止盈 (最高浮盈: 8.36%, 自高点回撤: 5.42%)",
ORD_000536,,300251.SZ,SELL,2023-03-14,2023-03-15,3200,3200,0,0,3200,7.43,7.46,5.97,23.87,0.24,32.0,62.08,FILLED,调仓剔除(掉出Top-K),
ORD_000537,,601985.SH,SELL,2023-03-14,2023-03-15,2400,2400,0,0,2400,6.62,6.63,5.0,15.91,0.16,24.0,45.07,FILLED,调仓剔除(掉出Top-K),
ORD_000538,,003816.SZ,SELL,2023-03-14,2023-03-15,5400,5400,0,0,5400,2.87,2.87,5.0,15.5,0.15,0.0,20.65,FILLED,调仓剔除(掉出Top-K),
ORD_000539,,603986.SH,SELL,2023-03-14,2023-03-15,100,100,0,0,100,105.04,105.39,5.0,10.54,0.11,11.0,26.65,FILLED,调仓剔除(掉出Top-K),
ORD_000540,,688303.SH,BUY,2023-03-14,2023-03-15,500,500,0,0,500,47.56,47.73,5.97,0.0,0.24,25.0,31.21,FILLED,Top-K目标建仓/加仓,
ORD_000541,,000988.SZ,BUY,2023-03-14,2023-03-15,1500,1500,0,0,1500,20.77,20.95,7.86,0.0,0.31,30.0,38.17,FILLED,Top-K目标建仓/加仓,
ORD_000542,,601916.SH,BUY,2023-03-14,2023-03-15,3600,3600,0,0,3600,2.85,2.86,5.0,0.0,0.1,0.0,5.1,FILLED,Top-K目标建仓/加仓,
ORD_000543,,601901.SH,BUY,2023-03-14,2023-03-15,4600,4600,0,0,4600,6.75,6.81,7.83,0.0,0.31,46.0,54.14,FILLED,Top-K目标建仓/加仓,
ORD_000544,,000725.SZ,BUY,2023-03-14,2023-03-15,7600,7600,0,0,7600,4.06,4.08,7.75,0.0,0.31,0.0,8.06,FILLED,Top-K目标建仓/加仓,
ORD_000545,,601456.SH,BUY,2023-03-14,2023-03-15,2300,2300,0,0,2300,10.41,10.57,6.08,0.0,0.24,23.0,29.32,FILLED,Top-K目标建仓/加仓,
ORD_000546,,002311.SZ,BUY,2023-03-14,2023-03-15,100,100,0,0,100,62.49,62.56,5.0,0.0,0.06,6.0,11.06,FILLED,Top-K目标建仓/加仓,
ORD_000547,,002202.SZ,BUY,2023-03-14,2023-03-15,600,600,0,0,600,10.9,10.96,5.0,0.0,0.07,6.0,11.07,FILLED,Top-K目标建仓/加仓,
ORD_000548,,002311.SZ,SELL,2023-03-16,2023-03-17,400,400,0,0,400,61.47,61.43,6.14,24.57,0.25,24.0,54.96,FILLED,"触发跟踪止盈 (最高浮盈: 6.75%, 自高点回撤: 5.31%)",
ORD_000549,,601456.SH,SELL,2023-03-16,2023-03-17,2300,2300,0,0,2300,10.63,10.84,6.23,24.93,0.25,23.0,54.41,FILLED,"触发跟踪止盈 (最高浮盈: 7.47%, 自高点回撤: 6.43%)",
ORD_000550,,000988.SZ,SELL,2023-03-28,2023-03-29,1500,1500,0,0,1500,23.28,23.29,8.73,34.94,0.35,30.0,74.02,FILLED,"触发跟踪止盈 (最高浮盈: 17.33%, 自高点回撤: 5.29%)",
ORD_000551,,000725.SZ,SELL,2023-03-28,2023-03-29,7600,7600,0,0,7600,4.33,4.32,8.21,32.83,0.33,0.0,41.37,FILLED,调仓剔除(掉出Top-K),
ORD_000552,,601901.SH,SELL,2023-03-28,2023-03-29,4600,4600,0,0,4600,7.01,7.03,8.08,32.34,0.32,46.0,86.74,FILLED,调仓剔除(掉出Top-K),
ORD_000553,,688303.SH,SELL,2023-03-28,2023-03-29,500,500,0,0,500,48.51,48.77,6.1,24.39,0.24,25.0,55.73,FILLED,调仓剔除(掉出Top-K),
ORD_000554,,601916.SH,SELL,2023-03-28,2023-03-29,8700,8700,0,0,8700,2.86,2.87,6.24,24.97,0.25,0.0,31.46,FILLED,调仓剔除(掉出Top-K),
ORD_000555,,600893.SH,BUY,2023-03-28,2023-03-29,700,700,0,0,700,44.3,44.24,7.74,0.0,0.31,28.0,36.05,FILLED,Top-K目标建仓/加仓,
ORD_000556,,603799.SH,BUY,2023-03-28,2023-03-29,500,500,0,0,500,54.49,54.26,6.78,0.0,0.27,25.0,32.05,FILLED,Top-K目标建仓/加仓,
ORD_000557,,002001.SZ,BUY,2023-03-28,2023-03-29,1700,1700,0,0,1700,18.03,18.02,7.66,0.0,0.31,34.0,41.97,FILLED,Top-K目标建仓/加仓,
ORD_000558,,601066.SH,BUY,2023-03-28,2023-03-29,1200,1200,0,0,1200,26.21,26.1,7.83,0.0,0.31,36.0,44.14,FILLED,Top-K目标建仓/加仓,
ORD_000559,,601012.SH,BUY,2023-03-28,2023-03-29,700,700,0,0,700,39.85,40.15,7.03,0.0,0.28,28.0,35.31,FILLED,Top-K目标建仓/加仓,
ORD_000560,,601166.SH,BUY,2023-03-28,2023-03-29,1800,1800,0,0,1800,16.69,16.81,7.56,0.0,0.3,36.0,43.86,FILLED,Top-K目标建仓/加仓,
ORD_000561,,600999.SH,BUY,2023-03-28,2023-03-29,2200,2200,0,0,2200,13.88,13.93,7.66,0.0,0.31,22.0,29.97,FILLED,Top-K目标建仓/加仓,
ORD_000562,,603799.SH,SELL,2023-04-12,2023-04-13,500,500,0,0,500,54.98,54.85,6.86,27.43,0.27,25.0,59.56,FILLED,调仓剔除(掉出Top-K),
ORD_000563,,002202.SZ,SELL,2023-04-12,2023-04-13,2800,2800,0,0,2800,11.08,11.15,7.81,31.22,0.31,28.0,67.34,FILLED,调仓剔除(掉出Top-K),
ORD_000564,,600999.SH,SELL,2023-04-12,2023-04-13,2200,2200,0,0,2200,14.2,14.17,7.79,31.17,0.31,22.0,61.27,FILLED,调仓剔除(掉出Top-K),
ORD_000565,,601066.SH,SELL,2023-04-12,2023-04-13,1200,1200,0,0,1200,26.79,26.62,7.99,31.94,0.32,36.0,76.25,FILLED,调仓剔除(掉出Top-K),
ORD_000566,,601012.SH,SELL,2023-04-12,2023-04-13,700,700,0,0,700,39.61,39.67,6.94,27.77,0.28,28.0,62.99,FILLED,调仓剔除(掉出Top-K),
ORD_000567,,000166.SZ,BUY,2023-04-12,2023-04-13,7300,7300,0,0,7300,4.27,4.26,7.77,0.0,0.31,0.0,8.08,FILLED,Top-K目标建仓/加仓,
ORD_000568,,000157.SZ,BUY,2023-04-12,2023-04-13,4900,4900,0,0,4900,6.35,6.35,7.78,0.0,0.31,49.0,57.09,FILLED,Top-K目标建仓/加仓,
ORD_000569,,002027.SZ,BUY,2023-04-12,2023-04-13,4600,4600,0,0,4600,6.79,6.81,7.83,0.0,0.31,46.0,54.14,FILLED,Top-K目标建仓/加仓,
ORD_000570_P4500,ORD_000570,601825.SH,BUY,2023-04-12,2023-04-13,5400,4500,900,0,4500,5.8,5.81,6.54,0.0,0.26,45.0,51.8,PARTIALLY_FILLED,Top-K目标建仓/加仓,
ORD_000571,,601618.SH,BUY,2023-04-12,2023-04-13,7500,7500,0,0,7500,4.17,4.17,7.82,0.0,0.31,0.0,8.13,FILLED,Top-K目标建仓/加仓,
ORD_000570,,601825.SH,BUY,2023-04-12,2023-04-14,5400,5400,0,0,900,5.8,5.85,5.0,0.0,0.05,9.0,14.05,FILLED,Top-K目标建仓/加仓,
ORD_000572,,000166.SZ,SELL,2023-04-24,2023-04-25,7300,7300,0,0,7300,4.34,4.34,7.92,31.68,0.32,0.0,39.92,FILLED,"触发跟踪止盈 (最高浮盈: 7.98%, 自高点回撤: 5.65%)",
ORD_000573,,002027.SZ,SELL,2023-04-24,2023-04-25,4600,4600,0,0,4600,6.01,5.98,6.88,27.51,0.28,46.0,80.67,FILLED,触发个股硬止损 (浮亏: -11.75% <= -8.0%),
ORD_000574,,600893.SH,SELL,2023-04-26,2023-04-27,700,700,0,0,700,43.18,42.99,7.52,30.09,0.3,28.0,65.91,FILLED,调仓剔除(掉出Top-K),
ORD_000575,,000157.SZ,SELL,2023-04-26,2023-04-27,4900,4900,0,0,4900,6.11,6.11,7.48,29.94,0.3,49.0,86.72,FILLED,调仓剔除(掉出Top-K),
ORD_000576,,002001.SZ,SELL,2023-04-26,2023-04-27,1700,1700,0,0,1700,17.17,17.15,7.29,29.15,0.29,34.0,70.73,FILLED,调仓剔除(掉出Top-K),
ORD_000577,,601825.SH,SELL,2023-04-26,2023-04-27,5400,5400,0,0,5400,5.84,5.84,7.88,31.54,0.32,54.0,93.74,FILLED,调仓剔除(掉出Top-K),
ORD_000585,,601166.SH,SELL,2023-04-26,2023-04-27,200,200,0,0,200,17.25,17.17,5.0,3.43,0.03,4.0,12.46,FILLED,Top-K目标再平衡减仓,
ORD_000586,,601618.SH,SELL,2023-04-26,2023-04-27,900,900,0,0,900,4.21,4.2,5.0,3.78,0.04,0.0,8.82,FILLED,Top-K目标再平衡减仓,
ORD_000578,,000538.SZ,BUY,2023-04-26,2023-04-27,500,500,0,0,500,53.56,55.11,6.89,0.0,0.28,30.0,37.17,FILLED,Top-K目标建仓/加仓,
ORD_000579,,601318.SH,BUY,2023-04-26,2023-04-27,600,600,0,0,600,45.79,47.03,7.05,0.0,0.28,30.0,37.33,FILLED,Top-K目标建仓/加仓,
ORD_000580,,000425.SZ,BUY,2023-04-26,2023-04-27,4200,4200,0,0,4200,6.56,6.53,6.86,0.0,0.27,42.0,49.13,FILLED,Top-K目标建仓/加仓,
ORD_000581,,002600.SZ,BUY,2023-04-26,2023-04-27,4900,4900,0,0,4900,5.6,5.59,6.85,0.0,0.27,49.0,56.12,FILLED,Top-K目标建仓/加仓,
ORD_000582,,601009.SH,BUY,2023-04-26,2023-04-27,3000,3000,0,0,3000,9.17,9.21,6.91,0.0,0.28,30.0,37.19,FILLED,Top-K目标建仓/加仓,
ORD_000583,,600741.SH,BUY,2023-04-26,2023-04-27,1600,1600,0,0,1600,16.42,16.5,6.6,0.0,0.26,32.0,38.86,FILLED,Top-K目标建仓/加仓,
ORD_000584,,600660.SH,BUY,2023-04-26,2023-04-27,800,800,0,0,800,33.54,33.83,6.77,0.0,0.27,24.0,31.04,FILLED,Top-K目标建仓/加仓,
ORD_000587,,000425.SZ,SELL,2023-05-04,2023-05-05,4200,4200,0,0,4200,6.34,6.33,6.65,26.59,0.27,42.0,75.51,FILLED,"触发跟踪止盈 (最高浮盈: 5.36%, 自高点回撤: 7.85%)",
ORD_000588,,601618.SH,SELL,2023-05-09,2023-05-10,6600,6600,0,0,6600,4.4,4.4,7.26,29.04,0.29,0.0,36.59,FILLED,"触发跟踪止盈 (最高浮盈: 12.23%, 自高点回撤: 5.98%)",
ORD_000589,,601318.SH,SELL,2023-05-10,2023-05-11,600,600,0,0,600,52.31,52.85,7.93,31.71,0.32,30.0,69.96,FILLED,"触发跟踪止盈 (最高浮盈: 19.07%, 自高点回撤: 6.59%)",
ORD_000590,,601009.SH,SELL,2023-05-11,2023-05-12,3000,3000,0,0,3000,9.23,9.22,6.92,27.66,0.28,30.0,64.86,FILLED,"触发跟踪止盈 (最高浮盈: 5.75%, 自高点回撤: 5.24%)",
ORD_000591,,601166.SH,SELL,2023-05-12,2023-05-15,1600,1600,0,0,1600,17.03,17.0,6.8,27.2,0.27,32.0,66.27,FILLED,"触发跟踪止盈 (最高浮盈: 6.72%, 自高点回撤: 5.07%)",
ORD_000592,,002600.SZ,SELL,2023-05-12,2023-05-15,4900,4900,0,0,4900,5.87,5.85,7.17,28.66,0.29,49.0,85.12,FILLED,"触发跟踪止盈 (最高浮盈: 14.31%, 自高点回撤: 8.14%)",
ORD_000593,,000538.SZ,SELL,2023-05-15,2023-05-16,500,500,0,0,500,57.73,57.64,7.21,28.82,0.29,30.0,66.32,FILLED,调仓剔除(掉出Top-K),
ORD_000594,,600741.SH,SELL,2023-05-15,2023-05-16,1600,1600,0,0,1600,17.68,17.68,7.07,28.29,0.28,32.0,67.64,FILLED,调仓剔除(掉出Top-K),
ORD_000595,,600660.SH,SELL,2023-05-15,2023-05-16,800,800,0,0,800,34.61,34.75,6.95,27.8,0.28,24.0,59.03,FILLED,调仓剔除(掉出Top-K),
ORD_000596,,002001.SZ,BUY,2023-05-15,2023-05-16,1900,1900,0,0,1900,16.56,16.63,7.9,0.0,0.32,38.0,46.22,FILLED,Top-K目标建仓/加仓,
ORD_000597,,000425.SZ,BUY,2023-05-15,2023-05-16,5000,5000,0,0,5000,6.25,6.22,7.78,0.0,0.31,50.0,58.09,FILLED,Top-K目标建仓/加仓,
ORD_000598,,002202.SZ,BUY,2023-05-15,2023-05-16,2800,2800,0,0,2800,11.25,11.28,7.9,0.0,0.32,28.0,36.22,FILLED,Top-K目标建仓/加仓,
ORD_000599,,600009.SH,BUY,2023-05-15,2023-05-16,600,600,0,0,600,49.96,50.0,7.5,0.0,0.3,30.0,37.8,FILLED,Top-K目标建仓/加仓,
ORD_000600,,600362.SH,BUY,2023-05-15,2023-05-16,1600,1600,0,0,1600,19.17,19.2,7.68,0.0,0.31,32.0,39.99,FILLED,Top-K目标建仓/加仓,
ORD_000601,,600845.SH,BUY,2023-05-15,2023-05-16,600,600,0,0,600,52.55,52.97,7.95,0.0,0.32,30.0,38.27,FILLED,Top-K目标建仓/加仓,
ORD_000602,,600196.SH,BUY,2023-05-15,2023-05-16,1000,1000,0,0,1000,31.4,31.53,7.88,0.0,0.32,30.0,38.2,FILLED,Top-K目标建仓/加仓,
ORD_000603,,002736.SZ,BUY,2023-05-15,2023-05-16,3200,3200,0,0,3200,9.59,9.6,7.68,0.0,0.31,32.0,39.99,FILLED,Top-K目标建仓/加仓,
ORD_000604,,600845.SH,SELL,2023-05-29,2023-05-30,600,600,0,0,600,52.0,51.95,7.79,31.17,0.31,30.0,69.27,FILLED,"触发跟踪止盈 (最高浮盈: 5.25%, 自高点回撤: 6.73%)",
ORD_000605,,000425.SZ,SELL,2023-05-29,2023-05-30,5000,5000,0,0,5000,5.9,5.89,7.36,29.45,0.29,50.0,87.1,FILLED,调仓剔除(掉出Top-K),
ORD_000606,,600362.SH,SELL,2023-05-29,2023-05-30,1600,1600,0,0,1600,18.52,18.49,7.4,29.58,0.3,32.0,69.28,FILLED,调仓剔除(掉出Top-K),
ORD_000607,,600196.SH,SELL,2023-05-29,2023-05-30,1000,1000,0,0,1000,31.35,31.31,7.83,31.31,0.31,30.0,69.45,FILLED,调仓剔除(掉出Top-K),
ORD_000608,,600009.SH,SELL,2023-05-29,2023-05-30,600,600,0,0,600,47.11,47.06,7.06,28.24,0.28,30.0,65.58,FILLED,调仓剔除(掉出Top-K),
ORD_000609,,002736.SZ,SELL,2023-05-29,2023-05-30,3200,3200,0,0,3200,9.16,9.14,7.31,29.25,0.29,32.0,68.85,FILLED,调仓剔除(掉出Top-K),
ORD_000611,,002001.SZ,SELL,2023-05-29,2023-05-30,200,200,0,0,200,16.14,16.11,5.0,3.22,0.03,4.0,12.25,FILLED,Top-K目标再平衡减仓,
ORD_000617,,002202.SZ,SELL,2023-05-29,2023-05-30,300,300,0,0,300,10.9,10.9,5.0,3.27,0.03,3.0,11.3,FILLED,Top-K目标再平衡减仓,
ORD_000610,,000157.SZ,BUY,2023-05-29,2023-05-30,4400,4400,0,0,4400,6.2,6.26,6.89,0.0,0.28,44.0,51.17,FILLED,Top-K目标建仓/加仓,
ORD_000612,,601888.SH,BUY,2023-05-29,2023-05-30,200,200,0,0,200,127.44,128.0,6.4,0.0,0.26,26.0,32.66,FILLED,Top-K目标建仓/加仓,
ORD_000613,,002384.SZ,BUY,2023-05-29,2023-05-30,1100,1100,0,0,1100,24.56,24.47,6.73,0.0,0.27,22.0,29.0,FILLED,Top-K目标建仓/加仓,
ORD_000614,,600886.SH,BUY,2023-05-29,2023-05-30,2100,2100,0,0,2100,13.07,13.12,6.89,0.0,0.28,21.0,28.17,FILLED,Top-K目标建仓/加仓,
ORD_000615,,600515.SH,BUY,2023-05-29,2023-05-30,6600,6600,0,0,6600,4.17,4.16,6.86,0.0,0.27,0.0,7.13,FILLED,Top-K目标建仓/加仓,
ORD_000616,,600219.SH,BUY,2023-05-29,2023-05-30,9100,9100,0,0,9100,3.04,3.04,6.92,0.0,0.28,0.0,7.2,FILLED,Top-K目标建仓/加仓,
ORD_000618,,002001.SZ,SELL,2023-05-31,2023-06-01,1700,1700,0,0,1700,15.1,15.13,6.43,25.72,0.26,34.0,66.41,FILLED,触发个股硬止损 (浮亏: -9.20% <= -8.0%),
ORD_000619,,002384.SZ,SELL,2023-06-01,2023-06-02,1100,1100,0,0,1100,24.87,24.96,6.86,27.46,0.27,22.0,56.59,FILLED,"触发跟踪止盈 (最高浮盈: 7.97%, 自高点回撤: 5.87%)",
ORD_000620,,601888.SH,SELL,2023-06-06,2023-06-07,200,200,0,0,200,117.71,118.32,5.92,23.66,0.24,24.0,53.82,FILLED,触发个股硬止损 (浮亏: -8.04% <= -8.0%),
ORD_000621,,600515.SH,SELL,2023-06-12,2023-06-13,6600,6600,0,0,6600,4.18,4.18,6.9,27.59,0.28,0.0,34.77,FILLED,"触发跟踪止盈 (最高浮盈: 6.25%, 自高点回撤: 5.43%)",
ORD_000622,,002202.SZ,SELL,2023-06-12,2023-06-13,2500,2500,0,0,2500,10.66,10.66,6.66,26.65,0.27,25.0,58.58,FILLED,调仓剔除(掉出Top-K),
ORD_000623,,000157.SZ,SELL,2023-06-12,2023-06-13,4400,4400,0,0,4400,6.44,6.42,7.06,28.25,0.28,44.0,79.59,FILLED,调仓剔除(掉出Top-K),
ORD_000624,,600886.SH,SELL,2023-06-12,2023-06-13,2100,2100,0,0,2100,12.46,12.44,6.53,26.12,0.26,21.0,53.91,FILLED,调仓剔除(掉出Top-K),
ORD_000625,,600219.SH,SELL,2023-06-12,2023-06-13,9100,9100,0,0,9100,3.1,3.1,7.05,28.21,0.28,0.0,35.54,FILLED,调仓剔除(掉出Top-K),
ORD_000626,,601229.SH,BUY,2023-06-12,2023-06-13,4000,4000,0,0,4000,6.21,6.22,6.22,0.0,0.25,40.0,46.47,FILLED,Top-K目标建仓/加仓,
ORD_000627,,601169.SH,BUY,2023-06-12,2023-06-13,5700,5700,0,0,5700,4.8,4.8,6.84,0.0,0.27,0.0,7.11,FILLED,Top-K目标建仓/加仓,
ORD_000628,,601166.SH,BUY,2023-06-12,2023-06-13,1600,1600,0,0,1600,16.94,17.02,6.81,0.0,0.27,32.0,39.08,FILLED,Top-K目标建仓/加仓,
ORD_000629,,003816.SZ,BUY,2023-06-12,2023-06-13,8100,8100,0,0,8100,3.07,3.06,6.2,0.0,0.25,0.0,6.45,FILLED,Top-K目标建仓/加仓,
ORD_000630,,600030.SH,BUY,2023-06-12,2023-06-13,1300,1300,0,0,1300,19.85,19.83,6.44,0.0,0.26,26.0,32.7,FILLED,Top-K目标建仓/加仓,
ORD_000631,,600104.SH,BUY,2023-06-12,2023-06-13,1900,1900,0,0,1900,13.87,13.83,6.57,0.0,0.26,19.0,25.83,FILLED,Top-K目标建仓/加仓,
ORD_000632,,688009.SH,BUY,2023-06-12,2023-06-13,4200,4200,0,0,4200,5.82,5.81,6.1,0.0,0.24,42.0,48.34,FILLED,Top-K目标建仓/加仓,
ORD_000633_P2300,ORD_000633,000657.SZ,BUY,2023-06-12,2023-06-13,2900,2300,600,0,2300,9.3,9.34,5.37,0.0,0.21,23.0,28.58,PARTIALLY_FILLED,Top-K目标建仓/加仓,
ORD_000633,,000657.SZ,BUY,2023-06-12,2023-06-14,2900,2900,0,0,600,9.3,9.23,5.0,0.0,0.06,6.0,11.06,FILLED,Top-K目标建仓/加仓,
ORD_000634,,601166.SH,SELL,2023-06-26,2023-06-27,1600,1600,0,0,1600,15.61,15.59,6.24,24.94,0.25,32.0,63.43,FILLED,触发个股硬止损 (浮亏: -8.28% <= -8.0%),
ORD_000635,,601229.SH,SELL,2023-06-28,2023-06-29,4000,4000,0,0,4000,5.7,5.68,5.68,22.72,0.23,40.0,68.63,FILLED,触发个股硬止损 (浮亏: -8.36% <= -8.0%),
ORD_000636,,688009.SH,SELL,2023-06-28,2023-06-29,4200,4200,0,0,4200,5.73,5.71,6.0,23.98,0.24,42.0,72.22,FILLED,调仓剔除(掉出Top-K),
ORD_000637,,003816.SZ,SELL,2023-06-28,2023-06-29,8100,8100,0,0,8100,3.14,3.14,6.36,25.43,0.25,0.0,32.04,FILLED,调仓剔除(掉出Top-K),
ORD_000638,,000657.SZ,SELL,2023-06-28,2023-06-29,2900,2900,0,0,2900,9.46,9.39,6.81,27.23,0.27,29.0,63.31,FILLED,调仓剔除(掉出Top-K),
ORD_000639,,601169.SH,SELL,2023-06-28,2023-06-29,5700,5700,0,0,5700,4.6,4.6,6.55,26.22,0.26,0.0,33.03,FILLED,调仓剔除(掉出Top-K),
ORD_000640,,600104.SH,SELL,2023-06-28,2023-06-29,1900,1900,0,0,1900,14.13,14.12,6.71,26.83,0.27,19.0,52.81,FILLED,调仓剔除(掉出Top-K),
ORD_000641,,000975.SZ,BUY,2023-06-28,2023-06-29,1200,1200,0,0,1200,11.57,11.59,5.0,0.0,0.14,12.0,17.14,FILLED,Top-K目标建仓/加仓,
ORD_000642,,000725.SZ,BUY,2023-06-28,2023-06-29,6800,6800,0,0,6800,4.0,3.99,6.78,0.0,0.27,0.0,7.05,FILLED,Top-K目标建仓/加仓,
ORD_000643,,601995.SH,BUY,2023-06-28,2023-06-29,400,400,0,0,400,35.15,35.21,5.0,0.0,0.14,16.0,21.14,FILLED,Top-K目标建仓/加仓,
ORD_000644,,601888.SH,BUY,2023-06-28,2023-06-29,200,200,0,0,200,115.79,115.95,5.8,0.0,0.23,24.0,30.03,FILLED,Top-K目标建仓/加仓,
ORD_000645,,601825.SH,BUY,2023-06-28,2023-06-29,2700,2700,0,0,2700,5.46,5.48,5.0,0.0,0.15,27.0,32.15,FILLED,Top-K目标建仓/加仓,
ORD_000646,,601211.SH,BUY,2023-06-28,2023-06-29,1000,1000,0,0,1000,14.3,13.85,5.0,0.0,0.14,10.0,15.14,FILLED,Top-K目标建仓/加仓,
ORD_000647,,002532.SZ,BUY,2023-06-28,2023-06-29,4400,4400,0,0,4400,6.2,6.16,6.78,0.0,0.27,44.0,51.05,FILLED,Top-K目标建仓/加仓,
ORD_000648,,600030.SH,BUY,2023-06-28,2023-06-29,100,100,0,0,100,19.5,19.51,5.0,0.0,0.02,2.0,7.02,FILLED,Top-K目标建仓/加仓,
ORD_000649,,600030.SH,SELL,2023-07-12,2023-07-13,1400,1400,0,0,1400,20.08,20.17,7.06,28.24,0.28,28.0,63.58,FILLED,调仓剔除(掉出Top-K),
ORD_000650,,000975.SZ,SELL,2023-07-12,2023-07-13,1200,1200,0,0,1200,12.64,12.94,5.0,15.53,0.16,12.0,32.69,FILLED,调仓剔除(掉出Top-K),
ORD_000651,,601888.SH,SELL,2023-07-12,2023-07-13,200,200,0,0,200,116.15,118.1,5.91,23.62,0.24,24.0,53.77,FILLED,调仓剔除(掉出Top-K),
ORD_000652,,601211.SH,SELL,2023-07-12,2023-07-13,1000,1000,0,0,1000,14.37,14.43,5.0,14.43,0.14,10.0,29.57,FILLED,调仓剔除(掉出Top-K),
ORD_000653,,601825.SH,SELL,2023-07-12,2023-07-13,2700,2700,0,0,2700,5.51,5.49,5.0,14.82,0.15,27.0,46.97,FILLED,调仓剔除(掉出Top-K),
ORD_000654,,601995.SH,SELL,2023-07-12,2023-07-13,400,400,0,0,400,36.05,36.25,5.0,14.5,0.15,16.0,35.65,FILLED,调仓剔除(掉出Top-K),
ORD_000655,,002532.SZ,SELL,2023-07-12,2023-07-13,4400,4400,0,0,4400,6.24,6.27,6.9,27.59,0.28,44.0,78.77,FILLED,调仓剔除(掉出Top-K),
ORD_000656,,000001.SZ,BUY,2023-07-12,2023-07-13,2700,2700,0,0,2700,11.24,11.33,7.65,0.0,0.31,27.0,34.96,FILLED,Top-K目标建仓/加仓,
ORD_000657,,600104.SH,BUY,2023-07-12,2023-07-13,2100,2100,0,0,2100,14.44,14.5,7.61,0.0,0.3,21.0,28.91,FILLED,Top-K目标建仓/加仓,
ORD_000658,,000725.SZ,BUY,2023-07-12,2023-07-13,500,500,0,0,500,4.26,4.26,5.0,0.0,0.02,0.0,5.02,FILLED,Top-K目标建仓/加仓,
ORD_000659,,601901.SH,BUY,2023-07-12,2023-07-13,4600,4600,0,0,4600,6.64,6.67,7.67,0.0,0.31,46.0,53.98,FILLED,Top-K目标建仓/加仓,
ORD_000660,,601607.SH,BUY,2023-07-12,2023-07-13,1400,1400,0,0,1400,21.03,21.2,7.42,0.0,0.3,28.0,35.72,FILLED,Top-K目标建仓/加仓,
ORD_000661,,601066.SH,BUY,2023-07-12,2023-07-13,1200,1200,0,0,1200,24.17,24.37,7.31,0.0,0.29,24.0,31.6,FILLED,Top-K目标建仓/加仓,
ORD_000662,,600918.SH,BUY,2023-07-12,2023-07-13,4500,4500,0,0,4500,6.9,6.95,7.82,0.0,0.31,45.0,53.13,FILLED,Top-K目标建仓/加仓,
ORD_000663,,600460.SH,BUY,2023-07-12,2023-07-13,1000,1000,0,0,1000,30.74,30.8,7.7,0.0,0.31,30.0,38.01,FILLED,Top-K目标建仓/加仓,
ORD_000664,,000725.SZ,SELL,2023-07-24,2023-07-25,7300,7300,0,0,7300,4.18,4.23,7.72,30.88,0.31,0.0,38.91,FILLED,"触发跟踪止盈 (最高浮盈: 10.52%, 自高点回撤: 5.64%)",
ORD_000665,,601901.SH,SELL,2023-07-26,2023-07-27,4600,4600,0,0,4600,6.9,6.88,7.91,31.65,0.32,46.0,85.88,FILLED,调仓剔除(掉出Top-K),
ORD_000666,,000001.SZ,SELL,2023-07-26,2023-07-27,2700,2700,0,0,2700,11.67,11.67,7.88,31.51,0.32,27.0,66.71,FILLED,调仓剔除(掉出Top-K),
ORD_000667,,600460.SH,SELL,2023-07-26,2023-07-27,1000,1000,0,0,1000,30.14,30.15,7.54,30.15,0.3,30.0,67.99,FILLED,调仓剔除(掉出Top-K),
ORD_000668,,601607.SH,SELL,2023-07-26,2023-07-27,1400,1400,0,0,1400,20.78,20.88,7.31,29.23,0.29,28.0,64.83,FILLED,调仓剔除(掉出Top-K),
ORD_000669,,600104.SH,SELL,2023-07-26,2023-07-27,2100,2100,0,0,2100,14.4,14.64,7.69,30.74,0.31,21.0,59.74,FILLED,调仓剔除(掉出Top-K),
ORD_000670,,600918.SH,SELL,2023-07-26,2023-07-27,4500,4500,0,0,4500,7.24,7.24,8.14,32.58,0.33,45.0,86.05,FILLED,调仓剔除(掉出Top-K),
ORD_000671,,601066.SH,SELL,2023-07-26,2023-07-27,1200,1200,0,0,1200,25.33,25.38,7.61,30.46,0.3,36.0,74.37,FILLED,调仓剔除(掉出Top-K),
ORD_000672,,601229.SH,BUY,2023-07-26,2023-07-27,4100,4100,0,0,4100,6.01,6.02,6.17,0.0,0.25,41.0,47.42,FILLED,Top-K目标建仓/加仓,
ORD_000673,,600926.SH,BUY,2023-07-26,2023-07-27,2100,2100,0,0,2100,11.55,11.61,6.1,0.0,0.24,21.0,27.34,FILLED,Top-K目标建仓/加仓,
ORD_000674,,601618.SH,BUY,2023-07-26,2023-07-27,7800,7800,0,0,7800,3.98,3.98,7.76,0.0,0.31,0.0,8.07,FILLED,Top-K目标建仓/加仓,
ORD_000675,,000408.SZ,BUY,2023-07-26,2023-07-27,1300,1300,0,0,1300,23.8,23.78,7.73,0.0,0.31,26.0,34.04,FILLED,Top-K目标建仓/加仓,
ORD_000676,,600919.SH,BUY,2023-07-26,2023-07-27,3500,3500,0,0,3500,7.04,7.06,6.18,0.0,0.25,35.0,41.43,FILLED,Top-K目标建仓/加仓,
ORD_000677,,300433.SZ,BUY,2023-07-26,2023-07-27,2500,2500,0,0,2500,12.07,12.03,7.52,0.0,0.3,25.0,32.82,FILLED,Top-K目标建仓/加仓,
ORD_000678_P5400,ORD_000678,601018.SH,BUY,2023-07-26,2023-07-27,8900,5400,3500,0,5400,3.49,3.49,5.0,0.0,0.19,0.0,5.19,PARTIALLY_FILLED,Top-K目标建仓/加仓,
ORD_000679,,600219.SH,BUY,2023-07-26,2023-07-27,9800,9800,0,0,9800,3.16,3.17,7.77,0.0,0.31,0.0,8.08,FILLED,Top-K目标建仓/加仓,
ORD_000678,,601018.SH,BUY,2023-07-26,2023-07-28,8900,8900,0,0,3500,3.49,3.49,5.0,0.0,0.12,0.0,5.12,FILLED,Top-K目标建仓/加仓,
ORD_000680,,601229.SH,SELL,2023-08-09,2023-08-10,4100,4100,0,0,4100,6.14,6.11,6.26,25.05,0.25,41.0,72.56,FILLED,调仓剔除(掉出Top-K),
ORD_000681,,000408.SZ,SELL,2023-08-09,2023-08-10,1300,1300,0,0,1300,24.3,24.33,7.91,31.63,0.32,26.0,65.86,FILLED,调仓剔除(掉出Top-K),
ORD_000682,,600919.SH,SELL,2023-08-09,2023-08-10,3500,3500,0,0,3500,7.13,7.12,6.23,24.92,0.25,35.0,66.4,FILLED,调仓剔除(掉出Top-K),
ORD_000683,,600926.SH,SELL,2023-08-09,2023-08-10,2100,2100,0,0,2100,11.79,11.76,6.17,24.7,0.25,21.0,52.12,FILLED,调仓剔除(掉出Top-K),
ORD_000684,,600219.SH,SELL,2023-08-09,2023-08-10,9800,9800,0,0,9800,3.2,3.21,7.86,31.46,0.31,0.0,39.63,FILLED,调仓剔除(掉出Top-K),
ORD_000689,,300433.SZ,SELL,2023-08-09,2023-08-10,500,500,0,0,500,12.26,12.29,5.0,6.15,0.06,5.0,16.21,FILLED,Top-K目标再平衡减仓,
ORD_000693,,601618.SH,SELL,2023-08-09,2023-08-10,1600,1600,0,0,1600,4.04,4.04,5.0,6.46,0.06,0.0,11.52,FILLED,Top-K目标再平衡减仓,
ORD_000694,,601018.SH,SELL,2023-08-09,2023-08-10,1700,1700,0,0,1700,3.46,3.46,5.0,5.88,0.06,0.0,10.94,FILLED,Top-K目标再平衡减仓,
ORD_000685,,601985.SH,BUY,2023-08-09,2023-08-10,2500,2500,0,0,2500,7.32,7.33,5.0,0.0,0.18,25.0,30.18,FILLED,Top-K目标建仓/加仓,
ORD_000686,,002916.SZ,BUY,2023-08-09,2023-08-10,200,200,0,0,200,75.7,76.04,5.0,0.0,0.15,16.0,21.15,FILLED,Top-K目标建仓/加仓,
ORD_000687,,002202.SZ,BUY,2023-08-09,2023-08-10,2200,2200,0,0,2200,11.03,11.06,6.08,0.0,0.24,22.0,28.32,FILLED,Top-K目标建仓/加仓,
ORD_000688,,003816.SZ,BUY,2023-08-09,2023-08-10,6100,6100,0,0,6100,3.06,3.07,5.0,0.0,0.19,0.0,5.19,FILLED,Top-K目标建仓/加仓,
ORD_000690,,600905.SH,BUY,2023-08-09,2023-08-10,3500,3500,0,0,3500,5.34,5.3,5.0,0.0,0.19,35.0,40.19,FILLED,Top-K目标建仓/加仓,
ORD_000691,,600515.SH,BUY,2023-08-09,2023-08-10,6000,6000,0,0,6000,4.17,4.18,6.27,0.0,0.25,0.0,6.52,FILLED,Top-K目标建仓/加仓,
ORD_000692,,600795.SH,BUY,2023-08-09,2023-08-10,6800,6800,0,0,6800,3.68,3.69,6.27,0.0,0.25,0.0,6.52,FILLED,Top-K目标建仓/加仓,
ORD_000695,,601618.SH,SELL,2023-08-11,2023-08-14,6200,6200,0,0,6200,3.88,3.85,5.97,23.87,0.24,0.0,30.08,FILLED,"触发跟踪止盈 (最高浮盈: 6.28%, 自高点回撤: 8.27%)",
ORD_000696,,300433.SZ,SELL,2023-08-11,2023-08-14,2000,2000,0,0,2000,12.05,12.03,6.02,24.06,0.24,20.0,50.32,FILLED,"触发跟踪止盈 (最高浮盈: 5.65%, 自高点回撤: 5.19%)",
ORD_000697,,002916.SZ,SELL,2023-08-21,2023-08-22,200,200,0,0,200,65.91,65.85,5.0,13.17,0.13,14.0,32.3,FILLED,触发个股硬止损 (浮亏: -13.32% <= -8.0%),
ORD_000698,,002202.SZ,SELL,2023-08-22,2023-08-23,2200,2200,0,0,2200,10.01,9.98,5.49,21.96,0.22,22.0,49.67,FILLED,触发个股硬止损 (浮亏: -9.49% <= -8.0%),
ORD_000699,,601985.SH,SELL,2023-08-23,2023-08-24,2500,2500,0,0,2500,7.29,7.27,5.0,18.18,0.18,25.0,48.36,FILLED,调仓剔除(掉出Top-K),
ORD_000700,,600795.SH,SELL,2023-08-23,2023-08-24,6800,6800,0,0,6800,3.41,3.42,5.81,23.26,0.23,0.0,29.3,FILLED,调仓剔除(掉出Top-K),
ORD_000701,,003816.SZ,SELL,2023-08-23,2023-08-24,6100,6100,0,0,6100,3.17,3.17,5.0,19.34,0.19,0.0,24.53,FILLED,调仓剔除(掉出Top-K),
ORD_000702,,600905.SH,SELL,2023-08-23,2023-08-24,3500,3500,0,0,3500,5.01,5.0,5.0,17.5,0.18,0.0,22.68,FILLED,调仓剔除(掉出Top-K),
ORD_000703,,601018.SH,BUY,2023-08-23,2023-08-24,1900,1900,0,0,1900,3.39,3.4,5.0,0.0,0.06,0.0,5.06,FILLED,Top-K目标建仓/加仓,
ORD_000704,,600196.SH,BUY,2023-08-23,2023-08-24,1100,1100,0,0,1100,27.6,27.65,7.6,0.0,0.3,33.0,40.9,FILLED,Top-K目标建仓/加仓,
ORD_000705,,600515.SH,BUY,2023-08-23,2023-08-24,1700,1700,0,0,1700,4.0,4.03,5.0,0.0,0.07,0.0,5.07,FILLED,Top-K目标建仓/加仓,
ORD_000706,,600887.SH,BUY,2023-08-23,2023-08-24,1100,1100,0,0,1100,26.36,26.39,7.26,0.0,0.29,33.0,40.55,FILLED,Top-K目标建仓/加仓,
ORD_000707,,002600.SZ,BUY,2023-08-23,2023-08-24,5400,5400,0,0,5400,5.64,5.69,7.68,0.0,0.31,54.0,61.99,FILLED,Top-K目标建仓/加仓,
ORD_000708,,300124.SZ,BUY,2023-08-23,2023-08-24,400,400,0,0,400,66.65,66.84,6.68,0.0,0.27,28.0,34.95,FILLED,Top-K目标建仓/加仓,
ORD_000709,,601009.SH,BUY,2023-08-23,2023-08-24,3700,3700,0,0,3700,8.34,8.36,7.73,0.0,0.31,37.0,45.04,FILLED,Top-K目标建仓/加仓,
ORD_000710,,600362.SH,BUY,2023-08-23,2023-08-24,1600,1600,0,0,1600,18.77,18.83,7.53,0.0,0.3,32.0,39.83,FILLED,Top-K目标建仓/加仓,
ORD_000711,,600887.SH,SELL,2023-08-30,2023-08-31,1100,1100,0,0,1100,26.55,26.5,7.29,14.58,0.29,33.0,55.16,FILLED,"触发跟踪止盈 (最高浮盈: 6.03%, 自高点回撤: 5.11%)",
ORD_000712,,601009.SH,SELL,2023-09-06,2023-09-07,3700,3700,0,0,3700,7.93,7.91,7.32,14.63,0.29,37.0,59.24,FILLED,调仓剔除(掉出Top-K),
ORD_000713,,600515.SH,SELL,2023-09-06,2023-09-07,7700,7700,0,0,7700,4.06,4.07,7.83,15.67,0.31,0.0,23.81,FILLED,调仓剔除(掉出Top-K),
ORD_000714,,600196.SH,SELL,2023-09-06,2023-09-07,1100,1100,0,0,1100,28.0,27.96,7.69,15.38,0.31,33.0,56.38,FILLED,调仓剔除(掉出Top-K),
ORD_000715_P5400,ORD_000715,601018.SH,SELL,2023-09-06,2023-09-07,9100,5400,3700,0,5400,3.41,3.41,5.0,9.21,0.18,0.0,14.39,PARTIALLY_FILLED,调仓剔除(掉出Top-K),
ORD_000716,,002600.SZ,SELL,2023-09-06,2023-09-07,5400,5400,0,0,5400,6.07,6.06,8.18,16.36,0.33,54.0,78.87,FILLED,调仓剔除(掉出Top-K),
ORD_000723,,300124.SZ,SELL,2023-09-06,2023-09-07,100,100,0,0,100,70.03,69.96,5.0,3.5,0.07,7.0,15.57,FILLED,Top-K目标再平衡减仓,
ORD_000725,,600362.SH,SELL,2023-09-06,2023-09-07,300,300,0,0,300,20.12,20.24,5.0,3.04,0.06,6.0,14.1,FILLED,Top-K目标再平衡减仓,
ORD_000717,,601669.SH,BUY,2023-09-06,2023-09-07,5300,5300,0,0,5300,5.18,5.19,6.88,0.0,0.28,53.0,60.16,FILLED,Top-K目标建仓/加仓,
ORD_000718,,600845.SH,BUY,2023-09-06,2023-09-07,600,600,0,0,600,45.96,46.31,6.95,0.0,0.28,30.0,37.23,FILLED,Top-K目标建仓/加仓,
ORD_000719,,600905.SH,BUY,2023-09-06,2023-09-07,5000,5000,0,0,5000,4.94,4.95,6.19,0.0,0.25,0.0,6.44,FILLED,Top-K目标建仓/加仓,
ORD_000720,,601166.SH,BUY,2023-09-06,2023-09-07,1700,1700,0,0,1700,16.29,16.28,6.92,0.0,0.28,34.0,41.2,FILLED,Top-K目标建仓/加仓,
ORD_000721,,688009.SH,BUY,2023-09-06,2023-09-07,4400,4400,0,0,4400,5.57,5.6,6.16,0.0,0.25,44.0,50.41,FILLED,Top-K目标建仓/加仓,
ORD_000722,,600219.SH,BUY,2023-09-06,2023-09-07,8500,8500,0,0,8500,3.23,3.23,6.86,0.0,0.27,0.0,7.13,FILLED,Top-K目标建仓/加仓,
ORD_000724,,600025.SH,BUY,2023-09-06,2023-09-07,3300,3300,0,0,3300,7.38,7.44,6.14,0.0,0.25,33.0,39.39,FILLED,Top-K目标建仓/加仓,
ORD_000715,,601018.SH,SELL,2023-09-06,2023-09-08,9100,9100,0,0,3700,3.41,3.41,5.0,6.31,0.13,0.0,11.44,FILLED,调仓剔除(掉出Top-K),
ORD_000726,,601166.SH,SELL,2023-09-20,2023-09-21,1700,1700,0,0,1700,16.22,16.2,6.88,13.77,0.28,34.0,54.93,FILLED,调仓剔除(掉出Top-K),
ORD_000727,,600025.SH,SELL,2023-09-20,2023-09-21,3300,3300,0,0,3300,7.48,7.5,6.19,12.38,0.25,33.0,51.82,FILLED,调仓剔除(掉出Top-K),
ORD_000728,,688009.SH,SELL,2023-09-20,2023-09-21,4400,4400,0,0,4400,5.46,5.46,6.01,12.01,0.24,44.0,62.26,FILLED,调仓剔除(掉出Top-K),
ORD_000729,,600219.SH,SELL,2023-09-20,2023-09-21,8500,8500,0,0,8500,3.22,3.23,6.86,13.73,0.27,0.0,20.86,FILLED,调仓剔除(掉出Top-K),
ORD_000730,,600362.SH,SELL,2023-09-20,2023-09-21,1300,1300,0,0,1300,20.02,19.94,6.48,12.96,0.26,26.0,45.7,FILLED,调仓剔除(掉出Top-K),
ORD_000731,,601669.SH,SELL,2023-09-20,2023-09-21,5300,5300,0,0,5300,5.13,5.11,6.77,13.54,0.27,53.0,73.58,FILLED,调仓剔除(掉出Top-K),
ORD_000735,,600905.SH,SELL,2023-09-20,2023-09-21,1100,1100,0,0,1100,4.71,4.7,5.0,2.58,0.05,0.0,7.63,FILLED,Top-K目标再平衡减仓,
ORD_000732,,601916.SH,BUY,2023-09-20,2023-09-21,7200,7200,0,0,7200,2.58,2.59,5.0,0.0,0.19,0.0,5.19,FILLED,Top-K目标建仓/加仓,
ORD_000733,,600515.SH,BUY,2023-09-20,2023-09-21,6800,6800,0,0,6800,4.0,4.0,6.8,0.0,0.27,0.0,7.07,FILLED,Top-K目标建仓/加仓,
ORD_000734,,300999.SZ,BUY,2023-09-20,2023-09-21,500,500,0,0,500,35.17,35.11,5.0,0.0,0.18,20.0,25.18,FILLED,Top-K目标建仓/加仓,
ORD_000736,,600926.SH,BUY,2023-09-20,2023-09-21,1600,1600,0,0,1600,11.37,11.38,5.0,0.0,0.18,16.0,21.18,FILLED,Top-K目标建仓/加仓,
ORD_000737,,600549.SH,BUY,2023-09-20,2023-09-21,1600,1600,0,0,1600,17.2,17.17,6.87,0.0,0.27,32.0,39.14,FILLED,Top-K目标建仓/加仓,
ORD_000738,,600660.SH,BUY,2023-09-20,2023-09-21,700,700,0,0,700,38.27,38.36,6.71,0.0,0.27,28.0,34.98,FILLED,Top-K目标建仓/加仓,
ORD_000739,,300124.SZ,BUY,2023-09-20,2023-09-21,100,100,0,0,100,67.82,67.57,5.0,0.0,0.07,7.0,12.07,FILLED,Top-K目标建仓/加仓,
ORD_000740,,300124.SZ,SELL,2023-09-28,2023-10-09,400,400,0,0,400,66.49,66.23,6.62,13.25,0.26,28.0,48.13,FILLED,"触发跟踪止盈 (最高浮盈: 5.28%, 自高点回撤: 5.77%)",
ORD_000741,,600845.SH,SELL,2023-10-12,2023-10-13,600,600,0,0,600,44.95,45.05,6.76,13.52,0.27,30.0,50.55,FILLED,调仓剔除(掉出Top-K),
ORD_000742,,300999.SZ,SELL,2023-10-12,2023-10-13,500,500,0,0,500,34.78,34.56,5.0,8.64,0.17,15.0,28.81,FILLED,调仓剔除(掉出Top-K),
ORD_000743,,600926.SH,SELL,2023-10-12,2023-10-13,1600,1600,0,0,1600,11.01,10.94,5.0,8.75,0.18,16.0,29.93,FILLED,调仓剔除(掉出Top-K),
ORD_000744,,600660.SH,SELL,2023-10-12,2023-10-13,700,700,0,0,700,38.65,38.5,6.74,13.47,0.27,28.0,48.48,FILLED,调仓剔除(掉出Top-K),
ORD_000745,,600905.SH,SELL,2023-10-12,2023-10-13,3900,3900,0,0,3900,4.79,4.78,5.0,9.32,0.19,0.0,14.51,FILLED,调仓剔除(掉出Top-K),
ORD_000754,,600549.SH,SELL,2023-10-12,2023-10-13,200,200,0,0,200,17.28,17.18,5.0,1.72,0.03,4.0,10.75,FILLED,Top-K目标再平衡减仓,
ORD_000755,,600515.SH,SELL,2023-10-12,2023-10-13,400,400,0,0,400,3.84,3.82,5.0,0.76,0.02,0.0,5.78,FILLED,Top-K目标再平衡减仓,
ORD_000746,,688303.SH,BUY,2023-10-12,2023-10-13,400,400,0,0,400,40.51,40.44,5.0,0.0,0.16,16.0,21.16,FILLED,Top-K目标建仓/加仓,
ORD_000747,,002001.SZ,BUY,2023-10-12,2023-10-13,1500,1500,0,0,1500,16.48,16.5,6.19,0.0,0.25,30.0,36.44,FILLED,Top-K目标建仓/加仓,
ORD_000748,,601916.SH,BUY,2023-10-12,2023-10-13,100,100,0,0,100,2.52,2.51,5.0,0.0,0.0,0.0,5.0,FILLED,Top-K目标建仓/加仓,
ORD_000749,,601136.SH,BUY,2023-10-12,2023-10-13,800,800,0,0,800,20.68,20.28,5.0,0.0,0.16,16.0,21.16,FILLED,Top-K目标建仓/加仓,
ORD_000750,,601818.SH,BUY,2023-10-12,2023-10-13,7900,7900,0,0,7900,3.11,3.09,6.1,0.0,0.24,0.0,6.34,FILLED,Top-K目标建仓/加仓,
ORD_000751,,601838.SH,BUY,2023-10-12,2023-10-13,1300,1300,0,0,1300,13.68,13.61,5.0,0.0,0.18,13.0,18.18,FILLED,Top-K目标建仓/加仓,
ORD_000752,,600015.SH,BUY,2023-10-12,2023-10-13,4300,4300,0,0,4300,5.71,5.7,6.13,0.0,0.25,43.0,49.38,FILLED,Top-K目标建仓/加仓,
ORD_000753,,600588.SH,BUY,2023-10-12,2023-10-13,1400,1400,0,0,1400,17.24,17.17,6.01,0.0,0.24,28.0,34.25,FILLED,Top-K目标建仓/加仓,
ORD_000756,,688303.SH,SELL,2023-10-16,2023-10-17,400,400,0,0,400,35.86,35.4,5.0,7.08,0.14,16.0,28.22,FILLED,触发个股硬止损 (浮亏: -11.33% <= -8.0%),
ORD_000757,,600515.SH,SELL,2023-10-18,2023-10-19,6400,6400,0,0,6400,3.67,3.66,5.86,11.71,0.23,0.0,17.8,FILLED,触发个股硬止损 (浮亏: -8.25% <= -8.0%),
ORD_000758,,601136.SH,SELL,2023-10-19,2023-10-20,800,800,0,0,800,22.88,22.38,5.0,8.95,0.18,16.0,30.13,FILLED,"触发跟踪止盈 (最高浮盈: 19.03%, 自高点回撤: 5.22%)",
ORD_000759,,600588.SH,SELL,2023-10-20,2023-10-23,1400,1400,0,0,1400,15.36,15.25,5.34,10.68,0.21,28.0,44.23,FILLED,触发个股硬止损 (浮亏: -10.54% <= -8.0%),
ORD_000760,,600015.SH,SELL,2023-10-26,2023-10-27,4300,4300,0,0,4300,5.68,5.66,6.08,12.17,0.24,43.0,61.49,FILLED,调仓剔除(掉出Top-K),
ORD_000761,,002001.SZ,SELL,2023-10-26,2023-10-27,1500,1500,0,0,1500,15.51,15.49,5.81,11.62,0.23,30.0,47.66,FILLED,调仓剔除(掉出Top-K),
ORD_000762,,601838.SH,SELL,2023-10-26,2023-10-27,1300,1300,0,0,1300,13.26,12.94,5.0,8.41,0.17,13.0,26.58,FILLED,调仓剔除(掉出Top-K),
ORD_000763,,601916.SH,SELL,2023-10-26,2023-10-27,7300,7300,0,0,7300,2.51,2.5,5.0,9.12,0.18,0.0,14.3,FILLED,调仓剔除(掉出Top-K),
ORD_000764,,601868.SH,BUY,2023-10-26,2023-10-27,11000,11000,0,0,11000,2.21,2.21,6.08,0.0,0.24,0.0,6.32,FILLED,Top-K目标建仓/加仓,
ORD_000765,,601169.SH,BUY,2023-10-26,2023-10-27,5300,5300,0,0,5300,4.58,4.58,6.07,0.0,0.24,0.0,6.31,FILLED,Top-K目标建仓/加仓,
ORD_000766,,601818.SH,BUY,2023-10-26,2023-10-27,200,200,0,0,200,2.99,2.99,5.0,0.0,0.01,0.0,5.01,FILLED,Top-K目标建仓/加仓,
ORD_000767,,600905.SH,BUY,2023-10-26,2023-10-27,5100,5100,0,0,5100,4.75,4.75,6.06,0.0,0.24,0.0,6.3,FILLED,Top-K目标建仓/加仓,
ORD_000768,,600926.SH,BUY,2023-10-26,2023-10-27,2200,2200,0,0,2200,10.7,10.69,5.88,0.0,0.24,22.0,28.12,FILLED,Top-K目标建仓/加仓,
ORD_000769,,601009.SH,BUY,2023-10-26,2023-10-27,3100,3100,0,0,3100,7.83,7.83,6.07,0.0,0.24,31.0,37.31,FILLED,Top-K目标建仓/加仓,
ORD_000770_P5100,ORD_000770,601018.SH,BUY,2023-10-26,2023-10-27,8100,5100,3000,0,5100,3.35,3.35,5.0,0.0,0.17,0.0,5.17,PARTIALLY_FILLED,Top-K目标建仓/加仓,
ORD_000771,,600674.SH,BUY,2023-10-26,2023-10-27,1800,1800,0,0,1800,14.66,14.64,6.59,0.0,0.26,18.0,24.85,FILLED,Top-K目标建仓/加仓,
ORD_000772,,600549.SH,BUY,2023-10-26,2023-10-27,200,200,0,0,200,16.41,16.34,5.0,0.0,0.03,4.0,9.03,FILLED,Top-K目标建仓/加仓,
ORD_000770,,601018.SH,BUY,2023-10-26,2023-10-30,8100,8100,0,0,3000,3.35,3.4,5.0,0.0,0.1,0.0,5.1,FILLED,Top-K目标建仓/加仓,
ORD_000773,,601009.SH,SELL,2023-11-09,2023-11-10,3100,3100,0,0,3100,7.73,7.72,5.98,11.97,0.24,31.0,49.19,FILLED,调仓剔除(掉出Top-K),
ORD_000774,,601868.SH,SELL,2023-11-09,2023-11-10,11000,11000,0,0,11000,2.18,2.18,6.0,11.99,0.24,0.0,18.23,FILLED,调仓剔除(掉出Top-K),
ORD_000775,,600549.SH,SELL,2023-11-09,2023-11-10,1600,1600,0,0,1600,17.53,17.46,6.98,13.97,0.28,32.0,53.23,FILLED,调仓剔除(掉出Top-K),
ORD_000776_P7200,ORD_000776,601018.SH,SELL,2023-11-09,2023-11-10,8100,7200,900,0,7200,3.44,3.43,6.17,12.35,0.25,0.0,18.77,PARTIALLY_FILLED,调仓剔除(掉出Top-K),
ORD_000777,,601818.SH,SELL,2023-11-09,2023-11-10,8100,8100,0,0,8100,2.97,2.97,6.01,12.03,0.24,0.0,18.28,FILLED,调仓剔除(掉出Top-K),
ORD_000778,,600926.SH,SELL,2023-11-09,2023-11-10,2200,2200,0,0,2200,10.66,10.62,5.84,11.68,0.23,22.0,39.75,FILLED,调仓剔除(掉出Top-K),
ORD_000779,,600905.SH,SELL,2023-11-09,2023-11-10,5100,5100,0,0,5100,4.76,4.76,6.07,12.14,0.24,0.0,18.45,FILLED,调仓剔除(掉出Top-K),
ORD_000780,,600674.SH,SELL,2023-11-09,2023-11-10,1800,1800,0,0,1800,14.45,14.44,6.5,13.0,0.26,18.0,37.76,FILLED,调仓剔除(掉出Top-K),
ORD_000781,,002001.SZ,BUY,2023-11-09,2023-11-10,1600,1600,0,0,1600,16.45,16.49,6.6,0.0,0.26,32.0,38.86,FILLED,Top-K目标建仓/加仓,
ORD_000782,,601878.SH,BUY,2023-11-09,2023-11-10,1700,1700,0,0,1700,10.26,10.26,5.0,0.0,0.17,17.0,22.17,FILLED,Top-K目标建仓/加仓,
ORD_000783,,000538.SZ,BUY,2023-11-09,2023-11-10,500,500,0,0,500,50.75,50.65,6.33,0.0,0.25,25.0,31.58,FILLED,Top-K目标建仓/加仓,
ORD_000784,,600362.SH,BUY,2023-11-09,2023-11-10,1500,1500,0,0,1500,17.77,17.73,6.65,0.0,0.27,30.0,36.92,FILLED,Top-K目标建仓/加仓,
ORD_000785,,000630.SZ,BUY,2023-11-09,2023-11-10,9100,9100,0,0,9100,2.97,2.96,6.73,0.0,0.27,0.0,7.0,FILLED,Top-K目标建仓/加仓,
ORD_000786,,600918.SH,BUY,2023-11-09,2023-11-10,2400,2400,0,0,2400,7.38,7.36,5.0,0.0,0.18,24.0,29.18,FILLED,Top-K目标建仓/加仓,
ORD_000787,,601211.SH,BUY,2023-11-09,2023-11-10,1200,1200,0,0,1200,15.13,15.12,5.0,0.0,0.18,24.0,29.18,FILLED,Top-K目标建仓/加仓,
ORD_000788,,601816.SH,BUY,2023-11-09,2023-11-10,3700,3700,0,0,3700,4.93,4.92,5.0,0.0,0.18,0.0,5.18,FILLED,Top-K目标建仓/加仓,
ORD_000789,,601169.SH,BUY,2023-11-09,2023-11-10,700,700,0,0,700,4.49,4.49,5.0,0.0,0.03,0.0,5.03,FILLED,Top-K目标建仓/加仓,
ORD_000776,,601018.SH,SELL,2023-11-09,2023-11-13,8100,8100,0,0,900,3.44,3.46,5.0,1.56,0.03,0.0,6.59,FILLED,调仓剔除(掉出Top-K),
ORD_000790,,601878.SH,SELL,2023-11-22,2023-11-23,1700,1700,0,0,1700,10.87,10.88,5.0,9.25,0.18,17.0,31.43,FILLED,"触发跟踪止盈 (最高浮盈: 12.18%, 自高点回撤: 5.56%)",
ORD_000791,,000630.SZ,SELL,2023-11-23,2023-11-24,9100,9100,0,0,9100,3.03,3.03,6.89,13.79,0.28,0.0,20.96,FILLED,调仓剔除(掉出Top-K),
ORD_000792,,600362.SH,SELL,2023-11-23,2023-11-24,1500,1500,0,0,1500,17.91,17.87,6.7,13.4,0.27,30.0,50.37,FILLED,调仓剔除(掉出Top-K),
ORD_000793,,002001.SZ,SELL,2023-11-23,2023-11-24,1600,1600,0,0,1600,16.69,16.67,6.67,13.34,0.27,32.0,52.28,FILLED,调仓剔除(掉出Top-K),
ORD_000794,,000538.SZ,SELL,2023-11-23,2023-11-24,500,500,0,0,500,50.45,50.3,6.29,12.58,0.25,25.0,44.12,FILLED,调仓剔除(掉出Top-K),
ORD_000795,,600918.SH,SELL,2023-11-23,2023-11-24,2400,2400,0,0,2400,7.31,7.29,5.0,8.75,0.17,24.0,37.92,FILLED,调仓剔除(掉出Top-K),
ORD_000801,,601816.SH,SELL,2023-11-23,2023-11-24,800,800,0,0,800,4.99,4.99,5.0,2.0,0.04,0.0,7.04,FILLED,Top-K目标再平衡减仓,
ORD_000804,,601211.SH,SELL,2023-11-23,2023-11-24,300,300,0,0,300,15.27,15.24,5.0,2.29,0.05,6.0,13.34,FILLED,Top-K目标再平衡减仓,
ORD_000805,,601169.SH,SELL,2023-11-23,2023-11-24,600,600,0,0,600,4.53,4.53,5.0,1.36,0.03,0.0,6.39,FILLED,Top-K目标再平衡减仓,
ORD_000796,,601985.SH,BUY,2023-11-23,2023-11-24,2000,2000,0,0,2000,7.01,7.03,5.0,0.0,0.14,20.0,25.14,FILLED,Top-K目标建仓/加仓,
ORD_000797,,601916.SH,BUY,2023-11-23,2023-11-24,5800,5800,0,0,5800,2.52,2.52,5.0,0.0,0.15,0.0,5.15,FILLED,Top-K目标建仓/加仓,
ORD_000798,,601898.SH,BUY,2023-11-23,2023-11-24,2700,2700,0,0,2700,8.82,8.85,5.97,0.0,0.24,27.0,33.21,FILLED,Top-K目标建仓/加仓,
ORD_000799,,601877.SH,BUY,2023-11-23,2023-11-24,1000,1000,0,0,1000,22.84,22.79,5.7,0.0,0.23,20.0,25.93,FILLED,Top-K目标建仓/加仓,
ORD_000800,,601868.SH,BUY,2023-11-23,2023-11-24,6700,6700,0,0,6700,2.17,2.17,5.0,0.0,0.15,0.0,5.15,FILLED,Top-K目标建仓/加仓,
ORD_000802,,601607.SH,BUY,2023-11-23,2023-11-24,1300,1300,0,0,1300,17.96,17.98,5.84,0.0,0.23,26.0,32.07,FILLED,Top-K目标建仓/加仓,
ORD_000803,,601238.SH,BUY,2023-11-23,2023-11-24,2400,2400,0,0,2400,9.93,9.88,5.93,0.0,0.24,24.0,30.17,FILLED,Top-K目标建仓/加仓,
ORD_000806,,601877.SH,SELL,2023-12-07,2023-12-08,1000,1000,0,0,1000,21.33,21.36,5.34,10.68,0.21,20.0,36.23,FILLED,调仓剔除(掉出Top-K),
ORD_000807,,601238.SH,SELL,2023-12-07,2023-12-08,2400,2400,0,0,2400,9.39,9.37,5.62,11.24,0.22,24.0,41.08,FILLED,调仓剔除(掉出Top-K),
ORD_000808,,601607.SH,SELL,2023-12-07,2023-12-08,1300,1300,0,0,1300,17.48,17.45,5.67,11.34,0.23,26.0,43.24,FILLED,调仓剔除(掉出Top-K),
ORD_000809,,601898.SH,SELL,2023-12-07,2023-12-08,2700,2700,0,0,2700,9.58,9.52,6.43,12.85,0.26,27.0,46.54,FILLED,调仓剔除(掉出Top-K),
ORD_000810,,601816.SH,SELL,2023-12-07,2023-12-08,2900,2900,0,0,2900,5.06,5.04,5.0,7.31,0.15,29.0,41.46,FILLED,调仓剔除(掉出Top-K),
ORD_000811,,601985.SH,SELL,2023-12-07,2023-12-08,300,300,0,0,300,6.98,6.98,5.0,1.05,0.02,3.0,9.07,FILLED,Top-K目标再平衡减仓,
ORD_000812,,601868.SH,SELL,2023-12-07,2023-12-08,1000,1000,0,0,1000,2.13,2.13,5.0,1.06,0.02,0.0,6.08,FILLED,Top-K目标再平衡减仓,
ORD_000813,,601916.SH,SELL,2023-12-07,2023-12-08,1000,1000,0,0,1000,2.53,2.53,5.0,1.27,0.03,0.0,6.3,FILLED,Top-K目标再平衡减仓,
ORD_000817,,601211.SH,SELL,2023-12-07,2023-12-08,100,100,0,0,100,14.83,14.8,5.0,0.74,0.01,1.0,6.75,FILLED,Top-K目标再平衡减仓,
ORD_000814,,601825.SH,BUY,2023-12-07,2023-12-08,2100,2100,0,0,2100,5.62,5.63,5.0,0.0,0.12,21.0,26.12,FILLED,Top-K目标建仓/加仓,
ORD_000815,,601009.SH,BUY,2023-12-07,2023-12-08,3800,3800,0,0,3800,7.12,7.15,6.79,0.0,0.27,38.0,45.06,FILLED,Top-K目标建仓/加仓,
ORD_000816,,601229.SH,BUY,2023-12-07,2023-12-08,2000,2000,0,0,2000,5.85,5.86,5.0,0.0,0.12,20.0,25.12,FILLED,Top-K目标建仓/加仓,
ORD_000818,,000157.SZ,BUY,2023-12-07,2023-12-08,4200,4200,0,0,4200,6.42,6.43,6.75,0.0,0.27,42.0,49.02,FILLED,Top-K目标建仓/加仓,
ORD_000819,,601169.SH,BUY,2023-12-07,2023-12-08,600,600,0,0,600,4.52,4.53,5.0,0.0,0.03,0.0,5.03,FILLED,Top-K目标建仓/加仓,
ORD_000820,,601211.SH,SELL,2023-12-21,2023-12-22,800,800,0,0,800,14.64,14.6,5.0,5.84,0.12,8.0,18.96,FILLED,调仓剔除(掉出Top-K),
ORD_000821,,601009.SH,SELL,2023-12-21,2023-12-22,3800,3800,0,0,3800,7.16,7.16,6.8,13.6,0.27,38.0,58.67,FILLED,调仓剔除(掉出Top-K),
ORD_000822,,601985.SH,SELL,2023-12-21,2023-12-22,1700,1700,0,0,1700,7.35,7.34,5.0,6.24,0.12,17.0,28.36,FILLED,调仓剔除(掉出Top-K),
ORD_000823,,000157.SZ,SELL,2023-12-21,2023-12-22,4200,4200,0,0,4200,6.45,6.45,6.77,13.54,0.27,42.0,62.58,FILLED,调仓剔除(掉出Top-K),
ORD_000824,,601825.SH,SELL,2023-12-21,2023-12-22,2100,2100,0,0,2100,5.63,5.63,5.0,5.91,0.12,21.0,32.03,FILLED,调仓剔除(掉出Top-K),
ORD_000825,,601916.SH,SELL,2023-12-21,2023-12-22,4800,4800,0,0,4800,2.51,2.52,5.0,6.05,0.12,0.0,11.17,FILLED,调仓剔除(掉出Top-K),
ORD_000834,,601169.SH,SELL,2023-12-21,2023-12-22,500,500,0,0,500,4.4,4.4,5.0,1.1,0.02,0.0,6.12,FILLED,Top-K目标再平衡减仓,
ORD_000826,,601868.SH,BUY,2023-12-21,2023-12-22,3100,3100,0,0,3100,2.08,2.08,5.0,0.0,0.06,0.0,5.06,FILLED,Top-K目标建仓/加仓,
ORD_000827,,601838.SH,BUY,2023-12-21,2023-12-22,1600,1600,0,0,1600,10.97,11.03,5.0,0.0,0.18,16.0,21.18,FILLED,Top-K目标建仓/加仓,
ORD_000828,,000776.SZ,BUY,2023-12-21,2023-12-22,1700,1700,0,0,1700,14.06,14.09,5.99,0.0,0.24,17.0,23.23,FILLED,Top-K目标建仓/加仓,
ORD_000829,,600406.SH,BUY,2023-12-21,2023-12-22,1100,1100,0,0,1100,21.32,21.33,5.87,0.0,0.23,22.0,28.1,FILLED,Top-K目标建仓/加仓,
ORD_000830,,600588.SH,BUY,2023-12-21,2023-12-22,1400,1400,0,0,1400,17.29,17.15,6.0,0.0,0.24,28.0,34.24,FILLED,Top-K目标建仓/加仓,
ORD_000831,,600050.SH,BUY,2023-12-21,2023-12-22,5700,5700,0,0,5700,4.27,4.26,6.07,0.0,0.24,0.0,6.31,FILLED,Top-K目标建仓/加仓,
ORD_000832,,600584.SH,BUY,2023-12-21,2023-12-22,800,800,0,0,800,28.87,28.83,5.77,0.0,0.23,24.0,30.0,FILLED,Top-K目标建仓/加仓,
ORD_000833,,600918.SH,BUY,2023-12-21,2023-12-22,2700,2700,0,0,2700,6.75,6.78,5.0,0.0,0.18,27.0,32.18,FILLED,Top-K目标建仓/加仓,
ORD_000835,,601229.SH,BUY,2023-12-21,2023-12-22,1100,1100,0,0,1100,5.89,5.89,5.0,0.0,0.06,11.0,16.06,FILLED,Top-K目标建仓/加仓,
ORD_000836,,600588.SH,SELL,2024-01-03,2024-01-04,1400,1400,0,0,1400,17.28,17.4,6.09,12.18,0.24,28.0,46.51,FILLED,"触发跟踪止盈 (最高浮盈: 6.59%, 自高点回撤: 5.47%)",
ORD_000837,,600584.SH,SELL,2024-01-05,2024-01-08,800,800,0,0,800,26.73,26.7,5.34,10.68,0.21,24.0,40.23,FILLED,调仓剔除(掉出Top-K),
ORD_000838,,601229.SH,SELL,2024-01-05,2024-01-08,3100,3100,0,0,3100,6.1,6.08,5.0,9.42,0.19,31.0,45.61,FILLED,调仓剔除(掉出Top-K),
ORD_000839,,601868.SH,SELL,2024-01-05,2024-01-08,8800,8800,0,0,8800,2.09,2.09,5.0,9.2,0.18,0.0,14.38,FILLED,调仓剔除(掉出Top-K),
ORD_000840,,000776.SZ,SELL,2024-01-05,2024-01-08,1700,1700,0,0,1700,14.11,14.04,5.97,11.93,0.24,17.0,35.14,FILLED,调仓剔除(掉出Top-K),
ORD_000841,,601838.SH,SELL,2024-01-05,2024-01-08,1600,1600,0,0,1600,11.41,11.33,5.0,9.06,0.18,16.0,30.24,FILLED,调仓剔除(掉出Top-K),
ORD_000842,,601169.SH,SELL,2024-01-05,2024-01-08,5500,5500,0,0,5500,4.65,4.65,6.39,12.79,0.26,0.0,19.44,FILLED,调仓剔除(掉出Top-K),
ORD_000843,,600406.SH,SELL,2024-01-05,2024-01-08,1100,1100,0,0,1100,22.19,22.4,6.16,12.32,0.25,22.0,40.73,FILLED,调仓剔除(掉出Top-K),
ORD_000844,,600050.SH,BUY,2024-01-05,2024-01-08,1500,1500,0,0,1500,4.25,4.23,5.0,0.0,0.06,0.0,5.06,FILLED,Top-K目标建仓/加仓,
ORD_000845,,600219.SH,BUY,2024-01-05,2024-01-08,10300,10300,0,0,10300,2.97,2.96,7.62,0.0,0.3,0.0,7.92,FILLED,Top-K目标建仓/加仓,
ORD_000846,,600549.SH,BUY,2024-01-05,2024-01-08,1800,1800,0,0,1800,16.95,16.94,7.62,0.0,0.3,36.0,43.92,FILLED,Top-K目标建仓/加仓,
ORD_000847,,600346.SH,BUY,2024-01-05,2024-01-08,2300,2300,0,0,2300,13.07,13.09,7.53,0.0,0.3,23.0,30.83,FILLED,Top-K目标建仓/加仓,
ORD_000848,,688009.SH,BUY,2024-01-05,2024-01-08,5600,5600,0,0,5600,4.34,4.34,6.08,0.0,0.24,0.0,6.32,FILLED,Top-K目标建仓/加仓,
ORD_000849,,600918.SH,BUY,2024-01-05,2024-01-08,900,900,0,0,900,6.7,6.68,5.0,0.0,0.06,9.0,14.06,FILLED,Top-K目标建仓/加仓,
ORD_000850,,600905.SH,BUY,2024-01-05,2024-01-08,5600,5600,0,0,5600,4.35,4.35,6.09,0.0,0.24,0.0,6.33,FILLED,Top-K目标建仓/加仓,
ORD_000851,,601377.SH,BUY,2024-01-05,2024-01-08,5300,5300,0,0,5300,5.72,5.71,7.57,0.0,0.3,53.0,60.87,FILLED,Top-K目标建仓/加仓,
ORD_000852,,600050.SH,SELL,2024-01-19,2024-01-22,7200,7200,0,0,7200,4.04,4.04,7.27,14.54,0.29,0.0,22.1,FILLED,调仓剔除(掉出Top-K),
ORD_000853,,688009.SH,SELL,2024-01-19,2024-01-22,5600,5600,0,0,5600,4.22,4.19,5.87,11.73,0.23,0.0,17.83,FILLED,调仓剔除(掉出Top-K),
ORD_000854,,600905.SH,SELL,2024-01-19,2024-01-22,5600,5600,0,0,5600,4.25,4.29,6.01,12.01,0.24,0.0,18.26,FILLED,调仓剔除(掉出Top-K),
ORD_000855,,600549.SH,SELL,2024-01-19,2024-01-22,1800,1800,0,0,1800,16.59,16.5,7.42,14.85,0.3,36.0,58.57,FILLED,调仓剔除(掉出Top-K),
ORD_000856,,601377.SH,SELL,2024-01-19,2024-01-22,5300,5300,0,0,5300,5.46,5.43,7.19,14.39,0.29,53.0,74.87,FILLED,调仓剔除(掉出Top-K),
ORD_000857,,600346.SH,SELL,2024-01-19,2024-01-22,2300,2300,0,0,2300,12.24,12.23,7.03,14.06,0.28,23.0,44.37,FILLED,调仓剔除(掉出Top-K),
ORD_000858,,600219.SH,SELL,2024-01-19,2024-01-22,10300,10300,0,0,10300,2.85,2.85,7.34,14.68,0.29,0.0,22.31,FILLED,调仓剔除(掉出Top-K),
ORD_000867,,600918.SH,SELL,2024-01-19,2024-01-22,1400,1400,0,0,1400,6.51,6.48,5.0,4.54,0.09,14.0,23.63,FILLED,Top-K目标再平衡减仓,
ORD_000859,,002001.SZ,BUY,2024-01-19,2024-01-22,1600,1600,0,0,1600,16.52,16.53,6.61,0.0,0.26,32.0,38.87,FILLED,Top-K目标建仓/加仓,
ORD_000860,,000776.SZ,BUY,2024-01-19,2024-01-22,1900,1900,0,0,1900,13.7,13.69,6.5,0.0,0.26,19.0,25.76,FILLED,Top-K目标建仓/加仓,
ORD_000861,,601878.SH,BUY,2024-01-19,2024-01-22,1400,1400,0,0,1400,9.72,9.73,5.0,0.0,0.14,14.0,19.14,FILLED,Top-K目标建仓/加仓,
ORD_000862,,600938.SH,BUY,2024-01-19,2024-01-22,700,700,0,0,700,20.5,20.5,5.0,0.0,0.14,14.0,19.14,FILLED,Top-K目标建仓/加仓,
ORD_000863,,000538.SZ,BUY,2024-01-19,2024-01-22,500,500,0,0,500,48.22,48.23,6.03,0.0,0.24,25.0,31.27,FILLED,Top-K目标建仓/加仓,
ORD_000864,,600406.SH,BUY,2024-01-19,2024-01-22,1200,1200,0,0,1200,21.02,20.96,6.29,0.0,0.25,24.0,30.54,FILLED,Top-K目标建仓/加仓,
ORD_000865,,600025.SH,BUY,2024-01-19,2024-01-22,1700,1700,0,0,1700,8.51,8.48,5.0,0.0,0.14,17.0,22.14,FILLED,Top-K目标建仓/加仓,
ORD_000866,,601868.SH,BUY,2024-01-19,2024-01-22,7000,7000,0,0,7000,2.05,2.05,5.0,0.0,0.14,0.0,5.14,FILLED,Top-K目标建仓/加仓,
ORD_000868,,600938.SH,SELL,2024-02-01,2024-02-02,700,700,0,0,700,22.18,22.06,5.0,7.72,0.15,14.0,26.87,FILLED,"触发跟踪止盈 (最高浮盈: 14.59%, 自高点回撤: 5.58%)",
ORD_000869,,601868.SH,SELL,2024-02-01,2024-02-02,7000,7000,0,0,7000,2.09,2.09,5.0,7.31,0.15,0.0,12.46,FILLED,"触发跟踪止盈 (最高浮盈: 8.29%, 自高点回撤: 5.86%)",
ORD_000870,,600025.SH,SELL,2024-02-02,2024-02-05,1700,1700,0,0,1700,8.87,8.86,5.0,7.53,0.15,17.0,29.68,FILLED,调仓剔除(掉出Top-K),
ORD_000871,,000776.SZ,SELL,2024-02-02,2024-02-05,1900,1900,0,0,1900,13.37,13.19,6.27,12.53,0.25,19.0,38.05,FILLED,调仓剔除(掉出Top-K),
ORD_000872,,002001.SZ,SELL,2024-02-02,2024-02-05,1600,1600,0,0,1600,15.98,15.86,6.34,12.69,0.25,32.0,51.28,FILLED,调仓剔除(掉出Top-K),
ORD_000873,,000538.SZ,SELL,2024-02-02,2024-02-05,500,500,0,0,500,46.17,45.55,5.69,11.39,0.23,25.0,42.31,FILLED,调仓剔除(掉出Top-K),
ORD_000874,,002532.SZ,BUY,2024-02-02,2024-02-05,5300,5300,0,0,5300,5.04,4.96,6.57,0.0,0.26,0.0,6.83,FILLED,Top-K目标建仓/加仓,
ORD_000875,,600918.SH,BUY,2024-02-02,2024-02-05,1900,1900,0,0,1900,6.41,6.41,5.0,0.0,0.12,19.0,24.12,FILLED,Top-K目标建仓/加仓,
ORD_000876,,600406.SH,BUY,2024-02-02,2024-02-05,100,100,0,0,100,20.6,20.68,5.0,0.0,0.02,2.0,7.02,FILLED,Top-K目标建仓/加仓,
ORD_000877,,600219.SH,BUY,2024-02-02,2024-02-05,9400,9400,0,0,9400,2.83,2.83,6.65,0.0,0.27,0.0,6.92,FILLED,Top-K目标建仓/加仓,
ORD_000878,,600887.SH,BUY,2024-02-02,2024-02-05,900,900,0,0,900,26.96,27.1,6.1,0.0,0.24,27.0,33.34,FILLED,Top-K目标建仓/加仓,
ORD_000879,,601018.SH,BUY,2024-02-02,2024-02-05,7600,7600,0,0,7600,3.51,3.5,6.65,0.0,0.27,0.0,6.92,FILLED,Top-K目标建仓/加仓,
ORD_000880,,600460.SH,BUY,2024-02-02,2024-02-05,1500,1500,0,0,1500,17.3,17.24,6.46,0.0,0.26,30.0,36.72,FILLED,Top-K目标建仓/加仓,
ORD_000881,,002422.SZ,BUY,2024-02-02,2024-02-05,1100,1100,0,0,1100,22.69,22.55,6.2,0.0,0.25,22.0,28.45,FILLED,Top-K目标建仓/加仓,
ORD_000882,,601878.SH,BUY,2024-02-02,2024-02-05,1400,1400,0,0,1400,9.38,9.39,5.0,0.0,0.13,14.0,19.13,FILLED,Top-K目标建仓/加仓,
ORD_000883,,601878.SH,SELL,2024-02-05,2024-02-06,2800,2800,0,0,2800,9.07,9.02,6.31,12.63,0.25,28.0,47.19,FILLED,"触发跟踪止盈 (最高浮盈: 6.07%, 自高点回撤: 10.55%)",
ORD_000884,,002422.SZ,SELL,2024-02-08,2024-02-19,1100,1100,0,0,1100,26.17,26.57,7.31,14.61,0.29,33.0,55.21,FILLED,"触发跟踪止盈 (最高浮盈: 23.15%, 自高点回撤: 5.76%)",
ORD_000885,,002532.SZ,SELL,2024-02-23,2024-02-26,5300,5300,0,0,5300,5.74,5.69,7.54,15.08,0.3,53.0,75.92,FILLED,"触发跟踪止盈 (最高浮盈: 22.18%, 自高点回撤: 5.28%)",
ORD_000886,,600460.SH,SELL,2024-02-26,2024-02-27,1500,1500,0,0,1500,19.99,19.95,7.48,14.96,0.3,30.0,52.74,FILLED,调仓剔除(掉出Top-K),
ORD_000887,,601018.SH,SELL,2024-02-26,2024-02-27,7600,7600,0,0,7600,3.52,3.51,6.67,13.34,0.27,0.0,20.28,FILLED,调仓剔除(掉出Top-K),
ORD_000888,,600918.SH,SELL,2024-02-26,2024-02-27,4100,4100,0,0,4100,6.78,6.76,6.93,13.86,0.28,41.0,62.07,FILLED,调仓剔除(掉出Top-K),
ORD_000897,,600887.SH,SELL,2024-02-26,2024-02-27,200,200,0,0,200,28.69,28.55,5.0,2.85,0.06,6.0,13.91,FILLED,Top-K目标再平衡减仓,
ORD_000898,,600219.SH,SELL,2024-02-26,2024-02-27,2000,2000,0,0,2000,3.02,3.03,5.0,3.03,0.06,0.0,8.09,FILLED,Top-K目标再平衡减仓,
ORD_000899,,600406.SH,SELL,2024-02-26,2024-02-27,400,400,0,0,400,22.75,22.66,5.0,4.53,0.09,8.0,17.62,FILLED,Top-K目标再平衡减仓,
ORD_000889,,002001.SZ,BUY,2024-02-26,2024-02-27,1200,1200,0,0,1200,17.41,17.4,5.22,0.0,0.21,24.0,29.43,FILLED,Top-K目标建仓/加仓,
ORD_000890,,000725.SZ,BUY,2024-02-26,2024-02-27,5700,5700,0,0,5700,3.93,3.93,5.6,0.0,0.22,0.0,5.82,FILLED,Top-K目标建仓/加仓,
ORD_000891,,601878.SH,BUY,2024-02-26,2024-02-27,1400,1400,0,0,1400,10.07,10.04,5.0,0.0,0.14,14.0,19.14,FILLED,Top-K目标建仓/加仓,
ORD_000892,,601838.SH,BUY,2024-02-26,2024-02-27,1100,1100,0,0,1100,13.3,13.3,5.0,0.0,0.15,11.0,16.15,FILLED,Top-K目标建仓/加仓,
ORD_000893,,601728.SH,BUY,2024-02-26,2024-02-27,2500,2500,0,0,2500,5.85,5.82,5.0,0.0,0.15,25.0,30.15,FILLED,Top-K目标建仓/加仓,
ORD_000894,,601985.SH,BUY,2024-02-26,2024-02-27,1700,1700,0,0,1700,8.47,8.44,5.0,0.0,0.14,17.0,22.14,FILLED,Top-K目标建仓/加仓,
ORD_000895,,601211.SH,BUY,2024-02-26,2024-02-27,900,900,0,0,900,15.02,15.04,5.0,0.0,0.14,18.0,23.14,FILLED,Top-K目标建仓/加仓,
ORD_000896,,601607.SH,BUY,2024-02-26,2024-02-27,1200,1200,0,0,1200,17.77,17.77,5.33,0.0,0.21,24.0,29.54,FILLED,Top-K目标建仓/加仓,
ORD_000900,,601878.SH,SELL,2024-03-07,2024-03-08,1400,1400,0,0,1400,10.16,10.12,5.0,7.08,0.14,14.0,26.22,FILLED,"触发跟踪止盈 (最高浮盈: 7.17%, 自高点回撤: 5.58%)",
ORD_000901,,601211.SH,SELL,2024-03-11,2024-03-12,900,900,0,0,900,14.99,15.01,5.0,6.75,0.14,18.0,29.89,FILLED,调仓剔除(掉出Top-K),
ORD_000902,,600887.SH,SELL,2024-03-11,2024-03-12,700,700,0,0,700,28.5,28.47,5.0,9.96,0.2,21.0,36.16,FILLED,调仓剔除(掉出Top-K),
ORD_000903,,601985.SH,SELL,2024-03-11,2024-03-12,1700,1700,0,0,1700,8.98,8.94,5.0,7.6,0.15,17.0,29.75,FILLED,调仓剔除(掉出Top-K),
ORD_000904,,600219.SH,SELL,2024-03-11,2024-03-12,7400,7400,0,0,7400,3.25,3.25,6.01,12.03,0.24,0.0,18.28,FILLED,调仓剔除(掉出Top-K),
ORD_000906,,000725.SZ,SELL,2024-03-11,2024-03-12,200,200,0,0,200,4.08,4.09,5.0,0.41,0.01,0.0,5.42,FILLED,Top-K目标再平衡减仓,
ORD_000908,,601728.SH,SELL,2024-03-11,2024-03-12,400,400,0,0,400,5.88,5.89,5.0,1.18,0.02,4.0,10.2,FILLED,Top-K目标再平衡减仓,
ORD_000912,,601838.SH,SELL,2024-03-11,2024-03-12,200,200,0,0,200,13.41,13.41,5.0,1.34,0.03,2.0,8.37,FILLED,Top-K目标再平衡减仓,
ORD_000905,,688303.SH,BUY,2024-03-11,2024-03-12,400,400,0,0,400,30.45,30.43,5.0,0.0,0.12,12.0,17.12,FILLED,Top-K目标建仓/加仓,
ORD_000907,,601077.SH,BUY,2024-03-11,2024-03-12,2600,2600,0,0,2600,4.67,4.65,5.0,0.0,0.12,0.0,5.12,FILLED,Top-K目标建仓/加仓,
ORD_000909,,600362.SH,BUY,2024-03-11,2024-03-12,1000,1000,0,0,1000,20.69,20.67,5.17,0.0,0.21,20.0,25.38,FILLED,Top-K目标建仓/加仓,
ORD_000910,,600905.SH,BUY,2024-03-11,2024-03-12,2500,2500,0,0,2500,4.86,4.85,5.0,0.0,0.12,0.0,5.12,FILLED,Top-K目标建仓/加仓,
ORD_000911,,600941.SH,BUY,2024-03-11,2024-03-12,100,100,0,0,100,106.89,106.79,5.0,0.0,0.11,11.0,16.11,FILLED,Top-K目标建仓/加仓,
ORD_000913,,002001.SZ,SELL,2024-03-14,2024-03-15,1200,1200,0,0,1200,17.5,17.39,5.22,10.43,0.21,24.0,39.86,FILLED,"触发跟踪止盈 (最高浮盈: 5.98%, 自高点回撤: 5.10%)",
ORD_000914,,601607.SH,SELL,2024-03-14,2024-03-15,1200,1200,0,0,1200,17.53,17.49,5.25,10.49,0.21,24.0,39.95,FILLED,"触发跟踪止盈 (最高浮盈: 5.85%, 自高点回撤: 6.80%)",
ORD_000915,,600406.SH,SELL,2024-03-15,2024-03-18,900,900,0,0,900,24.1,24.15,5.43,10.87,0.22,18.0,34.52,FILLED,"触发跟踪止盈 (最高浮盈: 21.70%, 自高点回撤: 5.38%)",
ORD_000916,,000725.SZ,SELL,2024-03-22,2024-03-25,5500,5500,0,0,5500,3.92,3.92,5.39,10.78,0.22,0.0,16.39,FILLED,"触发跟踪止盈 (最高浮盈: 5.34%, 自高点回撤: 5.31%)",
ORD_000917,,688303.SH,SELL,2024-03-22,2024-03-25,400,400,0,0,400,27.68,27.57,5.0,5.51,0.11,12.0,22.62,FILLED,触发个股硬止损 (浮亏: -9.04% <= -8.0%),
ORD_000918,,600362.SH,SELL,2024-03-22,2024-03-25,1000,1000,0,0,1000,22.2,22.26,5.57,11.13,0.22,20.0,36.92,FILLED,"触发跟踪止盈 (最高浮盈: 15.09%, 自高点回撤: 6.68%)",
ORD_000919,,601728.SH,SELL,2024-03-25,2024-03-26,2100,2100,0,0,2100,5.85,5.81,5.0,6.1,0.12,21.0,32.22,FILLED,调仓剔除(掉出Top-K),
ORD_000920,,601077.SH,SELL,2024-03-25,2024-03-26,2600,2600,0,0,2600,4.58,4.59,5.0,5.97,0.12,0.0,11.09,FILLED,调仓剔除(掉出Top-K),
ORD_000921,,601838.SH,SELL,2024-03-25,2024-03-26,900,900,0,0,900,13.25,13.23,5.0,5.95,0.12,9.0,20.07,FILLED,调仓剔除(掉出Top-K),
ORD_000922,,600905.SH,SELL,2024-03-25,2024-03-26,2500,2500,0,0,2500,4.65,4.64,5.0,5.8,0.12,0.0,10.92,FILLED,调仓剔除(掉出Top-K),
ORD_000923,,600674.SH,BUY,2024-03-25,2024-03-26,1600,1600,0,0,1600,16.48,16.51,6.6,0.0,0.26,32.0,38.86,FILLED,Top-K目标建仓/加仓,
ORD_000924,,600219.SH,BUY,2024-03-25,2024-03-26,8200,8200,0,0,8200,3.34,3.37,6.91,0.0,0.28,0.0,7.19,FILLED,Top-K目标建仓/加仓,
ORD_000925,,600887.SH,BUY,2024-03-25,2024-03-26,900,900,0,0,900,28.38,28.53,6.42,0.0,0.26,27.0,33.68,FILLED,Top-K目标建仓/加仓,
ORD_000926,,002027.SZ,BUY,2024-03-25,2024-03-26,4100,4100,0,0,4100,6.63,6.64,6.81,0.0,0.27,41.0,48.08,FILLED,Top-K目标建仓/加仓,
ORD_000927,,601377.SH,BUY,2024-03-25,2024-03-26,4900,4900,0,0,4900,5.51,5.51,6.75,0.0,0.27,49.0,56.02,FILLED,Top-K目标建仓/加仓,
ORD_000928,,002311.SZ,BUY,2024-03-25,2024-03-26,600,600,0,0,600,42.78,42.91,6.44,0.0,0.26,24.0,30.7,FILLED,Top-K目标建仓/加仓,
ORD_000929,,601658.SH,BUY,2024-03-25,2024-03-26,5200,5200,0,0,5200,4.74,4.75,6.17,0.0,0.25,0.0,6.42,FILLED,Top-K目标建仓/加仓,
ORD_000930,,600918.SH,BUY,2024-03-25,2024-03-26,3700,3700,0,0,3700,6.59,6.57,6.08,0.0,0.24,37.0,43.32,FILLED,Top-K目标建仓/加仓,
ORD_000931,,600941.SH,BUY,2024-03-25,2024-03-26,100,100,0,0,100,104.0,103.48,5.0,0.0,0.1,10.0,15.1,FILLED,Top-K目标建仓/加仓,
ORD_000932,,601377.SH,SELL,2024-04-10,2024-04-11,4900,4900,0,0,4900,5.39,5.37,6.58,13.16,0.26,49.0,69.0,FILLED,调仓剔除(掉出Top-K),
ORD_000933,,601658.SH,SELL,2024-04-10,2024-04-11,5200,5200,0,0,5200,4.68,4.67,6.07,12.14,0.24,0.0,18.45,FILLED,调仓剔除(掉出Top-K),
ORD_000934,,002311.SZ,SELL,2024-04-10,2024-04-11,600,600,0,0,600,43.55,43.16,6.47,12.95,0.26,24.0,43.68,FILLED,调仓剔除(掉出Top-K),
ORD_000935,,002027.SZ,SELL,2024-04-10,2024-04-11,4100,4100,0,0,4100,6.99,6.96,7.13,14.27,0.29,41.0,62.69,FILLED,调仓剔除(掉出Top-K),
ORD_000936,,600674.SH,SELL,2024-04-10,2024-04-11,1600,1600,0,0,1600,16.85,16.94,6.78,13.55,0.27,32.0,52.6,FILLED,调仓剔除(掉出Top-K),
ORD_000937,,600219.SH,SELL,2024-04-10,2024-04-11,8200,8200,0,0,8200,3.56,3.53,7.24,14.47,0.29,0.0,22.0,FILLED,调仓剔除(掉出Top-K),
ORD_000945,,600918.SH,SELL,2024-04-10,2024-04-11,1400,1400,0,0,1400,6.28,6.25,5.0,4.38,0.09,14.0,23.47,FILLED,Top-K目标再平衡减仓,
ORD_000946,,600941.SH,SELL,2024-04-10,2024-04-11,100,100,0,0,100,104.68,104.29,5.0,5.21,0.1,10.0,20.31,FILLED,Top-K目标再平衡减仓,
ORD_000938,,002001.SZ,BUY,2024-04-10,2024-04-11,1500,1500,0,0,1500,16.5,16.46,6.17,0.0,0.25,30.0,36.42,FILLED,Top-K目标建仓/加仓,
ORD_000939,,600919.SH,BUY,2024-04-10,2024-04-11,1800,1800,0,0,1800,7.91,7.88,5.0,0.0,0.14,18.0,23.14,FILLED,Top-K目标建仓/加仓,
ORD_000940,,601868.SH,BUY,2024-04-10,2024-04-11,6900,6900,0,0,6900,2.14,2.14,5.0,0.0,0.15,0.0,5.15,FILLED,Top-K目标建仓/加仓,
ORD_000941,,600660.SH,BUY,2024-04-10,2024-04-11,500,500,0,0,500,44.38,44.34,5.54,0.0,0.22,20.0,25.76,FILLED,Top-K目标建仓/加仓,
ORD_000942,,601077.SH,BUY,2024-04-10,2024-04-11,3200,3200,0,0,3200,4.58,4.57,5.0,0.0,0.15,0.0,5.15,FILLED,Top-K目标建仓/加仓,
ORD_000943,,600741.SH,BUY,2024-04-10,2024-04-11,1400,1400,0,0,1400,17.38,17.34,6.07,0.0,0.24,28.0,34.31,FILLED,Top-K目标建仓/加仓,
ORD_000944,,600050.SH,BUY,2024-04-10,2024-04-11,5400,5400,0,0,5400,4.56,4.54,6.13,0.0,0.25,0.0,6.38,FILLED,Top-K目标建仓/加仓,
ORD_000947,,600050.SH,SELL,2024-04-24,2024-04-25,5400,5400,0,0,5400,4.73,4.72,6.37,12.74,0.25,0.0,19.36,FILLED,调仓剔除(掉出Top-K),
ORD_000948,,600887.SH,SELL,2024-04-24,2024-04-25,900,900,0,0,900,27.98,27.92,6.28,12.56,0.25,27.0,46.09,FILLED,调仓剔除(掉出Top-K),
ORD_000949,,002001.SZ,SELL,2024-04-24,2024-04-25,1500,1500,0,0,1500,18.14,18.01,6.75,13.51,0.27,30.0,50.53,FILLED,调仓剔除(掉出Top-K),
ORD_000950,,600660.SH,SELL,2024-04-24,2024-04-25,500,500,0,0,500,45.28,45.16,5.65,11.29,0.23,25.0,42.17,FILLED,调仓剔除(掉出Top-K),
ORD_000951,,600741.SH,SELL,2024-04-24,2024-04-25,1400,1400,0,0,1400,17.8,17.81,6.23,12.47,0.25,28.0,46.95,FILLED,调仓剔除(掉出Top-K),
ORD_000953,,600941.SH,SELL,2024-04-24,2024-04-25,100,100,0,0,100,104.85,104.7,5.0,5.24,0.1,10.0,20.34,FILLED,Top-K目标再平衡减仓,
ORD_000955,,600919.SH,SELL,2024-04-24,2024-04-25,900,900,0,0,900,8.16,8.16,5.0,3.67,0.07,9.0,17.74,FILLED,Top-K目标再平衡减仓,
ORD_000960,,600918.SH,SELL,2024-04-24,2024-04-25,1200,1200,0,0,1200,6.28,6.26,5.0,3.76,0.08,12.0,20.84,FILLED,Top-K目标再平衡减仓,
ORD_000961,,601077.SH,SELL,2024-04-24,2024-04-25,1600,1600,0,0,1600,4.56,4.56,5.0,3.65,0.07,0.0,8.72,FILLED,Top-K目标再平衡减仓,
ORD_000962,,601868.SH,SELL,2024-04-24,2024-04-25,3500,3500,0,0,3500,2.2,2.2,5.0,3.85,0.08,0.0,8.93,FILLED,Top-K目标再平衡减仓,
ORD_000952,,601816.SH,BUY,2024-04-24,2024-04-25,1400,1400,0,0,1400,5.16,5.17,5.0,0.0,0.07,14.0,19.07,FILLED,Top-K目标建仓/加仓,
ORD_000954,,600219.SH,BUY,2024-04-24,2024-04-25,6800,6800,0,0,6800,3.33,3.34,5.68,0.0,0.23,0.0,5.91,FILLED,Top-K目标建仓/加仓,
ORD_000956,,601916.SH,BUY,2024-04-24,2024-04-25,2500,2500,0,0,2500,2.94,2.94,5.0,0.0,0.07,0.0,5.07,FILLED,Top-K目标建仓/加仓,
ORD_000957,,601229.SH,BUY,2024-04-24,2024-04-25,1000,1000,0,0,1000,6.98,7.0,5.0,0.0,0.07,10.0,15.07,FILLED,Top-K目标建仓/加仓,
ORD_000958,,601066.SH,BUY,2024-04-24,2024-04-25,300,300,0,0,300,21.41,21.35,5.0,0.0,0.06,6.0,11.06,FILLED,Top-K目标建仓/加仓,
ORD_000959,,600025.SH,BUY,2024-04-24,2024-04-25,700,700,0,0,700,9.76,9.78,5.0,0.0,0.07,7.0,12.07,FILLED,Top-K目标建仓/加仓,
ORD_000963,,600919.SH,SELL,2024-04-26,2024-04-29,900,900,0,0,900,7.67,7.63,5.0,3.43,0.07,9.0,17.5,FILLED,"触发跟踪止盈 (最高浮盈: 7.23%, 自高点回撤: 9.23%)",
ORD_000964,,600918.SH,SELL,2024-04-30,2024-05-06,1100,1100,0,0,1100,6.66,6.7,5.0,3.69,0.07,11.0,19.76,FILLED,"触发跟踪止盈 (最高浮盈: 9.89%, 自高点回撤: 7.76%)",
ORD_000965,,601868.SH,SELL,2024-05-08,2024-05-09,3400,3400,0,0,3400,2.17,2.17,5.0,3.69,0.07,0.0,8.76,FILLED,"触发跟踪止盈 (最高浮盈: 7.01%, 自高点回撤: 5.24%)",
ORD_000966,,600025.SH,SELL,2024-05-13,2024-05-14,700,700,0,0,700,9.57,9.53,5.0,3.34,0.07,7.0,15.41,FILLED,调仓剔除(掉出Top-K),
ORD_000967,,601229.SH,SELL,2024-05-13,2024-05-14,1000,1000,0,0,1000,7.51,7.51,5.0,3.75,0.08,10.0,18.83,FILLED,调仓剔除(掉出Top-K),
ORD_000968,,601077.SH,SELL,2024-05-13,2024-05-14,1600,1600,0,0,1600,4.75,4.75,5.0,3.8,0.08,0.0,8.88,FILLED,调仓剔除(掉出Top-K),
ORD_000969,,601066.SH,SELL,2024-05-13,2024-05-14,300,300,0,0,300,22.64,22.72,5.0,3.41,0.07,6.0,14.48,FILLED,调仓剔除(掉出Top-K),
ORD_000970,,601658.SH,BUY,2024-05-13,2024-05-14,3700,3700,0,0,3700,4.97,4.99,5.0,0.0,0.18,0.0,5.18,FILLED,Top-K目标建仓/加仓,
ORD_000971,,600674.SH,BUY,2024-05-13,2024-05-14,1800,1800,0,0,1800,16.88,16.89,7.6,0.0,0.3,36.0,43.9,FILLED,Top-K目标建仓/加仓,
ORD_000972,,601607.SH,BUY,2024-05-13,2024-05-14,1700,1700,0,0,1700,18.26,18.25,7.76,0.0,0.31,34.0,42.07,FILLED,Top-K目标建仓/加仓,
ORD_000973,,601916.SH,BUY,2024-05-13,2024-05-14,3800,3800,0,0,3800,2.98,2.98,5.0,0.0,0.11,0.0,5.11,FILLED,Top-K目标建仓/加仓,
ORD_000974,,601816.SH,BUY,2024-05-13,2024-05-14,2100,2100,0,0,2100,5.22,5.22,5.0,0.0,0.11,21.0,26.11,FILLED,Top-K目标建仓/加仓,
ORD_000975,,302132.SZ,BUY,2024-05-13,2024-05-14,400,400,0,0,400,42.1,41.66,5.0,0.0,0.17,16.0,21.17,FILLED,Top-K目标建仓/加仓,
ORD_000976,,600219.SH,BUY,2024-05-13,2024-05-14,1600,1600,0,0,1600,3.71,3.76,5.0,0.0,0.06,0.0,5.06,FILLED,Top-K目标建仓/加仓,
ORD_000977,,600050.SH,BUY,2024-05-13,2024-05-14,6700,6700,0,0,6700,4.66,4.67,7.82,0.0,0.31,0.0,8.13,FILLED,Top-K目标建仓/加仓,
ORD_000978,,600219.SH,SELL,2024-05-21,2024-05-22,8400,8400,0,0,8400,3.8,3.83,8.04,16.09,0.32,0.0,24.45,FILLED,"触发跟踪止盈 (最高浮盈: 17.25%, 自高点回撤: 5.24%)",
ORD_000979,,601816.SH,SELL,2024-05-27,2024-05-28,3500,3500,0,0,3500,5.19,5.19,5.0,9.08,0.18,35.0,49.26,FILLED,调仓剔除(掉出Top-K),
ORD_000980,,600050.SH,SELL,2024-05-27,2024-05-28,6700,6700,0,0,6700,4.7,4.69,7.86,15.71,0.31,0.0,23.88,FILLED,调仓剔除(掉出Top-K),
ORD_000981,,302132.SZ,SELL,2024-05-27,2024-05-28,400,400,0,0,400,40.2,40.08,5.0,8.02,0.16,16.0,29.18,FILLED,调仓剔除(掉出Top-K),
ORD_000982,,600674.SH,SELL,2024-05-27,2024-05-28,1800,1800,0,0,1800,17.57,17.57,7.91,15.81,0.32,36.0,60.04,FILLED,调仓剔除(掉出Top-K),
ORD_000983,,601658.SH,SELL,2024-05-27,2024-05-28,800,800,0,0,800,5.15,5.14,5.0,2.06,0.04,8.0,15.1,FILLED,Top-K目标再平衡减仓,
ORD_000989,,601916.SH,SELL,2024-05-27,2024-05-28,1400,1400,0,0,1400,3.07,3.07,5.0,2.15,0.04,0.0,7.19,FILLED,Top-K目标再平衡减仓,
ORD_000984,,601077.SH,BUY,2024-05-27,2024-05-28,2900,2900,0,0,2900,5.08,5.09,5.0,0.0,0.15,29.0,34.15,FILLED,Top-K目标建仓/加仓,
ORD_000985,,600760.SH,BUY,2024-05-27,2024-05-28,800,800,0,0,800,38.78,38.74,7.75,0.0,0.31,32.0,40.06,FILLED,Top-K目标建仓/加仓,
ORD_000986,,601728.SH,BUY,2024-05-27,2024-05-28,2400,2400,0,0,2400,6.04,6.05,5.0,0.0,0.15,24.0,29.15,FILLED,Top-K目标建仓/加仓,
ORD_000987,,601857.SH,BUY,2024-05-27,2024-05-28,3000,3000,0,0,3000,10.24,10.26,7.7,0.0,0.31,30.0,38.01,FILLED,Top-K目标建仓/加仓,
ORD_000988,,601229.SH,BUY,2024-05-27,2024-05-28,1800,1800,0,0,1800,8.02,8.04,5.0,0.0,0.14,18.0,23.14,FILLED,Top-K目标建仓/加仓,
ORD_000990,,601229.SH,SELL,2024-06-11,2024-06-12,1800,1800,0,0,1800,7.57,7.54,5.0,6.79,0.14,18.0,29.93,FILLED,调仓剔除(掉出Top-K),
ORD_000991,,600760.SH,SELL,2024-06-11,2024-06-12,800,800,0,0,800,42.48,42.15,8.43,16.86,0.34,32.0,57.63,FILLED,调仓剔除(掉出Top-K),
ORD_000992,,601077.SH,SELL,2024-06-11,2024-06-12,2900,2900,0,0,2900,5.03,5.02,5.0,7.28,0.15,29.0,41.43,FILLED,调仓剔除(掉出Top-K),
ORD_000993,,601607.SH,SELL,2024-06-11,2024-06-12,1700,1700,0,0,1700,18.72,18.65,7.93,15.85,0.32,34.0,58.1,FILLED,调仓剔除(掉出Top-K),
ORD_000994,,601658.SH,BUY,2024-06-11,2024-06-12,900,900,0,0,900,4.92,4.91,5.0,0.0,0.04,0.0,5.04,FILLED,Top-K目标建仓/加仓,
ORD_000995,,600050.SH,BUY,2024-06-11,2024-06-12,7000,7000,0,0,7000,4.47,4.49,7.86,0.0,0.31,0.0,8.17,FILLED,Top-K目标建仓/加仓,
ORD_000996,,601728.SH,BUY,2024-06-11,2024-06-12,800,800,0,0,800,5.84,5.84,5.0,0.0,0.05,8.0,13.05,FILLED,Top-K目标建仓/加仓,
ORD_000997,,600674.SH,BUY,2024-06-11,2024-06-12,1700,1700,0,0,1700,18.46,18.46,7.85,0.0,0.31,34.0,42.16,FILLED,Top-K目标建仓/加仓,
ORD_000998,,601857.SH,BUY,2024-06-11,2024-06-12,100,100,0,0,100,9.82,9.8,5.0,0.0,0.01,1.0,6.01,FILLED,Top-K目标建仓/加仓,
ORD_000999,,601838.SH,BUY,2024-06-11,2024-06-12,1200,1200,0,0,1200,15.13,15.15,5.0,0.0,0.18,24.0,29.18,FILLED,Top-K目标建仓/加仓,
ORD_001000,,601939.SH,BUY,2024-06-11,2024-06-12,4400,4400,0,0,4400,7.12,7.13,7.84,0.0,0.31,44.0,52.15,FILLED,Top-K目标建仓/加仓,
ORD_001001,,601916.SH,BUY,2024-06-11,2024-06-12,1600,1600,0,0,1600,2.89,2.9,5.0,0.0,0.05,0.0,5.05,FILLED,Top-K目标建仓/加仓,
ORD_001002,,601728.SH,SELL,2024-06-25,2024-06-26,3200,3200,0,0,3200,5.84,5.81,5.0,9.3,0.19,32.0,46.49,FILLED,调仓剔除(掉出Top-K),
ORD_001003,,601838.SH,SELL,2024-06-25,2024-06-26,1200,1200,0,0,1200,14.88,14.81,5.0,8.89,0.18,12.0,26.07,FILLED,调仓剔除(掉出Top-K),
ORD_001004,,601916.SH,SELL,2024-06-25,2024-06-26,6500,6500,0,0,6500,2.82,2.66,5.0,8.64,0.17,0.0,13.81,FILLED,调仓剔除(掉出Top-K),
ORD_001009,,600674.SH,SELL,2024-06-25,2024-06-26,400,400,0,0,400,18.24,18.16,5.0,3.63,0.07,8.0,16.7,FILLED,Top-K目标再平衡减仓,
ORD_001012,,601857.SH,SELL,2024-06-25,2024-06-26,700,700,0,0,700,10.05,9.82,5.0,3.44,0.07,7.0,15.51,FILLED,Top-K目标再平衡减仓,
ORD_001013,,601939.SH,SELL,2024-06-25,2024-06-26,1000,1000,0,0,1000,7.28,7.26,5.0,3.63,0.07,10.0,18.7,FILLED,Top-K目标再平衡减仓,
ORD_001014,,600050.SH,SELL,2024-06-25,2024-06-26,1500,1500,0,0,1500,4.5,4.5,5.0,3.38,0.07,0.0,8.45,FILLED,Top-K目标再平衡减仓,
ORD_001005,,601377.SH,BUY,2024-06-25,2024-06-26,4800,4800,0,0,4800,5.14,5.15,6.18,0.0,0.25,48.0,54.43,FILLED,Top-K目标建仓/加仓,
ORD_001006,,601658.SH,BUY,2024-06-25,2024-06-26,1300,1300,0,0,1300,4.87,4.88,5.0,0.0,0.06,0.0,5.06,FILLED,Top-K目标建仓/加仓,
ORD_001007,,601006.SH,BUY,2024-06-25,2024-06-26,3500,3500,0,0,3500,7.04,7.05,6.17,0.0,0.25,35.0,41.42,FILLED,Top-K目标建仓/加仓,
ORD_001008,,601229.SH,BUY,2024-06-25,2024-06-26,3300,3300,0,0,3300,7.43,7.43,6.13,0.0,0.25,33.0,39.38,FILLED,Top-K目标建仓/加仓,
ORD_001010,,600887.SH,BUY,2024-06-25,2024-06-26,900,900,0,0,900,25.77,25.79,5.8,0.0,0.23,27.0,33.03,FILLED,Top-K目标建仓/加仓,
ORD_001011,,000776.SZ,BUY,2024-06-25,2024-06-26,2000,2000,0,0,2000,12.25,12.25,6.12,0.0,0.25,20.0,26.37,FILLED,Top-K目标建仓/加仓,
ORD_001015,,000776.SZ,SELL,2024-07-08,2024-07-09,2000,2000,0,0,2000,11.25,11.24,5.62,11.24,0.22,20.0,37.08,FILLED,触发个股硬止损 (浮亏: -8.16% <= -8.0%),
ORD_001016,,600050.SH,SELL,2024-07-09,2024-07-10,5500,5500,0,0,5500,4.77,4.75,6.53,13.06,0.26,0.0,19.85,FILLED,调仓剔除(掉出Top-K),
ORD_001017,,600887.SH,SELL,2024-07-09,2024-07-10,900,900,0,0,900,25.0,24.79,5.58,11.16,0.22,18.0,34.96,FILLED,调仓剔除(掉出Top-K),
ORD_001018,,601939.SH,SELL,2024-07-09,2024-07-10,900,900,0,0,900,7.67,7.68,5.0,3.46,0.07,9.0,17.53,FILLED,Top-K目标再平衡减仓,
ORD_001024,,601377.SH,SELL,2024-07-09,2024-07-10,900,900,0,0,900,4.91,4.9,5.0,2.21,0.04,0.0,7.25,FILLED,Top-K目标再平衡减仓,
ORD_001025,,601006.SH,SELL,2024-07-09,2024-07-10,900,900,0,0,900,7.18,7.17,5.0,3.23,0.06,9.0,17.29,FILLED,Top-K目标再平衡减仓,
ORD_001026,,601229.SH,SELL,2024-07-09,2024-07-10,1900,1900,0,0,1900,7.33,7.31,5.0,6.94,0.14,19.0,31.08,FILLED,Top-K目标再平衡减仓,
ORD_001027,,601658.SH,SELL,2024-07-09,2024-07-10,3000,3000,0,0,3000,5.07,5.07,5.0,7.61,0.15,30.0,42.76,FILLED,Top-K目标再平衡减仓,
ORD_001028,,601857.SH,SELL,2024-07-09,2024-07-10,600,600,0,0,600,10.64,10.61,5.0,3.18,0.06,6.0,14.24,FILLED,Top-K目标再平衡减仓,
ORD_001029,,600674.SH,SELL,2024-07-09,2024-07-10,400,400,0,0,400,20.1,20.07,5.0,4.01,0.08,8.0,17.09,FILLED,Top-K目标再平衡减仓,
ORD_001019,,601838.SH,BUY,2024-07-09,2024-07-10,700,700,0,0,700,14.84,14.84,5.0,0.0,0.1,7.0,12.1,FILLED,Top-K目标建仓/加仓,
ORD_001020,,601728.SH,BUY,2024-07-09,2024-07-10,1700,1700,0,0,1700,6.27,6.27,5.0,0.0,0.11,17.0,22.11,FILLED,Top-K目标建仓/加仓,
ORD_001021,,600741.SH,BUY,2024-07-09,2024-07-10,1200,1200,0,0,1200,15.73,15.66,5.0,0.0,0.19,24.0,29.19,FILLED,Top-K目标建仓/加仓,
ORD_001022,,600025.SH,BUY,2024-07-09,2024-07-10,900,900,0,0,900,11.75,11.75,5.0,0.0,0.11,9.0,14.11,FILLED,Top-K目标建仓/加仓,
ORD_001023,,600926.SH,BUY,2024-07-09,2024-07-10,800,800,0,0,800,13.34,13.37,5.0,0.0,0.11,8.0,13.11,FILLED,Top-K目标建仓/加仓,
ORD_001030,,601658.SH,SELL,2024-07-11,2024-07-12,2100,2100,0,0,2100,4.83,4.83,5.0,5.07,0.1,0.0,10.17,FILLED,"触发跟踪止盈 (最高浮盈: 6.31%, 自高点回撤: 7.12%)",
ORD_001031,,601939.SH,SELL,2024-07-12,2024-07-15,2500,2500,0,0,2500,7.37,7.36,5.0,9.2,0.18,25.0,39.38,FILLED,"触发跟踪止盈 (最高浮盈: 9.12%, 自高点回撤: 5.27%)",
ORD_001032,,601857.SH,SELL,2024-07-17,2024-07-18,1800,1800,0,0,1800,10.09,10.11,5.0,9.1,0.18,18.0,32.28,FILLED,"触发跟踪止盈 (最高浮盈: 5.04%, 自高点回撤: 6.14%)",
ORD_001033,,600674.SH,SELL,2024-07-17,2024-07-18,900,900,0,0,900,19.11,19.15,5.0,8.62,0.17,18.0,31.79,FILLED,"触发跟踪止盈 (最高浮盈: 9.26%, 自高点回撤: 5.26%)",
ORD_001034,,600025.SH,SELL,2024-07-23,2024-07-24,900,900,0,0,900,11.9,11.92,5.0,5.36,0.11,9.0,19.47,FILLED,调仓剔除(掉出Top-K),
ORD_001035,,601229.SH,SELL,2024-07-23,2024-07-24,1400,1400,0,0,1400,7.46,7.44,5.0,5.21,0.1,14.0,24.31,FILLED,调仓剔除(掉出Top-K),
ORD_001036,,601728.SH,SELL,2024-07-23,2024-07-24,1700,1700,0,0,1700,6.32,6.3,5.0,5.36,0.11,17.0,27.47,FILLED,调仓剔除(掉出Top-K),
ORD_001037,,600926.SH,SELL,2024-07-23,2024-07-24,800,800,0,0,800,12.88,12.89,5.0,5.16,0.1,8.0,18.26,FILLED,调仓剔除(掉出Top-K),
ORD_001038,,600741.SH,SELL,2024-07-23,2024-07-24,1200,1200,0,0,1200,15.53,15.41,5.0,9.25,0.18,24.0,38.43,FILLED,调仓剔除(掉出Top-K),
ORD_001039,,600905.SH,BUY,2024-07-23,2024-07-24,5300,5300,0,0,5300,4.65,4.66,6.17,0.0,0.25,0.0,6.42,FILLED,Top-K目标建仓/加仓,
ORD_001040,,600196.SH,BUY,2024-07-23,2024-07-24,1000,1000,0,0,1000,23.02,22.93,5.73,0.0,0.23,20.0,25.96,FILLED,Top-K目标建仓/加仓,
ORD_001041,,601006.SH,BUY,2024-07-23,2024-07-24,1000,1000,0,0,1000,6.96,6.98,5.0,0.0,0.07,10.0,15.07,FILLED,Top-K目标建仓/加仓,
ORD_001042,,601018.SH,BUY,2024-07-23,2024-07-24,7200,7200,0,0,7200,3.48,3.49,6.28,0.0,0.25,0.0,6.53,FILLED,Top-K目标建仓/加仓,
ORD_001043,,600016.SH,BUY,2024-07-23,2024-07-24,6700,6700,0,0,6700,3.74,3.73,6.25,0.0,0.25,0.0,6.5,FILLED,Top-K目标建仓/加仓,
ORD_001044,,600900.SH,BUY,2024-07-23,2024-07-24,800,800,0,0,800,30.67,30.7,6.14,0.0,0.25,24.0,30.39,FILLED,Top-K目标建仓/加仓,
ORD_001045,,601211.SH,BUY,2024-07-23,2024-07-24,1800,1800,0,0,1800,13.89,13.89,6.25,0.0,0.25,18.0,24.5,FILLED,Top-K目标建仓/加仓,
ORD_001046,,600028.SH,BUY,2024-07-23,2024-07-24,3800,3800,0,0,3800,6.43,6.42,6.1,0.0,0.24,38.0,44.34,FILLED,Top-K目标建仓/加仓,
ORD_001047,,601838.SH,BUY,2024-07-23,2024-07-24,900,900,0,0,900,14.81,14.82,5.0,0.0,0.13,9.0,14.13,FILLED,Top-K目标建仓/加仓,
ORD_001048,,601377.SH,BUY,2024-07-23,2024-07-24,900,900,0,0,900,5.13,5.12,5.0,0.0,0.05,9.0,14.05,FILLED,Top-K目标建仓/加仓,
ORD_001049,,601211.SH,SELL,2024-08-06,2024-08-07,1800,1800,0,0,1800,14.18,14.17,6.38,12.75,0.26,18.0,37.39,FILLED,调仓剔除(掉出Top-K),
ORD_001050,,600196.SH,SELL,2024-08-06,2024-08-07,1000,1000,0,0,1000,23.78,23.7,5.92,11.85,0.24,20.0,38.01,FILLED,调仓剔除(掉出Top-K),
ORD_001051,,601377.SH,SELL,2024-08-06,2024-08-07,4800,4800,0,0,4800,5.34,5.33,6.4,12.79,0.26,48.0,67.45,FILLED,调仓剔除(掉出Top-K),
ORD_001052,,601838.SH,SELL,2024-08-06,2024-08-07,1600,1600,0,0,1600,14.19,14.18,5.67,11.34,0.23,16.0,33.24,FILLED,调仓剔除(掉出Top-K),
ORD_001053,,600016.SH,SELL,2024-08-06,2024-08-07,6700,6700,0,0,6700,3.48,3.47,5.81,11.62,0.23,0.0,17.66,FILLED,调仓剔除(掉出Top-K),
ORD_001054,,600905.SH,SELL,2024-08-06,2024-08-07,5300,5300,0,0,5300,4.76,4.77,6.32,12.64,0.25,0.0,19.21,FILLED,调仓剔除(掉出Top-K),
ORD_001061,,601018.SH,SELL,2024-08-06,2024-08-07,200,200,0,0,200,3.57,3.55,5.0,0.35,0.01,0.0,5.36,FILLED,Top-K目标再平衡减仓,
ORD_001055,,600926.SH,BUY,2024-08-06,2024-08-07,1100,1100,0,0,1100,13.0,13.02,5.0,0.0,0.14,11.0,16.14,FILLED,Top-K目标建仓/加仓,
ORD_001056,,601319.SH,BUY,2024-08-06,2024-08-07,2600,2600,0,0,2600,5.61,5.61,5.0,0.0,0.15,26.0,31.15,FILLED,Top-K目标建仓/加仓,
ORD_001057,,601868.SH,BUY,2024-08-06,2024-08-07,6700,6700,0,0,6700,2.22,2.23,5.0,0.0,0.15,0.0,5.15,FILLED,Top-K目标建仓/加仓,
ORD_001058,,601229.SH,BUY,2024-08-06,2024-08-07,2000,2000,0,0,2000,7.19,7.19,5.0,0.0,0.14,20.0,25.14,FILLED,Top-K目标建仓/加仓,
ORD_001059,,601857.SH,BUY,2024-08-06,2024-08-07,2900,2900,0,0,2900,8.49,8.45,6.13,0.0,0.25,29.0,35.38,FILLED,Top-K目标建仓/加仓,
ORD_001060,,601658.SH,BUY,2024-08-06,2024-08-07,3100,3100,0,0,3100,4.73,4.73,5.0,0.0,0.15,0.0,5.15,FILLED,Top-K目标建仓/加仓,
ORD_001062,,601857.SH,SELL,2024-08-20,2024-08-21,2900,2900,0,0,2900,8.89,8.83,6.4,12.8,0.26,29.0,48.46,FILLED,调仓剔除(掉出Top-K),
ORD_001063,,600028.SH,SELL,2024-08-20,2024-08-21,3800,3800,0,0,3800,6.66,6.64,6.31,12.62,0.25,38.0,57.18,FILLED,调仓剔除(掉出Top-K),
ORD_001064,,600900.SH,SELL,2024-08-20,2024-08-21,800,800,0,0,800,29.65,29.63,5.93,11.85,0.24,24.0,42.02,FILLED,调仓剔除(掉出Top-K),
ORD_001067,,601658.SH,SELL,2024-08-20,2024-08-21,1000,1000,0,0,1000,5.07,5.04,5.0,2.52,0.05,10.0,17.57,FILLED,Top-K目标再平衡减仓,
ORD_001068,,600926.SH,SELL,2024-08-20,2024-08-21,400,400,0,0,400,13.53,13.2,5.0,2.64,0.05,4.0,11.69,FILLED,Top-K目标再平衡减仓,
ORD_001069,,601319.SH,SELL,2024-08-20,2024-08-21,800,800,0,0,800,5.73,5.69,5.0,2.28,0.05,8.0,15.33,FILLED,Top-K目标再平衡减仓,
ORD_001070,,601868.SH,SELL,2024-08-20,2024-08-21,1900,1900,0,0,1900,2.23,2.22,5.0,2.11,0.04,0.0,7.15,FILLED,Top-K目标再平衡减仓,
ORD_001072,,601229.SH,SELL,2024-08-20,2024-08-21,600,600,0,0,600,7.62,7.59,5.0,2.28,0.05,6.0,13.33,FILLED,Top-K目标再平衡减仓,
ORD_001073,,601018.SH,SELL,2024-08-20,2024-08-21,100,100,0,0,100,3.62,3.63,5.0,0.18,0.0,0.0,5.18,FILLED,Top-K目标再平衡减仓,
ORD_001065,,000063.SZ,BUY,2024-08-20,2024-08-21,900,900,0,0,900,25.62,25.56,5.75,0.0,0.23,27.0,32.98,FILLED,Top-K目标建仓/加仓,
ORD_001066,,601728.SH,BUY,2024-08-20,2024-08-21,1700,1700,0,0,1700,6.04,6.07,5.0,0.0,0.1,17.0,22.1,FILLED,Top-K目标建仓/加仓,
ORD_001071,,601838.SH,BUY,2024-08-20,2024-08-21,700,700,0,0,700,15.12,15.1,5.0,0.0,0.11,14.0,19.11,FILLED,Top-K目标建仓/加仓,
ORD_001074,,601006.SH,SELL,2024-08-29,2024-08-30,3600,3600,0,0,3600,6.15,6.1,5.49,10.98,0.22,36.0,52.69,FILLED,触发个股硬止损 (浮亏: -12.52% <= -8.0%),
ORD_001075,,601229.SH,SELL,2024-08-29,2024-08-30,1400,1400,0,0,1400,7.27,7.26,5.0,5.08,0.1,14.0,24.18,FILLED,"触发跟踪止盈 (最高浮盈: 7.65%, 自高点回撤: 6.07%)",
ORD_001076,,601658.SH,SELL,2024-08-29,2024-08-30,2100,2100,0,0,2100,4.9,4.89,5.0,5.13,0.1,0.0,10.23,FILLED,"触发跟踪止盈 (最高浮盈: 10.36%, 自高点回撤: 6.13%)",
ORD_001077,,601838.SH,SELL,2024-09-03,2024-09-04,700,700,0,0,700,13.68,13.59,5.0,4.76,0.1,7.0,16.86,FILLED,触发个股硬止损 (浮亏: -9.40% <= -8.0%),
ORD_001078,,601868.SH,SELL,2024-09-03,2024-09-04,4800,4800,0,0,4800,2.09,2.08,5.0,4.99,0.1,0.0,10.09,FILLED,调仓剔除(掉出Top-K),
ORD_001079,,000063.SZ,SELL,2024-09-03,2024-09-04,900,900,0,0,900,24.36,24.1,5.42,10.85,0.22,18.0,34.49,FILLED,调仓剔除(掉出Top-K),
ORD_001080,,601319.SH,SELL,2024-09-03,2024-09-04,1800,1800,0,0,1800,6.21,6.18,5.0,5.56,0.11,18.0,28.67,FILLED,调仓剔除(掉出Top-K),
ORD_001081,,601728.SH,SELL,2024-09-03,2024-09-04,1700,1700,0,0,1700,6.23,6.19,5.0,5.26,0.11,17.0,27.37,FILLED,调仓剔除(掉出Top-K),
ORD_001082,,600196.SH,BUY,2024-09-03,2024-09-04,1300,1300,0,0,1300,22.7,22.67,7.37,0.0,0.29,26.0,33.66,FILLED,Top-K目标建仓/加仓,
ORD_001083,,601018.SH,BUY,2024-09-03,2024-09-04,2200,2200,0,0,2200,3.39,3.38,5.0,0.0,0.07,0.0,5.07,FILLED,Top-K目标建仓/加仓,
ORD_001084,,600926.SH,BUY,2024-09-03,2024-09-04,1700,1700,0,0,1700,12.59,12.54,5.33,0.0,0.21,17.0,22.54,FILLED,Top-K目标建仓/加仓,
ORD_001085,,002179.SZ,BUY,2024-09-03,2024-09-04,800,800,0,0,800,37.47,37.51,7.5,0.0,0.3,32.0,39.8,FILLED,Top-K目标建仓/加仓,
ORD_001086,,601111.SH,BUY,2024-09-03,2024-09-04,4600,4600,0,0,4600,6.77,6.75,7.76,0.0,0.31,46.0,54.07,FILLED,Top-K目标建仓/加仓,
ORD_001087,,002027.SZ,BUY,2024-09-03,2024-09-04,5400,5400,0,0,5400,5.67,5.65,7.63,0.0,0.31,54.0,61.94,FILLED,Top-K目标建仓/加仓,
ORD_001088,,601229.SH,BUY,2024-09-03,2024-09-04,4400,4400,0,0,4400,7.07,7.07,7.78,0.0,0.31,44.0,52.09,FILLED,Top-K目标建仓/加仓,
ORD_001089,,600900.SH,BUY,2024-09-03,2024-09-04,1000,1000,0,0,1000,29.11,29.14,7.29,0.0,0.29,30.0,37.58,FILLED,Top-K目标建仓/加仓,
ORD_001090_P8900,ORD_001090,601018.SH,SELL,2024-09-04,2024-09-05,9100,8900,200,0,8900,3.36,3.36,7.48,14.95,0.3,0.0,22.73,PARTIALLY_FILLED,"触发跟踪止盈 (最高浮盈: 5.68%, 自高点回撤: 8.20%)",
ORD_001091,,600926.SH,SELL,2024-09-04,2024-09-05,2400,2400,0,0,2400,12.43,12.44,7.46,14.93,0.3,24.0,46.69,FILLED,"触发跟踪止盈 (最高浮盈: 7.65%, 自高点回撤: 8.94%)",
ORD_001090,,601018.SH,SELL,2024-09-04,2024-09-06,9100,9100,0,0,200,3.36,3.36,5.0,0.34,0.01,0.0,5.35,FILLED,"触发跟踪止盈 (最高浮盈: 5.68%, 自高点回撤: 8.20%)",
ORD_001092,,601229.SH,SELL,2024-09-19,2024-09-20,4400,4400,0,0,4400,6.85,6.83,7.51,15.03,0.3,44.0,66.84,FILLED,调仓剔除(掉出Top-K),
ORD_001093,,002179.SZ,SELL,2024-09-19,2024-09-20,800,800,0,0,800,36.92,36.95,7.39,14.78,0.3,32.0,54.47,FILLED,调仓剔除(掉出Top-K),
ORD_001094,,601111.SH,SELL,2024-09-19,2024-09-20,4600,4600,0,0,4600,6.29,6.27,7.21,14.42,0.29,46.0,67.92,FILLED,调仓剔除(掉出Top-K),
ORD_001095,,002027.SZ,SELL,2024-09-19,2024-09-20,5400,5400,0,0,5400,5.42,5.37,7.25,14.5,0.29,54.0,76.04,FILLED,调仓剔除(掉出Top-K),
ORD_001096,,600900.SH,SELL,2024-09-19,2024-09-20,1000,1000,0,0,1000,28.33,28.15,7.04,14.08,0.28,30.0,51.4,FILLED,调仓剔除(掉出Top-K),
ORD_001097,,605499.SH,BUY,2024-09-19,2024-09-20,100,100,0,0,100,228.4,227.3,5.68,0.0,0.23,23.0,28.91,FILLED,Top-K目标建仓/加仓,
ORD_001098,,601377.SH,BUY,2024-09-19,2024-09-20,5900,5900,0,0,5900,5.19,5.19,7.66,0.0,0.31,59.0,66.97,FILLED,Top-K目标建仓/加仓,
ORD_001099,,601816.SH,BUY,2024-09-19,2024-09-20,4600,4600,0,0,4600,5.31,5.31,6.11,0.0,0.24,46.0,52.35,FILLED,Top-K目标建仓/加仓,
ORD_001100,,601066.SH,BUY,2024-09-19,2024-09-20,1200,1200,0,0,1200,19.7,19.67,5.9,0.0,0.24,24.0,30.14,FILLED,Top-K目标建仓/加仓,
ORD_001101,,002648.SZ,BUY,2024-09-19,2024-09-20,2000,2000,0,0,2000,15.19,15.12,7.56,0.0,0.3,40.0,47.86,FILLED,Top-K目标建仓/加仓,
ORD_001102,,000776.SZ,BUY,2024-09-19,2024-09-20,2400,2400,0,0,2400,12.37,12.36,7.42,0.0,0.3,24.0,31.72,FILLED,Top-K目标建仓/加仓,
ORD_001103,,601088.SH,BUY,2024-09-19,2024-09-20,800,800,0,0,800,38.0,37.99,7.6,0.0,0.3,32.0,39.9,FILLED,Top-K目标建仓/加仓,
ORD_001104,,601377.SH,SELL,2024-09-30,2024-10-08,200,200,0,0,200,6.82,7.49,5.0,0.75,0.01,2.0,7.76,FILLED,组合最大回撤熔断降仓,
ORD_001105,,601816.SH,SELL,2024-09-30,2024-10-08,200,200,0,0,200,6.04,6.59,5.0,0.66,0.01,2.0,7.67,FILLED,组合最大回撤熔断降仓,
ORD_001106,,000776.SZ,SELL,2024-09-30,2024-10-08,100,100,0,0,100,16.7,18.35,5.0,0.92,0.02,2.0,7.94,FILLED,组合最大回撤熔断降仓,
ORD_001107,,601816.SH,SELL,2024-10-08,2024-10-09,4400,4400,0,0,4400,5.93,5.89,6.48,12.96,0.26,44.0,63.7,FILLED,"触发跟踪止盈 (最高浮盈: 24.48%, 自高点回撤: 10.29%)",
ORD_001108,,002648.SZ,SELL,2024-10-08,2024-10-09,2000,2000,0,0,2000,19.26,19.0,9.5,19.0,0.38,40.0,68.88,FILLED,"触发跟踪止盈 (最高浮盈: 35.85%, 自高点回撤: 6.23%)",
ORD_001109,,601088.SH,SELL,2024-10-08,2024-10-09,800,800,0,0,800,42.44,41.88,8.38,16.75,0.34,32.0,57.47,FILLED,"触发跟踪止盈 (最高浮盈: 25.03%, 自高点回撤: 10.65%)",
ORD_001110,,600196.SH,SELL,2024-10-09,2024-10-10,1300,1300,0,0,1300,26.78,26.75,8.69,17.39,0.35,39.0,65.43,FILLED,"触发跟踪止盈 (最高浮盈: 34.27%, 自高点回撤: 12.02%)",
ORD_001111,,605499.SH,SELL,2024-10-09,2024-10-10,100,100,0,0,100,210.0,216.78,5.42,10.84,0.22,22.0,38.48,FILLED,"触发跟踪止盈 (最高浮盈: 31.13%, 自高点回撤: 29.54%)",
ORD_001112,,601377.SH,SELL,2024-10-09,2024-10-10,5700,5700,0,0,5700,6.75,6.75,9.62,19.24,0.38,57.0,86.24,FILLED,"触发跟踪止盈 (最高浮盈: 44.51%, 自高点回撤: 10.00%)",
ORD_001113,,601066.SH,SELL,2024-10-09,2024-10-10,1200,1200,0,0,1200,28.84,28.82,8.65,17.29,0.35,36.0,62.29,FILLED,"触发跟踪止盈 (最高浮盈: 59.38%, 自高点回撤: 8.01%)",
ORD_001114,,000776.SZ,SELL,2024-10-09,2024-10-10,2300,2300,0,0,2300,16.99,17.06,9.81,19.62,0.39,46.0,75.82,FILLED,"触发跟踪止盈 (最高浮盈: 50.49%, 自高点回撤: 8.66%)",
ORD_001115,,605499.SH,BUY,2024-10-10,2024-10-11,100,100,0,0,100,217.0,217.72,5.44,0.0,0.22,22.0,27.66,FILLED,Top-K目标建仓/加仓,
ORD_001116,,600028.SH,BUY,2024-10-10,2024-10-11,4700,4700,0,0,4700,6.88,6.92,8.13,0.0,0.33,47.0,55.46,FILLED,Top-K目标建仓/加仓,
ORD_001117,,601857.SH,BUY,2024-10-10,2024-10-11,3700,3700,0,0,3700,8.74,8.86,8.2,0.0,0.33,37.0,45.53,FILLED,Top-K目标建仓/加仓,
ORD_001118,,000333.SZ,BUY,2024-10-10,2024-10-11,400,400,0,0,400,78.3,78.08,7.81,0.0,0.31,32.0,40.12,FILLED,Top-K目标建仓/加仓,
ORD_001119,,600900.SH,BUY,2024-10-10,2024-10-11,1100,1100,0,0,1100,29.18,29.23,8.04,0.0,0.32,33.0,41.36,FILLED,Top-K目标建仓/加仓,
ORD_001120,,600030.SH,BUY,2024-10-10,2024-10-11,1100,1100,0,0,1100,27.75,27.23,7.49,0.0,0.3,33.0,40.79,FILLED,Top-K目标建仓/加仓,
ORD_001121,,601012.SH,BUY,2024-10-10,2024-10-11,1900,1900,0,0,1900,16.95,16.72,7.94,0.0,0.32,38.0,46.26,FILLED,Top-K目标建仓/加仓,
ORD_001122,,600276.SH,BUY,2024-10-10,2024-10-11,600,600,0,0,600,52.57,52.18,7.83,0.0,0.31,30.0,38.14,FILLED,Top-K目标建仓/加仓,
ORD_001123,,600030.SH,SELL,2024-10-15,2024-10-16,1100,1100,0,0,1100,26.72,26.08,7.17,14.34,0.29,33.0,54.8,FILLED,"触发跟踪止盈 (最高浮盈: 5.91%, 自高点回撤: 7.35%)",
ORD_001124,,601012.SH,SELL,2024-10-24,2024-10-25,1900,1900,0,0,1900,18.6,18.58,8.83,17.65,0.35,38.0,64.83,FILLED,"触发跟踪止盈 (最高浮盈: 20.93%, 自高点回撤: 8.01%)",
ORD_001125,,605499.SH,SELL,2024-10-24,2024-10-25,100,100,0,0,100,217.98,219.79,5.49,10.99,0.22,22.0,38.7,FILLED,调仓剔除(掉出Top-K),
ORD_001126,,600276.SH,SELL,2024-10-24,2024-10-25,600,600,0,0,600,48.67,48.55,7.28,14.56,0.29,30.0,52.13,FILLED,调仓剔除(掉出Top-K),
ORD_001135,,000333.SZ,SELL,2024-10-24,2024-10-25,200,200,0,0,200,75.64,75.34,5.0,7.53,0.15,16.0,28.68,FILLED,Top-K目标再平衡减仓,
ORD_001136,,600028.SH,SELL,2024-10-24,2024-10-25,1400,1400,0,0,1400,6.49,6.48,5.0,4.54,0.09,14.0,23.63,FILLED,Top-K目标再平衡减仓,
ORD_001137,,600900.SH,SELL,2024-10-24,2024-10-25,400,400,0,0,400,28.0,27.97,5.0,5.59,0.11,12.0,22.7,FILLED,Top-K目标再平衡减仓,
ORD_001138,,601857.SH,SELL,2024-10-24,2024-10-25,1200,1200,0,0,1200,8.45,8.4,5.0,5.04,0.1,12.0,22.14,FILLED,Top-K目标再平衡减仓,
ORD_001127,,000725.SZ,BUY,2024-10-24,2024-10-25,5100,5100,0,0,5100,4.25,4.25,5.42,0.0,0.22,0.0,5.64,FILLED,Top-K目标建仓/加仓,
ORD_001128,,601360.SH,BUY,2024-10-24,2024-10-25,2500,2500,0,0,2500,8.47,8.46,5.29,0.0,0.21,25.0,30.5,FILLED,Top-K目标建仓/加仓,
ORD_001129,,601318.SH,BUY,2024-10-24,2024-10-25,300,300,0,0,300,58.1,58.07,5.0,0.0,0.17,18.0,23.17,FILLED,Top-K目标建仓/加仓,
ORD_001130,,601658.SH,BUY,2024-10-24,2024-10-25,3900,3900,0,0,3900,5.54,5.55,5.41,0.0,0.22,39.0,44.63,FILLED,Top-K目标建仓/加仓,
ORD_001131,,600926.SH,BUY,2024-10-24,2024-10-25,1500,1500,0,0,1500,14.34,14.36,5.38,0.0,0.22,15.0,20.6,FILLED,Top-K目标建仓/加仓,
ORD_001132,,600600.SH,BUY,2024-10-24,2024-10-25,300,300,0,0,300,68.72,68.79,5.16,0.0,0.21,21.0,26.37,FILLED,Top-K目标建仓/加仓,
ORD_001133,,002179.SZ,BUY,2024-10-24,2024-10-25,400,400,0,0,400,43.46,43.5,5.0,0.0,0.17,16.0,21.17,FILLED,Top-K目标建仓/加仓,
ORD_001134,,601006.SH,BUY,2024-10-24,2024-10-25,3200,3200,0,0,3200,6.62,6.6,5.28,0.0,0.21,32.0,37.49,FILLED,Top-K目标建仓/加仓,
ORD_001139,,600028.SH,SELL,2024-10-29,2024-10-30,3300,3300,0,0,3300,6.23,6.22,5.13,10.26,0.21,33.0,48.6,FILLED,触发个股硬止损 (浮亏: -9.97% <= -8.0%),
ORD_001140,,601857.SH,SELL,2024-10-30,2024-10-31,2500,2500,0,0,2500,8.11,8.12,5.07,10.15,0.2,25.0,40.42,FILLED,触发个股硬止损 (浮亏: -8.47% <= -8.0%),
ORD_001141,,000333.SZ,SELL,2024-10-31,2024-11-01,200,200,0,0,200,71.42,71.37,5.0,7.14,0.14,14.0,26.28,FILLED,触发个股硬止损 (浮亏: -8.53% <= -8.0%),
ORD_001142,,000725.SZ,SELL,2024-11-01,2024-11-04,5100,5100,0,0,5100,4.46,4.45,5.67,11.35,0.23,0.0,17.25,FILLED,"触发跟踪止盈 (最高浮盈: 11.76%, 自高点回撤: 6.11%)",
ORD_001143,,601360.SH,SELL,2024-11-01,2024-11-04,2500,2500,0,0,2500,9.33,9.09,5.68,11.36,0.23,25.0,42.27,FILLED,"触发跟踪止盈 (最高浮盈: 22.93%, 自高点回撤: 10.29%)",
ORD_001144,,601006.SH,SELL,2024-11-07,2024-11-08,3200,3200,0,0,3200,6.71,6.71,5.37,10.74,0.21,32.0,48.32,FILLED,调仓剔除(掉出Top-K),
ORD_001145,,601318.SH,SELL,2024-11-07,2024-11-08,300,300,0,0,300,60.84,61.14,5.0,9.17,0.18,18.0,32.35,FILLED,调仓剔除(掉出Top-K),
ORD_001146,,600600.SH,SELL,2024-11-07,2024-11-08,300,300,0,0,300,75.58,75.67,5.68,11.35,0.23,24.0,41.26,FILLED,调仓剔除(掉出Top-K),
ORD_001147,,600926.SH,SELL,2024-11-07,2024-11-08,1500,1500,0,0,1500,14.1,14.11,5.29,10.58,0.21,15.0,31.08,FILLED,调仓剔除(掉出Top-K),
ORD_001148,,601658.SH,SELL,2024-11-07,2024-11-08,3900,3900,0,0,3900,5.35,5.36,5.23,10.45,0.21,39.0,54.89,FILLED,调仓剔除(掉出Top-K),
ORD_001149,,600900.SH,SELL,2024-11-07,2024-11-08,700,700,0,0,700,27.83,27.81,5.0,9.73,0.19,21.0,35.92,FILLED,调仓剔除(掉出Top-K),
ORD_001150,,601825.SH,BUY,2024-11-07,2024-11-08,2400,2400,0,0,2400,8.15,8.18,5.0,0.0,0.2,24.0,29.2,FILLED,Top-K目标建仓/加仓,
ORD_001151,,601229.SH,BUY,2024-11-07,2024-11-08,2300,2300,0,0,2300,8.18,8.17,5.0,0.0,0.19,23.0,28.19,FILLED,Top-K目标建仓/加仓,
ORD_001152,,600919.SH,BUY,2024-11-07,2024-11-08,2100,2100,0,0,2100,9.26,9.27,5.0,0.0,0.19,21.0,26.19,FILLED,Top-K目标建仓/加仓,
ORD_001153,,002179.SZ,BUY,2024-11-07,2024-11-08,300,300,0,0,300,45.0,45.04,5.0,0.0,0.14,12.0,17.14,FILLED,Top-K目标建仓/加仓,
ORD_001154,,600887.SH,BUY,2024-11-07,2024-11-08,1000,1000,0,0,1000,30.2,30.36,7.59,0.0,0.3,30.0,37.89,FILLED,Top-K目标建仓/加仓,
ORD_001155,,002027.SZ,BUY,2024-11-07,2024-11-08,4200,4200,0,0,4200,7.65,7.73,8.12,0.0,0.32,42.0,50.44,FILLED,Top-K目标建仓/加仓,
ORD_001156,,600016.SH,BUY,2024-11-07,2024-11-08,8200,8200,0,0,8200,3.96,3.98,8.16,0.0,0.33,0.0,8.49,FILLED,Top-K目标建仓/加仓,
ORD_001157,,002179.SZ,SELL,2024-11-14,2024-11-15,700,700,0,0,700,42.15,42.04,7.36,14.71,0.29,28.0,50.36,FILLED,"触发跟踪止盈 (最高浮盈: 5.00%, 自高点回撤: 9.10%)",
ORD_001158,,600016.SH,SELL,2024-11-20,2024-11-21,8200,8200,0,0,8200,4.06,4.04,8.28,16.56,0.33,0.0,25.17,FILLED,"触发跟踪止盈 (最高浮盈: 9.30%, 自高点回撤: 6.67%)",
ORD_001159,,601229.SH,SELL,2024-11-21,2024-11-22,2300,2300,0,0,2300,8.1,8.11,5.0,9.33,0.19,23.0,37.52,FILLED,调仓剔除(掉出Top-K),
ORD_001160,,600887.SH,SELL,2024-11-21,2024-11-22,1000,1000,0,0,1000,29.17,29.14,7.29,14.57,0.29,30.0,52.15,FILLED,调仓剔除(掉出Top-K),
ORD_001161,,600919.SH,SELL,2024-11-21,2024-11-22,2100,2100,0,0,2100,9.04,9.01,5.0,9.46,0.19,21.0,35.65,FILLED,调仓剔除(掉出Top-K),
ORD_001162,,002027.SZ,SELL,2024-11-21,2024-11-22,4200,4200,0,0,4200,7.2,7.19,7.55,15.1,0.3,42.0,64.95,FILLED,调仓剔除(掉出Top-K),
ORD_001171,,601825.SH,SELL,2024-11-21,2024-11-22,800,800,0,0,800,8.09,8.09,5.0,3.24,0.06,8.0,16.3,FILLED,Top-K目标再平衡减仓,
ORD_001163,,603392.SH,BUY,2024-11-21,2024-11-22,100,100,0,0,100,73.93,73.97,5.0,0.0,0.07,7.0,12.07,FILLED,Top-K目标建仓/加仓,
ORD_001164,,601985.SH,BUY,2024-11-21,2024-11-22,1200,1200,0,0,1200,10.13,10.21,5.0,0.0,0.12,12.0,17.12,FILLED,Top-K目标建仓/加仓,
ORD_001165,,601939.SH,BUY,2024-11-21,2024-11-22,3600,3600,0,0,3600,7.94,7.94,7.15,0.0,0.29,36.0,43.44,FILLED,Top-K目标建仓/加仓,
ORD_001166,,601916.SH,BUY,2024-11-21,2024-11-22,4400,4400,0,0,4400,2.92,2.92,5.0,0.0,0.13,0.0,5.13,FILLED,Top-K目标建仓/加仓,
ORD_001167,,000975.SZ,BUY,2024-11-21,2024-11-22,700,700,0,0,700,17.26,17.39,5.0,0.0,0.12,14.0,19.12,FILLED,Top-K目标建仓/加仓,
ORD_001168,,000963.SZ,BUY,2024-11-21,2024-11-22,700,700,0,0,700,36.58,36.63,6.41,0.0,0.26,28.0,34.67,FILLED,Top-K目标建仓/加仓,
ORD_001169,,601877.SH,BUY,2024-11-21,2024-11-22,1200,1200,0,0,1200,22.63,22.62,6.79,0.0,0.27,24.0,31.06,FILLED,Top-K目标建仓/加仓,
ORD_001170,,601868.SH,BUY,2024-11-21,2024-11-22,5400,5400,0,0,5400,2.39,2.39,5.0,0.0,0.13,0.0,5.13,FILLED,Top-K目标建仓/加仓,
ORD_001172,,000963.SZ,SELL,2024-12-04,2024-12-05,700,700,0,0,700,37.15,37.04,6.48,12.96,0.26,28.0,47.7,FILLED,"触发跟踪止盈 (最高浮盈: 6.88%, 自高点回撤: 5.11%)",
ORD_001173,,601985.SH,SELL,2024-12-05,2024-12-06,1200,1200,0,0,1200,9.79,9.78,5.0,5.87,0.12,12.0,22.99,FILLED,调仓剔除(掉出Top-K),
ORD_001174,,601825.SH,SELL,2024-12-05,2024-12-06,1600,1600,0,0,1600,8.09,8.06,5.0,6.45,0.13,16.0,27.58,FILLED,调仓剔除(掉出Top-K),
ORD_001175,,603392.SH,SELL,2024-12-05,2024-12-06,100,100,0,0,100,76.29,76.3,5.0,3.81,0.08,8.0,16.89,FILLED,调仓剔除(掉出Top-K),
ORD_001176,,000975.SZ,SELL,2024-12-05,2024-12-06,200,200,0,0,200,16.79,16.69,5.0,1.67,0.03,4.0,10.7,FILLED,Top-K目标再平衡减仓,
ORD_001184,,601916.SH,SELL,2024-12-05,2024-12-06,1100,1100,0,0,1100,2.92,2.92,5.0,1.61,0.03,0.0,6.64,FILLED,Top-K目标再平衡减仓,
ORD_001185,,601939.SH,SELL,2024-12-05,2024-12-06,1000,1000,0,0,1000,8.23,8.22,5.0,4.11,0.08,10.0,19.19,FILLED,Top-K目标再平衡减仓,
ORD_001186,,601868.SH,SELL,2024-12-05,2024-12-06,1300,1300,0,0,1300,2.35,2.35,5.0,1.53,0.03,0.0,6.56,FILLED,Top-K目标再平衡减仓,
ORD_001187,,601877.SH,SELL,2024-12-05,2024-12-06,300,300,0,0,300,22.1,22.1,5.0,3.31,0.07,6.0,14.38,FILLED,Top-K目标再平衡减仓,
ORD_001177,,601988.SH,BUY,2024-12-05,2024-12-06,4200,4200,0,0,4200,5.08,5.09,5.34,0.0,0.21,42.0,47.55,FILLED,Top-K目标建仓/加仓,
ORD_001178,,603986.SH,BUY,2024-12-05,2024-12-06,100,100,0,0,100,85.08,85.14,5.0,0.0,0.09,9.0,14.09,FILLED,Top-K目标建仓/加仓,
ORD_001179,,601211.SH,BUY,2024-12-05,2024-12-06,500,500,0,0,500,19.11,19.13,5.0,0.0,0.1,10.0,15.1,FILLED,Top-K目标建仓/加仓,
ORD_001180,,601229.SH,BUY,2024-12-05,2024-12-06,1100,1100,0,0,1100,8.5,8.51,5.0,0.0,0.09,11.0,16.09,FILLED,Top-K目标建仓/加仓,
ORD_001181,,601456.SH,BUY,2024-12-05,2024-12-06,700,700,0,0,700,12.32,12.27,5.0,0.0,0.09,7.0,12.09,FILLED,Top-K目标建仓/加仓,
ORD_001182,,001965.SZ,BUY,2024-12-05,2024-12-06,700,700,0,0,700,12.42,12.39,5.0,0.0,0.09,7.0,12.09,FILLED,Top-K目标建仓/加仓,
ORD_001183,,000725.SZ,BUY,2024-12-05,2024-12-06,5000,5000,0,0,5000,4.26,4.26,5.33,0.0,0.21,0.0,5.54,FILLED,Top-K目标建仓/加仓,
ORD_001188,,601456.SH,SELL,2024-12-13,2024-12-16,700,700,0,0,700,13.47,13.56,5.0,4.75,0.09,7.0,16.84,FILLED,"触发跟踪止盈 (最高浮盈: 15.89%, 自高点回撤: 5.27%)",
ORD_001189,,603986.SH,SELL,2024-12-17,2024-12-18,100,100,0,0,100,93.68,93.21,5.0,4.66,0.09,9.0,18.75,FILLED,"触发跟踪止盈 (最高浮盈: 17.45%, 自高点回撤: 6.32%)",
ORD_001190,,000975.SZ,SELL,2024-12-19,2024-12-20,500,500,0,0,500,15.76,15.67,5.0,3.92,0.08,10.0,19.0,FILLED,触发个股硬止损 (浮亏: -9.37% <= -8.0%),
ORD_001191,,601229.SH,SELL,2024-12-19,2024-12-20,1100,1100,0,0,1100,8.76,8.73,5.0,4.8,0.1,11.0,20.9,FILLED,调仓剔除(掉出Top-K),
ORD_001192,,601211.SH,SELL,2024-12-19,2024-12-20,500,500,0,0,500,18.76,18.7,5.0,4.67,0.09,10.0,19.76,FILLED,调仓剔除(掉出Top-K),
ORD_001193,,001965.SZ,SELL,2024-12-19,2024-12-20,700,700,0,0,700,13.15,13.17,5.0,4.61,0.09,7.0,16.7,FILLED,调仓剔除(掉出Top-K),
ORD_001194,,603501.SH,BUY,2024-12-19,2024-12-20,100,100,0,0,100,103.27,103.38,5.0,0.0,0.1,10.0,15.1,FILLED,Top-K目标建仓/加仓,
ORD_001195,,603392.SH,BUY,2024-12-19,2024-12-20,100,100,0,0,100,75.36,75.59,5.0,0.0,0.08,8.0,13.08,FILLED,Top-K目标建仓/加仓,
ORD_001196,,603296.SH,BUY,2024-12-19,2024-12-20,100,100,0,0,100,62.99,63.73,5.0,0.0,0.06,6.0,11.06,FILLED,Top-K目标建仓/加仓,
ORD_001197,,603260.SH,BUY,2024-12-19,2024-12-20,100,100,0,0,100,59.95,60.02,5.0,0.0,0.06,6.0,11.06,FILLED,Top-K目标建仓/加仓,
ORD_001198,,601988.SH,BUY,2024-12-19,2024-12-20,300,300,0,0,300,5.23,5.25,5.0,0.0,0.02,3.0,8.02,FILLED,Top-K目标建仓/加仓,
ORD_001199,,601985.SH,BUY,2024-12-19,2024-12-20,1100,1100,0,0,1100,9.93,9.92,5.0,0.0,0.11,11.0,16.11,FILLED,Top-K目标建仓/加仓,
ORD_001200,,601939.SH,BUY,2024-12-19,2024-12-20,100,100,0,0,100,8.48,8.48,5.0,0.0,0.01,1.0,6.01,FILLED,Top-K目标建仓/加仓,
ORD_001201,,601916.SH,BUY,2024-12-19,2024-12-20,500,500,0,0,500,2.92,2.92,5.0,0.0,0.01,0.0,5.01,FILLED,Top-K目标建仓/加仓,
ORD_001202,,000725.SZ,BUY,2024-12-19,2024-12-20,300,300,0,0,300,4.43,4.42,5.0,0.0,0.01,0.0,5.01,FILLED,Top-K目标建仓/加仓,
ORD_001203,,601877.SH,BUY,2024-12-19,2024-12-20,100,100,0,0,100,22.83,22.9,5.0,0.0,0.02,2.0,7.02,FILLED,Top-K目标建仓/加仓,
ORD_001204,,601868.SH,BUY,2024-12-19,2024-12-20,600,600,0,0,600,2.34,2.34,5.0,0.0,0.01,0.0,5.01,FILLED,Top-K目标建仓/加仓,
ORD_001205,,603296.SH,SELL,2024-12-23,2024-12-24,100,100,0,0,100,63.4,64.48,5.0,3.22,0.06,6.0,14.28,FILLED,"触发跟踪止盈 (最高浮盈: 7.48%, 自高点回撤: 7.45%)",
ORD_001206,,601877.SH,SELL,2025-01-02,2025-01-03,1000,1000,0,0,1000,22.55,22.43,5.61,11.21,0.22,20.0,37.04,FILLED,"触发跟踪止盈 (最高浮盈: 5.57%, 自高点回撤: 5.69%)",
ORD_001207,,000725.SZ,SELL,2025-01-02,2025-01-03,5300,5300,0,0,5300,4.24,4.24,5.62,11.24,0.22,0.0,17.08,FILLED,"触发跟踪止盈 (最高浮盈: 5.41%, 自高点回撤: 5.78%)",
ORD_001208,,603501.SH,SELL,2025-01-02,2025-01-03,100,100,0,0,100,100.58,100.85,5.0,5.04,0.1,10.0,20.14,FILLED,"触发跟踪止盈 (最高浮盈: 6.21%, 自高点回撤: 8.40%)",
ORD_001209,,603392.SH,SELL,2025-01-02,2025-01-03,100,100,0,0,100,67.3,67.28,5.0,3.36,0.07,7.0,15.43,FILLED,触发个股硬止损 (浮亏: -10.97% <= -8.0%),
ORD_001210,,603260.SH,SELL,2025-01-02,2025-01-03,100,100,0,0,100,54.76,55.71,5.0,2.79,0.06,6.0,13.85,FILLED,触发个股硬止损 (浮亏: -8.76% <= -8.0%),
ORD_001211,,601939.SH,SELL,2025-01-03,2025-01-06,2700,2700,0,0,2700,8.47,8.43,5.69,11.38,0.23,27.0,44.3,FILLED,"触发跟踪止盈 (最高浮盈: 13.32%, 自高点回撤: 6.10%)",
ORD_001212,,601868.SH,SELL,2025-01-03,2025-01-06,4700,4700,0,0,4700,2.19,2.19,5.0,5.15,0.1,0.0,10.25,FILLED,触发个股硬止损 (浮亏: -8.12% <= -8.0%),
ORD_001213,,601985.SH,SELL,2025-01-03,2025-01-06,1100,1100,0,0,1100,10.02,10.01,5.0,5.51,0.11,11.0,21.62,FILLED,"触发跟踪止盈 (最高浮盈: 6.65%, 自高点回撤: 5.29%)",
ORD_001223,,601988.SH,SELL,2025-01-03,2025-01-06,100,100,0,0,100,5.35,5.34,5.0,0.27,0.01,1.0,6.28,FILLED,Top-K目标再平衡减仓,
ORD_001214,,000001.SZ,BUY,2025-01-03,2025-01-06,2000,2000,0,0,2000,11.38,11.39,5.7,0.0,0.23,20.0,25.93,FILLED,Top-K目标建仓/加仓,
ORD_001215,,000157.SZ,BUY,2025-01-03,2025-01-06,3300,3300,0,0,3300,7.02,7.02,5.79,0.0,0.23,33.0,39.02,FILLED,Top-K目标建仓/加仓,
ORD_001216,,002001.SZ,BUY,2025-01-03,2025-01-06,1000,1000,0,0,1000,21.66,21.74,5.44,0.0,0.22,20.0,25.66,FILLED,Top-K目标建仓/加仓,
ORD_001217,,001391.SZ,BUY,2025-01-03,2025-01-06,3100,3100,0,0,3100,7.54,7.29,5.65,0.0,0.23,31.0,36.88,FILLED,Top-K目标建仓/加仓,
ORD_001218,,000975.SZ,BUY,2025-01-03,2025-01-06,1400,1400,0,0,1400,16.32,16.23,5.68,0.0,0.23,28.0,33.91,FILLED,Top-K目标建仓/加仓,
ORD_001219,,002028.SZ,BUY,2025-01-03,2025-01-06,300,300,0,0,300,70.9,70.99,5.32,0.0,0.21,21.0,26.53,FILLED,Top-K目标建仓/加仓,
ORD_001220,,000858.SZ,BUY,2025-01-03,2025-01-06,100,100,0,0,100,135.4,132.03,5.0,0.0,0.13,13.0,18.13,FILLED,Top-K目标建仓/加仓,
ORD_001221,,002353.SZ,BUY,2025-01-03,2025-01-06,600,600,0,0,600,36.42,36.26,5.44,0.0,0.22,24.0,29.66,FILLED,Top-K目标建仓/加仓,
ORD_001222,,601916.SH,BUY,2025-01-03,2025-01-06,4500,4500,0,0,4500,2.84,2.84,5.0,0.0,0.13,0.0,5.13,FILLED,Top-K目标建仓/加仓,
ORD_001224,,001391.SZ,SELL,2025-01-10,2025-01-13,3100,3100,0,0,3100,7.93,7.58,5.87,11.75,0.23,31.0,48.85,FILLED,"触发跟踪止盈 (最高浮盈: 21.81%, 自高点回撤: 10.70%)",
ORD_001225,,000975.SZ,SELL,2025-01-17,2025-01-20,1400,1400,0,0,1400,16.58,16.5,5.78,11.55,0.23,28.0,45.56,FILLED,调仓剔除(掉出Top-K),
ORD_001226,,000001.SZ,SELL,2025-01-17,2025-01-20,2000,2000,0,0,2000,11.45,11.49,5.75,11.49,0.23,20.0,37.47,FILLED,调仓剔除(掉出Top-K),
ORD_001227,,000157.SZ,SELL,2025-01-17,2025-01-20,3300,3300,0,0,3300,7.34,7.36,6.07,12.14,0.24,33.0,51.45,FILLED,调仓剔除(掉出Top-K),
ORD_001228,,002028.SZ,SELL,2025-01-17,2025-01-20,300,300,0,0,300,74.3,75.05,5.63,11.26,0.23,24.0,41.12,FILLED,调仓剔除(掉出Top-K),
ORD_001229,,002001.SZ,SELL,2025-01-17,2025-01-20,1000,1000,0,0,1000,21.9,21.95,5.49,10.97,0.22,20.0,36.68,FILLED,调仓剔除(掉出Top-K),
ORD_001230,,002353.SZ,SELL,2025-01-17,2025-01-20,600,600,0,0,600,38.02,38.64,5.8,11.59,0.23,24.0,41.62,FILLED,调仓剔除(掉出Top-K),
ORD_001231,,000858.SZ,SELL,2025-01-17,2025-01-20,100,100,0,0,100,132.3,132.75,5.0,6.64,0.13,13.0,24.77,FILLED,调仓剔除(掉出Top-K),
ORD_001232,,600372.SH,BUY,2025-01-17,2025-01-20,2800,2800,0,0,2800,11.52,11.6,8.12,0.0,0.32,28.0,36.44,FILLED,Top-K目标建仓/加仓,
ORD_001233,,600918.SH,BUY,2025-01-17,2025-01-20,4100,4100,0,0,4100,6.24,6.3,6.46,0.0,0.26,41.0,47.72,FILLED,Top-K目标建仓/加仓,
ORD_001234,,601009.SH,BUY,2025-01-17,2025-01-20,3000,3000,0,0,3000,10.57,10.57,7.93,0.0,0.32,30.0,38.25,FILLED,Top-K目标建仓/加仓,
ORD_001235,,601916.SH,BUY,2025-01-17,2025-01-20,700,700,0,0,700,2.87,2.88,5.0,0.0,0.02,0.0,5.02,FILLED,Top-K目标建仓/加仓,
ORD_001236,,601988.SH,BUY,2025-01-17,2025-01-20,1500,1500,0,0,1500,5.45,5.47,5.0,0.0,0.08,15.0,20.08,FILLED,Top-K目标建仓/加仓,
ORD_001237,,600900.SH,BUY,2025-01-17,2025-01-20,1100,1100,0,0,1100,29.01,29.08,8.0,0.0,0.32,33.0,41.32,FILLED,Top-K目标建仓/加仓,
ORD_001238,,601868.SH,BUY,2025-01-17,2025-01-20,11500,11500,0,0,11500,2.26,2.26,6.5,0.0,0.26,0.0,6.76,FILLED,Top-K目标建仓/加仓,
ORD_001239,,601857.SH,BUY,2025-01-17,2025-01-20,3600,3600,0,0,3600,8.83,8.83,7.95,0.0,0.32,36.0,44.27,FILLED,Top-K目标建仓/加仓,
ORD_001240,,601988.SH,SELL,2025-01-22,2025-01-23,5900,5900,0,0,5900,5.31,5.23,7.71,15.43,0.31,59.0,82.45,FILLED,"触发跟踪止盈 (最高浮盈: 7.61%, 自高点回撤: 5.01%)",
ORD_001241,,601857.SH,SELL,2025-02-10,2025-02-11,3600,3600,0,0,3600,8.23,8.24,7.42,14.83,0.3,36.0,58.55,FILLED,调仓剔除(掉出Top-K),
ORD_001242,,600918.SH,SELL,2025-02-10,2025-02-11,4100,4100,0,0,4100,6.49,6.48,6.64,13.28,0.27,41.0,61.19,FILLED,调仓剔除(掉出Top-K),
ORD_001243,,600900.SH,SELL,2025-02-10,2025-02-11,1100,1100,0,0,1100,27.91,27.95,7.69,15.37,0.31,33.0,56.37,FILLED,调仓剔除(掉出Top-K),
ORD_001248,,600372.SH,SELL,2025-02-10,2025-02-11,700,700,0,0,700,11.84,11.84,5.0,4.14,0.08,7.0,16.22,FILLED,Top-K目标再平衡减仓,
ORD_001249,,601868.SH,SELL,2025-02-10,2025-02-11,100,100,0,0,100,2.27,2.27,5.0,0.11,0.0,0.0,5.11,FILLED,Top-K目标再平衡减仓,
ORD_001252,,601916.SH,SELL,2025-02-10,2025-02-11,100,100,0,0,100,2.9,2.9,5.0,0.14,0.0,0.0,5.14,FILLED,Top-K目标再平衡减仓,
ORD_001253,,601009.SH,SELL,2025-02-10,2025-02-11,600,600,0,0,600,10.5,10.5,5.0,3.15,0.06,6.0,14.21,FILLED,Top-K目标再平衡减仓,
ORD_001244,,000001.SZ,BUY,2025-02-10,2025-02-11,2200,2200,0,0,2200,11.43,11.41,6.28,0.0,0.25,22.0,28.53,FILLED,Top-K目标建仓/加仓,
ORD_001245,,601018.SH,BUY,2025-02-10,2025-02-11,7100,7100,0,0,7100,3.64,3.64,6.46,0.0,0.26,0.0,6.72,FILLED,Top-K目标建仓/加仓,
ORD_001246,,002714.SZ,BUY,2025-02-10,2025-02-11,700,700,0,0,700,36.58,36.63,6.41,0.0,0.26,28.0,34.67,FILLED,Top-K目标建仓/加仓,
ORD_001247,,600009.SH,BUY,2025-02-10,2025-02-11,700,700,0,0,700,33.48,33.51,5.86,0.0,0.23,21.0,27.09,FILLED,Top-K目标建仓/加仓,
ORD_001250,,600362.SH,BUY,2025-02-10,2025-02-11,1100,1100,0,0,1100,21.77,21.83,6.0,0.0,0.24,22.0,28.24,FILLED,Top-K目标建仓/加仓,
ORD_001251,,600845.SH,BUY,2025-02-10,2025-02-11,800,800,0,0,800,30.63,30.63,6.13,0.0,0.25,24.0,30.38,FILLED,Top-K目标建仓/加仓,
ORD_001254,,600845.SH,SELL,2025-02-17,2025-02-18,800,800,0,0,800,35.3,34.73,6.95,13.89,0.28,24.0,45.12,FILLED,"触发跟踪止盈 (最高浮盈: 25.01%, 自高点回撤: 7.81%)",
ORD_001255,,601009.SH,SELL,2025-02-24,2025-02-25,2400,2400,0,0,2400,10.08,10.09,6.05,12.11,0.24,24.0,42.4,FILLED,调仓剔除(掉出Top-K),
ORD_001256,,601868.SH,SELL,2025-02-24,2025-02-25,11400,11400,0,0,11400,2.31,2.3,6.55,13.11,0.26,0.0,19.92,FILLED,调仓剔除(掉出Top-K),
ORD_001257,,600362.SH,SELL,2025-02-24,2025-02-25,1100,1100,0,0,1100,20.98,20.85,5.73,11.47,0.23,22.0,39.43,FILLED,调仓剔除(掉出Top-K),
ORD_001258,,601018.SH,SELL,2025-02-24,2025-02-25,7100,7100,0,0,7100,3.58,3.57,6.34,12.67,0.25,0.0,19.26,FILLED,调仓剔除(掉出Top-K),
ORD_001259,,002714.SZ,SELL,2025-02-24,2025-02-25,700,700,0,0,700,37.2,36.98,6.47,12.94,0.26,28.0,47.67,FILLED,调仓剔除(掉出Top-K),
ORD_001260,,002304.SZ,BUY,2025-02-24,2025-02-25,300,300,0,0,300,79.34,79.03,5.93,0.0,0.24,24.0,30.17,FILLED,Top-K目标建仓/加仓,
ORD_001261,,600030.SH,BUY,2025-02-24,2025-02-25,900,900,0,0,900,28.35,28.13,6.33,0.0,0.25,27.0,33.58,FILLED,Top-K目标建仓/加仓,
ORD_001262,,601878.SH,BUY,2025-02-24,2025-02-25,2100,2100,0,0,2100,11.89,11.78,6.18,0.0,0.25,21.0,27.43,FILLED,Top-K目标建仓/加仓,
ORD_001263,,601985.SH,BUY,2025-02-24,2025-02-25,2500,2500,0,0,2500,10.07,10.06,6.29,0.0,0.25,25.0,31.54,FILLED,Top-K目标建仓/加仓,
ORD_001264,,600372.SH,BUY,2025-02-24,2025-02-25,100,100,0,0,100,11.77,11.74,5.0,0.0,0.01,1.0,6.01,FILLED,Top-K目标建仓/加仓,
ORD_001265,,600036.SH,BUY,2025-02-24,2025-02-25,600,600,0,0,600,41.27,41.19,6.18,0.0,0.25,24.0,30.43,FILLED,Top-K目标建仓/加仓,
ORD_001266,,601916.SH,BUY,2025-02-24,2025-02-25,200,200,0,0,200,2.86,2.86,5.0,0.0,0.01,0.0,5.01,FILLED,Top-K目标建仓/加仓,
ORD_001267,,601916.SH,SELL,2025-02-25,2025-02-26,9100,9100,0,0,9100,2.86,2.86,6.51,13.01,0.26,0.0,19.78,FILLED,"触发跟踪止盈 (最高浮盈: 5.01%, 自高点回撤: 5.30%)",
ORD_001268,,600030.SH,SELL,2025-03-10,2025-03-11,900,900,0,0,900,27.24,26.97,6.07,12.14,0.24,27.0,45.45,FILLED,调仓剔除(掉出Top-K),
ORD_001269,,000001.SZ,SELL,2025-03-10,2025-03-11,2200,2200,0,0,2200,11.59,11.53,6.34,12.68,0.25,22.0,41.27,FILLED,调仓剔除(掉出Top-K),
ORD_001270,,601985.SH,SELL,2025-03-10,2025-03-11,2500,2500,0,0,2500,9.49,9.43,5.89,11.79,0.24,25.0,42.92,FILLED,调仓剔除(掉出Top-K),
ORD_001271,,002304.SZ,SELL,2025-03-10,2025-03-11,300,300,0,0,300,77.38,76.85,5.76,11.53,0.23,24.0,41.52,FILLED,调仓剔除(掉出Top-K),
ORD_001272,,601878.SH,SELL,2025-03-10,2025-03-11,2100,2100,0,0,2100,11.47,11.36,5.96,11.93,0.24,21.0,39.13,FILLED,调仓剔除(掉出Top-K),
ORD_001273,,600372.SH,SELL,2025-03-10,2025-03-11,2200,2200,0,0,2200,11.94,11.84,6.51,13.02,0.26,22.0,41.79,FILLED,调仓剔除(掉出Top-K),
ORD_001274,,600036.SH,SELL,2025-03-10,2025-03-11,600,600,0,0,600,43.07,42.73,6.41,12.82,0.26,24.0,43.49,FILLED,调仓剔除(掉出Top-K),
ORD_001275,,600009.SH,SELL,2025-03-10,2025-03-11,700,700,0,0,700,32.14,31.98,5.6,11.19,0.22,21.0,38.01,FILLED,调仓剔除(掉出Top-K),
ORD_001276,,601658.SH,BUY,2025-03-10,2025-03-11,2900,2900,0,0,2900,5.26,5.26,5.0,0.0,0.15,29.0,34.15,FILLED,Top-K目标建仓/加仓,
ORD_001277,,601009.SH,BUY,2025-03-10,2025-03-11,3200,3200,0,0,3200,10.06,10.05,8.04,0.0,0.32,32.0,40.36,FILLED,Top-K目标建仓/加仓,
ORD_001278,,600926.SH,BUY,2025-03-10,2025-03-11,1000,1000,0,0,1000,14.65,14.62,5.0,0.0,0.15,10.0,15.15,FILLED,Top-K目标建仓/加仓,
ORD_001279,,600018.SH,BUY,2025-03-10,2025-03-11,5800,5800,0,0,5800,5.54,5.54,8.03,0.0,0.32,58.0,66.35,FILLED,Top-K目标建仓/加仓,
ORD_001280,,601868.SH,BUY,2025-03-10,2025-03-11,6700,6700,0,0,6700,2.29,2.28,5.0,0.0,0.15,0.0,5.15,FILLED,Top-K目标建仓/加仓,
ORD_001281,,601916.SH,BUY,2025-03-10,2025-03-11,5400,5400,0,0,5400,2.84,2.84,5.0,0.0,0.15,0.0,5.15,FILLED,Top-K目标建仓/加仓,
ORD_001282,,600089.SH,BUY,2025-03-10,2025-03-11,2600,2600,0,0,2600,12.21,12.15,7.9,0.0,0.32,26.0,34.22,FILLED,Top-K目标建仓/加仓,
ORD_001283,,000975.SZ,BUY,2025-03-10,2025-03-11,900,900,0,0,900,16.88,16.66,5.0,0.0,0.15,18.0,23.15,FILLED,Top-K目标建仓/加仓,
ORD_001284,,000975.SZ,SELL,2025-03-21,2025-03-24,900,900,0,0,900,18.07,18.08,5.0,8.14,0.16,18.0,31.3,FILLED,"触发跟踪止盈 (最高浮盈: 15.73%, 自高点回撤: 6.28%)",
ORD_001285,,601009.SH,SELL,2025-03-24,2025-03-25,3200,3200,0,0,3200,10.32,10.3,8.24,16.48,0.33,32.0,57.05,FILLED,调仓剔除(掉出Top-K),
ORD_001286,,601868.SH,SELL,2025-03-24,2025-03-25,6700,6700,0,0,6700,2.3,2.3,5.0,7.7,0.15,0.0,12.85,FILLED,调仓剔除(掉出Top-K),
ORD_001287,,600089.SH,SELL,2025-03-24,2025-03-25,2600,2600,0,0,2600,12.5,12.5,8.12,16.25,0.33,26.0,50.7,FILLED,调仓剔除(掉出Top-K),
ORD_001288,,600926.SH,SELL,2025-03-24,2025-03-25,1000,1000,0,0,1000,14.78,14.77,5.0,7.38,0.15,10.0,22.53,FILLED,调仓剔除(掉出Top-K),
ORD_001289,,601916.SH,SELL,2025-03-24,2025-03-25,5400,5400,0,0,5400,2.95,2.95,5.0,7.97,0.16,0.0,13.13,FILLED,调仓剔除(掉出Top-K),
ORD_001290,,600018.SH,SELL,2025-03-24,2025-03-25,5800,5800,0,0,5800,5.64,5.63,8.16,16.33,0.33,58.0,82.82,FILLED,调仓剔除(掉出Top-K),
ORD_001291,,001391.SZ,BUY,2025-03-24,2025-03-25,3900,3900,0,0,3900,6.55,6.57,6.41,0.0,0.26,39.0,45.67,FILLED,Top-K目标建仓/加仓,
ORD_001292,,601825.SH,BUY,2025-03-24,2025-03-25,3200,3200,0,0,3200,8.06,8.05,6.44,0.0,0.26,32.0,38.7,FILLED,Top-K目标建仓/加仓,
ORD_001293,,600219.SH,BUY,2025-03-24,2025-03-25,8400,8400,0,0,8400,3.86,3.88,8.15,0.0,0.33,0.0,8.48,FILLED,Top-K目标建仓/加仓,
ORD_001294,,601658.SH,BUY,2025-03-24,2025-03-25,1900,1900,0,0,1900,5.35,5.36,5.0,0.0,0.1,19.0,24.1,FILLED,Top-K目标建仓/加仓,
ORD_001295,,601169.SH,BUY,2025-03-24,2025-03-25,5400,5400,0,0,5400,6.0,6.02,8.13,0.0,0.33,54.0,62.46,FILLED,Top-K目标建仓/加仓,
ORD_001296,,002736.SZ,BUY,2025-03-24,2025-03-25,3100,3100,0,0,3100,10.36,10.42,8.08,0.0,0.32,31.0,39.4,FILLED,Top-K目标建仓/加仓,
ORD_001297,,000157.SZ,BUY,2025-03-24,2025-03-25,4000,4000,0,0,4000,8.02,7.84,7.84,0.0,0.31,40.0,48.15,FILLED,Top-K目标建仓/加仓,
ORD_001298,,002236.SZ,BUY,2025-03-24,2025-03-25,1800,1800,0,0,1800,17.58,17.54,7.89,0.0,0.32,36.0,44.21,FILLED,Top-K目标建仓/加仓,
ORD_001299,,001391.SZ,SELL,2025-04-07,2025-04-08,3900,3900,0,0,3900,6.37,6.38,6.22,12.44,0.25,39.0,57.91,FILLED,"触发跟踪止盈 (最高浮盈: 12.94%, 自高点回撤: 14.15%)",
ORD_001300,,600219.SH,SELL,2025-04-07,2025-04-08,8400,8400,0,0,8400,3.33,3.35,7.04,14.07,0.28,0.0,21.39,FILLED,触发个股硬止损 (浮亏: -14.18% <= -8.0%),
ORD_001301,,002736.SZ,SELL,2025-04-07,2025-04-08,3100,3100,0,0,3100,9.33,9.42,7.3,14.6,0.29,31.0,53.19,FILLED,触发个股硬止损 (浮亏: -10.46% <= -8.0%),
ORD_001302,,000157.SZ,SELL,2025-04-07,2025-04-08,4000,4000,0,0,4000,6.8,6.9,6.9,13.8,0.28,40.0,60.98,FILLED,触发个股硬止损 (浮亏: -13.27% <= -8.0%),
ORD_001303,,002236.SZ,SELL,2025-04-07,2025-04-08,1800,1800,0,0,1800,14.82,14.97,6.74,13.47,0.27,18.0,38.48,FILLED,触发个股硬止损 (浮亏: -15.51% <= -8.0%),
ORD_001304,,601169.SH,SELL,2025-04-08,2025-04-09,5400,5400,0,0,5400,6.02,5.98,8.07,16.15,0.32,54.0,78.54,FILLED,调仓剔除(掉出Top-K),
ORD_001305,,601658.SH,SELL,2025-04-08,2025-04-09,4800,4800,0,0,4800,5.12,5.07,6.08,12.17,0.24,48.0,66.49,FILLED,调仓剔除(掉出Top-K),
ORD_001314,,601825.SH,SELL,2025-04-08,2025-04-09,1400,1400,0,0,1400,8.4,8.38,5.0,5.87,0.12,14.0,24.99,FILLED,Top-K目标再平衡减仓,
ORD_001306,,600009.SH,BUY,2025-04-08,2025-04-09,800,800,0,0,800,31.63,31.43,6.29,0.0,0.25,24.0,30.54,FILLED,Top-K目标建仓/加仓,
ORD_001307,,601985.SH,BUY,2025-04-08,2025-04-09,1600,1600,0,0,1600,9.2,9.15,5.0,0.0,0.15,16.0,21.15,FILLED,Top-K目标建仓/加仓,
ORD_001308,,600919.SH,BUY,2025-04-08,2025-04-09,1600,1600,0,0,1600,9.39,9.33,5.0,0.0,0.15,16.0,21.15,FILLED,Top-K目标建仓/加仓,
ORD_001309,,601669.SH,BUY,2025-04-08,2025-04-09,5900,5900,0,0,5900,4.76,4.73,6.98,0.0,0.28,0.0,7.26,FILLED,Top-K目标建仓/加仓,
ORD_001310,,601816.SH,BUY,2025-04-08,2025-04-09,2600,2600,0,0,2600,5.84,5.85,5.0,0.0,0.15,26.0,31.15,FILLED,Top-K目标建仓/加仓,
ORD_001311,,000999.SZ,BUY,2025-04-08,2025-04-09,600,600,0,0,600,43.18,42.8,6.42,0.0,0.26,24.0,30.68,FILLED,Top-K目标建仓/加仓,
ORD_001312,,001979.SZ,BUY,2025-04-08,2025-04-09,1600,1600,0,0,1600,9.49,9.41,5.0,0.0,0.15,16.0,21.15,FILLED,Top-K目标建仓/加仓,
ORD_001313,,002027.SZ,BUY,2025-04-08,2025-04-09,4300,4300,0,0,4300,6.57,6.51,7.0,0.0,0.28,43.0,50.28,FILLED,Top-K目标建仓/加仓,
ORD_001315,,002027.SZ,SELL,2025-04-22,2025-04-23,4300,4300,0,0,4300,7.04,7.04,7.57,15.14,0.3,43.0,66.01,FILLED,调仓剔除(掉出Top-K),
ORD_001316,,001979.SZ,SELL,2025-04-22,2025-04-23,1600,1600,0,0,1600,9.83,9.81,5.0,7.85,0.16,16.0,29.01,FILLED,调仓剔除(掉出Top-K),
ORD_001317,,601825.SH,SELL,2025-04-22,2025-04-23,1800,1800,0,0,1800,8.46,8.46,5.0,7.61,0.15,18.0,30.76,FILLED,调仓剔除(掉出Top-K),
ORD_001318,,600919.SH,SELL,2025-04-22,2025-04-23,1600,1600,0,0,1600,9.94,9.94,5.0,7.95,0.16,16.0,29.11,FILLED,调仓剔除(掉出Top-K),
ORD_001319,,600009.SH,SELL,2025-04-22,2025-04-23,800,800,0,0,800,32.31,32.32,6.46,12.93,0.26,24.0,43.65,FILLED,调仓剔除(掉出Top-K),
ORD_001320,,601669.SH,SELL,2025-04-22,2025-04-23,5900,5900,0,0,5900,4.74,4.75,7.01,14.01,0.28,0.0,21.3,FILLED,调仓剔除(掉出Top-K),
ORD_001321,,601816.SH,SELL,2025-04-22,2025-04-23,2600,2600,0,0,2600,5.9,5.91,5.0,7.68,0.15,26.0,38.83,FILLED,调仓剔除(掉出Top-K),
ORD_001322,,601995.SH,BUY,2025-04-22,2025-04-23,500,500,0,0,500,33.53,33.74,5.0,0.0,0.17,15.0,20.17,FILLED,Top-K目标建仓/加仓,
ORD_001323,,000725.SZ,BUY,2025-04-22,2025-04-23,7400,7400,0,0,7400,3.84,3.86,7.14,0.0,0.29,0.0,7.43,FILLED,Top-K目标建仓/加仓,
ORD_001324,,601985.SH,BUY,2025-04-22,2025-04-23,400,400,0,0,400,9.43,9.46,5.0,0.0,0.04,4.0,9.04,FILLED,Top-K目标建仓/加仓,
ORD_001325,,002304.SZ,BUY,2025-04-22,2025-04-23,300,300,0,0,300,72.88,73.07,5.48,0.0,0.22,21.0,26.7,FILLED,Top-K目标建仓/加仓,
ORD_001326,,601788.SH,BUY,2025-04-22,2025-04-23,1700,1700,0,0,1700,16.3,16.36,6.95,0.0,0.28,34.0,41.23,FILLED,Top-K目标建仓/加仓,
ORD_001327,,600025.SH,BUY,2025-04-22,2025-04-23,2000,2000,0,0,2000,9.35,9.34,5.0,0.0,0.19,20.0,25.19,FILLED,Top-K目标建仓/加仓,
ORD_001328,,600938.SH,BUY,2025-04-22,2025-04-23,700,700,0,0,700,24.97,25.13,5.0,0.0,0.18,21.0,26.18,FILLED,Top-K目标建仓/加仓,
ORD_001329,,000538.SZ,BUY,2025-04-22,2025-04-23,400,400,0,0,400,58.09,58.13,5.81,0.0,0.23,24.0,30.04,FILLED,Top-K目标建仓/加仓,
ORD_001330,,000999.SZ,SELL,2025-04-25,2025-04-28,600,600,0,0,600,42.87,42.93,6.44,12.88,0.26,24.0,43.58,FILLED,"触发跟踪止盈 (最高浮盈: 7.41%, 自高点回撤: 6.74%)",
ORD_001331,,600025.SH,SELL,2025-05-09,2025-05-12,2000,2000,0,0,2000,9.8,9.74,5.0,9.74,0.19,20.0,34.93,FILLED,调仓剔除(掉出Top-K),
ORD_001332,,601985.SH,SELL,2025-05-09,2025-05-12,2000,2000,0,0,2000,9.37,9.38,5.0,9.38,0.19,20.0,34.57,FILLED,调仓剔除(掉出Top-K),
ORD_001333,,002304.SZ,SELL,2025-05-09,2025-05-12,300,300,0,0,300,68.8,68.93,5.17,10.34,0.21,21.0,36.72,FILLED,调仓剔除(掉出Top-K),
ORD_001334,,601788.SH,SELL,2025-05-09,2025-05-12,1700,1700,0,0,1700,16.27,16.39,6.97,13.93,0.28,34.0,55.18,FILLED,调仓剔除(掉出Top-K),
ORD_001335,,601995.SH,SELL,2025-05-09,2025-05-12,500,500,0,0,500,33.32,33.52,5.0,8.38,0.17,15.0,28.55,FILLED,调仓剔除(掉出Top-K),
ORD_001339,,000725.SZ,SELL,2025-05-09,2025-05-12,100,100,0,0,100,3.86,3.89,5.0,0.19,0.0,0.0,5.19,FILLED,Top-K目标再平衡减仓,
ORD_001336,,000063.SZ,BUY,2025-05-09,2025-05-12,800,800,0,0,800,32.51,32.91,6.58,0.0,0.26,24.0,30.84,FILLED,Top-K目标建仓/加仓,
ORD_001337,,001965.SZ,BUY,2025-05-09,2025-05-12,1900,1900,0,0,1900,12.91,12.92,6.14,0.0,0.25,19.0,25.39,FILLED,Top-K目标建仓/加仓,
ORD_001338,,002236.SZ,BUY,2025-05-09,2025-05-12,1800,1800,0,0,1800,15.8,15.97,7.19,0.0,0.29,36.0,43.48,FILLED,Top-K目标建仓/加仓,
ORD_001340,,601658.SH,BUY,2025-05-09,2025-05-12,4800,4800,0,0,4800,5.26,5.26,6.31,0.0,0.25,48.0,54.56,FILLED,Top-K目标建仓/加仓,
ORD_001341,,600436.SH,BUY,2025-05-09,2025-05-12,100,100,0,0,100,207.55,208.51,5.21,0.0,0.21,21.0,26.42,FILLED,Top-K目标建仓/加仓,
ORD_001342,,600938.SH,BUY,2025-05-09,2025-05-12,300,300,0,0,300,24.98,25.13,5.0,0.0,0.08,9.0,14.08,FILLED,Top-K目标建仓/加仓,
ORD_001343,,600660.SH,BUY,2025-05-09,2025-05-12,500,500,0,0,500,56.12,56.35,7.04,0.0,0.28,30.0,37.32,FILLED,Top-K目标建仓/加仓,
ORD_001344,,002236.SZ,SELL,2025-05-23,2025-05-26,1800,1800,0,0,1800,15.34,15.3,6.88,13.77,0.28,36.0,56.93,FILLED,调仓剔除(掉出Top-K),
ORD_001345,,001965.SZ,SELL,2025-05-23,2025-05-26,1900,1900,0,0,1900,12.46,12.44,5.91,11.82,0.24,19.0,36.97,FILLED,调仓剔除(掉出Top-K),
ORD_001346,,600938.SH,SELL,2025-05-23,2025-05-26,1000,1000,0,0,1000,25.65,25.64,6.41,12.82,0.26,30.0,49.49,FILLED,调仓剔除(掉出Top-K),
ORD_001347,,000063.SZ,SELL,2025-05-23,2025-05-26,800,800,0,0,800,31.2,31.1,6.22,12.44,0.25,24.0,42.91,FILLED,调仓剔除(掉出Top-K),
ORD_001348,,600660.SH,SELL,2025-05-23,2025-05-26,500,500,0,0,500,60.3,60.13,7.52,15.03,0.3,30.0,52.85,FILLED,调仓剔除(掉出Top-K),
ORD_001349,,000538.SZ,SELL,2025-05-23,2025-05-26,400,400,0,0,400,56.58,56.44,5.64,11.29,0.23,24.0,41.16,FILLED,调仓剔除(掉出Top-K),
ORD_001350,,601658.SH,SELL,2025-05-23,2025-05-26,4800,4800,0,0,4800,5.36,5.34,6.41,12.82,0.26,48.0,67.49,FILLED,调仓剔除(掉出Top-K),
ORD_001351,,000725.SZ,SELL,2025-05-23,2025-05-26,7300,7300,0,0,7300,3.82,3.82,6.97,13.94,0.28,0.0,21.19,FILLED,调仓剔除(掉出Top-K),
ORD_001352,,600436.SH,SELL,2025-05-23,2025-05-26,100,100,0,0,100,205.42,204.8,5.12,10.24,0.2,21.0,36.56,FILLED,调仓剔除(掉出Top-K),
ORD_001353,,600515.SH,BUY,2025-05-23,2025-05-26,9200,9200,0,0,9200,3.46,3.46,7.96,0.0,0.32,0.0,8.28,FILLED,Top-K目标建仓/加仓,
ORD_001354,,601006.SH,BUY,2025-05-23,2025-05-26,4800,4800,0,0,4800,6.63,6.64,7.97,0.0,0.32,48.0,56.29,FILLED,Top-K目标建仓/加仓,
ORD_001355,,600025.SH,BUY,2025-05-23,2025-05-26,2500,2500,0,0,2500,9.99,9.99,6.24,0.0,0.25,25.0,31.49,FILLED,Top-K目标建仓/加仓,
ORD_001356,,000630.SZ,BUY,2025-05-23,2025-05-26,10100,10100,0,0,10100,3.15,3.17,8.0,0.0,0.32,0.0,8.32,FILLED,Top-K目标建仓/加仓,
ORD_001357,,603019.SH,BUY,2025-05-23,,500,0,0,500,0,61.9,0.0,0.0,0.0,0.0,0.0,0.0,REJECTED,Top-K目标建仓/加仓,NO_MARKET_DATA
ORD_001358,,601988.SH,BUY,2025-05-23,2025-05-26,5700,5700,0,0,5700,5.57,5.58,7.95,0.0,0.32,57.0,65.27,FILLED,Top-K目标建仓/加仓,
ORD_001359,,601985.SH,BUY,2025-05-23,2025-05-26,2600,2600,0,0,2600,9.55,9.58,6.23,0.0,0.25,26.0,32.48,FILLED,Top-K目标建仓/加仓,
ORD_001360_P300,ORD_001360,603260.SH,BUY,2025-05-23,2025-05-26,500,300,200,0,300,50.14,50.07,5.0,0.0,0.15,15.0,20.15,PARTIALLY_FILLED,Top-K目标建仓/加仓,
ORD_001360,,603260.SH,BUY,2025-05-23,2025-05-27,500,500,0,0,200,50.14,50.65,5.0,0.0,0.1,10.0,15.1,FILLED,Top-K目标建仓/加仓,
ORD_001361,,600025.SH,SELL,2025-06-09,2025-06-10,2500,2500,0,0,2500,9.7,9.66,6.04,12.08,0.24,25.0,43.36,FILLED,调仓剔除(掉出Top-K),
ORD_001362,,000630.SZ,SELL,2025-06-09,2025-06-10,10100,10100,0,0,10100,3.24,3.26,8.23,16.46,0.33,0.0,25.02,FILLED,调仓剔除(掉出Top-K),
ORD_001363,,600515.SH,SELL,2025-06-09,2025-06-10,9200,9200,0,0,9200,3.44,3.44,7.91,15.82,0.32,0.0,24.05,FILLED,调仓剔除(掉出Top-K),
ORD_001364,,601985.SH,SELL,2025-06-09,2025-06-10,2600,2600,0,0,2600,9.46,9.44,6.14,12.27,0.25,26.0,44.66,FILLED,调仓剔除(掉出Top-K),
ORD_001365,,601006.SH,SELL,2025-06-09,2025-06-10,4800,4800,0,0,4800,6.76,6.77,8.12,16.25,0.32,48.0,72.69,FILLED,调仓剔除(掉出Top-K),
ORD_001366,,601988.SH,SELL,2025-06-09,2025-06-10,5700,5700,0,0,5700,5.43,5.41,7.71,15.42,0.31,57.0,80.44,FILLED,调仓剔除(掉出Top-K),
ORD_001375,,603260.SH,SELL,2025-06-09,2025-06-10,100,100,0,0,100,47.58,47.6,5.0,2.38,0.05,5.0,12.43,FILLED,Top-K目标再平衡减仓,
ORD_001367,,600050.SH,BUY,2025-06-09,2025-06-10,5200,5200,0,0,5200,5.39,5.4,7.02,0.0,0.28,52.0,59.3,FILLED,Top-K目标建仓/加仓,
ORD_001368,,601328.SH,BUY,2025-06-09,2025-06-10,3600,3600,0,0,3600,7.67,7.67,6.9,0.0,0.28,36.0,43.18,FILLED,Top-K目标建仓/加仓,
ORD_001369,,600845.SH,BUY,2025-06-09,2025-06-10,1100,1100,0,0,1100,25.19,25.24,6.94,0.0,0.28,33.0,40.22,FILLED,Top-K目标建仓/加仓,
ORD_001370,,600905.SH,BUY,2025-06-09,2025-06-10,4400,4400,0,0,4400,4.28,4.28,5.0,0.0,0.19,0.0,5.19,FILLED,Top-K目标建仓/加仓,
ORD_001371,,002049.SZ,BUY,2025-06-09,2025-06-10,400,400,0,0,400,64.54,64.6,6.46,0.0,0.26,24.0,30.72,FILLED,Top-K目标建仓/加仓,
ORD_001372,,001979.SZ,BUY,2025-06-09,2025-06-10,2200,2200,0,0,2200,8.69,8.7,5.0,0.0,0.19,22.0,27.19,FILLED,Top-K目标建仓/加仓,
ORD_001373,,600026.SH,BUY,2025-06-09,2025-06-10,2700,2700,0,0,2700,10.13,10.14,6.84,0.0,0.27,27.0,34.11,FILLED,Top-K目标建仓/加仓,
ORD_001374,,601658.SH,BUY,2025-06-09,2025-06-10,3500,3500,0,0,3500,5.33,5.35,5.0,0.0,0.19,35.0,40.19,FILLED,Top-K目标建仓/加仓,
ORD_001376,,603260.SH,SELL,2025-06-19,2025-06-20,400,400,0,0,400,45.88,45.85,5.0,9.17,0.18,20.0,34.35,FILLED,触发个股硬止损 (浮亏: -8.90% <= -8.0%),
ORD_001377,,600845.SH,SELL,2025-06-20,2025-06-23,1100,1100,0,0,1100,22.9,22.58,6.21,12.42,0.25,22.0,40.88,FILLED,触发个股硬止损 (浮亏: -9.27% <= -8.0%),
ORD_001378,,001979.SZ,SELL,2025-06-23,2025-06-24,2200,2200,0,0,2200,8.56,8.55,5.0,9.4,0.19,22.0,36.59,FILLED,调仓剔除(掉出Top-K),
ORD_001379,,002049.SZ,SELL,2025-06-23,2025-06-24,400,400,0,0,400,62.65,62.59,6.26,12.52,0.25,24.0,43.03,FILLED,调仓剔除(掉出Top-K),
ORD_001380,,601658.SH,SELL,2025-06-23,2025-06-24,3500,3500,0,0,3500,5.65,5.64,5.0,9.87,0.2,35.0,50.07,FILLED,调仓剔除(掉出Top-K),
ORD_001381,,601328.SH,SELL,2025-06-23,2025-06-24,3600,3600,0,0,3600,8.06,8.07,7.26,14.53,0.29,36.0,58.08,FILLED,调仓剔除(掉出Top-K),
ORD_001382,,600026.SH,SELL,2025-06-23,2025-06-24,2700,2700,0,0,2700,11.38,10.73,7.24,14.49,0.29,27.0,49.02,FILLED,调仓剔除(掉出Top-K),
ORD_001383,,600905.SH,BUY,2025-06-23,2025-06-24,3100,3100,0,0,3100,4.23,4.23,5.0,0.0,0.13,0.0,5.13,FILLED,Top-K目标建仓/加仓,
ORD_001384,,601868.SH,BUY,2025-06-23,2025-06-24,14400,14400,0,0,14400,2.21,2.21,7.96,0.0,0.32,0.0,8.28,FILLED,Top-K目标建仓/加仓,
ORD_001385,,000157.SZ,BUY,2025-06-23,2025-06-24,4500,4500,0,0,4500,7.07,7.1,7.99,0.0,0.32,45.0,53.31,FILLED,Top-K目标建仓/加仓,
ORD_001386,,600515.SH,BUY,2025-06-23,2025-06-24,9500,9500,0,0,9500,3.34,3.35,7.96,0.0,0.32,0.0,8.28,FILLED,Top-K目标建仓/加仓,
ORD_001387,,600887.SH,BUY,2025-06-23,2025-06-24,1100,1100,0,0,1100,27.57,27.65,7.6,0.0,0.3,33.0,40.9,FILLED,Top-K目标建仓/加仓,
ORD_001388,,600050.SH,BUY,2025-06-23,2025-06-24,800,800,0,0,800,5.28,5.29,5.0,0.0,0.04,8.0,13.04,FILLED,Top-K目标建仓/加仓,
ORD_001389,,000001.SZ,BUY,2025-06-23,2025-06-24,2600,2600,0,0,2600,11.93,11.91,7.74,0.0,0.31,26.0,34.05,FILLED,Top-K目标建仓/加仓,
ORD_001390,,002027.SZ,BUY,2025-06-23,2025-06-24,4500,4500,0,0,4500,6.95,6.99,7.86,0.0,0.31,45.0,53.17,FILLED,Top-K目标建仓/加仓,
ORD_001391,,601868.SH,SELL,2025-07-04,2025-07-07,100,100,0,0,100,2.24,2.24,5.0,0.11,0.0,0.0,5.11,FILLED,组合最大回撤熔断降仓,
ORD_001392,,600905.SH,SELL,2025-07-07,2025-07-08,100,100,0,0,100,4.34,4.34,5.0,0.22,0.0,0.0,5.22,FILLED,组合最大回撤熔断降仓,
ORD_001393,,601868.SH,SELL,2025-07-07,2025-07-08,200,200,0,0,200,2.26,2.26,5.0,0.23,0.0,0.0,5.23,FILLED,组合最大回撤熔断降仓,
ORD_001394,,600515.SH,SELL,2025-07-07,2025-07-08,100,100,0,0,100,3.57,3.56,5.0,0.18,0.0,0.0,5.18,FILLED,组合最大回撤熔断降仓,
ORD_001395,,600050.SH,SELL,2025-07-07,2025-07-08,6000,6000,0,0,6000,5.35,5.34,8.01,16.02,0.32,60.0,84.35,FILLED,调仓剔除(掉出Top-K),
ORD_001396,,000157.SZ,SELL,2025-07-07,2025-07-08,4500,4500,0,0,4500,7.24,7.24,8.14,16.29,0.33,45.0,69.76,FILLED,调仓剔除(掉出Top-K),
ORD_001397,,002027.SZ,SELL,2025-07-07,2025-07-08,4500,4500,0,0,4500,7.65,7.68,8.64,17.28,0.35,45.0,71.27,FILLED,调仓剔除(掉出Top-K),
ORD_001405,,600887.SH,SELL,2025-07-07,2025-07-08,100,100,0,0,100,27.37,27.32,5.0,1.37,0.03,3.0,9.4,FILLED,Top-K目标再平衡减仓,
ORD_001406,,000001.SZ,SELL,2025-07-07,2025-07-08,400,400,0,0,400,12.78,12.74,5.0,2.55,0.05,4.0,11.6,FILLED,Top-K目标再平衡减仓,
ORD_001398,,002230.SZ,BUY,2025-07-07,2025-07-08,600,600,0,0,600,46.33,46.38,6.96,0.0,0.28,30.0,37.24,FILLED,Top-K目标建仓/加仓,
ORD_001399,,000938.SZ,BUY,2025-07-07,2025-07-08,1200,1200,0,0,1200,23.38,23.43,7.03,0.0,0.28,24.0,31.31,FILLED,Top-K目标建仓/加仓,
ORD_001400,,600938.SH,BUY,2025-07-07,2025-07-08,1100,1100,0,0,1100,25.99,26.07,7.17,0.0,0.29,33.0,40.46,FILLED,Top-K目标建仓/加仓,
ORD_001401,,002311.SZ,BUY,2025-07-07,2025-07-08,400,400,0,0,400,59.07,58.97,5.9,0.0,0.24,24.0,30.14,FILLED,Top-K目标建仓/加仓,
ORD_001402,,601939.SH,BUY,2025-07-07,2025-07-08,2900,2900,0,0,2900,9.75,9.77,7.08,0.0,0.28,29.0,36.36,FILLED,Top-K目标建仓/加仓,
ORD_001403,,600346.SH,BUY,2025-07-07,2025-07-08,2000,2000,0,0,2000,14.17,14.2,7.1,0.0,0.28,20.0,27.38,FILLED,Top-K目标建仓/加仓,
ORD_001404,,600085.SH,BUY,2025-07-07,2025-07-08,800,800,0,0,800,35.52,35.55,7.11,0.0,0.28,32.0,39.39,FILLED,Top-K目标建仓/加仓,
ORD_001407,,600905.SH,SELL,2025-07-08,2025-07-09,1900,1900,0,0,1900,4.33,4.33,5.0,4.11,0.08,0.0,9.19,FILLED,组合最大回撤熔断降仓,
ORD_001408,,601868.SH,SELL,2025-07-08,2025-07-09,3600,3600,0,0,3600,2.27,2.27,5.0,4.09,0.08,0.0,9.17,FILLED,组合最大回撤熔断降仓,
ORD_001409,,600515.SH,SELL,2025-07-08,2025-07-09,2400,2400,0,0,2400,3.66,3.65,5.0,4.38,0.09,0.0,9.47,FILLED,组合最大回撤熔断降仓,
ORD_001410,,600887.SH,SELL,2025-07-08,2025-07-09,200,200,0,0,200,27.49,27.46,5.0,2.75,0.05,6.0,13.8,FILLED,组合最大回撤熔断降仓,
ORD_001411,,000001.SZ,SELL,2025-07-08,2025-07-09,500,500,0,0,500,12.69,12.65,5.0,3.16,0.06,5.0,13.22,FILLED,组合最大回撤熔断降仓,
ORD_001412,,002230.SZ,SELL,2025-07-08,2025-07-09,100,100,0,0,100,46.84,46.79,5.0,2.34,0.05,5.0,12.39,FILLED,组合最大回撤熔断降仓,
ORD_001413,,000938.SZ,SELL,2025-07-08,2025-07-09,300,300,0,0,300,24.16,24.16,5.0,3.62,0.07,6.0,14.69,FILLED,组合最大回撤熔断降仓,
ORD_001414,,600938.SH,SELL,2025-07-08,2025-07-09,200,200,0,0,200,26.06,26.1,5.0,2.61,0.05,6.0,13.66,FILLED,组合最大回撤熔断降仓,
ORD_001415,,002311.SZ,SELL,2025-07-08,2025-07-09,100,100,0,0,100,58.86,59.22,5.0,2.96,0.06,6.0,14.02,FILLED,组合最大回撤熔断降仓,
ORD_001416,,601939.SH,SELL,2025-07-08,2025-07-09,700,700,0,0,700,9.74,9.72,5.0,3.4,0.07,7.0,15.47,FILLED,组合最大回撤熔断降仓,
ORD_001417,,600346.SH,SELL,2025-07-08,2025-07-09,500,500,0,0,500,14.25,14.24,5.0,3.56,0.07,5.0,13.63,FILLED,组合最大回撤熔断降仓,
ORD_001418,,600085.SH,SELL,2025-07-08,2025-07-09,200,200,0,0,200,35.63,35.59,5.0,3.56,0.07,8.0,16.63,FILLED,组合最大回撤熔断降仓,
ORD_001419,,600905.SH,SELL,2025-07-09,2025-07-10,100,100,0,0,100,4.32,4.32,5.0,0.22,0.0,0.0,5.22,FILLED,组合最大回撤熔断降仓,
ORD_001420,,601868.SH,SELL,2025-07-09,2025-07-10,300,300,0,0,300,2.27,2.28,5.0,0.34,0.01,0.0,5.35,FILLED,组合最大回撤熔断降仓,
ORD_001421,,600515.SH,SELL,2025-07-09,2025-07-10,200,200,0,0,200,3.64,3.63,5.0,0.36,0.01,0.0,5.37,FILLED,组合最大回撤熔断降仓,
ORD_001422,,600905.SH,SELL,2025-07-10,2025-07-11,100,100,0,0,100,4.32,4.33,5.0,0.22,0.0,0.0,5.22,FILLED,组合最大回撤熔断降仓,
ORD_001423,,601868.SH,SELL,2025-07-10,2025-07-11,300,300,0,0,300,2.31,2.31,5.0,0.35,0.01,0.0,5.36,FILLED,组合最大回撤熔断降仓,
ORD_001424,,600515.SH,SELL,2025-07-10,2025-07-11,200,200,0,0,200,3.68,3.68,5.0,0.37,0.01,0.0,5.38,FILLED,组合最大回撤熔断降仓,
ORD_001425,,600905.SH,SELL,2025-07-11,2025-07-14,100,100,0,0,100,4.33,4.34,5.0,0.22,0.0,0.0,5.22,FILLED,组合最大回撤熔断降仓,
ORD_001426,,601868.SH,SELL,2025-07-11,2025-07-14,200,200,0,0,200,2.3,2.3,5.0,0.23,0.0,0.0,5.23,FILLED,组合最大回撤熔断降仓,
ORD_001427,,600515.SH,SELL,2025-07-11,2025-07-14,100,100,0,0,100,3.64,3.64,5.0,0.18,0.0,0.0,5.18,FILLED,组合最大回撤熔断降仓,
ORD_001428,,601868.SH,SELL,2025-07-14,2025-07-15,100,100,0,0,100,2.33,2.33,5.0,0.12,0.0,0.0,5.12,FILLED,组合最大回撤熔断降仓,
ORD_001429,,601868.SH,SELL,2025-07-15,2025-07-16,100,100,0,0,100,2.32,2.32,5.0,0.12,0.0,0.0,5.12,FILLED,组合最大回撤熔断降仓,
ORD_001430,,000001.SZ,SELL,2025-07-16,2025-07-17,1700,1700,0,0,1700,12.64,12.6,5.36,10.71,0.21,17.0,33.28,FILLED,"触发跟踪止盈 (最高浮盈: 11.92%, 自高点回撤: 5.18%)",
ORD_001431,,601868.SH,SELL,2025-07-16,2025-07-17,100,100,0,0,100,2.3,2.31,5.0,0.12,0.0,0.0,5.12,FILLED,组合最大回撤熔断降仓,
ORD_001432,,002230.SZ,SELL,2025-07-21,2025-07-22,500,500,0,0,500,47.92,47.67,5.96,11.92,0.24,25.0,43.12,FILLED,调仓剔除(掉出Top-K),
ORD_001433,,600515.SH,SELL,2025-07-21,2025-07-22,6500,6500,0,0,6500,3.9,3.95,6.42,12.84,0.26,0.0,19.52,FILLED,调仓剔除(掉出Top-K),
ORD_001434,,601868.SH,SELL,2025-07-21,2025-07-22,9400,9400,0,0,9400,2.55,2.81,6.6,13.21,0.26,0.0,20.07,FILLED,调仓剔除(掉出Top-K),
ORD_001435,,600085.SH,SELL,2025-07-21,2025-07-22,600,600,0,0,600,35.93,35.85,5.38,10.76,0.22,24.0,40.36,FILLED,调仓剔除(掉出Top-K),
ORD_001436,,000938.SZ,SELL,2025-07-21,2025-07-22,900,900,0,0,900,24.72,24.66,5.55,11.1,0.22,18.0,34.87,FILLED,调仓剔除(掉出Top-K),
ORD_001437,,600938.SH,SELL,2025-07-21,2025-07-22,900,900,0,0,900,26.0,25.96,5.84,11.68,0.23,27.0,44.75,FILLED,调仓剔除(掉出Top-K),
ORD_001438,,600346.SH,SELL,2025-07-21,2025-07-22,1500,1500,0,0,1500,14.88,14.82,5.56,11.12,0.22,15.0,31.9,FILLED,调仓剔除(掉出Top-K),
ORD_001439,,002311.SZ,SELL,2025-07-21,2025-07-22,300,300,0,0,300,56.67,56.53,5.0,8.48,0.17,18.0,31.65,FILLED,调仓剔除(掉出Top-K),
ORD_001440,,600905.SH,SELL,2025-07-21,2025-07-22,5200,5200,0,0,5200,4.37,4.37,5.68,11.36,0.23,0.0,17.27,FILLED,调仓剔除(掉出Top-K),
ORD_001441,,600436.SH,BUY,2025-07-21,2025-07-22,100,100,0,0,100,198.52,198.78,5.0,0.0,0.2,20.0,25.2,FILLED,Top-K目标建仓/加仓,
ORD_001442,,601728.SH,BUY,2025-07-21,2025-07-22,3400,3400,0,0,3400,7.59,7.6,6.46,0.0,0.26,34.0,40.72,FILLED,Top-K目标建仓/加仓,
ORD_001443,,600584.SH,BUY,2025-07-21,2025-07-22,700,700,0,0,700,34.07,34.13,5.97,0.0,0.24,21.0,27.21,FILLED,Top-K目标建仓/加仓,
ORD_001444,,600050.SH,BUY,2025-07-21,2025-07-22,4700,4700,0,0,4700,5.48,5.49,6.45,0.0,0.26,47.0,53.71,FILLED,Top-K目标建仓/加仓,
ORD_001445,,601229.SH,BUY,2025-07-21,2025-07-22,2300,2300,0,0,2300,10.87,10.85,6.24,0.0,0.25,23.0,29.49,FILLED,Top-K目标建仓/加仓,
ORD_001446,,600803.SH,BUY,2025-07-21,2025-07-22,1300,1300,0,0,1300,19.78,18.83,6.12,0.0,0.24,26.0,32.36,FILLED,Top-K目标建仓/加仓,
ORD_001447,,600845.SH,BUY,2025-07-21,2025-07-22,1000,1000,0,0,1000,24.55,24.58,6.15,0.0,0.25,20.0,26.4,FILLED,Top-K目标建仓/加仓,
ORD_001448,,600660.SH,BUY,2025-07-21,2025-07-22,400,400,0,0,400,57.57,57.56,5.76,0.0,0.23,24.0,29.99,FILLED,Top-K目标建仓/加仓,
ORD_001449,,601939.SH,BUY,2025-07-21,2025-07-22,500,500,0,0,500,9.57,9.55,5.0,0.0,0.05,5.0,10.05,FILLED,Top-K目标建仓/加仓,
ORD_001450,,600887.SH,BUY,2025-07-21,2025-07-22,100,100,0,0,100,28.19,28.25,5.0,0.0,0.03,3.0,8.03,FILLED,Top-K目标建仓/加仓,
ORD_001451,,600845.SH,SELL,2025-07-30,2025-07-31,1000,1000,0,0,1000,24.86,24.88,6.22,12.44,0.25,20.0,38.91,FILLED,"触发跟踪止盈 (最高浮盈: 6.96%, 自高点回撤: 5.44%)",
ORD_001452,,600584.SH,SELL,2025-08-04,2025-08-05,700,700,0,0,700,34.72,34.77,6.08,12.17,0.24,21.0,39.49,FILLED,调仓剔除(掉出Top-K),
ORD_001453,,600050.SH,SELL,2025-08-04,2025-08-05,4700,4700,0,0,4700,5.32,5.32,6.25,12.5,0.25,47.0,66.0,FILLED,调仓剔除(掉出Top-K),
ORD_001454,,601229.SH,SELL,2025-08-04,2025-08-05,2300,2300,0,0,2300,10.28,10.28,5.91,11.82,0.24,23.0,40.97,FILLED,调仓剔除(掉出Top-K),
ORD_001455,,600887.SH,SELL,2025-08-04,2025-08-05,900,900,0,0,900,27.48,27.47,6.18,12.36,0.25,27.0,45.79,FILLED,调仓剔除(掉出Top-K),
ORD_001456,,600803.SH,SELL,2025-08-04,2025-08-05,1300,1300,0,0,1300,18.66,18.65,6.06,12.12,0.24,26.0,44.42,FILLED,调仓剔除(掉出Top-K),
ORD_001457,,600660.SH,SELL,2025-08-04,2025-08-05,400,400,0,0,400,54.75,54.71,5.47,10.94,0.22,20.0,36.63,FILLED,调仓剔除(掉出Top-K),
ORD_001458,,601939.SH,SELL,2025-08-04,2025-08-05,2700,2700,0,0,2700,9.55,9.52,6.43,12.85,0.26,27.0,46.54,FILLED,调仓剔除(掉出Top-K),
ORD_001459,,600436.SH,SELL,2025-08-04,2025-08-05,100,100,0,0,100,202.01,201.83,5.05,10.09,0.2,20.0,35.34,FILLED,调仓剔除(掉出Top-K),
ORD_001461,,601728.SH,SELL,2025-08-04,2025-08-05,800,800,0,0,800,7.4,7.41,5.0,2.96,0.06,8.0,16.02,FILLED,Top-K目标再平衡减仓,
ORD_001460,,000938.SZ,BUY,2025-08-04,2025-08-05,1300,1300,0,0,1300,24.54,24.57,7.99,0.0,0.32,26.0,34.31,FILLED,Top-K目标建仓/加仓,
ORD_001462,,600905.SH,BUY,2025-08-04,2025-08-05,4500,4500,0,0,4500,4.31,4.31,5.0,0.0,0.19,0.0,5.19,FILLED,Top-K目标建仓/加仓,
ORD_001463,,003816.SZ,BUY,2025-08-04,2025-08-05,5200,5200,0,0,5200,3.69,3.69,5.0,0.0,0.19,0.0,5.19,FILLED,Top-K目标建仓/加仓,
ORD_001464,,000725.SZ,BUY,2025-08-04,2025-08-05,8000,8000,0,0,8000,4.02,4.02,8.04,0.0,0.32,0.0,8.36,FILLED,Top-K目标建仓/加仓,
ORD_001465,,600219.SH,BUY,2025-08-04,2025-08-05,8200,8200,0,0,8200,3.95,3.95,8.1,0.0,0.32,0.0,8.42,FILLED,Top-K目标建仓/加仓,
ORD_001466,,002236.SZ,BUY,2025-08-04,2025-08-05,1900,1900,0,0,1900,16.37,16.39,7.79,0.0,0.31,38.0,46.1,FILLED,Top-K目标建仓/加仓,
ORD_001467,,600941.SH,BUY,2025-08-04,2025-08-05,100,100,0,0,100,108.12,108.26,5.0,0.0,0.11,11.0,16.11,FILLED,Top-K目标建仓/加仓,
ORD_001468,,002236.SZ,SELL,2025-08-18,2025-08-19,1900,1900,0,0,1900,18.19,18.23,8.66,17.32,0.35,38.0,64.33,FILLED,调仓剔除(掉出Top-K),
ORD_001469,,000938.SZ,SELL,2025-08-18,2025-08-19,1300,1300,0,0,1300,26.46,26.58,8.64,17.28,0.35,39.0,65.27,FILLED,调仓剔除(掉出Top-K),
ORD_001470,,003816.SZ,SELL,2025-08-18,2025-08-19,5200,5200,0,0,5200,3.69,3.69,5.0,9.59,0.19,0.0,14.78,FILLED,调仓剔除(掉出Top-K),
ORD_001471,,601728.SH,SELL,2025-08-18,2025-08-19,2600,2600,0,0,2600,7.47,7.47,5.0,9.71,0.19,26.0,40.9,FILLED,调仓剔除(掉出Top-K),
ORD_001472,,600941.SH,SELL,2025-08-18,2025-08-19,100,100,0,0,100,108.19,108.25,5.0,5.41,0.11,11.0,21.52,FILLED,调仓剔除(掉出Top-K),
ORD_001473,,000725.SZ,SELL,2025-08-18,2025-08-19,8000,8000,0,0,8000,3.95,3.95,7.9,15.8,0.32,0.0,24.02,FILLED,调仓剔除(掉出Top-K),
ORD_001474,,600905.SH,SELL,2025-08-18,2025-08-19,4500,4500,0,0,4500,4.3,4.25,5.0,9.56,0.19,0.0,14.75,FILLED,调仓剔除(掉出Top-K),
ORD_001475,,600219.SH,SELL,2025-08-18,2025-08-19,8200,8200,0,0,8200,4.13,4.13,8.47,16.93,0.34,0.0,25.74,FILLED,调仓剔除(掉出Top-K),
ORD_001476,,601939.SH,BUY,2025-08-18,2025-08-19,2100,2100,0,0,2100,9.14,9.15,5.0,0.0,0.19,21.0,26.19,FILLED,Top-K目标建仓/加仓,
ORD_001477,,600803.SH,BUY,2025-08-18,2025-08-19,1700,1700,0,0,1700,18.78,18.8,7.99,0.0,0.32,34.0,42.31,FILLED,Top-K目标建仓/加仓,
ORD_001478,,601328.SH,BUY,2025-08-18,2025-08-19,2600,2600,0,0,2600,7.44,7.46,5.0,0.0,0.19,26.0,31.19,FILLED,Top-K目标建仓/加仓,
ORD_001479,,600989.SH,BUY,2025-08-18,2025-08-19,2100,2100,0,0,2100,15.45,15.48,8.13,0.0,0.33,42.0,50.46,FILLED,Top-K目标建仓/加仓,
ORD_001480,,601009.SH,BUY,2025-08-18,2025-08-19,1700,1700,0,0,1700,11.5,11.51,5.0,0.0,0.2,17.0,22.2,FILLED,Top-K目标建仓/加仓,
ORD_001481,,600436.SH,BUY,2025-08-18,2025-08-19,100,100,0,0,100,201.35,202.42,5.06,0.0,0.2,20.0,25.26,FILLED,Top-K目标建仓/加仓,
ORD_001482,,600050.SH,BUY,2025-08-18,2025-08-19,5900,5900,0,0,5900,5.52,5.55,8.19,0.0,0.33,59.0,67.52,FILLED,Top-K目标建仓/加仓,
ORD_001483,,601998.SH,BUY,2025-08-18,2025-08-19,2400,2400,0,0,2400,7.97,7.97,5.0,0.0,0.19,24.0,29.19,FILLED,Top-K目标建仓/加仓,
ORD_001484,,600050.SH,SELL,2025-08-27,2025-08-28,5900,5900,0,0,5900,5.65,5.64,8.32,16.64,0.33,59.0,84.29,FILLED,"触发跟踪止盈 (最高浮盈: 7.21%, 自高点回撤: 5.04%)",
ORD_001485,,600436.SH,SELL,2025-08-28,2025-08-29,100,100,0,0,100,205.7,205.48,5.14,10.27,0.21,21.0,36.62,FILLED,"触发跟踪止盈 (最高浮盈: 7.98%, 自高点回撤: 5.89%)",
ORD_001486,,601009.SH,SELL,2025-09-01,2025-09-02,1700,1700,0,0,1700,10.89,10.89,5.0,9.26,0.19,17.0,31.45,FILLED,调仓剔除(掉出Top-K),
ORD_001487,,600989.SH,SELL,2025-09-01,2025-09-02,2100,2100,0,0,2100,17.57,17.55,9.21,18.43,0.37,42.0,70.01,FILLED,调仓剔除(掉出Top-K),
ORD_001488,,600803.SH,SELL,2025-09-01,2025-09-02,1700,1700,0,0,1700,18.76,18.7,7.95,15.89,0.32,34.0,58.16,FILLED,调仓剔除(掉出Top-K),
ORD_001489,,601939.SH,SELL,2025-09-01,2025-09-02,2100,2100,0,0,2100,9.04,9.03,5.0,9.48,0.19,21.0,35.67,FILLED,调仓剔除(掉出Top-K),
ORD_001490,,601328.SH,SELL,2025-09-01,2025-09-02,2600,2600,0,0,2600,7.19,7.2,5.0,9.36,0.19,26.0,40.55,FILLED,调仓剔除(掉出Top-K),
ORD_001491,,002311.SZ,BUY,2025-09-01,2025-09-02,400,400,0,0,400,60.77,60.86,6.09,0.0,0.24,24.0,30.33,FILLED,Top-K目标建仓/加仓,
ORD_001492,,000625.SZ,BUY,2025-09-01,2025-09-02,2300,2300,0,0,2300,12.46,12.51,7.19,0.0,0.29,23.0,30.48,FILLED,Top-K目标建仓/加仓,
ORD_001493,,601318.SH,BUY,2025-09-01,2025-09-02,400,400,0,0,400,58.51,58.56,5.86,0.0,0.23,24.0,30.09,FILLED,Top-K目标建仓/加仓,
ORD_001494,,603288.SH,BUY,2025-09-01,2025-09-02,600,600,0,0,600,41.22,41.23,6.18,0.0,0.25,24.0,30.43,FILLED,Top-K目标建仓/加仓,
ORD_001495,,600887.SH,BUY,2025-09-01,2025-09-02,900,900,0,0,900,28.27,28.38,6.39,0.0,0.26,27.0,33.65,FILLED,Top-K目标建仓/加仓,
ORD_001496,,600893.SH,BUY,2025-09-01,2025-09-02,700,700,0,0,700,40.23,40.19,7.03,0.0,0.28,28.0,35.31,FILLED,Top-K目标建仓/加仓,
ORD_001497,,600000.SH,BUY,2025-09-01,2025-09-02,2100,2100,0,0,2100,13.49,13.44,7.06,0.0,0.28,21.0,28.34,FILLED,Top-K目标建仓/加仓,
ORD_001498,,601998.SH,BUY,2025-09-01,2025-09-02,1300,1300,0,0,1300,7.78,7.79,5.0,0.0,0.1,13.0,18.1,FILLED,Top-K目标建仓/加仓,
ORD_001499,,600000.SH,SELL,2025-09-15,2025-09-16,2100,2100,0,0,2100,13.43,13.4,7.04,14.07,0.28,21.0,42.39,FILLED,"触发跟踪止盈 (最高浮盈: 6.03%, 自高点回撤: 5.75%)",
ORD_001500,,600887.SH,SELL,2025-09-15,2025-09-16,900,900,0,0,900,28.23,28.22,6.35,12.7,0.25,27.0,46.3,FILLED,调仓剔除(掉出Top-K),
ORD_001501,,600893.SH,SELL,2025-09-15,2025-09-16,700,700,0,0,700,37.48,37.39,6.54,13.09,0.26,28.0,47.89,FILLED,调仓剔除(掉出Top-K),
ORD_001502,,601998.SH,SELL,2025-09-15,2025-09-16,3700,3700,0,0,3700,7.75,7.72,7.14,14.28,0.29,37.0,58.71,FILLED,调仓剔除(掉出Top-K),
ORD_001503,,601318.SH,SELL,2025-09-15,2025-09-16,400,400,0,0,400,57.33,57.29,5.73,11.46,0.23,24.0,41.42,FILLED,调仓剔除(掉出Top-K),
ORD_001504,,002311.SZ,SELL,2025-09-15,2025-09-16,400,400,0,0,400,67.35,66.99,6.7,13.4,0.27,28.0,48.37,FILLED,调仓剔除(掉出Top-K),
ORD_001505,,603288.SH,SELL,2025-09-15,2025-09-16,600,600,0,0,600,40.84,40.81,6.12,12.24,0.24,24.0,42.6,FILLED,调仓剔除(掉出Top-K),
ORD_001506,,000625.SZ,SELL,2025-09-15,2025-09-16,2300,2300,0,0,2300,12.53,12.49,7.18,14.36,0.29,23.0,44.83,FILLED,调仓剔除(掉出Top-K),
ORD_001507,,688981.SH,BUY,2025-09-15,2025-09-16,300,300,0,0,300,108.66,109.11,8.18,0.0,0.33,33.0,41.51,FILLED,Top-K目标建仓/加仓,
ORD_001508,,000001.SZ,BUY,2025-09-15,2025-09-16,2800,2800,0,0,2800,11.65,11.67,8.17,0.0,0.33,28.0,36.5,FILLED,Top-K目标建仓/加仓,
ORD_001509,,000002.SZ,BUY,2025-09-15,2025-09-16,4600,4600,0,0,4600,6.97,6.96,8.0,0.0,0.32,46.0,54.32,FILLED,Top-K目标建仓/加仓,
ORD_001510,,000063.SZ,BUY,2025-09-15,2025-09-16,700,700,0,0,700,43.06,43.21,7.56,0.0,0.3,28.0,35.86,FILLED,Top-K目标建仓/加仓,
ORD_001511,,000157.SZ,BUY,2025-09-15,2025-09-16,4400,4400,0,0,4400,7.28,7.28,8.01,0.0,0.32,44.0,52.33,FILLED,Top-K目标建仓/加仓,
ORD_001512,,000166.SZ,BUY,2025-09-15,2025-09-16,6100,6100,0,0,6100,5.3,5.3,8.08,0.0,0.32,61.0,69.4,FILLED,Top-K目标建仓/加仓,
ORD_001513,,000301.SZ,BUY,2025-09-15,2025-09-16,3200,3200,0,0,3200,10.01,10.05,8.04,0.0,0.32,32.0,40.36,FILLED,Top-K目标建仓/加仓,
ORD_001514,,000301.SZ,SELL,2025-09-24,2025-09-25,3200,3200,0,0,3200,9.24,9.21,7.37,14.74,0.29,32.0,54.4,FILLED,触发个股硬止损 (浮亏: -8.06% <= -8.0%),
ORD_001515,,000063.SZ,SELL,2025-09-26,2025-09-29,700,700,0,0,700,44.47,44.38,7.77,15.53,0.31,28.0,51.61,FILLED,"触发跟踪止盈 (最高浮盈: 8.89%, 自高点回撤: 5.48%)",
ORD_001516,,000001.SZ,SELL,2025-09-29,2025-09-30,2800,2800,0,0,2800,11.37,11.36,7.95,15.9,0.32,28.0,52.17,FILLED,调仓剔除(掉出Top-K),
ORD_001517,,000157.SZ,SELL,2025-09-29,2025-09-30,4400,4400,0,0,4400,7.95,7.94,8.73,17.47,0.35,44.0,70.55,FILLED,调仓剔除(掉出Top-K),
ORD_001518,,000166.SZ,SELL,2025-09-29,2025-09-30,6100,6100,0,0,6100,5.35,5.31,8.1,16.2,0.32,61.0,85.62,FILLED,调仓剔除(掉出Top-K),
ORD_001519,,688981.SH,SELL,2025-09-29,2025-09-30,300,300,0,0,300,136.02,138.36,10.38,20.75,0.42,42.0,73.55,FILLED,调仓剔除(掉出Top-K),
ORD_001520,,000002.SZ,BUY,2025-09-29,2025-09-30,200,200,0,0,200,6.81,6.81,5.0,0.0,0.01,2.0,7.01,FILLED,Top-K目标建仓/加仓,
ORD_001521,,688303.SH,BUY,2025-09-29,2025-09-30,300,300,0,0,300,28.57,28.43,5.0,0.0,0.09,9.0,14.09,FILLED,Top-K目标建仓/加仓,
ORD_001522,,603799.SH,BUY,2025-09-29,2025-09-30,100,100,0,0,100,60.25,61.62,5.0,0.0,0.06,6.0,11.06,FILLED,Top-K目标建仓/加仓,
ORD_001523,,603799.SH,SELL,2025-10-10,2025-10-13,100,100,0,0,100,64.85,61.24,5.0,3.06,0.06,6.0,14.12,FILLED,"触发跟踪止盈 (最高浮盈: 14.07%, 自高点回撤: 7.74%)",
ORD_001524,,000002.SZ,SELL,2025-10-17,2025-10-20,4800,4800,0,0,4800,6.32,6.32,7.58,15.17,0.3,48.0,71.05,FILLED,触发个股硬止损 (浮亏: -9.11% <= -8.0%),
ORD_001525,,688303.SH,SELL,2025-10-17,2025-10-20,300,300,0,0,300,28.39,28.87,5.0,4.33,0.09,9.0,18.42,FILLED,"触发跟踪止盈 (最高浮盈: 6.23%, 自高点回撤: 5.99%)",
ORD_001526,,688981.SH,BUY,2025-10-21,2025-10-22,200,200,0,0,200,127.19,125.55,6.28,0.0,0.25,26.0,32.53,FILLED,Top-K目标建仓/加仓,
ORD_001527,,000001.SZ,BUY,2025-10-21,2025-10-22,2800,2800,0,0,2800,11.43,11.41,7.99,0.0,0.32,28.0,36.31,FILLED,Top-K目标建仓/加仓,
ORD_001528,,000002.SZ,BUY,2025-10-21,2025-10-22,5100,5100,0,0,5100,6.4,6.37,8.12,0.0,0.32,51.0,59.44,FILLED,Top-K目标建仓/加仓,
ORD_001529,,000063.SZ,BUY,2025-10-21,2025-10-22,600,600,0,0,600,51.24,50.24,7.54,0.0,0.3,30.0,37.84,FILLED,Top-K目标建仓/加仓,
ORD_001530,,000100.SZ,BUY,2025-10-21,2025-10-22,7900,7900,0,0,7900,4.16,4.16,8.22,0.0,0.33,0.0,8.55,FILLED,Top-K目标建仓/加仓,
ORD_001531,,000157.SZ,BUY,2025-10-21,2025-10-22,4000,4000,0,0,4000,8.13,8.12,8.12,0.0,0.32,40.0,48.44,FILLED,Top-K目标建仓/加仓,
ORD_001532,,000166.SZ,BUY,2025-10-21,2025-10-22,6100,6100,0,0,6100,5.37,5.38,8.2,0.0,0.33,61.0,69.53,FILLED,Top-K目标建仓/加仓,
ORD_001533,,000301.SZ,BUY,2025-10-21,2025-10-22,3600,3600,0,0,3600,9.1,9.09,8.18,0.0,0.33,36.0,44.51,FILLED,Top-K目标建仓/加仓,
ORD_001534,,000063.SZ,SELL,2025-10-29,2025-10-30,600,600,0,0,600,46.2,45.56,6.83,13.67,0.27,30.0,50.77,FILLED,触发个股硬止损 (浮亏: -8.04% <= -8.0%),
ORD_001535,,688981.SH,SELL,2025-10-30,2025-10-31,200,200,0,0,200,128.55,127.9,6.4,12.79,0.26,26.0,45.45,FILLED,"触发跟踪止盈 (最高浮盈: 9.52%, 自高点回撤: 6.51%)",
ORD_001539,,000100.SZ,SELL,2025-11-04,2025-11-05,200,200,0,0,200,4.25,4.22,5.0,0.42,0.01,0.0,5.43,FILLED,Top-K目标再平衡减仓,
ORD_001540,,000166.SZ,SELL,2025-11-04,2025-11-05,100,100,0,0,100,5.46,5.42,5.0,0.27,0.01,1.0,6.28,FILLED,Top-K目标再平衡减仓,
ORD_001536,,688981.SH,BUY,2025-11-04,2025-11-05,200,200,0,0,200,119.88,117.02,5.85,0.0,0.23,24.0,30.08,FILLED,Top-K目标建仓/加仓,
ORD_001537,,000002.SZ,BUY,2025-11-04,2025-11-05,100,100,0,0,100,6.23,6.21,5.0,0.0,0.01,1.0,6.01,FILLED,Top-K目标建仓/加仓,
ORD_001538,,000063.SZ,BUY,2025-11-04,2025-11-05,700,700,0,0,700,41.73,40.97,7.17,0.0,0.29,28.0,35.46,FILLED,Top-K目标建仓/加仓,
ORD_001541,,688981.SH,SELL,2025-11-11,2025-11-12,200,200,0,0,200,117.73,116.88,5.84,11.69,0.23,24.0,41.76,FILLED,"触发跟踪止盈 (最高浮盈: 7.67%, 自高点回撤: 6.56%)",
ORD_001542,,000157.SZ,SELL,2025-11-14,2025-11-17,4000,4000,0,0,4000,8.25,8.24,8.24,16.48,0.33,40.0,65.05,FILLED,"触发跟踪止盈 (最高浮盈: 7.14%, 自高点回撤: 5.17%)",
ORD_001543,,000100.SZ,SELL,2025-11-18,2025-11-19,7700,7700,0,0,7700,4.24,4.24,8.16,16.32,0.33,0.0,24.81,FILLED,"触发跟踪止盈 (最高浮盈: 7.45%, 自高点回撤: 5.15%)",
ORD_001549,,000301.SZ,SELL,2025-11-18,2025-11-19,400,400,0,0,400,10.09,10.08,5.0,2.02,0.04,4.0,11.06,FILLED,Top-K目标再平衡减仓,
ORD_001544,,688981.SH,BUY,2025-11-18,2025-11-19,200,200,0,0,200,117.96,118.11,5.91,0.0,0.24,24.0,30.15,FILLED,Top-K目标建仓/加仓,
ORD_001545,,000002.SZ,BUY,2025-11-18,2025-11-19,100,100,0,0,100,6.13,6.13,5.0,0.0,0.01,1.0,6.01,FILLED,Top-K目标建仓/加仓,
ORD_001546,,000063.SZ,BUY,2025-11-18,2025-11-19,100,100,0,0,100,39.45,39.25,5.0,0.0,0.04,4.0,9.04,FILLED,Top-K目标建仓/加仓,
ORD_001547,,000157.SZ,BUY,2025-11-18,2025-11-19,4100,4100,0,0,4100,8.0,8.01,8.21,0.0,0.33,41.0,49.54,FILLED,Top-K目标建仓/加仓,
ORD_001548,,000166.SZ,BUY,2025-11-18,2025-11-19,100,100,0,0,100,5.32,5.31,5.0,0.0,0.01,1.0,6.01,FILLED,Top-K目标建仓/加仓,
ORD_001550,,000301.SZ,SELL,2025-11-21,2025-11-24,3200,3200,0,0,3200,9.82,9.82,7.86,15.71,0.31,32.0,55.88,FILLED,"触发跟踪止盈 (最高浮盈: 14.96%, 自高点回撤: 6.03%)",
ORD_001551,,000002.SZ,SELL,2025-11-27,2025-11-28,5300,5300,0,0,5300,5.47,5.4,7.16,14.31,0.29,53.0,74.76,FILLED,触发个股硬止损 (浮亏: -14.03% <= -8.0%),
ORD_001552,,688981.SH,SELL,2025-12-02,2025-12-03,200,200,0,0,200,113.0,112.69,5.63,11.27,0.23,22.0,39.13,FILLED,调仓剔除(掉出Top-K),
ORD_001554,,000063.SZ,SELL,2025-12-02,2025-12-03,100,100,0,0,100,45.5,44.95,5.0,2.25,0.04,5.0,12.29,FILLED,Top-K目标再平衡减仓,
ORD_001556,,000157.SZ,SELL,2025-12-02,2025-12-03,100,100,0,0,100,8.18,8.18,5.0,0.41,0.01,1.0,6.42,FILLED,Top-K目标再平衡减仓,
ORD_001553,,000002.SZ,BUY,2025-12-02,2025-12-03,6300,6300,0,0,6300,5.2,5.23,8.24,0.0,0.33,63.0,71.57,FILLED,Top-K目标建仓/加仓,
ORD_001555,,000100.SZ,BUY,2025-12-02,2025-12-03,7800,7800,0,0,7800,4.17,4.18,8.15,0.0,0.33,0.0,8.48,FILLED,Top-K目标建仓/加仓,
ORD_001557,,000166.SZ,BUY,2025-12-02,2025-12-03,300,300,0,0,300,5.12,5.13,5.0,0.0,0.02,3.0,8.02,FILLED,Top-K目标建仓/加仓,
ORD_001558,,688009.SH,BUY,2025-12-02,2025-12-03,6200,6200,0,0,6200,5.24,5.25,8.14,0.0,0.33,62.0,70.47,FILLED,Top-K目标建仓/加仓,
ORD_001559,,000063.SZ,SELL,2025-12-03,2025-12-04,700,700,0,0,700,43.3,42.78,7.49,14.97,0.3,28.0,50.76,FILLED,"触发跟踪止盈 (最高浮盈: 17.30%, 自高点回撤: 9.36%)",
ORD_001560,,000002.SZ,SELL,2025-12-09,2025-12-10,6300,6300,0,0,6300,4.77,4.76,7.5,14.99,0.3,0.0,22.79,FILLED,触发个股硬止损 (浮亏: -8.80% <= -8.0%),
ORD_001561,,000001.SZ,SELL,2025-12-10,2025-12-11,2800,2800,0,0,2800,11.33,11.34,7.94,15.88,0.32,28.0,52.14,FILLED,"触发跟踪止盈 (最高浮盈: 5.08%, 自高点回撤: 5.50%)",
ORD_001566,,000100.SZ,SELL,2025-12-16,2025-12-17,1400,1400,0,0,1400,4.56,4.55,5.0,3.19,0.06,0.0,8.25,FILLED,Top-K目标再平衡减仓,
ORD_001567,,000157.SZ,SELL,2025-12-16,2025-12-17,600,600,0,0,600,8.37,8.37,5.0,2.51,0.05,6.0,13.56,FILLED,Top-K目标再平衡减仓,
ORD_001568,,000166.SZ,SELL,2025-12-16,2025-12-17,800,800,0,0,800,5.21,5.21,5.0,2.08,0.04,8.0,15.12,FILLED,Top-K目标再平衡减仓,
ORD_001570,,688009.SH,SELL,2025-12-16,2025-12-17,900,900,0,0,900,5.42,5.4,5.0,2.43,0.05,9.0,16.48,FILLED,Top-K目标再平衡减仓,
ORD_001562,,688521.SH,BUY,2025-12-16,2025-12-17,200,200,0,0,200,128.88,129.01,6.45,0.0,0.26,26.0,32.71,FILLED,Top-K目标建仓/加仓,
ORD_001563,,000001.SZ,BUY,2025-12-16,2025-12-17,2500,2500,0,0,2500,11.48,11.48,7.17,0.0,0.29,25.0,32.46,FILLED,Top-K目标建仓/加仓,
ORD_001564,,000002.SZ,BUY,2025-12-16,2025-12-17,5800,5800,0,0,5800,4.97,4.92,7.13,0.0,0.29,0.0,7.42,FILLED,Top-K目标建仓/加仓,
ORD_001565,,000063.SZ,BUY,2025-12-16,2025-12-17,800,800,0,0,800,35.77,35.85,7.17,0.0,0.29,32.0,39.46,FILLED,Top-K目标建仓/加仓,
ORD_001569,,000301.SZ,BUY,2025-12-16,2025-12-17,2900,2900,0,0,2900,10.06,10.03,7.27,0.0,0.29,29.0,36.56,FILLED,Top-K目标建仓/加仓,
ORD_001571,,688521.SH,SELL,2025-12-25,2025-12-26,200,200,0,0,200,127.65,125.97,6.3,12.6,0.25,26.0,45.15,FILLED,"触发跟踪止盈 (最高浮盈: 8.05%, 自高点回撤: 8.42%)",
ORD_001572,,000100.SZ,SELL,2025-12-26,2025-12-29,6400,6400,0,0,6400,4.44,4.45,7.12,14.24,0.28,0.0,21.64,FILLED,"触发跟踪止盈 (最高浮盈: 11.96%, 自高点回撤: 5.13%)",
ORD_001575,,000063.SZ,SELL,2025-12-30,2025-12-31,100,100,0,0,100,37.27,37.41,5.0,1.87,0.04,4.0,10.91,FILLED,Top-K目标再平衡减仓,
ORD_001577,,000166.SZ,SELL,2025-12-30,2025-12-31,100,100,0,0,100,5.28,5.28,5.0,0.26,0.01,1.0,6.27,FILLED,Top-K目标再平衡减仓,
ORD_001578,,000301.SZ,SELL,2025-12-30,2025-12-31,400,400,0,0,400,11.37,11.26,5.0,2.25,0.05,4.0,11.3,FILLED,Top-K目标再平衡减仓,
ORD_001573,,688981.SH,BUY,2025-12-30,2025-12-31,200,200,0,0,200,125.28,126.12,6.31,0.0,0.25,26.0,32.56,FILLED,Top-K目标建仓/加仓,
ORD_001574,,000002.SZ,BUY,2025-12-30,2025-12-31,500,500,0,0,500,4.62,4.66,5.0,0.0,0.02,0.0,5.02,FILLED,Top-K目标建仓/加仓,
ORD_001576,,000100.SZ,BUY,2025-12-30,2025-12-31,6400,6400,0,0,6400,4.54,4.54,7.26,0.0,0.29,0.0,7.55,FILLED,Top-K目标建仓/加仓,
ORD_001579,,000301.SZ,SELL,2025-12-31,2026-01-05,2500,2500,0,0,2500,10.89,10.95,6.84,13.69,0.27,25.0,45.8,FILLED,"触发跟踪止盈 (最高浮盈: 14.66%, 自高点回撤: 5.30%)",
ORD_001580,,000100.SZ,SELL,2026-01-07,2026-01-08,6400,6400,0,0,6400,4.71,4.71,7.54,15.07,0.3,0.0,22.91,FILLED,"触发跟踪止盈 (最高浮盈: 10.35%, 自高点回撤: 5.99%)",
ORD_001581,,688981.SH,SELL,2026-01-12,2026-01-13,200,200,0,0,200,127.66,127.36,6.37,12.74,0.25,26.0,45.36,FILLED,"触发跟踪止盈 (最高浮盈: 6.79%, 自高点回撤: 5.21%)",
ORD_001582,,000063.SZ,SELL,2026-01-13,2026-01-14,700,700,0,0,700,40.28,40.19,7.03,14.07,0.28,28.0,49.38,FILLED,"触发跟踪止盈 (最高浮盈: 19.44%, 自高点回撤: 5.93%)",
ORD_001583,,000157.SZ,SELL,2026-01-14,2026-01-15,3400,3400,0,0,3400,8.61,8.57,7.28,14.57,0.29,34.0,56.14,FILLED,"触发跟踪止盈 (最高浮盈: 14.11%, 自高点回撤: 5.80%)",
ORD_001584,,688009.SH,SELL,2026-01-15,2026-01-16,5300,5300,0,0,5300,5.39,5.41,7.17,14.34,0.29,53.0,74.8,FILLED,"触发跟踪止盈 (最高浮盈: 8.38%, 自高点回撤: 5.27%)",
ORD_001585,,000002.SZ,SELL,2026-01-15,2026-01-16,6300,6300,0,0,6300,4.85,4.85,7.64,15.28,0.31,0.0,23.23,FILLED,调仓剔除(掉出Top-K),
ORD_001586,,000166.SZ,SELL,2026-01-15,2026-01-16,5500,5500,0,0,5500,5.25,5.26,7.23,14.46,0.29,55.0,76.98,FILLED,调仓剔除(掉出Top-K),
ORD_001587,,000001.SZ,SELL,2026-01-15,2026-01-16,2500,2500,0,0,2500,11.31,11.33,7.08,14.16,0.28,25.0,46.52,FILLED,调仓剔除(掉出Top-K),
ORD_001588,,601899.SH,BUY,2026-01-15,2026-01-16,800,800,0,0,800,38.25,38.36,7.67,0.0,0.31,32.0,39.98,FILLED,Top-K目标建仓/加仓,
ORD_001589,,601985.SH,BUY,2026-01-15,2026-01-16,3700,3700,0,0,3700,8.87,8.89,8.22,0.0,0.33,37.0,45.55,FILLED,Top-K目标建仓/加仓,
ORD_001590,,601225.SH,BUY,2026-01-15,2026-01-16,1400,1400,0,0,1400,22.22,22.34,7.82,0.0,0.31,28.0,36.13,FILLED,Top-K目标建仓/加仓,
ORD_001591,,000625.SZ,BUY,2026-01-15,2026-01-16,2800,2800,0,0,2800,11.72,11.77,8.24,0.0,0.33,28.0,36.57,FILLED,Top-K目标建仓/加仓,
ORD_001592,,600436.SH,BUY,2026-01-15,2026-01-16,100,100,0,0,100,169.48,169.86,5.0,0.0,0.17,17.0,22.17,FILLED,Top-K目标建仓/加仓,
ORD_001593,,600030.SH,BUY,2026-01-15,2026-01-16,1100,1100,0,0,1100,28.28,28.53,7.85,0.0,0.31,33.0,41.16,FILLED,Top-K目标建仓/加仓,
ORD_001594,,000538.SZ,BUY,2026-01-15,2026-01-16,500,500,0,0,500,56.42,56.66,7.08,0.0,0.28,30.0,37.36,FILLED,Top-K目标建仓/加仓,
ORD_001595,,601006.SH,BUY,2026-01-15,2026-01-16,6500,6500,0,0,6500,5.03,5.04,8.19,0.0,0.33,65.0,73.52,FILLED,Top-K目标建仓/加仓,
ORD_001596,,600436.SH,SELL,2026-01-28,2026-01-29,100,100,0,0,100,156.1,155.92,5.0,7.8,0.16,16.0,28.96,FILLED,触发个股硬止损 (浮亏: -8.10% <= -8.0%),
ORD_001597,,600030.SH,SELL,2026-01-29,2026-01-30,1100,1100,0,0,1100,28.56,28.47,7.83,15.66,0.31,33.0,56.8,FILLED,调仓剔除(掉出Top-K),
ORD_001598,,601225.SH,SELL,2026-01-29,2026-01-30,1400,1400,0,0,1400,22.2,22.24,7.78,15.57,0.31,28.0,51.66,FILLED,调仓剔除(掉出Top-K),
ORD_001599,,601899.SH,SELL,2026-01-29,2026-01-30,800,800,0,0,800,43.45,41.16,8.23,16.46,0.33,32.0,57.02,FILLED,调仓剔除(掉出Top-K),
ORD_001600,,601985.SH,SELL,2026-01-29,2026-01-30,3700,3700,0,0,3700,8.61,8.6,7.96,15.91,0.32,37.0,61.19,FILLED,调仓剔除(掉出Top-K),
ORD_001601,,601006.SH,SELL,2026-01-29,2026-01-30,6500,6500,0,0,6500,5.07,5.05,8.21,16.41,0.33,65.0,89.95,FILLED,调仓剔除(掉出Top-K),
ORD_001602,,000538.SZ,SELL,2026-01-29,2026-01-30,500,500,0,0,500,56.1,55.84,6.98,13.96,0.28,30.0,51.22,FILLED,调仓剔除(掉出Top-K),
ORD_001603,,000625.SZ,SELL,2026-01-29,2026-01-30,2800,2800,0,0,2800,11.38,11.29,7.9,15.81,0.32,28.0,52.03,FILLED,调仓剔除(掉出Top-K),
ORD_001604,,603296.SH,BUY,2026-01-29,2026-01-30,300,300,0,0,300,85.91,85.74,6.43,0.0,0.26,27.0,33.69,FILLED,Top-K目标建仓/加仓,
ORD_001605,,002736.SZ,BUY,2026-01-29,2026-01-30,2500,2500,0,0,2500,12.79,12.74,7.96,0.0,0.32,25.0,33.28,FILLED,Top-K目标建仓/加仓,
ORD_001606,,000988.SZ,BUY,2026-01-29,2026-01-30,400,400,0,0,400,75.23,75.07,7.51,0.0,0.3,28.0,35.81,FILLED,Top-K目标建仓/加仓,
ORD_001607,,002463.SZ,BUY,2026-01-29,2026-01-30,400,400,0,0,400,69.15,68.42,6.84,0.0,0.27,28.0,35.11,FILLED,Top-K目标建仓/加仓,
ORD_001608,,002600.SZ,BUY,2026-01-29,2026-01-30,2200,2200,0,0,2200,14.89,14.8,8.14,0.0,0.33,22.0,30.47,FILLED,Top-K目标建仓/加仓,
ORD_001609,,600019.SH,BUY,2026-01-29,2026-01-30,4400,4400,0,0,4400,7.37,7.3,8.03,0.0,0.32,44.0,52.35,FILLED,Top-K目标建仓/加仓,
ORD_001610,,302132.SZ,BUY,2026-01-29,2026-01-30,400,400,0,0,400,78.69,78.28,7.83,0.0,0.31,32.0,40.14,FILLED,Top-K目标建仓/加仓,
ORD_001611,,000768.SZ,BUY,2026-01-29,2026-01-30,1100,1100,0,0,1100,29.01,28.97,7.97,0.0,0.32,33.0,41.29,FILLED,Top-K目标建仓/加仓,
ORD_001612,,000768.SZ,SELL,2026-02-06,2026-02-09,1100,1100,0,0,1100,29.16,29.48,8.11,16.21,0.32,33.0,57.64,FILLED,"触发跟踪止盈 (最高浮盈: 7.01%, 自高点回撤: 5.94%)",
ORD_001613,,002463.SZ,SELL,2026-02-11,2026-02-12,400,400,0,0,400,69.41,69.34,6.93,13.87,0.28,28.0,49.08,FILLED,"触发跟踪止盈 (最高浮盈: 7.23%, 自高点回撤: 5.40%)",
ORD_001614,,603296.SH,SELL,2026-02-12,2026-02-13,300,300,0,0,300,89.56,88.69,6.65,13.3,0.27,27.0,47.22,FILLED,调仓剔除(掉出Top-K),
ORD_001615,,002600.SZ,SELL,2026-02-12,2026-02-13,2200,2200,0,0,2200,15.32,15.18,8.35,16.7,0.33,44.0,69.38,FILLED,调仓剔除(掉出Top-K),
ORD_001616,,302132.SZ,SELL,2026-02-12,2026-02-13,400,400,0,0,400,76.62,76.88,7.69,15.38,0.31,32.0,55.38,FILLED,调仓剔除(掉出Top-K),
ORD_001617,,000988.SZ,SELL,2026-02-12,2026-02-13,400,400,0,0,400,76.64,75.62,7.56,15.12,0.3,32.0,54.98,FILLED,调仓剔除(掉出Top-K),
ORD_001618,,002736.SZ,SELL,2026-02-12,2026-02-13,2500,2500,0,0,2500,12.43,12.45,7.78,15.56,0.31,25.0,48.65,FILLED,调仓剔除(掉出Top-K),
ORD_001627,,600019.SH,SELL,2026-02-12,2026-02-13,300,300,0,0,300,7.12,7.09,5.0,1.06,0.02,3.0,9.08,FILLED,Top-K目标再平衡减仓,
ORD_001619,,603260.SH,BUY,2026-02-12,2026-02-13,500,500,0,0,500,48.82,48.77,6.1,0.0,0.24,25.0,31.34,FILLED,Top-K目标建仓/加仓,
ORD_001620,,601633.SH,BUY,2026-02-12,2026-02-13,1400,1400,0,0,1400,20.76,20.79,7.28,0.0,0.29,28.0,35.57,FILLED,Top-K目标建仓/加仓,
ORD_001621,,000963.SZ,BUY,2026-02-12,2026-02-13,800,800,0,0,800,36.37,36.38,7.28,0.0,0.29,32.0,39.57,FILLED,Top-K目标建仓/加仓,
ORD_001622,,002475.SZ,BUY,2026-02-12,2026-02-13,500,500,0,0,500,50.43,49.96,6.25,0.0,0.25,25.0,31.5,FILLED,Top-K目标建仓/加仓,
ORD_001623,,601066.SH,BUY,2026-02-12,2026-02-13,1000,1000,0,0,1000,24.14,24.15,6.04,0.0,0.24,20.0,26.28,FILLED,Top-K目标建仓/加仓,
ORD_001624,,600415.SH,BUY,2026-02-12,2026-02-13,1900,1900,0,0,1900,15.0,15.01,7.13,0.0,0.29,19.0,26.42,FILLED,Top-K目标建仓/加仓,
ORD_001625,,000625.SZ,BUY,2026-02-12,2026-02-13,2600,2600,0,0,2600,11.12,11.11,7.22,0.0,0.29,26.0,33.51,FILLED,Top-K目标建仓/加仓,
ORD_001626,,688036.SH,BUY,2026-02-12,2026-02-13,400,400,0,0,400,59.64,59.37,5.94,0.0,0.24,24.0,30.18,FILLED,Top-K目标建仓/加仓,
ORD_001628,,603260.SH,SELL,2026-03-02,2026-03-03,500,500,0,0,500,50.69,50.64,6.33,12.66,0.25,25.0,44.24,FILLED,"触发跟踪止盈 (最高浮盈: 9.86%, 自高点回撤: 5.39%)",
ORD_001629,,688036.SH,SELL,2026-03-03,2026-03-04,400,400,0,0,400,54.08,53.55,5.36,10.71,0.21,20.0,36.28,FILLED,触发个股硬止损 (浮亏: -8.91% <= -8.0%),
ORD_001630,,600415.SH,SELL,2026-03-06,2026-03-09,1900,1900,0,0,1900,14.22,13.99,6.65,13.29,0.27,19.0,39.21,FILLED,调仓剔除(掉出Top-K),
ORD_001631,,000625.SZ,SELL,2026-03-06,2026-03-09,2600,2600,0,0,2600,10.87,10.79,7.01,14.03,0.28,26.0,47.32,FILLED,调仓剔除(掉出Top-K),
ORD_001632,,600019.SH,SELL,2026-03-06,2026-03-09,4100,4100,0,0,4100,7.1,7.03,7.21,14.41,0.29,41.0,62.91,FILLED,调仓剔除(掉出Top-K),
ORD_001633,,002475.SZ,SELL,2026-03-06,2026-03-09,500,500,0,0,500,47.3,46.22,5.78,11.55,0.23,25.0,42.56,FILLED,调仓剔除(掉出Top-K),
ORD_001634,,000963.SZ,SELL,2026-03-06,2026-03-09,800,800,0,0,800,34.98,34.64,6.93,13.86,0.28,24.0,45.07,FILLED,调仓剔除(掉出Top-K),
ORD_001635,,601066.SH,SELL,2026-03-06,2026-03-09,1000,1000,0,0,1000,23.15,22.9,5.73,11.45,0.23,20.0,37.41,FILLED,调仓剔除(掉出Top-K),
ORD_001636,,601633.SH,SELL,2026-03-06,2026-03-09,1400,1400,0,0,1400,20.19,20.08,7.03,14.06,0.28,28.0,49.37,FILLED,调仓剔除(掉出Top-K),
ORD_001637,,601077.SH,BUY,2026-03-06,2026-03-09,3900,3900,0,0,3900,6.66,6.67,6.5,0.0,0.26,39.0,45.76,FILLED,Top-K目标建仓/加仓,
ORD_001638,,688082.SH,BUY,2026-03-06,2026-03-09,100,100,0,0,100,160.8,157.06,5.0,0.0,0.16,16.0,21.16,FILLED,Top-K目标建仓/加仓,
ORD_001639,,600196.SH,BUY,2026-03-06,2026-03-09,1200,1200,0,0,1200,25.91,25.73,7.72,0.0,0.31,36.0,44.03,FILLED,Top-K目标建仓/加仓,
ORD_001640,,600460.SH,BUY,2026-03-06,2026-03-09,1100,1100,0,0,1100,28.88,28.18,7.75,0.0,0.31,33.0,41.06,FILLED,Top-K目标建仓/加仓,
ORD_001641,,600183.SH,BUY,2026-03-06,2026-03-09,500,500,0,0,500,64.0,61.44,7.68,0.0,0.31,30.0,37.99,FILLED,Top-K目标建仓/加仓,
ORD_001642,,601398.SH,BUY,2026-03-06,2026-03-09,4500,4500,0,0,4500,7.11,7.09,7.98,0.0,0.32,45.0,53.3,FILLED,Top-K目标建仓/加仓,
ORD_001643,,000768.SZ,BUY,2026-03-06,2026-03-09,1000,1000,0,0,1000,29.8,29.31,7.33,0.0,0.29,30.0,37.62,FILLED,Top-K目标建仓/加仓,
ORD_001644,,000768.SZ,SELL,2026-03-13,2026-03-16,1000,1000,0,0,1000,26.88,26.87,6.72,13.44,0.27,30.0,50.43,FILLED,触发个股硬止损 (浮亏: -8.29% <= -8.0%),
ORD_001645,,600183.SH,SELL,2026-03-17,2026-03-18,500,500,0,0,500,61.88,62.17,7.77,15.54,0.31,30.0,53.62,FILLED,"触发跟踪止盈 (最高浮盈: 8.02%, 自高点回撤: 6.77%)",
ORD_001646,,600460.SH,SELL,2026-03-19,2026-03-20,1100,1100,0,0,1100,27.86,27.96,7.69,15.38,0.31,33.0,56.38,FILLED,"触发跟踪止盈 (最高浮盈: 5.00%, 自高点回撤: 5.85%)",
ORD_001647,,601398.SH,SELL,2026-03-20,2026-03-23,4500,4500,0,0,4500,7.5,7.47,8.4,16.81,0.34,45.0,70.55,FILLED,调仓剔除(掉出Top-K),
ORD_001648,,601077.SH,SELL,2026-03-20,2026-03-23,3900,3900,0,0,3900,7.08,7.07,6.89,13.79,0.28,39.0,59.96,FILLED,调仓剔除(掉出Top-K),
ORD_001649,,601390.SH,BUY,2026-03-20,2026-03-23,5800,5800,0,0,5800,5.55,5.49,7.96,0.0,0.32,58.0,66.28,FILLED,Top-K目标建仓/加仓,
ORD_001650,,302132.SZ,BUY,2026-03-20,2026-03-23,200,200,0,0,200,67.88,66.73,5.0,0.0,0.13,14.0,19.13,FILLED,Top-K目标建仓/加仓,
ORD_001651,,688126.SH,BUY,2026-03-20,2026-03-23,800,800,0,0,800,18.22,17.97,5.0,0.0,0.14,16.0,21.14,FILLED,Top-K目标建仓/加仓,
ORD_001652,,688036.SH,BUY,2026-03-20,2026-03-23,200,200,0,0,200,53.33,52.58,5.0,0.0,0.11,10.0,15.11,FILLED,Top-K目标建仓/加仓,
ORD_001653,,600196.SH,BUY,2026-03-20,2026-03-23,100,100,0,0,100,24.86,24.53,5.0,0.0,0.02,2.0,7.02,FILLED,Top-K目标建仓/加仓,
ORD_001654,,601658.SH,BUY,2026-03-20,2026-03-23,3000,3000,0,0,3000,5.05,5.05,5.0,0.0,0.15,30.0,35.15,FILLED,Top-K目标建仓/加仓,
ORD_001655,,601901.SH,BUY,2026-03-20,2026-03-23,4500,4500,0,0,4500,7.19,7.12,8.01,0.0,0.32,45.0,53.33,FILLED,Top-K目标建仓/加仓,
ORD_001656,,688082.SH,SELL,2026-03-26,2026-03-27,100,100,0,0,100,142.03,139.26,5.0,6.96,0.14,14.0,26.1,FILLED,触发个股硬止损 (浮亏: -9.57% <= -8.0%),
ORD_001657,,688036.SH,SELL,2026-03-30,2026-03-31,200,200,0,0,200,54.2,54.35,5.0,5.44,0.11,10.0,20.55,FILLED,"触发跟踪止盈 (最高浮盈: 10.16%, 自高点回撤: 6.42%)",
ORD_001658,,302132.SZ,SELL,2026-04-02,2026-04-03,200,200,0,0,200,66.53,66.46,5.0,6.65,0.13,14.0,25.78,FILLED,"触发跟踪止盈 (最高浮盈: 5.47%, 自高点回撤: 5.47%)",
ORD_001659,,601390.SH,SELL,2026-04-03,2026-04-07,5800,5800,0,0,5800,5.2,5.2,7.54,15.08,0.3,58.0,80.92,FILLED,调仓剔除(掉出Top-K),
ORD_001660,,601901.SH,SELL,2026-04-03,2026-04-07,4500,4500,0,0,4500,6.89,6.86,7.72,15.44,0.31,45.0,68.47,FILLED,调仓剔除(掉出Top-K),
ORD_001661,,600196.SH,SELL,2026-04-03,2026-04-07,1300,1300,0,0,1300,26.7,26.85,8.73,17.45,0.35,39.0,65.53,FILLED,调仓剔除(掉出Top-K),
ORD_001662,,601658.SH,SELL,2026-04-03,2026-04-07,3000,3000,0,0,3000,5.12,5.1,5.0,7.65,0.15,30.0,42.8,FILLED,调仓剔除(掉出Top-K),
ORD_001663,,002625.SZ,BUY,2026-04-03,2026-04-07,800,800,0,0,800,37.66,37.68,7.54,0.0,0.3,32.0,39.84,FILLED,Top-K目标建仓/加仓,
ORD_001664,,688126.SH,BUY,2026-04-03,2026-04-07,100,100,0,0,100,16.61,16.78,5.0,0.0,0.02,2.0,7.02,FILLED,Top-K目标建仓/加仓,
ORD_001665,,688396.SH,BUY,2026-04-03,2026-04-07,300,300,0,0,300,43.8,44.02,5.0,0.0,0.13,12.0,17.13,FILLED,Top-K目标建仓/加仓,
ORD_001666,,601336.SH,BUY,2026-04-03,2026-04-07,500,500,0,0,500,59.8,59.87,7.48,0.0,0.3,30.0,37.78,FILLED,Top-K目标建仓/加仓,
ORD_001667,,000999.SZ,BUY,2026-04-03,2026-04-07,1100,1100,0,0,1100,28.14,28.11,7.73,0.0,0.31,33.0,41.04,FILLED,Top-K目标建仓/加仓,
ORD_001668,,603993.SH,BUY,2026-04-03,2026-04-07,800,800,0,0,800,17.52,17.58,5.0,0.0,0.14,16.0,21.14,FILLED,Top-K目标建仓/加仓,
ORD_001669,,688008.SH,BUY,2026-04-03,2026-04-07,100,100,0,0,100,127.26,129.1,5.0,0.0,0.13,13.0,18.13,FILLED,Top-K目标建仓/加仓,
ORD_001670,,688396.SH,SELL,2026-04-13,2026-04-14,300,300,0,0,300,48.66,49.23,5.0,7.38,0.15,15.0,27.53,FILLED,"触发跟踪止盈 (最高浮盈: 17.01%, 自高点回撤: 5.53%)",
ORD_001671,,688008.SH,SELL,2026-04-15,2026-04-16,100,100,0,0,100,147.18,147.33,5.0,7.37,0.15,15.0,27.52,FILLED,"触发跟踪止盈 (最高浮盈: 23.93%, 自高点回撤: 8.01%)",
ORD_001672,,688126.SH,SELL,2026-04-20,2026-04-21,900,900,0,0,900,20.8,20.48,5.0,9.22,0.18,18.0,32.4,FILLED,调仓剔除(掉出Top-K),
ORD_001673,,601336.SH,SELL,2026-04-20,2026-04-21,500,500,0,0,500,64.48,64.04,8.01,16.01,0.32,30.0,54.34,FILLED,调仓剔除(掉出Top-K),
ORD_001674,,002625.SZ,SELL,2026-04-20,2026-04-21,800,800,0,0,800,40.54,40.62,8.12,16.25,0.32,32.0,56.69,FILLED,调仓剔除(掉出Top-K),
ORD_001675,,000999.SZ,SELL,2026-04-20,2026-04-21,1100,1100,0,0,1100,27.54,27.51,7.57,15.13,0.3,33.0,56.0,FILLED,调仓剔除(掉出Top-K),
ORD_001676,,603993.SH,BUY,2026-04-20,2026-04-21,800,800,0,0,800,20.24,20.17,5.0,0.0,0.16,16.0,21.16,FILLED,Top-K目标建仓/加仓,
ORD_001677,,600362.SH,BUY,2026-04-20,2026-04-21,700,700,0,0,700,46.66,46.71,8.17,0.0,0.33,35.0,43.5,FILLED,Top-K目标建仓/加仓,
ORD_001678,,601186.SH,BUY,2026-04-20,2026-04-21,4700,4700,0,0,4700,6.9,6.91,8.12,0.0,0.32,47.0,55.44,FILLED,Top-K目标建仓/加仓,
ORD_001679,,000708.SZ,BUY,2026-04-20,2026-04-21,1900,1900,0,0,1900,16.85,16.88,8.02,0.0,0.32,38.0,46.34,FILLED,Top-K目标建仓/加仓,
ORD_001680,,000538.SZ,BUY,2026-04-20,2026-04-21,500,500,0,0,500,55.0,55.05,6.88,0.0,0.28,25.0,32.16,FILLED,Top-K目标建仓/加仓,
ORD_001681,,600588.SH,BUY,2026-04-20,2026-04-21,2600,2600,0,0,2600,12.52,12.56,8.16,0.0,0.33,26.0,34.49,FILLED,Top-K目标建仓/加仓,
ORD_001682,,300896.SZ,BUY,2026-04-20,2026-04-21,200,200,0,0,200,114.91,115.23,5.76,0.0,0.23,24.0,29.99,FILLED,Top-K目标建仓/加仓,
ORD_001683,,601009.SH,BUY,2026-04-20,2026-04-21,2900,2900,0,0,2900,11.29,11.29,8.19,0.0,0.33,29.0,37.52,FILLED,Top-K目标建仓/加仓,
ORD_001684,,603993.SH,SELL,2026-04-23,2026-04-24,1600,1600,0,0,1600,19.36,19.06,7.62,15.25,0.3,32.0,55.17,FILLED,"触发跟踪止盈 (最高浮盈: 9.40%, 自高点回撤: 6.25%)",
ORD_001685,,000708.SZ,SELL,2026-04-24,2026-04-27,1900,1900,0,0,1900,15.47,15.49,7.36,14.72,0.29,38.0,60.37,FILLED,触发个股硬止损 (浮亏: -8.35% <= -8.0%),
ORD_001686,,601009.SH,SELL,2026-05-07,2026-05-08,2900,2900,0,0,2900,11.38,11.37,8.24,16.49,0.33,29.0,54.06,FILLED,调仓剔除(掉出Top-K),
ORD_001687,,600362.SH,SELL,2026-05-07,2026-05-08,700,700,0,0,700,47.6,46.95,8.22,16.43,0.33,35.0,59.98,FILLED,调仓剔除(掉出Top-K),
ORD_001688,,601186.SH,SELL,2026-05-07,2026-05-08,4700,4700,0,0,4700,6.76,6.74,7.92,15.84,0.32,47.0,71.08,FILLED,调仓剔除(掉出Top-K),
ORD_001689,,000538.SZ,SELL,2026-05-07,2026-05-08,500,500,0,0,500,52.6,52.56,6.57,13.14,0.26,25.0,44.97,FILLED,调仓剔除(掉出Top-K),
ORD_001690,,300896.SZ,SELL,2026-05-07,2026-05-08,200,200,0,0,200,116.96,116.21,5.81,11.62,0.23,24.0,41.66,FILLED,调仓剔除(掉出Top-K),
ORD_001691,,600588.SH,SELL,2026-05-07,2026-05-08,2600,2600,0,0,2600,12.2,12.49,8.12,16.24,0.32,26.0,50.68,FILLED,调仓剔除(掉出Top-K),
ORD_001692,,601238.SH,BUY,2026-05-07,2026-05-08,4600,4600,0,0,4600,6.99,7.0,8.05,0.0,0.32,46.0,54.37,FILLED,Top-K目标建仓/加仓,
ORD_001693,,603259.SH,BUY,2026-05-07,2026-05-08,200,200,0,0,200,111.28,110.12,5.51,0.0,0.22,22.0,27.73,FILLED,Top-K目标建仓/加仓,
ORD_001694,,000157.SZ,BUY,2026-05-07,2026-05-08,4000,4000,0,0,4000,8.06,8.06,8.06,0.0,0.32,40.0,48.38,FILLED,Top-K目标建仓/加仓,
ORD_001695,,600570.SH,BUY,2026-05-07,2026-05-08,1100,1100,0,0,1100,27.46,27.43,7.54,0.0,0.3,33.0,40.84,FILLED,Top-K目标建仓/加仓,
ORD_001696,,601727.SH,BUY,2026-05-07,2026-05-08,4000,4000,0,0,4000,8.15,8.13,8.13,0.0,0.33,40.0,48.46,FILLED,Top-K目标建仓/加仓,
ORD_001697,,600104.SH,BUY,2026-05-07,2026-05-08,2400,2400,0,0,2400,13.59,13.58,8.15,0.0,0.33,24.0,32.48,FILLED,Top-K目标建仓/加仓,
ORD_001698,,600372.SH,BUY,2026-05-07,2026-05-08,2400,2400,0,0,2400,13.26,13.25,7.95,0.0,0.32,24.0,32.27,FILLED,Top-K目标建仓/加仓,
ORD_001699,,600918.SH,BUY,2026-05-07,2026-05-08,5400,5400,0,0,5400,6.03,6.03,8.14,0.0,0.33,54.0,62.47,FILLED,Top-K目标建仓/加仓,
ORD_001700,,601727.SH,SELL,2026-05-12,2026-05-13,4000,4000,0,0,4000,8.49,8.54,8.54,17.08,0.34,40.0,65.96,FILLED,"触发跟踪止盈 (最高浮盈: 9.96%, 自高点回撤: 5.03%)",
ORD_001701,,601238.SH,SELL,2026-05-18,2026-05-19,4600,4600,0,0,4600,6.43,6.4,7.36,14.72,0.29,46.0,68.37,FILLED,触发个股硬止损 (浮亏: -8.14% <= -8.0%),
ORD_001702,,000157.SZ,SELL,2026-05-18,2026-05-19,4000,4000,0,0,4000,7.31,7.29,7.29,14.58,0.29,40.0,62.16,FILLED,触发个股硬止损 (浮亏: -9.31% <= -8.0%),
ORD_001703,,600104.SH,SELL,2026-05-20,2026-05-21,2400,2400,0,0,2400,12.39,12.4,7.44,14.88,0.3,24.0,46.62,FILLED,触发个股硬止损 (浮亏: -8.76% <= -8.0%),
ORD_001704,,600372.SH,SELL,2026-05-20,2026-05-21,2400,2400,0,0,2400,12.04,12.05,7.23,14.46,0.29,24.0,45.98,FILLED,触发个股硬止损 (浮亏: -9.13% <= -8.0%),
ORD_001705,,603259.SH,SELL,2026-05-21,2026-05-22,200,200,0,0,200,104.23,105.27,5.26,10.53,0.21,22.0,38.0,FILLED,调仓剔除(掉出Top-K),
ORD_001706,,600918.SH,SELL,2026-05-21,2026-05-22,5400,5400,0,0,5400,5.72,5.72,7.72,15.44,0.31,54.0,77.47,FILLED,调仓剔除(掉出Top-K),
ORD_001715,,600570.SH,SELL,2026-05-21,2026-05-22,200,200,0,0,200,26.17,26.23,5.0,2.62,0.05,6.0,13.67,FILLED,Top-K目标再平衡减仓,
ORD_001707,,002230.SZ,BUY,2026-05-21,2026-05-22,500,500,0,0,500,47.2,47.63,5.95,0.0,0.24,25.0,31.19,FILLED,Top-K目标建仓/加仓,
ORD_001708,,000975.SZ,BUY,2026-05-21,2026-05-22,1200,1200,0,0,1200,23.37,23.58,7.07,0.0,0.28,24.0,31.35,FILLED,Top-K目标建仓/加仓,
ORD_001709,,600588.SH,BUY,2026-05-21,2026-05-22,2300,2300,0,0,2300,10.85,10.91,6.27,0.0,0.25,23.0,29.52,FILLED,Top-K目标建仓/加仓,
ORD_001710,,600489.SH,BUY,2026-05-21,2026-05-22,1200,1200,0,0,1200,22.78,22.92,6.88,0.0,0.28,24.0,31.16,FILLED,Top-K目标建仓/加仓,
ORD_001711,,002001.SZ,BUY,2026-05-21,2026-05-22,900,900,0,0,900,30.64,31.03,6.98,0.0,0.28,27.0,34.26,FILLED,Top-K目标建仓/加仓,
ORD_001712,,002236.SZ,BUY,2026-05-21,2026-05-22,1600,1600,0,0,1600,17.57,17.7,7.08,0.0,0.28,32.0,39.36,FILLED,Top-K目标建仓/加仓,
ORD_001713,,601985.SH,BUY,2026-05-21,2026-05-22,3200,3200,0,0,3200,8.74,8.76,7.01,0.0,0.28,32.0,39.29,FILLED,Top-K目标建仓/加仓,
ORD_001714,,002648.SZ,BUY,2026-05-21,2026-05-22,1100,1100,0,0,1100,24.85,25.01,6.88,0.0,0.28,22.0,29.16,FILLED,Top-K目标建仓/加仓,
ORD_001716,,000975.SZ,SELL,2026-05-27,2026-05-28,1200,1200,0,0,1200,23.88,23.54,7.06,14.12,0.28,24.0,45.46,FILLED,"触发跟踪止盈 (最高浮盈: 8.52%, 自高点回撤: 6.68%)",
ORD_001717,,600489.SH,SELL,2026-05-27,2026-05-28,1200,1200,0,0,1200,23.48,22.88,6.86,13.73,0.27,24.0,44.86,FILLED,"触发跟踪止盈 (最高浮盈: 8.12%, 自高点回撤: 5.25%)",
ORD_001718,,600570.SH,SELL,2026-05-28,2026-05-29,900,900,0,0,900,24.82,24.91,5.6,11.21,0.22,18.0,35.03,FILLED,触发个股硬止损 (浮亏: -9.52% <= -8.0%),
ORD_001719,,002230.SZ,SELL,2026-05-29,2026-06-01,500,500,0,0,500,47.9,47.85,5.98,11.96,0.24,25.0,43.18,FILLED,"触发跟踪止盈 (最高浮盈: 7.05%, 自高点回撤: 6.06%)",
ORD_001720,,600588.SH,SELL,2026-06-03,2026-06-04,2300,2300,0,0,2300,10.9,10.79,6.2,12.41,0.25,23.0,41.86,FILLED,"触发跟踪止盈 (最高浮盈: 5.77%, 自高点回撤: 5.55%)",
ORD_001721,,002236.SZ,SELL,2026-06-04,2026-06-05,1600,1600,0,0,1600,16.69,16.67,6.67,13.34,0.27,32.0,52.28,FILLED,调仓剔除(掉出Top-K),
ORD_001722,,002001.SZ,SELL,2026-06-04,2026-06-05,900,900,0,0,900,30.68,30.96,6.97,13.93,0.28,27.0,48.18,FILLED,调仓剔除(掉出Top-K),
ORD_001723,,601985.SH,SELL,2026-06-04,2026-06-05,3200,3200,0,0,3200,9.25,9.27,7.42,14.83,0.3,32.0,54.55,FILLED,调仓剔除(掉出Top-K),
ORD_001724,,601878.SH,BUY,2026-06-04,2026-06-05,3100,3100,0,0,3100,9.11,9.12,7.07,0.0,0.28,31.0,38.35,FILLED,Top-K目标建仓/加仓,
ORD_001725,,601601.SH,BUY,2026-06-04,2026-06-05,900,900,0,0,900,31.02,31.15,7.01,0.0,0.28,27.0,34.29,FILLED,Top-K目标建仓/加仓,
ORD_001726,,601238.SH,BUY,2026-06-04,2026-06-05,4600,4600,0,0,4600,6.07,6.16,7.08,0.0,0.28,46.0,53.36,FILLED,Top-K目标建仓/加仓,
ORD_001727,,600489.SH,BUY,2026-06-04,2026-06-05,1200,1200,0,0,1200,22.55,22.38,6.71,0.0,0.27,24.0,30.98,FILLED,Top-K目标建仓/加仓,
ORD_001728,,600547.SH,BUY,2026-06-04,2026-06-05,900,900,0,0,900,28.71,28.67,6.45,0.0,0.26,27.0,33.71,FILLED,Top-K目标建仓/加仓,
ORD_001729,,600026.SH,BUY,2026-06-04,2026-06-05,1600,1600,0,0,1600,17.7,18.01,7.2,0.0,0.29,32.0,39.49,FILLED,Top-K目标建仓/加仓,
ORD_001730,,300832.SZ,BUY,2026-06-04,2026-06-05,600,600,0,0,600,43.49,43.99,6.6,0.0,0.26,24.0,30.86,FILLED,Top-K目标建仓/加仓,
ORD_001731,,002466.SZ,BUY,2026-06-04,2026-06-05,400,400,0,0,400,59.46,59.52,5.95,0.0,0.24,24.0,30.19,FILLED,Top-K目标建仓/加仓,
ORD_001732,,002648.SZ,BUY,2026-06-04,2026-06-05,100,100,0,0,100,23.51,23.09,5.0,0.0,0.02,2.0,7.02,FILLED,Top-K目标建仓/加仓,
ORD_001733,,600489.SH,SELL,2026-06-10,2026-06-11,1200,1200,0,0,1200,20.48,20.25,6.08,12.15,0.24,24.0,42.47,FILLED,触发个股硬止损 (浮亏: -8.49% <= -8.0%),
ORD_001734,,002648.SZ,SELL,2026-06-16,2026-06-17,1200,1200,0,0,1200,22.33,21.97,6.59,13.18,0.26,24.0,44.03,FILLED,触发个股硬止损 (浮亏: -10.14% <= -8.0%),
ORD_001735,,600026.SH,SELL,2026-06-16,2026-06-17,1600,1600,0,0,1600,17.9,18.08,7.23,14.46,0.29,32.0,53.98,FILLED,"触发跟踪止盈 (最高浮盈: 10.88%, 自高点回撤: 10.37%)",
ORD_001736,,601601.SH,SELL,2026-06-17,2026-06-18,900,900,0,0,900,32.19,31.97,7.19,14.39,0.29,27.0,48.87,FILLED,"触发跟踪止盈 (最高浮盈: 9.44%, 自高点回撤: 5.57%)",
ORD_001737,,601878.SH,SELL,2026-06-18,2026-06-22,3100,3100,0,0,3100,9.11,9.09,7.04,14.09,0.28,31.0,52.41,FILLED,"触发跟踪止盈 (最高浮盈: 6.03%, 自高点回撤: 5.79%)",
ORD_001738,,601238.SH,SELL,2026-06-18,2026-06-22,4600,4600,0,0,4600,5.53,5.51,6.34,12.67,0.25,46.0,65.26,FILLED,触发个股硬止损 (浮亏: -10.23% <= -8.0%),
ORD_001739,,002466.SZ,SELL,2026-06-18,2026-06-22,400,400,0,0,400,62.18,58.99,5.9,11.8,0.24,24.0,41.94,FILLED,"触发跟踪止盈 (最高浮盈: 10.58%, 自高点回撤: 5.53%)",
ORD_001740,,300832.SZ,SELL,2026-06-18,2026-06-22,600,600,0,0,600,42.0,41.67,6.25,12.5,0.25,24.0,43.0,FILLED,调仓剔除(掉出Top-K),
ORD_001741,,600547.SH,SELL,2026-06-18,2026-06-22,900,900,0,0,900,26.91,26.87,6.05,12.09,0.24,27.0,45.38,FILLED,调仓剔除(掉出Top-K),
ORD_001742,,688472.SH,BUY,2026-06-18,2026-06-22,1300,1300,0,0,1300,11.2,11.19,5.0,0.0,0.15,13.0,18.15,FILLED,Top-K目标建仓/加仓,
ORD_001743,,601916.SH,BUY,2026-06-18,2026-06-22,5000,5000,0,0,5000,2.99,2.99,5.0,0.0,0.15,0.0,5.15,FILLED,Top-K目标建仓/加仓,
ORD_001744,,002532.SZ,BUY,2026-06-18,2026-06-22,2300,2300,0,0,2300,12.05,12.11,6.96,0.0,0.28,23.0,30.24,FILLED,Top-K目标建仓/加仓,
ORD_001745,,601600.SH,BUY,2026-06-18,2026-06-22,3000,3000,0,0,3000,9.38,9.37,7.03,0.0,0.28,30.0,37.31,FILLED,Top-K目标建仓/加仓,
ORD_001746,,601628.SH,BUY,2026-06-18,2026-06-22,800,800,0,0,800,33.7,33.34,6.67,0.0,0.27,24.0,30.94,FILLED,Top-K目标建仓/加仓,
ORD_001747,,001979.SZ,BUY,2026-06-18,2026-06-22,2100,2100,0,0,2100,7.25,7.21,5.0,0.0,0.15,21.0,26.15,FILLED,Top-K目标建仓/加仓,
ORD_001748,,000975.SZ,BUY,2026-06-18,2026-06-22,700,700,0,0,700,21.07,20.92,5.0,0.0,0.15,14.0,19.15,FILLED,Top-K目标建仓/加仓,
ORD_001749,,002001.SZ,BUY,2026-06-18,2026-06-22,1000,1000,0,0,1000,28.0,28.03,7.01,0.0,0.28,30.0,37.29,FILLED,Top-K目标建仓/加仓,
ORD_001750,,002532.SZ,SELL,2026-06-23,2026-06-24,2300,2300,0,0,2300,11.8,11.79,6.78,13.56,0.27,23.0,43.61,FILLED,"触发跟踪止盈 (最高浮盈: 6.85%, 自高点回撤: 8.81%)",
ORD_001751,,601600.SH,SELL,2026-06-23,2026-06-24,3000,3000,0,0,3000,9.09,8.99,6.74,13.48,0.27,30.0,50.49,FILLED,"触发跟踪止盈 (最高浮盈: 5.55%, 自高点回撤: 8.09%)",
ORD_001752,,000975.SZ,SELL,2026-06-23,2026-06-24,700,700,0,0,700,19.15,18.88,5.0,6.61,0.13,14.0,25.74,FILLED,触发个股硬止损 (浮亏: -8.46% <= -8.0%),
ORD_001753,,601628.SH,SELL,2026-06-26,2026-06-29,800,800,0,0,800,35.04,35.13,7.03,14.05,0.28,32.0,53.36,FILLED,"触发跟踪止盈 (最高浮盈: 13.59%, 自高点回撤: 7.47%)",
ORD_001754,,001979.SZ,SELL,2026-06-26,2026-06-29,2100,2100,0,0,2100,6.54,6.51,5.0,6.84,0.14,21.0,32.98,FILLED,触发个股硬止损 (浮亏: -9.29% <= -8.0%),
ORD_001755,,601916.SH,SELL,2026-06-29,2026-06-30,5000,5000,0,0,5000,2.74,2.73,5.0,6.83,0.14,0.0,11.97,FILLED,触发个股硬止损 (浮亏: -8.36% <= -8.0%),
ORD_001756,,002001.SZ,SELL,2026-06-29,2026-06-30,1000,1000,0,0,1000,29.45,29.42,7.36,14.71,0.29,30.0,52.36,FILLED,"触发跟踪止盈 (最高浮盈: 11.02%, 自高点回撤: 5.37%)",
ORD_001757,,688472.SH,SELL,2026-07-03,2026-07-06,1300,1300,0,0,1300,10.67,10.67,5.0,6.94,0.14,13.0,25.08,FILLED,调仓剔除(掉出Top-K),
ORD_001758,,601877.SH,BUY,2026-07-03,2026-07-06,1200,1200,0,0,1200,25.18,25.22,7.57,0.0,0.3,36.0,43.87,FILLED,Top-K目标建仓/加仓,
ORD_001759,,002236.SZ,BUY,2026-07-03,2026-07-06,1800,1800,0,0,1800,16.8,16.75,7.54,0.0,0.3,36.0,43.84,FILLED,Top-K目标建仓/加仓,
ORD_001760,,300394.SZ,BUY,2026-07-03,2026-07-06,100,100,0,0,100,250.1,250.83,6.27,0.0,0.25,25.0,31.52,FILLED,Top-K目标建仓/加仓,
ORD_001761,,600690.SH,BUY,2026-07-03,2026-07-06,1500,1500,0,0,1500,20.58,20.61,7.73,0.0,0.31,30.0,38.04,FILLED,Top-K目标建仓/加仓,
ORD_001762,,600570.SH,BUY,2026-07-03,2026-07-06,1400,1400,0,0,1400,21.23,21.25,7.44,0.0,0.3,28.0,35.74,FILLED,Top-K目标建仓/加仓,
ORD_001763,,688009.SH,BUY,2026-07-03,2026-07-06,6400,6400,0,0,6400,4.92,4.92,7.87,0.0,0.31,0.0,8.18,FILLED,Top-K目标建仓/加仓,
ORD_001764,,600741.SH,BUY,2026-07-03,2026-07-06,1900,1900,0,0,1900,16.1,16.07,7.63,0.0,0.31,38.0,45.94,FILLED,Top-K目标建仓/加仓,
ORD_001765,,600219.SH,BUY,2026-07-03,2026-07-06,7500,7500,0,0,7500,4.17,4.19,7.86,0.0,0.31,0.0,8.17,FILLED,Top-K目标建仓/加仓,
ORD_001766,,300394.SZ,SELL,2026-07-10,2026-07-13,100,100,0,0,100,271.12,261.74,6.54,13.09,0.26,26.0,45.89,FILLED,"触发跟踪止盈 (最高浮盈: 16.33%, 自高点回撤: 7.09%)",
ORD_001767,,002236.SZ,SELL,2026-07-13,2026-07-14,1800,1800,0,0,1800,16.79,16.73,7.53,15.06,0.3,36.0,58.89,FILLED,"触发跟踪止盈 (最高浮盈: 6.51%, 自高点回撤: 5.89%)",
ORD_001768,,688009.SH,SELL,2026-07-17,2026-07-20,6400,6400,0,0,6400,4.95,4.96,7.94,15.87,0.32,0.0,24.13,FILLED,调仓剔除(掉出Top-K),
ORD_001769,,601877.SH,SELL,2026-07-17,2026-07-20,1200,1200,0,0,1200,23.51,23.57,7.07,14.14,0.28,24.0,45.49,FILLED,调仓剔除(掉出Top-K),
ORD_001770,,600570.SH,SELL,2026-07-17,2026-07-20,1400,1400,0,0,1400,20.06,20.2,7.07,14.14,0.28,28.0,49.49,FILLED,调仓剔除(掉出Top-K),
ORD_001771,,600690.SH,SELL,2026-07-17,2026-07-20,1500,1500,0,0,1500,20.95,20.93,7.85,15.7,0.31,30.0,53.86,FILLED,调仓剔除(掉出Top-K),
ORD_001772,,600741.SH,SELL,2026-07-17,2026-07-20,1900,1900,0,0,1900,16.89,16.87,8.01,16.03,0.32,38.0,62.36,FILLED,调仓剔除(掉出Top-K),
ORD_001773,,600219.SH,SELL,2026-07-17,2026-07-20,7500,7500,0,0,7500,3.98,4.02,7.54,15.07,0.3,0.0,22.91,FILLED,调仓剔除(掉出Top-K),
ORD_001774,,300498.SZ,BUY,2026-07-17,2026-07-20,1000,1000,0,0,1000,14.05,13.97,5.0,0.0,0.14,10.0,15.14,FILLED,Top-K目标建仓/加仓,
ORD_001775,,002415.SZ,BUY,2026-07-17,2026-07-20,900,900,0,0,900,33.15,33.71,7.58,0.0,0.3,27.0,34.88,FILLED,Top-K目标建仓/加仓,
ORD_001776,,300999.SZ,BUY,2026-07-17,2026-07-20,500,500,0,0,500,25.2,25.31,5.0,0.0,0.13,15.0,20.13,FILLED,Top-K目标建仓/加仓,
ORD_001777,,002236.SZ,BUY,2026-07-17,2026-07-20,1900,1900,0,0,1900,16.02,16.11,7.65,0.0,0.31,38.0,45.96,FILLED,Top-K目标建仓/加仓,
ORD_001778,,603799.SH,BUY,2026-07-17,2026-07-20,400,400,0,0,400,37.0,37.41,5.0,0.0,0.15,16.0,21.15,FILLED,Top-K目标建仓/加仓,
ORD_001779,,000617.SZ,BUY,2026-07-17,2026-07-20,4700,4700,0,0,4700,6.64,6.82,8.01,0.0,0.32,47.0,55.33,FILLED,Top-K目标建仓/加仓,
ORD_001780,,601838.SH,BUY,2026-07-17,2026-07-20,800,800,0,0,800,18.25,18.23,5.0,0.0,0.15,16.0,21.15,FILLED,Top-K目标建仓/加仓,
ORD_001781,,300498.SZ,SELL,2026-07-24,2026-07-27,1000,1000,0,0,1000,13.73,13.71,5.0,6.86,0.14,10.0,22.0,FILLED,"触发跟踪止盈 (最高浮盈: 5.37%, 自高点回撤: 6.73%)",
ORD_001782,,603799.SH,SELL,2026-07-24,2026-07-27,400,400,0,0,400,39.31,39.46,5.0,7.89,0.16,16.0,29.05,FILLED,"触发跟踪止盈 (最高浮盈: 12.06%, 自高点回撤: 6.23%)",
ORD_001783,,000617.SZ,SELL,2026-07-24,2026-07-27,4700,4700,0,0,4700,6.83,6.7,7.87,15.75,0.31,47.0,70.93,FILLED,"触发跟踪止盈 (最高浮盈: 6.16%, 自高点回撤: 5.66%)",
ORD_001784,,002415.SZ,SELL,2026-07-28,2026-07-29,900,900,0,0,900,36.14,36.42,8.19,16.39,0.33,36.0,60.91,FILLED,"触发跟踪止盈 (最高浮盈: 12.99%, 自高点回撤: 5.12%)",
ORD_001785,,002236.SZ,SELL,2026-07-30,2026-07-31,1900,1900,0,0,1900,16.16,16.38,7.78,15.56,0.31,38.0,61.65,FILLED,"触发跟踪止盈 (最高浮盈: 6.33%, 自高点回撤: 5.66%)",
ORD_001786,,601838.SH,SELL,2026-07-31,2026-08-03,800,800,0,0,800,18.5,18.35,5.0,7.34,0.15,16.0,28.49,FILLED,调仓剔除(掉出Top-K),
ORD_001787,,300999.SZ,SELL,2026-07-31,2026-08-03,500,500,0,0,500,26.97,26.87,5.0,6.72,0.13,15.0,26.85,FILLED,调仓剔除(掉出Top-K),
ORD_001788,,002027.SZ,BUY,2026-07-31,2026-08-03,5600,5600,0,0,5600,5.62,5.62,7.87,0.0,0.31,56.0,64.18,FILLED,Top-K目标建仓/加仓,
ORD_001789,,688126.SH,BUY,2026-07-31,2026-08-03,1000,1000,0,0,1000,23.48,22.98,5.75,0.0,0.23,20.0,25.98,FILLED,Top-K目标建仓/加仓,
ORD_001790,,600547.SH,BUY,2026-07-31,2026-08-03,1100,1100,0,0,1100,28.2,28.03,7.71,0.0,0.31,33.0,41.02,FILLED,Top-K目标建仓/加仓,
ORD_001791,,688396.SH,BUY,2026-07-31,2026-08-03,400,400,0,0,400,54.3,53.62,5.36,0.0,0.21,20.0,25.57,FILLED,Top-K目标建仓/加仓,
ORD_001792,,600522.SH,BUY,2026-07-31,2026-08-03,1100,1100,0,0,1100,28.52,28.18,7.75,0.0,0.31,33.0,41.06,FILLED,Top-K目标建仓/加仓,
ORD_001793,,000807.SZ,BUY,2026-07-31,2026-08-03,1100,1100,0,0,1100,26.62,26.3,7.23,0.0,0.29,33.0,40.52,FILLED,Top-K目标建仓/加仓,
ORD_001794,,002532.SZ,BUY,2026-07-31,2026-08-03,2300,2300,0,0,2300,13.2,13.07,7.52,0.0,0.3,23.0,30.82,FILLED,Top-K目标建仓/加仓,
ORD_001795,,600938.SH,BUY,2026-07-31,2026-08-03,700,700,0,0,700,32.26,31.83,5.57,0.0,0.22,21.0,26.79,FILLED,Top-K目标建仓/加仓,
ORD_001796,,002027.SZ,SELL,2026-08-06,2026-08-07,5600,5600,0,0,5600,5.14,5.09,7.13,14.25,0.29,56.0,77.67,FILLED,触发个股硬止损 (浮亏: -8.54% <= -8.0%),
ORD_001797,,600547.SH,SELL,2026-08-11,2026-08-12,1100,1100,0,0,1100,30.05,30.15,8.29,16.58,0.33,33.0,58.2,FILLED,"触发跟踪止盈 (最高浮盈: 16.13%, 自高点回撤: 7.68%)",
ORD_001798,,600522.SH,SELL,2026-08-11,2026-08-12,1100,1100,0,0,1100,32.34,32.35,8.9,17.79,0.36,33.0,60.05,FILLED,"触发跟踪止盈 (最高浮盈: 21.86%, 自高点回撤: 5.82%)",
ORD_001799,,000807.SZ,SELL,2026-08-11,2026-08-12,1100,1100,0,0,1100,27.23,27.95,7.69,15.37,0.31,33.0,56.37,FILLED,"触发跟踪止盈 (最高浮盈: 10.23%, 自高点回撤: 6.07%)",
ORD_001800,,002532.SZ,SELL,2026-08-11,2026-08-12,2300,2300,0,0,2300,13.8,14.07,8.09,16.18,0.32,23.0,47.59,FILLED,"触发跟踪止盈 (最高浮盈: 12.85%, 自高点回撤: 6.44%)",
ORD_001801,,688126.SH,SELL,2026-08-13,2026-08-14,1000,1000,0,0,1000,25.33,25.72,6.43,12.86,0.26,30.0,49.55,FILLED,"触发跟踪止盈 (最高浮盈: 17.01%, 自高点回撤: 5.80%)",
ORD_001802,,688396.SH,SELL,2026-08-14,2026-08-17,400,400,0,0,400,60.73,60.91,6.09,12.18,0.24,24.0,42.51,FILLED,调仓剔除(掉出Top-K),
ORD_001803,,600938.SH,BUY,2026-08-14,2026-08-17,200,200,0,0,200,32.67,32.71,5.0,0.0,0.07,6.0,11.07,FILLED,Top-K目标建仓/加仓,
ORD_001804,,600760.SH,BUY,2026-08-14,2026-08-17,700,700,0,0,700,44.43,44.43,7.78,0.0,0.31,28.0,36.09,FILLED,Top-K目标建仓/加仓,
ORD_001805,,601127.SH,BUY,2026-08-14,2026-08-17,600,600,0,0,600,53.2,53.13,7.97,0.0,0.32,30.0,38.29,FILLED,Top-K目标建仓/加仓,
ORD_001806,,002709.SZ,BUY,2026-08-14,2026-08-17,800,800,0,0,800,39.47,39.52,7.9,0.0,0.32,32.0,40.22,FILLED,Top-K目标建仓/加仓,
ORD_001807,,002353.SZ,BUY,2026-08-14,2026-08-17,200,200,0,0,200,150.99,151.18,7.56,0.0,0.3,30.0,37.86,FILLED,Top-K目标建仓/加仓,
ORD_001808,,300408.SZ,BUY,2026-08-14,2026-08-17,200,200,0,0,200,129.09,127.93,6.4,0.0,0.26,26.0,32.66,FILLED,Top-K目标建仓/加仓,
ORD_001809,,601169.SH,BUY,2026-08-14,2026-08-17,6400,6400,0,0,6400,4.96,4.95,7.92,0.0,0.32,0.0,8.24,FILLED,Top-K目标建仓/加仓,
ORD_001810,,002353.SZ,SELL,2026-08-19,2026-08-20,200,200,0,0,200,150.5,152.61,7.63,15.26,0.31,30.0,53.2,FILLED,"触发跟踪止盈 (最高浮盈: 12.78%, 自高点回撤: 11.73%)",
ORD_001811,,300408.SZ,SELL,2026-08-19,2026-08-20,200,200,0,0,200,109.6,110.59,5.53,11.06,0.22,22.0,38.81,FILLED,触发个股硬止损 (浮亏: -14.33% <= -8.0%),
