order_id,parent_order_id,symbol,side,signal_date,execution_date,requested_shares,cumulative_filled_shares,remaining_shares,cancelled_shares,filled_shares,signal_price,execution_price,commission,stamp_tax,transfer_fee,slippage,total_cost,status,reason,reject_reason
ORD_000001,,600515.SH,BUY,2021-09-29,2021-09-30,10200,10200,0,0,10200,11.59,11.41,29.1,0.0,2.33,102.0,133.43,FILLED,Top-K目标建仓/加仓,
ORD_000002,,601919.SH,BUY,2021-09-29,2021-09-30,7100,7100,0,0,7100,16.54,16.97,30.12,0.0,2.41,142.0,174.53,FILLED,Top-K目标建仓/加仓,
ORD_000003_P3300,ORD_000003,002558.SZ,BUY,2021-09-29,2021-09-30,11500,3300,8200,0,3300,10.27,10.28,8.48,0.0,0.68,33.0,42.16,PARTIALLY_FILLED,Top-K目标建仓/加仓,
ORD_000004,,600926.SH,BUY,2021-09-29,2021-09-30,4600,4600,0,0,4600,15.34,15.36,17.66,0.0,1.41,92.0,111.07,FILLED,Top-K目标建仓/加仓,
ORD_000005,,603799.SH,BUY,2021-09-29,2021-09-30,700,700,0,0,700,101.1,102.2,17.89,0.0,1.43,70.0,89.32,FILLED,Top-K目标建仓/加仓,
ORD_000006,,601838.SH,BUY,2021-09-29,2021-09-30,5700,5700,0,0,5700,12.41,12.37,17.63,0.0,1.41,57.0,76.04,FILLED,Top-K目标建仓/加仓,
ORD_000007_P800,ORD_000007,688521.SH,BUY,2021-09-29,2021-09-30,1000,800,200,0,800,67.81,68.28,13.66,0.0,1.09,56.0,70.75,PARTIALLY_FILLED,Top-K目标建仓/加仓,
ORD_000008,,000166.SZ,BUY,2021-09-29,2021-09-30,21600,21600,0,0,21600,5.49,5.53,29.86,0.0,2.39,216.0,248.25,FILLED,Top-K目标建仓/加仓,
ORD_000003_P8500,ORD_000003,002558.SZ,BUY,2021-09-29,2021-10-08,11500,8500,3000,0,5200,10.27,10.56,13.73,0.0,1.1,52.0,66.83,PARTIALLY_FILLED,Top-K目标建仓/加仓,
ORD_000007,,688521.SH,BUY,2021-09-29,2021-10-08,1000,1000,0,0,200,67.81,68.27,5.0,0.0,0.27,14.0,19.27,FILLED,Top-K目标建仓/加仓,
ORD_000009,,603799.SH,SELL,2021-10-08,2021-10-11,700,700,0,0,700,101.79,102.5,17.94,71.75,1.44,70.0,161.13,FILLED,"触发跟踪止盈 (最高浮盈: 5.68%, 自高点回撤: 5.75%)",
ORD_000003,,002558.SZ,BUY,2021-09-29,2021-10-11,11500,11500,0,0,3000,10.27,10.79,8.09,0.0,0.65,30.0,38.74,FILLED,Top-K目标建仓/加仓,
ORD_000010_P7300,ORD_000010,600515.SH,SELL,2021-10-11,2021-10-12,10200,7300,2900,0,7300,10.38,10.18,18.58,74.31,1.49,73.0,167.38,PARTIALLY_FILLED,触发个股硬止损 (浮亏: -9.03% <= -8.0%),
ORD_000010,,600515.SH,SELL,2021-10-11,2021-10-13,10200,10200,0,0,2900,10.38,10.19,7.39,29.55,0.59,29.0,66.53,FILLED,触发个股硬止损 (浮亏: -9.03% <= -8.0%),
ORD_000011,,601919.SH,SELL,2021-10-15,2021-10-18,7100,7100,0,0,7100,15.05,15.11,26.82,107.28,2.15,142.0,278.25,FILLED,触发个股硬止损 (浮亏: -11.31% <= -8.0%),
ORD_000012_P6200,ORD_000012,002558.SZ,SELL,2021-10-18,2021-10-19,11500,6200,5300,0,6200,10.26,10.19,15.79,63.18,1.26,62.0,142.23,PARTIALLY_FILLED,"触发跟踪止盈 (最高浮盈: 7.12%, 自高点回撤: 9.12%)",
ORD_000012_P11200,ORD_000012,002558.SZ,SELL,2021-10-18,2021-10-20,11500,11200,300,0,5000,10.26,10.18,12.72,50.9,1.02,50.0,114.64,PARTIALLY_FILLED,"触发跟踪止盈 (最高浮盈: 7.12%, 自高点回撤: 9.12%)",
ORD_000012,,002558.SZ,SELL,2021-10-18,2021-10-21,11500,11500,0,0,300,10.26,10.04,5.0,3.01,0.06,3.0,11.07,FILLED,"触发跟踪止盈 (最高浮盈: 7.12%, 自高点回撤: 9.12%)",
ORD_000013,,601838.SH,SELL,2021-10-20,2021-10-21,5700,5700,0,0,5700,12.31,12.45,17.74,70.97,1.42,57.0,147.13,FILLED,"触发跟踪止盈 (最高浮盈: 5.82%, 自高点回撤: 5.96%)",
ORD_000014,,688521.SH,SELL,2021-10-27,2021-10-28,1000,1000,0,0,1000,60.99,60.24,15.06,60.24,1.2,60.0,136.5,FILLED,触发个股硬止损 (浮亏: -10.67% <= -8.0%),
ORD_000015,,000166.SZ,SELL,2021-11-03,2021-11-04,21600,21600,0,0,21600,5.32,5.36,28.94,115.78,2.32,216.0,363.04,FILLED,调仓剔除(掉出Top-K),
ORD_000016,,600926.SH,SELL,2021-11-03,2021-11-04,4600,4600,0,0,4600,14.61,14.64,16.84,67.34,1.35,46.0,131.53,FILLED,调仓剔除(掉出Top-K),
ORD_000017_P7700,ORD_000017,002558.SZ,BUY,2021-11-03,2021-11-04,11200,7700,3500,0,7700,10.09,10.0,19.25,0.0,1.54,77.0,97.79,PARTIALLY_FILLED,Top-K目标建仓/加仓,
ORD_000018_P2600,ORD_000018,000999.SZ,BUY,2021-11-03,2021-11-04,4700,2600,2100,0,2600,24.08,24.15,15.7,0.0,1.26,52.0,68.96,PARTIALLY_FILLED,Top-K目标建仓/加仓,
ORD_000019_P2800,ORD_000019,601018.SH,BUY,2021-11-03,2021-11-04,30500,2800,27700,0,2800,3.71,3.72,5.0,0.0,0.21,0.0,5.21,PARTIALLY_FILLED,Top-K目标建仓/加仓,
ORD_000020,,601838.SH,BUY,2021-11-03,2021-11-04,9100,9100,0,0,9100,12.37,12.41,28.23,0.0,2.26,91.0,121.49,FILLED,Top-K目标建仓/加仓,
ORD_000021,,688981.SH,BUY,2021-11-03,2021-11-04,1900,1900,0,0,1900,56.99,57.04,27.09,0.0,2.17,114.0,143.26,FILLED,Top-K目标建仓/加仓,
ORD_000022,,000001.SZ,BUY,2021-11-03,2021-11-04,6200,6200,0,0,6200,18.03,18.1,28.06,0.0,2.24,124.0,154.3,FILLED,Top-K目标建仓/加仓,
ORD_000023,,000002.SZ,BUY,2021-11-03,2021-11-04,6200,6200,0,0,6200,18.05,18.03,27.95,0.0,2.24,124.0,154.19,FILLED,Top-K目标建仓/加仓,
ORD_000024,,000063.SZ,BUY,2021-11-03,2021-11-04,3600,3600,0,0,3600,31.08,31.23,28.11,0.0,2.25,108.0,138.36,FILLED,Top-K目标建仓/加仓,
ORD_000017,,002558.SZ,BUY,2021-11-03,2021-11-05,11200,11200,0,0,3500,10.09,10.4,9.1,0.0,0.73,35.0,44.83,FILLED,Top-K目标建仓/加仓,
ORD_000018,,000999.SZ,BUY,2021-11-03,2021-11-05,4700,4700,0,0,2100,24.08,24.08,12.64,0.0,1.01,42.0,55.65,FILLED,Top-K目标建仓/加仓,
ORD_000019_P6200,ORD_000019,601018.SH,BUY,2021-11-03,2021-11-05,30500,6200,24300,0,3400,3.71,3.73,5.0,0.0,0.25,0.0,5.25,PARTIALLY_FILLED,Top-K目标建仓/加仓,
ORD_000019_P8700,ORD_000019,601018.SH,BUY,2021-11-03,2021-11-08,30500,8700,21800,0,2500,3.71,3.71,5.0,0.0,0.19,0.0,5.19,PARTIALLY_FILLED,Top-K目标建仓/加仓,
ORD_000019_P11500,ORD_000019,601018.SH,BUY,2021-11-03,2021-11-09,30500,11500,19000,0,2800,3.71,3.71,5.0,0.0,0.21,0.0,5.21,PARTIALLY_FILLED,Top-K目标建仓/加仓,
ORD_000019_P15700,ORD_000019,601018.SH,BUY,2021-11-03,2021-11-10,30500,15700,14800,0,4200,3.71,3.71,5.0,0.0,0.31,0.0,5.31,PARTIALLY_FILLED,Top-K目标建仓/加仓,
ORD_000019_P19800,ORD_000019,601018.SH,BUY,2021-11-03,2021-11-11,30500,19800,10700,0,4100,3.71,3.69,5.0,0.0,0.3,0.0,5.3,PARTIALLY_FILLED,Top-K目标建仓/加仓,
ORD_000019_P22200,ORD_000019,601018.SH,BUY,2021-11-03,2021-11-12,30500,22200,8300,0,2400,3.71,3.73,5.0,0.0,0.18,0.0,5.18,PARTIALLY_FILLED,Top-K目标建仓/加仓,
ORD_000025,,688981.SH,SELL,2021-11-12,2021-11-15,1900,1900,0,0,1900,56.16,56.1,26.65,106.59,2.13,114.0,249.37,FILLED,"触发跟踪止盈 (最高浮盈: 5.49%, 自高点回撤: 6.66%)",
ORD_000026,,000002.SZ,SELL,2021-11-12,2021-11-15,6200,6200,0,0,6200,19.76,19.54,30.29,121.15,2.42,124.0,277.86,FILLED,"触发跟踪止盈 (最高浮盈: 15.59%, 自高点回撤: 5.18%)",
ORD_000019_P25100,ORD_000019,601018.SH,BUY,2021-11-03,2021-11-15,30500,25100,5400,0,2900,3.71,3.72,5.0,0.0,0.22,0.0,5.22,PARTIALLY_FILLED,Top-K目标建仓/加仓,
ORD_000019_P29900,ORD_000019,601018.SH,BUY,2021-11-03,2021-11-16,30500,29900,600,0,4800,3.71,3.75,5.0,0.0,0.36,0.0,5.36,PARTIALLY_FILLED,Top-K目标建仓/加仓,
ORD_000019,,601018.SH,BUY,2021-11-03,2021-11-17,30500,30500,0,0,600,3.71,3.77,5.0,0.0,0.05,0.0,5.05,FILLED,Top-K目标建仓/加仓,
ORD_000027_P7800,ORD_000027,002558.SZ,SELL,2021-11-18,2021-11-19,11200,7800,3400,0,7800,11.0,10.99,21.43,85.72,1.71,78.0,186.86,PARTIALLY_FILLED,"触发跟踪止盈 (最高浮盈: 16.44%, 自高点回撤: 6.70%)",
ORD_000027,,002558.SZ,SELL,2021-11-18,2021-11-22,11200,11200,0,0,3400,11.0,10.97,9.32,37.3,0.75,34.0,81.37,FILLED,"触发跟踪止盈 (最高浮盈: 16.44%, 自高点回撤: 6.70%)",
ORD_000028_P7300,ORD_000028,601838.SH,SELL,2021-11-26,2021-11-29,9100,7300,1800,0,7300,11.36,11.29,20.6,82.42,1.65,73.0,177.67,PARTIALLY_FILLED,触发个股硬止损 (浮亏: -8.46% <= -8.0%),
ORD_000029,,000063.SZ,SELL,2021-11-26,2021-11-29,3600,3600,0,0,3600,31.22,30.82,27.74,110.95,2.22,108.0,248.91,FILLED,"触发跟踪止盈 (最高浮盈: 5.32%, 自高点回撤: 5.08%)",
ORD_000028,,601838.SH,SELL,2021-11-26,2021-11-30,9100,9100,0,0,1800,11.36,11.26,5.07,20.27,0.41,18.0,43.75,FILLED,触发个股硬止损 (浮亏: -8.46% <= -8.0%),
ORD_000030,,000001.SZ,SELL,2021-12-01,2021-12-02,6200,6200,0,0,6200,17.64,17.6,27.28,109.12,2.18,124.0,262.58,FILLED,调仓剔除(掉出Top-K),
ORD_000031_P12300,ORD_000031,601018.SH,SELL,2021-12-01,2021-12-02,30500,12300,18200,0,12300,3.73,3.72,11.44,45.76,0.92,0.0,58.12,PARTIALLY_FILLED,调仓剔除(掉出Top-K),
ORD_000040,,000999.SZ,SELL,2021-12-01,2021-12-02,700,700,0,0,700,24.76,25.96,5.0,18.17,0.36,21.0,44.53,FILLED,Top-K目标再平衡减仓,
ORD_000032,,688521.SH,BUY,2021-12-01,2021-12-02,700,700,0,0,700,76.29,76.37,13.36,0.0,1.07,56.0,70.43,FILLED,Top-K目标建仓/加仓,
ORD_000033,,688396.SH,BUY,2021-12-01,2021-12-02,700,700,0,0,700,71.68,71.46,12.51,0.0,1.0,49.0,62.51,FILLED,Top-K目标建仓/加仓,
ORD_000034,,603369.SH,BUY,2021-12-01,2021-12-02,1700,1700,0,0,1700,56.46,56.49,24.01,0.0,1.92,102.0,127.93,FILLED,Top-K目标建仓/加仓,
ORD_000035,,603392.SH,BUY,2021-12-01,2021-12-02,200,200,0,0,200,238.1,237.57,11.88,0.0,0.95,48.0,60.83,FILLED,Top-K目标建仓/加仓,
ORD_000036,,603260.SH,BUY,2021-12-01,2021-12-02,300,300,0,0,300,144.6,142.59,10.69,0.0,0.86,42.0,53.55,FILLED,Top-K目标建仓/加仓,
ORD_000037,,603019.SH,BUY,2021-12-01,2021-12-02,3600,3600,0,0,3600,27.96,27.95,25.16,0.0,2.01,108.0,135.17,FILLED,Top-K目标建仓/加仓,
ORD_000038,,601919.SH,BUY,2021-12-01,2021-12-02,5900,5900,0,0,5900,17.09,17.12,25.25,0.0,2.02,118.0,145.27,FILLED,Top-K目标建仓/加仓,
ORD_000039,,601985.SH,BUY,2021-12-01,2021-12-02,7700,7700,0,0,7700,7.1,7.08,13.63,0.0,1.09,77.0,91.72,FILLED,Top-K目标建仓/加仓,
ORD_000031,,601018.SH,SELL,2021-12-01,2021-12-03,30500,30500,0,0,18200,3.73,4.18,19.02,76.08,1.52,0.0,96.62,FILLED,调仓剔除(掉出Top-K),
ORD_000041,,601919.SH,SELL,2021-12-14,2021-12-15,5900,5900,0,0,5900,18.13,17.98,26.52,106.08,2.12,118.0,252.72,FILLED,"触发跟踪止盈 (最高浮盈: 16.00%, 自高点回撤: 8.71%)",
ORD_000042,,688521.SH,SELL,2021-12-15,2021-12-16,700,700,0,0,700,82.9,82.72,14.48,57.9,1.16,56.0,129.54,FILLED,"触发跟踪止盈 (最高浮盈: 15.60%, 自高点回撤: 6.09%)",
ORD_000043,,603369.SH,SELL,2021-12-15,2021-12-16,1700,1700,0,0,1700,60.12,59.6,25.33,101.32,2.03,102.0,230.68,FILLED,"触发跟踪止盈 (最高浮盈: 12.20%, 自高点回撤: 5.14%)",
ORD_000044,,688396.SH,SELL,2021-12-17,2021-12-20,700,700,0,0,700,64.55,64.84,11.35,45.39,0.91,42.0,99.65,FILLED,触发个股硬止损 (浮亏: -9.67% <= -8.0%),
ORD_000045,,603392.SH,SELL,2021-12-17,2021-12-20,200,200,0,0,200,231.2,232.77,11.64,46.55,0.93,46.0,105.12,FILLED,"触发跟踪止盈 (最高浮盈: 5.86%, 自高点回撤: 8.07%)",
ORD_000046,,601985.SH,SELL,2021-12-20,2021-12-21,7700,7700,0,0,7700,7.33,7.34,14.13,56.52,1.13,77.0,148.78,FILLED,"触发跟踪止盈 (最高浮盈: 11.58%, 自高点回撤: 7.22%)",
ORD_000047,,603260.SH,SELL,2021-12-24,2021-12-27,300,300,0,0,300,127.5,126.35,9.48,37.91,0.76,39.0,87.15,FILLED,触发个股硬止损 (浮亏: -10.58% <= -8.0%),
ORD_000048,,000999.SZ,SELL,2021-12-29,2021-12-30,4000,4000,0,0,4000,31.21,31.48,31.48,125.92,2.52,120.0,279.92,FILLED,"触发跟踪止盈 (最高浮盈: 43.70%, 自高点回撤: 9.93%)",
ORD_000049,,600989.SH,BUY,2021-12-29,2021-12-30,2600,2600,0,0,2600,17.8,17.81,11.58,0.0,0.93,52.0,64.51,FILLED,Top-K目标建仓/加仓,
ORD_000050,,688521.SH,BUY,2021-12-29,2021-12-30,600,600,0,0,600,74.48,74.55,11.18,0.0,0.89,42.0,54.07,FILLED,Top-K目标建仓/加仓,
ORD_000051,,688303.SH,BUY,2021-12-29,2021-12-30,700,700,0,0,700,59.33,58.89,10.31,0.0,0.82,42.0,53.13,FILLED,Top-K目标建仓/加仓,
ORD_000052,,603259.SH,BUY,2021-12-29,2021-12-30,300,300,0,0,300,119.19,119.31,8.95,0.0,0.72,36.0,45.67,FILLED,Top-K目标建仓/加仓,
ORD_000053,,688256.SH,BUY,2021-12-29,2021-12-30,500,500,0,0,500,89.97,89.97,11.25,0.0,0.9,45.0,57.15,FILLED,Top-K目标建仓/加仓,
ORD_000054,,603019.SH,BUY,2021-12-29,2021-12-30,200,200,0,0,200,27.25,27.24,5.0,0.0,0.11,6.0,11.11,FILLED,Top-K目标建仓/加仓,
ORD_000055,,000807.SZ,BUY,2021-12-29,2021-12-30,9500,9500,0,0,9500,10.99,11.0,26.12,0.0,2.09,95.0,123.21,FILLED,Top-K目标建仓/加仓,
ORD_000056,,001979.SZ,BUY,2021-12-29,2021-12-30,3600,3600,0,0,3600,12.99,12.97,11.67,0.0,0.93,36.0,48.6,FILLED,Top-K目标建仓/加仓,
ORD_000057,,603259.SH,SELL,2022-01-04,2022-01-05,300,300,0,0,300,108.8,107.69,8.08,32.31,0.65,33.0,74.04,FILLED,触发个股硬止损 (浮亏: -8.81% <= -8.0%),
ORD_000058,,688256.SH,SELL,2022-01-04,2022-01-05,500,500,0,0,500,98.58,96.9,12.11,48.45,0.97,50.0,111.53,FILLED,"触发跟踪止盈 (最高浮盈: 17.26%, 自高点回撤: 6.56%)",
ORD_000059,,000807.SZ,SELL,2022-01-05,2022-01-06,9500,9500,0,0,9500,10.87,10.97,26.05,104.22,2.08,95.0,227.35,FILLED,"触发跟踪止盈 (最高浮盈: 5.00%, 自高点回撤: 5.89%)",
ORD_000060,,688521.SH,SELL,2022-01-06,2022-01-07,600,600,0,0,600,73.51,74.43,11.16,44.66,0.89,42.0,98.71,FILLED,"触发跟踪止盈 (最高浮盈: 6.81%, 自高点回撤: 7.69%)",
ORD_000061,,688303.SH,SELL,2022-01-07,2022-01-10,700,700,0,0,700,59.4,59.44,10.4,41.61,0.83,42.0,94.84,FILLED,"触发跟踪止盈 (最高浮盈: 7.17%, 自高点回撤: 5.88%)",
ORD_000062,,001979.SZ,SELL,2022-01-12,2022-01-13,3600,3600,0,0,3600,14.02,13.99,12.59,50.36,1.01,36.0,99.96,FILLED,"触发跟踪止盈 (最高浮盈: 15.88%, 自高点回撤: 6.72%)",
ORD_000063,,603019.SH,SELL,2022-01-13,2022-01-14,3800,3800,0,0,3800,29.37,29.1,27.64,110.58,2.21,114.0,254.43,FILLED,"触发跟踪止盈 (最高浮盈: 10.99%, 自高点回撤: 5.20%)",
ORD_000064,,600989.SH,SELL,2022-01-14,2022-01-17,2600,2600,0,0,2600,16.09,16.03,10.42,41.68,0.83,52.0,104.93,FILLED,触发个股硬止损 (浮亏: -9.66% <= -8.0%),
ORD_000065_P9300,ORD_000065,600415.SH,BUY,2022-01-27,2022-01-28,26700,9300,17400,0,9300,4.45,4.49,10.44,0.0,0.84,0.0,11.28,PARTIALLY_FILLED,Top-K目标建仓/加仓,
ORD_000066_P9800,ORD_000066,600061.SH,BUY,2022-01-27,2022-01-28,15700,9800,5900,0,9800,7.55,7.6,18.62,0.0,1.49,98.0,118.11,PARTIALLY_FILLED,Top-K目标建仓/加仓,
ORD_000067_P1900,ORD_000067,302132.SZ,BUY,2022-01-27,2022-01-28,8200,1900,6300,0,1900,14.39,14.44,6.86,0.0,0.55,19.0,26.41,PARTIALLY_FILLED,Top-K目标建仓/加仓,
ORD_000068,,601898.SH,BUY,2022-01-27,2022-01-28,18900,18900,0,0,18900,6.27,6.28,29.67,0.0,2.37,189.0,221.04,FILLED,Top-K目标建仓/加仓,
ORD_000069,,600549.SH,BUY,2022-01-27,2022-01-28,6100,6100,0,0,6100,19.39,19.54,29.8,0.0,2.38,122.0,154.18,FILLED,Top-K目标建仓/加仓,
ORD_000070_P3400,ORD_000070,600674.SH,BUY,2022-01-27,2022-01-28,10600,3400,7200,0,3400,11.2,11.22,9.54,0.0,0.76,34.0,44.3,PARTIALLY_FILLED,Top-K目标建仓/加仓,
ORD_000071,,600845.SH,BUY,2022-01-27,2022-01-28,2000,2000,0,0,2000,57.05,57.45,28.73,0.0,2.3,120.0,151.03,FILLED,Top-K目标建仓/加仓,
ORD_000072_P14500,ORD_000072,600023.SH,BUY,2022-01-27,2022-01-28,33000,14500,18500,0,14500,3.6,3.6,13.05,0.0,1.04,0.0,14.09,PARTIALLY_FILLED,Top-K目标建仓/加仓,
ORD_000065_P20100,ORD_000065,600415.SH,BUY,2022-01-27,2022-02-07,26700,20100,6600,0,10800,4.45,4.5,12.15,0.0,0.97,0.0,13.12,PARTIALLY_FILLED,Top-K目标建仓/加仓,
ORD_000066,,600061.SH,BUY,2022-01-27,2022-02-07,15700,15700,0,0,5900,7.55,7.56,11.15,0.0,0.89,59.0,71.04,FILLED,Top-K目标建仓/加仓,
ORD_000067_P3900,ORD_000067,302132.SZ,BUY,2022-01-27,2022-02-07,8200,3900,4300,0,2000,14.39,14.76,7.38,0.0,0.59,20.0,27.97,PARTIALLY_FILLED,Top-K目标建仓/加仓,
ORD_000070_P6700,ORD_000070,600674.SH,BUY,2022-01-27,2022-02-07,10600,6700,3900,0,3300,11.2,11.2,9.24,0.0,0.74,33.0,42.98,PARTIALLY_FILLED,Top-K目标建仓/加仓,
ORD_000072_P28600,ORD_000072,600023.SH,BUY,2022-01-27,2022-02-07,33000,28600,4400,0,14100,3.6,3.66,12.9,0.0,1.03,0.0,13.93,PARTIALLY_FILLED,Top-K目标建仓/加仓,
ORD_000065,,600415.SH,BUY,2022-01-27,2022-02-08,26700,26700,0,0,6600,4.45,4.56,7.52,0.0,0.6,0.0,8.12,FILLED,Top-K目标建仓/加仓,
ORD_000067_P6100,ORD_000067,302132.SZ,BUY,2022-01-27,2022-02-08,8200,6100,2100,0,2200,14.39,14.71,8.09,0.0,0.65,22.0,30.74,PARTIALLY_FILLED,Top-K目标建仓/加仓,
ORD_000070,,600674.SH,BUY,2022-01-27,2022-02-08,10600,10600,0,0,3900,11.2,11.35,11.07,0.0,0.89,39.0,50.96,FILLED,Top-K目标建仓/加仓,
ORD_000072,,600023.SH,BUY,2022-01-27,2022-02-08,33000,33000,0,0,4400,3.6,3.68,5.0,0.0,0.32,0.0,5.32,FILLED,Top-K目标建仓/加仓,
ORD_000067_P7900,ORD_000067,302132.SZ,BUY,2022-01-27,2022-02-09,8200,7900,300,0,1800,14.39,15.04,6.77,0.0,0.54,36.0,43.31,PARTIALLY_FILLED,Top-K目标建仓/加仓,
ORD_000067,,302132.SZ,BUY,2022-01-27,2022-02-10,8200,8200,0,0,300,14.39,15.22,5.0,0.0,0.09,6.0,11.09,FILLED,Top-K目标建仓/加仓,
ORD_000073_P1700,ORD_000073,600845.SH,SELL,2022-02-11,2022-02-14,2000,1700,300,0,1700,52.43,52.17,22.17,88.69,1.77,85.0,197.63,PARTIALLY_FILLED,触发个股硬止损 (浮亏: -8.74% <= -8.0%),
ORD_000073,,600845.SH,SELL,2022-02-11,2022-02-15,2000,2000,0,0,300,52.43,51.75,5.0,15.53,0.31,15.0,35.84,FILLED,触发个股硬止损 (浮亏: -8.74% <= -8.0%),
ORD_000074_P7400,ORD_000074,600415.SH,SELL,2022-02-14,2022-02-15,26700,7400,19300,0,7400,4.68,4.69,8.68,34.71,0.69,0.0,44.08,PARTIALLY_FILLED,"触发跟踪止盈 (最高浮盈: 10.83%, 自高点回撤: 6.40%)",
ORD_000074_P20000,ORD_000074,600415.SH,SELL,2022-02-14,2022-02-16,26700,20000,6700,0,12600,4.68,4.71,14.84,59.35,1.19,0.0,75.38,PARTIALLY_FILLED,"触发跟踪止盈 (最高浮盈: 10.83%, 自高点回撤: 6.40%)",
ORD_000074,,600415.SH,SELL,2022-02-14,2022-02-17,26700,26700,0,0,6700,4.68,4.88,8.17,32.7,0.65,0.0,41.52,FILLED,"触发跟踪止盈 (最高浮盈: 10.83%, 自高点回撤: 6.40%)",
ORD_000075_P29400,ORD_000075,600023.SH,SELL,2022-02-24,2022-02-25,33000,29400,3600,0,29400,3.65,3.66,26.9,107.6,2.15,0.0,136.65,PARTIALLY_FILLED,"触发跟踪止盈 (最高浮盈: 6.70%, 自高点回撤: 5.93%)",
ORD_000075,,600023.SH,SELL,2022-02-24,2022-02-28,33000,33000,0,0,3600,3.65,3.77,5.0,13.57,0.27,0.0,18.84,FILLED,"触发跟踪止盈 (最高浮盈: 6.70%, 自高点回撤: 5.93%)",
ORD_000076,,601898.SH,SELL,2022-02-25,2022-02-28,18900,18900,0,0,18900,6.66,6.69,31.61,126.44,2.53,189.0,349.58,FILLED,"触发跟踪止盈 (最高浮盈: 16.24%, 自高点回撤: 8.77%)",
ORD_000077,,600549.SH,SELL,2022-03-03,2022-03-04,6100,6100,0,0,6100,21.66,21.55,32.86,131.46,2.63,122.0,288.95,FILLED,调仓剔除(掉出Top-K),
ORD_000078_P3900,ORD_000078,600674.SH,SELL,2022-03-03,2022-03-04,10600,3900,6700,0,3900,12.28,12.2,11.89,47.58,0.95,39.0,99.42,PARTIALLY_FILLED,调仓剔除(掉出Top-K),
ORD_000084,,600061.SH,SELL,2022-03-03,2022-03-04,1200,1200,0,0,1200,7.49,7.45,5.0,8.94,0.18,12.0,26.12,FILLED,Top-K目标再平衡减仓,
ORD_000087,,302132.SZ,SELL,2022-03-03,2022-03-04,1000,1000,0,0,1000,14.96,14.98,5.0,14.98,0.3,10.0,30.28,FILLED,Top-K目标再平衡减仓,
ORD_000079,,603369.SH,BUY,2022-03-03,2022-03-04,2100,2100,0,0,2100,49.9,49.57,26.02,0.0,2.08,105.0,133.1,FILLED,Top-K目标建仓/加仓,
ORD_000080_P5400,ORD_000080,601901.SH,BUY,2022-03-03,2022-03-04,14900,5400,9500,0,5400,7.27,7.26,9.8,0.0,0.78,54.0,64.58,PARTIALLY_FILLED,Top-K目标建仓/加仓,
ORD_000081_P17000,ORD_000081,600023.SH,BUY,2022-03-03,2022-03-04,29000,17000,12000,0,17000,3.74,3.74,15.89,0.0,1.27,0.0,17.16,PARTIALLY_FILLED,Top-K目标建仓/加仓,
ORD_000082,,600845.SH,BUY,2022-03-03,2022-03-04,2100,2100,0,0,2100,51.22,50.87,26.71,0.0,2.14,105.0,133.85,FILLED,Top-K目标建仓/加仓,
ORD_000083,,600886.SH,BUY,2022-03-03,2022-03-04,10600,10600,0,0,10600,10.26,10.23,27.11,0.0,2.17,106.0,135.28,FILLED,Top-K目标建仓/加仓,
ORD_000085_P1700,ORD_000085,300308.SZ,BUY,2022-03-03,2022-03-04,2800,1700,1100,0,1700,37.7,37.25,15.83,0.0,1.27,68.0,85.1,PARTIALLY_FILLED,Top-K目标建仓/加仓,
ORD_000086,,002384.SZ,BUY,2022-03-03,2022-03-04,5200,5200,0,0,5200,20.6,20.33,26.43,0.0,2.11,104.0,132.54,FILLED,Top-K目标建仓/加仓,
ORD_000078_P8600,ORD_000078,600674.SH,SELL,2022-03-03,2022-03-07,10600,8600,2000,0,4700,12.28,12.16,14.29,57.15,1.14,47.0,119.58,PARTIALLY_FILLED,调仓剔除(掉出Top-K),
ORD_000088_P2000,ORD_000088,302132.SZ,SELL,2022-03-04,2022-03-07,7200,2000,5200,0,2000,14.52,14.58,7.29,29.16,0.58,20.0,57.03,PARTIALLY_FILLED,"触发跟踪止盈 (最高浮盈: 5.58%, 自高点回撤: 7.04%)",
ORD_000080_P13700,ORD_000080,601901.SH,BUY,2022-03-03,2022-03-07,14900,13700,1200,0,8300,7.27,7.22,14.98,0.0,1.2,83.0,99.18,PARTIALLY_FILLED,Top-K目标建仓/加仓,
ORD_000081,,600023.SH,BUY,2022-03-03,2022-03-07,29000,29000,0,0,12000,3.74,3.69,11.07,0.0,0.89,0.0,11.96,FILLED,Top-K目标建仓/加仓,
ORD_000085,,300308.SZ,BUY,2022-03-03,2022-03-07,2800,2800,0,0,1100,37.7,37.58,10.33,0.0,0.83,44.0,55.16,FILLED,Top-K目标建仓/加仓,
ORD_000078,,600674.SH,SELL,2022-03-03,2022-03-08,10600,10600,0,0,2000,12.28,12.02,6.01,24.04,0.48,20.0,50.53,FILLED,调仓剔除(掉出Top-K),
ORD_000088_P4900,ORD_000088,302132.SZ,SELL,2022-03-04,2022-03-08,7200,4900,2300,0,2900,14.52,14.41,10.45,41.79,0.84,29.0,82.08,PARTIALLY_FILLED,"触发跟踪止盈 (最高浮盈: 5.58%, 自高点回撤: 7.04%)",
ORD_000080,,601901.SH,BUY,2022-03-03,2022-03-08,14900,14900,0,0,1200,7.27,7.16,5.0,0.0,0.17,12.0,17.17,FILLED,Top-K目标建仓/加仓,
ORD_000088,,302132.SZ,SELL,2022-03-04,2022-03-09,7200,7200,0,0,2300,14.52,13.99,8.04,32.18,0.64,23.0,63.86,FILLED,"触发跟踪止盈 (最高浮盈: 5.58%, 自高点回撤: 7.04%)",
ORD_000089_P9400,ORD_000089,600061.SH,SELL,2022-03-09,2022-03-10,14500,9400,5100,0,9400,6.83,6.97,16.38,65.52,1.31,94.0,177.21,PARTIALLY_FILLED,触发个股硬止损 (浮亏: -9.94% <= -8.0%),
ORD_000089,,600061.SH,SELL,2022-03-09,2022-03-11,14500,14500,0,0,5100,6.83,6.77,8.63,34.53,0.69,51.0,94.85,FILLED,触发个股硬止损 (浮亏: -9.94% <= -8.0%),
ORD_000090_P14100,ORD_000090,601901.SH,SELL,2022-03-10,2022-03-11,14900,14100,800,0,14100,6.65,6.6,23.27,93.06,1.86,141.0,259.19,PARTIALLY_FILLED,触发个股硬止损 (浮亏: -8.02% <= -8.0%),
ORD_000090,,601901.SH,SELL,2022-03-10,2022-03-14,14900,14900,0,0,800,6.65,6.67,5.0,5.34,0.11,8.0,18.45,FILLED,触发个股硬止损 (浮亏: -8.02% <= -8.0%),
ORD_000091,,603369.SH,SELL,2022-03-14,2022-03-15,2100,2100,0,0,2100,44.92,42.91,22.53,90.11,1.8,84.0,198.44,FILLED,触发个股硬止损 (浮亏: -9.38% <= -8.0%),
ORD_000092_P11500,ORD_000092,600023.SH,SELL,2022-03-15,2022-03-16,29000,11500,17500,0,11500,3.31,3.34,9.6,38.41,0.77,0.0,48.78,PARTIALLY_FILLED,触发个股硬止损 (浮亏: -11.01% <= -8.0%),
ORD_000093,,600845.SH,SELL,2022-03-15,2022-03-16,2100,2100,0,0,2100,46.27,46.98,24.66,98.66,1.97,105.0,230.29,FILLED,触发个股硬止损 (浮亏: -9.04% <= -8.0%),
ORD_000094_P10000,ORD_000094,600886.SH,SELL,2022-03-15,2022-03-16,10600,10000,600,0,10000,9.19,9.33,23.32,93.3,1.87,100.0,218.49,PARTIALLY_FILLED,触发个股硬止损 (浮亏: -10.17% <= -8.0%),
ORD_000095,,300308.SZ,SELL,2022-03-15,2022-03-16,2800,2800,0,0,2800,32.13,32.76,22.93,91.73,1.83,84.0,200.49,FILLED,触发个股硬止损 (浮亏: -14.04% <= -8.0%),
ORD_000096,,002384.SZ,SELL,2022-03-15,2022-03-16,5200,5200,0,0,5200,17.69,18.18,23.63,94.54,1.89,104.0,224.06,FILLED,触发个股硬止损 (浮亏: -12.99% <= -8.0%),
ORD_000092_P20500,ORD_000092,600023.SH,SELL,2022-03-15,2022-03-17,29000,20500,8500,0,9000,3.31,3.41,7.67,30.69,0.61,0.0,38.97,PARTIALLY_FILLED,触发个股硬止损 (浮亏: -11.01% <= -8.0%),
ORD_000094,,600886.SH,SELL,2022-03-15,2022-03-17,10600,10600,0,0,600,9.19,9.44,5.0,5.66,0.11,6.0,16.77,FILLED,触发个股硬止损 (浮亏: -10.17% <= -8.0%),
ORD_000092,,600023.SH,SELL,2022-03-15,2022-03-18,29000,29000,0,0,8500,3.31,3.35,7.12,28.48,0.57,0.0,36.17,FILLED,触发个股硬止损 (浮亏: -11.01% <= -8.0%),
ORD_000097,,002028.SZ,BUY,2022-03-31,2022-04-01,3300,3300,0,0,3300,32.8,33.03,27.25,0.0,2.18,99.0,128.43,FILLED,Top-K目标建仓/加仓,
ORD_000098,,002241.SZ,BUY,2022-03-31,2022-04-01,3200,3200,0,0,3200,34.4,33.84,27.07,0.0,2.17,96.0,125.24,FILLED,Top-K目标建仓/加仓,
ORD_000099,,300413.SZ,BUY,2022-03-31,2022-04-01,3500,3500,0,0,3500,31.16,30.83,26.98,0.0,2.16,105.0,134.14,FILLED,Top-K目标建仓/加仓,
ORD_000100,,603501.SH,BUY,2022-03-31,2022-04-01,300,300,0,0,300,193.4,193.19,14.49,0.0,1.16,57.0,72.65,FILLED,Top-K目标建仓/加仓,
ORD_000101_P28200,ORD_000101,600027.SH,BUY,2022-03-31,2022-04-01,31400,28200,3200,0,28200,3.54,3.52,24.82,0.0,1.99,0.0,26.81,PARTIALLY_FILLED,Top-K目标建仓/加仓,
ORD_000102_P1500,ORD_000102,302132.SZ,BUY,2022-03-31,2022-04-01,5100,1500,3600,0,1500,13.01,13.01,5.0,0.0,0.39,15.0,20.39,PARTIALLY_FILLED,Top-K目标建仓/加仓,
ORD_000103,,603893.SH,BUY,2022-03-31,2022-04-01,700,700,0,0,700,90.13,90.8,15.89,0.0,1.27,63.0,80.16,FILLED,Top-K目标建仓/加仓,
ORD_000104_P500,ORD_000104,300832.SZ,BUY,2022-03-31,2022-04-01,1900,500,1400,0,500,33.97,33.84,5.0,0.0,0.34,15.0,20.34,PARTIALLY_FILLED,Top-K目标建仓/加仓,
ORD_000101,,600027.SH,BUY,2022-03-31,2022-04-06,31400,31400,0,0,3200,3.54,3.54,5.0,0.0,0.23,0.0,5.23,FILLED,Top-K目标建仓/加仓,
ORD_000102_P3400,ORD_000102,302132.SZ,BUY,2022-03-31,2022-04-06,5100,3400,1700,0,1900,13.01,12.99,6.17,0.0,0.49,19.0,25.66,PARTIALLY_FILLED,Top-K目标建仓/加仓,
ORD_000104_P1400,ORD_000104,300832.SZ,BUY,2022-03-31,2022-04-06,1900,1400,500,0,900,33.97,33.81,7.61,0.0,0.61,27.0,35.22,PARTIALLY_FILLED,Top-K目标建仓/加仓,
ORD_000105,,002241.SZ,SELL,2022-04-06,2022-04-07,3200,3200,0,0,3200,33.34,33.31,26.65,106.59,2.13,96.0,231.37,FILLED,"触发跟踪止盈 (最高浮盈: 5.38%, 自高点回撤: 6.51%)",
ORD_000102,,302132.SZ,BUY,2022-03-31,2022-04-07,5100,5100,0,0,1700,13.01,13.21,5.61,0.0,0.45,17.0,23.06,FILLED,Top-K目标建仓/加仓,
ORD_000104,,300832.SZ,BUY,2022-03-31,2022-04-07,1900,1900,0,0,500,33.97,34.28,5.0,0.0,0.34,15.0,20.34,FILLED,Top-K目标建仓/加仓,
ORD_000106,,002028.SZ,SELL,2022-04-08,2022-04-11,3300,3300,0,0,3300,30.21,30.19,24.91,99.63,1.99,99.0,225.53,FILLED,触发个股硬止损 (浮亏: -8.54% <= -8.0%),
ORD_000107,,300413.SZ,SELL,2022-04-08,2022-04-11,3500,3500,0,0,3500,30.51,30.27,26.49,105.95,2.12,105.0,239.56,FILLED,"触发跟踪止盈 (最高浮盈: 6.36%, 自高点回撤: 6.95%)",
ORD_000108,,603501.SH,SELL,2022-04-11,2022-04-12,300,300,0,0,300,170.5,170.33,12.77,51.1,1.02,51.0,115.89,FILLED,触发个股硬止损 (浮亏: -11.74% <= -8.0%),
ORD_000109,,603893.SH,SELL,2022-04-11,2022-04-12,700,700,0,0,700,82.04,81.63,14.29,57.14,1.14,56.0,128.57,FILLED,触发个股硬止损 (浮亏: -9.65% <= -8.0%),
ORD_000110,,600027.SH,SELL,2022-04-11,2022-04-12,6600,6600,0,0,6600,3.42,3.41,5.63,22.51,0.45,0.0,28.59,FILLED,组合最大回撤熔断降仓,
ORD_000111,,302132.SZ,SELL,2022-04-11,2022-04-12,1000,1000,0,0,1000,12.83,12.77,5.0,12.77,0.26,10.0,28.03,FILLED,组合最大回撤熔断降仓,
ORD_000112,,300832.SZ,SELL,2022-04-11,2022-04-12,400,400,0,0,400,33.2,33.53,5.0,13.41,0.27,12.0,30.68,FILLED,组合最大回撤熔断降仓,
ORD_000113,,300832.SZ,SELL,2022-04-21,2022-04-22,1500,1500,0,0,1500,33.98,35.13,13.17,52.7,1.05,60.0,126.92,FILLED,"触发跟踪止盈 (最高浮盈: 5.66%, 自高点回撤: 5.32%)",
ORD_000114_P3600,ORD_000114,302132.SZ,SELL,2022-04-25,2022-04-26,4100,3600,500,0,3600,11.05,11.06,9.95,39.82,0.8,36.0,86.57,PARTIALLY_FILLED,触发个股硬止损 (浮亏: -15.54% <= -8.0%),
ORD_000114,,302132.SZ,SELL,2022-04-25,2022-04-27,4100,4100,0,0,500,11.05,10.39,5.0,5.2,0.1,5.0,15.3,FILLED,触发个股硬止损 (浮亏: -15.54% <= -8.0%),
ORD_000115,,600027.SH,SELL,2022-05-05,2022-05-06,24800,24800,0,0,24800,3.75,3.68,22.82,91.26,0.91,0.0,114.99,FILLED,调仓剔除(掉出Top-K),
ORD_000116,,000657.SZ,BUY,2022-05-05,2022-05-06,3400,3400,0,0,3400,9.84,9.62,8.18,0.0,0.33,34.0,42.51,FILLED,Top-K目标建仓/加仓,
ORD_000117,,688521.SH,BUY,2022-05-05,2022-05-06,500,500,0,0,500,39.9,38.6,5.0,0.0,0.19,20.0,25.19,FILLED,Top-K目标建仓/加仓,
ORD_000118,,601021.SH,BUY,2022-05-05,2022-05-06,700,700,0,0,700,44.94,44.04,7.71,0.0,0.31,28.0,36.02,FILLED,Top-K目标建仓/加仓,
ORD_000119,,002353.SZ,BUY,2022-05-05,2022-05-06,1000,1000,0,0,1000,33.05,32.41,8.1,0.0,0.32,30.0,38.42,FILLED,Top-K目标建仓/加仓,
ORD_000120,,300502.SZ,BUY,2022-05-05,2022-05-06,800,800,0,0,800,23.84,23.14,5.0,0.0,0.19,16.0,21.19,FILLED,Top-K目标建仓/加仓,
ORD_000121,,002837.SZ,BUY,2022-05-05,2022-05-06,900,900,0,0,900,22.17,21.32,5.0,0.0,0.19,18.0,23.19,FILLED,Top-K目标建仓/加仓,
ORD_000122,,002625.SZ,BUY,2022-05-05,2022-05-06,2500,2500,0,0,2500,13.46,13.2,8.25,0.0,0.33,25.0,33.58,FILLED,Top-K目标建仓/加仓,
ORD_000123,,300476.SZ,BUY,2022-05-05,2022-05-06,1200,1200,0,0,1200,16.48,16.05,5.0,0.0,0.19,24.0,29.19,FILLED,Top-K目标建仓/加仓,
ORD_000124,,300502.SZ,SELL,2022-05-11,2022-05-12,800,800,0,0,800,25.86,25.68,5.14,20.54,0.21,24.0,49.89,FILLED,"触发跟踪止盈 (最高浮盈: 18.76%, 自高点回撤: 5.90%)",
ORD_000125,,000657.SZ,SELL,2022-05-16,2022-05-17,3400,3400,0,0,3400,11.3,11.3,9.61,38.42,0.38,34.0,82.41,FILLED,"触发跟踪止盈 (最高浮盈: 24.95%, 自高点回撤: 5.99%)",
ORD_000126,,601021.SH,SELL,2022-05-18,2022-05-19,700,700,0,0,700,45.28,44.32,7.76,31.02,0.31,28.0,67.09,FILLED,"触发跟踪止盈 (最高浮盈: 10.01%, 自高点回撤: 6.54%)",
ORD_000127,,002353.SZ,SELL,2022-05-19,2022-05-20,1000,1000,0,0,1000,34.14,34.32,8.58,34.32,0.34,30.0,73.24,FILLED,"触发跟踪止盈 (最高浮盈: 11.69%, 自高点回撤: 5.69%)",
ORD_000128,,688521.SH,SELL,2022-05-24,2022-05-25,500,500,0,0,500,43.67,43.96,5.5,21.98,0.22,20.0,47.7,FILLED,"触发跟踪止盈 (最高浮盈: 19.90%, 自高点回撤: 5.64%)",
ORD_000129,,002837.SZ,SELL,2022-05-24,2022-05-25,900,900,0,0,900,25.35,25.57,5.75,23.01,0.23,27.0,55.99,FILLED,"触发跟踪止盈 (最高浮盈: 31.14%, 自高点回撤: 9.33%)",
ORD_000130,,002625.SZ,SELL,2022-05-24,2022-05-25,2500,2500,0,0,2500,14.96,14.95,9.34,37.38,0.37,25.0,72.09,FILLED,"触发跟踪止盈 (最高浮盈: 20.98%, 自高点回撤: 6.32%)",
ORD_000131,,300476.SZ,SELL,2022-05-24,2022-05-25,1200,1200,0,0,1200,16.02,15.89,5.0,19.07,0.19,24.0,48.26,FILLED,"触发跟踪止盈 (最高浮盈: 9.66%, 自高点回撤: 8.98%)",
ORD_000132,,601881.SH,BUY,2022-06-02,2022-06-06,3900,3900,0,0,3900,8.89,8.88,8.66,0.0,0.35,39.0,48.01,FILLED,Top-K目标建仓/加仓,
ORD_000133,,601066.SH,BUY,2022-06-02,2022-06-06,1500,1500,0,0,1500,22.22,21.99,8.25,0.0,0.33,30.0,38.58,FILLED,Top-K目标建仓/加仓,
ORD_000134,,600061.SH,BUY,2022-06-02,2022-06-06,5600,5600,0,0,5600,6.18,6.17,8.64,0.0,0.35,56.0,64.99,FILLED,Top-K目标建仓/加仓,
ORD_000135_P8800,ORD_000135,600023.SH,BUY,2022-06-02,2022-06-06,10000,8800,1200,0,8800,3.45,3.44,7.57,0.0,0.3,0.0,7.87,PARTIALLY_FILLED,Top-K目标建仓/加仓,
ORD_000136,,000157.SZ,BUY,2022-06-02,2022-06-06,5700,5700,0,0,5700,6.04,6.05,8.62,0.0,0.34,57.0,65.96,FILLED,Top-K目标建仓/加仓,
ORD_000137,,603369.SH,BUY,2022-06-02,2022-06-06,700,700,0,0,700,45.41,45.85,8.02,0.0,0.32,35.0,43.34,FILLED,Top-K目标建仓/加仓,
ORD_000138,,002648.SZ,BUY,2022-06-02,2022-06-06,800,800,0,0,800,38.64,27.53,5.51,0.0,0.22,24.0,29.73,FILLED,Top-K目标建仓/加仓,
ORD_000139,,600674.SH,BUY,2022-06-02,2022-06-06,2900,2900,0,0,2900,11.69,11.66,8.45,0.0,0.34,29.0,37.79,FILLED,Top-K目标建仓/加仓,
ORD_000135,,600023.SH,BUY,2022-06-02,2022-06-07,10000,10000,0,0,1200,3.45,3.44,5.0,0.0,0.04,0.0,5.04,FILLED,Top-K目标建仓/加仓,
ORD_000140,,600023.SH,SELL,2022-06-09,2022-06-10,10000,10000,0,0,10000,3.52,3.5,8.75,35.0,0.35,0.0,44.1,FILLED,"触发跟踪止盈 (最高浮盈: 9.30%, 自高点回撤: 6.38%)",
ORD_000141,,002648.SZ,SELL,2022-06-15,2022-06-16,800,800,0,0,800,27.93,27.76,5.55,22.21,0.22,24.0,51.98,FILLED,"触发跟踪止盈 (最高浮盈: 8.54%, 自高点回撤: 6.53%)",
ORD_000142,,601881.SH,SELL,2022-06-16,2022-06-17,3900,3900,0,0,3900,9.64,9.56,9.32,37.28,0.37,39.0,85.97,FILLED,"触发跟踪止盈 (最高浮盈: 15.77%, 自高点回撤: 6.23%)",
ORD_000143,,601066.SH,SELL,2022-06-16,2022-06-17,1500,1500,0,0,1500,26.02,25.47,9.55,38.2,0.38,45.0,93.13,FILLED,"触发跟踪止盈 (最高浮盈: 30.33%, 自高点回撤: 9.21%)",
ORD_000144,,600061.SH,SELL,2022-06-16,2022-06-17,5600,5600,0,0,5600,6.6,6.59,9.23,36.9,0.37,56.0,102.5,FILLED,"触发跟踪止盈 (最高浮盈: 14.75%, 自高点回撤: 6.78%)",
ORD_000145,,600674.SH,SELL,2022-07-01,2022-07-04,2900,2900,0,0,2900,12.22,12.18,8.83,35.32,0.35,29.0,73.5,FILLED,调仓剔除(掉出Top-K),
ORD_000154,,603369.SH,SELL,2022-07-01,2022-07-04,200,200,0,0,200,50.6,50.03,5.0,10.01,0.1,10.0,25.11,FILLED,Top-K目标再平衡减仓,
ORD_000155,,000157.SZ,SELL,2022-07-01,2022-07-04,1400,1400,0,0,1400,6.46,6.51,5.0,9.11,0.09,14.0,28.2,FILLED,Top-K目标再平衡减仓,
ORD_000146,,601881.SH,BUY,2022-07-01,2022-07-04,2200,2200,0,0,2200,9.55,9.56,5.26,0.0,0.21,22.0,27.47,FILLED,Top-K目标建仓/加仓,
ORD_000147,,601698.SH,BUY,2022-07-01,2022-07-04,1800,1800,0,0,1800,11.28,11.29,5.08,0.0,0.2,18.0,23.28,FILLED,Top-K目标建仓/加仓,
ORD_000148,,002311.SZ,BUY,2022-07-01,2022-07-04,400,400,0,0,400,58.11,59.15,5.92,0.0,0.24,24.0,30.16,FILLED,Top-K目标建仓/加仓,
ORD_000149,,601138.SH,BUY,2022-07-01,2022-07-04,2100,2100,0,0,2100,9.78,9.78,5.13,0.0,0.21,21.0,26.34,FILLED,Top-K目标建仓/加仓,
ORD_000150,,601077.SH,BUY,2022-07-01,2022-07-04,5700,5700,0,0,5700,3.68,3.69,5.26,0.0,0.21,0.0,5.47,FILLED,Top-K目标建仓/加仓,
ORD_000151,,601169.SH,BUY,2022-07-01,2022-07-04,6200,6200,0,0,6200,4.54,4.53,7.02,0.0,0.28,0.0,7.3,FILLED,Top-K目标建仓/加仓,
ORD_000152,,601618.SH,BUY,2022-07-01,2022-07-04,8000,8000,0,0,8000,3.53,3.53,7.06,0.0,0.28,0.0,7.34,FILLED,Top-K目标建仓/加仓,
ORD_000153,,002558.SZ,BUY,2022-07-01,2022-07-04,3100,3100,0,0,3100,8.94,8.94,6.93,0.0,0.28,31.0,38.21,FILLED,Top-K目标建仓/加仓,
ORD_000156,,000157.SZ,SELL,2022-07-05,2022-07-06,4300,4300,0,0,4300,6.34,6.29,6.76,27.05,0.27,43.0,77.08,FILLED,"触发跟踪止盈 (最高浮盈: 10.74%, 自高点回撤: 5.37%)",
ORD_000157,,603369.SH,SELL,2022-07-05,2022-07-06,500,500,0,0,500,48.8,48.59,6.07,24.3,0.24,25.0,55.61,FILLED,"触发跟踪止盈 (最高浮盈: 13.24%, 自高点回撤: 6.01%)",
ORD_000158,,002311.SZ,SELL,2022-07-12,2022-07-13,400,400,0,0,400,61.26,61.48,6.15,24.59,0.25,24.0,54.99,FILLED,"触发跟踪止盈 (最高浮盈: 9.52%, 自高点回撤: 5.43%)",
ORD_000159,,601881.SH,SELL,2022-07-15,2022-07-18,2200,2200,0,0,2200,8.59,8.6,5.0,18.92,0.19,22.0,46.11,FILLED,触发个股硬止损 (浮亏: -10.15% <= -8.0%),
ORD_000160,,601169.SH,SELL,2022-07-15,2022-07-18,6200,6200,0,0,6200,4.14,4.15,6.43,25.73,0.26,0.0,32.42,FILLED,触发个股硬止损 (浮亏: -8.61% <= -8.0%),
ORD_000161,,002558.SZ,SELL,2022-07-15,2022-07-18,3100,3100,0,0,3100,8.09,8.09,6.27,25.08,0.25,31.0,62.6,FILLED,触发个股硬止损 (浮亏: -9.51% <= -8.0%),
ORD_000162,,601698.SH,SELL,2022-07-29,2022-08-01,1800,1800,0,0,1800,11.18,11.16,5.02,20.09,0.2,18.0,43.31,FILLED,调仓剔除(掉出Top-K),
ORD_000163,,601077.SH,SELL,2022-07-29,2022-08-01,5700,5700,0,0,5700,3.58,3.58,5.1,20.41,0.2,0.0,25.71,FILLED,调仓剔除(掉出Top-K),
ORD_000164,,601618.SH,SELL,2022-07-29,2022-08-01,8000,8000,0,0,8000,3.26,3.27,6.54,26.16,0.26,0.0,32.96,FILLED,调仓剔除(掉出Top-K),
ORD_000165,,601138.SH,SELL,2022-07-29,2022-08-01,2100,2100,0,0,2100,10.05,10.02,5.26,21.04,0.21,21.0,47.51,FILLED,调仓剔除(掉出Top-K),
ORD_000166,,603993.SH,BUY,2022-07-29,2022-08-01,2200,2200,0,0,2200,5.39,5.35,5.0,0.0,0.12,22.0,27.12,FILLED,Top-K目标建仓/加仓,
ORD_000167,,603986.SH,BUY,2022-07-29,2022-08-01,100,100,0,0,100,118.27,117.43,5.0,0.0,0.12,12.0,17.12,FILLED,Top-K目标建仓/加仓,
ORD_000168,,603799.SH,BUY,2022-07-29,2022-08-01,100,100,0,0,100,84.37,85.97,5.0,0.0,0.09,9.0,14.09,FILLED,Top-K目标建仓/加仓,
ORD_000169,,603501.SH,BUY,2022-07-29,2022-08-01,100,100,0,0,100,105.19,104.36,5.0,0.0,0.1,10.0,15.1,FILLED,Top-K目标建仓/加仓,
ORD_000170,,603369.SH,BUY,2022-07-29,2022-08-01,800,800,0,0,800,43.77,46.05,9.21,0.0,0.37,40.0,49.58,FILLED,Top-K目标建仓/加仓,
ORD_000171,,603799.SH,SELL,2022-08-03,2022-08-04,100,100,0,0,100,84.5,84.67,5.0,8.47,0.08,8.0,21.55,FILLED,"触发跟踪止盈 (最高浮盈: 7.53%, 自高点回撤: 8.59%)",
ORD_000172,,603501.SH,SELL,2022-08-10,2022-08-11,100,100,0,0,100,110.95,111.29,5.0,11.13,0.11,11.0,27.24,FILLED,"触发跟踪止盈 (最高浮盈: 13.53%, 自高点回撤: 6.36%)",
ORD_000173,,603986.SH,SELL,2022-08-15,2022-08-16,100,100,0,0,100,124.79,124.75,5.0,12.47,0.12,12.0,29.59,FILLED,"触发跟踪止盈 (最高浮盈: 12.42%, 自高点回撤: 5.47%)",
ORD_000180,,603369.SH,SELL,2022-08-26,2022-08-29,200,200,0,0,200,45.9,45.45,5.0,9.09,0.09,10.0,24.18,FILLED,Top-K目标再平衡减仓,
ORD_000174,,688981.SH,BUY,2022-08-26,2022-08-29,300,300,0,0,300,40.27,40.04,5.0,0.0,0.12,12.0,17.12,FILLED,Top-K目标建仓/加仓,
ORD_000175,,000001.SZ,BUY,2022-08-26,2022-08-29,2400,2400,0,0,2400,12.61,12.51,7.51,0.0,0.3,24.0,31.81,FILLED,Top-K目标建仓/加仓,
ORD_000176,,000002.SZ,BUY,2022-08-26,2022-08-29,1900,1900,0,0,1900,15.83,15.76,7.49,0.0,0.3,38.0,45.79,FILLED,Top-K目标建仓/加仓,
ORD_000177,,688009.SH,BUY,2022-08-26,2022-08-29,3200,3200,0,0,3200,4.35,4.33,5.0,0.0,0.14,0.0,5.14,FILLED,Top-K目标建仓/加仓,
ORD_000178,,603993.SH,BUY,2022-08-26,2022-08-29,500,500,0,0,500,5.19,5.12,5.0,0.0,0.03,5.0,10.03,FILLED,Top-K目标建仓/加仓,
ORD_000179,,603986.SH,BUY,2022-08-26,2022-08-29,100,100,0,0,100,114.9,114.11,5.0,0.0,0.11,11.0,16.11,FILLED,Top-K目标建仓/加仓,
ORD_000181,,603369.SH,SELL,2022-09-05,2022-09-06,600,600,0,0,600,42.29,42.14,6.32,25.28,0.25,24.0,55.85,FILLED,触发个股硬止损 (浮亏: -8.17% <= -8.0%),
ORD_000182,,603993.SH,SELL,2022-09-16,2022-09-19,2700,2700,0,0,2700,4.85,4.86,5.0,13.12,0.13,0.0,18.25,FILLED,触发个股硬止损 (浮亏: -8.62% <= -8.0%),
ORD_000183,,603986.SH,SELL,2022-09-19,2022-09-20,100,100,0,0,100,104.55,105.39,5.0,10.54,0.11,11.0,26.65,FILLED,触发个股硬止损 (浮亏: -8.38% <= -8.0%),
ORD_000184,,000002.SZ,SELL,2022-09-20,2022-09-21,1900,1900,0,0,1900,17.56,17.73,8.42,33.69,0.34,38.0,80.45,FILLED,"触发跟踪止盈 (最高浮盈: 19.10%, 自高点回撤: 6.45%)",
ORD_000185,,688981.SH,SELL,2022-09-26,2022-09-27,300,300,0,0,300,37.47,37.46,5.0,11.24,0.11,12.0,28.35,FILLED,调仓剔除(掉出Top-K),
ORD_000186,,000001.SZ,SELL,2022-09-26,2022-09-27,2400,2400,0,0,2400,12.0,11.99,7.19,28.78,0.29,24.0,60.26,FILLED,调仓剔除(掉出Top-K),
ORD_000187,,688009.SH,SELL,2022-09-26,2022-09-27,3200,3200,0,0,3200,4.18,4.19,5.0,13.41,0.13,0.0,18.54,FILLED,调仓剔除(掉出Top-K),
ORD_000188,,300866.SZ,BUY,2022-09-26,2022-09-27,300,300,0,0,300,54.87,55.0,5.0,0.0,0.17,15.0,20.17,FILLED,Top-K目标建仓/加仓,
ORD_000189,,000657.SZ,BUY,2022-09-26,2022-09-27,2600,2600,0,0,2600,12.99,13.08,8.5,0.0,0.34,26.0,34.84,FILLED,Top-K目标建仓/加仓,
ORD_000190,,000708.SZ,BUY,2022-09-26,2022-09-27,1900,1900,0,0,1900,17.76,17.78,8.45,0.0,0.34,38.0,46.79,FILLED,Top-K目标建仓/加仓,
ORD_000191,,002916.SZ,BUY,2022-09-26,2022-09-27,200,200,0,0,200,76.9,76.78,5.0,0.0,0.15,16.0,21.15,FILLED,Top-K目标建仓/加仓,
ORD_000192,,002920.SZ,BUY,2022-09-26,2022-09-27,100,100,0,0,100,147.78,148.83,5.0,0.0,0.15,15.0,20.15,FILLED,Top-K目标建仓/加仓,
ORD_000193,,002463.SZ,BUY,2022-09-26,2022-09-27,3300,3300,0,0,3300,10.29,10.31,8.51,0.0,0.34,33.0,41.85,FILLED,Top-K目标建仓/加仓,
ORD_000194,,603392.SH,BUY,2022-09-26,2022-09-27,100,100,0,0,100,110.65,110.31,5.0,0.0,0.11,11.0,16.11,FILLED,Top-K目标建仓/加仓,
ORD_000195,,600415.SH,BUY,2022-09-26,2022-09-27,7800,7800,0,0,7800,4.48,4.45,8.68,0.0,0.35,0.0,9.03,FILLED,Top-K目标建仓/加仓,
ORD_000196,,603392.SH,SELL,2022-09-30,2022-10-10,100,100,0,0,100,114.4,115.17,5.0,11.52,0.12,12.0,28.64,FILLED,"触发跟踪止盈 (最高浮盈: 10.60%, 自高点回撤: 6.23%)",
ORD_000197,,300866.SZ,SELL,2022-10-10,2022-10-11,300,300,0,0,300,53.56,53.51,5.0,16.05,0.16,15.0,36.21,FILLED,"触发跟踪止盈 (最高浮盈: 5.78%, 自高点回撤: 7.94%)",
ORD_000198,,000657.SZ,SELL,2022-10-10,2022-10-11,2600,2600,0,0,2600,11.83,11.85,7.7,30.81,0.31,26.0,64.82,FILLED,触发个股硬止损 (浮亏: -9.56% <= -8.0%),
ORD_000199,,002920.SZ,SELL,2022-10-10,2022-10-11,100,100,0,0,100,127.33,130.49,5.0,13.05,0.13,13.0,31.18,FILLED,触发个股硬止损 (浮亏: -14.45% <= -8.0%),
ORD_000200,,000708.SZ,SELL,2022-10-28,2022-10-31,1900,1900,0,0,1900,16.05,15.98,7.59,30.36,0.3,38.0,76.25,FILLED,触发个股硬止损 (浮亏: -9.73% <= -8.0%),
ORD_000201,,002463.SZ,SELL,2022-10-28,2022-10-31,3300,3300,0,0,3300,10.61,10.51,8.67,34.68,0.35,33.0,76.7,FILLED,"触发跟踪止盈 (最高浮盈: 9.51%, 自高点回撤: 6.02%)",
ORD_000202,,600415.SH,SELL,2022-10-31,2022-11-01,7800,7800,0,0,7800,4.19,4.18,8.15,32.6,0.33,0.0,41.08,FILLED,调仓剔除(掉出Top-K),
ORD_000203,,002916.SZ,SELL,2022-10-31,2022-11-01,200,200,0,0,200,75.07,75.3,5.0,15.06,0.15,16.0,36.21,FILLED,调仓剔除(掉出Top-K),
ORD_000204,,300059.SZ,BUY,2022-10-31,2022-11-01,2200,2200,0,0,2200,15.61,15.63,8.6,0.0,0.34,44.0,52.94,FILLED,Top-K目标建仓/加仓,
ORD_000205,,002463.SZ,BUY,2022-10-31,2022-11-01,3100,3100,0,0,3100,10.89,10.91,8.46,0.0,0.34,31.0,39.8,FILLED,Top-K目标建仓/加仓,
ORD_000206,,002493.SZ,BUY,2022-10-31,2022-11-01,3200,3200,0,0,3200,10.7,10.71,8.57,0.0,0.34,32.0,40.91,FILLED,Top-K目标建仓/加仓,
ORD_000207,,601916.SH,BUY,2022-10-31,2022-11-01,12500,12500,0,0,12500,2.76,2.76,8.62,0.0,0.35,0.0,8.97,FILLED,Top-K目标建仓/加仓,
ORD_000208,,601800.SH,BUY,2022-10-31,2022-11-01,5100,5100,0,0,5100,6.69,6.7,8.54,0.0,0.34,51.0,59.88,FILLED,Top-K目标建仓/加仓,
ORD_000209,,300413.SZ,BUY,2022-10-31,2022-11-01,1500,1500,0,0,1500,21.93,21.92,8.22,0.0,0.33,30.0,38.55,FILLED,Top-K目标建仓/加仓,
ORD_000210,,603986.SH,BUY,2022-10-31,2022-11-01,400,400,0,0,400,82.27,82.98,8.3,0.0,0.33,32.0,40.63,FILLED,Top-K目标建仓/加仓,
ORD_000211,,000895.SZ,BUY,2022-10-31,2022-11-01,1500,1500,0,0,1500,22.78,22.81,8.55,0.0,0.34,30.0,38.89,FILLED,Top-K目标建仓/加仓,
ORD_000212,,300413.SZ,SELL,2022-11-03,2022-11-04,1500,1500,0,0,1500,23.61,23.68,8.88,35.52,0.36,30.0,74.76,FILLED,"触发跟踪止盈 (最高浮盈: 13.82%, 自高点回撤: 5.37%)",
ORD_000213,,002463.SZ,SELL,2022-11-09,2022-11-10,3100,3100,0,0,3100,12.51,12.34,9.56,38.25,0.38,31.0,79.19,FILLED,"触发跟踪止盈 (最高浮盈: 21.36%, 自高点回撤: 5.51%)",
ORD_000214,,603986.SH,SELL,2022-11-10,2022-11-11,400,400,0,0,400,86.77,89.91,8.99,35.96,0.36,36.0,81.31,FILLED,"触发跟踪止盈 (最高浮盈: 11.17%, 自高点回撤: 5.94%)",
ORD_000215,,300059.SZ,SELL,2022-11-18,2022-11-21,2200,2200,0,0,2200,18.2,17.98,9.89,39.56,0.4,44.0,93.85,FILLED,"触发跟踪止盈 (最高浮盈: 23.29%, 自高点回撤: 5.55%)",
ORD_000216,,601916.SH,SELL,2022-11-28,2022-11-29,12500,12500,0,0,12500,2.96,2.97,9.28,37.12,0.37,0.0,46.77,FILLED,"触发跟踪止盈 (最高浮盈: 15.22%, 自高点回撤: 6.92%)",
ORD_000217,,601800.SH,SELL,2022-11-28,2022-11-29,5100,5100,0,0,5100,8.76,8.8,11.22,44.88,0.45,51.0,107.55,FILLED,"触发跟踪止盈 (最高浮盈: 38.81%, 自高点回撤: 5.81%)",
ORD_000218,,000895.SZ,SELL,2022-11-28,2022-11-29,1500,1500,0,0,1500,25.0,25.17,9.44,37.76,0.38,45.0,92.58,FILLED,调仓剔除(掉出Top-K),
ORD_000225,,002493.SZ,SELL,2022-11-28,2022-11-29,300,300,0,0,300,12.29,12.29,5.0,3.69,0.04,3.0,11.73,FILLED,Top-K目标再平衡减仓,
ORD_000219,,300059.SZ,BUY,2022-11-28,2022-11-29,2000,2000,0,0,2000,17.46,17.62,8.81,0.0,0.35,40.0,49.16,FILLED,Top-K目标建仓/加仓,
ORD_000220,,000988.SZ,BUY,2022-11-28,2022-11-29,2000,2000,0,0,2000,17.2,17.21,8.61,0.0,0.34,40.0,48.95,FILLED,Top-K目标建仓/加仓,
ORD_000221,,002236.SZ,BUY,2022-11-28,2022-11-29,3000,3000,0,0,3000,11.59,11.59,8.69,0.0,0.35,30.0,39.04,FILLED,Top-K目标建仓/加仓,
ORD_000222,,002050.SZ,BUY,2022-11-28,2022-11-29,1600,1600,0,0,1600,22.18,21.92,8.77,0.0,0.35,32.0,41.12,FILLED,Top-K目标建仓/加仓,
ORD_000223,,000657.SZ,BUY,2022-11-28,2022-11-29,2400,2400,0,0,2400,14.92,14.93,8.96,0.0,0.36,24.0,33.32,FILLED,Top-K目标建仓/加仓,
ORD_000224,,601995.SH,BUY,2022-11-28,2022-11-29,900,900,0,0,900,38.12,38.27,8.61,0.0,0.34,36.0,44.95,FILLED,Top-K目标建仓/加仓,
ORD_000226,,600015.SH,BUY,2022-11-28,2022-11-29,7000,7000,0,0,7000,5.09,5.11,8.94,0.0,0.36,70.0,79.3,FILLED,Top-K目标建仓/加仓,
ORD_000227,,000657.SZ,SELL,2022-12-09,2022-12-12,2400,2400,0,0,2400,16.08,16.05,9.63,38.52,0.39,48.0,96.54,FILLED,"触发跟踪止盈 (最高浮盈: 13.73%, 自高点回撤: 5.30%)",
ORD_000228,,002493.SZ,SELL,2022-12-15,2022-12-16,2900,2900,0,0,2900,12.65,12.64,9.16,36.66,0.37,29.0,75.19,FILLED,"触发跟踪止盈 (最高浮盈: 25.49%, 自高点回撤: 5.88%)",
ORD_000229,,300059.SZ,SELL,2022-12-15,2022-12-16,2000,2000,0,0,2000,19.69,19.56,9.78,39.12,0.39,40.0,89.29,FILLED,"触发跟踪止盈 (最高浮盈: 17.71%, 自高点回撤: 5.06%)",
ORD_000230,,000988.SZ,SELL,2022-12-19,2022-12-20,2000,2000,0,0,2000,17.04,16.98,8.49,33.96,0.34,40.0,82.79,FILLED,"触发跟踪止盈 (最高浮盈: 5.11%, 自高点回撤: 5.80%)",
ORD_000231,,002236.SZ,SELL,2022-12-19,2022-12-20,3000,3000,0,0,3000,11.84,11.92,8.94,35.76,0.36,30.0,75.06,FILLED,"触发跟踪止盈 (最高浮盈: 9.84%, 自高点回撤: 6.99%)",
ORD_000232,,601995.SH,SELL,2022-12-19,2022-12-20,900,900,0,0,900,37.57,37.56,8.45,33.8,0.34,36.0,78.59,FILLED,"触发跟踪止盈 (最高浮盈: 6.06%, 自高点回撤: 7.44%)",
ORD_000233,,002050.SZ,SELL,2022-12-22,2022-12-23,1600,1600,0,0,1600,22.49,22.27,8.91,35.63,0.36,32.0,76.9,FILLED,"触发跟踪止盈 (最高浮盈: 8.94%, 自高点回撤: 5.82%)",
ORD_000234_P6200,ORD_000234,600015.SH,SELL,2022-12-23,2022-12-26,7000,6200,800,0,6200,5.12,5.12,7.94,31.74,0.32,62.0,102.0,PARTIALLY_FILLED,"触发跟踪止盈 (最高浮盈: 5.87%, 自高点回撤: 5.36%)",
ORD_000234,,600015.SH,SELL,2022-12-23,2022-12-27,7000,7000,0,0,800,5.12,5.13,5.0,4.1,0.04,8.0,17.14,FILLED,"触发跟踪止盈 (最高浮盈: 5.87%, 自高点回撤: 5.36%)",
ORD_000235,,603799.SH,BUY,2022-12-26,2022-12-27,500,500,0,0,500,58.08,58.55,7.32,0.0,0.29,30.0,37.61,FILLED,Top-K目标建仓/加仓,
ORD_000236,,300251.SZ,BUY,2022-12-26,2022-12-27,3700,3700,0,0,3700,8.55,8.61,7.96,0.0,0.32,37.0,45.28,FILLED,Top-K目标建仓/加仓,
ORD_000237,,601872.SH,BUY,2022-12-26,2022-12-27,5600,5600,0,0,5600,5.68,5.71,7.99,0.0,0.32,56.0,64.31,FILLED,Top-K目标建仓/加仓,
ORD_000238_P3100,ORD_000238,601825.SH,BUY,2022-12-26,2022-12-27,5500,3100,2400,0,3100,5.75,5.76,5.0,0.0,0.18,31.0,36.18,PARTIALLY_FILLED,Top-K目标建仓/加仓,
ORD_000239,,002460.SZ,BUY,2022-12-26,2022-12-27,400,400,0,0,400,73.43,73.59,7.36,0.0,0.29,28.0,35.65,FILLED,Top-K目标建仓/加仓,
ORD_000240,,002384.SZ,BUY,2022-12-26,2022-12-27,1300,1300,0,0,1300,24.3,24.38,7.92,0.0,0.32,26.0,34.24,FILLED,Top-K目标建仓/加仓,
ORD_000241,,002353.SZ,BUY,2022-12-26,2022-12-27,1100,1100,0,0,1100,29.0,29.03,7.98,0.0,0.32,33.0,41.3,FILLED,Top-K目标建仓/加仓,
ORD_000242,,002241.SZ,BUY,2022-12-26,2022-12-27,1800,1800,0,0,1800,17.35,17.37,7.82,0.0,0.31,36.0,44.13,FILLED,Top-K目标建仓/加仓,
ORD_000238,,601825.SH,BUY,2022-12-26,2022-12-28,5500,5500,0,0,2400,5.75,5.77,5.0,0.0,0.14,24.0,29.14,FILLED,Top-K目标建仓/加仓,
ORD_000243,,002384.SZ,SELL,2023-01-04,2023-01-05,1300,1300,0,0,1300,22.38,22.36,7.27,29.07,0.29,26.0,62.63,FILLED,触发个股硬止损 (浮亏: -8.20% <= -8.0%),
ORD_000244,,300251.SZ,SELL,2023-01-06,2023-01-09,3700,3700,0,0,3700,8.93,8.99,8.32,33.26,0.33,37.0,78.91,FILLED,"触发跟踪止盈 (最高浮盈: 10.57%, 自高点回撤: 6.20%)",
ORD_000245,,002241.SZ,SELL,2023-01-11,2023-01-12,1800,1800,0,0,1800,17.88,17.97,8.09,32.35,0.32,36.0,76.76,FILLED,"触发跟踪止盈 (最高浮盈: 9.15%, 自高点回撤: 5.70%)",
ORD_000246_P4400,ORD_000246,601825.SH,SELL,2023-01-31,2023-02-01,5500,4400,1100,0,4400,5.91,5.9,6.49,25.96,0.26,44.0,76.71,PARTIALLY_FILLED,调仓剔除(掉出Top-K),
ORD_000247,,601872.SH,SELL,2023-01-31,2023-02-01,5600,5600,0,0,5600,6.39,6.4,8.96,35.84,0.36,56.0,101.16,FILLED,调仓剔除(掉出Top-K),
ORD_000248,,002353.SZ,SELL,2023-01-31,2023-02-01,1100,1100,0,0,1100,32.36,32.35,8.9,35.59,0.36,33.0,77.85,FILLED,调仓剔除(掉出Top-K),
ORD_000249,,002460.SZ,SELL,2023-01-31,2023-02-01,400,400,0,0,400,78.83,79.43,7.94,31.77,0.32,32.0,72.03,FILLED,调仓剔除(掉出Top-K),
ORD_000250,,603799.SH,SELL,2023-01-31,2023-02-01,500,500,0,0,500,65.73,65.67,8.21,32.84,0.33,35.0,76.38,FILLED,调仓剔除(掉出Top-K),
ORD_000251,,601878.SH,BUY,2023-01-31,2023-02-01,1600,1600,0,0,1600,10.63,10.69,5.0,0.0,0.17,16.0,21.17,FILLED,Top-K目标建仓/加仓,
ORD_000252,,601818.SH,BUY,2023-01-31,2023-02-01,11900,11900,0,0,11900,3.07,3.07,9.13,0.0,0.37,0.0,9.5,FILLED,Top-K目标建仓/加仓,
ORD_000253,,600803.SH,BUY,2023-01-31,2023-02-01,2000,2000,0,0,2000,18.06,18.08,9.04,0.0,0.36,40.0,49.4,FILLED,Top-K目标建仓/加仓,
ORD_000254,,600025.SH,BUY,2023-01-31,2023-02-01,2600,2600,0,0,2600,6.68,6.69,5.0,0.0,0.17,26.0,31.17,FILLED,Top-K目标建仓/加仓,
ORD_000255,,601138.SH,BUY,2023-01-31,2023-02-01,1800,1800,0,0,1800,9.51,9.55,5.0,0.0,0.17,18.0,23.17,FILLED,Top-K目标建仓/加仓,
ORD_000256,,003816.SZ,BUY,2023-01-31,2023-02-01,6500,6500,0,0,6500,2.71,2.71,5.0,0.0,0.18,0.0,5.18,FILLED,Top-K目标建仓/加仓,
ORD_000257,,600016.SH,BUY,2023-01-31,2023-02-01,10500,10500,0,0,10500,3.49,3.49,9.16,0.0,0.37,0.0,9.53,FILLED,Top-K目标建仓/加仓,
ORD_000258,,601838.SH,BUY,2023-01-31,2023-02-01,1200,1200,0,0,1200,14.52,14.54,5.0,0.0,0.17,12.0,17.17,FILLED,Top-K目标建仓/加仓,
ORD_000246,,601825.SH,SELL,2023-01-31,2023-02-02,5500,5500,0,0,1100,5.91,5.93,5.0,6.52,0.07,11.0,22.59,FILLED,调仓剔除(掉出Top-K),
ORD_000259,,601838.SH,SELL,2023-02-17,2023-02-20,1200,1200,0,0,1200,13.25,13.79,5.0,16.55,0.17,12.0,33.72,FILLED,触发个股硬止损 (浮亏: -8.87% <= -8.0%),
ORD_000260,,601138.SH,SELL,2023-02-23,2023-02-24,1800,1800,0,0,1800,9.7,9.65,5.0,17.37,0.17,18.0,40.54,FILLED,"触发跟踪止盈 (最高浮盈: 7.02%, 自高点回撤: 5.09%)",
ORD_000261,,600016.SH,SELL,2023-02-28,2023-03-01,10500,10500,0,0,10500,3.41,3.41,8.95,35.8,0.36,0.0,45.11,FILLED,调仓剔除(掉出Top-K),
ORD_000262,,600803.SH,SELL,2023-02-28,2023-03-01,2000,2000,0,0,2000,19.31,19.38,9.69,38.76,0.39,40.0,88.84,FILLED,调仓剔除(掉出Top-K),
ORD_000263,,003816.SZ,SELL,2023-02-28,2023-03-01,6500,6500,0,0,6500,2.73,2.73,5.0,17.75,0.18,0.0,22.93,FILLED,调仓剔除(掉出Top-K),
ORD_000272,,601818.SH,SELL,2023-02-28,2023-03-01,1000,1000,0,0,1000,2.98,2.98,5.0,2.98,0.03,0.0,8.01,FILLED,Top-K目标再平衡减仓,
ORD_000264,,601998.SH,BUY,2023-02-28,2023-03-01,6600,6600,0,0,6600,4.92,4.93,8.13,0.0,0.33,0.0,8.46,FILLED,Top-K目标建仓/加仓,
ORD_000265,,601878.SH,BUY,2023-02-28,2023-03-01,500,500,0,0,500,10.32,10.3,5.0,0.0,0.05,5.0,10.05,FILLED,Top-K目标建仓/加仓,
ORD_000266,,601898.SH,BUY,2023-02-28,2023-03-01,3700,3700,0,0,3700,8.77,8.76,8.1,0.0,0.32,37.0,45.42,FILLED,Top-K目标建仓/加仓,
ORD_000267,,600025.SH,BUY,2023-02-28,2023-03-01,500,500,0,0,500,7.1,7.12,5.0,0.0,0.04,5.0,10.04,FILLED,Top-K目标建仓/加仓,
ORD_000268,,600219.SH,BUY,2023-02-28,2023-03-01,9000,9000,0,0,9000,3.61,3.61,8.12,0.0,0.32,0.0,8.44,FILLED,Top-K目标建仓/加仓,
ORD_000269,,601319.SH,BUY,2023-02-28,2023-03-01,4200,4200,0,0,4200,5.22,5.23,5.49,0.0,0.22,42.0,47.71,FILLED,Top-K目标建仓/加仓,
ORD_000270,,002202.SZ,BUY,2023-02-28,2023-03-01,2800,2800,0,0,2800,11.36,11.35,7.95,0.0,0.32,28.0,36.27,FILLED,Top-K目标建仓/加仓,
ORD_000271,,601881.SH,BUY,2023-02-28,2023-03-01,2200,2200,0,0,2200,9.62,9.64,5.3,0.0,0.21,22.0,27.51,FILLED,Top-K目标建仓/加仓,
ORD_000273,,601878.SH,SELL,2023-03-01,2023-03-02,2100,2100,0,0,2100,10.41,10.41,5.47,21.86,0.22,21.0,48.55,FILLED,"触发跟踪止盈 (最高浮盈: 5.22%, 自高点回撤: 6.64%)",
ORD_000274,,601319.SH,SELL,2023-03-09,2023-03-10,4200,4200,0,0,4200,5.22,5.19,5.45,21.8,0.22,42.0,69.47,FILLED,"触发跟踪止盈 (最高浮盈: 5.16%, 自高点回撤: 5.09%)",
ORD_000275,,601881.SH,SELL,2023-03-09,2023-03-10,2200,2200,0,0,2200,9.74,9.61,5.29,21.14,0.21,22.0,48.64,FILLED,"触发跟踪止盈 (最高浮盈: 7.16%, 自高点回撤: 5.71%)",
ORD_000276,,601998.SH,SELL,2023-03-10,2023-03-13,6600,6600,0,0,6600,5.08,5.06,8.35,33.4,0.33,66.0,108.08,FILLED,"触发跟踪止盈 (最高浮盈: 8.92%, 自高点回撤: 5.40%)",
ORD_000277,,600025.SH,SELL,2023-03-21,2023-03-22,3100,3100,0,0,3100,7.08,7.1,5.5,22.01,0.22,31.0,58.73,FILLED,"触发跟踪止盈 (最高浮盈: 10.51%, 自高点回撤: 5.22%)",
ORD_000278,,002202.SZ,SELL,2023-03-28,2023-03-29,2800,2800,0,0,2800,11.12,11.09,7.76,31.05,0.31,28.0,67.12,FILLED,调仓剔除(掉出Top-K),
ORD_000279,,601818.SH,SELL,2023-03-28,2023-03-29,10900,10900,0,0,10900,3.03,3.03,8.26,33.03,0.33,0.0,41.62,FILLED,调仓剔除(掉出Top-K),
ORD_000280,,600219.SH,SELL,2023-03-28,2023-03-29,9000,9000,0,0,9000,3.41,3.42,7.7,30.78,0.31,0.0,38.79,FILLED,调仓剔除(掉出Top-K),
ORD_000281_P200,ORD_000281,688506.SH,BUY,2023-03-28,2023-03-29,800,200,600,0,200,66.8,67.87,5.0,0.0,0.14,14.0,19.14,PARTIALLY_FILLED,Top-K目标建仓/加仓,
ORD_000282,,000001.SZ,BUY,2023-03-28,2023-03-29,8100,8100,0,0,8100,12.64,12.74,25.8,0.0,1.03,81.0,107.83,FILLED,Top-K目标建仓/加仓,
ORD_000283,,688396.SH,BUY,2023-03-28,2023-03-29,900,900,0,0,900,59.4,59.59,13.41,0.0,0.54,54.0,67.95,FILLED,Top-K目标建仓/加仓,
ORD_000284,,000063.SZ,BUY,2023-03-28,2023-03-29,2900,2900,0,0,2900,34.8,34.91,25.31,0.0,1.01,87.0,113.32,FILLED,Top-K目标建仓/加仓,
ORD_000285,,605117.SH,BUY,2023-03-28,2023-03-29,200,200,0,0,200,251.6,251.25,12.56,0.0,0.5,50.0,63.06,FILLED,Top-K目标建仓/加仓,
ORD_000286,,603799.SH,BUY,2023-03-28,2023-03-29,1000,1000,0,0,1000,54.49,54.26,13.56,0.0,0.54,50.0,64.1,FILLED,Top-K目标建仓/加仓,
ORD_000287,,603392.SH,BUY,2023-03-28,2023-03-29,400,400,0,0,400,116.76,116.87,11.69,0.0,0.47,48.0,60.16,FILLED,Top-K目标建仓/加仓,
ORD_000288,,603288.SH,BUY,2023-03-28,2023-03-29,1300,1300,0,0,1300,74.94,76.18,24.76,0.0,0.99,104.0,129.75,FILLED,Top-K目标建仓/加仓,
ORD_000289,,601898.SH,BUY,2023-03-28,2023-03-29,8900,8900,0,0,8900,8.14,8.17,18.18,0.0,0.73,89.0,107.91,FILLED,Top-K目标建仓/加仓,
ORD_000290,,601898.SH,SELL,2023-03-29,2023-03-30,12600,12600,0,0,12600,7.99,8.0,25.2,100.8,1.01,126.0,253.01,FILLED,"触发跟踪止盈 (最高浮盈: 9.07%, 自高点回撤: 12.20%)",
ORD_000281_P600,ORD_000281,688506.SH,BUY,2023-03-28,2023-03-30,800,600,200,0,400,66.8,69.0,6.9,0.0,0.28,28.0,35.18,PARTIALLY_FILLED,Top-K目标建仓/加仓,
ORD_000291,,000063.SZ,SELL,2023-03-30,2023-03-31,2900,2900,0,0,2900,31.6,32.09,23.27,93.06,0.93,87.0,204.26,FILLED,触发个股硬止损 (浮亏: -9.48% <= -8.0%),
ORD_000281,,688506.SH,BUY,2023-03-28,2023-03-31,800,800,0,0,200,66.8,66.37,5.0,0.0,0.13,14.0,19.13,FILLED,Top-K目标建仓/加仓,
ORD_000292,,605117.SH,SELL,2023-04-04,2023-04-06,200,200,0,0,200,249.8,248.75,12.44,49.75,0.5,50.0,112.69,FILLED,"触发跟踪止盈 (最高浮盈: 5.98%, 自高点回撤: 6.19%)",
ORD_000293,,688506.SH,SELL,2023-04-11,2023-04-12,800,800,0,0,800,82.04,80.88,16.18,64.7,0.65,64.0,145.53,FILLED,"触发跟踪止盈 (最高浮盈: 32.94%, 自高点回撤: 9.33%)",
ORD_000294,,688396.SH,SELL,2023-04-13,2023-04-14,900,900,0,0,900,60.94,61.24,13.78,55.12,0.55,54.0,123.45,FILLED,"触发跟踪止盈 (最高浮盈: 10.89%, 自高点回撤: 7.78%)",
ORD_000295,,603799.SH,SELL,2023-04-21,2023-04-24,1000,1000,0,0,1000,53.51,53.5,13.38,53.5,0.54,50.0,117.42,FILLED,"触发跟踪止盈 (最高浮盈: 5.38%, 自高点回撤: 6.42%)",
ORD_000296,,603392.SH,SELL,2023-04-21,2023-04-24,400,400,0,0,400,106.9,107.69,10.77,43.08,0.43,44.0,98.28,FILLED,触发个股硬止损 (浮亏: -8.53% <= -8.0%),
ORD_000297,,603288.SH,SELL,2023-04-26,2023-04-27,1300,1300,0,0,1300,68.44,68.61,22.3,89.19,0.89,91.0,203.38,FILLED,触发个股硬止损 (浮亏: -10.16% <= -8.0%),
ORD_000298,,688396.SH,BUY,2023-04-26,2023-04-27,800,800,0,0,800,55.92,55.94,11.19,0.0,0.45,48.0,59.64,FILLED,Top-K目标建仓/加仓,
ORD_000299,,000001.SZ,BUY,2023-04-26,2023-04-27,200,200,0,0,200,12.12,12.07,5.0,0.0,0.02,2.0,7.02,FILLED,Top-K目标建仓/加仓,
ORD_000300,,688303.SH,BUY,2023-04-26,2023-04-27,1000,1000,0,0,1000,45.18,45.24,11.31,0.0,0.45,50.0,61.76,FILLED,Top-K目标建仓/加仓,
ORD_000301,,605117.SH,BUY,2023-04-26,2023-04-27,100,100,0,0,100,265.08,272.77,6.82,0.0,0.27,27.0,34.09,FILLED,Top-K目标建仓/加仓,
ORD_000302,,603893.SH,BUY,2023-04-26,2023-04-27,600,600,0,0,600,72.32,72.39,10.86,0.0,0.43,42.0,53.29,FILLED,Top-K目标建仓/加仓,
ORD_000303,,603799.SH,BUY,2023-04-26,2023-04-27,900,900,0,0,900,50.3,50.05,11.26,0.0,0.45,45.0,56.71,FILLED,Top-K目标建仓/加仓,
ORD_000304,,603392.SH,BUY,2023-04-26,2023-04-27,400,400,0,0,400,105.6,105.71,10.57,0.0,0.42,44.0,54.99,FILLED,Top-K目标建仓/加仓,
ORD_000305,,603369.SH,BUY,2023-04-26,2023-04-27,1700,1700,0,0,1700,58.53,58.07,24.68,0.0,0.99,102.0,127.67,FILLED,Top-K目标建仓/加仓,
ORD_000306,,688303.SH,SELL,2023-04-28,2023-05-04,1000,1000,0,0,1000,41.4,40.76,10.19,40.76,0.41,40.0,91.36,FILLED,触发个股硬止损 (浮亏: -8.49% <= -8.0%),
ORD_000307,,605117.SH,SELL,2023-05-05,2023-05-08,100,100,0,0,100,250.5,250.13,6.25,25.01,0.25,25.0,56.51,FILLED,触发个股硬止损 (浮亏: -8.16% <= -8.0%),
ORD_000308,,000001.SZ,SELL,2023-05-10,2023-05-11,8300,8300,0,0,8300,12.84,12.94,26.85,107.4,1.07,83.0,218.32,FILLED,"触发跟踪止盈 (最高浮盈: 6.89%, 自高点回撤: 5.59%)",
ORD_000309,,603369.SH,SELL,2023-05-11,2023-05-12,1700,1700,0,0,1700,58.72,58.66,24.93,99.72,1.0,102.0,227.65,FILLED,"触发跟踪止盈 (最高浮盈: 7.03%, 自高点回撤: 5.52%)",
ORD_000310,,603799.SH,SELL,2023-05-19,2023-05-22,900,900,0,0,900,51.18,51.09,11.5,45.98,0.46,45.0,102.94,FILLED,"触发跟踪止盈 (最高浮盈: 8.27%, 自高点回撤: 5.55%)",
ORD_000311,,688396.SH,SELL,2023-05-22,2023-05-23,800,800,0,0,800,58.12,57.94,11.59,46.35,0.46,48.0,106.4,FILLED,"触发跟踪止盈 (最高浮盈: 9.94%, 自高点回撤: 5.50%)",
ORD_000312,,603893.SH,SELL,2023-05-24,2023-05-25,600,600,0,0,600,80.79,80.31,12.05,48.19,0.48,48.0,108.72,FILLED,"触发跟踪止盈 (最高浮盈: 18.87%, 自高点回撤: 6.11%)",
ORD_000313,,603392.SH,SELL,2023-05-26,2023-05-29,400,400,0,0,400,95.14,95.04,9.5,38.02,0.38,40.0,87.9,FILLED,触发个股硬止损 (浮亏: -10.00% <= -8.0%),
ORD_000314,,688981.SH,BUY,2023-05-29,2023-05-30,1300,1300,0,0,1300,52.6,52.24,16.98,0.0,0.68,65.0,82.66,FILLED,Top-K目标建仓/加仓,
ORD_000315,,000001.SZ,BUY,2023-05-29,2023-05-30,9500,9500,0,0,9500,11.98,11.99,28.48,0.0,1.14,95.0,124.62,FILLED,Top-K目标建仓/加仓,
ORD_000316,,000002.SZ,BUY,2023-05-29,2023-05-30,8100,8100,0,0,8100,14.03,14.0,28.35,0.0,1.13,81.0,110.48,FILLED,Top-K目标建仓/加仓,
ORD_000317,,688521.SH,BUY,2023-05-29,2023-05-30,700,700,0,0,700,88.09,87.59,15.33,0.0,0.61,63.0,78.94,FILLED,Top-K目标建仓/加仓,
ORD_000318,,000100.SZ,BUY,2023-05-29,2023-05-30,30600,30600,0,0,30600,3.72,3.68,28.15,0.0,1.13,0.0,29.28,FILLED,Top-K目标建仓/加仓,
ORD_000319,,000157.SZ,BUY,2023-05-29,2023-05-30,18300,18300,0,0,18300,6.2,6.26,28.64,0.0,1.15,183.0,212.79,FILLED,Top-K目标建仓/加仓,
ORD_000320,,688009.SH,BUY,2023-05-29,2023-05-30,11700,11700,0,0,11700,5.8,5.87,17.17,0.0,0.69,117.0,134.86,FILLED,Top-K目标建仓/加仓,
ORD_000321,,688008.SH,BUY,2023-05-29,2023-05-30,1000,1000,0,0,1000,62.92,61.86,15.46,0.0,0.62,60.0,76.08,FILLED,Top-K目标建仓/加仓,
ORD_000322,,688521.SH,SELL,2023-06-05,2023-06-06,700,700,0,0,700,86.31,85.91,15.03,60.14,0.6,63.0,138.77,FILLED,"触发跟踪止盈 (最高浮盈: 6.59%, 自高点回撤: 7.55%)",
ORD_000323,,688981.SH,SELL,2023-06-12,2023-06-13,1300,1300,0,0,1300,52.87,53.04,17.24,68.95,0.69,65.0,151.88,FILLED,"触发跟踪止盈 (最高浮盈: 7.25%, 自高点回撤: 5.64%)",
ORD_000324,,000002.SZ,SELL,2023-06-19,2023-06-20,8100,8100,0,0,8100,14.19,14.19,28.73,114.94,1.15,81.0,225.82,FILLED,"触发跟踪止盈 (最高浮盈: 7.07%, 自高点回撤: 5.34%)",
ORD_000325,,688008.SH,SELL,2023-06-26,2023-06-27,1000,1000,0,0,1000,56.0,56.49,14.12,56.49,0.56,60.0,131.17,FILLED,触发个股硬止损 (浮亏: -9.47% <= -8.0%),
ORD_000326,,000100.SZ,SELL,2023-06-27,2023-06-28,30600,30600,0,0,30600,3.76,3.78,28.92,115.67,1.16,0.0,145.75,FILLED,"触发跟踪止盈 (最高浮盈: 7.88%, 自高点回撤: 5.29%)",
ORD_000328,,000001.SZ,SELL,2023-06-28,2023-06-29,600,600,0,0,600,11.3,11.28,5.0,6.77,0.07,6.0,17.84,FILLED,Top-K目标再平衡减仓,
ORD_000332,,000157.SZ,SELL,2023-06-28,2023-06-29,3200,3200,0,0,3200,6.68,6.73,5.38,21.54,0.22,32.0,59.14,FILLED,Top-K目标再平衡减仓,
ORD_000327,,688981.SH,BUY,2023-06-28,2023-06-29,1900,1900,0,0,1900,51.72,51.28,24.36,0.0,0.97,95.0,120.33,FILLED,Top-K目标建仓/加仓,
ORD_000329,,000002.SZ,BUY,2023-06-28,2023-06-29,7100,7100,0,0,7100,14.22,14.2,25.21,0.0,1.01,71.0,97.22,FILLED,Top-K目标建仓/加仓,
ORD_000330,,000063.SZ,BUY,2023-06-28,2023-06-29,2300,2300,0,0,2300,42.6,42.59,24.49,0.0,0.98,92.0,117.47,FILLED,Top-K目标建仓/加仓,
ORD_000331,,000100.SZ,BUY,2023-06-28,2023-06-29,26300,26300,0,0,26300,3.84,3.82,25.12,0.0,1.0,0.0,26.12,FILLED,Top-K目标建仓/加仓,
ORD_000333_P16800,ORD_000333,000166.SZ,BUY,2023-06-28,2023-06-29,22500,16800,5700,0,16800,4.49,4.49,18.86,0.0,0.75,0.0,19.61,PARTIALLY_FILLED,Top-K目标建仓/加仓,
ORD_000334,,000301.SZ,BUY,2023-06-28,2023-06-29,8700,8700,0,0,8700,11.53,11.54,25.1,0.0,1.0,87.0,113.1,FILLED,Top-K目标建仓/加仓,
ORD_000335,,688009.SH,BUY,2023-06-28,2023-06-29,5900,5900,0,0,5900,5.73,5.73,8.45,0.0,0.34,59.0,67.79,FILLED,Top-K目标建仓/加仓,
ORD_000336_P8000,ORD_000336,688009.SH,SELL,2023-06-29,2023-06-30,17600,8000,9600,0,8000,5.79,5.81,11.62,46.48,0.46,80.0,138.56,PARTIALLY_FILLED,"触发跟踪止盈 (最高浮盈: 5.27%, 自高点回撤: 5.55%)",
ORD_000333,,000166.SZ,BUY,2023-06-28,2023-06-30,22500,22500,0,0,5700,4.49,4.53,6.46,0.0,0.26,0.0,6.72,FILLED,Top-K目标建仓/加仓,
ORD_000336,,688009.SH,SELL,2023-06-29,2023-07-03,17600,17600,0,0,9600,5.79,5.82,13.97,55.87,0.56,96.0,166.4,FILLED,"触发跟踪止盈 (最高浮盈: 5.27%, 自高点回撤: 5.55%)",
ORD_000337,,000063.SZ,SELL,2023-07-05,2023-07-06,2300,2300,0,0,2300,43.64,43.06,24.76,99.04,0.99,92.0,216.79,FILLED,"触发跟踪止盈 (最高浮盈: 9.77%, 自高点回撤: 6.65%)",
ORD_000338,,000157.SZ,SELL,2023-07-21,2023-07-24,15100,15100,0,0,15100,6.62,6.67,25.18,100.72,1.01,151.0,277.91,FILLED,"触发跟踪止盈 (最高浮盈: 13.74%, 自高点回撤: 7.02%)",
ORD_000339,,000100.SZ,SELL,2023-07-21,2023-07-24,26300,26300,0,0,26300,4.26,4.27,28.08,112.3,1.12,0.0,141.5,FILLED,"触发跟踪止盈 (最高浮盈: 18.59%, 自高点回撤: 5.96%)",
ORD_000340,,000301.SZ,SELL,2023-07-24,2023-07-25,8700,8700,0,0,8700,11.58,11.69,25.43,101.7,1.02,87.0,215.15,FILLED,"触发跟踪止盈 (最高浮盈: 5.63%, 自高点回撤: 5.00%)",
ORD_000341,,000002.SZ,SELL,2023-07-26,2023-07-27,7100,7100,0,0,7100,14.87,14.72,26.13,104.51,1.05,71.0,202.69,FILLED,调仓剔除(掉出Top-K),
ORD_000342,,688981.SH,SELL,2023-07-26,2023-07-27,1900,1900,0,0,1900,50.15,49.96,23.73,94.92,0.95,95.0,214.6,FILLED,调仓剔除(掉出Top-K),
ORD_000343_P21500,ORD_000343,000166.SZ,SELL,2023-07-26,2023-07-27,22500,21500,1000,0,21500,4.83,4.84,26.02,104.06,1.04,0.0,131.12,PARTIALLY_FILLED,调仓剔除(掉出Top-K),
ORD_000344,,000001.SZ,SELL,2023-07-26,2023-07-27,8900,8900,0,0,8900,11.67,11.67,25.97,103.86,1.04,89.0,219.87,FILLED,调仓剔除(掉出Top-K),
ORD_000345_P5400,ORD_000345,601018.SH,BUY,2023-07-26,2023-07-27,33500,5400,28100,0,5400,3.49,3.49,5.0,0.0,0.19,0.0,5.19,PARTIALLY_FILLED,Top-K目标建仓/加仓,
ORD_000346,,002532.SZ,BUY,2023-07-26,2023-07-27,17400,17400,0,0,17400,6.73,6.76,29.41,0.0,1.18,174.0,204.59,FILLED,Top-K目标建仓/加仓,
ORD_000347_P3900,ORD_000347,601607.SH,BUY,2023-07-26,2023-07-27,5600,3900,1700,0,3900,20.78,20.92,20.4,0.0,0.82,78.0,99.22,PARTIALLY_FILLED,Top-K目标建仓/加仓,
ORD_000348_P7100,ORD_000348,002202.SZ,BUY,2023-07-26,2023-07-27,10700,7100,3600,0,7100,10.94,10.91,19.37,0.0,0.77,71.0,91.14,PARTIALLY_FILLED,Top-K目标建仓/加仓,
ORD_000349_P29100,ORD_000349,600219.SH,BUY,2023-07-26,2023-07-27,37000,29100,7900,0,29100,3.16,3.17,23.06,0.0,0.92,0.0,23.98,PARTIALLY_FILLED,Top-K目标建仓/加仓,
ORD_000350,,600183.SH,BUY,2023-07-26,2023-07-27,7300,7300,0,0,7300,15.96,15.97,29.15,0.0,1.17,146.0,176.32,FILLED,Top-K目标建仓/加仓,
ORD_000351_P12200,ORD_000351,600015.SH,BUY,2023-07-26,2023-07-27,20900,12200,8700,0,12200,5.59,5.61,17.11,0.0,0.68,122.0,139.79,PARTIALLY_FILLED,Top-K目标建仓/加仓,
ORD_000352_P1900,ORD_000352,001965.SZ,BUY,2023-07-26,2023-07-27,12800,1900,10900,0,1900,9.1,9.1,5.0,0.0,0.17,19.0,24.17,PARTIALLY_FILLED,Top-K目标建仓/加仓,
ORD_000343,,000166.SZ,SELL,2023-07-26,2023-07-28,22500,22500,0,0,1000,4.83,4.8,5.0,4.8,0.05,0.0,9.85,FILLED,调仓剔除(掉出Top-K),
ORD_000345_P15000,ORD_000345,601018.SH,BUY,2023-07-26,2023-07-28,33500,15000,18500,0,9600,3.49,3.49,8.38,0.0,0.34,0.0,8.72,PARTIALLY_FILLED,Top-K目标建仓/加仓,
ORD_000347,,601607.SH,BUY,2023-07-26,2023-07-28,5600,5600,0,0,1700,20.78,20.43,8.68,0.0,0.35,34.0,43.03,FILLED,Top-K目标建仓/加仓,
ORD_000348,,002202.SZ,BUY,2023-07-26,2023-07-28,10700,10700,0,0,3600,10.94,10.94,9.85,0.0,0.39,36.0,46.24,FILLED,Top-K目标建仓/加仓,
ORD_000349,,600219.SH,BUY,2023-07-26,2023-07-28,37000,37000,0,0,7900,3.16,3.17,6.26,0.0,0.25,0.0,6.51,FILLED,Top-K目标建仓/加仓,
ORD_000351,,600015.SH,BUY,2023-07-26,2023-07-28,20900,20900,0,0,8700,5.59,5.64,12.27,0.0,0.49,87.0,99.76,FILLED,Top-K目标建仓/加仓,
ORD_000352_P4500,ORD_000352,001965.SZ,BUY,2023-07-26,2023-07-28,12800,4500,8300,0,2600,9.1,9.1,5.92,0.0,0.24,26.0,32.16,PARTIALLY_FILLED,Top-K目标建仓/加仓,
ORD_000345_P32000,ORD_000345,601018.SH,BUY,2023-07-26,2023-07-31,33500,32000,1500,0,17000,3.49,3.55,15.09,0.0,0.6,0.0,15.69,PARTIALLY_FILLED,Top-K目标建仓/加仓,
ORD_000352_P7200,ORD_000352,001965.SZ,BUY,2023-07-26,2023-07-31,12800,7200,5600,0,2700,9.1,9.2,6.21,0.0,0.25,27.0,33.46,PARTIALLY_FILLED,Top-K目标建仓/加仓,
ORD_000345,,601018.SH,BUY,2023-07-26,2023-08-01,33500,33500,0,0,1500,3.49,3.56,5.0,0.0,0.05,0.0,5.05,FILLED,Top-K目标建仓/加仓,
ORD_000352_P10000,ORD_000352,001965.SZ,BUY,2023-07-26,2023-08-01,12800,10000,2800,0,2800,9.1,9.21,6.45,0.0,0.26,28.0,34.71,PARTIALLY_FILLED,Top-K目标建仓/加仓,
ORD_000352_P12400,ORD_000352,001965.SZ,BUY,2023-07-26,2023-08-02,12800,12400,400,0,2400,9.1,9.19,5.51,0.0,0.22,24.0,29.73,PARTIALLY_FILLED,Top-K目标建仓/加仓,
ORD_000352,,001965.SZ,BUY,2023-07-26,2023-08-03,12800,12800,0,0,400,9.1,9.17,5.0,0.0,0.04,4.0,9.04,FILLED,Top-K目标建仓/加仓,
ORD_000353_P6600,ORD_000353,002532.SZ,SELL,2023-08-09,2023-08-10,17400,6600,10800,0,6600,6.8,6.77,11.17,44.68,0.45,66.0,122.3,PARTIALLY_FILLED,"触发跟踪止盈 (最高浮盈: 7.10%, 自高点回撤: 6.08%)",
ORD_000353_P15100,ORD_000353,002532.SZ,SELL,2023-08-09,2023-08-11,17400,15100,2300,0,8500,6.8,6.82,14.49,57.97,0.58,85.0,158.04,PARTIALLY_FILLED,"触发跟踪止盈 (最高浮盈: 7.10%, 自高点回撤: 6.08%)",
ORD_000353,,002532.SZ,SELL,2023-08-09,2023-08-14,17400,17400,0,0,2300,6.8,6.61,5.0,15.2,0.15,23.0,43.35,FILLED,"触发跟踪止盈 (最高浮盈: 7.10%, 自高点回撤: 6.08%)",
ORD_000354_P5000,ORD_000354,600183.SH,SELL,2023-08-18,2023-08-21,7300,5000,2300,0,5000,14.45,14.39,17.99,71.95,0.72,50.0,140.66,PARTIALLY_FILLED,触发个股硬止损 (浮亏: -9.52% <= -8.0%),
ORD_000354,,600183.SH,SELL,2023-08-18,2023-08-22,7300,7300,0,0,2300,14.45,14.4,8.28,33.12,0.33,23.0,64.73,FILLED,触发个股硬止损 (浮亏: -9.52% <= -8.0%),
ORD_000355,,601607.SH,SELL,2023-08-21,2023-08-22,5600,5600,0,0,5600,18.96,18.95,26.53,106.12,1.06,112.0,245.71,FILLED,触发个股硬止损 (浮亏: -8.72% <= -8.0%),
ORD_000356,,002202.SZ,SELL,2023-08-22,2023-08-23,10700,10700,0,0,10700,10.01,9.98,26.7,106.79,1.07,107.0,241.56,FILLED,触发个股硬止损 (浮亏: -8.33% <= -8.0%),
ORD_000357_P5900,ORD_000357,001965.SZ,SELL,2023-08-23,2023-08-24,12800,5900,6900,0,5900,9.63,9.61,14.17,56.7,0.57,59.0,130.44,PARTIALLY_FILLED,调仓剔除(掉出Top-K),
ORD_000359,,601018.SH,SELL,2023-08-23,2023-08-24,6900,6900,0,0,6900,3.39,3.4,5.87,23.46,0.23,0.0,29.56,FILLED,Top-K目标再平衡减仓,
ORD_000366,,600015.SH,SELL,2023-08-23,2023-08-24,4700,4700,0,0,4700,5.57,5.56,6.53,26.13,0.26,47.0,79.92,FILLED,Top-K目标再平衡减仓,
ORD_000367,,600219.SH,SELL,2023-08-23,2023-08-24,7800,7800,0,0,7800,3.09,3.11,6.06,24.26,0.24,0.0,30.56,FILLED,Top-K目标再平衡减仓,
ORD_000358_P3500,ORD_000358,002001.SZ,BUY,2023-08-23,2023-08-24,5800,3500,2300,0,3500,15.55,15.57,13.62,0.0,0.54,70.0,84.16,PARTIALLY_FILLED,Top-K目标建仓/加仓,
ORD_000360_P900,ORD_000360,688183.SH,BUY,2023-08-23,2023-08-24,8800,900,7900,0,900,10.18,10.19,5.0,0.0,0.09,9.0,14.09,PARTIALLY_FILLED,Top-K目标建仓/加仓,
ORD_000361,,600183.SH,BUY,2023-08-23,2023-08-24,6300,6300,0,0,6300,14.28,14.36,22.62,0.0,0.9,63.0,86.52,FILLED,Top-K目标建仓/加仓,
ORD_000362_P11800,ORD_000362,000157.SZ,BUY,2023-08-23,2023-08-24,14400,11800,2600,0,11800,6.23,6.24,18.41,0.0,0.74,118.0,137.15,PARTIALLY_FILLED,Top-K目标建仓/加仓,
ORD_000363,,002353.SZ,BUY,2023-08-23,2023-08-24,3100,3100,0,0,3100,28.7,28.73,22.27,0.0,0.89,93.0,116.16,FILLED,Top-K目标建仓/加仓,
ORD_000364_P3300,ORD_000364,601607.SH,BUY,2023-08-23,2023-08-24,4800,3300,1500,0,3300,18.64,18.66,15.39,0.0,0.62,66.0,82.01,PARTIALLY_FILLED,Top-K目标建仓/加仓,
ORD_000365,,000725.SZ,BUY,2023-08-23,2023-08-24,23600,23600,0,0,23600,3.82,3.84,22.66,0.0,0.91,0.0,23.57,FILLED,Top-K目标建仓/加仓,
ORD_000357_P11800,ORD_000357,001965.SZ,SELL,2023-08-23,2023-08-25,12800,11800,1000,0,5900,9.63,9.43,13.91,55.64,0.56,59.0,129.11,PARTIALLY_FILLED,调仓剔除(掉出Top-K),
ORD_000358,,002001.SZ,BUY,2023-08-23,2023-08-25,5800,5800,0,0,2300,15.55,15.63,8.99,0.0,0.36,46.0,55.35,FILLED,Top-K目标建仓/加仓,
ORD_000360_P2300,ORD_000360,688183.SH,BUY,2023-08-23,2023-08-25,8800,2300,6500,0,1400,10.18,10.09,5.0,0.0,0.14,14.0,19.14,PARTIALLY_FILLED,Top-K目标建仓/加仓,
ORD_000362,,000157.SZ,BUY,2023-08-23,2023-08-25,14400,14400,0,0,2600,6.23,6.17,5.0,0.0,0.16,26.0,31.16,FILLED,Top-K目标建仓/加仓,
ORD_000364,,601607.SH,BUY,2023-08-23,2023-08-25,4800,4800,0,0,1500,18.64,18.57,6.96,0.0,0.28,30.0,37.24,FILLED,Top-K目标建仓/加仓,
ORD_000357,,001965.SZ,SELL,2023-08-23,2023-08-28,12800,12800,0,0,1000,9.63,9.79,5.0,4.9,0.1,10.0,20.0,FILLED,调仓剔除(掉出Top-K),
ORD_000360_P3500,ORD_000360,688183.SH,BUY,2023-08-23,2023-08-28,8800,3500,5300,0,1200,10.18,10.51,5.0,0.0,0.13,12.0,17.13,PARTIALLY_FILLED,Top-K目标建仓/加仓,
ORD_000368,,002001.SZ,SELL,2023-08-28,2023-08-29,5800,5800,0,0,5800,15.74,15.73,22.81,45.62,0.91,116.0,185.34,FILLED,"触发跟踪止盈 (最高浮盈: 6.32%, 自高点回撤: 5.07%)",
ORD_000360_P4700,ORD_000360,688183.SH,BUY,2023-08-23,2023-08-29,8800,4700,4100,0,1200,10.18,9.89,5.0,0.0,0.12,12.0,17.12,PARTIALLY_FILLED,Top-K目标建仓/加仓,
ORD_000360_P6500,ORD_000360,688183.SH,BUY,2023-08-23,2023-08-30,8800,6500,2300,0,1800,10.18,10.5,5.0,0.0,0.19,18.0,23.19,PARTIALLY_FILLED,Top-K目标建仓/加仓,
ORD_000369,,601607.SH,SELL,2023-08-30,2023-08-31,4800,4800,0,0,4800,17.66,17.53,21.04,42.07,0.84,96.0,159.95,FILLED,"触发跟踪止盈 (最高浮盈: 5.20%, 自高点回撤: 9.90%)",
ORD_000360_P8000,ORD_000360,688183.SH,BUY,2023-08-23,2023-08-31,8800,8000,800,0,1500,10.18,10.73,5.0,0.0,0.16,15.0,20.16,PARTIALLY_FILLED,Top-K目标建仓/加仓,
ORD_000360,,688183.SH,BUY,2023-08-23,2023-09-01,8800,8800,0,0,800,10.18,10.92,5.0,0.0,0.09,8.0,13.09,FILLED,Top-K目标建仓/加仓,
ORD_000370,,000725.SZ,SELL,2023-09-13,2023-09-14,23600,23600,0,0,23600,3.89,3.89,22.95,45.9,0.92,0.0,69.77,FILLED,"触发跟踪止盈 (最高浮盈: 7.03%, 自高点回撤: 5.35%)",
ORD_000371_P600,ORD_000371,688183.SH,SELL,2023-09-19,2023-09-20,8800,600,8200,0,600,10.77,10.82,5.0,3.25,0.06,6.0,14.31,PARTIALLY_FILLED,"触发跟踪止盈 (最高浮盈: 10.01%, 自高点回撤: 5.86%)",
ORD_000371_P1500,ORD_000371,688183.SH,SELL,2023-09-19,2023-09-21,8800,1500,7300,0,900,10.77,10.65,5.0,4.79,0.1,9.0,18.89,PARTIALLY_FILLED,"触发跟踪止盈 (最高浮盈: 10.01%, 自高点回撤: 5.86%)",
ORD_000372_P13700,ORD_000372,000157.SZ,SELL,2023-09-20,2023-09-21,14400,13700,700,0,13700,6.88,6.86,23.5,46.99,0.94,137.0,208.43,PARTIALLY_FILLED,调仓剔除(掉出Top-K),
ORD_000373,,600183.SH,SELL,2023-09-20,2023-09-21,6300,6300,0,0,6300,15.25,15.14,23.85,47.69,0.95,126.0,198.49,FILLED,调仓剔除(掉出Top-K),
ORD_000374,,002353.SZ,SELL,2023-09-20,2023-09-21,3100,3100,0,0,3100,32.28,32.24,24.99,49.97,1.0,93.0,168.96,FILLED,调仓剔除(掉出Top-K),
ORD_000375_P7900,ORD_000375,002202.SZ,BUY,2023-09-20,2023-09-21,12700,7900,4800,0,7900,9.15,9.14,18.05,0.0,0.72,79.0,97.77,PARTIALLY_FILLED,Top-K目标建仓/加仓,
ORD_000376,,600219.SH,BUY,2023-09-20,2023-09-21,7000,7000,0,0,7000,3.22,3.23,5.65,0.0,0.23,0.0,5.88,FILLED,Top-K目标建仓/加仓,
ORD_000377,,601018.SH,BUY,2023-09-20,2023-09-21,6700,6700,0,0,6700,3.5,3.51,5.88,0.0,0.24,0.0,6.12,FILLED,Top-K目标建仓/加仓,
ORD_000378,,601238.SH,BUY,2023-09-20,2023-09-21,11500,11500,0,0,11500,10.12,10.08,28.98,0.0,1.16,115.0,145.14,FILLED,Top-K目标建仓/加仓,
ORD_000379_P4100,ORD_000379,600741.SH,BUY,2023-09-20,2023-09-21,6200,4100,2100,0,4100,18.62,18.71,19.18,0.0,0.77,82.0,101.95,PARTIALLY_FILLED,Top-K目标建仓/加仓,
ORD_000380,,600015.SH,BUY,2023-09-20,2023-09-21,4200,4200,0,0,4200,5.69,5.71,6.0,0.0,0.24,42.0,48.24,FILLED,Top-K目标建仓/加仓,
ORD_000381_P3400,ORD_000381,600346.SH,BUY,2023-09-20,2023-09-21,7800,3400,4400,0,3400,14.78,14.72,12.51,0.0,0.5,34.0,47.01,PARTIALLY_FILLED,Top-K目标建仓/加仓,
ORD_000382_P42700,ORD_000382,601916.SH,BUY,2023-09-20,2023-09-21,45100,42700,2400,0,42700,2.58,2.59,27.65,0.0,1.11,0.0,28.76,PARTIALLY_FILLED,Top-K目标建仓/加仓,
ORD_000371_P3600,ORD_000371,688183.SH,SELL,2023-09-19,2023-09-22,8800,3600,5200,0,2100,10.77,10.46,5.49,10.98,0.22,21.0,37.69,PARTIALLY_FILLED,"触发跟踪止盈 (最高浮盈: 10.01%, 自高点回撤: 5.86%)",
ORD_000372,,000157.SZ,SELL,2023-09-20,2023-09-22,14400,14400,0,0,700,6.88,6.84,5.0,2.39,0.05,7.0,14.44,FILLED,调仓剔除(掉出Top-K),
ORD_000375,,002202.SZ,BUY,2023-09-20,2023-09-22,12700,12700,0,0,4800,9.15,9.0,10.8,0.0,0.43,48.0,59.23,FILLED,Top-K目标建仓/加仓,
ORD_000379,,600741.SH,BUY,2023-09-20,2023-09-22,6200,6200,0,0,2100,18.62,18.56,9.74,0.0,0.39,42.0,52.13,FILLED,Top-K目标建仓/加仓,
ORD_000381,,600346.SH,BUY,2023-09-20,2023-09-22,7800,7800,0,0,4400,14.78,14.67,16.14,0.0,0.65,44.0,60.79,FILLED,Top-K目标建仓/加仓,
ORD_000382_P43800,ORD_000382,601916.SH,BUY,2023-09-20,2023-09-22,45100,43800,1300,0,1100,2.58,2.57,5.0,0.0,0.03,0.0,5.03,PARTIALLY_FILLED,Top-K目标建仓/加仓,
ORD_000371_P4900,ORD_000371,688183.SH,SELL,2023-09-19,2023-09-25,8800,4900,3900,0,1300,10.77,11.12,5.0,7.23,0.14,13.0,25.37,PARTIALLY_FILLED,"触发跟踪止盈 (最高浮盈: 10.01%, 自高点回撤: 5.86%)",
ORD_000382,,601916.SH,BUY,2023-09-20,2023-09-25,45100,45100,0,0,1300,2.58,2.58,5.0,0.0,0.03,0.0,5.03,FILLED,Top-K目标建仓/加仓,
ORD_000371_P6000,ORD_000371,688183.SH,SELL,2023-09-19,2023-09-26,8800,6000,2800,0,1100,10.77,10.72,5.0,5.9,0.12,11.0,22.02,PARTIALLY_FILLED,"触发跟踪止盈 (最高浮盈: 10.01%, 自高点回撤: 5.86%)",
ORD_000371_P7000,ORD_000371,688183.SH,SELL,2023-09-19,2023-09-27,8800,7000,1800,0,1000,10.77,10.78,5.0,5.39,0.11,10.0,20.5,PARTIALLY_FILLED,"触发跟踪止盈 (最高浮盈: 10.01%, 自高点回撤: 5.86%)",
ORD_000371_P8500,ORD_000371,688183.SH,SELL,2023-09-19,2023-09-28,8800,8500,300,0,1500,10.77,10.61,5.0,7.96,0.16,15.0,28.12,PARTIALLY_FILLED,"触发跟踪止盈 (最高浮盈: 10.01%, 自高点回撤: 5.86%)",
ORD_000371,,688183.SH,SELL,2023-09-19,2023-10-09,8800,8800,0,0,300,10.77,10.92,5.0,1.64,0.03,3.0,9.67,FILLED,"触发跟踪止盈 (最高浮盈: 10.01%, 自高点回撤: 5.86%)",
ORD_000383_P35700,ORD_000383,600219.SH,SELL,2023-10-23,2023-10-24,36200,35700,500,0,35700,2.91,2.91,25.97,51.94,1.04,0.0,78.95,PARTIALLY_FILLED,触发个股硬止损 (浮亏: -8.54% <= -8.0%),
ORD_000384,,600346.SH,SELL,2023-10-23,2023-10-24,7800,7800,0,0,7800,13.19,13.19,25.72,51.44,1.03,78.0,156.19,FILLED,触发个股硬止损 (浮亏: -10.22% <= -8.0%),
ORD_000383,,600219.SH,SELL,2023-10-23,2023-10-25,36200,36200,0,0,500,2.91,2.94,5.0,0.73,0.01,0.0,5.74,FILLED,触发个股硬止损 (浮亏: -8.54% <= -8.0%),
ORD_000385_P40700,ORD_000385,601916.SH,SELL,2023-10-26,2023-10-27,45100,40700,4400,0,40700,2.51,2.5,25.44,50.88,1.02,0.0,77.34,PARTIALLY_FILLED,调仓剔除(掉出Top-K),
ORD_000386,,601238.SH,SELL,2023-10-26,2023-10-27,11500,11500,0,0,11500,10.2,10.18,29.27,58.54,1.17,115.0,203.98,FILLED,调仓剔除(掉出Top-K),
ORD_000392_P5100,ORD_000392,601018.SH,SELL,2023-10-26,2023-10-27,9100,5100,4000,0,5100,3.35,3.35,5.0,8.54,0.17,0.0,13.71,PARTIALLY_FILLED,Top-K目标再平衡减仓,
ORD_000395,,002202.SZ,SELL,2023-10-26,2023-10-27,3500,3500,0,0,3500,8.8,8.69,7.6,15.21,0.3,35.0,58.11,FILLED,Top-K目标再平衡减仓,
ORD_000396,,600741.SH,SELL,2023-10-26,2023-10-27,1600,1600,0,0,1600,17.54,17.58,7.03,14.06,0.28,32.0,53.37,FILLED,Top-K目标再平衡减仓,
ORD_000397,,600015.SH,SELL,2023-10-26,2023-10-27,6200,6200,0,0,6200,5.68,5.66,8.77,17.55,0.35,62.0,88.67,FILLED,Top-K目标再平衡减仓,
ORD_000387,,300999.SZ,BUY,2023-10-26,2023-10-27,2400,2400,0,0,2400,32.82,33.46,20.08,0.0,0.8,72.0,92.88,FILLED,Top-K目标建仓/加仓,
ORD_000388_P1000,ORD_000388,688396.SH,BUY,2023-10-26,2023-10-27,1400,1000,400,0,1000,54.35,54.37,13.59,0.0,0.54,50.0,64.13,PARTIALLY_FILLED,Top-K目标建仓/加仓,
ORD_000389_P3600,ORD_000389,600362.SH,BUY,2023-10-26,2023-10-27,4500,3600,900,0,3600,18.01,17.95,16.16,0.0,0.65,72.0,88.81,PARTIALLY_FILLED,Top-K目标建仓/加仓,
ORD_000390_P5600,ORD_000390,002625.SZ,BUY,2023-10-26,2023-10-27,5900,5600,300,0,5600,13.59,13.48,18.87,0.0,0.75,56.0,75.62,PARTIALLY_FILLED,Top-K目标建仓/加仓,
ORD_000391_P1700,ORD_000391,688303.SH,BUY,2023-10-26,2023-10-27,2200,1700,500,0,1700,35.8,35.84,15.23,0.0,0.61,68.0,83.84,PARTIALLY_FILLED,Top-K目标建仓/加仓,
ORD_000393,,601169.SH,BUY,2023-10-26,2023-10-27,17700,17700,0,0,17700,4.58,4.58,20.27,0.0,0.81,0.0,21.08,FILLED,Top-K目标建仓/加仓,
ORD_000394,,600875.SH,BUY,2023-10-26,2023-10-27,5400,5400,0,0,5400,14.83,14.87,20.07,0.0,0.8,54.0,74.87,FILLED,Top-K目标建仓/加仓,
ORD_000385,,601916.SH,SELL,2023-10-26,2023-10-30,45100,45100,0,0,4400,2.51,2.51,5.0,5.52,0.11,0.0,10.63,FILLED,调仓剔除(掉出Top-K),
ORD_000392,,601018.SH,SELL,2023-10-26,2023-10-30,9100,9100,0,0,4000,3.35,3.4,5.0,6.8,0.14,0.0,11.94,FILLED,Top-K目标再平衡减仓,
ORD_000388,,688396.SH,BUY,2023-10-26,2023-10-30,1400,1400,0,0,400,54.35,53.74,5.37,0.0,0.21,20.0,25.58,FILLED,Top-K目标建仓/加仓,
ORD_000389,,600362.SH,BUY,2023-10-26,2023-10-30,4500,4500,0,0,900,18.01,18.24,5.0,0.0,0.16,18.0,23.16,FILLED,Top-K目标建仓/加仓,
ORD_000390,,002625.SZ,BUY,2023-10-26,2023-10-30,5900,5900,0,0,300,13.59,13.71,5.0,0.0,0.04,3.0,8.04,FILLED,Top-K目标建仓/加仓,
ORD_000391,,688303.SH,BUY,2023-10-26,2023-10-30,2200,2200,0,0,500,35.8,35.29,5.0,0.0,0.18,20.0,25.18,FILLED,Top-K目标建仓/加仓,
ORD_000398,,600741.SH,SELL,2023-11-13,2023-11-14,4600,4600,0,0,4600,17.11,17.18,19.76,39.51,0.79,92.0,152.06,FILLED,触发个股硬止损 (浮亏: -8.22% <= -8.0%),
ORD_000399,,300999.SZ,SELL,2023-11-23,2023-11-24,2400,2400,0,0,2400,35.09,35.05,21.03,42.06,0.84,96.0,159.93,FILLED,调仓剔除(掉出Top-K),
ORD_000400_P1100,ORD_000400,688396.SH,SELL,2023-11-23,2023-11-24,1400,1100,300,0,1100,52.51,52.27,14.37,28.75,0.57,55.0,98.69,PARTIALLY_FILLED,调仓剔除(掉出Top-K),
ORD_000401_P4900,ORD_000401,002625.SZ,SELL,2023-11-23,2023-11-24,5900,4900,1000,0,4900,14.46,14.48,17.74,35.48,0.71,49.0,102.93,PARTIALLY_FILLED,调仓剔除(掉出Top-K),
ORD_000402_P11300,ORD_000402,600015.SH,SELL,2023-11-23,2023-11-24,14200,11300,2900,0,11300,5.66,5.65,15.96,31.92,0.64,113.0,161.52,PARTIALLY_FILLED,调仓剔除(掉出Top-K),
ORD_000403,,688303.SH,SELL,2023-11-23,2023-11-24,2200,2200,0,0,2200,33.21,33.13,18.22,36.44,0.73,66.0,121.39,FILLED,调仓剔除(掉出Top-K),
ORD_000404_P10400,ORD_000404,601018.SH,SELL,2023-11-23,2023-11-24,24200,10400,13800,0,10400,3.57,3.57,9.28,18.56,0.37,0.0,28.21,PARTIALLY_FILLED,调仓剔除(掉出Top-K),
ORD_000413,,002202.SZ,SELL,2023-11-23,2023-11-24,200,200,0,0,200,9.0,8.96,5.0,0.9,0.02,2.0,7.92,FILLED,Top-K目标再平衡减仓,
ORD_000405,,601916.SH,BUY,2023-11-23,2023-11-24,17700,17700,0,0,17700,2.52,2.52,11.15,0.0,0.45,0.0,11.6,FILLED,Top-K目标建仓/加仓,
ORD_000406_P4200,ORD_000406,600926.SH,BUY,2023-11-23,2023-11-24,4300,4200,100,0,4200,10.41,10.41,10.93,0.0,0.44,42.0,53.37,PARTIALLY_FILLED,Top-K目标建仓/加仓,
ORD_000407_P2900,ORD_000407,600741.SH,BUY,2023-11-23,2023-11-24,4600,2900,1700,0,2900,17.57,17.65,12.8,0.0,0.51,58.0,71.31,PARTIALLY_FILLED,Top-K目标建仓/加仓,
ORD_000408,,601229.SH,BUY,2023-11-23,2023-11-24,7400,7400,0,0,7400,5.99,6.0,11.1,0.0,0.44,74.0,85.54,FILLED,Top-K目标建仓/加仓,
ORD_000409_P2900,ORD_000409,601825.SH,BUY,2023-11-23,2023-11-24,7700,2900,4800,0,2900,5.76,5.77,5.0,0.0,0.17,29.0,34.17,PARTIALLY_FILLED,Top-K目标建仓/加仓,
ORD_000410_P6900,ORD_000410,688009.SH,BUY,2023-11-23,2023-11-24,9700,6900,2800,0,6900,4.6,4.6,7.93,0.0,0.32,0.0,8.25,PARTIALLY_FILLED,Top-K目标建仓/加仓,
ORD_000411,,003816.SZ,BUY,2023-11-23,2023-11-24,15200,15200,0,0,15200,2.94,2.94,11.17,0.0,0.45,0.0,11.62,FILLED,Top-K目标建仓/加仓,
ORD_000412,,601169.SH,BUY,2023-11-23,2023-11-24,200,200,0,0,200,4.53,4.53,5.0,0.0,0.01,0.0,5.01,FILLED,Top-K目标建仓/加仓,
ORD_000400,,688396.SH,SELL,2023-11-23,2023-11-27,1400,1400,0,0,300,52.51,51.81,5.0,7.77,0.16,15.0,27.93,FILLED,调仓剔除(掉出Top-K),
ORD_000401,,002625.SZ,SELL,2023-11-23,2023-11-27,5900,5900,0,0,1000,14.46,14.08,5.0,7.04,0.14,10.0,22.18,FILLED,调仓剔除(掉出Top-K),
ORD_000402,,600015.SH,SELL,2023-11-23,2023-11-27,14200,14200,0,0,2900,5.66,5.7,5.0,8.27,0.17,29.0,42.44,FILLED,调仓剔除(掉出Top-K),
ORD_000404_P22000,ORD_000404,601018.SH,SELL,2023-11-23,2023-11-27,24200,22000,2200,0,11600,3.57,3.57,10.35,20.71,0.41,0.0,31.47,PARTIALLY_FILLED,调仓剔除(掉出Top-K),
ORD_000406,,600926.SH,BUY,2023-11-23,2023-11-27,4300,4300,0,0,100,10.41,10.46,5.0,0.0,0.01,1.0,6.01,FILLED,Top-K目标建仓/加仓,
ORD_000407,,600741.SH,BUY,2023-11-23,2023-11-27,4600,4600,0,0,1700,17.57,17.5,7.44,0.0,0.3,34.0,41.74,FILLED,Top-K目标建仓/加仓,
ORD_000409,,601825.SH,BUY,2023-11-23,2023-11-27,7700,7700,0,0,4800,5.76,5.78,6.94,0.0,0.28,48.0,55.22,FILLED,Top-K目标建仓/加仓,
ORD_000410,,688009.SH,BUY,2023-11-23,2023-11-27,9700,9700,0,0,2800,4.6,4.57,5.0,0.0,0.13,0.0,5.13,FILLED,Top-K目标建仓/加仓,
ORD_000404,,601018.SH,SELL,2023-11-23,2023-11-28,24200,24200,0,0,2200,3.57,3.59,5.0,3.95,0.08,0.0,9.03,FILLED,调仓剔除(掉出Top-K),
ORD_000414,,002202.SZ,SELL,2023-12-06,2023-12-07,9000,9000,0,0,9000,8.32,8.33,18.74,37.48,0.75,90.0,146.97,FILLED,触发个股硬止损 (浮亏: -8.22% <= -8.0%),
ORD_000415,,600362.SH,SELL,2023-12-06,2023-12-07,2500,2500,0,0,2500,17.39,17.38,10.86,21.73,0.43,50.0,83.02,FILLED,组合最大回撤熔断降仓,
ORD_000416,,601169.SH,SELL,2023-12-06,2023-12-07,10200,10200,0,0,10200,4.48,4.49,11.45,22.9,0.46,0.0,34.81,FILLED,组合最大回撤熔断降仓,
ORD_000417,,600875.SH,SELL,2023-12-06,2023-12-07,3100,3100,0,0,3100,14.12,14.09,10.92,21.84,0.44,31.0,64.2,FILLED,组合最大回撤熔断降仓,
ORD_000418,,601916.SH,SELL,2023-12-06,2023-12-07,10100,10100,0,0,10100,2.53,2.53,6.39,12.78,0.26,0.0,19.43,FILLED,组合最大回撤熔断降仓,
ORD_000419,,600926.SH,SELL,2023-12-06,2023-12-07,2400,2400,0,0,2400,9.8,9.77,5.86,11.72,0.23,24.0,41.81,FILLED,组合最大回撤熔断降仓,
ORD_000420,,600741.SH,SELL,2023-12-06,2023-12-07,2600,2600,0,0,2600,16.51,16.49,10.72,21.44,0.43,52.0,84.59,FILLED,组合最大回撤熔断降仓,
ORD_000421,,601229.SH,SELL,2023-12-06,2023-12-07,4200,4200,0,0,4200,5.83,5.83,6.12,12.24,0.24,42.0,60.6,FILLED,组合最大回撤熔断降仓,
ORD_000422_P3800,ORD_000422,601825.SH,SELL,2023-12-06,2023-12-07,4400,3800,600,0,3800,5.62,5.61,5.33,10.66,0.21,38.0,54.2,PARTIALLY_FILLED,组合最大回撤熔断降仓,
ORD_000423,,688009.SH,SELL,2023-12-06,2023-12-07,5500,5500,0,0,5500,4.3,4.32,5.94,11.88,0.24,0.0,18.06,FILLED,组合最大回撤熔断降仓,
ORD_000424,,003816.SZ,SELL,2023-12-06,2023-12-07,8700,8700,0,0,8700,3.01,3.01,6.55,13.09,0.26,0.0,19.9,FILLED,组合最大回撤熔断降仓,
ORD_000422,,601825.SH,SELL,2023-12-06,2023-12-08,4400,4400,0,0,600,5.62,5.61,5.0,1.68,0.03,6.0,12.71,FILLED,组合最大回撤熔断降仓,
ORD_000425,,600875.SH,SELL,2023-12-15,2023-12-18,2300,2300,0,0,2300,13.64,13.61,7.83,15.65,0.31,23.0,46.79,FILLED,触发个股硬止损 (浮亏: -8.27% <= -8.0%),
ORD_000426,,600741.SH,SELL,2023-12-20,2023-12-21,2000,2000,0,0,2000,15.92,15.83,7.92,15.83,0.32,40.0,64.07,FILLED,触发个股硬止损 (浮亏: -9.15% <= -8.0%),
ORD_000427,,601916.SH,SELL,2023-12-21,2023-12-22,7600,7600,0,0,7600,2.51,2.52,5.0,9.58,0.19,0.0,14.77,FILLED,调仓剔除(掉出Top-K),
ORD_000428,,600362.SH,SELL,2023-12-21,2023-12-22,2000,2000,0,0,2000,17.05,17.04,8.52,17.04,0.34,40.0,65.9,FILLED,调仓剔除(掉出Top-K),
ORD_000429,,601229.SH,SELL,2023-12-21,2023-12-22,3200,3200,0,0,3200,5.89,5.87,5.0,9.39,0.19,32.0,46.58,FILLED,调仓剔除(掉出Top-K),
ORD_000430,,601169.SH,SELL,2023-12-21,2023-12-22,7700,7700,0,0,7700,4.4,4.4,8.47,16.94,0.34,0.0,25.75,FILLED,调仓剔除(掉出Top-K),
ORD_000431,,003816.SZ,SELL,2023-12-21,2023-12-22,6500,6500,0,0,6500,3.1,3.11,5.05,10.11,0.2,0.0,15.36,FILLED,调仓剔除(掉出Top-K),
ORD_000433,,688009.SH,SELL,2023-12-21,2023-12-22,1000,1000,0,0,1000,4.24,4.24,5.0,2.12,0.04,0.0,7.16,FILLED,Top-K目标再平衡减仓,
ORD_000440,,601825.SH,SELL,2023-12-21,2023-12-22,900,900,0,0,900,5.63,5.63,5.0,2.53,0.05,9.0,16.58,FILLED,Top-K目标再平衡减仓,
ORD_000441,,600926.SH,SELL,2023-12-21,2023-12-22,500,500,0,0,500,9.64,9.64,5.0,2.41,0.05,5.0,12.46,FILLED,Top-K目标再平衡减仓,
ORD_000432,,002532.SZ,BUY,2023-12-21,2023-12-22,4800,4800,0,0,4800,5.68,5.7,6.84,0.0,0.27,48.0,55.11,FILLED,Top-K目标建仓/加仓,
ORD_000434,,601319.SH,BUY,2023-12-21,2023-12-22,2800,2800,0,0,2800,4.73,4.73,5.0,0.0,0.13,0.0,5.13,FILLED,Top-K目标建仓/加仓,
ORD_000435,,600741.SH,BUY,2023-12-21,2023-12-22,1700,1700,0,0,1700,16.08,16.1,6.84,0.0,0.27,34.0,41.11,FILLED,Top-K目标建仓/加仓,
ORD_000436,,601238.SH,BUY,2023-12-21,2023-12-22,3100,3100,0,0,3100,8.63,8.63,6.69,0.0,0.27,31.0,37.96,FILLED,Top-K目标建仓/加仓,
ORD_000437,,002384.SZ,BUY,2023-12-21,2023-12-22,1500,1500,0,0,1500,17.37,17.38,6.52,0.0,0.26,30.0,36.78,FILLED,Top-K目标建仓/加仓,
ORD_000438,,688521.SH,BUY,2023-12-21,2023-12-22,200,200,0,0,200,49.71,49.76,5.0,0.0,0.1,10.0,15.1,FILLED,Top-K目标建仓/加仓,
ORD_000439,,601838.SH,BUY,2023-12-21,2023-12-22,1200,1200,0,0,1200,10.97,11.03,5.0,0.0,0.13,12.0,17.13,FILLED,Top-K目标建仓/加仓,
ORD_000442,,002384.SZ,SELL,2024-01-03,2024-01-04,1500,1500,0,0,1500,16.93,16.85,6.32,12.64,0.25,30.0,49.21,FILLED,"触发跟踪止盈 (最高浮盈: 5.12%, 自高点回撤: 7.33%)",
ORD_000443,,688521.SH,SELL,2024-01-04,2024-01-05,200,200,0,0,200,45.7,45.55,5.0,4.55,0.09,10.0,19.64,FILLED,触发个股硬止损 (浮亏: -8.16% <= -8.0%),
ORD_000444,,002532.SZ,SELL,2024-01-09,2024-01-10,4800,4800,0,0,4800,5.8,5.79,6.95,13.9,0.28,48.0,69.13,FILLED,"触发跟踪止盈 (最高浮盈: 7.54%, 自高点回撤: 5.38%)",
ORD_000445,,601825.SH,SELL,2024-01-18,2024-01-19,2400,2400,0,0,2400,6.32,6.33,5.0,7.6,0.15,24.0,36.75,FILLED,"触发跟踪止盈 (最高浮盈: 15.92%, 自高点回撤: 5.67%)",
ORD_000446,,601838.SH,SELL,2024-01-19,2024-01-22,1200,1200,0,0,1200,12.02,12.03,5.0,7.22,0.14,12.0,24.36,FILLED,调仓剔除(掉出Top-K),
ORD_000447,,601319.SH,SELL,2024-01-19,2024-01-22,2800,2800,0,0,2800,4.7,4.7,5.0,6.58,0.13,0.0,11.71,FILLED,调仓剔除(掉出Top-K),
ORD_000448,,600926.SH,SELL,2024-01-19,2024-01-22,1400,1400,0,0,1400,10.45,10.42,5.0,7.29,0.15,14.0,26.44,FILLED,调仓剔除(掉出Top-K),
ORD_000449,,688009.SH,SELL,2024-01-19,2024-01-22,3200,3200,0,0,3200,4.22,4.19,5.0,6.7,0.13,0.0,11.83,FILLED,调仓剔除(掉出Top-K),
ORD_000450,,601238.SH,SELL,2024-01-19,2024-01-22,3100,3100,0,0,3100,8.35,8.33,6.46,12.91,0.26,31.0,50.63,FILLED,调仓剔除(掉出Top-K),
ORD_000451,,600741.SH,SELL,2024-01-19,2024-01-22,1700,1700,0,0,1700,16.61,16.56,7.04,14.08,0.28,34.0,55.4,FILLED,调仓剔除(掉出Top-K),
ORD_000452,,600219.SH,BUY,2024-01-19,2024-01-22,12000,12000,0,0,12000,2.85,2.85,8.55,0.0,0.34,0.0,8.89,FILLED,Top-K目标建仓/加仓,
ORD_000453,,002027.SZ,BUY,2024-01-19,2024-01-22,5900,5900,0,0,5900,5.77,5.8,8.55,0.0,0.34,59.0,67.89,FILLED,Top-K目标建仓/加仓,
ORD_000454_P9500,ORD_000454,601018.SH,BUY,2024-01-19,2024-01-22,9800,9500,300,0,9500,3.5,3.49,8.29,0.0,0.33,0.0,8.62,PARTIALLY_FILLED,Top-K目标建仓/加仓,
ORD_000455,,600674.SH,BUY,2024-01-19,2024-01-22,2300,2300,0,0,2300,14.55,14.49,8.33,0.0,0.33,23.0,31.66,FILLED,Top-K目标建仓/加仓,
ORD_000456,,601211.SH,BUY,2024-01-19,2024-01-22,1900,1900,0,0,1900,14.37,14.34,6.81,0.0,0.27,19.0,26.08,FILLED,Top-K目标建仓/加仓,
ORD_000457,,000538.SZ,BUY,2024-01-19,2024-01-22,700,700,0,0,700,48.22,48.23,8.44,0.0,0.34,35.0,43.78,FILLED,Top-K目标建仓/加仓,
ORD_000458,,600918.SH,BUY,2024-01-19,2024-01-22,4200,4200,0,0,4200,6.51,6.5,6.83,0.0,0.27,42.0,49.1,FILLED,Top-K目标建仓/加仓,
ORD_000459,,601066.SH,BUY,2024-01-19,2024-01-22,1200,1200,0,0,1200,21.3,21.33,6.4,0.0,0.26,24.0,30.66,FILLED,Top-K目标建仓/加仓,
ORD_000454,,601018.SH,BUY,2024-01-19,2024-01-23,9800,9800,0,0,300,3.5,3.34,5.0,0.0,0.01,0.0,5.01,FILLED,Top-K目标建仓/加仓,
ORD_000460,,600918.SH,SELL,2024-01-31,2024-02-01,4200,4200,0,0,4200,6.53,6.49,6.81,13.63,0.27,42.0,62.71,FILLED,"触发跟踪止盈 (最高浮盈: 6.00%, 自高点回撤: 5.22%)",
ORD_000461,,601018.SH,SELL,2024-02-01,2024-02-02,9800,9800,0,0,9800,3.54,3.53,8.65,17.3,0.35,0.0,26.3,FILLED,"触发跟踪止盈 (最高浮盈: 7.02%, 自高点回撤: 5.09%)",
ORD_000462,,600219.SH,SELL,2024-02-02,2024-02-05,12000,12000,0,0,12000,2.83,2.83,8.49,16.98,0.34,0.0,25.81,FILLED,"触发跟踪止盈 (最高浮盈: 5.26%, 自高点回撤: 5.67%)",
ORD_000463,,601211.SH,SELL,2024-02-02,2024-02-05,1900,1900,0,0,1900,14.34,14.19,6.74,13.48,0.27,19.0,39.49,FILLED,"触发跟踪止盈 (最高浮盈: 6.21%, 自高点回撤: 5.84%)",
ORD_000464,,601066.SH,SELL,2024-02-02,2024-02-05,1200,1200,0,0,1200,21.73,21.35,6.41,12.81,0.26,24.0,43.48,FILLED,"触发跟踪止盈 (最高浮盈: 8.25%, 自高点回撤: 5.89%)",
ORD_000465,,000538.SZ,SELL,2024-02-26,2024-02-27,700,700,0,0,700,49.46,49.52,8.67,17.33,0.35,35.0,61.35,FILLED,调仓剔除(掉出Top-K),
ORD_000466,,600674.SH,SELL,2024-02-26,2024-02-27,2300,2300,0,0,2300,15.67,15.6,8.97,17.94,0.36,46.0,73.27,FILLED,调仓剔除(掉出Top-K),
ORD_000475,,002027.SZ,SELL,2024-02-26,2024-02-27,1100,1100,0,0,1100,6.32,6.29,5.0,3.46,0.07,11.0,19.53,FILLED,Top-K目标再平衡减仓,
ORD_000467,,601878.SH,BUY,2024-02-26,2024-02-27,2700,2700,0,0,2700,10.07,10.04,6.78,0.0,0.27,27.0,34.05,FILLED,Top-K目标建仓/加仓,
ORD_000468,,601066.SH,BUY,2024-02-26,2024-02-27,1200,1200,0,0,1200,23.03,22.98,6.89,0.0,0.28,24.0,31.17,FILLED,Top-K目标建仓/加仓,
ORD_000469,,600219.SH,BUY,2024-02-26,2024-02-27,10100,10100,0,0,10100,3.02,3.03,7.65,0.0,0.31,0.0,7.96,FILLED,Top-K目标建仓/加仓,
ORD_000470,,000425.SZ,BUY,2024-02-26,2024-02-27,5100,5100,0,0,5100,6.01,5.99,7.64,0.0,0.31,51.0,58.95,FILLED,Top-K目标建仓/加仓,
ORD_000471,,600989.SH,BUY,2024-02-26,2024-02-27,1800,1800,0,0,1800,14.84,14.85,6.68,0.0,0.27,18.0,24.95,FILLED,Top-K目标建仓/加仓,
ORD_000472,,002532.SZ,BUY,2024-02-26,2024-02-27,5400,5400,0,0,5400,5.65,5.65,7.63,0.0,0.31,54.0,61.94,FILLED,Top-K目标建仓/加仓,
ORD_000473,,000333.SZ,BUY,2024-02-26,2024-02-27,500,500,0,0,500,60.3,60.65,7.58,0.0,0.3,30.0,37.88,FILLED,Top-K目标建仓/加仓,
ORD_000474,,002304.SZ,BUY,2024-02-26,2024-02-27,300,300,0,0,300,100.3,100.3,7.52,0.0,0.3,30.0,37.82,FILLED,Top-K目标建仓/加仓,
ORD_000476,,601878.SH,SELL,2024-03-07,2024-03-08,2700,2700,0,0,2700,10.16,10.12,6.83,13.66,0.27,27.0,47.76,FILLED,"触发跟踪止盈 (最高浮盈: 7.17%, 自高点回撤: 5.58%)",
ORD_000477,,000425.SZ,SELL,2024-03-12,2024-03-13,5100,5100,0,0,5100,6.1,6.07,7.74,15.48,0.31,51.0,74.53,FILLED,"触发跟踪止盈 (最高浮盈: 8.35%, 自高点回撤: 6.01%)",
ORD_000478,,000333.SZ,SELL,2024-03-18,2024-03-19,500,500,0,0,500,62.36,62.14,7.77,15.54,0.31,30.0,53.62,FILLED,"触发跟踪止盈 (最高浮盈: 9.89%, 自高点回撤: 6.44%)",
ORD_000479,,002304.SZ,SELL,2024-03-22,2024-03-25,300,300,0,0,300,101.11,100.34,7.53,15.05,0.3,30.0,52.88,FILLED,"触发跟踪止盈 (最高浮盈: 6.33%, 自高点回撤: 5.19%)",
ORD_000480,,600989.SH,SELL,2024-03-25,2024-03-26,1800,1800,0,0,1800,15.74,15.73,7.08,14.16,0.28,36.0,57.52,FILLED,调仓剔除(掉出Top-K),
ORD_000481,,601066.SH,SELL,2024-03-25,2024-03-26,1200,1200,0,0,1200,21.87,22.13,6.64,13.28,0.27,24.0,44.19,FILLED,调仓剔除(掉出Top-K),
ORD_000482,,600219.SH,SELL,2024-03-25,2024-03-26,900,900,0,0,900,3.34,3.37,5.0,1.52,0.03,0.0,6.55,FILLED,Top-K目标再平衡减仓,
ORD_000487,,002027.SZ,SELL,2024-03-25,2024-03-26,200,200,0,0,200,6.63,6.62,5.0,0.66,0.01,2.0,7.67,FILLED,Top-K目标再平衡减仓,
ORD_000490,,002532.SZ,SELL,2024-03-25,2024-03-26,600,600,0,0,600,6.36,6.36,5.0,1.91,0.04,6.0,12.95,FILLED,Top-K目标再平衡减仓,
ORD_000483,,603893.SH,BUY,2024-03-25,2024-03-26,600,600,0,0,600,51.59,51.85,7.78,0.0,0.31,30.0,38.09,FILLED,Top-K目标建仓/加仓,
ORD_000484,,688521.SH,BUY,2024-03-25,2024-03-26,800,800,0,0,800,37.4,37.62,7.52,0.0,0.3,32.0,39.82,FILLED,Top-K目标建仓/加仓,
ORD_000485,,002202.SZ,BUY,2024-03-25,2024-03-26,4100,4100,0,0,4100,7.51,7.48,7.67,0.0,0.31,41.0,48.98,FILLED,Top-K目标建仓/加仓,
ORD_000486,,002600.SZ,BUY,2024-03-25,2024-03-26,5600,5600,0,0,5600,5.51,5.5,7.7,0.0,0.31,56.0,64.01,FILLED,Top-K目标建仓/加仓,
ORD_000488,,002311.SZ,BUY,2024-03-25,2024-03-26,700,700,0,0,700,42.78,42.91,7.51,0.0,0.3,28.0,35.81,FILLED,Top-K目标建仓/加仓,
ORD_000489,,002353.SZ,BUY,2024-03-25,2024-03-26,1000,1000,0,0,1000,29.61,29.66,7.42,0.0,0.3,30.0,37.72,FILLED,Top-K目标建仓/加仓,
ORD_000491,,002532.SZ,SELL,2024-03-27,2024-03-28,4800,4800,0,0,4800,6.2,6.19,7.43,14.86,0.3,48.0,70.59,FILLED,"触发跟踪止盈 (最高浮盈: 15.75%, 自高点回撤: 5.20%)",
ORD_000492,,688521.SH,SELL,2024-03-27,2024-03-28,800,800,0,0,800,33.92,34.09,6.82,13.64,0.27,24.0,44.73,FILLED,触发个股硬止损 (浮亏: -9.84% <= -8.0%),
ORD_000493,,603893.SH,SELL,2024-04-10,2024-04-11,600,600,0,0,600,47.55,47.46,7.12,14.24,0.28,30.0,51.64,FILLED,触发个股硬止损 (浮亏: -8.29% <= -8.0%),
ORD_000494,,002353.SZ,SELL,2024-04-10,2024-04-11,1000,1000,0,0,1000,31.46,31.37,7.84,15.69,0.31,30.0,53.84,FILLED,"触发跟踪止盈 (最高浮盈: 12.04%, 自高点回撤: 5.33%)",
ORD_000495,,002202.SZ,SELL,2024-04-16,2024-04-17,4100,4100,0,0,4100,7.4,7.43,7.62,15.23,0.3,41.0,64.15,FILLED,"触发跟踪止盈 (最高浮盈: 6.55%, 自高点回撤: 7.15%)",
ORD_000496,,600219.SH,SELL,2024-04-23,2024-04-24,9200,9200,0,0,9200,3.25,3.27,7.52,15.04,0.3,0.0,22.86,FILLED,"触发跟踪止盈 (最高浮盈: 21.45%, 自高点回撤: 11.68%)",
ORD_000497,,002027.SZ,SELL,2024-04-24,2024-04-25,4600,4600,0,0,4600,7.0,7.0,8.05,16.1,0.32,46.0,70.47,FILLED,调仓剔除(掉出Top-K),
ORD_000498,,002311.SZ,SELL,2024-04-24,2024-04-25,700,700,0,0,700,49.23,48.68,8.52,17.04,0.34,35.0,60.9,FILLED,调仓剔除(掉出Top-K),
ORD_000499,,002600.SZ,SELL,2024-04-24,2024-04-25,5600,5600,0,0,5600,5.24,5.21,7.29,14.59,0.29,56.0,78.17,FILLED,调仓剔除(掉出Top-K),
ORD_000500,,603893.SH,BUY,2024-04-24,2024-04-25,300,300,0,0,300,54.5,53.85,5.0,0.0,0.16,15.0,20.16,FILLED,Top-K目标建仓/加仓,
ORD_000501,,688472.SH,BUY,2024-04-24,2024-04-25,1400,1400,0,0,1400,11.68,11.67,5.0,0.0,0.16,14.0,19.16,FILLED,Top-K目标建仓/加仓,
ORD_000502,,002202.SZ,BUY,2024-04-24,2024-04-25,4700,4700,0,0,4700,7.31,7.28,8.55,0.0,0.34,47.0,55.89,FILLED,Top-K目标建仓/加仓,
ORD_000503,,002074.SZ,BUY,2024-04-24,2024-04-25,1900,1900,0,0,1900,17.81,17.74,8.43,0.0,0.34,38.0,46.77,FILLED,Top-K目标建仓/加仓,
ORD_000504,,002353.SZ,BUY,2024-04-24,2024-04-25,1000,1000,0,0,1000,32.48,32.44,8.11,0.0,0.32,30.0,38.43,FILLED,Top-K目标建仓/加仓,
ORD_000505,,601816.SH,BUY,2024-04-24,2024-04-25,3200,3200,0,0,3200,5.16,5.17,5.0,0.0,0.17,32.0,37.17,FILLED,Top-K目标建仓/加仓,
ORD_000506,,601658.SH,BUY,2024-04-24,2024-04-25,3400,3400,0,0,3400,4.81,4.81,5.0,0.0,0.16,0.0,5.16,FILLED,Top-K目标建仓/加仓,
ORD_000507,,688472.SH,SELL,2024-05-10,2024-05-13,1400,1400,0,0,1400,12.31,12.14,5.0,8.5,0.17,14.0,27.67,FILLED,"触发跟踪止盈 (最高浮盈: 12.08%, 自高点回撤: 5.89%)",
ORD_000508,,603893.SH,SELL,2024-05-15,2024-05-16,300,300,0,0,300,54.79,54.74,5.0,8.21,0.16,15.0,28.37,FILLED,"触发跟踪止盈 (最高浮盈: 11.62%, 自高点回撤: 8.85%)",
ORD_000509,,002074.SZ,SELL,2024-05-15,2024-05-16,1900,1900,0,0,1900,18.59,18.59,8.83,17.66,0.35,38.0,64.84,FILLED,"触发跟踪止盈 (最高浮盈: 11.16%, 自高点回撤: 5.73%)",
ORD_000510,,002202.SZ,SELL,2024-05-27,2024-05-28,4700,4700,0,0,4700,7.9,7.87,9.25,18.49,0.37,47.0,75.11,FILLED,调仓剔除(掉出Top-K),
ORD_000511,,002353.SZ,SELL,2024-05-27,2024-05-28,1000,1000,0,0,1000,34.34,34.19,8.55,17.09,0.34,30.0,55.98,FILLED,调仓剔除(掉出Top-K),
ORD_000520,,601658.SH,SELL,2024-05-27,2024-05-28,200,200,0,0,200,5.15,5.14,5.0,0.51,0.01,2.0,7.52,FILLED,Top-K目标再平衡减仓,
ORD_000512,,601988.SH,BUY,2024-05-27,2024-05-28,6200,6200,0,0,6200,4.51,4.51,6.99,0.0,0.28,0.0,7.27,FILLED,Top-K目标建仓/加仓,
ORD_000513,,000776.SZ,BUY,2024-05-27,2024-05-28,2100,2100,0,0,2100,12.98,12.97,6.81,0.0,0.27,21.0,28.08,FILLED,Top-K目标建仓/加仓,
ORD_000514,,601939.SH,BUY,2024-05-27,2024-05-28,3900,3900,0,0,3900,7.11,7.12,6.94,0.0,0.28,39.0,46.22,FILLED,Top-K目标建仓/加仓,
ORD_000515,,000166.SZ,BUY,2024-05-27,2024-05-28,6100,6100,0,0,6100,4.6,4.6,7.01,0.0,0.28,0.0,7.29,FILLED,Top-K目标建仓/加仓,
ORD_000516,,000651.SZ,BUY,2024-05-27,2024-05-28,600,600,0,0,600,41.92,41.96,6.29,0.0,0.25,24.0,30.54,FILLED,Top-K目标建仓/加仓,
ORD_000517,,601916.SH,BUY,2024-05-27,2024-05-28,5500,5500,0,0,5500,3.07,3.07,5.0,0.0,0.17,0.0,5.17,FILLED,Top-K目标建仓/加仓,
ORD_000518,,601868.SH,BUY,2024-05-27,2024-05-28,7600,7600,0,0,7600,2.22,2.22,5.0,0.0,0.17,0.0,5.17,FILLED,Top-K目标建仓/加仓,
ORD_000519,,601838.SH,BUY,2024-05-27,2024-05-28,1000,1000,0,0,1000,15.95,16.01,5.0,0.0,0.16,20.0,25.16,FILLED,Top-K目标建仓/加仓,
ORD_000521,,601658.SH,SELL,2024-06-11,2024-06-12,3200,3200,0,0,3200,4.92,4.91,5.0,7.86,0.16,0.0,13.02,FILLED,"触发跟踪止盈 (最高浮盈: 7.69%, 自高点回撤: 5.02%)",
ORD_000522,,601916.SH,SELL,2024-06-19,2024-06-20,5500,5500,0,0,5500,2.82,2.83,5.0,7.78,0.16,0.0,12.94,FILLED,触发个股硬止损 (浮亏: -8.14% <= -8.0%),
ORD_000523,,000166.SZ,SELL,2024-06-25,2024-06-26,6100,6100,0,0,6100,4.33,4.33,6.6,13.21,0.26,0.0,20.07,FILLED,调仓剔除(掉出Top-K),
ORD_000525,,601988.SH,SELL,2024-06-25,2024-06-26,100,100,0,0,100,4.52,4.51,5.0,0.23,0.0,0.0,5.23,FILLED,Top-K目标再平衡减仓,
ORD_000526,,601939.SH,SELL,2024-06-25,2024-06-26,100,100,0,0,100,7.28,7.26,5.0,0.36,0.01,1.0,6.37,FILLED,Top-K目标再平衡减仓,
ORD_000532,,601816.SH,SELL,2024-06-25,2024-06-26,100,100,0,0,100,5.25,5.24,5.0,0.26,0.01,1.0,6.27,FILLED,Top-K目标再平衡减仓,
ORD_000524,,603260.SH,BUY,2024-06-25,2024-06-26,300,300,0,0,300,47.09,46.6,5.0,0.0,0.14,15.0,20.14,FILLED,Top-K目标建仓/加仓,
ORD_000527,,601916.SH,BUY,2024-06-25,2024-06-26,5900,5900,0,0,5900,2.82,2.66,5.0,0.0,0.16,0.0,5.16,FILLED,Top-K目标建仓/加仓,
ORD_000528,,000776.SZ,BUY,2024-06-25,2024-06-26,100,100,0,0,100,12.25,12.25,5.0,0.0,0.01,1.0,6.01,FILLED,Top-K目标建仓/加仓,
ORD_000529,,601868.SH,BUY,2024-06-25,2024-06-26,400,400,0,0,400,2.09,2.09,5.0,0.0,0.01,0.0,5.01,FILLED,Top-K目标建仓/加仓,
ORD_000530,,601857.SH,BUY,2024-06-25,2024-06-26,2700,2700,0,0,2700,10.05,9.84,6.64,0.0,0.27,27.0,33.91,FILLED,Top-K目标建仓/加仓,
ORD_000531,,601838.SH,BUY,2024-06-25,2024-06-26,100,100,0,0,100,14.88,14.83,5.0,0.0,0.01,1.0,6.01,FILLED,Top-K目标建仓/加仓,
ORD_000533,,000651.SZ,SELL,2024-07-02,2024-07-03,600,600,0,0,600,38.26,38.19,5.73,11.46,0.23,24.0,41.42,FILLED,触发个股硬止损 (浮亏: -8.82% <= -8.0%),
ORD_000534,,000776.SZ,SELL,2024-07-04,2024-07-05,2200,2200,0,0,2200,11.69,11.7,6.44,12.87,0.26,22.0,41.57,FILLED,触发个股硬止损 (浮亏: -9.64% <= -8.0%),
ORD_000535,,601838.SH,SELL,2024-07-05,2024-07-08,1100,1100,0,0,1100,14.23,14.23,5.0,7.83,0.16,11.0,23.99,FILLED,触发个股硬止损 (浮亏: -10.52% <= -8.0%),
ORD_000536,,601939.SH,SELL,2024-07-12,2024-07-15,3800,3800,0,0,3800,7.37,7.36,6.99,13.98,0.28,38.0,59.25,FILLED,"触发跟踪止盈 (最高浮盈: 9.27%, 自高点回撤: 5.27%)",
ORD_000537,,601988.SH,SELL,2024-07-17,2024-07-18,6100,6100,0,0,6100,4.66,4.66,7.11,14.21,0.28,0.0,21.6,FILLED,"触发跟踪止盈 (最高浮盈: 10.20%, 自高点回撤: 6.24%)",
ORD_000538,,601857.SH,SELL,2024-07-17,2024-07-18,2700,2700,0,0,2700,10.09,10.11,6.82,13.65,0.27,27.0,47.74,FILLED,"触发跟踪止盈 (最高浮盈: 9.25%, 自高点回撤: 6.14%)",
ORD_000539,,601816.SH,SELL,2024-07-23,2024-07-24,3100,3100,0,0,3100,5.74,5.71,5.0,8.85,0.18,31.0,45.03,FILLED,调仓剔除(掉出Top-K),
ORD_000540,,603260.SH,SELL,2024-07-23,2024-07-24,300,300,0,0,300,46.47,46.66,5.0,7.0,0.14,15.0,27.14,FILLED,调仓剔除(掉出Top-K),
ORD_000541,,601868.SH,SELL,2024-07-23,2024-07-24,8000,8000,0,0,8000,2.13,2.13,5.0,8.52,0.17,0.0,13.69,FILLED,调仓剔除(掉出Top-K),
ORD_000544,,601916.SH,SELL,2024-07-23,2024-07-24,100,100,0,0,100,2.85,2.85,5.0,0.14,0.0,0.0,5.14,FILLED,Top-K目标再平衡减仓,
ORD_000542,,600926.SH,BUY,2024-07-23,2024-07-24,1300,1300,0,0,1300,12.88,12.91,5.0,0.0,0.17,13.0,18.17,FILLED,Top-K目标建仓/加仓,
ORD_000543,,601229.SH,BUY,2024-07-23,2024-07-24,2200,2200,0,0,2200,7.46,7.46,5.0,0.0,0.16,22.0,27.16,FILLED,Top-K目标建仓/加仓,
ORD_000545,,601658.SH,BUY,2024-07-23,2024-07-24,3300,3300,0,0,3300,4.99,4.99,5.0,0.0,0.16,0.0,5.16,FILLED,Top-K目标建仓/加仓,
ORD_000546,,600674.SH,BUY,2024-07-23,2024-07-24,1700,1700,0,0,1700,19.64,19.65,8.35,0.0,0.33,34.0,42.68,FILLED,Top-K目标建仓/加仓,
ORD_000547,,600219.SH,BUY,2024-07-23,2024-07-24,9800,9800,0,0,9800,3.56,3.56,8.72,0.0,0.35,0.0,9.07,FILLED,Top-K目标建仓/加仓,
ORD_000548,,601059.SH,BUY,2024-07-23,2024-07-24,1200,1200,0,0,1200,13.66,13.57,5.0,0.0,0.16,12.0,17.16,FILLED,Top-K目标建仓/加仓,
ORD_000549,,601988.SH,BUY,2024-07-23,2024-07-24,7300,7300,0,0,7300,4.76,4.74,8.65,0.0,0.35,0.0,9.0,FILLED,Top-K目标建仓/加仓,
ORD_000550,,601059.SH,SELL,2024-08-02,2024-08-05,1200,1200,0,0,1200,13.97,13.92,5.0,8.35,0.17,12.0,25.52,FILLED,"触发跟踪止盈 (最高浮盈: 9.14%, 自高点回撤: 5.67%)",
ORD_000551,,600926.SH,SELL,2024-08-06,2024-08-07,1300,1300,0,0,1300,13.0,13.0,5.0,8.45,0.17,13.0,26.62,FILLED,"触发跟踪止盈 (最高浮盈: 6.20%, 自高点回撤: 5.18%)",
ORD_000552,,600674.SH,SELL,2024-08-20,2024-08-21,1700,1700,0,0,1700,18.03,18.01,7.65,15.31,0.31,34.0,57.27,FILLED,触发个股硬止损 (浮亏: -8.24% <= -8.0%),
ORD_000561,,601988.SH,SELL,2024-08-20,2024-08-21,2200,2200,0,0,2200,4.96,4.95,5.0,5.45,0.11,0.0,10.56,FILLED,Top-K目标再平衡减仓,
ORD_000562,,600219.SH,SELL,2024-08-20,2024-08-21,2700,2700,0,0,2700,3.55,3.58,5.0,4.83,0.1,0.0,9.93,FILLED,Top-K目标再平衡减仓,
ORD_000553,,601916.SH,BUY,2024-08-20,2024-08-21,1800,1800,0,0,1800,2.74,2.75,5.0,0.0,0.05,0.0,5.05,FILLED,Top-K目标建仓/加仓,
ORD_000554,,601658.SH,BUY,2024-08-20,2024-08-21,800,800,0,0,800,5.07,5.06,5.0,0.0,0.04,8.0,13.04,FILLED,Top-K目标建仓/加仓,
ORD_000555,,601728.SH,BUY,2024-08-20,2024-08-21,3400,3400,0,0,3400,6.04,6.07,5.16,0.0,0.21,34.0,39.37,FILLED,Top-K目标建仓/加仓,
ORD_000556,,000157.SZ,BUY,2024-08-20,2024-08-21,3800,3800,0,0,3800,6.65,6.61,6.28,0.0,0.25,38.0,44.53,FILLED,Top-K目标建仓/加仓,
ORD_000557,,601229.SH,BUY,2024-08-20,2024-08-21,500,500,0,0,500,7.62,7.61,5.0,0.0,0.04,5.0,10.04,FILLED,Top-K目标建仓/加仓,
ORD_000558,,600549.SH,BUY,2024-08-20,2024-08-21,1500,1500,0,0,1500,16.14,16.17,6.06,0.0,0.24,30.0,36.3,FILLED,Top-K目标建仓/加仓,
ORD_000559,,300408.SZ,BUY,2024-08-20,2024-08-21,800,800,0,0,800,30.3,30.24,6.05,0.0,0.24,24.0,30.29,FILLED,Top-K目标建仓/加仓,
ORD_000560,,601018.SH,BUY,2024-08-20,2024-08-21,7000,7000,0,0,7000,3.62,3.63,6.35,0.0,0.25,0.0,6.6,FILLED,Top-K目标建仓/加仓,
ORD_000563,,601916.SH,SELL,2024-08-28,2024-08-29,7600,7600,0,0,7600,2.71,2.71,5.15,10.3,0.21,0.0,15.66,FILLED,"触发跟踪止盈 (最高浮盈: 7.04%, 自高点回撤: 5.57%)",
ORD_000564,,601988.SH,SELL,2024-08-29,2024-08-30,5100,5100,0,0,5100,4.91,4.91,6.26,12.52,0.25,0.0,19.03,FILLED,"触发跟踪止盈 (最高浮盈: 9.70%, 自高点回撤: 5.58%)",
ORD_000565,,000157.SZ,SELL,2024-09-04,2024-09-05,3800,3800,0,0,3800,6.03,6.03,5.73,11.46,0.23,38.0,55.42,FILLED,触发个股硬止损 (浮亏: -8.77% <= -8.0%),
ORD_000566,,600219.SH,SELL,2024-09-06,2024-09-09,7100,7100,0,0,7100,3.58,3.56,6.32,12.64,0.25,0.0,19.21,FILLED,"触发跟踪止盈 (最高浮盈: 5.90%, 自高点回撤: 5.04%)",
ORD_000567,,300408.SZ,SELL,2024-09-06,2024-09-09,800,800,0,0,800,29.79,29.49,5.9,11.8,0.24,24.0,41.94,FILLED,"触发跟踪止盈 (最高浮盈: 5.62%, 自高点回撤: 6.73%)",
ORD_000568,,601018.SH,SELL,2024-09-09,2024-09-10,7000,7000,0,0,7000,3.31,3.31,5.79,11.59,0.23,0.0,17.61,FILLED,触发个股硬止损 (浮亏: -8.82% <= -8.0%),
ORD_000569,,601229.SH,SELL,2024-09-11,2024-09-12,2700,2700,0,0,2700,6.85,6.83,5.0,9.22,0.18,27.0,41.4,FILLED,触发个股硬止损 (浮亏: -8.52% <= -8.0%),
ORD_000570,,601658.SH,SELL,2024-09-11,2024-09-12,4100,4100,0,0,4100,4.51,4.51,5.0,9.25,0.18,0.0,14.43,FILLED,触发个股硬止损 (浮亏: -9.87% <= -8.0%),
ORD_000571,,601728.SH,SELL,2024-09-19,2024-09-20,3400,3400,0,0,3400,5.87,5.86,5.0,9.96,0.2,34.0,49.16,FILLED,调仓剔除(掉出Top-K),
ORD_000572,,601825.SH,BUY,2024-09-19,2024-09-20,4100,4100,0,0,4100,6.68,6.67,6.84,0.0,0.27,41.0,48.11,FILLED,Top-K目标建仓/加仓,
ORD_000573_P6600,ORD_000573,601018.SH,BUY,2024-09-19,2024-09-20,9300,6600,2700,0,6600,3.28,3.28,5.41,0.0,0.22,0.0,5.63,PARTIALLY_FILLED,Top-K目标建仓/加仓,
ORD_000574,,601229.SH,BUY,2024-09-19,2024-09-20,4000,4000,0,0,4000,6.85,6.85,6.85,0.0,0.27,40.0,47.12,FILLED,Top-K目标建仓/加仓,
ORD_000575,,002304.SZ,BUY,2024-09-19,2024-09-20,400,400,0,0,400,73.29,73.19,7.32,0.0,0.29,28.0,35.61,FILLED,Top-K目标建仓/加仓,
ORD_000576,,601916.SH,BUY,2024-09-19,2024-09-20,11000,11000,0,0,11000,2.5,2.5,6.88,0.0,0.28,0.0,7.16,FILLED,Top-K目标建仓/加仓,
ORD_000577,,600183.SH,BUY,2024-09-19,2024-09-20,1800,1800,0,0,1800,16.64,16.62,7.48,0.0,0.3,36.0,43.78,FILLED,Top-K目标建仓/加仓,
ORD_000578,,600196.SH,BUY,2024-09-19,2024-09-20,1300,1300,0,0,1300,22.5,22.51,7.32,0.0,0.29,26.0,33.61,FILLED,Top-K目标建仓/加仓,
ORD_000579,,000617.SZ,BUY,2024-09-19,2024-09-20,6000,6000,0,0,6000,5.11,5.1,7.65,0.0,0.31,60.0,67.96,FILLED,Top-K目标建仓/加仓,
ORD_000580,,600549.SH,BUY,2024-09-19,2024-09-20,200,200,0,0,200,17.46,17.47,5.0,0.0,0.03,4.0,9.03,FILLED,Top-K目标建仓/加仓,
ORD_000573,,601018.SH,BUY,2024-09-19,2024-09-23,9300,9300,0,0,2700,3.28,3.27,5.0,0.0,0.09,0.0,5.09,FILLED,Top-K目标建仓/加仓,
ORD_000581,,600549.SH,SELL,2024-10-08,2024-10-09,1700,1700,0,0,1700,21.51,21.08,8.96,17.92,0.36,34.0,61.24,FILLED,"触发跟踪止盈 (最高浮盈: 40.97%, 自高点回撤: 6.52%)",
ORD_000582,,601825.SH,SELL,2024-10-08,2024-10-09,4100,4100,0,0,4100,7.62,7.49,7.68,15.35,0.31,41.0,64.34,FILLED,"触发跟踪止盈 (最高浮盈: 22.19%, 自高点回撤: 6.50%)",
ORD_000583,,601018.SH,SELL,2024-10-08,2024-10-09,9300,9300,0,0,9300,3.97,3.92,9.11,18.23,0.36,0.0,27.7,FILLED,"触发跟踪止盈 (最高浮盈: 28.77%, 自高点回撤: 5.92%)",
ORD_000584,,002304.SZ,SELL,2024-10-08,2024-10-09,400,400,0,0,400,98.06,96.4,9.64,19.28,0.39,40.0,69.31,FILLED,"触发跟踪止盈 (最高浮盈: 48.93%, 自高点回撤: 10.04%)",
ORD_000585,,601916.SH,SELL,2024-10-08,2024-10-09,11000,11000,0,0,11000,3.02,2.98,8.2,16.39,0.33,0.0,24.92,FILLED,"触发跟踪止盈 (最高浮盈: 28.80%, 自高点回撤: 6.21%)",
ORD_000586,,601229.SH,SELL,2024-10-09,2024-10-10,4000,4000,0,0,4000,7.55,7.63,7.63,15.26,0.31,40.0,63.2,FILLED,"触发跟踪止盈 (最高浮盈: 26.42%, 自高点回撤: 12.82%)",
ORD_000587,,600183.SH,SELL,2024-10-09,2024-10-10,1800,1800,0,0,1800,20.38,20.47,9.21,18.42,0.37,36.0,64.0,FILLED,"触发跟踪止盈 (最高浮盈: 37.91%, 自高点回撤: 11.08%)",
ORD_000588,,600196.SH,SELL,2024-10-09,2024-10-10,1300,1300,0,0,1300,26.78,26.75,8.69,17.39,0.35,39.0,65.43,FILLED,"触发跟踪止盈 (最高浮盈: 35.23%, 自高点回撤: 12.02%)",
ORD_000589,,000617.SZ,SELL,2024-10-09,2024-10-10,6000,6000,0,0,6000,7.3,7.3,10.95,21.9,0.44,60.0,93.29,FILLED,"触发跟踪止盈 (最高浮盈: 59.02%, 自高点回撤: 9.99%)",
ORD_000590_P11200,ORD_000590,601825.SH,BUY,2024-10-24,2024-10-25,11700,11200,500,0,11200,7.93,7.96,22.29,0.0,0.89,112.0,135.18,PARTIALLY_FILLED,Top-K目标建仓/加仓,
ORD_000591,,002236.SZ,BUY,2024-10-24,2024-10-25,7100,7100,0,0,7100,16.35,16.4,29.11,0.0,1.16,142.0,172.27,FILLED,Top-K目标建仓/加仓,
ORD_000592,,600196.SH,BUY,2024-10-24,2024-10-25,4500,4500,0,0,4500,25.68,25.72,28.94,0.0,1.16,135.0,165.1,FILLED,Top-K目标建仓/加仓,
ORD_000593,,600549.SH,BUY,2024-10-24,2024-10-25,5900,5900,0,0,5900,19.61,19.59,28.9,0.0,1.16,118.0,148.06,FILLED,Top-K目标建仓/加仓,
ORD_000594,,600926.SH,BUY,2024-10-24,2024-10-25,6400,6400,0,0,6400,14.34,14.36,22.98,0.0,0.92,64.0,87.9,FILLED,Top-K目标建仓/加仓,
ORD_000595_P14300,ORD_000595,601018.SH,BUY,2024-10-24,2024-10-25,31900,14300,17600,0,14300,3.65,3.65,13.05,0.0,0.52,0.0,13.57,PARTIALLY_FILLED,Top-K目标建仓/加仓,
ORD_000596,,601229.SH,BUY,2024-10-24,2024-10-25,11700,11700,0,0,11700,7.93,7.94,23.22,0.0,0.93,117.0,141.15,FILLED,Top-K目标建仓/加仓,
ORD_000597,,601607.SH,BUY,2024-10-24,2024-10-25,5500,5500,0,0,5500,20.88,20.91,28.75,0.0,1.15,110.0,139.9,FILLED,Top-K目标建仓/加仓,
ORD_000590,,601825.SH,BUY,2024-10-24,2024-10-28,11700,11700,0,0,500,7.93,7.86,5.0,0.0,0.04,5.0,10.04,FILLED,Top-K目标建仓/加仓,
ORD_000595,,601018.SH,BUY,2024-10-24,2024-10-28,31900,31900,0,0,17600,3.65,3.67,16.15,0.0,0.65,0.0,16.8,FILLED,Top-K目标建仓/加仓,
ORD_000598,,600549.SH,SELL,2024-11-12,2024-11-13,5900,5900,0,0,5900,22.25,22.06,32.54,65.08,1.3,118.0,216.92,FILLED,"触发跟踪止盈 (最高浮盈: 19.86%, 自高点回撤: 5.24%)",
ORD_000599,,600196.SH,SELL,2024-11-15,2024-11-18,4500,4500,0,0,4500,26.81,26.8,30.15,60.3,1.21,135.0,226.66,FILLED,"触发跟踪止盈 (最高浮盈: 10.19%, 自高点回撤: 5.40%)",
ORD_000600,,002236.SZ,SELL,2024-11-18,2024-11-19,7100,7100,0,0,7100,16.84,16.83,29.87,59.75,1.19,142.0,232.81,FILLED,"触发跟踪止盈 (最高浮盈: 12.32%, 自高点回撤: 8.58%)",
ORD_000601,,601825.SH,SELL,2024-11-21,2024-11-22,11700,11700,0,0,11700,8.09,8.09,23.66,47.33,0.95,117.0,188.94,FILLED,调仓剔除(掉出Top-K),
ORD_000602,,600926.SH,SELL,2024-11-21,2024-11-22,6400,6400,0,0,6400,13.76,13.79,22.06,44.13,0.88,64.0,131.07,FILLED,调仓剔除(掉出Top-K),
ORD_000603,,601607.SH,SELL,2024-11-21,2024-11-22,5500,5500,0,0,5500,22.07,21.84,30.03,60.06,1.2,110.0,201.29,FILLED,调仓剔除(掉出Top-K),
ORD_000604,,601229.SH,SELL,2024-11-21,2024-11-22,11700,11700,0,0,11700,8.1,8.11,23.72,47.44,0.95,117.0,189.11,FILLED,调仓剔除(掉出Top-K),
ORD_000605_P21500,ORD_000605,601018.SH,SELL,2024-11-21,2024-11-22,31900,21500,10400,0,21500,3.83,3.82,20.53,41.06,0.82,0.0,62.41,PARTIALLY_FILLED,调仓剔除(掉出Top-K),
ORD_000606,,002241.SZ,BUY,2024-11-21,2024-11-22,4800,4800,0,0,4800,24.81,24.54,29.45,0.0,1.18,96.0,126.63,FILLED,Top-K目标建仓/加仓,
ORD_000607,,002202.SZ,BUY,2024-11-21,2024-11-22,11600,11600,0,0,11600,10.36,10.38,30.1,0.0,1.2,116.0,147.3,FILLED,Top-K目标建仓/加仓,
ORD_000608,,600460.SH,BUY,2024-11-21,2024-11-22,4100,4100,0,0,4100,29.13,29.18,29.91,0.0,1.2,123.0,154.11,FILLED,Top-K目标建仓/加仓,
ORD_000609,,688047.SH,BUY,2024-11-21,2024-11-22,700,700,0,0,700,154.0,153.15,26.8,0.0,1.07,105.0,132.87,FILLED,Top-K目标建仓/加仓,
ORD_000610,,688183.SH,BUY,2024-11-21,2024-11-22,3600,3600,0,0,3600,32.78,33.11,29.8,0.0,1.19,108.0,138.99,FILLED,Top-K目标建仓/加仓,
ORD_000611,,000063.SZ,BUY,2024-11-21,2024-11-22,3700,3700,0,0,3700,32.29,32.24,29.82,0.0,1.19,111.0,142.01,FILLED,Top-K目标建仓/加仓,
ORD_000612,,000100.SZ,BUY,2024-11-21,2024-11-22,25000,25000,0,0,25000,4.81,4.78,29.88,0.0,1.2,0.0,31.08,FILLED,Top-K目标建仓/加仓,
ORD_000613,,000157.SZ,BUY,2024-11-21,2024-11-22,16900,16900,0,0,16900,7.09,7.07,29.87,0.0,1.19,169.0,200.06,FILLED,Top-K目标建仓/加仓,
ORD_000605,,601018.SH,SELL,2024-11-21,2024-11-25,31900,31900,0,0,10400,3.83,3.72,9.67,19.34,0.39,0.0,29.4,FILLED,调仓剔除(掉出Top-K),
ORD_000614,,002241.SZ,SELL,2024-11-25,2024-11-26,4800,4800,0,0,4800,23.45,23.16,27.79,55.58,1.11,96.0,180.48,FILLED,"触发跟踪止盈 (最高浮盈: 5.46%, 自高点回撤: 9.39%)",
ORD_000615,,688183.SH,SELL,2024-11-25,2024-11-26,3600,3600,0,0,3600,30.19,30.3,27.27,54.54,1.09,108.0,190.9,FILLED,触发个股硬止损 (浮亏: -8.82% <= -8.0%),
ORD_000616,,600460.SH,SELL,2024-11-26,2024-11-27,4100,4100,0,0,4100,26.79,26.65,27.32,54.63,1.09,123.0,206.04,FILLED,触发个股硬止损 (浮亏: -8.19% <= -8.0%),
ORD_000617,,688047.SH,SELL,2024-12-03,2024-12-04,700,700,0,0,700,158.9,164.04,28.71,57.41,1.15,112.0,199.27,FILLED,"触发跟踪止盈 (最高浮盈: 10.08%, 自高点回撤: 5.74%)",
ORD_000618,,002202.SZ,SELL,2024-12-10,2024-12-11,11600,11600,0,0,11600,10.83,10.79,31.29,62.58,1.25,116.0,211.12,FILLED,"触发跟踪止盈 (最高浮盈: 10.31%, 自高点回撤: 5.41%)",
ORD_000624,,000063.SZ,SELL,2024-12-19,2024-12-20,500,500,0,0,500,37.8,36.76,5.0,9.19,0.18,20.0,34.37,FILLED,Top-K目标再平衡减仓,
ORD_000625,,000100.SZ,SELL,2024-12-19,2024-12-20,1500,1500,0,0,1500,5.17,5.15,5.0,3.86,0.08,15.0,23.94,FILLED,Top-K目标再平衡减仓,
ORD_000619,,002241.SZ,BUY,2024-12-19,2024-12-20,4400,4400,0,0,4400,27.43,27.4,30.14,0.0,1.21,132.0,163.35,FILLED,Top-K目标建仓/加仓,
ORD_000620,,002202.SZ,BUY,2024-12-19,2024-12-20,11200,11200,0,0,11200,10.78,10.8,30.24,0.0,1.21,112.0,143.45,FILLED,Top-K目标建仓/加仓,
ORD_000621,,600460.SH,BUY,2024-12-19,2024-12-20,4300,4300,0,0,4300,28.12,28.18,30.29,0.0,1.21,129.0,160.5,FILLED,Top-K目标建仓/加仓,
ORD_000622_P12800,ORD_000622,601238.SH,BUY,2024-12-19,2024-12-20,12900,12800,100,0,12800,9.41,9.4,30.08,0.0,1.2,128.0,159.28,PARTIALLY_FILLED,Top-K目标建仓/加仓,
ORD_000623,,688183.SH,BUY,2024-12-19,2024-12-20,2800,2800,0,0,2800,42.08,42.12,29.48,0.0,1.18,112.0,142.66,FILLED,Top-K目标建仓/加仓,
ORD_000626,,000157.SZ,BUY,2024-12-19,2024-12-20,400,400,0,0,400,7.01,7.01,5.0,0.0,0.03,4.0,9.03,FILLED,Top-K目标建仓/加仓,
ORD_000622,,601238.SH,BUY,2024-12-19,2024-12-23,12900,12900,0,0,100,9.41,9.41,5.0,0.0,0.01,1.0,6.01,FILLED,Top-K目标建仓/加仓,
ORD_000627,,000063.SZ,SELL,2024-12-23,2024-12-24,3200,3200,0,0,3200,36.15,36.62,29.3,58.59,1.17,128.0,217.06,FILLED,"触发跟踪止盈 (最高浮盈: 19.32%, 自高点回撤: 6.03%)",
ORD_000628,,002241.SZ,SELL,2024-12-23,2024-12-24,4400,4400,0,0,4400,26.86,26.89,29.58,59.16,1.18,132.0,221.92,FILLED,"触发跟踪止盈 (最高浮盈: 6.20%, 自高点回撤: 7.70%)",
ORD_000629,,600460.SH,SELL,2024-12-23,2024-12-24,4300,4300,0,0,4300,28.09,28.22,30.34,60.67,1.21,129.0,221.22,FILLED,"触发跟踪止盈 (最高浮盈: 5.15%, 自高点回撤: 5.20%)",
ORD_000630,,688183.SH,SELL,2024-12-27,2024-12-30,2800,2800,0,0,2800,41.9,40.96,28.67,57.34,1.15,112.0,199.16,FILLED,"触发跟踪止盈 (最高浮盈: 8.50%, 自高点回撤: 8.32%)",
ORD_000631,,000100.SZ,SELL,2024-12-31,2025-01-02,23500,23500,0,0,23500,5.03,5.02,29.49,58.98,1.18,235.0,324.65,FILLED,"触发跟踪止盈 (最高浮盈: 11.30%, 自高点回撤: 5.45%)",
ORD_000632,,601238.SH,SELL,2024-12-31,2025-01-02,12900,12900,0,0,12900,9.34,9.28,29.93,59.86,1.2,129.0,219.99,FILLED,"触发跟踪止盈 (最高浮盈: 5.74%, 自高点回撤: 6.04%)",
ORD_000633,,002202.SZ,SELL,2025-01-03,2025-01-06,11200,11200,0,0,11200,9.88,9.9,27.72,55.44,1.11,112.0,196.27,FILLED,触发个股硬止损 (浮亏: -8.52% <= -8.0%),
ORD_000634,,000157.SZ,SELL,2025-01-17,2025-01-20,17300,17300,0,0,17300,7.34,7.36,31.83,63.66,1.27,173.0,269.76,FILLED,调仓剔除(掉出Top-K),
ORD_000635,,601988.SH,BUY,2025-01-17,2025-01-20,13100,13100,0,0,13100,5.45,5.47,17.91,0.0,0.72,131.0,149.63,FILLED,Top-K目标建仓/加仓,
ORD_000636,,601288.SH,BUY,2025-01-17,2025-01-20,14100,14100,0,0,14100,5.05,5.07,17.87,0.0,0.71,141.0,159.58,FILLED,Top-K目标建仓/加仓,
ORD_000637,,601398.SH,BUY,2025-01-17,2025-01-20,10800,10800,0,0,10800,6.61,6.63,17.9,0.0,0.72,108.0,126.62,FILLED,Top-K目标建仓/加仓,
ORD_000638,,601658.SH,BUY,2025-01-17,2025-01-20,18100,18100,0,0,18100,5.26,5.28,23.89,0.0,0.96,181.0,205.85,FILLED,Top-K目标建仓/加仓,
ORD_000639,,601166.SH,BUY,2025-01-17,2025-01-20,3500,3500,0,0,3500,19.9,20.06,17.55,0.0,0.7,70.0,88.25,FILLED,Top-K目标建仓/加仓,
ORD_000640_P8700,ORD_000640,601825.SH,BUY,2025-01-17,2025-01-20,11600,8700,2900,0,8700,8.17,8.19,17.81,0.0,0.71,87.0,105.52,PARTIALLY_FILLED,Top-K目标建仓/加仓,
ORD_000641_P15000,ORD_000641,600015.SH,BUY,2025-01-17,2025-01-20,15800,15000,800,0,15000,7.54,7.59,28.46,0.0,1.14,150.0,179.6,PARTIALLY_FILLED,Top-K目标建仓/加仓,
ORD_000642,,601916.SH,BUY,2025-01-17,2025-01-20,33200,33200,0,0,33200,2.87,2.88,23.9,0.0,0.96,0.0,24.86,FILLED,Top-K目标建仓/加仓,
ORD_000640,,601825.SH,BUY,2025-01-17,2025-01-21,11600,11600,0,0,2900,8.17,8.13,5.89,0.0,0.24,29.0,35.13,FILLED,Top-K目标建仓/加仓,
ORD_000641,,600015.SH,BUY,2025-01-17,2025-01-21,15800,15800,0,0,800,7.54,7.59,5.0,0.0,0.06,8.0,13.06,FILLED,Top-K目标建仓/加仓,
ORD_000643,,601398.SH,SELL,2025-02-24,2025-02-25,10800,10800,0,0,10800,6.89,6.88,18.58,37.15,0.74,108.0,164.47,FILLED,调仓剔除(掉出Top-K),
ORD_000645,,601825.SH,SELL,2025-02-24,2025-02-25,4500,4500,0,0,4500,8.02,8.0,9.0,18.0,0.36,45.0,72.36,FILLED,Top-K目标再平衡减仓,
ORD_000646,,601658.SH,SELL,2025-02-24,2025-02-25,7400,7400,0,0,7400,5.31,5.3,9.8,19.61,0.39,74.0,103.8,FILLED,Top-K目标再平衡减仓,
ORD_000652,,601916.SH,SELL,2025-02-24,2025-02-25,13300,13300,0,0,13300,2.86,2.86,9.51,19.02,0.38,0.0,28.91,FILLED,Top-K目标再平衡减仓,
ORD_000654,,600015.SH,SELL,2025-02-24,2025-02-25,3800,3800,0,0,3800,7.19,7.17,6.81,13.62,0.27,38.0,58.7,FILLED,Top-K目标再平衡减仓,
ORD_000644,,601838.SH,BUY,2025-02-24,2025-02-25,3500,3500,0,0,3500,16.12,16.2,14.18,0.0,0.57,70.0,84.75,FILLED,Top-K目标建仓/加仓,
ORD_000647,,601166.SH,BUY,2025-02-24,2025-02-25,700,700,0,0,700,20.49,20.45,5.0,0.0,0.14,14.0,19.14,FILLED,Top-K目标建仓/加仓,
ORD_000648,,601009.SH,BUY,2025-02-24,2025-02-25,8500,8500,0,0,8500,10.08,10.11,21.48,0.0,0.86,85.0,107.34,FILLED,Top-K目标建仓/加仓,
ORD_000649,,601288.SH,BUY,2025-02-24,2025-02-25,2700,2700,0,0,2700,5.14,5.15,5.0,0.0,0.14,27.0,32.14,FILLED,Top-K目标建仓/加仓,
ORD_000650,,601319.SH,BUY,2025-02-24,2025-02-25,8100,8100,0,0,8100,6.98,6.94,14.05,0.0,0.56,81.0,95.61,FILLED,Top-K目标建仓/加仓,
ORD_000651,,601328.SH,BUY,2025-02-24,2025-02-25,11800,11800,0,0,11800,7.28,7.28,21.48,0.0,0.86,118.0,140.34,FILLED,Top-K目标建仓/加仓,
ORD_000653,,601988.SH,BUY,2025-02-24,2025-02-25,2800,2800,0,0,2800,5.41,5.43,5.0,0.0,0.15,28.0,33.15,FILLED,Top-K目标建仓/加仓,
ORD_000655,,601658.SH,SELL,2025-03-24,2025-03-25,10700,10700,0,0,10700,5.35,5.34,14.28,28.57,0.57,107.0,150.42,FILLED,调仓剔除(掉出Top-K),
ORD_000656,,601319.SH,SELL,2025-03-24,2025-03-25,8100,8100,0,0,8100,6.94,6.94,14.05,28.11,0.56,81.0,123.72,FILLED,调仓剔除(掉出Top-K),
ORD_000657,,601166.SH,SELL,2025-03-24,2025-03-25,4200,4200,0,0,4200,21.83,21.82,22.91,45.82,0.92,84.0,153.65,FILLED,调仓剔除(掉出Top-K),
ORD_000658,,600015.SH,SELL,2025-03-24,2025-03-25,12000,12000,0,0,12000,7.6,7.6,22.8,45.6,0.91,120.0,189.31,FILLED,调仓剔除(掉出Top-K),
ORD_000659,,601328.SH,SELL,2025-03-24,2025-03-25,11800,11800,0,0,11800,7.44,7.42,21.89,43.78,0.88,118.0,184.55,FILLED,调仓剔除(掉出Top-K),
ORD_000660,,601288.SH,SELL,2025-03-24,2025-03-25,16800,16800,0,0,16800,5.14,5.14,21.59,43.18,0.86,168.0,233.63,FILLED,调仓剔除(掉出Top-K),
ORD_000663,,601009.SH,SELL,2025-03-24,2025-03-25,700,700,0,0,700,10.32,10.3,5.0,3.61,0.07,7.0,15.68,FILLED,Top-K目标再平衡减仓,
ORD_000669,,601916.SH,SELL,2025-03-24,2025-03-25,3500,3500,0,0,3500,2.95,2.95,5.0,5.16,0.1,0.0,10.26,FILLED,Top-K目标再平衡减仓,
ORD_000670,,601838.SH,SELL,2025-03-24,2025-03-25,800,800,0,0,800,17.35,17.33,5.0,6.93,0.14,16.0,28.07,FILLED,Top-K目标再平衡减仓,
ORD_000671,,601988.SH,SELL,2025-03-24,2025-03-25,1000,1000,0,0,1000,5.4,5.39,5.0,2.69,0.05,10.0,17.74,FILLED,Top-K目标再平衡减仓,
ORD_000672,,601825.SH,SELL,2025-03-24,2025-03-25,1100,1100,0,0,1100,8.06,8.03,5.0,4.42,0.09,11.0,20.51,FILLED,Top-K目标再平衡减仓,
ORD_000661,,600958.SH,BUY,2025-03-24,2025-03-25,8300,8300,0,0,8300,9.69,9.71,20.15,0.0,0.81,83.0,103.96,FILLED,Top-K目标建仓/加仓,
ORD_000662,,600016.SH,BUY,2025-03-24,2025-03-25,19800,19800,0,0,19800,4.08,4.09,20.25,0.0,0.81,0.0,21.06,FILLED,Top-K目标建仓/加仓,
ORD_000664,,688472.SH,BUY,2025-03-24,2025-03-25,4700,4700,0,0,4700,10.15,10.14,11.91,0.0,0.48,47.0,59.39,FILLED,Top-K目标建仓/加仓,
ORD_000665_P600,ORD_000665,603392.SH,BUY,2025-03-24,2025-03-25,700,600,100,0,600,66.17,66.13,9.92,0.0,0.4,42.0,52.32,PARTIALLY_FILLED,Top-K目标建仓/加仓,
ORD_000666,,688396.SH,BUY,2025-03-24,2025-03-25,1000,1000,0,0,1000,45.34,45.39,11.35,0.0,0.45,50.0,61.8,FILLED,Top-K目标建仓/加仓,
ORD_000667,,000001.SZ,BUY,2025-03-24,2025-03-25,7100,7100,0,0,7100,11.38,11.39,20.22,0.0,0.81,71.0,92.03,FILLED,Top-K目标建仓/加仓,
ORD_000668,,603288.SH,BUY,2025-03-24,2025-03-25,2000,2000,0,0,2000,40.36,40.4,20.2,0.0,0.81,80.0,101.01,FILLED,Top-K目标建仓/加仓,
ORD_000665,,603392.SH,BUY,2025-03-24,2025-03-26,700,700,0,0,100,66.17,66.13,5.0,0.0,0.07,7.0,12.07,FILLED,Top-K目标建仓/加仓,
ORD_000673,,601838.SH,SELL,2025-04-07,2025-04-08,2700,2700,0,0,2700,16.7,16.64,11.23,22.46,0.45,54.0,88.14,FILLED,"触发跟踪止盈 (最高浮盈: 8.58%, 自高点回撤: 5.06%)",
ORD_000674,,600958.SH,SELL,2025-04-07,2025-04-08,8300,8300,0,0,8300,8.46,8.51,17.66,35.32,0.71,83.0,136.69,FILLED,触发个股硬止损 (浮亏: -12.87% <= -8.0%),
ORD_000675,,688472.SH,SELL,2025-04-07,2025-04-08,4700,4700,0,0,4700,8.6,8.64,10.15,20.3,0.41,47.0,77.86,FILLED,触发个股硬止损 (浮亏: -15.19% <= -8.0%),
ORD_000676,,688396.SH,SELL,2025-04-07,2025-04-08,1000,1000,0,0,1000,39.3,39.96,9.99,19.98,0.4,40.0,70.37,FILLED,触发个股硬止损 (浮亏: -13.42% <= -8.0%),
ORD_000677,,603392.SH,SELL,2025-04-18,2025-04-21,700,700,0,0,700,67.31,67.24,11.77,23.53,0.47,49.0,84.77,FILLED,"触发跟踪止盈 (最高浮盈: 9.48%, 自高点回撤: 7.03%)",
ORD_000678,,600016.SH,SELL,2025-04-22,2025-04-23,19800,19800,0,0,19800,4.01,4.01,19.85,39.7,0.79,0.0,60.34,FILLED,调仓剔除(掉出Top-K),
ORD_000679,,601009.SH,SELL,2025-04-22,2025-04-23,7800,7800,0,0,7800,10.44,10.46,20.4,40.79,0.82,78.0,140.01,FILLED,调仓剔除(掉出Top-K),
ORD_000688,,601916.SH,SELL,2025-04-22,2025-04-23,4600,4600,0,0,4600,3.02,3.03,5.0,6.97,0.14,0.0,12.11,FILLED,Top-K目标再平衡减仓,
ORD_000689,,601825.SH,SELL,2025-04-22,2025-04-23,1800,1800,0,0,1800,8.46,8.46,5.0,7.61,0.15,18.0,30.76,FILLED,Top-K目标再平衡减仓,
ORD_000680,,601066.SH,BUY,2025-04-22,2025-04-23,1500,1500,0,0,1500,23.63,23.72,8.89,0.0,0.36,30.0,39.25,FILLED,Top-K目标建仓/加仓,
ORD_000681,,688472.SH,BUY,2025-04-22,2025-04-23,3900,3900,0,0,3900,9.15,9.19,8.96,0.0,0.36,39.0,48.32,FILLED,Top-K目标建仓/加仓,
ORD_000682,,688396.SH,BUY,2025-04-22,2025-04-23,700,700,0,0,700,47.04,47.52,8.32,0.0,0.33,35.0,43.65,FILLED,Top-K目标建仓/加仓,
ORD_000683,,688303.SH,BUY,2025-04-22,2025-04-23,1900,1900,0,0,1900,18.01,18.12,8.61,0.0,0.34,38.0,46.95,FILLED,Top-K目标建仓/加仓,
ORD_000684,,603392.SH,BUY,2025-04-22,2025-04-23,500,500,0,0,500,66.11,66.23,8.28,0.0,0.33,35.0,43.61,FILLED,Top-K目标建仓/加仓,
ORD_000685,,000001.SZ,BUY,2025-04-22,2025-04-23,700,700,0,0,700,11.04,11.05,5.0,0.0,0.08,7.0,12.08,FILLED,Top-K目标建仓/加仓,
ORD_000686,,601995.SH,BUY,2025-04-22,2025-04-23,1000,1000,0,0,1000,33.53,33.74,8.44,0.0,0.34,30.0,38.78,FILLED,Top-K目标建仓/加仓,
ORD_000687,,601988.SH,BUY,2025-04-22,2025-04-23,200,200,0,0,200,5.73,5.75,5.0,0.0,0.01,2.0,7.01,FILLED,Top-K目标建仓/加仓,
ORD_000690,,601825.SH,SELL,2025-04-23,2025-04-24,4200,4200,0,0,4200,8.33,8.34,8.76,17.51,0.35,42.0,68.62,FILLED,"触发跟踪止盈 (最高浮盈: 7.99%, 自高点回撤: 5.34%)",
ORD_000691,,603288.SH,SELL,2025-04-28,2025-04-29,2000,2000,0,0,2000,41.26,41.82,20.91,41.82,0.84,80.0,143.57,FILLED,"触发跟踪止盈 (最高浮盈: 7.70%, 自高点回撤: 5.17%)",
ORD_000692,,601988.SH,SELL,2025-04-30,2025-05-06,15100,15100,0,0,15100,5.53,5.54,20.91,41.83,0.84,151.0,214.58,FILLED,"触发跟踪止盈 (最高浮盈: 6.84%, 自高点回撤: 5.31%)",
ORD_000693,,688472.SH,SELL,2025-05-14,2025-05-15,3900,3900,0,0,3900,9.63,9.57,9.33,18.66,0.37,39.0,67.36,FILLED,"触发跟踪止盈 (最高浮盈: 10.34%, 自高点回撤: 5.03%)",
ORD_000694,,688303.SH,SELL,2025-05-14,2025-05-15,1900,1900,0,0,1900,21.11,20.68,9.82,19.65,0.39,38.0,67.86,FILLED,"触发跟踪止盈 (最高浮盈: 29.19%, 自高点回撤: 9.82%)",
ORD_000695,,601916.SH,SELL,2025-05-23,2025-05-26,11800,11800,0,0,11800,3.13,3.12,9.2,18.41,0.37,0.0,27.98,FILLED,调仓剔除(掉出Top-K),
ORD_000696,,688396.SH,SELL,2025-05-23,2025-05-26,700,700,0,0,700,46.12,46.42,8.12,16.25,0.32,35.0,59.69,FILLED,调仓剔除(掉出Top-K),
ORD_000697,,000001.SZ,SELL,2025-05-23,2025-05-26,7800,7800,0,0,7800,11.46,11.43,22.29,44.58,0.89,78.0,145.76,FILLED,调仓剔除(掉出Top-K),
ORD_000698,,601995.SH,SELL,2025-05-23,2025-05-26,1000,1000,0,0,1000,32.96,32.94,8.23,16.47,0.33,30.0,55.03,FILLED,调仓剔除(掉出Top-K),
ORD_000699,,601066.SH,SELL,2025-05-23,2025-05-26,1500,1500,0,0,1500,23.05,23.03,8.64,17.27,0.35,30.0,56.26,FILLED,调仓剔除(掉出Top-K),
ORD_000700,,603392.SH,SELL,2025-05-23,2025-05-26,500,500,0,0,500,68.1,67.93,8.49,16.98,0.34,35.0,60.81,FILLED,调仓剔除(掉出Top-K),
ORD_000701_P6200,ORD_000701,002709.SZ,BUY,2025-05-23,2025-05-26,6900,6200,700,0,6200,17.21,17.17,26.61,0.0,1.06,124.0,151.67,PARTIALLY_FILLED,Top-K目标建仓/加仓,
ORD_000702,,601988.SH,BUY,2025-05-23,2025-05-26,21500,21500,0,0,21500,5.57,5.58,29.99,0.0,1.2,215.0,246.19,FILLED,Top-K目标建仓/加仓,
ORD_000703_P4900,ORD_000703,601456.SH,BUY,2025-05-23,2025-05-26,9800,4900,4900,0,4900,9.76,9.76,11.96,0.0,0.48,49.0,61.44,PARTIALLY_FILLED,Top-K目标建仓/加仓,
ORD_000704_P13100,ORD_000704,002532.SZ,BUY,2025-05-23,2025-05-26,15400,13100,2300,0,13100,7.78,7.76,25.41,0.0,1.02,131.0,157.43,PARTIALLY_FILLED,Top-K目标建仓/加仓,
ORD_000705,,601398.SH,BUY,2025-05-23,2025-05-26,16900,16900,0,0,16900,7.08,7.09,29.96,0.0,1.2,169.0,200.16,FILLED,Top-K目标建仓/加仓,
ORD_000706,,601009.SH,BUY,2025-05-23,2025-05-26,11100,11100,0,0,11100,10.8,10.8,29.97,0.0,1.2,111.0,142.17,FILLED,Top-K目标建仓/加仓,
ORD_000707,,601878.SH,BUY,2025-05-23,2025-05-26,9100,9100,0,0,9100,10.49,10.5,23.89,0.0,0.96,91.0,115.85,FILLED,Top-K目标建仓/加仓,
ORD_000708,,601211.SH,BUY,2025-05-23,2025-05-26,5400,5400,0,0,5400,17.46,17.48,23.6,0.0,0.94,108.0,132.54,FILLED,Top-K目标建仓/加仓,
ORD_000701,,002709.SZ,BUY,2025-05-23,2025-05-27,6900,6900,0,0,700,17.21,17.22,5.0,0.0,0.12,14.0,19.12,FILLED,Top-K目标建仓/加仓,
ORD_000703,,601456.SH,BUY,2025-05-23,2025-05-27,9800,9800,0,0,4900,9.76,9.87,12.09,0.0,0.48,49.0,61.57,FILLED,Top-K目标建仓/加仓,
ORD_000704,,002532.SZ,BUY,2025-05-23,2025-05-27,15400,15400,0,0,2300,7.78,7.75,5.0,0.0,0.18,23.0,28.18,FILLED,Top-K目标建仓/加仓,
ORD_000709,,601878.SH,SELL,2025-06-23,2025-06-24,9100,9100,0,0,9100,10.48,10.51,23.91,47.82,0.96,91.0,163.69,FILLED,调仓剔除(掉出Top-K),
ORD_000710,,601988.SH,SELL,2025-06-23,2025-06-24,21500,21500,0,0,21500,5.66,5.64,30.32,60.63,1.21,215.0,307.16,FILLED,调仓剔除(掉出Top-K),
ORD_000711,,601211.SH,SELL,2025-06-23,2025-06-24,5400,5400,0,0,5400,18.44,18.48,24.95,49.9,1.0,108.0,183.85,FILLED,调仓剔除(掉出Top-K),
ORD_000712,,601009.SH,SELL,2025-06-23,2025-06-24,11100,11100,0,0,11100,11.85,11.67,32.38,64.77,1.3,111.0,209.45,FILLED,调仓剔除(掉出Top-K),
ORD_000713,,601456.SH,SELL,2025-06-23,2025-06-24,9800,9800,0,0,9800,9.95,9.98,24.45,48.9,0.98,98.0,172.33,FILLED,调仓剔除(掉出Top-K),
ORD_000714,,601398.SH,SELL,2025-06-23,2025-06-24,500,500,0,0,500,7.52,7.5,5.0,1.88,0.04,5.0,11.92,FILLED,Top-K目标再平衡减仓,
ORD_000718,,002532.SZ,SELL,2025-06-23,2025-06-24,400,400,0,0,400,8.21,8.21,5.0,1.64,0.03,4.0,10.67,FILLED,Top-K目标再平衡减仓,
ORD_000715,,600999.SH,BUY,2025-06-23,2025-06-24,7300,7300,0,0,7300,16.73,16.77,30.61,0.0,1.22,146.0,177.83,FILLED,Top-K目标建仓/加仓,
ORD_000716,,000625.SZ,BUY,2025-06-23,2025-06-24,9900,9900,0,0,9900,12.44,12.54,31.04,0.0,1.24,99.0,131.28,FILLED,Top-K目标建仓/加仓,
ORD_000717,,601939.SH,BUY,2025-06-23,2025-06-24,13000,13000,0,0,13000,9.45,9.41,30.58,0.0,1.22,130.0,161.8,FILLED,Top-K目标建仓/加仓,
ORD_000719,,600089.SH,BUY,2025-06-23,2025-06-24,10700,10700,0,0,10700,11.52,11.54,30.87,0.0,1.23,107.0,139.1,FILLED,Top-K目标建仓/加仓,
ORD_000720,,002709.SZ,BUY,2025-06-23,2025-06-24,400,400,0,0,400,16.95,17.08,5.0,0.0,0.07,8.0,13.07,FILLED,Top-K目标建仓/加仓,
ORD_000721_P9900,ORD_000721,601238.SH,BUY,2025-06-23,2025-06-24,16600,9900,6700,0,9900,7.43,7.47,18.49,0.0,0.74,99.0,118.23,PARTIALLY_FILLED,Top-K目标建仓/加仓,
ORD_000721,,601238.SH,BUY,2025-06-23,2025-06-25,16600,16600,0,0,6700,7.43,7.52,12.6,0.0,0.5,67.0,80.1,FILLED,Top-K目标建仓/加仓,
ORD_000722,,002532.SZ,SELL,2025-07-09,2025-07-10,15000,15000,0,0,15000,8.45,8.52,31.95,63.9,1.28,150.0,247.13,FILLED,"触发跟踪止盈 (最高浮盈: 15.74%, 自高点回撤: 5.90%)",
ORD_000723,,601398.SH,SELL,2025-07-14,2025-07-15,16400,16400,0,0,16400,7.84,7.85,32.19,64.37,1.29,164.0,261.85,FILLED,"触发跟踪止盈 (最高浮盈: 17.91%, 自高点回撤: 6.22%)",
ORD_000724,,600999.SH,SELL,2025-07-16,2025-07-17,7300,7300,0,0,7300,17.34,17.35,31.66,63.33,1.27,146.0,242.26,FILLED,"触发跟踪止盈 (最高浮盈: 11.75%, 自高点回撤: 7.47%)",
ORD_000725,,002709.SZ,SELL,2025-07-21,2025-07-22,7300,7300,0,0,7300,19.2,19.18,35.0,70.01,1.4,146.0,252.41,FILLED,调仓剔除(掉出Top-K),
ORD_000726,,000625.SZ,SELL,2025-07-21,2025-07-22,9900,9900,0,0,9900,12.98,12.95,32.05,64.1,1.28,99.0,196.43,FILLED,调仓剔除(掉出Top-K),
ORD_000727,,600089.SH,SELL,2025-07-21,2025-07-22,10700,10700,0,0,10700,13.13,13.25,35.44,70.89,1.42,107.0,214.75,FILLED,调仓剔除(掉出Top-K),
ORD_000728,,601238.SH,SELL,2025-07-21,2025-07-22,16600,16600,0,0,16600,7.74,7.7,31.96,63.91,1.28,166.0,263.15,FILLED,调仓剔除(掉出Top-K),
ORD_000729,,601939.SH,BUY,2025-07-21,2025-07-22,600,600,0,0,600,9.57,9.55,5.0,0.0,0.06,6.0,11.06,FILLED,Top-K目标建仓/加仓,
ORD_000730,,002236.SZ,BUY,2025-07-21,2025-07-22,7900,7900,0,0,7900,16.34,16.36,32.31,0.0,1.29,158.0,191.6,FILLED,Top-K目标建仓/加仓,
ORD_000731,,688521.SH,BUY,2025-07-21,2025-07-22,1500,1500,0,0,1500,86.69,87.01,32.63,0.0,1.31,135.0,168.94,FILLED,Top-K目标建仓/加仓,
ORD_000732,,000001.SZ,BUY,2025-07-21,2025-07-22,10300,10300,0,0,10300,12.61,12.61,32.47,0.0,1.3,103.0,136.77,FILLED,Top-K目标建仓/加仓,
ORD_000733,,688472.SH,BUY,2025-07-21,2025-07-22,13900,13900,0,0,13900,9.35,9.37,32.56,0.0,1.3,139.0,172.86,FILLED,Top-K目标建仓/加仓,
ORD_000734,,000157.SZ,BUY,2025-07-21,2025-07-22,16700,16700,0,0,16700,7.78,7.86,32.82,0.0,1.31,167.0,201.13,FILLED,Top-K目标建仓/加仓,
ORD_000735,,000166.SZ,BUY,2025-07-21,2025-07-22,24300,24300,0,0,24300,5.35,5.36,32.56,0.0,1.3,243.0,276.86,FILLED,Top-K目标建仓/加仓,
ORD_000736,,000063.SZ,BUY,2025-07-21,2025-07-22,3800,3800,0,0,3800,34.25,34.14,32.43,0.0,1.3,114.0,147.73,FILLED,Top-K目标建仓/加仓,
ORD_000737,,601939.SH,SELL,2025-07-22,2025-07-23,13600,13600,0,0,13600,9.43,9.39,31.93,63.85,1.28,136.0,233.06,FILLED,"触发跟踪止盈 (最高浮盈: 6.52%, 自高点回撤: 5.98%)",
ORD_000738,,000157.SZ,SELL,2025-07-23,2025-07-24,16700,16700,0,0,16700,7.93,7.92,33.07,66.13,1.32,167.0,267.52,FILLED,"触发跟踪止盈 (最高浮盈: 8.40%, 自高点回撤: 6.92%)",
ORD_000739,,688521.SH,SELL,2025-08-01,2025-08-04,1500,1500,0,0,1500,94.49,94.91,35.59,71.18,1.42,150.0,258.19,FILLED,"触发跟踪止盈 (最高浮盈: 19.60%, 自高点回撤: 9.20%)",
ORD_000740,,000166.SZ,SELL,2025-08-18,2025-08-19,24300,24300,0,0,24300,5.58,5.55,33.72,67.43,1.35,243.0,345.5,FILLED,调仓剔除(掉出Top-K),
ORD_000741,,002236.SZ,SELL,2025-08-18,2025-08-19,7900,7900,0,0,7900,18.19,18.23,36.0,72.01,1.44,158.0,267.45,FILLED,调仓剔除(掉出Top-K),
ORD_000748,,688472.SH,SELL,2025-08-18,2025-08-19,2900,2900,0,0,2900,9.8,9.78,7.09,14.18,0.28,29.0,50.55,FILLED,Top-K目标再平衡减仓,
ORD_000749,,000063.SZ,SELL,2025-08-18,2025-08-19,300,300,0,0,300,38.31,37.72,5.0,5.66,0.11,12.0,22.77,FILLED,Top-K目标再平衡减仓,
ORD_000742,,601939.SH,BUY,2025-08-18,2025-08-19,14800,14800,0,0,14800,9.14,9.15,33.86,0.0,1.35,148.0,183.21,FILLED,Top-K目标建仓/加仓,
ORD_000743,,000338.SZ,BUY,2025-08-18,2025-08-19,8800,8800,0,0,8800,15.39,15.42,33.92,0.0,1.36,176.0,211.28,FILLED,Top-K目标建仓/加仓,
ORD_000744,,600938.SH,BUY,2025-08-18,2025-08-19,4200,4200,0,0,4200,25.57,25.6,26.88,0.0,1.08,126.0,153.96,FILLED,Top-K目标建仓/加仓,
ORD_000745_P6400,ORD_000745,601607.SH,BUY,2025-08-18,2025-08-19,7100,6400,700,0,6400,18.95,19.02,30.43,0.0,1.22,128.0,159.65,PARTIALLY_FILLED,Top-K目标建仓/加仓,
ORD_000746,,603501.SH,BUY,2025-08-18,2025-08-19,800,800,0,0,800,128.41,128.63,25.73,0.0,1.03,104.0,130.76,FILLED,Top-K目标建仓/加仓,
ORD_000747,,000001.SZ,BUY,2025-08-18,2025-08-19,900,900,0,0,900,12.08,12.11,5.0,0.0,0.11,9.0,14.11,FILLED,Top-K目标建仓/加仓,
ORD_000745,,601607.SH,BUY,2025-08-18,2025-08-20,7100,7100,0,0,700,18.95,18.93,5.0,0.0,0.13,14.0,19.13,FILLED,Top-K目标建仓/加仓,
ORD_000750,,000063.SZ,SELL,2025-08-26,2025-08-27,3500,3500,0,0,3500,45.02,45.25,39.59,79.19,1.58,175.0,295.36,FILLED,"触发跟踪止盈 (最高浮盈: 40.30%, 自高点回撤: 6.01%)",
ORD_000751,,688472.SH,SELL,2025-08-27,2025-08-28,11000,11000,0,0,11000,9.63,9.59,26.37,52.75,1.05,110.0,190.17,FILLED,"触发跟踪止盈 (最高浮盈: 8.22%, 自高点回撤: 5.03%)",
ORD_000752,,603501.SH,SELL,2025-08-27,2025-08-28,800,800,0,0,800,139.34,139.04,27.81,55.62,1.11,112.0,196.54,FILLED,"触发跟踪止盈 (最高浮盈: 14.23%, 自高点回撤: 5.17%)",
ORD_000753,,600938.SH,SELL,2025-09-15,2025-09-16,4200,4200,0,0,4200,26.27,26.22,27.53,55.06,1.1,126.0,209.69,FILLED,调仓剔除(掉出Top-K),
ORD_000754,,601607.SH,SELL,2025-09-15,2025-09-16,7100,7100,0,0,7100,18.13,18.18,32.27,64.54,1.29,142.0,240.1,FILLED,调仓剔除(掉出Top-K),
ORD_000755,,601939.SH,SELL,2025-09-15,2025-09-16,14800,14800,0,0,14800,9.04,9.01,33.34,66.67,1.33,148.0,249.34,FILLED,调仓剔除(掉出Top-K),
ORD_000757,,000001.SZ,SELL,2025-09-15,2025-09-16,800,800,0,0,800,11.65,11.65,5.0,4.66,0.09,8.0,17.75,FILLED,Top-K目标再平衡减仓,
ORD_000764,,000338.SZ,SELL,2025-09-15,2025-09-16,300,300,0,0,300,14.24,14.2,5.0,2.13,0.04,3.0,10.17,FILLED,Top-K目标再平衡减仓,
ORD_000756,,688981.SH,BUY,2025-09-15,2025-09-16,1100,1100,0,0,1100,108.66,109.11,30.01,0.0,1.2,121.0,152.21,FILLED,Top-K目标建仓/加仓,
ORD_000758,,000002.SZ,BUY,2025-09-15,2025-09-16,17400,17400,0,0,17400,6.97,6.96,30.28,0.0,1.21,174.0,205.49,FILLED,Top-K目标建仓/加仓,
ORD_000759,,000063.SZ,BUY,2025-09-15,2025-09-16,2800,2800,0,0,2800,43.06,43.21,30.25,0.0,1.21,112.0,143.46,FILLED,Top-K目标建仓/加仓,
ORD_000760,,000100.SZ,BUY,2025-09-15,2025-09-16,27500,27500,0,0,27500,4.42,4.42,30.39,0.0,1.22,0.0,31.61,FILLED,Top-K目标建仓/加仓,
ORD_000761,,000157.SZ,BUY,2025-09-15,2025-09-16,16700,16700,0,0,16700,7.28,7.28,30.39,0.0,1.22,167.0,198.61,FILLED,Top-K目标建仓/加仓,
ORD_000762,,000166.SZ,BUY,2025-09-15,2025-09-16,22900,22900,0,0,22900,5.3,5.3,30.34,0.0,1.21,229.0,260.55,FILLED,Top-K目标建仓/加仓,
ORD_000763_P7200,ORD_000763,000301.SZ,BUY,2025-09-15,2025-09-16,12100,7200,4900,0,7200,10.01,10.05,18.09,0.0,0.72,72.0,90.81,PARTIALLY_FILLED,Top-K目标建仓/加仓,
ORD_000765,,000338.SZ,SELL,2025-09-16,2025-09-17,8500,8500,0,0,8500,14.14,14.13,30.03,60.05,1.2,85.0,176.28,FILLED,触发个股硬止损 (浮亏: -8.30% <= -8.0%),
ORD_000763,,000301.SZ,BUY,2025-09-15,2025-09-17,12100,12100,0,0,4900,10.01,9.84,12.05,0.0,0.48,49.0,61.53,FILLED,Top-K目标建仓/加仓,
ORD_000766,,000001.SZ,SELL,2025-09-18,2025-09-19,10400,10400,0,0,10400,11.41,11.4,29.64,59.28,1.19,104.0,194.11,FILLED,触发个股硬止损 (浮亏: -9.20% <= -8.0%),
ORD_000767_P8800,ORD_000767,000301.SZ,SELL,2025-09-25,2025-09-26,12100,8800,3300,0,8800,9.16,9.15,20.13,40.26,0.81,88.0,149.2,PARTIALLY_FILLED,触发个股硬止损 (浮亏: -8.08% <= -8.0%),
ORD_000767,,000301.SZ,SELL,2025-09-25,2025-09-29,12100,12100,0,0,3300,9.16,9.32,7.69,15.38,0.31,33.0,56.38,FILLED,触发个股硬止损 (浮亏: -8.08% <= -8.0%),
ORD_000768,,000063.SZ,SELL,2025-09-26,2025-09-29,2800,2800,0,0,2800,44.47,44.38,31.07,62.13,1.24,112.0,206.44,FILLED,"触发跟踪止盈 (最高浮盈: 8.89%, 自高点回撤: 5.48%)",
ORD_000769,,688981.SH,SELL,2025-10-09,2025-10-10,1100,1100,0,0,1100,138.91,134.74,37.05,74.11,1.48,143.0,255.64,FILLED,"触发跟踪止盈 (最高浮盈: 40.23%, 自高点回撤: 9.21%)",
ORD_000770,,000002.SZ,SELL,2025-10-16,2025-10-17,17400,17400,0,0,17400,6.4,6.38,27.75,55.51,1.11,174.0,258.37,FILLED,触发个股硬止损 (浮亏: -8.05% <= -8.0%),
ORD_000771,,000157.SZ,SELL,2025-10-17,2025-10-20,16700,16700,0,0,16700,7.94,8.05,33.61,67.22,1.34,167.0,269.17,FILLED,"触发跟踪止盈 (最高浮盈: 15.93%, 自高点回撤: 5.92%)",
ORD_000772,,688981.SH,BUY,2025-10-21,2025-10-22,1000,1000,0,0,1000,127.19,125.55,31.39,0.0,1.26,130.0,162.65,FILLED,Top-K目标建仓/加仓,
ORD_000773,,000001.SZ,BUY,2025-10-21,2025-10-22,12100,12100,0,0,12100,11.43,11.41,34.52,0.0,1.38,121.0,156.9,FILLED,Top-K目标建仓/加仓,
ORD_000774,,000002.SZ,BUY,2025-10-21,2025-10-22,21600,21600,0,0,21600,6.4,6.37,34.4,0.0,1.38,216.0,251.78,FILLED,Top-K目标建仓/加仓,
ORD_000775,,000063.SZ,BUY,2025-10-21,2025-10-22,2700,2700,0,0,2700,51.24,50.24,33.91,0.0,1.36,135.0,170.27,FILLED,Top-K目标建仓/加仓,
ORD_000776,,000100.SZ,BUY,2025-10-21,2025-10-22,5800,5800,0,0,5800,4.16,4.16,6.03,0.0,0.24,0.0,6.27,FILLED,Top-K目标建仓/加仓,
ORD_000777,,000157.SZ,BUY,2025-10-21,2025-10-22,17000,17000,0,0,17000,8.13,8.12,34.51,0.0,1.38,170.0,205.89,FILLED,Top-K目标建仓/加仓,
ORD_000778,,000166.SZ,BUY,2025-10-21,2025-10-22,2900,2900,0,0,2900,5.37,5.38,5.0,0.0,0.16,29.0,34.16,FILLED,Top-K目标建仓/加仓,
ORD_000779_P6700,ORD_000779,000301.SZ,BUY,2025-10-21,2025-10-22,15200,6700,8500,0,6700,9.1,9.09,15.23,0.0,0.61,67.0,82.84,PARTIALLY_FILLED,Top-K目标建仓/加仓,
ORD_000779,,000301.SZ,BUY,2025-10-21,2025-10-23,15200,15200,0,0,8500,9.1,9.13,19.4,0.0,0.78,85.0,105.18,FILLED,Top-K目标建仓/加仓,
ORD_000780,,000063.SZ,SELL,2025-10-29,2025-10-30,2700,2700,0,0,2700,46.2,45.56,30.75,61.51,1.23,135.0,228.49,FILLED,触发个股硬止损 (浮亏: -8.04% <= -8.0%),
ORD_000781,,688981.SH,SELL,2025-10-30,2025-10-31,1000,1000,0,0,1000,128.55,127.9,31.98,63.95,1.28,130.0,227.21,FILLED,"触发跟踪止盈 (最高浮盈: 9.52%, 自高点回撤: 6.51%)",
ORD_000782,,000157.SZ,SELL,2025-11-14,2025-11-17,17000,17000,0,0,17000,8.25,8.24,35.02,70.04,1.4,170.0,276.46,FILLED,"触发跟踪止盈 (最高浮盈: 7.14%, 自高点回撤: 5.17%)",
ORD_000783,,000100.SZ,SELL,2025-11-18,2025-11-19,33300,33300,0,0,33300,4.24,4.24,35.3,70.6,1.41,0.0,107.31,FILLED,调仓剔除(掉出Top-K),
ORD_000784,,000001.SZ,SELL,2025-11-18,2025-11-19,12100,12100,0,0,12100,11.59,11.57,35.0,70.0,1.4,121.0,227.4,FILLED,调仓剔除(掉出Top-K),
ORD_000785,,000002.SZ,SELL,2025-11-18,2025-11-19,21600,21600,0,0,21600,6.13,6.11,32.99,65.99,1.32,216.0,316.3,FILLED,调仓剔除(掉出Top-K),
ORD_000786_P8000,ORD_000786,000301.SZ,SELL,2025-11-18,2025-11-19,15200,8000,7200,0,8000,10.09,10.08,20.16,40.32,0.81,80.0,141.29,PARTIALLY_FILLED,调仓剔除(掉出Top-K),
ORD_000787,,000166.SZ,BUY,2025-11-18,2025-11-19,300,300,0,0,300,5.32,5.31,5.0,0.0,0.02,3.0,8.02,FILLED,Top-K目标建仓/加仓,
ORD_000788,,601988.SH,BUY,2025-11-18,2025-11-19,24000,24000,0,0,24000,5.78,5.8,34.8,0.0,1.39,240.0,276.19,FILLED,Top-K目标建仓/加仓,
ORD_000789,,000975.SZ,BUY,2025-11-18,2025-11-19,6900,6900,0,0,6900,20.09,20.32,35.05,0.0,1.4,138.0,174.45,FILLED,Top-K目标建仓/加仓,
ORD_000790_P4100,ORD_000790,000999.SZ,BUY,2025-11-18,2025-11-19,4700,4100,600,0,4100,29.55,29.56,30.3,0.0,1.21,123.0,154.51,PARTIALLY_FILLED,Top-K目标建仓/加仓,
ORD_000791,,002353.SZ,BUY,2025-11-18,2025-11-19,2600,2600,0,0,2600,53.3,53.3,34.65,0.0,1.39,130.0,166.04,FILLED,Top-K目标建仓/加仓,
ORD_000792,,601058.SH,BUY,2025-11-18,2025-11-19,8800,8800,0,0,8800,15.71,15.83,34.83,0.0,1.39,176.0,212.22,FILLED,Top-K目标建仓/加仓,
ORD_000793,,300251.SZ,BUY,2025-11-18,2025-11-19,8300,8300,0,0,8300,16.66,16.77,34.8,0.0,1.39,166.0,202.19,FILLED,Top-K目标建仓/加仓,
ORD_000794_P2300,ORD_000794,002422.SZ,BUY,2025-11-18,2025-11-19,4000,2300,1700,0,2300,33.97,33.83,19.45,0.0,0.78,69.0,89.23,PARTIALLY_FILLED,Top-K目标建仓/加仓,
ORD_000786,,000301.SZ,SELL,2025-11-18,2025-11-20,15200,15200,0,0,7200,10.09,10.1,18.18,36.36,0.73,72.0,127.27,FILLED,调仓剔除(掉出Top-K),
ORD_000790,,000999.SZ,BUY,2025-11-18,2025-11-20,4700,4700,0,0,600,29.55,29.23,5.0,0.0,0.18,18.0,23.18,FILLED,Top-K目标建仓/加仓,
ORD_000794,,002422.SZ,BUY,2025-11-18,2025-11-20,4000,4000,0,0,1700,33.97,33.54,14.25,0.0,0.57,51.0,65.82,FILLED,Top-K目标建仓/加仓,
ORD_000795,,000166.SZ,SELL,2025-11-21,2025-11-24,26100,26100,0,0,26100,5.17,5.17,33.73,67.47,1.35,261.0,363.55,FILLED,"触发跟踪止盈 (最高浮盈: 5.29%, 自高点回撤: 7.51%)",
ORD_000796,,000975.SZ,SELL,2025-11-21,2025-11-24,6900,6900,0,0,6900,20.35,20.3,35.02,70.03,1.4,138.0,244.45,FILLED,"触发跟踪止盈 (最高浮盈: 5.46%, 自高点回撤: 5.04%)",
ORD_000797,,601988.SH,SELL,2025-11-28,2025-12-01,24000,24000,0,0,24000,6.07,6.05,36.3,72.6,1.45,240.0,350.35,FILLED,"触发跟踪止盈 (最高浮盈: 10.17%, 自高点回撤: 5.01%)",
ORD_000798,,002353.SZ,SELL,2025-12-16,2025-12-17,2600,2600,0,0,2600,70.99,71.0,46.15,92.3,1.85,182.0,322.3,FILLED,"触发跟踪止盈 (最高浮盈: 45.91%, 自高点回撤: 8.72%)",
ORD_000799,,002422.SZ,SELL,2025-12-16,2025-12-17,4000,4000,0,0,4000,30.58,30.73,30.73,61.46,1.23,120.0,213.42,FILLED,触发个股硬止损 (浮亏: -9.28% <= -8.0%),
ORD_000800,,601058.SH,SELL,2025-12-16,2025-12-17,8800,8800,0,0,8800,17.38,17.45,38.39,76.78,1.54,176.0,292.71,FILLED,调仓剔除(掉出Top-K),
ORD_000804,,000999.SZ,SELL,2025-12-16,2025-12-17,700,700,0,0,700,28.09,28.06,5.0,9.82,0.2,21.0,36.02,FILLED,Top-K目标再平衡减仓,
ORD_000808,,300251.SZ,SELL,2025-12-16,2025-12-17,300,300,0,0,300,15.86,15.78,5.0,2.37,0.05,6.0,13.42,FILLED,Top-K目标再平衡减仓,
ORD_000801,,000002.SZ,BUY,2025-12-16,2025-12-17,25500,25500,0,0,25500,4.97,4.92,31.37,0.0,1.25,0.0,32.62,FILLED,Top-K目标建仓/加仓,
ORD_000802_P2600,ORD_000802,603369.SH,BUY,2025-12-16,2025-12-17,3600,2600,1000,0,2600,35.09,35.02,22.76,0.0,0.91,78.0,101.67,PARTIALLY_FILLED,Top-K目标建仓/加仓,
ORD_000803,,002236.SZ,BUY,2025-12-16,2025-12-17,6900,6900,0,0,6900,18.17,18.15,31.31,0.0,1.25,138.0,170.56,FILLED,Top-K目标建仓/加仓,
ORD_000805,,000977.SZ,BUY,2025-12-16,2025-12-17,2000,2000,0,0,2000,60.55,60.62,30.31,0.0,1.21,120.0,151.52,FILLED,Top-K目标建仓/加仓,
ORD_000806,,600027.SH,BUY,2025-12-16,2025-12-17,24400,24400,0,0,24400,5.21,5.22,31.84,0.0,1.27,244.0,277.11,FILLED,Top-K目标建仓/加仓,
ORD_000807_P3300,ORD_000807,600085.SH,BUY,2025-12-16,2025-12-17,3400,3300,100,0,3300,32.84,32.82,27.08,0.0,1.08,99.0,127.16,PARTIALLY_FILLED,Top-K目标建仓/加仓,
ORD_000802,,603369.SH,BUY,2025-12-16,2025-12-18,3600,3600,0,0,1000,35.09,35.0,8.75,0.0,0.35,30.0,39.1,FILLED,Top-K目标建仓/加仓,
ORD_000807,,600085.SH,BUY,2025-12-16,2025-12-18,3400,3400,0,0,100,32.84,32.59,5.0,0.0,0.03,3.0,8.03,FILLED,Top-K目标建仓/加仓,
ORD_000809,,000977.SZ,SELL,2026-01-13,2026-01-14,2000,2000,0,0,2000,67.66,68.16,34.08,68.16,1.36,140.0,243.6,FILLED,"触发跟踪止盈 (最高浮盈: 17.78%, 自高点回撤: 5.24%)",
ORD_000810,,300251.SZ,SELL,2026-01-15,2026-01-16,8000,8000,0,0,8000,17.73,17.73,35.46,70.92,1.42,160.0,267.8,FILLED,"触发跟踪止盈 (最高浮盈: 13.24%, 自高点回撤: 6.64%)",
ORD_000811,,600085.SH,SELL,2026-01-15,2026-01-16,3400,3400,0,0,3400,31.44,31.47,26.75,53.5,1.07,102.0,183.32,FILLED,调仓剔除(掉出Top-K),
ORD_000812,,600027.SH,SELL,2026-01-15,2026-01-16,24400,24400,0,0,24400,4.97,4.98,30.38,60.76,1.22,0.0,92.36,FILLED,调仓剔除(掉出Top-K),
ORD_000814,,000002.SZ,SELL,2026-01-15,2026-01-16,1300,1300,0,0,1300,4.85,4.85,5.0,3.15,0.06,0.0,8.21,FILLED,Top-K目标再平衡减仓,
ORD_000815,,603369.SH,SELL,2026-01-15,2026-01-16,300,300,0,0,300,34.96,34.93,5.0,5.24,0.1,9.0,19.34,FILLED,Top-K目标再平衡减仓,
ORD_000820,,002236.SZ,SELL,2026-01-15,2026-01-16,1200,1200,0,0,1200,20.4,20.5,6.15,12.3,0.25,24.0,42.7,FILLED,Top-K目标再平衡减仓,
ORD_000813,,603893.SH,BUY,2026-01-15,2026-01-16,600,600,0,0,600,191.69,194.37,29.16,0.0,1.17,114.0,144.33,FILLED,Top-K目标建仓/加仓,
ORD_000816,,603259.SH,BUY,2026-01-15,2026-01-16,1100,1100,0,0,1100,103.56,103.68,28.51,0.0,1.14,110.0,139.65,FILLED,Top-K目标建仓/加仓,
ORD_000817,,300316.SZ,BUY,2026-01-15,2026-01-16,3000,3000,0,0,3000,38.58,38.89,29.17,0.0,1.17,120.0,150.34,FILLED,Top-K目标建仓/加仓,
ORD_000818,,300059.SZ,BUY,2026-01-15,2026-01-16,4800,4800,0,0,4800,24.06,24.31,29.17,0.0,1.17,96.0,126.34,FILLED,Top-K目标建仓/加仓,
ORD_000819,,300832.SZ,BUY,2026-01-15,2026-01-16,2000,2000,0,0,2000,58.17,58.38,29.19,0.0,1.17,120.0,150.36,FILLED,Top-K目标建仓/加仓,
ORD_000821,,000999.SZ,BUY,2026-01-15,2026-01-16,100,100,0,0,100,28.58,28.68,5.0,0.0,0.03,3.0,8.03,FILLED,Top-K目标建仓/加仓,
ORD_000822,,300316.SZ,SELL,2026-01-20,2026-01-21,3000,3000,0,0,3000,41.54,40.96,30.72,61.44,1.23,120.0,213.39,FILLED,"触发跟踪止盈 (最高浮盈: 13.40%, 自高点回撤: 5.80%)",
ORD_000823,,002236.SZ,SELL,2026-01-26,2026-01-27,5700,5700,0,0,5700,20.17,20.08,28.61,57.23,1.14,114.0,200.98,FILLED,"触发跟踪止盈 (最高浮盈: 17.91%, 自高点回撤: 5.75%)",
ORD_000824,,603369.SH,SELL,2026-01-27,2026-01-28,3300,3300,0,0,3300,32.2,32.09,26.47,52.95,1.06,99.0,179.48,FILLED,触发个股硬止损 (浮亏: -8.04% <= -8.0%),
ORD_000825,,300832.SZ,SELL,2026-01-28,2026-01-29,2000,2000,0,0,2000,53.47,53.39,26.7,53.39,1.07,100.0,181.16,FILLED,触发个股硬止损 (浮亏: -8.41% <= -8.0%),
ORD_000826,,603893.SH,SELL,2026-01-29,2026-01-30,600,600,0,0,600,191.31,190.81,28.62,57.24,1.14,114.0,201.0,FILLED,"触发跟踪止盈 (最高浮盈: 7.94%, 自高点回撤: 8.82%)",
ORD_000827,,000002.SZ,SELL,2026-01-30,2026-02-02,24200,24200,0,0,24200,4.88,4.7,28.44,56.87,1.14,0.0,86.45,FILLED,"触发跟踪止盈 (最高浮盈: 5.28%, 自高点回撤: 5.79%)",
ORD_000828,,603259.SH,SELL,2026-01-30,2026-02-02,1100,1100,0,0,1100,95.2,95.11,26.16,52.31,1.05,110.0,189.52,FILLED,触发个股硬止损 (浮亏: -8.18% <= -8.0%),
ORD_000829,,000999.SZ,SELL,2026-02-12,2026-02-13,4100,4100,0,0,4100,28.88,28.71,29.43,58.86,1.18,123.0,212.47,FILLED,调仓剔除(掉出Top-K),
ORD_000830,,300059.SZ,SELL,2026-02-12,2026-02-13,4800,4800,0,0,4800,22.66,22.68,27.22,54.43,1.09,96.0,178.74,FILLED,调仓剔除(掉出Top-K),
ORD_000831,,000596.SZ,BUY,2026-02-12,2026-02-13,1100,1100,0,0,1100,128.27,128.81,35.42,0.0,1.42,143.0,179.84,FILLED,Top-K目标建仓/加仓,
ORD_000832,,000617.SZ,BUY,2026-02-12,2026-02-13,16100,16100,0,0,16100,8.82,8.85,35.62,0.0,1.42,161.0,198.04,FILLED,Top-K目标建仓/加仓,
ORD_000833,,601618.SH,BUY,2026-02-12,2026-02-13,46900,46900,0,0,46900,3.04,3.04,35.64,0.0,1.43,0.0,37.07,FILLED,Top-K目标建仓/加仓,
ORD_000834_P2100,ORD_000834,603369.SH,BUY,2026-02-12,2026-02-13,4400,2100,2300,0,2100,32.39,32.45,17.04,0.0,0.68,63.0,80.72,PARTIALLY_FILLED,Top-K目标建仓/加仓,
ORD_000835,,601877.SH,BUY,2026-02-12,2026-02-13,4500,4500,0,0,4500,31.64,31.34,35.26,0.0,1.41,135.0,171.67,FILLED,Top-K目标建仓/加仓,
ORD_000836,,603019.SH,BUY,2026-02-12,2026-02-13,1500,1500,0,0,1500,92.12,91.09,34.16,0.0,1.37,135.0,170.53,FILLED,Top-K目标建仓/加仓,
ORD_000837_P1300,ORD_000837,601021.SH,BUY,2026-02-12,2026-02-13,2400,1300,1100,0,1300,57.4,57.47,18.68,0.0,0.75,78.0,97.43,PARTIALLY_FILLED,Top-K目标建仓/加仓,
ORD_000838_P3200,ORD_000838,600741.SH,BUY,2026-02-12,2026-02-13,7400,3200,4200,0,3200,19.26,19.24,15.39,0.0,0.62,64.0,80.01,PARTIALLY_FILLED,Top-K目标建仓/加仓,
ORD_000834,,603369.SH,BUY,2026-02-12,2026-02-24,4400,4400,0,0,2300,32.39,32.64,18.77,0.0,0.75,69.0,88.52,FILLED,Top-K目标建仓/加仓,
ORD_000837,,601021.SH,BUY,2026-02-12,2026-02-24,2400,2400,0,0,1100,57.4,57.26,15.75,0.0,0.63,66.0,82.38,FILLED,Top-K目标建仓/加仓,
ORD_000838,,600741.SH,BUY,2026-02-12,2026-02-24,7400,7400,0,0,4200,19.26,19.5,20.48,0.0,0.82,84.0,105.3,FILLED,Top-K目标建仓/加仓,
ORD_000839,,000596.SZ,SELL,2026-03-02,2026-03-03,1100,1100,0,0,1100,117.17,116.85,32.13,64.27,1.29,132.0,229.69,FILLED,触发个股硬止损 (浮亏: -9.04% <= -8.0%),
ORD_000840,,601021.SH,SELL,2026-03-02,2026-03-03,2400,2400,0,0,2400,52.68,52.82,31.69,63.38,1.27,120.0,216.34,FILLED,触发个股硬止损 (浮亏: -8.18% <= -8.0%),
ORD_000841,,000617.SZ,SELL,2026-03-03,2026-03-04,16100,16100,0,0,16100,9.47,9.14,36.79,73.58,1.47,161.0,272.84,FILLED,"触发跟踪止盈 (最高浮盈: 14.12%, 自高点回撤: 6.24%)",
ORD_000842,,601877.SH,SELL,2026-03-03,2026-03-04,4500,4500,0,0,4500,32.32,31.69,35.65,71.3,1.43,135.0,243.38,FILLED,"触发跟踪止盈 (最高浮盈: 10.02%, 自高点回撤: 6.26%)",
ORD_000843,,603019.SH,SELL,2026-03-03,2026-03-04,1500,1500,0,0,1500,83.28,80.92,30.34,60.69,1.21,120.0,212.24,FILLED,触发个股硬止损 (浮亏: -8.57% <= -8.0%),
ORD_000844,,601618.SH,SELL,2026-03-04,2026-03-05,46900,46900,0,0,46900,3.09,3.11,36.46,72.93,1.46,0.0,110.85,FILLED,"触发跟踪止盈 (最高浮盈: 7.24%, 自高点回撤: 5.21%)",
ORD_000845_P2100,ORD_000845,603369.SH,SELL,2026-03-04,2026-03-05,4400,2100,2300,0,2100,29.06,29.16,15.31,30.62,0.61,63.0,109.54,PARTIALLY_FILLED,触发个股硬止损 (浮亏: -10.72% <= -8.0%),
ORD_000845,,603369.SH,SELL,2026-03-04,2026-03-06,4400,4400,0,0,2300,29.06,28.95,16.65,33.29,0.67,69.0,119.61,FILLED,触发个股硬止损 (浮亏: -10.72% <= -8.0%),
ORD_000854,,600741.SH,SELL,2026-03-20,2026-03-23,900,900,0,0,900,18.5,18.3,5.0,8.23,0.16,18.0,31.39,FILLED,Top-K目标再平衡减仓,
ORD_000846,,601117.SH,BUY,2026-03-20,2026-03-23,13700,13700,0,0,13700,8.81,8.68,29.73,0.0,1.19,137.0,167.92,FILLED,Top-K目标建仓/加仓,
ORD_000847,,000002.SZ,BUY,2026-03-20,2026-03-23,27900,27900,0,0,27900,4.34,4.25,29.64,0.0,1.19,0.0,30.83,FILLED,Top-K目标建仓/加仓,
ORD_000848,,603260.SH,BUY,2026-03-20,2026-03-23,2700,2700,0,0,2700,44.6,44.03,29.72,0.0,1.19,108.0,138.91,FILLED,Top-K目标建仓/加仓,
ORD_000849,,000963.SZ,BUY,2026-03-20,2026-03-23,3400,3400,0,0,3400,34.97,34.58,29.39,0.0,1.18,102.0,132.57,FILLED,Top-K目标建仓/加仓,
ORD_000850,,002558.SZ,BUY,2026-03-20,2026-03-23,3700,3700,0,0,3700,32.12,31.6,29.23,0.0,1.17,111.0,141.4,FILLED,Top-K目标建仓/加仓,
ORD_000851,,002422.SZ,BUY,2026-03-20,2026-03-23,3500,3500,0,0,3500,34.37,34.01,29.76,0.0,1.19,105.0,135.95,FILLED,Top-K目标建仓/加仓,
ORD_000852,,601901.SH,BUY,2026-03-20,2026-03-23,16800,16800,0,0,16800,7.19,7.12,29.9,0.0,1.2,168.0,199.1,FILLED,Top-K目标建仓/加仓,
ORD_000853,,300251.SZ,BUY,2026-03-20,2026-03-23,7800,7800,0,0,7800,15.52,15.15,29.54,0.0,1.18,156.0,186.72,FILLED,Top-K目标建仓/加仓,
ORD_000855_P6000,ORD_000855,600741.SH,SELL,2026-03-23,2026-03-24,6500,6000,500,0,6000,17.75,17.95,26.93,53.85,1.08,120.0,201.86,PARTIALLY_FILLED,触发个股硬止损 (浮亏: -8.54% <= -8.0%),
ORD_000855,,600741.SH,SELL,2026-03-23,2026-03-25,6500,6500,0,0,500,17.75,17.92,5.0,4.48,0.09,10.0,19.57,FILLED,触发个股硬止损 (浮亏: -8.54% <= -8.0%),
ORD_000856,,601117.SH,SELL,2026-03-31,2026-04-01,13700,13700,0,0,13700,8.79,8.95,30.65,61.31,1.23,137.0,230.19,FILLED,"触发跟踪止盈 (最高浮盈: 9.10%, 自高点回撤: 7.18%)",
ORD_000857_P2100,ORD_000857,603260.SH,SELL,2026-03-31,2026-04-01,2700,2100,600,0,2100,40.46,41.05,21.55,43.1,0.86,84.0,149.51,PARTIALLY_FILLED,触发个股硬止损 (浮亏: -8.11% <= -8.0%),
ORD_000857,,603260.SH,SELL,2026-03-31,2026-04-02,2700,2700,0,0,600,40.46,40.67,6.1,12.2,0.24,24.0,42.54,FILLED,触发个股硬止损 (浮亏: -8.11% <= -8.0%),
ORD_000858,,000002.SZ,SELL,2026-04-03,2026-04-07,27900,27900,0,0,27900,3.82,3.8,26.5,53.01,1.06,0.0,80.57,FILLED,触发个股硬止损 (浮亏: -10.12% <= -8.0%),
ORD_000859,,002558.SZ,SELL,2026-04-03,2026-04-07,3700,3700,0,0,3700,33.2,33.21,30.72,61.44,1.23,111.0,204.39,FILLED,"触发跟踪止盈 (最高浮盈: 11.65%, 自高点回撤: 5.90%)",
ORD_000860,,002422.SZ,SELL,2026-04-07,2026-04-08,3500,3500,0,0,3500,34.34,34.86,30.5,61.01,1.22,105.0,197.73,FILLED,"触发跟踪止盈 (最高浮盈: 8.50%, 自高点回撤: 6.94%)",
ORD_000861,,000963.SZ,SELL,2026-04-13,2026-04-14,3400,3400,0,0,3400,34.93,34.97,29.72,59.45,1.19,136.0,226.36,FILLED,"触发跟踪止盈 (最高浮盈: 7.46%, 自高点回撤: 6.00%)",
ORD_000862,,300251.SZ,SELL,2026-04-15,2026-04-16,7800,7800,0,0,7800,16.02,15.98,31.16,62.32,1.25,156.0,250.73,FILLED,"触发跟踪止盈 (最高浮盈: 12.81%, 自高点回撤: 6.26%)",
ORD_000863,,600196.SH,BUY,2026-04-20,2026-04-21,4100,4100,0,0,4100,25.87,25.9,26.55,0.0,1.06,123.0,150.61,FILLED,Top-K目标建仓/加仓,
ORD_000864,,000999.SZ,BUY,2026-04-20,2026-04-21,3900,3900,0,0,3900,27.54,27.57,26.88,0.0,1.08,117.0,144.96,FILLED,Top-K目标建仓/加仓,
ORD_000865_P2600,ORD_000865,603392.SH,BUY,2026-04-20,2026-04-21,3300,2600,700,0,2600,40.55,40.51,26.33,0.0,1.05,104.0,131.38,PARTIALLY_FILLED,Top-K目标建仓/加仓,
ORD_000866,,603260.SH,BUY,2026-04-20,2026-04-21,3000,3000,0,0,3000,45.09,45.64,34.23,0.0,1.37,150.0,185.6,FILLED,Top-K目标建仓/加仓,
ORD_000867_P3100,ORD_000867,603369.SH,BUY,2026-04-20,2026-04-21,5200,3100,2100,0,3100,25.88,25.85,20.03,0.0,0.8,93.0,113.83,PARTIALLY_FILLED,Top-K目标建仓/加仓,
ORD_000868,,000963.SZ,BUY,2026-04-20,2026-04-21,3100,3100,0,0,3100,34.43,34.46,26.71,0.0,1.07,93.0,120.78,FILLED,Top-K目标建仓/加仓,
ORD_000869,,601901.SH,BUY,2026-04-20,2026-04-21,2400,2400,0,0,2400,7.04,7.02,5.0,0.0,0.17,24.0,29.17,FILLED,Top-K目标建仓/加仓,
ORD_000870,,002049.SZ,BUY,2026-04-20,2026-04-21,1800,1800,0,0,1800,73.12,72.07,32.43,0.0,1.3,126.0,159.73,FILLED,Top-K目标建仓/加仓,
ORD_000865,,603392.SH,BUY,2026-04-20,2026-04-22,3300,3300,0,0,700,40.55,38.9,6.81,0.0,0.27,28.0,35.08,FILLED,Top-K目标建仓/加仓,
ORD_000867,,603369.SH,BUY,2026-04-20,2026-04-22,5200,5200,0,0,2100,25.88,25.62,13.45,0.0,0.54,63.0,76.99,FILLED,Top-K目标建仓/加仓,
ORD_000871_P3800,ORD_000871,603369.SH,SELL,2026-04-27,2026-04-28,5200,3800,1400,0,3800,26.08,25.92,24.62,49.25,0.98,114.0,188.85,PARTIALLY_FILLED,"触发跟踪止盈 (最高浮盈: 6.77%, 自高点回撤: 5.16%)",
ORD_000871,,603369.SH,SELL,2026-04-27,2026-04-29,5200,5200,0,0,1400,26.08,26.47,9.26,18.53,0.37,42.0,70.16,FILLED,"触发跟踪止盈 (最高浮盈: 6.77%, 自高点回撤: 5.16%)",
ORD_000872,,002049.SZ,SELL,2026-05-08,2026-05-11,1800,1800,0,0,1800,77.36,78.67,35.4,70.8,1.42,144.0,251.62,FILLED,"触发跟踪止盈 (最高浮盈: 13.45%, 自高点回撤: 5.38%)",
ORD_000873,,603392.SH,SELL,2026-05-12,2026-05-13,3300,3300,0,0,3300,43.31,42.86,35.36,70.72,1.41,132.0,239.49,FILLED,"触发跟踪止盈 (最高浮盈: 16.96%, 自高点回撤: 7.81%)",
ORD_000874,,000999.SZ,SELL,2026-05-14,2026-05-15,3900,3900,0,0,3900,25.31,25.23,24.6,49.2,0.98,117.0,191.78,FILLED,触发个股硬止损 (浮亏: -8.20% <= -8.0%),
ORD_000875,,000963.SZ,SELL,2026-05-15,2026-05-18,3100,3100,0,0,3100,31.3,30.97,24.0,48.0,0.96,93.0,165.96,FILLED,触发个股硬止损 (浮亏: -9.17% <= -8.0%),
ORD_000876,,603260.SH,SELL,2026-05-18,2026-05-19,3000,3000,0,0,3000,41.46,41.49,31.12,62.23,1.24,120.0,214.59,FILLED,触发个股硬止损 (浮亏: -9.16% <= -8.0%),
ORD_000877,,600196.SH,SELL,2026-05-21,2026-05-22,4100,4100,0,0,4100,23.71,23.76,24.35,48.71,0.97,82.0,156.03,FILLED,触发个股硬止损 (浮亏: -8.46% <= -8.0%),
ORD_000878,,601901.SH,SELL,2026-05-21,2026-05-22,19200,19200,0,0,19200,7.01,7.01,33.65,67.3,1.35,192.0,294.3,FILLED,调仓剔除(掉出Top-K),
ORD_000879,,603260.SH,BUY,2026-05-21,2026-05-22,3300,3300,0,0,3300,39.81,40.03,33.02,0.0,1.32,132.0,166.34,FILLED,Top-K目标建仓/加仓,
ORD_000880,,000975.SZ,BUY,2026-05-21,2026-05-22,5700,5700,0,0,5700,23.37,23.58,33.6,0.0,1.34,114.0,148.94,FILLED,Top-K目标建仓/加仓,
ORD_000881,,600372.SH,BUY,2026-05-21,2026-05-22,11200,11200,0,0,11200,11.8,11.82,33.1,0.0,1.32,112.0,146.42,FILLED,Top-K目标建仓/加仓,
ORD_000882,,000768.SZ,BUY,2026-05-21,2026-05-22,5900,5900,0,0,5900,22.32,22.3,32.89,0.0,1.32,118.0,152.21,FILLED,Top-K目标建仓/加仓,
ORD_000883,,601601.SH,BUY,2026-05-21,2026-05-22,4000,4000,0,0,4000,33.0,33.27,33.27,0.0,1.33,120.0,154.6,FILLED,Top-K目标建仓/加仓,
ORD_000884,,601877.SH,BUY,2026-05-21,2026-05-22,4300,4300,0,0,4300,30.83,30.93,33.25,0.0,1.33,129.0,163.58,FILLED,Top-K目标建仓/加仓,
ORD_000885,,601117.SH,BUY,2026-05-21,2026-05-22,16900,16900,0,0,16900,7.87,7.92,33.46,0.0,1.34,169.0,203.8,FILLED,Top-K目标建仓/加仓,
ORD_000886,,601021.SH,BUY,2026-05-21,2026-05-22,2700,2700,0,0,2700,47.82,47.37,31.97,0.0,1.28,135.0,168.25,FILLED,Top-K目标建仓/加仓,
ORD_000887,,000975.SZ,SELL,2026-05-27,2026-05-28,5700,5700,0,0,5700,23.88,23.54,33.54,67.09,1.34,114.0,215.97,FILLED,"触发跟踪止盈 (最高浮盈: 8.52%, 自高点回撤: 6.68%)",
ORD_000888,,603260.SH,SELL,2026-05-27,2026-05-28,2200,2200,0,0,2200,40.1,40.01,22.01,44.01,0.88,88.0,154.9,FILLED,组合最大回撤熔断降仓,
ORD_000889,,600372.SH,SELL,2026-05-27,2026-05-28,7600,7600,0,0,7600,11.36,11.29,21.45,42.9,0.86,76.0,141.21,FILLED,组合最大回撤熔断降仓,
ORD_000890,,000768.SZ,SELL,2026-05-27,2026-05-28,4000,4000,0,0,4000,21.74,21.59,21.59,43.18,0.86,80.0,145.63,FILLED,组合最大回撤熔断降仓,
ORD_000891,,601601.SH,SELL,2026-05-27,2026-05-28,2700,2700,0,0,2700,32.63,32.56,21.98,43.96,0.88,81.0,147.82,FILLED,组合最大回撤熔断降仓,
ORD_000892,,601877.SH,SELL,2026-05-27,2026-05-28,2900,2900,0,0,2900,29.82,29.94,21.71,43.41,0.87,87.0,152.99,FILLED,组合最大回撤熔断降仓,
ORD_000893,,601117.SH,SELL,2026-05-27,2026-05-28,11500,11500,0,0,11500,7.81,7.8,22.43,44.85,0.9,115.0,183.18,FILLED,组合最大回撤熔断降仓,
ORD_000894,,601021.SH,SELL,2026-05-27,2026-05-28,1800,1800,0,0,1800,48.26,48.56,21.85,43.7,0.87,90.0,156.42,FILLED,组合最大回撤熔断降仓,
ORD_000895,,603260.SH,SELL,2026-06-02,2026-06-03,1100,1100,0,0,1100,36.2,36.11,9.93,19.86,0.4,44.0,74.19,FILLED,触发个股硬止损 (浮亏: -9.57% <= -8.0%),
ORD_000896,,601021.SH,SELL,2026-06-02,2026-06-03,900,900,0,0,900,47.35,46.81,10.53,21.06,0.42,45.0,77.01,FILLED,"触发跟踪止盈 (最高浮盈: 5.36%, 自高点回撤: 5.13%)",
ORD_000897,,601877.SH,SELL,2026-06-04,2026-06-05,1400,1400,0,0,1400,28.08,27.5,9.62,19.25,0.39,42.0,71.26,FILLED,触发个股硬止损 (浮亏: -9.21% <= -8.0%),
ORD_000898,,600372.SH,SELL,2026-06-08,2026-06-09,3600,3600,0,0,3600,10.84,10.85,9.77,19.53,0.39,36.0,65.69,FILLED,触发个股硬止损 (浮亏: -8.29% <= -8.0%),
ORD_000899,,000768.SZ,SELL,2026-06-08,2026-06-09,1900,1900,0,0,1900,20.25,20.33,9.66,19.31,0.39,38.0,67.36,FILLED,触发个股硬止损 (浮亏: -9.19% <= -8.0%),
ORD_000900,,601117.SH,SELL,2026-06-08,2026-06-09,5400,5400,0,0,5400,7.2,7.19,9.71,19.41,0.39,54.0,83.51,FILLED,触发个股硬止损 (浮亏: -9.09% <= -8.0%),
ORD_000901,,601601.SH,SELL,2026-06-18,2026-06-22,1300,1300,0,0,1300,29.98,29.69,9.65,19.3,0.39,39.0,68.34,FILLED,触发个股硬止损 (浮亏: -9.89% <= -8.0%),
ORD_000902,,000975.SZ,BUY,2026-06-18,2026-06-22,1100,1100,0,0,1100,21.07,20.92,5.75,0.0,0.23,22.0,27.98,FILLED,Top-K目标建仓/加仓,
ORD_000903,,603799.SH,BUY,2026-06-18,2026-06-22,400,400,0,0,400,52.1,51.25,5.12,0.0,0.21,20.0,25.33,FILLED,Top-K目标建仓/加仓,
ORD_000904,,688472.SH,BUY,2026-06-18,2026-06-22,2100,2100,0,0,2100,11.2,11.19,5.87,0.0,0.23,21.0,27.1,FILLED,Top-K目标建仓/加仓,
ORD_000905,,002236.SZ,BUY,2026-06-18,2026-06-22,2400,2400,0,0,2400,16.27,16.24,9.74,0.0,0.39,48.0,58.13,FILLED,Top-K目标建仓/加仓,
ORD_000906,,601360.SH,BUY,2026-06-18,2026-06-22,2600,2600,0,0,2600,9.37,9.32,6.06,0.0,0.24,26.0,32.3,FILLED,Top-K目标建仓/加仓,
ORD_000907,,601877.SH,BUY,2026-06-18,2026-06-22,1500,1500,0,0,1500,27.04,26.83,10.06,0.0,0.4,45.0,55.46,FILLED,Top-K目标建仓/加仓,
ORD_000908,,601618.SH,BUY,2026-06-18,2026-06-22,15200,15200,0,0,15200,2.67,2.66,10.11,0.0,0.4,0.0,10.51,FILLED,Top-K目标建仓/加仓,
ORD_000909,,600026.SH,BUY,2026-06-18,2026-06-22,2100,2100,0,0,2100,19.3,19.17,10.06,0.0,0.4,42.0,52.46,FILLED,Top-K目标建仓/加仓,
ORD_000910,,000975.SZ,SELL,2026-06-23,2026-06-24,1100,1100,0,0,1100,19.15,18.88,5.19,10.38,0.21,22.0,37.78,FILLED,触发个股硬止损 (浮亏: -8.46% <= -8.0%),
ORD_000911,,603799.SH,SELL,2026-06-23,2026-06-24,400,400,0,0,400,51.01,50.79,5.08,10.16,0.2,20.0,35.44,FILLED,"触发跟踪止盈 (最高浮盈: 8.29%, 自高点回撤: 8.09%)",
ORD_000912,,002236.SZ,SELL,2026-06-26,2026-06-29,2400,2400,0,0,2400,15.98,15.84,9.5,19.01,0.38,48.0,76.89,FILLED,"触发跟踪止盈 (最高浮盈: 5.91%, 自高点回撤: 7.09%)",
ORD_000913,,601360.SH,SELL,2026-06-26,2026-06-29,2600,2600,0,0,2600,8.48,8.47,5.51,11.01,0.22,26.0,42.74,FILLED,触发个股硬止损 (浮亏: -9.01% <= -8.0%),
ORD_000914,,600026.SH,SELL,2026-06-26,2026-06-29,2100,2100,0,0,2100,19.96,19.36,10.16,20.33,0.41,42.0,72.9,FILLED,"触发跟踪止盈 (最高浮盈: 19.09%, 自高点回撤: 12.57%)",
ORD_000915,,601618.SH,SELL,2026-06-30,2026-07-01,15200,15200,0,0,15200,2.44,2.43,9.23,18.47,0.37,0.0,28.07,FILLED,触发个股硬止损 (浮亏: -8.27% <= -8.0%),
ORD_000916,,688472.SH,SELL,2026-07-06,2026-07-07,2100,2100,0,0,2100,10.21,10.29,5.4,10.8,0.22,21.0,37.42,FILLED,触发个股硬止损 (浮亏: -8.76% <= -8.0%),
ORD_000917,,601877.SH,SELL,2026-07-07,2026-07-08,1500,1500,0,0,1500,24.5,24.43,9.16,18.32,0.37,30.0,57.85,FILLED,触发个股硬止损 (浮亏: -8.68% <= -8.0%),
ORD_000918,,688981.SH,BUY,2026-07-17,2026-07-20,200,200,0,0,200,139.88,145.14,7.26,0.0,0.29,28.0,35.55,FILLED,Top-K目标建仓/加仓,
ORD_000919,,000001.SZ,BUY,2026-07-17,2026-07-20,3700,3700,0,0,3700,10.78,10.76,9.95,0.0,0.4,37.0,47.35,FILLED,Top-K目标建仓/加仓,
ORD_000920,,000002.SZ,BUY,2026-07-17,2026-07-20,12900,12900,0,0,12900,3.1,3.09,9.97,0.0,0.4,0.0,10.37,FILLED,Top-K目标建仓/加仓,
ORD_000921,,000063.SZ,BUY,2026-07-17,2026-07-20,1100,1100,0,0,1100,36.0,36.04,9.91,0.0,0.4,44.0,54.31,FILLED,Top-K目标建仓/加仓,
ORD_000922,,000100.SZ,BUY,2026-07-17,2026-07-20,8000,8000,0,0,8000,5.0,5.02,10.04,0.0,0.4,80.0,90.44,FILLED,Top-K目标建仓/加仓,
ORD_000923,,000157.SZ,BUY,2026-07-17,2026-07-20,5500,5500,0,0,5500,7.19,7.23,9.94,0.0,0.4,55.0,65.34,FILLED,Top-K目标建仓/加仓,
ORD_000924,,688521.SH,BUY,2026-07-17,2026-07-20,100,100,0,0,100,231.6,240.46,6.01,0.0,0.24,24.0,30.25,FILLED,Top-K目标建仓/加仓,
ORD_000925,,000301.SZ,BUY,2026-07-17,2026-07-20,3500,3500,0,0,3500,11.4,11.57,10.12,0.0,0.4,35.0,45.52,FILLED,Top-K目标建仓/加仓,
ORD_000926,,688521.SH,SELL,2026-07-22,2026-07-23,100,100,0,0,100,239.47,243.06,6.08,12.15,0.24,24.0,42.47,FILLED,"触发跟踪止盈 (最高浮盈: 7.66%, 自高点回撤: 7.50%)",
ORD_000927,,688981.SH,SELL,2026-07-23,2026-07-24,200,200,0,0,200,145.09,145.16,7.26,14.52,0.29,30.0,52.07,FILLED,"触发跟踪止盈 (最高浮盈: 11.20%, 自高点回撤: 10.11%)",
ORD_000928,,000063.SZ,SELL,2026-07-23,2026-07-24,1100,1100,0,0,1100,35.92,34.97,9.62,19.23,0.38,44.0,73.23,FILLED,"触发跟踪止盈 (最高浮盈: 6.47%, 自高点回撤: 6.39%)",
ORD_000929,,000100.SZ,SELL,2026-07-24,2026-07-27,8000,8000,0,0,8000,5.04,5.04,10.08,20.16,0.4,80.0,110.64,FILLED,"触发跟踪止盈 (最高浮盈: 6.57%, 自高点回撤: 5.79%)",
ORD_000930,,000301.SZ,SELL,2026-07-24,2026-07-27,3500,3500,0,0,3500,11.6,11.39,9.97,19.93,0.4,35.0,65.3,FILLED,"触发跟踪止盈 (最高浮盈: 6.31%, 自高点回撤: 5.69%)",
ORD_000931,,000157.SZ,SELL,2026-08-04,2026-08-05,5500,5500,0,0,5500,7.34,7.33,10.08,20.16,0.4,55.0,85.64,FILLED,"触发跟踪止盈 (最高浮盈: 7.19%, 自高点回撤: 5.29%)",
ORD_000932,,000002.SZ,SELL,2026-08-07,2026-08-10,12900,12900,0,0,12900,3.22,3.24,10.45,20.9,0.42,0.0,31.77,FILLED,"触发跟踪止盈 (最高浮盈: 10.03%, 自高点回撤: 5.29%)",
ORD_000934,,000001.SZ,SELL,2026-08-14,2026-08-17,100,100,0,0,100,11.11,11.19,5.0,0.56,0.01,1.0,6.57,FILLED,Top-K目标再平衡减仓,
ORD_000933,,688981.SH,BUY,2026-08-14,2026-08-17,300,300,0,0,300,132.87,132.13,9.91,0.0,0.4,39.0,49.31,FILLED,Top-K目标建仓/加仓,
ORD_000935,,000002.SZ,BUY,2026-08-14,2026-08-17,12800,12800,0,0,12800,3.13,3.11,9.95,0.0,0.4,0.0,10.35,FILLED,Top-K目标建仓/加仓,
ORD_000936,,000063.SZ,BUY,2026-08-14,2026-08-17,1100,1100,0,0,1100,35.05,35.34,9.72,0.0,0.39,44.0,54.11,FILLED,Top-K目标建仓/加仓,
ORD_000937,,000100.SZ,BUY,2026-08-14,2026-08-17,7800,7800,0,0,7800,5.14,5.15,10.04,0.0,0.4,78.0,88.44,FILLED,Top-K目标建仓/加仓,
ORD_000938,,000157.SZ,BUY,2026-08-14,2026-08-17,5800,5800,0,0,5800,6.93,6.99,10.14,0.0,0.41,58.0,68.55,FILLED,Top-K目标建仓/加仓,
ORD_000939,,688521.SH,BUY,2026-08-14,2026-08-17,100,100,0,0,100,207.28,208.5,5.21,0.0,0.21,21.0,26.42,FILLED,Top-K目标建仓/加仓,
ORD_000940,,000301.SZ,BUY,2026-08-14,2026-08-17,3100,3100,0,0,3100,12.61,12.65,9.8,0.0,0.39,31.0,41.19,FILLED,Top-K目标建仓/加仓,
ORD_000941,,000001.SZ,SELL,2026-08-18,2026-08-19,3600,3600,0,0,3600,11.05,11.07,9.96,19.93,0.4,36.0,66.29,FILLED,"触发跟踪止盈 (最高浮盈: 8.36%, 自高点回撤: 5.23%)",
ORD_000942,,688521.SH,SELL,2026-08-18,2026-08-19,100,100,0,0,100,213.3,206.92,5.17,10.35,0.21,21.0,36.73,FILLED,"触发跟踪止盈 (最高浮盈: 8.71%, 自高点回撤: 5.89%)",
