order_id,parent_order_id,symbol,side,signal_date,execution_date,requested_shares,cumulative_filled_shares,remaining_shares,cancelled_shares,filled_shares,signal_price,execution_price,commission,stamp_tax,transfer_fee,slippage,total_cost,status,reason,reject_reason
ORD_000001,,601186.SH,BUY,2021-09-29,2021-09-30,15000,15000,0,0,15000,7.88,7.91,29.66,0.0,2.37,150.0,182.03,FILLED,Top-K目标建仓/加仓,
ORD_000002,,601088.SH,BUY,2021-09-29,2021-09-30,5300,5300,0,0,5300,22.17,22.24,29.47,0.0,2.36,106.0,137.83,FILLED,Top-K目标建仓/加仓,
ORD_000003,,688111.SH,BUY,2021-09-29,2021-09-30,400,400,0,0,400,269.77,268.09,26.81,0.0,2.14,108.0,136.95,FILLED,Top-K目标建仓/加仓,
ORD_000004,,002648.SZ,BUY,2021-09-29,2021-09-30,3200,3200,0,0,3200,36.7,38.29,30.63,0.0,2.45,128.0,161.08,FILLED,Top-K目标建仓/加仓,
ORD_000005_P2400,ORD_000005,002938.SZ,BUY,2021-09-29,2021-09-30,3600,2400,1200,0,2400,32.65,32.87,19.72,0.0,1.58,72.0,93.3,PARTIALLY_FILLED,Top-K目标建仓/加仓,
ORD_000006,,000858.SZ,BUY,2021-09-29,2021-09-30,500,500,0,0,500,218.68,217.22,27.15,0.0,2.17,110.0,139.32,FILLED,Top-K目标建仓/加仓,
ORD_000007,,600660.SH,BUY,2021-09-29,2021-09-30,2800,2800,0,0,2800,41.83,41.87,29.31,0.0,2.34,112.0,143.65,FILLED,Top-K目标建仓/加仓,
ORD_000008,,000002.SZ,BUY,2021-09-29,2021-09-30,5600,5600,0,0,5600,21.17,21.47,30.06,0.0,2.4,112.0,144.46,FILLED,Top-K目标建仓/加仓,
ORD_000005,,002938.SZ,BUY,2021-09-29,2021-10-08,3600,3600,0,0,1200,32.65,33.48,10.04,0.0,0.8,36.0,46.84,FILLED,Top-K目标建仓/加仓,
ORD_000009,,002648.SZ,SELL,2021-10-08,2021-10-11,3200,3200,0,0,3200,38.29,38.53,30.82,123.3,2.47,128.0,284.59,FILLED,"触发跟踪止盈 (最高浮盈: 5.77%, 自高点回撤: 5.46%)",
ORD_000010,,688111.SH,SELL,2021-10-11,2021-10-12,400,400,0,0,400,264.0,261.95,26.2,104.78,2.1,104.0,237.08,FILLED,"触发跟踪止盈 (最高浮盈: 8.13%, 自高点回撤: 8.93%)",
ORD_000011,,601088.SH,SELL,2021-10-12,2021-10-13,5300,5300,0,0,5300,22.24,22.26,29.49,117.98,2.36,106.0,255.83,FILLED,"触发跟踪止盈 (最高浮盈: 5.71%, 自高点回撤: 5.40%)",
ORD_000012,,000002.SZ,SELL,2021-10-14,2021-10-15,5600,5600,0,0,5600,21.3,21.23,29.72,118.89,2.38,112.0,262.99,FILLED,"触发跟踪止盈 (最高浮盈: 6.43%, 自高点回撤: 6.78%)",
ORD_000013,,000858.SZ,SELL,2021-10-18,2021-10-19,500,500,0,0,500,215.32,212.79,26.6,106.39,2.13,105.0,240.12,FILLED,"触发跟踪止盈 (最高浮盈: 12.64%, 自高点回撤: 12.00%)",
ORD_000014,,002938.SZ,SELL,2021-10-28,2021-10-29,3600,3600,0,0,3600,33.46,33.44,30.1,120.38,2.41,108.0,260.89,FILLED,"触发跟踪止盈 (最高浮盈: 9.39%, 自高点回撤: 7.52%)",
ORD_000015,,600660.SH,SELL,2021-10-28,2021-10-29,2800,2800,0,0,2800,50.0,49.05,34.34,137.34,2.75,140.0,314.43,FILLED,"触发跟踪止盈 (最高浮盈: 25.94%, 自高点回撤: 5.18%)",
ORD_000016,,601186.SH,SELL,2021-11-02,2021-11-03,15000,15000,0,0,15000,7.27,7.24,27.15,108.6,2.17,150.0,287.92,FILLED,触发个股硬止损 (浮亏: -8.09% <= -8.0%),
ORD_000017,,000002.SZ,BUY,2021-11-03,2021-11-04,6600,6600,0,0,6600,18.05,18.03,29.75,0.0,2.38,132.0,164.13,FILLED,Top-K目标建仓/加仓,
ORD_000018,,000063.SZ,BUY,2021-11-03,2021-11-04,3800,3800,0,0,3800,31.08,31.23,29.67,0.0,2.37,114.0,146.04,FILLED,Top-K目标建仓/加仓,
ORD_000019,,300308.SZ,BUY,2021-11-03,2021-11-04,3400,3400,0,0,3400,34.85,34.73,29.52,0.0,2.36,102.0,133.88,FILLED,Top-K目标建仓/加仓,
ORD_000020,,300274.SZ,BUY,2021-11-03,2021-11-04,700,700,0,0,700,153.08,157.25,27.52,0.0,2.2,112.0,141.72,FILLED,Top-K目标建仓/加仓,
ORD_000021,,002353.SZ,BUY,2021-11-03,2021-11-04,2800,2800,0,0,2800,41.39,41.04,28.73,0.0,2.3,112.0,143.03,FILLED,Top-K目标建仓/加仓,
ORD_000022,,002466.SZ,BUY,2021-11-03,2021-11-04,1200,1200,0,0,1200,91.99,92.6,27.78,0.0,2.22,108.0,138.0,FILLED,Top-K目标建仓/加仓,
ORD_000023_P7500,ORD_000023,000975.SZ,BUY,2021-11-03,2021-11-04,13400,7500,5900,0,7500,8.84,8.81,16.52,0.0,1.32,75.0,92.84,PARTIALLY_FILLED,Top-K目标建仓/加仓,
ORD_000024_P1000,ORD_000024,300803.SZ,BUY,2021-11-03,2021-11-04,3700,1000,2700,0,1000,32.15,32.43,8.11,0.0,0.65,30.0,38.76,PARTIALLY_FILLED,Top-K目标建仓/加仓,
ORD_000023,,000975.SZ,BUY,2021-11-03,2021-11-05,13400,13400,0,0,5900,8.84,8.95,13.2,0.0,1.06,59.0,73.26,FILLED,Top-K目标建仓/加仓,
ORD_000024_P2100,ORD_000024,300803.SZ,BUY,2021-11-03,2021-11-05,3700,2100,1600,0,1100,32.15,32.1,8.83,0.0,0.71,33.0,42.54,PARTIALLY_FILLED,Top-K目标建仓/加仓,
ORD_000024_P3300,ORD_000024,300803.SZ,BUY,2021-11-03,2021-11-08,3700,3300,400,0,1200,32.15,31.94,9.58,0.0,0.77,36.0,46.35,PARTIALLY_FILLED,Top-K目标建仓/加仓,
ORD_000024,,300803.SZ,BUY,2021-11-03,2021-11-09,3700,3700,0,0,400,32.15,32.17,5.0,0.0,0.26,12.0,17.26,FILLED,Top-K目标建仓/加仓,
ORD_000025,,002466.SZ,SELL,2021-11-10,2021-11-11,1200,1200,0,0,1200,102.17,100.88,30.26,121.06,2.42,120.0,273.74,FILLED,"触发跟踪止盈 (最高浮盈: 18.20%, 自高点回撤: 6.65%)",
ORD_000026,,000002.SZ,SELL,2021-11-12,2021-11-15,6600,6600,0,0,6600,19.76,19.54,32.24,128.96,2.58,132.0,295.78,FILLED,"触发跟踪止盈 (最高浮盈: 15.59%, 自高点回撤: 5.18%)",
ORD_000027,,002353.SZ,SELL,2021-11-12,2021-11-15,2800,2800,0,0,2800,41.5,41.31,28.92,115.67,2.31,112.0,258.9,FILLED,"触发跟踪止盈 (最高浮盈: 7.89%, 自高点回撤: 6.28%)",
ORD_000028,,300274.SZ,SELL,2021-11-15,2021-11-16,700,700,0,0,700,150.08,149.35,26.14,104.55,2.09,105.0,237.78,FILLED,"触发跟踪止盈 (最高浮盈: 5.94%, 自高点回撤: 9.91%)",
ORD_000029_P11600,ORD_000029,000975.SZ,SELL,2021-11-16,2021-11-17,13400,11600,1800,0,11600,9.58,9.48,27.49,109.97,2.2,116.0,255.66,PARTIALLY_FILLED,"触发跟踪止盈 (最高浮盈: 14.07%, 自高点回撤: 5.34%)",
ORD_000029,,000975.SZ,SELL,2021-11-16,2021-11-18,13400,13400,0,0,1800,9.58,9.56,5.0,17.21,0.34,18.0,40.55,FILLED,"触发跟踪止盈 (最高浮盈: 14.07%, 自高点回撤: 5.34%)",
ORD_000030_P2700,ORD_000030,300803.SZ,SELL,2021-11-18,2021-11-19,3700,2700,1000,0,2700,33.82,33.75,22.78,91.12,1.82,81.0,196.72,PARTIALLY_FILLED,"触发跟踪止盈 (最高浮盈: 13.30%, 自高点回撤: 7.14%)",
ORD_000030,,300803.SZ,SELL,2021-11-18,2021-11-22,3700,3700,0,0,1000,33.82,33.82,8.46,33.82,0.68,30.0,72.96,FILLED,"触发跟踪止盈 (最高浮盈: 13.30%, 自高点回撤: 7.14%)",
ORD_000031,,000063.SZ,SELL,2021-11-26,2021-11-29,3800,3800,0,0,3800,31.22,30.82,29.28,117.12,2.34,114.0,262.74,FILLED,"触发跟踪止盈 (最高浮盈: 5.32%, 自高点回撤: 5.08%)",
ORD_000032,,300308.SZ,SELL,2021-11-26,2021-11-29,3400,3400,0,0,3400,38.2,37.59,31.95,127.81,2.56,136.0,298.32,FILLED,"触发跟踪止盈 (最高浮盈: 17.97%, 自高点回撤: 6.76%)",
ORD_000033,,688981.SH,BUY,2021-12-01,2021-12-02,1300,1300,0,0,1300,54.5,54.5,17.71,0.0,1.42,65.0,84.13,FILLED,Top-K目标建仓/加仓,
ORD_000034,,000001.SZ,BUY,2021-12-01,2021-12-02,7000,7000,0,0,7000,17.64,17.64,30.87,0.0,2.47,140.0,173.34,FILLED,Top-K目标建仓/加仓,
ORD_000035,,000002.SZ,BUY,2021-12-01,2021-12-02,6600,6600,0,0,6600,18.47,18.42,30.39,0.0,2.43,132.0,164.82,FILLED,Top-K目标建仓/加仓,
ORD_000036,,000063.SZ,BUY,2021-12-01,2021-12-02,4000,4000,0,0,4000,30.9,30.82,30.82,0.0,2.47,120.0,153.29,FILLED,Top-K目标建仓/加仓,
ORD_000037,,000100.SZ,BUY,2021-12-01,2021-12-02,20000,20000,0,0,20000,6.15,6.15,30.75,0.0,2.46,200.0,233.21,FILLED,Top-K目标建仓/加仓,
ORD_000038,,688521.SH,BUY,2021-12-01,2021-12-02,900,900,0,0,900,76.29,76.37,17.18,0.0,1.37,72.0,90.55,FILLED,Top-K目标建仓/加仓,
ORD_000039,,603893.SH,BUY,2021-12-01,2021-12-02,500,500,0,0,500,146.77,145.92,18.24,0.0,1.46,75.0,94.7,FILLED,Top-K目标建仓/加仓,
ORD_000040,,603799.SH,BUY,2021-12-01,2021-12-02,500,500,0,0,500,131.79,136.44,17.05,0.0,1.36,70.0,88.41,FILLED,Top-K目标建仓/加仓,
ORD_000041,,603799.SH,SELL,2021-12-07,2021-12-08,500,500,0,0,500,124.5,125.88,15.74,62.94,1.26,65.0,144.94,FILLED,触发个股硬止损 (浮亏: -8.75% <= -8.0%),
ORD_000042,,000001.SZ,SELL,2021-12-14,2021-12-15,7000,7000,0,0,7000,17.58,17.49,30.61,122.43,2.45,140.0,295.49,FILLED,"触发跟踪止盈 (最高浮盈: 8.05%, 自高点回撤: 7.76%)",
ORD_000043,,000002.SZ,SELL,2021-12-14,2021-12-15,6600,6600,0,0,6600,19.5,19.39,31.99,127.97,2.56,132.0,294.52,FILLED,"触发跟踪止盈 (最高浮盈: 11.83%, 自高点回撤: 5.34%)",
ORD_000044,,688521.SH,SELL,2021-12-15,2021-12-16,900,900,0,0,900,82.9,82.72,18.61,74.45,1.49,72.0,166.55,FILLED,"触发跟踪止盈 (最高浮盈: 15.60%, 自高点回撤: 6.09%)",
ORD_000045,,000100.SZ,SELL,2021-12-17,2021-12-20,20000,20000,0,0,20000,6.31,6.27,31.35,125.4,2.51,200.0,359.26,FILLED,"触发跟踪止盈 (最高浮盈: 8.29%, 自高点回撤: 5.26%)",
ORD_000046,,603893.SH,SELL,2021-12-17,2021-12-20,500,500,0,0,500,134.22,134.09,16.76,67.05,1.34,65.0,150.15,FILLED,触发个股硬止损 (浮亏: -8.02% <= -8.0%),
ORD_000047,,000063.SZ,SELL,2021-12-20,2021-12-21,4000,4000,0,0,4000,31.88,32.06,32.06,128.24,2.56,120.0,282.86,FILLED,"触发跟踪止盈 (最高浮盈: 9.51%, 自高点回撤: 5.54%)",
ORD_000048,,688981.SH,BUY,2021-12-29,2021-12-30,1000,1000,0,0,1000,52.73,52.8,13.2,0.0,1.06,50.0,64.26,FILLED,Top-K目标建仓/加仓,
ORD_000049,,688521.SH,BUY,2021-12-29,2021-12-30,1600,1600,0,0,1600,74.48,74.55,29.82,0.0,2.39,112.0,144.21,FILLED,Top-K目标建仓/加仓,
ORD_000050,,000002.SZ,BUY,2021-12-29,2021-12-30,6400,6400,0,0,6400,19.38,19.37,30.99,0.0,2.48,128.0,161.47,FILLED,Top-K目标建仓/加仓,
ORD_000051,,000063.SZ,BUY,2021-12-29,2021-12-30,3700,3700,0,0,3700,32.67,32.88,30.41,0.0,2.43,111.0,143.84,FILLED,Top-K目标建仓/加仓,
ORD_000052,,000100.SZ,BUY,2021-12-29,2021-12-30,20200,20200,0,0,20200,6.13,6.14,31.01,0.0,2.48,202.0,235.49,FILLED,Top-K目标建仓/加仓,
ORD_000053,,000157.SZ,BUY,2021-12-29,2021-12-30,17200,17200,0,0,17200,7.18,7.17,30.83,0.0,2.47,172.0,205.3,FILLED,Top-K目标建仓/加仓,
ORD_000054,,000166.SZ,BUY,2021-12-29,2021-12-30,24400,24400,0,0,24400,5.08,5.08,30.99,0.0,2.48,244.0,277.47,FILLED,Top-K目标建仓/加仓,
ORD_000055,,000301.SZ,BUY,2021-12-29,2021-12-30,6400,6400,0,0,6400,19.11,19.22,30.75,0.0,2.46,128.0,161.21,FILLED,Top-K目标建仓/加仓,
ORD_000056,,688981.SH,SELL,2021-12-30,2021-12-31,2300,2300,0,0,2300,52.89,52.85,30.39,121.56,2.43,115.0,269.38,FILLED,"触发跟踪止盈 (最高浮盈: 5.21%, 自高点回撤: 6.49%)",
ORD_000057,,688521.SH,SELL,2022-01-06,2022-01-07,1600,1600,0,0,1600,73.51,74.43,29.77,119.09,2.38,112.0,263.24,FILLED,"触发跟踪止盈 (最高浮盈: 6.81%, 自高点回撤: 7.69%)",
ORD_000058,,000301.SZ,SELL,2022-01-11,2022-01-12,6400,6400,0,0,6400,19.45,19.58,31.33,125.31,2.51,128.0,287.15,FILLED,"触发跟踪止盈 (最高浮盈: 7.86%, 自高点回撤: 6.17%)",
ORD_000059,,000002.SZ,SELL,2022-01-13,2022-01-14,6400,6400,0,0,6400,21.53,21.57,34.51,138.05,2.76,128.0,303.32,FILLED,"触发跟踪止盈 (最高浮盈: 19.20%, 自高点回撤: 6.76%)",
ORD_000060,,000063.SZ,SELL,2022-01-14,2022-01-17,3700,3700,0,0,3700,33.0,32.97,30.5,121.99,2.44,111.0,265.93,FILLED,"触发跟踪止盈 (最高浮盈: 5.72%, 自高点回撤: 5.06%)",
ORD_000061,,000100.SZ,SELL,2022-01-19,2022-01-20,20200,20200,0,0,20200,6.13,6.12,30.91,123.62,2.47,202.0,359.0,FILLED,"触发跟踪止盈 (最高浮盈: 5.37%, 自高点回撤: 5.26%)",
ORD_000062_P14300,ORD_000062,000157.SZ,SELL,2022-01-25,2022-01-26,17200,14300,2900,0,14300,7.11,7.1,25.38,101.53,2.03,143.0,271.94,PARTIALLY_FILLED,"触发跟踪止盈 (最高浮盈: 9.07%, 自高点回撤: 9.08%)",
ORD_000062,,000157.SZ,SELL,2022-01-25,2022-01-27,17200,17200,0,0,2900,7.11,7.17,5.2,20.79,0.42,29.0,55.41,FILLED,"触发跟踪止盈 (最高浮盈: 9.07%, 自高点回撤: 9.08%)",
ORD_000063,,000166.SZ,SELL,2022-01-27,2022-01-28,24400,24400,0,0,24400,4.71,4.72,28.79,115.17,2.3,0.0,146.26,FILLED,调仓剔除(掉出Top-K),
ORD_000064_P9500,ORD_000064,601872.SH,BUY,2022-01-27,2022-01-28,32200,9500,22700,0,9500,3.87,3.91,9.29,0.0,0.74,0.0,10.03,PARTIALLY_FILLED,Top-K目标建仓/加仓,
ORD_000065_P1900,ORD_000065,302132.SZ,BUY,2022-01-27,2022-01-28,8600,1900,6700,0,1900,14.39,14.44,6.86,0.0,0.55,19.0,26.41,PARTIALLY_FILLED,Top-K目标建仓/加仓,
ORD_000066_P9800,ORD_000066,600061.SH,BUY,2022-01-27,2022-01-28,16500,9800,6700,0,9800,7.55,7.6,18.62,0.0,1.49,98.0,118.11,PARTIALLY_FILLED,Top-K目标建仓/加仓,
ORD_000067_P2300,ORD_000067,601698.SH,BUY,2022-01-27,2022-01-28,9300,2300,7000,0,2300,13.28,13.29,7.64,0.0,0.61,23.0,31.25,PARTIALLY_FILLED,Top-K目标建仓/加仓,
ORD_000068_P9300,ORD_000068,600415.SH,BUY,2022-01-27,2022-01-28,28000,9300,18700,0,9300,4.45,4.49,10.44,0.0,0.84,0.0,11.28,PARTIALLY_FILLED,Top-K目标建仓/加仓,
ORD_000069_P1700,ORD_000069,601021.SH,BUY,2022-01-27,2022-01-28,2100,1700,400,0,1700,56.87,57.96,24.63,0.0,1.97,102.0,128.6,PARTIALLY_FILLED,Top-K目标建仓/加仓,
ORD_000070_P6300,ORD_000070,600549.SH,BUY,2022-01-27,2022-01-28,6400,6300,100,0,6300,19.39,19.54,30.78,0.0,2.46,126.0,159.24,PARTIALLY_FILLED,Top-K目标建仓/加仓,
ORD_000071,,601238.SH,BUY,2022-01-27,2022-01-28,9200,9200,0,0,9200,13.42,13.51,31.07,0.0,2.49,92.0,125.56,FILLED,Top-K目标建仓/加仓,
ORD_000064,,601872.SH,BUY,2022-01-27,2022-02-07,32200,32200,0,0,22700,3.87,3.91,22.19,0.0,1.78,0.0,23.97,FILLED,Top-K目标建仓/加仓,
ORD_000065_P3900,ORD_000065,302132.SZ,BUY,2022-01-27,2022-02-07,8600,3900,4700,0,2000,14.39,14.76,7.38,0.0,0.59,20.0,27.97,PARTIALLY_FILLED,Top-K目标建仓/加仓,
ORD_000066,,600061.SH,BUY,2022-01-27,2022-02-07,16500,16500,0,0,6700,7.55,7.56,12.66,0.0,1.01,67.0,80.67,FILLED,Top-K目标建仓/加仓,
ORD_000067_P3900,ORD_000067,601698.SH,BUY,2022-01-27,2022-02-07,9300,3900,5400,0,1600,13.28,13.36,5.34,0.0,0.43,16.0,21.77,PARTIALLY_FILLED,Top-K目标建仓/加仓,
ORD_000068_P20100,ORD_000068,600415.SH,BUY,2022-01-27,2022-02-07,28000,20100,7900,0,10800,4.45,4.5,12.15,0.0,0.97,0.0,13.12,PARTIALLY_FILLED,Top-K目标建仓/加仓,
ORD_000069,,601021.SH,BUY,2022-01-27,2022-02-07,2100,2100,0,0,400,56.87,57.49,5.75,0.0,0.46,24.0,30.21,FILLED,Top-K目标建仓/加仓,
ORD_000070,,600549.SH,BUY,2022-01-27,2022-02-07,6400,6400,0,0,100,19.39,19.55,5.0,0.0,0.04,2.0,7.04,FILLED,Top-K目标建仓/加仓,
ORD_000065_P6100,ORD_000065,302132.SZ,BUY,2022-01-27,2022-02-08,8600,6100,2500,0,2200,14.39,14.71,8.09,0.0,0.65,22.0,30.74,PARTIALLY_FILLED,Top-K目标建仓/加仓,
ORD_000067_P6300,ORD_000067,601698.SH,BUY,2022-01-27,2022-02-08,9300,6300,3000,0,2400,13.28,13.41,8.05,0.0,0.64,24.0,32.69,PARTIALLY_FILLED,Top-K目标建仓/加仓,
ORD_000068,,600415.SH,BUY,2022-01-27,2022-02-08,28000,28000,0,0,7900,4.45,4.56,9.01,0.0,0.72,0.0,9.73,FILLED,Top-K目标建仓/加仓,
ORD_000065_P7900,ORD_000065,302132.SZ,BUY,2022-01-27,2022-02-09,8600,7900,700,0,1800,14.39,15.04,6.77,0.0,0.54,36.0,43.31,PARTIALLY_FILLED,Top-K目标建仓/加仓,
ORD_000067_P8800,ORD_000067,601698.SH,BUY,2022-01-27,2022-02-09,9300,8800,500,0,2500,13.28,13.56,8.47,0.0,0.68,25.0,34.15,PARTIALLY_FILLED,Top-K目标建仓/加仓,
ORD_000065,,302132.SZ,BUY,2022-01-27,2022-02-10,8600,8600,0,0,700,14.39,15.22,5.0,0.0,0.21,14.0,19.21,FILLED,Top-K目标建仓/加仓,
ORD_000067,,601698.SH,BUY,2022-01-27,2022-02-10,9300,9300,0,0,500,13.28,13.56,5.0,0.0,0.14,5.0,10.14,FILLED,Top-K目标建仓/加仓,
ORD_000072_P7400,ORD_000072,600415.SH,SELL,2022-02-14,2022-02-15,28000,7400,20600,0,7400,4.68,4.69,8.68,34.71,0.69,0.0,44.08,PARTIALLY_FILLED,"触发跟踪止盈 (最高浮盈: 10.78%, 自高点回撤: 6.40%)",
ORD_000073,,601021.SH,SELL,2022-02-14,2022-02-15,2100,2100,0,0,2100,56.64,56.5,29.66,118.65,2.37,126.0,276.68,FILLED,"触发跟踪止盈 (最高浮盈: 6.24%, 自高点回撤: 7.87%)",
ORD_000072_P20000,ORD_000072,600415.SH,SELL,2022-02-14,2022-02-16,28000,20000,8000,0,12600,4.68,4.71,14.84,59.35,1.19,0.0,75.38,PARTIALLY_FILLED,"触发跟踪止盈 (最高浮盈: 10.78%, 自高点回撤: 6.40%)",
ORD_000072,,600415.SH,SELL,2022-02-14,2022-02-17,28000,28000,0,0,8000,4.68,4.88,9.76,39.04,0.78,0.0,49.58,FILLED,"触发跟踪止盈 (最高浮盈: 10.78%, 自高点回撤: 6.40%)",
ORD_000074,,601872.SH,SELL,2022-02-17,2022-02-18,32200,32200,0,0,32200,4.18,4.19,33.73,134.92,2.7,0.0,171.35,FILLED,"触发跟踪止盈 (最高浮盈: 13.04%, 自高点回撤: 5.43%)",
ORD_000075,,600549.SH,SELL,2022-03-03,2022-03-04,6400,6400,0,0,6400,21.66,21.55,34.48,137.92,2.76,128.0,303.16,FILLED,调仓剔除(掉出Top-K),
ORD_000076,,601698.SH,SELL,2022-03-03,2022-03-04,900,900,0,0,900,13.4,13.35,5.0,12.02,0.24,9.0,26.26,FILLED,Top-K目标再平衡减仓,
ORD_000077,,600061.SH,SELL,2022-03-03,2022-03-04,1500,1500,0,0,1500,7.49,7.45,5.0,11.18,0.22,15.0,31.4,FILLED,Top-K目标再平衡减仓,
ORD_000081,,302132.SZ,SELL,2022-03-03,2022-03-04,1100,1100,0,0,1100,14.96,14.98,5.0,16.48,0.33,11.0,32.81,FILLED,Top-K目标再平衡减仓,
ORD_000084,,601238.SH,SELL,2022-03-03,2022-03-04,500,500,0,0,500,12.88,12.74,5.0,6.37,0.13,5.0,16.5,FILLED,Top-K目标再平衡减仓,
ORD_000078_P4000,ORD_000078,600803.SH,BUY,2022-03-03,2022-03-04,6100,4000,2100,0,4000,18.35,18.28,18.28,0.0,1.46,80.0,99.74,PARTIALLY_FILLED,Top-K目标建仓/加仓,
ORD_000079,,600886.SH,BUY,2022-03-03,2022-03-04,11000,11000,0,0,11000,10.26,10.23,28.13,0.0,2.25,110.0,140.38,FILLED,Top-K目标建仓/加仓,
ORD_000080_P900,ORD_000080,601021.SH,BUY,2022-03-03,2022-03-04,2000,900,1100,0,900,54.76,54.55,12.27,0.0,0.98,45.0,58.25,PARTIALLY_FILLED,Top-K目标建仓/加仓,
ORD_000082_P17000,ORD_000082,600023.SH,BUY,2022-03-03,2022-03-04,30100,17000,13100,0,17000,3.74,3.74,15.89,0.0,1.27,0.0,17.16,PARTIALLY_FILLED,Top-K目标建仓/加仓,
ORD_000083,,603369.SH,BUY,2022-03-03,2022-03-04,2200,2200,0,0,2200,49.9,49.57,27.26,0.0,2.18,110.0,139.44,FILLED,Top-K目标建仓/加仓,
ORD_000085_P2000,ORD_000085,302132.SZ,SELL,2022-03-04,2022-03-07,7500,2000,5500,0,2000,14.52,14.58,7.29,29.16,0.58,20.0,57.03,PARTIALLY_FILLED,"触发跟踪止盈 (最高浮盈: 5.39%, 自高点回撤: 7.04%)",
ORD_000086,,601238.SH,SELL,2022-03-04,2022-03-07,8700,8700,0,0,8700,12.23,12.13,26.38,105.53,2.11,87.0,221.02,FILLED,触发个股硬止损 (浮亏: -9.47% <= -8.0%),
ORD_000078,,600803.SH,BUY,2022-03-03,2022-03-07,6100,6100,0,0,2100,18.35,18.08,9.49,0.0,0.76,42.0,52.25,FILLED,Top-K目标建仓/加仓,
ORD_000080,,601021.SH,BUY,2022-03-03,2022-03-07,2000,2000,0,0,1100,54.76,54.04,14.86,0.0,1.19,55.0,71.05,FILLED,Top-K目标建仓/加仓,
ORD_000082_P29000,ORD_000082,600023.SH,BUY,2022-03-03,2022-03-07,30100,29000,1100,0,12000,3.74,3.69,11.07,0.0,0.89,0.0,11.96,PARTIALLY_FILLED,Top-K目标建仓/加仓,
ORD_000085_P4900,ORD_000085,302132.SZ,SELL,2022-03-04,2022-03-08,7500,4900,2600,0,2900,14.52,14.41,10.45,41.79,0.84,29.0,82.08,PARTIALLY_FILLED,"触发跟踪止盈 (最高浮盈: 5.39%, 自高点回撤: 7.04%)",
ORD_000082,,600023.SH,BUY,2022-03-03,2022-03-08,30100,30100,0,0,1100,3.74,3.65,5.0,0.0,0.08,0.0,5.08,FILLED,Top-K目标建仓/加仓,
ORD_000085,,302132.SZ,SELL,2022-03-04,2022-03-09,7500,7500,0,0,2600,14.52,13.99,9.09,36.37,0.73,26.0,72.19,FILLED,"触发跟踪止盈 (最高浮盈: 5.39%, 自高点回撤: 7.04%)",
ORD_000087,,600803.SH,SELL,2022-03-08,2022-03-09,6100,6100,0,0,6100,16.16,16.42,25.04,100.16,2.0,122.0,249.2,FILLED,触发个股硬止损 (浮亏: -11.26% <= -8.0%),
ORD_000088_P9400,ORD_000088,600061.SH,SELL,2022-03-09,2022-03-10,15000,9400,5600,0,9400,6.83,6.97,16.38,65.52,1.31,94.0,177.21,PARTIALLY_FILLED,触发个股硬止损 (浮亏: -9.92% <= -8.0%),
ORD_000089_P2700,ORD_000089,601698.SH,SELL,2022-03-09,2022-03-10,8400,2700,5700,0,2700,11.89,12.18,8.22,32.89,0.66,27.0,68.77,PARTIALLY_FILLED,触发个股硬止损 (浮亏: -11.49% <= -8.0%),
ORD_000090_P1300,ORD_000090,601021.SH,SELL,2022-03-09,2022-03-10,2000,1300,700,0,1300,49.45,50.26,16.33,65.34,1.31,65.0,147.98,PARTIALLY_FILLED,触发个股硬止损 (浮亏: -8.88% <= -8.0%),
ORD_000088,,600061.SH,SELL,2022-03-09,2022-03-11,15000,15000,0,0,5600,6.83,6.77,9.48,37.91,0.76,56.0,104.15,FILLED,触发个股硬止损 (浮亏: -9.92% <= -8.0%),
ORD_000089_P4700,ORD_000089,601698.SH,SELL,2022-03-09,2022-03-11,8400,4700,3700,0,2000,11.89,11.9,5.95,23.8,0.48,20.0,50.23,PARTIALLY_FILLED,触发个股硬止损 (浮亏: -11.49% <= -8.0%),
ORD_000090,,601021.SH,SELL,2022-03-09,2022-03-11,2000,2000,0,0,700,49.45,48.64,8.51,34.05,0.68,35.0,78.24,FILLED,触发个股硬止损 (浮亏: -8.88% <= -8.0%),
ORD_000089_P6500,ORD_000089,601698.SH,SELL,2022-03-09,2022-03-14,8400,6500,1900,0,1800,11.89,12.06,5.43,21.71,0.43,18.0,45.57,PARTIALLY_FILLED,触发个股硬止损 (浮亏: -11.49% <= -8.0%),
ORD_000089,,601698.SH,SELL,2022-03-09,2022-03-15,8400,8400,0,0,1900,11.89,11.94,5.67,22.69,0.45,19.0,47.81,FILLED,触发个股硬止损 (浮亏: -11.49% <= -8.0%),
ORD_000091,,603369.SH,SELL,2022-03-14,2022-03-15,2200,2200,0,0,2200,44.92,42.91,23.6,94.4,1.89,88.0,207.89,FILLED,触发个股硬止损 (浮亏: -9.38% <= -8.0%),
ORD_000092_P10000,ORD_000092,600886.SH,SELL,2022-03-15,2022-03-16,11000,10000,1000,0,10000,9.19,9.33,23.32,93.3,1.87,100.0,218.49,PARTIALLY_FILLED,触发个股硬止损 (浮亏: -10.17% <= -8.0%),
ORD_000093_P11500,ORD_000093,600023.SH,SELL,2022-03-15,2022-03-16,30100,11500,18600,0,11500,3.31,3.34,9.6,38.41,0.77,0.0,48.78,PARTIALLY_FILLED,触发个股硬止损 (浮亏: -10.94% <= -8.0%),
ORD_000092,,600886.SH,SELL,2022-03-15,2022-03-17,11000,11000,0,0,1000,9.19,9.44,5.0,9.44,0.19,10.0,24.63,FILLED,触发个股硬止损 (浮亏: -10.17% <= -8.0%),
ORD_000093_P20500,ORD_000093,600023.SH,SELL,2022-03-15,2022-03-17,30100,20500,9600,0,9000,3.31,3.41,7.67,30.69,0.61,0.0,38.97,PARTIALLY_FILLED,触发个股硬止损 (浮亏: -10.94% <= -8.0%),
ORD_000093,,600023.SH,SELL,2022-03-15,2022-03-18,30100,30100,0,0,9600,3.31,3.35,8.04,32.16,0.64,0.0,40.84,FILLED,触发个股硬止损 (浮亏: -10.94% <= -8.0%),
ORD_000094_P1000,ORD_000094,688521.SH,BUY,2022-03-31,2022-04-01,1400,1000,400,0,1000,48.99,48.65,12.16,0.0,0.97,50.0,63.13,PARTIALLY_FILLED,Top-K目标建仓/加仓,
ORD_000095_P800,ORD_000095,688256.SH,BUY,2022-03-31,2022-04-01,1000,800,200,0,800,63.7,63.26,12.65,0.0,1.01,48.0,61.66,PARTIALLY_FILLED,Top-K目标建仓/加仓,
ORD_000096,,002028.SZ,BUY,2022-03-31,2022-04-01,3500,3500,0,0,3500,32.8,33.03,28.9,0.0,2.31,105.0,136.21,FILLED,Top-K目标建仓/加仓,
ORD_000097_P28200,ORD_000097,600027.SH,BUY,2022-03-31,2022-04-01,32800,28200,4600,0,28200,3.54,3.52,24.82,0.0,1.99,0.0,26.81,PARTIALLY_FILLED,Top-K目标建仓/加仓,
ORD_000098,,600875.SH,BUY,2022-03-31,2022-04-01,8500,8500,0,0,8500,13.56,13.46,28.6,0.0,2.29,85.0,115.89,FILLED,Top-K目标建仓/加仓,
ORD_000099_P1500,ORD_000099,302132.SZ,BUY,2022-03-31,2022-04-01,5300,1500,3800,0,1500,13.01,13.01,5.0,0.0,0.39,15.0,20.39,PARTIALLY_FILLED,Top-K目标建仓/加仓,
ORD_000100_P1300,ORD_000100,300308.SZ,BUY,2022-03-31,2022-04-01,3600,1300,2300,0,1300,31.61,31.54,10.25,0.0,0.82,39.0,50.07,PARTIALLY_FILLED,Top-K目标建仓/加仓,
ORD_000101_P700,ORD_000101,300866.SZ,BUY,2022-03-31,2022-04-01,1000,700,300,0,700,67.68,67.47,11.81,0.0,0.94,49.0,61.75,PARTIALLY_FILLED,Top-K目标建仓/加仓,
ORD_000094,,688521.SH,BUY,2022-03-31,2022-04-06,1400,1400,0,0,400,48.99,49.04,5.0,0.0,0.39,20.0,25.39,FILLED,Top-K目标建仓/加仓,
ORD_000095,,688256.SH,BUY,2022-03-31,2022-04-06,1000,1000,0,0,200,63.7,62.76,5.0,0.0,0.25,12.0,17.25,FILLED,Top-K目标建仓/加仓,
ORD_000097,,600027.SH,BUY,2022-03-31,2022-04-06,32800,32800,0,0,4600,3.54,3.54,5.0,0.0,0.33,0.0,5.33,FILLED,Top-K目标建仓/加仓,
ORD_000099_P3400,ORD_000099,302132.SZ,BUY,2022-03-31,2022-04-06,5300,3400,1900,0,1900,13.01,12.99,6.17,0.0,0.49,19.0,25.66,PARTIALLY_FILLED,Top-K目标建仓/加仓,
ORD_000100,,300308.SZ,BUY,2022-03-31,2022-04-06,3600,3600,0,0,2300,31.61,31.44,18.08,0.0,1.45,69.0,88.53,FILLED,Top-K目标建仓/加仓,
ORD_000101,,300866.SZ,BUY,2022-03-31,2022-04-06,1000,1000,0,0,300,67.68,67.51,5.06,0.0,0.41,21.0,26.47,FILLED,Top-K目标建仓/加仓,
ORD_000099,,302132.SZ,BUY,2022-03-31,2022-04-07,5300,5300,0,0,1900,13.01,13.21,6.27,0.0,0.5,19.0,25.77,FILLED,Top-K目标建仓/加仓,
ORD_000102,,688521.SH,SELL,2022-04-07,2022-04-08,800,800,0,0,800,45.69,45.85,9.17,36.68,0.73,40.0,86.58,FILLED,组合最大回撤熔断降仓,
ORD_000103,,688256.SH,SELL,2022-04-07,2022-04-08,500,500,0,0,500,60.52,60.74,7.59,30.37,0.61,30.0,68.57,FILLED,组合最大回撤熔断降仓,
ORD_000104,,002028.SZ,SELL,2022-04-07,2022-04-08,2000,2000,0,0,2000,30.58,30.86,15.43,61.72,1.23,60.0,138.38,FILLED,组合最大回撤熔断降仓,
ORD_000105,,600027.SH,SELL,2022-04-07,2022-04-08,19300,19300,0,0,19300,3.48,3.49,16.84,67.36,1.35,0.0,85.55,FILLED,组合最大回撤熔断降仓,
ORD_000106,,600875.SH,SELL,2022-04-07,2022-04-08,5000,5000,0,0,5000,12.6,12.64,15.8,63.2,1.26,50.0,130.26,FILLED,组合最大回撤熔断降仓,
ORD_000107,,302132.SZ,SELL,2022-04-07,2022-04-08,3100,3100,0,0,3100,13.35,13.26,10.28,41.11,0.82,31.0,83.21,FILLED,组合最大回撤熔断降仓,
ORD_000108,,300308.SZ,SELL,2022-04-07,2022-04-08,2100,2100,0,0,2100,30.12,30.13,15.82,63.27,1.27,63.0,143.36,FILLED,组合最大回撤熔断降仓,
ORD_000109,,300866.SZ,SELL,2022-04-07,2022-04-08,500,500,0,0,500,64.4,64.24,8.03,32.12,0.64,30.0,70.79,FILLED,组合最大回撤熔断降仓,
ORD_000110,,002028.SZ,SELL,2022-04-08,2022-04-11,1500,1500,0,0,1500,30.21,30.19,11.32,45.29,0.91,45.0,102.52,FILLED,触发个股硬止损 (浮亏: -8.54% <= -8.0%),
ORD_000111,,600027.SH,SELL,2022-04-08,2022-04-11,700,700,0,0,700,3.51,3.51,5.0,2.46,0.05,0.0,7.51,FILLED,组合最大回撤熔断降仓,
ORD_000112,,600875.SH,SELL,2022-04-08,2022-04-11,100,100,0,0,100,12.77,12.69,5.0,1.27,0.03,1.0,7.3,FILLED,组合最大回撤熔断降仓,
ORD_000113,,302132.SZ,SELL,2022-04-08,2022-04-11,100,100,0,0,100,13.21,13.29,5.0,1.33,0.03,1.0,7.36,FILLED,组合最大回撤熔断降仓,
ORD_000114,,688521.SH,SELL,2022-04-11,2022-04-12,600,600,0,0,600,43.55,43.41,6.51,26.05,0.52,24.0,57.08,FILLED,触发个股硬止损 (浮亏: -10.96% <= -8.0%),
ORD_000115,,600875.SH,SELL,2022-04-11,2022-04-12,3400,3400,0,0,3400,12.15,12.49,10.62,42.47,0.85,34.0,87.94,FILLED,触发个股硬止损 (浮亏: -9.73% <= -8.0%),
ORD_000116,,300866.SZ,SELL,2022-04-11,2022-04-12,500,500,0,0,500,60.05,61.18,7.65,30.59,0.61,30.0,68.85,FILLED,触发个股硬止损 (浮亏: -11.03% <= -8.0%),
ORD_000117,,688256.SH,SELL,2022-04-15,2022-04-18,500,500,0,0,500,56.26,55.94,6.99,27.97,0.56,30.0,65.52,FILLED,触发个股硬止损 (浮亏: -10.78% <= -8.0%),
ORD_000118,,300308.SZ,SELL,2022-04-22,2022-04-25,1500,1500,0,0,1500,28.77,29.26,10.97,43.89,0.88,45.0,100.74,FILLED,触发个股硬止损 (浮亏: -8.49% <= -8.0%),
ORD_000119,,302132.SZ,SELL,2022-04-25,2022-04-26,2100,2100,0,0,2100,11.05,11.06,5.81,23.23,0.46,21.0,50.5,FILLED,触发个股硬止损 (浮亏: -16.22% <= -8.0%),
ORD_000128,,600027.SH,SELL,2022-05-05,2022-05-06,4500,4500,0,0,4500,3.75,3.68,5.0,16.56,0.17,0.0,21.73,FILLED,Top-K目标再平衡减仓,
ORD_000120,,000657.SZ,BUY,2022-05-05,2022-05-06,2800,2800,0,0,2800,9.84,9.62,6.73,0.0,0.27,28.0,35.0,FILLED,Top-K目标建仓/加仓,
ORD_000121,,688256.SH,BUY,2022-05-05,2022-05-06,500,500,0,0,500,52.9,51.56,6.45,0.0,0.26,25.0,31.71,FILLED,Top-K目标建仓/加仓,
ORD_000122,,000157.SZ,BUY,2022-05-05,2022-05-06,5200,5200,0,0,5200,5.92,5.81,7.55,0.0,0.3,52.0,59.85,FILLED,Top-K目标建仓/加仓,
ORD_000123,,000301.SZ,BUY,2022-05-05,2022-05-06,2500,2500,0,0,2500,12.16,11.93,7.46,0.0,0.3,25.0,32.76,FILLED,Top-K目标建仓/加仓,
ORD_000124,,688111.SH,BUY,2022-05-05,2022-05-06,100,100,0,0,100,192.71,185.52,5.0,0.0,0.19,19.0,24.19,FILLED,Top-K目标建仓/加仓,
ORD_000125,,600549.SH,BUY,2022-05-05,2022-05-06,1700,1700,0,0,1700,15.95,15.61,6.63,0.0,0.27,34.0,40.9,FILLED,Top-K目标建仓/加仓,
ORD_000126,,600118.SH,BUY,2022-05-05,2022-05-06,1600,1600,0,0,1600,18.69,18.39,7.36,0.0,0.29,32.0,39.65,FILLED,Top-K目标建仓/加仓,
ORD_000127,,600362.SH,BUY,2022-05-05,2022-05-06,1600,1600,0,0,1600,17.61,17.1,6.84,0.0,0.27,32.0,39.11,FILLED,Top-K目标建仓/加仓,
ORD_000129,,600027.SH,SELL,2022-05-06,2022-05-09,8300,8300,0,0,8300,3.58,3.54,7.35,29.38,0.29,0.0,37.02,FILLED,"触发跟踪止盈 (最高浮盈: 11.58%, 自高点回撤: 9.14%)",
ORD_000130,,688111.SH,SELL,2022-05-06,2022-05-09,100,100,0,0,100,198.0,192.81,5.0,19.28,0.19,19.0,43.47,FILLED,"触发跟踪止盈 (最高浮盈: 16.97%, 自高点回撤: 8.76%)",
ORD_000131,,000657.SZ,SELL,2022-05-16,2022-05-17,2800,2800,0,0,2800,11.3,11.3,7.91,31.64,0.32,28.0,67.87,FILLED,"触发跟踪止盈 (最高浮盈: 24.95%, 自高点回撤: 5.99%)",
ORD_000132,,600549.SH,SELL,2022-05-16,2022-05-17,1700,1700,0,0,1700,17.78,17.99,7.65,30.58,0.31,34.0,72.54,FILLED,"触发跟踪止盈 (最高浮盈: 21.08%, 自高点回撤: 5.93%)",
ORD_000133,,688256.SH,SELL,2022-05-24,2022-05-25,500,500,0,0,500,53.04,53.0,6.62,26.5,0.27,25.0,58.39,FILLED,"触发跟踪止盈 (最高浮盈: 10.59%, 自高点回撤: 6.98%)",
ORD_000134,,000301.SZ,SELL,2022-05-24,2022-05-25,2500,2500,0,0,2500,15.58,15.57,9.73,38.93,0.39,50.0,99.05,FILLED,"触发跟踪止盈 (最高浮盈: 39.23%, 自高点回撤: 6.20%)",
ORD_000135,,600118.SH,SELL,2022-05-24,2022-05-25,1600,1600,0,0,1600,18.9,18.86,7.54,30.18,0.3,32.0,70.02,FILLED,"触发跟踪止盈 (最高浮盈: 9.19%, 自高点回撤: 5.88%)",
ORD_000136,,600362.SH,SELL,2022-06-02,2022-06-06,1600,1600,0,0,1600,18.11,18.18,7.27,29.09,0.29,32.0,68.65,FILLED,调仓剔除(掉出Top-K),
ORD_000137,,600061.SH,BUY,2022-06-02,2022-06-06,5100,5100,0,0,5100,6.18,6.17,7.87,0.0,0.31,51.0,59.18,FILLED,Top-K目标建仓/加仓,
ORD_000138_P8800,ORD_000138,600023.SH,BUY,2022-06-02,2022-06-06,9200,8800,400,0,8800,3.45,3.44,7.57,0.0,0.3,0.0,7.87,PARTIALLY_FILLED,Top-K目标建仓/加仓,
ORD_000139,,603369.SH,BUY,2022-06-02,2022-06-06,700,700,0,0,700,45.41,45.85,8.02,0.0,0.32,35.0,43.34,FILLED,Top-K目标建仓/加仓,
ORD_000140,,600219.SH,BUY,2022-06-02,2022-06-06,9000,9000,0,0,9000,3.52,3.53,7.94,0.0,0.32,0.0,8.26,FILLED,Top-K目标建仓/加仓,
ORD_000141,,600029.SH,BUY,2022-06-02,2022-06-06,4900,4900,0,0,4900,6.48,6.5,7.96,0.0,0.32,49.0,57.28,FILLED,Top-K目标建仓/加仓,
ORD_000142,,002916.SZ,BUY,2022-06-02,2022-06-06,300,300,0,0,300,93.46,93.17,6.99,0.0,0.28,27.0,34.27,FILLED,Top-K目标建仓/加仓,
ORD_000143,,600886.SH,BUY,2022-06-02,2022-06-06,3100,3100,0,0,3100,10.11,10.11,7.84,0.0,0.31,31.0,39.15,FILLED,Top-K目标建仓/加仓,
ORD_000144,,600115.SH,BUY,2022-06-02,2022-06-06,6700,6700,0,0,6700,4.72,4.73,7.92,0.0,0.32,0.0,8.24,FILLED,Top-K目标建仓/加仓,
ORD_000145,,000157.SZ,BUY,2022-06-02,2022-06-06,100,100,0,0,100,6.04,6.05,5.0,0.0,0.01,1.0,6.01,FILLED,Top-K目标建仓/加仓,
ORD_000138,,600023.SH,BUY,2022-06-02,2022-06-07,9200,9200,0,0,400,3.45,3.44,5.0,0.0,0.01,0.0,5.01,FILLED,Top-K目标建仓/加仓,
ORD_000146,,600023.SH,SELL,2022-06-09,2022-06-10,9200,9200,0,0,9200,3.52,3.5,8.05,32.2,0.32,0.0,40.57,FILLED,"触发跟踪止盈 (最高浮盈: 9.30%, 自高点回撤: 6.38%)",
ORD_000147,,002916.SZ,SELL,2022-06-09,2022-06-10,300,300,0,0,300,93.2,92.97,6.97,27.89,0.28,27.0,62.14,FILLED,"触发跟踪止盈 (最高浮盈: 6.01%, 自高点回撤: 5.64%)",
ORD_000148,,600061.SH,SELL,2022-06-16,2022-06-17,5100,5100,0,0,5100,6.6,6.59,8.4,33.61,0.34,51.0,93.35,FILLED,"触发跟踪止盈 (最高浮盈: 14.75%, 自高点回撤: 6.78%)",
ORD_000149,,600219.SH,SELL,2022-06-20,2022-06-21,9000,9000,0,0,9000,3.6,3.61,8.12,32.49,0.32,0.0,40.93,FILLED,"触发跟踪止盈 (最高浮盈: 7.37%, 自高点回撤: 5.01%)",
ORD_000150,,600029.SH,SELL,2022-07-01,2022-07-04,4900,4900,0,0,4900,6.98,7.04,8.62,34.5,0.34,49.0,92.46,FILLED,"触发跟踪止盈 (最高浮盈: 15.38%, 自高点回撤: 6.93%)",
ORD_000151,,600115.SH,SELL,2022-07-01,2022-07-04,6700,6700,0,0,6700,5.17,5.24,8.78,35.11,0.35,67.0,111.24,FILLED,"触发跟踪止盈 (最高浮盈: 17.55%, 自高点回撤: 7.01%)",
ORD_000155,,000157.SZ,SELL,2022-07-01,2022-07-04,300,300,0,0,300,6.46,6.51,5.0,1.95,0.02,3.0,9.97,FILLED,Top-K目标再平衡减仓,
ORD_000157,,603369.SH,SELL,2022-07-01,2022-07-04,100,100,0,0,100,50.6,50.03,5.0,5.0,0.05,5.0,15.05,FILLED,Top-K目标再平衡减仓,
ORD_000159,,600886.SH,SELL,2022-07-01,2022-07-04,100,100,0,0,100,10.7,10.69,5.0,1.07,0.01,1.0,7.08,FILLED,Top-K目标再平衡减仓,
ORD_000152,,601998.SH,BUY,2022-07-01,2022-07-04,6800,6800,0,0,6800,4.74,4.74,8.06,0.0,0.32,0.0,8.38,FILLED,Top-K目标建仓/加仓,
ORD_000153,,600015.SH,BUY,2022-07-01,2022-07-04,6200,6200,0,0,6200,5.19,5.19,8.04,0.0,0.32,62.0,70.36,FILLED,Top-K目标建仓/加仓,
ORD_000154_P6500,ORD_000154,688009.SH,BUY,2022-07-01,2022-07-04,7200,6500,700,0,6500,4.51,4.51,7.33,0.0,0.29,0.0,7.62,PARTIALLY_FILLED,Top-K目标建仓/加仓,
ORD_000156,,002532.SZ,BUY,2022-07-01,2022-07-04,5000,5000,0,0,5000,6.48,6.48,8.1,0.0,0.32,50.0,58.42,FILLED,Top-K目标建仓/加仓,
ORD_000158,,600160.SH,BUY,2022-07-01,2022-07-04,2400,2400,0,0,2400,13.29,13.36,8.02,0.0,0.32,24.0,32.34,FILLED,Top-K目标建仓/加仓,
ORD_000154,,688009.SH,BUY,2022-07-01,2022-07-05,7200,7200,0,0,700,4.51,4.48,5.0,0.0,0.03,0.0,5.03,FILLED,Top-K目标建仓/加仓,
ORD_000160,,000157.SZ,SELL,2022-07-05,2022-07-06,5000,5000,0,0,5000,6.34,6.29,7.86,31.45,0.31,50.0,89.62,FILLED,"触发跟踪止盈 (最高浮盈: 15.22%, 自高点回撤: 5.37%)",
ORD_000161,,603369.SH,SELL,2022-07-05,2022-07-06,600,600,0,0,600,48.8,48.59,7.29,29.15,0.29,30.0,66.73,FILLED,"触发跟踪止盈 (最高浮盈: 13.24%, 自高点回撤: 6.01%)",
ORD_000162,,600160.SH,SELL,2022-07-11,2022-07-12,2400,2400,0,0,2400,13.23,13.21,7.93,31.7,0.32,24.0,63.95,FILLED,"触发跟踪止盈 (最高浮盈: 6.14%, 自高点回撤: 6.70%)",
ORD_000163,,002532.SZ,SELL,2022-07-15,2022-07-18,5000,5000,0,0,5000,6.65,6.67,8.34,33.35,0.33,50.0,92.02,FILLED,"触发跟踪止盈 (最高浮盈: 12.50%, 自高点回撤: 8.78%)",
ORD_000164,,600886.SH,SELL,2022-07-20,2022-07-21,3000,3000,0,0,3000,11.03,11.09,8.32,33.27,0.33,30.0,71.92,FILLED,"触发跟踪止盈 (最高浮盈: 15.73%, 自高点回撤: 5.73%)",
ORD_000165,,601998.SH,SELL,2022-07-29,2022-08-01,6800,6800,0,0,6800,4.36,4.36,7.41,29.65,0.3,0.0,37.36,FILLED,触发个股硬止损 (浮亏: -8.02% <= -8.0%),
ORD_000166_P4400,ORD_000166,688009.SH,SELL,2022-07-29,2022-08-01,7200,4400,2800,0,4400,4.39,4.37,5.0,19.23,0.19,0.0,24.42,PARTIALLY_FILLED,调仓剔除(掉出Top-K),
ORD_000167_P5100,ORD_000167,600015.SH,SELL,2022-07-29,2022-08-01,6200,5100,1100,0,5100,5.12,5.11,6.52,26.06,0.26,51.0,83.84,PARTIALLY_FILLED,调仓剔除(掉出Top-K),
ORD_000168,,603501.SH,BUY,2022-07-29,2022-08-01,100,100,0,0,100,105.19,104.36,5.0,0.0,0.1,10.0,15.1,FILLED,Top-K目标建仓/加仓,
ORD_000169,,688036.SH,BUY,2022-07-29,2022-08-01,200,200,0,0,200,70.86,70.58,5.0,0.0,0.14,14.0,19.14,FILLED,Top-K目标建仓/加仓,
ORD_000170,,603019.SH,BUY,2022-07-29,2022-08-01,1200,1200,0,0,1200,28.8,28.98,8.69,0.0,0.35,36.0,45.04,FILLED,Top-K目标建仓/加仓,
ORD_000171,,603259.SH,BUY,2022-07-29,2022-08-01,100,100,0,0,100,93.4,93.49,5.0,0.0,0.09,9.0,14.09,FILLED,Top-K目标建仓/加仓,
ORD_000172,,603260.SH,BUY,2022-07-29,2022-08-01,100,100,0,0,100,98.17,96.88,5.0,0.0,0.1,10.0,15.1,FILLED,Top-K目标建仓/加仓,
ORD_000166,,688009.SH,SELL,2022-07-29,2022-08-02,7200,7200,0,0,2800,4.39,4.4,5.0,12.32,0.12,0.0,17.44,FILLED,调仓剔除(掉出Top-K),
ORD_000167,,600015.SH,SELL,2022-07-29,2022-08-02,6200,6200,0,0,1100,5.12,5.08,5.0,5.59,0.06,11.0,21.65,FILLED,调仓剔除(掉出Top-K),
ORD_000173,,688036.SH,SELL,2022-08-09,2022-08-10,200,200,0,0,200,69.75,69.43,5.0,13.89,0.14,14.0,33.03,FILLED,"触发跟踪止盈 (最高浮盈: 5.98%, 自高点回撤: 6.75%)",
ORD_000174,,603019.SH,SELL,2022-08-09,2022-08-10,1200,1200,0,0,1200,32.69,32.53,9.76,39.04,0.39,36.0,85.19,FILLED,"触发跟踪止盈 (最高浮盈: 20.77%, 自高点回撤: 6.60%)",
ORD_000175,,603501.SH,SELL,2022-08-10,2022-08-11,100,100,0,0,100,110.95,111.29,5.0,11.13,0.11,11.0,27.24,FILLED,"触发跟踪止盈 (最高浮盈: 13.53%, 自高点回撤: 6.36%)",
ORD_000176,,603260.SH,SELL,2022-08-17,2022-08-18,100,100,0,0,100,137.03,136.86,5.0,13.69,0.14,14.0,32.83,FILLED,"触发跟踪止盈 (最高浮盈: 58.75%, 自高点回撤: 10.90%)",
ORD_000177,,603501.SH,BUY,2022-08-26,2022-08-29,200,200,0,0,200,92.1,90.09,5.0,0.0,0.18,18.0,23.18,FILLED,Top-K目标建仓/加仓,
ORD_000178,,688036.SH,BUY,2022-08-26,2022-08-29,300,300,0,0,300,71.36,69.81,5.24,0.0,0.21,21.0,26.45,FILLED,Top-K目标建仓/加仓,
ORD_000179,,601998.SH,BUY,2022-08-26,2022-08-29,8400,8400,0,0,8400,4.36,4.34,9.11,0.0,0.36,0.0,9.47,FILLED,Top-K目标建仓/加仓,
ORD_000180,,000657.SZ,BUY,2022-08-26,2022-08-29,2500,2500,0,0,2500,14.16,14.02,8.76,0.0,0.35,25.0,34.11,FILLED,Top-K目标建仓/加仓,
ORD_000181,,000001.SZ,BUY,2022-08-26,2022-08-29,2900,2900,0,0,2900,12.61,12.51,9.07,0.0,0.36,29.0,38.43,FILLED,Top-K目标建仓/加仓,
ORD_000182,,603019.SH,BUY,2022-08-26,2022-08-29,1300,1300,0,0,1300,26.65,26.33,8.56,0.0,0.34,39.0,47.9,FILLED,Top-K目标建仓/加仓,
ORD_000183,,603259.SH,BUY,2022-08-26,2022-08-29,100,100,0,0,100,89.55,88.09,5.0,0.0,0.09,9.0,14.09,FILLED,Top-K目标建仓/加仓,
ORD_000184,,603260.SH,BUY,2022-08-26,2022-08-29,100,100,0,0,100,118.95,116.62,5.0,0.0,0.12,12.0,17.12,FILLED,Top-K目标建仓/加仓,
ORD_000185,,603259.SH,SELL,2022-08-29,2022-08-30,200,200,0,0,200,88.52,88.25,5.0,17.65,0.18,18.0,40.83,FILLED,"触发跟踪止盈 (最高浮盈: 7.59%, 自高点回撤: 9.38%)",
ORD_000186,,000657.SZ,SELL,2022-08-31,2022-09-01,2500,2500,0,0,2500,12.88,12.99,8.12,32.48,0.32,25.0,65.92,FILLED,触发个股硬止损 (浮亏: -8.13% <= -8.0%),
ORD_000187,,603260.SH,SELL,2022-08-31,2022-09-01,100,100,0,0,100,112.2,112.89,5.0,11.29,0.11,11.0,27.4,FILLED,"触发跟踪止盈 (最高浮盈: 5.47%, 自高点回撤: 8.78%)",
ORD_000188,,603501.SH,SELL,2022-09-02,2022-09-05,200,200,0,0,200,89.87,89.71,5.0,17.94,0.18,18.0,41.12,FILLED,"触发跟踪止盈 (最高浮盈: 5.12%, 自高点回撤: 5.10%)",
ORD_000189,,688036.SH,SELL,2022-09-05,2022-09-06,300,300,0,0,300,62.75,62.92,5.0,18.88,0.19,18.0,42.07,FILLED,触发个股硬止损 (浮亏: -10.11% <= -8.0%),
ORD_000190,,603019.SH,SELL,2022-09-06,2022-09-07,1300,1300,0,0,1300,25.3,25.17,8.18,32.72,0.33,39.0,80.23,FILLED,"触发跟踪止盈 (最高浮盈: 6.57%, 自高点回撤: 9.84%)",
ORD_000191,,000001.SZ,SELL,2022-09-26,2022-09-27,2900,2900,0,0,2900,12.0,11.99,8.69,34.77,0.35,29.0,72.81,FILLED,调仓剔除(掉出Top-K),
ORD_000192,,601998.SH,SELL,2022-09-26,2022-09-27,8400,8400,0,0,8400,4.56,4.56,9.58,38.3,0.38,0.0,48.26,FILLED,调仓剔除(掉出Top-K),
ORD_000193,,300866.SZ,BUY,2022-09-26,2022-09-27,600,600,0,0,600,54.87,55.0,8.25,0.0,0.33,30.0,38.58,FILLED,Top-K目标建仓/加仓,
ORD_000194,,000657.SZ,BUY,2022-09-26,2022-09-27,2800,2800,0,0,2800,12.99,13.08,9.16,0.0,0.37,28.0,37.53,FILLED,Top-K目标建仓/加仓,
ORD_000195,,603392.SH,BUY,2022-09-26,2022-09-27,300,300,0,0,300,110.65,110.31,8.27,0.0,0.33,33.0,41.6,FILLED,Top-K目标建仓/加仓,
ORD_000196,,601800.SH,BUY,2022-09-26,2022-09-27,5000,5000,0,0,5000,7.29,7.3,9.12,0.0,0.37,50.0,59.49,FILLED,Top-K目标建仓/加仓,
ORD_000197,,000938.SZ,BUY,2022-09-26,2022-09-27,2200,2200,0,0,2200,16.15,16.18,8.9,0.0,0.36,44.0,53.26,FILLED,Top-K目标建仓/加仓,
ORD_000198_P4100,ORD_000198,601018.SH,BUY,2022-09-26,2022-09-27,9800,4100,5700,0,4100,3.71,3.71,5.0,0.0,0.15,0.0,5.15,PARTIALLY_FILLED,Top-K目标建仓/加仓,
ORD_000199,,601058.SH,BUY,2022-09-26,2022-09-27,3500,3500,0,0,3500,10.33,10.43,9.13,0.0,0.37,35.0,44.5,FILLED,Top-K目标建仓/加仓,
ORD_000200,,600015.SH,BUY,2022-09-26,2022-09-27,7200,7200,0,0,7200,5.07,5.08,9.14,0.0,0.37,72.0,81.51,FILLED,Top-K目标建仓/加仓,
ORD_000198_P7900,ORD_000198,601018.SH,BUY,2022-09-26,2022-09-28,9800,7900,1900,0,3800,3.71,3.73,5.0,0.0,0.14,0.0,5.14,PARTIALLY_FILLED,Top-K目标建仓/加仓,
ORD_000198,,601018.SH,BUY,2022-09-26,2022-09-29,9800,9800,0,0,1900,3.71,3.69,5.0,0.0,0.07,0.0,5.07,FILLED,Top-K目标建仓/加仓,
ORD_000201,,603392.SH,SELL,2022-09-30,2022-10-10,300,300,0,0,300,114.4,115.17,8.64,34.55,0.35,36.0,79.54,FILLED,"触发跟踪止盈 (最高浮盈: 10.60%, 自高点回撤: 6.23%)",
ORD_000202,,300866.SZ,SELL,2022-10-10,2022-10-11,600,600,0,0,600,53.56,53.51,8.03,32.11,0.32,30.0,70.46,FILLED,"触发跟踪止盈 (最高浮盈: 5.78%, 自高点回撤: 7.94%)",
ORD_000203,,000657.SZ,SELL,2022-10-10,2022-10-11,2800,2800,0,0,2800,11.83,11.85,8.29,33.18,0.33,28.0,69.8,FILLED,触发个股硬止损 (浮亏: -9.56% <= -8.0%),
ORD_000204,,601058.SH,SELL,2022-10-17,2022-10-18,3500,3500,0,0,3500,9.55,9.65,8.44,33.77,0.34,35.0,77.55,FILLED,触发个股硬止损 (浮亏: -8.44% <= -8.0%),
ORD_000205,,601800.SH,SELL,2022-10-31,2022-11-01,5000,5000,0,0,5000,6.69,6.68,8.35,33.4,0.33,50.0,92.08,FILLED,触发个股硬止损 (浮亏: -8.36% <= -8.0%),
ORD_000206,,600015.SH,SELL,2022-10-31,2022-11-01,7200,7200,0,0,7200,4.79,4.79,8.62,34.49,0.34,0.0,43.45,FILLED,调仓剔除(掉出Top-K),
ORD_000215,,601018.SH,SELL,2022-10-31,2022-11-01,2300,2300,0,0,2300,3.47,3.47,5.0,7.98,0.08,0.0,13.06,FILLED,Top-K目标再平衡减仓,
ORD_000216,,000938.SZ,SELL,2022-10-31,2022-11-01,700,700,0,0,700,17.15,17.08,5.0,11.96,0.12,14.0,31.08,FILLED,Top-K目标再平衡减仓,
ORD_000207,,600018.SH,BUY,2022-10-31,2022-11-01,5000,5000,0,0,5000,5.17,5.16,6.45,0.0,0.26,50.0,56.71,FILLED,Top-K目标建仓/加仓,
ORD_000208,,300413.SZ,BUY,2022-10-31,2022-11-01,1100,1100,0,0,1100,21.93,21.92,6.03,0.0,0.24,22.0,28.27,FILLED,Top-K目标建仓/加仓,
ORD_000209,,600111.SH,BUY,2022-10-31,2022-11-01,1000,1000,0,0,1000,24.2,24.31,6.08,0.0,0.24,20.0,26.32,FILLED,Top-K目标建仓/加仓,
ORD_000210,,300059.SZ,BUY,2022-10-31,2022-11-01,1600,1600,0,0,1600,15.61,15.63,6.25,0.0,0.25,32.0,38.5,FILLED,Top-K目标建仓/加仓,
ORD_000211,,002493.SZ,BUY,2022-10-31,2022-11-01,2400,2400,0,0,2400,10.7,10.71,6.43,0.0,0.26,24.0,30.69,FILLED,Top-K目标建仓/加仓,
ORD_000212,,601877.SH,BUY,2022-10-31,2022-11-01,1000,1000,0,0,1000,25.4,25.63,6.41,0.0,0.26,30.0,36.67,FILLED,Top-K目标建仓/加仓,
ORD_000213,,600886.SH,BUY,2022-10-31,2022-11-01,2600,2600,0,0,2600,10.1,10.16,6.6,0.0,0.26,26.0,32.86,FILLED,Top-K目标建仓/加仓,
ORD_000214,,002463.SZ,BUY,2022-10-31,2022-11-01,2400,2400,0,0,2400,10.89,10.91,6.55,0.0,0.26,24.0,30.81,FILLED,Top-K目标建仓/加仓,
ORD_000217,,300413.SZ,SELL,2022-11-03,2022-11-04,1100,1100,0,0,1100,23.61,23.68,6.51,26.05,0.26,22.0,54.82,FILLED,"触发跟踪止盈 (最高浮盈: 13.82%, 自高点回撤: 5.37%)",
ORD_000218,,600111.SH,SELL,2022-11-09,2022-11-10,1000,1000,0,0,1000,28.01,27.22,6.8,27.22,0.27,30.0,64.29,FILLED,"触发跟踪止盈 (最高浮盈: 21.76%, 自高点回撤: 5.37%)",
ORD_000219,,002463.SZ,SELL,2022-11-09,2022-11-10,2400,2400,0,0,2400,12.51,12.34,7.4,29.62,0.3,24.0,61.32,FILLED,"触发跟踪止盈 (最高浮盈: 21.36%, 自高点回撤: 5.51%)",
ORD_000220,,300059.SZ,SELL,2022-11-18,2022-11-21,1600,1600,0,0,1600,18.2,17.98,7.19,28.77,0.29,32.0,68.25,FILLED,"触发跟踪止盈 (最高浮盈: 23.29%, 自高点回撤: 5.55%)",
ORD_000221,,601877.SH,SELL,2022-11-25,2022-11-28,1000,1000,0,0,1000,27.85,27.37,6.84,27.37,0.27,30.0,64.48,FILLED,"触发跟踪止盈 (最高浮盈: 16.07%, 自高点回撤: 6.39%)",
ORD_000222_P7100,ORD_000222,601018.SH,SELL,2022-11-28,2022-11-29,7500,7100,400,0,7100,3.65,3.66,6.5,25.99,0.26,0.0,32.75,PARTIALLY_FILLED,调仓剔除(掉出Top-K),
ORD_000223,,600886.SH,SELL,2022-11-28,2022-11-29,2600,2600,0,0,2600,11.07,11.05,7.18,28.73,0.29,26.0,62.2,FILLED,调仓剔除(掉出Top-K),
ORD_000224,,000938.SZ,SELL,2022-11-28,2022-11-29,1500,1500,0,0,1500,18.94,18.93,7.1,28.39,0.28,30.0,65.77,FILLED,调仓剔除(掉出Top-K),
ORD_000225,,600018.SH,SELL,2022-11-28,2022-11-29,5000,5000,0,0,5000,5.39,5.38,6.73,26.9,0.27,50.0,83.9,FILLED,调仓剔除(掉出Top-K),
ORD_000226,,300059.SZ,BUY,2022-11-28,2022-11-29,2100,2100,0,0,2100,17.46,17.62,9.25,0.0,0.37,42.0,51.62,FILLED,Top-K目标建仓/加仓,
ORD_000227,,601872.SH,BUY,2022-11-28,2022-11-29,5300,5300,0,0,5300,6.91,6.9,9.14,0.0,0.37,53.0,62.51,FILLED,Top-K目标建仓/加仓,
ORD_000228,,000988.SZ,BUY,2022-11-28,2022-11-29,2100,2100,0,0,2100,17.2,17.21,9.04,0.0,0.36,42.0,51.4,FILLED,Top-K目标建仓/加仓,
ORD_000229,,601238.SH,BUY,2022-11-28,2022-11-29,3200,3200,0,0,3200,11.33,11.34,9.07,0.0,0.36,32.0,41.43,FILLED,Top-K目标建仓/加仓,
ORD_000230,,603260.SH,BUY,2022-11-28,2022-11-29,400,400,0,0,400,92.28,92.44,9.24,0.0,0.37,36.0,45.61,FILLED,Top-K目标建仓/加仓,
ORD_000231,,002493.SZ,BUY,2022-11-28,2022-11-29,600,600,0,0,600,12.29,12.31,5.0,0.0,0.07,6.0,11.07,FILLED,Top-K目标建仓/加仓,
ORD_000232,,002837.SZ,BUY,2022-11-28,2022-11-29,1100,1100,0,0,1100,33.06,32.93,9.06,0.0,0.36,33.0,42.42,FILLED,Top-K目标建仓/加仓,
ORD_000233,,002600.SZ,BUY,2022-11-28,2022-11-29,7700,7700,0,0,7700,4.76,4.75,9.14,0.0,0.37,0.0,9.51,FILLED,Top-K目标建仓/加仓,
ORD_000222,,601018.SH,SELL,2022-11-28,2022-11-30,7500,7500,0,0,400,3.65,3.69,5.0,1.48,0.01,0.0,6.49,FILLED,调仓剔除(掉出Top-K),
ORD_000234,,601872.SH,SELL,2022-12-02,2022-12-05,5300,5300,0,0,5300,6.08,6.11,8.1,32.38,0.32,53.0,93.8,FILLED,触发个股硬止损 (浮亏: -11.88% <= -8.0%),
ORD_000235,,601238.SH,SELL,2022-12-02,2022-12-05,3200,3200,0,0,3200,12.0,12.1,9.68,38.72,0.39,32.0,80.79,FILLED,"触发跟踪止盈 (最高浮盈: 13.58%, 自高点回撤: 6.83%)",
ORD_000236,,002837.SZ,SELL,2022-12-07,2022-12-08,1100,1100,0,0,1100,32.97,32.68,8.99,35.95,0.36,33.0,78.3,FILLED,"触发跟踪止盈 (最高浮盈: 6.29%, 自高点回撤: 5.80%)",
ORD_000237,,603260.SH,SELL,2022-12-12,2022-12-13,400,400,0,0,400,97.22,96.98,9.7,38.79,0.39,40.0,88.88,FILLED,"触发跟踪止盈 (最高浮盈: 10.88%, 自高点回撤: 5.15%)",
ORD_000238,,002493.SZ,SELL,2022-12-15,2022-12-16,3000,3000,0,0,3000,12.65,12.64,9.48,37.92,0.38,30.0,77.78,FILLED,"触发跟踪止盈 (最高浮盈: 21.85%, 自高点回撤: 5.88%)",
ORD_000239,,300059.SZ,SELL,2022-12-15,2022-12-16,2100,2100,0,0,2100,19.69,19.56,10.27,41.08,0.41,42.0,93.76,FILLED,"触发跟踪止盈 (最高浮盈: 17.71%, 自高点回撤: 5.06%)",
ORD_000240,,000988.SZ,SELL,2022-12-19,2022-12-20,2100,2100,0,0,2100,17.04,16.98,8.91,35.66,0.36,42.0,86.93,FILLED,"触发跟踪止盈 (最高浮盈: 5.11%, 自高点回撤: 5.80%)",
ORD_000241,,002600.SZ,SELL,2022-12-19,2022-12-20,7700,7700,0,0,7700,4.54,4.55,8.76,35.04,0.35,0.0,44.15,FILLED,"触发跟踪止盈 (最高浮盈: 5.68%, 自高点回撤: 9.56%)",
ORD_000242,,603260.SH,BUY,2022-12-26,2022-12-27,300,300,0,0,300,85.52,85.61,6.42,0.0,0.26,27.0,33.68,FILLED,Top-K目标建仓/加仓,
ORD_000243,,601689.SH,BUY,2022-12-26,2022-12-27,500,500,0,0,500,62.0,61.96,7.75,0.0,0.31,30.0,38.06,FILLED,Top-K目标建仓/加仓,
ORD_000244,,601872.SH,BUY,2022-12-26,2022-12-27,6500,6500,0,0,6500,5.68,5.71,9.28,0.0,0.37,65.0,74.65,FILLED,Top-K目标建仓/加仓,
ORD_000245,,601136.SH,BUY,2022-12-26,,2400,0,0,2400,0,12.32,0.0,0.0,0.0,0.0,0.0,0.0,REJECTED,Top-K目标建仓/加仓,LIMIT_UP
ORD_000246,,688126.SH,BUY,2022-12-26,2022-12-27,1600,1600,0,0,1600,17.79,18.02,7.21,0.0,0.29,32.0,39.5,FILLED,Top-K目标建仓/加仓,
ORD_000247,,600438.SH,BUY,2022-12-26,2022-12-27,900,900,0,0,900,38.99,39.02,8.78,0.0,0.35,36.0,45.13,FILLED,Top-K目标建仓/加仓,
ORD_000248,,600803.SH,BUY,2022-12-26,2022-12-27,2200,2200,0,0,2200,16.35,16.37,9.0,0.0,0.36,44.0,53.36,FILLED,Top-K目标建仓/加仓,
ORD_000249,,600027.SH,BUY,2022-12-26,2022-12-27,6900,6900,0,0,6900,5.37,5.39,9.3,0.0,0.37,69.0,78.67,FILLED,Top-K目标建仓/加仓,
ORD_000250,,600027.SH,SELL,2023-01-09,2023-01-10,6900,6900,0,0,6900,6.04,5.99,10.33,41.33,0.41,69.0,121.07,FILLED,"触发跟踪止盈 (最高浮盈: 21.52%, 自高点回撤: 7.79%)",
ORD_000251,,603260.SH,SELL,2023-01-11,2023-01-12,300,300,0,0,300,85.87,85.53,6.41,25.66,0.26,27.0,59.33,FILLED,"触发跟踪止盈 (最高浮盈: 5.95%, 自高点回撤: 5.33%)",
ORD_000252,,601689.SH,SELL,2023-01-16,2023-01-17,500,500,0,0,500,64.83,64.74,8.09,32.37,0.32,30.0,70.78,FILLED,"触发跟踪止盈 (最高浮盈: 12.27%, 自高点回撤: 6.80%)",
ORD_000253,,600803.SH,SELL,2023-01-16,2023-01-17,2200,2200,0,0,2200,17.75,17.75,9.76,39.05,0.39,44.0,93.2,FILLED,"触发跟踪止盈 (最高浮盈: 15.09%, 自高点回撤: 5.79%)",
ORD_000254,,601872.SH,SELL,2023-01-31,2023-02-01,6500,6500,0,0,6500,6.39,6.4,10.4,41.6,0.42,65.0,117.42,FILLED,调仓剔除(掉出Top-K),
ORD_000255,,688126.SH,SELL,2023-01-31,2023-02-01,1600,1600,0,0,1600,20.88,20.86,8.34,33.38,0.33,32.0,74.05,FILLED,调仓剔除(掉出Top-K),
ORD_000256,,600438.SH,SELL,2023-01-31,2023-02-01,900,900,0,0,900,42.21,42.34,9.53,38.11,0.38,36.0,84.02,FILLED,调仓剔除(掉出Top-K),
ORD_000257,,601916.SH,BUY,2023-01-31,2023-02-01,6100,6100,0,0,6100,2.96,2.97,5.0,0.0,0.18,0.0,5.18,FILLED,Top-K目标建仓/加仓,
ORD_000258,,601988.SH,BUY,2023-01-31,2023-02-01,11700,11700,0,0,11700,3.22,3.22,9.42,0.0,0.38,0.0,9.8,FILLED,Top-K目标建仓/加仓,
ORD_000259,,601229.SH,BUY,2023-01-31,2023-02-01,3000,3000,0,0,3000,5.99,6.01,5.0,0.0,0.18,30.0,35.18,FILLED,Top-K目标建仓/加仓,
ORD_000260,,600025.SH,BUY,2023-01-31,2023-02-01,2700,2700,0,0,2700,6.68,6.69,5.0,0.0,0.18,27.0,32.18,FILLED,Top-K目标建仓/加仓,
ORD_000261,,601006.SH,BUY,2023-01-31,2023-02-01,5600,5600,0,0,5600,6.7,6.71,9.39,0.0,0.38,56.0,65.77,FILLED,Top-K目标建仓/加仓,
ORD_000262,,600015.SH,BUY,2023-01-31,2023-02-01,7200,7200,0,0,7200,5.21,5.23,9.41,0.0,0.38,72.0,81.79,FILLED,Top-K目标建仓/加仓,
ORD_000263,,003816.SZ,BUY,2023-01-31,2023-02-01,6700,6700,0,0,6700,2.71,2.71,5.0,0.0,0.18,0.0,5.18,FILLED,Top-K目标建仓/加仓,
ORD_000264,,601319.SH,BUY,2023-01-31,2023-02-01,3500,3500,0,0,3500,5.15,5.15,5.0,0.0,0.18,35.0,40.18,FILLED,Top-K目标建仓/加仓,
ORD_000265,,601006.SH,SELL,2023-02-28,2023-03-01,5600,5600,0,0,5600,6.79,6.81,9.53,38.14,0.38,56.0,104.05,FILLED,调仓剔除(掉出Top-K),
ORD_000266,,003816.SZ,SELL,2023-02-28,2023-03-01,6700,6700,0,0,6700,2.73,2.73,5.0,18.29,0.18,0.0,23.47,FILLED,调仓剔除(掉出Top-K),
ORD_000267,,601319.SH,SELL,2023-02-28,2023-03-01,600,600,0,0,600,5.22,5.21,5.0,3.13,0.03,6.0,14.16,FILLED,Top-K目标再平衡减仓,
ORD_000270,,601988.SH,SELL,2023-02-28,2023-03-01,3200,3200,0,0,3200,3.23,3.23,5.0,10.34,0.1,0.0,15.44,FILLED,Top-K目标再平衡减仓,
ORD_000274,,600025.SH,SELL,2023-02-28,2023-03-01,600,600,0,0,600,7.1,7.1,5.0,4.26,0.04,6.0,15.3,FILLED,Top-K目标再平衡减仓,
ORD_000275,,601229.SH,SELL,2023-02-28,2023-03-01,500,500,0,0,500,5.98,5.96,5.0,2.98,0.03,5.0,13.01,FILLED,Top-K目标再平衡减仓,
ORD_000276,,601916.SH,SELL,2023-02-28,2023-03-01,1000,1000,0,0,1000,2.92,2.92,5.0,2.92,0.03,0.0,7.95,FILLED,Top-K目标再平衡减仓,
ORD_000277,,600015.SH,SELL,2023-02-28,2023-03-01,2000,2000,0,0,2000,5.22,5.2,5.0,10.4,0.1,20.0,35.5,FILLED,Top-K目标再平衡减仓,
ORD_000268,,601998.SH,BUY,2023-02-28,2023-03-01,5600,5600,0,0,5600,4.92,4.93,6.9,0.0,0.28,0.0,7.18,FILLED,Top-K目标建仓/加仓,
ORD_000269,,601898.SH,BUY,2023-02-28,2023-03-01,3100,3100,0,0,3100,8.77,8.76,6.79,0.0,0.27,31.0,38.06,FILLED,Top-K目标建仓/加仓,
ORD_000271,,601881.SH,BUY,2023-02-28,2023-03-01,1500,1500,0,0,1500,9.62,9.64,5.0,0.0,0.14,15.0,20.14,FILLED,Top-K目标建仓/加仓,
ORD_000272,,601878.SH,BUY,2023-02-28,2023-03-01,1400,1400,0,0,1400,10.32,10.3,5.0,0.0,0.14,14.0,19.14,FILLED,Top-K目标建仓/加仓,
ORD_000273,,600027.SH,BUY,2023-02-28,2023-03-01,4800,4800,0,0,4800,5.74,5.72,6.86,0.0,0.27,48.0,55.13,FILLED,Top-K目标建仓/加仓,
ORD_000278,,601319.SH,SELL,2023-03-09,2023-03-10,2900,2900,0,0,2900,5.22,5.19,5.0,15.05,0.15,29.0,49.2,FILLED,"触发跟踪止盈 (最高浮盈: 6.80%, 自高点回撤: 5.09%)",
ORD_000279,,601881.SH,SELL,2023-03-09,2023-03-10,1500,1500,0,0,1500,9.74,9.61,5.0,14.42,0.14,15.0,34.56,FILLED,"触发跟踪止盈 (最高浮盈: 7.16%, 自高点回撤: 5.71%)",
ORD_000280,,601998.SH,SELL,2023-03-10,2023-03-13,5600,5600,0,0,5600,5.08,5.06,7.08,28.34,0.28,56.0,91.7,FILLED,"触发跟踪止盈 (最高浮盈: 8.92%, 自高点回撤: 5.40%)",
ORD_000281,,600027.SH,SELL,2023-03-10,2023-03-13,4800,4800,0,0,4800,5.81,5.78,6.94,27.74,0.28,48.0,82.96,FILLED,"触发跟踪止盈 (最高浮盈: 9.27%, 自高点回撤: 7.04%)",
ORD_000282,,600025.SH,SELL,2023-03-21,2023-03-22,2100,2100,0,0,2100,7.08,7.1,5.0,14.91,0.15,21.0,41.06,FILLED,"触发跟踪止盈 (最高浮盈: 11.66%, 自高点回撤: 5.22%)",
ORD_000283,,601988.SH,SELL,2023-03-24,2023-03-27,8500,8500,0,0,8500,3.4,3.4,7.23,28.9,0.29,0.0,36.42,FILLED,"触发跟踪止盈 (最高浮盈: 11.18%, 自高点回撤: 5.03%)",
ORD_000284,,601898.SH,SELL,2023-03-28,2023-03-29,3100,3100,0,0,3100,8.14,8.15,6.32,25.27,0.25,31.0,62.84,FILLED,调仓剔除(掉出Top-K),
ORD_000285,,601229.SH,SELL,2023-03-28,2023-03-29,2500,2500,0,0,2500,6.01,6.01,5.0,15.03,0.15,25.0,45.18,FILLED,调仓剔除(掉出Top-K),
ORD_000286,,601878.SH,SELL,2023-03-28,2023-03-29,1400,1400,0,0,1400,10.19,10.19,5.0,14.27,0.14,14.0,33.41,FILLED,调仓剔除(掉出Top-K),
ORD_000287,,601916.SH,SELL,2023-03-28,2023-03-29,5100,5100,0,0,5100,2.86,2.87,5.0,14.64,0.15,0.0,19.79,FILLED,调仓剔除(掉出Top-K),
ORD_000288,,600015.SH,SELL,2023-03-28,2023-03-29,5200,5200,0,0,5200,5.41,5.41,7.03,28.13,0.28,52.0,87.44,FILLED,调仓剔除(掉出Top-K),
ORD_000289,,003816.SZ,BUY,2023-03-28,2023-03-29,5300,5300,0,0,5300,2.86,2.85,5.0,0.0,0.15,0.0,5.15,FILLED,Top-K目标建仓/加仓,
ORD_000290,,600115.SH,BUY,2023-03-28,2023-03-29,7400,7400,0,0,7400,5.09,5.12,9.47,0.0,0.38,74.0,83.85,FILLED,Top-K目标建仓/加仓,
ORD_000291,,000002.SZ,BUY,2023-03-28,2023-03-29,2400,2400,0,0,2400,15.35,15.43,9.26,0.0,0.37,48.0,57.63,FILLED,Top-K目标建仓/加仓,
ORD_000292,,688506.SH,BUY,2023-03-28,2023-03-29,200,200,0,0,200,66.8,67.87,5.0,0.0,0.14,14.0,19.14,FILLED,Top-K目标建仓/加仓,
ORD_000293,,603799.SH,BUY,2023-03-28,2023-03-29,200,200,0,0,200,54.49,54.26,5.0,0.0,0.11,10.0,15.11,FILLED,Top-K目标建仓/加仓,
ORD_000294,,603501.SH,BUY,2023-03-28,2023-03-29,100,100,0,0,100,87.75,87.84,5.0,0.0,0.09,9.0,14.09,FILLED,Top-K目标建仓/加仓,
ORD_000295,,603392.SH,BUY,2023-03-28,2023-03-29,100,100,0,0,100,116.76,116.87,5.0,0.0,0.12,12.0,17.12,FILLED,Top-K目标建仓/加仓,
ORD_000296,,603501.SH,SELL,2023-04-10,2023-04-11,100,100,0,0,100,107.49,105.78,5.0,10.58,0.11,11.0,26.69,FILLED,"触发跟踪止盈 (最高浮盈: 29.63%, 自高点回撤: 5.60%)",
ORD_000297,,688506.SH,SELL,2023-04-11,2023-04-12,200,200,0,0,200,82.04,80.88,5.0,16.18,0.16,16.0,37.34,FILLED,"触发跟踪止盈 (最高浮盈: 33.31%, 自高点回撤: 9.33%)",
ORD_000298,,600115.SH,SELL,2023-04-12,2023-04-13,7400,7400,0,0,7400,5.3,5.27,9.75,39.0,0.39,74.0,123.14,FILLED,"触发跟踪止盈 (最高浮盈: 9.77%, 自高点回撤: 5.69%)",
ORD_000299,,000002.SZ,SELL,2023-04-20,2023-04-21,2400,2400,0,0,2400,15.43,15.47,9.28,37.13,0.37,48.0,94.78,FILLED,"触发跟踪止盈 (最高浮盈: 5.31%, 自高点回撤: 5.05%)",
ORD_000300,,603799.SH,SELL,2023-04-21,2023-04-24,200,200,0,0,200,53.51,53.5,5.0,10.7,0.11,10.0,25.81,FILLED,"触发跟踪止盈 (最高浮盈: 5.38%, 自高点回撤: 6.42%)",
ORD_000301,,603392.SH,SELL,2023-04-21,2023-04-24,100,100,0,0,100,106.9,107.69,5.0,10.77,0.11,11.0,26.88,FILLED,触发个股硬止损 (浮亏: -8.53% <= -8.0%),
ORD_000302,,003816.SZ,SELL,2023-04-26,2023-04-27,5300,5300,0,0,5300,3.05,3.04,5.0,16.11,0.16,0.0,21.27,FILLED,调仓剔除(掉出Top-K),
ORD_000303,,688396.SH,BUY,2023-04-26,2023-04-27,300,300,0,0,300,55.92,55.94,5.0,0.0,0.17,18.0,23.17,FILLED,Top-K目标建仓/加仓,
ORD_000304,,000001.SZ,BUY,2023-04-26,2023-04-27,3100,3100,0,0,3100,12.12,12.07,9.35,0.0,0.37,31.0,40.72,FILLED,Top-K目标建仓/加仓,
ORD_000305,,000002.SZ,BUY,2023-04-26,2023-04-27,2500,2500,0,0,2500,14.8,14.81,9.26,0.0,0.37,25.0,34.63,FILLED,Top-K目标建仓/加仓,
ORD_000306,,000063.SZ,BUY,2023-04-26,2023-04-27,1000,1000,0,0,1000,35.26,34.88,8.72,0.0,0.35,30.0,39.07,FILLED,Top-K目标建仓/加仓,
ORD_000307,,605499.SH,BUY,2023-04-26,2023-04-27,100,100,0,0,100,182.5,182.68,5.0,0.0,0.18,18.0,23.18,FILLED,Top-K目标建仓/加仓,
ORD_000308,,603893.SH,BUY,2023-04-26,2023-04-27,200,200,0,0,200,72.32,72.39,5.0,0.0,0.14,14.0,19.14,FILLED,Top-K目标建仓/加仓,
ORD_000309,,603799.SH,BUY,2023-04-26,2023-04-27,300,300,0,0,300,50.3,50.05,5.0,0.0,0.15,15.0,20.15,FILLED,Top-K目标建仓/加仓,
ORD_000310,,000001.SZ,SELL,2023-05-10,2023-05-11,3100,3100,0,0,3100,12.84,12.94,10.03,40.11,0.4,31.0,81.54,FILLED,"触发跟踪止盈 (最高浮盈: 12.68%, 自高点回撤: 5.59%)",
ORD_000311,,000063.SZ,SELL,2023-05-11,2023-05-12,1000,1000,0,0,1000,31.68,31.47,7.87,31.47,0.31,30.0,69.65,FILLED,触发个股硬止损 (浮亏: -9.17% <= -8.0%),
ORD_000312,,000002.SZ,SELL,2023-05-12,2023-05-15,2500,2500,0,0,2500,15.06,14.98,9.36,37.45,0.37,50.0,97.18,FILLED,"触发跟踪止盈 (最高浮盈: 7.29%, 自高点回撤: 5.22%)",
ORD_000313,,603799.SH,SELL,2023-05-19,2023-05-22,300,300,0,0,300,51.18,51.09,5.0,15.33,0.15,15.0,35.48,FILLED,"触发跟踪止盈 (最高浮盈: 8.27%, 自高点回撤: 5.55%)",
ORD_000314,,688396.SH,SELL,2023-05-22,2023-05-23,300,300,0,0,300,58.12,57.94,5.0,17.38,0.17,18.0,40.55,FILLED,"触发跟踪止盈 (最高浮盈: 9.94%, 自高点回撤: 5.50%)",
ORD_000315,,603893.SH,SELL,2023-05-24,2023-05-25,200,200,0,0,200,80.79,80.31,5.0,16.06,0.16,16.0,37.22,FILLED,"触发跟踪止盈 (最高浮盈: 18.87%, 自高点回撤: 6.11%)",
ORD_000316,,605499.SH,SELL,2023-05-29,2023-05-30,100,100,0,0,100,167.3,160.88,5.0,16.09,0.16,16.0,37.25,FILLED,触发个股硬止损 (浮亏: -8.42% <= -8.0%),
ORD_000317,,688981.SH,BUY,2023-05-29,2023-05-30,200,200,0,0,200,52.6,52.24,5.0,0.0,0.1,10.0,15.1,FILLED,Top-K目标建仓/加仓,
ORD_000318,,688521.SH,BUY,2023-05-29,2023-05-30,100,100,0,0,100,88.09,87.59,5.0,0.0,0.09,9.0,14.09,FILLED,Top-K目标建仓/加仓,
ORD_000319,,688396.SH,BUY,2023-05-29,2023-05-30,200,200,0,0,200,57.36,57.18,5.0,0.0,0.11,12.0,17.11,FILLED,Top-K目标建仓/加仓,
ORD_000320,,000063.SZ,BUY,2023-05-29,2023-05-30,1100,1100,0,0,1100,34.42,34.23,9.41,0.0,0.38,33.0,42.79,FILLED,Top-K目标建仓/加仓,
ORD_000321,,603993.SH,BUY,2023-05-29,2023-05-30,2400,2400,0,0,2400,5.25,5.28,5.0,0.0,0.13,24.0,29.13,FILLED,Top-K目标建仓/加仓,
ORD_000322,,603893.SH,BUY,2023-05-29,2023-05-30,100,100,0,0,100,82.75,81.98,5.0,0.0,0.08,8.0,13.08,FILLED,Top-K目标建仓/加仓,
ORD_000323,,688521.SH,SELL,2023-06-05,2023-06-06,100,100,0,0,100,86.31,85.91,5.0,8.59,0.09,9.0,22.68,FILLED,"触发跟踪止盈 (最高浮盈: 6.59%, 自高点回撤: 7.55%)",
ORD_000324,,603893.SH,SELL,2023-06-06,2023-06-07,100,100,0,0,100,81.86,81.95,5.0,8.2,0.08,8.0,21.28,FILLED,"触发跟踪止盈 (最高浮盈: 8.67%, 自高点回撤: 8.12%)",
ORD_000325,,688981.SH,SELL,2023-06-12,2023-06-13,200,200,0,0,200,52.87,53.04,5.0,10.61,0.11,10.0,25.72,FILLED,"触发跟踪止盈 (最高浮盈: 7.25%, 自高点回撤: 5.64%)",
ORD_000326,,688396.SH,SELL,2023-06-21,2023-06-26,200,200,0,0,200,51.33,50.44,5.0,10.09,0.1,10.0,25.19,FILLED,触发个股硬止损 (浮亏: -10.23% <= -8.0%),
ORD_000327,,603993.SH,SELL,2023-06-21,2023-06-26,2400,2400,0,0,2400,5.34,5.31,5.0,12.74,0.13,24.0,41.87,FILLED,"触发跟踪止盈 (最高浮盈: 7.39%, 自高点回撤: 5.82%)",
ORD_000328,,000063.SZ,SELL,2023-06-28,2023-06-29,1100,1100,0,0,1100,42.6,42.51,11.69,46.76,0.47,44.0,102.92,FILLED,"触发跟踪止盈 (最高浮盈: 32.75%, 自高点回撤: 6.25%)",
ORD_000329,,688981.SH,BUY,2023-06-28,2023-06-29,200,200,0,0,200,51.72,51.28,5.0,0.0,0.1,10.0,15.1,FILLED,Top-K目标建仓/加仓,
ORD_000330,,688521.SH,BUY,2023-06-28,2023-06-29,100,100,0,0,100,77.55,77.63,5.0,0.0,0.08,8.0,13.08,FILLED,Top-K目标建仓/加仓,
ORD_000331,,688506.SH,BUY,2023-06-28,2023-06-29,100,100,0,0,100,74.53,73.93,5.0,0.0,0.07,7.0,12.07,FILLED,Top-K目标建仓/加仓,
ORD_000332,,688472.SH,BUY,2023-06-28,2023-06-29,500,500,0,0,500,19.37,19.34,5.0,0.0,0.1,10.0,15.1,FILLED,Top-K目标建仓/加仓,
ORD_000333,,603986.SH,BUY,2023-06-28,2023-06-29,100,100,0,0,100,105.05,108.18,5.0,0.0,0.11,11.0,16.11,FILLED,Top-K目标建仓/加仓,
ORD_000334,,603893.SH,BUY,2023-06-28,2023-06-29,100,100,0,0,100,72.6,73.06,5.0,0.0,0.07,7.0,12.07,FILLED,Top-K目标建仓/加仓,
ORD_000335,,688506.SH,SELL,2023-07-04,2023-07-05,100,100,0,0,100,87.3,87.4,5.0,8.74,0.09,9.0,22.83,FILLED,"触发跟踪止盈 (最高浮盈: 30.11%, 自高点回撤: 9.24%)",
ORD_000336,,688472.SH,SELL,2023-07-04,2023-07-05,500,500,0,0,500,17.67,17.7,5.0,8.85,0.09,10.0,23.94,FILLED,触发个股硬止损 (浮亏: -8.63% <= -8.0%),
ORD_000337,,688521.SH,SELL,2023-07-05,2023-07-06,100,100,0,0,100,71.31,71.01,5.0,7.1,0.07,7.0,19.17,FILLED,触发个股硬止损 (浮亏: -8.14% <= -8.0%),
ORD_000338,,603893.SH,SELL,2023-07-12,2023-07-13,100,100,0,0,100,75.1,75.67,5.0,7.57,0.08,8.0,20.65,FILLED,"触发跟踪止盈 (最高浮盈: 8.45%, 自高点回撤: 5.21%)",
ORD_000339,,603986.SH,SELL,2023-07-18,2023-07-19,100,100,0,0,100,115.73,114.89,5.0,11.49,0.11,11.0,27.6,FILLED,"触发跟踪止盈 (最高浮盈: 13.98%, 自高点回撤: 6.14%)",
ORD_000340,,688981.SH,SELL,2023-07-26,2023-07-27,200,200,0,0,200,50.15,49.96,5.0,9.99,0.1,10.0,25.09,FILLED,调仓剔除(掉出Top-K),
ORD_000341,,600183.SH,BUY,2023-07-26,2023-07-27,2400,2400,0,0,2400,15.96,15.97,9.58,0.0,0.38,48.0,57.96,FILLED,Top-K目标建仓/加仓,
ORD_000342,,601607.SH,BUY,2023-07-26,2023-07-27,1800,1800,0,0,1800,20.78,20.92,9.41,0.0,0.38,36.0,45.79,FILLED,Top-K目标建仓/加仓,
ORD_000343,,600803.SH,BUY,2023-07-26,2023-07-27,2000,2000,0,0,2000,18.99,19.0,9.5,0.0,0.38,40.0,49.88,FILLED,Top-K目标建仓/加仓,
ORD_000344,,600219.SH,BUY,2023-07-26,2023-07-27,12100,12100,0,0,12100,3.16,3.17,9.59,0.0,0.38,0.0,9.97,FILLED,Top-K目标建仓/加仓,
ORD_000345,,002532.SZ,BUY,2023-07-26,2023-07-27,5700,5700,0,0,5700,6.73,6.76,9.63,0.0,0.39,57.0,67.02,FILLED,Top-K目标建仓/加仓,
ORD_000346,,603893.SH,BUY,2023-07-26,2023-07-27,500,500,0,0,500,75.78,75.48,9.44,0.0,0.38,40.0,49.82,FILLED,Top-K目标建仓/加仓,
ORD_000347,,600115.SH,BUY,2023-07-26,2023-07-27,8000,8000,0,0,8000,4.77,4.78,9.56,0.0,0.38,0.0,9.94,FILLED,Top-K目标建仓/加仓,
ORD_000348_P2000,ORD_000348,688183.SH,BUY,2023-07-26,2023-07-27,3200,2000,1200,0,2000,11.74,11.75,5.88,0.0,0.24,20.0,26.12,PARTIALLY_FILLED,Top-K目标建仓/加仓,
ORD_000348,,688183.SH,BUY,2023-07-26,2023-07-28,3200,3200,0,0,1200,11.74,11.37,5.0,0.0,0.14,12.0,17.14,FILLED,Top-K目标建仓/加仓,
ORD_000349,,601607.SH,SELL,2023-08-07,2023-08-08,1800,1800,0,0,1800,19.22,19.14,8.61,34.45,0.34,36.0,79.4,FILLED,触发个股硬止损 (浮亏: -8.13% <= -8.0%),
ORD_000350,,002532.SZ,SELL,2023-08-09,2023-08-10,5700,5700,0,0,5700,6.8,6.77,9.65,38.59,0.39,57.0,105.63,FILLED,"触发跟踪止盈 (最高浮盈: 7.10%, 自高点回撤: 6.08%)",
ORD_000351_P900,ORD_000351,688183.SH,SELL,2023-08-11,2023-08-14,3200,900,2300,0,900,10.59,10.56,5.0,9.5,0.1,9.0,23.6,PARTIALLY_FILLED,触发个股硬止损 (浮亏: -8.77% <= -8.0%),
ORD_000351_P1700,ORD_000351,688183.SH,SELL,2023-08-11,2023-08-15,3200,1700,1500,0,800,10.59,10.72,5.0,8.58,0.09,8.0,21.67,PARTIALLY_FILLED,触发个股硬止损 (浮亏: -8.77% <= -8.0%),
ORD_000351_P2300,ORD_000351,688183.SH,SELL,2023-08-11,2023-08-16,3200,2300,900,0,600,10.59,10.49,5.0,6.29,0.06,6.0,17.35,PARTIALLY_FILLED,触发个股硬止损 (浮亏: -8.77% <= -8.0%),
ORD_000351,,688183.SH,SELL,2023-08-11,2023-08-17,3200,3200,0,0,900,10.59,10.46,5.0,9.41,0.09,9.0,23.5,FILLED,触发个股硬止损 (浮亏: -8.77% <= -8.0%),
ORD_000352,,600183.SH,SELL,2023-08-18,2023-08-21,2400,2400,0,0,2400,14.45,14.39,8.63,34.54,0.35,24.0,67.52,FILLED,触发个股硬止损 (浮亏: -9.52% <= -8.0%),
ORD_000353,,603893.SH,SELL,2023-08-21,2023-08-22,500,500,0,0,500,65.51,65.47,8.18,32.73,0.33,35.0,76.24,FILLED,触发个股硬止损 (浮亏: -13.21% <= -8.0%),
ORD_000354,,600115.SH,SELL,2023-08-21,2023-08-22,8000,8000,0,0,8000,4.39,4.42,8.84,35.36,0.35,0.0,44.55,FILLED,触发个股硬止损 (浮亏: -8.16% <= -8.0%),
ORD_000355,,600803.SH,SELL,2023-08-23,2023-08-24,2000,2000,0,0,2000,18.01,17.99,9.0,35.98,0.36,40.0,85.34,FILLED,调仓剔除(掉出Top-K),
ORD_000364,,600219.SH,SELL,2023-08-23,2023-08-24,1300,1300,0,0,1300,3.09,3.11,5.0,4.04,0.04,0.0,9.08,FILLED,Top-K目标再平衡减仓,
ORD_000356,,600183.SH,BUY,2023-08-23,2023-08-24,2300,2300,0,0,2300,14.28,14.36,8.26,0.0,0.33,23.0,31.59,FILLED,Top-K目标建仓/加仓,
ORD_000357_P7100,ORD_000357,601018.SH,BUY,2023-08-23,2023-08-24,9800,7100,2700,0,7100,3.39,3.4,6.04,0.0,0.24,0.0,6.28,PARTIALLY_FILLED,Top-K目标建仓/加仓,
ORD_000358,,000157.SZ,BUY,2023-08-23,2023-08-24,4800,4800,0,0,4800,6.23,6.24,7.49,0.0,0.3,48.0,55.79,FILLED,Top-K目标建仓/加仓,
ORD_000359,,002001.SZ,BUY,2023-08-23,2023-08-24,2100,2100,0,0,2100,15.55,15.57,8.17,0.0,0.33,42.0,50.5,FILLED,Top-K目标建仓/加仓,
ORD_000360,,301236.SZ,BUY,2023-08-23,2023-08-24,1500,1500,0,0,1500,21.85,21.92,8.22,0.0,0.33,30.0,38.55,FILLED,Top-K目标建仓/加仓,
ORD_000361,,601607.SH,BUY,2023-08-23,2023-08-24,1700,1700,0,0,1700,18.64,18.66,7.93,0.0,0.32,34.0,42.25,FILLED,Top-K目标建仓/加仓,
ORD_000362,,002532.SZ,BUY,2023-08-23,2023-08-24,4800,4800,0,0,4800,6.24,6.29,7.55,0.0,0.3,48.0,55.85,FILLED,Top-K目标建仓/加仓,
ORD_000363,,000425.SZ,BUY,2023-08-23,2023-08-24,4800,4800,0,0,4800,6.16,6.16,7.39,0.0,0.3,48.0,55.69,FILLED,Top-K目标建仓/加仓,
ORD_000357,,601018.SH,BUY,2023-08-23,2023-08-25,9800,9800,0,0,2700,3.39,3.37,5.0,0.0,0.09,0.0,5.09,FILLED,Top-K目标建仓/加仓,
ORD_000365,,301236.SZ,SELL,2023-08-25,2023-08-28,1500,1500,0,0,1500,19.66,21.28,7.98,15.96,0.32,30.0,54.26,FILLED,触发个股硬止损 (浮亏: -10.31% <= -8.0%),
ORD_000366,,002001.SZ,SELL,2023-08-28,2023-08-29,2100,2100,0,0,2100,15.74,15.73,8.26,16.52,0.33,42.0,67.11,FILLED,"触发跟踪止盈 (最高浮盈: 6.49%, 自高点回撤: 5.07%)",
ORD_000367,,601607.SH,SELL,2023-08-30,2023-08-31,1700,1700,0,0,1700,17.66,17.53,7.45,14.9,0.3,34.0,56.65,FILLED,"触发跟踪止盈 (最高浮盈: 5.04%, 自高点回撤: 9.90%)",
ORD_000368,,002532.SZ,SELL,2023-09-07,2023-09-08,4800,4800,0,0,4800,6.81,6.76,8.11,16.22,0.32,48.0,72.65,FILLED,"触发跟踪止盈 (最高浮盈: 15.58%, 自高点回撤: 6.33%)",
ORD_000369,,000425.SZ,SELL,2023-09-15,2023-09-18,4800,4800,0,0,4800,6.47,6.46,7.75,15.5,0.31,48.0,71.56,FILLED,"触发跟踪止盈 (最高浮盈: 11.36%, 自高点回撤: 5.69%)",
ORD_000370_P7500,ORD_000370,601018.SH,SELL,2023-09-20,2023-09-21,9800,7500,2300,0,7500,3.5,3.51,6.58,13.16,0.26,0.0,20.0,PARTIALLY_FILLED,调仓剔除(掉出Top-K),
ORD_000371,,600219.SH,SELL,2023-09-20,2023-09-21,10800,10800,0,0,10800,3.22,3.23,8.72,17.44,0.35,0.0,26.51,FILLED,调仓剔除(掉出Top-K),
ORD_000372,,600183.SH,SELL,2023-09-20,2023-09-21,2300,2300,0,0,2300,15.25,15.14,8.71,17.41,0.35,46.0,72.47,FILLED,调仓剔除(掉出Top-K),
ORD_000373,,000157.SZ,SELL,2023-09-20,2023-09-21,4800,4800,0,0,4800,6.88,6.86,8.23,16.46,0.33,48.0,73.02,FILLED,调仓剔除(掉出Top-K),
ORD_000374,,601916.SH,BUY,2023-09-20,2023-09-21,11700,11700,0,0,11700,2.58,2.59,7.58,0.0,0.3,0.0,7.88,FILLED,Top-K目标建仓/加仓,
ORD_000375,,601009.SH,BUY,2023-09-20,2023-09-21,3700,3700,0,0,3700,8.02,8.03,7.43,0.0,0.3,37.0,44.73,FILLED,Top-K目标建仓/加仓,
ORD_000376,,600926.SH,BUY,2023-09-20,2023-09-21,2600,2600,0,0,2600,11.37,11.38,7.4,0.0,0.3,26.0,33.7,FILLED,Top-K目标建仓/加仓,
ORD_000377,,600346.SH,BUY,2023-09-20,2023-09-21,2500,2500,0,0,2500,14.78,14.72,9.2,0.0,0.37,25.0,34.57,FILLED,Top-K目标建仓/加仓,
ORD_000378,,601169.SH,BUY,2023-09-20,2023-09-21,6500,6500,0,0,6500,4.64,4.64,7.54,0.0,0.3,0.0,7.84,FILLED,Top-K目标建仓/加仓,
ORD_000379,,600015.SH,BUY,2023-09-20,2023-09-21,5300,5300,0,0,5300,5.69,5.71,7.57,0.0,0.3,53.0,60.87,FILLED,Top-K目标建仓/加仓,
ORD_000380,,601238.SH,BUY,2023-09-20,2023-09-21,3700,3700,0,0,3700,10.12,10.08,9.32,0.0,0.37,37.0,46.69,FILLED,Top-K目标建仓/加仓,
ORD_000381,,688303.SH,BUY,2023-09-20,2023-09-21,700,700,0,0,700,40.1,39.92,6.99,0.0,0.28,28.0,35.27,FILLED,Top-K目标建仓/加仓,
ORD_000370,,601018.SH,SELL,2023-09-20,2023-09-22,9800,9800,0,0,2300,3.5,3.47,5.0,3.99,0.08,0.0,9.07,FILLED,调仓剔除(掉出Top-K),
ORD_000382,,688303.SH,SELL,2023-10-16,2023-10-17,700,700,0,0,700,35.86,35.4,6.2,12.39,0.25,28.0,46.84,FILLED,触发个股硬止损 (浮亏: -10.17% <= -8.0%),
ORD_000383,,600926.SH,SELL,2023-10-19,2023-10-20,2600,2600,0,0,2600,10.37,10.44,6.79,13.57,0.27,26.0,46.63,FILLED,触发个股硬止损 (浮亏: -8.88% <= -8.0%),
ORD_000384,,600346.SH,SELL,2023-10-23,2023-10-24,2500,2500,0,0,2500,13.19,13.19,8.24,16.49,0.33,25.0,50.06,FILLED,触发个股硬止损 (浮亏: -10.39% <= -8.0%),
ORD_000385,,601238.SH,SELL,2023-10-26,2023-10-27,3700,3700,0,0,3700,10.2,10.18,9.42,18.83,0.38,37.0,65.63,FILLED,调仓剔除(掉出Top-K),
ORD_000386,,601916.SH,SELL,2023-10-26,2023-10-27,2800,2800,0,0,2800,2.51,2.5,5.0,3.5,0.07,0.0,8.57,FILLED,Top-K目标再平衡减仓,
ORD_000388,,600015.SH,SELL,2023-10-26,2023-10-27,100,100,0,0,100,5.68,5.66,5.0,0.28,0.01,1.0,6.29,FILLED,Top-K目标再平衡减仓,
ORD_000387,,003816.SZ,BUY,2023-10-26,2023-10-27,7400,7400,0,0,7400,3.02,3.01,5.57,0.0,0.22,0.0,5.79,FILLED,Top-K目标建仓/加仓,
ORD_000389,,600926.SH,BUY,2023-10-26,2023-10-27,2100,2100,0,0,2100,10.7,10.69,5.61,0.0,0.22,21.0,26.83,FILLED,Top-K目标建仓/加仓,
ORD_000390,,002202.SZ,BUY,2023-10-26,2023-10-27,3700,3700,0,0,3700,8.8,8.71,8.06,0.0,0.32,37.0,45.38,FILLED,Top-K目标建仓/加仓,
ORD_000391_P5100,ORD_000391,601018.SH,BUY,2023-10-26,2023-10-27,9900,5100,4800,0,5100,3.35,3.35,5.0,0.0,0.17,0.0,5.17,PARTIALLY_FILLED,Top-K目标建仓/加仓,
ORD_000392,,300999.SZ,BUY,2023-10-26,2023-10-27,600,600,0,0,600,32.82,33.46,5.02,0.0,0.2,18.0,23.22,FILLED,Top-K目标建仓/加仓,
ORD_000393,,601009.SH,BUY,2023-10-26,2023-10-27,100,100,0,0,100,7.83,7.83,5.0,0.0,0.01,1.0,6.01,FILLED,Top-K目标建仓/加仓,
ORD_000391,,601018.SH,BUY,2023-10-26,2023-10-30,9900,9900,0,0,4800,3.35,3.4,5.0,0.0,0.16,0.0,5.16,FILLED,Top-K目标建仓/加仓,
ORD_000394,,601018.SH,SELL,2023-11-23,2023-11-24,9900,9900,0,0,9900,3.57,3.57,8.84,17.67,0.35,0.0,26.86,FILLED,调仓剔除(掉出Top-K),
ORD_000395,,300999.SZ,SELL,2023-11-23,2023-11-24,600,600,0,0,600,35.09,35.05,5.26,10.52,0.21,24.0,39.99,FILLED,调仓剔除(掉出Top-K),
ORD_000396,,601009.SH,SELL,2023-11-23,2023-11-24,3800,3800,0,0,3800,7.62,7.6,7.22,14.44,0.29,38.0,59.95,FILLED,调仓剔除(掉出Top-K),
ORD_000400,,601916.SH,SELL,2023-11-23,2023-11-24,3800,3800,0,0,3800,2.52,2.52,5.0,4.79,0.1,0.0,9.89,FILLED,Top-K目标再平衡减仓,
ORD_000401,,600015.SH,SELL,2023-11-23,2023-11-24,800,800,0,0,800,5.66,5.65,5.0,2.26,0.05,8.0,15.31,FILLED,Top-K目标再平衡减仓,
ORD_000405,,003816.SZ,SELL,2023-11-23,2023-11-24,3100,3100,0,0,3100,2.94,2.94,5.0,4.56,0.09,0.0,9.65,FILLED,Top-K目标再平衡减仓,
ORD_000406,,600926.SH,SELL,2023-11-23,2023-11-24,900,900,0,0,900,10.41,10.39,5.0,4.68,0.09,9.0,18.77,FILLED,Top-K目标再平衡减仓,
ORD_000407,,002202.SZ,SELL,2023-11-23,2023-11-24,1000,1000,0,0,1000,9.0,8.96,5.0,4.48,0.09,10.0,19.57,FILLED,Top-K目标再平衡减仓,
ORD_000408,,601169.SH,SELL,2023-11-23,2023-11-24,1000,1000,0,0,1000,4.53,4.53,5.0,2.27,0.05,0.0,7.32,FILLED,Top-K目标再平衡减仓,
ORD_000397,,688472.SH,BUY,2023-11-23,2023-11-24,900,900,0,0,900,13.39,13.36,5.0,0.0,0.12,9.0,14.12,FILLED,Top-K目标建仓/加仓,
ORD_000398,,601985.SH,BUY,2023-11-23,2023-11-24,1800,1800,0,0,1800,7.01,7.03,5.0,0.0,0.13,18.0,23.13,FILLED,Top-K目标建仓/加仓,
ORD_000399,,601868.SH,BUY,2023-11-23,2023-11-24,5900,5900,0,0,5900,2.17,2.17,5.0,0.0,0.13,0.0,5.13,FILLED,Top-K目标建仓/加仓,
ORD_000402,,300408.SZ,BUY,2023-11-23,2023-11-24,800,800,0,0,800,29.71,29.74,5.95,0.0,0.24,24.0,30.19,FILLED,Top-K目标建仓/加仓,
ORD_000403,,000538.SZ,BUY,2023-11-23,2023-11-24,400,400,0,0,400,50.45,50.4,5.04,0.0,0.2,20.0,25.24,FILLED,Top-K目标建仓/加仓,
ORD_000404,,688009.SH,BUY,2023-11-23,2023-11-24,2800,2800,0,0,2800,4.6,4.6,5.0,0.0,0.13,0.0,5.13,FILLED,Top-K目标建仓/加仓,
ORD_000409,,002202.SZ,SELL,2023-11-30,2023-12-01,2700,2700,0,0,2700,8.7,8.68,5.86,11.72,0.23,27.0,44.81,FILLED,"触发跟踪止盈 (最高浮盈: 5.40%, 自高点回撤: 5.23%)",
ORD_000410,,688472.SH,SELL,2023-11-30,2023-12-01,900,900,0,0,900,11.87,11.87,5.0,5.34,0.11,9.0,19.45,FILLED,触发个股硬止损 (浮亏: -11.15% <= -8.0%),
ORD_000411,,600926.SH,SELL,2023-12-05,2023-12-06,1200,1200,0,0,1200,9.71,9.71,5.0,5.83,0.12,12.0,22.95,FILLED,触发个股硬止损 (浮亏: -9.17% <= -8.0%),
ORD_000412,,688009.SH,SELL,2023-12-20,2023-12-21,2800,2800,0,0,2800,4.22,4.21,5.0,5.89,0.12,0.0,11.01,FILLED,触发个股硬止损 (浮亏: -8.26% <= -8.0%),
ORD_000413,,000538.SZ,SELL,2023-12-21,2023-12-22,400,400,0,0,400,47.82,47.78,5.0,9.56,0.19,20.0,34.75,FILLED,调仓剔除(掉出Top-K),
ORD_000414,,003816.SZ,SELL,2023-12-21,2023-12-22,4300,4300,0,0,4300,3.1,3.11,5.0,6.69,0.13,0.0,11.82,FILLED,调仓剔除(掉出Top-K),
ORD_000415,,601169.SH,SELL,2023-12-21,2023-12-22,5500,5500,0,0,5500,4.4,4.4,6.05,12.1,0.24,0.0,18.39,FILLED,调仓剔除(掉出Top-K),
ORD_000416,,601868.SH,SELL,2023-12-21,2023-12-22,5900,5900,0,0,5900,2.08,2.08,5.0,6.14,0.12,0.0,11.26,FILLED,调仓剔除(掉出Top-K),
ORD_000417,,601985.SH,SELL,2023-12-21,2023-12-22,1800,1800,0,0,1800,7.35,7.34,5.0,6.61,0.13,18.0,29.74,FILLED,调仓剔除(掉出Top-K),
ORD_000418,,601916.SH,SELL,2023-12-21,2023-12-22,5100,5100,0,0,5100,2.51,2.52,5.0,6.43,0.13,0.0,11.56,FILLED,调仓剔除(掉出Top-K),
ORD_000419,,600015.SH,SELL,2023-12-21,2023-12-22,4400,4400,0,0,4400,5.73,5.73,6.3,12.61,0.25,44.0,63.16,FILLED,调仓剔除(掉出Top-K),
ORD_000420,,688396.SH,BUY,2023-12-21,2023-12-22,200,200,0,0,200,44.99,44.93,5.0,0.0,0.09,8.0,13.09,FILLED,Top-K目标建仓/加仓,
ORD_000421,,601825.SH,BUY,2023-12-21,2023-12-22,2200,2200,0,0,2200,5.63,5.65,5.0,0.0,0.12,22.0,27.12,FILLED,Top-K目标建仓/加仓,
ORD_000422,,001979.SZ,BUY,2023-12-21,2023-12-22,1300,1300,0,0,1300,9.41,9.38,5.0,0.0,0.12,13.0,18.12,FILLED,Top-K目标建仓/加仓,
ORD_000423,,002202.SZ,BUY,2023-12-21,2023-12-22,4300,4300,0,0,4300,7.55,7.55,8.12,0.0,0.32,43.0,51.44,FILLED,Top-K目标建仓/加仓,
ORD_000424,,601066.SH,BUY,2023-12-21,2023-12-22,500,500,0,0,500,23.36,23.4,5.0,0.0,0.12,10.0,15.12,FILLED,Top-K目标建仓/加仓,
ORD_000425,,601229.SH,BUY,2023-12-21,2023-12-22,2100,2100,0,0,2100,5.89,5.89,5.0,0.0,0.12,21.0,26.12,FILLED,Top-K目标建仓/加仓,
ORD_000426,,601319.SH,BUY,2023-12-21,2023-12-22,2700,2700,0,0,2700,4.73,4.73,5.0,0.0,0.13,0.0,5.13,FILLED,Top-K目标建仓/加仓,
ORD_000427,,600926.SH,BUY,2023-12-21,2023-12-22,1300,1300,0,0,1300,9.64,9.66,5.0,0.0,0.13,13.0,18.13,FILLED,Top-K目标建仓/加仓,
ORD_000428,,300408.SZ,BUY,2023-12-21,2023-12-22,300,300,0,0,300,28.52,28.43,5.0,0.0,0.09,9.0,14.09,FILLED,Top-K目标建仓/加仓,
ORD_000429,,300408.SZ,SELL,2024-01-08,2024-01-09,1100,1100,0,0,1100,26.49,26.71,7.35,14.69,0.29,33.0,55.33,FILLED,触发个股硬止损 (浮亏: -9.84% <= -8.0%),
ORD_000430,,688396.SH,SELL,2024-01-08,2024-01-09,200,200,0,0,200,40.97,41.31,5.0,4.13,0.08,8.0,17.21,FILLED,触发个股硬止损 (浮亏: -8.81% <= -8.0%),
ORD_000431,,001979.SZ,SELL,2024-01-08,2024-01-09,1300,1300,0,0,1300,8.51,8.5,5.0,5.53,0.11,13.0,23.64,FILLED,触发个股硬止损 (浮亏: -9.28% <= -8.0%),
ORD_000432,,002202.SZ,SELL,2024-01-08,2024-01-09,4300,4300,0,0,4300,7.58,7.56,8.13,16.25,0.33,43.0,67.71,FILLED,"触发跟踪止盈 (最高浮盈: 6.23%, 自高点回撤: 5.49%)",
ORD_000433,,601066.SH,SELL,2024-01-12,2024-01-15,500,500,0,0,500,21.2,20.99,5.0,5.25,0.1,10.0,20.35,FILLED,触发个股硬止损 (浮亏: -9.40% <= -8.0%),
ORD_000434,,601825.SH,SELL,2024-01-18,2024-01-19,2200,2200,0,0,2200,6.32,6.33,5.0,6.96,0.14,22.0,34.1,FILLED,"触发跟踪止盈 (最高浮盈: 18.58%, 自高点回撤: 5.67%)",
ORD_000435,,601319.SH,SELL,2024-01-19,2024-01-22,2700,2700,0,0,2700,4.7,4.7,5.0,6.34,0.13,0.0,11.47,FILLED,调仓剔除(掉出Top-K),
ORD_000436,,601229.SH,SELL,2024-01-19,2024-01-22,2100,2100,0,0,2100,6.23,6.2,5.0,6.51,0.13,21.0,32.64,FILLED,调仓剔除(掉出Top-K),
ORD_000437,,600926.SH,SELL,2024-01-19,2024-01-22,1300,1300,0,0,1300,10.45,10.42,5.0,6.77,0.14,13.0,24.91,FILLED,调仓剔除(掉出Top-K),
ORD_000438,,601211.SH,BUY,2024-01-19,2024-01-22,1200,1200,0,0,1200,14.37,14.34,5.0,0.0,0.17,12.0,17.17,FILLED,Top-K目标建仓/加仓,
ORD_000439,,002532.SZ,BUY,2024-01-19,2024-01-22,6700,6700,0,0,6700,5.51,5.51,9.23,0.0,0.37,67.0,76.6,FILLED,Top-K目标建仓/加仓,
ORD_000440,,600918.SH,BUY,2024-01-19,2024-01-22,2700,2700,0,0,2700,6.51,6.5,5.0,0.0,0.18,27.0,32.18,FILLED,Top-K目标建仓/加仓,
ORD_000441,,601878.SH,BUY,2024-01-19,2024-01-22,1800,1800,0,0,1800,9.72,9.73,5.0,0.0,0.18,18.0,23.18,FILLED,Top-K目标建仓/加仓,
ORD_000442,,002001.SZ,BUY,2024-01-19,2024-01-22,2200,2200,0,0,2200,16.52,16.53,9.09,0.0,0.36,44.0,53.45,FILLED,Top-K目标建仓/加仓,
ORD_000443,,601728.SH,BUY,2024-01-19,2024-01-22,3300,3300,0,0,3300,5.29,5.29,5.0,0.0,0.17,33.0,38.17,FILLED,Top-K目标建仓/加仓,
ORD_000444,,601658.SH,BUY,2024-01-19,2024-01-22,4000,4000,0,0,4000,4.4,4.39,5.0,0.0,0.18,0.0,5.18,FILLED,Top-K目标建仓/加仓,
ORD_000445,,002600.SZ,BUY,2024-01-19,2024-01-22,6900,6900,0,0,6900,5.36,5.41,9.33,0.0,0.37,69.0,78.7,FILLED,Top-K目标建仓/加仓,
ORD_000446,,002600.SZ,SELL,2024-01-30,2024-01-31,6900,6900,0,0,6900,4.9,4.89,8.44,16.87,0.34,0.0,25.65,FILLED,触发个股硬止损 (浮亏: -9.43% <= -8.0%),
ORD_000447,,600918.SH,SELL,2024-01-31,2024-02-01,2700,2700,0,0,2700,6.53,6.49,5.0,8.76,0.18,27.0,40.94,FILLED,"触发跟踪止盈 (最高浮盈: 6.00%, 自高点回撤: 5.22%)",
ORD_000448,,601211.SH,SELL,2024-02-02,2024-02-05,1200,1200,0,0,1200,14.34,14.19,5.0,8.51,0.17,12.0,25.68,FILLED,"触发跟踪止盈 (最高浮盈: 6.21%, 自高点回撤: 5.84%)",
ORD_000449,,002532.SZ,SELL,2024-02-02,2024-02-05,6700,6700,0,0,6700,5.04,4.96,8.31,16.62,0.33,0.0,25.26,FILLED,触发个股硬止损 (浮亏: -8.53% <= -8.0%),
ORD_000450,,601728.SH,SELL,2024-02-26,2024-02-27,3300,3300,0,0,3300,5.85,5.8,5.0,9.57,0.19,33.0,47.76,FILLED,"触发跟踪止盈 (最高浮盈: 17.77%, 自高点回撤: 6.10%)",
ORD_000451,,601658.SH,SELL,2024-02-26,2024-02-27,4000,4000,0,0,4000,4.83,4.8,5.0,9.6,0.19,0.0,14.79,FILLED,调仓剔除(掉出Top-K),
ORD_000455,,002001.SZ,SELL,2024-02-26,2024-02-27,300,300,0,0,300,17.41,17.36,5.0,2.6,0.05,6.0,13.65,FILLED,Top-K目标再平衡减仓,
ORD_000452,,002532.SZ,BUY,2024-02-26,2024-02-27,5200,5200,0,0,5200,5.65,5.65,7.35,0.0,0.29,52.0,59.64,FILLED,Top-K目标建仓/加仓,
ORD_000453,,000425.SZ,BUY,2024-02-26,2024-02-27,4900,4900,0,0,4900,6.01,5.99,7.34,0.0,0.29,49.0,56.63,FILLED,Top-K目标建仓/加仓,
ORD_000454,,300408.SZ,BUY,2024-02-26,2024-02-27,1300,1300,0,0,1300,24.5,24.43,7.94,0.0,0.32,26.0,34.26,FILLED,Top-K目标建仓/加仓,
ORD_000456,,600588.SH,BUY,2024-02-26,2024-02-27,2600,2600,0,0,2600,12.28,12.21,7.94,0.0,0.32,26.0,34.26,FILLED,Top-K目标建仓/加仓,
ORD_000457,,600219.SH,BUY,2024-02-26,2024-02-27,10900,10900,0,0,10900,3.02,3.03,8.26,0.0,0.33,0.0,8.59,FILLED,Top-K目标建仓/加仓,
ORD_000458,,600346.SH,BUY,2024-02-26,2024-02-27,2300,2300,0,0,2300,12.66,12.69,7.3,0.0,0.29,23.0,30.59,FILLED,Top-K目标建仓/加仓,
ORD_000459,,600741.SH,BUY,2024-02-26,2024-02-27,1900,1900,0,0,1900,17.2,17.19,8.17,0.0,0.33,38.0,46.5,FILLED,Top-K目标建仓/加仓,
ORD_000460,,601878.SH,BUY,2024-02-26,2024-02-27,1400,1400,0,0,1400,10.07,10.04,5.0,0.0,0.14,14.0,19.14,FILLED,Top-K目标建仓/加仓,
ORD_000461,,600588.SH,SELL,2024-02-28,2024-02-29,2600,2600,0,0,2600,12.16,12.06,7.84,15.68,0.31,26.0,49.83,FILLED,"触发跟踪止盈 (最高浮盈: 7.45%, 自高点回撤: 7.32%)",
ORD_000462,,601878.SH,SELL,2024-03-07,2024-03-08,3200,3200,0,0,3200,10.16,10.12,8.1,16.19,0.32,32.0,56.61,FILLED,"触发跟踪止盈 (最高浮盈: 9.07%, 自高点回撤: 5.58%)",
ORD_000463,,000425.SZ,SELL,2024-03-12,2024-03-13,4900,4900,0,0,4900,6.1,6.07,7.44,14.87,0.3,49.0,71.61,FILLED,"触发跟踪止盈 (最高浮盈: 8.35%, 自高点回撤: 6.01%)",
ORD_000464,,002001.SZ,SELL,2024-03-14,2024-03-15,1900,1900,0,0,1900,17.5,17.39,8.26,16.52,0.33,38.0,63.11,FILLED,"触发跟踪止盈 (最高浮盈: 11.55%, 自高点回撤: 5.10%)",
ORD_000465,,300408.SZ,SELL,2024-03-21,2024-03-22,1300,1300,0,0,1300,25.55,25.49,8.28,16.57,0.33,39.0,64.18,FILLED,"触发跟踪止盈 (最高浮盈: 10.89%, 自高点回撤: 5.68%)",
ORD_000466,,600741.SH,SELL,2024-03-25,2024-03-26,1900,1900,0,0,1900,16.67,16.7,7.93,15.87,0.32,38.0,62.12,FILLED,调仓剔除(掉出Top-K),
ORD_000467,,600219.SH,SELL,2024-03-25,2024-03-26,10900,10900,0,0,10900,3.34,3.37,9.18,18.37,0.37,0.0,27.92,FILLED,调仓剔除(掉出Top-K),
ORD_000468,,002532.SZ,SELL,2024-03-25,2024-03-26,5200,5200,0,0,5200,6.36,6.36,8.27,16.54,0.33,52.0,77.14,FILLED,调仓剔除(掉出Top-K),
ORD_000469,,600346.SH,SELL,2024-03-25,2024-03-26,2300,2300,0,0,2300,13.23,13.2,7.59,15.18,0.3,23.0,46.07,FILLED,调仓剔除(掉出Top-K),
ORD_000470,,688521.SH,BUY,2024-03-25,2024-03-26,1000,1000,0,0,1000,37.4,37.62,9.4,0.0,0.38,40.0,49.78,FILLED,Top-K目标建仓/加仓,
ORD_000471,,000001.SZ,BUY,2024-03-25,2024-03-26,3600,3600,0,0,3600,10.4,10.46,9.41,0.0,0.38,36.0,45.79,FILLED,Top-K目标建仓/加仓,
ORD_000472,,000002.SZ,BUY,2024-03-25,2024-03-26,4000,4000,0,0,4000,9.34,9.34,9.34,0.0,0.37,40.0,49.71,FILLED,Top-K目标建仓/加仓,
ORD_000473,,000063.SZ,BUY,2024-03-25,2024-03-26,1300,1300,0,0,1300,27.52,27.48,8.93,0.0,0.36,39.0,48.29,FILLED,Top-K目标建仓/加仓,
ORD_000474,,000100.SZ,BUY,2024-03-25,2024-03-26,8400,8400,0,0,8400,4.43,4.43,9.3,0.0,0.37,0.0,9.67,FILLED,Top-K目标建仓/加仓,
ORD_000475,,000157.SZ,BUY,2024-03-25,2024-03-26,4700,4700,0,0,4700,7.95,7.93,9.32,0.0,0.37,47.0,56.69,FILLED,Top-K目标建仓/加仓,
ORD_000476,,000166.SZ,BUY,2024-03-25,2024-03-26,8400,8400,0,0,8400,4.45,4.45,9.35,0.0,0.37,0.0,9.72,FILLED,Top-K目标建仓/加仓,
ORD_000477,,688012.SH,BUY,2024-03-25,2024-03-26,200,200,0,0,200,156.72,157.97,7.9,0.0,0.32,32.0,40.22,FILLED,Top-K目标建仓/加仓,
ORD_000478,,688521.SH,SELL,2024-03-27,2024-03-28,1000,1000,0,0,1000,33.92,34.09,8.52,17.05,0.34,30.0,55.91,FILLED,触发个股硬止损 (浮亏: -9.84% <= -8.0%),
ORD_000479,,000002.SZ,SELL,2024-04-02,2024-04-03,4000,4000,0,0,4000,8.5,8.39,8.39,16.78,0.34,40.0,65.51,FILLED,触发个股硬止损 (浮亏: -8.99% <= -8.0%),
ORD_000480,,688012.SH,SELL,2024-04-10,2024-04-11,200,200,0,0,200,142.99,141.86,7.09,14.19,0.28,28.0,49.56,FILLED,触发个股硬止损 (浮亏: -9.48% <= -8.0%),
ORD_000481,,000100.SZ,SELL,2024-04-12,2024-04-15,8400,8400,0,0,8400,4.86,4.83,10.14,20.29,0.41,0.0,30.84,FILLED,"触发跟踪止盈 (最高浮盈: 16.70%, 自高点回撤: 6.00%)",
ORD_000482,,000063.SZ,SELL,2024-04-22,2024-04-23,1300,1300,0,0,1300,27.48,27.66,8.99,17.98,0.36,39.0,66.33,FILLED,"触发跟踪止盈 (最高浮盈: 6.08%, 自高点回撤: 5.73%)",
ORD_000483,,000157.SZ,SELL,2024-04-22,2024-04-23,4700,4700,0,0,4700,8.82,8.81,10.35,20.7,0.41,47.0,78.46,FILLED,"触发跟踪止盈 (最高浮盈: 20.18%, 自高点回撤: 7.45%)",
ORD_000485,,000001.SZ,SELL,2024-04-24,2024-04-25,100,100,0,0,100,10.53,10.49,5.0,0.52,0.01,1.0,6.53,FILLED,Top-K目标再平衡减仓,
ORD_000490,,000166.SZ,SELL,2024-04-24,2024-04-25,200,200,0,0,200,4.55,4.53,5.0,0.45,0.01,0.0,5.46,FILLED,Top-K目标再平衡减仓,
ORD_000484,,688521.SH,BUY,2024-04-24,2024-04-25,1200,1200,0,0,1200,30.79,30.63,9.19,0.0,0.37,36.0,45.56,FILLED,Top-K目标建仓/加仓,
ORD_000486,,000002.SZ,BUY,2024-04-24,2024-04-25,5700,5700,0,0,5700,6.54,6.51,9.28,0.0,0.37,57.0,66.65,FILLED,Top-K目标建仓/加仓,
ORD_000487,,000063.SZ,BUY,2024-04-24,2024-04-25,1300,1300,0,0,1300,28.24,28.0,9.1,0.0,0.36,39.0,48.46,FILLED,Top-K目标建仓/加仓,
ORD_000488,,000100.SZ,BUY,2024-04-24,2024-04-25,7700,7700,0,0,7700,4.84,4.81,9.26,0.0,0.37,0.0,9.63,FILLED,Top-K目标建仓/加仓,
ORD_000489,,000157.SZ,BUY,2024-04-24,2024-04-25,4300,4300,0,0,4300,8.59,8.55,9.19,0.0,0.37,43.0,52.56,FILLED,Top-K目标建仓/加仓,
ORD_000491,,000301.SZ,BUY,2024-04-24,2024-04-25,3600,3600,0,0,3600,10.16,10.1,9.09,0.0,0.36,36.0,45.45,FILLED,Top-K目标建仓/加仓,
ORD_000492,,000002.SZ,SELL,2024-05-06,2024-05-07,5700,5700,0,0,5700,7.46,7.35,10.47,20.95,0.42,57.0,88.84,FILLED,"触发跟踪止盈 (最高浮盈: 21.04%, 自高点回撤: 5.33%)",
ORD_000493,,688521.SH,SELL,2024-05-07,2024-05-08,1200,1200,0,0,1200,32.25,32.29,9.69,19.37,0.39,36.0,65.45,FILLED,"触发跟踪止盈 (最高浮盈: 11.30%, 自高点回撤: 5.40%)",
ORD_000494,,000166.SZ,SELL,2024-05-08,2024-05-09,8200,8200,0,0,8200,4.61,4.62,9.47,18.94,0.38,0.0,28.79,FILLED,"触发跟踪止盈 (最高浮盈: 9.21%, 自高点回撤: 5.14%)",
ORD_000495,,000157.SZ,SELL,2024-05-14,2024-05-15,4300,4300,0,0,4300,8.72,8.65,9.3,18.6,0.37,43.0,71.27,FILLED,"触发跟踪止盈 (最高浮盈: 7.60%, 自高点回撤: 5.22%)",
ORD_000496,,000301.SZ,SELL,2024-05-24,2024-05-27,3600,3600,0,0,3600,9.25,9.28,8.35,16.7,0.33,36.0,61.38,FILLED,触发个股硬止损 (浮亏: -8.42% <= -8.0%),
ORD_000497,,000100.SZ,SELL,2024-05-27,2024-05-28,7700,7700,0,0,7700,4.46,4.46,8.59,17.17,0.34,0.0,26.1,FILLED,调仓剔除(掉出Top-K),
ORD_000498,,000001.SZ,SELL,2024-05-27,2024-05-28,3500,3500,0,0,3500,11.51,11.49,10.05,20.11,0.4,35.0,65.56,FILLED,调仓剔除(掉出Top-K),
ORD_000499,,000063.SZ,SELL,2024-05-27,2024-05-28,1300,1300,0,0,1300,27.26,27.16,8.83,17.65,0.35,39.0,65.83,FILLED,调仓剔除(掉出Top-K),
ORD_000500,,601988.SH,BUY,2024-05-27,2024-05-28,8300,8300,0,0,8300,4.51,4.51,9.36,0.0,0.37,0.0,9.73,FILLED,Top-K目标建仓/加仓,
ORD_000501,,601939.SH,BUY,2024-05-27,2024-05-28,5200,5200,0,0,5200,7.11,7.12,9.26,0.0,0.37,52.0,61.63,FILLED,Top-K目标建仓/加仓,
ORD_000502,,601916.SH,BUY,2024-05-27,2024-05-28,9800,9800,0,0,9800,3.07,3.07,7.52,0.0,0.3,0.0,7.82,FILLED,Top-K目标建仓/加仓,
ORD_000503,,601818.SH,BUY,2024-05-27,2024-05-28,11400,11400,0,0,11400,3.28,3.28,9.35,0.0,0.37,0.0,9.72,FILLED,Top-K目标建仓/加仓,
ORD_000504,,601838.SH,BUY,2024-05-27,2024-05-28,1800,1800,0,0,1800,15.95,16.01,7.2,0.0,0.29,36.0,43.49,FILLED,Top-K目标建仓/加仓,
ORD_000505,,601857.SH,BUY,2024-05-27,2024-05-28,3600,3600,0,0,3600,10.24,10.26,9.23,0.0,0.37,36.0,45.6,FILLED,Top-K目标建仓/加仓,
ORD_000506,,601868.SH,BUY,2024-05-27,2024-05-28,13500,13500,0,0,13500,2.22,2.22,7.49,0.0,0.3,0.0,7.79,FILLED,Top-K目标建仓/加仓,
ORD_000507,,000333.SZ,BUY,2024-05-27,2024-05-28,500,500,0,0,500,67.59,67.67,8.46,0.0,0.34,35.0,43.8,FILLED,Top-K目标建仓/加仓,
ORD_000508,,601916.SH,SELL,2024-06-19,2024-06-20,9800,9800,0,0,9800,2.82,2.83,6.93,13.87,0.28,0.0,21.08,FILLED,触发个股硬止损 (浮亏: -8.14% <= -8.0%),
ORD_000509,,601857.SH,SELL,2024-06-25,2024-06-26,3600,3600,0,0,3600,10.05,9.82,8.84,17.68,0.35,36.0,62.87,FILLED,调仓剔除(掉出Top-K),
ORD_000510,,000333.SZ,SELL,2024-06-25,2024-06-26,500,500,0,0,500,65.29,64.94,8.12,16.23,0.32,35.0,59.67,FILLED,调仓剔除(掉出Top-K),
ORD_000512,,601988.SH,SELL,2024-06-25,2024-06-26,100,100,0,0,100,4.52,4.51,5.0,0.23,0.0,0.0,5.23,FILLED,Top-K目标再平衡减仓,
ORD_000513,,601939.SH,SELL,2024-06-25,2024-06-26,100,100,0,0,100,7.28,7.26,5.0,0.36,0.01,1.0,6.37,FILLED,Top-K目标再平衡减仓,
ORD_000515,,601868.SH,SELL,2024-06-25,2024-06-26,2800,2800,0,0,2800,2.09,2.09,5.0,2.93,0.06,0.0,7.99,FILLED,Top-K目标再平衡减仓,
ORD_000517,,601838.SH,SELL,2024-06-25,2024-06-26,300,300,0,0,300,14.88,14.81,5.0,2.22,0.04,3.0,10.26,FILLED,Top-K目标再平衡减仓,
ORD_000511,,601728.SH,BUY,2024-06-25,2024-06-26,3800,3800,0,0,3800,5.84,5.83,5.54,0.0,0.22,38.0,43.76,FILLED,Top-K目标建仓/加仓,
ORD_000514,,601916.SH,BUY,2024-06-25,2024-06-26,7900,7900,0,0,7900,2.82,2.66,5.25,0.0,0.21,0.0,5.46,FILLED,Top-K目标建仓/加仓,
ORD_000516,,000651.SZ,BUY,2024-06-25,2024-06-26,900,900,0,0,900,40.43,40.47,9.11,0.0,0.36,36.0,45.47,FILLED,Top-K目标建仓/加仓,
ORD_000518,,601818.SH,BUY,2024-06-25,2024-06-26,500,500,0,0,500,3.12,3.13,5.0,0.0,0.02,0.0,5.02,FILLED,Top-K目标建仓/加仓,
ORD_000519,,601838.SH,SELL,2024-07-05,2024-07-08,1500,1500,0,0,1500,14.23,14.23,5.34,10.67,0.21,15.0,31.22,FILLED,触发个股硬止损 (浮亏: -11.12% <= -8.0%),
ORD_000520,,601939.SH,SELL,2024-07-12,2024-07-15,5100,5100,0,0,5100,7.37,7.36,9.38,18.77,0.38,51.0,79.53,FILLED,"触发跟踪止盈 (最高浮盈: 9.27%, 自高点回撤: 5.27%)",
ORD_000521,,601988.SH,SELL,2024-07-17,2024-07-18,8200,8200,0,0,8200,4.66,4.66,9.55,19.11,0.38,0.0,29.04,FILLED,"触发跟踪止盈 (最高浮盈: 10.20%, 自高点回撤: 6.24%)",
ORD_000522,,601868.SH,SELL,2024-07-23,2024-07-24,10700,10700,0,0,10700,2.13,2.13,5.7,11.4,0.23,0.0,17.33,FILLED,调仓剔除(掉出Top-K),
ORD_000523,,000651.SZ,SELL,2024-07-23,2024-07-24,900,900,0,0,900,38.1,38.03,8.56,17.11,0.34,36.0,62.01,FILLED,调仓剔除(掉出Top-K),
ORD_000524,,601818.SH,SELL,2024-07-23,2024-07-24,11900,11900,0,0,11900,3.33,3.17,9.43,18.86,0.38,0.0,28.67,FILLED,调仓剔除(掉出Top-K),
ORD_000525,,601728.SH,SELL,2024-07-23,2024-07-24,1500,1500,0,0,1500,6.32,6.3,5.0,4.73,0.09,15.0,24.82,FILLED,Top-K目标再平衡减仓,
ORD_000526,,601916.SH,SELL,2024-07-23,2024-07-24,2700,2700,0,0,2700,2.85,2.85,5.0,3.85,0.08,0.0,8.93,FILLED,Top-K目标再平衡减仓,
ORD_000527,,600926.SH,BUY,2024-07-23,2024-07-24,1100,1100,0,0,1100,12.88,12.91,5.0,0.0,0.14,11.0,16.14,FILLED,Top-K目标建仓/加仓,
ORD_000528,,601658.SH,BUY,2024-07-23,2024-07-24,2900,2900,0,0,2900,4.99,4.99,5.0,0.0,0.14,0.0,5.14,FILLED,Top-K目标建仓/加仓,
ORD_000529,,601319.SH,BUY,2024-07-23,2024-07-24,2700,2700,0,0,2700,5.5,5.52,5.0,0.0,0.15,27.0,32.15,FILLED,Top-K目标建仓/加仓,
ORD_000530,,601018.SH,BUY,2024-07-23,2024-07-24,10700,10700,0,0,10700,3.48,3.49,9.34,0.0,0.37,0.0,9.71,FILLED,Top-K目标建仓/加仓,
ORD_000531,,600918.SH,BUY,2024-07-23,2024-07-24,2600,2600,0,0,2600,5.63,5.64,5.0,0.0,0.15,26.0,31.15,FILLED,Top-K目标建仓/加仓,
ORD_000532,,600674.SH,BUY,2024-07-23,2024-07-24,1900,1900,0,0,1900,19.64,19.65,9.33,0.0,0.37,38.0,47.7,FILLED,Top-K目标建仓/加仓,
ORD_000533,,601728.SH,SELL,2024-07-26,2024-07-29,2300,2300,0,0,2300,6.02,6.01,5.0,6.91,0.14,23.0,35.05,FILLED,"触发跟踪止盈 (最高浮盈: 10.29%, 自高点回撤: 6.38%)",
ORD_000534,,600926.SH,SELL,2024-08-06,2024-08-07,1100,1100,0,0,1100,13.0,13.0,5.0,7.15,0.14,11.0,23.29,FILLED,"触发跟踪止盈 (最高浮盈: 6.20%, 自高点回撤: 5.18%)",
ORD_000535,,600674.SH,SELL,2024-08-20,2024-08-21,1900,1900,0,0,1900,18.03,18.01,8.55,17.11,0.34,38.0,64.0,FILLED,触发个股硬止损 (浮亏: -8.24% <= -8.0%),
ORD_000536,,600918.SH,SELL,2024-08-20,2024-08-21,2600,2600,0,0,2600,5.82,5.77,5.0,7.5,0.15,26.0,38.65,FILLED,调仓剔除(掉出Top-K),
ORD_000538,,601018.SH,SELL,2024-08-20,2024-08-21,1600,1600,0,0,1600,3.62,3.63,5.0,2.9,0.06,0.0,7.96,FILLED,Top-K目标再平衡减仓,
ORD_000537,,601916.SH,BUY,2024-08-20,2024-08-21,1300,1300,0,0,1300,2.74,2.75,5.0,0.0,0.04,0.0,5.04,FILLED,Top-K目标建仓/加仓,
ORD_000539,,000157.SZ,BUY,2024-08-20,2024-08-21,4900,4900,0,0,4900,6.65,6.61,8.1,0.0,0.32,49.0,57.42,FILLED,Top-K目标建仓/加仓,
ORD_000540,,601658.SH,BUY,2024-08-20,2024-08-21,600,600,0,0,600,5.07,5.06,5.0,0.0,0.03,6.0,11.03,FILLED,Top-K目标建仓/加仓,
ORD_000541,,601728.SH,BUY,2024-08-20,2024-08-21,2900,2900,0,0,2900,6.04,6.07,5.0,0.0,0.18,29.0,34.18,FILLED,Top-K目标建仓/加仓,
ORD_000542,,601319.SH,BUY,2024-08-20,2024-08-21,400,400,0,0,400,5.73,5.71,5.0,0.0,0.02,4.0,9.02,FILLED,Top-K目标建仓/加仓,
ORD_000543,,601066.SH,BUY,2024-08-20,2024-08-21,900,900,0,0,900,19.24,19.27,5.0,0.0,0.17,18.0,23.17,FILLED,Top-K目标建仓/加仓,
ORD_000544,,600219.SH,BUY,2024-08-20,2024-08-21,9300,9300,0,0,9300,3.55,3.58,8.32,0.0,0.33,0.0,8.65,FILLED,Top-K目标建仓/加仓,
ORD_000545,,601916.SH,SELL,2024-08-28,2024-08-29,6500,6500,0,0,6500,2.71,2.71,5.0,8.81,0.18,0.0,13.99,FILLED,"触发跟踪止盈 (最高浮盈: 7.17%, 自高点回撤: 5.57%)",
ORD_000546,,000157.SZ,SELL,2024-09-04,2024-09-05,4900,4900,0,0,4900,6.03,6.03,7.39,14.77,0.3,49.0,71.46,FILLED,触发个股硬止损 (浮亏: -8.77% <= -8.0%),
ORD_000547,,600219.SH,SELL,2024-09-06,2024-09-09,9300,9300,0,0,9300,3.58,3.56,8.28,16.55,0.33,0.0,25.16,FILLED,"触发跟踪止盈 (最高浮盈: 5.31%, 自高点回撤: 5.04%)",
ORD_000548,,601658.SH,SELL,2024-09-11,2024-09-12,3500,3500,0,0,3500,4.51,4.51,5.0,7.89,0.16,0.0,13.05,FILLED,触发个股硬止损 (浮亏: -9.84% <= -8.0%),
ORD_000549,,601319.SH,SELL,2024-09-12,2024-09-13,3100,3100,0,0,3100,5.97,5.97,5.0,9.25,0.19,31.0,45.44,FILLED,"触发跟踪止盈 (最高浮盈: 13.81%, 自高点回撤: 5.39%)",
ORD_000550,,601066.SH,SELL,2024-09-19,2024-09-20,900,900,0,0,900,19.7,19.63,5.0,8.83,0.18,18.0,32.01,FILLED,调仓剔除(掉出Top-K),
ORD_000551,,601728.SH,SELL,2024-09-19,2024-09-20,2900,2900,0,0,2900,5.87,5.86,5.0,8.5,0.17,29.0,42.67,FILLED,调仓剔除(掉出Top-K),
ORD_000552,,601229.SH,BUY,2024-09-19,2024-09-20,2500,2500,0,0,2500,6.85,6.85,5.0,0.0,0.17,25.0,30.17,FILLED,Top-K目标建仓/加仓,
ORD_000553,,601018.SH,BUY,2024-09-19,2024-09-20,2100,2100,0,0,2100,3.28,3.28,5.0,0.0,0.07,0.0,5.07,FILLED,Top-K目标建仓/加仓,
ORD_000554,,601916.SH,BUY,2024-09-19,2024-09-20,7000,7000,0,0,7000,2.5,2.5,5.0,0.0,0.18,0.0,5.18,FILLED,Top-K目标建仓/加仓,
ORD_000555,,002648.SZ,BUY,2024-09-19,2024-09-20,2400,2400,0,0,2400,15.19,15.12,9.07,0.0,0.36,48.0,57.43,FILLED,Top-K目标建仓/加仓,
ORD_000556,,600549.SH,BUY,2024-09-19,2024-09-20,2100,2100,0,0,2100,17.46,17.47,9.17,0.0,0.37,42.0,51.54,FILLED,Top-K目标建仓/加仓,
ORD_000557,,601825.SH,BUY,2024-09-19,2024-09-20,2600,2600,0,0,2600,6.68,6.67,5.0,0.0,0.17,26.0,31.17,FILLED,Top-K目标建仓/加仓,
ORD_000558,,601838.SH,BUY,2024-09-19,2024-09-20,1300,1300,0,0,1300,13.22,13.21,5.0,0.0,0.17,13.0,18.17,FILLED,Top-K目标建仓/加仓,
ORD_000559,,601077.SH,BUY,2024-09-19,2024-09-20,3600,3600,0,0,3600,4.8,4.8,5.0,0.0,0.17,0.0,5.17,FILLED,Top-K目标建仓/加仓,
ORD_000560_P8100,ORD_000560,601018.SH,SELL,2024-09-20,2024-09-23,11200,8100,3100,0,8100,3.27,3.27,6.62,13.24,0.26,0.0,20.12,PARTIALLY_FILLED,"触发跟踪止盈 (最高浮盈: 6.07%, 自高点回撤: 10.66%)",
ORD_000560,,601018.SH,SELL,2024-09-20,2024-09-24,11200,11200,0,0,3100,3.27,3.31,5.0,5.13,0.1,0.0,10.23,FILLED,"触发跟踪止盈 (最高浮盈: 6.07%, 自高点回撤: 10.66%)",
ORD_000561,,601916.SH,SELL,2024-10-08,2024-10-09,7000,7000,0,0,7000,3.02,2.98,5.21,10.43,0.21,0.0,15.85,FILLED,"触发跟踪止盈 (最高浮盈: 28.80%, 自高点回撤: 6.21%)",
ORD_000562,,002648.SZ,SELL,2024-10-08,2024-10-09,2400,2400,0,0,2400,19.26,19.0,11.4,22.8,0.46,48.0,82.66,FILLED,"触发跟踪止盈 (最高浮盈: 35.85%, 自高点回撤: 6.23%)",
ORD_000563,,600549.SH,SELL,2024-10-08,2024-10-09,2100,2100,0,0,2100,21.51,21.08,11.07,22.13,0.44,42.0,75.64,FILLED,"触发跟踪止盈 (最高浮盈: 31.71%, 自高点回撤: 6.52%)",
ORD_000564,,601825.SH,SELL,2024-10-08,2024-10-09,2600,2600,0,0,2600,7.62,7.49,5.0,9.74,0.19,26.0,40.93,FILLED,"触发跟踪止盈 (最高浮盈: 22.19%, 自高点回撤: 6.50%)",
ORD_000565,,601838.SH,SELL,2024-10-08,2024-10-09,1300,1300,0,0,1300,15.88,15.48,5.03,10.06,0.2,26.0,41.29,FILLED,"触发跟踪止盈 (最高浮盈: 30.43%, 自高点回撤: 7.84%)",
ORD_000566,,601077.SH,SELL,2024-10-08,2024-10-09,3600,3600,0,0,3600,5.39,5.31,5.0,9.56,0.19,36.0,50.75,FILLED,"触发跟踪止盈 (最高浮盈: 23.54%, 自高点回撤: 9.11%)",
ORD_000567,,601229.SH,SELL,2024-10-09,2024-10-10,2500,2500,0,0,2500,7.55,7.63,5.0,9.54,0.19,25.0,39.73,FILLED,"触发跟踪止盈 (最高浮盈: 26.42%, 自高点回撤: 12.82%)",
ORD_000568,,601825.SH,BUY,2024-10-24,2024-10-25,3800,3800,0,0,3800,7.93,7.96,7.56,0.0,0.3,38.0,45.86,FILLED,Top-K目标建仓/加仓,
ORD_000569,,600926.SH,BUY,2024-10-24,2024-10-25,2100,2100,0,0,2100,14.34,14.36,7.54,0.0,0.3,21.0,28.84,FILLED,Top-K目标建仓/加仓,
ORD_000570,,600549.SH,BUY,2024-10-24,2024-10-25,1900,1900,0,0,1900,19.61,19.59,9.31,0.0,0.37,38.0,47.68,FILLED,Top-K目标建仓/加仓,
ORD_000571,,601229.SH,BUY,2024-10-24,2024-10-25,3800,3800,0,0,3800,7.93,7.94,7.54,0.0,0.3,38.0,45.84,FILLED,Top-K目标建仓/加仓,
ORD_000572,,601607.SH,BUY,2024-10-24,2024-10-25,1800,1800,0,0,1800,20.88,20.91,9.41,0.0,0.38,36.0,45.79,FILLED,Top-K目标建仓/加仓,
ORD_000573,,601018.SH,BUY,2024-10-24,2024-10-25,10400,10400,0,0,10400,3.65,3.65,9.49,0.0,0.38,0.0,9.87,FILLED,Top-K目标建仓/加仓,
ORD_000574,,300408.SZ,BUY,2024-10-24,2024-10-25,1000,1000,0,0,1000,36.33,36.62,9.15,0.0,0.37,40.0,49.52,FILLED,Top-K目标建仓/加仓,
ORD_000575,,600196.SH,BUY,2024-10-24,2024-10-25,1400,1400,0,0,1400,25.68,25.72,9.0,0.0,0.36,42.0,51.36,FILLED,Top-K目标建仓/加仓,
ORD_000576,,600549.SH,SELL,2024-11-12,2024-11-13,1900,1900,0,0,1900,22.25,22.06,10.48,20.96,0.42,38.0,69.86,FILLED,"触发跟踪止盈 (最高浮盈: 19.86%, 自高点回撤: 5.24%)",
ORD_000577,,300408.SZ,SELL,2024-11-14,2024-11-15,1000,1000,0,0,1000,36.26,36.24,9.06,18.12,0.36,40.0,67.54,FILLED,"触发跟踪止盈 (最高浮盈: 6.17%, 自高点回撤: 6.74%)",
ORD_000578,,600196.SH,SELL,2024-11-15,2024-11-18,1400,1400,0,0,1400,26.81,26.8,9.38,18.76,0.38,42.0,70.52,FILLED,"触发跟踪止盈 (最高浮盈: 10.19%, 自高点回撤: 5.40%)",
ORD_000579,,601825.SH,SELL,2024-11-21,2024-11-22,3800,3800,0,0,3800,8.09,8.09,7.69,15.37,0.31,38.0,61.37,FILLED,调仓剔除(掉出Top-K),
ORD_000580,,601018.SH,SELL,2024-11-21,2024-11-22,10400,10400,0,0,10400,3.83,3.82,9.93,19.86,0.4,0.0,30.19,FILLED,调仓剔除(掉出Top-K),
ORD_000581,,601229.SH,SELL,2024-11-21,2024-11-22,3800,3800,0,0,3800,8.1,8.11,7.7,15.41,0.31,38.0,61.42,FILLED,调仓剔除(掉出Top-K),
ORD_000582,,601607.SH,SELL,2024-11-21,2024-11-22,1800,1800,0,0,1800,22.07,21.84,9.83,19.66,0.39,36.0,65.88,FILLED,调仓剔除(掉出Top-K),
ORD_000583,,600926.SH,SELL,2024-11-21,2024-11-22,2100,2100,0,0,2100,13.76,13.79,7.24,14.48,0.29,21.0,43.01,FILLED,调仓剔除(掉出Top-K),
ORD_000584,,688981.SH,BUY,2024-11-21,2024-11-22,400,400,0,0,400,93.5,94.79,9.48,0.0,0.38,36.0,45.86,FILLED,Top-K目标建仓/加仓,
ORD_000585,,000001.SZ,BUY,2024-11-21,2024-11-22,3300,3300,0,0,3300,11.59,11.6,9.57,0.0,0.38,33.0,42.95,FILLED,Top-K目标建仓/加仓,
ORD_000586,,000002.SZ,BUY,2024-11-21,2024-11-22,4400,4400,0,0,4400,8.68,8.67,9.54,0.0,0.38,44.0,53.92,FILLED,Top-K目标建仓/加仓,
ORD_000587,,000063.SZ,BUY,2024-11-21,2024-11-22,1100,1100,0,0,1100,32.29,32.24,8.87,0.0,0.35,33.0,42.22,FILLED,Top-K目标建仓/加仓,
ORD_000588,,000100.SZ,BUY,2024-11-21,2024-11-22,7900,7900,0,0,7900,4.81,4.78,9.44,0.0,0.38,0.0,9.82,FILLED,Top-K目标建仓/加仓,
ORD_000589,,000157.SZ,BUY,2024-11-21,2024-11-22,5400,5400,0,0,5400,7.09,7.07,9.54,0.0,0.38,54.0,63.92,FILLED,Top-K目标建仓/加仓,
ORD_000590,,000166.SZ,BUY,2024-11-21,2024-11-22,6900,6900,0,0,6900,5.52,5.52,9.52,0.0,0.38,69.0,78.9,FILLED,Top-K目标建仓/加仓,
ORD_000591,,000301.SZ,BUY,2024-11-21,2024-11-22,4200,4200,0,0,4200,9.0,8.93,9.38,0.0,0.38,42.0,51.76,FILLED,Top-K目标建仓/加仓,
ORD_000592,,688981.SH,SELL,2024-11-25,2024-11-26,400,400,0,0,400,86.16,85.88,8.59,17.18,0.34,36.0,62.11,FILLED,触发个股硬止损 (浮亏: -9.10% <= -8.0%),
ORD_000593,,000301.SZ,SELL,2024-12-13,2024-12-16,4200,4200,0,0,4200,9.26,9.2,9.66,19.32,0.39,42.0,71.37,FILLED,"触发跟踪止盈 (最高浮盈: 9.18%, 自高点回撤: 5.03%)",
ORD_000594,,000002.SZ,SELL,2024-12-19,2024-12-20,4400,4400,0,0,4400,7.91,7.87,8.66,17.31,0.35,44.0,70.32,FILLED,触发个股硬止损 (浮亏: -8.77% <= -8.0%),
ORD_000596,,000063.SZ,SELL,2024-12-19,2024-12-20,100,100,0,0,100,37.8,36.76,5.0,1.84,0.04,4.0,10.88,FILLED,Top-K目标再平衡减仓,
ORD_000597,,000100.SZ,SELL,2024-12-19,2024-12-20,500,500,0,0,500,5.17,5.15,5.0,1.29,0.03,5.0,11.32,FILLED,Top-K目标再平衡减仓,
ORD_000595,,688981.SH,BUY,2024-12-19,2024-12-20,400,400,0,0,400,85.44,85.16,8.52,0.0,0.34,36.0,44.86,FILLED,Top-K目标建仓/加仓,
ORD_000598,,000166.SZ,BUY,2024-12-19,2024-12-20,200,200,0,0,200,5.37,5.38,5.0,0.0,0.01,2.0,7.01,FILLED,Top-K目标建仓/加仓,
ORD_000599,,000301.SZ,BUY,2024-12-19,2024-12-20,4400,4400,0,0,4400,8.67,8.67,9.54,0.0,0.38,44.0,53.92,FILLED,Top-K目标建仓/加仓,
ORD_000600,,000063.SZ,SELL,2024-12-23,2024-12-24,1000,1000,0,0,1000,36.15,36.62,9.15,18.31,0.37,40.0,67.83,FILLED,"触发跟踪止盈 (最高浮盈: 19.32%, 自高点回撤: 6.03%)",
ORD_000601,,000100.SZ,SELL,2024-12-31,2025-01-02,7400,7400,0,0,7400,5.03,5.02,9.29,18.57,0.37,74.0,102.23,FILLED,"触发跟踪止盈 (最高浮盈: 11.30%, 自高点回撤: 5.45%)",
ORD_000602,,688981.SH,SELL,2024-12-31,2025-01-02,400,400,0,0,400,94.62,93.72,9.37,18.74,0.37,36.0,64.48,FILLED,"触发跟踪止盈 (最高浮盈: 20.21%, 自高点回撤: 7.57%)",
ORD_000603,,000166.SZ,SELL,2025-01-02,2025-01-03,7100,7100,0,0,7100,5.06,5.06,8.98,17.96,0.36,71.0,98.3,FILLED,触发个股硬止损 (浮亏: -8.27% <= -8.0%),
ORD_000604,,000301.SZ,SELL,2025-01-17,2025-01-20,4400,4400,0,0,4400,8.71,8.67,9.54,19.07,0.38,44.0,72.99,FILLED,调仓剔除(掉出Top-K),
ORD_000605,,000157.SZ,SELL,2025-01-17,2025-01-20,5400,5400,0,0,5400,7.34,7.36,9.94,19.87,0.4,54.0,84.21,FILLED,调仓剔除(掉出Top-K),
ORD_000606_P8700,ORD_000606,601825.SH,BUY,2025-01-17,2025-01-20,11900,8700,3200,0,8700,8.17,8.19,17.81,0.0,0.71,87.0,105.52,PARTIALLY_FILLED,Top-K目标建仓/加仓,
ORD_000607,,601166.SH,BUY,2025-01-17,2025-01-20,4800,4800,0,0,4800,19.9,20.06,24.07,0.0,0.96,96.0,121.03,FILLED,Top-K目标建仓/加仓,
ORD_000608,,601838.SH,BUY,2025-01-17,2025-01-20,5700,5700,0,0,5700,17.08,17.13,24.41,0.0,0.98,114.0,139.39,FILLED,Top-K目标建仓/加仓,
ORD_000609_P15000,ORD_000609,600015.SH,BUY,2025-01-17,2025-01-20,16100,15000,1100,0,15000,7.54,7.59,28.46,0.0,1.14,150.0,179.6,PARTIALLY_FILLED,Top-K目标建仓/加仓,
ORD_000610,,601658.SH,BUY,2025-01-17,2025-01-20,18500,18500,0,0,18500,5.26,5.28,24.42,0.0,0.98,185.0,210.4,FILLED,Top-K目标建仓/加仓,
ORD_000611,,600016.SH,BUY,2025-01-17,2025-01-20,30300,30300,0,0,30300,4.01,4.03,30.53,0.0,1.22,0.0,31.75,FILLED,Top-K目标建仓/加仓,
ORD_000612,,000001.SZ,BUY,2025-01-17,2025-01-20,5200,5200,0,0,5200,11.45,11.51,14.96,0.0,0.6,52.0,67.56,FILLED,Top-K目标建仓/加仓,
ORD_000613,,601988.SH,BUY,2025-01-17,2025-01-20,17800,17800,0,0,17800,5.45,5.47,24.34,0.0,0.97,178.0,203.31,FILLED,Top-K目标建仓/加仓,
ORD_000606,,601825.SH,BUY,2025-01-17,2025-01-21,11900,11900,0,0,3200,8.17,8.13,6.5,0.0,0.26,32.0,38.76,FILLED,Top-K目标建仓/加仓,
ORD_000609,,600015.SH,BUY,2025-01-17,2025-01-21,16100,16100,0,0,1100,7.54,7.59,5.0,0.0,0.08,11.0,16.08,FILLED,Top-K目标建仓/加仓,
ORD_000614,,601825.SH,SELL,2025-02-24,2025-02-25,2900,2900,0,0,2900,8.02,8.0,5.8,11.6,0.23,29.0,46.63,FILLED,Top-K目标再平衡减仓,
ORD_000615,,601838.SH,SELL,2025-02-24,2025-02-25,1300,1300,0,0,1300,16.12,16.16,5.25,10.5,0.21,26.0,41.96,FILLED,Top-K目标再平衡减仓,
ORD_000616,,601658.SH,SELL,2025-02-24,2025-02-25,4900,4900,0,0,4900,5.31,5.3,6.49,12.98,0.26,49.0,68.73,FILLED,Top-K目标再平衡减仓,
ORD_000619,,601166.SH,SELL,2025-02-24,2025-02-25,1300,1300,0,0,1300,20.49,20.41,6.63,13.27,0.27,26.0,46.17,FILLED,Top-K目标再平衡减仓,
ORD_000620,,600016.SH,SELL,2025-02-24,2025-02-25,9100,9100,0,0,9100,4.12,4.12,9.37,18.75,0.37,0.0,28.49,FILLED,Top-K目标再平衡减仓,
ORD_000622,,601988.SH,SELL,2025-02-24,2025-02-25,4500,4500,0,0,4500,5.41,5.41,6.09,12.17,0.24,45.0,63.5,FILLED,Top-K目标再平衡减仓,
ORD_000623,,600015.SH,SELL,2025-02-24,2025-02-25,3900,3900,0,0,3900,7.19,7.17,6.99,13.98,0.28,39.0,60.25,FILLED,Top-K目标再平衡减仓,
ORD_000624,,000001.SZ,SELL,2025-02-24,2025-02-25,2300,2300,0,0,2300,11.59,11.55,6.64,13.28,0.27,23.0,43.19,FILLED,Top-K目标再平衡减仓,
ORD_000617,,601319.SH,BUY,2025-02-24,2025-02-25,10300,10300,0,0,10300,6.98,6.94,17.87,0.0,0.71,103.0,121.58,FILLED,Top-K目标建仓/加仓,
ORD_000618,,601288.SH,BUY,2025-02-24,2025-02-25,14000,14000,0,0,14000,5.14,5.15,18.03,0.0,0.72,140.0,158.75,FILLED,Top-K目标建仓/加仓,
ORD_000621,,601009.SH,BUY,2025-02-24,2025-02-25,8700,8700,0,0,8700,10.08,10.11,21.99,0.0,0.88,87.0,109.87,FILLED,Top-K目标建仓/加仓,
ORD_000625,,601825.SH,SELL,2025-03-24,2025-03-25,9000,9000,0,0,9000,8.06,8.03,18.07,36.13,0.72,90.0,144.92,FILLED,调仓剔除(掉出Top-K),
ORD_000626,,601166.SH,SELL,2025-03-24,2025-03-25,3500,3500,0,0,3500,21.83,21.82,19.09,38.19,0.76,70.0,128.04,FILLED,调仓剔除(掉出Top-K),
ORD_000627,,601658.SH,SELL,2025-03-24,2025-03-25,13600,13600,0,0,13600,5.35,5.34,18.16,36.31,0.73,136.0,191.2,FILLED,调仓剔除(掉出Top-K),
ORD_000628,,601319.SH,SELL,2025-03-24,2025-03-25,10300,10300,0,0,10300,6.94,6.94,17.87,35.74,0.71,103.0,157.32,FILLED,调仓剔除(掉出Top-K),
ORD_000629,,600016.SH,SELL,2025-03-24,2025-03-25,21200,21200,0,0,21200,4.08,4.09,21.68,43.35,0.87,0.0,65.9,FILLED,调仓剔除(掉出Top-K),
ORD_000630,,601288.SH,SELL,2025-03-24,2025-03-25,14000,14000,0,0,14000,5.14,5.14,17.99,35.98,0.72,140.0,194.69,FILLED,调仓剔除(掉出Top-K),
ORD_000631,,601009.SH,SELL,2025-03-24,2025-03-25,8700,8700,0,0,8700,10.32,10.3,22.4,44.8,0.9,87.0,155.1,FILLED,调仓剔除(掉出Top-K),
ORD_000632,,600015.SH,SELL,2025-03-24,2025-03-25,12200,12200,0,0,12200,7.6,7.6,23.18,46.36,0.93,122.0,192.47,FILLED,调仓剔除(掉出Top-K),
ORD_000642,,601838.SH,SELL,2025-03-24,2025-03-25,2000,2000,0,0,2000,17.35,17.33,8.67,17.33,0.35,40.0,66.35,FILLED,Top-K目标再平衡减仓,
ORD_000633,,688506.SH,BUY,2025-03-24,2025-03-25,100,100,0,0,100,210.99,211.75,5.29,0.0,0.21,21.0,26.5,FILLED,Top-K目标建仓/加仓,
ORD_000634,,000001.SZ,BUY,2025-03-24,2025-03-25,2400,2400,0,0,2400,11.38,11.39,6.83,0.0,0.27,24.0,31.1,FILLED,Top-K目标建仓/加仓,
ORD_000635,,688472.SH,BUY,2025-03-24,2025-03-25,4100,4100,0,0,4100,10.15,10.14,10.39,0.0,0.42,41.0,51.81,FILLED,Top-K目标建仓/加仓,
ORD_000636,,688396.SH,BUY,2025-03-24,2025-03-25,900,900,0,0,900,45.34,45.39,10.21,0.0,0.41,45.0,55.62,FILLED,Top-K目标建仓/加仓,
ORD_000637,,603392.SH,BUY,2025-03-24,2025-03-25,600,600,0,0,600,66.17,66.13,9.92,0.0,0.4,42.0,52.32,FILLED,Top-K目标建仓/加仓,
ORD_000638,,603296.SH,BUY,2025-03-24,2025-03-25,500,500,0,0,500,78.94,79.08,9.88,0.0,0.4,40.0,50.28,FILLED,Top-K目标建仓/加仓,
ORD_000639,,603288.SH,BUY,2025-03-24,2025-03-25,2400,2400,0,0,2400,40.36,40.4,24.24,0.0,0.97,96.0,121.21,FILLED,Top-K目标建仓/加仓,
ORD_000640,,603260.SH,BUY,2025-03-24,2025-03-25,700,700,0,0,700,54.8,54.8,9.59,0.0,0.38,35.0,44.97,FILLED,Top-K目标建仓/加仓,
ORD_000641,,601988.SH,BUY,2025-03-24,2025-03-25,4800,4800,0,0,4800,5.4,5.41,6.49,0.0,0.26,48.0,54.75,FILLED,Top-K目标建仓/加仓,
ORD_000643,,688506.SH,SELL,2025-03-31,2025-04-01,100,100,0,0,100,232.31,232.5,5.81,11.62,0.23,23.0,40.66,FILLED,"触发跟踪止盈 (最高浮盈: 16.45%, 自高点回撤: 5.79%)",
ORD_000644,,603296.SH,SELL,2025-04-03,2025-04-07,500,500,0,0,500,71.88,64.82,8.1,16.2,0.32,30.0,54.62,FILLED,触发个股硬止损 (浮亏: -9.10% <= -8.0%),
ORD_000645,,688472.SH,SELL,2025-04-07,2025-04-08,4100,4100,0,0,4100,8.6,8.64,8.86,17.71,0.35,41.0,67.92,FILLED,触发个股硬止损 (浮亏: -15.19% <= -8.0%),
ORD_000646,,688396.SH,SELL,2025-04-07,2025-04-08,900,900,0,0,900,39.3,39.96,8.99,17.98,0.36,36.0,63.33,FILLED,触发个股硬止损 (浮亏: -13.42% <= -8.0%),
ORD_000647,,603392.SH,SELL,2025-04-18,2025-04-21,600,600,0,0,600,67.31,67.24,10.09,20.17,0.4,42.0,72.66,FILLED,"触发跟踪止盈 (最高浮盈: 9.48%, 自高点回撤: 7.03%)",
ORD_000648,,601838.SH,SELL,2025-04-22,2025-04-23,2400,2400,0,0,2400,17.61,17.56,10.54,21.07,0.42,48.0,80.03,FILLED,调仓剔除(掉出Top-K),
ORD_000649_P400,ORD_000649,603260.SH,SELL,2025-04-22,2025-04-23,700,400,300,0,400,53.7,53.71,5.37,10.74,0.21,20.0,36.32,PARTIALLY_FILLED,调仓剔除(掉出Top-K),
ORD_000650,,688472.SH,BUY,2025-04-22,2025-04-23,6300,6300,0,0,6300,9.15,9.19,14.47,0.0,0.58,63.0,78.05,FILLED,Top-K目标建仓/加仓,
ORD_000651,,000001.SZ,BUY,2025-04-22,2025-04-23,1100,1100,0,0,1100,11.04,11.05,5.0,0.0,0.12,11.0,16.12,FILLED,Top-K目标建仓/加仓,
ORD_000652,,000002.SZ,BUY,2025-04-22,2025-04-23,15000,15000,0,0,15000,7.18,7.19,26.96,0.0,1.08,150.0,178.04,FILLED,Top-K目标建仓/加仓,
ORD_000653,,688396.SH,BUY,2025-04-22,2025-04-23,1200,1200,0,0,1200,47.04,47.52,14.26,0.0,0.57,60.0,74.83,FILLED,Top-K目标建仓/加仓,
ORD_000654_P2500,ORD_000654,688303.SH,BUY,2025-04-22,2025-04-23,3200,2500,700,0,2500,18.01,18.12,11.33,0.0,0.45,50.0,61.78,PARTIALLY_FILLED,Top-K目标建仓/加仓,
ORD_000655,,603392.SH,BUY,2025-04-22,2025-04-23,800,800,0,0,800,66.11,66.23,13.25,0.0,0.53,56.0,69.78,FILLED,Top-K目标建仓/加仓,
ORD_000656,,603296.SH,BUY,2025-04-22,2025-04-23,900,900,0,0,900,61.51,62.96,14.17,0.0,0.57,54.0,68.74,FILLED,Top-K目标建仓/加仓,
ORD_000657,,603288.SH,BUY,2025-04-22,2025-04-23,100,100,0,0,100,42.19,42.34,5.0,0.0,0.04,4.0,9.04,FILLED,Top-K目标建仓/加仓,
ORD_000658,,601988.SH,BUY,2025-04-22,2025-04-23,700,700,0,0,700,5.73,5.75,5.0,0.0,0.04,7.0,12.04,FILLED,Top-K目标建仓/加仓,
ORD_000649,,603260.SH,SELL,2025-04-22,2025-04-24,700,700,0,0,300,53.7,53.34,5.0,8.0,0.16,15.0,28.16,FILLED,调仓剔除(掉出Top-K),
ORD_000659,,000001.SZ,SELL,2025-04-23,2025-04-24,9700,9700,0,0,9700,11.01,10.99,26.65,53.3,1.07,97.0,178.02,FILLED,"触发跟踪止盈 (最高浮盈: 5.09%, 自高点回撤: 8.40%)",
ORD_000654,,688303.SH,BUY,2025-04-22,2025-04-24,3200,3200,0,0,700,18.01,18.14,5.0,0.0,0.13,14.0,19.13,FILLED,Top-K目标建仓/加仓,
ORD_000660,,603288.SH,SELL,2025-04-28,2025-04-29,2500,2500,0,0,2500,41.26,41.82,26.14,52.27,1.05,100.0,179.46,FILLED,"触发跟踪止盈 (最高浮盈: 7.49%, 自高点回撤: 5.17%)",
ORD_000661,,601988.SH,SELL,2025-04-30,2025-05-06,18800,18800,0,0,18800,5.53,5.54,26.04,52.08,1.04,188.0,267.16,FILLED,"触发跟踪止盈 (最高浮盈: 6.86%, 自高点回撤: 5.31%)",
ORD_000662,,603296.SH,SELL,2025-05-13,2025-05-14,900,900,0,0,900,73.19,73.37,16.51,33.02,0.66,63.0,113.19,FILLED,"触发跟踪止盈 (最高浮盈: 23.84%, 自高点回撤: 6.13%)",
ORD_000663,,688472.SH,SELL,2025-05-14,2025-05-15,6300,6300,0,0,6300,9.63,9.57,15.07,30.15,0.6,63.0,108.82,FILLED,"触发跟踪止盈 (最高浮盈: 10.34%, 自高点回撤: 5.03%)",
ORD_000664,,688303.SH,SELL,2025-05-14,2025-05-15,3200,3200,0,0,3200,21.11,20.68,16.54,33.09,0.66,64.0,114.29,FILLED,"触发跟踪止盈 (最高浮盈: 29.16%, 自高点回撤: 9.82%)",
ORD_000665,,000002.SZ,SELL,2025-05-23,2025-05-26,15000,15000,0,0,15000,6.63,6.62,24.82,49.65,0.99,150.0,225.46,FILLED,调仓剔除(掉出Top-K),
ORD_000666,,603392.SH,SELL,2025-05-23,2025-05-26,800,800,0,0,800,68.1,67.93,13.59,27.17,0.54,56.0,97.3,FILLED,调仓剔除(掉出Top-K),
ORD_000667,,688396.SH,SELL,2025-05-23,2025-05-26,1200,1200,0,0,1200,46.12,46.42,13.93,27.85,0.56,60.0,102.34,FILLED,调仓剔除(掉出Top-K),
ORD_000668,,000625.SZ,BUY,2025-05-23,2025-05-26,9500,9500,0,0,9500,12.81,12.73,30.23,0.0,1.21,95.0,126.44,FILLED,Top-K目标建仓/加仓,
ORD_000669,,603019.SH,BUY,2025-05-23,,1900,0,0,1900,0,61.9,0.0,0.0,0.0,0.0,0.0,0.0,REJECTED,Top-K目标建仓/加仓,NO_MARKET_DATA
ORD_000670_P5300,ORD_000670,688472.SH,BUY,2025-05-23,2025-05-26,8000,5300,2700,0,5300,9.04,9.05,11.99,0.0,0.48,53.0,65.47,PARTIALLY_FILLED,Top-K目标建仓/加仓,
ORD_000671_P9900,ORD_000671,688009.SH,BUY,2025-05-23,2025-05-26,14500,9900,4600,0,9900,5.04,5.06,12.52,0.0,0.5,99.0,112.02,PARTIALLY_FILLED,Top-K目标建仓/加仓,
ORD_000672,,300413.SZ,BUY,2025-05-23,2025-05-26,5300,5300,0,0,5300,22.67,22.78,30.18,0.0,1.21,106.0,137.39,FILLED,Top-K目标建仓/加仓,
ORD_000673,,300442.SZ,BUY,2025-05-23,2025-05-26,2800,2800,0,0,2800,43.44,43.58,30.51,0.0,1.22,112.0,143.73,FILLED,Top-K目标建仓/加仓,
ORD_000674_P4900,ORD_000674,601456.SH,BUY,2025-05-23,2025-05-26,7400,4900,2500,0,4900,9.76,9.76,11.96,0.0,0.48,49.0,61.44,PARTIALLY_FILLED,Top-K目标建仓/加仓,
ORD_000675,,002938.SZ,BUY,2025-05-23,2025-05-26,2600,2600,0,0,2600,27.87,27.54,17.9,0.0,0.72,78.0,96.62,FILLED,Top-K目标建仓/加仓,
ORD_000670,,688472.SH,BUY,2025-05-23,2025-05-27,8000,8000,0,0,2700,9.04,9.06,6.12,0.0,0.24,27.0,33.36,FILLED,Top-K目标建仓/加仓,
ORD_000671,,688009.SH,BUY,2025-05-23,2025-05-27,14500,14500,0,0,4600,5.04,5.05,5.81,0.0,0.23,46.0,52.04,FILLED,Top-K目标建仓/加仓,
ORD_000674,,601456.SH,BUY,2025-05-23,2025-05-27,7400,7400,0,0,2500,9.76,9.87,6.17,0.0,0.25,25.0,31.42,FILLED,Top-K目标建仓/加仓,
ORD_000676,,300442.SZ,SELL,2025-06-11,2025-06-12,2800,2800,0,0,2800,44.44,44.09,30.86,61.73,1.23,112.0,205.82,FILLED,"触发跟踪止盈 (最高浮盈: 8.17%, 自高点回撤: 5.73%)",
ORD_000677_P12500,ORD_000677,688009.SH,SELL,2025-06-23,2025-06-24,14500,12500,2000,0,12500,5.09,5.07,15.84,31.69,0.63,125.0,173.16,PARTIALLY_FILLED,调仓剔除(掉出Top-K),
ORD_000678,,002938.SZ,SELL,2025-06-23,2025-06-24,2600,2600,0,0,2600,30.56,30.67,19.94,39.87,0.8,78.0,138.61,FILLED,调仓剔除(掉出Top-K),
ORD_000680,,000625.SZ,SELL,2025-06-23,2025-06-24,900,900,0,0,900,12.44,12.52,5.0,5.63,0.11,9.0,19.74,FILLED,Top-K目标再平衡减仓,
ORD_000685,,300413.SZ,SELL,2025-06-23,2025-06-24,300,300,0,0,300,21.19,21.24,5.0,3.19,0.06,6.0,14.25,FILLED,Top-K目标再平衡减仓,
ORD_000679,,601398.SH,BUY,2025-06-23,2025-06-24,14300,14300,0,0,14300,7.52,7.52,26.88,0.0,1.08,143.0,170.96,FILLED,Top-K目标建仓/加仓,
ORD_000681,,601456.SH,BUY,2025-06-23,2025-06-24,3400,3400,0,0,3400,9.95,10.0,8.5,0.0,0.34,34.0,42.84,FILLED,Top-K目标建仓/加仓,
ORD_000682,,600346.SH,BUY,2025-06-23,2025-06-24,7500,7500,0,0,7500,14.2,14.2,26.62,0.0,1.07,75.0,102.69,FILLED,Top-K目标建仓/加仓,
ORD_000683,,600845.SH,BUY,2025-06-23,2025-06-24,4700,4700,0,0,4700,22.91,23.0,27.03,0.0,1.08,94.0,122.11,FILLED,Top-K目标建仓/加仓,
ORD_000684,,600050.SH,BUY,2025-06-23,2025-06-24,20400,20400,0,0,20400,5.28,5.29,26.98,0.0,1.08,204.0,232.06,FILLED,Top-K目标建仓/加仓,
ORD_000686,,600999.SH,BUY,2025-06-23,2025-06-24,6400,6400,0,0,6400,16.73,16.77,26.83,0.0,1.07,128.0,155.9,FILLED,Top-K目标建仓/加仓,
ORD_000687,,688472.SH,BUY,2025-06-23,2025-06-24,4600,4600,0,0,4600,8.53,8.57,9.86,0.0,0.39,46.0,56.25,FILLED,Top-K目标建仓/加仓,
ORD_000677,,688009.SH,SELL,2025-06-23,2025-06-25,14500,14500,0,0,2000,5.09,5.14,5.0,5.14,0.1,20.0,30.24,FILLED,调仓剔除(掉出Top-K),
ORD_000688,,601398.SH,SELL,2025-07-14,2025-07-15,14300,14300,0,0,14300,7.84,7.85,28.06,56.13,1.12,143.0,228.31,FILLED,"触发跟踪止盈 (最高浮盈: 11.17%, 自高点回撤: 6.22%)",
ORD_000689,,601456.SH,SELL,2025-07-16,2025-07-17,10800,10800,0,0,10800,11.39,11.4,30.78,61.56,1.23,108.0,201.57,FILLED,"触发跟踪止盈 (最高浮盈: 21.59%, 自高点回撤: 5.00%)",
ORD_000690,,600999.SH,SELL,2025-07-16,2025-07-17,6400,6400,0,0,6400,17.34,17.35,27.76,55.52,1.11,128.0,212.39,FILLED,"触发跟踪止盈 (最高浮盈: 11.75%, 自高点回撤: 7.47%)",
ORD_000691_P8400,ORD_000691,688472.SH,SELL,2025-07-18,2025-07-21,12600,8400,4200,0,8400,9.3,9.3,19.53,39.06,0.78,84.0,143.37,PARTIALLY_FILLED,"触发跟踪止盈 (最高浮盈: 10.51%, 自高点回撤: 5.20%)",
ORD_000691,,688472.SH,SELL,2025-07-18,2025-07-22,12600,12600,0,0,4200,9.3,9.35,9.82,19.64,0.39,42.0,71.85,FILLED,"触发跟踪止盈 (最高浮盈: 10.51%, 自高点回撤: 5.20%)",
ORD_000692,,600050.SH,SELL,2025-07-21,2025-07-22,20400,20400,0,0,20400,5.48,5.47,27.9,55.79,1.12,204.0,288.81,FILLED,调仓剔除(掉出Top-K),
ORD_000693,,600845.SH,SELL,2025-07-21,2025-07-22,4700,4700,0,0,4700,24.55,24.54,28.83,57.67,1.15,94.0,181.65,FILLED,调仓剔除(掉出Top-K),
ORD_000694,,600346.SH,SELL,2025-07-21,2025-07-22,7500,7500,0,0,7500,14.88,14.82,27.79,55.58,1.11,75.0,159.48,FILLED,调仓剔除(掉出Top-K),
ORD_000695,,000625.SZ,SELL,2025-07-21,2025-07-22,8600,8600,0,0,8600,12.98,12.95,27.84,55.69,1.11,86.0,170.64,FILLED,调仓剔除(掉出Top-K),
ORD_000696,,300413.SZ,SELL,2025-07-21,2025-07-22,5000,5000,0,0,5000,22.05,22.03,27.54,55.08,1.1,100.0,183.72,FILLED,调仓剔除(掉出Top-K),
ORD_000697,,000001.SZ,BUY,2025-07-21,2025-07-22,10100,10100,0,0,10100,12.61,12.61,31.84,0.0,1.27,101.0,134.11,FILLED,Top-K目标建仓/加仓,
ORD_000698,,601998.SH,BUY,2025-07-21,2025-07-22,15000,15000,0,0,15000,8.5,8.48,31.8,0.0,1.27,150.0,183.07,FILLED,Top-K目标建仓/加仓,
ORD_000699,,601985.SH,BUY,2025-07-21,2025-07-22,11000,11000,0,0,11000,9.28,9.29,25.55,0.0,1.02,110.0,136.57,FILLED,Top-K目标建仓/加仓,
ORD_000700,,601939.SH,BUY,2025-07-21,2025-07-22,13400,13400,0,0,13400,9.57,9.55,31.99,0.0,1.28,134.0,167.27,FILLED,Top-K目标建仓/加仓,
ORD_000701,,000988.SZ,BUY,2025-07-21,2025-07-22,2600,2600,0,0,2600,48.17,48.25,31.36,0.0,1.25,130.0,162.61,FILLED,Top-K目标建仓/加仓,
ORD_000702,,000975.SZ,BUY,2025-07-21,2025-07-22,5300,5300,0,0,5300,19.23,19.49,25.82,0.0,1.03,106.0,132.85,FILLED,Top-K目标建仓/加仓,
ORD_000703,,000938.SZ,BUY,2025-07-21,2025-07-22,5100,5100,0,0,5100,24.72,24.7,31.49,0.0,1.26,102.0,134.75,FILLED,Top-K目标建仓/加仓,
ORD_000704,,601985.SH,SELL,2025-07-25,2025-07-28,11000,11000,0,0,11000,9.32,9.3,25.58,51.15,1.02,110.0,187.75,FILLED,"触发跟踪止盈 (最高浮盈: 6.03%, 自高点回撤: 5.38%)",
ORD_000705,,000975.SZ,SELL,2025-07-31,2025-08-01,5300,5300,0,0,5300,17.91,17.83,23.62,47.25,0.94,106.0,177.81,FILLED,触发个股硬止损 (浮亏: -8.11% <= -8.0%),
ORD_000706,,000988.SZ,SELL,2025-08-07,2025-08-08,2600,2600,0,0,2600,49.6,49.39,32.1,64.21,1.28,130.0,227.59,FILLED,"触发跟踪止盈 (最高浮盈: 8.50%, 自高点回撤: 5.25%)",
ORD_000707,,000001.SZ,SELL,2025-08-18,2025-08-19,10100,10100,0,0,10100,12.08,12.09,30.53,61.05,1.22,101.0,193.8,FILLED,调仓剔除(掉出Top-K),
ORD_000710,,601998.SH,SELL,2025-08-18,2025-08-19,2400,2400,0,0,2400,7.97,7.95,5.0,9.54,0.19,24.0,38.73,FILLED,Top-K目标再平衡减仓,
ORD_000716,,000938.SZ,SELL,2025-08-18,2025-08-19,1300,1300,0,0,1300,26.46,26.58,8.64,17.28,0.35,39.0,65.27,FILLED,Top-K目标再平衡减仓,
ORD_000717,,601939.SH,SELL,2025-08-18,2025-08-19,2400,2400,0,0,2400,9.14,9.13,5.48,10.96,0.22,24.0,40.66,FILLED,Top-K目标再平衡减仓,
ORD_000708,,688472.SH,BUY,2025-08-18,2025-08-19,7700,7700,0,0,7700,9.8,9.8,18.87,0.0,0.75,77.0,96.62,FILLED,Top-K目标建仓/加仓,
ORD_000709,,688396.SH,BUY,2025-08-18,2025-08-19,1500,1500,0,0,1500,47.9,48.15,18.06,0.0,0.72,75.0,93.78,FILLED,Top-K目标建仓/加仓,
ORD_000711,,601995.SH,BUY,2025-08-18,2025-08-19,1900,1900,0,0,1900,38.56,38.39,18.24,0.0,0.73,76.0,94.97,FILLED,Top-K目标建仓/加仓,
ORD_000712,,000768.SZ,BUY,2025-08-18,2025-08-19,3600,3600,0,0,3600,28.0,28.03,25.23,0.0,1.01,108.0,134.24,FILLED,Top-K目标建仓/加仓,
ORD_000713,,601888.SH,BUY,2025-08-18,2025-08-19,1500,1500,0,0,1500,65.41,65.75,24.66,0.0,0.99,105.0,130.65,FILLED,Top-K目标建仓/加仓,
ORD_000714,,601838.SH,BUY,2025-08-18,2025-08-19,4200,4200,0,0,4200,18.04,18.09,18.99,0.0,0.76,84.0,103.75,FILLED,Top-K目标建仓/加仓,
ORD_000715,,601877.SH,BUY,2025-08-18,2025-08-19,4100,4100,0,0,4100,24.55,24.58,25.19,0.0,1.01,82.0,108.2,FILLED,Top-K目标建仓/加仓,
ORD_000718,,000938.SZ,SELL,2025-08-27,2025-08-28,3800,3800,0,0,3800,27.47,27.22,25.86,51.72,1.03,114.0,192.61,FILLED,"触发跟踪止盈 (最高浮盈: 18.26%, 自高点回撤: 5.96%)",
ORD_000719,,688396.SH,SELL,2025-08-27,2025-08-28,1500,1500,0,0,1500,51.45,51.4,19.28,38.55,0.77,75.0,133.6,FILLED,"触发跟踪止盈 (最高浮盈: 12.90%, 自高点回撤: 5.35%)",
ORD_000720,,601888.SH,SELL,2025-08-27,2025-08-28,1500,1500,0,0,1500,68.69,68.59,25.72,51.44,1.03,105.0,183.19,FILLED,"触发跟踪止盈 (最高浮盈: 11.48%, 自高点回撤: 6.29%)",
ORD_000721,,601998.SH,SELL,2025-09-01,2025-09-02,12600,12600,0,0,12600,7.78,7.77,24.48,48.95,0.98,126.0,200.41,FILLED,触发个股硬止损 (浮亏: -8.25% <= -8.0%),
ORD_000722,,000768.SZ,SELL,2025-09-03,2025-09-04,3600,3600,0,0,3600,25.86,25.77,23.19,46.39,0.93,108.0,178.51,FILLED,"触发跟踪止盈 (最高浮盈: 5.10%, 自高点回撤: 12.22%)",
ORD_000723,,688472.SH,SELL,2025-09-04,2025-09-05,7700,7700,0,0,7700,10.56,10.61,20.42,40.85,0.82,77.0,139.09,FILLED,"触发跟踪止盈 (最高浮盈: 14.49%, 自高点回撤: 5.88%)",
ORD_000724,,601877.SH,SELL,2025-09-10,2025-09-11,4100,4100,0,0,4100,27.66,27.73,28.42,56.85,1.14,123.0,209.41,FILLED,"触发跟踪止盈 (最高浮盈: 19.12%, 自高点回撤: 5.53%)",
ORD_000725,,601838.SH,SELL,2025-09-15,2025-09-16,4200,4200,0,0,4200,18.07,18.13,19.04,38.07,0.76,84.0,141.87,FILLED,调仓剔除(掉出Top-K),
ORD_000726,,601939.SH,SELL,2025-09-15,2025-09-16,11000,11000,0,0,11000,9.04,9.01,24.78,49.55,0.99,110.0,185.32,FILLED,调仓剔除(掉出Top-K),
ORD_000727,,601995.SH,SELL,2025-09-15,2025-09-16,1900,1900,0,0,1900,36.86,36.84,17.5,35.0,0.7,76.0,129.2,FILLED,调仓剔除(掉出Top-K),
ORD_000728,,688981.SH,BUY,2025-09-15,2025-09-16,1100,1100,0,0,1100,108.66,109.11,30.01,0.0,1.2,121.0,152.21,FILLED,Top-K目标建仓/加仓,
ORD_000729,,000001.SZ,BUY,2025-09-15,2025-09-16,11000,11000,0,0,11000,11.65,11.67,32.09,0.0,1.28,110.0,143.37,FILLED,Top-K目标建仓/加仓,
ORD_000730,,000002.SZ,BUY,2025-09-15,2025-09-16,18300,18300,0,0,18300,6.97,6.96,31.84,0.0,1.27,183.0,216.11,FILLED,Top-K目标建仓/加仓,
ORD_000731,,000063.SZ,BUY,2025-09-15,2025-09-16,2900,2900,0,0,2900,43.06,43.21,31.33,0.0,1.25,116.0,148.58,FILLED,Top-K目标建仓/加仓,
ORD_000732,,000100.SZ,BUY,2025-09-15,2025-09-16,28900,28900,0,0,28900,4.42,4.42,31.93,0.0,1.28,0.0,33.21,FILLED,Top-K目标建仓/加仓,
ORD_000733,,000157.SZ,BUY,2025-09-15,2025-09-16,17600,17600,0,0,17600,7.28,7.28,32.03,0.0,1.28,176.0,209.31,FILLED,Top-K目标建仓/加仓,
ORD_000734,,000166.SZ,BUY,2025-09-15,2025-09-16,24100,24100,0,0,24100,5.3,5.3,31.93,0.0,1.28,241.0,274.21,FILLED,Top-K目标建仓/加仓,
ORD_000735_P7200,ORD_000735,000301.SZ,BUY,2025-09-15,2025-09-16,12800,7200,5600,0,7200,10.01,10.05,18.09,0.0,0.72,72.0,90.81,PARTIALLY_FILLED,Top-K目标建仓/加仓,
ORD_000735_P12100,ORD_000735,000301.SZ,BUY,2025-09-15,2025-09-17,12800,12100,700,0,4900,10.01,9.84,12.05,0.0,0.48,49.0,61.53,PARTIALLY_FILLED,Top-K目标建仓/加仓,
ORD_000735,,000301.SZ,BUY,2025-09-15,2025-09-18,12800,12800,0,0,700,10.01,9.88,5.0,0.0,0.07,7.0,12.07,FILLED,Top-K目标建仓/加仓,
ORD_000736_P8800,ORD_000736,000301.SZ,SELL,2025-09-25,2025-09-26,12800,8800,4000,0,8800,9.16,9.15,20.13,40.26,0.81,88.0,149.2,PARTIALLY_FILLED,触发个股硬止损 (浮亏: -8.04% <= -8.0%),
ORD_000736,,000301.SZ,SELL,2025-09-25,2025-09-29,12800,12800,0,0,4000,9.16,9.32,9.32,18.64,0.37,40.0,68.33,FILLED,触发个股硬止损 (浮亏: -8.04% <= -8.0%),
ORD_000737,,000063.SZ,SELL,2025-09-26,2025-09-29,2900,2900,0,0,2900,44.47,44.38,32.18,64.35,1.29,116.0,213.82,FILLED,"触发跟踪止盈 (最高浮盈: 8.89%, 自高点回撤: 5.48%)",
ORD_000738,,688981.SH,SELL,2025-10-09,2025-10-10,1100,1100,0,0,1100,138.91,134.74,37.05,74.11,1.48,143.0,255.64,FILLED,"触发跟踪止盈 (最高浮盈: 40.23%, 自高点回撤: 9.21%)",
ORD_000739,,000002.SZ,SELL,2025-10-16,2025-10-17,18300,18300,0,0,18300,6.4,6.38,29.19,58.38,1.17,183.0,271.74,FILLED,触发个股硬止损 (浮亏: -8.05% <= -8.0%),
ORD_000740,,000157.SZ,SELL,2025-10-17,2025-10-20,17600,17600,0,0,17600,7.94,8.05,35.42,70.84,1.42,176.0,283.68,FILLED,"触发跟踪止盈 (最高浮盈: 15.93%, 自高点回撤: 5.92%)",
ORD_000741,,688981.SH,BUY,2025-10-21,2025-10-22,1000,1000,0,0,1000,127.19,125.55,31.39,0.0,1.26,130.0,162.65,FILLED,Top-K目标建仓/加仓,
ORD_000742,,000001.SZ,BUY,2025-10-21,2025-10-22,300,300,0,0,300,11.43,11.41,5.0,0.0,0.03,3.0,8.03,FILLED,Top-K目标建仓/加仓,
ORD_000743,,000002.SZ,BUY,2025-10-21,2025-10-22,20300,20300,0,0,20300,6.4,6.37,32.33,0.0,1.29,203.0,236.62,FILLED,Top-K目标建仓/加仓,
ORD_000744,,000063.SZ,BUY,2025-10-21,2025-10-22,2500,2500,0,0,2500,51.24,50.24,31.4,0.0,1.26,125.0,157.66,FILLED,Top-K目标建仓/加仓,
ORD_000745,,000100.SZ,BUY,2025-10-21,2025-10-22,2300,2300,0,0,2300,4.16,4.16,5.0,0.0,0.1,0.0,5.1,FILLED,Top-K目标建仓/加仓,
ORD_000746,,000157.SZ,BUY,2025-10-21,2025-10-22,15900,15900,0,0,15900,8.13,8.12,32.28,0.0,1.29,159.0,192.57,FILLED,Top-K目标建仓/加仓,
ORD_000747,,000166.SZ,BUY,2025-10-21,2025-10-22,100,100,0,0,100,5.37,5.38,5.0,0.0,0.01,1.0,6.01,FILLED,Top-K目标建仓/加仓,
ORD_000748_P6700,ORD_000748,000301.SZ,BUY,2025-10-21,2025-10-22,14200,6700,7500,0,6700,9.1,9.09,15.23,0.0,0.61,67.0,82.84,PARTIALLY_FILLED,Top-K目标建仓/加仓,
ORD_000748,,000301.SZ,BUY,2025-10-21,2025-10-23,14200,14200,0,0,7500,9.1,9.13,17.12,0.0,0.68,75.0,92.8,FILLED,Top-K目标建仓/加仓,
ORD_000749,,000063.SZ,SELL,2025-10-29,2025-10-30,2500,2500,0,0,2500,46.2,45.56,28.48,56.95,1.14,125.0,211.57,FILLED,触发个股硬止损 (浮亏: -8.04% <= -8.0%),
ORD_000750,,688981.SH,SELL,2025-10-30,2025-10-31,1000,1000,0,0,1000,128.55,127.9,31.98,63.95,1.28,130.0,227.21,FILLED,"触发跟踪止盈 (最高浮盈: 9.52%, 自高点回撤: 6.51%)",
ORD_000751,,000157.SZ,SELL,2025-11-14,2025-11-17,15900,15900,0,0,15900,8.25,8.24,32.75,65.51,1.31,159.0,258.57,FILLED,"触发跟踪止盈 (最高浮盈: 7.14%, 自高点回撤: 5.17%)",
ORD_000752,,000166.SZ,SELL,2025-11-18,2025-11-19,24200,24200,0,0,24200,5.32,5.29,32.0,64.01,1.28,242.0,339.29,FILLED,调仓剔除(掉出Top-K),
ORD_000753_P8000,ORD_000753,000301.SZ,SELL,2025-11-18,2025-11-19,14200,8000,6200,0,8000,10.09,10.08,20.16,40.32,0.81,80.0,141.29,PARTIALLY_FILLED,调仓剔除(掉出Top-K),
ORD_000754,,000100.SZ,SELL,2025-11-18,2025-11-19,31200,31200,0,0,31200,4.24,4.24,33.07,66.14,1.32,0.0,100.53,FILLED,调仓剔除(掉出Top-K),
ORD_000755,,000001.SZ,SELL,2025-11-18,2025-11-19,11300,11300,0,0,11300,11.59,11.57,32.69,65.37,1.31,113.0,212.37,FILLED,调仓剔除(掉出Top-K),
ORD_000756,,000002.SZ,SELL,2025-11-18,2025-11-19,20300,20300,0,0,20300,6.13,6.11,31.01,62.02,1.24,203.0,297.27,FILLED,调仓剔除(掉出Top-K),
ORD_000757,,688047.SH,BUY,2025-11-18,2025-11-19,800,800,0,0,800,130.25,130.13,26.03,0.0,1.04,104.0,131.07,FILLED,Top-K目标建仓/加仓,
ORD_000758_P9600,ORD_000758,688009.SH,BUY,2025-11-18,2025-11-19,19600,9600,10000,0,9600,5.3,5.32,12.77,0.0,0.51,96.0,109.28,PARTIALLY_FILLED,Top-K目标建仓/加仓,
ORD_000759,,601877.SH,BUY,2025-11-18,2025-11-19,4300,4300,0,0,4300,30.02,30.05,32.3,0.0,1.29,129.0,162.59,FILLED,Top-K目标建仓/加仓,
ORD_000760,,601878.SH,BUY,2025-11-18,2025-11-19,9200,9200,0,0,9200,11.33,11.34,26.08,0.0,1.04,92.0,119.12,FILLED,Top-K目标建仓/加仓,
ORD_000761,,601901.SH,BUY,2025-11-18,2025-11-19,16100,16100,0,0,16100,8.07,8.07,32.48,0.0,1.3,161.0,194.78,FILLED,Top-K目标建仓/加仓,
ORD_000762,,000651.SZ,BUY,2025-11-18,2025-11-19,3200,3200,0,0,3200,40.11,40.14,32.11,0.0,1.28,128.0,161.39,FILLED,Top-K目标建仓/加仓,
ORD_000763,,000657.SZ,BUY,2025-11-18,2025-11-19,5600,5600,0,0,5600,23.06,22.89,32.05,0.0,1.28,112.0,145.33,FILLED,Top-K目标建仓/加仓,
ORD_000764,,601988.SH,BUY,2025-11-18,2025-11-19,22500,22500,0,0,22500,5.78,5.8,32.62,0.0,1.31,225.0,258.93,FILLED,Top-K目标建仓/加仓,
ORD_000753,,000301.SZ,SELL,2025-11-18,2025-11-20,14200,14200,0,0,6200,10.09,10.1,15.66,31.31,0.63,62.0,109.6,FILLED,调仓剔除(掉出Top-K),
ORD_000758,,688009.SH,BUY,2025-11-18,2025-11-20,19600,19600,0,0,10000,5.3,5.33,13.33,0.0,0.53,100.0,113.86,FILLED,Top-K目标建仓/加仓,
ORD_000765,,601877.SH,SELL,2025-11-21,2025-11-24,4300,4300,0,0,4300,27.55,27.52,29.58,59.17,1.18,129.0,218.93,FILLED,触发个股硬止损 (浮亏: -8.32% <= -8.0%),
ORD_000766,,000657.SZ,SELL,2025-11-21,2025-11-24,5600,5600,0,0,5600,20.99,20.97,29.36,58.72,1.17,112.0,201.25,FILLED,触发个股硬止损 (浮亏: -8.30% <= -8.0%),
ORD_000767,,601988.SH,SELL,2025-11-28,2025-12-01,22500,22500,0,0,22500,6.07,6.05,34.03,68.06,1.36,225.0,328.45,FILLED,"触发跟踪止盈 (最高浮盈: 10.17%, 自高点回撤: 5.01%)",
ORD_000768,,601901.SH,SELL,2025-12-16,2025-12-17,16100,16100,0,0,16100,7.8,7.78,31.31,62.63,1.25,161.0,256.19,FILLED,调仓剔除(掉出Top-K),
ORD_000769,,000651.SZ,SELL,2025-12-16,2025-12-17,3200,3200,0,0,3200,40.85,40.8,32.64,65.28,1.31,128.0,227.23,FILLED,调仓剔除(掉出Top-K),
ORD_000773,,601878.SH,SELL,2025-12-16,2025-12-17,3600,3600,0,0,3600,10.87,10.85,9.77,19.53,0.39,36.0,65.69,FILLED,Top-K目标再平衡减仓,
ORD_000778,,688047.SH,SELL,2025-12-16,2025-12-17,400,400,0,0,400,143.15,141.36,14.14,28.27,0.57,56.0,98.98,FILLED,Top-K目标再平衡减仓,
ORD_000779,,688009.SH,SELL,2025-12-16,2025-12-17,8200,8200,0,0,8200,5.42,5.4,11.07,22.14,0.44,82.0,115.65,FILLED,Top-K目标再平衡减仓,
ORD_000770,,600061.SH,BUY,2025-12-16,2025-12-17,13700,13700,0,0,13700,7.49,7.5,25.69,0.0,1.03,137.0,163.72,FILLED,Top-K目标建仓/加仓,
ORD_000771,,301236.SZ,BUY,2025-12-16,2025-12-17,1300,1300,0,0,1300,45.04,45.3,14.72,0.0,0.59,65.0,80.31,FILLED,Top-K目标建仓/加仓,
ORD_000772,,301269.SZ,BUY,2025-12-16,2025-12-17,600,600,0,0,600,102.76,102.84,15.43,0.0,0.62,60.0,76.05,FILLED,Top-K目标建仓/加仓,
ORD_000774,,002532.SZ,BUY,2025-12-16,2025-12-17,7800,7800,0,0,7800,13.17,13.23,25.8,0.0,1.03,78.0,104.83,FILLED,Top-K目标建仓/加仓,
ORD_000775,,000166.SZ,BUY,2025-12-16,2025-12-17,19800,19800,0,0,19800,5.21,5.23,25.89,0.0,1.04,198.0,224.93,FILLED,Top-K目标建仓/加仓,
ORD_000776,,300122.SZ,BUY,2025-12-16,2025-12-17,5400,5400,0,0,5400,18.91,18.97,25.61,0.0,1.02,108.0,134.63,FILLED,Top-K目标建仓/加仓,
ORD_000777,,601988.SH,BUY,2025-12-16,2025-12-17,18400,18400,0,0,18400,5.59,5.59,25.71,0.0,1.03,184.0,210.74,FILLED,Top-K目标建仓/加仓,
ORD_000780,,688047.SH,SELL,2025-12-18,2025-12-19,400,400,0,0,400,139.38,139.58,13.96,27.92,0.56,56.0,98.44,FILLED,"触发跟踪止盈 (最高浮盈: 13.56%, 自高点回撤: 5.68%)",
ORD_000781,,002532.SZ,SELL,2026-01-08,2026-01-09,7800,7800,0,0,7800,17.64,17.29,33.72,67.43,1.35,156.0,258.5,FILLED,"触发跟踪止盈 (最高浮盈: 43.46%, 自高点回撤: 7.06%)",
ORD_000782,,688009.SH,SELL,2026-01-15,2026-01-16,11400,11400,0,0,11400,5.39,5.41,15.42,30.84,0.62,114.0,160.88,FILLED,"触发跟踪止盈 (最高浮盈: 6.78%, 自高点回撤: 5.27%)",
ORD_000783,,300122.SZ,SELL,2026-01-15,2026-01-16,5400,5400,0,0,5400,19.42,19.44,26.24,52.49,1.05,108.0,187.78,FILLED,"触发跟踪止盈 (最高浮盈: 10.12%, 自高点回撤: 7.04%)",
ORD_000784,,601988.SH,SELL,2026-01-15,2026-01-16,18400,18400,0,0,18400,5.43,5.42,24.93,49.86,1.0,184.0,259.79,FILLED,调仓剔除(掉出Top-K),
ORD_000785,,000166.SZ,SELL,2026-01-15,2026-01-16,19800,19800,0,0,19800,5.25,5.26,26.04,52.07,1.04,198.0,277.15,FILLED,调仓剔除(掉出Top-K),
ORD_000786,,600061.SH,SELL,2026-01-15,2026-01-16,13700,13700,0,0,13700,7.7,7.72,26.44,52.88,1.06,137.0,217.38,FILLED,调仓剔除(掉出Top-K),
ORD_000787,,301236.SZ,SELL,2026-01-15,2026-01-16,1300,1300,0,0,1300,52.9,52.55,17.08,34.16,0.68,65.0,116.92,FILLED,调仓剔除(掉出Top-K),
ORD_000788,,601878.SH,SELL,2026-01-15,2026-01-16,5600,5600,0,0,5600,10.99,11.04,15.46,30.91,0.62,56.0,102.99,FILLED,调仓剔除(掉出Top-K),
ORD_000789,,301269.SZ,SELL,2026-01-15,2026-01-16,600,600,0,0,600,115.77,116.24,17.44,34.87,0.7,72.0,125.01,FILLED,调仓剔除(掉出Top-K),
ORD_000790,,688521.SH,BUY,2026-01-15,2026-01-16,400,400,0,0,400,181.45,181.18,18.12,0.0,0.72,72.0,90.84,FILLED,Top-K目标建仓/加仓,
ORD_000791,,002837.SZ,BUY,2026-01-15,2026-01-16,700,700,0,0,700,103.33,105.1,18.39,0.0,0.74,70.0,89.13,FILLED,Top-K目标建仓/加仓,
ORD_000792,,002202.SZ,BUY,2026-01-15,2026-01-16,4400,4400,0,0,4400,30.04,27.07,29.78,0.0,1.19,132.0,162.97,FILLED,Top-K目标建仓/加仓,
ORD_000793,,002736.SZ,BUY,2026-01-15,2026-01-16,10300,10300,0,0,10300,12.99,13.1,33.73,0.0,1.35,103.0,138.08,FILLED,Top-K目标建仓/加仓,
ORD_000794,,300394.SZ,BUY,2026-01-15,2026-01-16,600,600,0,0,600,193.68,196.5,29.48,0.0,1.18,120.0,150.66,FILLED,Top-K目标建仓/加仓,
ORD_000795,,600111.SH,BUY,2026-01-15,2026-01-16,2600,2600,0,0,2600,50.43,50.5,32.83,0.0,1.31,130.0,164.14,FILLED,Top-K目标建仓/加仓,
ORD_000796,,300502.SZ,BUY,2026-01-15,2026-01-16,200,200,0,0,200,400.0,410.54,20.53,0.0,0.82,82.0,103.35,FILLED,Top-K目标建仓/加仓,
ORD_000797,,300803.SZ,BUY,2026-01-15,2026-01-16,500,500,0,0,500,135.31,137.52,17.19,0.0,0.69,70.0,87.88,FILLED,Top-K目标建仓/加仓,
ORD_000798,,002837.SZ,SELL,2026-01-20,2026-01-21,700,700,0,0,700,96.31,95.9,16.78,33.56,0.67,70.0,121.01,FILLED,触发个股硬止损 (浮亏: -8.36% <= -8.0%),
ORD_000799,,002202.SZ,SELL,2026-01-20,2026-01-21,4400,4400,0,0,4400,26.06,25.91,28.5,57.0,1.14,132.0,218.64,FILLED,"触发跟踪止盈 (最高浮盈: 5.32%, 自高点回撤: 8.59%)",
ORD_000800,,688521.SH,SELL,2026-01-26,2026-01-27,400,400,0,0,400,221.81,221.58,22.16,44.32,0.89,88.0,155.37,FILLED,"触发跟踪止盈 (最高浮盈: 31.25%, 自高点回撤: 6.72%)",
ORD_000801,,300803.SZ,SELL,2026-01-27,2026-01-28,500,500,0,0,500,125.66,125.87,15.73,31.47,0.63,65.0,112.83,FILLED,触发个股硬止损 (浮亏: -8.62% <= -8.0%),
ORD_000802,,300394.SZ,SELL,2026-01-30,2026-02-02,600,600,0,0,600,248.43,249.53,37.43,74.86,1.5,150.0,263.79,FILLED,"触发跟踪止盈 (最高浮盈: 33.28%, 自高点回撤: 5.14%)",
ORD_000803,,600111.SH,SELL,2026-01-30,2026-02-02,2600,2600,0,0,2600,51.59,48.97,31.83,63.66,1.27,130.0,226.76,FILLED,"触发跟踪止盈 (最高浮盈: 15.15%, 自高点回撤: 11.28%)",
ORD_000804,,300502.SZ,SELL,2026-02-02,2026-02-03,200,200,0,0,200,439.0,456.54,22.83,45.65,0.91,92.0,161.39,FILLED,"触发跟踪止盈 (最高浮盈: 14.97%, 自高点回撤: 6.99%)",
ORD_000805,,688521.SH,BUY,2026-02-12,2026-02-13,500,500,0,0,500,268.46,261.26,32.66,0.0,1.31,130.0,163.97,FILLED,Top-K目标建仓/加仓,
ORD_000806,,300394.SZ,BUY,2026-02-12,2026-02-13,400,400,0,0,400,330.0,323.88,32.39,0.0,1.3,128.0,161.69,FILLED,Top-K目标建仓/加仓,
ORD_000807,,002736.SZ,BUY,2026-02-12,2026-02-13,800,800,0,0,800,12.43,12.47,5.0,0.0,0.1,8.0,13.1,FILLED,Top-K目标建仓/加仓,
ORD_000808,,300308.SZ,BUY,2026-02-12,2026-02-13,200,200,0,0,200,527.46,524.52,26.23,0.0,1.05,104.0,131.28,FILLED,Top-K目标建仓/加仓,
ORD_000809,,002558.SZ,BUY,2026-02-12,2026-02-13,3300,3300,0,0,3300,41.28,41.09,33.9,0.0,1.36,132.0,167.26,FILLED,Top-K目标建仓/加仓,
ORD_000810,,601881.SH,BUY,2026-02-12,2026-02-13,9200,9200,0,0,9200,15.0,15.03,34.57,0.0,1.38,184.0,219.95,FILLED,Top-K目标建仓/加仓,
ORD_000811,,002202.SZ,BUY,2026-02-12,2026-02-13,5400,5400,0,0,5400,25.13,25.08,33.86,0.0,1.35,162.0,197.21,FILLED,Top-K目标建仓/加仓,
ORD_000812,,000938.SZ,BUY,2026-02-12,2026-02-13,5300,5300,0,0,5300,25.62,25.43,33.69,0.0,1.35,159.0,194.04,FILLED,Top-K目标建仓/加仓,
ORD_000813,,688521.SH,SELL,2026-02-24,2026-02-25,500,500,0,0,500,257.53,249.75,31.22,62.44,1.25,125.0,219.91,FILLED,"触发跟踪止盈 (最高浮盈: 10.24%, 自高点回撤: 10.58%)",
ORD_000814,,002558.SZ,SELL,2026-02-26,2026-02-27,3300,3300,0,0,3300,37.54,37.66,31.07,62.14,1.24,132.0,226.45,FILLED,触发个股硬止损 (浮亏: -8.64% <= -8.0%),
ORD_000815,,300308.SZ,SELL,2026-02-27,2026-03-02,200,200,0,0,200,534.0,519.48,25.97,51.95,1.04,104.0,182.96,FILLED,"触发跟踪止盈 (最高浮盈: 9.43%, 自高点回撤: 6.97%)",
ORD_000816,,300394.SZ,SELL,2026-03-02,2026-03-03,400,400,0,0,400,350.0,364.46,36.45,72.89,1.46,144.0,254.8,FILLED,"触发跟踪止盈 (最高浮盈: 20.09%, 自高点回撤: 10.01%)",
ORD_000817,,002202.SZ,SELL,2026-03-03,2026-03-04,5400,5400,0,0,5400,26.33,25.84,34.88,69.77,1.4,162.0,268.05,FILLED,"触发跟踪止盈 (最高浮盈: 17.94%, 自高点回撤: 10.99%)",
ORD_000818,,002736.SZ,SELL,2026-03-04,2026-03-05,11100,11100,0,0,11100,11.99,12.12,33.63,67.27,1.35,111.0,213.25,FILLED,触发个股硬止损 (浮亏: -8.15% <= -8.0%),
ORD_000819,,000938.SZ,SELL,2026-03-13,2026-03-16,5300,5300,0,0,5300,25.8,25.77,34.15,68.29,1.37,159.0,262.81,FILLED,"触发跟踪止盈 (最高浮盈: 9.12%, 自高点回撤: 7.03%)",
ORD_000820,,601881.SH,SELL,2026-03-20,2026-03-23,9200,9200,0,0,9200,13.75,13.58,31.23,62.47,1.25,92.0,186.95,FILLED,触发个股硬止损 (浮亏: -8.52% <= -8.0%),
ORD_000821,,000002.SZ,BUY,2026-03-20,2026-03-23,31500,31500,0,0,31500,4.34,4.25,33.47,0.0,1.34,0.0,34.81,FILLED,Top-K目标建仓/加仓,
ORD_000822,,000166.SZ,BUY,2026-03-20,2026-03-23,27900,27900,0,0,27900,4.89,4.84,33.76,0.0,1.35,0.0,35.11,FILLED,Top-K目标建仓/加仓,
ORD_000823,,603893.SH,BUY,2026-03-20,2026-03-23,700,700,0,0,700,156.08,154.1,26.97,0.0,1.08,105.0,133.05,FILLED,Top-K目标建仓/加仓,
ORD_000824,,603260.SH,BUY,2026-03-20,2026-03-23,2400,2400,0,0,2400,44.6,44.03,26.42,0.0,1.06,96.0,123.48,FILLED,Top-K目标建仓/加仓,
ORD_000825,,603019.SH,BUY,2026-03-20,2026-03-23,1600,1600,0,0,1600,83.76,82.07,32.83,0.0,1.31,128.0,162.14,FILLED,Top-K目标建仓/加仓,
ORD_000826,,603296.SH,BUY,2026-03-20,2026-03-23,1200,1200,0,0,1200,86.81,85.43,25.63,0.0,1.03,108.0,134.66,FILLED,Top-K目标建仓/加仓,
ORD_000827,,002074.SZ,BUY,2026-03-20,2026-03-23,3600,3600,0,0,3600,37.7,37.31,33.58,0.0,1.34,144.0,178.92,FILLED,Top-K目标建仓/加仓,
ORD_000828,,002422.SZ,BUY,2026-03-20,2026-03-23,3900,3900,0,0,3900,34.37,34.01,33.16,0.0,1.33,117.0,151.49,FILLED,Top-K目标建仓/加仓,
ORD_000829,,603296.SH,SELL,2026-03-26,2026-03-27,1200,1200,0,0,1200,86.74,85.22,25.57,51.13,1.02,108.0,185.72,FILLED,"触发跟踪止盈 (最高浮盈: 8.11%, 自高点回撤: 6.08%)",
ORD_000830_P2100,ORD_000830,603260.SH,SELL,2026-03-31,2026-04-01,2400,2100,300,0,2100,40.46,41.05,21.55,43.1,0.86,84.0,149.51,PARTIALLY_FILLED,触发个股硬止损 (浮亏: -8.11% <= -8.0%),
ORD_000830,,603260.SH,SELL,2026-03-31,2026-04-02,2400,2400,0,0,300,40.46,40.67,5.0,6.1,0.12,12.0,23.22,FILLED,触发个股硬止损 (浮亏: -8.11% <= -8.0%),
ORD_000831,,000002.SZ,SELL,2026-04-03,2026-04-07,31500,31500,0,0,31500,3.82,3.8,29.93,59.85,1.2,0.0,90.98,FILLED,触发个股硬止损 (浮亏: -10.12% <= -8.0%),
ORD_000832,,002074.SZ,SELL,2026-04-03,2026-04-07,3600,3600,0,0,3600,33.46,33.77,30.39,60.79,1.22,108.0,200.4,FILLED,触发个股硬止损 (浮亏: -10.32% <= -8.0%),
ORD_000833,,002422.SZ,SELL,2026-04-07,2026-04-08,3900,3900,0,0,3900,34.34,34.86,33.99,67.98,1.36,117.0,220.33,FILLED,"触发跟踪止盈 (最高浮盈: 8.50%, 自高点回撤: 6.94%)",
ORD_000834,,000166.SZ,SELL,2026-04-20,2026-04-21,27900,27900,0,0,27900,4.74,4.73,32.99,65.98,1.32,0.0,100.29,FILLED,调仓剔除(掉出Top-K),
ORD_000842,,603893.SH,SELL,2026-04-20,2026-04-21,400,400,0,0,400,177.37,174.94,17.49,34.99,0.7,72.0,125.18,FILLED,Top-K目标再平衡减仓,
ORD_000843,,603019.SH,SELL,2026-04-20,2026-04-21,500,500,0,0,500,91.97,90.89,11.36,22.72,0.45,45.0,79.53,FILLED,Top-K目标再平衡减仓,
ORD_000835,,688981.SH,BUY,2026-04-20,2026-04-21,600,600,0,0,600,107.96,107.44,16.12,0.0,0.64,66.0,82.76,FILLED,Top-K目标建仓/加仓,
ORD_000836,,000002.SZ,BUY,2026-04-20,2026-04-21,30800,30800,0,0,30800,3.93,3.92,30.18,0.0,1.21,0.0,31.39,FILLED,Top-K目标建仓/加仓,
ORD_000837,,000063.SZ,BUY,2026-04-20,2026-04-21,3000,3000,0,0,3000,35.83,35.65,26.74,0.0,1.07,120.0,147.81,FILLED,Top-K目标建仓/加仓,
ORD_000838,,688009.SH,BUY,2026-04-20,2026-04-21,12200,12200,0,0,12200,5.35,5.37,16.38,0.0,0.66,122.0,139.04,FILLED,Top-K目标建仓/加仓,
ORD_000839,,002384.SZ,BUY,2026-04-20,2026-04-21,600,600,0,0,600,157.0,157.35,23.6,0.0,0.94,96.0,120.54,FILLED,Top-K目标建仓/加仓,
ORD_000840,,603260.SH,BUY,2026-04-20,2026-04-21,1400,1400,0,0,1400,45.09,45.64,15.97,0.0,0.64,70.0,86.61,FILLED,Top-K目标建仓/加仓,
ORD_000841,,603392.SH,BUY,2026-04-20,2026-04-21,1600,1600,0,0,1600,40.55,40.51,16.2,0.0,0.65,64.0,80.85,FILLED,Top-K目标建仓/加仓,
ORD_000844,,603019.SH,SELL,2026-04-21,2026-04-22,1100,1100,0,0,1100,89.4,88.91,24.45,48.9,0.98,99.0,173.33,FILLED,"触发跟踪止盈 (最高浮盈: 14.88%, 自高点回撤: 5.18%)",
ORD_000845,,002384.SZ,SELL,2026-04-28,2026-04-29,600,600,0,0,600,183.9,180.43,27.06,54.13,1.08,108.0,190.27,FILLED,"触发跟踪止盈 (最高浮盈: 24.56%, 自高点回撤: 6.17%)",
ORD_000846,,603893.SH,SELL,2026-05-08,2026-05-11,300,300,0,0,300,178.3,180.15,13.51,27.02,0.54,54.0,95.07,FILLED,"触发跟踪止盈 (最高浮盈: 22.57%, 自高点回撤: 5.60%)",
ORD_000847,,688981.SH,SELL,2026-05-08,2026-05-11,600,600,0,0,600,120.31,122.87,18.43,36.86,0.74,72.0,128.03,FILLED,"触发跟踪止盈 (最高浮盈: 19.25%, 自高点回撤: 6.10%)",
ORD_000848,,603392.SH,SELL,2026-05-12,2026-05-13,1600,1600,0,0,1600,43.31,42.86,17.14,34.29,0.69,64.0,116.12,FILLED,"触发跟踪止盈 (最高浮盈: 15.97%, 自高点回撤: 7.81%)",
ORD_000849,,000002.SZ,SELL,2026-05-14,2026-05-15,30800,30800,0,0,30800,3.87,3.87,29.8,59.6,1.19,0.0,90.59,FILLED,"触发跟踪止盈 (最高浮盈: 6.12%, 自高点回撤: 6.97%)",
ORD_000850,,000063.SZ,SELL,2026-05-14,2026-05-15,3000,3000,0,0,3000,37.56,37.6,28.2,56.4,1.13,120.0,205.73,FILLED,"触发跟踪止盈 (最高浮盈: 12.76%, 自高点回撤: 6.57%)",
ORD_000851,,688009.SH,SELL,2026-05-18,2026-05-19,12200,12200,0,0,12200,4.89,4.89,14.91,29.83,0.6,0.0,45.34,FILLED,触发个股硬止损 (浮亏: -8.94% <= -8.0%),
ORD_000852,,603260.SH,SELL,2026-05-18,2026-05-19,1400,1400,0,0,1400,41.46,41.49,14.52,29.04,0.58,56.0,100.14,FILLED,触发个股硬止损 (浮亏: -9.16% <= -8.0%),
ORD_000853,,688472.SH,BUY,2026-05-21,2026-05-22,5800,5800,0,0,5800,14.06,14.42,20.91,0.0,0.84,58.0,79.75,FILLED,Top-K目标建仓/加仓,
ORD_000854,,603799.SH,BUY,2026-05-21,2026-05-22,1400,1400,0,0,1400,56.46,56.48,19.77,0.0,0.79,84.0,104.56,FILLED,Top-K目标建仓/加仓,
ORD_000855,,000768.SZ,BUY,2026-05-21,2026-05-22,6100,6100,0,0,6100,22.32,22.3,34.01,0.0,1.36,122.0,157.37,FILLED,Top-K目标建仓/加仓,
ORD_000856,,601877.SH,BUY,2026-05-21,2026-05-22,4400,4400,0,0,4400,30.83,30.93,34.02,0.0,1.36,132.0,167.38,FILLED,Top-K目标建仓/加仓,
ORD_000857,,000792.SZ,BUY,2026-05-21,2026-05-22,4200,4200,0,0,4200,32.28,32.29,33.9,0.0,1.36,126.0,161.26,FILLED,Top-K目标建仓/加仓,
ORD_000858,,000975.SZ,BUY,2026-05-21,2026-05-22,3500,3500,0,0,3500,23.37,23.58,20.63,0.0,0.83,70.0,91.46,FILLED,Top-K目标建仓/加仓,
ORD_000859,,002236.SZ,BUY,2026-05-21,2026-05-22,7800,7800,0,0,7800,17.57,17.7,34.52,0.0,1.38,156.0,191.9,FILLED,Top-K目标建仓/加仓,
ORD_000860,,601066.SH,BUY,2026-05-21,2026-05-22,3600,3600,0,0,3600,22.67,22.54,20.29,0.0,0.81,72.0,93.1,FILLED,Top-K目标建仓/加仓,
ORD_000861,,000975.SZ,SELL,2026-05-27,2026-05-28,3500,3500,0,0,3500,23.88,23.54,20.6,41.2,0.82,70.0,132.62,FILLED,"触发跟踪止盈 (最高浮盈: 8.52%, 自高点回撤: 6.68%)",
ORD_000862,,688472.SH,SELL,2026-05-29,2026-06-01,5800,5800,0,0,5800,13.25,13.23,19.18,38.37,0.77,58.0,116.32,FILLED,触发个股硬止损 (浮亏: -8.11% <= -8.0%),
ORD_000863,,603799.SH,SELL,2026-06-04,2026-06-05,1400,1400,0,0,1400,51.3,51.2,17.92,35.84,0.72,70.0,124.48,FILLED,触发个股硬止损 (浮亏: -9.17% <= -8.0%),
ORD_000864,,601877.SH,SELL,2026-06-04,2026-06-05,4400,4400,0,0,4400,28.08,27.5,30.25,60.5,1.21,132.0,223.96,FILLED,触发个股硬止损 (浮亏: -9.21% <= -8.0%),
ORD_000865,,000792.SZ,SELL,2026-06-04,2026-06-05,4200,4200,0,0,4200,29.35,29.22,30.68,61.36,1.23,126.0,219.27,FILLED,触发个股硬止损 (浮亏: -9.10% <= -8.0%),
ORD_000866,,601066.SH,SELL,2026-06-04,2026-06-05,3600,3600,0,0,3600,25.07,25.04,22.54,45.07,0.9,108.0,176.51,FILLED,"触发跟踪止盈 (最高浮盈: 17.70%, 自高点回撤: 5.50%)",
ORD_000867,,000768.SZ,SELL,2026-06-08,2026-06-09,6100,6100,0,0,6100,20.25,20.33,31.0,62.01,1.24,122.0,216.25,FILLED,触发个股硬止损 (浮亏: -9.19% <= -8.0%),
ORD_000868,,002236.SZ,SELL,2026-06-10,2026-06-11,7800,7800,0,0,7800,16.24,16.17,31.53,63.06,1.26,156.0,251.85,FILLED,触发个股硬止损 (浮亏: -8.25% <= -8.0%),
ORD_000869,,603799.SH,BUY,2026-06-18,2026-06-22,2500,2500,0,0,2500,52.1,51.25,32.03,0.0,1.28,125.0,158.31,FILLED,Top-K目标建仓/加仓,
ORD_000870,,002422.SZ,BUY,2026-06-18,2026-06-22,3600,3600,0,0,3600,35.92,35.82,32.24,0.0,1.29,144.0,177.53,FILLED,Top-K目标建仓/加仓,
ORD_000871,,002460.SZ,BUY,2026-06-18,2026-06-22,1800,1800,0,0,1800,69.36,66.57,29.96,0.0,1.2,126.0,157.16,FILLED,Top-K目标建仓/加仓,
ORD_000872,,002074.SZ,BUY,2026-06-18,2026-06-22,4400,4400,0,0,4400,29.71,29.46,32.41,0.0,1.3,132.0,165.71,FILLED,Top-K目标建仓/加仓,
ORD_000873,,300122.SZ,BUY,2026-06-18,2026-06-22,10700,10700,0,0,10700,12.21,12.11,32.39,0.0,1.3,107.0,140.69,FILLED,Top-K目标建仓/加仓,
ORD_000874,,300015.SZ,BUY,2026-06-18,2026-06-22,15800,15800,0,0,15800,8.27,8.21,32.43,0.0,1.3,158.0,191.73,FILLED,Top-K目标建仓/加仓,
ORD_000875,,002920.SZ,BUY,2026-06-18,2026-06-22,1400,1400,0,0,1400,87.75,87.79,30.73,0.0,1.23,126.0,157.96,FILLED,Top-K目标建仓/加仓,
ORD_000876,,601877.SH,BUY,2026-06-18,2026-06-22,4800,4800,0,0,4800,27.04,26.83,32.2,0.0,1.29,144.0,177.49,FILLED,Top-K目标建仓/加仓,
ORD_000877,,603799.SH,SELL,2026-06-23,2026-06-24,2500,2500,0,0,2500,51.01,50.79,31.74,63.49,1.27,125.0,221.5,FILLED,"触发跟踪止盈 (最高浮盈: 8.29%, 自高点回撤: 8.09%)",
ORD_000878,,002460.SZ,SELL,2026-06-23,2026-06-24,1800,1800,0,0,1800,68.0,67.89,30.55,61.1,1.22,126.0,218.87,FILLED,"触发跟踪止盈 (最高浮盈: 9.30%, 自高点回撤: 6.54%)",
ORD_000879,,300122.SZ,SELL,2026-06-24,2026-06-25,10700,10700,0,0,10700,11.95,11.84,31.67,63.34,1.27,107.0,203.28,FILLED,"触发跟踪止盈 (最高浮盈: 5.04%, 自高点回撤: 6.05%)",
ORD_000880,,300015.SZ,SELL,2026-06-24,2026-06-25,15800,15800,0,0,15800,8.29,8.24,32.55,65.1,1.3,158.0,256.95,FILLED,"触发跟踪止盈 (最高浮盈: 7.80%, 自高点回撤: 6.33%)",
ORD_000881,,002422.SZ,SELL,2026-06-26,2026-06-29,3600,3600,0,0,3600,35.6,36.06,32.45,64.91,1.3,144.0,242.66,FILLED,"触发跟踪止盈 (最高浮盈: 9.88%, 自高点回撤: 9.55%)",
ORD_000882,,002074.SZ,SELL,2026-06-26,2026-06-29,4400,4400,0,0,4400,26.88,26.85,29.54,59.07,1.18,132.0,221.79,FILLED,触发个股硬止损 (浮亏: -8.76% <= -8.0%),
ORD_000883,,002920.SZ,SELL,2026-06-26,2026-06-29,1400,1400,0,0,1400,78.9,78.88,27.61,55.22,1.1,112.0,195.93,FILLED,触发个股硬止损 (浮亏: -10.13% <= -8.0%),
ORD_000884,,601877.SH,SELL,2026-07-07,2026-07-08,4800,4800,0,0,4800,24.5,24.43,29.32,58.63,1.17,96.0,185.12,FILLED,触发个股硬止损 (浮亏: -8.68% <= -8.0%),
ORD_000885,,002625.SZ,BUY,2026-07-17,2026-07-20,4700,4700,0,0,4700,26.4,26.51,31.15,0.0,1.25,141.0,173.4,FILLED,Top-K目标建仓/加仓,
ORD_000886,,002049.SZ,BUY,2026-07-17,2026-07-20,1900,1900,0,0,1900,64.1,65.05,30.9,0.0,1.24,114.0,146.14,FILLED,Top-K目标建仓/加仓,
ORD_000887,,600048.SH,BUY,2026-07-17,2026-07-20,26000,26000,0,0,26000,4.86,4.87,31.66,0.0,1.27,0.0,32.93,FILLED,Top-K目标建仓/加仓,
ORD_000888,,603288.SH,BUY,2026-07-17,2026-07-20,3500,3500,0,0,3500,36.0,36.05,31.54,0.0,1.26,140.0,172.8,FILLED,Top-K目标建仓/加仓,
ORD_000889,,603369.SH,BUY,2026-07-17,2026-07-20,4900,4900,0,0,4900,25.63,25.66,31.43,0.0,1.26,147.0,179.69,FILLED,Top-K目标建仓/加仓,
ORD_000890,,003816.SZ,BUY,2026-07-17,2026-07-20,32100,32100,0,0,32100,3.94,3.95,31.7,0.0,1.27,0.0,32.97,FILLED,Top-K目标建仓/加仓,
ORD_000891,,002179.SZ,BUY,2026-07-17,2026-07-20,3800,3800,0,0,3800,32.7,33.53,31.85,0.0,1.27,114.0,147.12,FILLED,Top-K目标建仓/加仓,
ORD_000892,,603799.SH,BUY,2026-07-17,2026-07-20,3400,3400,0,0,3400,37.0,37.41,31.8,0.0,1.27,136.0,169.07,FILLED,Top-K目标建仓/加仓,
ORD_000893,,600048.SH,SELL,2026-07-24,2026-07-27,26000,26000,0,0,26000,4.95,4.92,31.98,63.96,1.28,0.0,97.22,FILLED,"触发跟踪止盈 (最高浮盈: 7.19%, 自高点回撤: 5.17%)",
ORD_000894_P3700,ORD_000894,603369.SH,SELL,2026-07-24,2026-07-27,4900,3700,1200,0,3700,25.52,25.49,23.58,47.16,0.94,111.0,182.68,PARTIALLY_FILLED,"触发跟踪止盈 (最高浮盈: 5.61%, 自高点回撤: 5.83%)",
ORD_000895,,603799.SH,SELL,2026-07-24,2026-07-27,3400,3400,0,0,3400,39.31,39.46,33.54,67.08,1.34,136.0,237.96,FILLED,"触发跟踪止盈 (最高浮盈: 12.06%, 自高点回撤: 6.23%)",
ORD_000894,,603369.SH,SELL,2026-07-24,2026-07-28,4900,4900,0,0,1200,25.52,25.81,7.74,15.49,0.31,36.0,59.54,FILLED,"触发跟踪止盈 (最高浮盈: 5.61%, 自高点回撤: 5.83%)",
ORD_000896,,603288.SH,SELL,2026-08-05,2026-08-06,3500,3500,0,0,3500,36.97,36.96,32.34,64.68,1.29,140.0,238.31,FILLED,"触发跟踪止盈 (最高浮盈: 8.18%, 自高点回撤: 5.21%)",
ORD_000897,,003816.SZ,SELL,2026-08-05,2026-08-06,32100,32100,0,0,32100,3.99,3.98,31.94,63.88,1.28,0.0,97.1,FILLED,"触发跟踪止盈 (最高浮盈: 7.34%, 自高点回撤: 5.90%)",
ORD_000898,,002625.SZ,SELL,2026-08-14,2026-08-17,4700,4700,0,0,4700,30.43,30.57,35.92,71.84,1.44,141.0,250.2,FILLED,调仓剔除(掉出Top-K),
ORD_000899,,002049.SZ,SELL,2026-08-14,2026-08-17,1900,1900,0,0,1900,67.89,65.99,31.35,62.69,1.25,133.0,228.29,FILLED,调仓剔除(掉出Top-K),
ORD_000908,,002179.SZ,SELL,2026-08-14,2026-08-17,600,600,0,0,600,36.08,35.97,5.4,10.79,0.22,24.0,40.41,FILLED,Top-K目标再平衡减仓,
ORD_000900,,000157.SZ,BUY,2026-08-14,2026-08-17,16900,16900,0,0,16900,6.93,6.99,29.53,0.0,1.18,169.0,199.71,FILLED,Top-K目标建仓/加仓,
ORD_000901,,603296.SH,BUY,2026-08-14,2026-08-17,700,700,0,0,700,85.96,86.49,15.14,0.0,0.61,63.0,78.75,FILLED,Top-K目标建仓/加仓,
ORD_000902,,002027.SZ,BUY,2026-08-14,2026-08-17,23000,23000,0,0,23000,5.08,5.09,29.27,0.0,1.17,230.0,260.44,FILLED,Top-K目标建仓/加仓,
ORD_000903_P6400,ORD_000903,001965.SZ,BUY,2026-08-14,2026-08-17,6800,6400,400,0,6400,9.2,9.2,14.72,0.0,0.59,64.0,79.31,PARTIALLY_FILLED,Top-K目标建仓/加仓,
ORD_000904,,001979.SZ,BUY,2026-08-14,2026-08-17,8300,8300,0,0,8300,7.6,7.54,15.65,0.0,0.63,83.0,99.28,FILLED,Top-K目标建仓/加仓,
ORD_000905,,603986.SH,BUY,2026-08-14,2026-08-17,100,100,0,0,100,417.48,424.37,10.61,0.0,0.42,42.0,53.03,FILLED,Top-K目标建仓/加仓,
ORD_000906,,603369.SH,BUY,2026-08-14,2026-08-17,3900,3900,0,0,3900,29.76,29.1,28.37,0.0,1.13,117.0,146.5,FILLED,Top-K目标建仓/加仓,
ORD_000907_P8100,ORD_000907,001391.SZ,BUY,2026-08-14,2026-08-17,15100,8100,7000,0,8100,4.19,4.19,8.48,0.0,0.34,0.0,8.82,PARTIALLY_FILLED,Top-K目标建仓/加仓,
ORD_000903,,001965.SZ,BUY,2026-08-14,2026-08-18,6800,6800,0,0,400,9.2,9.15,5.0,0.0,0.04,4.0,9.04,FILLED,Top-K目标建仓/加仓,
ORD_000907,,001391.SZ,BUY,2026-08-14,2026-08-18,15100,15100,0,0,7000,4.19,4.18,7.31,0.0,0.29,0.0,7.6,FILLED,Top-K目标建仓/加仓,
ORD_000909,,002179.SZ,SELL,2026-08-19,2026-08-20,3200,3200,0,0,3200,34.38,34.71,27.77,55.54,1.11,96.0,180.42,FILLED,"触发跟踪止盈 (最高浮盈: 11.06%, 自高点回撤: 7.68%)",
ORD_000910,,603296.SH,SELL,2026-08-19,2026-08-20,700,700,0,0,700,78.1,79.31,13.88,27.76,0.56,56.0,98.2,FILLED,触发个股硬止损 (浮亏: -9.70% <= -8.0%),
ORD_000911,,603986.SH,SELL,2026-08-19,2026-08-20,100,100,0,0,100,403.71,409.59,10.24,20.48,0.41,41.0,72.13,FILLED,"触发跟踪止盈 (最高浮盈: 7.41%, 自高点回撤: 11.43%)",
ORD_000912,,603369.SH,SELL,2026-08-19,2026-08-20,3900,3900,0,0,3900,28.92,28.9,28.18,56.36,1.13,117.0,202.67,FILLED,"触发跟踪止盈 (最高浮盈: 6.49%, 自高点回撤: 6.68%)",
