order_id,parent_order_id,symbol,side,signal_date,execution_date,requested_shares,cumulative_filled_shares,remaining_shares,cancelled_shares,filled_shares,signal_price,execution_price,commission,stamp_tax,transfer_fee,slippage,total_cost,status,reason,reject_reason
ORD_000001,,601898.SH,BUY,2021-09-29,2021-09-30,13600,13600,0,0,13600,8.69,8.69,29.55,0.0,2.36,136.0,167.91,FILLED,Top-K目标建仓/加仓,
ORD_000002_P5800,ORD_000002,601018.SH,BUY,2021-09-29,2021-09-30,30000,5800,24200,0,5800,3.95,3.94,5.71,0.0,0.46,0.0,6.17,PARTIALLY_FILLED,Top-K目标建仓/加仓,
ORD_000003_P8800,ORD_000003,600415.SH,BUY,2021-09-29,2021-09-30,25300,8800,16500,0,8800,4.68,4.68,10.3,0.0,0.82,0.0,11.12,PARTIALLY_FILLED,Top-K目标建仓/加仓,
ORD_000004_P1600,ORD_000004,300832.SZ,BUY,2021-09-29,2021-09-30,1900,1600,300,0,1600,49.9,49.8,19.92,0.0,1.59,80.0,101.51,PARTIALLY_FILLED,Top-K目标建仓/加仓,
ORD_000005_P1800,ORD_000005,300308.SZ,BUY,2021-09-29,2021-09-30,3400,1800,1600,0,1800,34.91,34.94,15.72,0.0,1.26,54.0,70.98,PARTIALLY_FILLED,Top-K目标建仓/加仓,
ORD_000006_P600,ORD_000006,002916.SZ,BUY,2021-09-29,2021-09-30,1000,600,400,0,600,93.4,93.09,13.96,0.0,1.12,54.0,69.08,PARTIALLY_FILLED,Top-K目标建仓/加仓,
ORD_000007,,603893.SH,BUY,2021-09-29,2021-09-30,700,700,0,0,700,122.0,121.48,21.26,0.0,1.7,84.0,106.96,FILLED,Top-K目标建仓/加仓,
ORD_000008,,601919.SH,BUY,2021-09-29,2021-09-30,7100,7100,0,0,7100,16.54,16.97,30.12,0.0,2.41,142.0,174.53,FILLED,Top-K目标建仓/加仓,
ORD_000002_P11900,ORD_000002,601018.SH,BUY,2021-09-29,2021-10-08,30000,11900,18100,0,6100,3.95,3.99,6.08,0.0,0.49,0.0,6.57,PARTIALLY_FILLED,Top-K目标建仓/加仓,
ORD_000003_P19200,ORD_000003,600415.SH,BUY,2021-09-29,2021-10-08,25300,19200,6100,0,10400,4.68,4.73,12.3,0.0,0.98,0.0,13.28,PARTIALLY_FILLED,Top-K目标建仓/加仓,
ORD_000004,,300832.SZ,BUY,2021-09-29,2021-10-08,1900,1900,0,0,300,49.9,48.98,5.0,0.0,0.29,15.0,20.29,FILLED,Top-K目标建仓/加仓,
ORD_000005,,300308.SZ,BUY,2021-09-29,2021-10-08,3400,3400,0,0,1600,34.91,35.14,14.06,0.0,1.12,64.0,79.18,FILLED,Top-K目标建仓/加仓,
ORD_000006,,002916.SZ,BUY,2021-09-29,2021-10-08,1000,1000,0,0,400,93.4,95.61,9.56,0.0,0.76,40.0,50.32,FILLED,Top-K目标建仓/加仓,
ORD_000009,,601898.SH,SELL,2021-10-08,2021-10-11,13600,13600,0,0,13600,8.61,8.69,29.55,118.18,2.36,136.0,286.09,FILLED,"触发跟踪止盈 (最高浮盈: 8.40%, 自高点回撤: 8.60%)",
ORD_000010,,603893.SH,SELL,2021-10-08,2021-10-11,700,700,0,0,700,119.96,118.88,20.8,83.22,1.66,84.0,189.68,FILLED,"触发跟踪止盈 (最高浮盈: 5.78%, 自高点回撤: 6.65%)",
ORD_000002_P17500,ORD_000002,601018.SH,BUY,2021-09-29,2021-10-11,30000,17500,12500,0,5600,3.95,4.01,5.61,0.0,0.45,0.0,6.06,PARTIALLY_FILLED,Top-K目标建仓/加仓,
ORD_000003,,600415.SH,BUY,2021-09-29,2021-10-11,25300,25300,0,0,6100,4.68,4.81,7.34,0.0,0.59,0.0,7.93,FILLED,Top-K目标建仓/加仓,
ORD_000002_P24300,ORD_000002,601018.SH,BUY,2021-09-29,2021-10-12,30000,24300,5700,0,6800,3.95,3.99,6.78,0.0,0.54,0.0,7.32,PARTIALLY_FILLED,Top-K目标建仓/加仓,
ORD_000002,,601018.SH,BUY,2021-09-29,2021-10-13,30000,30000,0,0,5700,3.95,3.92,5.59,0.0,0.45,0.0,6.04,FILLED,Top-K目标建仓/加仓,
ORD_000011,,601919.SH,SELL,2021-10-15,2021-10-18,7100,7100,0,0,7100,15.05,15.11,26.82,107.28,2.15,142.0,278.25,FILLED,触发个股硬止损 (浮亏: -11.31% <= -8.0%),
ORD_000012,,002916.SZ,SELL,2021-10-25,2021-10-26,1000,1000,0,0,1000,86.53,86.36,21.59,86.36,1.73,90.0,199.68,FILLED,触发个股硬止损 (浮亏: -8.04% <= -8.0%),
ORD_000013,,300832.SZ,SELL,2021-10-28,2021-10-29,1900,1900,0,0,1900,42.55,43.11,20.48,81.91,1.64,76.0,180.03,FILLED,触发个股硬止损 (浮亏: -14.34% <= -8.0%),
ORD_000014_P2800,ORD_000014,601018.SH,SELL,2021-11-03,2021-11-04,30000,2800,27200,0,2800,3.71,3.72,5.0,10.42,0.21,0.0,15.63,PARTIALLY_FILLED,调仓剔除(掉出Top-K),
ORD_000015_P21300,ORD_000015,600415.SH,SELL,2021-11-03,2021-11-04,25300,21300,4000,0,21300,5.15,5.18,27.58,110.33,2.21,213.0,353.12,PARTIALLY_FILLED,调仓剔除(掉出Top-K),
ORD_000016,,300308.SZ,SELL,2021-11-03,2021-11-04,3400,3400,0,0,3400,34.85,34.67,29.47,117.88,2.36,102.0,251.71,FILLED,调仓剔除(掉出Top-K),
ORD_000017_P4500,ORD_000017,688009.SH,BUY,2021-11-03,2021-11-04,14000,4500,9500,0,4500,4.89,4.9,5.51,0.0,0.44,0.0,5.95,PARTIALLY_FILLED,Top-K目标建仓/加仓,
ORD_000018_P2000,ORD_000018,000708.SZ,BUY,2021-11-03,2021-11-04,6100,2000,4100,0,2000,18.78,18.69,9.35,0.0,0.75,40.0,50.1,PARTIALLY_FILLED,Top-K目标建仓/加仓,
ORD_000019,,000002.SZ,BUY,2021-11-03,2021-11-04,6300,6300,0,0,6300,18.05,18.03,28.4,0.0,2.27,126.0,156.67,FILLED,Top-K目标建仓/加仓,
ORD_000020,,688396.SH,BUY,2021-11-03,2021-11-04,1000,1000,0,0,1000,64.92,64.98,16.25,0.0,1.3,60.0,77.55,FILLED,Top-K目标建仓/加仓,
ORD_000021,,000157.SZ,BUY,2021-11-03,2021-11-04,16300,16300,0,0,16300,7.0,7.04,28.69,0.0,2.3,163.0,193.99,FILLED,Top-K目标建仓/加仓,
ORD_000022,,603260.SH,BUY,2021-11-03,2021-11-04,400,400,0,0,400,164.83,163.76,16.38,0.0,1.31,64.0,81.69,FILLED,Top-K目标建仓/加仓,
ORD_000023,,603392.SH,BUY,2021-11-03,2021-11-04,300,300,0,0,300,219.5,221.84,16.64,0.0,1.33,66.0,83.97,FILLED,Top-K目标建仓/加仓,
ORD_000024,,000063.SZ,BUY,2021-11-03,2021-11-04,3600,3600,0,0,3600,31.08,31.23,28.11,0.0,2.25,108.0,138.36,FILLED,Top-K目标建仓/加仓,
ORD_000014_P6200,ORD_000014,601018.SH,SELL,2021-11-03,2021-11-05,30000,6200,23800,0,3400,3.71,3.73,5.0,12.68,0.25,0.0,17.93,PARTIALLY_FILLED,调仓剔除(掉出Top-K),
ORD_000015,,600415.SH,SELL,2021-11-03,2021-11-05,25300,25300,0,0,4000,5.15,5.11,5.11,20.44,0.41,40.0,65.96,FILLED,调仓剔除(掉出Top-K),
ORD_000017_P8200,ORD_000017,688009.SH,BUY,2021-11-03,2021-11-05,14000,8200,5800,0,3700,4.89,4.9,5.0,0.0,0.36,0.0,5.36,PARTIALLY_FILLED,Top-K目标建仓/加仓,
ORD_000018,,000708.SZ,BUY,2021-11-03,2021-11-05,6100,6100,0,0,4100,18.78,18.95,19.42,0.0,1.55,82.0,102.97,FILLED,Top-K目标建仓/加仓,
ORD_000014_P8700,ORD_000014,601018.SH,SELL,2021-11-03,2021-11-08,30000,8700,21300,0,2500,3.71,3.71,5.0,9.28,0.19,0.0,14.47,PARTIALLY_FILLED,调仓剔除(掉出Top-K),
ORD_000025,,603392.SH,SELL,2021-11-05,2021-11-08,300,300,0,0,300,222.0,221.16,16.59,66.35,1.33,66.0,150.27,FILLED,"触发跟踪止盈 (最高浮盈: 5.39%, 自高点回撤: 5.05%)",
ORD_000017_P12400,ORD_000017,688009.SH,BUY,2021-11-03,2021-11-08,14000,12400,1600,0,4200,4.89,4.89,5.13,0.0,0.41,0.0,5.54,PARTIALLY_FILLED,Top-K目标建仓/加仓,
ORD_000014_P11500,ORD_000014,601018.SH,SELL,2021-11-03,2021-11-09,30000,11500,18500,0,2800,3.71,3.71,5.0,10.39,0.21,0.0,15.6,PARTIALLY_FILLED,调仓剔除(掉出Top-K),
ORD_000017,,688009.SH,BUY,2021-11-03,2021-11-09,14000,14000,0,0,1600,4.89,4.89,5.0,0.0,0.16,0.0,5.16,FILLED,Top-K目标建仓/加仓,
ORD_000014_P15700,ORD_000014,601018.SH,SELL,2021-11-03,2021-11-10,30000,15700,14300,0,4200,3.71,3.71,5.0,15.58,0.31,0.0,20.89,PARTIALLY_FILLED,调仓剔除(掉出Top-K),
ORD_000014_P19800,ORD_000014,601018.SH,SELL,2021-11-03,2021-11-11,30000,19800,10200,0,4100,3.71,3.69,5.0,15.13,0.3,0.0,20.43,PARTIALLY_FILLED,调仓剔除(掉出Top-K),
ORD_000014_P22200,ORD_000014,601018.SH,SELL,2021-11-03,2021-11-12,30000,22200,7800,0,2400,3.71,3.73,5.0,8.95,0.18,0.0,14.13,PARTIALLY_FILLED,调仓剔除(掉出Top-K),
ORD_000014_P25100,ORD_000014,601018.SH,SELL,2021-11-03,2021-11-15,30000,25100,4900,0,2900,3.71,3.72,5.0,10.79,0.22,0.0,16.01,PARTIALLY_FILLED,调仓剔除(掉出Top-K),
ORD_000026,,000002.SZ,SELL,2021-11-12,2021-11-15,6300,6300,0,0,6300,19.76,19.54,30.78,123.1,2.46,126.0,282.34,FILLED,"触发跟踪止盈 (最高浮盈: 15.59%, 自高点回撤: 5.18%)",
ORD_000027,,688396.SH,SELL,2021-11-12,2021-11-15,1000,1000,0,0,1000,65.41,65.34,16.34,65.34,1.31,70.0,152.99,FILLED,"触发跟踪止盈 (最高浮盈: 8.62%, 自高点回撤: 7.33%)",
ORD_000014_P29900,ORD_000014,601018.SH,SELL,2021-11-03,2021-11-16,30000,29900,100,0,4800,3.71,3.75,5.0,18.0,0.36,0.0,23.36,PARTIALLY_FILLED,调仓剔除(掉出Top-K),
ORD_000028,,603260.SH,SELL,2021-11-15,2021-11-16,400,400,0,0,400,153.9,154.92,15.49,61.97,1.24,64.0,142.7,FILLED,"触发跟踪止盈 (最高浮盈: 6.52%, 自高点回撤: 11.77%)",
ORD_000014,,601018.SH,SELL,2021-11-03,2021-11-17,30000,30000,0,0,100,3.71,3.77,5.0,0.38,0.01,0.0,5.39,FILLED,调仓剔除(掉出Top-K),
ORD_000029_P5200,ORD_000029,000708.SZ,SELL,2021-11-23,2021-11-24,6100,5200,900,0,5200,20.85,20.96,27.25,108.99,2.18,104.0,242.42,PARTIALLY_FILLED,"触发跟踪止盈 (最高浮盈: 17.15%, 自高点回撤: 5.66%)",
ORD_000029,,000708.SZ,SELL,2021-11-23,2021-11-25,6100,6100,0,0,900,20.85,20.87,5.0,18.78,0.38,18.0,42.16,FILLED,"触发跟踪止盈 (最高浮盈: 17.15%, 自高点回撤: 5.66%)",
ORD_000030,,000063.SZ,SELL,2021-11-26,2021-11-29,3600,3600,0,0,3600,31.22,30.82,27.74,110.95,2.22,108.0,248.91,FILLED,"触发跟踪止盈 (最高浮盈: 5.32%, 自高点回撤: 5.08%)",
ORD_000031_P5900,ORD_000031,688009.SH,SELL,2021-12-01,2021-12-02,14000,5900,8100,0,5900,4.91,4.91,7.24,28.97,0.58,0.0,36.79,PARTIALLY_FILLED,调仓剔除(掉出Top-K),
ORD_000032,,000157.SZ,SELL,2021-12-01,2021-12-02,16300,16300,0,0,16300,7.09,7.07,28.81,115.24,2.3,163.0,309.35,FILLED,调仓剔除(掉出Top-K),
ORD_000033,,688981.SH,BUY,2021-12-01,2021-12-02,1000,1000,0,0,1000,54.5,54.5,13.62,0.0,1.09,50.0,64.71,FILLED,Top-K目标建仓/加仓,
ORD_000034,,688396.SH,BUY,2021-12-01,2021-12-02,700,700,0,0,700,71.68,71.46,12.51,0.0,1.0,49.0,62.51,FILLED,Top-K目标建仓/加仓,
ORD_000035,,688256.SH,BUY,2021-12-01,2021-12-02,500,500,0,0,500,94.8,94.55,11.82,0.0,0.95,45.0,57.77,FILLED,Top-K目标建仓/加仓,
ORD_000036,,603369.SH,BUY,2021-12-01,2021-12-02,2000,2000,0,0,2000,56.46,56.49,28.25,0.0,2.26,120.0,150.51,FILLED,Top-K目标建仓/加仓,
ORD_000037,,603260.SH,BUY,2021-12-01,2021-12-02,300,300,0,0,300,144.6,142.59,10.69,0.0,0.86,42.0,53.55,FILLED,Top-K目标建仓/加仓,
ORD_000038,,603019.SH,BUY,2021-12-01,2021-12-02,4100,4100,0,0,4100,27.96,27.95,28.65,0.0,2.29,123.0,153.94,FILLED,Top-K目标建仓/加仓,
ORD_000039,,601985.SH,BUY,2021-12-01,2021-12-02,7800,7800,0,0,7800,7.1,7.08,13.81,0.0,1.1,78.0,92.91,FILLED,Top-K目标建仓/加仓,
ORD_000040,,000963.SZ,BUY,2021-12-01,2021-12-02,3300,3300,0,0,3300,34.57,34.48,28.45,0.0,2.28,99.0,129.73,FILLED,Top-K目标建仓/加仓,
ORD_000031,,688009.SH,SELL,2021-12-01,2021-12-03,14000,14000,0,0,8100,4.91,4.9,9.92,39.69,0.79,0.0,50.4,FILLED,调仓剔除(掉出Top-K),
ORD_000041,,688256.SH,SELL,2021-12-14,2021-12-15,500,500,0,0,500,98.9,99.4,12.43,49.7,0.99,50.0,113.12,FILLED,"触发跟踪止盈 (最高浮盈: 12.85%, 自高点回撤: 7.31%)",
ORD_000042,,603369.SH,SELL,2021-12-15,2021-12-16,2000,2000,0,0,2000,60.12,59.6,29.8,119.2,2.38,120.0,271.38,FILLED,"触发跟踪止盈 (最高浮盈: 12.20%, 自高点回撤: 5.14%)",
ORD_000043,,688396.SH,SELL,2021-12-17,2021-12-20,700,700,0,0,700,64.55,64.84,11.35,45.39,0.91,42.0,99.65,FILLED,触发个股硬止损 (浮亏: -9.67% <= -8.0%),
ORD_000044,,601985.SH,SELL,2021-12-20,2021-12-21,7800,7800,0,0,7800,7.33,7.34,14.31,57.25,1.15,78.0,150.71,FILLED,"触发跟踪止盈 (最高浮盈: 11.58%, 自高点回撤: 7.22%)",
ORD_000045,,000963.SZ,SELL,2021-12-20,2021-12-21,3300,3300,0,0,3300,34.67,34.97,28.85,115.4,2.31,132.0,278.56,FILLED,"触发跟踪止盈 (最高浮盈: 8.03%, 自高点回撤: 6.93%)",
ORD_000046,,603260.SH,SELL,2021-12-24,2021-12-27,300,300,0,0,300,127.5,126.35,9.48,37.91,0.76,39.0,87.15,FILLED,触发个股硬止损 (浮亏: -10.58% <= -8.0%),
ORD_000047,,603019.SH,SELL,2021-12-29,2021-12-30,4100,4100,0,0,4100,27.25,27.18,27.86,111.44,2.23,123.0,264.53,FILLED,调仓剔除(掉出Top-K),
ORD_000048,,688981.SH,SELL,2021-12-29,2021-12-30,200,200,0,0,200,52.73,52.7,5.0,10.54,0.21,10.0,25.75,FILLED,Top-K目标再平衡减仓,
ORD_000049,,688521.SH,BUY,2021-12-29,2021-12-30,600,600,0,0,600,74.48,74.55,11.18,0.0,0.89,42.0,54.07,FILLED,Top-K目标建仓/加仓,
ORD_000050,,688396.SH,BUY,2021-12-29,2021-12-30,700,700,0,0,700,63.63,63.66,11.14,0.0,0.89,42.0,54.03,FILLED,Top-K目标建仓/加仓,
ORD_000051,,688256.SH,BUY,2021-12-29,2021-12-30,500,500,0,0,500,89.97,89.97,11.25,0.0,0.9,45.0,57.15,FILLED,Top-K目标建仓/加仓,
ORD_000052,,603369.SH,BUY,2021-12-29,2021-12-30,2100,2100,0,0,2100,54.5,54.83,28.79,0.0,2.3,105.0,136.09,FILLED,Top-K目标建仓/加仓,
ORD_000053,,603260.SH,BUY,2021-12-29,2021-12-30,300,300,0,0,300,130.98,132.13,9.91,0.0,0.79,39.0,49.7,FILLED,Top-K目标建仓/加仓,
ORD_000054,,601985.SH,BUY,2021-12-29,2021-12-30,5700,5700,0,0,5700,8.03,8.03,11.44,0.0,0.92,57.0,69.36,FILLED,Top-K目标建仓/加仓,
ORD_000055_P9600,ORD_000055,601901.SH,BUY,2021-12-29,2021-12-30,14900,9600,5300,0,9600,7.79,7.81,18.74,0.0,1.5,96.0,116.24,PARTIALLY_FILLED,Top-K目标建仓/加仓,
ORD_000055,,601901.SH,BUY,2021-12-29,2021-12-31,14900,14900,0,0,5300,7.79,7.88,10.44,0.0,0.84,53.0,64.28,FILLED,Top-K目标建仓/加仓,
ORD_000056,,688256.SH,SELL,2022-01-04,2022-01-05,500,500,0,0,500,98.58,96.9,12.11,48.45,0.97,50.0,111.53,FILLED,"触发跟踪止盈 (最高浮盈: 17.26%, 自高点回撤: 6.56%)",
ORD_000057,,601985.SH,SELL,2022-01-04,2022-01-05,5700,5700,0,0,5700,8.16,8.08,11.51,46.06,0.92,57.0,115.49,FILLED,"触发跟踪止盈 (最高浮盈: 8.47%, 自高点回撤: 6.31%)",
ORD_000058,,603260.SH,SELL,2022-01-05,2022-01-06,300,300,0,0,300,120.56,120.18,9.01,36.05,0.72,36.0,81.78,FILLED,触发个股硬止损 (浮亏: -8.76% <= -8.0%),
ORD_000059,,688521.SH,SELL,2022-01-06,2022-01-07,600,600,0,0,600,73.51,74.43,11.16,44.66,0.89,42.0,98.71,FILLED,"触发跟踪止盈 (最高浮盈: 6.81%, 自高点回撤: 7.69%)",
ORD_000060,,603369.SH,SELL,2022-01-13,2022-01-14,2100,2100,0,0,2100,49.94,49.33,25.9,103.59,2.07,105.0,236.56,FILLED,触发个股硬止损 (浮亏: -8.92% <= -8.0%),
ORD_000061,,688396.SH,SELL,2022-01-20,2022-01-21,700,700,0,0,700,58.26,57.84,10.12,40.49,0.81,42.0,93.42,FILLED,触发个股硬止损 (浮亏: -8.48% <= -8.0%),
ORD_000062,,688981.SH,SELL,2022-01-25,2022-01-26,800,800,0,0,800,50.06,49.99,10.0,39.99,0.8,40.0,90.79,FILLED,触发个股硬止损 (浮亏: -8.15% <= -8.0%),
ORD_000071,,601901.SH,SELL,2022-01-27,2022-01-28,1300,1300,0,0,1300,7.41,7.47,5.0,9.71,0.19,13.0,27.9,FILLED,Top-K目标再平衡减仓,
ORD_000063,,600549.SH,BUY,2022-01-27,2022-01-28,5100,5100,0,0,5100,19.39,19.54,24.91,0.0,1.99,102.0,128.9,FILLED,Top-K目标建仓/加仓,
ORD_000064_P14500,ORD_000064,600023.SH,BUY,2022-01-27,2022-01-28,27900,14500,13400,0,14500,3.6,3.6,13.05,0.0,1.04,0.0,14.09,PARTIALLY_FILLED,Top-K目标建仓/加仓,
ORD_000065_P9800,ORD_000065,600061.SH,BUY,2022-01-27,2022-01-28,13300,9800,3500,0,9800,7.55,7.6,18.62,0.0,1.49,98.0,118.11,PARTIALLY_FILLED,Top-K目标建仓/加仓,
ORD_000066,,000988.SZ,BUY,2022-01-27,2022-01-28,4200,4200,0,0,4200,23.78,24.26,25.47,0.0,2.04,84.0,111.51,FILLED,Top-K目标建仓/加仓,
ORD_000067,,601898.SH,BUY,2022-01-27,2022-01-28,16000,16000,0,0,16000,6.27,6.28,25.12,0.0,2.01,160.0,187.13,FILLED,Top-K目标建仓/加仓,
ORD_000068_P3400,ORD_000068,600674.SH,BUY,2022-01-27,2022-01-28,8900,3400,5500,0,3400,11.2,11.22,9.54,0.0,0.76,34.0,44.3,PARTIALLY_FILLED,Top-K目标建仓/加仓,
ORD_000069,,000975.SZ,BUY,2022-01-27,2022-01-28,12400,12400,0,0,12400,8.1,8.04,24.92,0.0,1.99,124.0,150.91,FILLED,Top-K目标建仓/加仓,
ORD_000070,,002050.SZ,BUY,2022-01-27,2022-01-28,5300,5300,0,0,5300,18.96,19.17,25.4,0.0,2.03,106.0,133.43,FILLED,Top-K目标建仓/加仓,
ORD_000064,,600023.SH,BUY,2022-01-27,2022-02-07,27900,27900,0,0,13400,3.6,3.66,12.26,0.0,0.98,0.0,13.24,FILLED,Top-K目标建仓/加仓,
ORD_000065,,600061.SH,BUY,2022-01-27,2022-02-07,13300,13300,0,0,3500,7.55,7.56,6.62,0.0,0.53,35.0,42.15,FILLED,Top-K目标建仓/加仓,
ORD_000068_P6700,ORD_000068,600674.SH,BUY,2022-01-27,2022-02-07,8900,6700,2200,0,3300,11.2,11.2,9.24,0.0,0.74,33.0,42.98,PARTIALLY_FILLED,Top-K目标建仓/加仓,
ORD_000068,,600674.SH,BUY,2022-01-27,2022-02-08,8900,8900,0,0,2200,11.2,11.35,6.24,0.0,0.5,22.0,28.74,FILLED,Top-K目标建仓/加仓,
ORD_000072,,600023.SH,SELL,2022-02-24,2022-02-25,27900,27900,0,0,27900,3.65,3.66,25.53,102.11,2.04,0.0,129.68,FILLED,"触发跟踪止盈 (最高浮盈: 6.92%, 自高点回撤: 5.93%)",
ORD_000073,,601898.SH,SELL,2022-02-25,2022-02-28,16000,16000,0,0,16000,6.66,6.69,26.76,107.04,2.14,160.0,295.94,FILLED,"触发跟踪止盈 (最高浮盈: 16.24%, 自高点回撤: 8.77%)",
ORD_000074,,000975.SZ,SELL,2022-02-25,2022-02-28,12400,12400,0,0,12400,9.23,9.21,28.55,114.2,2.28,124.0,269.03,FILLED,"触发跟踪止盈 (最高浮盈: 23.13%, 自高点回撤: 6.77%)",
ORD_000075_P6800,ORD_000075,601901.SH,SELL,2022-02-28,2022-03-01,13600,6800,6800,0,6800,7.18,7.17,12.19,48.76,0.98,68.0,129.93,PARTIALLY_FILLED,触发个股硬止损 (浮亏: -8.39% <= -8.0%),
ORD_000075_P11400,ORD_000075,601901.SH,SELL,2022-02-28,2022-03-02,13600,11400,2200,0,4600,7.18,7.2,8.28,33.12,0.66,46.0,88.06,PARTIALLY_FILLED,触发个股硬止损 (浮亏: -8.39% <= -8.0%),
ORD_000075,,601901.SH,SELL,2022-02-28,2022-03-03,13600,13600,0,0,2200,7.18,7.23,5.0,15.91,0.32,22.0,43.23,FILLED,触发个股硬止损 (浮亏: -8.39% <= -8.0%),
ORD_000076_P3900,ORD_000076,600674.SH,SELL,2022-03-03,2022-03-04,8900,3900,5000,0,3900,12.28,12.2,11.89,47.58,0.95,39.0,99.42,PARTIALLY_FILLED,调仓剔除(掉出Top-K),
ORD_000079,,600061.SH,SELL,2022-03-03,2022-03-04,700,700,0,0,700,7.49,7.45,5.0,5.21,0.1,7.0,17.31,FILLED,Top-K目标再平衡减仓,
ORD_000083,,000988.SZ,SELL,2022-03-03,2022-03-04,400,400,0,0,400,24.65,24.55,5.0,9.82,0.2,8.0,23.02,FILLED,Top-K目标再平衡减仓,
ORD_000085,,002050.SZ,SELL,2022-03-03,2022-03-04,600,600,0,0,600,19.74,19.58,5.0,11.75,0.23,12.0,28.98,FILLED,Top-K目标再平衡减仓,
ORD_000086,,600549.SH,SELL,2022-03-03,2022-03-04,800,800,0,0,800,21.66,21.55,5.0,17.24,0.34,16.0,38.58,FILLED,Top-K目标再平衡减仓,
ORD_000077,,603369.SH,BUY,2022-03-03,2022-03-04,1800,1800,0,0,1800,49.9,49.57,22.31,0.0,1.78,90.0,114.09,FILLED,Top-K目标建仓/加仓,
ORD_000078,,600886.SH,BUY,2022-03-03,2022-03-04,9200,9200,0,0,9200,10.26,10.23,23.53,0.0,1.88,92.0,117.41,FILLED,Top-K目标建仓/加仓,
ORD_000080_P17000,ORD_000080,600023.SH,BUY,2022-03-03,2022-03-04,25300,17000,8300,0,17000,3.74,3.74,15.89,0.0,1.27,0.0,17.16,PARTIALLY_FILLED,Top-K目标建仓/加仓,
ORD_000081,,601898.SH,BUY,2022-03-03,2022-03-04,12500,12500,0,0,12500,7.57,7.61,23.78,0.0,1.9,125.0,150.68,FILLED,Top-K目标建仓/加仓,
ORD_000082,,002384.SZ,BUY,2022-03-03,2022-03-04,4500,4500,0,0,4500,20.6,20.33,22.87,0.0,1.83,90.0,114.7,FILLED,Top-K目标建仓/加仓,
ORD_000084_P5400,ORD_000084,601901.SH,BUY,2022-03-03,2022-03-04,13000,5400,7600,0,5400,7.27,7.26,9.8,0.0,0.78,54.0,64.58,PARTIALLY_FILLED,Top-K目标建仓/加仓,
ORD_000076_P8600,ORD_000076,600674.SH,SELL,2022-03-03,2022-03-07,8900,8600,300,0,4700,12.28,12.16,14.29,57.15,1.14,47.0,119.58,PARTIALLY_FILLED,调仓剔除(掉出Top-K),
ORD_000087,,002050.SZ,SELL,2022-03-04,2022-03-07,4700,4700,0,0,4700,19.2,19.08,22.42,89.68,1.79,94.0,207.89,FILLED,"触发跟踪止盈 (最高浮盈: 7.36%, 自高点回撤: 6.71%)",
ORD_000080,,600023.SH,BUY,2022-03-03,2022-03-07,25300,25300,0,0,8300,3.74,3.69,7.66,0.0,0.61,0.0,8.27,FILLED,Top-K目标建仓/加仓,
ORD_000084,,601901.SH,BUY,2022-03-03,2022-03-07,13000,13000,0,0,7600,7.27,7.22,13.72,0.0,1.1,76.0,90.82,FILLED,Top-K目标建仓/加仓,
ORD_000076,,600674.SH,SELL,2022-03-03,2022-03-08,8900,8900,0,0,300,12.28,12.02,5.0,3.61,0.07,3.0,11.68,FILLED,调仓剔除(掉出Top-K),
ORD_000088,,600549.SH,SELL,2022-03-07,2022-03-08,4300,4300,0,0,4300,20.85,20.83,22.39,89.57,1.79,86.0,199.75,FILLED,"触发跟踪止盈 (最高浮盈: 13.51%, 自高点回撤: 6.00%)",
ORD_000089,,601898.SH,SELL,2022-03-08,2022-03-09,12500,12500,0,0,12500,7.44,7.45,23.28,93.12,1.86,125.0,243.26,FILLED,"触发跟踪止盈 (最高浮盈: 6.31%, 自高点回撤: 8.03%)",
ORD_000090_P9400,ORD_000090,600061.SH,SELL,2022-03-09,2022-03-10,12600,9400,3200,0,9400,6.83,6.97,16.38,65.52,1.31,94.0,177.21,PARTIALLY_FILLED,触发个股硬止损 (浮亏: -10.00% <= -8.0%),
ORD_000091,,000988.SZ,SELL,2022-03-09,2022-03-10,3800,3800,0,0,3800,22.25,22.72,21.58,86.34,1.73,76.0,185.65,FILLED,触发个股硬止损 (浮亏: -8.29% <= -8.0%),
ORD_000090,,600061.SH,SELL,2022-03-09,2022-03-11,12600,12600,0,0,3200,6.83,6.77,5.42,21.66,0.43,32.0,59.51,FILLED,触发个股硬止损 (浮亏: -10.00% <= -8.0%),
ORD_000092,,601901.SH,SELL,2022-03-10,2022-03-11,13000,13000,0,0,13000,6.65,6.6,21.45,85.8,1.72,130.0,238.97,FILLED,触发个股硬止损 (浮亏: -8.11% <= -8.0%),
ORD_000093,,603369.SH,SELL,2022-03-14,2022-03-15,1800,1800,0,0,1800,44.92,42.91,19.31,77.24,1.54,72.0,170.09,FILLED,触发个股硬止损 (浮亏: -9.38% <= -8.0%),
ORD_000094,,600886.SH,SELL,2022-03-15,2022-03-16,9200,9200,0,0,9200,9.19,9.33,21.46,85.84,1.72,92.0,201.02,FILLED,触发个股硬止损 (浮亏: -10.17% <= -8.0%),
ORD_000095_P11500,ORD_000095,600023.SH,SELL,2022-03-15,2022-03-16,25300,11500,13800,0,11500,3.31,3.34,9.6,38.41,0.77,0.0,48.78,PARTIALLY_FILLED,触发个股硬止损 (浮亏: -11.11% <= -8.0%),
ORD_000096,,002384.SZ,SELL,2022-03-15,2022-03-16,4500,4500,0,0,4500,17.69,18.18,20.45,81.81,1.64,90.0,193.9,FILLED,触发个股硬止损 (浮亏: -12.99% <= -8.0%),
ORD_000095_P20500,ORD_000095,600023.SH,SELL,2022-03-15,2022-03-17,25300,20500,4800,0,9000,3.31,3.41,7.67,30.69,0.61,0.0,38.97,PARTIALLY_FILLED,触发个股硬止损 (浮亏: -11.11% <= -8.0%),
ORD_000095,,600023.SH,SELL,2022-03-15,2022-03-18,25300,25300,0,0,4800,3.31,3.35,5.0,16.08,0.32,0.0,21.4,FILLED,触发个股硬止损 (浮亏: -11.11% <= -8.0%),
ORD_000097_P1300,ORD_000097,300308.SZ,BUY,2022-03-31,2022-04-01,3400,1300,2100,0,1300,31.61,31.54,10.25,0.0,0.82,39.0,50.07,PARTIALLY_FILLED,Top-K目标建仓/加仓,
ORD_000098,,002916.SZ,BUY,2022-03-31,2022-04-01,700,700,0,0,700,90.75,90.57,15.85,0.0,1.27,63.0,80.12,FILLED,Top-K目标建仓/加仓,
ORD_000099,,603893.SH,BUY,2022-03-31,2022-04-01,700,700,0,0,700,90.13,90.8,15.89,0.0,1.27,63.0,80.16,FILLED,Top-K目标建仓/加仓,
ORD_000100_P1000,ORD_000100,688521.SH,BUY,2022-03-31,2022-04-01,1300,1000,300,0,1000,48.99,48.65,12.16,0.0,0.97,50.0,63.13,PARTIALLY_FILLED,Top-K目标建仓/加仓,
ORD_000101,,000596.SZ,BUY,2022-03-31,2022-04-01,600,600,0,0,600,171.36,170.9,25.64,0.0,2.05,102.0,129.69,FILLED,Top-K目标建仓/加仓,
ORD_000102_P3800,ORD_000102,000657.SZ,BUY,2022-03-31,2022-04-01,9600,3800,5800,0,3800,11.36,11.35,10.78,0.0,0.86,38.0,49.64,PARTIALLY_FILLED,Top-K目标建仓/加仓,
ORD_000103,,300413.SZ,BUY,2022-03-31,2022-04-01,3500,3500,0,0,3500,31.16,30.83,26.98,0.0,2.16,105.0,134.14,FILLED,Top-K目标建仓/加仓,
ORD_000104_P500,ORD_000104,300832.SZ,BUY,2022-03-31,2022-04-01,1900,500,1400,0,500,33.97,33.84,5.0,0.0,0.34,15.0,20.34,PARTIALLY_FILLED,Top-K目标建仓/加仓,
ORD_000097,,300308.SZ,BUY,2022-03-31,2022-04-06,3400,3400,0,0,2100,31.61,31.44,16.51,0.0,1.32,63.0,80.83,FILLED,Top-K目标建仓/加仓,
ORD_000100,,688521.SH,BUY,2022-03-31,2022-04-06,1300,1300,0,0,300,48.99,49.04,5.0,0.0,0.29,15.0,20.29,FILLED,Top-K目标建仓/加仓,
ORD_000102_P8300,ORD_000102,000657.SZ,BUY,2022-03-31,2022-04-06,9600,8300,1300,0,4500,11.36,11.42,12.85,0.0,1.03,45.0,58.88,PARTIALLY_FILLED,Top-K目标建仓/加仓,
ORD_000104_P1400,ORD_000104,300832.SZ,BUY,2022-03-31,2022-04-06,1900,1400,500,0,900,33.97,33.81,7.61,0.0,0.61,27.0,35.22,PARTIALLY_FILLED,Top-K目标建仓/加仓,
ORD_000102,,000657.SZ,BUY,2022-03-31,2022-04-07,9600,9600,0,0,1300,11.36,11.31,5.0,0.0,0.29,13.0,18.29,FILLED,Top-K目标建仓/加仓,
ORD_000104,,300832.SZ,BUY,2022-03-31,2022-04-07,1900,1900,0,0,500,33.97,34.28,5.0,0.0,0.34,15.0,20.34,FILLED,Top-K目标建仓/加仓,
ORD_000105,,300413.SZ,SELL,2022-04-08,2022-04-11,3500,3500,0,0,3500,30.51,30.27,26.49,105.95,2.12,105.0,239.56,FILLED,"触发跟踪止盈 (最高浮盈: 6.36%, 自高点回撤: 6.95%)",
ORD_000106,,603893.SH,SELL,2022-04-11,2022-04-12,700,700,0,0,700,82.04,81.63,14.29,57.14,1.14,56.0,128.57,FILLED,触发个股硬止损 (浮亏: -9.65% <= -8.0%),
ORD_000107,,688521.SH,SELL,2022-04-11,2022-04-12,1300,1300,0,0,1300,43.55,43.41,14.11,56.43,1.13,52.0,123.67,FILLED,触发个股硬止损 (浮亏: -10.65% <= -8.0%),
ORD_000108_P6500,ORD_000108,000657.SZ,SELL,2022-04-11,2022-04-12,9600,6500,3100,0,6500,10.33,10.32,16.77,67.08,1.34,65.0,150.19,PARTIALLY_FILLED,触发个股硬止损 (浮亏: -9.21% <= -8.0%),
ORD_000109,,300308.SZ,SELL,2022-04-11,2022-04-12,1700,1700,0,0,1700,29.7,29.56,12.56,50.25,1.01,51.0,114.82,FILLED,组合最大回撤熔断降仓,
ORD_000110,,002916.SZ,SELL,2022-04-11,2022-04-12,300,300,0,0,300,86.01,86.22,6.47,25.87,0.52,27.0,59.86,FILLED,组合最大回撤熔断降仓,
ORD_000111,,000596.SZ,SELL,2022-04-11,2022-04-12,300,300,0,0,300,164.2,164.05,12.3,49.22,0.98,48.0,110.5,FILLED,组合最大回撤熔断降仓,
ORD_000112,,300832.SZ,SELL,2022-04-11,2022-04-12,900,900,0,0,900,33.2,33.53,7.54,30.18,0.6,27.0,65.32,FILLED,组合最大回撤熔断降仓,
ORD_000108,,000657.SZ,SELL,2022-04-11,2022-04-13,9600,9600,0,0,3100,10.33,10.34,8.01,32.05,0.64,31.0,71.7,FILLED,触发个股硬止损 (浮亏: -9.21% <= -8.0%),
ORD_000113,,300832.SZ,SELL,2022-04-21,2022-04-22,1000,1000,0,0,1000,33.98,35.13,8.78,35.13,0.7,40.0,84.61,FILLED,"触发跟踪止盈 (最高浮盈: 5.42%, 自高点回撤: 5.32%)",
ORD_000114,,300308.SZ,SELL,2022-04-22,2022-04-25,1700,1700,0,0,1700,28.77,29.26,12.44,49.74,0.99,51.0,114.17,FILLED,触发个股硬止损 (浮亏: -8.49% <= -8.0%),
ORD_000115,,002916.SZ,SELL,2022-04-25,2022-04-26,400,400,0,0,400,93.19,93.93,9.39,37.57,0.75,36.0,83.71,FILLED,"触发跟踪止盈 (最高浮盈: 8.61%, 自高点回撤: 5.27%)",
ORD_000116,,000596.SZ,SELL,2022-04-25,2022-04-26,300,300,0,0,300,176.8,178.62,13.4,53.59,1.07,54.0,122.06,FILLED,"触发跟踪止盈 (最高浮盈: 13.40%, 自高点回撤: 8.77%)",
ORD_000117,,000157.SZ,BUY,2022-05-05,2022-05-06,5600,5600,0,0,5600,5.92,5.81,8.13,0.0,0.33,56.0,64.46,FILLED,Top-K目标建仓/加仓,
ORD_000118,,600118.SH,BUY,2022-05-05,2022-05-06,1700,1700,0,0,1700,18.69,18.39,7.82,0.0,0.31,34.0,42.13,FILLED,Top-K目标建仓/加仓,
ORD_000119,,600219.SH,BUY,2022-05-05,2022-05-06,10300,10300,0,0,10300,3.24,3.18,8.19,0.0,0.33,0.0,8.52,FILLED,Top-K目标建仓/加仓,
ORD_000120,,300476.SZ,BUY,2022-05-05,2022-05-06,1600,1600,0,0,1600,16.48,16.05,6.42,0.0,0.26,32.0,38.68,FILLED,Top-K目标建仓/加仓,
ORD_000121,,688036.SH,BUY,2022-05-05,2022-05-06,300,300,0,0,300,84.5,82.86,6.21,0.0,0.25,24.0,30.46,FILLED,Top-K目标建仓/加仓,
ORD_000122,,300502.SZ,BUY,2022-05-05,2022-05-06,1100,1100,0,0,1100,23.84,23.14,6.36,0.0,0.25,22.0,28.61,FILLED,Top-K目标建仓/加仓,
ORD_000123,,000408.SZ,BUY,2022-05-05,2022-05-06,1200,1200,0,0,1200,26.08,25.32,7.6,0.0,0.3,36.0,43.9,FILLED,Top-K目标建仓/加仓,
ORD_000124,,601628.SH,BUY,2022-05-05,2022-05-06,1300,1300,0,0,1300,25.55,25.25,8.21,0.0,0.33,39.0,47.54,FILLED,Top-K目标建仓/加仓,
ORD_000125,,300502.SZ,SELL,2022-05-11,2022-05-12,1100,1100,0,0,1100,25.86,25.68,7.06,28.25,0.28,33.0,68.59,FILLED,"触发跟踪止盈 (最高浮盈: 18.76%, 自高点回撤: 5.90%)",
ORD_000126,,688036.SH,SELL,2022-05-12,2022-05-13,300,300,0,0,300,83.37,84.32,6.32,25.3,0.25,24.0,55.87,FILLED,"触发跟踪止盈 (最高浮盈: 6.69%, 自高点回撤: 5.69%)",
ORD_000127,,000408.SZ,SELL,2022-05-13,2022-05-16,1200,1200,0,0,1200,25.67,25.92,7.78,31.1,0.31,36.0,75.19,FILLED,"触发跟踪止盈 (最高浮盈: 7.27%, 自高点回撤: 5.49%)",
ORD_000128,,600118.SH,SELL,2022-05-24,2022-05-25,1700,1700,0,0,1700,18.9,18.86,8.02,32.06,0.32,34.0,74.4,FILLED,"触发跟踪止盈 (最高浮盈: 9.19%, 自高点回撤: 5.88%)",
ORD_000129,,600219.SH,SELL,2022-05-24,2022-05-25,10300,10300,0,0,10300,3.39,3.37,8.68,34.71,0.35,0.0,43.74,FILLED,"触发跟踪止盈 (最高浮盈: 12.26%, 自高点回撤: 5.04%)",
ORD_000130,,300476.SZ,SELL,2022-05-24,2022-05-25,1600,1600,0,0,1600,16.02,15.89,6.36,25.42,0.25,32.0,64.03,FILLED,"触发跟踪止盈 (最高浮盈: 9.66%, 自高点回撤: 8.98%)",
ORD_000131,,601628.SH,SELL,2022-06-02,2022-06-06,1300,1300,0,0,1300,25.12,24.98,8.12,32.47,0.32,26.0,66.91,FILLED,调仓剔除(掉出Top-K),
ORD_000135,,000157.SZ,SELL,2022-06-02,2022-06-06,100,100,0,0,100,6.04,6.03,5.0,0.6,0.01,1.0,6.61,FILLED,Top-K目标再平衡减仓,
ORD_000132,,603369.SH,BUY,2022-06-02,2022-06-06,700,700,0,0,700,45.41,45.85,8.02,0.0,0.32,35.0,43.34,FILLED,Top-K目标建仓/加仓,
ORD_000133,,600118.SH,BUY,2022-06-02,2022-06-06,1600,1600,0,0,1600,20.41,20.47,8.19,0.0,0.33,32.0,40.52,FILLED,Top-K目标建仓/加仓,
ORD_000134,,600061.SH,BUY,2022-06-02,2022-06-06,5400,5400,0,0,5400,6.18,6.17,8.33,0.0,0.33,54.0,62.66,FILLED,Top-K目标建仓/加仓,
ORD_000136,,601881.SH,BUY,2022-06-02,2022-06-06,3700,3700,0,0,3700,8.89,8.88,8.21,0.0,0.33,37.0,45.54,FILLED,Top-K目标建仓/加仓,
ORD_000137_P8800,ORD_000137,600023.SH,BUY,2022-06-02,2022-06-06,9700,8800,900,0,8800,3.45,3.44,7.57,0.0,0.3,0.0,7.87,PARTIALLY_FILLED,Top-K目标建仓/加仓,
ORD_000138,,600674.SH,BUY,2022-06-02,2022-06-06,2800,2800,0,0,2800,11.69,11.66,8.16,0.0,0.33,28.0,36.49,FILLED,Top-K目标建仓/加仓,
ORD_000139,,600219.SH,BUY,2022-06-02,2022-06-06,9500,9500,0,0,9500,3.52,3.53,8.38,0.0,0.34,0.0,8.72,FILLED,Top-K目标建仓/加仓,
ORD_000137,,600023.SH,BUY,2022-06-02,2022-06-07,9700,9700,0,0,900,3.45,3.44,5.0,0.0,0.03,0.0,5.03,FILLED,Top-K目标建仓/加仓,
ORD_000140,,600023.SH,SELL,2022-06-09,2022-06-10,9700,9700,0,0,9700,3.52,3.5,8.49,33.95,0.34,0.0,42.78,FILLED,"触发跟踪止盈 (最高浮盈: 9.30%, 自高点回撤: 6.38%)",
ORD_000141,,600061.SH,SELL,2022-06-16,2022-06-17,5400,5400,0,0,5400,6.6,6.59,8.9,35.59,0.36,54.0,98.85,FILLED,"触发跟踪止盈 (最高浮盈: 14.75%, 自高点回撤: 6.78%)",
ORD_000142,,601881.SH,SELL,2022-06-16,2022-06-17,3700,3700,0,0,3700,9.64,9.56,8.84,35.37,0.35,37.0,81.56,FILLED,"触发跟踪止盈 (最高浮盈: 15.77%, 自高点回撤: 6.23%)",
ORD_000143,,600219.SH,SELL,2022-06-20,2022-06-21,9500,9500,0,0,9500,3.6,3.61,8.57,34.3,0.34,0.0,43.21,FILLED,"触发跟踪止盈 (最高浮盈: 7.37%, 自高点回撤: 5.01%)",
ORD_000144,,000157.SZ,SELL,2022-07-01,2022-07-04,5500,5500,0,0,5500,6.46,6.51,8.95,35.8,0.36,55.0,100.11,FILLED,调仓剔除(掉出Top-K),
ORD_000149,,603369.SH,SELL,2022-07-01,2022-07-04,100,100,0,0,100,50.6,50.03,5.0,5.0,0.05,5.0,15.05,FILLED,Top-K目标再平衡减仓,
ORD_000152,,600674.SH,SELL,2022-07-01,2022-07-04,100,100,0,0,100,12.22,12.18,5.0,1.22,0.01,1.0,7.23,FILLED,Top-K目标再平衡减仓,
ORD_000145,,601881.SH,BUY,2022-07-01,2022-07-04,3500,3500,0,0,3500,9.55,9.56,8.37,0.0,0.33,35.0,43.7,FILLED,Top-K目标建仓/加仓,
ORD_000146,,601618.SH,BUY,2022-07-01,2022-07-04,9600,9600,0,0,9600,3.53,3.53,8.47,0.0,0.34,0.0,8.81,FILLED,Top-K目标建仓/加仓,
ORD_000147,,600118.SH,BUY,2022-07-01,2022-07-04,100,100,0,0,100,19.98,20.01,5.0,0.0,0.02,2.0,7.02,FILLED,Top-K目标建仓/加仓,
ORD_000148,,601998.SH,BUY,2022-07-01,2022-07-04,7200,7200,0,0,7200,4.74,4.74,8.53,0.0,0.34,0.0,8.87,FILLED,Top-K目标建仓/加仓,
ORD_000150,,600886.SH,BUY,2022-07-01,2022-07-04,3100,3100,0,0,3100,10.7,10.71,8.3,0.0,0.33,31.0,39.63,FILLED,Top-K目标建仓/加仓,
ORD_000151,,600489.SH,BUY,2022-07-01,2022-07-04,4600,4600,0,0,4600,7.29,7.33,8.43,0.0,0.34,46.0,54.77,FILLED,Top-K目标建仓/加仓,
ORD_000153,,603369.SH,SELL,2022-07-05,2022-07-06,600,600,0,0,600,48.8,48.59,7.29,29.15,0.29,30.0,66.73,FILLED,"触发跟踪止盈 (最高浮盈: 13.24%, 自高点回撤: 6.01%)",
ORD_000154,,600674.SH,SELL,2022-07-15,2022-07-18,2700,2700,0,0,2700,13.73,13.72,9.26,37.04,0.37,27.0,73.67,FILLED,"触发跟踪止盈 (最高浮盈: 24.27%, 自高点回撤: 5.24%)",
ORD_000155,,601881.SH,SELL,2022-07-15,2022-07-18,3500,3500,0,0,3500,8.59,8.6,7.53,30.1,0.3,35.0,72.93,FILLED,触发个股硬止损 (浮亏: -10.15% <= -8.0%),
ORD_000156,,600886.SH,SELL,2022-07-20,2022-07-21,3100,3100,0,0,3100,11.03,11.09,8.59,34.38,0.34,31.0,74.31,FILLED,"触发跟踪止盈 (最高浮盈: 9.24%, 自高点回撤: 5.73%)",
ORD_000157,,600118.SH,SELL,2022-07-25,2022-07-26,1700,1700,0,0,1700,21.12,21.08,8.96,35.84,0.36,34.0,79.16,FILLED,"触发跟踪止盈 (最高浮盈: 10.45%, 自高点回撤: 6.47%)",
ORD_000158,,601998.SH,SELL,2022-07-29,2022-08-01,7200,7200,0,0,7200,4.36,4.36,7.85,31.39,0.31,0.0,39.55,FILLED,触发个股硬止损 (浮亏: -8.02% <= -8.0%),
ORD_000159,,601618.SH,SELL,2022-07-29,2022-08-01,9600,9600,0,0,9600,3.26,3.27,7.85,31.39,0.31,0.0,39.55,FILLED,调仓剔除(掉出Top-K),
ORD_000160,,600489.SH,SELL,2022-07-29,2022-08-01,4600,4600,0,0,4600,7.24,7.23,8.31,33.26,0.33,46.0,87.9,FILLED,调仓剔除(掉出Top-K),
ORD_000161,,603993.SH,BUY,2022-07-29,2022-08-01,1800,1800,0,0,1800,5.39,5.35,5.0,0.0,0.1,18.0,23.1,FILLED,Top-K目标建仓/加仓,
ORD_000162,,603893.SH,BUY,2022-07-29,2022-08-01,100,100,0,0,100,94.31,92.86,5.0,0.0,0.09,9.0,14.09,FILLED,Top-K目标建仓/加仓,
ORD_000163,,603799.SH,BUY,2022-07-29,2022-08-01,100,100,0,0,100,84.37,85.97,5.0,0.0,0.09,9.0,14.09,FILLED,Top-K目标建仓/加仓,
ORD_000164,,603799.SH,SELL,2022-08-03,2022-08-04,100,100,0,0,100,84.5,84.67,5.0,8.47,0.08,8.0,21.55,FILLED,"触发跟踪止盈 (最高浮盈: 7.53%, 自高点回撤: 8.59%)",
ORD_000165,,603893.SH,SELL,2022-08-08,2022-08-09,100,100,0,0,100,103.1,101.06,5.0,10.11,0.1,10.0,25.21,FILLED,"触发跟踪止盈 (最高浮盈: 17.38%, 自高点回撤: 5.41%)",
ORD_000166,,688981.SH,BUY,2022-08-26,2022-08-29,300,300,0,0,300,40.27,40.04,5.0,0.0,0.12,12.0,17.12,FILLED,Top-K目标建仓/加仓,
ORD_000167,,000001.SZ,BUY,2022-08-26,2022-08-29,2600,2600,0,0,2600,12.61,12.51,8.13,0.0,0.33,26.0,34.46,FILLED,Top-K目标建仓/加仓,
ORD_000168,,000002.SZ,BUY,2022-08-26,2022-08-29,2100,2100,0,0,2100,15.83,15.76,8.27,0.0,0.33,42.0,50.6,FILLED,Top-K目标建仓/加仓,
ORD_000169,,688009.SH,BUY,2022-08-26,2022-08-29,3100,3100,0,0,3100,4.35,4.33,5.0,0.0,0.13,0.0,5.13,FILLED,Top-K目标建仓/加仓,
ORD_000170,,688008.SH,BUY,2022-08-26,2022-08-29,200,200,0,0,200,53.39,52.21,5.0,0.0,0.1,10.0,15.1,FILLED,Top-K目标建仓/加仓,
ORD_000171,,603993.SH,BUY,2022-08-26,2022-08-29,800,800,0,0,800,5.19,5.12,5.0,0.0,0.04,8.0,13.04,FILLED,Top-K目标建仓/加仓,
ORD_000172,,603993.SH,SELL,2022-08-29,2022-08-30,2600,2600,0,0,2600,5.14,5.14,5.0,13.36,0.13,26.0,44.49,FILLED,"触发跟踪止盈 (最高浮盈: 5.51%, 自高点回撤: 7.72%)",
ORD_000173,,688008.SH,SELL,2022-09-06,2022-09-07,200,200,0,0,200,55.35,55.31,5.0,11.06,0.11,12.0,28.17,FILLED,"触发跟踪止盈 (最高浮盈: 12.22%, 自高点回撤: 5.53%)",
ORD_000174,,000002.SZ,SELL,2022-09-20,2022-09-21,2100,2100,0,0,2100,17.56,17.73,9.31,37.23,0.37,42.0,88.91,FILLED,"触发跟踪止盈 (最高浮盈: 19.10%, 自高点回撤: 6.45%)",
ORD_000175,,688009.SH,SELL,2022-09-26,2022-09-27,3100,3100,0,0,3100,4.18,4.19,5.0,12.99,0.13,0.0,18.12,FILLED,调仓剔除(掉出Top-K),
ORD_000176,,000001.SZ,SELL,2022-09-26,2022-09-27,2600,2600,0,0,2600,12.0,11.99,7.79,31.17,0.31,26.0,65.27,FILLED,调仓剔除(掉出Top-K),
ORD_000177,,688981.SH,SELL,2022-09-26,2022-09-27,300,300,0,0,300,37.47,37.46,5.0,11.24,0.11,12.0,28.35,FILLED,调仓剔除(掉出Top-K),
ORD_000178,,300866.SZ,BUY,2022-09-26,2022-09-27,600,600,0,0,600,54.87,55.0,8.25,0.0,0.33,30.0,38.58,FILLED,Top-K目标建仓/加仓,
ORD_000179,,601800.SH,BUY,2022-09-26,2022-09-27,4600,4600,0,0,4600,7.29,7.3,8.39,0.0,0.34,46.0,54.73,FILLED,Top-K目标建仓/加仓,
ORD_000180,,600018.SH,BUY,2022-09-26,2022-09-27,6200,6200,0,0,6200,5.43,5.43,8.42,0.0,0.34,62.0,70.76,FILLED,Top-K目标建仓/加仓,
ORD_000181_P4100,ORD_000181,601018.SH,BUY,2022-09-26,2022-09-27,9100,4100,5000,0,4100,3.71,3.71,5.0,0.0,0.15,0.0,5.15,PARTIALLY_FILLED,Top-K目标建仓/加仓,
ORD_000182,,600015.SH,BUY,2022-09-26,2022-09-27,6700,6700,0,0,6700,5.07,5.08,8.51,0.0,0.34,67.0,75.85,FILLED,Top-K目标建仓/加仓,
ORD_000183,,002463.SZ,BUY,2022-09-26,2022-09-27,3300,3300,0,0,3300,10.29,10.31,8.51,0.0,0.34,33.0,41.85,FILLED,Top-K目标建仓/加仓,
ORD_000184,,300661.SZ,BUY,2022-09-26,2022-09-27,200,200,0,0,200,137.2,136.29,6.81,0.0,0.27,28.0,35.08,FILLED,Top-K目标建仓/加仓,
ORD_000185,,600415.SH,BUY,2022-09-26,2022-09-27,7600,7600,0,0,7600,4.48,4.45,8.46,0.0,0.34,0.0,8.8,FILLED,Top-K目标建仓/加仓,
ORD_000181_P7900,ORD_000181,601018.SH,BUY,2022-09-26,2022-09-28,9100,7900,1200,0,3800,3.71,3.73,5.0,0.0,0.14,0.0,5.14,PARTIALLY_FILLED,Top-K目标建仓/加仓,
ORD_000181,,601018.SH,BUY,2022-09-26,2022-09-29,9100,9100,0,0,1200,3.71,3.69,5.0,0.0,0.04,0.0,5.04,FILLED,Top-K目标建仓/加仓,
ORD_000186,,300866.SZ,SELL,2022-10-10,2022-10-11,600,600,0,0,600,53.56,53.51,8.03,32.11,0.32,30.0,70.46,FILLED,"触发跟踪止盈 (最高浮盈: 5.78%, 自高点回撤: 7.94%)",
ORD_000187,,300661.SZ,SELL,2022-10-10,2022-10-11,200,200,0,0,200,136.1,135.92,6.8,27.18,0.27,28.0,62.25,FILLED,"触发跟踪止盈 (最高浮盈: 7.27%, 自高点回撤: 6.91%)",
ORD_000188,,002463.SZ,SELL,2022-10-28,2022-10-31,3300,3300,0,0,3300,10.61,10.51,8.67,34.68,0.35,33.0,76.7,FILLED,"触发跟踪止盈 (最高浮盈: 9.51%, 自高点回撤: 6.02%)",
ORD_000189,,601800.SH,SELL,2022-10-31,2022-11-01,4600,4600,0,0,4600,6.69,6.68,7.68,30.73,0.31,46.0,84.72,FILLED,触发个股硬止损 (浮亏: -8.36% <= -8.0%),
ORD_000190,,600015.SH,SELL,2022-10-31,2022-11-01,6700,6700,0,0,6700,4.79,4.79,8.02,32.09,0.32,0.0,40.43,FILLED,调仓剔除(掉出Top-K),
ORD_000198,,600415.SH,SELL,2022-10-31,2022-11-01,1800,1800,0,0,1800,4.19,4.18,5.0,7.52,0.08,0.0,12.6,FILLED,Top-K目标再平衡减仓,
ORD_000199,,601018.SH,SELL,2022-10-31,2022-11-01,2100,2100,0,0,2100,3.47,3.47,5.0,7.29,0.07,0.0,12.36,FILLED,Top-K目标再平衡减仓,
ORD_000200,,600018.SH,SELL,2022-10-31,2022-11-01,1500,1500,0,0,1500,5.17,5.14,5.0,7.71,0.08,15.0,27.79,FILLED,Top-K目标再平衡减仓,
ORD_000191,,000988.SZ,BUY,2022-10-31,2022-11-01,1400,1400,0,0,1400,16.77,16.94,5.93,0.0,0.24,28.0,34.17,FILLED,Top-K目标建仓/加仓,
ORD_000192,,600111.SH,BUY,2022-10-31,2022-11-01,1000,1000,0,0,1000,24.2,24.31,6.08,0.0,0.24,20.0,26.32,FILLED,Top-K目标建仓/加仓,
ORD_000193,,601456.SH,BUY,2022-10-31,2022-11-01,2600,2600,0,0,2600,9.35,9.38,6.1,0.0,0.24,26.0,32.34,FILLED,Top-K目标建仓/加仓,
ORD_000194,,300413.SZ,BUY,2022-10-31,2022-11-01,1100,1100,0,0,1100,21.93,21.92,6.03,0.0,0.24,22.0,28.27,FILLED,Top-K目标建仓/加仓,
ORD_000195,,002074.SZ,BUY,2022-10-31,2022-11-01,800,800,0,0,800,30.05,30.05,6.01,0.0,0.24,24.0,30.25,FILLED,Top-K目标建仓/加仓,
ORD_000196,,688082.SH,BUY,2022-10-31,2022-11-01,200,200,0,0,200,87.49,87.09,5.0,0.0,0.17,18.0,23.17,FILLED,Top-K目标建仓/加仓,
ORD_000197,,600674.SH,BUY,2022-10-31,2022-11-01,2200,2200,0,0,2200,11.05,11.08,6.09,0.0,0.24,22.0,28.33,FILLED,Top-K目标建仓/加仓,
ORD_000201,,601456.SH,SELL,2022-11-03,2022-11-04,2600,2600,0,0,2600,9.88,9.84,6.4,25.58,0.26,26.0,58.24,FILLED,"触发跟踪止盈 (最高浮盈: 11.94%, 自高点回撤: 5.90%)",
ORD_000202,,300413.SZ,SELL,2022-11-03,2022-11-04,1100,1100,0,0,1100,23.61,23.68,6.51,26.05,0.26,22.0,54.82,FILLED,"触发跟踪止盈 (最高浮盈: 13.82%, 自高点回撤: 5.37%)",
ORD_000203,,600111.SH,SELL,2022-11-09,2022-11-10,1000,1000,0,0,1000,28.01,27.22,6.8,27.22,0.27,30.0,64.29,FILLED,"触发跟踪止盈 (最高浮盈: 21.76%, 自高点回撤: 5.37%)",
ORD_000204,,002074.SZ,SELL,2022-11-09,2022-11-10,800,800,0,0,800,34.53,34.32,6.86,27.46,0.27,24.0,58.59,FILLED,"触发跟踪止盈 (最高浮盈: 22.06%, 自高点回撤: 5.86%)",
ORD_000205,,688082.SH,SELL,2022-11-09,2022-11-10,200,200,0,0,200,90.28,90.07,5.0,18.01,0.18,18.0,41.19,FILLED,"触发跟踪止盈 (最高浮盈: 11.31%, 自高点回撤: 6.87%)",
ORD_000206,,000988.SZ,SELL,2022-11-10,2022-11-11,1400,1400,0,0,1400,17.5,17.96,6.29,25.14,0.25,28.0,59.68,FILLED,"触发跟踪止盈 (最高浮盈: 9.98%, 自高点回撤: 6.07%)",
ORD_000207,,601018.SH,SELL,2022-11-28,2022-11-29,7000,7000,0,0,7000,3.65,3.66,6.41,25.62,0.26,0.0,32.29,FILLED,调仓剔除(掉出Top-K),
ORD_000208,,600415.SH,SELL,2022-11-28,2022-11-29,5800,5800,0,0,5800,4.36,4.4,6.38,25.52,0.26,0.0,32.16,FILLED,调仓剔除(掉出Top-K),
ORD_000209,,600674.SH,SELL,2022-11-28,2022-11-29,2200,2200,0,0,2200,12.0,11.98,6.59,26.36,0.26,22.0,55.21,FILLED,调仓剔除(掉出Top-K),
ORD_000210,,600018.SH,SELL,2022-11-28,2022-11-29,4700,4700,0,0,4700,5.39,5.38,6.32,25.29,0.25,47.0,78.86,FILLED,调仓剔除(掉出Top-K),
ORD_000211,,000988.SZ,BUY,2022-11-28,2022-11-29,1900,1900,0,0,1900,17.2,17.21,8.17,0.0,0.33,38.0,46.5,FILLED,Top-K目标建仓/加仓,
ORD_000212,,000963.SZ,BUY,2022-11-28,2022-11-29,800,800,0,0,800,40.46,40.5,8.1,0.0,0.32,32.0,40.42,FILLED,Top-K目标建仓/加仓,
ORD_000213,,002050.SZ,BUY,2022-11-28,2022-11-29,1500,1500,0,0,1500,22.18,21.92,8.22,0.0,0.33,30.0,38.55,FILLED,Top-K目标建仓/加仓,
ORD_000214,,002371.SZ,BUY,2022-11-28,2022-11-29,100,100,0,0,100,224.0,224.22,5.61,0.0,0.22,22.0,27.83,FILLED,Top-K目标建仓/加仓,
ORD_000215,,300059.SZ,BUY,2022-11-28,2022-11-29,1900,1900,0,0,1900,17.46,17.62,8.37,0.0,0.33,38.0,46.7,FILLED,Top-K目标建仓/加仓,
ORD_000216,,002493.SZ,BUY,2022-11-28,2022-11-29,2700,2700,0,0,2700,12.29,12.31,8.31,0.0,0.33,27.0,35.64,FILLED,Top-K目标建仓/加仓,
ORD_000217,,600016.SH,BUY,2022-11-28,2022-11-29,9900,9900,0,0,9900,3.45,3.46,8.56,0.0,0.34,0.0,8.9,FILLED,Top-K目标建仓/加仓,
ORD_000218,,300999.SZ,BUY,2022-11-28,2022-11-29,800,800,0,0,800,40.64,40.62,8.12,0.0,0.32,32.0,40.44,FILLED,Top-K目标建仓/加仓,
ORD_000219,,002371.SZ,SELL,2022-12-13,2022-12-14,100,100,0,0,100,235.3,249.65,6.24,24.96,0.25,25.0,56.45,FILLED,"触发跟踪止盈 (最高浮盈: 11.50%, 自高点回撤: 5.88%)",
ORD_000220,,300059.SZ,SELL,2022-12-15,2022-12-16,1900,1900,0,0,1900,19.69,19.56,9.29,37.16,0.37,38.0,84.82,FILLED,"触发跟踪止盈 (最高浮盈: 17.71%, 自高点回撤: 5.06%)",
ORD_000221,,002493.SZ,SELL,2022-12-15,2022-12-16,2700,2700,0,0,2700,12.65,12.64,8.53,34.13,0.34,27.0,70.0,FILLED,"触发跟踪止盈 (最高浮盈: 9.18%, 自高点回撤: 5.88%)",
ORD_000222,,000988.SZ,SELL,2022-12-19,2022-12-20,1900,1900,0,0,1900,17.04,16.98,8.07,32.26,0.32,38.0,78.65,FILLED,"触发跟踪止盈 (最高浮盈: 5.11%, 自高点回撤: 5.80%)",
ORD_000223,,000963.SZ,SELL,2022-12-20,2022-12-21,800,800,0,0,800,42.28,42.44,8.49,33.95,0.34,32.0,74.78,FILLED,"触发跟踪止盈 (最高浮盈: 12.30%, 自高点回撤: 7.04%)",
ORD_000224,,300999.SZ,SELL,2022-12-20,2022-12-21,800,800,0,0,800,42.95,43.2,8.64,34.56,0.35,32.0,75.55,FILLED,"触发跟踪止盈 (最高浮盈: 13.54%, 自高点回撤: 6.87%)",
ORD_000225,,002050.SZ,SELL,2022-12-22,2022-12-23,1500,1500,0,0,1500,22.49,22.27,8.35,33.41,0.33,30.0,72.09,FILLED,"触发跟踪止盈 (最高浮盈: 8.94%, 自高点回撤: 5.82%)",
ORD_000226,,600016.SH,SELL,2022-12-26,2022-12-27,9900,9900,0,0,9900,3.4,3.4,8.42,33.66,0.34,0.0,42.42,FILLED,调仓剔除(掉出Top-K),
ORD_000227,,000988.SZ,BUY,2022-12-26,2022-12-27,2000,2000,0,0,2000,16.69,16.77,8.38,0.0,0.34,40.0,48.72,FILLED,Top-K目标建仓/加仓,
ORD_000228,,002353.SZ,BUY,2022-12-26,2022-12-27,1100,1100,0,0,1100,29.0,29.03,7.98,0.0,0.32,33.0,41.3,FILLED,Top-K目标建仓/加仓,
ORD_000229,,002466.SZ,BUY,2022-12-26,2022-12-27,400,400,0,0,400,81.81,81.9,8.19,0.0,0.33,32.0,40.52,FILLED,Top-K目标建仓/加仓,
ORD_000230,,002493.SZ,BUY,2022-12-26,2022-12-27,2900,2900,0,0,2900,11.89,11.98,8.69,0.0,0.35,29.0,38.04,FILLED,Top-K目标建仓/加仓,
ORD_000231,,002920.SZ,BUY,2022-12-26,2022-12-27,300,300,0,0,300,113.69,113.81,8.54,0.0,0.34,33.0,41.88,FILLED,Top-K目标建仓/加仓,
ORD_000232,,600111.SH,BUY,2022-12-26,2022-12-27,1300,1300,0,0,1300,25.43,25.59,8.32,0.0,0.33,39.0,47.65,FILLED,Top-K目标建仓/加仓,
ORD_000233,,600438.SH,BUY,2022-12-26,2022-12-27,800,800,0,0,800,38.99,39.02,7.8,0.0,0.31,32.0,40.11,FILLED,Top-K目标建仓/加仓,
ORD_000234,,688082.SH,BUY,2022-12-26,2022-12-27,400,400,0,0,400,77.76,77.83,7.78,0.0,0.31,32.0,40.09,FILLED,Top-K目标建仓/加仓,
ORD_000235,,688082.SH,SELL,2023-01-04,2023-01-05,400,400,0,0,400,82.95,81.52,8.15,32.61,0.33,32.0,73.09,FILLED,"触发跟踪止盈 (最高浮盈: 14.22%, 自高点回撤: 6.69%)",
ORD_000236,,002493.SZ,SELL,2023-01-10,2023-01-11,2900,2900,0,0,2900,11.88,11.87,8.61,34.42,0.34,29.0,72.37,FILLED,"触发跟踪止盈 (最高浮盈: 7.26%, 自高点回撤: 7.55%)",
ORD_000237,,002920.SZ,SELL,2023-01-11,2023-01-12,300,300,0,0,300,119.28,119.39,8.95,35.82,0.36,36.0,81.13,FILLED,"触发跟踪止盈 (最高浮盈: 10.56%, 自高点回撤: 5.21%)",
ORD_000238,,002466.SZ,SELL,2023-01-31,2023-02-01,400,400,0,0,400,95.98,96.9,9.69,38.76,0.39,40.0,88.84,FILLED,调仓剔除(掉出Top-K),
ORD_000239,,600438.SH,SELL,2023-01-31,2023-02-01,800,800,0,0,800,42.21,42.34,8.47,33.87,0.34,32.0,74.68,FILLED,调仓剔除(掉出Top-K),
ORD_000240,,000988.SZ,SELL,2023-01-31,2023-02-01,2000,2000,0,0,2000,18.76,18.94,9.47,37.88,0.38,40.0,87.73,FILLED,调仓剔除(掉出Top-K),
ORD_000241,,600111.SH,SELL,2023-01-31,2023-02-01,1300,1300,0,0,1300,29.03,29.16,9.48,37.91,0.38,39.0,86.77,FILLED,调仓剔除(掉出Top-K),
ORD_000242,,002353.SZ,SELL,2023-01-31,2023-02-01,1100,1100,0,0,1100,32.36,32.35,8.9,35.59,0.36,33.0,77.85,FILLED,调仓剔除(掉出Top-K),
ORD_000243,,601319.SH,BUY,2023-01-31,2023-02-01,4100,4100,0,0,4100,5.15,5.15,5.28,0.0,0.21,41.0,46.49,FILLED,Top-K目标建仓/加仓,
ORD_000244,,600025.SH,BUY,2023-01-31,2023-02-01,3100,3100,0,0,3100,6.68,6.69,5.18,0.0,0.21,31.0,36.39,FILLED,Top-K目标建仓/加仓,
ORD_000245,,600015.SH,BUY,2023-01-31,2023-02-01,5400,5400,0,0,5400,5.21,5.23,7.06,0.0,0.28,54.0,61.34,FILLED,Top-K目标建仓/加仓,
ORD_000246,,600000.SH,BUY,2023-01-31,2023-02-01,3800,3800,0,0,3800,7.37,7.41,7.04,0.0,0.28,38.0,45.32,FILLED,Top-K目标建仓/加仓,
ORD_000247,,601998.SH,BUY,2023-01-31,2023-02-01,5600,5600,0,0,5600,5.05,5.06,7.08,0.0,0.28,56.0,63.36,FILLED,Top-K目标建仓/加仓,
ORD_000248,,601138.SH,BUY,2023-01-31,2023-02-01,2200,2200,0,0,2200,9.51,9.55,5.25,0.0,0.21,22.0,27.46,FILLED,Top-K目标建仓/加仓,
ORD_000249,,601077.SH,BUY,2023-01-31,2023-02-01,5900,5900,0,0,5900,3.59,3.6,5.31,0.0,0.21,0.0,5.52,FILLED,Top-K目标建仓/加仓,
ORD_000250,,600415.SH,BUY,2023-01-31,2023-02-01,6900,6900,0,0,6900,5.1,5.11,8.81,0.0,0.35,69.0,78.16,FILLED,Top-K目标建仓/加仓,
ORD_000251,,601138.SH,SELL,2023-02-23,2023-02-24,2200,2200,0,0,2200,9.7,9.65,5.31,21.23,0.21,22.0,48.75,FILLED,"触发跟踪止盈 (最高浮盈: 7.02%, 自高点回撤: 5.09%)",
ORD_000252,,600415.SH,SELL,2023-02-27,2023-02-28,6900,6900,0,0,6900,5.24,5.25,9.06,36.23,0.36,69.0,114.65,FILLED,"触发跟踪止盈 (最高浮盈: 8.22%, 自高点回撤: 5.24%)",
ORD_000253,,601319.SH,BUY,2023-02-28,2023-03-01,2300,2300,0,0,2300,5.22,5.23,5.0,0.0,0.12,23.0,28.12,FILLED,Top-K目标建仓/加仓,
ORD_000254,,000975.SZ,BUY,2023-02-28,2023-03-01,2900,2900,0,0,2900,11.6,11.61,8.42,0.0,0.34,29.0,37.76,FILLED,Top-K目标建仓/加仓,
ORD_000255,,601878.SH,BUY,2023-02-28,2023-03-01,3200,3200,0,0,3200,10.32,10.3,8.24,0.0,0.33,32.0,40.57,FILLED,Top-K目标建仓/加仓,
ORD_000256,,601881.SH,BUY,2023-02-28,2023-03-01,3500,3500,0,0,3500,9.62,9.64,8.44,0.0,0.34,35.0,43.78,FILLED,Top-K目标建仓/加仓,
ORD_000257,,601618.SH,BUY,2023-02-28,2023-03-01,20300,20300,0,0,20300,3.41,3.41,17.31,0.0,0.69,0.0,18.0,FILLED,Top-K目标建仓/加仓,
ORD_000258,,002938.SZ,BUY,2023-02-28,2023-03-01,1100,1100,0,0,1100,28.44,28.53,7.85,0.0,0.31,33.0,41.16,FILLED,Top-K目标建仓/加仓,
ORD_000259,,601229.SH,BUY,2023-02-28,2023-03-01,5600,5600,0,0,5600,5.98,5.98,8.37,0.0,0.33,56.0,64.7,FILLED,Top-K目标建仓/加仓,
ORD_000260,,002625.SZ,BUY,2023-02-28,2023-03-01,3900,3900,0,0,3900,17.51,17.49,17.05,0.0,0.68,78.0,95.73,FILLED,Top-K目标建仓/加仓,
ORD_000261,,600000.SH,BUY,2023-02-28,2023-03-01,5800,5800,0,0,5800,7.18,7.18,10.41,0.0,0.42,58.0,68.83,FILLED,Top-K目标建仓/加仓,
ORD_000262,,600015.SH,BUY,2023-02-28,2023-03-01,7800,7800,0,0,7800,5.22,5.22,10.18,0.0,0.41,78.0,88.59,FILLED,Top-K目标建仓/加仓,
ORD_000263,,601077.SH,BUY,2023-02-28,2023-03-01,3400,3400,0,0,3400,3.62,3.62,5.0,0.0,0.12,0.0,5.12,FILLED,Top-K目标建仓/加仓,
ORD_000264,,600025.SH,BUY,2023-02-28,2023-03-01,1600,1600,0,0,1600,7.1,7.12,5.0,0.0,0.11,16.0,21.11,FILLED,Top-K目标建仓/加仓,
ORD_000265,,601998.SH,BUY,2023-02-28,2023-03-01,8400,8400,0,0,8400,4.92,4.93,10.35,0.0,0.41,0.0,10.76,FILLED,Top-K目标建仓/加仓,
ORD_000266,,000975.SZ,SELL,2023-03-08,2023-03-09,2900,2900,0,0,2900,11.9,11.97,8.68,34.71,0.35,29.0,72.74,FILLED,"触发跟踪止盈 (最高浮盈: 8.44%, 自高点回撤: 5.48%)",
ORD_000267,,601618.SH,SELL,2023-03-08,2023-03-09,20300,20300,0,0,20300,3.69,3.71,18.83,75.31,0.75,0.0,94.89,FILLED,"触发跟踪止盈 (最高浮盈: 14.08%, 自高点回撤: 5.14%)",
ORD_000268,,601319.SH,SELL,2023-03-09,2023-03-10,6400,6400,0,0,6400,5.22,5.19,8.3,33.22,0.33,64.0,105.85,FILLED,"触发跟踪止盈 (最高浮盈: 6.20%, 自高点回撤: 5.09%)",
ORD_000269,,601881.SH,SELL,2023-03-09,2023-03-10,3500,3500,0,0,3500,9.74,9.61,8.41,33.63,0.34,35.0,77.38,FILLED,"触发跟踪止盈 (最高浮盈: 7.16%, 自高点回撤: 5.71%)",
ORD_000270_P11700,ORD_000270,601998.SH,SELL,2023-03-10,2023-03-13,14000,11700,2300,0,11700,5.08,5.06,14.8,59.2,0.59,117.0,191.59,PARTIALLY_FILLED,"触发跟踪止盈 (最高浮盈: 7.79%, 自高点回撤: 5.40%)",
ORD_000270,,601998.SH,SELL,2023-03-10,2023-03-14,14000,14000,0,0,2300,5.08,5.11,5.0,11.75,0.12,23.0,39.87,FILLED,"触发跟踪止盈 (最高浮盈: 7.79%, 自高点回撤: 5.40%)",
ORD_000271,,002938.SZ,SELL,2023-03-14,2023-03-15,1100,1100,0,0,1100,28.36,28.52,7.84,31.37,0.31,33.0,72.52,FILLED,"触发跟踪止盈 (最高浮盈: 5.12%, 自高点回撤: 5.44%)",
ORD_000272,,600025.SH,SELL,2023-03-21,2023-03-22,4700,4700,0,0,4700,7.08,7.1,8.34,33.37,0.33,47.0,89.04,FILLED,"触发跟踪止盈 (最高浮盈: 9.27%, 自高点回撤: 5.22%)",
ORD_000273_P6300,ORD_000273,600000.SH,SELL,2023-03-28,2023-03-29,9600,6300,3300,0,6300,7.18,7.22,11.37,45.49,0.45,63.0,120.31,PARTIALLY_FILLED,调仓剔除(掉出Top-K),
ORD_000274,,601229.SH,SELL,2023-03-28,2023-03-29,5600,5600,0,0,5600,6.01,6.01,8.41,33.66,0.34,56.0,98.41,FILLED,调仓剔除(掉出Top-K),
ORD_000275_P9400,ORD_000275,600015.SH,SELL,2023-03-28,2023-03-29,13200,9400,3800,0,9400,5.41,5.41,12.71,50.85,0.51,94.0,158.07,PARTIALLY_FILLED,调仓剔除(掉出Top-K),
ORD_000276,,601077.SH,SELL,2023-03-28,2023-03-29,9300,9300,0,0,9300,3.62,3.63,8.44,33.76,0.34,0.0,42.54,FILLED,调仓剔除(掉出Top-K),
ORD_000277,,002625.SZ,SELL,2023-03-28,2023-03-29,3900,3900,0,0,3900,16.76,16.78,16.36,65.44,0.65,78.0,160.45,FILLED,调仓剔除(掉出Top-K),
ORD_000278,,688396.SH,BUY,2023-03-28,2023-03-29,600,600,0,0,600,59.4,59.59,8.94,0.0,0.36,36.0,45.3,FILLED,Top-K目标建仓/加仓,
ORD_000279,,688271.SH,BUY,2023-03-28,2023-03-29,200,200,0,0,200,159.95,161.16,8.06,0.0,0.32,32.0,40.38,FILLED,Top-K目标建仓/加仓,
ORD_000280,,603392.SH,BUY,2023-03-28,2023-03-29,300,300,0,0,300,116.76,116.87,8.77,0.0,0.35,36.0,45.12,FILLED,Top-K目标建仓/加仓,
ORD_000281,,603288.SH,BUY,2023-03-28,2023-03-29,1300,1300,0,0,1300,74.94,76.18,24.76,0.0,0.99,104.0,129.75,FILLED,Top-K目标建仓/加仓,
ORD_000282,,603260.SH,BUY,2023-03-28,2023-03-29,400,400,0,0,400,86.05,85.75,8.58,0.0,0.34,36.0,44.92,FILLED,Top-K目标建仓/加仓,
ORD_000283,,601995.SH,BUY,2023-03-28,2023-03-29,900,900,0,0,900,39.36,39.44,8.87,0.0,0.35,36.0,45.22,FILLED,Top-K目标建仓/加仓,
ORD_000284_P2500,ORD_000284,001965.SZ,BUY,2023-03-28,2023-03-29,4500,2500,2000,0,2500,8.62,8.61,5.38,0.0,0.22,25.0,30.6,PARTIALLY_FILLED,Top-K目标建仓/加仓,
ORD_000285,,000988.SZ,BUY,2023-03-28,2023-03-29,4300,4300,0,0,4300,23.28,23.33,25.08,0.0,1.0,86.0,112.08,FILLED,Top-K目标建仓/加仓,
ORD_000286,,601878.SH,BUY,2023-03-28,2023-03-29,600,600,0,0,600,10.19,10.21,5.0,0.0,0.06,6.0,11.06,FILLED,Top-K目标建仓/加仓,
ORD_000273,,600000.SH,SELL,2023-03-28,2023-03-30,9600,9600,0,0,3300,7.18,7.17,5.92,23.66,0.24,33.0,62.82,FILLED,调仓剔除(掉出Top-K),
ORD_000275,,600015.SH,SELL,2023-03-28,2023-03-30,13200,13200,0,0,3800,5.41,5.39,5.12,20.48,0.2,38.0,63.8,FILLED,调仓剔除(掉出Top-K),
ORD_000284,,001965.SZ,BUY,2023-03-28,2023-03-30,4500,4500,0,0,2000,8.62,8.43,5.0,0.0,0.17,20.0,25.17,FILLED,Top-K目标建仓/加仓,
ORD_000287,,000988.SZ,SELL,2023-04-07,2023-04-10,4300,4300,0,0,4300,31.77,31.97,34.37,137.47,1.37,129.0,302.21,FILLED,"触发跟踪止盈 (最高浮盈: 43.59%, 自高点回撤: 5.16%)",
ORD_000288,,688396.SH,SELL,2023-04-13,2023-04-14,600,600,0,0,600,60.94,61.24,9.19,36.74,0.37,36.0,82.3,FILLED,"触发跟踪止盈 (最高浮盈: 10.89%, 自高点回撤: 7.78%)",
ORD_000289,,603392.SH,SELL,2023-04-21,2023-04-24,300,300,0,0,300,106.9,107.69,8.08,32.31,0.32,33.0,73.71,FILLED,触发个股硬止损 (浮亏: -8.53% <= -8.0%),
ORD_000290,,601995.SH,SELL,2023-04-21,2023-04-24,900,900,0,0,900,40.36,39.97,8.99,35.97,0.36,36.0,81.32,FILLED,"触发跟踪止盈 (最高浮盈: 7.76%, 自高点回撤: 5.04%)",
ORD_000291,,688271.SH,SELL,2023-04-24,2023-04-25,200,200,0,0,200,145.5,146.58,7.33,29.32,0.29,30.0,66.94,FILLED,触发个股硬止损 (浮亏: -9.72% <= -8.0%),
ORD_000292,,603260.SH,SELL,2023-04-24,2023-04-25,400,400,0,0,400,73.85,73.93,7.39,29.57,0.3,28.0,65.26,FILLED,触发个股硬止损 (浮亏: -13.88% <= -8.0%),
ORD_000293,,603288.SH,SELL,2023-04-26,2023-04-27,1300,1300,0,0,1300,68.44,68.61,22.3,89.19,0.89,91.0,203.38,FILLED,触发个股硬止损 (浮亏: -10.16% <= -8.0%),
ORD_000300,,001965.SZ,SELL,2023-04-26,2023-04-27,800,800,0,0,800,9.16,9.09,5.0,7.27,0.07,8.0,20.34,FILLED,Top-K目标再平衡减仓,
ORD_000301,,601878.SH,SELL,2023-04-26,2023-04-27,300,300,0,0,300,9.88,9.85,5.0,2.96,0.03,3.0,10.99,FILLED,Top-K目标再平衡减仓,
ORD_000294,,688396.SH,BUY,2023-04-26,2023-04-27,600,600,0,0,600,55.92,55.94,8.39,0.0,0.34,36.0,44.73,FILLED,Top-K目标建仓/加仓,
ORD_000295,,688271.SH,BUY,2023-04-26,2023-04-27,200,200,0,0,200,144.8,145.06,7.25,0.0,0.29,28.0,35.54,FILLED,Top-K目标建仓/加仓,
ORD_000296,,603799.SH,BUY,2023-04-26,2023-04-27,600,600,0,0,600,50.3,50.05,7.51,0.0,0.3,30.0,37.81,FILLED,Top-K目标建仓/加仓,
ORD_000297,,603392.SH,BUY,2023-04-26,2023-04-27,300,300,0,0,300,105.6,105.71,7.93,0.0,0.32,33.0,41.25,FILLED,Top-K目标建仓/加仓,
ORD_000298,,603260.SH,BUY,2023-04-26,2023-04-27,400,400,0,0,400,74.52,74.6,7.46,0.0,0.3,28.0,35.76,FILLED,Top-K目标建仓/加仓,
ORD_000299,,601985.SH,BUY,2023-04-26,2023-04-27,5100,5100,0,0,5100,6.74,6.66,8.49,0.0,0.34,51.0,59.83,FILLED,Top-K目标建仓/加仓,
ORD_000302,,001965.SZ,SELL,2023-05-09,2023-05-10,3700,3700,0,0,3700,9.17,9.1,8.42,33.67,0.34,37.0,79.43,FILLED,"触发跟踪止盈 (最高浮盈: 22.99%, 自高点回撤: 12.42%)",
ORD_000303,,601878.SH,SELL,2023-05-10,2023-05-11,3500,3500,0,0,3500,10.56,10.63,9.3,37.2,0.37,35.0,81.87,FILLED,"触发跟踪止盈 (最高浮盈: 8.80%, 自高点回撤: 5.63%)",
ORD_000304,,603799.SH,SELL,2023-05-19,2023-05-22,600,600,0,0,600,51.18,51.09,7.66,30.65,0.31,30.0,68.62,FILLED,"触发跟踪止盈 (最高浮盈: 8.27%, 自高点回撤: 5.55%)",
ORD_000305,,601985.SH,SELL,2023-05-19,2023-05-22,5100,5100,0,0,5100,6.93,6.91,8.81,35.24,0.35,51.0,95.4,FILLED,"触发跟踪止盈 (最高浮盈: 10.06%, 自高点回撤: 5.46%)",
ORD_000306,,688396.SH,SELL,2023-05-22,2023-05-23,600,600,0,0,600,58.12,57.94,8.69,34.76,0.35,36.0,79.8,FILLED,"触发跟踪止盈 (最高浮盈: 9.94%, 自高点回撤: 5.50%)",
ORD_000307,,603392.SH,SELL,2023-05-26,2023-05-29,300,300,0,0,300,95.14,95.04,7.13,28.51,0.29,30.0,65.93,FILLED,触发个股硬止损 (浮亏: -10.00% <= -8.0%),
ORD_000308,,603260.SH,SELL,2023-05-29,2023-05-30,400,400,0,0,400,67.53,67.6,6.76,27.04,0.27,28.0,62.07,FILLED,触发个股硬止损 (浮亏: -9.48% <= -8.0%),
ORD_000309,,688271.SH,SELL,2023-05-29,2023-05-30,200,200,0,0,200,135.5,134.97,6.75,26.99,0.27,28.0,62.01,FILLED,调仓剔除(掉出Top-K),
ORD_000310_P3900,ORD_000310,000657.SZ,BUY,2023-05-29,2023-05-30,9500,3900,5600,0,3900,12.13,12.13,11.83,0.0,0.47,39.0,51.3,PARTIALLY_FILLED,Top-K目标建仓/加仓,
ORD_000311_P2000,ORD_000311,000708.SZ,BUY,2023-05-29,2023-05-30,7300,2000,5300,0,2000,15.67,15.64,7.82,0.0,0.31,40.0,48.13,PARTIALLY_FILLED,Top-K目标建仓/加仓,
ORD_000312_P9300,ORD_000312,601872.SH,BUY,2023-05-29,2023-05-30,19800,9300,10500,0,9300,5.81,5.81,13.51,0.0,0.54,93.0,107.05,PARTIALLY_FILLED,Top-K目标建仓/加仓,
ORD_000313,,002001.SZ,BUY,2023-05-29,2023-05-30,7100,7100,0,0,7100,16.14,16.15,28.67,0.0,1.15,142.0,171.82,FILLED,Top-K目标建仓/加仓,
ORD_000314,,601456.SH,BUY,2023-05-29,2023-05-30,11700,11700,0,0,11700,9.83,9.86,28.84,0.0,1.15,117.0,146.99,FILLED,Top-K目标建仓/加仓,
ORD_000315_P5700,ORD_000315,601238.SH,BUY,2023-05-29,2023-05-30,11300,5700,5600,0,5700,10.17,10.17,14.49,0.0,0.58,57.0,72.07,PARTIALLY_FILLED,Top-K目标建仓/加仓,
ORD_000316_P7700,ORD_000316,601009.SH,BUY,2023-05-29,2023-05-30,13600,7700,5900,0,7700,8.46,8.46,16.29,0.0,0.65,77.0,93.94,PARTIALLY_FILLED,Top-K目标建仓/加仓,
ORD_000317,,601058.SH,BUY,2023-05-29,2023-05-30,11300,11300,0,0,11300,10.19,10.23,28.9,0.0,1.16,113.0,143.06,FILLED,Top-K目标建仓/加仓,
ORD_000310_P6000,ORD_000310,000657.SZ,BUY,2023-05-29,2023-05-31,9500,6000,3500,0,2100,12.13,11.93,6.26,0.0,0.25,21.0,27.51,PARTIALLY_FILLED,Top-K目标建仓/加仓,
ORD_000311,,000708.SZ,BUY,2023-05-29,2023-05-31,7300,7300,0,0,5300,15.67,15.63,20.71,0.0,0.83,106.0,127.54,FILLED,Top-K目标建仓/加仓,
ORD_000312,,601872.SH,BUY,2023-05-29,2023-05-31,19800,19800,0,0,10500,5.81,5.78,15.17,0.0,0.61,105.0,120.78,FILLED,Top-K目标建仓/加仓,
ORD_000315_P11100,ORD_000315,601238.SH,BUY,2023-05-29,2023-05-31,11300,11100,200,0,5400,10.17,10.18,13.74,0.0,0.55,54.0,68.29,PARTIALLY_FILLED,Top-K目标建仓/加仓,
ORD_000316,,601009.SH,BUY,2023-05-29,2023-05-31,13600,13600,0,0,5900,8.46,8.55,12.61,0.0,0.5,59.0,72.11,FILLED,Top-K目标建仓/加仓,
ORD_000310_P8100,ORD_000310,000657.SZ,BUY,2023-05-29,2023-06-01,9500,8100,1400,0,2100,12.13,12.04,6.32,0.0,0.25,21.0,27.57,PARTIALLY_FILLED,Top-K目标建仓/加仓,
ORD_000315,,601238.SH,BUY,2023-05-29,2023-06-01,11300,11300,0,0,200,10.17,10.16,5.0,0.0,0.02,2.0,7.02,FILLED,Top-K目标建仓/加仓,
ORD_000310,,000657.SZ,BUY,2023-05-29,2023-06-02,9500,9500,0,0,1400,12.13,12.02,5.0,0.0,0.17,14.0,19.17,FILLED,Top-K目标建仓/加仓,
ORD_000318_P2600,ORD_000318,000657.SZ,SELL,2023-06-09,2023-06-12,9500,2600,6900,0,2600,9.31,9.3,6.05,24.18,0.24,26.0,56.47,PARTIALLY_FILLED,触发个股硬止损 (浮亏: -22.74% <= -8.0%),
ORD_000318_P4900,ORD_000318,000657.SZ,SELL,2023-06-09,2023-06-13,9500,4900,4600,0,2300,9.31,9.32,5.36,21.44,0.21,23.0,50.01,PARTIALLY_FILLED,触发个股硬止损 (浮亏: -22.74% <= -8.0%),
ORD_000318,,000657.SZ,SELL,2023-06-09,2023-06-14,9500,9500,0,0,4600,9.31,9.21,10.59,42.37,0.42,46.0,99.38,FILLED,触发个股硬止损 (浮亏: -22.74% <= -8.0%),
ORD_000319_P10300,ORD_000319,601872.SH,SELL,2023-06-20,2023-06-21,19800,10300,9500,0,10300,5.83,5.8,14.94,59.74,0.6,103.0,178.28,PARTIALLY_FILLED,"触发跟踪止盈 (最高浮盈: 10.11%, 自高点回撤: 8.62%)",
ORD_000319,,601872.SH,SELL,2023-06-20,2023-06-26,19800,19800,0,0,9500,5.83,5.7,13.54,54.15,0.54,95.0,163.23,FILLED,"触发跟踪止盈 (最高浮盈: 10.11%, 自高点回撤: 8.62%)",
ORD_000320_P8100,ORD_000320,601456.SH,SELL,2023-06-21,2023-06-26,11700,8100,3600,0,8100,9.0,8.97,18.16,72.66,0.73,81.0,172.55,PARTIALLY_FILLED,触发个股硬止损 (浮亏: -8.72% <= -8.0%),
ORD_000320,,601456.SH,SELL,2023-06-21,2023-06-27,11700,11700,0,0,3600,9.0,8.88,7.99,31.97,0.32,36.0,76.28,FILLED,触发个股硬止损 (浮亏: -8.72% <= -8.0%),
ORD_000321,,601058.SH,SELL,2023-06-28,2023-06-29,11300,11300,0,0,11300,11.19,11.13,31.44,125.77,1.26,113.0,271.47,FILLED,调仓剔除(掉出Top-K),
ORD_000322_P2100,ORD_000322,000708.SZ,SELL,2023-06-28,2023-06-29,7300,2100,5200,0,2100,15.82,15.78,8.28,33.14,0.33,42.0,83.75,PARTIALLY_FILLED,调仓剔除(掉出Top-K),
ORD_000323_P6100,ORD_000323,601238.SH,SELL,2023-06-28,2023-06-29,11300,6100,5200,0,6100,10.39,10.36,15.8,63.2,0.63,61.0,140.63,PARTIALLY_FILLED,调仓剔除(掉出Top-K),
ORD_000331,,002001.SZ,SELL,2023-06-28,2023-06-29,700,700,0,0,700,15.38,15.36,5.0,10.75,0.11,14.0,29.86,FILLED,Top-K目标再平衡减仓,
ORD_000332,,601009.SH,SELL,2023-06-28,2023-06-29,1300,1300,0,0,1300,7.99,7.99,5.0,10.39,0.1,13.0,28.49,FILLED,Top-K目标再平衡减仓,
ORD_000324,,002028.SZ,BUY,2023-06-28,2023-06-29,2100,2100,0,0,2100,45.26,44.95,23.6,0.0,0.94,84.0,108.54,FILLED,Top-K目标建仓/加仓,
ORD_000325_P8000,ORD_000325,002202.SZ,BUY,2023-06-28,2023-06-29,9400,8000,1400,0,8000,10.47,10.48,20.96,0.0,0.84,80.0,101.8,PARTIALLY_FILLED,Top-K目标建仓/加仓,
ORD_000326_P4800,ORD_000326,600176.SH,BUY,2023-06-28,2023-06-29,6800,4800,2000,0,4800,14.35,14.34,17.21,0.0,0.69,48.0,65.9,PARTIALLY_FILLED,Top-K目标建仓/加仓,
ORD_000327_P6400,ORD_000327,600183.SH,BUY,2023-06-28,2023-06-29,7100,6400,700,0,6400,13.91,13.9,22.24,0.0,0.89,64.0,87.13,PARTIALLY_FILLED,Top-K目标建仓/加仓,
ORD_000328_P7500,ORD_000328,600015.SH,BUY,2023-06-28,2023-06-29,18400,7500,10900,0,7500,5.37,5.38,10.09,0.0,0.4,75.0,85.49,PARTIALLY_FILLED,Top-K目标建仓/加仓,
ORD_000329,,002493.SZ,BUY,2023-06-28,2023-06-29,8400,8400,0,0,8400,11.7,11.74,24.65,0.0,0.99,84.0,109.64,FILLED,Top-K目标建仓/加仓,
ORD_000330,,002311.SZ,BUY,2023-06-28,2023-06-29,2000,2000,0,0,2000,48.17,48.55,24.28,0.0,0.97,100.0,125.25,FILLED,Top-K目标建仓/加仓,
ORD_000322_P4300,ORD_000322,000708.SZ,SELL,2023-06-28,2023-06-30,7300,4300,3000,0,2200,15.82,15.6,8.58,34.32,0.34,44.0,87.24,PARTIALLY_FILLED,调仓剔除(掉出Top-K),
ORD_000323,,601238.SH,SELL,2023-06-28,2023-06-30,11300,11300,0,0,5200,10.39,10.36,13.47,53.87,0.54,52.0,119.88,FILLED,调仓剔除(掉出Top-K),
ORD_000325,,002202.SZ,BUY,2023-06-28,2023-06-30,9400,9400,0,0,1400,10.47,10.63,5.0,0.0,0.15,14.0,19.15,FILLED,Top-K目标建仓/加仓,
ORD_000326,,600176.SH,BUY,2023-06-28,2023-06-30,6800,6800,0,0,2000,14.35,14.15,7.08,0.0,0.28,20.0,27.36,FILLED,Top-K目标建仓/加仓,
ORD_000327,,600183.SH,BUY,2023-06-28,2023-06-30,7100,7100,0,0,700,13.91,13.84,5.0,0.0,0.1,7.0,12.1,FILLED,Top-K目标建仓/加仓,
ORD_000328_P14000,ORD_000328,600015.SH,BUY,2023-06-28,2023-06-30,18400,14000,4400,0,6500,5.37,5.41,8.79,0.0,0.35,65.0,74.14,PARTIALLY_FILLED,Top-K目标建仓/加仓,
ORD_000322_P7000,ORD_000322,000708.SZ,SELL,2023-06-28,2023-07-03,7300,7000,300,0,2700,15.82,15.82,10.68,42.71,0.43,54.0,107.82,PARTIALLY_FILLED,调仓剔除(掉出Top-K),
ORD_000328,,600015.SH,BUY,2023-06-28,2023-07-03,18400,18400,0,0,4400,5.37,5.43,5.97,0.0,0.24,44.0,50.21,FILLED,Top-K目标建仓/加仓,
ORD_000322,,000708.SZ,SELL,2023-06-28,2023-07-04,7300,7300,0,0,300,15.82,16.11,5.0,4.83,0.05,6.0,15.88,FILLED,调仓剔除(掉出Top-K),
ORD_000333,,600183.SH,SELL,2023-07-07,2023-07-10,7100,7100,0,0,7100,15.0,15.13,26.86,107.42,1.07,142.0,277.35,FILLED,"触发跟踪止盈 (最高浮盈: 14.22%, 自高点回撤: 5.48%)",
ORD_000334_P2000,ORD_000334,002028.SZ,SELL,2023-07-21,2023-07-24,2100,2000,100,0,2000,50.85,50.95,25.48,101.9,1.02,100.0,228.4,PARTIALLY_FILLED,"触发跟踪止盈 (最高浮盈: 19.29%, 自高点回撤: 5.17%)",
ORD_000334,,002028.SZ,SELL,2023-07-21,2023-07-25,2100,2100,0,0,100,50.85,51.02,5.0,5.1,0.05,5.0,15.15,FILLED,"触发跟踪止盈 (最高浮盈: 19.29%, 自高点回撤: 5.17%)",
ORD_000335,,002493.SZ,SELL,2023-07-26,2023-07-27,8400,8400,0,0,8400,12.26,12.25,25.73,102.9,1.03,84.0,213.66,FILLED,调仓剔除(掉出Top-K),
ORD_000336_P6400,ORD_000336,601009.SH,SELL,2023-07-26,2023-07-27,12300,6400,5900,0,6400,8.31,8.3,13.28,53.12,0.53,64.0,130.93,PARTIALLY_FILLED,调仓剔除(掉出Top-K),
ORD_000337_P3700,ORD_000337,002001.SZ,SELL,2023-07-26,2023-07-27,6400,3700,2700,0,3700,16.55,16.48,15.24,60.98,0.61,74.0,150.83,PARTIALLY_FILLED,调仓剔除(掉出Top-K),
ORD_000338_P12200,ORD_000338,600015.SH,SELL,2023-07-26,2023-07-27,18400,12200,6200,0,12200,5.59,5.59,17.05,68.2,0.68,122.0,207.93,PARTIALLY_FILLED,调仓剔除(掉出Top-K),
ORD_000339_P1000,ORD_000339,002311.SZ,SELL,2023-07-26,2023-07-27,2000,1000,1000,0,1000,48.6,48.6,12.15,48.6,0.49,50.0,111.24,PARTIALLY_FILLED,调仓剔除(掉出Top-K),
ORD_000340_P1900,ORD_000340,001965.SZ,BUY,2023-07-26,2023-07-27,11300,1900,9400,0,1900,9.1,9.1,5.0,0.0,0.17,19.0,24.17,PARTIALLY_FILLED,Top-K目标建仓/加仓,
ORD_000341,,301165.SZ,BUY,2023-07-26,2023-07-27,2000,2000,0,0,2000,50.36,50.75,25.38,0.0,1.02,100.0,126.4,FILLED,Top-K目标建仓/加仓,
ORD_000342_P8200,ORD_000342,601872.SH,BUY,2023-07-26,2023-07-27,16200,8200,8000,0,8200,6.39,6.46,13.24,0.0,0.53,82.0,95.77,PARTIALLY_FILLED,Top-K目标建仓/加仓,
ORD_000343,,600741.SH,BUY,2023-07-26,2023-07-27,5600,5600,0,0,5600,18.45,18.72,26.21,0.0,1.05,112.0,139.26,FILLED,Top-K目标建仓/加仓,
ORD_000344_P3000,ORD_000344,600674.SH,BUY,2023-07-26,2023-07-27,7000,3000,4000,0,3000,14.6,14.61,10.96,0.0,0.44,30.0,41.4,PARTIALLY_FILLED,Top-K目标建仓/加仓,
ORD_000345_P5400,ORD_000345,601018.SH,BUY,2023-07-26,2023-07-27,29600,5400,24200,0,5400,3.49,3.49,5.0,0.0,0.19,0.0,5.19,PARTIALLY_FILLED,Top-K目标建仓/加仓,
ORD_000346,,600183.SH,BUY,2023-07-26,2023-07-27,6400,6400,0,0,6400,15.96,15.97,25.55,0.0,1.02,128.0,154.57,FILLED,Top-K目标建仓/加仓,
ORD_000347,,600176.SH,BUY,2023-07-26,2023-07-27,300,300,0,0,300,14.5,14.52,5.0,0.0,0.04,3.0,8.04,FILLED,Top-K目标建仓/加仓,
ORD_000336,,601009.SH,SELL,2023-07-26,2023-07-28,12300,12300,0,0,5900,8.31,8.3,12.24,48.97,0.49,59.0,120.7,FILLED,调仓剔除(掉出Top-K),
ORD_000337,,002001.SZ,SELL,2023-07-26,2023-07-28,6400,6400,0,0,2700,16.55,16.53,11.16,44.63,0.45,54.0,110.24,FILLED,调仓剔除(掉出Top-K),
ORD_000338,,600015.SH,SELL,2023-07-26,2023-07-28,18400,18400,0,0,6200,5.59,5.62,8.71,34.84,0.35,62.0,105.9,FILLED,调仓剔除(掉出Top-K),
ORD_000339,,002311.SZ,SELL,2023-07-26,2023-07-28,2000,2000,0,0,1000,48.6,48.74,12.19,48.74,0.49,50.0,111.42,FILLED,调仓剔除(掉出Top-K),
ORD_000340_P4500,ORD_000340,001965.SZ,BUY,2023-07-26,2023-07-28,11300,4500,6800,0,2600,9.1,9.1,5.92,0.0,0.24,26.0,32.16,PARTIALLY_FILLED,Top-K目标建仓/加仓,
ORD_000342,,601872.SH,BUY,2023-07-26,2023-07-28,16200,16200,0,0,8000,6.39,6.32,12.64,0.0,0.51,80.0,93.15,FILLED,Top-K目标建仓/加仓,
ORD_000344,,600674.SH,BUY,2023-07-26,2023-07-28,7000,7000,0,0,4000,14.6,14.46,14.46,0.0,0.58,40.0,55.04,FILLED,Top-K目标建仓/加仓,
ORD_000345_P15000,ORD_000345,601018.SH,BUY,2023-07-26,2023-07-28,29600,15000,14600,0,9600,3.49,3.49,8.38,0.0,0.34,0.0,8.72,PARTIALLY_FILLED,Top-K目标建仓/加仓,
ORD_000340_P7200,ORD_000340,001965.SZ,BUY,2023-07-26,2023-07-31,11300,7200,4100,0,2700,9.1,9.2,6.21,0.0,0.25,27.0,33.46,PARTIALLY_FILLED,Top-K目标建仓/加仓,
ORD_000345,,601018.SH,BUY,2023-07-26,2023-07-31,29600,29600,0,0,14600,3.49,3.55,12.96,0.0,0.52,0.0,13.48,FILLED,Top-K目标建仓/加仓,
ORD_000340_P10000,ORD_000340,001965.SZ,BUY,2023-07-26,2023-08-01,11300,10000,1300,0,2800,9.1,9.21,6.45,0.0,0.26,28.0,34.71,PARTIALLY_FILLED,Top-K目标建仓/加仓,
ORD_000340,,001965.SZ,BUY,2023-07-26,2023-08-02,11300,11300,0,0,1300,9.1,9.19,5.0,0.0,0.12,13.0,18.12,FILLED,Top-K目标建仓/加仓,
ORD_000348_P1300,ORD_000348,301165.SZ,SELL,2023-08-09,2023-08-10,2000,1300,700,0,1300,49.66,49.23,16.0,64.0,0.64,65.0,145.64,PARTIALLY_FILLED,"触发跟踪止盈 (最高浮盈: 5.81%, 自高点回撤: 7.52%)",
ORD_000348,,301165.SZ,SELL,2023-08-09,2023-08-11,2000,2000,0,0,700,49.66,48.97,8.57,34.28,0.34,35.0,78.19,FILLED,"触发跟踪止盈 (最高浮盈: 5.81%, 自高点回撤: 7.52%)",
ORD_000349_P5900,ORD_000349,600176.SH,SELL,2023-08-11,2023-08-14,7100,5900,1200,0,5900,14.32,14.24,21.0,84.02,0.84,59.0,164.86,PARTIALLY_FILLED,"触发跟踪止盈 (最高浮盈: 6.20%, 自高点回撤: 5.67%)",
ORD_000349,,600176.SH,SELL,2023-08-11,2023-08-15,7100,7100,0,0,1200,14.32,14.38,5.0,17.26,0.17,12.0,34.43,FILLED,"触发跟踪止盈 (最高浮盈: 6.20%, 自高点回撤: 5.67%)",
ORD_000350_P4500,ORD_000350,600741.SH,SELL,2023-08-14,2023-08-15,5600,4500,1100,0,4500,18.51,18.51,20.82,83.3,0.83,90.0,194.95,PARTIALLY_FILLED,"触发跟踪止盈 (最高浮盈: 6.30%, 自高点回撤: 6.98%)",
ORD_000350,,600741.SH,SELL,2023-08-14,2023-08-16,5600,5600,0,0,1100,18.51,18.34,5.04,20.17,0.2,22.0,47.41,FILLED,"触发跟踪止盈 (最高浮盈: 6.30%, 自高点回撤: 6.98%)",
ORD_000351_P7100,ORD_000351,002202.SZ,SELL,2023-08-18,2023-08-21,9400,7100,2300,0,7100,10.61,10.6,18.82,75.26,0.75,71.0,165.83,PARTIALLY_FILLED,"触发跟踪止盈 (最高浮盈: 7.79%, 自高点回撤: 6.27%)",
ORD_000352_P5000,ORD_000352,600183.SH,SELL,2023-08-18,2023-08-21,6400,5000,1400,0,5000,14.45,14.39,17.99,71.95,0.72,50.0,140.66,PARTIALLY_FILLED,触发个股硬止损 (浮亏: -9.52% <= -8.0%),
ORD_000351,,002202.SZ,SELL,2023-08-18,2023-08-22,9400,9400,0,0,2300,10.61,10.33,5.94,23.76,0.24,23.0,52.94,FILLED,"触发跟踪止盈 (最高浮盈: 7.79%, 自高点回撤: 6.27%)",
ORD_000352,,600183.SH,SELL,2023-08-18,2023-08-22,6400,6400,0,0,1400,14.45,14.4,5.04,20.16,0.2,14.0,39.4,FILLED,触发个股硬止损 (浮亏: -9.52% <= -8.0%),
ORD_000353_P5900,ORD_000353,001965.SZ,SELL,2023-08-23,2023-08-24,11300,5900,5400,0,5900,9.63,9.61,14.17,56.7,0.57,59.0,130.44,PARTIALLY_FILLED,调仓剔除(掉出Top-K),
ORD_000360,,600674.SH,SELL,2023-08-23,2023-08-24,300,300,0,0,300,14.89,14.88,5.0,4.46,0.04,3.0,12.5,FILLED,Top-K目标再平衡减仓,
ORD_000354_P6700,ORD_000354,600183.SH,BUY,2023-08-23,2023-08-24,7000,6700,300,0,6700,14.28,14.36,24.05,0.0,0.96,67.0,92.01,PARTIALLY_FILLED,Top-K目标建仓/加仓,
ORD_000355_P11800,ORD_000355,000157.SZ,BUY,2023-08-23,2023-08-24,16200,11800,4400,0,11800,6.23,6.24,18.41,0.0,0.74,118.0,137.15,PARTIALLY_FILLED,Top-K目标建仓/加仓,
ORD_000356_P3500,ORD_000356,600741.SH,BUY,2023-08-23,2023-08-24,5500,3500,2000,0,3500,18.2,18.3,16.01,0.0,0.64,70.0,86.65,PARTIALLY_FILLED,Top-K目标建仓/加仓,
ORD_000357,,601018.SH,BUY,2023-08-23,2023-08-24,200,200,0,0,200,3.39,3.4,5.0,0.0,0.01,0.0,5.01,FILLED,Top-K目标建仓/加仓,
ORD_000358_P3500,ORD_000358,002001.SZ,BUY,2023-08-23,2023-08-24,6500,3500,3000,0,3500,15.55,15.57,13.62,0.0,0.54,70.0,84.16,PARTIALLY_FILLED,Top-K目标建仓/加仓,
ORD_000359_P3300,ORD_000359,601607.SH,BUY,2023-08-23,2023-08-24,5400,3300,2100,0,3300,18.64,18.66,15.39,0.0,0.62,66.0,82.01,PARTIALLY_FILLED,Top-K目标建仓/加仓,
ORD_000361,,300251.SZ,BUY,2023-08-23,2023-08-24,11900,11900,0,0,11900,8.49,8.54,25.41,0.0,1.02,119.0,145.43,FILLED,Top-K目标建仓/加仓,
ORD_000362,,601872.SH,BUY,2023-08-23,2023-08-24,200,200,0,0,200,6.15,6.17,5.0,0.0,0.01,2.0,7.01,FILLED,Top-K目标建仓/加仓,
ORD_000353,,001965.SZ,SELL,2023-08-23,2023-08-25,11300,11300,0,0,5400,9.63,9.43,12.73,50.92,0.51,54.0,118.16,FILLED,调仓剔除(掉出Top-K),
ORD_000354,,600183.SH,BUY,2023-08-23,2023-08-25,7000,7000,0,0,300,14.28,14.13,5.0,0.0,0.04,3.0,8.04,FILLED,Top-K目标建仓/加仓,
ORD_000355,,000157.SZ,BUY,2023-08-23,2023-08-25,16200,16200,0,0,4400,6.23,6.17,6.79,0.0,0.27,44.0,51.06,FILLED,Top-K目标建仓/加仓,
ORD_000356,,600741.SH,BUY,2023-08-23,2023-08-25,5500,5500,0,0,2000,18.2,18.42,9.21,0.0,0.37,40.0,49.58,FILLED,Top-K目标建仓/加仓,
ORD_000358,,002001.SZ,BUY,2023-08-23,2023-08-25,6500,6500,0,0,3000,15.55,15.63,11.72,0.0,0.47,60.0,72.19,FILLED,Top-K目标建仓/加仓,
ORD_000359,,601607.SH,BUY,2023-08-23,2023-08-25,5400,5400,0,0,2100,18.64,18.57,9.75,0.0,0.39,42.0,52.14,FILLED,Top-K目标建仓/加仓,
ORD_000363_P5900,ORD_000363,002001.SZ,SELL,2023-08-28,2023-08-29,6500,5900,600,0,5900,15.74,15.73,23.2,46.4,0.93,118.0,188.53,PARTIALLY_FILLED,"触发跟踪止盈 (最高浮盈: 6.30%, 自高点回撤: 5.07%)",
ORD_000363,,002001.SZ,SELL,2023-08-28,2023-08-30,6500,6500,0,0,600,15.74,16.03,5.0,4.81,0.1,12.0,21.91,FILLED,"触发跟踪止盈 (最高浮盈: 6.30%, 自高点回撤: 5.07%)",
ORD_000364,,601607.SH,SELL,2023-08-30,2023-08-31,5400,5400,0,0,5400,17.66,17.53,23.67,47.33,0.95,108.0,179.95,FILLED,"触发跟踪止盈 (最高浮盈: 5.23%, 自高点回撤: 9.90%)",
ORD_000365,,600741.SH,SELL,2023-08-31,2023-09-01,5500,5500,0,0,5500,18.79,18.73,25.75,51.51,1.03,110.0,188.29,FILLED,"触发跟踪止盈 (最高浮盈: 8.16%, 自高点回撤: 5.29%)",
ORD_000366_P7600,ORD_000366,601872.SH,SELL,2023-09-07,2023-09-08,16400,7600,8800,0,7600,5.82,5.82,11.06,22.12,0.44,76.0,109.62,PARTIALLY_FILLED,触发个股硬止损 (浮亏: -8.89% <= -8.0%),
ORD_000366,,601872.SH,SELL,2023-09-07,2023-09-11,16400,16400,0,0,8800,5.82,5.82,12.8,25.61,0.51,88.0,126.92,FILLED,触发个股硬止损 (浮亏: -8.89% <= -8.0%),
ORD_000367,,300251.SZ,SELL,2023-09-13,2023-09-14,11900,11900,0,0,11900,9.15,9.11,27.1,54.2,1.08,119.0,201.38,FILLED,"触发跟踪止盈 (最高浮盈: 12.88%, 自高点回撤: 5.08%)",
ORD_000368_P7500,ORD_000368,601018.SH,SELL,2023-09-20,2023-09-21,29800,7500,22300,0,7500,3.5,3.51,6.58,13.16,0.26,0.0,20.0,PARTIALLY_FILLED,调仓剔除(掉出Top-K),
ORD_000369_P3300,ORD_000369,600674.SH,SELL,2023-09-20,2023-09-21,6700,3300,3400,0,3300,15.09,15.09,12.45,24.9,0.5,66.0,103.85,PARTIALLY_FILLED,调仓剔除(掉出Top-K),
ORD_000370,,600183.SH,SELL,2023-09-20,2023-09-21,7000,7000,0,0,7000,15.25,15.14,26.5,52.99,1.06,140.0,220.55,FILLED,调仓剔除(掉出Top-K),
ORD_000371_P13700,ORD_000371,000157.SZ,SELL,2023-09-20,2023-09-21,16200,13700,2500,0,13700,6.88,6.86,23.5,46.99,0.94,137.0,208.43,PARTIALLY_FILLED,调仓剔除(掉出Top-K),
ORD_000372_P1100,ORD_000372,688396.SH,BUY,2023-09-20,2023-09-21,1600,1100,500,0,1100,55.56,55.47,15.25,0.0,0.61,66.0,81.86,PARTIALLY_FILLED,Top-K目标建仓/加仓,
ORD_000373_P9000,ORD_000373,601009.SH,BUY,2023-09-20,2023-09-21,14400,9000,5400,0,9000,8.02,8.03,18.07,0.0,0.72,90.0,108.79,PARTIALLY_FILLED,Top-K目标建仓/加仓,
ORD_000374_P3400,ORD_000374,600346.SH,BUY,2023-09-20,2023-09-21,7800,3400,4400,0,3400,14.78,14.72,12.51,0.0,0.5,34.0,47.01,PARTIALLY_FILLED,Top-K目标建仓/加仓,
ORD_000375_P7900,ORD_000375,002202.SZ,BUY,2023-09-20,2023-09-21,12600,7900,4700,0,7900,9.15,9.14,18.05,0.0,0.72,79.0,97.77,PARTIALLY_FILLED,Top-K目标建仓/加仓,
ORD_000376_P3800,ORD_000376,002001.SZ,BUY,2023-09-20,2023-09-21,7100,3800,3300,0,3800,16.33,16.37,15.55,0.0,0.62,76.0,92.17,PARTIALLY_FILLED,Top-K目标建仓/加仓,
ORD_000377,,600905.SH,BUY,2023-09-20,2023-09-21,19700,19700,0,0,19700,4.71,4.7,23.15,0.0,0.93,0.0,24.08,FILLED,Top-K目标建仓/加仓,
ORD_000378,,601169.SH,BUY,2023-09-20,2023-09-21,25000,25000,0,0,25000,4.64,4.64,29.0,0.0,1.16,0.0,30.16,FILLED,Top-K目标建仓/加仓,
ORD_000379,,600926.SH,BUY,2023-09-20,2023-09-21,8100,8100,0,0,8100,11.37,11.38,23.04,0.0,0.92,81.0,104.96,FILLED,Top-K目标建仓/加仓,
ORD_000368_P13600,ORD_000368,601018.SH,SELL,2023-09-20,2023-09-22,29800,13600,16200,0,6100,3.5,3.47,5.29,10.58,0.21,0.0,16.08,PARTIALLY_FILLED,调仓剔除(掉出Top-K),
ORD_000369,,600674.SH,SELL,2023-09-20,2023-09-22,6700,6700,0,0,3400,15.09,14.93,12.69,25.38,0.51,34.0,72.58,FILLED,调仓剔除(掉出Top-K),
ORD_000371,,000157.SZ,SELL,2023-09-20,2023-09-22,16200,16200,0,0,2500,6.88,6.84,5.0,8.55,0.17,25.0,38.72,FILLED,调仓剔除(掉出Top-K),
ORD_000372,,688396.SH,BUY,2023-09-20,2023-09-22,1600,1600,0,0,500,55.56,55.83,6.98,0.0,0.28,30.0,37.26,FILLED,Top-K目标建仓/加仓,
ORD_000373,,601009.SH,BUY,2023-09-20,2023-09-22,14400,14400,0,0,5400,8.02,8.03,10.84,0.0,0.43,54.0,65.27,FILLED,Top-K目标建仓/加仓,
ORD_000374,,600346.SH,BUY,2023-09-20,2023-09-22,7800,7800,0,0,4400,14.78,14.67,16.14,0.0,0.65,44.0,60.79,FILLED,Top-K目标建仓/加仓,
ORD_000375,,002202.SZ,BUY,2023-09-20,2023-09-22,12600,12600,0,0,4700,9.15,9.0,10.58,0.0,0.42,47.0,58.0,FILLED,Top-K目标建仓/加仓,
ORD_000376,,002001.SZ,BUY,2023-09-20,2023-09-22,7100,7100,0,0,3300,16.33,16.24,13.4,0.0,0.54,66.0,79.94,FILLED,Top-K目标建仓/加仓,
ORD_000368_P20900,ORD_000368,601018.SH,SELL,2023-09-20,2023-09-25,29800,20900,8900,0,7300,3.5,3.47,6.33,12.67,0.25,0.0,19.25,PARTIALLY_FILLED,调仓剔除(掉出Top-K),
ORD_000368_P26200,ORD_000368,601018.SH,SELL,2023-09-20,2023-09-26,29800,26200,3600,0,5300,3.5,3.48,5.0,9.22,0.18,0.0,14.4,PARTIALLY_FILLED,调仓剔除(掉出Top-K),
ORD_000368,,601018.SH,SELL,2023-09-20,2023-09-27,29800,29800,0,0,3600,3.5,3.48,5.0,6.26,0.13,0.0,11.39,FILLED,调仓剔除(掉出Top-K),
ORD_000380,,600926.SH,SELL,2023-10-19,2023-10-20,8100,8100,0,0,8100,10.37,10.44,21.14,42.28,0.85,81.0,145.27,FILLED,触发个股硬止损 (浮亏: -8.88% <= -8.0%),
ORD_000381,,600346.SH,SELL,2023-10-23,2023-10-24,7800,7800,0,0,7800,13.19,13.19,25.72,51.44,1.03,78.0,156.19,FILLED,触发个股硬止损 (浮亏: -10.22% <= -8.0%),
ORD_000382_P1000,ORD_000382,688396.SH,SELL,2023-10-26,2023-10-27,1600,1000,600,0,1000,54.35,54.27,13.57,27.14,0.54,50.0,91.25,PARTIALLY_FILLED,调仓剔除(掉出Top-K),
ORD_000384,,601169.SH,SELL,2023-10-26,2023-10-27,5500,5500,0,0,5500,4.58,4.58,6.3,12.6,0.25,0.0,19.15,FILLED,Top-K目标再平衡减仓,
ORD_000386,,601009.SH,SELL,2023-10-26,2023-10-27,3000,3000,0,0,3000,7.83,7.81,5.86,11.71,0.23,30.0,47.8,FILLED,Top-K目标再平衡减仓,
ORD_000389,,002001.SZ,SELL,2023-10-26,2023-10-27,1400,1400,0,0,1400,15.51,15.49,5.42,10.84,0.22,28.0,44.48,FILLED,Top-K目标再平衡减仓,
ORD_000391,,600905.SH,SELL,2023-10-26,2023-10-27,900,900,0,0,900,4.75,4.75,5.0,2.14,0.04,0.0,7.18,FILLED,Top-K目标再平衡减仓,
ORD_000392,,002202.SZ,SELL,2023-10-26,2023-10-27,2500,2500,0,0,2500,8.8,8.69,5.43,10.86,0.22,25.0,41.51,FILLED,Top-K目标再平衡减仓,
ORD_000383,,601916.SH,BUY,2023-10-26,2023-10-27,35500,35500,0,0,35500,2.51,2.5,22.19,0.0,0.89,0.0,23.08,FILLED,Top-K目标建仓/加仓,
ORD_000385,,600926.SH,BUY,2023-10-26,2023-10-27,8300,8300,0,0,8300,10.7,10.69,22.18,0.0,0.89,83.0,106.07,FILLED,Top-K目标建仓/加仓,
ORD_000387_P11200,ORD_000387,600015.SH,BUY,2023-10-26,2023-10-27,15700,11200,4500,0,11200,5.68,5.68,15.9,0.0,0.64,112.0,128.54,PARTIALLY_FILLED,Top-K目标建仓/加仓,
ORD_000388_P3600,ORD_000388,600362.SH,BUY,2023-10-26,2023-10-27,4900,3600,1300,0,3600,18.01,17.95,16.16,0.0,0.65,72.0,88.81,PARTIALLY_FILLED,Top-K目标建仓/加仓,
ORD_000390_P5100,ORD_000390,601018.SH,BUY,2023-10-26,2023-10-27,26600,5100,21500,0,5100,3.35,3.35,5.0,0.0,0.17,0.0,5.17,PARTIALLY_FILLED,Top-K目标建仓/加仓,
ORD_000382,,688396.SH,SELL,2023-10-26,2023-10-30,1600,1600,0,0,600,54.35,53.64,8.05,16.09,0.32,30.0,54.46,FILLED,调仓剔除(掉出Top-K),
ORD_000387,,600015.SH,BUY,2023-10-26,2023-10-30,15700,15700,0,0,4500,5.68,5.67,6.38,0.0,0.26,45.0,51.64,FILLED,Top-K目标建仓/加仓,
ORD_000388,,600362.SH,BUY,2023-10-26,2023-10-30,4900,4900,0,0,1300,18.01,18.24,5.93,0.0,0.24,26.0,32.17,FILLED,Top-K目标建仓/加仓,
ORD_000390_P19800,ORD_000390,601018.SH,BUY,2023-10-26,2023-10-30,26600,19800,6800,0,14700,3.35,3.4,12.5,0.0,0.5,0.0,13.0,PARTIALLY_FILLED,Top-K目标建仓/加仓,
ORD_000390,,601018.SH,BUY,2023-10-26,2023-10-31,26600,26600,0,0,6800,3.35,3.45,5.87,0.0,0.23,0.0,6.1,FILLED,Top-K目标建仓/加仓,
ORD_000393_P10400,ORD_000393,601018.SH,SELL,2023-11-23,2023-11-24,26600,10400,16200,0,10400,3.57,3.57,9.28,18.56,0.37,0.0,28.21,PARTIALLY_FILLED,调仓剔除(掉出Top-K),
ORD_000394_P6500,ORD_000394,601009.SH,SELL,2023-11-23,2023-11-24,11400,6500,4900,0,6500,7.62,7.6,12.35,24.7,0.49,65.0,102.54,PARTIALLY_FILLED,调仓剔除(掉出Top-K),
ORD_000395,,002001.SZ,SELL,2023-11-23,2023-11-24,5700,5700,0,0,5700,16.69,16.67,23.75,47.51,0.95,114.0,186.21,FILLED,调仓剔除(掉出Top-K),
ORD_000396,,601916.SH,SELL,2023-11-23,2023-11-24,14200,14200,0,0,14200,2.52,2.52,8.95,17.89,0.36,0.0,27.2,FILLED,Top-K目标再平衡减仓,
ORD_000397,,600362.SH,SELL,2023-11-23,2023-11-24,400,400,0,0,400,17.91,17.87,5.0,3.57,0.07,8.0,16.64,FILLED,Top-K目标再平衡减仓,
ORD_000400,,600926.SH,SELL,2023-11-23,2023-11-24,3200,3200,0,0,3200,10.41,10.39,8.31,16.62,0.33,32.0,57.26,FILLED,Top-K目标再平衡减仓,
ORD_000403,,002202.SZ,SELL,2023-11-23,2023-11-24,1100,1100,0,0,1100,9.0,8.96,5.0,4.93,0.1,11.0,21.03,FILLED,Top-K目标再平衡减仓,
ORD_000404,,600015.SH,SELL,2023-11-23,2023-11-24,1300,1300,0,0,1300,5.66,5.65,5.0,3.67,0.07,13.0,21.74,FILLED,Top-K目标再平衡减仓,
ORD_000405,,601169.SH,SELL,2023-11-23,2023-11-24,1500,1500,0,0,1500,4.53,4.53,5.0,3.4,0.07,0.0,8.47,FILLED,Top-K目标再平衡减仓,
ORD_000406,,600905.SH,SELL,2023-11-23,2023-11-24,7400,7400,0,0,7400,4.69,4.68,8.66,17.32,0.35,0.0,26.33,FILLED,Top-K目标再平衡减仓,
ORD_000398_P16100,ORD_000398,600219.SH,BUY,2023-11-23,2023-11-24,27400,16100,11300,0,16100,2.97,2.97,11.95,0.0,0.48,0.0,12.43,PARTIALLY_FILLED,Top-K目标建仓/加仓,
ORD_000399,,003816.SZ,BUY,2023-11-23,2023-11-24,18300,18300,0,0,18300,2.94,2.94,13.45,0.0,0.54,0.0,13.99,FILLED,Top-K目标建仓/加仓,
ORD_000401_P2900,ORD_000401,600741.SH,BUY,2023-11-23,2023-11-24,4600,2900,1700,0,2900,17.57,17.65,12.8,0.0,0.51,58.0,71.31,PARTIALLY_FILLED,Top-K目标建仓/加仓,
ORD_000402,,601229.SH,BUY,2023-11-23,2023-11-24,8900,8900,0,0,8900,5.99,6.0,13.35,0.0,0.53,89.0,102.88,FILLED,Top-K目标建仓/加仓,
ORD_000393_P22000,ORD_000393,601018.SH,SELL,2023-11-23,2023-11-27,26600,22000,4600,0,11600,3.57,3.57,10.35,20.71,0.41,0.0,31.47,PARTIALLY_FILLED,调仓剔除(掉出Top-K),
ORD_000394,,601009.SH,SELL,2023-11-23,2023-11-27,11400,11400,0,0,4900,7.62,7.62,9.33,18.67,0.37,49.0,77.37,FILLED,调仓剔除(掉出Top-K),
ORD_000398,,600219.SH,BUY,2023-11-23,2023-11-27,27400,27400,0,0,11300,2.97,2.95,8.33,0.0,0.33,0.0,8.66,FILLED,Top-K目标建仓/加仓,
ORD_000401,,600741.SH,BUY,2023-11-23,2023-11-27,4600,4600,0,0,1700,17.57,17.5,7.44,0.0,0.3,34.0,41.74,FILLED,Top-K目标建仓/加仓,
ORD_000393,,601018.SH,SELL,2023-11-23,2023-11-28,26600,26600,0,0,4600,3.57,3.59,5.0,8.26,0.17,0.0,13.43,FILLED,调仓剔除(掉出Top-K),
ORD_000407,,600926.SH,SELL,2023-12-05,2023-12-06,5100,5100,0,0,5100,9.71,9.71,12.38,24.76,0.5,51.0,88.64,FILLED,触发个股硬止损 (浮亏: -9.17% <= -8.0%),
ORD_000408,,002202.SZ,SELL,2023-12-06,2023-12-07,9000,9000,0,0,9000,8.32,8.33,18.74,37.48,0.75,90.0,146.97,FILLED,触发个股硬止损 (浮亏: -8.24% <= -8.0%),
ORD_000409,,600905.SH,SELL,2023-12-20,2023-12-21,11400,11400,0,0,11400,4.32,4.3,12.26,24.51,0.49,0.0,37.26,FILLED,触发个股硬止损 (浮亏: -8.09% <= -8.0%),
ORD_000410,,600741.SH,SELL,2023-12-20,2023-12-21,4600,4600,0,0,4600,15.92,15.83,18.2,36.41,0.73,92.0,147.34,FILLED,触发个股硬止损 (浮亏: -9.52% <= -8.0%),
ORD_000411,,003816.SZ,SELL,2023-12-21,2023-12-22,18300,18300,0,0,18300,3.1,3.11,14.23,28.46,0.57,0.0,43.26,FILLED,调仓剔除(掉出Top-K),
ORD_000412,,601916.SH,SELL,2023-12-21,2023-12-22,21300,21300,0,0,21300,2.51,2.52,13.42,26.84,0.54,0.0,40.8,FILLED,调仓剔除(掉出Top-K),
ORD_000413,,601169.SH,SELL,2023-12-21,2023-12-22,18000,18000,0,0,18000,4.4,4.4,19.8,39.6,0.79,0.0,60.19,FILLED,调仓剔除(掉出Top-K),
ORD_000414,,600015.SH,SELL,2023-12-21,2023-12-22,14400,14400,0,0,14400,5.73,5.73,20.63,41.26,0.83,144.0,206.72,FILLED,调仓剔除(掉出Top-K),
ORD_000418,,601229.SH,SELL,2023-12-21,2023-12-22,100,100,0,0,100,5.89,5.87,5.0,0.29,0.01,1.0,6.3,FILLED,Top-K目标再平衡减仓,
ORD_000415,,002532.SZ,BUY,2023-12-21,2023-12-22,16900,16900,0,0,16900,5.68,5.7,24.08,0.0,0.96,169.0,194.04,FILLED,Top-K目标建仓/加仓,
ORD_000416,,600926.SH,BUY,2023-12-21,2023-12-22,5400,5400,0,0,5400,9.64,9.66,13.04,0.0,0.52,54.0,67.56,FILLED,Top-K目标建仓/加仓,
ORD_000417_P5200,ORD_000417,600741.SH,BUY,2023-12-21,2023-12-22,5900,5200,700,0,5200,16.08,16.1,20.93,0.0,0.84,104.0,125.77,PARTIALLY_FILLED,Top-K目标建仓/加仓,
ORD_000419,,600219.SH,BUY,2023-12-21,2023-12-22,7400,7400,0,0,7400,2.77,2.77,5.12,0.0,0.2,0.0,5.32,FILLED,Top-K目标建仓/加仓,
ORD_000420_P10300,ORD_000420,688009.SH,BUY,2023-12-21,2023-12-22,12200,10300,1900,0,10300,4.24,4.24,10.92,0.0,0.44,0.0,11.36,PARTIALLY_FILLED,Top-K目标建仓/加仓,
ORD_000421,,600918.SH,BUY,2023-12-21,2023-12-22,7700,7700,0,0,7700,6.75,6.78,13.05,0.0,0.52,77.0,90.57,FILLED,Top-K目标建仓/加仓,
ORD_000422,,688396.SH,BUY,2023-12-21,2023-12-22,1100,1100,0,0,1100,44.99,44.93,12.36,0.0,0.49,44.0,56.85,FILLED,Top-K目标建仓/加仓,
ORD_000423,,600362.SH,BUY,2023-12-21,2023-12-22,1100,1100,0,0,1100,17.05,17.08,5.0,0.0,0.19,22.0,27.19,FILLED,Top-K目标建仓/加仓,
ORD_000417,,600741.SH,BUY,2023-12-21,2023-12-25,5900,5900,0,0,700,16.08,15.96,5.0,0.0,0.11,14.0,19.11,FILLED,Top-K目标建仓/加仓,
ORD_000420,,688009.SH,BUY,2023-12-21,2023-12-25,12200,12200,0,0,1900,4.24,4.22,5.0,0.0,0.08,0.0,5.08,FILLED,Top-K目标建仓/加仓,
ORD_000424,,688396.SH,SELL,2024-01-08,2024-01-09,1100,1100,0,0,1100,40.97,41.31,11.36,22.72,0.45,44.0,78.53,FILLED,触发个股硬止损 (浮亏: -8.81% <= -8.0%),
ORD_000425_P8300,ORD_000425,002532.SZ,SELL,2024-01-09,2024-01-10,16900,8300,8600,0,8300,5.8,5.79,12.01,24.03,0.48,83.0,119.52,PARTIALLY_FILLED,"触发跟踪止盈 (最高浮盈: 7.54%, 自高点回撤: 5.38%)",
ORD_000425_P16400,ORD_000425,002532.SZ,SELL,2024-01-09,2024-01-11,16900,16400,500,0,8100,5.8,5.78,11.7,23.41,0.47,81.0,116.58,PARTIALLY_FILLED,"触发跟踪止盈 (最高浮盈: 7.54%, 自高点回撤: 5.38%)",
ORD_000425,,002532.SZ,SELL,2024-01-09,2024-01-12,16900,16900,0,0,500,5.8,5.81,5.0,1.45,0.03,5.0,11.48,FILLED,"触发跟踪止盈 (最高浮盈: 7.54%, 自高点回撤: 5.38%)",
ORD_000426,,600926.SH,SELL,2024-01-19,2024-01-22,5400,5400,0,0,5400,10.45,10.42,14.07,28.13,0.56,54.0,96.76,FILLED,调仓剔除(掉出Top-K),
ORD_000427,,600741.SH,SELL,2024-01-19,2024-01-22,5900,5900,0,0,5900,16.61,16.56,24.43,48.85,0.98,118.0,192.26,FILLED,调仓剔除(掉出Top-K),
ORD_000428,,601229.SH,SELL,2024-01-19,2024-01-22,8800,8800,0,0,8800,6.23,6.2,13.64,27.28,0.55,88.0,129.47,FILLED,调仓剔除(掉出Top-K),
ORD_000439,,600219.SH,SELL,2024-01-19,2024-01-22,9200,9200,0,0,9200,2.85,2.85,6.55,13.11,0.26,0.0,19.92,FILLED,Top-K目标再平衡减仓,
ORD_000440,,600362.SH,SELL,2024-01-19,2024-01-22,1500,1500,0,0,1500,17.48,17.34,6.5,13.01,0.26,30.0,49.77,FILLED,Top-K目标再平衡减仓,
ORD_000429,,002001.SZ,BUY,2024-01-19,2024-01-22,4400,4400,0,0,4400,16.52,16.53,18.18,0.0,0.73,88.0,106.91,FILLED,Top-K目标建仓/加仓,
ORD_000430,,002532.SZ,BUY,2024-01-19,2024-01-22,13200,13200,0,0,13200,5.51,5.51,18.18,0.0,0.73,132.0,150.91,FILLED,Top-K目标建仓/加仓,
ORD_000431,,002202.SZ,BUY,2024-01-19,2024-01-22,9900,9900,0,0,9900,7.37,7.36,18.22,0.0,0.73,99.0,117.95,FILLED,Top-K目标建仓/加仓,
ORD_000432,,002179.SZ,BUY,2024-01-19,2024-01-22,2200,2200,0,0,2200,32.6,32.46,17.85,0.0,0.71,66.0,84.56,FILLED,Top-K目标建仓/加仓,
ORD_000433,,002027.SZ,BUY,2024-01-19,2024-01-22,12600,12600,0,0,12600,5.77,5.8,18.27,0.0,0.73,126.0,145.0,FILLED,Top-K目标建仓/加仓,
ORD_000434,,601878.SH,BUY,2024-01-19,2024-01-22,6700,6700,0,0,6700,9.72,9.73,16.3,0.0,0.65,67.0,83.95,FILLED,Top-K目标建仓/加仓,
ORD_000435,,600674.SH,BUY,2024-01-19,2024-01-22,5000,5000,0,0,5000,14.55,14.49,18.11,0.0,0.72,50.0,68.83,FILLED,Top-K目标建仓/加仓,
ORD_000436,,600989.SH,BUY,2024-01-19,2024-01-22,4600,4600,0,0,4600,14.1,14.11,16.23,0.0,0.65,46.0,62.88,FILLED,Top-K目标建仓/加仓,
ORD_000437,,600918.SH,BUY,2024-01-19,2024-01-22,2400,2400,0,0,2400,6.51,6.5,5.0,0.0,0.16,24.0,29.16,FILLED,Top-K目标建仓/加仓,
ORD_000438,,688009.SH,BUY,2024-01-19,2024-01-22,3400,3400,0,0,3400,4.22,4.19,5.0,0.0,0.14,0.0,5.14,FILLED,Top-K目标建仓/加仓,
ORD_000441,,688009.SH,SELL,2024-01-30,2024-01-31,15600,15600,0,0,15600,4.61,4.59,17.9,35.8,0.72,0.0,54.42,FILLED,"触发跟踪止盈 (最高浮盈: 15.93%, 自高点回撤: 5.92%)",
ORD_000442,,002532.SZ,SELL,2024-02-02,2024-02-05,13200,13200,0,0,13200,5.04,4.96,16.37,32.74,0.65,0.0,49.76,FILLED,触发个股硬止损 (浮亏: -8.53% <= -8.0%),
ORD_000443,,002202.SZ,SELL,2024-02-02,2024-02-05,9900,9900,0,0,9900,6.7,6.69,16.56,33.12,0.66,99.0,149.34,FILLED,触发个股硬止损 (浮亏: -8.97% <= -8.0%),
ORD_000444,,600918.SH,SELL,2024-02-05,2024-02-06,10100,10100,0,0,10100,6.17,6.12,15.45,30.91,0.62,101.0,147.98,FILLED,触发个股硬止损 (浮亏: -8.10% <= -8.0%),
ORD_000445,,600362.SH,SELL,2024-02-26,2024-02-27,4100,4100,0,0,4100,19.51,19.38,19.86,39.73,0.79,82.0,142.38,FILLED,调仓剔除(掉出Top-K),
ORD_000446,,600219.SH,SELL,2024-02-26,2024-02-27,25600,25600,0,0,25600,3.02,3.03,19.39,38.78,0.78,0.0,58.95,FILLED,调仓剔除(掉出Top-K),
ORD_000451,,601878.SH,SELL,2024-02-26,2024-02-27,2300,2300,0,0,2300,10.07,10.02,5.76,11.52,0.23,23.0,40.51,FILLED,Top-K目标再平衡减仓,
ORD_000454,,600989.SH,SELL,2024-02-26,2024-02-27,1600,1600,0,0,1600,14.84,14.83,5.93,11.86,0.24,16.0,34.03,FILLED,Top-K目标再平衡减仓,
ORD_000455,,600674.SH,SELL,2024-02-26,2024-02-27,300,300,0,0,300,15.67,15.6,5.0,2.34,0.05,6.0,13.39,FILLED,Top-K目标再平衡减仓,
ORD_000456,,002027.SZ,SELL,2024-02-26,2024-02-27,800,800,0,0,800,6.32,6.29,5.0,2.52,0.05,8.0,15.57,FILLED,Top-K目标再平衡减仓,
ORD_000457,,002001.SZ,SELL,2024-02-26,2024-02-27,100,100,0,0,100,17.41,17.36,5.0,0.87,0.02,2.0,7.89,FILLED,Top-K目标再平衡减仓,
ORD_000447,,688396.SH,BUY,2024-02-26,2024-02-27,1100,1100,0,0,1100,40.89,40.65,11.18,0.0,0.45,44.0,55.63,FILLED,Top-K目标建仓/加仓,
ORD_000448_P800,ORD_000448,603260.SH,BUY,2024-02-26,2024-02-27,900,800,100,0,800,48.31,48.19,9.64,0.0,0.39,40.0,50.03,PARTIALLY_FILLED,Top-K目标建仓/加仓,
ORD_000449,,601916.SH,BUY,2024-02-26,2024-02-27,16300,16300,0,0,16300,2.76,2.76,11.25,0.0,0.45,0.0,11.7,FILLED,Top-K目标建仓/加仓,
ORD_000450,,601669.SH,BUY,2024-02-26,2024-02-27,14800,14800,0,0,14800,5.04,5.03,18.61,0.0,0.74,148.0,167.35,FILLED,Top-K目标建仓/加仓,
ORD_000452_P100,ORD_000452,605499.SH,BUY,2024-02-26,2024-02-27,200,100,100,0,100,177.41,176.3,5.0,0.0,0.18,18.0,23.18,PARTIALLY_FILLED,Top-K目标建仓/加仓,
ORD_000453_P19900,ORD_000453,600515.SH,BUY,2024-02-26,2024-02-27,20300,19900,400,0,19900,3.69,3.68,18.31,0.0,0.73,0.0,19.04,PARTIALLY_FILLED,Top-K目标建仓/加仓,
ORD_000448,,603260.SH,BUY,2024-02-26,2024-02-28,900,900,0,0,100,48.31,49.16,5.0,0.0,0.05,5.0,10.05,FILLED,Top-K目标建仓/加仓,
ORD_000452,,605499.SH,BUY,2024-02-26,2024-02-28,200,200,0,0,100,177.41,176.94,5.0,0.0,0.18,18.0,23.18,FILLED,Top-K目标建仓/加仓,
ORD_000453,,600515.SH,BUY,2024-02-26,2024-02-28,20300,20300,0,0,400,3.69,3.74,5.0,0.0,0.01,0.0,5.01,FILLED,Top-K目标建仓/加仓,
ORD_000458,,002179.SZ,SELL,2024-02-28,2024-02-29,2200,2200,0,0,2200,33.5,33.37,18.35,36.71,0.73,66.0,121.79,FILLED,"触发跟踪止盈 (最高浮盈: 8.72%, 自高点回撤: 5.07%)",
ORD_000459,,603260.SH,SELL,2024-03-05,2024-03-06,900,900,0,0,900,53.5,53.45,12.03,24.05,0.48,45.0,81.56,FILLED,"触发跟踪止盈 (最高浮盈: 17.29%, 自高点回撤: 5.56%)",
ORD_000460,,601878.SH,SELL,2024-03-07,2024-03-08,4400,4400,0,0,4400,10.16,10.12,11.13,22.26,0.45,44.0,77.84,FILLED,"触发跟踪止盈 (最高浮盈: 10.59%, 自高点回撤: 5.58%)",
ORD_000461,,688396.SH,SELL,2024-03-07,2024-03-08,1100,1100,0,0,1100,41.23,41.26,11.35,22.69,0.45,44.0,78.49,FILLED,"触发跟踪止盈 (最高浮盈: 7.53%, 自高点回撤: 5.67%)",
ORD_000462,,600674.SH,SELL,2024-03-12,2024-03-13,4700,4700,0,0,4700,15.96,15.95,18.74,37.48,0.75,94.0,150.97,FILLED,"触发跟踪止盈 (最高浮盈: 17.05%, 自高点回撤: 5.90%)",
ORD_000463_P4000,ORD_000463,002001.SZ,SELL,2024-03-14,2024-03-15,4300,4000,300,0,4000,17.5,17.39,17.39,34.78,0.7,80.0,132.87,PARTIALLY_FILLED,"触发跟踪止盈 (最高浮盈: 11.55%, 自高点回撤: 5.10%)",
ORD_000463,,002001.SZ,SELL,2024-03-14,2024-03-18,4300,4300,0,0,300,17.5,17.53,5.0,2.63,0.05,6.0,13.68,FILLED,"触发跟踪止盈 (最高浮盈: 11.55%, 自高点回撤: 5.10%)",
ORD_000464,,601669.SH,SELL,2024-03-22,2024-03-25,14800,14800,0,0,14800,4.97,4.96,18.35,36.7,0.73,0.0,55.78,FILLED,"触发跟踪止盈 (最高浮盈: 6.16%, 自高点回撤: 6.93%)",
ORD_000465,,605499.SH,SELL,2024-03-22,2024-03-25,200,200,0,0,200,180.41,183.22,9.16,18.32,0.37,36.0,63.85,FILLED,"触发跟踪止盈 (最高浮盈: 7.98%, 自高点回撤: 5.41%)",
ORD_000466,,600989.SH,SELL,2024-03-25,2024-03-26,3000,3000,0,0,3000,15.74,15.73,11.8,23.59,0.47,60.0,95.86,FILLED,调仓剔除(掉出Top-K),
ORD_000467_P12700,ORD_000467,600515.SH,SELL,2024-03-25,2024-03-26,20300,12700,7600,0,12700,3.56,3.56,11.3,22.61,0.45,0.0,34.36,PARTIALLY_FILLED,调仓剔除(掉出Top-K),
ORD_000468_P2500,ORD_000468,688183.SH,BUY,2024-03-25,2024-03-26,7100,2500,4600,0,2500,9.53,9.65,6.03,0.0,0.24,25.0,31.27,PARTIALLY_FILLED,Top-K目标建仓/加仓,
ORD_000469,,000977.SZ,BUY,2024-03-25,2024-03-26,2800,2800,0,0,2800,40.26,39.65,27.75,0.0,1.11,112.0,140.86,FILLED,Top-K目标建仓/加仓,
ORD_000470_P3600,ORD_000470,601877.SH,BUY,2024-03-25,2024-03-26,5600,3600,2000,0,3600,20.35,20.3,18.27,0.0,0.73,72.0,91.0,PARTIALLY_FILLED,Top-K目标建仓/加仓,
ORD_000471,,600887.SH,BUY,2024-03-25,2024-03-26,4000,4000,0,0,4000,28.38,28.53,28.53,0.0,1.14,120.0,149.67,FILLED,Top-K目标建仓/加仓,
ORD_000472,,600905.SH,BUY,2024-03-25,2024-03-26,14700,14700,0,0,14700,4.65,4.64,17.05,0.0,0.68,0.0,17.73,FILLED,Top-K目标建仓/加仓,
ORD_000473_P900,ORD_000473,603260.SH,BUY,2024-03-25,2024-03-26,1300,900,400,0,900,50.6,50.65,11.4,0.0,0.46,45.0,56.86,PARTIALLY_FILLED,Top-K目标建仓/加仓,
ORD_000474,,002027.SZ,BUY,2024-03-25,2024-03-26,5400,5400,0,0,5400,6.63,6.64,8.96,0.0,0.36,54.0,63.32,FILLED,Top-K目标建仓/加仓,
ORD_000475,,601916.SH,BUY,2024-03-25,2024-03-26,6700,6700,0,0,6700,2.97,2.98,5.0,0.0,0.2,0.0,5.2,FILLED,Top-K目标建仓/加仓,
ORD_000467,,600515.SH,SELL,2024-03-25,2024-03-27,20300,20300,0,0,7600,3.56,3.55,6.75,13.49,0.27,0.0,20.51,FILLED,调仓剔除(掉出Top-K),
ORD_000468_P5000,ORD_000468,688183.SH,BUY,2024-03-25,2024-03-27,7100,5000,2100,0,2500,9.53,9.54,5.96,0.0,0.24,25.0,31.2,PARTIALLY_FILLED,Top-K目标建仓/加仓,
ORD_000470,,601877.SH,BUY,2024-03-25,2024-03-27,5600,5600,0,0,2000,20.35,20.47,10.23,0.0,0.41,40.0,50.64,FILLED,Top-K目标建仓/加仓,
ORD_000473,,603260.SH,BUY,2024-03-25,2024-03-27,1300,1300,0,0,400,50.6,50.8,5.08,0.0,0.2,20.0,25.28,FILLED,Top-K目标建仓/加仓,
ORD_000468,,688183.SH,BUY,2024-03-25,2024-03-28,7100,7100,0,0,2100,9.53,9.16,5.0,0.0,0.19,21.0,26.19,FILLED,Top-K目标建仓/加仓,
ORD_000476,,000977.SZ,SELL,2024-04-02,2024-04-03,2800,2800,0,0,2800,41.55,40.95,28.67,57.33,1.15,112.0,199.15,FILLED,"触发跟踪止盈 (最高浮盈: 12.96%, 自高点回撤: 7.23%)",
ORD_000477_P2400,ORD_000477,688183.SH,SELL,2024-04-09,2024-04-10,7100,2400,4700,0,2400,8.69,8.67,5.2,10.4,0.21,24.0,39.81,PARTIALLY_FILLED,触发个股硬止损 (浮亏: -8.20% <= -8.0%),
ORD_000477_P4900,ORD_000477,688183.SH,SELL,2024-04-09,2024-04-11,7100,4900,2200,0,2500,8.69,8.79,5.49,10.99,0.22,25.0,41.7,PARTIALLY_FILLED,触发个股硬止损 (浮亏: -8.20% <= -8.0%),
ORD_000477,,688183.SH,SELL,2024-04-09,2024-04-12,7100,7100,0,0,2200,8.69,8.87,5.0,9.76,0.2,22.0,36.96,FILLED,触发个股硬止损 (浮亏: -8.20% <= -8.0%),
ORD_000478_P1200,ORD_000478,603260.SH,SELL,2024-04-11,2024-04-12,1300,1200,100,0,1200,51.17,50.85,15.26,30.51,0.61,60.0,106.38,PARTIALLY_FILLED,"触发跟踪止盈 (最高浮盈: 6.48%, 自高点回撤: 5.21%)",
ORD_000478,,603260.SH,SELL,2024-04-11,2024-04-15,1300,1300,0,0,100,51.17,49.95,5.0,2.5,0.05,5.0,12.55,FILLED,"触发跟踪止盈 (最高浮盈: 6.48%, 自高点回撤: 5.21%)",
ORD_000479_P4900,ORD_000479,601877.SH,SELL,2024-04-24,2024-04-25,5600,4900,700,0,4900,18.95,18.88,23.13,46.26,0.93,98.0,168.32,PARTIALLY_FILLED,调仓剔除(掉出Top-K),
ORD_000480,,600887.SH,SELL,2024-04-24,2024-04-25,4000,4000,0,0,4000,27.98,27.92,27.92,55.84,1.12,120.0,204.88,FILLED,调仓剔除(掉出Top-K),
ORD_000481,,601916.SH,SELL,2024-04-24,2024-04-25,23000,23000,0,0,23000,2.94,2.94,16.91,33.81,0.68,0.0,51.4,FILLED,调仓剔除(掉出Top-K),
ORD_000482,,002027.SZ,SELL,2024-04-24,2024-04-25,17200,17200,0,0,17200,7.0,7.0,30.1,60.2,1.2,172.0,263.5,FILLED,调仓剔除(掉出Top-K),
ORD_000491,,600905.SH,SELL,2024-04-24,2024-04-25,6500,6500,0,0,6500,4.72,4.72,7.67,15.34,0.31,0.0,23.32,FILLED,Top-K目标再平衡减仓,
ORD_000483,,000338.SZ,BUY,2024-04-24,2024-04-25,5600,5600,0,0,5600,17.79,17.78,24.89,0.0,1.0,112.0,137.89,FILLED,Top-K目标建仓/加仓,
ORD_000484,,601319.SH,BUY,2024-04-24,2024-04-25,7300,7300,0,0,7300,5.31,5.3,9.67,0.0,0.39,73.0,83.06,FILLED,Top-K目标建仓/加仓,
ORD_000485,,601816.SH,BUY,2024-04-24,2024-04-25,7500,7500,0,0,7500,5.16,5.17,9.69,0.0,0.39,75.0,85.08,FILLED,Top-K目标建仓/加仓,
ORD_000486,,002353.SZ,BUY,2024-04-24,2024-04-25,3100,3100,0,0,3100,32.48,32.44,25.14,0.0,1.01,93.0,119.15,FILLED,Top-K目标建仓/加仓,
ORD_000487,,601658.SH,BUY,2024-04-24,2024-04-25,8000,8000,0,0,8000,4.81,4.81,9.62,0.0,0.38,0.0,10.0,FILLED,Top-K目标建仓/加仓,
ORD_000488,,688472.SH,BUY,2024-04-24,2024-04-25,3300,3300,0,0,3300,11.68,11.67,9.63,0.0,0.39,33.0,43.02,FILLED,Top-K目标建仓/加仓,
ORD_000489,,601728.SH,BUY,2024-04-24,2024-04-25,6300,6300,0,0,6300,6.09,6.09,9.59,0.0,0.38,63.0,72.97,FILLED,Top-K目标建仓/加仓,
ORD_000490,,601698.SH,BUY,2024-04-24,2024-04-25,2500,2500,0,0,2500,15.29,15.32,9.58,0.0,0.38,50.0,59.96,FILLED,Top-K目标建仓/加仓,
ORD_000479,,601877.SH,SELL,2024-04-24,2024-04-26,5600,5600,0,0,700,18.95,18.76,5.0,6.57,0.13,14.0,25.7,FILLED,调仓剔除(掉出Top-K),
ORD_000492,,688472.SH,SELL,2024-05-10,2024-05-13,3300,3300,0,0,3300,12.31,12.14,10.02,20.03,0.4,33.0,63.45,FILLED,"触发跟踪止盈 (最高浮盈: 12.08%, 自高点回撤: 5.89%)",
ORD_000493,,601698.SH,SELL,2024-05-13,2024-05-14,2500,2500,0,0,2500,15.66,15.62,9.76,19.53,0.39,50.0,79.68,FILLED,"触发跟踪止盈 (最高浮盈: 8.62%, 自高点回撤: 5.89%)",
ORD_000494,,600905.SH,SELL,2024-05-16,2024-05-17,8200,8200,0,0,8200,4.63,4.64,9.51,19.02,0.38,0.0,28.91,FILLED,"触发跟踪止盈 (最高浮盈: 5.60%, 自高点回撤: 5.51%)",
ORD_000495,,000338.SZ,SELL,2024-05-23,2024-05-24,5600,5600,0,0,5600,16.24,16.14,22.6,45.19,0.9,112.0,180.69,FILLED,触发个股硬止损 (浮亏: -8.66% <= -8.0%),
ORD_000496,,002353.SZ,SELL,2024-05-27,2024-05-28,3100,3100,0,0,3100,34.34,34.19,26.5,52.99,1.06,93.0,173.55,FILLED,调仓剔除(掉出Top-K),
ORD_000503,,601658.SH,SELL,2024-05-27,2024-05-28,500,500,0,0,500,5.15,5.14,5.0,1.28,0.03,5.0,11.31,FILLED,Top-K目标再平衡减仓,
ORD_000504,,601319.SH,SELL,2024-05-27,2024-05-28,300,300,0,0,300,5.51,5.48,5.0,0.82,0.02,3.0,8.84,FILLED,Top-K目标再平衡减仓,
ORD_000497,,601939.SH,BUY,2024-05-27,2024-05-28,14200,14200,0,0,14200,7.11,7.12,25.28,0.0,1.01,142.0,168.29,FILLED,Top-K目标建仓/加仓,
ORD_000498,,601916.SH,BUY,2024-05-27,2024-05-28,12600,12600,0,0,12600,3.07,3.07,9.67,0.0,0.39,0.0,10.06,FILLED,Top-K目标建仓/加仓,
ORD_000499,,601868.SH,BUY,2024-05-27,2024-05-28,17500,17500,0,0,17500,2.22,2.22,9.71,0.0,0.39,0.0,10.1,FILLED,Top-K目标建仓/加仓,
ORD_000500,,601838.SH,BUY,2024-05-27,2024-05-28,2400,2400,0,0,2400,15.95,16.01,9.61,0.0,0.38,48.0,57.99,FILLED,Top-K目标建仓/加仓,
ORD_000501,,601818.SH,BUY,2024-05-27,2024-05-28,30700,30700,0,0,30700,3.28,3.28,25.17,0.0,1.01,0.0,26.18,FILLED,Top-K目标建仓/加仓,
ORD_000502,,601728.SH,BUY,2024-05-27,2024-05-28,100,100,0,0,100,6.04,6.05,5.0,0.0,0.01,1.0,6.01,FILLED,Top-K目标建仓/加仓,
ORD_000505,,601319.SH,SELL,2024-05-31,2024-06-03,7000,7000,0,0,7000,5.3,5.29,9.26,18.52,0.37,70.0,98.15,FILLED,"触发跟踪止盈 (最高浮盈: 6.42%, 自高点回撤: 6.03%)",
ORD_000506,,601658.SH,SELL,2024-06-11,2024-06-12,7500,7500,0,0,7500,4.92,4.91,9.21,18.41,0.37,0.0,27.99,FILLED,"触发跟踪止盈 (最高浮盈: 7.69%, 自高点回撤: 5.02%)",
ORD_000507,,601916.SH,SELL,2024-06-19,2024-06-20,12600,12600,0,0,12600,2.82,2.83,8.91,17.83,0.36,0.0,27.1,FILLED,触发个股硬止损 (浮亏: -8.14% <= -8.0%),
ORD_000509,,601939.SH,SELL,2024-06-25,2024-06-26,2000,2000,0,0,2000,7.28,7.26,5.0,7.26,0.15,20.0,32.41,FILLED,Top-K目标再平衡减仓,
ORD_000514,,601818.SH,SELL,2024-06-25,2024-06-26,2100,2100,0,0,2100,3.12,3.13,5.0,3.29,0.07,0.0,8.36,FILLED,Top-K目标再平衡减仓,
ORD_000508,,601988.SH,BUY,2024-06-25,2024-06-26,21900,21900,0,0,21900,4.52,4.51,24.69,0.0,0.99,0.0,25.68,FILLED,Top-K目标建仓/加仓,
ORD_000510,,601916.SH,BUY,2024-06-25,2024-06-26,19000,19000,0,0,19000,2.82,2.66,12.63,0.0,0.51,0.0,13.14,FILLED,Top-K目标建仓/加仓,
ORD_000511,,000776.SZ,BUY,2024-06-25,2024-06-26,7300,7300,0,0,7300,12.25,12.25,22.36,0.0,0.89,73.0,96.25,FILLED,Top-K目标建仓/加仓,
ORD_000512,,601868.SH,BUY,2024-06-25,2024-06-26,8100,8100,0,0,8100,2.09,2.09,5.0,0.0,0.17,0.0,5.17,FILLED,Top-K目标建仓/加仓,
ORD_000513,,601838.SH,BUY,2024-06-25,2024-06-26,1200,1200,0,0,1200,14.88,14.83,5.0,0.0,0.18,12.0,17.18,FILLED,Top-K目标建仓/加仓,
ORD_000515,,601816.SH,BUY,2024-06-25,2024-06-26,2700,2700,0,0,2700,5.25,5.26,5.0,0.0,0.14,27.0,32.14,FILLED,Top-K目标建仓/加仓,
ORD_000516,,601728.SH,BUY,2024-06-25,2024-06-26,2700,2700,0,0,2700,5.84,5.83,5.0,0.0,0.16,27.0,32.16,FILLED,Top-K目标建仓/加仓,
ORD_000517,,601838.SH,SELL,2024-07-05,2024-07-08,3600,3600,0,0,3600,14.23,14.23,12.81,25.61,0.51,36.0,74.93,FILLED,触发个股硬止损 (浮亏: -8.88% <= -8.0%),
ORD_000518,,000776.SZ,SELL,2024-07-08,2024-07-09,7300,7300,0,0,7300,11.25,11.24,20.51,41.03,0.82,73.0,135.36,FILLED,触发个股硬止损 (浮亏: -8.16% <= -8.0%),
ORD_000519,,601939.SH,SELL,2024-07-12,2024-07-15,12200,12200,0,0,12200,7.37,7.36,22.45,44.9,0.9,122.0,190.25,FILLED,"触发跟踪止盈 (最高浮盈: 9.27%, 自高点回撤: 5.27%)",
ORD_000520,,601988.SH,SELL,2024-07-17,2024-07-18,21900,21900,0,0,21900,4.66,4.66,25.51,51.03,1.02,0.0,77.56,FILLED,"触发跟踪止盈 (最高浮盈: 10.20%, 自高点回撤: 6.24%)",
ORD_000521,,601816.SH,SELL,2024-07-23,2024-07-24,10200,10200,0,0,10200,5.74,5.71,14.56,29.12,0.58,102.0,146.26,FILLED,调仓剔除(掉出Top-K),
ORD_000522,,601868.SH,SELL,2024-07-23,2024-07-24,25600,25600,0,0,25600,2.13,2.13,13.63,27.26,0.55,0.0,41.44,FILLED,调仓剔除(掉出Top-K),
ORD_000523,,601916.SH,SELL,2024-07-23,2024-07-24,7100,7100,0,0,7100,2.85,2.85,5.06,10.12,0.2,0.0,15.38,FILLED,Top-K目标再平衡减仓,
ORD_000531,,601728.SH,SELL,2024-07-23,2024-07-24,3800,3800,0,0,3800,6.32,6.3,5.99,11.97,0.24,38.0,56.2,FILLED,Top-K目标再平衡减仓,
ORD_000532,,601818.SH,SELL,2024-07-23,2024-07-24,1400,1400,0,0,1400,3.33,3.17,5.0,2.22,0.04,0.0,7.26,FILLED,Top-K目标再平衡减仓,
ORD_000524,,601229.SH,BUY,2024-07-23,2024-07-24,4500,4500,0,0,4500,7.46,7.46,8.39,0.0,0.34,45.0,53.73,FILLED,Top-K目标建仓/加仓,
ORD_000525,,601319.SH,BUY,2024-07-23,2024-07-24,6100,6100,0,0,6100,5.5,5.52,8.42,0.0,0.34,61.0,69.76,FILLED,Top-K目标建仓/加仓,
ORD_000526,,600926.SH,BUY,2024-07-23,2024-07-24,2600,2600,0,0,2600,12.88,12.91,8.39,0.0,0.34,26.0,34.73,FILLED,Top-K目标建仓/加仓,
ORD_000527,,601838.SH,BUY,2024-07-23,2024-07-24,2200,2200,0,0,2200,14.81,14.82,8.15,0.0,0.33,22.0,30.48,FILLED,Top-K目标建仓/加仓,
ORD_000528,,002236.SZ,BUY,2024-07-23,2024-07-24,6200,6200,0,0,6200,14.51,14.45,22.4,0.0,0.9,62.0,85.3,FILLED,Top-K目标建仓/加仓,
ORD_000529,,600905.SH,BUY,2024-07-23,2024-07-24,7300,7300,0,0,7300,4.65,4.66,8.5,0.0,0.34,0.0,8.84,FILLED,Top-K目标建仓/加仓,
ORD_000530,,601211.SH,BUY,2024-07-23,2024-07-24,2400,2400,0,0,2400,13.89,13.89,8.33,0.0,0.33,24.0,32.66,FILLED,Top-K目标建仓/加仓,
ORD_000533,,601728.SH,SELL,2024-07-26,2024-07-29,5300,5300,0,0,5300,6.02,6.01,7.96,15.93,0.32,53.0,77.21,FILLED,"触发跟踪止盈 (最高浮盈: 7.94%, 自高点回撤: 6.38%)",
ORD_000534,,600926.SH,SELL,2024-08-06,2024-08-07,2600,2600,0,0,2600,13.0,13.0,8.45,16.9,0.34,26.0,51.69,FILLED,"触发跟踪止盈 (最高浮盈: 6.20%, 自高点回撤: 5.18%)",
ORD_000535,,600905.SH,SELL,2024-08-14,2024-08-15,7300,7300,0,0,7300,4.67,4.66,8.5,17.01,0.34,0.0,25.85,FILLED,"触发跟踪止盈 (最高浮盈: 6.22%, 自高点回撤: 5.66%)",
ORD_000536,,601838.SH,SELL,2024-08-20,2024-08-21,2200,2200,0,0,2200,15.12,15.06,8.28,16.57,0.33,44.0,69.18,FILLED,调仓剔除(掉出Top-K),
ORD_000537,,601319.SH,SELL,2024-08-20,2024-08-21,6100,6100,0,0,6100,5.73,5.69,8.68,17.35,0.35,61.0,87.38,FILLED,调仓剔除(掉出Top-K),
ORD_000538,,601916.SH,BUY,2024-08-20,2024-08-21,4500,4500,0,0,4500,2.74,2.75,5.0,0.0,0.12,0.0,5.12,FILLED,Top-K目标建仓/加仓,
ORD_000539,,601658.SH,BUY,2024-08-20,2024-08-21,8800,8800,0,0,8800,5.07,5.06,11.13,0.0,0.45,88.0,99.58,FILLED,Top-K目标建仓/加仓,
ORD_000540,,601728.SH,BUY,2024-08-20,2024-08-21,7400,7400,0,0,7400,6.04,6.07,11.23,0.0,0.45,74.0,85.68,FILLED,Top-K目标建仓/加仓,
ORD_000541,,601229.SH,BUY,2024-08-20,2024-08-21,1400,1400,0,0,1400,7.62,7.61,5.0,0.0,0.11,14.0,19.11,FILLED,Top-K目标建仓/加仓,
ORD_000542,,601825.SH,BUY,2024-08-20,2024-08-21,6400,6400,0,0,6400,6.96,6.97,11.15,0.0,0.45,64.0,75.6,FILLED,Top-K目标建仓/加仓,
ORD_000543,,002236.SZ,BUY,2024-08-20,2024-08-21,400,400,0,0,400,13.5,13.46,5.0,0.0,0.05,4.0,9.05,FILLED,Top-K目标建仓/加仓,
ORD_000544_P13600,ORD_000544,600015.SH,BUY,2024-08-20,2024-08-21,13900,13600,300,0,13600,6.47,6.46,21.96,0.0,0.88,136.0,158.84,PARTIALLY_FILLED,Top-K目标建仓/加仓,
ORD_000545,,000157.SZ,BUY,2024-08-20,2024-08-21,13500,13500,0,0,13500,6.65,6.61,22.31,0.0,0.89,135.0,158.2,FILLED,Top-K目标建仓/加仓,
ORD_000546,,601211.SH,BUY,2024-08-20,2024-08-21,700,700,0,0,700,14.18,14.18,5.0,0.0,0.1,7.0,12.1,FILLED,Top-K目标建仓/加仓,
ORD_000547,,601818.SH,BUY,2024-08-20,2024-08-21,400,400,0,0,400,3.25,3.25,5.0,0.0,0.01,0.0,5.01,FILLED,Top-K目标建仓/加仓,
ORD_000548,,002236.SZ,SELL,2024-08-21,2024-08-22,6600,6600,0,0,6600,13.27,13.26,21.88,43.76,0.88,66.0,132.52,FILLED,"触发跟踪止盈 (最高浮盈: 5.21%, 自高点回撤: 12.35%)",
ORD_000544,,600015.SH,BUY,2024-08-20,2024-08-22,13900,13900,0,0,300,6.47,6.44,5.0,0.0,0.02,3.0,8.02,FILLED,Top-K目标建仓/加仓,
ORD_000549,,601916.SH,SELL,2024-08-28,2024-08-29,16400,16400,0,0,16400,2.71,2.71,11.11,22.22,0.44,0.0,33.77,FILLED,"触发跟踪止盈 (最高浮盈: 6.90%, 自高点回撤: 5.57%)",
ORD_000550,,601658.SH,SELL,2024-09-03,2024-09-04,8800,8800,0,0,8800,4.63,4.61,10.14,20.28,0.41,0.0,30.83,FILLED,触发个股硬止损 (浮亏: -8.50% <= -8.0%),
ORD_000551,,000157.SZ,SELL,2024-09-04,2024-09-05,13500,13500,0,0,13500,6.03,6.03,20.35,40.7,0.81,135.0,196.86,FILLED,触发个股硬止损 (浮亏: -8.77% <= -8.0%),
ORD_000552,,601818.SH,SELL,2024-09-11,2024-09-12,27600,27600,0,0,27600,3.01,3.0,20.7,41.4,0.83,0.0,62.93,FILLED,触发个股硬止损 (浮亏: -8.22% <= -8.0%),
ORD_000553,,601229.SH,SELL,2024-09-11,2024-09-12,5900,5900,0,0,5900,6.85,6.83,10.07,20.15,0.4,59.0,89.62,FILLED,触发个股硬止损 (浮亏: -8.61% <= -8.0%),
ORD_000554,,601728.SH,SELL,2024-09-19,2024-09-20,7400,7400,0,0,7400,5.87,5.86,10.84,21.68,0.43,74.0,106.95,FILLED,调仓剔除(掉出Top-K),
ORD_000556,,600015.SH,SELL,2024-09-19,2024-09-20,13900,13900,0,0,13900,6.17,6.15,21.37,42.74,0.85,139.0,203.96,FILLED,调仓剔除(掉出Top-K),
ORD_000557,,601916.SH,BUY,2024-09-19,2024-09-20,17300,17300,0,0,17300,2.5,2.5,10.81,0.0,0.43,0.0,11.24,FILLED,Top-K目标建仓/加仓,
ORD_000558,,601838.SH,BUY,2024-09-19,2024-09-20,3200,3200,0,0,3200,13.22,13.21,10.57,0.0,0.42,32.0,42.99,FILLED,Top-K目标建仓/加仓,
ORD_000559,,601229.SH,BUY,2024-09-19,2024-09-20,6300,6300,0,0,6300,6.85,6.85,10.79,0.0,0.43,63.0,74.22,FILLED,Top-K目标建仓/加仓,
ORD_000560,,600549.SH,BUY,2024-09-19,2024-09-20,5500,5500,0,0,5500,17.46,17.47,24.02,0.0,0.96,110.0,134.98,FILLED,Top-K目标建仓/加仓,
ORD_000561,,601077.SH,BUY,2024-09-19,2024-09-20,9000,9000,0,0,9000,4.8,4.8,10.8,0.0,0.43,0.0,11.23,FILLED,Top-K目标建仓/加仓,
ORD_000562_P6600,ORD_000562,601018.SH,BUY,2024-09-19,2024-09-20,29400,6600,22800,0,6600,3.28,3.28,5.41,0.0,0.22,0.0,5.63,PARTIALLY_FILLED,Top-K目标建仓/加仓,
ORD_000563,,600926.SH,BUY,2024-09-19,2024-09-20,3600,3600,0,0,3600,12.03,12.04,10.84,0.0,0.43,36.0,47.27,FILLED,Top-K目标建仓/加仓,
ORD_000564,,600482.SH,BUY,2024-09-19,2024-09-20,4300,4300,0,0,4300,22.09,21.92,23.56,0.0,0.94,86.0,110.5,FILLED,Top-K目标建仓/加仓,
ORD_000565,,601825.SH,BUY,2024-09-19,2024-09-20,100,100,0,0,100,6.68,6.67,5.0,0.0,0.01,1.0,6.01,FILLED,Top-K目标建仓/加仓,
ORD_000562_P14700,ORD_000562,601018.SH,BUY,2024-09-19,2024-09-23,29400,14700,14700,0,8100,3.28,3.27,6.62,0.0,0.26,0.0,6.88,PARTIALLY_FILLED,Top-K目标建仓/加仓,
ORD_000562_P28300,ORD_000562,601018.SH,BUY,2024-09-19,2024-09-24,29400,28300,1100,0,13600,3.28,3.31,11.25,0.0,0.45,0.0,11.7,PARTIALLY_FILLED,Top-K目标建仓/加仓,
ORD_000562,,601018.SH,BUY,2024-09-19,2024-09-25,29400,29400,0,0,1100,3.28,3.4,5.0,0.0,0.04,0.0,5.04,FILLED,Top-K目标建仓/加仓,
ORD_000566,,601825.SH,SELL,2024-10-08,2024-10-09,6500,6500,0,0,6500,7.62,7.49,12.17,24.34,0.49,65.0,102.0,FILLED,"触发跟踪止盈 (最高浮盈: 17.01%, 自高点回撤: 6.50%)",
ORD_000567,,601916.SH,SELL,2024-10-08,2024-10-09,17300,17300,0,0,17300,3.02,2.98,12.89,25.78,0.52,0.0,39.19,FILLED,"触发跟踪止盈 (最高浮盈: 28.80%, 自高点回撤: 6.21%)",
ORD_000568,,601838.SH,SELL,2024-10-08,2024-10-09,3200,3200,0,0,3200,15.88,15.48,12.38,24.77,0.5,64.0,101.65,FILLED,"触发跟踪止盈 (最高浮盈: 30.43%, 自高点回撤: 7.84%)",
ORD_000569,,600549.SH,SELL,2024-10-08,2024-10-09,5500,5500,0,0,5500,21.51,21.08,28.98,57.97,1.16,110.0,198.11,FILLED,"触发跟踪止盈 (最高浮盈: 31.71%, 自高点回撤: 6.52%)",
ORD_000570,,601077.SH,SELL,2024-10-08,2024-10-09,9000,9000,0,0,9000,5.39,5.31,11.95,23.89,0.48,90.0,126.32,FILLED,"触发跟踪止盈 (最高浮盈: 23.54%, 自高点回撤: 9.11%)",
ORD_000571,,601018.SH,SELL,2024-10-08,2024-10-09,29400,29400,0,0,29400,3.97,3.92,28.81,57.62,1.15,0.0,87.58,FILLED,"触发跟踪止盈 (最高浮盈: 28.05%, 自高点回撤: 5.92%)",
ORD_000572,,600926.SH,SELL,2024-10-08,2024-10-09,3600,3600,0,0,3600,14.35,14.01,12.61,25.22,0.5,36.0,74.33,FILLED,"触发跟踪止盈 (最高浮盈: 28.41%, 自高点回撤: 7.18%)",
ORD_000573,,600482.SH,SELL,2024-10-08,2024-10-09,4300,4300,0,0,4300,25.08,24.36,26.19,52.37,1.05,86.0,165.61,FILLED,"触发跟踪止盈 (最高浮盈: 20.94%, 自高点回撤: 5.39%)",
ORD_000555,,601211.SH,SELL,2024-09-19,2024-10-10,3100,3100,0,0,3100,14.7,16.15,12.52,25.03,0.5,62.0,100.05,FILLED,调仓剔除(掉出Top-K),NO_MARKET_DATA
ORD_000574,,601229.SH,SELL,2024-10-09,2024-10-10,6300,6300,0,0,6300,7.55,7.63,12.02,24.03,0.48,63.0,99.53,FILLED,"触发跟踪止盈 (最高浮盈: 26.42%, 自高点回撤: 12.82%)",
ORD_000575,,601229.SH,BUY,2024-10-24,2024-10-25,9000,9000,0,0,9000,7.93,7.94,17.87,0.0,0.71,90.0,108.58,FILLED,Top-K目标建仓/加仓,
ORD_000576,,601825.SH,BUY,2024-10-24,2024-10-25,9000,9000,0,0,9000,7.93,7.96,17.91,0.0,0.72,90.0,108.63,FILLED,Top-K目标建仓/加仓,
ORD_000577,,600549.SH,BUY,2024-10-24,2024-10-25,6000,6000,0,0,6000,19.61,19.59,29.39,0.0,1.18,120.0,150.57,FILLED,Top-K目标建仓/加仓,
ORD_000578,,600926.SH,BUY,2024-10-24,2024-10-25,4900,4900,0,0,4900,14.34,14.36,17.59,0.0,0.7,49.0,67.29,FILLED,Top-K目标建仓/加仓,
ORD_000579,,601607.SH,BUY,2024-10-24,2024-10-25,5700,5700,0,0,5700,20.88,20.91,29.8,0.0,1.19,114.0,144.99,FILLED,Top-K目标建仓/加仓,
ORD_000580,,002558.SZ,BUY,2024-10-24,2024-10-25,10200,10200,0,0,10200,11.65,11.7,29.84,0.0,1.19,102.0,133.03,FILLED,Top-K目标建仓/加仓,
ORD_000581,,601077.SH,BUY,2024-10-24,2024-10-25,12000,12000,0,0,12000,5.96,5.97,17.91,0.0,0.72,120.0,138.63,FILLED,Top-K目标建仓/加仓,
ORD_000582,,002422.SZ,BUY,2024-10-24,2024-10-25,3700,3700,0,0,3700,32.03,32.04,29.64,0.0,1.19,111.0,141.83,FILLED,Top-K目标建仓/加仓,
ORD_000583,,002558.SZ,SELL,2024-10-31,2024-11-01,10200,10200,0,0,10200,12.46,12.34,31.47,62.93,1.26,102.0,197.66,FILLED,"触发跟踪止盈 (最高浮盈: 12.65%, 自高点回撤: 5.46%)",
ORD_000584,,601077.SH,SELL,2024-11-11,2024-11-12,12000,12000,0,0,12000,5.47,5.45,16.35,32.7,0.65,120.0,169.7,FILLED,触发个股硬止损 (浮亏: -8.38% <= -8.0%),
ORD_000585,,600549.SH,SELL,2024-11-12,2024-11-13,6000,6000,0,0,6000,22.25,22.06,33.09,66.18,1.32,120.0,220.59,FILLED,"触发跟踪止盈 (最高浮盈: 19.86%, 自高点回撤: 5.24%)",
ORD_000586,,002422.SZ,SELL,2024-11-14,2024-11-15,3700,3700,0,0,3700,30.6,30.62,28.32,56.65,1.13,111.0,197.1,FILLED,"触发跟踪止盈 (最高浮盈: 7.37%, 自高点回撤: 11.05%)",
ORD_000587,,601607.SH,SELL,2024-11-21,2024-11-22,5700,5700,0,0,5700,22.07,21.84,31.12,62.24,1.24,114.0,208.6,FILLED,调仓剔除(掉出Top-K),
ORD_000588,,600926.SH,SELL,2024-11-21,2024-11-22,4900,4900,0,0,4900,13.76,13.79,16.89,33.79,0.68,49.0,100.36,FILLED,调仓剔除(掉出Top-K),
ORD_000589,,601229.SH,SELL,2024-11-21,2024-11-22,9000,9000,0,0,9000,8.1,8.11,18.25,36.49,0.73,90.0,145.47,FILLED,调仓剔除(掉出Top-K),
ORD_000590,,601825.SH,SELL,2024-11-21,2024-11-22,9000,9000,0,0,9000,8.09,8.09,18.2,36.41,0.73,90.0,145.34,FILLED,调仓剔除(掉出Top-K),
ORD_000591,,688981.SH,BUY,2024-11-21,2024-11-22,1200,1200,0,0,1200,93.5,94.79,28.44,0.0,1.14,108.0,137.58,FILLED,Top-K目标建仓/加仓,
ORD_000592,,000001.SZ,BUY,2024-11-21,2024-11-22,10400,10400,0,0,10400,11.59,11.6,30.16,0.0,1.21,104.0,135.37,FILLED,Top-K目标建仓/加仓,
ORD_000593,,000002.SZ,BUY,2024-11-21,2024-11-22,13900,13900,0,0,13900,8.68,8.67,30.13,0.0,1.21,139.0,170.34,FILLED,Top-K目标建仓/加仓,
ORD_000594,,000063.SZ,BUY,2024-11-21,2024-11-22,3700,3700,0,0,3700,32.29,32.24,29.82,0.0,1.19,111.0,142.01,FILLED,Top-K目标建仓/加仓,
ORD_000595,,000100.SZ,BUY,2024-11-21,2024-11-22,25100,25100,0,0,25100,4.81,4.78,29.99,0.0,1.2,0.0,31.19,FILLED,Top-K目标建仓/加仓,
ORD_000596,,000157.SZ,BUY,2024-11-21,2024-11-22,17000,17000,0,0,17000,7.09,7.07,30.05,0.0,1.2,170.0,201.25,FILLED,Top-K目标建仓/加仓,
ORD_000597,,000166.SZ,BUY,2024-11-21,2024-11-22,21900,21900,0,0,21900,5.52,5.52,30.22,0.0,1.21,219.0,250.43,FILLED,Top-K目标建仓/加仓,
ORD_000598,,000301.SZ,BUY,2024-11-21,2024-11-22,13400,13400,0,0,13400,9.0,8.93,29.92,0.0,1.2,134.0,165.12,FILLED,Top-K目标建仓/加仓,
ORD_000599,,688981.SH,SELL,2024-11-25,2024-11-26,1200,1200,0,0,1200,86.16,85.88,25.76,51.53,1.03,108.0,186.32,FILLED,触发个股硬止损 (浮亏: -9.10% <= -8.0%),
ORD_000600_P6600,ORD_000600,000301.SZ,SELL,2024-12-13,2024-12-16,13400,6600,6800,0,6600,9.26,9.2,15.18,30.36,0.61,66.0,112.15,PARTIALLY_FILLED,"触发跟踪止盈 (最高浮盈: 9.18%, 自高点回撤: 5.03%)",
ORD_000600,,000301.SZ,SELL,2024-12-13,2024-12-17,13400,13400,0,0,6800,9.26,9.07,15.42,30.84,0.62,68.0,114.88,FILLED,"触发跟踪止盈 (最高浮盈: 9.18%, 自高点回撤: 5.03%)",
ORD_000601,,000002.SZ,SELL,2024-12-19,2024-12-20,13900,13900,0,0,13900,7.91,7.87,27.35,54.7,1.09,139.0,222.14,FILLED,触发个股硬止损 (浮亏: -8.77% <= -8.0%),
ORD_000604,,000063.SZ,SELL,2024-12-19,2024-12-20,500,500,0,0,500,37.8,36.76,5.0,9.19,0.18,20.0,34.37,FILLED,Top-K目标再平衡减仓,
ORD_000605,,000100.SZ,SELL,2024-12-19,2024-12-20,1600,1600,0,0,1600,5.17,5.15,5.0,4.12,0.08,16.0,25.2,FILLED,Top-K目标再平衡减仓,
ORD_000602,,688981.SH,BUY,2024-12-19,2024-12-20,1400,1400,0,0,1400,85.44,85.16,29.81,0.0,1.19,126.0,157.0,FILLED,Top-K目标建仓/加仓,
ORD_000603,,000001.SZ,BUY,2024-12-19,2024-12-20,100,100,0,0,100,11.59,11.6,5.0,0.0,0.01,1.0,6.01,FILLED,Top-K目标建仓/加仓,
ORD_000606,,000157.SZ,BUY,2024-12-19,2024-12-20,300,300,0,0,300,7.01,7.01,5.0,0.0,0.02,3.0,8.02,FILLED,Top-K目标建仓/加仓,
ORD_000607,,000166.SZ,BUY,2024-12-19,2024-12-20,700,700,0,0,700,5.37,5.38,5.0,0.0,0.04,7.0,12.04,FILLED,Top-K目标建仓/加仓,
ORD_000608_P8000,ORD_000608,000301.SZ,BUY,2024-12-19,2024-12-20,14000,8000,6000,0,8000,8.67,8.67,17.34,0.0,0.69,80.0,98.03,PARTIALLY_FILLED,Top-K目标建仓/加仓,
ORD_000608,,000301.SZ,BUY,2024-12-19,2024-12-23,14000,14000,0,0,6000,8.67,8.57,12.86,0.0,0.51,60.0,73.37,FILLED,Top-K目标建仓/加仓,
ORD_000609,,000063.SZ,SELL,2024-12-23,2024-12-24,3200,3200,0,0,3200,36.15,36.62,29.3,58.59,1.17,128.0,217.06,FILLED,"触发跟踪止盈 (最高浮盈: 19.32%, 自高点回撤: 6.03%)",
ORD_000610,,000100.SZ,SELL,2024-12-31,2025-01-02,23500,23500,0,0,23500,5.03,5.02,29.49,58.98,1.18,235.0,324.65,FILLED,"触发跟踪止盈 (最高浮盈: 11.30%, 自高点回撤: 5.45%)",
ORD_000611,,688981.SH,SELL,2024-12-31,2025-01-02,1400,1400,0,0,1400,94.62,93.72,32.8,65.6,1.31,126.0,225.71,FILLED,"触发跟踪止盈 (最高浮盈: 20.21%, 自高点回撤: 7.57%)",
ORD_000612,,000166.SZ,SELL,2025-01-02,2025-01-03,22600,22600,0,0,22600,5.06,5.06,28.59,57.18,1.14,226.0,312.91,FILLED,触发个股硬止损 (浮亏: -8.26% <= -8.0%),
ORD_000613_P5300,ORD_000613,000301.SZ,SELL,2025-01-17,2025-01-20,14000,5300,8700,0,5300,8.71,8.67,11.49,22.98,0.46,53.0,87.93,PARTIALLY_FILLED,调仓剔除(掉出Top-K),
ORD_000614,,000157.SZ,SELL,2025-01-17,2025-01-20,17300,17300,0,0,17300,7.34,7.36,31.83,63.66,1.27,173.0,269.76,FILLED,调仓剔除(掉出Top-K),
ORD_000615,,000001.SZ,BUY,2025-01-17,2025-01-20,100,100,0,0,100,11.45,11.51,5.0,0.0,0.01,1.0,6.01,FILLED,Top-K目标建仓/加仓,
ORD_000616,,601988.SH,BUY,2025-01-17,2025-01-20,22300,22300,0,0,22300,5.45,5.47,30.5,0.0,1.22,223.0,254.72,FILLED,Top-K目标建仓/加仓,
ORD_000617,,601939.SH,BUY,2025-01-17,2025-01-20,14600,14600,0,0,14600,8.34,8.35,30.48,0.0,1.22,146.0,177.7,FILLED,Top-K目标建仓/加仓,
ORD_000618,,601838.SH,BUY,2025-01-17,2025-01-20,4200,4200,0,0,4200,17.08,17.13,17.99,0.0,0.72,84.0,102.71,FILLED,Top-K目标建仓/加仓,
ORD_000619_P8700,ORD_000619,601825.SH,BUY,2025-01-17,2025-01-20,8900,8700,200,0,8700,8.17,8.19,17.81,0.0,0.71,87.0,105.52,PARTIALLY_FILLED,Top-K目标建仓/加仓,
ORD_000620,,601818.SH,BUY,2025-01-17,2025-01-20,32800,32800,0,0,32800,3.71,3.72,30.5,0.0,1.22,0.0,31.72,FILLED,Top-K目标建仓/加仓,
ORD_000621,,601878.SH,BUY,2025-01-17,2025-01-20,6300,6300,0,0,6300,11.48,11.6,18.27,0.0,0.73,63.0,82.0,FILLED,Top-K目标建仓/加仓,
ORD_000622,,601319.SH,BUY,2025-01-17,2025-01-20,10700,10700,0,0,10700,6.84,6.91,18.48,0.0,0.74,107.0,126.22,FILLED,Top-K目标建仓/加仓,
ORD_000613_P11100,ORD_000613,000301.SZ,SELL,2025-01-17,2025-01-21,14000,11100,2900,0,5800,8.71,8.64,12.53,25.06,0.5,58.0,96.09,PARTIALLY_FILLED,调仓剔除(掉出Top-K),
ORD_000619,,601825.SH,BUY,2025-01-17,2025-01-21,8900,8900,0,0,200,8.17,8.13,5.0,0.0,0.02,2.0,7.02,FILLED,Top-K目标建仓/加仓,
ORD_000613,,000301.SZ,SELL,2025-01-17,2025-01-22,14000,14000,0,0,2900,8.71,8.37,6.07,12.14,0.24,29.0,47.45,FILLED,调仓剔除(掉出Top-K),
ORD_000623,,601878.SH,SELL,2025-02-24,2025-02-25,6300,6300,0,0,6300,11.89,11.76,18.52,37.04,0.74,63.0,119.3,FILLED,调仓剔除(掉出Top-K),
ORD_000624,,601988.SH,SELL,2025-02-24,2025-02-25,22300,22300,0,0,22300,5.41,5.41,30.16,60.32,1.21,223.0,314.69,FILLED,调仓剔除(掉出Top-K),
ORD_000625,,601939.SH,SELL,2025-02-24,2025-02-25,3300,3300,0,0,3300,8.58,8.57,7.07,14.14,0.28,33.0,54.49,FILLED,Top-K目标再平衡减仓,
ORD_000632,,601319.SH,SELL,2025-02-24,2025-02-25,300,300,0,0,300,6.98,6.92,5.0,1.04,0.02,3.0,9.06,FILLED,Top-K目标再平衡减仓,
ORD_000633,,000001.SZ,SELL,2025-02-24,2025-02-25,2200,2200,0,0,2200,11.59,11.55,6.35,12.71,0.25,22.0,41.31,FILLED,Top-K目标再平衡减仓,
ORD_000634,,601818.SH,SELL,2025-02-24,2025-02-25,6900,6900,0,0,6900,3.77,3.76,6.49,12.97,0.26,0.0,19.72,FILLED,Top-K目标再平衡减仓,
ORD_000626,,601825.SH,BUY,2025-02-24,2025-02-25,200,200,0,0,200,8.02,8.02,5.0,0.0,0.02,2.0,7.02,FILLED,Top-K目标建仓/加仓,
ORD_000627,,601658.SH,BUY,2025-02-24,2025-02-25,13700,13700,0,0,13700,5.31,5.32,18.22,0.0,0.73,137.0,155.95,FILLED,Top-K目标建仓/加仓,
ORD_000628,,601838.SH,BUY,2025-02-24,2025-02-25,300,300,0,0,300,16.12,16.2,5.0,0.0,0.05,6.0,11.05,FILLED,Top-K目标建仓/加仓,
ORD_000629,,601169.SH,BUY,2025-02-24,2025-02-25,16700,16700,0,0,16700,5.83,5.84,24.38,0.0,0.98,167.0,192.36,FILLED,Top-K目标建仓/加仓,
ORD_000630,,601288.SH,BUY,2025-02-24,2025-02-25,18900,18900,0,0,18900,5.14,5.15,24.33,0.0,0.97,189.0,214.3,FILLED,Top-K目标建仓/加仓,
ORD_000631,,601318.SH,BUY,2025-02-24,2025-02-25,1800,1800,0,0,1800,52.0,51.55,23.2,0.0,0.93,90.0,114.13,FILLED,Top-K目标建仓/加仓,
ORD_000635,,601939.SH,SELL,2025-03-04,2025-03-05,11300,11300,0,0,11300,8.45,8.45,23.87,47.74,0.95,113.0,185.56,FILLED,"触发跟踪止盈 (最高浮盈: 6.83%, 自高点回撤: 5.27%)",
ORD_000636,,601838.SH,SELL,2025-03-24,2025-03-25,4500,4500,0,0,4500,17.35,17.33,19.5,38.99,0.78,90.0,149.27,FILLED,调仓剔除(掉出Top-K),
ORD_000637,,601169.SH,SELL,2025-03-24,2025-03-25,16700,16700,0,0,16700,6.0,6.0,25.05,50.1,1.0,167.0,243.15,FILLED,调仓剔除(掉出Top-K),
ORD_000639,,000001.SZ,SELL,2025-03-24,2025-03-25,2300,2300,0,0,2300,11.38,11.37,6.54,13.08,0.26,23.0,42.88,FILLED,Top-K目标再平衡减仓,
ORD_000646,,601825.SH,SELL,2025-03-24,2025-03-25,3100,3100,0,0,3100,8.06,8.03,6.22,12.45,0.25,31.0,49.92,FILLED,Top-K目标再平衡减仓,
ORD_000647,,601818.SH,SELL,2025-03-24,2025-03-25,7700,7700,0,0,7700,3.84,3.85,7.41,14.82,0.3,0.0,22.53,FILLED,Top-K目标再平衡减仓,
ORD_000648,,601658.SH,SELL,2025-03-24,2025-03-25,4600,4600,0,0,4600,5.35,5.34,6.14,12.28,0.25,46.0,64.67,FILLED,Top-K目标再平衡减仓,
ORD_000649,,601319.SH,SELL,2025-03-24,2025-03-25,3400,3400,0,0,3400,6.94,6.94,5.9,11.8,0.24,34.0,51.94,FILLED,Top-K目标再平衡减仓,
ORD_000650,,601318.SH,SELL,2025-03-24,2025-03-25,500,500,0,0,500,52.13,52.1,6.51,13.03,0.26,25.0,44.8,FILLED,Top-K目标再平衡减仓,
ORD_000651,,601288.SH,SELL,2025-03-24,2025-03-25,5300,5300,0,0,5300,5.14,5.14,6.81,13.62,0.27,53.0,73.7,FILLED,Top-K目标再平衡减仓,
ORD_000638,,688396.SH,BUY,2025-03-24,2025-03-25,1000,1000,0,0,1000,45.34,45.39,11.35,0.0,0.45,50.0,61.8,FILLED,Top-K目标建仓/加仓,
ORD_000640,,688303.SH,BUY,2025-03-24,2025-03-25,2400,2400,0,0,2400,20.13,20.12,12.07,0.0,0.48,48.0,60.55,FILLED,Top-K目标建仓/加仓,
ORD_000641,,603288.SH,BUY,2025-03-24,2025-03-25,1700,1700,0,0,1700,40.36,40.4,17.17,0.0,0.69,68.0,85.86,FILLED,Top-K目标建仓/加仓,
ORD_000642,,601998.SH,BUY,2025-03-24,2025-03-25,9500,9500,0,0,9500,7.34,7.35,17.46,0.0,0.7,95.0,113.16,FILLED,Top-K目标建仓/加仓,
ORD_000643,,601995.SH,BUY,2025-03-24,2025-03-25,1400,1400,0,0,1400,35.01,35.08,12.28,0.0,0.49,56.0,68.77,FILLED,Top-K目标建仓/加仓,
ORD_000644,,601988.SH,BUY,2025-03-24,2025-03-25,12900,12900,0,0,12900,5.4,5.41,17.45,0.0,0.7,129.0,147.15,FILLED,Top-K目标建仓/加仓,
ORD_000645,,000776.SZ,BUY,2025-03-24,2025-03-25,4400,4400,0,0,4400,15.73,15.75,17.32,0.0,0.69,88.0,106.01,FILLED,Top-K目标建仓/加仓,
ORD_000652,,601318.SH,SELL,2025-04-03,2025-04-07,1300,1300,0,0,1300,51.48,49.25,16.01,32.01,0.64,65.0,113.66,FILLED,"触发跟踪止盈 (最高浮盈: 5.33%, 自高点回撤: 5.19%)",
ORD_000653,,601818.SH,SELL,2025-04-07,2025-04-08,18200,18200,0,0,18200,3.59,3.57,16.24,32.49,0.65,0.0,49.38,FILLED,"触发跟踪止盈 (最高浮盈: 5.65%, 自高点回撤: 8.65%)",
ORD_000654,,688396.SH,SELL,2025-04-07,2025-04-08,1000,1000,0,0,1000,39.3,39.96,9.99,19.98,0.4,40.0,70.37,FILLED,触发个股硬止损 (浮亏: -13.42% <= -8.0%),
ORD_000655,,688303.SH,SELL,2025-04-07,2025-04-08,2400,2400,0,0,2400,17.53,17.88,10.73,21.46,0.43,48.0,80.62,FILLED,触发个股硬止损 (浮亏: -12.87% <= -8.0%),
ORD_000656,,601995.SH,SELL,2025-04-07,2025-04-08,1400,1400,0,0,1400,31.61,31.97,11.19,22.38,0.45,42.0,76.02,FILLED,触发个股硬止损 (浮亏: -9.89% <= -8.0%),
ORD_000657,,000776.SZ,SELL,2025-04-07,2025-04-08,4400,4400,0,0,4400,14.58,14.61,16.07,32.14,0.64,44.0,92.85,FILLED,"触发跟踪止盈 (最高浮盈: 5.33%, 自高点回撤: 12.12%)",
ORD_000658,,601288.SH,SELL,2025-04-22,2025-04-23,13600,13600,0,0,13600,5.5,5.5,18.7,37.4,0.75,136.0,192.85,FILLED,调仓剔除(掉出Top-K),
ORD_000659,,601658.SH,SELL,2025-04-22,2025-04-23,9100,9100,0,0,9100,5.29,5.28,12.01,24.02,0.48,91.0,127.51,FILLED,调仓剔除(掉出Top-K),
ORD_000660,,601319.SH,SELL,2025-04-22,2025-04-23,7000,7000,0,0,7000,7.15,7.22,12.63,25.27,0.51,70.0,108.41,FILLED,调仓剔除(掉出Top-K),
ORD_000661,,688472.SH,BUY,2025-04-22,2025-04-23,6300,6300,0,0,6300,9.15,9.19,14.47,0.0,0.58,63.0,78.05,FILLED,Top-K目标建仓/加仓,
ORD_000662,,000001.SZ,BUY,2025-04-22,2025-04-23,3600,3600,0,0,3600,11.04,11.05,9.95,0.0,0.4,36.0,46.35,FILLED,Top-K目标建仓/加仓,
ORD_000663,,688396.SH,BUY,2025-04-22,2025-04-23,1200,1200,0,0,1200,47.04,47.52,14.26,0.0,0.57,60.0,74.83,FILLED,Top-K目标建仓/加仓,
ORD_000664_P2500,ORD_000664,688303.SH,BUY,2025-04-22,2025-04-23,3200,2500,700,0,2500,18.01,18.12,11.33,0.0,0.45,50.0,61.78,PARTIALLY_FILLED,Top-K目标建仓/加仓,
ORD_000665,,601998.SH,BUY,2025-04-22,2025-04-23,5200,5200,0,0,5200,7.27,7.3,9.49,0.0,0.38,52.0,61.87,FILLED,Top-K目标建仓/加仓,
ORD_000666,,603288.SH,BUY,2025-04-22,2025-04-23,800,800,0,0,800,42.19,42.34,8.47,0.0,0.34,32.0,40.81,FILLED,Top-K目标建仓/加仓,
ORD_000667,,601988.SH,BUY,2025-04-22,2025-04-23,5800,5800,0,0,5800,5.73,5.75,8.34,0.0,0.33,58.0,66.67,FILLED,Top-K目标建仓/加仓,
ORD_000668,,601995.SH,BUY,2025-04-22,2025-04-23,1700,1700,0,0,1700,33.53,33.74,14.34,0.0,0.57,51.0,65.91,FILLED,Top-K目标建仓/加仓,
ORD_000669,,601825.SH,BUY,2025-04-22,2025-04-23,800,800,0,0,800,8.46,8.48,5.0,0.0,0.07,8.0,13.07,FILLED,Top-K目标建仓/加仓,
ORD_000670,,000001.SZ,SELL,2025-04-23,2025-04-24,9700,9700,0,0,9700,11.01,10.99,26.65,53.3,1.07,97.0,178.02,FILLED,"触发跟踪止盈 (最高浮盈: 5.49%, 自高点回撤: 8.40%)",
ORD_000671,,601825.SH,SELL,2025-04-23,2025-04-24,6800,6800,0,0,6800,8.33,8.34,14.18,28.36,0.57,68.0,111.11,FILLED,"触发跟踪止盈 (最高浮盈: 7.09%, 自高点回撤: 5.34%)",
ORD_000664,,688303.SH,BUY,2025-04-22,2025-04-24,3200,3200,0,0,700,18.01,18.14,5.0,0.0,0.13,14.0,19.13,FILLED,Top-K目标建仓/加仓,
ORD_000672,,603288.SH,SELL,2025-04-28,2025-04-29,2500,2500,0,0,2500,41.26,41.82,26.14,52.27,1.05,100.0,179.46,FILLED,"触发跟踪止盈 (最高浮盈: 6.07%, 自高点回撤: 5.17%)",
ORD_000673,,601988.SH,SELL,2025-04-30,2025-05-06,18700,18700,0,0,18700,5.53,5.54,25.9,51.8,1.04,187.0,265.74,FILLED,"触发跟踪止盈 (最高浮盈: 5.88%, 自高点回撤: 5.31%)",
ORD_000674,,688472.SH,SELL,2025-05-14,2025-05-15,6300,6300,0,0,6300,9.63,9.57,15.07,30.15,0.6,63.0,108.82,FILLED,"触发跟踪止盈 (最高浮盈: 10.34%, 自高点回撤: 5.03%)",
ORD_000675,,688303.SH,SELL,2025-05-14,2025-05-15,3200,3200,0,0,3200,21.11,20.68,16.54,33.09,0.66,64.0,114.29,FILLED,"触发跟踪止盈 (最高浮盈: 29.16%, 自高点回撤: 9.82%)",
ORD_000676,,601998.SH,SELL,2025-05-23,2025-05-26,14700,14700,0,0,14700,7.8,7.77,28.55,57.11,1.14,147.0,233.8,FILLED,调仓剔除(掉出Top-K),
ORD_000677,,601995.SH,SELL,2025-05-23,2025-05-26,1700,1700,0,0,1700,32.96,32.94,14.0,28.0,0.56,51.0,93.56,FILLED,调仓剔除(掉出Top-K),
ORD_000678,,688396.SH,SELL,2025-05-23,2025-05-26,1200,1200,0,0,1200,46.12,46.42,13.93,27.85,0.56,60.0,102.34,FILLED,调仓剔除(掉出Top-K),
ORD_000679_P11100,ORD_000679,601377.SH,BUY,2025-05-23,2025-05-26,17000,11100,5900,0,11100,5.72,5.75,15.96,0.0,0.64,111.0,127.6,PARTIALLY_FILLED,Top-K目标建仓/加仓,
ORD_000680_P4700,ORD_000680,601607.SH,BUY,2025-05-23,2025-05-26,6600,4700,1900,0,4700,18.29,18.3,21.5,0.0,0.86,94.0,116.36,PARTIALLY_FILLED,Top-K目标建仓/加仓,
ORD_000681,,601658.SH,BUY,2025-05-23,2025-05-26,22700,22700,0,0,22700,5.36,5.36,30.42,0.0,1.22,227.0,258.64,FILLED,Top-K目标建仓/加仓,
ORD_000682_P13000,ORD_000682,601238.SH,BUY,2025-05-23,2025-05-26,15100,13000,2100,0,13000,8.05,8.06,26.2,0.0,1.05,130.0,157.25,PARTIALLY_FILLED,Top-K目标建仓/加仓,
ORD_000683_P5500,ORD_000683,601788.SH,BUY,2025-05-23,2025-05-26,6000,5500,500,0,5500,16.13,16.1,22.14,0.0,0.89,110.0,133.03,PARTIALLY_FILLED,Top-K目标建仓/加仓,
ORD_000684,,601009.SH,BUY,2025-05-23,2025-05-26,9000,9000,0,0,9000,10.8,10.8,24.3,0.0,0.97,90.0,115.27,FILLED,Top-K目标建仓/加仓,
ORD_000685,,601988.SH,BUY,2025-05-23,2025-05-26,21800,21800,0,0,21800,5.57,5.58,30.41,0.0,1.22,218.0,249.63,FILLED,Top-K目标建仓/加仓,
ORD_000686,,000001.SZ,BUY,2025-05-23,2025-05-26,10600,10600,0,0,10600,11.46,11.45,30.34,0.0,1.21,106.0,137.55,FILLED,Top-K目标建仓/加仓,
ORD_000679,,601377.SH,BUY,2025-05-23,2025-05-27,17000,17000,0,0,5900,5.72,5.73,8.45,0.0,0.34,59.0,67.79,FILLED,Top-K目标建仓/加仓,
ORD_000680,,601607.SH,BUY,2025-05-23,2025-05-27,6600,6600,0,0,1900,18.29,18.12,8.61,0.0,0.34,38.0,46.95,FILLED,Top-K目标建仓/加仓,
ORD_000682,,601238.SH,BUY,2025-05-23,2025-05-27,15100,15100,0,0,2100,8.05,7.85,5.0,0.0,0.16,21.0,26.16,FILLED,Top-K目标建仓/加仓,
ORD_000683,,601788.SH,BUY,2025-05-23,2025-05-27,6000,6000,0,0,500,16.13,16.18,5.0,0.0,0.08,10.0,15.08,FILLED,Top-K目标建仓/加仓,
ORD_000687,,601788.SH,SELL,2025-06-06,2025-06-09,6000,6000,0,0,6000,17.42,17.59,26.39,52.77,1.06,120.0,200.22,FILLED,"触发跟踪止盈 (最高浮盈: 16.66%, 自高点回撤: 7.29%)",
ORD_000688,,601377.SH,SELL,2025-06-12,2025-06-13,17000,17000,0,0,17000,6.16,6.14,26.09,52.19,1.04,170.0,249.32,FILLED,"触发跟踪止盈 (最高浮盈: 13.35%, 自高点回撤: 5.38%)",
ORD_000689_P14600,ORD_000689,601238.SH,SELL,2025-06-13,2025-06-16,15100,14600,500,0,14600,7.7,7.61,27.78,55.55,1.11,146.0,230.44,PARTIALLY_FILLED,"触发跟踪止盈 (最高浮盈: 5.10%, 自高点回撤: 8.77%)",
ORD_000689,,601238.SH,SELL,2025-06-13,2025-06-17,15100,15100,0,0,500,7.7,7.58,5.0,1.9,0.04,5.0,11.94,FILLED,"触发跟踪止盈 (最高浮盈: 5.10%, 自高点回撤: 8.77%)",
ORD_000690,,601988.SH,SELL,2025-06-23,2025-06-24,21800,21800,0,0,21800,5.66,5.64,30.74,61.48,1.23,218.0,311.45,FILLED,调仓剔除(掉出Top-K),
ORD_000691,,601009.SH,SELL,2025-06-23,2025-06-24,9000,9000,0,0,9000,11.85,11.67,26.26,52.52,1.05,90.0,169.83,FILLED,调仓剔除(掉出Top-K),
ORD_000692,,000001.SZ,SELL,2025-06-23,2025-06-24,1300,1300,0,0,1300,11.93,11.89,5.0,7.73,0.15,13.0,25.88,FILLED,Top-K目标再平衡减仓,
ORD_000699,,601607.SH,SELL,2025-06-23,2025-06-24,300,300,0,0,300,17.47,17.45,5.0,2.62,0.05,6.0,13.67,FILLED,Top-K目标再平衡减仓,
ORD_000700,,601658.SH,SELL,2025-06-23,2025-06-24,3100,3100,0,0,3100,5.65,5.64,5.0,8.74,0.17,31.0,44.91,FILLED,Top-K目标再平衡减仓,
ORD_000693,,002709.SZ,BUY,2025-06-23,2025-06-24,6500,6500,0,0,6500,16.95,17.08,27.75,0.0,1.11,130.0,158.86,FILLED,Top-K目标建仓/加仓,
ORD_000694,,002304.SZ,BUY,2025-06-23,2025-06-24,1700,1700,0,0,1700,65.33,65.57,27.87,0.0,1.11,119.0,147.98,FILLED,Top-K目标建仓/加仓,
ORD_000695,,601901.SH,BUY,2025-06-23,2025-06-24,14500,14500,0,0,14500,7.63,7.67,27.8,0.0,1.11,145.0,173.91,FILLED,Top-K目标建仓/加仓,
ORD_000696_P5700,ORD_000696,600741.SH,BUY,2025-06-23,2025-06-24,6200,5700,500,0,5700,17.68,17.75,25.29,0.0,1.01,114.0,140.3,PARTIALLY_FILLED,Top-K目标建仓/加仓,
ORD_000697_P9900,ORD_000697,601238.SH,BUY,2025-06-23,2025-06-24,14900,9900,5000,0,9900,7.43,7.47,18.49,0.0,0.74,99.0,118.23,PARTIALLY_FILLED,Top-K目标建仓/加仓,
ORD_000698,,601398.SH,BUY,2025-06-23,2025-06-24,14700,14700,0,0,14700,7.52,7.52,27.64,0.0,1.11,147.0,175.75,FILLED,Top-K目标建仓/加仓,
ORD_000696,,600741.SH,BUY,2025-06-23,2025-06-25,6200,6200,0,0,500,17.68,18.17,5.0,0.0,0.09,10.0,15.09,FILLED,Top-K目标建仓/加仓,
ORD_000697,,601238.SH,BUY,2025-06-23,2025-06-25,14900,14900,0,0,5000,7.43,7.52,9.4,0.0,0.38,50.0,59.78,FILLED,Top-K目标建仓/加仓,
ORD_000701,,601398.SH,SELL,2025-07-14,2025-07-15,14700,14700,0,0,14700,7.84,7.85,28.85,57.7,1.15,147.0,234.7,FILLED,"触发跟踪止盈 (最高浮盈: 11.17%, 自高点回撤: 6.22%)",
ORD_000702,,000001.SZ,SELL,2025-07-16,2025-07-17,9300,9300,0,0,9300,12.64,12.6,29.3,58.59,1.17,93.0,182.06,FILLED,"触发跟踪止盈 (最高浮盈: 16.42%, 自高点回撤: 5.18%)",
ORD_000703,,601238.SH,SELL,2025-07-21,2025-07-22,14900,14900,0,0,14900,7.74,7.7,28.68,57.37,1.15,149.0,236.2,FILLED,调仓剔除(掉出Top-K),
ORD_000704,,601658.SH,SELL,2025-07-21,2025-07-22,19600,19600,0,0,19600,5.66,5.64,27.64,55.27,1.11,196.0,280.02,FILLED,调仓剔除(掉出Top-K),
ORD_000705,,002304.SZ,SELL,2025-07-21,2025-07-22,1700,1700,0,0,1700,68.38,68.43,29.08,58.17,1.16,119.0,207.41,FILLED,调仓剔除(掉出Top-K),
ORD_000706_P5900,ORD_000706,600741.SH,SELL,2025-07-21,2025-07-22,6200,5900,300,0,5900,18.84,18.83,27.77,55.55,1.11,118.0,202.43,PARTIALLY_FILLED,调仓剔除(掉出Top-K),
ORD_000707,,002709.SZ,SELL,2025-07-21,2025-07-22,6500,6500,0,0,6500,19.2,19.18,31.17,62.34,1.25,130.0,224.76,FILLED,调仓剔除(掉出Top-K),
ORD_000708,,601607.SH,SELL,2025-07-21,2025-07-22,6300,6300,0,0,6300,19.14,19.17,30.19,60.39,1.21,126.0,217.79,FILLED,调仓剔除(掉出Top-K),
ORD_000709,,601901.SH,SELL,2025-07-21,2025-07-22,14500,14500,0,0,14500,8.12,8.11,29.4,58.8,1.18,145.0,234.38,FILLED,调仓剔除(掉出Top-K),
ORD_000710,,688981.SH,BUY,2025-07-21,2025-07-22,700,700,0,0,700,89.02,88.79,15.54,0.0,0.62,63.0,79.16,FILLED,Top-K目标建仓/加仓,
ORD_000711,,688521.SH,BUY,2025-07-21,2025-07-22,700,700,0,0,700,86.69,87.01,15.23,0.0,0.61,63.0,78.84,FILLED,Top-K目标建仓/加仓,
ORD_000712,,688472.SH,BUY,2025-07-21,2025-07-22,6700,6700,0,0,6700,9.35,9.37,15.69,0.0,0.63,67.0,83.32,FILLED,Top-K目标建仓/加仓,
ORD_000713,,000063.SZ,BUY,2025-07-21,2025-07-22,3800,3800,0,0,3800,34.25,34.14,32.43,0.0,1.3,114.0,147.73,FILLED,Top-K目标建仓/加仓,
ORD_000714,,688396.SH,BUY,2025-07-21,2025-07-22,1300,1300,0,0,1300,47.68,47.81,15.54,0.0,0.62,65.0,81.16,FILLED,Top-K目标建仓/加仓,
ORD_000715,,000157.SZ,BUY,2025-07-21,2025-07-22,16800,16800,0,0,16800,7.78,7.86,33.01,0.0,1.32,168.0,202.33,FILLED,Top-K目标建仓/加仓,
ORD_000716,,000166.SZ,BUY,2025-07-21,2025-07-22,24500,24500,0,0,24500,5.35,5.36,32.83,0.0,1.31,245.0,279.14,FILLED,Top-K目标建仓/加仓,
ORD_000717,,605117.SH,BUY,2025-07-21,2025-07-22,1100,1100,0,0,1100,53.63,53.67,14.76,0.0,0.59,55.0,70.35,FILLED,Top-K目标建仓/加仓,
ORD_000706,,600741.SH,SELL,2025-07-21,2025-07-23,6200,6200,0,0,300,18.84,19.14,5.0,2.87,0.06,6.0,13.93,FILLED,调仓剔除(掉出Top-K),
ORD_000718,,000157.SZ,SELL,2025-07-23,2025-07-24,16800,16800,0,0,16800,7.93,7.92,33.26,66.53,1.33,168.0,269.12,FILLED,"触发跟踪止盈 (最高浮盈: 8.40%, 自高点回撤: 6.92%)",
ORD_000719,,688981.SH,SELL,2025-08-01,2025-08-04,700,700,0,0,700,88.29,87.86,15.38,30.75,0.62,63.0,109.75,FILLED,"触发跟踪止盈 (最高浮盈: 5.52%, 自高点回撤: 5.76%)",
ORD_000720,,688521.SH,SELL,2025-08-01,2025-08-04,700,700,0,0,700,94.49,94.91,16.61,33.22,0.66,70.0,120.49,FILLED,"触发跟踪止盈 (最高浮盈: 19.60%, 自高点回撤: 9.20%)",
ORD_000721,,605117.SH,SELL,2025-08-18,2025-08-19,1100,1100,0,0,1100,57.12,57.02,15.68,31.36,0.63,66.0,113.67,FILLED,调仓剔除(掉出Top-K),
ORD_000722,,000166.SZ,SELL,2025-08-18,2025-08-19,24500,24500,0,0,24500,5.58,5.55,33.99,67.99,1.36,245.0,348.34,FILLED,调仓剔除(掉出Top-K),
ORD_000725,,688472.SH,SELL,2025-08-18,2025-08-19,1200,1200,0,0,1200,9.8,9.78,5.0,5.87,0.12,12.0,22.99,FILLED,Top-K目标再平衡减仓,
ORD_000726,,000063.SZ,SELL,2025-08-18,2025-08-19,300,300,0,0,300,38.31,37.72,5.0,5.66,0.11,12.0,22.77,FILLED,Top-K目标再平衡减仓,
ORD_000727,,688396.SH,SELL,2025-08-18,2025-08-19,200,200,0,0,200,47.9,48.05,5.0,4.8,0.1,10.0,19.9,FILLED,Top-K目标再平衡减仓,
ORD_000723,,688981.SH,BUY,2025-08-18,2025-08-19,500,500,0,0,500,92.31,91.76,11.47,0.0,0.46,45.0,56.93,FILLED,Top-K目标建仓/加仓,
ORD_000724,,688521.SH,BUY,2025-08-18,2025-08-19,400,400,0,0,400,112.25,110.41,11.04,0.0,0.44,44.0,55.48,FILLED,Top-K目标建仓/加仓,
ORD_000728,,000157.SZ,BUY,2025-08-18,2025-08-19,18000,18000,0,0,18000,7.5,7.5,33.75,0.0,1.35,180.0,215.1,FILLED,Top-K目标建仓/加仓,
ORD_000729,,603501.SH,BUY,2025-08-18,2025-08-19,400,400,0,0,400,128.41,128.63,12.86,0.0,0.51,52.0,65.37,FILLED,Top-K目标建仓/加仓,
ORD_000730,,603392.SH,BUY,2025-08-18,2025-08-19,900,900,0,0,900,55.96,56.06,12.61,0.0,0.5,54.0,67.11,FILLED,Top-K目标建仓/加仓,
ORD_000731,,688521.SH,SELL,2025-08-19,2025-08-20,400,400,0,0,400,127.28,122.88,12.29,24.58,0.49,48.0,85.36,FILLED,"触发跟踪止盈 (最高浮盈: 22.00%, 自高点回撤: 5.51%)",
ORD_000732,,688981.SH,SELL,2025-08-25,2025-08-26,500,500,0,0,500,103.17,100.9,12.61,25.23,0.5,50.0,88.34,FILLED,"触发跟踪止盈 (最高浮盈: 19.05%, 自高点回撤: 5.56%)",
ORD_000733,,000063.SZ,SELL,2025-08-26,2025-08-27,3500,3500,0,0,3500,45.02,45.25,39.59,79.19,1.58,175.0,295.36,FILLED,"触发跟踪止盈 (最高浮盈: 40.30%, 自高点回撤: 6.01%)",
ORD_000734,,688472.SH,SELL,2025-08-27,2025-08-28,5500,5500,0,0,5500,9.63,9.59,13.19,26.37,0.53,55.0,95.09,FILLED,"触发跟踪止盈 (最高浮盈: 8.22%, 自高点回撤: 5.03%)",
ORD_000735,,688396.SH,SELL,2025-08-27,2025-08-28,1100,1100,0,0,1100,51.45,51.4,14.13,28.27,0.57,55.0,97.97,FILLED,"触发跟踪止盈 (最高浮盈: 13.70%, 自高点回撤: 5.35%)",
ORD_000736,,603501.SH,SELL,2025-08-27,2025-08-28,400,400,0,0,400,139.34,139.04,13.9,27.81,0.56,56.0,98.27,FILLED,"触发跟踪止盈 (最高浮盈: 14.23%, 自高点回撤: 5.17%)",
ORD_000737,,603392.SH,SELL,2025-08-27,2025-08-28,900,900,0,0,900,58.89,58.83,13.24,26.47,0.53,54.0,94.24,FILLED,"触发跟踪止盈 (最高浮盈: 11.59%, 自高点回撤: 5.87%)",
ORD_000746,,000157.SZ,SELL,2025-09-15,2025-09-16,2700,2700,0,0,2700,7.28,7.26,5.0,9.8,0.2,27.0,42.0,FILLED,Top-K目标再平衡减仓,
ORD_000738_P1400,ORD_000738,300832.SZ,BUY,2025-09-15,2025-09-16,1800,1400,400,0,1400,68.6,68.63,24.02,0.0,0.96,98.0,122.98,PARTIALLY_FILLED,Top-K目标建仓/加仓,
ORD_000739,,300316.SZ,BUY,2025-09-15,2025-09-16,2900,2900,0,0,2900,38.07,38.04,27.58,0.0,1.1,116.0,144.68,FILLED,Top-K目标建仓/加仓,
ORD_000740,,002532.SZ,BUY,2025-09-15,2025-09-16,9600,9600,0,0,9600,11.6,11.63,27.91,0.0,1.12,96.0,125.03,FILLED,Top-K目标建仓/加仓,
ORD_000741,,002028.SZ,BUY,2025-09-15,2025-09-16,1300,1300,0,0,1300,93.22,93.31,30.33,0.0,1.21,117.0,148.54,FILLED,Top-K目标建仓/加仓,
ORD_000742,,002422.SZ,BUY,2025-09-15,2025-09-16,3300,3300,0,0,3300,37.55,37.59,31.01,0.0,1.24,132.0,164.25,FILLED,Top-K目标建仓/加仓,
ORD_000743,,600426.SH,BUY,2025-09-15,2025-09-16,4700,4700,0,0,4700,26.28,26.45,31.08,0.0,1.24,141.0,173.32,FILLED,Top-K目标建仓/加仓,
ORD_000744,,000063.SZ,BUY,2025-09-15,2025-09-16,2800,2800,0,0,2800,43.06,43.21,30.25,0.0,1.21,112.0,143.46,FILLED,Top-K目标建仓/加仓,
ORD_000745,,000100.SZ,BUY,2025-09-15,2025-09-16,28000,28000,0,0,28000,4.42,4.42,30.94,0.0,1.24,0.0,32.18,FILLED,Top-K目标建仓/加仓,
ORD_000738,,300832.SZ,BUY,2025-09-15,2025-09-17,1800,1800,0,0,400,68.6,69.38,6.94,0.0,0.28,28.0,35.22,FILLED,Top-K目标建仓/加仓,
ORD_000747,,000063.SZ,SELL,2025-09-26,2025-09-29,2800,2800,0,0,2800,44.47,44.38,31.07,62.13,1.24,112.0,206.44,FILLED,"触发跟踪止盈 (最高浮盈: 8.89%, 自高点回撤: 5.48%)",
ORD_000748,,300316.SZ,SELL,2025-09-29,2025-09-30,2900,2900,0,0,2900,45.03,45.69,33.13,66.25,1.33,145.0,245.71,FILLED,"触发跟踪止盈 (最高浮盈: 28.50%, 自高点回撤: 7.88%)",
ORD_000749,,002028.SZ,SELL,2025-10-13,2025-10-14,1300,1300,0,0,1300,108.88,109.12,35.46,70.93,1.42,143.0,250.81,FILLED,"触发跟踪止盈 (最高浮盈: 23.11%, 自高点回撤: 5.21%)",
ORD_000750_P1400,ORD_000750,300832.SZ,SELL,2025-10-14,2025-10-15,1800,1400,400,0,1400,63.24,63.27,22.14,44.29,0.89,84.0,151.32,PARTIALLY_FILLED,触发个股硬止损 (浮亏: -8.08% <= -8.0%),
ORD_000751,,002532.SZ,SELL,2025-10-14,2025-10-15,9600,9600,0,0,9600,11.52,11.56,27.74,55.49,1.11,96.0,180.34,FILLED,"触发跟踪止盈 (最高浮盈: 6.10%, 自高点回撤: 6.65%)",
ORD_000752,,002422.SZ,SELL,2025-10-14,2025-10-15,3300,3300,0,0,3300,34.01,33.99,28.04,56.08,1.12,99.0,184.24,FILLED,触发个股硬止损 (浮亏: -9.52% <= -8.0%),
ORD_000750,,300832.SZ,SELL,2025-10-14,2025-10-16,1800,1800,0,0,400,63.24,62.57,6.26,12.51,0.25,24.0,43.02,FILLED,触发个股硬止损 (浮亏: -8.08% <= -8.0%),
ORD_000753,,000157.SZ,SELL,2025-10-17,2025-10-20,15300,15300,0,0,15300,7.94,8.05,30.79,61.58,1.23,153.0,246.6,FILLED,"触发跟踪止盈 (最高浮盈: 12.53%, 自高点回撤: 5.92%)",
ORD_000754,,600426.SH,SELL,2025-10-20,2025-10-21,4700,4700,0,0,4700,24.29,24.28,28.53,57.06,1.14,94.0,180.73,FILLED,触发个股硬止损 (浮亏: -8.17% <= -8.0%),
ORD_000755,,002353.SZ,BUY,2025-10-21,2025-10-22,2100,2100,0,0,2100,52.68,53.5,28.09,0.0,1.12,105.0,134.21,FILLED,Top-K目标建仓/加仓,
ORD_000756_P15200,ORD_000756,600061.SH,BUY,2025-10-21,2025-10-22,18200,15200,3000,0,15200,7.77,7.76,29.49,0.0,1.18,152.0,182.67,PARTIALLY_FILLED,Top-K目标建仓/加仓,
ORD_000757,,002532.SZ,BUY,2025-10-21,2025-10-22,9100,9100,0,0,9100,12.34,12.11,27.55,0.0,1.1,91.0,119.65,FILLED,Top-K目标建仓/加仓,
ORD_000758,,000002.SZ,BUY,2025-10-21,2025-10-22,22100,22100,0,0,22100,6.4,6.37,35.19,0.0,1.41,221.0,257.6,FILLED,Top-K目标建仓/加仓,
ORD_000759,,000063.SZ,BUY,2025-10-21,2025-10-22,2700,2700,0,0,2700,51.24,50.24,33.91,0.0,1.36,135.0,170.27,FILLED,Top-K目标建仓/加仓,
ORD_000760,,000100.SZ,BUY,2025-10-21,2025-10-22,6000,6000,0,0,6000,4.16,4.16,6.24,0.0,0.25,0.0,6.49,FILLED,Top-K目标建仓/加仓,
ORD_000761,,000157.SZ,BUY,2025-10-21,2025-10-22,13900,13900,0,0,13900,8.13,8.12,28.22,0.0,1.13,139.0,168.35,FILLED,Top-K目标建仓/加仓,
ORD_000762,,000166.SZ,BUY,2025-10-21,2025-10-22,26300,26300,0,0,26300,5.37,5.38,35.37,0.0,1.41,263.0,299.78,FILLED,Top-K目标建仓/加仓,
ORD_000756,,600061.SH,BUY,2025-10-21,2025-10-23,18200,18200,0,0,3000,7.77,7.72,5.79,0.0,0.23,30.0,36.02,FILLED,Top-K目标建仓/加仓,
ORD_000763,,000063.SZ,SELL,2025-10-29,2025-10-30,2700,2700,0,0,2700,46.2,45.56,30.75,61.51,1.23,135.0,228.49,FILLED,触发个股硬止损 (浮亏: -8.04% <= -8.0%),
ORD_000764,,002532.SZ,SELL,2025-11-05,2025-11-06,9100,9100,0,0,9100,13.17,13.09,29.78,59.56,1.19,91.0,181.53,FILLED,"触发跟踪止盈 (最高浮盈: 15.44%, 自高点回撤: 5.79%)",
ORD_000765,,002353.SZ,SELL,2025-11-10,2025-11-11,2100,2100,0,0,2100,51.22,51.17,26.86,53.73,1.07,105.0,186.66,FILLED,"触发跟踪止盈 (最高浮盈: 7.81%, 自高点回撤: 11.20%)",
ORD_000766,,000157.SZ,SELL,2025-11-14,2025-11-17,13900,13900,0,0,13900,8.25,8.24,28.63,57.27,1.15,139.0,226.05,FILLED,"触发跟踪止盈 (最高浮盈: 7.14%, 自高点回撤: 5.17%)",
ORD_000767,,000002.SZ,SELL,2025-11-18,2025-11-19,22100,22100,0,0,22100,6.13,6.11,33.76,67.52,1.35,221.0,323.63,FILLED,调仓剔除(掉出Top-K),
ORD_000768,,000166.SZ,SELL,2025-11-18,2025-11-19,26300,26300,0,0,26300,5.32,5.29,34.78,69.56,1.39,263.0,368.73,FILLED,调仓剔除(掉出Top-K),
ORD_000769,,000100.SZ,SELL,2025-11-18,2025-11-19,34000,34000,0,0,34000,4.24,4.24,36.04,72.08,1.44,0.0,109.56,FILLED,调仓剔除(掉出Top-K),
ORD_000778,,600061.SH,SELL,2025-11-18,2025-11-19,1900,1900,0,0,1900,7.59,7.59,5.0,7.21,0.14,19.0,31.35,FILLED,Top-K目标再平衡减仓,
ORD_000770,,000975.SZ,BUY,2025-11-18,2025-11-19,6100,6100,0,0,6100,20.09,20.32,30.99,0.0,1.24,122.0,154.23,FILLED,Top-K目标建仓/加仓,
ORD_000771_P1600,ORD_000771,603369.SH,BUY,2025-11-18,2025-11-19,3200,1600,1600,0,1600,38.32,38.34,15.34,0.0,0.61,64.0,79.95,PARTIALLY_FILLED,Top-K目标建仓/加仓,
ORD_000772,,002353.SZ,BUY,2025-11-18,2025-11-19,2300,2300,0,0,2300,53.3,53.3,30.65,0.0,1.23,115.0,146.88,FILLED,Top-K目标建仓/加仓,
ORD_000773,,300251.SZ,BUY,2025-11-18,2025-11-19,7400,7400,0,0,7400,16.66,16.77,31.02,0.0,1.24,148.0,180.26,FILLED,Top-K目标建仓/加仓,
ORD_000774_P2300,ORD_000774,002422.SZ,BUY,2025-11-18,2025-11-19,3600,2300,1300,0,2300,33.97,33.83,19.45,0.0,0.78,69.0,89.23,PARTIALLY_FILLED,Top-K目标建仓/加仓,
ORD_000775,,002202.SZ,BUY,2025-11-18,2025-11-19,8400,8400,0,0,8400,14.69,14.7,30.87,0.0,1.23,84.0,116.1,FILLED,Top-K目标建仓/加仓,
ORD_000776_P4100,ORD_000776,000999.SZ,BUY,2025-11-18,2025-11-19,4200,4100,100,0,4100,29.55,29.56,30.3,0.0,1.21,123.0,154.51,PARTIALLY_FILLED,Top-K目标建仓/加仓,
ORD_000777,,600219.SH,BUY,2025-11-18,2025-11-19,25200,25200,0,0,25200,4.93,4.93,31.06,0.0,1.24,0.0,32.3,FILLED,Top-K目标建仓/加仓,
ORD_000771,,603369.SH,BUY,2025-11-18,2025-11-20,3200,3200,0,0,1600,38.32,38.2,15.28,0.0,0.61,64.0,79.89,FILLED,Top-K目标建仓/加仓,
ORD_000774,,002422.SZ,BUY,2025-11-18,2025-11-20,3600,3600,0,0,1300,33.97,33.54,10.9,0.0,0.44,39.0,50.34,FILLED,Top-K目标建仓/加仓,
ORD_000776,,000999.SZ,BUY,2025-11-18,2025-11-20,4200,4200,0,0,100,29.55,29.23,5.0,0.0,0.03,3.0,8.03,FILLED,Top-K目标建仓/加仓,
ORD_000779,,000975.SZ,SELL,2025-11-21,2025-11-24,6100,6100,0,0,6100,20.35,20.3,30.96,61.91,1.24,122.0,216.11,FILLED,"触发跟踪止盈 (最高浮盈: 5.46%, 自高点回撤: 5.04%)",
ORD_000780,,002202.SZ,SELL,2025-12-03,2025-12-04,8400,8400,0,0,8400,15.29,14.89,31.27,62.54,1.25,84.0,179.06,FILLED,"触发跟踪止盈 (最高浮盈: 11.50%, 自高点回撤: 6.71%)",
ORD_000781_P2400,ORD_000781,603369.SH,SELL,2025-12-09,2025-12-10,3200,2400,800,0,2400,35.12,34.92,20.95,41.9,0.84,72.0,135.69,PARTIALLY_FILLED,触发个股硬止损 (浮亏: -8.23% <= -8.0%),
ORD_000782,,600219.SH,SELL,2025-12-09,2025-12-10,25200,25200,0,0,25200,4.97,4.95,31.19,62.37,1.25,0.0,94.81,FILLED,"触发跟踪止盈 (最高浮盈: 9.13%, 自高点回撤: 7.62%)",
ORD_000781,,603369.SH,SELL,2025-12-09,2025-12-11,3200,3200,0,0,800,35.12,35.13,7.03,14.05,0.28,32.0,53.36,FILLED,触发个股硬止损 (浮亏: -8.23% <= -8.0%),
ORD_000783,,002353.SZ,SELL,2025-12-16,2025-12-17,2300,2300,0,0,2300,70.99,71.0,40.83,81.65,1.63,161.0,285.11,FILLED,"触发跟踪止盈 (最高浮盈: 45.91%, 自高点回撤: 8.72%)",
ORD_000784,,002422.SZ,SELL,2025-12-16,2025-12-17,3600,3600,0,0,3600,30.58,30.73,27.66,55.31,1.11,108.0,192.08,FILLED,触发个股硬止损 (浮亏: -9.33% <= -8.0%),
ORD_000785,,002236.SZ,BUY,2025-12-16,2025-12-17,6800,6800,0,0,6800,18.17,18.15,30.85,0.0,1.23,136.0,168.08,FILLED,Top-K目标建仓/加仓,
ORD_000786,,000999.SZ,BUY,2025-12-16,2025-12-17,200,200,0,0,200,28.09,28.12,5.0,0.0,0.06,6.0,11.06,FILLED,Top-K目标建仓/加仓,
ORD_000787,,000002.SZ,BUY,2025-12-16,2025-12-17,25100,25100,0,0,25100,4.97,4.92,30.87,0.0,1.23,0.0,32.1,FILLED,Top-K目标建仓/加仓,
ORD_000788,,002648.SZ,BUY,2025-12-16,2025-12-17,7600,7600,0,0,7600,16.27,16.29,30.95,0.0,1.24,152.0,184.19,FILLED,Top-K目标建仓/加仓,
ORD_000789,,300251.SZ,BUY,2025-12-16,2025-12-17,400,400,0,0,400,15.86,15.82,5.0,0.0,0.06,8.0,13.06,FILLED,Top-K目标建仓/加仓,
ORD_000790_P2600,ORD_000790,603369.SH,BUY,2025-12-16,2025-12-17,3500,2600,900,0,2600,35.09,35.02,22.76,0.0,0.91,78.0,101.67,PARTIALLY_FILLED,Top-K目标建仓/加仓,
ORD_000791,,601021.SH,BUY,2025-12-16,2025-12-17,2300,2300,0,0,2300,53.72,54.05,31.08,0.0,1.24,115.0,147.32,FILLED,Top-K目标建仓/加仓,
ORD_000792,,600061.SH,BUY,2025-12-16,2025-12-17,300,300,0,0,300,7.49,7.5,5.0,0.0,0.02,3.0,8.02,FILLED,Top-K目标建仓/加仓,
ORD_000790,,603369.SH,BUY,2025-12-16,2025-12-18,3500,3500,0,0,900,35.09,35.0,7.88,0.0,0.32,27.0,35.2,FILLED,Top-K目标建仓/加仓,
ORD_000793,,300251.SZ,SELL,2026-01-15,2026-01-16,7800,7800,0,0,7800,17.73,17.73,34.57,69.15,1.38,156.0,261.1,FILLED,"触发跟踪止盈 (最高浮盈: 13.57%, 自高点回撤: 6.64%)",
ORD_000794,,601021.SH,SELL,2026-01-15,2026-01-16,2300,2300,0,0,2300,57.0,57.04,32.8,65.6,1.31,138.0,237.71,FILLED,"触发跟踪止盈 (最高浮盈: 11.69%, 自高点回撤: 5.58%)",
ORD_000795,,603369.SH,SELL,2026-01-15,2026-01-16,3500,3500,0,0,3500,34.96,34.93,30.56,61.13,1.22,105.0,197.91,FILLED,调仓剔除(掉出Top-K),
ORD_000796,,000002.SZ,SELL,2026-01-15,2026-01-16,25100,25100,0,0,25100,4.85,4.85,30.43,60.87,1.22,0.0,92.52,FILLED,调仓剔除(掉出Top-K),
ORD_000797,,002648.SZ,SELL,2026-01-15,2026-01-16,7600,7600,0,0,7600,18.98,18.98,36.06,72.12,1.44,152.0,261.62,FILLED,调仓剔除(掉出Top-K),
ORD_000798,,002236.SZ,SELL,2026-01-15,2026-01-16,6800,6800,0,0,6800,20.4,20.5,34.85,69.7,1.39,136.0,241.94,FILLED,调仓剔除(掉出Top-K),
ORD_000799,,600061.SH,SELL,2026-01-15,2026-01-16,16600,16600,0,0,16600,7.7,7.72,32.04,64.08,1.28,166.0,263.4,FILLED,调仓剔除(掉出Top-K),
ORD_000800,,688521.SH,BUY,2026-01-15,2026-01-16,400,400,0,0,400,181.45,181.18,18.12,0.0,0.72,72.0,90.84,FILLED,Top-K目标建仓/加仓,
ORD_000801,,002202.SZ,BUY,2026-01-15,2026-01-16,4300,4300,0,0,4300,30.04,27.07,29.1,0.0,1.16,129.0,159.26,FILLED,Top-K目标建仓/加仓,
ORD_000802,,002074.SZ,BUY,2026-01-15,2026-01-16,3200,3200,0,0,3200,40.96,41.45,33.16,0.0,1.33,128.0,162.49,FILLED,Top-K目标建仓/加仓,
ORD_000803,,601881.SH,BUY,2026-01-15,2026-01-16,5600,5600,0,0,5600,15.68,15.8,22.12,0.0,0.88,112.0,135.0,FILLED,Top-K目标建仓/加仓,
ORD_000804,,002837.SZ,BUY,2026-01-15,2026-01-16,800,800,0,0,800,103.33,105.1,21.02,0.0,0.84,80.0,101.86,FILLED,Top-K目标建仓/加仓,
ORD_000805,,688072.SH,BUY,2026-01-15,2026-01-16,200,200,0,0,200,372.03,378.38,18.92,0.0,0.76,76.0,95.68,FILLED,Top-K目标建仓/加仓,
ORD_000806,,600016.SH,BUY,2026-01-15,2026-01-16,34600,34600,0,0,34600,3.79,3.8,32.87,0.0,1.31,0.0,34.18,FILLED,Top-K目标建仓/加仓,
ORD_000807,,600183.SH,BUY,2026-01-15,2026-01-16,1900,1900,0,0,1900,68.34,69.08,32.81,0.0,1.31,133.0,167.12,FILLED,Top-K目标建仓/加仓,
ORD_000808,,000999.SZ,BUY,2026-01-15,2026-01-16,100,100,0,0,100,28.58,28.68,5.0,0.0,0.03,3.0,8.03,FILLED,Top-K目标建仓/加仓,
ORD_000809,,002202.SZ,SELL,2026-01-20,2026-01-21,4300,4300,0,0,4300,26.06,25.91,27.85,55.71,1.11,129.0,213.67,FILLED,"触发跟踪止盈 (最高浮盈: 5.32%, 自高点回撤: 8.59%)",
ORD_000810,,002837.SZ,SELL,2026-01-20,2026-01-21,800,800,0,0,800,96.31,95.9,19.18,38.36,0.77,80.0,138.31,FILLED,触发个股硬止损 (浮亏: -8.36% <= -8.0%),
ORD_000811,,600183.SH,SELL,2026-01-23,2026-01-26,1900,1900,0,0,1900,70.74,70.63,33.55,67.1,1.34,133.0,234.99,FILLED,"触发跟踪止盈 (最高浮盈: 8.71%, 自高点回撤: 5.81%)",
ORD_000812,,688521.SH,SELL,2026-01-26,2026-01-27,400,400,0,0,400,221.81,221.58,22.16,44.32,0.89,88.0,155.37,FILLED,"触发跟踪止盈 (最高浮盈: 31.25%, 自高点回撤: 6.72%)",
ORD_000813,,002074.SZ,SELL,2026-01-29,2026-01-30,3200,3200,0,0,3200,37.68,37.51,30.01,60.02,1.2,128.0,219.23,FILLED,触发个股硬止损 (浮亏: -9.10% <= -8.0%),
ORD_000814,,688072.SH,SELL,2026-02-02,2026-02-03,200,200,0,0,200,330.98,337.32,16.87,33.73,0.67,68.0,119.27,FILLED,触发个股硬止损 (浮亏: -12.53% <= -8.0%),
ORD_000815,,000999.SZ,SELL,2026-02-12,2026-02-13,4500,4500,0,0,4500,28.88,28.71,32.3,64.6,1.29,135.0,233.19,FILLED,调仓剔除(掉出Top-K),
ORD_000816,,600016.SH,SELL,2026-02-12,2026-02-13,34600,34600,0,0,34600,3.94,3.93,33.99,67.99,1.36,0.0,103.34,FILLED,调仓剔除(掉出Top-K),
ORD_000817,,000002.SZ,BUY,2026-02-12,2026-02-13,26400,26400,0,0,26400,4.92,4.95,32.67,0.0,1.31,0.0,33.98,FILLED,Top-K目标建仓/加仓,
ORD_000818,,688521.SH,BUY,2026-02-12,2026-02-13,300,300,0,0,300,268.46,261.26,19.59,0.0,0.78,78.0,98.37,FILLED,Top-K目标建仓/加仓,
ORD_000819,,300418.SZ,BUY,2026-02-12,2026-02-13,2000,2000,0,0,2000,63.01,61.06,30.53,0.0,1.22,120.0,151.75,FILLED,Top-K目标建仓/加仓,
ORD_000820,,688008.SH,BUY,2026-02-12,2026-02-13,500,500,0,0,500,168.11,166.97,20.87,0.0,0.83,85.0,106.7,FILLED,Top-K目标建仓/加仓,
ORD_000821,,002202.SZ,BUY,2026-02-12,2026-02-13,5100,5100,0,0,5100,25.13,25.08,31.98,0.0,1.28,153.0,186.26,FILLED,Top-K目标建仓/加仓,
ORD_000822,,601058.SH,BUY,2026-02-12,2026-02-13,8200,8200,0,0,8200,15.83,15.88,32.55,0.0,1.3,164.0,197.85,FILLED,Top-K目标建仓/加仓,
ORD_000823,,300628.SZ,BUY,2026-02-12,2026-02-13,2300,2300,0,0,2300,37.03,36.84,21.18,0.0,0.85,92.0,114.03,FILLED,Top-K目标建仓/加仓,
ORD_000824_P2400,ORD_000824,600085.SH,BUY,2026-02-12,2026-02-13,4200,2400,1800,0,2400,30.7,30.74,18.44,0.0,0.74,72.0,91.18,PARTIALLY_FILLED,Top-K目标建仓/加仓,
ORD_000825,,601881.SH,BUY,2026-02-12,2026-02-13,200,200,0,0,200,15.0,15.03,5.0,0.0,0.03,4.0,9.03,FILLED,Top-K目标建仓/加仓,
ORD_000824,,600085.SH,BUY,2026-02-12,2026-02-24,4200,4200,0,0,1800,30.7,30.77,13.85,0.0,0.55,54.0,68.4,FILLED,Top-K目标建仓/加仓,
ORD_000826,,688521.SH,SELL,2026-02-24,2026-02-25,300,300,0,0,300,257.53,249.75,18.73,37.46,0.75,75.0,131.94,FILLED,"触发跟踪止盈 (最高浮盈: 10.24%, 自高点回撤: 10.58%)",
ORD_000827,,300418.SZ,SELL,2026-02-25,2026-02-26,2000,2000,0,0,2000,58.6,57.96,28.98,57.96,1.16,120.0,208.1,FILLED,"触发跟踪止盈 (最高浮盈: 6.27%, 自高点回撤: 9.69%)",
ORD_000828,,688008.SH,SELL,2026-02-25,2026-02-26,500,500,0,0,500,167.74,167.73,20.97,41.93,0.84,85.0,148.74,FILLED,"触发跟踪止盈 (最高浮盈: 6.39%, 自高点回撤: 5.57%)",
ORD_000829,,601881.SH,SELL,2026-03-02,2026-03-03,5800,5800,0,0,5800,14.38,14.37,20.84,41.67,0.83,58.0,121.34,FILLED,触发个股硬止损 (浮亏: -8.83% <= -8.0%),
ORD_000830,,002202.SZ,SELL,2026-03-03,2026-03-04,5100,5100,0,0,5100,26.33,25.84,32.95,65.89,1.32,153.0,253.16,FILLED,"触发跟踪止盈 (最高浮盈: 17.94%, 自高点回撤: 10.99%)",
ORD_000831,,601058.SH,SELL,2026-03-04,2026-03-05,8200,8200,0,0,8200,14.45,14.69,30.11,60.23,1.2,82.0,173.54,FILLED,触发个股硬止损 (浮亏: -9.01% <= -8.0%),
ORD_000832,,300628.SZ,SELL,2026-03-17,2026-03-18,2300,2300,0,0,2300,33.65,33.72,19.39,38.78,0.78,69.0,127.95,FILLED,触发个股硬止损 (浮亏: -8.66% <= -8.0%),
ORD_000833,,000002.SZ,SELL,2026-03-19,2026-03-20,26400,26400,0,0,26400,4.5,4.51,29.77,59.53,1.19,0.0,90.49,FILLED,触发个股硬止损 (浮亏: -9.09% <= -8.0%),
ORD_000842,,600085.SH,SELL,2026-03-20,2026-03-23,1400,1400,0,0,1400,29.7,29.53,10.34,20.67,0.41,42.0,73.42,FILLED,Top-K目标再平衡减仓,
ORD_000834,,603260.SH,BUY,2026-03-20,2026-03-23,2800,2800,0,0,2800,44.6,44.03,30.82,0.0,1.23,112.0,144.05,FILLED,Top-K目标建仓/加仓,
ORD_000835,,002049.SZ,BUY,2026-03-20,2026-03-23,1700,1700,0,0,1700,70.36,69.07,29.35,0.0,1.17,119.0,149.52,FILLED,Top-K目标建仓/加仓,
ORD_000836_P2100,ORD_000836,603392.SH,BUY,2026-03-20,2026-03-23,3100,2100,1000,0,2100,40.18,39.84,20.92,0.0,0.84,84.0,105.76,PARTIALLY_FILLED,Top-K目标建仓/加仓,
ORD_000837,,000999.SZ,BUY,2026-03-20,2026-03-23,2800,2800,0,0,2800,29.62,29.5,20.65,0.0,0.83,84.0,105.48,FILLED,Top-K目标建仓/加仓,
ORD_000838,,002422.SZ,BUY,2026-03-20,2026-03-23,2400,2400,0,0,2400,34.37,34.01,20.41,0.0,0.82,72.0,93.23,FILLED,Top-K目标建仓/加仓,
ORD_000839,,000963.SZ,BUY,2026-03-20,2026-03-23,2400,2400,0,0,2400,34.97,34.58,20.75,0.0,0.83,72.0,93.58,FILLED,Top-K目标建仓/加仓,
ORD_000840_P4200,ORD_000840,603369.SH,BUY,2026-03-20,2026-03-23,4400,4200,200,0,4200,28.17,27.93,29.33,0.0,1.17,126.0,156.5,PARTIALLY_FILLED,Top-K目标建仓/加仓,
ORD_000841,,601618.SH,BUY,2026-03-20,2026-03-23,41000,41000,0,0,41000,3.05,3.03,31.06,0.0,1.24,0.0,32.3,FILLED,Top-K目标建仓/加仓,
ORD_000836,,603392.SH,BUY,2026-03-20,2026-03-24,3100,3100,0,0,1000,40.18,39.93,9.98,0.0,0.4,40.0,50.38,FILLED,Top-K目标建仓/加仓,
ORD_000840,,603369.SH,BUY,2026-03-20,2026-03-24,4400,4400,0,0,200,28.17,27.29,5.0,0.0,0.05,6.0,11.05,FILLED,Top-K目标建仓/加仓,
ORD_000843,,600085.SH,SELL,2026-03-27,2026-03-30,2800,2800,0,0,2800,28.28,27.95,19.57,39.13,0.78,84.0,143.48,FILLED,触发个股硬止损 (浮亏: -8.06% <= -8.0%),
ORD_000844_P2100,ORD_000844,603260.SH,SELL,2026-03-31,2026-04-01,2800,2100,700,0,2100,40.46,41.05,21.55,43.1,0.86,84.0,149.51,PARTIALLY_FILLED,触发个股硬止损 (浮亏: -8.11% <= -8.0%),
ORD_000844,,603260.SH,SELL,2026-03-31,2026-04-02,2800,2800,0,0,700,40.46,40.67,7.12,14.23,0.28,28.0,49.63,FILLED,触发个股硬止损 (浮亏: -8.11% <= -8.0%),
ORD_000845,,002422.SZ,SELL,2026-04-07,2026-04-08,2400,2400,0,0,2400,34.34,34.86,20.92,41.83,0.84,72.0,135.59,FILLED,"触发跟踪止盈 (最高浮盈: 8.50%, 自高点回撤: 6.94%)",
ORD_000846,,000963.SZ,SELL,2026-04-13,2026-04-14,2400,2400,0,0,2400,34.93,34.97,20.98,41.96,0.84,96.0,159.78,FILLED,"触发跟踪止盈 (最高浮盈: 7.46%, 自高点回撤: 6.00%)",
ORD_000847,,002049.SZ,SELL,2026-04-20,2026-04-21,100,100,0,0,100,73.12,71.93,5.0,3.6,0.07,7.0,15.67,FILLED,Top-K目标再平衡减仓,
ORD_000850,,603392.SH,SELL,2026-04-20,2026-04-21,400,400,0,0,400,40.55,40.43,5.0,8.09,0.16,16.0,29.25,FILLED,Top-K目标再平衡减仓,
ORD_000848,,688303.SH,BUY,2026-04-20,2026-04-21,4700,4700,0,0,4700,23.28,24.01,28.21,0.0,1.13,94.0,123.34,FILLED,Top-K目标建仓/加仓,
ORD_000849,,002422.SZ,BUY,2026-04-20,2026-04-21,3200,3200,0,0,3200,33.96,34.02,27.22,0.0,1.09,96.0,124.31,FILLED,Top-K目标建仓/加仓,
ORD_000851,,000999.SZ,BUY,2026-04-20,2026-04-21,1200,1200,0,0,1200,27.54,27.57,8.27,0.0,0.33,36.0,44.6,FILLED,Top-K目标建仓/加仓,
ORD_000852,,000963.SZ,BUY,2026-04-20,2026-04-21,3200,3200,0,0,3200,34.43,34.46,27.57,0.0,1.1,96.0,124.67,FILLED,Top-K目标建仓/加仓,
ORD_000853,,603260.SH,BUY,2026-04-20,2026-04-21,2400,2400,0,0,2400,45.09,45.64,27.38,0.0,1.1,120.0,148.48,FILLED,Top-K目标建仓/加仓,
ORD_000854,,603369.SH,BUY,2026-04-20,2026-04-21,300,300,0,0,300,25.88,25.85,5.0,0.0,0.08,9.0,14.08,FILLED,Top-K目标建仓/加仓,
ORD_000855,,601618.SH,BUY,2026-04-20,2026-04-21,400,400,0,0,400,2.97,2.96,5.0,0.0,0.01,0.0,5.01,FILLED,Top-K目标建仓/加仓,
ORD_000856,,000999.SZ,SELL,2026-04-27,2026-04-28,4000,4000,0,0,4000,25.99,25.96,25.96,51.92,1.04,120.0,198.92,FILLED,触发个股硬止损 (浮亏: -10.13% <= -8.0%),
ORD_000857,,002049.SZ,SELL,2026-05-08,2026-05-11,1600,1600,0,0,1600,77.36,78.67,31.47,62.94,1.26,128.0,223.67,FILLED,"触发跟踪止盈 (最高浮盈: 18.37%, 自高点回撤: 5.38%)",
ORD_000858,,603392.SH,SELL,2026-05-12,2026-05-13,2700,2700,0,0,2700,43.31,42.86,28.93,57.86,1.16,108.0,195.95,FILLED,"触发跟踪止盈 (最高浮盈: 17.82%, 自高点回撤: 7.81%)",
ORD_000859_P4300,ORD_000859,603369.SH,SELL,2026-05-15,2026-05-18,4700,4300,400,0,4300,27.75,27.77,29.85,59.71,1.19,129.0,219.75,PARTIALLY_FILLED,"触发跟踪止盈 (最高浮盈: 6.19%, 自高点回撤: 5.90%)",
ORD_000860,,688303.SH,SELL,2026-05-15,2026-05-18,4700,4700,0,0,4700,21.19,21.0,24.68,49.35,0.99,94.0,169.02,FILLED,触发个股硬止损 (浮亏: -11.75% <= -8.0%),
ORD_000861,,000963.SZ,SELL,2026-05-15,2026-05-18,3200,3200,0,0,3200,31.3,30.97,24.78,49.55,0.99,96.0,171.32,FILLED,触发个股硬止损 (浮亏: -9.17% <= -8.0%),
ORD_000859,,603369.SH,SELL,2026-05-15,2026-05-19,4700,4700,0,0,400,27.75,27.82,5.0,5.56,0.11,12.0,22.67,FILLED,"触发跟踪止盈 (最高浮盈: 6.19%, 自高点回撤: 5.90%)",
ORD_000862,,002422.SZ,SELL,2026-05-18,2026-05-19,3200,3200,0,0,3200,30.63,31.12,24.9,49.79,1.0,96.0,171.69,FILLED,触发个股硬止损 (浮亏: -9.96% <= -8.0%),
ORD_000863,,603260.SH,SELL,2026-05-18,2026-05-19,2400,2400,0,0,2400,41.46,41.49,24.89,49.79,1.0,96.0,171.68,FILLED,触发个股硬止损 (浮亏: -9.16% <= -8.0%),
ORD_000864,,601618.SH,SELL,2026-05-21,2026-05-22,41400,41400,0,0,41400,2.81,2.81,29.08,58.17,1.16,0.0,88.41,FILLED,调仓剔除(掉出Top-K),
ORD_000865,,300502.SZ,BUY,2026-05-21,2026-05-22,200,200,0,0,200,566.0,577.91,28.9,0.0,1.16,116.0,146.06,FILLED,Top-K目标建仓/加仓,
ORD_000866,,002916.SZ,BUY,2026-05-21,2026-05-22,300,300,0,0,300,343.88,357.99,26.85,0.0,1.07,108.0,135.92,FILLED,Top-K目标建仓/加仓,
ORD_000867,,002463.SZ,BUY,2026-05-21,2026-05-22,1200,1200,0,0,1200,103.7,106.11,31.83,0.0,1.27,132.0,165.1,FILLED,Top-K目标建仓/加仓,
ORD_000868,,002384.SZ,BUY,2026-05-21,2026-05-22,600,600,0,0,600,206.97,211.13,31.67,0.0,1.27,126.0,158.94,FILLED,Top-K目标建仓/加仓,
ORD_000869,,000988.SZ,BUY,2026-05-21,2026-05-22,800,800,0,0,800,153.96,155.71,31.14,0.0,1.25,128.0,160.39,FILLED,Top-K目标建仓/加仓,
ORD_000870,,300308.SZ,BUY,2026-05-21,2026-05-22,100,100,0,0,100,993.34,1011.05,25.28,0.0,1.01,101.0,127.29,FILLED,Top-K目标建仓/加仓,
ORD_000871,,600845.SH,BUY,2026-05-21,2026-05-22,5900,5900,0,0,5900,22.55,22.73,33.53,0.0,1.34,118.0,152.87,FILLED,Top-K目标建仓/加仓,
ORD_000872,,600183.SH,BUY,2026-05-21,2026-05-22,1300,1300,0,0,1300,98.19,102.2,33.22,0.0,1.33,130.0,164.55,FILLED,Top-K目标建仓/加仓,
ORD_000873,,002916.SZ,SELL,2026-05-27,2026-05-28,300,300,0,0,300,396.05,390.42,29.28,58.56,1.17,117.0,206.01,FILLED,"触发跟踪止盈 (最高浮盈: 20.95%, 自高点回撤: 8.53%)",
ORD_000874,,000988.SZ,SELL,2026-05-27,2026-05-28,800,800,0,0,800,159.88,157.85,31.57,63.14,1.26,128.0,223.97,FILLED,"触发跟踪止盈 (最高浮盈: 12.90%, 自高点回撤: 9.06%)",
ORD_000875,,600845.SH,SELL,2026-05-27,2026-05-28,5900,5900,0,0,5900,20.83,20.78,30.65,61.3,1.23,118.0,211.18,FILLED,触发个股硬止损 (浮亏: -8.36% <= -8.0%),
ORD_000876,,600183.SH,SELL,2026-05-27,2026-05-28,1300,1300,0,0,1300,131.76,132.64,43.11,86.22,1.72,169.0,300.05,FILLED,"触发跟踪止盈 (最高浮盈: 36.99%, 自高点回撤: 5.89%)",
ORD_000877,,002384.SZ,SELL,2026-05-28,2026-05-29,600,600,0,0,600,219.0,222.71,33.41,66.81,1.34,132.0,233.56,FILLED,"触发跟踪止盈 (最高浮盈: 10.83%, 自高点回撤: 6.41%)",
ORD_000878,,300502.SZ,SELL,2026-06-01,2026-06-02,200,200,0,0,200,679.82,695.3,34.77,69.53,1.39,140.0,245.69,FILLED,"触发跟踪止盈 (最高浮盈: 27.01%, 自高点回撤: 7.38%)",
ORD_000879,,002463.SZ,SELL,2026-06-01,2026-06-02,1200,1200,0,0,1200,122.51,123.88,37.16,74.33,1.49,144.0,256.98,FILLED,"触发跟踪止盈 (最高浮盈: 30.87%, 自高点回撤: 11.78%)",
ORD_000880,,300308.SZ,SELL,2026-06-01,2026-06-02,100,100,0,0,100,1130.0,1152.45,28.81,57.62,1.15,115.0,202.58,FILLED,"触发跟踪止盈 (最高浮盈: 19.68%, 自高点回撤: 6.61%)",
ORD_000881,,000988.SZ,BUY,2026-06-18,2026-06-22,800,800,0,0,800,177.55,181.09,36.22,0.0,1.45,144.0,181.67,FILLED,Top-K目标建仓/加仓,
ORD_000882,,002463.SZ,BUY,2026-06-18,2026-06-22,900,900,0,0,900,147.9,149.94,33.74,0.0,1.35,135.0,170.09,FILLED,Top-K目标建仓/加仓,
ORD_000883,,002384.SZ,BUY,2026-06-18,2026-06-22,500,500,0,0,500,273.0,273.32,34.16,0.0,1.37,135.0,170.53,FILLED,Top-K目标建仓/加仓,
ORD_000884,,301308.SZ,BUY,2026-06-18,2026-06-22,200,200,0,0,200,577.79,590.59,29.53,0.0,1.18,118.0,148.71,FILLED,Top-K目标建仓/加仓,
ORD_000885,,600048.SH,BUY,2026-06-18,2026-06-22,29800,29800,0,0,29800,4.92,4.91,36.58,0.0,1.46,0.0,38.04,FILLED,Top-K目标建仓/加仓,
ORD_000886,,603986.SH,BUY,2026-06-18,2026-06-22,100,100,0,0,100,629.0,643.64,16.09,0.0,0.64,64.0,80.73,FILLED,Top-K目标建仓/加仓,
ORD_000887,,002916.SZ,BUY,2026-06-18,2026-06-22,200,200,0,0,200,453.8,462.88,23.14,0.0,0.93,92.0,116.07,FILLED,Top-K目标建仓/加仓,
ORD_000888,,600845.SH,BUY,2026-06-18,2026-06-22,8200,8200,0,0,8200,17.9,17.82,36.53,0.0,1.46,164.0,201.99,FILLED,Top-K目标建仓/加仓,
ORD_000889,,000988.SZ,SELL,2026-06-23,2026-06-24,800,800,0,0,800,163.66,161.84,32.37,64.74,1.29,128.0,226.4,FILLED,触发个股硬止损 (浮亏: -9.63% <= -8.0%),
ORD_000890,,301308.SZ,SELL,2026-06-23,2026-06-24,200,200,0,0,200,596.01,580.98,29.05,58.1,1.16,116.0,204.31,FILLED,"触发跟踪止盈 (最高浮盈: 8.34%, 自高点回撤: 6.85%)",
ORD_000891,,603986.SH,SELL,2026-06-23,2026-06-24,100,100,0,0,100,640.99,640.36,16.01,32.02,0.64,64.0,112.67,FILLED,"触发跟踪止盈 (最高浮盈: 7.16%, 自高点回撤: 7.06%)",
ORD_000892,,600845.SH,SELL,2026-06-26,2026-06-29,8200,8200,0,0,8200,16.36,16.3,33.41,66.83,1.34,164.0,265.58,FILLED,触发个股硬止损 (浮亏: -8.19% <= -8.0%),
ORD_000893,,002384.SZ,SELL,2026-06-29,2026-06-30,500,500,0,0,500,249.59,247.29,30.91,61.82,1.24,125.0,218.97,FILLED,触发个股硬止损 (浮亏: -8.68% <= -8.0%),
ORD_000894,,002463.SZ,SELL,2026-07-01,2026-07-02,900,900,0,0,900,145.01,138.01,31.05,62.1,1.24,126.0,220.39,FILLED,"触发跟踪止盈 (最高浮盈: 5.51%, 自高点回撤: 8.34%)",
ORD_000895,,002916.SZ,SELL,2026-07-02,2026-07-03,200,200,0,0,200,423.1,425.85,21.29,42.59,0.85,86.0,150.73,FILLED,触发个股硬止损 (浮亏: -8.59% <= -8.0%),
ORD_000896,,600048.SH,SELL,2026-07-17,2026-07-20,29800,29800,0,0,29800,4.86,4.87,36.28,72.56,1.45,0.0,110.29,FILLED,调仓剔除(掉出Top-K),
ORD_000897,,688981.SH,BUY,2026-07-17,2026-07-20,900,900,0,0,900,139.88,145.14,32.66,0.0,1.31,126.0,159.97,FILLED,Top-K目标建仓/加仓,
ORD_000898,,000001.SZ,BUY,2026-07-17,2026-07-20,12900,12900,0,0,12900,10.78,10.76,34.7,0.0,1.39,129.0,165.09,FILLED,Top-K目标建仓/加仓,
ORD_000899,,688521.SH,BUY,2026-07-17,2026-07-20,600,600,0,0,600,231.6,240.46,36.07,0.0,1.44,144.0,181.51,FILLED,Top-K目标建仓/加仓,
ORD_000900,,000063.SZ,BUY,2026-07-17,2026-07-20,3800,3800,0,0,3800,36.0,36.04,34.24,0.0,1.37,152.0,187.61,FILLED,Top-K目标建仓/加仓,
ORD_000901,,000100.SZ,BUY,2026-07-17,2026-07-20,27800,27800,0,0,27800,5.0,5.02,34.89,0.0,1.4,278.0,314.29,FILLED,Top-K目标建仓/加仓,
ORD_000902,,000157.SZ,BUY,2026-07-17,2026-07-20,19300,19300,0,0,19300,7.19,7.23,34.88,0.0,1.4,193.0,229.28,FILLED,Top-K目标建仓/加仓,
ORD_000903,,000166.SZ,BUY,2026-07-17,2026-07-20,30400,30400,0,0,30400,4.58,4.59,34.88,0.0,1.4,0.0,36.28,FILLED,Top-K目标建仓/加仓,
ORD_000904,,000301.SZ,BUY,2026-07-17,2026-07-20,12200,12200,0,0,12200,11.4,11.57,35.29,0.0,1.41,122.0,158.7,FILLED,Top-K目标建仓/加仓,
ORD_000905,,688521.SH,SELL,2026-07-22,2026-07-23,600,600,0,0,600,239.47,243.06,36.46,72.92,1.46,144.0,254.84,FILLED,"触发跟踪止盈 (最高浮盈: 7.66%, 自高点回撤: 7.50%)",
ORD_000906,,688981.SH,SELL,2026-07-23,2026-07-24,900,900,0,0,900,145.09,145.16,32.66,65.32,1.31,135.0,234.29,FILLED,"触发跟踪止盈 (最高浮盈: 11.20%, 自高点回撤: 10.11%)",
ORD_000907,,000063.SZ,SELL,2026-07-23,2026-07-24,3800,3800,0,0,3800,35.92,34.97,33.22,66.44,1.33,152.0,252.99,FILLED,"触发跟踪止盈 (最高浮盈: 6.47%, 自高点回撤: 6.39%)",
ORD_000908,,000100.SZ,SELL,2026-07-24,2026-07-27,27800,27800,0,0,27800,5.04,5.04,35.03,70.06,1.4,278.0,384.49,FILLED,"触发跟踪止盈 (最高浮盈: 6.57%, 自高点回撤: 5.79%)",
ORD_000909_P11100,ORD_000909,000301.SZ,SELL,2026-07-24,2026-07-27,12200,11100,1100,0,11100,11.6,11.39,31.61,63.21,1.26,111.0,207.08,PARTIALLY_FILLED,"触发跟踪止盈 (最高浮盈: 6.31%, 自高点回撤: 5.69%)",
ORD_000909,,000301.SZ,SELL,2026-07-24,2026-07-28,12200,12200,0,0,1100,11.6,11.49,5.0,6.32,0.13,11.0,22.45,FILLED,"触发跟踪止盈 (最高浮盈: 6.31%, 自高点回撤: 5.69%)",
ORD_000910,,000157.SZ,SELL,2026-08-04,2026-08-05,19300,19300,0,0,19300,7.34,7.33,35.37,70.73,1.41,193.0,300.51,FILLED,"触发跟踪止盈 (最高浮盈: 7.19%, 自高点回撤: 5.29%)",
ORD_000912,,000001.SZ,SELL,2026-08-14,2026-08-17,400,400,0,0,400,11.11,11.19,5.0,2.24,0.04,4.0,11.28,FILLED,Top-K目标再平衡减仓,
ORD_000911,,688521.SH,BUY,2026-08-14,2026-08-17,600,600,0,0,600,207.28,208.5,31.28,0.0,1.25,126.0,158.53,FILLED,Top-K目标建仓/加仓,
ORD_000913,,688506.SH,BUY,2026-08-14,2026-08-17,400,400,0,0,400,302.0,301.08,30.11,0.0,1.2,120.0,151.31,FILLED,Top-K目标建仓/加仓,
ORD_000914,,000063.SZ,BUY,2026-08-14,2026-08-17,3900,3900,0,0,3900,35.05,35.34,34.46,0.0,1.38,156.0,191.84,FILLED,Top-K目标建仓/加仓,
ORD_000915,,000100.SZ,BUY,2026-08-14,2026-08-17,27100,27100,0,0,27100,5.14,5.15,34.89,0.0,1.4,271.0,307.29,FILLED,Top-K目标建仓/加仓,
ORD_000916_P17300,ORD_000916,000157.SZ,BUY,2026-08-14,2026-08-17,20100,17300,2800,0,17300,6.93,6.99,30.23,0.0,1.21,173.0,204.44,PARTIALLY_FILLED,Top-K目标建仓/加仓,
ORD_000917,,000166.SZ,BUY,2026-08-14,2026-08-17,300,300,0,0,300,4.53,4.54,5.0,0.0,0.01,0.0,5.01,FILLED,Top-K目标建仓/加仓,
ORD_000918_P8200,ORD_000918,000301.SZ,BUY,2026-08-14,2026-08-17,11000,8200,2800,0,8200,12.61,12.65,25.93,0.0,1.04,82.0,108.97,PARTIALLY_FILLED,Top-K目标建仓/加仓,
ORD_000916,,000157.SZ,BUY,2026-08-14,2026-08-18,20100,20100,0,0,2800,6.93,6.94,5.0,0.0,0.19,28.0,33.19,FILLED,Top-K目标建仓/加仓,
ORD_000918,,000301.SZ,BUY,2026-08-14,2026-08-18,11000,11000,0,0,2800,12.61,12.71,8.9,0.0,0.36,28.0,37.26,FILLED,Top-K目标建仓/加仓,
ORD_000919,,000001.SZ,SELL,2026-08-18,2026-08-19,12500,12500,0,0,12500,11.05,11.07,34.59,69.19,1.38,125.0,230.16,FILLED,"触发跟踪止盈 (最高浮盈: 8.36%, 自高点回撤: 5.23%)",
ORD_000920,,688521.SH,SELL,2026-08-18,2026-08-19,600,600,0,0,600,213.3,206.92,31.04,62.08,1.24,126.0,220.36,FILLED,"触发跟踪止盈 (最高浮盈: 8.71%, 自高点回撤: 5.89%)",
