signal_date,entry_date,entry_price_type,earliest_exit_date,actual_exit_date,exit_delay_days,exit_attempt_count,exit_status,exit_price_type,requested_long_count,executed_long_count,rejected_long_count,long_gross_return,benchmark_return,long_excess_return,entry_commission,exit_commission,stamp_duty,slippage,total_cost,long_net_return,factor_diagnostic_spread,long_turnover,short_turnover,gross_turnover,long_equity_curve,bench_equity_curve
2021-12-29,2021-12-30,open,2021-12-31,2022-01-14,5,6,UNEXECUTED_TIMEOUT,open,54,54,0,-0.01469023990391962,-0.028316178344157672,0.013625938440238052,0.0003,0.0003,0.0005,0.0004,0.0015,-0.016190239903919622,-0.03417818426498462,1.0,1.0,1.0,0.9838097600960803,0.9716838216558423
2021-12-30,2021-12-31,open,2022-01-04,2022-01-17,4,5,UNEXECUTED_TIMEOUT,open,55,55,0,-0.009584552560770543,-0.04226927877738007,0.032684726216609526,3.8181818181818194e-05,3.8181818181818194e-05,6.363636363636365e-05,5.090909090909093e-05,0.00019090909090909098,-0.009775461651679633,-0.022761688116718477,0.12727272727272732,1.0,0.5636363636363637,0.9741925655137129,0.9306114473148015
2021-12-31,2022-01-04,open,2022-01-05,2022-01-18,5,5,UNEXECUTED_TIMEOUT,open,55,55,0,-0.017672582242445584,-0.03856466660642721,0.020892084363981628,2.727272727272728e-05,2.727272727272728e-05,4.545454545454547e-05,3.636363636363638e-05,0.00013636363636363642,-0.01780894587880922,0.000960577726500024,0.09090909090909094,1.0,0.5454545454545454,0.9568432228389409,0.8947227271089815
2022-01-04,2022-01-05,open,2022-01-06,2022-01-19,5,5,UNEXECUTED_TIMEOUT,open,55,55,0,-0.021157959107704936,-0.018770419738647903,-0.0023875393690570325,2.727272727272728e-05,2.727272727272728e-05,4.545454545454547e-05,3.636363636363638e-05,0.00013636363636363642,-0.02129432274406857,0.010375806625826784,0.09090909090909094,1.0,0.5454545454545454,0.9364678944363337,0.8779284059714382
2022-01-05,2022-01-06,open,2022-01-07,2022-01-20,5,5,UNEXECUTED_TIMEOUT,open,55,55,0,-0.003661357808982882,-0.013195361735557465,0.009534003926574584,2.727272727272728e-05,2.727272727272728e-05,4.545454545454547e-05,3.636363636363638e-05,0.00013636363636363642,-0.0037977214453465183,-0.012764557200292386,0.09090909090909094,1.0,0.5454545454545454,0.9329114502307544,0.8663438230767238
2022-01-06,2022-01-07,open,2022-01-10,2022-01-21,5,5,UNEXECUTED_TIMEOUT,open,55,55,0,-0.006856639203071515,-0.00322221710923698,-0.0036344220938345348,1.636363636363637e-05,1.636363636363637e-05,2.7272727272727283e-05,2.1818181818181828e-05,8.181818181818184e-05,-0.006938457384889697,0.014287137350326464,0.054545454545454564,1.0,0.5272727272727273,0.9264384838894526,0.8635522751875242
2022-01-07,2022-01-10,open,2022-01-11,2022-01-24,5,6,UNEXECUTED_TIMEOUT,open,55,55,0,0.0005606297046404847,-0.012112679568516027,0.012673309273156512,3.272727272727274e-05,3.272727272727274e-05,5.4545454545454567e-05,4.3636363636363656e-05,0.00016363636363636369,0.00039699334100412104,-0.007433789569864806,0.10909090909090913,1.0,0.5545454545454546,0.9268062737984067,0.8530923431875147
2022-01-10,2022-01-11,open,2022-01-12,2022-01-25,5,6,UNEXECUTED_TIMEOUT,open,55,55,0,-0.021387374813921573,-0.01612786257215637,-0.0052595122417652025,4.363636363636365e-05,4.363636363636365e-05,7.272727272727276e-05,5.8181818181818206e-05,0.00021818181818181827,-0.021605556632103392,-0.019263288933327873,0.1454545454545455,1.0,0.5727272727272728,0.9067821083628665,0.8393337871152277
2022-01-11,2022-01-12,open,2022-01-13,2022-01-26,5,6,UNEXECUTED_TIMEOUT,open,55,55,0,0.0007359564566624112,-0.025273662606948966,0.026009619063611378,2.727272727272728e-05,2.727272727272728e-05,4.545454545454547e-05,3.636363636363638e-05,0.00013636363636363642,0.0005995928202987748,0.00039439144601390133,0.09090909090909094,1.0,0.5454545454545454,0.9073258084046164,0.8181207481650646
2022-01-12,2022-01-13,open,2022-01-14,2022-01-27,5,6,UNEXECUTED_TIMEOUT,open,55,55,0,-0.029021269041852735,-0.029864222997957324,0.0008429539561045883,2.1818181818181825e-05,2.1818181818181825e-05,3.636363636363638e-05,2.9090909090909103e-05,0.00010909090909090913,-0.029130359950943645,0.0005751382107577613,0.07272727272727275,1.0,0.5363636363636364,0.8808950810130091,0.7936882077026075
2022-01-13,2022-01-14,open,2022-01-17,2022-01-28,5,6,UNEXECUTED_TIMEOUT,open,56,56,0,-0.018603602175180693,-0.021521900068972588,0.002918297893791895,2.1428571428571418e-05,2.1428571428571418e-05,3.57142857142857e-05,2.857142857142856e-05,0.00010714285714285708,-0.01871074503232355,-0.02153393112419033,0.0714285714285714,1.0,0.5357142857142857,0.8644128777519466,0.77660652941051
2022-01-14,2022-01-17,open,2022-01-18,2022-02-07,6,6,UNEXECUTED_TIMEOUT,open,56,56,0,0.001686916251196463,-0.019071595936355545,0.02075851218755201,3.2142857142857124e-05,3.2142857142857124e-05,5.357142857142855e-05,4.285714285714284e-05,0.00016071428571428565,0.0015262019654821773,-0.011560261565871146,0.1071428571428571,1.0,0.5535714285714286,0.8657321463849599,0.7617954034800574
2022-01-17,2022-01-18,open,2022-01-19,2022-02-08,6,6,UNEXECUTED_TIMEOUT,open,56,56,0,-0.006300261435761474,-0.029442091004390658,0.023141829568629185,3.75e-05,3.75e-05,6.25e-05,5e-05,0.0001875,-0.0064877614357614745,-0.013616317493052777,0.125,1.0,0.5625,0.8601154827519445,0.739366553884071
2022-01-18,2022-01-19,open,2022-01-20,2022-02-09,5,6,EXECUTED_ON_TIME,open,56,56,0,-0.026070236817433232,-0.04312087829028166,0.01705064147284843,3.75e-05,3.75e-05,6.25e-05,5e-05,0.0001875,-0.026257736817433232,-0.020201495569313478,0.125,1.0,0.5625,0.8375307967732444,0.707484418702131
2022-01-19,2022-01-20,open,2022-01-21,2022-02-10,5,6,EXECUTED_ON_TIME,open,55,55,0,-0.01594155979882753,-0.025333688274104538,0.009392128475277008,2.1818181818181825e-05,2.1818181818181825e-05,3.636363636363638e-05,2.9090909090909103e-05,0.00010909090909090913,-0.01605065070791844,-0.015917778477636934,0.07272727272727275,1.0,0.5363636363636364,0.8240878824971124,0.6895612289799451
2022-01-20,2022-01-21,open,2022-01-24,2022-02-11,5,6,EXECUTED_ON_TIME,open,55,55,0,-0.023248378065983594,-0.0396980685093683,0.016449690443384707,2.727272727272728e-05,2.727272727272728e-05,4.545454545454547e-05,3.636363636363638e-05,0.00013636363636363642,-0.02338474170234723,-0.005637213992148997,0.09090909090909094,1.0,0.5454545454545454,0.8048168002248831,0.662186980070495
2022-01-21,2022-01-24,open,2022-01-25,2022-02-14,5,5,UNEXECUTED_TIMEOUT,open,55,55,0,-0.010530660118312463,-0.036710804782810635,0.026180144664498174,4.363636363636365e-05,4.363636363636365e-05,7.272727272727276e-05,5.8181818181818206e-05,0.00021818181818181827,-0.010748841936494282,-0.017147561648693257,0.1454545454545455,1.0,0.5727272727272728,0.7961659516514308,0.6378775631154082
2022-01-24,2022-01-25,open,2022-01-26,2022-02-15,4,5,DELAYED_LIMIT_DOWN,open,55,55,0,-0.022858965857278143,-0.0437087747666397,0.02084980890936156,3.272727272727274e-05,3.272727272727274e-05,5.4545454545454567e-05,4.3636363636363656e-05,0.00016363636363636369,-0.023022602220914505,-0.004175007504988969,0.10909090909090913,1.0,0.5545454545454546,0.7778361396447241,0.6099967163805038
2022-01-25,2022-01-26,open,2022-01-27,2022-02-16,4,5,DELAYED_LIMIT_DOWN,open,55,55,0,-0.0010508617727980022,-0.01644696013432989,0.015396098361531888,4.9090909090909104e-05,4.9090909090909104e-05,8.181818181818184e-05,6.545454545454548e-05,0.00024545454545454556,-0.0012963163182525476,-0.005544199388723908,0.1636363636363637,1.0,0.5818181818181818,0.776827817963976,0.5999641247041215
2022-01-26,2022-01-27,open,2022-01-28,2022-02-17,4,5,EXECUTED_ON_TIME,open,55,55,0,-0.011537328554515391,-0.019371512791043766,0.007834184236528374,5.4545454545454526e-05,5.4545454545454526e-05,9.090909090909089e-05,7.272727272727271e-05,0.0002727272727272727,-0.011810055827242665,0.0033083204533474516,0.18181818181818177,1.0,0.5909090909090908,0.7676534380656663,0.5883419119882483
2022-01-27,2022-01-28,open,2022-02-07,2022-02-18,4,4,EXECUTED_ON_TIME,open,56,56,0,0.014383069152914834,-0.008024233629352673,0.022407302782267505,2.6785714285714288e-05,2.6785714285714288e-05,4.464285714285715e-05,3.5714285714285724e-05,0.00013392857142857146,0.014249140581486262,0.014806425206472086,0.0892857142857143,1.0,0.5446428571428572,0.7785918398225252,0.5836209190325145
2022-01-28,2022-02-07,open,2022-02-08,2022-02-21,5,5,EXECUTED_ON_TIME,open,56,56,0,0.015884390949029843,0.0016119174530970781,0.014272473495932764,3.2142857142857124e-05,3.2142857142857124e-05,5.357142857142855e-05,4.285714285714284e-05,0.00016071428571428565,0.015723676663315558,0.019301943859646817,0.1071428571428571,1.0,0.5535714285714286,0.7908341661645906,0.5845616677778955
2022-02-07,2022-02-08,open,2022-02-09,2022-02-22,5,5,EXECUTED_ON_TIME,open,56,56,0,0.014155012712340204,-0.005299758756036277,0.01945477146837648,4.285714285714287e-05,4.285714285714287e-05,7.142857142857145e-05,5.714285714285716e-05,0.00021428571428571433,0.01394072699805449,0.012379506547983343,0.1428571428571429,1.0,0.5714285714285714,0.8018589693758252,0.5814636319606464
2022-02-08,2022-02-09,open,2022-02-10,2022-02-23,4,5,UNEXECUTED_TIMEOUT,open,56,56,0,0.01981757392254018,-0.005673210653561744,0.025490784576101926,4.82142857142857e-05,4.82142857142857e-05,8.035714285714285e-05,6.428571428571429e-05,0.00024107142857142855,0.019576502493968754,0.004396668675744345,0.1607142857142857,1.0,0.5803571428571428,0.8175565634896222,0.5781648662891485
2022-02-09,2022-02-10,open,2022-02-11,2022-02-24,4,5,EXECUTED_ON_TIME,open,56,56,0,0.001786477658105077,-0.013987341350864213,0.01577381900896929,3.2142857142857124e-05,3.2142857142857124e-05,5.357142857142855e-05,4.285714285714284e-05,0.00016071428571428565,0.0016257633723907913,0.0018851271104895406,0.1071428571428571,1.0,0.5535714285714286,0.8188857170054014,0.5700778769472854
2022-02-10,2022-02-11,open,2022-02-14,2022-02-25,4,5,EXECUTED_ON_TIME,open,56,56,0,0.002506309724433216,-0.011529548012786828,0.014035857737220044,3.2142857142857124e-05,3.2142857142857124e-05,5.357142857142855e-05,4.285714285714284e-05,0.00016071428571428565,0.0023455954387189303,0.024316388734241568,0.1071428571428571,1.0,0.5535714285714286,0.8208064916080414,0.563505136693994
2022-02-11,2022-02-14,open,2022-02-15,2022-02-28,5,5,EXECUTED_ON_TIME,open,56,56,0,0.014142529785518384,-0.003423359290041006,0.01756588907555939,4.82142857142857e-05,4.82142857142857e-05,8.035714285714285e-05,6.428571428571429e-05,0.00024107142857142855,0.013901458356946955,0.02279066324236475,0.1607142857142857,1.0,0.5803571428571428,0.8322168988702424,0.5615760561493068
2022-02-14,2022-02-15,open,2022-02-16,2022-03-01,5,5,EXECUTED_ON_TIME,open,56,56,0,0.03786707562343795,0.009671898987463345,0.0281951766359746,4.82142857142857e-05,4.82142857142857e-05,8.035714285714285e-05,6.428571428571429e-05,0.00024107142857142855,0.037626004194866516,0.02412778416907054,0.1607142857142857,1.0,0.5803571428571428,0.863529895398173,0.567007563038161
2022-02-15,2022-02-16,open,2022-02-17,2022-03-02,5,5,EXECUTED_ON_TIME,open,56,56,0,0.008683990313586933,-0.005590879003325999,0.014274869316912932,3.2142857142857124e-05,3.2142857142857124e-05,5.357142857142855e-05,4.285714285714284e-05,0.00016071428571428565,0.008523276027872648,0.015370503002069725,0.1071428571428571,1.0,0.5535714285714286,0.8708899990549717,0.563837492359244
2022-02-16,2022-02-17,open,2022-02-18,2022-03-03,5,6,EXECUTED_ON_TIME,open,56,56,0,0.00851855688146343,-0.004737165402902699,0.013255722284366129,4.285714285714287e-05,4.285714285714287e-05,7.142857142857145e-05,5.714285714285716e-05,0.00021428571428571433,0.008304271167177716,0.010330257310954634,0.1428571428571429,1.0,0.5714285714285714,0.8781221057639073,0.5611665008975804
2022-02-17,2022-02-18,open,2022-02-21,2022-03-04,5,5,EXECUTED_ON_TIME,open,56,56,0,0.011388906154919647,-0.019807074150511972,0.03119598030543162,3.2142857142857124e-05,3.2142857142857124e-05,5.357142857142855e-05,4.285714285714284e-05,0.00016071428571428565,0.011228191869205362,-0.0038272676838966915,0.1071428571428571,1.0,0.5535714285714286,0.8879818292520151,0.5500514344035187
2022-02-18,2022-02-21,open,2022-02-22,2022-03-07,5,5,EXECUTED_ON_TIME,open,56,56,0,-0.011158641878277578,-0.039503432161327456,0.028344790283049877,4.285714285714287e-05,4.285714285714287e-05,7.142857142857145e-05,5.714285714285716e-05,0.00021428571428571433,-0.011372927592563292,-0.006308787113684713,0.1428571428571429,1.0,0.5714285714285714,0.8778828762044201,0.5283225148793184
2022-02-21,2022-02-22,open,2022-02-23,2022-03-08,5,5,DELAYED_LIMIT_DOWN,open,56,56,0,-0.017879938816259395,-0.052212142850002974,0.03433220403374358,2.6785714285714288e-05,2.6785714285714288e-05,4.464285714285715e-05,3.5714285714285724e-05,0.00013392857142857146,-0.018013867387687968,-0.016135714782333766,0.0892857142857143,1.0,0.5446428571428572,0.8620688104905516,0.5007376642615665
2022-02-22,2022-02-23,open,2022-02-24,2022-03-09,5,6,DELAYED_LIMIT_DOWN,open,56,56,0,-0.01659897716672569,-0.06569764421958413,0.04909866705285844,2.1428571428571418e-05,2.1428571428571418e-05,3.57142857142857e-05,2.857142857142856e-05,0.00010714285714285708,-0.016706120023868547,-0.018002489568380246,0.0714285714285714,1.0,0.5357142857142857,0.8476669854736629,0.46784037934756456
2022-02-23,2022-02-24,open,2022-02-25,2022-03-10,5,5,EXECUTED_ON_TIME,open,56,56,0,-0.02969822254668116,-0.05789656035220736,0.0281983378055262,3.2142857142857124e-05,3.2142857142857124e-05,5.357142857142855e-05,4.285714285714284e-05,0.00016071428571428565,-0.029858936832395443,-0.028587602788251367,0.1071428571428571,1.0,0.5535714285714286,0.8223565504994977,0.4407540305894687
2022-02-24,2022-02-25,open,2022-02-28,2022-03-11,5,5,EXECUTED_ON_TIME,open,56,56,0,-0.025365520394021894,-0.07304772871066056,0.04768220831663867,3.2142857142857124e-05,3.2142857142857124e-05,5.357142857142855e-05,4.285714285714284e-05,0.00016071428571428565,-0.02552623467973618,-0.02176652115286462,0.1071428571428571,1.0,0.5535714285714286,0.8013648842010292,0.408557949734839
2022-02-25,2022-02-28,open,2022-03-01,2022-03-14,4,5,EXECUTED_ON_TIME,open,56,56,0,-0.02574669658366758,-0.06915157141846073,0.043404874834793154,3.75e-05,3.75e-05,6.25e-05,5e-05,0.0001875,-0.02593419658366758,-0.030320062955190775,0.125,1.0,0.5625,0.7805821297589117,0.3803055254951704
2022-02-28,2022-03-01,open,2022-03-02,2022-03-15,4,5,EXECUTED_ON_TIME,open,56,56,0,-0.0678603371746186,-0.10273660217644953,0.03487626500183093,2.6785714285714288e-05,2.6785714285714288e-05,4.464285714285715e-05,3.5714285714285724e-05,0.00013392857142857146,-0.06799426574604718,-0.06785708420495673,0.0892857142857143,1.0,0.5446428571428572,0.7275070209914688,0.3412342280168675
2022-03-01,2022-03-02,open,2022-03-03,2022-03-16,4,5,EXECUTED_ON_TIME,open,56,56,0,-0.04275347238916095,-0.11774401357243558,0.07499054118327464,3.75e-05,3.75e-05,6.25e-05,5e-05,0.0001875,-0.04294097238916095,-0.05019353342453542,0.125,1.0,0.5625,0.6962671620901534,0.30105594044186984
2022-03-02,2022-03-03,open,2022-03-04,2022-03-17,4,5,EXECUTED_ON_TIME,open,56,56,0,-0.05315283705494558,-0.07776954423534155,0.02461670718039597,3.2142857142857124e-05,3.2142857142857124e-05,5.357142857142855e-05,4.285714285714284e-05,0.00016071428571428565,-0.05331355134065986,-0.04674723152107347,0.1071428571428571,1.0,0.5535714285714286,0.6591466869972444,0.2776429571643635
2022-03-03,2022-03-04,open,2022-03-07,2022-03-18,4,5,EXECUTED_ON_TIME,open,56,56,0,-0.03414553842255395,-0.06533707451913906,0.031191536096585107,4.285714285714287e-05,4.285714285714287e-05,7.142857142857145e-05,5.714285714285716e-05,0.00021428571428571433,-0.03435982413683967,-0.03316995182429719,0.1428571428571429,1.0,0.5714285714285714,0.6364985227516387,0.25950257858240133
2022-03-04,2022-03-07,open,2022-03-08,2022-03-21,4,5,DELAYED_LIMIT_DOWN,open,56,56,0,-0.04520422839670436,-0.0408686398281507,-0.004335588568553664,4.82142857142857e-05,4.82142857142857e-05,8.035714285714285e-05,6.428571428571429e-05,0.00024107142857142855,-0.045445299825275794,-0.02055015628146365,0.1607142857142857,1.0,0.5803571428571428,0.6075726565468453,0.2488970611638408
2022-03-07,2022-03-08,open,2022-03-09,2022-03-22,4,5,UNEXECUTED_TIMEOUT,open,56,56,0,-0.028430634864979192,-0.025008013037291943,-0.0034226218276872493,6.964285714285712e-05,6.964285714285712e-05,0.00011607142857142856,9.285714285714285e-05,0.0003482142857142857,-0.028778849150693477,-0.0071220915584903274,0.2321428571428571,1.0,0.6160714285714286,0.5900874147159976,0.24267264021331184
2022-03-08,2022-03-09,open,2022-03-10,2022-03-23,4,5,EXECUTED_ON_TIME,open,56,56,0,0.00048133700598502034,-0.0026559345420754665,0.003137271548060487,3.75e-05,3.75e-05,6.25e-05,5e-05,0.0001875,0.00029383700598502034,-0.005124202341818208,0.125,1.0,0.5625,0.5902608042352072,0.24202811756575265
2022-03-09,2022-03-10,open,2022-03-11,2022-03-24,5,5,EXECUTED_ON_TIME,open,56,56,0,-0.02844263294745734,-0.017722465237422824,-0.010720167710034516,3.2142857142857124e-05,3.2142857142857124e-05,5.357142857142855e-05,4.285714285714284e-05,0.00016071428571428565,-0.028603347233171626,-0.008686266791397342,0.1071428571428571,1.0,0.5535714285714286,0.5733773694935365,0.23773878266571472
2022-03-10,2022-03-11,open,2022-03-14,2022-03-25,4,5,DELAYED_LIMIT_DOWN,open,56,56,0,-0.0039885464908641565,0.004225046535305976,-0.008213593026170134,3.2142857142857124e-05,3.2142857142857124e-05,5.357142857142855e-05,4.285714285714284e-05,0.00016071428571428565,-0.004149260776578442,-0.01015655360311921,0.1071428571428571,1.0,0.5535714285714286,0.5709982772641192,0.23874324008572437
2022-03-11,2022-03-14,open,2022-03-15,2022-03-28,4,5,EXECUTED_ON_TIME,open,56,56,0,-0.02399111272087229,-0.028086323632882437,0.004095210912010146,3.75e-05,3.75e-05,6.25e-05,5e-05,0.0001875,-0.02417861272087229,0.0011941898960910087,0.125,1.0,0.5625,0.5571923310538648,0.23203782017951377
2022-03-14,2022-03-15,open,2022-03-16,2022-03-29,4,5,EXECUTED_ON_TIME,open,56,56,0,-0.009339815184170208,0.0072551434533667525,-0.01659495863753696,3.75e-05,3.75e-05,6.25e-05,5e-05,0.0001875,-0.009527315184170208,0.012579719243438904,0.125,1.0,0.5625,0.5518837840977121,0.23372128785152266
2022-03-15,2022-03-16,open,2022-03-17,2022-03-30,4,5,EXECUTED_ON_TIME,open,56,56,0,0.05154222522974951,0.02690977940583239,0.024632445823917118,4.82142857142857e-05,4.82142857142857e-05,8.035714285714285e-05,6.428571428571429e-05,0.00024107142857142855,0.05130115380117808,0.011046232115988402,0.1607142857142857,1.0,0.5803571428571428,0.580196058986085,0.2400106761500542
2022-03-16,2022-03-17,open,2022-03-18,2022-03-31,5,6,EXECUTED_ON_TIME,open,56,56,0,-0.0010945152104955796,-0.000697552807295887,-0.00039696240319969265,3.75e-05,3.75e-05,6.25e-05,5e-05,0.0001875,-0.0012820152104955796,0.008502165927254182,0.125,1.0,0.5625,0.5794522388133952,0.23984325602912474
2022-03-17,2022-03-18,open,2022-03-21,2022-04-01,5,6,EXECUTED_ON_TIME,open,56,56,0,0.012911114709060114,-0.004659267782615162,0.017570382491675276,3.2142857142857124e-05,3.2142857142857124e-05,5.357142857142855e-05,4.285714285714284e-05,0.00016071428571428565,0.01275040042334583,-0.0001309820850205392,0.1071428571428571,1.0,0.5535714285714286,0.5868404868844702,0.23872576207343071
2022-03-18,2022-03-21,open,2022-03-22,2022-04-06,5,5,EXECUTED_ON_TIME,open,56,56,0,0.0002045275196865735,-0.004978108192722819,0.0051826357124093924,2.6785714285714288e-05,2.6785714285714288e-05,4.464285714285715e-05,3.5714285714285724e-05,0.00013392857142857146,7.059894825800205e-05,0.003006805528161988,0.0892857142857143,1.0,0.5446428571428572,0.5868819172056394,0.23753735940143897
2022-03-21,2022-03-22,open,2022-03-23,2022-04-07,5,5,EXECUTED_ON_TIME,open,56,56,0,-0.0022525265787016607,-0.0029492781534723456,0.0006967515747706848,3.75e-05,3.75e-05,6.25e-05,5e-05,0.0001875,-0.002440026578701661,-0.007342343090255138,0.125,1.0,0.5625,0.5854499097290983,0.2368367956567228
2022-03-22,2022-03-23,open,2022-03-24,2022-04-08,5,6,EXECUTED_ON_TIME,open,56,55,1,-0.007981958766159002,-0.013209172081096954,0.005227213314937952,4.363636363636365e-05,4.363636363636365e-05,7.272727272727276e-05,5.8181818181818206e-05,0.00021818181818181827,-0.00820014058434082,-0.002363741073986512,0.1454545454545455,1.0,0.5727272727272728,0.58064913816423,0.23370837766775757
2022-03-23,2022-03-24,open,2022-03-25,2022-04-11,5,6,EXECUTED_ON_TIME,open,56,56,0,-0.029328780844417653,-0.0107642416237268,-0.018564539220690852,2.6785714285714288e-05,2.6785714285714288e-05,4.464285714285715e-05,3.5714285714285724e-05,0.00013392857142857146,-0.029462709415846226,-0.02795591734452785,0.0892857142857143,1.0,0.5446428571428572,0.5635416413339357,0.23119268422105263
2022-03-24,2022-03-25,open,2022-03-28,2022-04-12,5,6,DELAYED_LIMIT_DOWN,open,56,56,0,-0.02675617561536057,-0.034384441029843615,0.007628265414483044,2.6785714285714288e-05,2.6785714285714288e-05,4.464285714285715e-05,3.5714285714285724e-05,0.00013392857142857146,-0.026890104186789145,-0.00015654741494080734,0.0892857142857143,1.0,0.5446428571428572,0.548387947884872,0.2232432530039226
2022-03-25,2022-03-28,open,2022-03-29,2022-04-13,5,5,EXECUTED_ON_TIME,open,56,56,0,0.0019440565244337896,0.006193994533086666,-0.004249938008652877,2.1428571428571418e-05,2.1428571428571418e-05,3.57142857142857e-05,2.857142857142856e-05,0.00010714285714285708,0.0018369136672909325,-0.01050335154283429,0.0714285714285714,1.0,0.5357142857142857,0.5493952892013193,0.22462602049257738
2022-03-28,2022-03-29,open,2022-03-30,2022-04-14,5,5,EXECUTED_ON_TIME,open,56,56,0,-0.002500203950546745,0.004145431338074879,-0.0066456352886216236,3.75e-05,3.75e-05,6.25e-05,5e-05,0.0001875,-0.002687703950546745,-0.00673628085719453,0.125,1.0,0.5625,0.5479186773121212,0.22555719223727436
2022-03-29,2022-03-30,open,2022-03-31,2022-04-15,5,5,EXECUTED_ON_TIME,open,56,56,0,0.009679811778921289,4.925318950443902e-05,0.00963055858941685,2.1428571428571418e-05,2.1428571428571418e-05,3.57142857142857e-05,2.857142857142856e-05,0.00010714285714285708,0.00957266892177843,0.0016187069405492298,0.0714285714285714,1.0,0.5357142857142857,0.5531637214060888,0.22556830164840772
2022-03-30,2022-03-31,open,2022-04-01,2022-04-18,5,6,EXECUTED_ON_TIME,open,56,56,0,-0.022696033619145094,-0.019312983444462528,-0.0033830501746825656,1.607142857142858e-05,1.607142857142858e-05,2.67857142857143e-05,2.1428571428571442e-05,8.035714285714291e-05,-0.022776390762002236,-0.01285526690844303,0.0535714285714286,1.0,0.5267857142857143,0.5405646483319804,0.22121190477307648
2022-03-31,2022-04-01,open,2022-04-06,2022-04-19,5,5,EXECUTED_ON_TIME,open,56,56,0,-0.003440997837294154,-0.008784851168864516,0.005343853331570362,2.1428571428571418e-05,2.1428571428571418e-05,3.57142857142857e-05,2.857142857142856e-05,0.00010714285714285708,-0.0035481406944370113,-0.01813181879432225,0.0714285714285714,1.0,0.5357142857142857,0.5386466489052597,0.21926859111286398
2022-04-01,2022-04-06,open,2022-04-07,2022-04-20,4,5,EXECUTED_ON_TIME,open,56,56,0,-0.041432957119986735,-0.030123275554594375,-0.01130968156539236,3.2142857142857124e-05,3.2142857142857124e-05,5.357142857142855e-05,4.285714285714284e-05,0.00016071428571428565,-0.04159367140570102,-0.03510200855505895,0.1071428571428571,1.0,0.5535714285714286,0.5162423571869124,0.2126635029223035
2022-04-06,2022-04-07,open,2022-04-08,2022-04-21,5,5,EXECUTED_ON_TIME,open,56,56,0,-0.04582863969661164,-0.045115310668052966,-0.0007133290285586749,2.6785714285714288e-05,2.6785714285714288e-05,4.464285714285715e-05,3.5714285714285724e-05,0.00013392857142857146,-0.04596256826804021,-0.041337515626576934,0.0892857142857143,1.0,0.5446428571428572,0.4925145326018549,0.20306912292020737
2022-04-07,2022-04-08,open,2022-04-11,2022-04-22,5,5,EXECUTED_ON_TIME,open,56,56,0,-0.03180128797526477,-0.05838990736519012,0.02658861938992535,2.1428571428571418e-05,2.1428571428571418e-05,3.57142857142857e-05,2.857142857142856e-05,0.00010714285714285708,-0.031908430832407624,-0.03236883789856864,0.0714285714285714,1.0,0.5357142857142857,0.47679916670437306,0.19121193564416605
2022-04-08,2022-04-11,open,2022-04-12,2022-04-25,5,5,EXECUTED_ON_TIME,open,56,56,0,-0.06604683996917406,-0.06430958730098313,-0.0017372526681909278,3.75e-05,3.75e-05,6.25e-05,5e-05,0.0001875,-0.06623433996917405,-0.040962220062514765,0.125,1.0,0.5625,0.4452186885998567,0.1789151749758676
2022-04-11,2022-04-12,open,2022-04-13,2022-04-26,4,5,EXECUTED_ON_TIME,open,56,56,0,-0.031076611080276713,-0.0683607073995891,0.03728409631931239,1.607142857142858e-05,1.607142857142858e-05,2.67857142857143e-05,2.1428571428571442e-05,8.035714285714291e-05,-0.031156968223133855,-0.04565218879474637,0.0535714285714286,1.0,0.5267857142857143,0.43134702406680564,0.16668440704999601
2022-04-12,2022-04-13,open,2022-04-14,2022-04-27,5,5,EXECUTED_ON_TIME,open,56,56,0,-0.033607055310639435,-0.09539930079154413,0.061792245480904694,3.75e-05,3.75e-05,6.25e-05,5e-05,0.0001875,-0.033794555310639435,-0.034226520717651275,0.125,1.0,0.5625,0.41676984320390026,0.15078283116457328
2022-04-13,2022-04-14,open,2022-04-15,2022-04-28,5,6,EXECUTED_ON_TIME,open,56,56,0,-0.03798988804591103,-0.06931432444272745,0.03132443639681642,3.75e-05,3.75e-05,6.25e-05,5e-05,0.0001875,-0.03817738804591103,-0.033699959398146684,0.125,1.0,0.5625,0.40085865917407143,0.14033142108483904
2022-04-14,2022-04-15,open,2022-04-18,2022-04-29,5,5,EXECUTED_ON_TIME,open,56,56,0,-0.024277544340670414,-0.05351467864957782,0.029237134308907405,3.75e-05,3.75e-05,6.25e-05,5e-05,0.0001875,-0.024465044340670414,-0.02099614059997501,0.125,1.0,0.5625,0.3910516343030361,0.13282163018104529
2022-04-15,2022-04-18,open,2022-04-19,2022-05-05,4,5,EXECUTED_ON_TIME,open,56,56,0,-0.013655339506279939,-0.0379438040266018,0.024288464520321865,5.3571428571428575e-05,5.3571428571428575e-05,8.92857142857143e-05,7.142857142857145e-05,0.0002678571428571429,-0.013923196649137081,-0.022468445120266963,0.1785714285714286,1.0,0.5892857142857143,0.3856069454986685,0.12778187227496193
2022-04-18,2022-04-19,open,2022-04-20,2022-05-06,5,6,EXECUTED_ON_TIME,open,56,56,0,-0.03921020611608266,-0.0560023431419967,0.01679213702591404,3.2142857142857124e-05,3.2142857142857124e-05,5.357142857142855e-05,4.285714285714284e-05,0.00016071428571428565,-0.03937092040179695,-0.039898596650062845,0.1071428571428571,1.0,0.5535714285714286,0.37042524514106034,0.12062578801649272
2022-04-19,2022-04-20,open,2022-04-21,2022-05-09,6,6,EXECUTED_ON_TIME,open,56,56,0,-0.04037429870562027,-0.05969965692162016,0.019325358215999885,2.6785714285714288e-05,2.6785714285714288e-05,4.464285714285715e-05,3.5714285714285724e-05,0.00013392857142857146,-0.04050822727704884,-0.014928985739279022,0.0892857142857143,1.0,0.5446428571428572,0.35541997512172974,0.11342446985600803
2022-04-20,2022-04-21,open,2022-04-22,2022-05-10,5,6,EXECUTED_ON_TIME,open,56,55,1,-0.0251985862263868,-0.056340080627672706,0.031141494401285906,3.8181818181818194e-05,3.8181818181818194e-05,6.363636363636365e-05,5.090909090909093e-05,0.00019090909090909098,-0.025389495317295892,-0.005220437198780563,0.12727272727272732,1.0,0.5636363636363637,0.3463960413277032,0.1070341260791695
2022-04-21,2022-04-22,open,2022-04-25,2022-05-11,5,5,EXECUTED_ON_TIME,open,56,56,0,-0.00032668965143139994,-0.012419332315319553,0.012092642663888153,3.75e-05,3.75e-05,6.25e-05,5e-05,0.0001875,-0.0005141896514313999,-0.0002487416131637115,0.125,1.0,0.5625,0.3462179280679557,0.10570483369831248
2022-04-22,2022-04-25,open,2022-04-26,2022-05-12,5,6,EXECUTED_ON_TIME,open,56,56,0,-0.0052422048391286835,0.004195557788259974,-0.009437762627388657,3.2142857142857124e-05,3.2142857142857124e-05,5.357142857142855e-05,4.285714285714284e-05,0.00016071428571428565,-0.005402919124842969,0.024193569866441344,0.1071428571428571,1.0,0.5535714285714286,0.34434734060303385,0.10614832443659215
2022-04-25,2022-04-26,open,2022-04-27,2022-05-13,5,6,EXECUTED_ON_TIME,open,56,56,0,0.017159364225672925,0.04220574604662053,-0.025046381820947605,2.6785714285714288e-05,2.6785714285714288e-05,4.464285714285715e-05,3.5714285714285724e-05,0.00013392857142857146,0.01702543565424435,0.04341618436803978,0.0892857142857143,1.0,0.5446428571428572,0.3502100040931809,0.11062839366103724
2022-04-26,2022-04-27,open,2022-04-28,2022-05-16,5,5,EXECUTED_ON_TIME,open,56,56,0,0.07432082840158175,0.0683624953566766,0.005958333044905145,3.75e-05,3.75e-05,6.25e-05,5e-05,0.0001875,0.07413332840158175,0.04058689733286428,0.125,1.0,0.5625,0.37617223733613997,0.11819122670900649
2022-04-27,2022-04-28,open,2022-04-29,2022-05-17,5,5,EXECUTED_ON_TIME,open,56,56,0,0.03539327755903897,0.02017319785137839,0.01522007970766058,2.6785714285714288e-05,2.6785714285714288e-05,4.464285714285715e-05,3.5714285714285724e-05,0.00013392857142857146,0.0352593489876104,0.0213257496779749,0.0892857142857143,1.0,0.5446428571428572,0.3894358255318251,0.1205755217097044
2022-04-28,2022-04-29,open,2022-05-05,2022-05-18,5,5,DELAYED_LIMIT_DOWN,open,56,56,0,0.040031548768634066,0.019136090144643347,0.02089545862399072,2.1428571428571418e-05,2.1428571428571418e-05,3.57142857142857e-05,2.857142857142856e-05,0.00010714285714285708,0.03992440591149121,0.025757672783541803,0.0714285714285714,1.0,0.5357142857142857,0.4049838195068343,0.1228828657623787
2022-04-29,2022-05-05,open,2022-05-06,2022-05-19,5,5,DELAYED_LIMIT_DOWN,open,56,56,0,0.006076990873644229,-0.014280840766760838,0.02035783164040507,2.6785714285714288e-05,2.6785714285714288e-05,4.464285714285715e-05,3.5714285714285724e-05,0.00013392857142857146,0.005943062302215658,0.021203317568728994,0.0892857142857143,1.0,0.5446428571428572,0.4073906635775527,0.12112799512346292
2022-05-05,2022-05-06,open,2022-05-09,2022-05-20,5,6,EXECUTED_ON_TIME,open,56,56,0,0.034229306654353045,0.023406565017034087,0.010822741637318958,2.1428571428571418e-05,2.1428571428571418e-05,3.57142857142857e-05,2.857142857142856e-05,0.00010714285714285708,0.03412216379721019,0.04034580105810615,0.0714285714285714,1.0,0.5357142857142857,0.4212917145296001,0.12396318541670324
2022-05-06,2022-05-09,open,2022-05-10,2022-05-23,5,5,EXECUTED_ON_TIME,open,56,56,0,0.03383391452794685,0.050726180634101725,-0.016892266106154873,1.607142857142858e-05,1.607142857142858e-05,2.67857142857143e-05,2.1428571428571442e-05,8.035714285714291e-05,0.03375355738508971,0.04786419016834639,0.0535714285714286,1.0,0.5267857142857143,0.43551180859183786,0.13025136435212958
2022-05-09,2022-05-10,open,2022-05-11,2022-05-24,5,5,EXECUTED_ON_TIME,open,56,56,0,0.04766365559853928,0.06078581845707043,-0.013122162858531149,3.2142857142857124e-05,3.2142857142857124e-05,5.357142857142855e-05,4.285714285714284e-05,0.00016071428571428565,0.047502941312824995,0.024813626325891503,0.1071428571428571,1.0,0.5535714285714286,0.4561999004764182,0.13816880013942387
2022-05-10,2022-05-11,open,2022-05-12,2022-05-25,5,5,EXECUTED_ON_TIME,open,56,56,0,0.030186905561220882,0.010677826976067895,0.019509078585152988,2.6785714285714288e-05,2.6785714285714288e-05,4.464285714285715e-05,3.5714285714285724e-05,0.00013392857142857146,0.03005297698979231,0.028345827569287635,0.0892857142857143,1.0,0.5446428571428572,0.46991006558818155,0.13964414268080355
2022-05-11,2022-05-12,open,2022-05-13,2022-05-26,5,5,EXECUTED_ON_TIME,open,56,56,0,0.01950015412792553,0.009552781567559343,0.009947372560366187,2.6785714285714288e-05,2.6785714285714288e-05,4.464285714285715e-05,3.5714285714285724e-05,0.00013392857142857146,0.019366225556496957,0.008345729893486599,0.0892857142857143,1.0,0.5446428571428572,0.4790104499096306,0.14097813267302237
2022-05-12,2022-05-13,open,2022-05-16,2022-05-27,5,6,EXECUTED_ON_TIME,open,56,56,0,0.011964331492826132,0.009761987238379177,0.002202344254446955,3.2142857142857124e-05,3.2142857142857124e-05,5.357142857142855e-05,4.285714285714284e-05,0.00016071428571428565,0.011803617207111847,0.0005464366490052063,0.1071428571428571,1.0,0.5535714285714286,0.4846645058985703,0.14235435940506694
2022-05-13,2022-05-16,open,2022-05-17,2022-05-30,5,6,EXECUTED_ON_TIME,open,56,56,0,0.005517489637053765,0.0014600263611719289,0.004057463275881836,2.6785714285714288e-05,2.6785714285714288e-05,4.464285714285715e-05,3.5714285714285724e-05,0.00013392857142857146,0.005383561065625194,0.016030698789263817,0.0892857142857143,1.0,0.5446428571428572,0.4872737268624163,0.14256220052242607
2022-05-16,2022-05-17,open,2022-05-18,2022-05-31,5,6,EXECUTED_ON_TIME,open,56,56,0,0.039904094088393294,0.017669162778875425,0.02223493130951787,2.6785714285714288e-05,2.6785714285714288e-05,4.464285714285715e-05,3.5714285714285724e-05,0.00013392857142857146,0.039770165516964724,0.022938017214545203,0.0892857142857143,1.0,0.5446428571428572,0.5066526836318028,0.1450811552495715
2022-05-17,2022-05-18,open,2022-05-19,2022-06-01,5,6,DELAYED_LIMIT_DOWN,open,56,56,0,0.016765465237206192,0.017834313363368937,-0.0010688481261627442,2.6785714285714288e-05,2.6785714285714288e-05,4.464285714285715e-05,3.5714285714285724e-05,0.00013392857142857146,0.01663153666577762,0.0371996964689887,0.0892857142857143,1.0,0.5446428571428572,0.5150790963164398,0.14766857803541192
2022-05-18,2022-05-19,open,2022-05-20,2022-06-02,5,5,EXECUTED_ON_TIME,open,56,56,0,0.05086476173300103,0.0319183728191077,0.01894638891389333,2.1428571428571418e-05,2.1428571428571418e-05,3.57142857142857e-05,2.857142857142856e-05,0.00010714285714285708,0.050757618875858175,0.0238906989509756,0.0714285714285714,1.0,0.5357142857142857,0.5412232847781911,0.1523819187628137
2022-05-19,2022-05-20,open,2022-05-23,2022-06-06,5,5,EXECUTED_ON_TIME,open,56,56,0,0.03795783224788118,0.017338022928679253,0.020619809319201925,2.1428571428571418e-05,2.1428571428571418e-05,3.57142857142857e-05,2.857142857142856e-05,0.00010714285714285708,0.037850689390738324,0.032281287511570306,0.0714285714285714,1.0,0.5357142857142857,0.5617089592213657,0.1550239199642395
2022-05-20,2022-05-23,open,2022-05-24,2022-06-07,5,5,EXECUTED_ON_TIME,open,56,56,0,0.021758631772546895,0.020760020475529162,0.0009986112970177333,2.1428571428571418e-05,2.1428571428571418e-05,3.57142857142857e-05,2.857142857142856e-05,0.00010714285714285708,0.021651488915404037,0.023326369984168583,0.0714285714285714,1.0,0.5357142857142857,0.5738707945256302,0.15824221971689392
2022-05-23,2022-05-24,open,2022-05-25,2022-06-08,5,6,EXECUTED_ON_TIME,open,56,56,0,0.00556881394752076,0.03313209312516485,-0.02756327917764409,1.0714285714285709e-05,1.0714285714285709e-05,1.785714285714285e-05,1.428571428571428e-05,5.357142857142854e-05,0.0055152425189493315,0.026318737974923123,0.0357142857142857,1.0,0.5178571428571428,0.5770358311319811,0.16348511567688684
2022-05-24,2022-05-25,open,2022-05-26,2022-06-09,5,6,EXECUTED_ON_TIME,open,56,56,0,0.04143016915612761,0.06362899635256314,-0.022198827196435532,2.1428571428571418e-05,2.1428571428571418e-05,3.57142857142857e-05,2.857142857142856e-05,0.00010714285714285708,0.04132302629898475,0.02684260857273891,0.0714285714285714,1.0,0.5357142857142857,0.6008806979573045,0.17388750950598983
2022-05-25,2022-05-26,open,2022-05-27,2022-06-10,4,5,EXECUTED_ON_TIME,open,56,56,0,0.04534228197122757,0.0396142420584189,0.005728039912808666,3.2142857142857124e-05,3.2142857142857124e-05,5.357142857142855e-05,4.285714285714284e-05,0.00016071428571428565,0.045181567685513284,0.037426545634316695,0.1071428571428571,1.0,0.5535714285714286,0.6280294298829808,0.18077593139849574
2022-05-26,2022-05-27,open,2022-05-30,2022-06-13,5,6,EXECUTED_ON_TIME,open,56,56,0,0.01831487821917246,0.04269435281191036,-0.024379474592737902,2.6785714285714288e-05,2.6785714285714288e-05,4.464285714285715e-05,3.5714285714285724e-05,0.00013392857142857146,0.018180949647743888,0.020922346949669744,0.0892857142857143,1.0,0.5446428571428572,0.6394476013249846,0.18849404279352483
2022-05-27,2022-05-30,open,2022-05-31,2022-06-14,5,6,EXECUTED_ON_TIME,open,56,56,0,0.03093516433913216,0.0304325594189101,0.000502604920222062,2.1428571428571418e-05,2.1428571428571418e-05,3.57142857142857e-05,2.857142857142856e-05,0.00010714285714285708,0.030828021481989303,0.02508975590878218,0.0714285714285714,1.0,0.5357142857142857,0.6591605057152378,0.19423039895094935
2022-05-30,2022-05-31,open,2022-06-01,2022-06-15,5,6,EXECUTED_ON_TIME,open,56,56,0,0.04517297322561366,0.048745684889137664,-0.003572711663524006,1.607142857142858e-05,1.607142857142858e-05,2.67857142857143e-05,2.1428571428571442e-05,8.035714285714291e-05,0.04509261608275651,0.03870790664647573,0.0535714285714286,1.0,0.5267857142857143,0.6888837773363706,0.2036982927741038
2022-05-31,2022-06-01,open,2022-06-02,2022-06-16,5,5,EXECUTED_ON_TIME,open,56,56,0,0.023730348021816314,0.04783050434368952,-0.024100156321873203,2.6785714285714288e-05,2.6785714285714288e-05,4.464285714285715e-05,3.5714285714285724e-05,0.00013392857142857146,0.02359641945038774,0.01812660179594603,0.0892857142857143,1.0,0.5446428571428572,0.7051389678989671,0.21344128485143773
2022-06-01,2022-06-02,open,2022-06-06,2022-06-17,5,5,EXECUTED_ON_TIME,open,56,56,0,0.035914953799720935,0.038197342519685096,-0.002282388719964161,3.75e-05,3.75e-05,6.25e-05,5e-05,0.0001875,0.035727453799720935,0.020561865951427203,0.125,1.0,0.5625,0.7303317877969604,0.22159417471674978
2022-06-02,2022-06-06,open,2022-06-07,2022-06-20,6,6,EXECUTED_ON_TIME,open,56,56,0,0.04391084160057004,0.056790454241981925,-0.012879612641411887,3.75e-05,3.75e-05,6.25e-05,5e-05,0.0001875,0.04372334160057004,0.019344507318976998,0.125,1.0,0.5625,0.7622643340365619,0.2341786085562911
2022-06-06,2022-06-07,open,2022-06-08,2022-06-21,5,6,EXECUTED_ON_TIME,open,56,56,0,0.007999160714316778,0.03894336832553558,-0.0309442076112188,3.75e-05,3.75e-05,6.25e-05,5e-05,0.0001875,0.007811660714316777,0.004476665092706033,0.125,1.0,0.5625,0.7682188843886802,0.24329831236326016
2022-06-07,2022-06-08,open,2022-06-09,2022-06-22,5,5,EXECUTED_ON_TIME,open,56,56,0,-0.004245890477307344,0.03457102543306334,-0.03881691591037068,2.1428571428571418e-05,2.1428571428571418e-05,3.57142857142857e-05,2.857142857142856e-05,0.00010714285714285708,-0.004353033334450201,-0.008193000489075319,0.0714285714285714,1.0,0.5357142857142857,0.7648748019767821,0.2517093845077918
2022-06-08,2022-06-09,open,2022-06-10,2022-06-23,5,5,EXECUTED_ON_TIME,open,56,56,0,0.0006670087507306231,0.01572586801173781,-0.015058859261007185,3.2142857142857124e-05,3.2142857142857124e-05,5.357142857142855e-05,4.285714285714284e-05,0.00016071428571428565,0.0005062944650163375,0.01722983081578091,0.1071428571428571,1.0,0.5535714285714286,0.7652620538554534,0.2556677330658771
2022-06-09,2022-06-10,open,2022-06-13,2022-06-24,5,5,DELAYED_LIMIT_DOWN,open,56,56,0,0.03435373668603598,0.05039063828576018,-0.0160369015997242,2.1428571428571418e-05,2.1428571428571418e-05,3.57142857142857e-05,2.857142857142856e-05,0.00010714285714285708,0.03424659382889313,0.011884022076199884,0.0714285714285714,1.0,0.5357142857142857,0.7914696725865057,0.26855099332414
2022-06-10,2022-06-13,open,2022-06-14,2022-06-27,5,5,UNEXECUTED_TIMEOUT,open,56,56,0,0.0238068600328211,0.05242037288736068,-0.02861351285453958,4.285714285714287e-05,4.285714285714287e-05,7.142857142857145e-05,5.714285714285716e-05,0.00021428571428571433,0.023592574318535384,0.029486920024343753,0.1428571428571429,1.0,0.5714285714285714,0.8101424796578698,0.28262853653346254
2022-06-13,2022-06-14,open,2022-06-15,2022-06-28,4,5,UNEXECUTED_TIMEOUT,open,56,56,0,0.04803151906523249,0.07225244694770239,-0.0242209278824699,3.75e-05,3.75e-05,6.25e-05,5e-05,0.0001875,0.04784401906523249,0.027619319152030298,0.125,1.0,0.5625,0.8489029519001756,0.3030491398752533
2022-06-14,2022-06-15,open,2022-06-16,2022-06-29,5,5,UNEXECUTED_TIMEOUT,open,56,56,0,0.028563210097128405,0.057811036273976324,-0.02924782617684792,3.75e-05,3.75e-05,6.25e-05,5e-05,0.0001875,0.028375710097128404,0.02768215499759779,0.125,1.0,0.5625,0.8729911759638916,0.3205687246933789
2022-06-15,2022-06-16,open,2022-06-17,2022-06-30,5,5,UNEXECUTED_TIMEOUT,open,56,56,0,0.010262412658289343,0.031756273757421294,-0.02149386109913195,5.3571428571428575e-05,5.3571428571428575e-05,8.92857142857143e-05,7.142857142857145e-05,0.0002678571428571429,0.0099945555154322,0.030724635927969965,0.1785714285714286,1.0,0.5892857142857143,0.8817163347365452,0.3307487928728092
2022-06-16,2022-06-17,open,2022-06-20,2022-07-01,4,5,UNEXECUTED_TIMEOUT,open,56,56,0,0.03269904899834199,0.06406044319893134,-0.03136139420058935,4.285714285714287e-05,4.285714285714287e-05,7.142857142857145e-05,5.714285714285716e-05,0.00021428571428571433,0.03248476328405627,0.014130015287121388,0.1428571428571429,1.0,0.5714285714285714,0.9103586811541476,0.3519367071317529
2022-06-17,2022-06-20,open,2022-06-21,2022-07-04,5,5,UNEXECUTED_TIMEOUT,open,56,56,0,0.016200283642177994,0.02877372981415882,-0.012573446171980827,2.6785714285714288e-05,2.6785714285714288e-05,4.464285714285715e-05,3.5714285714285724e-05,0.00013392857142857146,0.01606635507074942,0.02319354987086226,0.0892857142857143,1.0,0.5446428571428572,0.9249848269673093,0.3620632388544467
2022-06-20,2022-06-21,open,2022-06-22,2022-07-05,5,5,UNEXECUTED_TIMEOUT,open,56,56,0,-0.00030492663998638633,0.04102228416632858,-0.04132721080631497,1.607142857142858e-05,1.607142857142858e-05,2.67857142857143e-05,2.1428571428571442e-05,8.035714285714291e-05,-0.00038528378284352925,-0.0007511984197580186,0.0535714285714286,1.0,0.5267857142857143,0.9246284453141025,0.3769158999249151
2022-06-21,2022-06-22,open,2022-06-23,2022-07-06,5,5,UNEXECUTED_TIMEOUT,open,56,56,0,-0.00975080933076826,0.0331447941343086,-0.042895603465076856,5.357142857142871e-06,5.357142857142871e-06,8.928571428571453e-06,7.142857142857162e-06,2.678571428571436e-05,-0.009777595045053973,0.0011155202549083913,0.017857142857142905,1.0,0.5089285714285714,0.9155878028086833,0.38940869983387405
2022-06-22,2022-06-23,open,2022-06-24,2022-07-07,5,5,UNEXECUTED_TIMEOUT,open,56,56,0,0.028526511293271346,0.03443817561470941,-0.005911664321438064,3.2142857142857124e-05,3.2142857142857124e-05,5.357142857142855e-05,4.285714285714284e-05,0.00016071428571428565,0.02836579700755706,0.005008488425391613,0.1071428571428571,1.0,0.5535714285714286,0.9415591805657496,0.4028192250246487
2022-06-23,2022-06-24,open,2022-06-27,2022-07-08,5,5,UNEXECUTED_TIMEOUT,open,56,56,0,0.011648706718060047,0.026066969445543542,-0.014418262727483495,2.1428571428571418e-05,2.1428571428571418e-05,3.57142857142857e-05,2.857142857142856e-05,0.00010714285714285708,0.01154156386091719,0.0013565677854489276,0.0714285714285714,1.0,0.5357142857142857,0.952426245977082,0.4133195014554437
2022-06-24,2022-06-27,open,2022-06-28,2022-07-11,5,5,UNEXECUTED_TIMEOUT,open,56,56,0,-0.004736224913471003,-0.0018539611429317926,-0.00288226377053921,2.6785714285714288e-05,2.6785714285714288e-05,4.464285714285715e-05,3.5714285714285724e-05,0.00013392857142857146,-0.004870153484899574,-0.011840342770608336,0.0892857142857143,1.0,0.5446428571428572,0.9477877839761268,0.4125532231601294
2022-06-27,2022-06-28,open,2022-06-29,2022-07-12,5,5,UNEXECUTED_TIMEOUT,open,56,56,0,-0.005784839573905205,-0.020243862745552677,0.014459023171647472,1.607142857142858e-05,1.607142857142858e-05,2.67857142857143e-05,2.1428571428571442e-05,8.035714285714291e-05,-0.005865196716762349,-0.009067340143409082,0.0535714285714286,1.0,0.5267857142857143,0.9422288221773626,0.40420155233524035
2022-06-28,2022-06-29,open,2022-06-30,2022-07-13,5,6,UNEXECUTED_TIMEOUT,open,56,56,0,-0.017047332638677228,-0.03563278396775116,0.01858545132907393,1.607142857142858e-05,1.607142857142858e-05,2.67857142857143e-05,2.1428571428571442e-05,8.035714285714291e-05,-0.01712768978153437,0.00019386207174220196,0.0535714285714286,1.0,0.5267857142857143,0.9260906192078883,0.3897987257414491
2022-06-29,2022-06-30,open,2022-07-01,2022-07-14,5,6,UNEXECUTED_TIMEOUT,open,56,56,0,-0.003123432477905429,-0.024726430071438377,0.021602997593532947,3.2142857142857124e-05,3.2142857142857124e-05,5.357142857142855e-05,4.285714285714284e-05,0.00016071428571428565,-0.0032841467636197147,-0.015145625776008394,0.1071428571428571,1.0,0.5535714285714286,0.9230492016979981,0.38016039480746733
2022-06-30,2022-07-01,open,2022-07-04,2022-07-15,5,6,UNEXECUTED_TIMEOUT,open,56,56,0,-0.02032304094388032,-0.042331696929738816,0.022008655985858494,2.1428571428571418e-05,2.1428571428571418e-05,3.57142857142857e-05,2.857142857142856e-05,0.00010714285714285708,-0.02043018380102318,-0.016340121163423958,0.0714285714285714,1.0,0.5357142857142857,0.9041911368499204,0.36406756018978775
2022-07-01,2022-07-04,open,2022-07-05,2022-07-18,6,6,UNEXECUTED_TIMEOUT,open,56,56,0,-0.002500292992167524,-0.04161300013311697,0.03911270714094945,3.2142857142857124e-05,3.2142857142857124e-05,5.357142857142855e-05,4.285714285714284e-05,0.00016071428571428565,-0.0026610072778818095,-0.019193547522773875,0.1071428571428571,1.0,0.5535714285714286,0.9017850776541665,0.34891761675914656
2022-07-04,2022-07-05,open,2022-07-06,2022-07-19,5,6,UNEXECUTED_TIMEOUT,open,56,56,0,-0.010178700659526665,-0.048166700958415465,0.0379880002988888,3.2142857142857124e-05,3.2142857142857124e-05,5.357142857142855e-05,4.285714285714284e-05,0.00016071428571428565,-0.01033941494524095,0.0005999072147572105,0.1071428571428571,1.0,0.5535714285714286,0.8924611475448737,0.33211140625358576
2022-07-05,2022-07-06,open,2022-07-07,2022-07-20,6,6,UNEXECUTED_TIMEOUT,open,56,56,0,-0.003563524902270144,-0.04115780155076032,0.037594276648490174,2.6785714285714288e-05,2.6785714285714288e-05,4.464285714285715e-05,3.5714285714285724e-05,0.00013392857142857146,-0.003697453473698715,0.007141995242704598,0.0892857142857143,1.0,0.5446428571428572,0.8891613139747427,0.3184424309022567
2022-07-06,2022-07-07,open,2022-07-08,2022-07-21,5,6,UNEXECUTED_TIMEOUT,open,56,56,0,-0.0033978922927148936,-0.035007720413686716,0.03160982812097182,3.2142857142857124e-05,3.2142857142857124e-05,5.357142857142855e-05,4.285714285714284e-05,0.00016071428571428565,-0.0035586065784291793,-0.024382193537751565,0.1071428571428571,1.0,0.5535714285714286,0.8859971386735475,0.3072944873133758
2022-07-07,2022-07-08,open,2022-07-11,2022-07-22,5,6,UNEXECUTED_TIMEOUT,open,56,56,0,-0.013334653040659722,-0.048404868060275774,0.035070215019616054,3.75e-05,3.75e-05,6.25e-05,5e-05,0.0001875,-0.013522153040659722,0.005722832721025648,0.125,1.0,0.5625,0.8740165497708171,0.2924199381993217
2022-07-08,2022-07-11,open,2022-07-12,2022-07-25,6,6,UNEXECUTED_TIMEOUT,open,56,56,0,-0.01375667503290867,-0.039086294877067274,0.025329619844158602,2.1428571428571418e-05,2.1428571428571418e-05,3.57142857142857e-05,2.857142857142856e-05,0.00010714285714285708,-0.013863817890051528,-0.002920944582550787,0.0714285714285714,1.0,0.5357142857142857,0.8618993434919033,0.2809903262669292
2022-07-11,2022-07-12,open,2022-07-13,2022-07-26,5,5,UNEXECUTED_TIMEOUT,open,56,56,0,-0.007042224864762743,-0.030453889427258574,0.02341166456249583,1.607142857142858e-05,1.607142857142858e-05,2.67857142857143e-05,2.1428571428571442e-05,8.035714285714291e-05,-0.007122582007619886,0.00843767217294189,0.0535714285714286,1.0,0.5267857142857143,0.8557603947355685,0.27243307794066685
2022-07-12,2022-07-13,open,2022-07-14,2022-07-27,5,6,UNEXECUTED_TIMEOUT,open,56,56,0,-0.00016926825108871748,-0.017899043413729276,0.01772977516264056,3.2142857142857124e-05,3.2142857142857124e-05,5.357142857142855e-05,4.285714285714284e-05,0.00016071428571428565,-0.00032998253680300313,-0.0014301954722500186,0.1071428571428571,1.0,0.5535714285714286,0.8554780087496181,0.26755678645127096
2022-07-13,2022-07-14,open,2022-07-15,2022-07-28,5,6,UNEXECUTED_TIMEOUT,open,56,56,0,0.0023998578751629235,-0.015444821010285215,0.017844678885448138,4.82142857142857e-05,4.82142857142857e-05,8.035714285714285e-05,6.428571428571429e-05,0.00024107142857142855,0.002158786446591495,-0.005034666282596472,0.1607142857142857,1.0,0.5803571428571428,0.8573248030802638,0.263424419774444
2022-07-14,2022-07-15,open,2022-07-18,2022-07-29,5,6,UNEXECUTED_TIMEOUT,open,56,56,0,-0.005662681208949626,-0.016989531968002458,0.011326850759052832,3.2142857142857124e-05,3.2142857142857124e-05,5.357142857142855e-05,4.285714285714284e-05,0.00016071428571428565,-0.005823395494663912,-0.0033836619399289255,0.1071428571428571,1.0,0.5535714285714286,0.8523322616845426,0.2589489621735336
2022-07-15,2022-07-18,open,2022-07-19,2022-08-01,5,5,UNEXECUTED_TIMEOUT,open,56,56,0,0.00810151093769922,-0.023815657529033474,0.03191716846673269,4.285714285714287e-05,4.285714285714287e-05,7.142857142857145e-05,5.714285714285716e-05,0.00021428571428571433,0.007887225223413506,0.0013296239743144254,0.1428571428571429,1.0,0.5714285714285714,0.85905479819763,0.2527819223729101
2022-07-18,2022-07-19,open,2022-07-20,2022-08-02,5,5,UNEXECUTED_TIMEOUT,open,56,56,0,-0.013286031006510516,-0.033594236044588666,0.020308205038078148,3.75e-05,3.75e-05,6.25e-05,5e-05,0.0001875,-0.013473531006510516,-0.013659979752597674,0.125,1.0,0.5625,0.8474802967378225,0.24428990680490967
2022-07-19,2022-07-20,open,2022-07-21,2022-08-03,4,5,UNEXECUTED_TIMEOUT,open,57,57,0,-0.018238417773613912,-0.04111965634504011,0.0228812385714262,3.1578947368421045e-05,3.1578947368421045e-05,5.263157894736842e-05,4.210526315789474e-05,0.00015789473684210524,-0.01839631251045602,-0.023455004753412514,0.10526315789473684,1.0,0.5526315789473684,0.8318897843525795,0.23424478978852992
2022-07-20,2022-07-21,open,2022-07-22,2022-08-04,4,5,UNEXECUTED_TIMEOUT,open,57,57,0,-0.014361092415451563,-0.04236643169829635,0.028005339282844786,2.6315789473684222e-05,2.6315789473684222e-05,4.385964912280704e-05,3.508771929824564e-05,0.00013157894736842113,-0.014492671362819984,-0.004613057753432251,0.08771929824561409,1.0,0.543859649122807,0.8198334790978704,0.2243206739012724
2022-07-21,2022-07-22,open,2022-07-25,2022-08-05,5,5,UNEXECUTED_TIMEOUT,open,57,57,0,-0.012789389521753233,-0.033434882791635645,0.020645493269882412,2.6315789473684222e-05,2.6315789473684222e-05,4.385964912280704e-05,3.508771929824564e-05,0.00013157894736842113,-0.012920968469121654,-0.0102684173849429,0.08771929824561409,1.0,0.543859649122807,0.8092404365645166,0.21682053846164262
2022-07-22,2022-07-25,open,2022-07-26,2022-08-08,4,5,UNEXECUTED_TIMEOUT,open,57,57,0,-0.005805584729206319,-0.02168600883151528,0.01588042410230896,3.684210526315791e-05,3.684210526315791e-05,6.140350877192985e-05,4.9122807017543884e-05,0.00018421052631578956,-0.005989795255522109,0.0025053973235324434,0.1228070175438597,1.0,0.5614035087719298,0.8043932520370058,0.21211856634970955
2022-07-25,2022-07-26,open,2022-07-27,2022-08-09,4,5,UNEXECUTED_TIMEOUT,open,57,57,0,-0.003263031174085257,-0.018109799054096265,0.014846767880011009,3.684210526315791e-05,3.684210526315791e-05,6.140350877192985e-05,4.9122807017543884e-05,0.00018421052631578956,-0.003447241700401047,-0.01052583721621669,0.1228070175438597,1.0,0.5614035087719298,0.8016203140750627,0.20827714173747333
2022-07-26,2022-07-27,open,2022-07-28,2022-08-10,4,5,UNEXECUTED_TIMEOUT,open,57,57,0,-0.006612162777833756,-0.02052498563555527,0.013912822857721514,2.1052631578947366e-05,2.1052631578947366e-05,3.508771929824561e-05,2.8070175438596492e-05,0.00010526315789473683,-0.006717425935728493,-0.020590259051112,0.07017543859649122,1.0,0.5350877192982456,0.7962354889866882,0.20400225639509717
2022-07-27,2022-07-28,open,2022-07-29,2022-08-11,4,5,UNEXECUTED_TIMEOUT,open,57,57,0,0.004445965048613825,-0.026290852500333584,0.030736817548947408,3.1578947368421045e-05,3.1578947368421045e-05,5.263157894736842e-05,4.210526315789474e-05,0.00015789473684210524,0.00428807031177172,0.0016120731640149864,0.10526315789473684,1.0,0.5526315789473684,0.7996498027481911,0.19863886316247845
2022-07-28,2022-07-29,open,2022-08-01,2022-08-12,4,5,UNEXECUTED_TIMEOUT,open,57,57,0,-0.008426640240735889,-0.00970205315367012,0.0012754129129342318,3.1578947368421045e-05,3.1578947368421045e-05,5.263157894736842e-05,4.210526315789474e-05,0.00015789473684210524,-0.008584534977577994,-0.002533102160882375,0.10526315789473684,1.0,0.5526315789473684,0.7927851810466859,0.19671165835369148
2022-07-29,2022-08-01,open,2022-08-02,2022-08-15,4,5,UNEXECUTED_TIMEOUT,open,57,57,0,0.0038398075891899405,0.004651438910477479,-0.0008116313212875384,3.684210526315791e-05,3.684210526315791e-05,6.140350877192985e-05,4.9122807017543884e-05,0.00018421052631578956,0.0036555970628741508,0.001480095594049036,0.1228070175438597,1.0,0.5614035087719298,0.7956832842260104,0.19762665061550239
2022-08-01,2022-08-02,open,2022-08-03,2022-08-16,4,5,UNEXECUTED_TIMEOUT,open,57,57,0,-0.002675511040821536,0.011135569954181301,-0.013811080995002837,3.1578947368421045e-05,3.1578947368421045e-05,5.263157894736842e-05,4.210526315789474e-05,0.00015789473684210524,-0.002833405777663641,-0.0030341325775764404,0.10526315789473684,1.0,0.5526315789473684,0.793428790611294,0.19982733600824187
2022-08-02,2022-08-03,open,2022-08-04,2022-08-17,4,5,UNEXECUTED_TIMEOUT,open,57,57,0,0.022506962606036032,0.016462911545448433,0.006044051060587599,2.1052631578947366e-05,2.1052631578947366e-05,3.508771929824561e-05,2.8070175438596492e-05,0.00010526315789473683,0.022401699448141296,0.02937905585087479,0.07017543859649122,1.0,0.5350877192982456,0.8112029439120705,0.20311707576530816
2022-08-03,2022-08-04,open,2022-08-05,2022-08-18,4,5,UNEXECUTED_TIMEOUT,open,57,57,0,0.018598553956409487,0.02844960265972718,-0.009851048703317693,2.1052631578947366e-05,2.1052631578947366e-05,3.508771929824561e-05,2.8070175438596492e-05,0.00010526315789473683,0.01849329079851475,0.013091273090988675,0.07017543859649122,1.0,0.5350877192982456,0.8262047558504476,0.20889567586423688
2022-08-04,2022-08-05,open,2022-08-08,2022-08-19,4,5,UNEXECUTED_TIMEOUT,open,57,57,0,0.03311782930665548,0.01579631640715018,0.0173215128995053,2.1052631578947366e-05,2.1052631578947366e-05,3.508771929824561e-05,2.8070175438596492e-05,0.00010526315789473683,0.03301256614876074,0.02752503319145109,0.07017543859649122,1.0,0.5350877192982456,0.8534798950053812,0.21219545805627385
2022-08-05,2022-08-08,open,2022-08-09,2022-08-22,4,5,UNEXECUTED_TIMEOUT,open,57,57,0,0.005233517826341397,-0.0016776469775917624,0.00691116480393316,3.1578947368421045e-05,3.1578947368421045e-05,5.263157894736842e-05,4.210526315789474e-05,0.00015789473684210524,0.005075623089499292,0.0009444413411881618,0.10526315789473684,1.0,0.5526315789473684,0.8578118372668939,0.21183946898740705
2022-08-08,2022-08-09,open,2022-08-10,2022-08-23,4,5,UNEXECUTED_TIMEOUT,open,57,57,0,0.008040301808973084,0.0076900503081087646,0.00035025150086431985,2.6315789473684222e-05,2.6315789473684222e-05,4.385964912280704e-05,3.508771929824564e-05,0.00013157894736842113,0.007908722861604663,0.003822502820726996,0.08771929824561409,1.0,0.543859649122807,0.8645960333552416,0.21346852516116324
2022-08-09,2022-08-10,open,2022-08-11,2022-08-24,4,5,UNEXECUTED_TIMEOUT,open,57,57,0,0.0043631415126554555,0.004668120920455321,-0.0003049794077998654,2.6315789473684222e-05,2.6315789473684222e-05,4.385964912280704e-05,3.508771929824564e-05,0.00013157894736842113,0.0042315625652870345,-0.0016385750480767541,0.08771929824561409,1.0,0.543859649122807,0.8682546255640834,0.2144650220493268
2022-08-10,2022-08-11,open,2022-08-12,2022-08-25,4,5,UNEXECUTED_TIMEOUT,open,57,57,0,0.01222387592678675,-0.009065201618789431,0.02128907754557618,3.1578947368421045e-05,3.1578947368421045e-05,5.263157894736842e-05,4.210526315789474e-05,0.00015789473684210524,0.012065981189944645,0.0020608819089189337,0.10526315789473684,1.0,0.5526315789473684,0.878730969544222,0.21252085338427154
2022-08-11,2022-08-12,open,2022-08-15,2022-08-26,4,4,UNEXECUTED_TIMEOUT,open,57,57,0,-0.009406047289703784,-0.013763493269492666,0.004357445979788882,2.6315789473684222e-05,2.6315789473684222e-05,4.385964912280704e-05,3.508771929824564e-05,0.00013157894736842113,-0.009537626237072206,-0.0008670669212977756,0.08771929824561409,1.0,0.543859649122807,0.8703499619937691,0.20959582404909027
2022-08-12,2022-08-15,open,2022-08-16,2022-08-29,4,4,UNEXECUTED_TIMEOUT,open,57,57,0,-0.00030455001365506336,-0.0277794191915266,0.027474869177871536,2.6315789473684222e-05,2.6315789473684222e-05,4.385964912280704e-05,3.508771929824564e-05,0.00013157894736842113,-0.00043612896102348446,-0.01220026444076187,0.08771929824561409,1.0,0.543859649122807,0.869970377169118,0.20377337379203714
2022-08-15,2022-08-16,open,2022-08-17,2022-08-30,4,4,UNEXECUTED_TIMEOUT,open,57,57,0,-0.0070874019509428645,-0.02434085259443508,0.017253450643492214,3.684210526315791e-05,3.684210526315791e-05,6.140350877192985e-05,4.9122807017543884e-05,0.00018421052631578956,-0.007271612477258654,-0.007185411896325787,0.1228070175438597,1.0,0.5614035087719298,0.8636442897196496,0.19881335613789444
2022-08-16,2022-08-17,open,2022-08-18,2022-08-31,4,5,UNEXECUTED_TIMEOUT,open,57,56,1,-0.0032953541275611126,-0.029987086877508506,0.026691732749947395,2.6785714285714288e-05,2.6785714285714288e-05,4.464285714285715e-05,3.5714285714285724e-05,0.00013392857142857146,-0.003429282698989684,-0.003848206488732206,0.0892857142857143,1.0,0.5446428571428572,0.8606826092988328,0.19285152275497836
2022-08-17,2022-08-18,open,2022-08-19,2022-09-01,4,4,UNEXECUTED_TIMEOUT,open,57,57,0,-0.010198342358018414,-0.03319190115519455,0.022993558797176135,2.6315789473684222e-05,2.6315789473684222e-05,4.385964912280704e-05,3.508771929824564e-05,0.00013157894736842113,-0.010329921305386836,-0.013893910271955048,0.08771929824561409,1.0,0.543859649122807,0.8517918256758609,0.18645041407406637
2022-08-18,2022-08-19,open,2022-08-22,2022-09-02,3,4,UNEXECUTED_TIMEOUT,open,57,57,0,-0.015209885729347948,-0.028674734929259427,0.013464849199911479,2.1052631578947366e-05,2.1052631578947366e-05,3.508771929824561e-05,2.8070175438596492e-05,0.00010526315789473683,-0.015315148887242684,0.007123308884256286,0.07017543859649122,1.0,0.5350877192982456,0.8387465070446988,0.18110399787304185
2022-08-19,2022-08-22,open,2022-08-23,2022-09-05,3,4,UNEXECUTED_TIMEOUT,open,57,57,0,0.0008926046677473599,-0.030169797458962977,0.031062402126710336,2.1052631578947366e-05,2.1052631578947366e-05,3.508771929824561e-05,2.8070175438596492e-05,0.00010526315789473683,0.000787341509852623,-0.013734689302313198,0.07017543859649122,1.0,0.5350877192982456,0.839406886985939,0.17564012693820372
2022-08-22,2022-08-23,open,2022-08-24,2022-09-06,3,4,UNEXECUTED_TIMEOUT,open,57,57,0,-0.004648506750600991,-0.03617695569737123,0.03152844894677023,2.6315789473684222e-05,2.6315789473684222e-05,4.385964912280704e-05,3.508771929824564e-05,0.00013157894736842113,-0.004780085697969412,-0.010682633670111989,0.08771929824561409,1.0,0.543859649122807,0.8353944501306805,0.16928600184727965
2022-08-23,2022-08-24,open,2022-08-25,2022-09-07,3,4,UNEXECUTED_TIMEOUT,open,57,57,0,-0.021053537852838092,-0.032589786056437475,0.011536248203599383,2.1052631578947366e-05,2.1052631578947366e-05,3.508771929824561e-05,2.8070175438596492e-05,0.00010526315789473683,-0.02115880101073283,0.006754238336846505,0.07017543859649122,1.0,0.5350877192982456,0.8177185051948949,0.16376900726472712
2022-08-24,2022-08-25,open,2022-08-26,2022-09-08,3,4,UNEXECUTED_TIMEOUT,open,57,57,0,0.005591755830002715,-0.008337048759007204,0.01392880458900992,3.1578947368421045e-05,3.1578947368421045e-05,5.263157894736842e-05,4.210526315789474e-05,0.00015789473684210524,0.00543386109316061,0.001696327731954958,0.10526315789473684,1.0,0.5526315789473684,0.8221618739654308,0.1624036570659469
2022-08-25,2022-08-26,open,2022-08-29,2022-09-09,3,4,UNEXECUTED_TIMEOUT,open,57,57,0,-0.011911746657196857,-0.018709418592989024,0.006797671935792168,2.1052631578947366e-05,2.1052631578947366e-05,3.508771929824561e-05,2.8070175438596492e-05,0.00010526315789473683,-0.012017009815091594,0.012895536736677357,0.07017543859649122,1.0,0.5350877192982456,0.8122819466563942,0.15936517906486786
2022-08-26,2022-08-29,open,2022-08-30,2022-09-13,3,4,UNEXECUTED_TIMEOUT,open,57,57,0,0.011673986894662626,0.011843106703613326,-0.0001691198089507004,2.1052631578947366e-05,2.1052631578947366e-05,3.508771929824561e-05,2.8070175438596492e-05,0.00010526315789473683,0.01156872373676789,-0.0073016212716831355,0.07017543859649122,1.0,0.5350877192982456,0.821679012093626,0.16125255788537354
2022-08-29,2022-08-30,open,2022-08-31,2022-09-14,4,4,UNEXECUTED_TIMEOUT,open,57,57,0,-0.0013892223922145044,-0.007455498632025326,0.006066276239810821,2.6315789473684222e-05,2.6315789473684222e-05,4.385964912280704e-05,3.508771929824564e-05,0.00013157894736842113,-0.0015208013395829256,0.01079146398033267,0.08771929824561409,1.0,0.543859649122807,0.8204294015513269,0.16005033966064855
2022-08-30,2022-08-31,open,2022-09-01,2022-09-15,3,4,UNEXECUTED_TIMEOUT,open,57,57,0,-0.004225375083525289,0.005300773154711891,-0.00952614823823718,2.6315789473684222e-05,2.6315789473684222e-05,4.385964912280704e-05,3.508771929824564e-05,0.00013157894736842113,-0.00435695403089371,0.020612793220533845,0.08771929824561409,1.0,0.543859649122807,0.8168548283631741,0.16089873020452425
2022-08-31,2022-09-01,open,2022-09-02,2022-09-16,4,4,UNEXECUTED_TIMEOUT,open,57,57,0,-0.011010825057245823,-0.012936935758242285,0.0019261107009964622,2.1052631578947366e-05,2.1052631578947366e-05,3.508771929824561e-05,2.8070175438596492e-05,0.00010526315789473683,-0.01111608821514056,-0.007913033334422415,0.07017543859649122,1.0,0.5350877192982456,0.8077745980321256,0.15881719366828556
2022-09-01,2022-09-02,open,2022-09-05,2022-09-19,3,4,UNEXECUTED_TIMEOUT,open,57,57,0,-0.011314754172322609,-0.031177047095793164,0.019862292923470554,2.1052631578947366e-05,2.1052631578947366e-05,3.508771929824561e-05,2.8070175438596492e-05,0.00010526315789473683,-0.011420017330217346,-0.02016447140389343,0.07017543859649122,1.0,0.5350877192982456,0.7985497981236893,0.1538657425416677
2022-09-02,2022-09-05,open,2022-09-06,2022-09-20,3,4,UNEXECUTED_TIMEOUT,open,57,57,0,-0.009927725868677365,-0.016147496325184196,0.006219770456506832,3.684210526315791e-05,3.684210526315791e-05,6.140350877192985e-05,4.9122807017543884e-05,0.00018421052631578956,-0.010111936394993155,-0.021901367780172126,0.1228070175438597,1.0,0.5614035087719298,0.790474913356828,0.1513811960294044
2022-09-05,2022-09-06,open,2022-09-07,2022-09-21,4,4,DELAYED_LIMIT_DOWN,open,57,57,0,-0.004768929263477703,-0.025631927459818904,0.0208629981963412,2.6315789473684222e-05,2.6315789473684222e-05,4.385964912280704e-05,3.508771929824564e-05,0.00013157894736842113,-0.004900508210846124,-0.016660073689782035,0.08771929824561409,1.0,0.543859649122807,0.786601184553455,0.14750100419399806
2022-09-06,2022-09-07,open,2022-09-08,2022-09-22,4,4,UNEXECUTED_TIMEOUT,open,57,57,0,-0.010554427793980506,-0.03906690342976693,0.028512475635786426,4.210526315789473e-05,4.210526315789473e-05,7.017543859649122e-05,5.6140350877192984e-05,0.00021052631578947367,-0.01076495410976998,-0.024652592927530043,0.14035087719298245,1.0,0.5701754385964912,0.7781334588990463,0.1417385967073575
2022-09-07,2022-09-08,open,2022-09-09,2022-09-23,4,5,UNEXECUTED_TIMEOUT,open,57,57,0,-0.027479545168340593,-0.04780880027414469,0.0203292551058041,4.736842105263159e-05,4.736842105263159e-05,7.894736842105266e-05,6.315789473684213e-05,0.00023684210526315797,-0.02771638727360375,-0.024664149509154826,0.1578947368421053,1.0,0.5789473684210527,0.7565664106016515,0.13496224444623792
2022-09-08,2022-09-09,open,2022-09-13,2022-09-26,4,4,UNEXECUTED_TIMEOUT,open,57,57,0,-0.016007770642400294,-0.05455730468561948,0.03854953404321919,3.684210526315791e-05,3.684210526315791e-05,6.140350877192985e-05,4.9122807017543884e-05,0.00018421052631578956,-0.016191981168716084,-0.022635598867838246,0.1228070175438597,1.0,0.5614035087719298,0.7443161015283064,0.12759906815492947
2022-09-09,2022-09-13,open,2022-09-14,2022-09-27,4,5,UNEXECUTED_TIMEOUT,open,57,57,0,-0.036956765074230624,-0.06516104524986788,0.028204280175637253,2.6315789473684222e-05,2.6315789473684222e-05,4.385964912280704e-05,3.508771929824564e-05,0.00013157894736842113,-0.037088344021599044,-0.017951405674779486,0.08771929824561409,1.0,0.543859649122807,0.7167106498940091,0.11928457950104514
2022-09-13,2022-09-14,open,2022-09-15,2022-09-28,4,4,UNEXECUTED_TIMEOUT,open,57,57,0,-0.019411449925744315,-0.04401233697811058,0.024600887052366262,3.684210526315791e-05,3.684210526315791e-05,6.140350877192985e-05,4.9122807017543884e-05,0.00018421052631578956,-0.019595660452060105,-0.03333706852135728,0.1228070175438597,1.0,0.5614035087719298,0.7026662313563108,0.11403458639175292
2022-09-14,2022-09-15,open,2022-09-16,2022-09-29,4,5,UNEXECUTED_TIMEOUT,open,57,57,0,-0.04313380654548993,-0.05255023108136281,0.00941642453587288,2.1052631578947366e-05,2.1052631578947366e-05,3.508771929824561e-05,2.8070175438596492e-05,0.00010526315789473683,-0.04323906970338467,-0.006730683445472521,0.07017543859649122,1.0,0.5350877192982456,0.6722835972004807,0.10804204252559867
2022-09-15,2022-09-16,open,2022-09-19,2022-09-30,4,5,UNEXECUTED_TIMEOUT,open,57,57,0,-0.03829436974843626,-0.044905761261197386,0.006611391512761126,3.684210526315791e-05,3.684210526315791e-05,6.140350877192985e-05,4.9122807017543884e-05,0.00018421052631578956,-0.038478580274752046,-0.021949970229957105,0.1228070175438597,1.0,0.5614035087719298,0.6464150788382029,0.103190332357772
2022-09-16,2022-09-19,open,2022-09-20,2022-10-10,4,5,UNEXECUTED_TIMEOUT,open,57,57,0,-0.021442146242766448,-0.031021091409684898,0.00957894516691845,3.684210526315791e-05,3.684210526315791e-05,6.140350877192985e-05,4.9122807017543884e-05,0.00018421052631578956,-0.021626356769082238,-0.030163055465939684,0.1228070175438597,1.0,0.5614035087719298,0.6324354757223336,0.09998925562510579
2022-09-19,2022-09-20,open,2022-09-21,2022-10-11,4,5,UNEXECUTED_TIMEOUT,open,57,57,0,-0.020736614697838326,-0.05414270460586068,0.03340608990802235,4.736842105263159e-05,4.736842105263159e-05,7.894736842105266e-05,6.315789473684213e-05,0.00023684210526315797,-0.020973456803101483,-0.015266430931608196,0.1578947368421053,1.0,0.5789473684210527,0.6191711175915223,0.09457556689403579
2022-09-20,2022-09-21,open,2022-09-22,2022-10-12,4,4,UNEXECUTED_TIMEOUT,open,57,57,0,-0.012262827678139654,-0.05060849438887649,0.03834566671073684,3.1578947368421045e-05,3.1578947368421045e-05,5.263157894736842e-05,4.210526315789474e-05,0.00015789473684210524,-0.01242072241498176,-0.00689012250326938,0.10526315789473684,1.0,0.5526315789473684,0.611480565012544,0.08978923984755417
2022-09-21,2022-09-22,open,2022-09-23,2022-10-13,5,5,UNEXECUTED_TIMEOUT,open,57,57,0,-0.015040997021678843,-0.030646084036935584,0.01560508701525674,4.210526315789473e-05,4.210526315789473e-05,7.017543859649122e-05,5.6140350877192984e-05,0.00021052631578947367,-0.015251523337468317,-0.022072788700597135,0.14035087719298245,1.0,0.5701754385964912,0.6021545549048469,0.08703755125757347
2022-09-22,2022-09-23,open,2022-09-26,2022-10-14,4,5,UNEXECUTED_TIMEOUT,open,57,57,0,-0.014759732996246359,-0.021160874025414667,0.0064011410291683075,4.210526315789473e-05,4.210526315789473e-05,7.017543859649122e-05,5.6140350877192984e-05,0.00021052631578947367,-0.014970259312035833,0.002960157036714159,0.14035087719298245,1.0,0.5701754385964912,0.5931401450719979,0.08519576059993138
2022-09-23,2022-09-26,open,2022-09-27,2022-10-17,4,4,UNEXECUTED_TIMEOUT,open,57,57,0,-0.0003318048254212079,-0.0019200458742906212,0.0015882410488694133,3.684210526315791e-05,3.684210526315791e-05,6.140350877192985e-05,4.9122807017543884e-05,0.00018421052631578956,-0.0005160153517369975,-0.010066203322758687,0.1228070175438597,1.0,0.5614035087719298,0.5928340756514092,0.08503218083128443
2022-09-26,2022-09-27,open,2022-09-28,2022-10-18,4,5,UNEXECUTED_TIMEOUT,open,57,57,0,0.011643352646898779,0.005659887998888724,0.0059834646480100544,2.6315789473684222e-05,2.6315789473684222e-05,4.385964912280704e-05,3.508771929824564e-05,0.00013157894736842113,0.011511773699530357,0.004985912425107141,0.08771929824561409,1.0,0.543859649122807,0.5996586473716784,0.08551345345109075
2022-09-27,2022-09-28,open,2022-09-29,2022-10-19,4,5,UNEXECUTED_TIMEOUT,open,57,57,0,-0.015473884849443629,-0.013397294454869813,-0.002076590394573816,4.210526315789473e-05,4.210526315789473e-05,7.017543859649122e-05,5.6140350877192984e-05,0.00021052631578947367,-0.015684411165233104,-0.005182945341890746,0.14035087719298245,1.0,0.5701754385964912,0.5902533545875135,0.08436780453535368
2022-09-28,2022-09-29,open,2022-09-30,2022-10-20,4,5,UNEXECUTED_TIMEOUT,open,57,57,0,-0.011708198776858294,-0.03046774642653438,0.018759547649676085,3.1578947368421045e-05,3.1578947368421045e-05,5.263157894736842e-05,4.210526315789474e-05,0.00015789473684210524,-0.0118660935137004,-0.0029812316865284044,0.10526315789473684,1.0,0.5526315789473684,0.5832493530852028,0.08179730766020711
2022-09-29,2022-09-30,open,2022-10-10,2022-10-21,4,5,UNEXECUTED_TIMEOUT,open,57,57,0,-0.00432210548362012,-0.02072860552780209,0.01640650004418197,1.578947368421054e-05,1.578947368421054e-05,2.6315789473684236e-05,2.105263157894739e-05,7.89473684210527e-05,-0.004401052852041173,0.009400426937262712,0.052631578947368474,1.0,0.5263157894736843,0.580682441856356,0.0801017635364824
2022-09-30,2022-10-10,open,2022-10-11,2022-10-24,4,5,UNEXECUTED_TIMEOUT,open,57,57,0,-0.020587044192791847,-0.020660386280526244,7.334208773439668e-05,2.1052631578947366e-05,2.1052631578947366e-05,3.508771929824561e-05,2.8070175438596492e-05,0.00010526315789473683,-0.020692307350686584,-0.002913941514728919,0.07017543859649122,1.0,0.5350877192982456,0.5686667822963171,0.0784468301600673
2022-10-10,2022-10-11,open,2022-10-12,2022-10-25,4,5,EXECUTED_ON_TIME,open,57,57,0,0.0027304120649432806,-0.02949690234696012,0.0322273144119034,3.1578947368421045e-05,3.1578947368421045e-05,5.263157894736842e-05,4.210526315789474e-05,0.00015789473684210524,0.0025725173281011754,0.0013627131806081317,0.10526315789473684,1.0,0.5526315789473684,0.5701296874476899,0.07613289167140723
2022-10-11,2022-10-12,open,2022-10-13,2022-10-26,4,4,EXECUTED_ON_TIME,open,57,57,0,0.021733511591405234,-0.024055391733143194,0.04578890332454843,2.6315789473684222e-05,2.6315789473684222e-05,4.385964912280704e-05,3.508771929824564e-05,0.00013157894736842113,0.021601932644036814,0.0022835123442227143,0.08771929824561409,1.0,0.543859649122807,0.5824455905543007,0.07430148513847458
2022-10-12,2022-10-13,open,2022-10-14,2022-10-27,4,4,EXECUTED_ON_TIME,open,57,57,0,0.016041943214519558,-0.023627029792744114,0.03966897300726367,2.6315789473684222e-05,2.6315789473684222e-05,4.385964912280704e-05,3.508771929824564e-05,0.00013157894736842113,0.015910364267151138,0.0033793704031234353,0.08771929824561409,1.0,0.543859649122807,0.5917125120658155,0.07254596173546271
2022-10-13,2022-10-14,open,2022-10-17,2022-10-28,4,5,EXECUTED_ON_TIME,open,57,57,0,0.000943908724952939,-0.04708990737226282,0.048033816097215756,3.1578947368421045e-05,3.1578947368421045e-05,5.263157894736842e-05,4.210526315789474e-05,0.00015789473684210524,0.0007860139881108337,-0.005293134795205611,0.10526315789473684,1.0,0.5526315789473684,0.5921776063772395,0.06912977911710805
2022-10-14,2022-10-17,open,2022-10-18,2022-10-31,3,4,EXECUTED_ON_TIME,open,57,57,0,0.006344987205578601,-0.08312815276265795,0.08947313996823655,3.1578947368421045e-05,3.1578947368421045e-05,5.263157894736842e-05,4.210526315789474e-05,0.00015789473684210524,0.006187092468736496,-0.004010689299884683,0.10526315789473684,1.0,0.5526315789473684,0.5958414639858104,0.06338314827821229
2022-10-17,2022-10-18,open,2022-10-19,2022-11-01,4,4,EXECUTED_ON_TIME,open,57,57,0,-0.014818577969930443,-0.0895045457296837,0.07468596775975325,2.6315789473684222e-05,2.6315789473684222e-05,4.385964912280704e-05,3.508771929824564e-05,0.00013157894736842113,-0.014950156917298865,-0.015179923144840528,0.08771929824561409,1.0,0.543859649122807,0.5869335406013895,0.057710068384653715
2022-10-18,2022-10-19,open,2022-10-20,2022-11-02,3,4,EXECUTED_ON_TIME,open,57,57,0,-0.010796160606916402,-0.05410812271095278,0.04331196210403637,2.6315789473684222e-05,2.6315789473684222e-05,4.385964912280704e-05,3.508771929824564e-05,0.00013157894736842113,-0.010927739554284823,0.0007402112449081694,0.08771929824561409,1.0,0.543859649122807,0.5805196837340232,0.054587484922839394
2022-10-19,2022-10-20,open,2022-10-21,2022-11-03,4,4,EXECUTED_ON_TIME,open,57,57,0,0.014746528696112895,-0.0270964525237557,0.0418429812198686,3.1578947368421045e-05,3.1578947368421045e-05,5.263157894736842e-05,4.210526315789474e-05,0.00015789473684210524,0.01458863395927079,0.011063912487117399,0.10526315789473684,1.0,0.5526315789473684,0.5889886729061704,0.053108357729236444
2022-10-20,2022-10-21,open,2022-10-24,2022-11-04,4,4,UNEXECUTED_TIMEOUT,open,57,57,0,0.005365901807313254,-0.028535465876730504,0.033901367684043754,3.1578947368421045e-05,3.1578947368421045e-05,5.263157894736842e-05,4.210526315789474e-05,0.00015789473684210524,0.005208007070471149,-0.0022773491644995127,0.10526315789473684,1.0,0.5526315789473684,0.5920561300790932,0.05159288599948462
2022-10-21,2022-10-24,open,2022-10-25,2022-11-07,3,4,UNEXECUTED_TIMEOUT,open,57,57,0,-0.007845203011405946,0.00713750179389816,-0.014982704805304106,4.210526315789473e-05,4.210526315789473e-05,7.017543859649122e-05,5.6140350877192984e-05,0.00021052631578947367,-0.00805572932719542,0.006792173049321339,0.14035087719298245,1.0,0.5701754385964912,0.5872866861486692,0.05196113031585832
2022-10-24,2022-10-25,open,2022-10-26,2022-11-08,4,4,EXECUTED_ON_TIME,open,57,57,0,0.015144162825509438,0.04189058006546764,-0.026746417239958204,3.684210526315791e-05,3.684210526315791e-05,6.140350877192985e-05,4.9122807017543884e-05,0.00018421052631578956,0.014959952299193648,0.012906375131979855,0.1228070175438597,1.0,0.5614035087719298,0.5960724669594049,0.05413781220564698
2022-10-25,2022-10-26,open,2022-10-27,2022-11-09,3,4,EXECUTED_ON_TIME,open,57,56,1,0.02499894637113715,0.03233166662584064,-0.007332720254703488,4.285714285714287e-05,4.285714285714287e-05,7.142857142857145e-05,5.714285714285716e-05,0.00021428571428571433,0.024784660656851434,0.017201381128950366,0.1428571428571429,1.0,0.5714285714285714,0.610845920779886,0.055888177901732325
2022-10-26,2022-10-27,open,2022-10-28,2022-11-10,3,4,EXECUTED_ON_TIME,open,57,57,0,-0.005314707135519216,0.00495192445329673,-0.010266631588815946,4.210526315789473e-05,4.210526315789473e-05,7.017543859649122e-05,5.6140350877192984e-05,0.00021052631578947367,-0.005525233451308689,0.010284225791147317,0.14035087719298245,1.0,0.5701754385964912,0.6074708544647974,0.05616493193653411
2022-10-27,2022-10-28,open,2022-10-31,2022-11-11,4,4,DELAYED_LIMIT_DOWN,open,57,57,0,-0.0038018644727272947,0.050648792286611455,-0.05445065675933875,4.210526315789473e-05,4.210526315789473e-05,7.017543859649122e-05,5.6140350877192984e-05,0.00021052631578947367,-0.004012390788516769,0.021232707509044064,0.14035087719298245,1.0,0.5701754385964912,0.6050334440040505,0.059009617907979296
2022-10-28,2022-10-31,open,2022-11-01,2022-11-14,3,4,DELAYED_LIMIT_DOWN,open,57,57,0,0.03757713297789396,0.08949561236430692,-0.05191847938641296,2.6315789473684222e-05,2.6315789473684222e-05,4.385964912280704e-05,3.508771929824564e-05,0.00013157894736842113,0.03744555403052554,0.029779877941877066,0.08771929824561409,1.0,0.543859649122807,0.6276892565217791,0.06429071979803767
2022-10-31,2022-11-01,open,2022-11-02,2022-11-15,3,4,EXECUTED_ON_TIME,open,57,57,0,0.06801948296502949,0.07645539526628786,-0.00843591230125837,4.210526315789473e-05,4.210526315789473e-05,7.017543859649122e-05,5.6140350877192984e-05,0.00021052631578947367,0.06780895664924001,0.059245092939916685,0.14035087719298245,1.0,0.5701754385964912,0.6702522101064581,0.0692060921921508
2022-11-01,2022-11-02,open,2022-11-03,2022-11-16,3,4,EXECUTED_ON_TIME,open,57,57,0,0.041400216044905666,0.0664136721975026,-0.02501345615259694,4.210526315789473e-05,4.210526315789473e-05,7.017543859649122e-05,5.6140350877192984e-05,0.00021052631578947367,0.04118968972911619,0.042793395810629936,0.14035087719298245,1.0,0.5701754385964912,0.6978596906809975,0.07380232291307046
2022-11-02,2022-11-03,open,2022-11-04,2022-11-17,4,4,UNEXECUTED_TIMEOUT,open,57,57,0,0.03549347628333757,0.0483424141166402,-0.012848937833302626,3.1578947368421045e-05,3.1578947368421045e-05,5.263157894736842e-05,4.210526315789474e-05,0.00015789473684210524,0.035335581546495465,0.028113845189396497,0.10526315789473684,1.0,0.5526315789473684,0.7225189686890681,0.07737010537010411
2022-11-03,2022-11-04,open,2022-11-07,2022-11-18,3,4,EXECUTED_ON_TIME,open,57,57,0,0.04422820682730472,0.04854979926077063,-0.004321592433465915,4.736842105263159e-05,4.736842105263159e-05,7.894736842105266e-05,6.315789473684213e-05,0.00023684210526315797,0.04399136472204156,0.026677238730667553,0.1578947368421053,1.0,0.5789473684210527,0.7543035641592621,0.08112640845460733
2022-11-04,2022-11-07,open,2022-11-08,2022-11-21,3,4,EXECUTED_ON_TIME,open,57,57,0,0.013345143494862276,0.004022881202219164,0.009322262292643112,2.6315789473684222e-05,2.6315789473684222e-05,4.385964912280704e-05,3.508771929824564e-05,0.00013157894736842113,0.013213564547493855,0.016441173946090237,0.08771929824561409,1.0,0.543859649122807,0.7642706029926851,0.08145277035818294
2022-11-07,2022-11-08,open,2022-11-09,2022-11-22,3,4,EXECUTED_ON_TIME,open,57,57,0,0.003873120420691796,-0.002008394500724986,0.005881514921416782,3.1578947368421045e-05,3.1578947368421045e-05,5.263157894736842e-05,4.210526315789474e-05,0.00015789473684210524,0.003715225683849691,0.0061973603393330485,0.10526315789473684,1.0,0.5526315789473684,0.7671100407663348,0.08128918106212675
2022-11-08,2022-11-09,open,2022-11-10,2022-11-23,3,3,DELAYED_LIMIT_DOWN,open,57,57,0,-0.002967537360501959,0.0025152088284521312,-0.00548274618895409,2.1052631578947366e-05,2.1052631578947366e-05,3.508771929824561e-05,2.8070175438596492e-05,0.00010526315789473683,-0.003072800518396696,0.011415626653875728,0.07017543859649122,1.0,0.5350877192982456,0.7647528646354007,0.08149364032799186
2022-11-09,2022-11-10,open,2022-11-11,2022-11-24,3,3,EXECUTED_ON_TIME,open,57,57,0,0.02890291515529853,0.02868094460212034,0.00022197055317818917,2.6315789473684222e-05,2.6315789473684222e-05,4.385964912280704e-05,3.508771929824564e-05,0.00013157894736842113,0.02877133620793011,0.008020938805598798,0.08771929824561409,1.0,0.543859649122807,0.7867558264198035,0.08383095491166412
2022-11-10,2022-11-11,open,2022-11-14,2022-11-25,3,4,EXECUTED_ON_TIME,open,57,57,0,0.0002629998404033674,-0.009629709614423554,0.00989270945482692,2.1052631578947366e-05,2.1052631578947366e-05,3.508771929824561e-05,2.8070175438596492e-05,0.00010526315789473683,0.00015773668250863054,0.007352604925362969,0.07017543859649122,1.0,0.5350877192982456,0.7868799266738074,0.08302368715916496
2022-11-11,2022-11-14,open,2022-11-15,2022-11-28,3,4,EXECUTED_ON_TIME,open,57,57,0,-0.0036127478451344185,-0.0304448888138088,0.02683214096867438,2.1052631578947366e-05,2.1052631578947366e-05,3.508771929824561e-05,2.8070175438596492e-05,0.00010526315789473683,-0.0037180110030291553,-0.0006051476594516971,0.07017543859649122,1.0,0.5350877192982456,0.7839542984483714,0.08049604023469173
2022-11-14,2022-11-15,open,2022-11-16,2022-11-29,3,4,EXECUTED_ON_TIME,open,58,58,0,0.03130011026046325,-0.005900352764873107,0.037200463025336354,3.1034482758620685e-05,3.1034482758620685e-05,5.1724137931034475e-05,4.137931034482758e-05,0.00015517241379310343,0.031144937846670145,0.006593191539980593,0.10344827586206895,1.0,0.5517241379310345,0.8083705063481759,0.08002108520113163
2022-11-15,2022-11-16,open,2022-11-17,2022-11-30,3,4,EXECUTED_ON_TIME,open,58,58,0,-0.012126426416246927,-0.006281322758353136,-0.005845103657893791,2.5862068965517224e-05,2.5862068965517224e-05,4.3103448275862045e-05,3.4482758620689636e-05,0.00012931034482758613,-0.012255736761074512,-0.0017493947936323886,0.08620689655172409,1.0,0.5431034482758621,0.7984633302169561,0.07951844693750965
2022-11-16,2022-11-17,open,2022-11-18,2022-12-01,3,4,EXECUTED_ON_TIME,open,58,58,0,0.006722229754240514,0.0261755839876312,-0.019453354233390688,2.06896551724138e-05,2.06896551724138e-05,3.448275862068967e-05,2.7586206896551737e-05,0.00010344827586206902,0.006618781478378445,0.0018309980922698466,0.06896551724137934,1.0,0.5344827586206897,0.8037481845181605,0.08159988872388843
2022-11-17,2022-11-18,open,2022-11-21,2022-12-02,3,4,EXECUTED_ON_TIME,open,58,58,0,-0.010432412378769998,0.01636635187682689,-0.026798764255596887,3.1034482758620685e-05,3.1034482758620685e-05,5.1724137931034475e-05,4.137931034482758e-05,0.00015517241379310343,-0.010587584792563103,0.004959109113466583,0.10344827586206895,1.0,0.5517241379310345,0.7952384324627059,0.0829353812158535
2022-11-18,2022-11-21,open,2022-11-22,2022-12-05,3,4,EXECUTED_ON_TIME,open,58,58,0,0.013065657009268582,0.036611314594255706,-0.023545657584987126,4.6551724137931024e-05,4.6551724137931024e-05,7.758620689655172e-05,6.206896551724137e-05,0.00023275862068965515,0.012832898388578927,0.007614142231067264,0.15517241379310343,1.0,0.5775862068965517,0.8054436464611925,0.08597175454854164
2022-11-21,2022-11-22,open,2022-11-23,2022-12-06,3,4,EXECUTED_ON_TIME,open,58,58,0,0.013516187969617195,0.04326087429854164,-0.029744686328924446,3.620689655172414e-05,3.620689655172414e-05,6.0344827586206904e-05,4.827586206896553e-05,0.0001810344827586207,0.013335153486858573,0.020069687927310946,0.12068965517241381,1.0,0.5603448275862069,0.8161843611117676,0.08969096781529118
2022-11-22,2022-11-23,open,2022-11-24,2022-12-07,3,4,EXECUTED_ON_TIME,open,58,58,0,0.012884396700797364,0.05224593480800044,-0.039361538107203074,3.620689655172414e-05,3.620689655172414e-05,6.0344827586206904e-05,4.827586206896553e-05,0.0001810344827586207,0.012703362218038743,0.008688762558840483,0.12068965517241381,1.0,0.5603448275862069,0.826552646687669,0.09437695627263534
2022-11-23,2022-11-24,open,2022-11-25,2022-12-08,3,4,EXECUTED_ON_TIME,open,58,58,0,0.003708190211954362,0.0426367650084134,-0.03892857479645904,3.1034482758620685e-05,3.1034482758620685e-05,5.1724137931034475e-05,4.137931034482758e-05,0.00015517241379310343,0.0035530177981612588,0.012454426359389778,0.10344827586206895,1.0,0.5517241379310345,0.8294894029524676,0.098400884379441
2022-11-24,2022-11-25,open,2022-11-28,2022-12-09,3,4,EXECUTED_ON_TIME,open,58,58,0,0.00777293407411721,0.0561701306380058,-0.04839719656388859,2.06896551724138e-05,2.06896551724138e-05,3.448275862068967e-05,2.7586206896551737e-05,0.00010344827586206902,0.007669485798255141,0.024550983764295983,0.06896551724137934,1.0,0.5344827586206897,0.8358511601482147,0.1039280749099295
2022-11-25,2022-11-28,open,2022-11-29,2022-12-12,3,4,EXECUTED_ON_TIME,open,58,58,0,0.027531773695328568,0.07408894130638788,-0.04655716761105931,5.172413793103448e-05,5.172413793103448e-05,8.620689655172414e-05,6.896551724137931e-05,0.0002586206896551724,0.027273153005673397,0.017407039184281534,0.1724137931034483,1.0,0.5862068965517242,0.8586474567289065,0.11162799595201715
2022-11-28,2022-11-29,open,2022-11-30,2022-12-13,4,4,EXECUTED_ON_TIME,open,58,58,0,0.02555710596468377,0.04964145097529049,-0.02408434501060672,4.13793103448276e-05,4.13793103448276e-05,6.896551724137934e-05,5.5172413793103474e-05,0.00020689655172413803,0.025350209412959634,0.01779331116525063,0.13793103448275867,1.0,0.5689655172413793,0.8804143495688895,0.11716937164053914
2022-11-29,2022-11-30,open,2022-12-01,2022-12-14,4,4,EXECUTED_ON_TIME,open,58,58,0,0.02280258877438974,0.030295108117688763,-0.007492519343299024,4.13793103448276e-05,4.13793103448276e-05,6.896551724137934e-05,5.5172413793103474e-05,0.00020689655172413803,0.022595692222665602,0.009032818937011553,0.13793103448275867,1.0,0.5689655172413793,0.9003079212401665,0.12071903042247094
2022-11-30,2022-12-01,open,2022-12-02,2022-12-15,4,5,EXECUTED_ON_TIME,open,58,58,0,-0.00015208166877070096,0.008511728905884475,-0.008663810574655175,3.1034482758620685e-05,3.1034482758620685e-05,5.1724137931034475e-05,4.137931034482758e-05,0.00015517241379310343,-0.0003072540825638044,0.004782652471406999,0.10344827586206895,1.0,0.5517241379310345,0.9000312979558008,0.12174655808320824
2022-12-01,2022-12-02,open,2022-12-05,2022-12-16,3,4,EXECUTED_ON_TIME,open,58,58,0,0.006792110289791772,0.011534830536102492,-0.00474272024631072,3.1034482758620685e-05,3.1034482758620685e-05,5.1724137931034475e-05,4.137931034482758e-05,0.00015517241379310343,0.0066369378759986684,0.00476881540265385,0.10344827586206895,1.0,0.5517241379310345,0.906004749766788,0.1231508839990518
2022-12-02,2022-12-05,open,2022-12-06,2022-12-19,4,4,EXECUTED_ON_TIME,open,58,58,0,-0.002198191723625212,0.011549943981504995,-0.013748135705130208,3.1034482758620685e-05,3.1034482758620685e-05,5.1724137931034475e-05,4.137931034482758e-05,0.00015517241379310343,-0.0023533641374183156,-0.00680630536238196,0.10344827586206895,1.0,0.5517241379310345,0.9038725906803563,0.12457326981051367
2022-12-05,2022-12-06,open,2022-12-07,2022-12-20,4,4,EXECUTED_ON_TIME,open,57,57,0,-0.00621706535520415,-0.012160836608546721,0.005943771253342571,2.6315789473684222e-05,2.6315789473684222e-05,4.385964912280704e-05,3.508771929824564e-05,0.00013157894736842113,-0.006348644302572571,-0.01043465684266833,0.08771929824561409,1.0,0.543859649122807,0.898134225107282,0.1230583546305556
2022-12-06,2022-12-07,open,2022-12-08,2022-12-21,4,5,EXECUTED_ON_TIME,open,57,57,0,-0.017713008403878246,-0.029739892515730393,0.012026884111852147,2.6315789473684222e-05,2.6315789473684222e-05,4.385964912280704e-05,3.508771929824564e-05,0.00013157894736842113,-0.017844587351246666,-0.012523252354506381,0.08771929824561409,1.0,0.543859649122807,0.8821073904742108,0.11939861239068024
2022-12-07,2022-12-08,open,2022-12-09,2022-12-22,4,5,EXECUTED_ON_TIME,open,57,57,0,-0.02459718773085688,-0.02377694621495141,-0.0008202415159054705,4.736842105263159e-05,4.736842105263159e-05,7.894736842105266e-05,6.315789473684213e-05,0.00023684210526315797,-0.02483402983612004,-0.02358139195757497,0.1578947368421053,1.0,0.5789473684210527,0.8602011092205123,0.11655967800572721
2022-12-08,2022-12-09,open,2022-12-12,2022-12-23,4,5,EXECUTED_ON_TIME,open,57,57,0,-0.021892494534961778,-0.037954645037142964,0.016062150502181186,3.1578947368421045e-05,3.1578947368421045e-05,5.263157894736842e-05,4.210526315789474e-05,0.00015789473684210524,-0.022050389271803885,-0.021859543623672855,0.10526315789473684,1.0,0.5526315789473684,0.8412333399101625,0.11213569680137615
2022-12-09,2022-12-12,open,2022-12-13,2022-12-26,4,4,EXECUTED_ON_TIME,open,57,57,0,-0.014938352521378559,-0.03661914021828028,0.021680787696901717,2.6315789473684222e-05,2.6315789473684222e-05,4.385964912280704e-05,3.508771929824564e-05,0.00013157894736842113,-0.01506993146874698,-0.014804254522377215,0.08771929824561409,1.0,0.543859649122807,0.8285560111284912,0.108029383996732
2022-12-12,2022-12-13,open,2022-12-14,2022-12-27,4,4,EXECUTED_ON_TIME,open,57,57,0,-0.011365245741327626,-0.02343287598885846,0.012067630247530834,4.736842105263159e-05,4.736842105263159e-05,7.894736842105266e-05,6.315789473684213e-05,0.00023684210526315797,-0.011602087846590784,-0.009296531468411038,0.1578947368421053,1.0,0.5789473684210527,0.8189430315015576,0.1054979448383838
2022-12-13,2022-12-14,open,2022-12-15,2022-12-28,4,5,UNEXECUTED_TIMEOUT,open,57,57,0,-0.014732302056472623,-0.01970153225988036,0.004969230203407738,2.1052631578947366e-05,2.1052631578947366e-05,3.508771929824561e-05,2.8070175438596492e-05,0.00010526315789473683,-0.01483756521436736,-0.007651528151950941,0.07017543859649122,1.0,0.5350877192982456,0.8067919108648015,0.10341947367479931
2022-12-14,2022-12-15,open,2022-12-16,2022-12-29,4,5,UNEXECUTED_TIMEOUT,open,57,57,0,-0.01398074097991417,-0.025396796497914376,0.011416055518000205,1.578947368421054e-05,1.578947368421054e-05,2.6315789473684236e-05,2.105263157894739e-05,7.89473684210527e-05,-0.014059688348335224,-0.009880372298462396,0.052631578947368474,1.0,0.5263157894736843,0.7954486680360845,0.10079295034795901
2022-12-15,2022-12-16,open,2022-12-19,2022-12-30,4,5,EXECUTED_ON_TIME,open,57,57,0,-0.01700273075004673,-0.014574565937599204,-0.002428164812447526,2.1052631578947366e-05,2.1052631578947366e-05,3.508771929824561e-05,2.8070175438596492e-05,0.00010526315789473683,-0.017107993907941467,-0.016814408106202966,0.07017543859649122,1.0,0.5350877192982456,0.7818401370692429,0.09932393684706753
2022-12-16,2022-12-19,open,2022-12-20,2023-01-03,4,4,EXECUTED_ON_TIME,open,57,57,0,-0.016775606463192403,-0.022246419031105136,0.005470812567912733,2.6315789473684222e-05,2.6315789473684222e-05,4.385964912280704e-05,3.508771929824564e-05,0.00013157894736842113,-0.016907185410560823,0.006455117449214728,0.08771929824561409,1.0,0.543859649122807,0.768621420910395,0.09711433492814864
2022-12-19,2022-12-20,open,2022-12-21,2023-01-04,4,5,EXECUTED_ON_TIME,open,58,58,0,-0.0012168079664394455,0.0012944363456288688,-0.002511244312068314,2.06896551724138e-05,2.06896551724138e-05,3.448275862068967e-05,2.7586206896551737e-05,0.00010344827586206902,-0.0013202562423015145,0.005860328494891198,0.06896551724137934,1.0,0.5344827586206897,0.7676066436814714,0.0972400432529612
2022-12-20,2022-12-21,open,2022-12-22,2023-01-05,4,5,EXECUTED_ON_TIME,open,58,58,0,0.009026895924098874,0.019404006406875007,-0.010377110482776133,1.0344827586206883e-05,1.0344827586206883e-05,1.7241379310344808e-05,1.3793103448275846e-05,5.172413793103443e-05,0.00897517178616784,0.008613915328146309,0.03448275862068961,1.0,0.5172413793103448,0.7744960451727163,0.09912688967524647
2022-12-21,2022-12-22,open,2022-12-23,2023-01-06,4,5,EXECUTED_ON_TIME,open,57,57,0,-0.005500772976140524,0.028592683879888225,-0.03409345685602875,1.578947368421054e-05,1.578947368421054e-05,2.6315789473684236e-05,2.105263157894739e-05,7.89473684210527e-05,-0.005579720344561576,0.011158451094472912,0.052631578947368474,1.0,0.5263157894736843,0.7701745738326836,0.10196119349572734
2022-12-22,2022-12-23,open,2022-12-26,2023-01-09,4,5,EXECUTED_ON_TIME,open,58,58,0,0.023492996249757737,0.04903746862223257,-0.025544472372474834,3.1034482758620685e-05,3.1034482758620685e-05,5.1724137931034475e-05,4.137931034482758e-05,0.00015517241379310343,0.023337823835964635,0.023181980797774407,0.10344827586206895,1.0,0.5517241379310345,0.78814877235973,0.10696111232245946
2022-12-23,2022-12-26,open,2022-12-27,2023-01-10,4,5,EXECUTED_ON_TIME,open,58,58,0,0.03972485647550932,0.04807250517416728,-0.008347648698657957,2.5862068965517224e-05,2.5862068965517224e-05,4.3103448275862045e-05,3.4482758620689636e-05,0.00012931034482758613,0.03959554613068174,0.022640136687078153,0.08620689655172409,1.0,0.5431034482758621,0.81935595343354,0.11210300094801558
2022-12-26,2022-12-27,open,2022-12-28,2023-01-11,4,5,EXECUTED_ON_TIME,open,58,58,0,0.015451744800540089,0.04117661532723549,-0.0257248705266954,3.620689655172414e-05,3.620689655172414e-05,6.0344827586206904e-05,4.827586206896553e-05,0.0001810344827586207,0.015270710317781468,0.011469695350532261,0.12068965517241381,1.0,0.5603448275862069,0.831868100845573,0.11671902309508073
2022-12-27,2022-12-28,open,2022-12-29,2023-01-12,4,5,EXECUTED_ON_TIME,open,58,58,0,0.007595644889897435,0.037895560493874436,-0.030299915603977,3.1034482758620685e-05,3.1034482758620685e-05,5.1724137931034475e-05,4.137931034482758e-05,0.00015517241379310343,0.007440472476104331,0.016079152275097937,0.10344827586206895,1.0,0.5517241379310345,0.8380575925536637,0.12114215589556629
2022-12-28,2022-12-29,open,2022-12-30,2023-01-13,4,5,EXECUTED_ON_TIME,open,58,58,0,0.022730830985472017,0.04619722300346951,-0.023466392017997495,2.06896551724138e-05,2.06896551724138e-05,3.448275862068967e-05,2.7586206896551737e-05,0.00010344827586206902,0.02262738270960995,0.016571611834654994,0.06896551724137934,1.0,0.5344827586206897,0.8570206424330699,0.12673858708659483
2022-12-29,2022-12-30,open,2023-01-03,2023-01-16,4,5,EXECUTED_ON_TIME,open,58,58,0,0.018517018747401685,0.052644906885400244,-0.03412788813799856,2.06896551724138e-05,2.06896551724138e-05,3.448275862068967e-05,2.7586206896551737e-05,0.00010344827586206902,0.018413570471539617,0.0205269615534928,0.06896551724137934,1.0,0.5344827586206897,0.8728014524280753,0.1334107282025558
2022-12-30,2023-01-03,open,2023-01-04,2023-01-17,4,4,EXECUTED_ON_TIME,open,58,58,0,0.03922319469185507,0.07089744558371947,-0.031674250891864396,1.5517241379310342e-05,1.5517241379310342e-05,2.5862068965517237e-05,2.068965517241379e-05,7.758620689655172e-05,0.039145608484958516,0.02327428045330014,0.051724137931034475,1.0,0.5258620689655172,0.9069677963699277,0.1428692080455809
2023-01-03,2023-01-04,open,2023-01-05,2023-01-18,4,4,EXECUTED_ON_TIME,open,58,58,0,0.01796032832097578,0.0653205532325507,-0.047360224911574926,2.5862068965517224e-05,2.5862068965517224e-05,4.3103448275862045e-05,3.4482758620689636e-05,0.00012931034482758613,0.01783101797614819,0.016310347088362057,0.08620689655172409,1.0,0.5431034482758621,0.9231399554507875,0.15220150375501462
2023-01-04,2023-01-05,open,2023-01-06,2023-01-19,4,4,EXECUTED_ON_TIME,open,58,58,0,0.033806655760633124,0.05419301887086547,-0.02038636311023235,3.1034482758620685e-05,3.1034482758620685e-05,5.1724137931034475e-05,4.137931034482758e-05,0.00015517241379310343,0.03365148334684002,0.02810139392927826,0.10344827586206895,1.0,0.5517241379310345,0.9542049842884424,0.16044976272018424
2023-01-05,2023-01-06,open,2023-01-09,2023-01-20,4,4,EXECUTED_ON_TIME,open,58,58,0,0.02661900647552137,0.04970211981260331,-0.023083113337081938,3.1034482758620685e-05,3.1034482758620685e-05,5.1724137931034475e-05,4.137931034482758e-05,0.00015517241379310343,0.026463834061728267,0.023250307277963442,0.10344827586206895,1.0,0.5517241379310345,0.9794569066535257,0.1684244560508066
2023-01-06,2023-01-09,open,2023-01-10,2023-01-30,4,5,EXECUTED_ON_TIME,open,58,58,0,0.034967381918648004,0.0672990160379019,-0.03233163411925389,3.620689655172414e-05,3.620689655172414e-05,6.0344827586206904e-05,4.827586206896553e-05,0.0001810344827586207,0.03478634743588938,0.029764694501064542,0.12068965517241381,1.0,0.5603448275862069,1.0135286349068566,0.17975925621974476
2023-01-09,2023-01-10,open,2023-01-11,2023-01-31,4,5,EXECUTED_ON_TIME,open,58,58,0,0.02033701392218988,0.04629670912964379,-0.025959695207453906,2.5862068965517224e-05,2.5862068965517224e-05,4.3103448275862045e-05,3.4482758620689636e-05,0.00012931034482758613,0.020207703577362294,0.02071462194421405,0.08620689655172409,1.0,0.5431034482758621,1.0340097211282229,0.1880815182183114
2023-01-10,2023-01-11,open,2023-01-12,2023-02-01,4,5,EXECUTED_ON_TIME,open,58,58,0,0.02517325312338549,0.037376202895406774,-0.012202949772021285,2.5862068965517224e-05,2.5862068965517224e-05,4.3103448275862045e-05,3.4482758620689636e-05,0.00012931034482758613,0.025043942778557902,0.03131546650878543,0.08620689655172409,1.0,0.5431034482758621,1.0599054014166307,0.19511129120411516
2023-01-11,2023-01-12,open,2023-01-13,2023-02-02,4,5,EXECUTED_ON_TIME,open,58,58,0,0.03357781174434146,0.04616318000474928,-0.01258536826040782,2.06896551724138e-05,2.06896551724138e-05,3.448275862068967e-05,2.7586206896551737e-05,0.00010344827586206902,0.033474363468479394,0.030399859842645642,0.06896551724137934,1.0,0.5344827586206897,1.0953850600658555,0.20411824886092977
2023-01-12,2023-01-13,open,2023-01-16,2023-02-03,4,5,EXECUTED_ON_TIME,open,58,58,0,0.0274041525103573,0.03217401720262747,-0.00476986469227017,2.5862068965517224e-05,2.5862068965517224e-05,4.3103448275862045e-05,3.4482758620689636e-05,0.00012931034482758613,0.027274842165529712,0.02108499845504312,0.08620689655172409,1.0,0.5431034482758621,1.125261514689631,0.2106855529111515
2023-01-13,2023-01-16,open,2023-01-17,2023-02-06,4,5,EXECUTED_ON_TIME,open,58,58,0,0.030042214283812003,0.0063640927060366614,0.02367812157777534,2.5862068965517224e-05,2.5862068965517224e-05,4.3103448275862045e-05,3.4482758620689636e-05,0.00012931034482758613,0.029912903938984416,0.017777848024046222,0.08620689655172409,1.0,0.5431034482758621,1.158921354284778,0.21202637530170068
2023-01-16,2023-01-17,open,2023-01-18,2023-02-07,4,5,EXECUTED_ON_TIME,open,58,58,0,0.016777234071409998,-0.009792833407790469,0.026570067479200467,4.6551724137931024e-05,4.6551724137931024e-05,7.758620689655172e-05,6.206896551724137e-05,0.00023275862068965515,0.016544475450720342,0.015635523524746623,0.15517241379310343,1.0,0.5775862068965517,1.178095100180058,0.20995003633031348
2023-01-17,2023-01-18,open,2023-01-19,2023-02-08,5,5,EXECUTED_ON_TIME,open,58,58,0,0.02288041348166304,-0.009720774995398584,0.03260118847706163,3.1034482758620685e-05,3.1034482758620685e-05,5.1724137931034475e-05,4.137931034482758e-05,0.00015517241379310343,0.02272524106786994,0.022380822779472564,0.10344827586206895,1.0,0.5517241379310345,1.2048675953325263,0.20790915926687073
2023-01-18,2023-01-19,open,2023-01-20,2023-02-09,4,5,EXECUTED_ON_TIME,open,58,58,0,0.030076260119014816,-0.014062033019866083,0.0441382931388809,3.1034482758620685e-05,3.1034482758620685e-05,5.1724137931034475e-05,4.137931034482758e-05,0.00015517241379310343,0.029921087705221713,0.01839919439342056,0.10344827586206895,1.0,0.5517241379310345,1.2409185443256503,0.2049855338041274
2023-01-19,2023-01-20,open,2023-01-30,2023-02-10,4,5,EXECUTED_ON_TIME,open,58,58,0,0.028496295665127114,-0.010258363404053505,0.038754659069180616,4.13793103448276e-05,4.13793103448276e-05,6.896551724137934e-05,5.5172413793103474e-05,0.00020689655172413803,0.028289399113402978,0.004109899900984201,0.13793103448275867,1.0,0.5689655172413793,1.2760233842933018,0.20288271770579078
2023-01-20,2023-01-30,open,2023-01-31,2023-02-13,5,5,EXECUTED_ON_TIME,open,58,58,0,0.0014177585072115782,-0.039540728156761684,0.04095848666397326,3.620689655172414e-05,3.620689655172414e-05,6.0344827586206904e-05,4.827586206896553e-05,0.0001810344827586207,0.0012367240244529575,0.02219755875152208,0.12068965517241381,1.0,0.5603448275862069,1.2776014730684209,0.1948605873172811
2023-01-30,2023-01-31,open,2023-02-01,2023-02-14,5,5,EXECUTED_ON_TIME,open,58,58,0,0.014731265359845504,-0.01174456581125316,0.026475831171098665,3.1034482758620685e-05,3.1034482758620685e-05,5.1724137931034475e-05,4.137931034482758e-05,0.00015517241379310343,0.0145760929460524,0.020610118733160984,0.10344827586206895,1.0,0.5517241379310345,1.2962239108878795,0.19257203432551384
2023-01-31,2023-02-01,open,2023-02-02,2023-02-15,5,5,EXECUTED_ON_TIME,open,58,58,0,0.031504308323584994,-0.005581837697223979,0.03708614602080897,3.620689655172414e-05,3.620689655172414e-05,6.0344827586206904e-05,4.827586206896553e-05,0.0001810344827586207,0.03132327384082637,0.018666750373938466,0.12068965517241381,1.0,0.5603448275862069,1.3368258874076475,0.19149712848488457
2023-02-01,2023-02-02,open,2023-02-03,2023-02-16,5,5,EXECUTED_ON_TIME,open,58,58,0,-0.008095339585147809,-0.019490128373451543,0.011394788788303734,3.620689655172414e-05,3.620689655172414e-05,6.0344827586206904e-05,4.827586206896553e-05,0.0001810344827586207,-0.00827637406790643,8.760771070813467e-05,0.12068965517241381,1.0,0.5603448275862069,1.3257618162998008,0.18776482486756682
2023-02-02,2023-02-03,open,2023-02-06,2023-02-17,5,5,EXECUTED_ON_TIME,open,58,58,0,-0.005608607389429767,-0.018212764648755098,0.01260415725932533,4.13793103448276e-05,4.13793103448276e-05,6.896551724137934e-05,5.5172413793103474e-05,0.00020689655172413803,-0.005815503941153905,-0.0020414423370943295,0.13793103448275867,1.0,0.5689655172413793,1.318051843232078,0.1843451083029391
2023-02-03,2023-02-06,open,2023-02-07,2023-02-20,4,5,EXECUTED_ON_TIME,open,58,58,0,0.002309424726123549,-0.015563262717202542,0.01787268744332609,4.13793103448276e-05,4.13793103448276e-05,6.896551724137934e-05,5.5172413793103474e-05,0.00020689655172413803,0.002102528174399411,-1.8809061054611727e-06,0.13793103448275867,1.0,0.5689655172413793,1.3208230843677924,0.1814760969517893
2023-02-06,2023-02-07,open,2023-02-08,2023-02-21,4,4,EXECUTED_ON_TIME,open,58,58,0,0.008947305906298289,0.007747335976372671,0.0011999699299256178,3.620689655172414e-05,3.620689655172414e-05,6.0344827586206904e-05,4.827586206896553e-05,0.0001810344827586207,0.008766271423539668,-0.0032420891804607038,0.12068965517241381,1.0,0.5603448275862069,1.3324017780278374,0.18288205324655557
2023-02-07,2023-02-08,open,2023-02-09,2023-02-22,3,4,EXECUTED_ON_TIME,open,58,58,0,0.0019114029519891012,0.004661138181160762,-0.002749735229171661,3.620689655172414e-05,3.620689655172414e-05,6.0344827586206904e-05,4.827586206896553e-05,0.0001810344827586207,0.0017303684692304806,0.01282980834768914,0.12068965517241381,1.0,0.5603448275862069,1.3347073240528835,0.18373449176759216
2023-02-08,2023-02-09,open,2023-02-10,2023-02-23,3,4,EXECUTED_ON_TIME,open,58,58,0,0.02359859105543757,0.009502249872958224,0.014096341182479346,2.5862068965517224e-05,2.5862068965517224e-05,4.3103448275862045e-05,3.4482758620689636e-05,0.00012931034482758613,0.023469280710609983,-0.0006088065772646388,0.08620689655172409,1.0,0.5431034482758621,1.3660319449075877,0.18548038281864881
2023-02-09,2023-02-10,open,2023-02-13,2023-02-24,4,4,EXECUTED_ON_TIME,open,58,58,0,-0.0026325099777018213,-0.005603405737835243,0.002970895760133422,4.13793103448276e-05,4.13793103448276e-05,6.896551724137934e-05,5.5172413793103474e-05,0.00020689655172413803,-0.0028394065294259593,-0.005171540040228224,0.13793103448275867,1.0,0.5689655172413793,1.3621532248838126,0.18444106097730692
2023-02-10,2023-02-13,open,2023-02-14,2023-02-27,3,4,EXECUTED_ON_TIME,open,58,58,0,0.009867959129286018,-0.014253405808416053,0.02412136493770207,3.620689655172414e-05,3.620689655172414e-05,6.0344827586206904e-05,4.827586206896553e-05,0.0001810344827586207,0.009686924646527397,-0.01014051538676793,0.12068965517241381,1.0,0.5603448275862069,1.3753483005302864,0.18181214768746257
2023-02-13,2023-02-14,open,2023-02-15,2023-02-28,4,4,UNEXECUTED_TIMEOUT,open,58,58,0,0.0034649745098273353,-0.022431091187780527,0.025896065697607863,4.13793103448276e-05,4.13793103448276e-05,6.896551724137934e-05,5.5172413793103474e-05,0.00020689655172413803,0.0032580779581031973,0.0031564070434666565,0.13793103448275867,1.0,0.5689655172413793,1.379829292512959,0.17773390282363888
2023-02-14,2023-02-15,open,2023-02-16,2023-03-01,4,5,UNEXECUTED_TIMEOUT,open,58,58,0,0.007056247028093981,-0.01883885498769533,0.02589510201578931,5.689655172413794e-05,5.689655172413794e-05,9.482758620689657e-05,7.586206896551726e-05,0.0002844827586206897,0.006771764269473291,0.00026234090062497196,0.18965517241379315,1.0,0.5948275862068966,1.3891731712139708,0.17438559960194722
2023-02-15,2023-02-16,open,2023-02-17,2023-03-02,4,4,UNEXECUTED_TIMEOUT,open,58,58,0,-0.010021326904440228,-0.0013130819271494065,-0.008708244977290822,5.172413793103448e-05,5.172413793103448e-05,8.620689655172414e-05,6.896551724137931e-05,0.0002586206896551724,-0.0102799475940954,0.007950899708726991,0.1724137931034483,1.0,0.5862068965517242,1.3748925438147677,0.17415661702275478
2023-02-16,2023-02-17,open,2023-02-20,2023-03-03,4,5,UNEXECUTED_TIMEOUT,open,58,58,0,-0.002996822324424145,0.009738575271448724,-0.01273539759587287,3.620689655172414e-05,3.620689655172414e-05,6.0344827586206904e-05,4.827586206896553e-05,0.0001810344827586207,-0.003177856807182766,0.01396310175437431,0.12068965517241381,1.0,0.5603448275862069,1.370523332185261,0.17585265434665176
2023-02-17,2023-02-20,open,2023-02-21,2023-03-06,4,5,UNEXECUTED_TIMEOUT,open,58,58,0,0.018509564057566465,0.022572242016137833,-0.004062677958571369,4.13793103448276e-05,4.13793103448276e-05,6.896551724137934e-05,5.5172413793103474e-05,0.00020689655172413803,0.018302667505842328,-0.012184491557203758,0.13793103448275867,1.0,0.5689655172413793,1.3956075650432471,0.1798220430197446
2023-02-20,2023-02-21,open,2023-02-22,2023-03-07,4,5,UNEXECUTED_TIMEOUT,open,58,58,0,-0.007338387443940364,-0.006397238976742048,-0.0009411484671983158,5.172413793103448e-05,5.172413793103448e-05,8.620689655172414e-05,6.896551724137931e-05,0.0002586206896551724,-0.007597008133595536,-0.0058152080580170604,0.1724137931034483,1.0,0.5862068965517242,1.3850051230203062,0.1786716784372613
2023-02-21,2023-02-22,open,2023-02-23,2023-03-08,4,5,UNEXECUTED_TIMEOUT,open,58,58,0,-0.0026996479479781564,-0.02141993368725692,0.018720285739278763,2.5862068965517224e-05,2.5862068965517224e-05,4.3103448275862045e-05,3.4482758620689636e-05,0.00012931034482758613,-0.0028289582928057427,-0.0025288823456514364,0.08620689655172409,1.0,0.5431034482758621,1.3810870012919596,0.17484454293334428
2023-02-22,2023-02-23,open,2023-02-24,2023-03-09,5,5,UNEXECUTED_TIMEOUT,open,58,58,0,-0.0035378534127121814,-0.017137684494768157,0.013599831082055976,4.13793103448276e-05,4.13793103448276e-05,6.896551724137934e-05,5.5172413793103474e-05,0.00020689655172413803,-0.0037447499644363193,-0.0004226756470145452,0.13793103448275867,1.0,0.5689655172413793,1.3759151757929882,0.17184811232092068
2023-02-23,2023-02-24,open,2023-02-27,2023-03-10,5,5,UNEXECUTED_TIMEOUT,open,58,58,0,-0.008637607352403166,-0.026626253660701482,0.017988646308298314,4.13793103448276e-05,4.13793103448276e-05,6.896551724137934e-05,5.5172413793103474e-05,0.00020689655172413803,-0.008844503904127304,0.00309731935089033,0.13793103448275867,1.0,0.5689655172413793,1.363745888648939,0.16727244089115112
2023-02-24,2023-02-27,open,2023-02-28,2023-03-13,5,5,UNEXECUTED_TIMEOUT,open,58,58,0,0.003355552768792634,-0.019258712566424974,0.02261426533521761,3.1034482758620685e-05,3.1034482758620685e-05,5.1724137931034475e-05,4.137931034482758e-05,0.00015517241379310343,0.0032003803549995307,-0.0023259668302800605,0.10344827586206895,1.0,0.5517241379310345,1.3681103942001827,0.16405098903174412
2023-02-27,2023-02-28,open,2023-03-01,2023-03-14,5,5,UNEXECUTED_TIMEOUT,open,58,58,0,-0.0054266177400667335,-0.014353901920342582,0.008927284180275849,2.06896551724138e-05,2.06896551724138e-05,3.448275862068967e-05,2.7586206896551737e-05,0.00010344827586206902,-0.005530066015928803,-0.0070350536101640776,0.06896551724137934,1.0,0.5344827586206897,1.3605446534031773,0.16169621722524727
2023-02-28,2023-03-01,open,2023-03-02,2023-03-15,5,5,UNEXECUTED_TIMEOUT,open,58,58,0,0.007177747775506003,-0.013981993903261825,0.02115974167876783,2.06896551724138e-05,2.06896551724138e-05,3.448275862068967e-05,2.7586206896551737e-05,0.00010344827586206902,0.007074299499643934,-0.011049320207767699,0.06896551724137934,1.0,0.5344827586206897,1.3701695537639906,0.15943538170182336
2023-03-01,2023-03-02,open,2023-03-03,2023-03-16,5,5,UNEXECUTED_TIMEOUT,open,58,58,0,-0.01667429735724237,-0.03927095004067971,0.02259665268343734,3.620689655172414e-05,3.620689655172414e-05,6.0344827586206904e-05,4.827586206896553e-05,0.0001810344827586207,-0.01685533184000099,-0.018916080066140796,0.12068965517241381,1.0,0.5603448275862069,1.3470748912582324,0.15317420279229435
2023-03-02,2023-03-03,open,2023-03-06,2023-03-17,5,5,UNEXECUTED_TIMEOUT,open,58,58,0,-0.004312792325445598,-0.03753231323760586,0.033219520912160266,4.6551724137931024e-05,4.6551724137931024e-05,7.758620689655172e-05,6.206896551724137e-05,0.00023275862068965515,-0.004545550946135253,-0.0042525803858135015,0.15517241379310343,1.0,0.5775862068965517,1.3409516937117585,0.1474252206331734
2023-03-03,2023-03-06,open,2023-03-07,2023-03-20,4,5,UNEXECUTED_TIMEOUT,open,58,58,0,-0.01763987420626206,-0.04078522388301775,0.023145349676755692,5.172413793103448e-05,5.172413793103448e-05,8.620689655172414e-05,6.896551724137931e-05,0.0002586206896551724,-0.01789849489591723,-0.011982369583047351,0.1724137931034483,1.0,0.5862068965517242,1.316950676666187,0.14141245000364613
2023-03-06,2023-03-07,open,2023-03-08,2023-03-21,5,5,UNEXECUTED_TIMEOUT,open,58,58,0,-0.02146163652551293,-0.037889513753880055,0.016427877228367124,6.206896551724137e-05,6.206896551724137e-05,0.00010344827586206895,8.275862068965516e-05,0.00031034482758620686,-0.02177198135309914,-0.000890984918866862,0.2068965517241379,1.0,0.603448275862069,1.2882780510908594,0.1360544010342631
2023-03-07,2023-03-08,open,2023-03-09,2023-03-22,4,5,UNEXECUTED_TIMEOUT,open,58,58,0,0.009175663424543339,-0.009168045859580642,0.01834370928412398,4.6551724137931024e-05,4.6551724137931024e-05,7.758620689655172e-05,6.206896551724137e-05,0.00023275862068965515,0.008942904803853683,-0.0011838164242455491,0.15517241379310343,1.0,0.5775862068965517,1.299798999062659,0.1348070480461832
2023-03-08,2023-03-09,open,2023-03-10,2023-03-23,4,5,UNEXECUTED_TIMEOUT,open,58,58,0,0.0015252654351187703,-0.012351818442887907,0.013877083878006678,4.6551724137931024e-05,4.6551724137931024e-05,7.758620689655172e-05,6.206896551724137e-05,0.00023275862068965515,0.0012925068144291152,0.007273780825476794,0.15517241379310343,1.0,0.5775862068965517,1.3014789981263357,0.13314193586389508
2023-03-09,2023-03-10,open,2023-03-13,2023-03-24,4,5,UNEXECUTED_TIMEOUT,open,58,58,0,0.00917520471486501,0.010862278533271708,-0.0016870738184066973,3.620689655172414e-05,3.620689655172414e-05,6.0344827586206904e-05,4.827586206896553e-05,0.0001810344827586207,0.008994170232106389,0.02057597576209075,0.12068965517241381,1.0,0.5603448275862069,1.3131847217889951,0.13458816065570772
2023-03-10,2023-03-13,open,2023-03-14,2023-03-27,4,5,UNEXECUTED_TIMEOUT,open,58,58,0,0.024116153922409893,0.015307964911297711,0.008808189011112182,2.06896551724138e-05,2.06896551724138e-05,3.448275862068967e-05,2.7586206896551737e-05,0.00010344827586206902,0.024012705646547824,0.00675619645286217,0.06896551724137934,1.0,0.5344827586206897,1.344717839972858,0.13664843149650138
2023-03-13,2023-03-14,open,2023-03-15,2023-03-28,4,5,UNEXECUTED_TIMEOUT,open,58,58,0,0.01568918371437523,0.003954368631059024,0.011734815083316207,3.620689655172414e-05,3.620689655172414e-05,6.0344827586206904e-05,4.827586206896553e-05,0.0001810344827586207,0.01550814923161661,0.016080083178985148,0.12068965517241381,1.0,0.5603448275862069,1.3655719249095744,0.13718878976749457
2023-03-14,2023-03-15,open,2023-03-16,2023-03-29,4,5,UNEXECUTED_TIMEOUT,open,58,58,0,0.002280022674930899,0.0004359591250306938,0.0018440635499002052,4.13793103448276e-05,4.13793103448276e-05,6.896551724137934e-05,5.5172413793103474e-05,0.00020689655172413803,0.002073126123206761,0.012418412224624168,0.13793103448275867,1.0,0.5689655172413793,1.368402927740222,0.13724859847224563
2023-03-15,2023-03-16,open,2023-03-17,2023-03-30,5,5,UNEXECUTED_TIMEOUT,open,58,58,0,0.013371926659220169,0.012975860720388699,0.00039606593883147016,3.1034482758620685e-05,3.1034482758620685e-05,5.1724137931034475e-05,4.137931034482758e-05,0.00015517241379310343,0.013216754245427065,0.01004851445688941,0.10344827586206895,1.0,0.5517241379310345,1.3864887729448876,0.13902951717009004
2023-03-16,2023-03-17,open,2023-03-20,2023-03-31,4,5,UNEXECUTED_TIMEOUT,open,58,58,0,0.015527982756899848,0.01870864400040384,-0.0031806612435039926,2.5862068965517224e-05,2.5862068965517224e-05,4.3103448275862045e-05,3.4482758620689636e-05,0.00012931034482758613,0.015398672412072262,-0.004229488840819133,0.08620689655172409,1.0,0.5431034482758621,1.407838859362482,0.1416305709123733
2023-03-17,2023-03-20,open,2023-03-21,2023-04-03,4,5,UNEXECUTED_TIMEOUT,open,58,58,0,0.01930813707288385,0.024468394107699742,-0.005160257034815891,2.06896551724138e-05,2.06896551724138e-05,3.448275862068967e-05,2.7586206896551737e-05,0.00010344827586206902,0.019204688797021783,0.017066496457722718,0.06896551724137934,1.0,0.5344827586206897,1.4348759665328927,0.14509604353915576
2023-03-20,2023-03-21,open,2023-03-22,2023-04-04,4,4,UNEXECUTED_TIMEOUT,open,58,58,0,0.01830007690792738,0.035747311973662654,-0.017447235065735273,3.620689655172414e-05,3.620689655172414e-05,6.0344827586206904e-05,4.827586206896553e-05,0.0001810344827586207,0.01811904242516876,0.015138819103857355,0.12068965517241381,1.0,0.5603448275862069,1.460874545045357,0.1502828370736941
2023-03-21,2023-03-22,open,2023-03-23,2023-04-06,4,5,UNEXECUTED_TIMEOUT,open,58,58,0,0.00653413017358229,0.022621898775222027,-0.016087768601639737,1.5517241379310342e-05,1.5517241379310342e-05,2.5862068965517237e-05,2.068965517241379e-05,7.758620689655172e-05,0.006456543966685738,-0.005807806574634115,0.051724137931034475,1.0,0.5258620689655172,1.4703067457752543,0.1536825202016284
2023-03-22,2023-03-23,open,2023-03-24,2023-04-07,4,4,UNEXECUTED_TIMEOUT,open,58,58,0,0.03194364922908942,0.02782443421250358,0.004119215016585839,2.06896551724138e-05,2.06896551724138e-05,3.448275862068967e-05,2.7586206896551737e-05,0.00010344827586206902,0.03184020095322735,0.010709718810967373,0.06896551724137934,1.0,0.5344827586206897,1.517121608023624,0.15795864937459037
2023-03-23,2023-03-24,open,2023-03-27,2023-04-10,4,4,UNEXECUTED_TIMEOUT,open,58,58,0,0.008362118342686761,0.024002541661338528,-0.015640423318651765,3.1034482758620685e-05,3.1034482758620685e-05,5.1724137931034475e-05,4.137931034482758e-05,0.00015517241379310343,0.008206945928893657,0.0035804732886193765,0.10344827586206895,1.0,0.5517241379310345,1.52957254302823,0.16175005843697274
2023-03-24,2023-03-27,open,2023-03-28,2023-04-11,4,5,UNEXECUTED_TIMEOUT,open,58,58,0,0.009270799288473026,0.021177375902337037,-0.01190657661386401,4.13793103448276e-05,4.13793103448276e-05,6.896551724137934e-05,5.5172413793103474e-05,0.00020689655172413803,0.009063902736748888,0.010704621836159214,0.13793103448275867,1.0,0.5689655172413793,1.5434364397870397,0.16517550022671748
2023-03-27,2023-03-28,open,2023-03-29,2023-04-12,4,5,UNEXECUTED_TIMEOUT,open,58,58,0,0.0016691444628829483,0.02159027436581984,-0.01992112990293689,5.689655172413794e-05,5.689655172413794e-05,9.482758620689657e-05,7.586206896551726e-05,0.0002844827586206897,0.0013846617042622587,0.01103688725401368,0.18965517241379315,1.0,0.5948275862068966,1.5455735771181758,0.16874168459512384
2023-03-28,2023-03-29,open,2023-03-30,2023-04-13,4,5,UNEXECUTED_TIMEOUT,open,58,58,0,0.011183761670246851,0.01689109982003667,-0.005707338149789819,6.206896551724137e-05,6.206896551724137e-05,0.00010344827586206895,8.275862068965516e-05,0.00031034482758620686,0.010873416842660645,0.001039495369167958,0.2068965517241379,1.0,0.603448275862069,1.562379242883184,0.1715919172334212
2023-03-29,2023-03-30,open,2023-03-31,2023-04-14,4,4,UNEXECUTED_TIMEOUT,open,58,58,0,0.013904312316019893,0.017311887572617035,-0.0034075752565971423,2.06896551724138e-05,2.06896551724138e-05,3.448275862068967e-05,2.7586206896551737e-05,0.00010344827586206902,0.013800864040157824,0.013030929713246217,0.06896551724137934,1.0,0.5344827586206897,1.5839414263933795,0.174562497212936
2023-03-30,2023-03-31,open,2023-04-03,2023-04-17,4,4,UNEXECUTED_TIMEOUT,open,58,58,0,0.026033705451141805,0.01102917002640491,0.015004535424736894,2.5862068965517224e-05,2.5862068965517224e-05,4.3103448275862045e-05,3.4482758620689636e-05,0.00012931034482758613,0.025904395106314218,-0.0031105315787226737,0.08620689655172409,1.0,0.5431034482758621,1.6249724709279327,0.17648777667493132
2023-03-31,2023-04-03,open,2023-04-04,2023-04-18,4,5,UNEXECUTED_TIMEOUT,open,58,58,0,0.021937223270770446,0.019628916281142494,0.002308306989627952,3.1034482758620685e-05,3.1034482758620685e-05,5.1724137931034475e-05,4.137931034482758e-05,0.00015517241379310343,0.021782050856977344,-0.001863960728590592,0.10344827586206895,1.0,0.5517241379310345,1.660367703930873,0.1799520404679285
2023-04-03,2023-04-04,open,2023-04-06,2023-04-19,4,5,UNEXECUTED_TIMEOUT,open,58,58,0,0.007910296676920779,0.01714257207786285,-0.009232275400942071,3.1034482758620685e-05,3.1034482758620685e-05,5.1724137931034475e-05,4.137931034482758e-05,0.00015517241379310343,0.007755124263127675,-0.002832556761415599,0.10344827586206895,1.0,0.5517241379310345,1.6732440617973412,0.18303688129220846
2023-04-04,2023-04-06,open,2023-04-07,2023-04-20,4,5,UNEXECUTED_TIMEOUT,open,58,58,0,0.021165500481226982,0.009503610559110198,0.011661889922116784,2.5862068965517224e-05,2.5862068965517224e-05,4.3103448275862045e-05,3.4482758620689636e-05,0.00012931034482758613,0.021036190136399395,0.005941638721078661,0.08620689655172409,1.0,0.5431034482758621,1.7084427420259112,0.1847763925299637
2023-04-06,2023-04-07,open,2023-04-10,2023-04-21,4,4,UNEXECUTED_TIMEOUT,open,58,58,0,0.00354282347146251,0.004238081418125539,-0.0006952579466630287,1.5517241379310342e-05,1.5517241379310342e-05,2.5862068965517237e-05,2.068965517241379e-05,7.758620689655172e-05,0.0034652372645659585,-0.0006216513240806919,0.051724137931034475,1.0,0.5258620689655172,1.7143629014799568,0.18555948992565321
2023-04-07,2023-04-10,open,2023-04-11,2023-04-24,4,5,UNEXECUTED_TIMEOUT,open,58,58,0,-0.020799490697673777,-0.02437239987318529,0.003572909175511514,2.5862068965517224e-05,2.5862068965517224e-05,4.3103448275862045e-05,3.4482758620689636e-05,0.00012931034482758613,-0.020928801042501364,0.0010395563692089521,0.08620689655172409,1.0,0.5431034482758621,1.6784833414002374,0.1810369598369209
2023-04-10,2023-04-11,open,2023-04-12,2023-04-25,4,5,UNEXECUTED_TIMEOUT,open,58,58,0,-0.015223563021841968,-0.03003524882280817,0.014811685800966201,3.1034482758620685e-05,3.1034482758620685e-05,5.1724137931034475e-05,4.137931034482758e-05,0.00015517241379310343,-0.015378735435635072,-0.0114528000518766,0.10344827586206895,1.0,0.5517241379310345,1.6526703901597224,0.17559946970209425
2023-04-11,2023-04-12,open,2023-04-13,2023-04-26,4,5,UNEXECUTED_TIMEOUT,open,58,58,0,-0.021084066122575285,-0.037086123064150045,0.01600205694157476,1.5517241379310342e-05,1.5517241379310342e-05,2.5862068965517237e-05,2.068965517241379e-05,7.758620689655172e-05,-0.021161652329471838,-0.03298700107481956,0.051724137931034475,1.0,0.5258620689655172,1.6176971539479497,0.1690871661587229
2023-04-12,2023-04-13,open,2023-04-14,2023-04-27,4,5,UNEXECUTED_TIMEOUT,open,58,58,0,-0.02175551120080384,-0.03267418649591436,0.010918675295110519,2.06896551724138e-05,2.06896551724138e-05,3.448275862068967e-05,2.7586206896551737e-05,0.00010344827586206902,-0.02185895947666591,-0.01089652498416667,0.06896551724137934,1.0,0.5344827586206897,1.5823359774142836,0.16356238055758712
2023-04-13,2023-04-14,open,2023-04-17,2023-04-28,4,4,UNEXECUTED_TIMEOUT,open,58,58,0,-0.006691359168577068,-0.021013638246910382,0.014322279078333314,2.06896551724138e-05,2.06896551724138e-05,3.448275862068967e-05,2.7586206896551737e-05,0.00010344827586206902,-0.006794807444439137,-0.013902528462628776,0.06896551724137934,1.0,0.5344827586206897,1.571584309135345,0.16012533986174649
2023-04-14,2023-04-17,open,2023-04-18,2023-05-04,3,4,UNEXECUTED_TIMEOUT,open,58,58,0,-0.014035957879784521,-0.018728521160507716,0.004692563280723195,1.0344827586206883e-05,1.0344827586206883e-05,1.7241379310344808e-05,1.3793103448275846e-05,5.172413793103443e-05,-0.014087682017715555,-0.02317312633036738,0.03448275862068961,1.0,0.5172413793103448,1.549444329124215,0.15712642904581228
2023-04-17,2023-04-18,open,2023-04-19,2023-05-05,3,4,UNEXECUTED_TIMEOUT,open,58,58,0,-0.018493283862662014,-0.026143010826203184,0.0076497269635411695,5.1724137931034585e-06,5.1724137931034585e-06,8.620689655172431e-06,6.896551724137945e-06,2.5862068965517295e-05,-0.018519145931627533,-0.035152332407110645,0.017241379310344862,1.0,0.5086206896551724,1.520749943480231,0.15301867111018497
2023-04-18,2023-04-19,open,2023-04-20,2023-05-08,3,4,UNEXECUTED_TIMEOUT,open,58,58,0,-0.018816459032881865,-0.03156421344070792,0.012747754407826058,2.06896551724138e-05,2.06896551724138e-05,3.448275862068967e-05,2.7586206896551737e-05,0.00010344827586206902,-0.018919907308743933,-0.022376167348849518,0.06896551724137934,1.0,0.5344827586206897,1.4919774955098075,0.1481887571148496
2023-04-19,2023-04-20,open,2023-04-21,2023-05-09,3,4,UNEXECUTED_TIMEOUT,open,58,58,0,-0.01105620044577986,-0.013948036185775892,0.002891835739996032,2.06896551724138e-05,2.06896551724138e-05,3.448275862068967e-05,2.7586206896551737e-05,0.00010344827586206902,-0.011159648721641928,-0.03854713241245115,0.06896551724137934,1.0,0.5344827586206897,1.475327550759323,0.14612181496828652
2023-04-20,2023-04-21,open,2023-04-24,2023-05-10,3,4,UNEXECUTED_TIMEOUT,open,58,58,0,-0.03417311617009317,-0.023413179125112094,-0.010759937044981079,2.06896551724138e-05,2.06896551724138e-05,3.448275862068967e-05,2.7586206896551737e-05,0.00010344827586206902,-0.03427656444595524,-0.0011763806854078324,0.06896551724137934,1.0,0.5344827586206897,1.4247583908868278,0.14270063874034755
2023-04-21,2023-04-24,open,2023-04-25,2023-05-11,3,4,UNEXECUTED_TIMEOUT,open,58,58,0,-0.015510125047761612,-0.006330707466047469,-0.009179417581714143,2.06896551724138e-05,2.06896551724138e-05,3.448275862068967e-05,2.7586206896551737e-05,0.00010344827586206902,-0.01561357332362368,-0.015244547704686641,0.06896551724137934,1.0,0.5344827586206897,1.4025128212822682,0.1417972427412643
2023-04-24,2023-04-25,open,2023-04-26,2023-05-12,3,4,UNEXECUTED_TIMEOUT,open,58,58,0,-0.021070594696659704,0.0006682381848812646,-0.02173883288154097,3.620689655172414e-05,3.620689655172414e-05,6.0344827586206904e-05,4.827586206896553e-05,0.0001810344827586207,-0.021251629179418325,-0.02428550088955874,0.12068965517241381,1.0,0.5603448275862069,1.3727071388849976,0.14189199707337488
2023-04-25,2023-04-26,open,2023-04-27,2023-05-15,3,4,UNEXECUTED_TIMEOUT,open,58,58,0,0.0015298579231639306,-0.00289221835046094,0.004422076273624871,2.5862068965517224e-05,2.5862068965517224e-05,4.3103448275862045e-05,3.4482758620689636e-05,0.00012931034482758613,0.0014005475783363446,0.03988559808636922,0.08620689655172409,1.0,0.5431034482758621,1.374629680544128,0.1414816144356557
2023-04-26,2023-04-27,open,2023-04-28,2023-05-16,3,4,UNEXECUTED_TIMEOUT,open,58,58,0,0.006321589024267566,0.01380257652485506,-0.007480987500587493,2.5862068965517224e-05,2.5862068965517224e-05,4.3103448275862045e-05,3.4482758620689636e-05,0.00012931034482758613,0.00619227867943998,0.01341830545129752,0.08620689655172409,1.0,0.5431034482758621,1.3831417706070868,0.14343442524576389
2023-04-27,2023-04-28,open,2023-05-04,2023-05-17,3,3,UNEXECUTED_TIMEOUT,open,59,59,0,0.004505096574885518,-0.0053976003541971185,0.009902696929082636,3.559322033898305e-05,3.559322033898305e-05,5.9322033898305094e-05,4.745762711864408e-05,0.0001779661016949153,0.004327130473190602,-0.021425333263063177,0.11864406779661019,1.0,0.5593220338983051,1.3891268055114236,0.1426602235412533
2023-04-28,2023-05-04,open,2023-05-05,2023-05-18,3,3,UNEXECUTED_TIMEOUT,open,59,59,0,-0.01170317320167696,-0.01194851040408662,0.0002453372024096602,3.0508474576271168e-05,3.0508474576271168e-05,5.084745762711862e-05,4.06779661016949e-05,0.00015254237288135587,-0.011855715574558317,-0.007289744977292464,0.10169491525423724,1.0,0.5508474576271186,1.3726577132082853,0.14095564637602132
2023-05-04,2023-05-05,open,2023-05-08,2023-05-19,3,4,UNEXECUTED_TIMEOUT,open,59,59,0,-0.011052437597777172,-0.021054576982184603,0.010002139384407431,2.033898305084747e-05,2.033898305084747e-05,3.389830508474578e-05,2.7118644067796627e-05,0.00010169491525423735,-0.01115413251303141,-0.0005410006677820517,0.06779661016949157,1.0,0.5338983050847458,1.3573469071801254,0.13798788486832378
2023-05-05,2023-05-08,open,2023-05-09,2023-05-22,3,4,UNEXECUTED_TIMEOUT,open,59,58,1,-0.0015705813667259792,-0.021624058552580316,0.02005347718585434,1.5517241379310342e-05,1.5517241379310342e-05,2.5862068965517237e-05,2.068965517241379e-05,7.758620689655172e-05,-0.0016481675736225308,-0.01983634589597774,0.051724137931034475,1.0,0.5258620689655172,1.3551097720215544,0.13500402676638443
2023-05-08,2023-05-09,open,2023-05-10,2023-05-23,3,4,UNEXECUTED_TIMEOUT,open,59,59,0,-0.018550478405369424,-0.02390984097904303,0.005359362573673605,3.0508474576271168e-05,3.0508474576271168e-05,5.084745762711862e-05,4.06779661016949e-05,0.00015254237288135587,-0.01870302077825078,-0.005492923358417882,0.10169491525423724,1.0,0.5508474576271186,1.3297651257986245,0.13177610195486972
2023-05-09,2023-05-10,open,2023-05-11,2023-05-24,3,4,UNEXECUTED_TIMEOUT,open,59,59,0,-0.01317459457137846,-0.028411104606942517,0.015236510035564057,2.033898305084747e-05,2.033898305084747e-05,3.389830508474578e-05,2.7118644067796627e-05,0.00010169491525423735,-0.013276289486632698,0.006824347231921237,0.06779661016949157,1.0,0.5338983050847458,1.3121107790392934,0.1280321973375348
2023-05-10,2023-05-11,open,2023-05-12,2023-05-25,3,3,UNEXECUTED_TIMEOUT,open,59,59,0,-0.016112955717535286,-0.03853854253676314,0.022425586819227857,2.542372881355932e-05,2.542372881355932e-05,4.23728813559322e-05,3.389830508474576e-05,0.0001271186440677966,-0.016240074361603084,-0.0011687062605245206,0.0847457627118644,1.0,0.5423728813559322,1.2908020024170344,0.12309802305436696
2023-05-11,2023-05-12,open,2023-05-15,2023-05-26,3,4,UNEXECUTED_TIMEOUT,open,59,59,0,-0.018603329381840346,-0.03494485262310831,0.016341523241267968,2.542372881355932e-05,2.542372881355932e-05,4.23728813559322e-05,3.389830508474576e-05,0.0001271186440677966,-0.018730448025908144,-0.011092754056689417,0.0847457627118644,1.0,0.5423728813559322,1.2666247025990238,0.11879638078053611
2023-05-12,2023-05-15,open,2023-05-16,2023-05-29,3,4,UNEXECUTED_TIMEOUT,open,59,59,0,0.0011285523366404897,-0.019484466199353623,0.020613018535994114,2.033898305084747e-05,2.033898305084747e-05,3.389830508474578e-05,2.7118644067796627e-05,0.00010169491525423735,0.0010268574213862522,-0.0029666741293213617,0.06779661016949157,1.0,0.5338983050847458,1.2679253455749988,0.11648169671461221
2023-05-15,2023-05-16,open,2023-05-17,2023-05-30,3,4,UNEXECUTED_TIMEOUT,open,59,59,0,-0.01858738015629644,-0.04365545340889898,0.02506807325260254,1.0169491525423734e-05,1.0169491525423734e-05,1.694915254237289e-05,1.3559322033898314e-05,5.084745762711868e-05,-0.01863822761392356,-0.002719243757461857,0.03389830508474578,1.0,0.5169491525423728,1.2442934643867094,0.11139663543069796
2023-05-16,2023-05-17,open,2023-05-18,2023-05-31,3,3,UNEXECUTED_TIMEOUT,open,59,59,0,-0.00686856090755834,-0.036392206666059135,0.029523645758500795,1.5254237288135584e-05,1.5254237288135584e-05,2.542372881355931e-05,2.033898305084745e-05,7.627118644067793e-05,-0.006944832093999018,-0.0254325510850489,0.05084745762711862,1.0,0.5254237288135593,1.2356520552008834,0.10734266605220036
2023-05-17,2023-05-18,open,2023-05-19,2023-06-01,2,3,UNEXECUTED_TIMEOUT,open,59,59,0,-0.0038180056602734077,-0.04461613570592071,0.04079813004564731,2.542372881355932e-05,2.542372881355932e-05,4.23728813559322e-05,3.389830508474576e-05,0.0001271186440677966,-0.0039451243043412045,-0.022610575685456484,0.0847457627118644,1.0,0.5423728813559322,1.2307772542462012,0.10255345109658005
2023-05-18,2023-05-19,open,2023-05-22,2023-06-02,2,3,UNEXECUTED_TIMEOUT,open,59,59,0,0.0014698848165998653,-0.03157501022496967,0.03304489504156953,1.0169491525423734e-05,1.0169491525423734e-05,1.694915254237289e-05,1.3559322033898314e-05,5.084745762711868e-05,0.0014190373589727467,0.01566084303107291,0.03389830508474578,1.0,0.5169491525423728,1.2325237731505503,0.09931532482959961
2023-05-19,2023-05-22,open,2023-05-23,2023-06-05,3,3,UNEXECUTED_TIMEOUT,open,59,59,0,-0.010694463813713188,-0.020412575279078804,0.009718111465365616,2.542372881355932e-05,2.542372881355932e-05,4.23728813559322e-05,3.389830508474576e-05,0.0001271186440677966,-0.010821582457780985,0.0017001695760953377,0.0847457627118644,1.0,0.5423728813559322,1.2191859155082263,0.09728804328514924
2023-05-22,2023-05-23,open,2023-05-24,2023-06-06,3,3,UNEXECUTED_TIMEOUT,open,59,59,0,-0.02277480059584511,-0.03219970591459431,0.009424905318749201,1.5254237288135584e-05,1.5254237288135584e-05,2.542372881355931e-05,2.033898305084745e-05,7.627118644067793e-05,-0.02285107178228579,-0.0003485116090420279,0.05084745762711862,1.0,0.5254237288135593,1.1913262106369962,0.09415539690236112
2023-05-23,2023-05-24,open,2023-05-25,2023-06-07,2,3,UNEXECUTED_TIMEOUT,open,59,59,0,-0.005058644704703266,-0.022619090922597618,0.017560446217894352,5.08474576271185e-06,5.08474576271185e-06,8.474576271186419e-06,6.779661016949135e-06,2.5423728813559257e-05,-0.0050840684335168255,-0.01309741943963275,0.016949152542372836,1.0,0.5084745762711864,1.1852694266554753,0.09202568741897335
2023-05-24,2023-05-25,open,2023-05-26,2023-06-08,2,3,UNEXECUTED_TIMEOUT,open,59,59,0,0.0004425906155889431,-0.015662336212369232,0.016104926827958176,5.08474576271185e-06,5.08474576271185e-06,8.474576271186419e-06,6.779661016949135e-06,2.5423728813559257e-05,0.0004171668867753838,0.0006365622837288753,0.016949152542372836,1.0,0.5084745762711864,1.1857638818121832,0.090584350162443
2023-05-25,2023-05-26,open,2023-05-29,2023-06-09,2,3,UNEXECUTED_TIMEOUT,open,59,59,0,0.008070158986894602,-0.006758103396799164,0.014828262383693766,1.5254237288135584e-05,1.5254237288135584e-05,2.542372881355931e-05,2.033898305084745e-05,7.627118644067793e-05,0.007993887800453923,-0.02464341338938765,0.05084745762711862,1.0,0.5254237288135593,1.1952427452412204,0.08997217175791335
2023-05-26,2023-05-29,open,2023-05-30,2023-06-12,2,3,UNEXECUTED_TIMEOUT,open,59,59,0,-0.010071412269853414,-0.009000063178325468,-0.001071349091527946,1.5254237288135584e-05,1.5254237288135584e-05,2.542372881355931e-05,2.033898305084745e-05,7.627118644067793e-05,-0.010147683456294092,-0.00743335320703196,0.05084745762711862,1.0,0.5254237288135593,1.1831138002090804,0.08916241652780098
2023-05-29,2023-05-30,open,2023-05-31,2023-06-13,2,3,UNEXECUTED_TIMEOUT,open,59,59,0,0.007494131433262506,0.002700512462537219,0.004793618970725287,2.033898305084747e-05,2.033898305084747e-05,3.389830508474578e-05,2.7118644067796627e-05,0.00010169491525423735,0.007392436518008269,-0.01371956268318239,0.06779661016949157,1.0,0.5338983050847458,1.1918598938707055,0.08940320074482423
2023-05-30,2023-05-31,open,2023-06-01,2023-06-14,2,3,UNEXECUTED_TIMEOUT,open,59,59,0,0.001988193899037123,0.011902550270265433,-0.00991435637122831,2.542372881355932e-05,2.542372881355932e-05,4.23728813559322e-05,3.389830508474576e-05,0.0001271186440677966,0.0018610752549693265,0.0015811495610174595,0.0847457627118644,1.0,0.5423728813559322,1.1940780348265785,0.09046732683601214
2023-05-31,2023-06-01,open,2023-06-02,2023-06-15,2,3,UNEXECUTED_TIMEOUT,open,59,59,0,0.01518648759729253,0.021956717406739656,-0.0067702298094471265,1.5254237288135584e-05,1.5254237288135584e-05,2.542372881355931e-05,2.033898305084745e-05,7.627118644067793e-05,0.015110216410851852,0.005484627685473944,0.05084745762711862,1.0,0.5254237288135593,1.2121208123442528,0.09245369236589361
2023-06-01,2023-06-02,open,2023-06-05,2023-06-16,2,3,UNEXECUTED_TIMEOUT,open,59,59,0,0.011840409105370129,0.02893825131750405,-0.01709784221213392,2.033898305084747e-05,2.033898305084747e-05,3.389830508474578e-05,2.7118644067796627e-05,0.00010169491525423735,0.01173871419011589,0.021746056025326956,0.06779661016949157,1.0,0.5338983050847458,1.2263495521242531,0.09512914055080905
2023-06-02,2023-06-05,open,2023-06-06,2023-06-19,2,3,UNEXECUTED_TIMEOUT,open,59,59,0,-0.0011490062577677736,0.024990441791286067,-0.02613944804905384,1.5254237288135584e-05,1.5254237288135584e-05,2.542372881355931e-05,2.033898305084745e-05,7.627118644067793e-05,-0.0012252774442084516,-0.005598512244517013,0.05084745762711862,1.0,0.5254237288135593,1.2248469336793202,0.09750645980039911
2023-06-05,2023-06-06,open,2023-06-07,2023-06-20,2,3,UNEXECUTED_TIMEOUT,open,59,59,0,-0.009305976657254475,0.02229811592833042,-0.03160409258558489,1.5254237288135584e-05,1.5254237288135584e-05,2.542372881355931e-05,2.033898305084745e-05,7.627118644067793e-05,-0.009382247843695153,0.004351376899856386,0.05084745762711862,1.0,0.5254237288135593,1.2133551161769507,0.0996806701447895
2023-06-06,2023-06-07,open,2023-06-08,2023-06-21,2,3,UNEXECUTED_TIMEOUT,open,59,59,0,0.0018666225589761907,0.02453739789625531,-0.02267077533727912,2.033898305084747e-05,2.033898305084747e-05,3.389830508474578e-05,2.7118644067796627e-05,0.00010169491525423735,0.0017649276437219532,0.00728167499218831,0.06779661016949157,1.0,0.5338983050847458,1.2154966001631429,0.10212657441069757
2023-06-07,2023-06-08,open,2023-06-09,2023-06-26,2,3,UNEXECUTED_TIMEOUT,open,59,59,0,0.0022837874925243588,0.01117385190458764,-0.00889006441206328,2.033898305084747e-05,2.033898305084747e-05,3.389830508474578e-05,2.7118644067796627e-05,0.00010169491525423735,0.0021820925772701215,0.0016449569373039243,0.06779661016949157,1.0,0.5338983050847458,1.218148926272056,0.10326772162868555
2023-06-08,2023-06-09,open,2023-06-12,2023-06-27,2,3,UNEXECUTED_TIMEOUT,open,59,59,0,0.008523637651686934,-0.0028050373468668788,0.011328674998553813,1.5254237288135584e-05,1.5254237288135584e-05,2.542372881355931e-05,2.033898305084745e-05,7.627118644067793e-05,0.008447366465246256,-0.010905390818056106,0.05084745762711862,1.0,0.5254237288135593,1.2284390766615223,0.10297805181279124
2023-06-09,2023-06-12,open,2023-06-13,2023-06-28,2,3,UNEXECUTED_TIMEOUT,open,59,59,0,0.016005341729398548,0.0024257150882143197,0.013579626641184228,1.5254237288135584e-05,1.5254237288135584e-05,2.542372881355931e-05,2.033898305084745e-05,7.627118644067793e-05,0.01592907054295787,0.017169532706858885,0.05084745762711862,1.0,0.5254237288135593,1.2480069693713896,0.10322784722682844
2023-06-12,2023-06-13,open,2023-06-14,2023-06-29,2,3,UNEXECUTED_TIMEOUT,open,59,59,0,0.013475046613389118,-0.0003642399721321965,0.013839286585521315,2.033898305084747e-05,2.033898305084747e-05,3.389830508474578e-05,2.7118644067796627e-05,0.00010169491525423735,0.01337335169813488,0.00042768882892007566,0.06779661016949157,1.0,0.5338983050847458,1.2646970054945166,0.10319024751863128
2023-06-13,2023-06-14,open,2023-06-15,2023-06-30,3,4,UNEXECUTED_TIMEOUT,open,59,59,0,-0.0016826766466522033,-0.014558516555306378,0.012875839908654175,2.542372881355932e-05,2.542372881355932e-05,4.23728813559322e-05,3.389830508474576e-05,0.0001271186440677966,-0.0018097952907199998,-0.009953607684433373,0.0847457627118644,1.0,0.5423728813559322,1.262408162809785,0.10168795059178512
2023-06-14,2023-06-15,open,2023-06-16,2023-07-03,2,3,UNEXECUTED_TIMEOUT,open,59,59,0,0.010809002417172999,-0.004773779468073447,0.015582781885246446,2.542372881355932e-05,2.542372881355932e-05,4.23728813559322e-05,3.389830508474576e-05,0.0001271186440677966,0.010681883773105203,0.013605160539304353,0.0847457627118644,1.0,0.5423728813559322,1.2758930600791385,0.10120251474109959
2023-06-15,2023-06-16,open,2023-06-19,2023-07-04,2,3,UNEXECUTED_TIMEOUT,open,58,58,0,0.009205980154277114,-0.011234900670386128,0.020440880824663242,2.5862068965517224e-05,2.5862068965517224e-05,4.3103448275862045e-05,3.4482758620689636e-05,0.00012931034482758613,0.009076669809449529,-0.01868226715667569,0.08620689655172409,1.0,0.5431034482758621,1.287473920097645,0.10006551454039005
2023-06-16,2023-06-19,open,2023-06-20,2023-07-05,2,3,UNEXECUTED_TIMEOUT,open,58,58,0,3.60138626796456e-05,-0.015627365250681424,0.01566337911336107,3.1034482758620685e-05,3.1034482758620685e-05,5.1724137931034475e-05,4.137931034482758e-05,0.00015517241379310343,-0.00011915855111345783,-0.011861272139086344,0.10344827586206895,1.0,0.5517241379310345,1.2873205065707298,0.09850175419567
2023-06-19,2023-06-20,open,2023-06-21,2023-07-06,2,3,UNEXECUTED_TIMEOUT,open,58,58,0,-0.008811196570353612,-0.017591020490084985,0.008779823919731373,3.1034482758620685e-05,3.1034482758620685e-05,5.1724137931034475e-05,4.137931034482758e-05,0.00015517241379310343,-0.008966368984146716,-0.0072691414861592325,0.10344827586206895,1.0,0.5517241379310345,1.275777915907958,0.09676900781930466
2023-06-20,2023-06-21,open,2023-06-26,2023-07-07,2,3,UNEXECUTED_TIMEOUT,open,58,58,0,-0.025500132924341626,-0.01982756150770093,-0.005672571416640695,4.13793103448276e-05,4.13793103448276e-05,6.896551724137934e-05,5.5172413793103474e-05,0.00020689655172413803,-0.025707029476065762,0.006977575851923608,0.13793103448275867,1.0,0.5689655172413793,1.2429814554187986,0.0948503143647282
2023-06-21,2023-06-26,open,2023-06-27,2023-07-10,2,3,UNEXECUTED_TIMEOUT,open,58,58,0,-0.00558312192920361,0.0021168954078891744,-0.007700017337092784,4.13793103448276e-05,4.13793103448276e-05,6.896551724137934e-05,5.5172413793103474e-05,0.00020689655172413803,-0.005790018480927748,0.013549937930162556,0.13793103448275867,1.0,0.5689655172413793,1.2357845698204732,0.09505110255964373
2023-06-26,2023-06-27,open,2023-06-28,2023-07-11,2,3,UNEXECUTED_TIMEOUT,open,58,58,0,0.010166190568167326,0.011047339406409895,-0.0008811488382425691,3.620689655172414e-05,3.620689655172414e-05,6.0344827586206904e-05,4.827586206896553e-05,0.0001810344827586207,0.009985156085408705,0.006736355775368541,0.12068965517241381,1.0,0.5603448275862069,1.2481240716380704,0.09610116435057359
2023-06-27,2023-06-28,open,2023-06-29,2023-07-12,2,3,UNEXECUTED_TIMEOUT,open,59,59,0,-0.0007292802753052134,0.007296026256519816,-0.00802530653182503,3.559322033898305e-05,3.559322033898305e-05,5.9322033898305094e-05,4.745762711864408e-05,0.0001779661016949153,-0.0009072463770001287,0.004788678529837508,0.11864406779661019,1.0,0.5593220338983051,1.2469917155960302,0.0968023209689575
2023-06-28,2023-06-29,open,2023-06-30,2023-07-13,2,3,UNEXECUTED_TIMEOUT,open,59,59,0,0.006925750767447907,0.004934148367451208,0.0019916023999966993,3.0508474576271168e-05,3.0508474576271168e-05,5.084745762711862e-05,4.06779661016949e-05,0.00015254237288135587,0.006773208394566551,0.00831372069479981,0.10169491525423724,1.0,0.5508474576271186,1.2554378503520602,0.09727995798293196
2023-06-29,2023-06-30,open,2023-07-03,2023-07-14,2,3,UNEXECUTED_TIMEOUT,open,59,59,0,0.024104901212327293,0.02312899679928515,0.0009759044130421418,2.033898305084747e-05,2.033898305084747e-05,3.389830508474578e-05,2.7118644067796627e-05,0.00010169491525423735,0.024003206297073056,0.005231918593782987,0.06779661016949157,1.0,0.5338983050847458,1.2855723840672146,0.09952994581975379
2023-06-30,2023-07-03,open,2023-07-04,2023-07-17,2,3,UNEXECUTED_TIMEOUT,open,59,59,0,0.019415661819386296,0.00735241450686841,0.012063247312517886,2.542372881355932e-05,2.542372881355932e-05,4.23728813559322e-05,3.389830508474576e-05,0.0001271186440677966,0.019288543175318498,0.018418229572897283,0.0847457627118644,1.0,0.5423728813559322,1.3103692025022922,0.10026173123726677
2023-07-03,2023-07-04,open,2023-07-05,2023-07-18,2,3,UNEXECUTED_TIMEOUT,open,59,59,0,0.013375734652028593,-0.0043695616781030955,0.017745296330131687,2.542372881355932e-05,2.542372881355932e-05,4.23728813559322e-05,3.389830508474576e-05,0.0001271186440677966,0.013248616007960796,0.006457244909517067,0.0847457627118644,1.0,0.5423728813559322,1.327729780894903,0.09982363141867213
2023-07-04,2023-07-05,open,2023-07-06,2023-07-19,2,3,UNEXECUTED_TIMEOUT,open,59,59,0,-0.005121604122083143,-0.011992210916269896,0.006870606794186753,3.0508474576271168e-05,3.0508474576271168e-05,5.084745762711862e-05,4.06779661016949e-05,0.00015254237288135587,-0.005274146494964499,0.011726481284752777,0.10169491525423724,1.0,0.5508474576271186,1.320727139524736,0.09862652537627144
2023-07-05,2023-07-06,open,2023-07-07,2023-07-20,2,3,UNEXECUTED_TIMEOUT,open,59,59,0,-0.0031589132746137776,0.00019263526599488934,-0.003351548540608667,3.0508474576271168e-05,3.0508474576271168e-05,5.084745762711862e-05,4.06779661016949e-05,0.00015254237288135587,-0.0033114556474951335,-0.007509772167984362,0.10169491525423724,1.0,0.5508474576271186,1.3163536101797566,0.09864552432322145
2023-07-06,2023-07-07,open,2023-07-10,2023-07-21,2,3,UNEXECUTED_TIMEOUT,open,59,59,0,0.0031545480991423546,-0.0038135544561587187,0.006968102555301073,3.0508474576271168e-05,3.0508474576271168e-05,5.084745762711862e-05,4.06779661016949e-05,0.00015254237288135587,0.0030020057262609987,0.0048025501256948,0.10169491525423724,1.0,0.5508474576271186,1.3203053112553005,0.09826933424435852
2023-07-07,2023-07-10,open,2023-07-11,2023-07-24,2,3,UNEXECUTED_TIMEOUT,open,59,59,0,0.003596706263371585,-0.00994648266498055,0.013543188928352134,4.0677966101694904e-05,4.0677966101694904e-05,6.779661016949151e-05,5.4237288135593214e-05,0.00020338983050847455,0.0033933164328631103,0.006808249811965799,0.13559322033898302,1.0,0.5677966101694916,1.3247855249643794,0.09729190001479783
2023-07-10,2023-07-11,open,2023-07-12,2023-07-25,2,3,UNEXECUTED_TIMEOUT,open,59,59,0,0.011254445878903957,0.003334115246370173,0.007920330632533784,3.0508474576271168e-05,3.0508474576271168e-05,5.084745762711862e-05,4.06779661016949e-05,0.00015254237288135587,0.0111019035060226,-0.0026255659805692697,0.10169491525423724,1.0,0.5508474576271186,1.3394931660287095,0.09761628242198549
2023-07-11,2023-07-12,open,2023-07-13,2023-07-26,2,3,UNEXECUTED_TIMEOUT,open,59,59,0,-0.0037899987838577545,0.011274902635485473,-0.015064901419343227,1.5254237288135584e-05,1.5254237288135584e-05,2.542372881355931e-05,2.033898305084745e-05,7.627118644067793e-05,-0.003866269970298432,0.012995088468902518,0.05084745762711862,1.0,0.5254237288135593,1.3343143238254727,0.09871689650193143
2023-07-12,2023-07-13,open,2023-07-14,2023-07-27,2,3,UNEXECUTED_TIMEOUT,open,59,59,0,0.009656843274039859,0.015190128180322837,-0.005533284906282979,3.559322033898305e-05,3.559322033898305e-05,5.9322033898305094e-05,4.745762711864408e-05,0.0001779661016949153,0.009478877172344944,-0.008903858384106088,0.11864406779661019,1.0,0.5593220338983051,1.3469621254103148,0.10021641881335942
2023-07-13,2023-07-14,open,2023-07-17,2023-07-28,2,3,UNEXECUTED_TIMEOUT,open,59,59,0,0.0029047066511554676,-0.0037929592329872808,0.006697665884142749,3.0508474576271168e-05,3.0508474576271168e-05,5.084745762711862e-05,4.06779661016949e-05,0.00015254237288135587,0.0027521642782741117,-0.0004066336242252279,0.10169491525423724,1.0,0.5508474576271186,1.3506691864560574,0.09983630202232437
2023-07-14,2023-07-17,open,2023-07-18,2023-07-31,2,3,UNEXECUTED_TIMEOUT,open,59,59,0,0.005716566906760485,0.0353633003514251,-0.029646733444664612,2.542372881355932e-05,2.542372881355932e-05,4.23728813559322e-05,3.389830508474576e-05,0.0001271186440677966,0.005589448262692688,0.0025840819900942347,0.0847457627118644,1.0,0.5423728813559322,1.3582186819937665,0.10336684315671542
2023-07-17,2023-07-18,open,2023-07-19,2023-08-01,3,3,UNEXECUTED_TIMEOUT,open,59,59,0,0.011280028975719593,0.03568520533478825,-0.024405176359068657,3.0508474576271168e-05,3.0508474576271168e-05,5.084745762711862e-05,4.06779661016949e-05,0.00015254237288135587,0.011127486602838237,0.018673249493332517,0.10169491525423724,1.0,0.5508474576271186,1.3733322421813765,0.10705551017957166
2023-07-18,2023-07-19,open,2023-07-20,2023-08-02,2,3,UNEXECUTED_TIMEOUT,open,59,59,0,0.011509455933175575,0.035653528935946976,-0.024144073002771403,4.0677966101694904e-05,4.0677966101694904e-05,6.779661016949151e-05,5.4237288135593214e-05,0.00020338983050847455,0.0113060661026671,0.014299459671373796,0.13559322033898302,1.0,0.5677966101694916,1.3888592272924032,0.11087241690951158
2023-07-19,2023-07-20,open,2023-07-21,2023-08-03,3,3,UNEXECUTED_TIMEOUT,open,59,59,0,0.000642284519484518,0.027051099170428028,-0.02640881465094351,2.033898305084747e-05,2.033898305084747e-05,3.389830508474578e-05,2.7118644067796627e-05,0.00010169491525423735,0.0005405896042302807,0.03471034227736922,0.06779661016949157,1.0,0.5338983050847458,1.3896100301524168,0.11387163765459582
2023-07-20,2023-07-21,open,2023-07-24,2023-08-04,3,3,EXECUTED_ON_TIME,open,59,59,0,0.015405319152282824,0.056783051749758506,-0.04137773259747568,3.559322033898305e-05,3.559322033898305e-05,5.9322033898305094e-05,4.745762711864408e-05,0.0001779661016949153,0.01522735305058791,0.019878877322960502,0.11864406779661019,1.0,0.5593220338983051,1.4107701126841858,0.12033761674836649
2023-07-21,2023-07-24,open,2023-07-25,2023-08-07,3,4,UNEXECUTED_TIMEOUT,open,59,59,0,0.02889584896648604,0.05248505987749219,-0.023589210911006152,3.0508474576271168e-05,3.0508474576271168e-05,5.084745762711862e-05,4.06779661016949e-05,0.00015254237288135587,0.028743306593604682,0.00540323480479114,0.10169491525423724,1.0,0.5508474576271186,1.4513203105661616,0.1266535437689192
2023-07-24,2023-07-25,open,2023-07-26,2023-08-08,3,4,EXECUTED_ON_TIME,open,59,59,0,0.019920420059914182,0.029326974677013284,-0.009406554617099102,5.084745762711864e-05,5.084745762711864e-05,8.47457627118644e-05,6.779661016949152e-05,0.0002542372881355932,0.01966618277177859,0.015771333596247054,0.1694915254237288,1.0,0.5847457627118644,1.4798622410541502,0.1303679090397843
2023-07-25,2023-07-26,open,2023-07-27,2023-08-09,3,4,UNEXECUTED_TIMEOUT,open,59,59,0,-7.348197564718499e-05,0.015143389214502756,-0.01521687119014994,6.101694915254237e-05,6.101694915254237e-05,0.0001016949152542373,8.135593220338983e-05,0.0003050847457627119,-0.0003785667214098969,0.007511467874859498,0.2033898305084746,1.0,0.6016949152542372,1.479302014457416,0.13234212102745463
2023-07-26,2023-07-27,open,2023-07-28,2023-08-10,3,4,UNEXECUTED_TIMEOUT,open,59,59,0,-0.002781411309810461,0.012423133029995759,-0.01520454433980622,4.5762711864406784e-05,4.5762711864406784e-05,7.627118644067799e-05,6.101694915254239e-05,0.00022881355932203397,-0.003010224869132495,0.008168864444895209,0.15254237288135597,1.0,0.576271186440678,1.4748489827445386,0.1339862248024505
2023-07-27,2023-07-28,open,2023-07-31,2023-08-11,3,4,EXECUTED_ON_TIME,open,59,59,0,0.023874739577324475,0.02267215761867014,0.0012025819586543342,4.0677966101694904e-05,4.0677966101694904e-05,6.779661016949151e-05,5.4237288135593214e-05,0.00020338983050847455,0.023671349746816,0.0007438447132074033,0.13559322033898302,1.0,0.5677966101694916,1.5097606488388202,0.13702398160990223
2023-07-28,2023-07-31,open,2023-08-01,2023-08-14,3,3,EXECUTED_ON_TIME,open,59,59,0,-0.003954478581212306,-0.04429158299928582,0.04033710441807351,4.5762711864406784e-05,4.5762711864406784e-05,7.627118644067799e-05,6.101694915254239e-05,0.00022881355932203397,-0.004183292140534339,-0.001296558135635136,0.15254237288135597,1.0,0.576271186440678,1.5034448789824446,0.13095497255553462
2023-07-31,2023-08-01,open,2023-08-02,2023-08-15,3,4,UNEXECUTED_TIMEOUT,open,59,59,0,-0.008993575162893069,-0.037617888731943605,0.028624313569050534,6.101694915254237e-05,6.101694915254237e-05,0.0001016949152542373,8.135593220338983e-05,0.0003050847457627119,-0.009298659908655782,-0.004861390072953774,0.2033898305084746,1.0,0.6016949152542372,1.4894648563613768,0.1260287229690458
2023-08-01,2023-08-02,open,2023-08-03,2023-08-16,3,4,UNEXECUTED_TIMEOUT,open,59,59,0,-0.01535474408977388,-0.03885595862202196,0.02350121453224808,5.593220338983049e-05,5.593220338983049e-05,9.322033898305082e-05,7.457627118644067e-05,0.0002796610169491525,-0.01563440510672303,-0.011963548030089304,0.18644067796610164,1.0,0.5932203389830508,1.4661779594047961,0.12113175612417429
2023-08-02,2023-08-03,open,2023-08-04,2023-08-17,4,4,UNEXECUTED_TIMEOUT,open,59,59,0,-0.0018684157786118744,-0.04061779901214746,0.038749383233535585,5.593220338983049e-05,5.593220338983049e-05,9.322033898305082e-05,7.457627118644067e-05,0.0002796610169491525,-0.002148076795561027,-0.02000436403924328,0.18644067796610164,1.0,0.5932203389830508,1.4630284965520357,0.11621165079993412
2023-08-03,2023-08-04,open,2023-08-07,2023-08-18,3,4,UNEXECUTED_TIMEOUT,open,59,59,0,-0.01882996062456721,-0.04989657200145581,0.031066611376888598,5.084745762711864e-05,5.084745762711864e-05,8.47457627118644e-05,6.779661016949152e-05,0.0002542372881355932,-0.019084197912702803,-0.021934157231607444,0.1694915254237288,1.0,0.5847457627118644,1.4351077711719127,0.11041308779838717
2023-08-04,2023-08-07,open,2023-08-08,2023-08-21,3,4,UNEXECUTED_TIMEOUT,open,59,59,0,-0.02686190147224911,-0.05739316427211005,0.030531262799860945,6.610169491525422e-05,6.610169491525422e-05,0.00011016949152542371,8.813559322033898e-05,0.00033050847457627116,-0.02719240994682538,-0.02652305010411174,0.22033898305084743,1.0,0.6101694915254237,1.3960837323403312,0.10407613131258342
2023-08-07,2023-08-08,open,2023-08-09,2023-08-22,3,3,UNEXECUTED_TIMEOUT,open,59,59,0,-0.015705577850938016,-0.058284309562562364,0.04257873171162435,4.0677966101694904e-05,4.0677966101694904e-05,6.779661016949151e-05,5.4237288135593214e-05,0.00020338983050847455,-0.015908967681446493,-0.004306373162160648,0.13559322033898302,1.0,0.5677966101694916,1.3738734813619358,0.09801012585708692
2023-08-08,2023-08-09,open,2023-08-10,2023-08-23,3,3,UNEXECUTED_TIMEOUT,open,59,59,0,-0.027298060165100158,-0.05433919861509817,0.027041138449998014,4.5762711864406784e-05,4.5762711864406784e-05,7.627118644067799e-05,6.101694915254239e-05,0.00022881355932203397,-0.027526873724422193,-0.019722430179618597,0.15254237288135597,1.0,0.576271186440678,1.3360550395271535,0.0926843341618479
2023-08-09,2023-08-10,open,2023-08-11,2023-08-24,2,3,UNEXECUTED_TIMEOUT,open,59,59,0,-0.013313568832189008,-0.06341813494658022,0.05010456611439121,3.0508474576271168e-05,3.0508474576271168e-05,5.084745762711862e-05,4.06779661016949e-05,0.00015254237288135587,-0.013466111205070365,-0.020439160110755715,0.10169491525423724,1.0,0.5508474576271186,1.3180635737887862,0.08680646655053789
2023-08-10,2023-08-11,open,2023-08-14,2023-08-25,3,3,EXECUTED_ON_TIME,open,59,59,0,-0.04670343718239549,-0.06899702688523301,0.022293589702837527,3.559322033898305e-05,3.559322033898305e-05,5.9322033898305094e-05,4.745762711864408e-05,0.0001779661016949153,-0.046881403284090406,-0.01204649845945216,0.11864406779661019,1.0,0.5593220338983051,1.2562709038319246,0.08081707844413835
2023-08-11,2023-08-14,open,2023-08-15,2023-08-28,2,3,DELAYED_LIMIT_DOWN,open,59,59,0,0.0055039949833031,0.0183973129123558,-0.0128933179290527,2.542372881355932e-05,2.542372881355932e-05,4.23728813559322e-05,3.389830508474576e-05,0.0001271186440677966,0.005376876339235304,-0.010080144255753435,0.0847457627118644,1.0,0.5423728813559322,1.2630257171304082,0.08230389552493757
2023-08-14,2023-08-15,open,2023-08-16,2023-08-29,3,4,DELAYED_LIMIT_DOWN,open,59,59,0,-0.01981537520025193,-0.02988648562629881,0.01007111042604688,3.0508474576271168e-05,3.0508474576271168e-05,5.084745762711862e-05,4.06779661016949e-05,0.00015254237288135587,-0.019967917573133286,-0.006158410375104522,0.10169491525423724,1.0,0.5508474576271186,1.2378057237180007,0.07984412133434313
2023-08-15,2023-08-16,open,2023-08-17,2023-08-30,2,3,DELAYED_LIMIT_DOWN,open,59,59,0,-0.013080708527567436,-0.007232902973692168,-0.005847805553875268,5.084745762711864e-05,5.084745762711864e-05,8.47457627118644e-05,6.779661016949152e-05,0.0002542372881355932,-0.013334945815703029,-0.0016694669539184161,0.1694915254237288,1.0,0.5847457627118644,1.2212996514618542,0.07926661655171212
2023-08-16,2023-08-17,open,2023-08-18,2023-08-31,2,3,DELAYED_LIMIT_DOWN,open,59,59,0,0.009906315689635755,-0.003754343697524809,0.013660659387160564,3.0508474576271168e-05,3.0508474576271168e-05,5.084745762711862e-05,4.06779661016949e-05,0.00015254237288135587,0.009753773316754399,-0.0010077289815212647,0.10169491525423724,1.0,0.5508474576271186,1.2332119314140442,0.07896902242943708
2023-08-17,2023-08-18,open,2023-08-21,2023-09-01,1,2,DELAYED_LIMIT_DOWN,open,59,59,0,-0.01721427902962392,-0.01397067936870755,-0.00324359966091637,2.542372881355932e-05,2.542372881355932e-05,4.23728813559322e-05,3.389830508474576e-05,0.0001271186440677966,-0.01734139767369172,0.003908826099683432,0.0847457627118644,1.0,0.5423728813559322,1.2118263128954518,0.07786577153701514
2023-08-18,2023-08-21,open,2023-08-22,2023-09-04,2,3,DELAYED_LIMIT_DOWN,open,59,59,0,0.0020414701588286725,0.010537935055555891,-0.008496464896727219,2.033898305084747e-05,2.033898305084747e-05,3.389830508474578e-05,2.7118644067796627e-05,0.00010169491525423735,0.0019397752435744353,0.0056008511978531085,0.06779661016949157,1.0,0.5338983050847458,1.2141769835767184,0.07868631598052296
2023-08-21,2023-08-22,open,2023-08-23,2023-09-05,2,3,DELAYED_LIMIT_DOWN,open,59,59,0,0.005787228529295739,0.024415245401097296,-0.01862801687180156,4.0677966101694904e-05,4.0677966101694904e-05,6.779661016949151e-05,5.4237288135593214e-05,0.00020338983050847455,0.005583838698787265,-0.0023220278230847956,0.13559322033898302,1.0,0.5677966101694916,1.2209567520047908,0.08060746169489572
2023-08-22,2023-08-23,open,2023-08-24,2023-09-06,2,3,DELAYED_LIMIT_DOWN,open,59,59,0,-0.008528182271123163,0.015013164439009463,-0.023541346710132624,3.559322033898305e-05,3.559322033898305e-05,5.9322033898305094e-05,4.745762711864408e-05,0.0001779661016949153,-0.008706148372818077,0.0022613175486021226,0.11864406779661019,1.0,0.5593220338983051,1.2103269213650432,0.08181763477233234
2023-08-23,2023-08-24,open,2023-08-25,2023-09-07,2,3,DELAYED_LIMIT_DOWN,open,59,59,0,-0.0018456470117186282,0.024433792980811164,-0.026279439992529793,3.0508474576271168e-05,3.0508474576271168e-05,5.084745762711862e-05,4.06779661016949e-05,0.00015254237288135587,-0.001998189384599984,0.011022723983788205,0.10169491525423724,1.0,0.5508474576271186,1.207908458958876,0.08381674992253912
2023-08-24,2023-08-25,open,2023-08-28,2023-09-08,2,3,EXECUTED_ON_TIME,open,59,59,0,0.043231709134537034,0.011917600419493413,0.03131410871504362,3.559322033898305e-05,3.559322033898305e-05,5.9322033898305094e-05,4.745762711864408e-05,0.0001779661016949153,0.043053743032842116,-0.01499290953281196,0.11864406779661019,1.0,0.5593220338983051,1.2599134393580878,0.08481564445657655
2023-08-25,2023-08-28,open,2023-08-29,2023-09-11,2,3,EXECUTED_ON_TIME,open,59,59,0,-0.04788297254408852,-0.043707492862801955,-0.004175479681286565,2.542372881355932e-05,2.542372881355932e-05,4.23728813559322e-05,3.389830508474576e-05,0.0001271186440677966,-0.048010091188156315,0.0015508142221664425,0.0847457627118644,1.0,0.5423728813559322,1.1994248802453222,0.08110856528183678
2023-08-28,2023-08-29,open,2023-08-30,2023-09-12,2,3,UNEXECUTED_TIMEOUT,open,59,59,0,0.027818897139756736,0.005685198686740556,0.02213369845301618,3.559322033898305e-05,3.559322033898305e-05,5.9322033898305094e-05,4.745762711864408e-05,0.0001779661016949153,0.02764093103806182,0.0055596226138352745,0.11864406779661019,1.0,0.5593220338983051,1.2325781006455188,0.0815696835906605
2023-08-29,2023-08-30,open,2023-08-31,2023-09-13,2,3,UNEXECUTED_TIMEOUT,open,59,59,0,0.003424663208076763,-0.01144060966801197,0.014865272876088732,2.033898305084747e-05,2.033898305084747e-05,3.389830508474578e-05,2.7118644067796627e-05,0.00010169491525423735,0.0033229682928225257,0.00779071670406826,0.06779661016949157,1.0,0.5338983050847458,1.2366739185923914,0.0806364766799565
2023-08-30,2023-08-31,open,2023-09-01,2023-09-14,3,3,UNEXECUTED_TIMEOUT,open,59,59,0,0.001093231553822078,-0.013200680446356694,0.014293912000178773,2.542372881355932e-05,2.542372881355932e-05,4.23728813559322e-05,3.389830508474576e-05,0.0001271186440677966,0.0009661129097542815,0.0012716225215096684,0.0847457627118644,1.0,0.5423728813559322,1.2378686852302998,0.0795720203189843
2023-08-31,2023-09-01,open,2023-09-04,2023-09-15,3,3,UNEXECUTED_TIMEOUT,open,59,59,0,-0.0026398704210910057,-0.010089673935335441,0.007449803514244436,1.5254237288135584e-05,1.5254237288135584e-05,2.542372881355931e-05,2.033898305084745e-05,7.627118644067793e-05,-0.002716141607531684,-0.0026658563618323487,0.05084745762711862,1.0,0.5254237288135593,1.2345064585896852,0.07876916457958986
2023-09-01,2023-09-04,open,2023-09-05,2023-09-18,3,4,EXECUTED_ON_TIME,open,59,59,0,0.0026534163751915454,-0.02991172012912713,0.03256513650431867,1.5254237288135584e-05,1.5254237288135584e-05,2.542372881355931e-05,2.033898305084745e-05,7.627118644067793e-05,0.0025771451887508677,-0.001168390340631252,0.05084745762711862,1.0,0.5254237288135593,1.2376879609699214,0.07641304337388002
2023-09-04,2023-09-05,open,2023-09-06,2023-09-19,3,4,UNEXECUTED_TIMEOUT,open,59,59,0,-0.015411151435137022,-0.030251762042599495,0.014840610607462473,3.559322033898305e-05,3.559322033898305e-05,5.9322033898305094e-05,4.745762711864408e-05,0.0001779661016949153,-0.015589117536831936,-0.0040380459518113004,0.11864406779661019,1.0,0.5593220338983051,1.2183934978724396,0.07410141416878258
2023-09-05,2023-09-06,open,2023-09-07,2023-09-20,3,4,UNEXECUTED_TIMEOUT,open,59,59,0,-0.004193708666861085,-0.024196318373992276,0.02000260970713119,3.0508474576271168e-05,3.0508474576271168e-05,5.084745762711862e-05,4.06779661016949e-05,0.00015254237288135587,-0.004346251039742441,-0.0015070143598375717,0.10169491525423724,1.0,0.5508474576271186,1.213098053865496,0.07230843275959165
2023-09-06,2023-09-07,open,2023-09-08,2023-09-21,3,4,EXECUTED_ON_TIME,open,59,59,0,-0.025507585091552862,-0.02732977278842108,0.0018221876968682188,3.0508474576271168e-05,3.0508474576271168e-05,5.084745762711862e-05,4.06779661016949e-05,0.00015254237288135587,-0.025660127464434218,-0.010502094267837558,0.10169491525423724,1.0,0.5508474576271186,1.1819698031764503,0.07033225972158519
2023-09-07,2023-09-08,open,2023-09-11,2023-09-22,3,4,EXECUTED_ON_TIME,open,59,59,0,0.004374516680103,-0.020015471024382947,0.024389987704485947,3.0508474576271168e-05,3.0508474576271168e-05,5.084745762711862e-05,4.06779661016949e-05,0.00015254237288135587,0.004221974307221644,-0.0017908191047269354,0.10169491525423724,1.0,0.5508474576271186,1.186960049317373,0.06892452641504843
2023-09-08,2023-09-11,open,2023-09-12,2023-09-25,3,4,EXECUTED_ON_TIME,open,59,59,0,0.014148392280076012,-0.0006744934281670556,0.014822885708243068,4.0677966101694904e-05,4.0677966101694904e-05,6.779661016949151e-05,5.4237288135593214e-05,0.00020338983050847455,0.013945002449567537,0.009798760290608652,0.13559322033898302,1.0,0.5677966101694916,1.2035122101126428,0.06887803727494195
2023-09-11,2023-09-12,open,2023-09-13,2023-09-26,3,3,EXECUTED_ON_TIME,open,59,59,0,-0.0027716908630246394,-0.013979103336500875,0.011207412473476236,3.0508474576271168e-05,3.0508474576271168e-05,5.084745762711862e-05,4.06779661016949e-05,0.00015254237288135587,-0.0029242332359059953,0.0035546832710102896,0.10169491525423724,1.0,0.5508474576271186,1.1999928597080127,0.06791518407426017
2023-09-12,2023-09-13,open,2023-09-14,2023-09-27,3,4,UNEXECUTED_TIMEOUT,open,59,59,0,-0.011892429451653056,-0.017195405160483457,0.0053029757088304,4.0677966101694904e-05,4.0677966101694904e-05,6.779661016949151e-05,5.4237288135593214e-05,0.00020338983050847455,-0.012095819282161531,-0.004568375859478041,0.13559322033898302,1.0,0.5677966101694916,1.1854779629371004,0.06674735496755445
2023-09-13,2023-09-14,open,2023-09-15,2023-09-28,3,4,EXECUTED_ON_TIME,open,59,59,0,-0.0008310297774791057,-0.006883714358501214,0.006052684581022108,3.0508474576271168e-05,3.0508474576271168e-05,5.084745762711862e-05,4.06779661016949e-05,0.00015254237288135587,-0.0009835721503604615,-0.004007774862574253,0.10169491525423724,1.0,0.5508474576271186,1.1843119598278893,0.06628788524177232
2023-09-14,2023-09-15,open,2023-09-18,2023-10-09,3,4,EXECUTED_ON_TIME,open,59,59,0,-0.006525291689908917,-0.016535566732650997,0.01001027504274208,1.5254237288135584e-05,1.5254237288135584e-05,2.542372881355931e-05,2.033898305084745e-05,7.627118644067793e-05,-0.006601562876349595,0.0016547938430646163,0.05084745762711862,1.0,0.5254237288135593,1.1764936499598726,0.06519177749179068
2023-09-15,2023-09-18,open,2023-09-19,2023-10-10,4,4,EXECUTED_ON_TIME,open,59,59,0,0.005263610849685336,-0.0007245330681759921,0.005988143917861328,2.542372881355932e-05,2.542372881355932e-05,4.23728813559322e-05,3.389830508474576e-05,0.0001271186440677966,0.00513649220561754,0.0023370801985126487,0.0847457627118644,1.0,0.5423728813559322,1.1825367004228502,0.06514454389322472
2023-09-18,2023-09-19,open,2023-09-20,2023-10-11,4,4,EXECUTED_ON_TIME,open,59,59,0,-0.0017574800969185434,-0.013072107823336787,0.011314627726418244,2.033898305084747e-05,2.033898305084747e-05,3.389830508474578e-05,2.7118644067796627e-05,0.00010169491525423735,-0.0018591750121727808,-0.0013373682773667734,0.06779661016949157,1.0,0.5338983050847458,1.1803381577384469,0.06429296739135039
2023-09-19,2023-09-20,open,2023-09-21,2023-10-12,3,4,EXECUTED_ON_TIME,open,59,59,0,-0.00222845377811527,-0.004850431571078007,0.0026219777929627364,4.0677966101694904e-05,4.0677966101694904e-05,6.779661016949151e-05,5.4237288135593214e-05,0.00020338983050847455,-0.0024318436086237447,0.004257580003487004,0.13559322033898302,1.0,0.5677966101694916,1.177467759933536,0.0639811187525171
2023-09-20,2023-09-21,open,2023-09-22,2023-10-13,3,4,UNEXECUTED_TIMEOUT,open,59,59,0,0.00010898930437876327,-0.0055035904208217135,0.005612579725200476,3.0508474576271168e-05,3.0508474576271168e-05,5.084745762711862e-05,4.06779661016949e-05,0.00015254237288135587,-4.3553068502592604e-05,0.0032395768315997575,0.10169491525423724,1.0,0.5508474576271186,1.177416477599528,0.06362899288023728
2023-09-21,2023-09-22,open,2023-09-25,2023-10-16,4,4,UNEXECUTED_TIMEOUT,open,59,59,0,0.019481437866741537,-0.0023419120850395325,0.02182334995178107,2.542372881355932e-05,2.542372881355932e-05,4.23728813559322e-05,3.389830508474576e-05,0.0001271186440677966,0.01935431922267374,0.006612878963352617,0.0847457627118644,1.0,0.5423728813559322,1.2002045719650252,0.06347997937285216
2023-09-22,2023-09-25,open,2023-09-26,2023-10-17,3,4,UNEXECUTED_TIMEOUT,open,59,59,0,-0.020132648441803,-0.027490983295622162,0.007358334853819162,2.033898305084747e-05,2.033898305084747e-05,3.389830508474578e-05,2.7118644067796627e-05,0.00010169491525423735,-0.020234343357057236,-0.015520351138673564,0.06779661016949157,1.0,0.5338983050847458,1.175919220557175,0.06173485232030664
2023-09-25,2023-09-26,open,2023-09-27,2023-10-18,3,4,EXECUTED_ON_TIME,open,59,59,0,-0.0127650156583605,-0.02172690707870295,0.008961891420342451,3.559322033898305e-05,3.559322033898305e-05,5.9322033898305094e-05,4.745762711864408e-05,0.0001779661016949153,-0.012942981760055414,-0.009844875347704559,0.11864406779661019,1.0,0.5593220338983051,1.1606993195342048,0.06039354492042589
2023-09-26,2023-09-27,open,2023-09-28,2023-10-19,3,4,UNEXECUTED_TIMEOUT,open,59,59,0,-0.004938969775768316,-0.028808423147091422,0.023869453371323106,1.0169491525423734e-05,1.0169491525423734e-05,1.694915254237289e-05,1.3559322033898314e-05,5.084745762711868e-05,-0.0049898172333954355,-0.011782335164700498,0.03389830508474578,1.0,0.5169491525423728,1.1549076420668027,0.058653702123005386
2023-09-27,2023-09-28,open,2023-10-09,2023-10-20,3,3,UNEXECUTED_TIMEOUT,open,59,59,0,-0.01624873043315998,-0.0519684674440587,0.035719737010898714,1.5254237288135584e-05,1.5254237288135584e-05,2.542372881355931e-05,2.033898305084745e-05,7.627118644067793e-05,-0.016325001619600658,-0.014230325035604131,0.05084745762711862,1.0,0.5254237288135593,1.136053772939573,0.055605559113752465
2023-09-28,2023-10-09,open,2023-10-10,2023-10-23,3,3,UNEXECUTED_TIMEOUT,open,59,59,0,-0.016005191500274633,-0.04858207375026813,0.0325768822499935,2.033898305084747e-05,2.033898305084747e-05,3.389830508474578e-05,2.7118644067796627e-05,0.00010169491525423735,-0.01610688641552887,-0.02070284998716833,0.06779661016949157,1.0,0.5338983050847458,1.1177554838569024,0.05290412573996325
2023-10-09,2023-10-10,open,2023-10-11,2023-10-24,3,3,UNEXECUTED_TIMEOUT,open,59,59,0,-0.028628962302116888,-0.05802902073288252,0.02940005843076563,3.559322033898305e-05,3.559322033898305e-05,5.9322033898305094e-05,4.745762711864408e-05,0.0001779661016949153,-0.028806928403811802,-0.02731035023232723,0.11864406779661019,1.0,0.5593220338983051,1.0855563816604685,0.049834151130543895
2023-10-10,2023-10-11,open,2023-10-12,2023-10-25,3,3,UNEXECUTED_TIMEOUT,open,59,59,0,-0.01032384560328408,-0.04094263801819498,0.030618792414910896,1.5254237288135584e-05,1.5254237288135584e-05,2.542372881355931e-05,2.033898305084745e-05,7.627118644067793e-05,-0.010400116789724759,-0.015745640089110956,0.05084745762711862,1.0,0.5254237288135593,1.0742664685093686,0.047793809519862014
2023-10-11,2023-10-12,open,2023-10-13,2023-10-26,3,4,UNEXECUTED_TIMEOUT,open,59,59,0,-0.01981866669547314,-0.057641104465358306,0.03782243776988517,2.542372881355932e-05,2.542372881355932e-05,4.23728813559322e-05,3.389830508474576e-05,0.0001271186440677966,-0.019945785339540938,-0.015179634160044956,0.0847457627118644,1.0,0.5423728813559322,1.052839380131014,0.04503892155253021
2023-10-12,2023-10-13,open,2023-10-16,2023-10-27,3,4,UNEXECUTED_TIMEOUT,open,59,59,0,-0.026630375582067857,-0.048066876221295574,0.021436500639227717,3.0508474576271168e-05,3.0508474576271168e-05,5.084745762711862e-05,4.06779661016949e-05,0.00015254237288135587,-0.026782917954949213,-0.028452870253979915,0.10169491525423724,1.0,0.5508474576271186,1.0246412693932254,0.0428740412851241
2023-10-13,2023-10-16,open,2023-10-17,2023-10-30,3,4,UNEXECUTED_TIMEOUT,open,59,59,0,-0.02260088972926237,-0.030003228677424,0.007402338948161627,2.542372881355932e-05,2.542372881355932e-05,4.23728813559322e-05,3.389830508474576e-05,0.0001271186440677966,-0.02272800837333017,-0.016927124326618435,0.0847457627118644,1.0,0.5423728813559322,1.0013532140427965,0.041587681620121206
2023-10-16,2023-10-17,open,2023-10-18,2023-10-31,4,4,UNEXECUTED_TIMEOUT,open,59,59,0,-0.01878947053012981,-0.01475064361968581,-0.004038826910444,3.559322033898305e-05,3.559322033898305e-05,5.9322033898305094e-05,4.745762711864408e-05,0.0001779661016949153,-0.018967436631824725,-0.024100706723391038,0.11864406779661019,1.0,0.5593220338983051,0.9823601104093658,0.04097423654957384
2023-10-17,2023-10-18,open,2023-10-19,2023-11-01,3,4,UNEXECUTED_TIMEOUT,open,59,59,0,-0.026267764202918154,-0.0069701275134830265,-0.019297636689435127,2.542372881355932e-05,2.542372881355932e-05,4.23728813559322e-05,3.389830508474576e-05,0.0001271186440677966,-0.02639488284698595,-0.020435295718611756,0.0847457627118644,1.0,0.5423728813559322,0.9564308303815583,0.04068864089605569
2023-10-18,2023-10-19,open,2023-10-20,2023-11-02,3,4,EXECUTED_ON_TIME,open,59,59,0,-0.013568637196102728,-0.002354177145699521,-0.011214460050403207,2.033898305084747e-05,2.033898305084747e-05,3.389830508474578e-05,2.7118644067796627e-05,0.00010169491525423735,-0.013670332111356966,0.001412619838721525,0.06779661016949157,1.0,0.5338983050847458,0.9433561032887015,0.04059285262756862
2023-10-19,2023-10-20,open,2023-10-23,2023-11-03,3,4,EXECUTED_ON_TIME,open,59,59,0,-0.015802816986542297,0.011421275792659502,-0.0272240927792018,1.0169491525423734e-05,1.0169491525423734e-05,1.694915254237289e-05,1.3559322033898314e-05,5.084745762711868e-05,-0.015853664444169416,-0.0074685538145208424,0.03389830508474578,1.0,0.5169491525423728,0.9284004521758031,0.04105647479263887
2023-10-20,2023-10-23,open,2023-10-24,2023-11-06,3,4,EXECUTED_ON_TIME,open,59,59,0,-0.0040871103295983995,0.030889672272919277,-0.03497678260251768,2.033898305084747e-05,2.033898305084747e-05,3.389830508474578e-05,2.7118644067796627e-05,0.00010169491525423735,-0.004188805244852637,-0.00024587041632347355,0.06779661016949157,1.0,0.5338983050847458,0.9245115634924056,0.042324695843664856
2023-10-23,2023-10-24,open,2023-10-25,2023-11-07,2,3,EXECUTED_ON_TIME,open,59,59,0,0.024630792095139412,0.04078995589591927,-0.01615916380077986,3.559322033898305e-05,3.559322033898305e-05,5.9322033898305094e-05,4.745762711864408e-05,0.0001779661016949153,0.024452825993444498,0.014209369124911952,0.11864406779661019,1.0,0.5593220338983051,0.9471184838834127,0.04405111832043614
2023-10-24,2023-10-25,open,2023-10-26,2023-11-08,3,4,EXECUTED_ON_TIME,open,59,59,0,0.013276856338365305,0.024500205289168298,-0.011223348950802993,1.5254237288135584e-05,1.5254237288135584e-05,2.542372881355931e-05,2.033898305084745e-05,7.627118644067793e-05,0.013200585151924626,0.030069165035294432,0.05084745762711862,1.0,0.5254237288135593,0.9596210020788773,0.04513037976250427
2023-10-25,2023-10-26,open,2023-10-27,2023-11-09,3,3,EXECUTED_ON_TIME,open,59,59,0,0.028251475341142595,0.03395536190079107,-0.005703886559648475,3.0508474576271168e-05,3.0508474576271168e-05,5.084745762711862e-05,4.06779661016949e-05,0.00015254237288135587,0.02809893296826124,0.02143749388922803,0.10169491525423724,1.0,0.5508474576271186,0.9865853282912275,0.046662798140060247
2023-10-26,2023-10-27,open,2023-10-30,2023-11-10,2,3,EXECUTED_ON_TIME,open,59,59,0,0.026609357881953833,0.02710464584563277,-0.0004952879636789358,2.033898305084747e-05,2.033898305084747e-05,3.389830508474578e-05,2.7118644067796627e-05,0.00010169491525423735,0.026507662966699597,0.01534477953703466,0.06779661016949157,1.0,0.5338983050847458,1.012737399661462,0.04792757675781283
2023-10-27,2023-10-30,open,2023-10-31,2023-11-13,2,3,EXECUTED_ON_TIME,open,59,59,0,0.028708035021406092,0.011199722236759246,0.017508312784646846,1.0169491525423734e-05,1.0169491525423734e-05,1.694915254237289e-05,1.3559322033898314e-05,5.084745762711868e-05,0.028657187563778972,0.017311289780860342,0.03389830508474578,1.0,0.5169491525423728,1.0417596052764142,0.04846435230498129
2023-10-30,2023-10-31,open,2023-11-01,2023-11-14,2,3,UNEXECUTED_TIMEOUT,open,59,59,0,0.01256139467385994,-0.00015998096980296417,0.012721375643662904,4.0677966101694904e-05,4.0677966101694904e-05,6.779661016949151e-05,5.4237288135593214e-05,0.00020338983050847455,0.012358004843351466,0.01709719234684075,0.13559322033898302,1.0,0.5677966101694916,1.054633675524028,0.04845659893089867
2023-10-31,2023-11-01,open,2023-11-02,2023-11-15,3,4,UNEXECUTED_TIMEOUT,open,59,59,0,0.017851787870733965,0.0030836789379653506,0.014768108932768614,4.5762711864406784e-05,4.5762711864406784e-05,7.627118644067799e-05,6.101694915254239e-05,0.00022881355932203397,0.01762297431141193,0.023357136931344818,0.15254237288135597,1.0,0.576271186440678,1.073219457695738,0.04860602352442731
2023-11-01,2023-11-02,open,2023-11-03,2023-11-16,3,4,UNEXECUTED_TIMEOUT,open,59,59,0,0.010494685003350874,0.005841790111749345,0.004652894891601528,3.0508474576271168e-05,3.0508474576271168e-05,5.084745762711862e-05,4.06779661016949e-05,0.00015254237288135587,0.010342142630469517,0.017891340484198888,0.10169491525423724,1.0,0.5508474576271186,1.0843188464010223,0.048889969712023765
2023-11-02,2023-11-03,open,2023-11-06,2023-11-17,3,4,UNEXECUTED_TIMEOUT,open,59,59,0,0.04123750904450674,0.000781502474336282,0.040456006570170455,3.0508474576271168e-05,3.0508474576271168e-05,5.084745762711862e-05,4.06779661016949e-05,0.00015254237288135587,0.04108496667162538,0.028262964179814096,0.10169491525423724,1.0,0.5508474576271186,1.1288680500668236,0.048928177344323934
2023-11-03,2023-11-06,open,2023-11-07,2023-11-20,3,3,UNEXECUTED_TIMEOUT,open,59,59,0,0.028077594466707108,-0.010694176429522972,0.03877177089623008,1.5254237288135584e-05,1.5254237288135584e-05,2.542372881355931e-05,2.033898305084745e-05,7.627118644067793e-05,0.02800132328026643,0.023110173126746337,0.05084745762711862,1.0,0.5254237288135593,1.1604778492775087,0.048404930783428744
2023-11-06,2023-11-07,open,2023-11-08,2023-11-21,3,3,UNEXECUTED_TIMEOUT,open,59,59,0,0.018891159812353644,-0.009908700433386541,0.028799860245740185,3.559322033898305e-05,3.559322033898305e-05,5.9322033898305094e-05,4.745762711864408e-05,0.0001779661016949153,0.01871319371065873,0.0206023268317654,0.11864406779661019,1.0,0.5593220338983051,1.1821940960679675,0.047925300824796936
2023-11-07,2023-11-08,open,2023-11-09,2023-11-22,3,3,UNEXECUTED_TIMEOUT,open,59,59,0,0.0011344329369665032,-0.01141181778425615,0.012546250721222655,3.559322033898305e-05,3.559322033898305e-05,5.9322033898305094e-05,4.745762711864408e-05,0.0001779661016949153,0.0009564668352715879,0.0008235088401315174,0.11864406779661019,1.0,0.5593220338983051,1.1833248255137103,0.04737838602452869
2023-11-08,2023-11-09,open,2023-11-10,2023-11-23,3,4,UNEXECUTED_TIMEOUT,open,59,59,0,-0.0016577938284491112,-0.01711466878039747,0.015456874951948358,4.0677966101694904e-05,4.0677966101694904e-05,6.779661016949151e-05,5.4237288135593214e-05,0.00020338983050847455,-0.0018611836589575857,0.0034881784732570804,0.13559322033898302,1.0,0.5677966101694916,1.1811224406852254,0.04656752064036907
2023-11-09,2023-11-10,open,2023-11-13,2023-11-24,2,3,UNEXECUTED_TIMEOUT,open,59,59,0,0.00010941824784353526,-0.009850478397383289,0.009959896645226824,3.0508474576271168e-05,3.0508474576271168e-05,5.084745762711862e-05,4.06779661016949e-05,0.00015254237288135587,-4.312412503782061e-05,-0.004246584754939907,0.10169491525423724,1.0,0.5508474576271186,1.1810715058134083,0.04610880828428141
2023-11-10,2023-11-13,open,2023-11-14,2023-11-27,3,4,UNEXECUTED_TIMEOUT,open,59,59,0,-0.00714969422988765,-0.016546319594447412,0.009396625364559761,3.559322033898305e-05,3.559322033898305e-05,5.9322033898305094e-05,4.745762711864408e-05,0.0001779661016949153,-0.007327660331582566,-0.008566963249734319,0.11864406779661019,1.0,0.5593220338983051,1.1724170149914968,0.04534587720629059
2023-11-13,2023-11-14,open,2023-11-15,2023-11-28,3,4,UNEXECUTED_TIMEOUT,open,59,59,0,0.004561329374475152,-0.019672151289700346,0.024233480664175498,2.542372881355932e-05,2.542372881355932e-05,4.23728813559322e-05,3.389830508474576e-05,0.0001271186440677966,0.004434210730407355,-0.008813214580516081,0.0847457627118644,1.0,0.5423728813559322,1.1776157590998844,0.044453826249524264
2023-11-14,2023-11-15,open,2023-11-16,2023-11-29,3,3,UNEXECUTED_TIMEOUT,open,59,59,0,-0.02138193379753896,-0.027093263055392836,0.005711329257853875,3.559322033898305e-05,3.559322033898305e-05,5.9322033898305094e-05,4.745762711864408e-05,0.0001779661016949153,-0.021559899899233875,-0.013954372727622684,0.11864406779661019,1.0,0.5593220338983051,1.1522264812139305,0.04324942704112718
2023-11-15,2023-11-16,open,2023-11-17,2023-11-30,3,4,UNEXECUTED_TIMEOUT,open,59,59,0,-0.02092804875493782,-0.03206459573099674,0.011136546976058918,4.0677966101694904e-05,4.0677966101694904e-05,6.779661016949151e-05,5.4237288135593214e-05,0.00020338983050847455,-0.021131438585446295,-0.01194190595416218,0.13559322033898302,1.0,0.5677966101694916,1.1278782780896335,0.041862651647456194
2023-11-16,2023-11-17,open,2023-11-20,2023-12-01,3,4,UNEXECUTED_TIMEOUT,open,59,59,0,-0.004250297458024111,-0.018838006565559784,0.014587709107535672,4.0677966101694904e-05,4.0677966101694904e-05,6.779661016949151e-05,5.4237288135593214e-05,0.00020338983050847455,-0.004453687288532585,-0.007476307972308721,0.13559322033898302,1.0,0.5677966101694916,1.1228550609394936,0.04107404274086967
2023-11-17,2023-11-20,open,2023-11-21,2023-12-04,3,4,UNEXECUTED_TIMEOUT,open,59,59,0,-0.006987039179054301,-0.0248438887972231,0.017856849618168802,3.559322033898305e-05,3.559322033898305e-05,5.9322033898305094e-05,4.745762711864408e-05,0.0001779661016949153,-0.007165005280749217,-0.006146398396705803,0.11864406779661019,1.0,0.5593220338983051,1.114809798498346,0.040053603790563115
2023-11-20,2023-11-21,open,2023-11-22,2023-12-05,3,4,UNEXECUTED_TIMEOUT,open,59,59,0,-0.022954558983419113,-0.03840375843325772,0.015449199449838604,4.0677966101694904e-05,4.0677966101694904e-05,6.779661016949151e-05,5.4237288135593214e-05,0.00020338983050847455,-0.02315794881392759,-0.012474619690661238,0.13559322033898302,1.0,0.5677966101694916,1.0889930902474563,0.03851539486620891
2023-11-21,2023-11-22,open,2023-11-23,2023-12-06,3,4,UNEXECUTED_TIMEOUT,open,59,59,0,-0.02147270030588712,-0.05086485579386557,0.029392155487978452,5.084745762711864e-05,5.084745762711864e-05,8.47457627118644e-05,6.779661016949152e-05,0.0002542372881355932,-0.02172693759402271,-0.014217072148005938,0.1694915254237288,1.0,0.5847457627118644,1.0653326053353278,0.036556314860495404
2023-11-22,2023-11-23,open,2023-11-24,2023-12-07,3,4,UNEXECUTED_TIMEOUT,open,59,59,0,-0.0035752582551390466,-0.04154691789389742,0.03797165963875837,3.559322033898305e-05,3.559322033898305e-05,5.9322033898305094e-05,4.745762711864408e-05,0.0001779661016949153,-0.003753224356833962,-0.011213663275918367,0.11864406779661019,1.0,0.5593220338983051,1.0613341730528538,0.03503751264848294
2023-11-23,2023-11-24,open,2023-11-27,2023-12-08,2,3,UNEXECUTED_TIMEOUT,open,59,59,0,-0.011987801649415273,-0.0474034767848307,0.03541567513541543,3.0508474576271168e-05,3.0508474576271168e-05,5.084745762711862e-05,4.06779661016949e-05,0.00015254237288135587,-0.012140344022296629,-0.003458118250882809,0.10169491525423724,1.0,0.5508474576271186,1.0484492110693726,0.033376612731052364
2023-11-24,2023-11-27,open,2023-11-28,2023-12-11,3,3,UNEXECUTED_TIMEOUT,open,59,59,0,0.002191941208974822,-0.04424824831055518,0.04644018951953,2.542372881355932e-05,2.542372881355932e-05,4.23728813559322e-05,3.389830508474576e-05,0.0001271186440677966,0.0020648225649070252,0.0008334805245783711,0.0847457627118644,1.0,0.5423728813559322,1.0506140726585476,0.03189975608316352
2023-11-27,2023-11-28,open,2023-11-29,2023-12-12,2,3,UNEXECUTED_TIMEOUT,open,59,59,0,0.0004667417891258704,-0.028671857530859657,0.02913859931998553,4.0677966101694904e-05,4.0677966101694904e-05,6.779661016949151e-05,5.4237288135593214e-05,0.00020338983050847455,0.00026335195861739585,-0.0018601770908148148,0.13559322033898302,1.0,0.5677966101694916,1.0508907539323333,0.030985130821477882
2023-11-28,2023-11-29,open,2023-11-30,2023-12-13,2,3,UNEXECUTED_TIMEOUT,open,59,59,0,-0.009204605114980394,-0.028487156723552065,0.01928255160857167,2.542372881355932e-05,2.542372881355932e-05,4.23728813559322e-05,3.389830508474576e-05,0.0001271186440677966,-0.00933172375904819,-0.004663752656578977,0.0847457627118644,1.0,0.5423728813559322,1.041084131715699,0.03010245254366668
2023-11-29,2023-11-30,open,2023-12-01,2023-12-14,2,3,EXECUTED_ON_TIME,open,59,59,0,-0.0038923103369591034,-0.028154216433315282,0.02426190609635618,3.559322033898305e-05,3.559322033898305e-05,5.9322033898305094e-05,4.745762711864408e-05,0.0001779661016949153,-0.004070276438654019,-0.008365135441592432,0.11864406779661019,1.0,0.5593220338983051,1.03684663150372,0.029254941579578687
2023-11-30,2023-12-01,open,2023-12-04,2023-12-15,2,3,EXECUTED_ON_TIME,open,59,59,0,0.001136729063807993,-0.03671316913660061,0.0378498982004086,2.542372881355932e-05,2.542372881355932e-05,4.23728813559322e-05,3.389830508474576e-05,0.0001271186440677966,0.0010096104197401964,-0.0023944911202711753,0.0847457627118644,1.0,0.5423728813559322,1.0378934426665585,0.028180899961286244
2023-12-01,2023-12-04,open,2023-12-05,2023-12-18,2,3,EXECUTED_ON_TIME,open,59,59,0,-0.012066305893592649,-0.04362310742894737,0.03155680153535472,4.0677966101694904e-05,4.0677966101694904e-05,6.779661016949151e-05,5.4237288135593214e-05,0.00020338983050847455,-0.012269695724101123,-0.005785712415626809,0.13559322033898302,1.0,0.5677966101694916,1.025158805931,0.026951561534830634
2023-12-04,2023-12-05,open,2023-12-06,2023-12-19,2,3,EXECUTED_ON_TIME,open,59,59,0,-0.019398004568097562,-0.036065725821645356,0.016667721253547794,2.033898305084747e-05,2.033898305084747e-05,3.389830508474578e-05,2.7118644067796627e-05,0.00010169491525423735,-0.0194996994833518,-0.0036693460787973753,0.06779661016949157,1.0,0.5338983050847458,1.0051685172926337,0.025979533906050227
2023-12-05,2023-12-06,open,2023-12-07,2023-12-20,2,3,EXECUTED_ON_TIME,open,59,59,0,0.000769416055301387,-0.01580575463121492,0.016575170686516306,4.5762711864406784e-05,4.5762711864406784e-05,7.627118644067799e-05,6.101694915254239e-05,0.00022881355932203397,0.0005406024959793531,-0.0005091332865526868,0.15254237288135597,1.0,0.576271186440678,1.005711913901962,0.02556890776769787
2023-12-06,2023-12-07,open,2023-12-08,2023-12-21,2,3,EXECUTED_ON_TIME,open,59,59,0,0.0046881278192610915,-0.03202451399490791,0.036712641814169,4.5762711864406784e-05,4.5762711864406784e-05,7.627118644067799e-05,6.101694915254239e-05,0.00022881355932203397,0.004459314259939058,-0.0013917440582409757,0.15254237288135597,1.0,0.576271186440678,1.0101966993810154,0.024750075923056718
2023-12-07,2023-12-08,open,2023-12-11,2023-12-22,2,3,EXECUTED_ON_TIME,open,59,59,0,0.006452039143258511,-0.018394632559902924,0.024846671703161433,3.559322033898305e-05,3.559322033898305e-05,5.9322033898305094e-05,4.745762711864408e-05,0.0001779661016949153,0.006274073041563595,-0.0014620469070280046,0.11864406779661019,1.0,0.5593220338983051,1.0165347472592783,0.02429480737062239
2023-12-08,2023-12-11,open,2023-12-12,2023-12-25,2,3,EXECUTED_ON_TIME,open,59,59,0,0.010514152095079205,-0.014126188702838216,0.024640340797917423,4.0677966101694904e-05,4.0677966101694904e-05,6.779661016949151e-05,5.4237288135593214e-05,0.00020338983050847455,0.010310762264570731,-0.0026814167754609687,0.13559322033898302,1.0,0.5677966101694916,1.0270159953719442,0.02395161433720587
2023-12-11,2023-12-12,open,2023-12-13,2023-12-26,2,3,EXECUTED_ON_TIME,open,59,59,0,-0.0021064658465784853,-0.018945172401860666,0.01683870655528218,4.5762711864406784e-05,4.5762711864406784e-05,7.627118644067799e-05,6.101694915254239e-05,0.00022881355932203397,-0.0023352794059005194,0.00031422345968377475,0.15254237288135597,1.0,0.576271186440678,1.0246176260684217,0.023497846874284627
2023-12-12,2023-12-13,open,2023-12-14,2023-12-27,2,3,EXECUTED_ON_TIME,open,59,59,0,-0.005456315523363664,-0.02682761951313395,0.021371303989770284,1.5254237288135584e-05,1.5254237288135584e-05,2.542372881355931e-05,2.033898305084745e-05,7.627118644067793e-05,-0.005532586709804342,-0.0027890979919789633,0.05084745762711862,1.0,0.5254237288135593,1.0189488402078042,0.022867455578963435
2023-12-13,2023-12-14,open,2023-12-15,2023-12-28,2,3,EXECUTED_ON_TIME,open,59,59,0,0.004491437055369178,-0.015300298017497438,0.019791735072866617,2.542372881355932e-05,2.542372881355932e-05,4.23728813559322e-05,3.389830508474576e-05,0.0001271186440677966,0.004364318411301382,0.011922318730528608,0.0847457627118644,1.0,0.5423728813559322,1.0233958573912973,0.022517576693703408
2023-12-14,2023-12-15,open,2023-12-18,2023-12-29,2,3,EXECUTED_ON_TIME,open,59,59,0,0.006010380710170468,0.013419732205485646,-0.007409351495315178,2.542372881355932e-05,2.542372881355932e-05,4.23728813559322e-05,3.389830508474576e-05,0.0001271186440677966,0.005883262066102671,0.01524044160527941,0.0847457627118644,1.0,0.5423728813559322,1.0294167634176943,0.022819756542849394
2023-12-15,2023-12-18,open,2023-12-19,2024-01-02,2,3,EXECUTED_ON_TIME,open,59,59,0,-0.00020326041187710382,0.02915933630722911,-0.029362596719106213,1.5254237288135584e-05,1.5254237288135584e-05,2.542372881355931e-05,2.033898305084745e-05,7.627118644067793e-05,-0.0002795315983177818,0.0013580005458615821,0.05084745762711862,1.0,0.5254237288135593,1.0291290089044811,0.02348516549833143
2023-12-18,2023-12-19,open,2023-12-20,2024-01-03,2,3,EXECUTED_ON_TIME,open,59,59,0,0.005891034810127378,0.016264440742589592,-0.010373405932462214,4.0677966101694904e-05,4.0677966101694904e-05,6.779661016949151e-05,5.4237288135593214e-05,0.00020338983050847455,0.005687644979618904,0.00295780738692181,0.13559322033898302,1.0,0.5677966101694916,1.0349823293453568,0.023867138580908952
2023-12-19,2023-12-20,open,2023-12-21,2024-01-04,2,3,EXECUTED_ON_TIME,open,59,59,0,-0.012461746164631181,0.012203043968027183,-0.024664790132658362,2.542372881355932e-05,2.542372881355932e-05,4.23728813559322e-05,3.389830508474576e-05,0.0001271186440677966,-0.012588864808698978,0.008601590314980997,0.0847457627118644,1.0,0.5423728813559322,1.0219530767218357,0.024158390322402783
2023-12-20,2023-12-21,open,2023-12-22,2024-01-05,2,3,EXECUTED_ON_TIME,open,59,59,0,0.021866103211985635,0.016953042133792673,0.004913061078192962,2.033898305084747e-05,2.033898305084747e-05,3.389830508474578e-05,2.7118644067796627e-05,0.00010169491525423735,0.0217644082967314,0.008811608689506546,0.06779661016949157,1.0,0.5338983050847458,1.0441952807437105,0.024567948531423085
2023-12-21,2023-12-22,open,2023-12-25,2024-01-08,2,3,EXECUTED_ON_TIME,open,59,59,0,-0.002417839817920734,-0.0020609905429307407,-0.00035684927498999324,2.542372881355932e-05,2.542372881355932e-05,4.23728813559322e-05,3.389830508474576e-05,0.0001271186440677966,-0.0025449584619885307,0.005822380995353376,0.0847457627118644,1.0,0.5423728813559322,1.0415378471280132,0.024517314221840614
2023-12-22,2023-12-25,open,2023-12-26,2024-01-09,2,3,EXECUTED_ON_TIME,open,59,59,0,0.012411373981972012,-0.013099290671533481,0.025510664653505495,2.542372881355932e-05,2.542372881355932e-05,4.23728813559322e-05,3.389830508474576e-05,0.0001271186440677966,0.012284255337904216,0.011468238150245686,0.0847457627118644,1.0,0.5423728813559322,1.0543323639862248,0.024196154796363403
2023-12-25,2023-12-26,open,2023-12-27,2024-01-10,2,3,EXECUTED_ON_TIME,open,59,59,0,-0.006234325254320635,-0.01904887165790592,0.012814546403585285,4.0677966101694904e-05,4.0677966101694904e-05,6.779661016949151e-05,5.4237288135593214e-05,0.00020338983050847455,-0.006437715084829109,-0.0018137298924331873,0.13559322033898302,1.0,0.5677966101694916,1.047544872622167,0.023735245349032652
2023-12-26,2023-12-27,open,2023-12-28,2024-01-11,2,3,EXECUTED_ON_TIME,open,59,59,0,0.0059944312502393194,-0.015515218698817224,0.021509649949056544,1.5254237288135584e-05,1.5254237288135584e-05,2.542372881355931e-05,2.033898305084745e-05,7.627118644067793e-05,0.005918160063798641,0.0030951124481336774,0.05084745762711862,1.0,0.5254237288135593,1.0537444108523566,0.023366987826572327
2023-12-27,2023-12-28,open,2023-12-29,2024-01-12,2,3,EXECUTED_ON_TIME,open,59,59,0,0.029820534690460292,-0.015349460374983748,0.045169995065444044,3.0508474576271168e-05,3.0508474576271168e-05,5.084745762711862e-05,4.06779661016949e-05,0.00015254237288135587,0.029667992317578936,0.024837459537048513,0.10169491525423724,1.0,0.5508474576271186,1.085006891938216,0.023008317172845627
2023-12-28,2023-12-29,open,2024-01-02,2024-01-15,2,3,EXECUTED_ON_TIME,open,59,59,0,0.008114402139093617,-0.04133728942698689,0.04945169156608051,2.542372881355932e-05,2.542372881355932e-05,4.23728813559322e-05,3.389830508474576e-05,0.0001271186440677966,0.00798728349502582,5.249200262384679e-05,0.0847457627118644,1.0,0.5423728813559322,1.0936731495781835,0.022057215706643794
2023-12-29,2024-01-02,open,2024-01-03,2024-01-16,2,3,EXECUTED_ON_TIME,open,59,59,0,-0.013238867046134462,-0.04485842905458659,0.03161956200845213,2.542372881355932e-05,2.542372881355932e-05,4.23728813559322e-05,3.389830508474576e-05,0.0001271186440677966,-0.013365985690202259,-0.005101774587880654,0.0847457627118644,1.0,0.5423728813559322,1.079055129911163,0.0210677636607256
2024-01-02,2024-01-03,open,2024-01-04,2024-01-17,2,3,EXECUTED_ON_TIME,open,59,59,0,-0.003316398305109048,-0.02621821140616909,0.022901813101060042,3.559322033898305e-05,3.559322033898305e-05,5.9322033898305094e-05,4.745762711864408e-05,0.0001779661016949153,-0.0034943644068039636,0.00193158169305656,0.11864406779661019,1.0,0.5593220338983051,1.0752845180722224,0.020515404579213487
2024-01-03,2024-01-04,open,2024-01-05,2024-01-18,2,3,EXECUTED_ON_TIME,open,59,59,0,-0.010976294632802218,-0.04762548144144885,0.03664918680864663,3.0508474576271168e-05,3.0508474576271168e-05,5.084745762711862e-05,4.06779661016949e-05,0.00015254237288135587,-0.011128837005683574,-0.006083709314232163,0.10169491525423724,1.0,0.5508474576271186,1.0633178519358617,0.019538348559162342
2024-01-04,2024-01-05,open,2024-01-08,2024-01-19,2,3,EXECUTED_ON_TIME,open,59,59,0,-0.008503215545192724,-0.02396278580890232,0.015459570263709596,2.542372881355932e-05,2.542372881355932e-05,4.23728813559322e-05,3.389830508474576e-05,0.0001271186440677966,-0.00863033418926052,0.0034744282041736553,0.0847457627118644,1.0,0.5423728813559322,1.0541410635242485,0.01907015529757946
2024-01-05,2024-01-08,open,2024-01-09,2024-01-22,2,3,EXECUTED_ON_TIME,open,59,59,0,-0.018015686325572374,-0.018099051798212584,8.336547264021013e-05,3.0508474576271168e-05,3.0508474576271168e-05,5.084745762711862e-05,4.06779661016949e-05,0.00015254237288135587,-0.01816822869845373,-0.01176968140655045,0.10169491525423724,1.0,0.5508474576271186,1.0349891876017088,0.01872500356904861
2024-01-08,2024-01-09,open,2024-01-10,2024-01-23,2,3,EXECUTED_ON_TIME,open,59,59,0,-0.008967408422687322,-0.02381592766987528,0.014848519247187959,2.033898305084747e-05,2.033898305084747e-05,3.389830508474578e-05,2.7118644067796627e-05,0.00010169491525423735,-0.00906910333794156,-0.0011210971431371182,0.06779661016949157,1.0,0.5338983050847458,1.0256027637056968,0.018279050238429993
2024-01-09,2024-01-10,open,2024-01-11,2024-01-24,2,3,EXECUTED_ON_TIME,open,59,59,0,-0.004513012257170675,-0.010881658083127799,0.006368645825957124,3.559322033898305e-05,3.559322033898305e-05,5.9322033898305094e-05,4.745762711864408e-05,0.0001779661016949153,-0.00469097835886559,0.001657876529660333,0.11864406779661019,1.0,0.5593220338983051,1.0207916833363606,0.01808014386365108
2024-01-10,2024-01-11,open,2024-01-12,2024-01-25,2,3,EXECUTED_ON_TIME,open,59,59,0,0.010868695561481031,-0.0002961552635186715,0.011164850824999703,2.542372881355932e-05,2.542372881355932e-05,4.23728813559322e-05,3.389830508474576e-05,0.0001271186440677966,0.010741576917413235,0.0026748149542889805,0.0847457627118644,1.0,0.5423728813559322,1.031756595719574,0.018074789333880684
2024-01-11,2024-01-12,open,2024-01-15,2024-01-26,2,3,EXECUTED_ON_TIME,open,59,59,0,-0.005452215043257074,0.012875880156791641,-0.018328095200048716,3.559322033898305e-05,3.559322033898305e-05,5.9322033898305094e-05,4.745762711864408e-05,0.0001779661016949153,-0.005630181144951989,0.003794711457300288,0.11864406779661019,1.0,0.5593220338983051,1.0259476191881738,0.018307518155202988
2024-01-12,2024-01-15,open,2024-01-16,2024-01-29,2,2,EXECUTED_ON_TIME,open,59,59,0,0.0015401551317171718,0.019966037767006117,-0.018425882635288944,3.0508474576271168e-05,3.0508474576271168e-05,5.084745762711862e-05,4.06779661016949e-05,0.00015254237288135587,0.0013876127588358159,-0.004690376730983486,0.10169491525423724,1.0,0.5508474576271186,1.0273712371944566,0.01867304675410992
2024-01-15,2024-01-16,open,2024-01-17,2024-01-30,2,3,EXECUTED_ON_TIME,open,59,59,0,0.0012344100476598839,0.003461193049745903,-0.0022267830020860193,4.0677966101694904e-05,4.0677966101694904e-05,6.779661016949151e-05,5.4237288135593214e-05,0.00020338983050847455,0.0010310202171514094,-0.0009491983498851205,0.13559322033898302,1.0,0.5677966101694916,1.028430477710524,0.018737677773752823
2024-01-16,2024-01-17,open,2024-01-18,2024-01-31,2,3,EXECUTED_ON_TIME,open,59,59,0,-0.028636529228141062,-0.018108016707893526,-0.010528512520247536,3.0508474576271168e-05,3.0508474576271168e-05,5.084745762711862e-05,4.06779661016949e-05,0.00015254237288135587,-0.02878907160102242,-0.005691695676982859,0.10169491525423724,1.0,0.5508474576271186,0.998822919051042,0.01839837559155858
2024-01-17,2024-01-18,open,2024-01-19,2024-02-01,2,3,EXECUTED_ON_TIME,open,59,59,0,0.004563251567044825,-0.0037420464402025955,0.00830529800724742,4.5762711864406784e-05,4.5762711864406784e-05,7.627118644067799e-05,6.101694915254239e-05,0.00022881355932203397,0.0043344380077227915,-0.012430584685631088,0.15254237288135597,1.0,0.576271186440678,1.0031522550743615,0.018329528015670678
2024-01-18,2024-01-19,open,2024-01-22,2024-02-02,2,3,EXECUTED_ON_TIME,open,59,59,0,-0.01635366953505667,-0.012684136305250893,-0.0036695332298057777,4.0677966101694904e-05,4.0677966101694904e-05,6.779661016949151e-05,5.4237288135593214e-05,0.00020338983050847455,-0.016557059365565147,-0.007762981660558693,0.13559322033898302,1.0,0.5677966101694916,0.9865430036343946,0.018097033783908995
2024-01-19,2024-01-22,open,2024-01-23,2024-02-05,2,3,EXECUTED_ON_TIME,open,59,59,0,-0.03433868471739074,-0.030105726675104028,-0.004232958042286711,3.0508474576271168e-05,3.0508474576271168e-05,5.084745762711862e-05,4.06779661016949e-05,0.00015254237288135587,-0.034491227090272095,-0.004693340309410064,0.10169491525423724,1.0,0.5508474576271186,0.9525159248617217,0.017552209431180507
2024-01-22,2024-01-23,open,2024-01-24,2024-02-06,2,2,EXECUTED_ON_TIME,open,59,59,0,0.025311167275452778,-0.007225336239010116,0.0325365035144629,5.593220338983049e-05,5.593220338983049e-05,9.322033898305082e-05,7.457627118644067e-05,0.0002796610169491525,0.025031506258503627,0.003303848114172298,0.18644067796610164,1.0,0.5932203389830508,0.9763588331962222,0.017425388816302703
2024-01-23,2024-01-24,open,2024-01-25,2024-02-07,2,3,UNEXECUTED_TIMEOUT,open,59,59,0,0.007933595303748955,0.020971306168685366,-0.013037710864936412,4.5762711864406784e-05,4.5762711864406784e-05,7.627118644067799e-05,6.101694915254239e-05,0.00022881355932203397,0.007704781744426921,0.0015981343917215547,0.15254237288135597,1.0,0.576271186440678,0.9838814649102424,0.017790821980277774
2024-01-24,2024-01-25,open,2024-01-26,2024-02-08,2,3,UNEXECUTED_TIMEOUT,open,59,59,0,0.020119203032581707,0.02353635344416083,-0.0034171504115791222,4.5762711864406784e-05,4.5762711864406784e-05,7.627118644067799e-05,6.101694915254239e-05,0.00022881355932203397,0.019890389473259672,0.006073111527551701,0.15254237288135597,1.0,0.576271186440678,1.0034512504428283,0.018209553054467736
2024-01-25,2024-01-26,open,2024-01-29,2024-02-19,2,3,UNEXECUTED_TIMEOUT,open,59,59,0,0.003164648394772722,0.02000362527193289,-0.01683897687716017,3.559322033898305e-05,3.559322033898305e-05,5.9322033898305094e-05,4.745762711864408e-05,0.0001779661016949153,0.0029866822930778064,0.00546535995016033,0.11864406779661019,1.0,0.5593220338983051,1.0064482405244928,0.018573810130138688
2024-01-26,2024-01-29,open,2024-01-30,2024-02-20,2,3,UNEXECUTED_TIMEOUT,open,59,59,0,-0.015166313858588028,0.01792831671460715,-0.03309463057319518,3.559322033898305e-05,3.559322033898305e-05,5.9322033898305094e-05,4.745762711864408e-05,0.0001779661016949153,-0.015344279960282942,0.009688370048015711,0.11864406779661019,1.0,0.5593220338983051,0.9910050169563507,0.018906807280748793
2024-01-29,2024-01-30,open,2024-01-31,2024-02-21,2,3,UNEXECUTED_TIMEOUT,open,59,59,0,-0.005976869401889686,0.032420008173213555,-0.03839687757510324,2.542372881355932e-05,2.542372881355932e-05,4.23728813559322e-05,3.389830508474576e-05,0.0001271186440677966,-0.006103988045957482,0.007310576593652534,0.0847457627118644,1.0,0.5423728813559322,0.9849559341793652,0.019519766127320044
2024-01-30,2024-01-31,open,2024-02-01,2024-02-22,2,3,UNEXECUTED_TIMEOUT,open,59,59,0,0.007417369831982264,0.0677103786024198,-0.06029300877043753,4.0677966101694904e-05,4.0677966101694904e-05,6.779661016949151e-05,5.4237288135593214e-05,0.00020338983050847455,0.00721398000147379,0.020811254102702202,0.13559322033898302,1.0,0.5677966101694916,0.9920613865908682,0.020841456882031574
2024-01-31,2024-02-01,open,2024-02-02,2024-02-23,2,3,UNEXECUTED_TIMEOUT,open,59,59,0,0.037300116881426634,0.09027416921070652,-0.05297405232927989,3.559322033898305e-05,3.559322033898305e-05,5.9322033898305094e-05,4.745762711864408e-05,0.0001779661016949153,0.037122150779731716,0.02111285598627254,0.11864406779661019,1.0,0.5593220338983051,1.0288888389666442,0.022722902087197735
2024-02-01,2024-02-02,open,2024-02-05,2024-02-26,2,3,UNEXECUTED_TIMEOUT,open,59,59,0,0.007649828352799118,0.08250946543543791,-0.07485963708263879,3.0508474576271168e-05,3.0508474576271168e-05,5.084745762711862e-05,4.06779661016949e-05,0.00015254237288135587,0.007497285979917763,0.02305951033645849,0.10169491525423724,1.0,0.5508474576271186,1.0366027128339228,0.024597756591554217
2024-02-02,2024-02-05,open,2024-02-06,2024-02-27,2,3,UNEXECUTED_TIMEOUT,open,59,59,0,0.02643062677522764,0.08716188670301017,-0.06073125992778253,3.0508474576271168e-05,3.0508474576271168e-05,5.084745762711862e-05,4.06779661016949e-05,0.00015254237288135587,0.026278084402346285,0.03113109374689204,0.10169491525423724,1.0,0.5508474576271186,1.0638426464134738,0.026741743464735488
2024-02-05,2024-02-06,open,2024-02-07,2024-02-28,2,3,UNEXECUTED_TIMEOUT,open,59,59,0,0.09002849108245274,0.09876022290244091,-0.008731731819988167,2.542372881355932e-05,2.542372881355932e-05,4.23728813559322e-05,3.389830508474576e-05,0.0001271186440677966,0.08990137243838495,0.03993970020933862,0.0847457627118644,1.0,0.5423728813559322,1.1594835603845286,0.029382764010112656
2024-02-06,2024-02-07,open,2024-02-08,2024-02-29,2,3,UNEXECUTED_TIMEOUT,open,59,59,0,0.05080876954123079,0.03737653630880344,0.01343223323242735,3.0508474576271168e-05,3.0508474576271168e-05,5.084745762711862e-05,4.06779661016949e-05,0.00015254237288135587,0.05065622716834944,0.03555949424103335,0.10169491525423724,1.0,0.5508474576271186,1.218218623017334,0.030480989955989635
2024-02-07,2024-02-08,open,2024-02-19,2024-03-01,2,3,UNEXECUTED_TIMEOUT,open,59,59,0,0.059203276546730535,0.04883146023831797,0.010371816308412565,4.0677966101694904e-05,4.0677966101694904e-05,6.779661016949151e-05,5.4237288135593214e-05,0.00020338983050847455,0.05899988671622206,0.05156412503105421,0.13559322033898302,1.0,0.5677966101694916,1.2900933837709487,0.031969421205050114
2024-02-08,2024-02-19,open,2024-02-20,2024-03-04,2,3,UNEXECUTED_TIMEOUT,open,59,59,0,0.026881304833506533,0.04278390376966579,-0.015902598936159255,3.0508474576271168e-05,3.0508474576271168e-05,5.084745762711862e-05,4.06779661016949e-05,0.00015254237288135587,0.026728762460625177,0.01615969794498367,0.10169491525423724,1.0,0.5508474576271186,1.3245759833777866,0.03333719784545889
2024-02-19,2024-02-20,open,2024-02-21,2024-03-05,2,3,UNEXECUTED_TIMEOUT,open,59,59,0,0.021976567312081384,0.03822228610340739,-0.016245718791326004,4.0677966101694904e-05,4.0677966101694904e-05,6.779661016949151e-05,5.4237288135593214e-05,0.00020338983050847455,0.021773177481572908,0.023662178366303795,0.13559322033898302,1.0,0.5677966101694916,1.3534162113516999,0.03461142175939391
2024-02-20,2024-02-21,open,2024-02-22,2024-03-06,2,3,UNEXECUTED_TIMEOUT,open,59,59,0,0.04210345526199761,0.04901246533556014,-0.006909010073562531,2.033898305084747e-05,2.033898305084747e-05,3.389830508474578e-05,2.7118644067796627e-05,0.00010169491525423735,0.04200176034674337,0.030091731334044226,0.06779661016949157,1.0,0.5338983050847458,1.4102620747102912,0.03630781286859066
2024-02-21,2024-02-22,open,2024-02-23,2024-03-07,2,3,UNEXECUTED_TIMEOUT,open,59,59,0,0.03257053545886975,0.028330152981492995,0.004240382477376757,2.033898305084747e-05,2.033898305084747e-05,3.389830508474578e-05,2.7118644067796627e-05,0.00010169491525423735,0.03246884054361551,0.013890692506261144,0.06779661016949157,1.0,0.5338983050847458,1.456051649138768,0.03733641876158125
2024-02-22,2024-02-23,open,2024-02-26,2024-03-08,2,3,UNEXECUTED_TIMEOUT,open,59,59,0,0.012184971078499494,0.01094537708619936,0.001239593992300135,1.5254237288135584e-05,1.5254237288135584e-05,2.542372881355931e-05,2.033898305084745e-05,7.627118644067793e-05,0.012108699892058816,0.023028207198464795,0.05084745762711862,1.0,0.5254237288135593,1.4736825415855266,0.03774507994397501
2024-02-23,2024-02-26,open,2024-02-27,2024-03-11,1,2,UNEXECUTED_TIMEOUT,open,59,59,0,0.0008703582424575329,0.01732872037441524,-0.01645836213195771,2.542372881355932e-05,2.542372881355932e-05,4.23728813559322e-05,3.389830508474576e-05,0.0001271186440677966,0.0007432395983897363,0.009347551089611236,0.0847457627118644,1.0,0.5423728813559322,1.4747778408058885,0.0383991538798341
2024-02-26,2024-02-27,open,2024-02-28,2024-03-12,1,2,UNEXECUTED_TIMEOUT,open,59,59,0,0.03750661938058276,0.04433973672490987,-0.006833117344327115,2.542372881355932e-05,2.542372881355932e-05,4.23728813559322e-05,3.389830508474576e-05,0.0001271186440677966,0.03737950073651496,0.003264984314351918,0.0847457627118644,1.0,0.5423728813559322,1.5299043001924881,0.04010176225332524
2024-02-27,2024-02-28,open,2024-02-29,2024-03-13,2,2,UNEXECUTED_TIMEOUT,open,59,59,0,-0.025479542972714642,0.027028486559045994,-0.05250802953176063,3.559322033898305e-05,3.559322033898305e-05,5.9322033898305094e-05,4.745762711864408e-05,0.0001779661016949153,-0.025657509074409557,0.0014771067930111036,0.11864406779661019,1.0,0.5593220338983051,1.4906507667273212,0.0411856521953833
2024-02-28,2024-02-29,open,2024-03-01,2024-03-14,1,2,UNEXECUTED_TIMEOUT,open,59,59,0,0.042528374053586226,0.03894559989854263,0.0035827741550436,3.559322033898305e-05,3.559322033898305e-05,5.9322033898305094e-05,4.745762711864408e-05,0.0001779661016949153,0.04235040795189131,0.0088945225162805,0.11864406779661019,1.0,0.5593220338983051,1.5537804348120228,0.042789652127345236
2024-02-29,2024-03-01,open,2024-03-04,2024-03-15,1,2,UNEXECUTED_TIMEOUT,open,59,59,0,0.012357612085745583,0.011336367326977959,0.0010212447587676244,3.0508474576271168e-05,3.0508474576271168e-05,5.084745762711862e-05,4.06779661016949e-05,0.00015254237288135587,0.012205069712864227,-0.003468207024006931,0.10169491525423724,1.0,0.5508474576271186,1.572744433337388,0.043274731341654424
2024-03-01,2024-03-04,open,2024-03-05,2024-03-18,2,2,UNEXECUTED_TIMEOUT,open,59,59,0,-0.008305833286430222,0.010934425664275604,-0.019240258950705826,2.033898305084747e-05,2.033898305084747e-05,3.389830508474578e-05,2.7118644067796627e-05,0.00010169491525423735,-0.00840752820168446,-0.007753769034696515,0.06779661016949157,1.0,0.5338983050847458,1.5595215401600615,0.04374791567465124
2024-03-04,2024-03-05,open,2024-03-06,2024-03-19,2,3,UNEXECUTED_TIMEOUT,open,59,59,0,0.0020616855950511192,0.01939764491211826,-0.01733595931706714,2.033898305084747e-05,2.033898305084747e-05,3.389830508474578e-05,2.7118644067796627e-05,0.00010169491525423735,0.001959990679796882,0.0005783067102951951,0.06779661016949157,1.0,0.5338983050847458,1.5625781878437177,0.04459652220855342
2024-03-05,2024-03-06,open,2024-03-07,2024-03-20,2,3,UNEXECUTED_TIMEOUT,open,59,59,0,0.00023089192345675412,0.0034258091871519625,-0.0031949172636952083,2.542372881355932e-05,2.542372881355932e-05,4.23728813559322e-05,3.389830508474576e-05,0.0001271186440677966,0.00010377327938895751,-0.0012774967142301374,0.0847457627118644,1.0,0.5423728813559322,1.562740341706572,0.044749301384050505
2024-03-06,2024-03-07,open,2024-03-08,2024-03-21,2,3,UNEXECUTED_TIMEOUT,open,59,59,0,-0.012904727417285685,0.012674103696597161,-0.025578831113882844,3.559322033898305e-05,3.559322033898305e-05,5.9322033898305094e-05,4.745762711864408e-05,0.0001779661016949153,-0.0130826935189806,-0.007345379428089712,0.11864406779661019,1.0,0.5593220338983051,1.5422954887662779,0.04531645867014224
2024-03-07,2024-03-08,open,2024-03-11,2024-03-22,2,3,UNEXECUTED_TIMEOUT,open,59,59,0,0.010524912119129523,0.011821050326231264,-0.0012961382071017408,2.542372881355932e-05,2.542372881355932e-05,4.23728813559322e-05,3.389830508474576e-05,0.0001271186440677966,0.010397793475061727,-0.0013629829165399867,0.0847457627118644,1.0,0.5423728813559322,1.558331958735989,0.04585214680868857
2024-03-08,2024-03-11,open,2024-03-12,2024-03-25,2,3,UNEXECUTED_TIMEOUT,open,59,59,0,0.016825948358222893,-0.0026026927110786024,0.019428641069301495,1.5254237288135584e-05,1.5254237288135584e-05,2.542372881355931e-05,2.033898305084745e-05,7.627118644067793e-05,0.016749677171782214,0.007070415759253403,0.05084745762711862,1.0,0.5254237288135593,1.5844335159712877,0.04573280776040229
2024-03-11,2024-03-12,open,2024-03-13,2024-03-26,1,2,UNEXECUTED_TIMEOUT,open,59,59,0,0.005864994669943656,-0.018343626298961024,0.02420862096890468,3.559322033898305e-05,3.559322033898305e-05,5.9322033898305094e-05,4.745762711864408e-05,0.0001779661016949153,0.005687028568248741,0.014231228573086162,0.11864406779661019,1.0,0.5593220338983051,1.593444234641107,0.04489390222524325
2024-03-12,2024-03-13,open,2024-03-14,2024-03-27,2,3,UNEXECUTED_TIMEOUT,open,59,59,0,-0.006979045365407377,-0.015495402458420848,0.00851635709301347,4.5762711864406784e-05,4.5762711864406784e-05,7.627118644067799e-05,6.101694915254239e-05,0.00022881355932203397,-0.00720785892472941,6.602033561770027e-05,0.15254237288135597,1.0,0.576271186440678,1.5819589133933905,0.04419825314233411
2024-03-13,2024-03-14,open,2024-03-15,2024-03-28,2,3,UNEXECUTED_TIMEOUT,open,59,59,0,-0.015455999538721987,-0.020523888729149564,0.005067889190427577,3.0508474576271168e-05,3.0508474576271168e-05,5.084745762711862e-05,4.06779661016949e-05,0.00015254237288135587,-0.015608541911603343,-0.017078503186126557,0.10169491525423724,1.0,0.5508474576271186,1.5572668413912554,0.043291133112818056
2024-03-14,2024-03-15,open,2024-03-18,2024-03-29,2,3,UNEXECUTED_TIMEOUT,open,59,59,0,0.008455145880089401,-0.010696201053923549,0.01915134693401295,1.0169491525423734e-05,1.0169491525423734e-05,1.694915254237289e-05,1.3559322033898314e-05,5.084745762711868e-05,0.008404298422462283,-0.015401287234332432,0.03389830508474578,1.0,0.5169491525423728,1.570354576649713,0.04282808244919119
2024-03-15,2024-03-18,open,2024-03-19,2024-04-01,2,3,UNEXECUTED_TIMEOUT,open,59,59,0,0.010509176473575023,-0.007121498796775927,0.01763067527035095,2.542372881355932e-05,2.542372881355932e-05,4.23728813559322e-05,3.389830508474576e-05,0.0001271186440677966,0.010382057829507227,-0.00011409964549597904,0.0847457627118644,1.0,0.5423728813559322,1.5866580886773216,0.04252308231156105
2024-03-18,2024-03-19,open,2024-03-20,2024-04-02,2,3,UNEXECUTED_TIMEOUT,open,59,59,0,-0.007337790445986735,-3.311682167572716e-05,-0.007304673624311008,2.542372881355932e-05,2.542372881355932e-05,4.23728813559322e-05,3.389830508474576e-05,0.0001271186440677966,-0.007464909090054531,0.00165999265268076,0.0847457627118644,1.0,0.5423728813559322,1.5748138302883459,0.04252167408222704
2024-03-19,2024-03-20,open,2024-03-21,2024-04-03,1,2,UNEXECUTED_TIMEOUT,open,59,59,0,0.003262902953882275,0.0027931614619935985,0.0004697414918886766,3.0508474576271168e-05,3.0508474576271168e-05,5.084745762711862e-05,4.06779661016949e-05,0.00015254237288135587,0.003110360581000919,-0.0058594158294699335,0.10169491525423724,1.0,0.5508474576271186,1.57971206914849,0.042640443983572966
2024-03-20,2024-03-21,open,2024-03-22,2024-04-08,2,3,UNEXECUTED_TIMEOUT,open,59,59,0,-0.014989534760552798,-0.010997559190330408,-0.00399197557022239,2.542372881355932e-05,2.542372881355932e-05,4.23728813559322e-05,3.389830508474576e-05,0.0001271186440677966,-0.015116653404620595,-0.004097675051982953,0.0847457627118644,1.0,0.5423728813559322,1.5558321093200764,0.04217150317696165
2024-03-21,2024-03-22,open,2024-03-25,2024-04-09,2,3,UNEXECUTED_TIMEOUT,open,59,59,0,-0.01607371606704368,-0.010609379173930567,-0.005464336893113115,1.5254237288135584e-05,1.5254237288135584e-05,2.542372881355931e-05,2.033898305084745e-05,7.627118644067793e-05,-0.01614998725348436,-0.01027541133901633,0.05084745762711862,1.0,0.5254237288135593,1.5307054405859954,0.04172408970942265
2024-03-22,2024-03-25,open,2024-03-26,2024-04-10,2,3,UNEXECUTED_TIMEOUT,open,59,59,0,-0.013414107894896141,-0.0021901686141430066,-0.011223939280753135,2.033898305084747e-05,2.033898305084747e-05,3.389830508474578e-05,2.7118644067796627e-05,0.00010169491525423735,-0.01351580281015038,-0.004062578054862929,0.06779661016949157,1.0,0.5338983050847458,1.5100167276906107,0.04163270691768739
2024-03-25,2024-03-26,open,2024-03-27,2024-04-11,2,3,UNEXECUTED_TIMEOUT,open,59,59,0,-0.002420441207258156,-0.011810818213833785,0.009390377006575629,2.542372881355932e-05,2.542372881355932e-05,4.23728813559322e-05,3.389830508474576e-05,0.0001271186440677966,-0.002547559851325953,0.00405454744077095,0.0847457627118644,1.0,0.5423728813559322,1.5061698697003154,0.041140990584532765
2024-03-26,2024-03-27,open,2024-03-28,2024-04-12,2,3,UNEXECUTED_TIMEOUT,open,59,59,0,-0.023212975642412117,-0.009318047974354648,-0.013894927668057468,2.033898305084747e-05,2.033898305084747e-05,3.389830508474578e-05,2.7118644067796627e-05,0.00010169491525423735,-0.023314670557666353,-0.009265783908239093,0.06779661016949157,1.0,0.5338983050847458,1.4710540153843694,0.040757636860553614
2024-03-27,2024-03-28,open,2024-03-29,2024-04-15,2,3,UNEXECUTED_TIMEOUT,open,59,59,0,0.014806066034665085,-0.007139382166322372,0.021945448200987455,3.559322033898305e-05,3.559322033898305e-05,5.9322033898305094e-05,4.745762711864408e-05,0.0001779661016949153,0.01462809993297017,0.003104149662336901,0.11864406779661019,1.0,0.5593220338983051,1.492572740528209,0.040466652514809937
2024-03-28,2024-03-29,open,2024-04-01,2024-04-16,2,3,UNEXECUTED_TIMEOUT,open,59,59,0,0.004615660198268365,0.004686252002128022,-7.059180385965685e-05,3.559322033898305e-05,3.559322033898305e-05,5.9322033898305094e-05,4.745762711864408e-05,0.0001779661016949153,0.00443769409657345,-0.013815985865165886,0.11864406779661019,1.0,0.5593220338983051,1.4991963217675572,0.040656289446176885
2024-03-29,2024-04-01,open,2024-04-02,2024-04-17,2,3,UNEXECUTED_TIMEOUT,open,59,59,0,0.012095155087347664,-0.01195242007646169,0.024047575163809353,3.0508474576271168e-05,3.0508474576271168e-05,5.084745762711862e-05,4.06779661016949e-05,0.00015254237288135587,0.011942612714466307,0.004846665775958586,0.10169491525423724,1.0,0.5508474576271186,1.5171006428213798,0.04017034839596596
2024-04-01,2024-04-02,open,2024-04-03,2024-04-18,2,3,UNEXECUTED_TIMEOUT,open,59,59,0,-0.010358245895300476,-0.011873747815678404,0.0015155019203779273,4.0677966101694904e-05,4.0677966101694904e-05,6.779661016949151e-05,5.4237288135593214e-05,0.00020338983050847455,-0.010561635725808951,-0.0004476965191399316,0.13559322033898302,1.0,0.5677966101694916,1.5010775784725099,0.03969337580944432
2024-04-02,2024-04-03,open,2024-04-08,2024-04-19,2,3,UNEXECUTED_TIMEOUT,open,59,59,0,-0.010386939898222902,-0.007845062598430097,-0.002541877299792805,1.0169491525423734e-05,1.0169491525423734e-05,1.694915254237289e-05,1.3559322033898314e-05,5.084745762711868e-05,-0.01043778735585002,-0.00021006496009046832,0.03389830508474578,1.0,0.5169491525423728,1.4854096499037797,0.039381978791476216
2024-04-03,2024-04-08,open,2024-04-09,2024-04-22,2,3,UNEXECUTED_TIMEOUT,open,59,59,0,-0.011838886684934227,-0.004888344207420348,-0.00695054247751388,3.559322033898305e-05,3.559322033898305e-05,5.9322033898305094e-05,4.745762711864408e-05,0.0001779661016949153,-0.012016852786629142,-0.010729840409066648,0.11864406779661019,1.0,0.5593220338983051,1.4675597008130477,0.03918946612357415
2024-04-08,2024-04-09,open,2024-04-10,2024-04-23,2,3,UNEXECUTED_TIMEOUT,open,59,59,0,0.00933920071371432,-0.002184024667563844,0.011523225381278163,1.0169491525423734e-05,1.0169491525423734e-05,1.694915254237289e-05,1.3559322033898314e-05,5.084745762711868e-05,0.009288353256087201,0.018168156611138027,0.03389830508474578,1.0,0.5169491525423728,1.481190913738597,0.039103875362851606
2024-04-09,2024-04-10,open,2024-04-11,2024-04-24,3,3,UNEXECUTED_TIMEOUT,open,59,59,0,-0.00650600928713837,-0.0042383495684856776,-0.002267659718652692,3.0508474576271168e-05,3.0508474576271168e-05,5.084745762711862e-05,4.06779661016949e-05,0.00015254237288135587,-0.006658551660019725,0.007116013782310812,0.10169491525423724,1.0,0.5508474576271186,1.4713283275211169,0.03893813946958135
2024-04-10,2024-04-11,open,2024-04-12,2024-04-25,2,3,UNEXECUTED_TIMEOUT,open,59,59,0,0.010847782941423642,0.0073488628071674,0.0034989201342562424,2.542372881355932e-05,2.542372881355932e-05,4.23728813559322e-05,3.389830508474576e-05,0.0001271186440677966,0.010720664297355846,-0.006114004533768478,0.0847457627118644,1.0,0.5423728813559322,1.487101944591661,0.03922429051450965
2024-04-11,2024-04-12,open,2024-04-15,2024-04-26,2,3,UNEXECUTED_TIMEOUT,open,59,59,0,0.008730723499786364,0.00747771518220075,0.001253008317585614,2.033898305084747e-05,2.033898305084747e-05,3.389830508474578e-05,2.7118644067796627e-05,0.00010169491525423735,0.008629028584532126,0.005876609777130562,0.06779661016949157,1.0,0.5338983050847458,1.4999341897796556,0.03951759858720105
2024-04-12,2024-04-15,open,2024-04-16,2024-04-29,2,3,UNEXECUTED_TIMEOUT,open,59,59,0,0.01988485622220239,0.03196713406199203,-0.01208227783978964,2.033898305084747e-05,2.033898305084747e-05,3.389830508474578e-05,2.7118644067796627e-05,0.00010169491525423735,0.019783161306948155,0.009792911124982873,0.06779661016949157,1.0,0.5338983050847458,1.5296076298058732,0.040780862959046094
2024-04-15,2024-04-16,open,2024-04-17,2024-04-30,2,3,UNEXECUTED_TIMEOUT,open,59,59,0,0.0004855405252526652,0.024309694670574533,-0.02382415414532187,3.0508474576271168e-05,3.0508474576271168e-05,5.084745762711862e-05,4.06779661016949e-05,0.00015254237288135587,0.00033299815237130935,0.011664738530500157,0.10169491525423724,1.0,0.5508474576271186,1.5301169863204513,0.04177223328598305
2024-04-16,2024-04-17,open,2024-04-18,2024-05-06,2,3,UNEXECUTED_TIMEOUT,open,59,59,0,0.030260453483281474,0.04129710709087031,-0.011036653607588837,3.0508474576271168e-05,3.0508474576271168e-05,5.084745762711862e-05,4.06779661016949e-05,0.00015254237288135587,0.030107911110400117,0.014706497886826748,0.10169491525423724,1.0,0.5508474576271186,1.5761856125331009,0.04349730567741911
2024-04-17,2024-04-18,open,2024-04-19,2024-05-07,2,3,UNEXECUTED_TIMEOUT,open,59,59,0,0.005938465159053958,0.02997981161260377,-0.02404134645354981,2.542372881355932e-05,2.542372881355932e-05,4.23728813559322e-05,3.389830508474576e-05,0.0001271186440677966,0.005811346514986162,0.00854439424428443,0.0847457627118644,1.0,0.5423728813559322,1.5853453732994667,0.04480134670728397
2024-04-18,2024-04-19,open,2024-04-22,2024-05-08,2,3,UNEXECUTED_TIMEOUT,open,59,59,0,-0.0027337029310103636,0.028203330752555544,-0.030937033683565908,2.542372881355932e-05,2.542372881355932e-05,4.23728813559322e-05,3.389830508474576e-05,0.0001271186440677966,-0.0028608215750781604,0.017179782845747418,0.0847457627118644,1.0,0.5423728813559322,1.5808099830515812,0.04606489390662942
2024-04-19,2024-04-22,open,2024-04-23,2024-05-09,2,3,UNEXECUTED_TIMEOUT,open,59,59,0,0.009171287692130001,0.026647369028308443,-0.017476081336178444,2.542372881355932e-05,2.542372881355932e-05,4.23728813559322e-05,3.389830508474576e-05,0.0001271186440677966,0.009044169048062205,0.008290605356263055,0.0847457627118644,1.0,0.5423728813559322,1.5951070957711642,0.04729240213380925
2024-04-22,2024-04-23,open,2024-04-24,2024-05-10,2,3,UNEXECUTED_TIMEOUT,open,59,59,0,-0.0026198290241577766,0.04067853240861008,-0.04329836143276786,3.0508474576271168e-05,3.0508474576271168e-05,5.084745762711862e-05,4.06779661016949e-05,0.00015254237288135587,-0.0027723713970391325,0.004370905566154404,0.10169491525423724,1.0,0.5508474576271186,1.590684866483634,0.04921618764669043
2024-04-23,2024-04-24,open,2024-04-25,2024-05-13,2,3,UNEXECUTED_TIMEOUT,open,59,59,0,0.009989532605898783,0.03766009838899209,-0.027670565783093307,3.559322033898305e-05,3.559322033898305e-05,5.9322033898305094e-05,4.745762711864408e-05,0.0001779661016949153,0.009811566504203869,0.0017485095787424017,0.11864406779661019,1.0,0.5593220338983051,1.6062919768383686,0.05106967411579589
2024-04-24,2024-04-25,open,2024-04-26,2024-05-14,2,3,UNEXECUTED_TIMEOUT,open,59,59,0,0.004763814745378647,0.044887826721053736,-0.04012401197567509,2.542372881355932e-05,2.542372881355932e-05,4.23728813559322e-05,3.389830508474576e-05,0.0001271186440677966,0.00463669610131085,-0.008522154978271235,0.0847457627118644,1.0,0.5423728813559322,1.613739864584942,0.05336208079820642
2024-04-25,2024-04-26,open,2024-04-29,2024-05-15,2,3,UNEXECUTED_TIMEOUT,open,59,59,0,0.01810164860016171,0.033717491537996525,-0.015615842937834815,2.542372881355932e-05,2.542372881355932e-05,4.23728813559322e-05,3.389830508474576e-05,0.0001271186440677966,0.017974529956093912,-0.007958815614279188,0.0847457627118644,1.0,0.5423728813559322,1.6427460801222666,0.05516131630596983
2024-04-26,2024-04-29,open,2024-04-30,2024-05-16,2,3,UNEXECUTED_TIMEOUT,open,59,59,0,0.019201187495749453,0.014522911288830986,0.004678276206918467,3.559322033898305e-05,3.559322033898305e-05,5.9322033898305094e-05,4.745762711864408e-05,0.0001779661016949153,0.01902322139405454,0.012192559158268201,0.11864406779661019,1.0,0.5593220338983051,1.6739964024986476,0.05596241920925658
2024-04-29,2024-04-30,open,2024-05-06,2024-05-17,2,3,UNEXECUTED_TIMEOUT,open,59,59,0,0.006568995383988627,0.005333135871182559,0.0012358595128060673,3.559322033898305e-05,3.559322033898305e-05,5.9322033898305094e-05,4.745762711864408e-05,0.0001779661016949153,0.006391029282293711,-0.004526878834524243,0.11864406779661019,1.0,0.5593220338983051,1.6846949625254708,0.05626087439457962
2024-04-30,2024-05-06,open,2024-05-07,2024-05-20,2,3,UNEXECUTED_TIMEOUT,open,59,59,0,0.0025661240476201764,0.007666290189321412,-0.0051001661417012355,3.559322033898305e-05,3.559322033898305e-05,5.9322033898305094e-05,4.745762711864408e-05,0.0001779661016949153,0.002388157945925261,0.003334425770191088,0.11864406779661019,1.0,0.5593220338983051,1.6887182801866862,0.05669218658399343
2024-05-06,2024-05-07,open,2024-05-08,2024-05-21,2,3,UNEXECUTED_TIMEOUT,open,59,59,0,0.0010969372208939013,0.0069144088284360805,-0.005817471607542179,4.0677966101694904e-05,4.0677966101694904e-05,6.779661016949151e-05,5.4237288135593214e-05,0.00020338983050847455,0.0008935473903854269,0.009820008311317923,0.13559322033898302,1.0,0.5677966101694916,1.6902272299990433,0.05708417953941314
2024-05-07,2024-05-08,open,2024-05-09,2024-05-22,1,2,UNEXECUTED_TIMEOUT,open,59,59,0,-0.005733414948013923,0.006820246152295262,-0.012553661100309185,3.559322033898305e-05,3.559322033898305e-05,5.9322033898305094e-05,4.745762711864408e-05,0.0001779661016949153,-0.005911381049708838,-0.00015511227928512866,0.11864406779661019,1.0,0.5593220338983051,1.680235652781925,0.057473507695273755
2024-05-08,2024-05-09,open,2024-05-10,2024-05-23,2,3,UNEXECUTED_TIMEOUT,open,59,59,0,0.016494281687828568,0.011686270491464645,0.004808011196363923,3.559322033898305e-05,3.559322033898305e-05,5.9322033898305094e-05,4.745762711864408e-05,0.0001779661016949153,0.016316315586133653,0.005621814436294259,0.11864406779661019,1.0,0.5593220338983051,1.7076509079517883,0.058145158652294
2024-05-09,2024-05-10,open,2024-05-13,2024-05-24,2,3,UNEXECUTED_TIMEOUT,open,59,59,0,-0.007976446567857365,-0.010427662249491432,0.0024512156816340665,2.033898305084747e-05,2.033898305084747e-05,3.389830508474578e-05,2.7118644067796627e-05,0.00010169491525423735,-0.008078141483111603,0.002823536957243659,0.06779661016949157,1.0,0.5338983050847458,1.6938562623135898,0.057538840576424784
2024-05-10,2024-05-13,open,2024-05-14,2024-05-27,2,3,EXECUTED_ON_TIME,open,59,59,0,0.005872095174992951,-0.010888699902285914,0.016760795077278866,2.542372881355932e-05,2.542372881355932e-05,4.23728813559322e-05,3.389830508474576e-05,0.0001271186440677966,0.005744976530925154,-0.007670324488763202,0.0847457627118644,1.0,0.5423728813559322,1.703587426787342,0.05691231740866262
2024-05-13,2024-05-14,open,2024-05-15,2024-05-28,2,3,EXECUTED_ON_TIME,open,59,59,0,-0.0017821532098540626,-0.00953349371971457,0.007751340509860507,4.0677966101694904e-05,4.0677966101694904e-05,6.779661016949151e-05,5.4237288135593214e-05,0.00020338983050847455,-0.0019855430403625373,0.0002899708561927936,0.13559322033898302,1.0,0.5677966101694916,1.7002048806284353,0.05636974418807274
2024-05-14,2024-05-15,open,2024-05-16,2024-05-29,2,3,UNEXECUTED_TIMEOUT,open,59,59,0,-0.007170821551727949,-0.011498871284839951,0.004328049733112002,2.542372881355932e-05,2.542372881355932e-05,4.23728813559322e-05,3.389830508474576e-05,0.0001271186440677966,-0.007297940195795745,-0.006963258587984956,0.0847457627118644,1.0,0.5423728813559322,1.687796887089009,0.055721555755294735
2024-05-15,2024-05-16,open,2024-05-17,2024-05-30,3,3,UNEXECUTED_TIMEOUT,open,59,59,0,-0.0033714633501817463,-0.008125444611602917,0.00475398126142117,2.033898305084747e-05,2.033898305084747e-05,3.389830508474578e-05,2.7118644067796627e-05,0.00010169491525423735,-0.0034731582654359836,0.004432031493062711,0.06779661016949157,1.0,0.5338983050847458,1.6819349013802385,0.055268793340332745
2024-05-16,2024-05-17,open,2024-05-20,2024-05-31,3,3,UNEXECUTED_TIMEOUT,open,59,59,0,0.013458591619025588,-0.010647341077970052,0.02410593269699564,3.0508474576271168e-05,3.0508474576271168e-05,5.084745762711862e-05,4.06779661016949e-05,0.00015254237288135587,0.013306049246144232,0.006792720586120951,0.10169491525423724,1.0,0.5508474576271186,1.7043148100068128,0.054680327646670385
2024-05-17,2024-05-20,open,2024-05-21,2024-06-03,3,3,UNEXECUTED_TIMEOUT,open,59,59,0,0.0016891247837048312,-0.02843026543279281,0.030119390216497642,3.0508474576271168e-05,3.0508474576271168e-05,5.084745762711862e-05,4.06779661016949e-05,0.00015254237288135587,0.0015365824108234754,-0.004867346780709,0.10169491525423724,1.0,0.5508474576271186,1.7069336301663753,0.053125751417723466
2024-05-20,2024-05-21,open,2024-05-22,2024-06-04,3,3,UNEXECUTED_TIMEOUT,open,59,59,0,-0.006086503775598723,-0.02674343417555447,0.020656930399955746,2.542372881355932e-05,2.542372881355932e-05,4.23728813559322e-05,3.389830508474576e-05,0.0001271186440677966,-0.00621362241966652,-0.00311934005871859,0.0847457627118644,1.0,0.5423728813559322,1.6963273890930908,0.05170498638165671
2024-05-21,2024-05-22,open,2024-05-23,2024-06-05,3,3,UNEXECUTED_TIMEOUT,open,59,59,0,-0.004829221204474689,-0.017762042981820603,0.012932821777345914,3.559322033898305e-05,3.559322033898305e-05,5.9322033898305094e-05,4.745762711864408e-05,0.0001779661016949153,-0.005007187306169604,-0.0005805104817537283,0.11864406779661019,1.0,0.5593220338983051,1.687833560123316,0.050786600191171274
2024-05-22,2024-05-23,open,2024-05-24,2024-06-06,3,3,UNEXECUTED_TIMEOUT,open,59,59,0,-0.020444826804939704,-0.019245325143485648,-0.0011995016614540568,2.033898305084747e-05,2.033898305084747e-05,3.389830508474578e-05,2.7118644067796627e-05,0.00010169491525423735,-0.02054652172019394,-0.009777660871110774,0.06779661016949157,1.0,0.5338983050847458,1.6531544512201701,0.04980919555755997
2024-05-23,2024-05-24,open,2024-05-27,2024-06-07,3,3,UNEXECUTED_TIMEOUT,open,59,59,0,-0.010964812507407943,-0.009968252411916123,-0.0009965600954918198,2.542372881355932e-05,2.542372881355932e-05,4.23728813559322e-05,3.389830508474576e-05,0.0001271186440677966,-0.01109193115147574,-0.0006133090407304271,0.0847457627118644,1.0,0.5423728813559322,1.6348177758644802,0.04931268492380772
2024-05-24,2024-05-27,open,2024-05-28,2024-06-11,3,4,UNEXECUTED_TIMEOUT,open,59,59,0,0.0020861401241463054,-0.014092321257013096,0.0161784613811594,4.0677966101694904e-05,4.0677966101694904e-05,6.779661016949151e-05,5.4237288135593214e-05,0.00020338983050847455,0.001882750293637831,-0.010671991066787918,0.13559322033898302,1.0,0.5677966101694916,1.6378957295120333,0.04861775472581555
2024-05-27,2024-05-28,open,2024-05-29,2024-06-12,2,3,UNEXECUTED_TIMEOUT,open,59,59,0,-0.006097846970971834,-0.025915886970743096,0.01981803999977126,4.5762711864406784e-05,4.5762711864406784e-05,7.627118644067799e-05,6.101694915254239e-05,0.00022881355932203397,-0.006326660530293867,0.0003094932633625662,0.15254237288135597,1.0,0.576271186440678,1.6275333192473926,0.047357782489570004
2024-05-28,2024-05-29,open,2024-05-30,2024-06-13,3,3,DELAYED_LIMIT_DOWN,open,59,59,0,0.005132001947330155,-0.016861679917075656,0.021993681864405812,4.0677966101694904e-05,4.0677966101694904e-05,6.779661016949151e-05,5.4237288135593214e-05,0.00020338983050847455,0.0049286121168216806,0.007579351510576037,0.13559322033898302,1.0,0.5677966101694916,1.6355547996851665,0.046559250719648386
2024-05-29,2024-05-30,open,2024-05-31,2024-06-14,3,3,DELAYED_LIMIT_DOWN,open,59,59,0,0.007366890010963181,-0.025575456078814507,0.03294234608977769,3.0508474576271168e-05,3.0508474576271168e-05,5.084745762711862e-05,4.06779661016949e-05,0.00015254237288135587,0.007214347638081825,0.007553205672201264,0.10169491525423724,1.0,0.5508474576271186,1.6473542605912288,0.04536847664780551
2024-05-30,2024-05-31,open,2024-06-03,2024-06-17,2,3,EXECUTED_ON_TIME,open,59,59,0,-0.0009905993647674814,-0.021774144262768802,0.02078354489800132,4.5762711864406784e-05,4.5762711864406784e-05,7.627118644067799e-05,6.101694915254239e-05,0.00022881355932203397,-0.0012194129240895154,0.004325283903178994,0.15254237288135597,1.0,0.576271186440678,1.6453454555153098,0.04438061689229413
2024-05-31,2024-06-03,open,2024-06-04,2024-06-18,3,3,EXECUTED_ON_TIME,open,59,59,0,-0.0019352815663869418,-0.012269314414459775,0.010334032848072834,4.5762711864406784e-05,4.5762711864406784e-05,7.627118644067799e-05,6.101694915254239e-05,0.00022881355932203397,-0.0021640951257089758,-0.010227172341238737,0.15254237288135597,1.0,0.576271186440678,1.6417847714349219,0.04383609714973489
2024-06-03,2024-06-04,open,2024-06-05,2024-06-19,2,3,EXECUTED_ON_TIME,open,59,59,0,0.004210039182285885,-0.011286870676737837,0.015496909859023722,4.0677966101694904e-05,4.0677966101694904e-05,6.779661016949151e-05,5.4237288135593214e-05,0.00020338983050847455,0.00400664935177741,-0.00748571270539013,0.13559322033898302,1.0,0.5677966101694916,1.6483628273251496,0.043341324790232914
2024-06-04,2024-06-05,open,2024-06-06,2024-06-20,2,3,EXECUTED_ON_TIME,open,59,59,0,-6.067074516477165e-05,-0.023596261868622626,0.023535591123457853,2.033898305084747e-05,2.033898305084747e-05,3.389830508474578e-05,2.7118644067796627e-05,0.00010169491525423735,-0.000162365660419009,0.001953630914269125,0.06779661016949157,1.0,0.5338983050847458,1.6480951898060807,0.04231863154074955
2024-06-05,2024-06-06,open,2024-06-07,2024-06-21,2,3,EXECUTED_ON_TIME,open,59,59,0,-0.010062133590646487,-0.029374638237388506,0.01931250464674202,4.0677966101694904e-05,4.0677966101694904e-05,6.779661016949151e-05,5.4237288135593214e-05,0.00020338983050847455,-0.010265523421154962,-0.0075621417325038645,0.13559322033898302,1.0,0.5677966101694916,1.6311766300348336,0.041075537048538696
2024-06-06,2024-06-07,open,2024-06-11,2024-06-24,2,3,EXECUTED_ON_TIME,open,59,59,0,-0.011815897759227395,-0.03365989416446846,0.021843996405241067,3.559322033898305e-05,3.559322033898305e-05,5.9322033898305094e-05,4.745762711864408e-05,0.0001779661016949153,-0.01199386386092231,-0.0033851234312915306,0.11864406779661019,1.0,0.5593220338983051,1.6116125196010778,0.03969293881873618
2024-06-07,2024-06-11,open,2024-06-12,2024-06-25,2,3,EXECUTED_ON_TIME,open,59,59,0,0.002889832115714343,-0.022682256886528807,0.02557208900224315,3.0508474576271168e-05,3.0508474576271168e-05,5.084745762711862e-05,4.06779661016949e-05,0.00015254237288135587,0.002737289742832987,0.0008092539391706026,0.10169491525423724,1.0,0.5508474576271186,1.616023970020403,0.038792613383868337
2024-06-11,2024-06-12,open,2024-06-13,2024-06-26,2,3,EXECUTED_ON_TIME,open,59,59,0,0.0046634810862771795,-0.0247396580199174,0.02940313910619458,3.0508474576271168e-05,3.0508474576271168e-05,5.084745762711862e-05,4.06779661016949e-05,0.00015254237288135587,0.004510938713395824,-0.0016585934920570452,0.10169491525423724,1.0,0.5508474576271186,1.623313755108544,0.037832897395052564
2024-06-12,2024-06-13,open,2024-06-14,2024-06-27,2,3,EXECUTED_ON_TIME,open,59,59,0,-0.010175890868797327,-0.022807799750635183,0.012631908881837855,3.559322033898305e-05,3.559322033898305e-05,5.9322033898305094e-05,4.745762711864408e-05,0.0001779661016949153,-0.010353856970492242,-0.0054283650235978816,0.11864406779661019,1.0,0.5593220338983051,1.6065061966699172,0.03697001224727988
2024-06-13,2024-06-14,open,2024-06-17,2024-06-28,2,3,EXECUTED_ON_TIME,open,59,59,0,0.0019785330736830707,-0.0202361443040856,0.022214677377768673,4.5762711864406784e-05,4.5762711864406784e-05,7.627118644067799e-05,6.101694915254239e-05,0.00022881355932203397,0.0017497195143610367,-0.0003376318353910694,0.15254237288135597,1.0,0.576271186440678,1.6093171319121724,0.03622188174452011
2024-06-14,2024-06-17,open,2024-06-18,2024-07-01,2,3,UNEXECUTED_TIMEOUT,open,59,59,0,0.005754850485120701,-0.017939551382006758,0.023694401867127457,3.559322033898305e-05,3.559322033898305e-05,5.9322033898305094e-05,4.745762711864408e-05,0.0001779661016949153,0.005576884383425786,-0.0028336946799693286,0.11864406779661019,1.0,0.5593220338983051,1.6182921074931131,0.03557207743581132
2024-06-17,2024-06-18,open,2024-06-19,2024-07-02,2,3,EXECUTED_ON_TIME,open,59,59,0,0.004226089121836156,-0.01727330048948794,0.021499389611324096,5.084745762711864e-05,5.084745762711864e-05,8.47457627118644e-05,6.779661016949152e-05,0.0002542372881355932,0.003971851833700563,-0.0016532422804642023,0.1694915254237288,1.0,0.5847457627118644,1.624719723967723,0.03495763025322721
2024-06-18,2024-06-19,open,2024-06-20,2024-07-03,2,3,EXECUTED_ON_TIME,open,59,59,0,-0.011935310568105572,-0.020264381829675826,0.008329071261570254,2.542372881355932e-05,2.542372881355932e-05,4.23728813559322e-05,3.389830508474576e-05,0.0001271186440677966,-0.012062429212173369,-0.003046878046112351,0.0847457627118644,1.0,0.5423728813559322,1.6051216573077405,0.03424923548591519
2024-06-19,2024-06-20,open,2024-06-21,2024-07-04,2,3,EXECUTED_ON_TIME,open,59,59,0,-0.014935164565101956,-0.016133410908810375,0.0011982463437084194,3.0508474576271168e-05,3.0508474576271168e-05,5.084745762711862e-05,4.06779661016949e-05,0.00015254237288135587,-0.015087706937983312,-0.009349979321487734,0.10169491525423724,1.0,0.5508474576271186,1.580904052142471,0.033696678496508314
2024-06-20,2024-06-21,open,2024-06-24,2024-07-05,2,3,EXECUTED_ON_TIME,open,59,59,0,-0.007506803062481628,-0.015154119604398053,0.007647316541916425,2.542372881355932e-05,2.542372881355932e-05,4.23728813559322e-05,3.389830508474576e-05,0.0001271186440677966,-0.007633921706549424,-0.00860301322776734,0.0847457627118644,1.0,0.5423728813559322,1.5688355543828487,0.03318603500030128
2024-06-21,2024-06-24,open,2024-06-25,2024-07-08,2,3,EXECUTED_ON_TIME,open,59,59,0,-0.011522019578010969,-0.015210561604127593,0.003688542026116624,2.033898305084747e-05,2.033898305084747e-05,3.389830508474578e-05,2.7118644067796627e-05,0.00010169491525423735,-0.011623714493265207,-0.0045998206821272645,0.06779661016949157,1.0,0.5338983050847458,1.5505998578118192,0.03268125677053246
2024-06-24,2024-06-25,open,2024-06-26,2024-07-09,2,3,EXECUTED_ON_TIME,open,59,59,0,-0.008763585459090244,-0.02254885739238277,0.013785271933292527,2.033898305084747e-05,2.033898305084747e-05,3.389830508474578e-05,2.7118644067796627e-05,0.00010169491525423735,-0.008865280374344482,-0.0021406519534811347,0.06779661016949157,1.0,0.5338983050847458,1.5368533553238986,0.031944331772209886
2024-06-25,2024-06-26,open,2024-06-27,2024-07-10,2,3,EXECUTED_ON_TIME,open,59,59,0,0.014548395574690107,-0.007433495608770491,0.021981891183460597,1.0169491525423734e-05,1.0169491525423734e-05,1.694915254237289e-05,1.3559322033898314e-05,5.084745762711868e-05,0.014497548117062989,0.011243726932291429,0.03389830508474578,1.0,0.5169491525423728,1.5591339607915766,0.03170687372225606
2024-06-26,2024-06-27,open,2024-06-28,2024-07-11,2,3,EXECUTED_ON_TIME,open,59,59,0,-0.0067176596914032,-0.00468521660582677,-0.0020324430855764306,3.0508474576271168e-05,3.0508474576271168e-05,5.084745762711862e-05,4.06779661016949e-05,0.00015254237288135587,-0.006870202064284556,0.0018735239919682603,0.10169491525423724,1.0,0.5508474576271186,1.5484223954356502,0.03155832015097369
2024-06-27,2024-06-28,open,2024-07-01,2024-07-12,2,3,UNEXECUTED_TIMEOUT,open,59,59,0,0.010275272756766228,0.004728089824995063,0.005547182931771165,2.542372881355932e-05,2.542372881355932e-05,4.23728813559322e-05,3.389830508474576e-05,0.0001271186440677966,0.010148154112698432,0.0007275377362428986,0.0847457627118644,1.0,0.5423728813559322,1.564136024536085,0.03170753072337345
2024-06-28,2024-07-01,open,2024-07-02,2024-07-15,2,3,EXECUTED_ON_TIME,open,59,59,0,0.014987197042201167,0.001256989055780533,0.013730207986420634,4.0677966101694904e-05,4.0677966101694904e-05,6.779661016949151e-05,5.4237288135593214e-05,0.00020338983050847455,0.014783807211692692,0.008112812412618773,0.13559322033898302,1.0,0.5677966101694916,1.5872599099756897,0.03174738674247855
2024-07-01,2024-07-02,open,2024-07-03,2024-07-16,2,3,EXECUTED_ON_TIME,open,59,59,0,0.0017761110852390844,-0.0016129807948445096,0.003389091880083594,3.559322033898305e-05,3.559322033898305e-05,5.9322033898305094e-05,4.745762711864408e-05,0.0001779661016949153,0.001598144983544169,0.017252732051818563,0.11864406779661019,1.0,0.5593220338983051,1.5897965814383983,0.031696178817376436
2024-07-02,2024-07-03,open,2024-07-04,2024-07-17,2,2,EXECUTED_ON_TIME,open,59,59,0,0.007135406164396638,0.0065253160254363785,0.0006100901389602597,4.5762711864406784e-05,4.5762711864406784e-05,7.627118644067799e-05,6.101694915254239e-05,0.00022881355932203397,0.006906592605074605,0.011461661596223988,0.15254237288135597,1.0,0.576271186440678,1.6007766587513337,0.03190300640095856
2024-07-03,2024-07-04,open,2024-07-05,2024-07-18,2,3,EXECUTED_ON_TIME,open,59,59,0,-0.007533137991984832,0.004325467030495744,-0.011858605022480576,3.0508474576271168e-05,3.0508474576271168e-05,5.084745762711862e-05,4.06779661016949e-05,0.00015254237288135587,-0.007685680364866188,-0.001885721530605059,0.10169491525423724,1.0,0.5508474576271186,1.5884736010166325,0.032041001803319605
2024-07-04,2024-07-05,open,2024-07-08,2024-07-19,1,2,EXECUTED_ON_TIME,open,59,59,0,0.011974598126252723,0.016683128305819972,-0.004708530179567249,3.559322033898305e-05,3.559322033898305e-05,5.9322033898305094e-05,4.745762711864408e-05,0.0001779661016949153,0.011796632024557809,0.008853517797529194,0.11864406779661019,1.0,0.5593220338983051,1.6072122395685497,0.03257554594745139
2024-07-05,2024-07-08,open,2024-07-09,2024-07-22,2,2,EXECUTED_ON_TIME,open,59,59,0,-0.003285858695870023,0.03437730848575615,-0.03766316718162618,2.033898305084747e-05,2.033898305084747e-05,3.389830508474578e-05,2.7118644067796627e-05,0.00010169491525423735,-0.0033875536111242603,0.0003786412804078379,0.06779661016949157,1.0,0.5338983050847458,1.6017677219425561,0.03369540553957885
2024-07-08,2024-07-09,open,2024-07-10,2024-07-23,1,2,EXECUTED_ON_TIME,open,59,59,0,0.01880732995447921,0.03326214877278755,-0.014454818818308339,2.542372881355932e-05,2.542372881355932e-05,4.23728813559322e-05,3.389830508474576e-05,0.0001271186440677966,0.01868021131041141,-0.00347528010335817,0.0847457627118644,1.0,0.5423728813559322,1.6316890814586393,0.03481618713159573
2024-07-09,2024-07-10,open,2024-07-11,2024-07-24,1,2,EXECUTED_ON_TIME,open,59,59,0,0.0160831155197044,0.0018868133811964505,0.014196302138507949,2.542372881355932e-05,2.542372881355932e-05,4.23728813559322e-05,3.389830508474576e-05,0.0001271186440677966,0.0159559968756366,0.00654230182664498,0.0847457627118644,1.0,0.5423728813559322,1.657724307344404,0.03488187877935787
2024-07-10,2024-07-11,open,2024-07-12,2024-07-25,1,2,EXECUTED_ON_TIME,open,59,59,0,0.00014383744347781075,-0.013454769049597748,0.013598606493075559,3.0508474576271168e-05,3.0508474576271168e-05,5.084745762711862e-05,4.06779661016949e-05,0.00015254237288135587,-8.704929403545122e-06,0.0006979582693350254,0.10169491525423724,1.0,0.5508474576271186,1.6577098769713379,0.034412551156365545
2024-07-11,2024-07-12,open,2024-07-15,2024-07-26,1,2,EXECUTED_ON_TIME,open,59,59,0,-0.010569075344197954,-0.016256854133405163,0.005687778789207209,2.542372881355932e-05,2.542372881355932e-05,4.23728813559322e-05,3.389830508474576e-05,0.0001271186440677966,-0.01069619398826575,-0.010987143986422048,0.0847457627118644,1.0,0.5423728813559322,1.6399786905509883,0.033853111331858164
2024-07-12,2024-07-15,open,2024-07-16,2024-07-29,1,2,EXECUTED_ON_TIME,open,59,59,0,-0.0038437985134645363,-0.016821121402317507,0.01297732288885297,1.5254237288135584e-05,1.5254237288135584e-05,2.542372881355931e-05,2.033898305084745e-05,7.627118644067793e-05,-0.0039200696999052145,-0.009783953478206668,0.05084745762711862,1.0,0.5254237288135593,1.6335498597776692,0.03328366403629881
2024-07-15,2024-07-16,open,2024-07-17,2024-07-30,1,2,EXECUTED_ON_TIME,open,59,59,0,0.014205547124858418,-0.024853382838379012,0.039058929963237426,2.542372881355932e-05,2.542372881355932e-05,4.23728813559322e-05,3.389830508474576e-05,0.0001271186440677966,0.014078428480790621,-0.0015754498319136244,0.0847457627118644,1.0,0.5423728813559322,1.6565476746483547,0.032456452391740685
2024-07-16,2024-07-17,open,2024-07-18,2024-07-31,1,2,EXECUTED_ON_TIME,open,59,59,0,-0.01016373549694445,-0.037256500684418103,0.027092765187473652,2.542372881355932e-05,2.542372881355932e-05,4.23728813559322e-05,3.389830508474576e-05,0.0001271186440677966,-0.010290854141012246,0.009011884243547817,0.0847457627118644,1.0,0.5423728813559322,1.6395003841509155,0.031247238550994014
2024-07-17,2024-07-18,open,2024-07-19,2024-08-01,1,2,EXECUTED_ON_TIME,open,59,59,0,0.009519155871299928,-0.011528729382326741,0.02104788525362667,2.033898305084747e-05,2.033898305084747e-05,3.389830508474578e-05,2.7118644067796627e-05,0.00010169491525423735,0.00941746095604569,0.002811137459500704,0.06779661016949157,1.0,0.5338983050847458,1.6549403150060789,0.030886997593794596
2024-07-18,2024-07-19,open,2024-07-22,2024-08-02,0,1,EXECUTED_ON_TIME,open,59,58,1,0.00997476357279392,-0.030532406118021438,0.04050716969081536,2.06896551724138e-05,2.06896551724138e-05,3.448275862068967e-05,2.7586206896551737e-05,0.00010344827586206902,0.009871315296931851,0.0006954301219468245,0.06896551724137934,1.0,0.5344827586206897,1.6712767526531076,0.029943943239494508
2024-07-19,2024-07-22,open,2024-07-23,2024-08-05,1,2,EXECUTED_ON_TIME,open,59,59,0,-0.005681178487531911,-0.04982165673138794,0.04414047824385603,2.542372881355932e-05,2.542372881355932e-05,4.23728813559322e-05,3.389830508474576e-05,0.0001271186440677966,-0.005808297131599707,-0.002752341238573978,0.0847457627118644,1.0,0.5423728813559322,1.6615694806845633,0.02845208637823225
2024-07-22,2024-07-23,open,2024-07-24,2024-08-06,1,2,EXECUTED_ON_TIME,open,59,59,0,-0.03374036637984658,-0.040582781472048746,0.006842415092202167,3.559322033898305e-05,3.559322033898305e-05,5.9322033898305094e-05,4.745762711864408e-05,0.0001779661016949153,-0.0339183324815415,-0.004150720486080606,0.11864406779661019,1.0,0.5593220338983051,1.605211814597522,0.027297421574320593
2024-07-23,2024-07-24,open,2024-07-25,2024-08-07,1,2,EXECUTED_ON_TIME,open,59,59,0,-0.01775825353840376,-0.02731513664414953,0.009556883105745768,4.0677966101694904e-05,4.0677966101694904e-05,6.779661016949151e-05,5.4237288135593214e-05,0.00020338983050847455,-0.017961643368912237,-0.008904731467749201,0.13559322033898302,1.0,0.5677966101694916,1.5763795724521568,0.02655178877398507
2024-07-24,2024-07-25,open,2024-07-26,2024-08-08,1,2,EXECUTED_ON_TIME,open,59,59,0,0.0020776836320810285,-0.02120154108648531,0.02327922471856634,2.542372881355932e-05,2.542372881355932e-05,4.23728813559322e-05,3.389830508474576e-05,0.0001271186440677966,0.001950564988013232,0.005142642784623121,0.0847457627118644,1.0,0.5423728813559322,1.579454403254001,0.025988849933373748
2024-07-25,2024-07-26,open,2024-07-29,2024-08-09,1,2,EXECUTED_ON_TIME,open,59,59,0,0.008495945069010845,-0.013391277982717664,0.021887223051728508,5.084745762711864e-05,5.084745762711864e-05,8.47457627118644e-05,6.779661016949152e-05,0.0002542372881355932,0.008241707780875253,0.0050061824653536355,0.1694915254237288,1.0,0.5847457627118644,1.592471804898837,0.025640826019464807
2024-07-26,2024-07-29,open,2024-07-30,2024-08-12,1,2,EXECUTED_ON_TIME,open,59,59,0,-0.008589672967103841,-0.022562203946344228,0.013972530979240387,4.0677966101694904e-05,4.0677966101694904e-05,6.779661016949151e-05,5.4237288135593214e-05,0.00020338983050847455,-0.008793062797612316,-0.006459415659959588,0.13559322033898302,1.0,0.5677966101694916,1.5784691003149347,0.025062312473460913
2024-07-29,2024-07-30,open,2024-07-31,2024-08-13,0,1,EXECUTED_ON_TIME,open,59,59,0,-0.0071653369623034075,-0.015581143370478556,0.008415806408175148,3.0508474576271168e-05,3.0508474576271168e-05,5.084745762711862e-05,4.06779661016949e-05,0.00015254237288135587,-0.007317879335184763,-0.0014056888525827245,0.10169491525423724,1.0,0.5508474576271186,1.5669180539045122,0.024671812989616185
2024-07-30,2024-07-31,open,2024-08-01,2024-08-14,0,1,EXECUTED_ON_TIME,open,59,59,0,0.03932511909446938,-0.00928648907990337,0.04861160817437275,1.5254237288135584e-05,1.5254237288135584e-05,2.542372881355931e-05,2.033898305084745e-05,7.627118644067793e-05,0.039248847908028704,0.014493693338688579,0.05084745762711862,1.0,0.5254237288135593,1.6284177822865546,0.024442698467706695
2024-07-31,2024-08-01,open,2024-08-02,2024-08-15,0,1,EXECUTED_ON_TIME,open,59,59,0,-0.023413580841095998,-0.04115255261186013,0.01773897177076413,4.5762711864406784e-05,4.5762711864406784e-05,7.627118644067799e-05,6.101694915254239e-05,0.00022881355932203397,-0.023642394400418033,-0.011474197738772817,0.15254237288135597,1.0,0.576271186440678,1.5899180868290819,0.023436819033038563
2024-08-01,2024-08-02,open,2024-08-05,2024-08-16,0,1,EXECUTED_ON_TIME,open,59,59,0,-0.01539123689369528,-0.015286761579614394,-0.000104475314080886,2.033898305084747e-05,2.033898305084747e-05,3.389830508474578e-05,2.7118644067796627e-05,0.00010169491525423735,-0.015492931808949518,-0.0011617171736615552,0.06779661016949157,1.0,0.5338983050847458,1.5652855943280235,0.023078545968295932
2024-08-02,2024-08-05,open,2024-08-06,2024-08-19,0,1,EXECUTED_ON_TIME,open,59,59,0,0.00020899252693646069,-0.005309460244037112,0.005518452770973572,3.0508474576271168e-05,3.0508474576271168e-05,5.084745762711862e-05,4.06779661016949e-05,0.00015254237288135587,5.645015405510482e-05,0.0035754332052580226,0.10169491525423724,1.0,0.5508474576271186,1.5653739549409638,0.02295601134598708
2024-08-05,2024-08-06,open,2024-08-07,2024-08-20,0,1,UNEXECUTED_TIMEOUT,open,59,59,0,-0.0032021486399547066,-0.0016965853287685961,-0.0015055633111861104,2.033898305084747e-05,2.033898305084747e-05,3.389830508474578e-05,2.7118644067796627e-05,0.00010169491525423735,-0.003303843555208944,0.004642105806516433,0.06779661016949157,1.0,0.5338983050847458,1.56020220428844,0.022917064513930434
2024-08-06,2024-08-07,open,2024-08-08,2024-08-21,0,1,UNEXECUTED_TIMEOUT,open,59,59,0,-0.003399014974887898,-0.004695993010224941,0.0012969780353370435,2.033898305084747e-05,2.033898305084747e-05,3.389830508474578e-05,2.7118644067796627e-05,0.00010169491525423735,-0.003500709890142135,-0.002792155014521633,0.06779661016949157,1.0,0.5338983050847458,1.5547403890012659,0.022809446139158144
2024-08-07,2024-08-08,open,2024-08-09,2024-08-22,0,1,UNEXECUTED_TIMEOUT,open,59,59,0,0.006354767484996869,-0.002867578834411466,0.009222346319408336,3.0508474576271168e-05,3.0508474576271168e-05,5.084745762711862e-05,4.06779661016949e-05,0.00015254237288135587,0.0062022251121155135,-0.00037724019019765975,0.10169491525423724,1.0,0.5508474576271186,1.5643832388847496,0.022744038254184844
2024-08-08,2024-08-09,open,2024-08-12,2024-08-23,0,1,UNEXECUTED_TIMEOUT,open,59,59,0,-0.012568483010782311,-0.015543481368190837,0.002974998357408526,2.542372881355932e-05,2.542372881355932e-05,4.23728813559322e-05,3.389830508474576e-05,0.0001271186440677966,-0.012695601654850107,-0.004940085226641746,0.0847457627118644,1.0,0.5423728813559322,1.5445224524483447,0.022390516719343504
2024-08-09,2024-08-12,open,2024-08-13,2024-08-26,1,2,UNEXECUTED_TIMEOUT,open,59,59,0,-0.0015353852635924372,0.0009502469680449099,-0.002485632231637347,3.559322033898305e-05,3.559322033898305e-05,5.9322033898305094e-05,4.745762711864408e-05,0.0001779661016949153,-0.0017133513652873526,-0.004309289150232332,0.11864406779661019,1.0,0.5593220338983051,1.5418761427957253,0.02241179323996902
2024-08-12,2024-08-13,open,2024-08-14,2024-08-27,1,2,UNEXECUTED_TIMEOUT,open,59,59,0,-0.0009275179255063506,-0.003704311340036459,0.0027767934145301086,1.5254237288135584e-05,1.5254237288135584e-05,2.542372881355931e-05,2.033898305084745e-05,7.627118644067793e-05,-0.0010037891119470286,-0.004810158713342647,0.05084745762711862,1.0,0.5254237288135593,1.5403284243116162,0.02232877298011965
2024-08-13,2024-08-14,open,2024-08-15,2024-08-28,1,2,UNEXECUTED_TIMEOUT,open,59,59,0,-0.013112191815717725,-0.01016506605432621,-0.002947125761391514,1.5254237288135584e-05,1.5254237288135584e-05,2.542372881355931e-05,2.033898305084745e-05,7.627118644067793e-05,-0.013188463002158403,-0.0035793844873041273,0.05084745762711862,1.0,0.5254237288135593,1.5200138598764095,0.022101799527864677
2024-08-14,2024-08-15,open,2024-08-16,2024-08-29,1,2,UNEXECUTED_TIMEOUT,open,59,59,0,0.008175982338210692,-0.008452356936930028,0.01662833927514072,3.559322033898305e-05,3.559322033898305e-05,5.9322033898305094e-05,4.745762711864408e-05,0.0001779661016949153,0.007998016236515778,-0.002596916053076567,0.11864406779661019,1.0,0.5593220338983051,1.53217095540743,0.021914987229306692
2024-08-15,2024-08-16,open,2024-08-19,2024-08-30,1,2,UNEXECUTED_TIMEOUT,open,59,59,0,-0.003573364447404966,-0.02043126418484542,0.016857899737440455,2.033898305084747e-05,2.033898305084747e-05,3.389830508474578e-05,2.7118644067796627e-05,0.00010169491525423735,-0.003675059362659203,-0.004379651472264488,0.06779661016949157,1.0,0.5338983050847458,1.5265401361925655,0.021467236335617212
2024-08-16,2024-08-19,open,2024-08-20,2024-09-02,1,2,UNEXECUTED_TIMEOUT,open,59,59,0,0.006199743040311434,-0.010979406212613174,0.01717914925292461,2.542372881355932e-05,2.542372881355932e-05,4.23728813559322e-05,3.389830508474576e-05,0.0001271186440677966,0.006072624396243637,-0.0012897989464620624,0.0847457627118644,1.0,0.5423728813559322,1.5358102410654535,0.021231538827626302
2024-08-19,2024-08-20,open,2024-08-21,2024-09-03,1,2,UNEXECUTED_TIMEOUT,open,59,59,0,-0.016421021225742696,-0.02971705171197747,0.013296030486234775,1.5254237288135584e-05,1.5254237288135584e-05,2.542372881355931e-05,2.033898305084745e-05,7.627118644067793e-05,-0.016497292412183374,-0.003581749996604801,0.05084745762711862,1.0,0.5254237288135593,1.510473530428971,0.020600600090360875
2024-08-20,2024-08-21,open,2024-08-22,2024-09-04,1,2,UNEXECUTED_TIMEOUT,open,59,59,0,0.0008560504213672489,-0.020769427306703392,0.021625477728070643,2.033898305084747e-05,2.033898305084747e-05,3.389830508474578e-05,2.7118644067796627e-05,0.00010169491525423735,0.0007543555061130116,-0.0060903278395245414,0.06779661016949157,1.0,0.5338983050847458,1.511612964453488,0.020172737424309656
2024-08-21,2024-08-22,open,2024-08-23,2024-09-05,1,2,UNEXECUTED_TIMEOUT,open,59,59,0,-0.009915917812341446,-0.021039630777231255,0.01112371296488981,2.033898305084747e-05,2.033898305084747e-05,3.389830508474578e-05,2.7118644067796627e-05,0.00010169491525423735,-0.010017612727595684,-0.005892668471752104,0.06779661016949157,1.0,0.5338983050847458,1.49647021118158,0.019748310477136145
2024-08-22,2024-08-23,open,2024-08-26,2024-09-06,1,2,UNEXECUTED_TIMEOUT,open,59,59,0,0.006606775817736743,-0.01354444481751138,0.020151220635248122,2.542372881355932e-05,2.542372881355932e-05,4.23728813559322e-05,3.389830508474576e-05,0.0001271186440677966,0.006479657173668947,0.004338451661409415,0.0847457627118644,1.0,0.5423728813559322,1.5061668251206446,0.019480830575639492
2024-08-23,2024-08-26,open,2024-08-27,2024-09-09,1,1,UNEXECUTED_TIMEOUT,open,59,59,0,-0.008450045944548774,-0.03480270620328696,0.026352660258738184,1.5254237288135584e-05,1.5254237288135584e-05,2.542372881355931e-05,2.033898305084745e-05,7.627118644067793e-05,-0.008526317130989452,-0.0019485166569300008,0.05084745762711862,1.0,0.5254237288135593,1.4933247691174905,0.0188028449525195
2024-08-26,2024-08-27,open,2024-08-28,2024-09-10,1,2,UNEXECUTED_TIMEOUT,open,59,59,0,-0.012708736271523219,-0.03686416626906164,0.02415542999753842,2.542372881355932e-05,2.542372881355932e-05,4.23728813559322e-05,3.389830508474576e-05,0.0001271186440677966,-0.012835854915591015,-0.004705217097332792,0.0847457627118644,1.0,0.5423728813559322,1.4741566690392398,0.018109693749858435
2024-08-27,2024-08-28,open,2024-08-29,2024-09-11,1,2,UNEXECUTED_TIMEOUT,open,59,59,0,-0.00742972088397946,-0.03390757368572461,0.026477852801745153,3.559322033898305e-05,3.559322033898305e-05,5.9322033898305094e-05,4.745762711864408e-05,0.0001779661016949153,-0.007607686985674375,-0.00440984721288386,0.11864406779661019,1.0,0.5593220338983051,1.462941746533345,0.017495637974609204
2024-08-28,2024-08-29,open,2024-08-30,2024-09-12,1,2,UNEXECUTED_TIMEOUT,open,59,59,0,0.005024587930751712,-0.02569511119610235,0.03071969912685406,3.0508474576271168e-05,3.0508474576271168e-05,5.084745762711862e-05,4.06779661016949e-05,0.00015254237288135587,0.004872045557870356,0.003470931454070311,0.10169491525423724,1.0,0.5508474576271186,1.470069265370966,0.01704608561140487
2024-08-29,2024-08-30,open,2024-09-02,2024-09-13,1,2,UNEXECUTED_TIMEOUT,open,59,59,0,0.016210244712090097,-0.03046014772647787,0.046670392438567965,4.0677966101694904e-05,4.0677966101694904e-05,6.779661016949151e-05,5.4237288135593214e-05,0.00020338983050847455,0.01600685488158162,0.002612364790836366,0.13559322033898302,1.0,0.5677966101694916,1.4936004507676324,0.01652685932552329
2024-08-30,2024-09-02,open,2024-09-03,2024-09-18,1,2,UNEXECUTED_TIMEOUT,open,59,59,0,-0.028798423620609942,-0.044965401810346806,0.016166978189736864,3.559322033898305e-05,3.559322033898305e-05,5.9322033898305094e-05,4.745762711864408e-05,0.0001779661016949153,-0.028976389722304857,-0.016854229110539284,0.11864406779661019,1.0,0.5593220338983051,1.4503213020167791,0.015783722455288057
2024-09-02,2024-09-03,open,2024-09-04,2024-09-19,1,2,UNEXECUTED_TIMEOUT,open,59,59,0,0.0009053492514721902,-0.02555230473541581,0.026457653986888,3.559322033898305e-05,3.559322033898305e-05,5.9322033898305094e-05,4.745762711864408e-05,0.0001779661016949153,0.000727383149777275,0.008896469956840593,0.11864406779661019,1.0,0.5593220338983051,1.4513762412936293,0.015380411969251311
2024-09-03,2024-09-04,open,2024-09-05,2024-09-20,1,2,EXECUTED_ON_TIME,open,59,59,0,0.0026508883561281804,-0.01888995905833568,0.02154084741446386,2.542372881355932e-05,2.542372881355932e-05,4.23728813559322e-05,3.389830508474576e-05,0.0001271186440677966,0.0025237697120603837,0.0033235261418595253,0.0847457627118644,1.0,0.5423728813559322,1.4550391806922103,0.015089876616851818
2024-09-04,2024-09-05,open,2024-09-06,2024-09-23,1,2,EXECUTED_ON_TIME,open,59,59,0,0.006887520489858481,-0.01601372288623293,0.02290124337609141,2.542372881355932e-05,2.542372881355932e-05,4.23728813559322e-05,3.389830508474576e-05,0.0001271186440677966,0.006760401845790685,0.007273063292770796,0.0847457627118644,1.0,0.5423728813559322,1.4648758302550597,0.014848231514322107
2024-09-05,2024-09-06,open,2024-09-09,2024-09-24,1,2,EXECUTED_ON_TIME,open,59,59,0,-0.01631535938160863,-0.0050617051509986855,-0.011253654230609946,2.542372881355932e-05,2.542372881355932e-05,4.23728813559322e-05,3.389830508474576e-05,0.0001271186440677966,-0.01644247802567643,-0.0023224314652881568,0.0847457627118644,1.0,0.5423728813559322,1.4407896416057464,0.014773074144382841
2024-09-06,2024-09-09,open,2024-09-10,2024-09-25,1,2,EXECUTED_ON_TIME,open,59,59,0,0.0048283810089997815,0.058760109493592116,-0.05393172848459234,2.033898305084747e-05,2.033898305084747e-05,3.389830508474578e-05,2.7118644067796627e-05,0.00010169491525423735,0.004726686093745544,0.008525053219213097,0.06779661016949157,1.0,0.5338983050847458,1.447599801968737,0.01564114159866373
2024-09-09,2024-09-10,open,2024-09-11,2024-09-26,1,2,EXECUTED_ON_TIME,open,59,59,0,0.008213172533702193,0.0644640164135657,-0.0562508438798635,3.0508474576271168e-05,3.0508474576271168e-05,5.084745762711862e-05,4.06779661016949e-05,0.00015254237288135587,0.008060630160820837,0.008579332819251167,0.10169491525423724,1.0,0.5508474576271186,1.4592683685932846,0.016649432407406895
2024-09-10,2024-09-11,open,2024-09-12,2024-09-27,1,2,EXECUTED_ON_TIME,open,59,59,0,0.02001432928703591,0.13519363198141487,-0.11517930269437897,1.0169491525423734e-05,1.0169491525423734e-05,1.694915254237289e-05,1.3559322033898314e-05,5.084745762711868e-05,0.01996348182940879,0.019775210739878306,0.03389830508474578,1.0,0.5169491525423728,1.4884004461539275,0.018900329644993306
2024-09-11,2024-09-12,open,2024-09-13,2024-09-30,1,2,EXECUTED_ON_TIME,open,59,59,0,0.014160907820512528,0.20606365971066265,-0.19190275189015013,3.0508474576271168e-05,3.0508474576271168e-05,5.084745762711862e-05,4.06779661016949e-05,0.00015254237288135587,0.014008365447631172,0.02067456773575471,0.10169491525423724,1.0,0.5508474576271186,1.5092505035360688,0.022795000741378555
2024-09-12,2024-09-13,open,2024-09-18,2024-10-08,1,2,DELAYED_LIMIT_DOWN,open,59,59,0,0.028260486179528817,0.4021173056117231,-0.3738568194321943,3.0508474576271168e-05,3.0508474576271168e-05,5.084745762711862e-05,4.06779661016949e-05,0.00015254237288135587,0.02810794380664746,0.03368134586359225,0.10169491525423724,1.0,0.5508474576271186,1.551672431879615,0.03196126502091893
2024-09-13,2024-09-18,open,2024-09-19,2024-10-09,1,2,DELAYED_LIMIT_DOWN,open,59,59,0,0.031239630238033205,0.3197480829854711,-0.28850845274743786,3.0508474576271168e-05,3.0508474576271168e-05,5.084745762711862e-05,4.06779661016949e-05,0.00015254237288135587,0.03108708786515185,0.023000021789052853,0.10169491525423724,1.0,0.5508474576271186,1.5999094091073904,0.042180818241148346
2024-09-18,2024-09-19,open,2024-09-20,2024-10-10,1,2,DELAYED_LIMIT_DOWN,open,59,59,0,0.02856356797960003,0.2520818677093728,-0.22351829972977277,3.559322033898305e-05,3.559322033898305e-05,5.9322033898305094e-05,4.745762711864408e-05,0.0001779661016949153,0.028385601877905117,0.02929194194140855,0.11864406779661019,1.0,0.5593220338983051,1.6453238006350273,0.0528138376848866
2024-09-19,2024-09-20,open,2024-09-23,2024-10-11,1,1,DELAYED_LIMIT_DOWN,open,59,59,0,0.01733755064176429,0.2434902293925134,-0.22615267875074913,2.542372881355932e-05,2.542372881355932e-05,4.23728813559322e-05,3.389830508474576e-05,0.0001271186440677966,0.017210431997696493,0.014205574269102012,0.0847457627118644,1.0,0.5423728813559322,1.673640534020048,0.06567349113787861
2024-09-20,2024-09-23,open,2024-09-24,2024-10-14,1,2,DELAYED_LIMIT_DOWN,open,59,59,0,0.04107354315136102,0.22317415151140252,-0.1821006083600415,3.0508474576271168e-05,3.0508474576271168e-05,5.084745762711862e-05,4.06779661016949e-05,0.00015254237288135587,0.04092100077847966,0.034826484807667875,0.10169491525423724,1.0,0.5508474576271186,1.7421275796155775,0.08033011679936629
2024-09-23,2024-09-24,open,2024-09-25,2024-10-15,0,1,DELAYED_LIMIT_DOWN,open,59,59,0,0.0725278020260458,0.21508872922077504,-0.14256092719472924,3.559322033898305e-05,3.559322033898305e-05,5.9322033898305094e-05,4.745762711864408e-05,0.0001779661016949153,0.07234983592435089,0.0336555624461994,0.11864406779661019,1.0,0.5593220338983051,1.868170224160051,0.09760821953989841
2024-09-24,2024-09-25,open,2024-09-26,2024-10-16,1,2,DELAYED_LIMIT_DOWN,open,59,59,0,0.017267605254378354,0.11823449878984693,-0.10096689353546857,5.084745762711864e-05,5.084745762711864e-05,8.47457627118644e-05,6.779661016949152e-05,0.0002542372881355932,0.01701336796624276,0.02159341131734989,0.1694915254237288,1.0,0.5847457627118644,1.8999540916072641,0.10914887845496765
2024-09-25,2024-09-26,open,2024-09-27,2024-10-17,1,2,DELAYED_LIMIT_DOWN,open,59,59,0,0.09139059271896582,0.1337097224473489,-0.04231912972838309,3.559322033898305e-05,3.559322033898305e-05,5.9322033898305094e-05,4.745762711864408e-05,0.0001779661016949153,0.0912126266172709,0.03708268723085246,0.11864406779661019,1.0,0.5593220338983051,2.0732538947549934,0.1237431446986208
2024-09-26,2024-09-27,open,2024-09-30,2024-10-18,1,2,EXECUTED_ON_TIME,open,59,59,0,0.10923397487694658,0.04488601185211394,0.06434796302483264,4.0677966101694904e-05,4.0677966101694904e-05,6.779661016949151e-05,5.4237288135593214e-05,0.00020338983050847455,0.1090305850464381,0.014550345602941328,0.13559322033898302,1.0,0.5677966101694916,2.299301979849937,0.12929748095818094
2024-09-27,2024-09-30,open,2024-10-08,2024-10-21,1,1,EXECUTED_ON_TIME,open,59,59,0,0.17760484540666185,0.026061624498394886,0.15154322090826697,6.610169491525422e-05,6.610169491525422e-05,0.00011016949152542371,8.813559322033898e-05,0.00033050847457627116,0.17727433693208558,-0.014277399876009761,0.22033898305084743,1.0,0.6101694915254237,2.706909213734466,0.13266718335550143
2024-09-30,2024-10-08,open,2024-10-09,2024-10-22,1,2,EXECUTED_ON_TIME,open,59,55,4,-0.06912601554163834,-0.11833268619583825,0.04920667065419991,7.090909090909089e-05,7.090909090909089e-05,0.00011818181818181817,9.454545454545454e-05,0.0003545454545454545,-0.0694805609961838,-0.023989836785934027,0.23636363636363633,1.0,0.6181818181818182,2.5188316429984567,0.11696831917900914
2024-10-08,2024-10-09,open,2024-10-10,2024-10-23,1,1,EXECUTED_ON_TIME,open,59,59,0,-0.045036804148031205,-0.05121923487662294,0.006182430728591738,6.610169491525422e-05,6.610169491525422e-05,0.00011016949152542371,8.813559322033898e-05,0.00033050847457627116,-0.04536731262260748,-0.005383531566988002,0.22033898305084743,1.0,0.6101694915254237,2.4045590204068295,0.11097729136585567
2024-10-09,2024-10-10,open,2024-10-11,2024-10-24,1,1,UNEXECUTED_TIMEOUT,open,59,59,0,-0.014246092431752962,-0.007215024982335061,-0.007031067449417901,6.610169491525422e-05,6.610169491525422e-05,0.00011016949152542371,8.813559322033898e-05,0.00033050847457627116,-0.014576600906329232,0.02160129507033777,0.22033898305084743,1.0,0.6101694915254237,2.369508723210645,0.11017658743617914
2024-10-10,2024-10-11,open,2024-10-14,2024-10-25,1,1,EXECUTED_ON_TIME,open,59,58,1,-0.022241930796124302,-0.009682454194940848,-0.012559476601183454,4.6551724137931024e-05,4.6551724137931024e-05,7.758620689655172e-05,6.206896551724137e-05,0.00023275862068965515,-0.022474689416813957,-0.008872075292549832,0.15517241379310343,1.0,0.5775862068965517,2.316254750586054,0.10910980767497344
2024-10-11,2024-10-14,open,2024-10-15,2024-10-28,1,1,EXECUTED_ON_TIME,open,59,59,0,0.021241498584182263,0.0096768533254461,0.011564645258736163,6.101694915254237e-05,6.101694915254237e-05,0.0001016949152542373,8.135593220338983e-05,0.0003050847457627119,0.02093641383841955,0.010330661212382493,0.2033898305084746,1.0,0.6016949152542372,2.364748818599529,0.11016564728021179
2024-10-14,2024-10-15,open,2024-10-16,2024-10-29,1,2,EXECUTED_ON_TIME,open,59,59,0,-0.02808881053206041,0.006968614601674972,-0.03505742513373538,3.559322033898305e-05,3.559322033898305e-05,5.9322033898305094e-05,4.745762711864408e-05,0.0001779661016949153,-0.028266776633755323,0.008761890763338144,0.11864406779661019,1.0,0.5593220338983051,2.2979049919492396,0.11093334921845165
2024-10-15,2024-10-16,open,2024-10-17,2024-10-30,1,2,EXECUTED_ON_TIME,open,59,59,0,0.020618620919757812,0.02575393371284318,-0.005135312793085368,2.542372881355932e-05,2.542372881355932e-05,4.23728813559322e-05,3.389830508474576e-05,0.0001271186440677966,0.020491502275690014,0.0038896076596062826,0.0847457627118644,1.0,0.5423728813559322,2.344992517321087,0.11379031934076733
2024-10-16,2024-10-17,open,2024-10-18,2024-10-31,1,2,EXECUTED_ON_TIME,open,59,59,0,-0.013418313010528883,0.008973385253828514,-0.0223916982643574,4.0677966101694904e-05,4.0677966101694904e-05,6.779661016949151e-05,5.4237288135593214e-05,0.00020338983050847455,-0.013621702841037357,0.0006766047879048203,0.13559322033898302,1.0,0.5677966101694916,2.3130497260856826,0.11481140371436821
2024-10-17,2024-10-18,open,2024-10-21,2024-11-01,1,2,EXECUTED_ON_TIME,open,59,59,0,0.05399981249971102,0.027019977705555753,0.026979834794155264,4.0677966101694904e-05,4.0677966101694904e-05,6.779661016949151e-05,5.4237288135593214e-05,0.00020338983050847455,0.053796422669202544,-0.015945933956950917,0.13559322033898302,1.0,0.5677966101694916,2.437483526805071,0.117913605283074
2024-10-18,2024-10-21,open,2024-10-22,2024-11-04,1,2,EXECUTED_ON_TIME,open,59,59,0,0.00048601233214589544,-0.012462432561031411,0.012948444893177306,4.0677966101694904e-05,4.0677966101694904e-05,6.779661016949151e-05,5.4237288135593214e-05,0.00020338983050847455,0.0002826225016374209,-0.001157799000445702,0.13559322033898302,1.0,0.5677966101694916,2.438172414497117,0.11644411492920562
2024-10-21,2024-10-22,open,2024-10-23,2024-11-05,1,2,EXECUTED_ON_TIME,open,59,59,0,0.009117543385792183,0.0035371828539272343,0.005580360531864949,2.542372881355932e-05,2.542372881355932e-05,4.23728813559322e-05,3.389830508474576e-05,0.0001271186440677966,0.008990424741724387,0.0071846193570942055,0.0847457627118644,1.0,0.5423728813559322,2.4600926200970012,0.11685599905597394
2024-10-22,2024-10-23,open,2024-10-24,2024-11-06,1,2,UNEXECUTED_TIMEOUT,open,59,59,0,0.0007779146700464807,0.02426352969254819,-0.02348561502250171,1.5254237288135584e-05,1.5254237288135584e-05,2.542372881355931e-05,2.033898305084745e-05,7.627118644067793e-05,0.0007016434836058028,0.00480834342021246,0.05084745762711862,1.0,0.5254237288135593,2.461818728052959,0.11969133805882094
2024-10-23,2024-10-24,open,2024-10-25,2024-11-07,1,2,UNEXECUTED_TIMEOUT,open,59,59,0,-0.0012582472647919695,0.009204993597659694,-0.010463240862451664,2.542372881355932e-05,2.542372881355932e-05,4.23728813559322e-05,3.389830508474576e-05,0.0001271186440677966,-0.001385365908859766,-0.002771220672581509,0.0847457627118644,1.0,0.5423728813559322,2.458408208313322,0.12079309605934771
2024-10-24,2024-10-25,open,2024-10-28,2024-11-08,1,2,UNEXECUTED_TIMEOUT,open,59,59,0,0.015289279751492676,0.06632834103345919,-0.051039061281966516,2.033898305084747e-05,2.033898305084747e-05,3.389830508474578e-05,2.7118644067796627e-05,0.00010169491525423735,0.015187584836238438,0.0061970047718762165,0.06779661016949157,1.0,0.5338983050847458,2.4957454915391857,0.12880510172925952
2024-10-25,2024-10-28,open,2024-10-29,2024-11-11,1,2,UNEXECUTED_TIMEOUT,open,59,58,1,0.009876188071336812,0.028794573178660077,-0.018918385107323264,3.1034482758620685e-05,3.1034482758620685e-05,5.1724137931034475e-05,4.137931034482758e-05,0.00015517241379310343,0.009721015657543708,0.0015025338320905773,0.10344827586206895,1.0,0.5517241379310345,2.5200066725396826,0.13251398965678743
2024-10-28,2024-10-29,open,2024-10-30,2024-11-12,1,2,UNEXECUTED_TIMEOUT,open,59,59,0,-0.010554534484116916,0.04114475336069856,-0.05169928784481548,3.0508474576271168e-05,3.0508474576271168e-05,5.084745762711862e-05,4.06779661016949e-05,0.00015254237288135587,-0.010707076856998272,0.0021169505053079164,0.10169491525423724,1.0,0.5508474576271186,2.4930247674166517,0.1379662450780581
2024-10-29,2024-10-30,open,2024-10-31,2024-11-13,1,2,UNEXECUTED_TIMEOUT,open,59,59,0,0.0010475427462528235,0.03981138068111978,-0.03876383793486696,3.559322033898305e-05,3.559322033898305e-05,5.9322033898305094e-05,4.745762711864408e-05,0.0001779661016949153,0.0008695766445579082,-0.0069201015153343755,0.11864406779661019,1.0,0.5593220338983051,2.4951926435287017,0.14345887178200534
2024-10-30,2024-10-31,open,2024-11-01,2024-11-14,1,2,UNEXECUTED_TIMEOUT,open,59,59,0,0.012002087618594023,0.05472655624143785,-0.04272446862284383,4.0677966101694904e-05,4.0677966101694904e-05,6.779661016949151e-05,5.4237288135593214e-05,0.00020338983050847455,0.011798697788085549,0.012673225752426787,0.13559322033898302,1.0,0.5677966101694916,2.5246326674527513,0.15130988179691648
2024-10-31,2024-11-01,open,2024-11-04,2024-11-15,1,2,UNEXECUTED_TIMEOUT,open,59,59,0,0.0006473474706469467,0.03688127469762703,-0.03623392722698009,3.559322033898305e-05,3.559322033898305e-05,5.9322033898305094e-05,4.745762711864408e-05,0.0001779661016949153,0.0004693813689520314,0.012210606901592305,0.11864406779661019,1.0,0.5593220338983051,2.525817682990301,0.15689038311193404
2024-11-01,2024-11-04,open,2024-11-05,2024-11-18,1,2,UNEXECUTED_TIMEOUT,open,59,59,0,0.018773711950854952,0.021651152444740696,-0.0028774404938857433,4.5762711864406784e-05,4.5762711864406784e-05,7.627118644067799e-05,6.101694915254239e-05,0.00022881355932203397,0.018544898391532918,-0.00794034125236057,0.15254237288135597,1.0,0.576271186440678,2.5726587152768934,0.1602872407138043
2024-11-04,2024-11-05,open,2024-11-06,2024-11-19,1,2,UNEXECUTED_TIMEOUT,open,59,59,0,0.03608344919910242,0.004312500206342662,0.03177094899275976,2.033898305084747e-05,2.033898305084747e-05,3.389830508474578e-05,2.7118644067796627e-05,0.00010169491525423735,0.03598175428384818,-0.016989997966286224,0.06779661016949157,1.0,0.5338983050847458,2.665227489026187,0.16097847947245666
2024-11-05,2024-11-06,open,2024-11-07,2024-11-20,1,2,UNEXECUTED_TIMEOUT,open,59,59,0,-0.014611864665683797,-0.021021704450114642,0.0064098397844308454,3.559322033898305e-05,3.559322033898305e-05,5.9322033898305094e-05,4.745762711864408e-05,0.0001779661016949153,-0.014789830767378711,0.005489225389137294,0.11864406779661019,1.0,0.5593220338983051,2.625809225506924,0.15759443745415783
2024-11-06,2024-11-07,open,2024-11-08,2024-11-21,1,2,EXECUTED_ON_TIME,open,59,59,0,0.04278643631312521,-0.001959236740353698,0.04474567305347891,4.0677966101694904e-05,4.0677966101694904e-05,6.779661016949151e-05,5.4237288135593214e-05,0.00020338983050847455,0.04258304648261674,-0.013638807065973771,0.13559322033898302,1.0,0.5677966101694916,2.737624181811169,0.15728567264222226
2024-11-07,2024-11-08,open,2024-11-11,2024-11-22,1,2,EXECUTED_ON_TIME,open,59,59,0,-0.016606378735846167,-0.04957802560495628,0.03297164686911011,3.559322033898305e-05,3.559322033898305e-05,5.9322033898305094e-05,4.745762711864408e-05,0.0001779661016949153,-0.01678434483754108,0.014359169371539613,0.11864406779661019,1.0,0.5593220338983051,2.691674953508059,0.1494877595366734
2024-11-08,2024-11-11,open,2024-11-12,2024-11-25,1,1,EXECUTED_ON_TIME,open,59,59,0,0.019478003145389392,-0.04704305503851314,0.06652105818390253,2.542372881355932e-05,2.542372881355932e-05,4.23728813559322e-05,3.389830508474576e-05,0.0001271186440677966,0.019350884501321594,0.0031449347713521404,0.0847457627118644,1.0,0.5423728813559322,2.7437612446484936,0.14245539863720566
2024-11-11,2024-11-12,open,2024-11-13,2024-11-26,1,2,UNEXECUTED_TIMEOUT,open,59,59,0,-0.024292893972052674,-0.07187723864862261,0.04758434467656994,3.559322033898305e-05,3.559322033898305e-05,5.9322033898305094e-05,4.745762711864408e-05,0.0001779661016949153,-0.02447086007374759,0.000837758232231995,0.11864406779661019,1.0,0.5593220338983051,2.676619047154929,0.13221609795257455
2024-11-12,2024-11-13,open,2024-11-14,2024-11-27,1,2,UNEXECUTED_TIMEOUT,open,59,59,0,0.00945691755699913,-0.056716564973310124,0.06617348253030925,2.542372881355932e-05,2.542372881355932e-05,4.23728813559322e-05,3.389830508474576e-05,0.0001271186440677966,0.009329798912931333,-0.00037005401188533286,0.0847457627118644,1.0,0.5423728813559322,2.701591364631406,0.12471725504252983
2024-11-13,2024-11-14,open,2024-11-15,2024-11-28,1,2,UNEXECUTED_TIMEOUT,open,59,59,0,-0.026281614237379555,-0.04802713727100427,0.021745523033624717,3.559322033898305e-05,3.559322033898305e-05,5.9322033898305094e-05,4.745762711864408e-05,0.0001779661016949153,-0.02645958033907447,0.006812474460020312,0.11864406779661019,1.0,0.5593220338983051,2.6301083908755913,0.1187274423145394
2024-11-14,2024-11-15,open,2024-11-18,2024-11-29,1,2,UNEXECUTED_TIMEOUT,open,59,59,0,-0.01193872104426761,-0.03869141067475357,0.026752689630485958,2.033898305084747e-05,2.033898305084747e-05,3.389830508474578e-05,2.7118644067796627e-05,0.00010169491525423735,-0.012040415959521848,0.02055260723682273,0.06779661016949157,1.0,0.5338983050847458,2.5984407918308206,0.11413371008558444
2024-11-15,2024-11-18,open,2024-11-19,2024-12-02,1,2,UNEXECUTED_TIMEOUT,open,59,59,0,-0.015169235342183309,-0.018181594453585248,0.003012359111401939,2.033898305084747e-05,2.033898305084747e-05,3.389830508474578e-05,2.7118644067796627e-05,0.00010169491525423735,-0.015270930257437547,0.007907230435032699,0.06779661016949157,1.0,0.5338983050847458,2.5587601837206915,0.11205857725532527
2024-11-18,2024-11-19,open,2024-11-20,2024-12-03,1,2,UNEXECUTED_TIMEOUT,open,59,59,0,0.0022670655231340053,-0.001997924444520849,0.004264989967654854,3.0508474576271168e-05,3.0508474576271168e-05,5.084745762711862e-05,4.06779661016949e-05,0.00015254237288135587,0.0021145231502526494,-0.012081947983044688,0.10169491525423724,1.0,0.5508474576271186,2.5641707413651136,0.11183469268460862
2024-11-19,2024-11-20,open,2024-11-21,2024-12-04,1,2,UNEXECUTED_TIMEOUT,open,59,59,0,0.0040256122711941926,-0.004536923202602794,0.008562535473796987,1.5254237288135584e-05,1.5254237288135584e-05,2.542372881355931e-05,2.033898305084745e-05,7.627118644067793e-05,0.003949341084753514,-0.007110526043824508,0.05084745762711862,1.0,0.5254237288135593,2.57429752622231,0.11132730727251186
2024-11-20,2024-11-21,open,2024-11-22,2024-12-05,1,2,UNEXECUTED_TIMEOUT,open,59,59,0,-0.0009962051070352869,-0.01580392289898991,0.014807717791954621,2.542372881355932e-05,2.542372881355932e-05,4.23728813559322e-05,3.389830508474576e-05,0.0001271186440677966,-0.0011233237511030834,-0.004088588038163237,0.0847457627118644,1.0,0.5423728813559322,2.5714057566686983,0.10956789909182492
2024-11-21,2024-11-22,open,2024-11-25,2024-12-06,1,2,UNEXECUTED_TIMEOUT,open,59,59,0,-0.026697503569515654,-0.01514691369303689,-0.011550589876478765,2.542372881355932e-05,2.542372881355932e-05,4.23728813559322e-05,3.389830508474576e-05,0.0001271186440677966,-0.026824622213583452,0.004514020288050712,0.0847457627118644,1.0,0.5423728813559322,2.5024287686882265,0.10790828358075367
2024-11-22,2024-11-25,open,2024-11-26,2024-12-09,1,2,UNEXECUTED_TIMEOUT,open,59,59,0,-0.007857351015232926,0.024525152537159922,-0.03238250355239285,3.559322033898305e-05,3.559322033898305e-05,5.9322033898305094e-05,4.745762711864408e-05,0.0001779661016949153,-0.00803531711692784,0.002057235973142977,0.11864406779661019,1.0,0.5593220338983051,2.4823209599692935,0.11055475069559477
2024-11-25,2024-11-26,open,2024-11-27,2024-12-10,1,2,DELAYED_LIMIT_DOWN,open,59,59,0,0.0032273558390589086,0.0671985389933265,-0.0639711831542676,1.5254237288135584e-05,1.5254237288135584e-05,2.542372881355931e-05,2.033898305084745e-05,7.627118644067793e-05,0.0031510846526182305,0.01412360081016507,0.05084745762711862,1.0,0.5254237288135593,2.490142963449125,0.11798386842111018
2024-11-26,2024-11-27,open,2024-11-28,2024-12-11,1,2,DELAYED_LIMIT_DOWN,open,59,59,0,0.025600453614378675,0.041436340010194916,-0.01583588639581624,3.0508474576271168e-05,3.0508474576271168e-05,5.084745762711862e-05,4.06779661016949e-05,0.00015254237288135587,0.02544791124149732,-0.005418946068502902,0.10169491525423724,1.0,0.5508474576271186,2.5535119005616176,0.1228726881087254
2024-11-27,2024-11-28,open,2024-11-29,2024-12-12,1,2,DELAYED_LIMIT_DOWN,open,59,59,0,-0.0038533825819821333,0.021233255119481154,-0.025086637701463285,2.542372881355932e-05,2.542372881355932e-05,4.23728813559322e-05,3.389830508474576e-05,0.0001271186440677966,-0.00398050122604993,0.006597374268847406,0.0847457627118644,1.0,0.5423728813559322,2.5433476433106987,0.1254816752425544
2024-11-28,2024-11-29,open,2024-12-02,2024-12-13,1,2,DELAYED_LIMIT_DOWN,open,59,59,0,0.022266334967696016,0.0338756398760689,-0.011609304908372881,2.542372881355932e-05,2.542372881355932e-05,4.23728813559322e-05,3.389830508474576e-05,0.0001271186440677966,0.022139216323628218,0.001978889800200778,0.0847457627118644,1.0,0.5423728813559322,2.5996553669721445,0.129732447284117
2024-11-29,2024-12-02,open,2024-12-03,2024-12-16,1,2,DELAYED_LIMIT_DOWN,open,59,58,1,0.011820373127991644,0.005391202349641411,0.006429170778350233,2.5862068965517224e-05,2.5862068965517224e-05,4.3103448275862045e-05,3.4482758620689636e-05,0.00012931034482758613,0.011691062783164058,-0.004909797448863145,0.08620689655172409,1.0,0.5431034482758621,2.6300481010820054,0.13043186115873986
2024-12-02,2024-12-03,open,2024-12-04,2024-12-17,1,2,DELAYED_LIMIT_DOWN,open,59,59,0,0.004267651667529248,-0.009774487717976177,0.014042139385505425,4.5762711864406784e-05,4.5762711864406784e-05,7.627118644067799e-05,6.101694915254239e-05,0.00022881355932203397,0.004038838108207214,0.012762904941968831,0.15254237288135597,1.0,0.576271186440678,2.6406704395790737,0.12915695653381098
2024-12-03,2024-12-04,open,2024-12-05,2024-12-18,1,2,DELAYED_LIMIT_DOWN,open,59,59,0,-0.008637936201287211,-0.003441376043848643,-0.0051965601574385685,3.559322033898305e-05,3.559322033898305e-05,5.9322033898305094e-05,4.745762711864408e-05,0.0001779661016949153,-0.008815902302982126,0.007229079063319169,0.11864406779661019,1.0,0.5593220338983051,2.617390546969372,0.12871247887769913
2024-12-04,2024-12-05,open,2024-12-06,2024-12-19,1,2,DELAYED_LIMIT_DOWN,open,59,59,0,0.010126450561305069,-0.00119339298425869,0.011319843545563759,2.542372881355932e-05,2.542372881355932e-05,4.23728813559322e-05,3.389830508474576e-05,0.0001271186440677966,0.009999331917237272,-0.00029705361676631535,0.0847457627118644,1.0,0.5423728813559322,2.643562703805558,0.12855887430841995
2024-12-05,2024-12-06,open,2024-12-09,2024-12-20,1,2,DELAYED_LIMIT_DOWN,open,59,59,0,0.02273955308789657,0.003460082392622743,0.019279470695273828,2.542372881355932e-05,2.542372881355932e-05,4.23728813559322e-05,3.389830508474576e-05,0.0001271186440677966,0.022612434443828773,0.016371065881049095,0.0847457627118644,1.0,0.5423728813559322,2.703340092143512,0.12900369860582991
2024-12-06,2024-12-09,open,2024-12-10,2024-12-23,1,2,EXECUTED_ON_TIME,open,59,59,0,0.023322272280684123,-0.01070702802025758,0.0340293003009417,4.0677966101694904e-05,4.0677966101694904e-05,6.779661016949151e-05,5.4237288135593214e-05,0.00020338983050847455,0.023118882450175647,-0.007661269519760646,0.13559322033898302,1.0,0.5677966101694916,2.7658382939566244,0.12762245239014042
2024-12-09,2024-12-10,open,2024-12-11,2024-12-24,1,2,UNEXECUTED_TIMEOUT,open,59,59,0,-0.019766601778027387,-0.03886322834357181,0.019096626565544422,2.033898305084747e-05,2.033898305084747e-05,3.389830508474578e-05,2.7118644067796627e-05,0.00010169491525423735,-0.019868296693281624,0.014649388859735261,0.06779661016949157,1.0,0.5338983050847458,2.7108857981266543,0.12266263188113577
2024-12-10,2024-12-11,open,2024-12-12,2024-12-25,1,2,UNEXECUTED_TIMEOUT,open,59,59,0,0.009408543519238385,-1.554656974966928e-05,0.009424090088988054,2.033898305084747e-05,2.033898305084747e-05,3.389830508474578e-05,2.7118644067796627e-05,0.00010169491525423735,0.009306848603984147,0.003506595634459285,0.06779661016949157,1.0,0.5338983050847458,2.73611560183251,0.12266072489797356
2024-12-11,2024-12-12,open,2024-12-13,2024-12-26,1,2,UNEXECUTED_TIMEOUT,open,59,59,0,0.00858842553016134,-0.001359616749093906,0.009948042279255246,3.0508474576271168e-05,3.0508474576271168e-05,5.084745762711862e-05,4.06779661016949e-05,0.00015254237288135587,0.008435883157279984,0.009697779889874839,0.10169491525423724,1.0,0.5508474576271186,2.7591971533543798,0.12249395332194626
2024-12-12,2024-12-13,open,2024-12-16,2024-12-27,1,2,UNEXECUTED_TIMEOUT,open,59,59,0,-0.004234695898450742,-0.0034906404297943006,-0.0007440554686564413,3.0508474576271168e-05,3.0508474576271168e-05,5.084745762711862e-05,4.06779661016949e-05,0.00015254237288135587,-0.004387238271332097,0.009449009423545356,0.10169491525423724,1.0,0.5508474576271186,2.7470918980050327,0.12206637097607534
2024-12-13,2024-12-16,open,2024-12-17,2024-12-30,1,2,UNEXECUTED_TIMEOUT,open,59,59,0,-0.0006930842269977531,0.011681902400566102,-0.012374986627563856,3.0508474576271168e-05,3.0508474576271168e-05,5.084745762711862e-05,4.06779661016949e-05,0.00015254237288135587,-0.000845626599879109,0.011019649699895377,0.10169491525423724,1.0,0.5508474576271186,2.744768884023767,0.12349233840820914
2024-12-16,2024-12-17,open,2024-12-18,2024-12-31,1,2,UNEXECUTED_TIMEOUT,open,59,59,0,0.008458541083646945,0.02245193732238926,-0.013993396238742314,2.542372881355932e-05,2.542372881355932e-05,4.23728813559322e-05,3.389830508474576e-05,0.0001271186440677966,0.008331422439579149,0.007599376141176596,0.0847457627118644,1.0,0.5423728813559322,2.7676367130955817,0.12626498064994554
2024-12-17,2024-12-18,open,2024-12-19,2025-01-02,1,2,UNEXECUTED_TIMEOUT,open,59,59,0,-0.00875163225622178,-0.000693091929609202,-0.008058540326612578,1.5254237288135584e-05,1.5254237288135584e-05,2.542372881355931e-05,2.033898305084745e-05,7.627118644067793e-05,-0.008827903442662459,-0.003640609937249661,0.05084745762711862,1.0,0.5254237288135593,2.743204283428006,0.1261774674108648
2024-12-18,2024-12-19,open,2024-12-20,2025-01-03,1,2,UNEXECUTED_TIMEOUT,open,59,59,0,0.008209600224389555,-0.022149651447254337,0.03035925167164389,1.5254237288135584e-05,1.5254237288135584e-05,2.542372881355931e-05,2.033898305084745e-05,7.627118644067793e-05,0.008133329037948877,-0.018408145784800316,0.05084745762711862,1.0,0.5254237288135593,2.7655156664834366,0.12338268048721686
2024-12-19,2024-12-20,open,2024-12-23,2025-01-06,1,2,UNEXECUTED_TIMEOUT,open,59,59,0,-0.002353855786447547,-0.041011593225298015,0.03865773743885047,2.033898305084747e-05,2.033898305084747e-05,3.389830508474578e-05,2.7118644067796627e-05,0.00010169491525423735,-0.0024555507017017843,-0.012914104731944369,0.06779661016949157,1.0,0.5338983050847458,2.758724802548036,0.1183225601840282
2024-12-20,2024-12-23,open,2024-12-24,2025-01-07,1,2,UNEXECUTED_TIMEOUT,open,59,59,0,-0.00670062182620518,-0.04258570639759329,0.035885084571388115,2.542372881355932e-05,2.542372881355932e-05,4.23728813559322e-05,3.389830508474576e-05,0.0001271186440677966,-0.0068277404702729765,0.00014568115549980394,0.0847457627118644,1.0,0.5423728813559322,2.739888945567333,0.11328371037581962
2024-12-23,2024-12-24,open,2024-12-25,2025-01-08,1,2,UNEXECUTED_TIMEOUT,open,59,59,0,0.012884866363209742,-0.039055467653652864,0.051940334016862606,1.5254237288135584e-05,1.5254237288135584e-05,2.542372881355931e-05,2.033898305084745e-05,7.627118644067793e-05,0.012808595176769064,0.0024238278793556924,0.05084745762711862,1.0,0.5254237288135593,2.77498307390041,0.10885936208955102
2024-12-24,2024-12-25,open,2024-12-26,2025-01-09,1,2,UNEXECUTED_TIMEOUT,open,59,59,0,-0.007752098310038573,-0.05196195745389376,0.04420985914385519,1.5254237288135584e-05,1.5254237288135584e-05,2.542372881355931e-05,2.033898305084745e-05,7.627118644067793e-05,-0.00782836949647925,-0.006366350616405179,0.05084745762711862,1.0,0.5254237288135593,2.7532594810514417,0.10320281654819576
2024-12-25,2024-12-26,open,2024-12-27,2025-01-10,1,2,UNEXECUTED_TIMEOUT,open,59,59,0,0.004593110135604237,-0.05094240395888017,0.0555355140944844,1.5254237288135584e-05,1.5254237288135584e-05,2.542372881355931e-05,2.033898305084745e-05,7.627118644067793e-05,0.004516838949163559,-0.015016949341938413,0.05084745762711862,1.0,0.5254237288135593,2.765695510712609,0.09794541697790336
2024-12-26,2024-12-27,open,2024-12-30,2025-01-13,1,2,UNEXECUTED_TIMEOUT,open,59,59,0,-0.011178407674052853,-0.070873753047076,0.05969534537302314,2.033898305084747e-05,2.033898305084747e-05,3.389830508474578e-05,2.7118644067796627e-05,0.00010169491525423735,-0.011280102589307091,-0.0018793359247162786,0.06779661016949157,1.0,0.5338983050847458,2.734498181620985,0.09100365768291856
2024-12-27,2024-12-30,open,2024-12-31,2025-01-14,1,2,UNEXECUTED_TIMEOUT,open,59,59,0,-0.00040092900494583656,-0.06239947695325265,0.061998547948306816,4.0677966101694904e-05,4.0677966101694904e-05,6.779661016949151e-05,5.4237288135593214e-05,0.00020338983050847455,-0.0006043188354543112,-0.005216850797665827,0.13559322033898302,1.0,0.5677966101694916,2.7328456728643156,0.08532507704267159
2024-12-30,2024-12-31,open,2025-01-02,2025-01-15,1,2,UNEXECUTED_TIMEOUT,open,59,59,0,-0.03048337148024403,-0.04650700685782905,0.016023635377585017,3.0508474576271168e-05,3.0508474576271168e-05,5.084745762711862e-05,4.06779661016949e-05,0.00015254237288135587,-0.030635913853125387,-0.0031419244257699444,0.10169491525423724,1.0,0.5508474576271186,2.649122448256558,0.08135686309950327
2024-12-31,2025-01-02,open,2025-01-03,2025-01-16,1,2,UNEXECUTED_TIMEOUT,open,59,59,0,-0.02690578210764026,-0.030424109368291874,0.003518327260651613,5.593220338983049e-05,5.593220338983049e-05,9.322033898305082e-05,7.457627118644067e-05,0.0002796610169491525,-0.027185443124589412,0.008238576031531976,0.18644067796610164,1.0,0.5932203389830508,2.577104880609406,0.07888165299870283
2025-01-02,2025-01-03,open,2025-01-06,2025-01-17,1,2,UNEXECUTED_TIMEOUT,open,59,59,0,-0.004711955831984178,-0.009638603351473374,0.004926647519489196,6.610169491525422e-05,6.610169491525422e-05,0.00011016949152542371,8.813559322033898e-05,0.00033050847457627116,-0.005042464306560449,0.017828076240270774,0.22033898305084743,1.0,0.6101694915254237,2.5641099212346705,0.07812134403373977
2025-01-03,2025-01-06,open,2025-01-07,2025-01-20,1,2,UNEXECUTED_TIMEOUT,open,59,59,0,0.010128719019432906,0.015708198379762672,-0.005579479360329766,4.5762711864406784e-05,4.5762711864406784e-05,7.627118644067799e-05,6.101694915254239e-05,0.00022881355932203397,0.009899905460110872,0.012355467900759089,0.15254237288135597,1.0,0.576271186440678,2.589494367044226,0.07934848960351544
2025-01-06,2025-01-07,open,2025-01-08,2025-01-21,1,2,UNEXECUTED_TIMEOUT,open,59,59,0,0.01815005943204872,0.023795051458892713,-0.005644992026843994,4.5762711864406784e-05,4.5762711864406784e-05,7.627118644067799e-05,6.101694915254239e-05,0.00022881355932203397,0.017921245872726685,0.0025876164079192063,0.15254237288135597,1.0,0.576271186440678,2.6359013322820664,0.0812365909968165
2025-01-07,2025-01-08,open,2025-01-09,2025-01-22,1,2,UNEXECUTED_TIMEOUT,open,59,59,0,0.004181071950460509,0.01128829773982809,-0.007107225789367582,3.559322033898305e-05,3.559322033898305e-05,5.9322033898305094e-05,4.745762711864408e-05,0.0001779661016949153,0.004003105848765593,0.0007243666551917743,0.11864406779661019,1.0,0.5593220338983051,2.6464531243220937,0.0821536138233572
2025-01-08,2025-01-09,open,2025-01-10,2025-01-23,1,1,UNEXECUTED_TIMEOUT,open,59,59,0,0.010963623968148825,0.012778471058794372,-0.0018148470906455463,4.0677966101694904e-05,4.0677966101694904e-05,6.779661016949151e-05,5.4237288135593214e-05,0.00020338983050847455,0.010760234137640351,0.003312452144886551,0.13559322033898302,1.0,0.5677966101694916,2.674929579574089,0.08320341139997434
2025-01-09,2025-01-10,open,2025-01-13,2025-01-24,1,2,UNEXECUTED_TIMEOUT,open,59,59,0,-0.014096607748036834,0.003958037446416096,-0.01805464519445293,4.0677966101694904e-05,4.0677966101694904e-05,6.779661016949151e-05,5.4237288135593214e-05,0.00020338983050847455,-0.014299997578545309,0.008887604287160043,0.13559322033898302,1.0,0.5677966101694916,2.6366780930634004,0.083532733617965
2025-01-10,2025-01-13,open,2025-01-14,2025-01-27,1,2,UNEXECUTED_TIMEOUT,open,59,59,0,0.01944092073631435,0.035771629966602214,-0.016330709230287864,4.5762711864406784e-05,4.5762711864406784e-05,7.627118644067799e-05,6.101694915254239e-05,0.00022881355932203397,0.019212107176992316,0.007536145876320274,0.15254237288135597,1.0,0.576271186440678,2.6873342351785623,0.08652083565504559
2025-01-13,2025-01-14,open,2025-01-15,2025-02-05,1,2,UNEXECUTED_TIMEOUT,open,59,59,0,0.029621744184977136,0.031149860696741527,-0.0015281165117643908,5.593220338983049e-05,5.593220338983049e-05,9.322033898305082e-05,7.457627118644067e-05,0.0002796610169491525,0.029342083168027985,0.0018079502893555213,0.18644067796610164,1.0,0.5932203389830508,2.7661862198074605,0.08921594763306592
2025-01-14,2025-01-15,open,2025-01-16,2025-02-06,1,2,UNEXECUTED_TIMEOUT,open,59,59,0,0.001678649469523772,-0.005361105606641381,0.007039755076165153,3.559322033898305e-05,3.559322033898305e-05,5.9322033898305094e-05,4.745762711864408e-05,0.0001779661016949153,0.0015006833678288568,0.0028861341887425635,0.11864406779661019,1.0,0.5593220338983051,2.7703373894598426,0.08873765151600847
2025-01-15,2025-01-16,open,2025-01-17,2025-02-07,1,2,UNEXECUTED_TIMEOUT,open,59,59,0,0.0033020678697754597,0.008358179043354008,-0.0050561111735785485,2.542372881355932e-05,2.542372881355932e-05,4.23728813559322e-05,3.389830508474576e-05,0.0001271186440677966,0.003174949225707663,0.01345704291337323,0.0847457627118644,1.0,0.5423728813559322,2.779133070009457,0.08947933669526603
2025-01-16,2025-01-17,open,2025-01-20,2025-02-10,1,2,UNEXECUTED_TIMEOUT,open,59,59,0,0.019466829650268577,0.02896467692067284,-0.009497847270404262,2.542372881355932e-05,2.542372881355932e-05,4.23728813559322e-05,3.389830508474576e-05,0.0001271186440677966,0.01933971100620078,-0.00033470838951290063,0.0847457627118644,1.0,0.5423728813559322,2.8328807004312155,0.09207107677372052
2025-01-17,2025-01-20,open,2025-01-21,2025-02-11,1,2,UNEXECUTED_TIMEOUT,open,59,59,0,0.004810809370347735,0.018213680062910242,-0.013402870692562508,4.0677966101694904e-05,4.0677966101694904e-05,6.779661016949151e-05,5.4237288135593214e-05,0.00020338983050847455,0.004607419539839261,-0.0017451334490303557,0.13559322033898302,1.0,0.5677966101694916,2.8459329703244163,0.09374802990912472
2025-01-20,2025-01-21,open,2025-01-22,2025-02-12,1,2,UNEXECUTED_TIMEOUT,open,59,59,0,-0.004159941471209652,0.0066497747221294645,-0.010809716193339116,5.084745762711864e-05,5.084745762711864e-05,8.47457627118644e-05,6.779661016949152e-05,0.0002542372881355932,-0.004414178759345246,-0.00281930531072651,0.1694915254237288,1.0,0.5847457627118644,2.83337051345629,0.09437143318866385
2025-01-21,2025-01-22,open,2025-01-23,2025-02-13,1,2,UNEXECUTED_TIMEOUT,open,59,59,0,0.010866629564979228,0.023525181455277266,-0.012658551890298039,4.0677966101694904e-05,4.0677966101694904e-05,6.779661016949151e-05,5.4237288135593214e-05,0.00020338983050847455,0.010663239734470753,-0.003589659203879521,0.13559322033898302,1.0,0.5677966101694916,2.863583422497855,0.09659153827862174
2025-01-22,2025-01-23,open,2025-01-24,2025-02-14,1,2,UNEXECUTED_TIMEOUT,open,59,59,0,-0.009214277272093849,0.018746444936937445,-0.027960722209031293,1.5254237288135584e-05,1.5254237288135584e-05,2.542372881355931e-05,2.033898305084745e-05,7.627118644067793e-05,-0.009290548458534527,0.01058471782729019,0.05084745762711862,1.0,0.5254237288135593,2.8369791619460827,0.098402286232336
2025-01-23,2025-01-24,open,2025-01-27,2025-02-17,1,2,EXECUTED_ON_TIME,open,59,59,0,0.020160755941321218,0.04232244290101095,-0.02216168695968973,3.0508474576271168e-05,3.0508474576271168e-05,5.084745762711862e-05,4.06779661016949e-05,0.00015254237288135587,0.02000821356843986,0.004556678582697846,0.10169491525423724,1.0,0.5508474576271186,2.8937420469075135,0.10256691137273298
2025-01-24,2025-01-27,open,2025-02-05,2025-02-18,1,2,EXECUTED_ON_TIME,open,59,59,0,0.0019094442031999486,0.02752649364418369,-0.025617049440983742,4.5762711864406784e-05,4.5762711864406784e-05,7.627118644067799e-05,6.101694915254239e-05,0.00022881355932203397,0.0016806306438779145,0.006003220951728689,0.15254237288135597,1.0,0.576271186440678,2.8986053584670244,0.10539021880673807
2025-01-27,2025-02-05,open,2025-02-06,2025-02-19,1,2,EXECUTED_ON_TIME,open,59,59,0,0.00018285356633609455,0.016001248471922302,-0.015818394905586206,5.593220338983049e-05,5.593220338983049e-05,9.322033898305082e-05,7.457627118644067e-05,0.0002796610169491525,-9.680745061305793e-05,0.011344922663587857,0.18644067796610164,1.0,0.5932203389830508,2.8983247518719377,0.10707659388437495
2025-02-05,2025-02-06,open,2025-02-07,2025-02-20,1,2,EXECUTED_ON_TIME,open,59,59,0,0.04370831050543884,0.03827334165609164,0.005434968849347195,4.0677966101694904e-05,4.0677966101694904e-05,6.779661016949151e-05,5.4237288135593214e-05,0.00020338983050847455,0.043504920674930364,0.02106231393853329,0.13559322033898302,1.0,0.5677966101694916,3.0244161402923133,0.1111747729454822
2025-02-06,2025-02-07,open,2025-02-10,2025-02-21,1,2,EXECUTED_ON_TIME,open,59,59,0,0.0323299898126205,0.02445203075812885,0.007877959054491651,4.5762711864406784e-05,4.5762711864406784e-05,7.627118644067799e-05,6.101694915254239e-05,0.00022881355932203397,0.03210117625329847,0.023864186830135786,0.15254237288135597,1.0,0.576271186440678,3.1215034558751578,0.11389322191307312
2025-02-07,2025-02-10,open,2025-02-11,2025-02-24,1,2,EXECUTED_ON_TIME,open,59,59,0,0.004827436885565959,0.019081337532984133,-0.014253900647418175,5.593220338983049e-05,5.593220338983049e-05,9.322033898305082e-05,7.457627118644067e-05,0.0002796610169491525,0.0045477758686168065,0.004775664061136512,0.18644067796610164,1.0,0.5932203389830508,3.135699353965591,0.11606645692311553
2025-02-10,2025-02-11,open,2025-02-12,2025-02-25,1,2,UNEXECUTED_TIMEOUT,open,59,59,0,-0.004912816639230622,0.007292148667954246,-0.012204965307184868,4.5762711864406784e-05,4.5762711864406784e-05,7.627118644067799e-05,6.101694915254239e-05,0.00022881355932203397,-0.0051416301985526556,-0.0031525755800181823,0.15254237288135597,1.0,0.576271186440678,3.1195767474736593,0.11691283078236159
2025-02-11,2025-02-12,open,2025-02-13,2025-02-26,1,2,EXECUTED_ON_TIME,open,59,59,0,0.0195508963936436,0.014417589448807444,0.0051333069448361544,5.084745762711864e-05,5.084745762711864e-05,8.47457627118644e-05,6.779661016949152e-05,0.0002542372881355932,0.019296659105508006,0.004699800431169391,0.1694915254237288,1.0,0.5847457627118644,3.179774156523128,0.11859843197787957
2025-02-12,2025-02-13,open,2025-02-14,2025-02-27,1,2,EXECUTED_ON_TIME,open,59,59,0,-0.005948030719351438,0.012049350214006216,-0.017997380933357655,3.559322033898305e-05,3.559322033898305e-05,5.9322033898305094e-05,4.745762711864408e-05,0.0001779661016949153,-0.006125996821046353,0.005582148566532318,0.11864406779661019,1.0,0.5593220338983051,3.160294870148622,0.12002746601961303
2025-02-13,2025-02-14,open,2025-02-17,2025-02-28,1,2,EXECUTED_ON_TIME,open,59,59,0,0.011592767487174235,0.01265372701737344,-0.0010609595301992042,2.542372881355932e-05,2.542372881355932e-05,4.23728813559322e-05,3.389830508474576e-05,0.0001271186440677966,0.011465648843106439,-0.008426804197837194,0.0847457627118644,1.0,0.5423728813559322,3.196529701370417,0.12154626080921228
2025-02-14,2025-02-17,open,2025-02-18,2025-03-03,1,2,EXECUTED_ON_TIME,open,59,59,0,-0.0008857201691521155,-0.013837444982380487,0.012951724813228371,3.559322033898305e-05,3.559322033898305e-05,5.9322033898305094e-05,4.745762711864408e-05,0.0001779661016949153,-0.0010636862708470309,-0.00011570479547197703,0.11864406779661019,1.0,0.5593220338983051,3.1931295966127142,0.11986437111245074
2025-02-17,2025-02-18,open,2025-02-19,2025-03-04,1,2,EXECUTED_ON_TIME,open,59,59,0,-0.021245679185823155,-0.019424356055533165,-0.0018213231302899903,5.084745762711864e-05,5.084745762711864e-05,8.47457627118644e-05,6.779661016949152e-05,0.0002542372881355932,-0.021499916473958748,-0.011642765079613511,0.1694915254237288,1.0,0.5847457627118644,3.124477576995015,0.11753608288958993
2025-02-18,2025-02-19,open,2025-02-20,2025-03-05,1,1,EXECUTED_ON_TIME,open,59,59,0,0.011690168901414048,-0.004715812217437776,0.016405981118851824,5.593220338983049e-05,5.593220338983049e-05,9.322033898305082e-05,7.457627118644067e-05,0.0002796610169491525,0.011410507884464896,-0.0009988907688732538,0.18644067796610164,1.0,0.5932203389830508,3.1601294530221504,0.11698180479390942
2025-02-19,2025-02-20,open,2025-02-21,2025-03-06,1,1,EXECUTED_ON_TIME,open,59,59,0,0.0013335050373939376,-0.0028635329698957213,0.004197038007289659,5.593220338983049e-05,5.593220338983049e-05,9.322033898305082e-05,7.457627118644067e-05,0.0002796610169491525,0.0010538440204447851,-0.007066533513917925,0.18644067796610164,1.0,0.5932203389830508,3.1634597365500494,0.11664682353900416
2025-02-20,2025-02-21,open,2025-02-24,2025-03-07,1,2,EXECUTED_ON_TIME,open,59,59,0,0.0033085392346918047,0.0017427398114600035,0.0015657994232318013,5.084745762711864e-05,5.084745762711864e-05,8.47457627118644e-05,6.779661016949152e-05,0.0002542372881355932,0.0030543019465562116,-0.015452980035421905,0.1694915254237288,1.0,0.5847457627118644,3.1731218977812468,0.11685010860226593
2025-02-21,2025-02-24,open,2025-02-25,2025-03-10,1,2,EXECUTED_ON_TIME,open,59,58,1,-0.014965530477023082,-0.006772338610385509,-0.008193191866637573,3.620689655172414e-05,3.620689655172414e-05,6.0344827586206904e-05,4.827586206896553e-05,0.0001810344827586207,-0.015146564959781703,-0.0031265843915462554,0.12068965517241381,1.0,0.5603448275862069,3.1250600008311973,0.11605876010015106
2025-02-24,2025-02-25,open,2025-02-26,2025-03-11,1,2,EXECUTED_ON_TIME,open,59,59,0,-9.581038129708933e-05,-0.010983476864661612,0.010887666483364523,4.5762711864406784e-05,4.5762711864406784e-05,7.627118644067799e-05,6.101694915254239e-05,0.00022881355932203397,-0.0003246239406191233,-0.0067688103681521755,0.15254237288135597,1.0,0.576271186440678,3.124045531539056,0.11478403139364975
2025-02-25,2025-02-26,open,2025-02-27,2025-03-12,1,2,EXECUTED_ON_TIME,open,59,59,0,0.002854659183512301,0.0038200924655669155,-0.0009654332820546144,3.559322033898305e-05,3.559322033898305e-05,5.9322033898305094e-05,4.745762711864408e-05,0.0001779661016949153,0.0026766930818173857,-0.00636332656566964,0.11864406779661019,1.0,0.5593220338983051,3.1324076426006093,0.11522251700714402
2025-02-26,2025-02-27,open,2025-02-28,2025-03-13,1,2,EXECUTED_ON_TIME,open,59,59,0,-0.012205769088472597,-0.008916796093170865,-0.0032889729953017328,3.0508474576271168e-05,3.0508474576271168e-05,5.084745762711862e-05,4.06779661016949e-05,0.00015254237288135587,-0.012358311461353954,-0.0020358989890169443,0.10169491525423724,1.0,0.5508474576271186,3.0936963733294256,0.1141951013176494
2025-02-27,2025-02-28,open,2025-03-03,2025-03-14,1,1,EXECUTED_ON_TIME,open,59,59,0,-0.01875336094361718,-0.007739127286885417,-0.011014233656731764,4.0677966101694904e-05,4.0677966101694904e-05,6.779661016949151e-05,5.4237288135593214e-05,0.00020338983050847455,-0.018956750774125657,0.004125741443545359,0.13559322033898302,1.0,0.5677966101694916,3.0350499422094033,0.11331133089301333
2025-02-28,2025-03-03,open,2025-03-04,2025-03-17,1,2,UNEXECUTED_TIMEOUT,open,59,59,0,-0.003943058832563339,0.031013699529399252,-0.03495675836196259,4.0677966101694904e-05,4.0677966101694904e-05,6.779661016949151e-05,5.4237288135593214e-05,0.00020338983050847455,-0.004146448663071813,0.015647204141646255,0.13559322033898302,1.0,0.5677966101694916,3.022465263434173,0.11682553446260559
2025-03-03,2025-03-04,open,2025-03-05,2025-03-18,1,2,EXECUTED_ON_TIME,open,59,59,0,0.020532676891823427,0.03770957740751801,-0.017176900515694586,4.0677966101694904e-05,4.0677966101694904e-05,6.779661016949151e-05,5.4237288135593214e-05,0.00020338983050847455,0.02032928706131495,-0.0015979908873007612,0.13559322033898302,1.0,0.5677966101694916,3.0839098274073793,0.12123097599759787
2025-03-04,2025-03-05,open,2025-03-06,2025-03-19,1,2,EXECUTED_ON_TIME,open,59,59,0,0.008123761225410291,0.03010083597428781,-0.021977074748877518,3.559322033898305e-05,3.559322033898305e-05,5.9322033898305094e-05,4.745762711864408e-05,0.0001779661016949153,0.007945795123715377,-0.008856857036961548,0.11864406779661019,1.0,0.5593220338983051,3.1084139430759707,0.12488012972110439
2025-03-05,2025-03-06,open,2025-03-07,2025-03-20,1,2,EXECUTED_ON_TIME,open,59,59,0,0.007657657686505219,0.022347040806365515,-0.014689383119860296,4.0677966101694904e-05,4.0677966101694904e-05,6.779661016949151e-05,5.4237288135593214e-05,0.00020338983050847455,0.0074542678559967445,0.005549233635096842,0.13559322033898302,1.0,0.5677966101694916,3.131584893214974,0.12767083107588614
2025-03-06,2025-03-07,open,2025-03-10,2025-03-21,1,2,EXECUTED_ON_TIME,open,59,59,0,-0.004314772300648817,0.0054754031455683805,-0.009790175446217197,2.542372881355932e-05,2.542372881355932e-05,4.23728813559322e-05,3.389830508474576e-05,0.0001271186440677966,-0.0044418909447166135,-0.007126273669408755,0.0847457627118644,1.0,0.5423728813559322,3.1176747346351914,0.12836988034595637
2025-03-07,2025-03-10,open,2025-03-11,2025-03-24,1,2,EXECUTED_ON_TIME,open,59,59,0,-0.007842156702514305,-0.007468103548781135,-0.0003740531537331695,3.559322033898305e-05,3.559322033898305e-05,5.9322033898305094e-05,4.745762711864408e-05,0.0001779661016949153,-0.00802012280420922,0.005131447524379676,0.11864406779661019,1.0,0.5593220338983051,3.0926706003998365,0.12741120078698812
2025-03-10,2025-03-11,open,2025-03-12,2025-03-25,1,2,EXECUTED_ON_TIME,open,59,59,0,0.015639867508427704,0.012200961795749699,0.003438905712678006,2.542372881355932e-05,2.542372881355932e-05,4.23728813559322e-05,3.389830508474576e-05,0.0001271186440677966,0.015512748864359908,-0.0022112527750635484,0.0847457627118644,1.0,0.5423728813559322,3.140646422744028,0.12896573998014074
2025-03-11,2025-03-12,open,2025-03-13,2025-03-26,1,2,EXECUTED_ON_TIME,open,59,59,0,-0.005886197947882616,-0.004219808039906181,-0.0016663899079764352,2.542372881355932e-05,2.542372881355932e-05,4.23728813559322e-05,3.389830508474576e-05,0.0001271186440677966,-0.006013316591950413,-0.0005449666607196899,0.0847457627118644,1.0,0.5423728813559322,3.1217607215006917,0.1284215293137001
2025-03-12,2025-03-13,open,2025-03-14,2025-03-27,1,2,UNEXECUTED_TIMEOUT,open,59,59,0,-0.006997037624496152,-0.003657905355010427,-0.0033391322694857253,3.559322033898305e-05,3.559322033898305e-05,5.9322033898305094e-05,4.745762711864408e-05,0.0001779661016949153,-0.0071750037261910675,0.0005347148699442203,0.11864406779661019,1.0,0.5593220338983051,3.0993620766916474,0.1279517755139249
2025-03-13,2025-03-14,open,2025-03-17,2025-03-28,1,2,EXECUTED_ON_TIME,open,59,59,0,0.020602183325269672,0.002847217686630543,0.01775496563863913,3.0508474576271168e-05,3.0508474576271168e-05,5.084745762711862e-05,4.06779661016949e-05,0.00015254237288135587,0.020449640952388316,-0.002272829452421729,0.10169491525423724,1.0,0.5508474576271186,3.16274291834144,0.1283160820722039
2025-03-14,2025-03-17,open,2025-03-18,2025-03-31,1,2,EXECUTED_ON_TIME,open,59,58,1,-0.00248480126732828,-0.02851735047156667,0.026032549204238392,2.06896551724138e-05,2.06896551724138e-05,3.448275862068967e-05,2.7586206896551737e-05,0.00010344827586206902,-0.0025882495431903494,-0.004494943200765658,0.06896551724137934,1.0,0.5344827586206897,3.154556950427814,0.12465684738861256
2025-03-17,2025-03-18,open,2025-03-19,2025-04-01,1,2,UNEXECUTED_TIMEOUT,open,59,59,0,-0.004404947169362659,-0.029662650908736543,0.025257703739373884,5.084745762711864e-05,5.084745762711864e-05,8.47457627118644e-05,6.779661016949152e-05,0.0002542372881355932,-0.004659184457498252,-0.0016394023383745067,0.1694915254237288,1.0,0.5847457627118644,3.1398592877140876,0.1209591948411405
2025-03-18,2025-03-19,open,2025-03-20,2025-04-02,1,2,EXECUTED_ON_TIME,open,59,59,0,-0.008700174439267476,-0.03006548351051541,0.021365309071247937,4.0677966101694904e-05,4.0677966101694904e-05,6.779661016949151e-05,5.4237288135593214e-05,0.00020338983050847455,-0.00890356426977595,0.001606956286092998,0.13559322033898302,1.0,0.5677966101694916,3.1119033487478727,0.11732249816319897
2025-03-19,2025-03-20,open,2025-03-21,2025-04-03,1,2,EXECUTED_ON_TIME,open,59,59,0,-0.013239889641172432,-0.04179469810840486,0.028554808467232427,3.559322033898305e-05,3.559322033898305e-05,5.9322033898305094e-05,4.745762711864408e-05,0.0001779661016949153,-0.013417855742867347,-0.0031241687438286966,0.11864406779661019,1.0,0.5593220338983051,3.070148278528628,0.11241903977114417
2025-03-20,2025-03-21,open,2025-03-24,2025-04-07,1,2,EXECUTED_ON_TIME,open,59,59,0,-0.02278849314485505,-0.07344306021784863,0.05065456707299358,3.559322033898305e-05,3.559322033898305e-05,5.9322033898305094e-05,4.745762711864408e-05,0.0001779661016949153,-0.022966459246549966,-0.006103173719184375,0.11864406779661019,1.0,0.5593220338983051,2.9996378432089346,0.10416264146359931
2025-03-21,2025-03-24,open,2025-03-25,2025-04-08,1,2,EXECUTED_ON_TIME,open,59,59,0,-0.011678186216027571,-0.08123563307911874,0.06955744686309118,3.559322033898305e-05,3.559322033898305e-05,5.9322033898305094e-05,4.745762711864408e-05,0.0001779661016949153,-0.011856152317722485,-0.016920676581672133,0.11864406779661019,1.0,0.5593220338983051,2.9640736800418446,0.09570092334111056
2025-03-24,2025-03-25,open,2025-03-26,2025-04-09,1,2,EXECUTED_ON_TIME,open,59,59,0,-0.009782339760790735,-0.08425662625085772,0.07447428649006699,3.0508474576271168e-05,3.0508474576271168e-05,5.084745762711862e-05,4.06779661016949e-05,0.00015254237288135587,-0.009934882133672092,0.004852217125155512,0.10169491525423724,1.0,0.5508474576271186,2.934625957395109,0.08763748641129662
2025-03-25,2025-03-26,open,2025-03-27,2025-04-10,1,2,EXECUTED_ON_TIME,open,59,59,0,-0.011414573576417784,-0.046074163523702305,0.03465958994728452,5.593220338983049e-05,5.593220338983049e-05,9.322033898305082e-05,7.457627118644067e-05,0.0002796610169491525,-0.011694234593366937,-0.008099071732859318,0.18644067796610164,1.0,0.5932203389830508,2.9003077530055466,0.0835996625315763
2025-03-26,2025-03-27,open,2025-03-28,2025-04-11,1,2,EXECUTED_ON_TIME,open,59,59,0,-0.006066073999386457,-0.046292821159978126,0.04022674716059167,4.0677966101694904e-05,4.0677966101694904e-05,6.779661016949151e-05,5.4237288135593214e-05,0.00020338983050847455,-0.006269463829894932,-0.013054633303709432,0.13559322033898302,1.0,0.5677966101694916,2.8821243784525143,0.07972959830496752
2025-03-27,2025-03-28,open,2025-03-31,2025-04-14,1,2,EXECUTED_ON_TIME,open,59,59,0,-0.012713279633185524,-0.04038261147417199,0.027669331840986466,3.559322033898305e-05,3.559322033898305e-05,5.9322033898305094e-05,4.745762711864408e-05,0.0001779661016949153,-0.012891245734880439,-0.0066065470142827225,0.11864406779661019,1.0,0.5593220338983051,2.8449702048513936,0.07650990891362622
2025-03-28,2025-03-31,open,2025-04-01,2025-04-15,1,2,EXECUTED_ON_TIME,open,59,59,0,-0.008786046305857904,-0.03827539399823143,0.02948934769237353,3.559322033898305e-05,3.559322033898305e-05,5.9322033898305094e-05,4.745762711864408e-05,0.0001779661016949153,-0.008964012407552818,-0.007373726592286401,0.11864406779661019,1.0,0.5593220338983051,2.8194678566359874,0.07358146200518838
2025-03-31,2025-04-01,open,2025-04-02,2025-04-16,1,2,EXECUTED_ON_TIME,open,59,59,0,-0.012707313778086161,-0.03465467728838445,0.021947363510298287,3.559322033898305e-05,3.559322033898305e-05,5.9322033898305094e-05,4.745762711864408e-05,0.0001779661016949153,-0.012885279879781076,-0.00893365239058351,0.11864406779661019,1.0,0.5593220338983051,2.783138224191186,0.07103152018499105
2025-04-01,2025-04-02,open,2025-04-03,2025-04-17,1,2,EXECUTED_ON_TIME,open,59,59,0,-0.019733727960821127,-0.033295077924157535,0.013561349963336407,4.0677966101694904e-05,4.0677966101694904e-05,6.779661016949151e-05,5.4237288135593214e-05,0.00020338983050847455,-0.019937117791329603,-0.009535379650785034,0.13559322033898302,1.0,0.5677966101694916,2.7276504695859347,0.0686665201853604
2025-04-02,2025-04-03,open,2025-04-07,2025-04-18,1,2,EXECUTED_ON_TIME,open,59,59,0,-0.05531089480572696,-0.021692930615405337,-0.03361796419032162,3.559322033898305e-05,3.559322033898305e-05,5.9322033898305094e-05,4.745762711864408e-05,0.0001779661016949153,-0.055488860907421875,0.011388264639824786,0.11864406779661019,1.0,0.5593220338983051,2.576296252075017,0.06717694212737806
2025-04-03,2025-04-07,open,2025-04-08,2025-04-21,1,1,EXECUTED_ON_TIME,open,59,59,0,-0.027503780368599375,0.025288405916191747,-0.052792186284791126,2.542372881355932e-05,2.542372881355932e-05,4.23728813559322e-05,3.389830508474576e-05,0.0001271186440677966,-0.027630899012667173,-0.004727964216449901,0.0847457627118644,1.0,0.5423728813559322,2.5051108705072194,0.06887573990810371
2025-04-07,2025-04-08,open,2025-04-09,2025-04-22,1,1,EXECUTED_ON_TIME,open,59,59,0,0.008359661099928717,0.050618874003400816,-0.0422592129034721,5.084745762711864e-05,5.084745762711864e-05,8.47457627118644e-05,6.779661016949152e-05,0.0002542372881355932,0.008105423811793125,0.030439058155713274,0.1694915254237288,1.0,0.5847457627118644,2.5254158558082103,0.07236215230840301
2025-04-08,2025-04-09,open,2025-04-10,2025-04-23,1,1,EXECUTED_ON_TIME,open,59,59,0,0.07284732000078108,0.05471999698289354,0.01812732301788754,3.559322033898305e-05,3.559322033898305e-05,5.9322033898305094e-05,4.745762711864408e-05,0.0001779661016949153,0.07266935389908616,0.012167331061097068,0.11864406779661019,1.0,0.5593220338983051,2.7089361943763004,0.07632180906439451
2025-04-09,2025-04-10,open,2025-04-11,2025-04-24,1,2,EXECUTED_ON_TIME,open,59,59,0,-0.00859911291051675,0.010224516327271838,-0.01882362923778859,2.542372881355932e-05,2.542372881355932e-05,4.23728813559322e-05,3.389830508474576e-05,0.0001271186440677966,-0.008726231554584546,-0.00010723575144422522,0.0847457627118644,1.0,0.5423728813559322,2.685297389877578,0.07710216264730034
2025-04-10,2025-04-11,open,2025-04-14,2025-04-25,1,2,EXECUTED_ON_TIME,open,59,59,0,0.03253240452598682,0.016558655234209407,0.01597374929177741,2.542372881355932e-05,2.542372881355932e-05,4.23728813559322e-05,3.389830508474576e-05,0.0001271186440677966,0.03240528588191902,0.010935422481767751,0.0847457627118644,1.0,0.5423728813559322,2.772315219474532,0.07837887077638893
2025-04-11,2025-04-14,open,2025-04-15,2025-04-28,1,2,EXECUTED_ON_TIME,open,59,59,0,-0.004181922574432224,0.003803246041069075,-0.0079851686155013,2.542372881355932e-05,2.542372881355932e-05,4.23728813559322e-05,3.389830508474576e-05,0.0001271186440677966,-0.004309041218500021,0.00264024672264935,0.0847457627118644,1.0,0.5423728813559322,2.7603691989231414,0.0786769649063727
2025-04-14,2025-04-15,open,2025-04-16,2025-04-29,1,2,EXECUTED_ON_TIME,open,59,59,0,-0.0026773681123199757,0.005197420243797435,-0.00787478835611741,2.542372881355932e-05,2.542372881355932e-05,4.23728813559322e-05,3.389830508474576e-05,0.0001271186440677966,-0.0028044867563877724,0.0017287429091502196,0.0847457627118644,1.0,0.5423728813559322,2.7526277800620207,0.07908588215649762
2025-04-15,2025-04-16,open,2025-04-17,2025-04-30,1,2,EXECUTED_ON_TIME,open,59,59,0,-0.00219434414238645,0.0047779649993773265,-0.006972309141763776,1.5254237288135584e-05,1.5254237288135584e-05,2.542372881355931e-05,2.033898305084745e-05,7.627118644067793e-05,-0.002270615328827128,0.0011049903283828588,0.05084745762711862,1.0,0.5254237288135593,2.7463776212300566,0.07946375173338624
2025-04-16,2025-04-17,open,2025-04-18,2025-05-06,1,2,EXECUTED_ON_TIME,open,59,59,0,0.009284497651497328,0.010463142521902391,-0.0011786448704050635,2.033898305084747e-05,2.033898305084747e-05,3.389830508474578e-05,2.7118644067796627e-05,0.00010169491525423735,0.00918280273624309,0.008187765946410963,0.06779661016949157,1.0,0.5338983050847458,2.771597065165045,0.08029519229309773
2025-04-17,2025-04-18,open,2025-04-21,2025-05-07,1,2,EXECUTED_ON_TIME,open,59,59,0,0.013838724496926474,0.027003414588609775,-0.013164690091683301,2.542372881355932e-05,2.542372881355932e-05,4.23728813559322e-05,3.389830508474576e-05,0.0001271186440677966,0.013711605852858678,0.013728527498891406,0.0847457627118644,1.0,0.5423728813559322,2.8096001117055276,0.0824634366600604
2025-04-18,2025-04-21,open,2025-04-22,2025-05-08,1,2,EXECUTED_ON_TIME,open,59,59,0,0.019150965446614605,0.01390764997709737,0.005243315469517236,3.559322033898305e-05,3.559322033898305e-05,5.9322033898305094e-05,4.745762711864408e-05,0.0001779661016949153,0.01897299934491969,0.010577775519548055,0.11864406779661019,1.0,0.5593220338983051,2.8629066527844027,0.08361030927303706
2025-04-21,2025-04-22,open,2025-04-23,2025-05-09,1,2,EXECUTED_ON_TIME,open,59,59,0,0.012504943640845033,0.01812300799553035,-0.005618064354685317,4.5762711864406784e-05,4.5762711864406784e-05,7.627118644067799e-05,6.101694915254239e-05,0.00022881355932203397,0.012276130081522998,0.009674042975893901,0.15254237288135597,1.0,0.576271186440678,2.8980520672652417,0.08512557957650108
2025-04-22,2025-04-23,open,2025-04-24,2025-05-12,1,1,EXECUTED_ON_TIME,open,59,59,0,0.010390589227338353,0.01659055116040009,-0.006199961933061738,4.5762711864406784e-05,4.5762711864406784e-05,7.627118644067799e-05,6.101694915254239e-05,0.00022881355932203397,0.010161775668016319,0.01757873435286595,0.15254237288135597,1.0,0.576271186440678,2.927501422247022,0.08653785985952372
2025-04-23,2025-04-24,open,2025-04-25,2025-05-13,1,2,EXECUTED_ON_TIME,open,59,59,0,0.0014439772695798087,0.03383086127136958,-0.032386884001789774,4.0677966101694904e-05,4.0677966101694904e-05,6.779661016949151e-05,5.4237288135593214e-05,0.00020338983050847455,0.0012405874390713342,0.004559824057459109,0.13559322033898302,1.0,0.5677966101694916,2.931133243739325,0.0894655101911525
2025-04-24,2025-04-25,open,2025-04-28,2025-05-14,1,1,EXECUTED_ON_TIME,open,59,59,0,0.01619307186043217,0.027097237297486032,-0.010904165437053862,4.5762711864406784e-05,4.5762711864406784e-05,7.627118644067799e-05,6.101694915254239e-05,0.00022881355932203397,0.015964258301110135,0.021076553351183233,0.15254237288135597,1.0,0.576271186440678,2.9779266119573506,0.09188977835074282
2025-04-25,2025-04-28,open,2025-04-29,2025-05-15,1,2,EXECUTED_ON_TIME,open,59,59,0,0.0008691850423930854,0.03899231642196099,-0.03812313137956791,3.0508474576271168e-05,3.0508474576271168e-05,5.084745762711862e-05,4.06779661016949e-05,0.00015254237288135587,0.0007166426695117296,0.0026483110578924053,0.10169491525423724,1.0,0.5508474576271186,2.980060721234154,0.09547277366413884
2025-04-28,2025-04-29,open,2025-04-30,2025-05-16,1,2,EXECUTED_ON_TIME,open,59,59,0,0.009997090121642837,0.032484878852055976,-0.02248778873041314,4.0677966101694904e-05,4.0677966101694904e-05,6.779661016949151e-05,5.4237288135593214e-05,0.00020338983050847455,0.009793700291134362,0.009767063201514638,0.13559322033898302,1.0,0.5677966101694916,3.009246542787303,0.09857419515028815
2025-04-29,2025-04-30,open,2025-05-06,2025-05-19,1,2,EXECUTED_ON_TIME,open,59,59,0,0.017557311242012236,0.028268479177166572,-0.010711167935154337,3.0508474576271168e-05,3.0508474576271168e-05,5.084745762711862e-05,4.06779661016949e-05,0.00015254237288135587,0.01740476886913088,0.009425612566251284,0.10169491525423724,1.0,0.5508474576271186,3.061621783334747,0.10136073773330002
2025-04-30,2025-05-06,open,2025-05-07,2025-05-20,1,2,EXECUTED_ON_TIME,open,59,59,0,0.03591140330711592,0.02338355502986511,0.012527848277250807,5.593220338983049e-05,5.593220338983049e-05,9.322033898305082e-05,7.457627118644067e-05,0.0002796610169491525,0.03563174229016677,0.014097906721480341,0.18644067796610164,1.0,0.5932203389830508,3.1707127017084917,0.10373091212195437
2025-05-06,2025-05-07,open,2025-05-08,2025-05-21,0,1,EXECUTED_ON_TIME,open,59,59,0,-0.013871150379481369,0.009804284622577653,-0.02367543500205902,5.593220338983049e-05,5.593220338983049e-05,9.322033898305082e-05,7.457627118644067e-05,0.0002796610169491525,-0.014150811396430521,0.002044467308379091,0.18644067796610164,1.0,0.5932203389830508,3.125844544274348,0.10474791950855761
2025-05-07,2025-05-08,open,2025-05-09,2025-05-22,0,1,EXECUTED_ON_TIME,open,59,59,0,0.007462064036215171,0.024094187535400824,-0.016632123499185653,4.5762711864406784e-05,4.5762711864406784e-05,7.627118644067799e-05,6.101694915254239e-05,0.00022881355932203397,0.007233250476893137,0.0050855812266724955,0.15254237288135597,1.0,0.576271186440678,3.148454560814914,0.10727173552513987
2025-05-08,2025-05-09,open,2025-05-12,2025-05-23,0,1,EXECUTED_ON_TIME,open,59,59,0,-0.0025667103119681655,0.016046015466846697,-0.018612725778814863,3.559322033898305e-05,3.559322033898305e-05,5.9322033898305094e-05,4.745762711864408e-05,0.0001779661016949153,-0.002744676413663081,-0.0027265259853053608,0.11864406779661019,1.0,0.5593220338983051,3.139813071842356,0.10899301945253176
2025-05-09,2025-05-12,open,2025-05-13,2025-05-26,0,1,EXECUTED_ON_TIME,open,59,59,0,0.01824709210596648,0.0023943943550432945,0.015852697750923187,3.0508474576271168e-05,3.0508474576271168e-05,5.084745762711862e-05,4.06779661016949e-05,0.00015254237288135587,0.018094549733085125,0.008461976639643133,0.10169491525423724,1.0,0.5508474576271186,3.196626575623398,0.10925399172304802
2025-05-12,2025-05-13,open,2025-05-14,2025-05-27,0,1,EXECUTED_ON_TIME,open,59,59,0,-0.007338338316496056,-0.014803636333918346,0.007465298017422291,3.0508474576271168e-05,3.0508474576271168e-05,5.084745762711862e-05,4.06779661016949e-05,0.00015254237288135587,-0.007490880689377411,-0.0020750652274061504,0.10169491525423724,1.0,0.5508474576271186,3.17268102733691,0.10763663536155109
2025-05-13,2025-05-14,open,2025-05-15,2025-05-28,1,1,EXECUTED_ON_TIME,open,59,59,0,0.005332964070509295,-0.013290408152942912,0.018623372223452207,3.0508474576271168e-05,3.0508474576271168e-05,5.084745762711862e-05,4.06779661016949e-05,0.00015254237288135587,0.005180421697627939,-0.0010229097882832458,0.10169491525423724,1.0,0.5508474576271186,3.1891168529705785,0.10620610054538658
2025-05-14,2025-05-15,open,2025-05-16,2025-05-29,0,1,EXECUTED_ON_TIME,open,59,59,0,-0.016940166995241753,-0.02440705160386547,0.007466884608623717,2.542372881355932e-05,2.542372881355932e-05,4.23728813559322e-05,3.389830508474576e-05,0.0001271186440677966,-0.01706728563930955,-0.007417356390609909,0.0847457627118644,1.0,0.5423728813559322,3.1346872847037934,0.10361392276873001
2025-05-15,2025-05-16,open,2025-05-19,2025-05-30,0,1,EXECUTED_ON_TIME,open,59,59,0,0.0021434776854219943,-0.012356277762701429,0.014499755448123423,2.542372881355932e-05,2.542372881355932e-05,4.23728813559322e-05,3.389830508474576e-05,0.0001271186440677966,0.0020163590413541975,0.0020324927369475758,0.0847457627118644,1.0,0.5423728813559322,3.1410079397521242,0.10233364035891648
2025-05-16,2025-05-19,open,2025-05-20,2025-06-03,1,2,EXECUTED_ON_TIME,open,59,59,0,0.0007115280652749576,-0.012648844785204005,0.013360372850478964,3.559322033898305e-05,3.559322033898305e-05,5.9322033898305094e-05,4.745762711864408e-05,0.0001779661016949153,0.0005335619635800424,5.051957007871444e-05,0.11864406779661019,1.0,0.5593220338983051,3.142683862116079,0.10103923802571166
2025-05-19,2025-05-20,open,2025-05-21,2025-06-04,1,2,EXECUTED_ON_TIME,open,59,59,0,0.006937892494641375,-0.00711132491497779,0.014049217409619164,3.0508474576271168e-05,3.0508474576271168e-05,5.084745762711862e-05,4.06779661016949e-05,0.00015254237288135587,0.0067853501217600195,0.0021958161381277945,0.10169491525423724,1.0,0.5508474576271186,3.1640080724425417,0.10032071517494905
2025-05-20,2025-05-21,open,2025-05-22,2025-06-05,1,2,EXECUTED_ON_TIME,open,59,59,0,0.0037713899170563592,-0.006872787020280047,0.010644176937336406,2.542372881355932e-05,2.542372881355932e-05,4.23728813559322e-05,3.389830508474576e-05,0.0001271186440677966,0.0036442712729885625,-0.0018068572790923428,0.0847457627118644,1.0,0.5423728813559322,3.1755385761684476,0.09963123226582944
2025-05-21,2025-05-22,open,2025-05-23,2025-06-06,1,2,EXECUTED_ON_TIME,open,59,59,0,1.5188707400694773e-05,-0.008817152579575604,0.008832341286976299,2.542372881355932e-05,2.542372881355932e-05,4.23728813559322e-05,3.389830508474576e-05,0.0001271186440677966,-0.00011192993666710184,0.00022395450466328184,0.0847457627118644,1.0,0.5423728813559322,3.1751831383367333,0.09875276848925049
2025-05-22,2025-05-23,open,2025-05-26,2025-06-09,1,2,EXECUTED_ON_TIME,open,59,59,0,-0.0009954469200614748,-0.008330660954681046,0.007335214034619572,2.542372881355932e-05,2.542372881355932e-05,4.23728813559322e-05,3.389830508474576e-05,0.0001271186440677966,-0.0011225655641292714,0.006987890112924572,0.0847457627118644,1.0,0.5423728813559322,3.1716187870858326,0.09793009265663044
2025-05-23,2025-05-26,open,2025-05-27,2025-06-10,1,2,EXECUTED_ON_TIME,open,59,59,0,0.008644959564579042,0.003034736927113313,0.005610222637465729,4.5762711864406784e-05,4.5762711864406784e-05,7.627118644067799e-05,6.101694915254239e-05,0.00022881355932203397,0.008416146005257008,0.01092823874155819,0.15254237288135597,1.0,0.576271186440678,3.198311593870963,0.09822728472509115
2025-05-26,2025-05-27,open,2025-05-28,2025-06-11,1,2,EXECUTED_ON_TIME,open,59,59,0,-0.001597392960316694,0.00338161258203562,-0.004979005542352314,2.542372881355932e-05,2.542372881355932e-05,4.23728813559322e-05,3.389830508474576e-05,0.0001271186440677966,-0.0017245116043844906,0.0025487722870265314,0.0847457627118644,1.0,0.5423728813559322,3.1927960684128953,0.09855945134701671
2025-05-27,2025-05-28,open,2025-05-29,2025-06-12,1,2,EXECUTED_ON_TIME,open,59,59,0,0.00700381532608081,0.01104454115519471,-0.004040725829113899,2.033898305084747e-05,2.033898305084747e-05,3.389830508474578e-05,2.7118644067796627e-05,0.00010169491525423735,0.006902120410826573,0.002525099080454449,0.06779661016949157,1.0,0.5338983050847458,3.214833131324295,0.09964799526365226
2025-05-28,2025-05-29,open,2025-05-30,2025-06-13,1,2,EXECUTED_ON_TIME,open,59,59,0,0.017809370942153267,0.011329572181826508,0.006479798760326758,2.542372881355932e-05,2.542372881355932e-05,4.23728813559322e-05,3.389830508474576e-05,0.0001271186440677966,0.01768225229808547,0.013021952988384343,0.0847457627118644,1.0,0.5423728813559322,3.2716786218486154,0.10077696441876612
2025-05-29,2025-05-30,open,2025-06-03,2025-06-16,1,2,EXECUTED_ON_TIME,open,59,59,0,-0.0056464760016992225,0.0008118440937303628,-0.006458320095429585,3.559322033898305e-05,3.559322033898305e-05,5.9322033898305094e-05,4.745762711864408e-05,0.0001779661016949153,-0.005824442103394138,-0.004865155799153159,0.11864406779661019,1.0,0.5593220338983051,3.2526229191347458,0.10085877960211356
2025-05-30,2025-06-03,open,2025-06-04,2025-06-17,1,1,EXECUTED_ON_TIME,open,59,59,0,0.009482514607067562,0.010882863461657788,-0.0014003488545902259,4.5762711864406784e-05,4.5762711864406784e-05,7.627118644067799e-05,6.101694915254239e-05,0.00022881355932203397,0.009253701047745528,0.005464130833932888,0.15254237288135597,1.0,0.576271186440678,3.2827217192494644,0.1019564119294328
2025-06-03,2025-06-04,open,2025-06-05,2025-06-18,1,1,EXECUTED_ON_TIME,open,59,59,0,0.011159384677601285,0.0041919466485176304,0.006967438029083655,3.559322033898305e-05,3.559322033898305e-05,5.9322033898305094e-05,4.745762711864408e-05,0.0001779661016949153,0.010981418575906371,0.003957442737752969,0.11864406779661019,1.0,0.5593220338983051,3.3187706605167615,0.10238380776871528
2025-06-04,2025-06-05,open,2025-06-06,2025-06-19,1,1,EXECUTED_ON_TIME,open,59,59,0,0.008867808722718395,-0.0006682784882756643,0.00953608721099406,3.559322033898305e-05,3.559322033898305e-05,5.9322033898305094e-05,4.745762711864408e-05,0.0001779661016949153,0.00868984262102348,-0.0004676563415893162,0.11864406779661019,1.0,0.5593220338983051,3.3476102552519227,0.1023153868724357
2025-06-05,2025-06-06,open,2025-06-09,2025-06-20,1,2,EXECUTED_ON_TIME,open,59,59,0,-0.00021726341576493144,-0.00988111971239547,0.009663856296630538,3.0508474576271168e-05,3.0508474576271168e-05,5.084745762711862e-05,4.06779661016949e-05,0.00015254237288135587,-0.00036980578864628734,-0.004060631267529778,0.10169491525423724,1.0,0.5508474576271186,3.3463722896013985,0.1013043962863291
2025-06-06,2025-06-09,open,2025-06-10,2025-06-23,1,1,EXECUTED_ON_TIME,open,59,59,0,0.006844857276842524,-0.012024349901670894,0.01886920717851342,2.033898305084747e-05,2.033898305084747e-05,3.389830508474578e-05,2.7118644067796627e-05,0.00010169491525423735,0.006743162361588287,0.005879916974169349,0.06779661016949157,1.0,0.5338983050847458,3.3689374212725007,0.10008627677880476
2025-06-09,2025-06-10,open,2025-06-11,2025-06-24,0,1,EXECUTED_ON_TIME,open,59,59,0,-0.008948785345904795,-0.006472712512324619,-0.0024760728335801764,2.542372881355932e-05,2.542372881355932e-05,4.23728813559322e-05,3.389830508474576e-05,0.0001271186440677966,-0.009075903989972591,-0.006860971898614633,0.0847457627118644,1.0,0.5423728813559322,3.338361268688806,0.09943844708278661
2025-06-10,2025-06-11,open,2025-06-12,2025-06-25,0,1,EXECUTED_ON_TIME,open,59,59,0,0.006194292929578544,0.009403018390605089,-0.003208725461026545,1.5254237288135584e-05,1.5254237288135584e-05,2.542372881355931e-05,2.033898305084745e-05,7.627118644067793e-05,0.006118021743137866,0.003353047394715522,0.05084745762711862,1.0,0.5254237288135593,3.358785435517093,0.10037346862943926
2025-06-11,2025-06-12,open,2025-06-13,2025-06-26,1,1,EXECUTED_ON_TIME,open,59,59,0,0.005504984559073584,0.017408223352344043,-0.01190323879327046,2.542372881355932e-05,2.542372881355932e-05,4.23728813559322e-05,3.389830508474576e-05,0.0001271186440677966,0.005377865915005788,0.0030382994267749625,0.0847457627118644,1.0,0.5423728813559322,3.3768485332265787,0.10212079238999003
2025-06-12,2025-06-13,open,2025-06-16,2025-06-27,1,2,EXECUTED_ON_TIME,open,59,59,0,-0.0063454333471697775,0.01759529582954178,-0.023940729176711556,2.542372881355932e-05,2.542372881355932e-05,4.23728813559322e-05,3.389830508474576e-05,0.0001271186440677966,-0.006472551991237574,-0.003081751580582525,0.0847457627118644,1.0,0.5423728813559322,3.3549917055287355,0.10391763794243912
2025-06-13,2025-06-16,open,2025-06-17,2025-06-30,1,2,EXECUTED_ON_TIME,open,59,59,0,0.012155207142789375,0.01730736743824446,-0.005152160295455083,3.559322033898305e-05,3.559322033898305e-05,5.9322033898305094e-05,4.745762711864408e-05,0.0001779661016949153,0.01197724104109446,0.005507900549206934,0.11864406779661019,1.0,0.5593220338983051,3.395175249876726,0.10571617868562337
2025-06-16,2025-06-17,open,2025-06-18,2025-07-01,1,2,EXECUTED_ON_TIME,open,59,59,0,0.003966447120712277,0.015671800281638726,-0.01170535316092645,1.5254237288135584e-05,1.5254237288135584e-05,2.542372881355931e-05,2.033898305084745e-05,7.627118644067793e-05,0.0038901759342715985,0.008629766957652347,0.05084745762711862,1.0,0.5254237288135593,3.408383078926431,0.1073729415245225
2025-06-17,2025-06-18,open,2025-06-19,2025-07-02,1,2,EXECUTED_ON_TIME,open,59,59,0,0.009687465446229488,0.01851226221378477,-0.00882479676755528,2.542372881355932e-05,2.542372881355932e-05,4.23728813559322e-05,3.389830508474576e-05,0.0001271186440677966,0.009560346802161692,0.001462930998551177,0.0847457627118644,1.0,0.5423728813559322,3.440968403195587,0.10936065757268984
2025-06-18,2025-06-19,open,2025-06-20,2025-07-03,1,2,EXECUTED_ON_TIME,open,59,59,0,-0.0053589418386520106,0.020503874757141327,-0.02586281659579334,4.5762711864406784e-05,4.5762711864406784e-05,7.627118644067799e-05,6.101694915254239e-05,0.00022881355932203397,-0.005587755397974044,0.0028971052107574944,0.15254237288135597,1.0,0.576271186440678,3.4217411134263727,0.1116029747989189
2025-06-19,2025-06-20,open,2025-06-23,2025-07-04,1,2,EXECUTED_ON_TIME,open,59,59,0,-0.002365028999902718,0.03325213950892536,-0.03561716850882808,1.5254237288135584e-05,1.5254237288135584e-05,2.542372881355931e-05,2.033898305084745e-05,7.627118644067793e-05,-0.002441300186343396,0.004533355249236869,0.05084745762711862,1.0,0.5254237288135593,3.413387616208546,0.11531401248654363
2025-06-20,2025-06-23,open,2025-06-24,2025-07-07,1,2,EXECUTED_ON_TIME,open,59,59,0,0.01317088453853257,0.03813926294056391,-0.02496837840203134,2.542372881355932e-05,2.542372881355932e-05,4.23728813559322e-05,3.389830508474576e-05,0.0001271186440677966,0.013043765894464774,0.005572573718945637,0.0847457627118644,1.0,0.5423728813559322,3.457911045181436,0.11971200392949939
2025-06-23,2025-06-24,open,2025-06-25,2025-07-08,1,2,EXECUTED_ON_TIME,open,59,59,0,0.02047960250308476,0.026677278409108496,-0.006197675906023735,3.0508474576271168e-05,3.0508474576271168e-05,5.084745762711862e-05,4.06779661016949e-05,0.00015254237288135587,0.020327060130203405,0.009691277638884254,0.10169491525423724,1.0,0.5508474576271186,3.528200210921734,0.12290559438723894
2025-06-24,2025-06-25,open,2025-06-26,2025-07-09,1,1,EXECUTED_ON_TIME,open,59,59,0,0.013122913648347442,0.023146768881421975,-0.010023855233074534,4.5762711864406784e-05,4.5762711864406784e-05,7.627118644067799e-05,6.101694915254239e-05,0.00022881355932203397,0.012894100089025407,-0.001895666784791911,0.15254237288135597,1.0,0.576271186440678,3.5736931775754797,0.12575046177475416
2025-06-25,2025-06-26,open,2025-06-27,2025-07-10,0,1,EXECUTED_ON_TIME,open,59,59,0,0.003609442172906263,0.010184257657165352,-0.006574815484259089,3.559322033898305e-05,3.559322033898305e-05,5.9322033898305094e-05,4.745762711864408e-05,0.0001779661016949153,0.0034314760712113477,0.004058352518185656,0.11864406779661019,1.0,0.5593220338983051,3.585956220200181,0.12703113687797576
2025-06-26,2025-06-27,open,2025-06-30,2025-07-11,1,2,EXECUTED_ON_TIME,open,59,59,0,0.003185691515385689,0.015615268465041687,-0.012429576949655997,4.0677966101694904e-05,4.0677966101694904e-05,6.779661016949151e-05,5.4237288135593214e-05,0.00020338983050847455,0.0029823016848772145,-0.001951495915513887,0.13559322033898302,1.0,0.5677966101694916,3.5966506234775797,0.1290147621837448
2025-06-27,2025-06-30,open,2025-07-01,2025-07-14,1,2,EXECUTED_ON_TIME,open,59,59,0,0.007338602488644867,0.025737472626561786,-0.01839887013791692,2.033898305084747e-05,2.033898305084747e-05,3.389830508474578e-05,2.7118644067796627e-05,0.00010169491525423735,0.00723690757339063,0.0038786643737462848,0.06779661016949157,1.0,0.5338983050847458,3.622679251613465,0.1323352760938713
2025-06-30,2025-07-01,open,2025-07-02,2025-07-15,1,2,EXECUTED_ON_TIME,open,59,59,0,-0.0017743043605256909,0.02237907999882105,-0.02415338435934674,2.033898305084747e-05,2.033898305084747e-05,3.389830508474578e-05,2.7118644067796627e-05,0.00010169491525423735,-0.0018759992757799281,-0.005429075394546643,0.06779661016949157,1.0,0.5338983050847458,3.615883107961055,0.1352968178242421
2025-07-01,2025-07-02,open,2025-07-03,2025-07-16,1,2,EXECUTED_ON_TIME,open,59,59,0,0.0035545934226138983,0.01929083668773779,-0.015736243265123892,4.5762711864406784e-05,4.5762711864406784e-05,7.627118644067799e-05,6.101694915254239e-05,0.00022881355932203397,0.0033257798632918643,0.006902797441227505,0.15254237288135597,1.0,0.576271186440678,3.6279087391895293,0.13790680664126018
2025-07-02,2025-07-03,open,2025-07-04,2025-07-17,1,2,EXECUTED_ON_TIME,open,59,59,0,0.01178629687640071,0.014095052413024778,-0.0023087555366240672,4.5762711864406784e-05,4.5762711864406784e-05,7.627118644067799e-05,6.101694915254239e-05,0.00022881355932203397,0.011557483317078676,0.005384398294246772,0.15254237288135597,1.0,0.576271186440678,3.669838233918596,0.1398506103089816
2025-07-03,2025-07-04,open,2025-07-07,2025-07-18,1,2,EXECUTED_ON_TIME,open,59,59,0,-0.0020981633209738513,0.01825019710323783,-0.020348360424211683,4.0677966101694904e-05,4.0677966101694904e-05,6.779661016949151e-05,5.4237288135593214e-05,0.00020338983050847455,-0.002301553151482326,-0.0009097106568942369,0.13559322033898302,1.0,0.5677966101694916,3.6613919061658904,0.1424029115121286
2025-07-04,2025-07-07,open,2025-07-08,2025-07-21,1,2,EXECUTED_ON_TIME,open,59,59,0,-0.0008362746067008481,0.023252276425544283,-0.02408855103224513,4.5762711864406784e-05,4.5762711864406784e-05,7.627118644067799e-05,6.101694915254239e-05,0.00022881355932203397,-0.0010650881660228821,0.0013508042547943138,0.15254237288135597,1.0,0.576271186440678,3.657492200975461,0.14571410337441096
2025-07-07,2025-07-08,open,2025-07-09,2025-07-22,1,1,EXECUTED_ON_TIME,open,59,59,0,0.016647227819947055,0.030742976921016796,-0.01409574910106974,3.0508474576271168e-05,3.0508474576271168e-05,5.084745762711862e-05,4.06779661016949e-05,0.00015254237288135587,0.0164946854470657,-0.00547044774142923,0.10169491525423724,1.0,0.5508474576271186,3.7178213843556476,0.15019378869151712
2025-07-08,2025-07-09,open,2025-07-10,2025-07-23,1,1,EXECUTED_ON_TIME,open,59,59,0,-0.0001650509166074697,0.03293154928675501,-0.03309660020336248,1.5254237288135584e-05,1.5254237288135584e-05,2.542372881355931e-05,2.033898305084745e-05,7.627118644067793e-05,-0.00024132210304814763,0.004244735529002872,0.05084745762711862,1.0,0.5254237288135593,3.7169241918804174,0.15513990284637627
2025-07-09,2025-07-10,open,2025-07-11,2025-07-24,1,2,EXECUTED_ON_TIME,open,59,59,0,0.010839192938801893,0.030903586399627425,-0.02006439346082553,3.559322033898305e-05,3.559322033898305e-05,5.9322033898305094e-05,4.745762711864408e-05,0.0001779661016949153,0.010661226837106979,0.01142342461675024,0.11864406779661019,1.0,0.5593220338983051,3.756551163826385,0.15993428223801906
2025-07-10,2025-07-11,open,2025-07-14,2025-07-25,1,2,EXECUTED_ON_TIME,open,59,59,0,0.013858703197073585,0.03336810865855733,-0.01950940546148374,3.559322033898305e-05,3.559322033898305e-05,5.9322033898305094e-05,4.745762711864408e-05,0.0001779661016949153,0.01368073709537867,0.014365004299433297,0.11864406779661019,1.0,0.5593220338983051,3.807943552684032,0.16527098674596566
2025-07-11,2025-07-14,open,2025-07-15,2025-07-28,1,2,EXECUTED_ON_TIME,open,59,59,0,0.0030337326278630948,0.026605149589153942,-0.023571416961290847,3.0508474576271168e-05,3.0508474576271168e-05,5.084745762711862e-05,4.06779661016949e-05,0.00015254237288135587,0.002881190254981739,-0.004849175233989777,0.10169491525423724,1.0,0.5508474576271186,3.8189149625395458,0.16966804607108915
2025-07-14,2025-07-15,open,2025-07-16,2025-07-29,1,2,EXECUTED_ON_TIME,open,59,59,0,0.00808383355094127,0.027011250027957345,-0.018927416477016075,1.5254237288135584e-05,1.5254237288135584e-05,2.542372881355931e-05,2.033898305084745e-05,7.627118644067793e-05,0.008007562364500592,-0.0034277434438123745,0.05084745762711862,1.0,0.5254237288135593,3.849495162266806,0.17425099208527034
2025-07-15,2025-07-16,open,2025-07-17,2025-07-30,1,2,EXECUTED_ON_TIME,open,59,59,0,0.007380650008212992,0.032230737327750614,-0.024850087319537622,3.0508474576271168e-05,3.0508474576271168e-05,5.084745762711862e-05,4.06779661016949e-05,0.00015254237288135587,0.0072281076353316355,0.012599502005751544,0.10169491525423724,1.0,0.5508474576271186,3.8773197276413582,0.17986723004027064
2025-07-16,2025-07-17,open,2025-07-18,2025-07-31,1,2,EXECUTED_ON_TIME,open,59,59,0,0.016384178745703457,0.03408032874356404,-0.01769614999786058,2.033898305084747e-05,2.033898305084747e-05,3.389830508474578e-05,2.7118644067796627e-05,0.00010169491525423735,0.01628248383044922,-0.008903709285194208,0.06779661016949157,1.0,0.5338983050847458,3.94045212341216,0.1859971643702373
2025-07-17,2025-07-18,open,2025-07-21,2025-08-01,1,2,EXECUTED_ON_TIME,open,59,59,0,0.011059571635875851,0.007439346454379381,0.00362022518149647,4.0677966101694904e-05,4.0677966101694904e-05,6.779661016949151e-05,5.4237288135593214e-05,0.00020338983050847455,0.010856181805367376,0.014329776109492884,0.13559322033898302,1.0,0.5677966101694916,3.9832303880592685,0.18738086171551965
2025-07-18,2025-07-21,open,2025-07-22,2025-08-04,1,2,EXECUTED_ON_TIME,open,59,59,0,0.009687628754117668,-0.007821328434119867,0.017508957188237535,3.559322033898305e-05,3.559322033898305e-05,5.9322033898305094e-05,4.745762711864408e-05,0.0001779661016949153,0.009509662652422753,0.004949209376708655,0.11864406779661019,1.0,0.5593220338983051,4.021109565316591,0.18591529445377417
2025-07-21,2025-07-22,open,2025-07-23,2025-08-05,0,1,EXECUTED_ON_TIME,open,59,59,0,0.016872520010054126,-0.0016996404747837701,0.018572160484837896,3.559322033898305e-05,3.559322033898305e-05,5.9322033898305094e-05,4.745762711864408e-05,0.0001779661016949153,0.01669455390835921,0.0013173579628650584,0.11864406779661019,1.0,0.5593220338983051,4.088240195726187,0.1855993052944392
2025-07-22,2025-07-23,open,2025-07-24,2025-08-06,0,1,EXECUTED_ON_TIME,open,59,59,0,-0.0060853884610230485,-0.006955430030602061,0.0008700415695790126,3.559322033898305e-05,3.559322033898305e-05,5.9322033898305094e-05,4.745762711864408e-05,0.0001779661016949153,-0.006263354562717964,-0.0038009820410739048,0.11864406779661019,1.0,0.5593220338983051,4.062634097842799,0.18430838231273536
2025-07-23,2025-07-24,open,2025-07-25,2025-08-07,0,1,EXECUTED_ON_TIME,open,59,59,0,0.013587120598056326,0.0008382661323722562,0.01274885446568407,5.593220338983049e-05,5.593220338983049e-05,9.322033898305082e-05,7.457627118644067e-05,0.0002796610169491525,0.013307459581107173,-0.0039969538590057686,0.18644067796610164,1.0,0.5932203389830508,4.11669743689267,0.18446288178754044
2025-07-24,2025-07-25,open,2025-07-28,2025-08-08,0,1,EXECUTED_ON_TIME,open,59,59,0,-0.0019062592203098604,-0.008695830478708366,0.006789571258398506,3.0508474576271168e-05,3.0508474576271168e-05,5.084745762711862e-05,4.06779661016949e-05,0.00015254237288135587,-0.0020588015931912165,0.008768995710472027,0.10169491525423724,1.0,0.5508474576271186,4.10822197365091,0.18285882383790197
2025-07-25,2025-07-28,open,2025-07-29,2025-08-11,0,1,EXECUTED_ON_TIME,open,59,59,0,-0.00416072766115576,-0.004337242463359869,0.00017651480220410957,1.5254237288135584e-05,1.5254237288135584e-05,2.542372881355931e-05,2.033898305084745e-05,7.627118644067793e-05,-0.004236998847596438,-0.008583963870443943,0.05084745762711862,1.0,0.5254237288135593,4.090815441882881,0.18206572078235217
2025-07-28,2025-07-29,open,2025-07-30,2025-08-12,0,1,EXECUTED_ON_TIME,open,59,59,0,0.00805376279007863,-0.002203653171559461,0.010257415961638091,4.5762711864406784e-05,4.5762711864406784e-05,7.627118644067799e-05,6.101694915254239e-05,0.00022881355932203397,0.007824949230756596,-0.0059901925001877715,0.15254237288135597,1.0,0.576271186440678,4.122825865028009,0.1816645110793179
2025-07-29,2025-07-30,open,2025-07-31,2025-08-13,0,1,EXECUTED_ON_TIME,open,59,59,0,-0.004094649763538964,0.0003767226383792899,-0.004471372401918254,3.559322033898305e-05,3.559322033898305e-05,5.9322033898305094e-05,4.745762711864408e-05,0.0001779661016949153,-0.00427261586523388,-0.00019493205202793023,0.11864406779661019,1.0,0.5593220338983051,4.105210613827494,0.18173294821323158
2025-07-30,2025-07-31,open,2025-08-01,2025-08-14,0,1,EXECUTED_ON_TIME,open,59,59,0,-0.003174670534728415,0.009272832151935084,-0.0124475026866635,3.0508474576271168e-05,3.0508474576271168e-05,5.084745762711862e-05,4.06779661016949e-05,0.00015254237288135587,-0.0033272129076097707,0.01818520341511424,0.10169491525423724,1.0,0.5508474576271186,4.0915517040847105,0.1834181273384892
2025-07-31,2025-08-01,open,2025-08-04,2025-08-15,0,1,EXECUTED_ON_TIME,open,59,59,0,-0.0015710040040244984,0.02272670872313376,-0.024297712727158256,4.0677966101694904e-05,4.0677966101694904e-05,6.779661016949151e-05,5.4237288135593214e-05,0.00020338983050847455,-0.0017743938345329729,0.010313995313424413,0.13559322033898302,1.0,0.5677966101694916,4.0842916799673095,0.1875866176930537
2025-08-01,2025-08-04,open,2025-08-05,2025-08-18,0,1,EXECUTED_ON_TIME,open,59,58,1,0.014047203324096948,0.04465373168186337,-0.030606528357766425,2.5862068965517224e-05,2.5862068965517224e-05,4.3103448275862045e-05,3.4482758620689636e-05,0.00012931034482758613,0.013917892979269363,0.0007473769627227185,0.08620689655172409,1.0,0.5431034482758621,4.1411364144652145,0.19596306018662762
2025-08-04,2025-08-05,open,2025-08-06,2025-08-19,0,1,EXECUTED_ON_TIME,open,59,59,0,0.01119004073941389,0.03954942520172122,-0.028359384462307333,4.0677966101694904e-05,4.0677966101694904e-05,6.779661016949151e-05,5.4237288135593214e-05,0.00020338983050847455,0.010986650908905415,0.009404203726787009,0.13559322033898302,1.0,0.5677966101694916,4.1866336346171,0.20371328657777904
2025-08-05,2025-08-06,open,2025-08-07,2025-08-20,0,1,EXECUTED_ON_TIME,open,59,59,0,0.011282773226321673,0.026332129231387613,-0.01504935600506594,2.542372881355932e-05,2.542372881355932e-05,4.23728813559322e-05,3.389830508474576e-05,0.0001271186440677966,0.011155654582253876,0.004315424482808219,0.0847457627118644,1.0,0.5423728813559322,4.233338273307335,0.2090774911660958
2025-08-06,2025-08-07,open,2025-08-08,2025-08-21,0,1,EXECUTED_ON_TIME,open,59,59,0,-0.0010908350213457445,0.03982470131898741,-0.04091553634033315,3.0508474576271168e-05,3.0508474576271168e-05,5.084745762711862e-05,4.06779661016949e-05,0.00015254237288135587,-0.0012433773942271003,0.003511203464858635,0.10169491525423724,1.0,0.5508474576271186,4.2280746361961885,0.2174039398043088
2025-08-07,2025-08-08,open,2025-08-11,2025-08-22,0,1,EXECUTED_ON_TIME,open,59,59,0,0.002403139009345457,0.043338566213537044,-0.04093542720419159,3.0508474576271168e-05,3.0508474576271168e-05,5.084745762711862e-05,4.06779661016949e-05,0.00015254237288135587,0.002250596636464101,-0.0021580872265574546,0.10169491525423724,1.0,0.5508474576271186,4.237590326751131,0.22682591484460166
2025-08-08,2025-08-11,open,2025-08-12,2025-08-25,0,1,EXECUTED_ON_TIME,open,59,59,0,0.012040814060238731,0.07444674273908403,-0.0624059286788453,2.033898305084747e-05,2.033898305084747e-05,3.389830508474578e-05,2.7118644067796627e-05,0.00010169491525423735,0.011939119144984493,0.005991124727818826,0.06779661016949157,1.0,0.5338983050847458,4.288183422549847,0.24371236537359509
2025-08-11,2025-08-12,open,2025-08-13,2025-08-26,0,1,EXECUTED_ON_TIME,open,59,59,0,0.007219505678355244,0.07997354723182015,-0.0727540415534649,4.0677966101694904e-05,4.0677966101694904e-05,6.779661016949151e-05,5.4237288135593214e-05,0.00020338983050847455,0.007016115847846769,-0.0018625273583776523,0.13559322033898302,1.0,0.5677966101694916,4.318269814219272,0.2632029077367789
2025-08-12,2025-08-13,open,2025-08-14,2025-08-27,0,1,EXECUTED_ON_TIME,open,59,59,0,0.009626990796863417,0.07428880926268233,-0.06466181846581892,2.033898305084747e-05,2.033898305084747e-05,3.389830508474578e-05,2.7118644067796627e-05,0.00010169491525423735,0.00952529588160918,-0.0016257508824581123,0.06779661016949157,1.0,0.5338983050847458,4.359402611896333,0.28275593834701984
2025-08-13,2025-08-14,open,2025-08-15,2025-08-28,0,1,EXECUTED_ON_TIME,open,59,59,0,-0.005637839897865224,0.04738556423319329,-0.053023404131058514,3.559322033898305e-05,3.559322033898305e-05,5.9322033898305094e-05,4.745762711864408e-05,0.0001779661016949153,-0.00581580599956014,0.00571405934551368,0.11864406779661019,1.0,0.5593220338983051,4.334049172031568,0.2961544880258794
2025-08-14,2025-08-15,open,2025-08-18,2025-08-29,0,1,EXECUTED_ON_TIME,open,59,59,0,0.023704678889225436,0.07048349986702451,-0.04677882097779908,2.542372881355932e-05,2.542372881355932e-05,4.23728813559322e-05,3.389830508474576e-05,0.0001271186440677966,0.023577560245157638,-0.0033643072704304736,0.0847457627118644,1.0,0.5423728813559322,4.436235477490618,0.31702849284327017
2025-08-15,2025-08-18,open,2025-08-19,2025-09-01,0,1,EXECUTED_ON_TIME,open,59,59,0,0.00912298146694262,0.07079528534009505,-0.06167230387315243,2.542372881355932e-05,2.542372881355932e-05,4.23728813559322e-05,3.389830508474576e-05,0.0001271186440677966,0.008995862822874824,-0.005025302489768107,0.0847457627118644,1.0,0.5423728813559322,4.476143243296094,0.33947261545504975
2025-08-18,2025-08-19,open,2025-08-20,2025-09-02,0,1,EXECUTED_ON_TIME,open,59,59,0,-0.0027497355661733284,0.06606165122301677,-0.0688113867891901,2.542372881355932e-05,2.542372881355932e-05,4.23728813559322e-05,3.389830508474576e-05,0.0001271186440677966,-0.002876854210241125,0.0013431816303225777,0.0847457627118644,1.0,0.5423728813559322,4.463266031760975,0.36189873697700653
2025-08-19,2025-08-20,open,2025-08-21,2025-09-03,0,1,EXECUTED_ON_TIME,open,59,59,0,0.02913351855749914,0.06960791046290504,-0.0404743919054059,4.5762711864406784e-05,4.5762711864406784e-05,7.627118644067799e-05,6.101694915254239e-05,0.00022881355932203397,0.028904704998177107,0.0018941552198054254,0.15254237288135597,1.0,0.576271186440678,4.592275419737411,0.3870897518571404
2025-08-20,2025-08-21,open,2025-08-22,2025-09-04,0,1,EXECUTED_ON_TIME,open,59,59,0,0.0030589316901007695,0.04128470666989381,-0.03822577497979304,3.559322033898305e-05,3.559322033898305e-05,5.9322033898305094e-05,4.745762711864408e-05,0.0001779661016949153,0.002880965588405854,0.013158824129027753,0.11864406779661019,1.0,0.5593220338983051,4.605505607194156,0.40307063871748444
2025-08-21,2025-08-22,open,2025-08-25,2025-09-05,0,1,EXECUTED_ON_TIME,open,59,59,0,0.035246670236917965,0.018250145835563725,0.01699652440135424,3.559322033898305e-05,3.559322033898305e-05,5.9322033898305094e-05,4.745762711864408e-05,0.0001779661016949153,0.03506870413522305,-0.009875921836188337,0.11864406779661019,1.0,0.5593220338983051,4.767014720725959,0.41042673665611235
2025-08-22,2025-08-25,open,2025-08-26,2025-09-08,0,1,EXECUTED_ON_TIME,open,59,59,0,0.009237592140284483,0.011520298023771858,-0.0022827058834873747,3.0508474576271168e-05,3.0508474576271168e-05,5.084745762711862e-05,4.06779661016949e-05,0.00015254237288135587,0.009085049767403127,-0.003331117700253289,0.10169491525423724,1.0,0.5508474576271186,4.810323286705698,0.41515497497931486
2025-08-25,2025-08-26,open,2025-08-27,2025-09-09,0,1,EXECUTED_ON_TIME,open,59,59,0,0.011092209337933845,-0.0010360732688382557,0.0121282826067721,2.542372881355932e-05,2.542372881355932e-05,4.23728813559322e-05,3.389830508474576e-05,0.0001271186440677966,0.010965090693866048,0.008827995657422871,0.0847457627118644,1.0,0.5423728813559322,4.863068917811241,0.4147248440073136
2025-08-26,2025-08-27,open,2025-08-28,2025-09-10,0,1,EXECUTED_ON_TIME,open,59,59,0,-0.01651143942236669,-0.004606579289680668,-0.011904860132686022,3.0508474576271168e-05,3.0508474576271168e-05,5.084745762711862e-05,4.06779661016949e-05,0.00015254237288135587,-0.016663981795248046,0.00025957846462690976,0.10169491525423724,1.0,0.5508474576271186,4.782030825895798,0.4128143811299934
2025-08-27,2025-08-28,open,2025-08-29,2025-09-11,0,1,EXECUTED_ON_TIME,open,59,59,0,0.02050404813170405,0.013888422545731194,0.006615625585972857,3.0508474576271168e-05,3.0508474576271168e-05,5.084745762711862e-05,4.06779661016949e-05,0.00015254237288135587,0.020351505758822695,-0.013093503612890956,0.10169491525423724,1.0,0.5508474576271186,4.879352353787883,0.4185477216880813
2025-08-28,2025-08-29,open,2025-09-01,2025-09-12,0,1,EXECUTED_ON_TIME,open,59,59,0,0.00949477806983907,0.019926374662434743,-0.010431596592595673,2.542372881355932e-05,2.542372881355932e-05,4.23728813559322e-05,3.389830508474576e-05,0.0001271186440677966,0.009367659425771273,-0.008592106841386804,0.0847457627118644,1.0,0.5423728813559322,4.925060464856504,0.42688786040454646
2025-08-29,2025-09-01,open,2025-09-02,2025-09-15,0,1,EXECUTED_ON_TIME,open,59,59,0,0.001033422060314635,0.003986823645264703,-0.002953401584950068,3.559322033898305e-05,3.559322033898305e-05,5.9322033898305094e-05,4.745762711864408e-05,0.0001779661016949153,0.0008554559586197197,-0.0065456702612564956,0.11864406779661019,1.0,0.5593220338983051,4.929273637177728,0.4285897870202838
2025-09-01,2025-09-02,open,2025-09-03,2025-09-16,0,1,EXECUTED_ON_TIME,open,59,59,0,-0.004612261817446108,0.003967064891663652,-0.008579326709109759,4.5762711864406784e-05,4.5762711864406784e-05,7.627118644067799e-05,6.101694915254239e-05,0.00022881355932203397,-0.004841075376768141,0.01143364987088986,0.15254237288135597,1.0,0.576271186440678,4.9054106519474345,0.43029003051729753
2025-09-02,2025-09-03,open,2025-09-04,2025-09-17,0,1,EXECUTED_ON_TIME,open,59,59,0,-0.01000177367621442,0.003542723620682642,-0.013544497296897062,2.542372881355932e-05,2.542372881355932e-05,4.23728813559322e-05,3.389830508474576e-05,0.0001271186440677966,-0.010128892320282216,0.0023824831880998685,0.0847457627118644,1.0,0.5423728813559322,4.855724275667093,0.4318144291721554
2025-09-03,2025-09-04,open,2025-09-05,2025-09-18,0,1,EXECUTED_ON_TIME,open,59,59,0,-0.015817081435085645,0.01900409078173171,-0.03482117221681735,3.559322033898305e-05,3.559322033898305e-05,5.9322033898305094e-05,4.745762711864408e-05,0.0001779661016949153,-0.01599504753678056,0.019907549566399126,0.11864406779661019,1.0,0.5593220338983051,4.778056735052298,0.4400206697850047
2025-09-04,2025-09-05,open,2025-09-08,2025-09-19,0,1,EXECUTED_ON_TIME,open,59,59,0,0.02312256145509467,0.03057603889309357,-0.007453477437998901,4.5762711864406784e-05,4.5762711864406784e-05,7.627118644067799e-05,6.101694915254239e-05,0.00022881355932203397,0.022893747895772636,-0.013454738492609468,0.15254237288135597,1.0,0.576271186440678,4.887444361376285,0.4534747588981161
2025-09-05,2025-09-08,open,2025-09-09,2025-09-22,0,1,EXECUTED_ON_TIME,open,59,59,0,0.008374925303169483,0.010041258792761187,-0.0016663334895917047,2.033898305084747e-05,2.033898305084747e-05,3.389830508474578e-05,2.7118644067796627e-05,0.00010169491525423735,0.008273230387915245,0.015104017826271045,0.06779661016949157,1.0,0.5338983050847458,4.927879314586067,0.45802821630819707
2025-09-08,2025-09-09,open,2025-09-10,2025-09-23,0,1,EXECUTED_ON_TIME,open,59,59,0,-0.0037399642984476504,0.019784932314527826,-0.023524896612975476,3.0508474576271168e-05,3.0508474576271168e-05,5.084745762711862e-05,4.06779661016949e-05,0.00015254237288135587,-0.0038925066713290063,0.0028551507200913415,0.10169491525423724,1.0,0.5508474576271186,4.908697511478537,0.46709027356599864
2025-09-09,2025-09-10,open,2025-09-11,2025-09-24,0,1,EXECUTED_ON_TIME,open,59,59,0,0.0033249488500831084,0.01283509451817122,-0.00951014566808811,2.542372881355932e-05,2.542372881355932e-05,4.23728813559322e-05,3.389830508474576e-05,0.0001271186440677966,0.0031978302060153116,0.003156243916654349,0.0847457627118644,1.0,0.5423728813559322,4.924394692652935,0.47308542137573667
2025-09-10,2025-09-11,open,2025-09-12,2025-09-25,0,1,EXECUTED_ON_TIME,open,59,59,0,0.022292492985084605,0.02819295766302865,-0.005900464677944046,1.5254237288135584e-05,1.5254237288135584e-05,2.542372881355931e-05,2.033898305084745e-05,7.627118644067793e-05,0.022216221798643927,-0.012010375644475862,0.05084745762711862,1.0,0.5254237288135593,5.033796137368978,0.4864230986315789
2025-09-11,2025-09-12,open,2025-09-15,2025-09-26,0,1,EXECUTED_ON_TIME,open,59,59,0,0.0045389090405772315,0.007112411215882686,-0.0025735021753054543,2.033898305084747e-05,2.033898305084747e-05,3.389830508474578e-05,2.7118644067796627e-05,0.00010169491525423735,0.004437214125322994,0.003331002298322761,0.06779661016949157,1.0,0.5338983050847458,5.056132168693709,0.4898827397339505
2025-09-12,2025-09-15,open,2025-09-16,2025-09-29,0,1,EXECUTED_ON_TIME,open,59,59,0,0.0018639802918737798,0.004442668582480547,-0.002578688290606767,2.033898305084747e-05,2.033898305084747e-05,3.389830508474578e-05,2.7118644067796627e-05,0.00010169491525423735,0.0017622853766195426,-0.0032914998206356547,0.06779661016949157,1.0,0.5338983050847458,5.065042516476853,0.492059126390866
2025-09-15,2025-09-16,open,2025-09-17,2025-09-30,0,1,EXECUTED_ON_TIME,open,59,59,0,0.008640789433352048,0.019819062970685586,-0.011178273537333538,2.542372881355932e-05,2.542372881355932e-05,4.23728813559322e-05,3.389830508474576e-05,0.0001271186440677966,0.008513670789284252,0.009495570383655156,0.0847457627118644,1.0,0.5423728813559322,5.108164620995866,0.5018112772021072
2025-09-16,2025-09-17,open,2025-09-18,2025-10-09,0,1,EXECUTED_ON_TIME,open,59,59,0,0.01696937481873541,0.03206062224087658,-0.015091247422141168,2.033898305084747e-05,2.033898305084747e-05,3.389830508474578e-05,2.7118644067796627e-05,0.00010169491525423735,0.016867679903481175,0.011076981051664585,0.06779661016949157,1.0,0.5338983050847458,5.194327506717111,0.5178996589966958
2025-09-17,2025-09-18,open,2025-09-19,2025-10-10,0,1,EXECUTED_ON_TIME,open,59,59,0,-0.006765997909735264,0.02935879025928534,-0.0361247881690206,3.559322033898305e-05,3.559322033898305e-05,5.9322033898305094e-05,4.745762711864408e-05,0.0001779661016949153,-0.006943964011430179,0.0016216679937863937,0.11864406779661019,1.0,0.5593220338983051,5.1582582834468855,0.5331045664605352
2025-09-18,2025-09-19,open,2025-09-22,2025-10-13,0,1,EXECUTED_ON_TIME,open,59,59,0,0.0028863981685461684,-0.0018281470634846642,0.004714545232030833,2.542372881355932e-05,2.542372881355932e-05,4.23728813559322e-05,3.389830508474576e-05,0.0001271186440677966,0.0027592795244783717,0.005167360707512987,0.0847457627118644,1.0,0.5423728813559322,5.172491359910372,0.53212997291283
2025-09-19,2025-09-22,open,2025-09-23,2025-10-14,0,1,EXECUTED_ON_TIME,open,59,59,0,-5.027203505886728e-05,0.02704528454518762,-0.027095556580246486,2.033898305084747e-05,2.033898305084747e-05,3.389830508474578e-05,2.7118644067796627e-05,0.00010169491525423735,-0.00015196695031310465,-0.015640654141133196,0.06779661016949157,1.0,0.5338983050847458,5.171705312172885,0.5465215794452805
2025-09-22,2025-09-23,open,2025-09-24,2025-10-15,0,1,EXECUTED_ON_TIME,open,59,59,0,-0.00904451716748,0.0016500773570198302,-0.01069459452449983,2.542372881355932e-05,2.542372881355932e-05,4.23728813559322e-05,3.389830508474576e-05,0.0001271186440677966,-0.009171635811547797,0.005413050302059538,0.0847457627118644,1.0,0.5423728813559322,5.124272314524989,0.5474233823286458
2025-09-23,2025-09-24,open,2025-09-25,2025-10-16,0,1,EXECUTED_ON_TIME,open,59,59,0,0.023405723606659518,0.020834139737226032,0.002571583869433486,1.5254237288135584e-05,1.5254237288135584e-05,2.542372881355931e-05,2.033898305084745e-05,7.627118644067793e-05,0.02332945242021884,0.0008368070314227968,0.05084745762711862,1.0,0.5254237288135593,5.2438187816749435,0.5588284775715058
2025-09-24,2025-09-25,open,2025-09-26,2025-10-17,0,1,EXECUTED_ON_TIME,open,59,59,0,0.001715391209408041,0.010235358019519358,-0.008519966810111317,3.559322033898305e-05,3.559322033898305e-05,5.9322033898305094e-05,4.745762711864408e-05,0.0001779661016949153,0.0015374251077131256,-0.0007859438937202804,0.11864406779661019,1.0,0.5593220338983051,5.251880760330188,0.5645482871109531
2025-09-25,2025-09-26,open,2025-09-29,2025-10-20,0,1,EXECUTED_ON_TIME,open,59,59,0,-0.006998492526479535,-0.004079604729300024,-0.002918887797179511,2.542372881355932e-05,2.542372881355932e-05,4.23728813559322e-05,3.389830508474576e-05,0.0001271186440677966,-0.007125611170547331,-0.00198923550440969,0.0847457627118644,1.0,0.5423728813559322,5.2144579001179965,0.562245153248937
2025-09-26,2025-09-29,open,2025-09-30,2025-10-21,0,1,EXECUTED_ON_TIME,open,59,59,0,0.009345863052812174,0.00023885661446221285,0.009107006438349961,2.033898305084747e-05,2.033898305084747e-05,3.389830508474578e-05,2.7118644067796627e-05,0.00010169491525423735,0.009244168137557936,-0.02054015552484583,0.06779661016949157,1.0,0.5338983050847458,5.262661225692904,0.5623794492227399
2025-09-29,2025-09-30,open,2025-10-09,2025-10-22,0,1,EXECUTED_ON_TIME,open,59,59,0,0.009273006205658808,-0.011635459002453441,0.02090846520811225,3.559322033898305e-05,3.559322033898305e-05,5.9322033898305094e-05,4.745762711864408e-05,0.0001779661016949153,0.009095040103963893,-0.008309149310823561,0.11864406779661019,1.0,0.5593220338983051,5.3105253405941575,0.5558359061974864
2025-09-30,2025-10-09,open,2025-10-10,2025-10-23,0,1,EXECUTED_ON_TIME,open,59,59,0,0.012047616032660868,-0.017891243734332485,0.029938859766993352,1.5254237288135584e-05,1.5254237288135584e-05,2.542372881355931e-05,2.033898305084745e-05,7.627118644067793e-05,0.01197134484622019,0.01083085395569045,0.05084745762711862,1.0,0.5254237288135593,5.374099470761001,0.5458913105234136
2025-10-09,2025-10-10,open,2025-10-13,2025-10-24,0,1,EXECUTED_ON_TIME,open,59,59,0,-0.04224469774416961,-0.012119034990505262,-0.03012566275366435,3.559322033898305e-05,3.559322033898305e-05,5.9322033898305094e-05,4.745762711864408e-05,0.0001779661016949153,-0.04242266384586453,0.020242058634303985,0.11864406779661019,1.0,0.5593220338983051,5.146115855438668,0.5392756346301675
2025-10-10,2025-10-13,open,2025-10-14,2025-10-27,0,1,EXECUTED_ON_TIME,open,59,59,0,0.037928598244978386,0.04643113377241703,-0.008502535527438647,2.033898305084747e-05,2.033898305084747e-05,3.389830508474578e-05,2.7118644067796627e-05,0.00010169491525423735,0.037826903329724146,-0.014528733203416501,0.06779661016949157,1.0,0.5338983050847458,5.340777482425907,0.5643148137618859
2025-10-13,2025-10-14,open,2025-10-15,2025-10-28,0,1,EXECUTED_ON_TIME,open,59,59,0,-0.012305018336680521,0.013740452743968845,-0.026045471080649366,2.033898305084747e-05,2.033898305084747e-05,3.389830508474578e-05,2.7118644067796627e-05,0.00010169491525423735,-0.01240671325193476,0.03494026338642568,0.06779661016949157,1.0,0.5338983050847458,5.274515987659059,0.5720687547931026
2025-10-14,2025-10-15,open,2025-10-16,2025-10-29,0,1,EXECUTED_ON_TIME,open,59,59,0,0.010025469965504599,0.03450365660463128,-0.024478186639126685,3.559322033898305e-05,3.559322033898305e-05,5.9322033898305094e-05,4.745762711864408e-05,0.0001779661016949153,0.009847503863809684,-0.001349114251770157,0.11864406779661019,1.0,0.5593220338983051,5.3264568042272575,0.5918072186627228
2025-10-15,2025-10-16,open,2025-10-17,2025-10-30,0,1,EXECUTED_ON_TIME,open,59,59,0,-0.0011079197628477253,0.03204674911596861,-0.03315466887881634,3.0508474576271168e-05,3.0508474576271168e-05,5.084745762711862e-05,4.06779661016949e-05,0.00015254237288135587,-0.0012604621357290811,-0.002101796131170502,0.10169491525423724,1.0,0.5508474576271186,5.319743007107933,0.6107727161242262
2025-10-16,2025-10-17,open,2025-10-20,2025-10-31,0,1,EXECUTED_ON_TIME,open,59,59,0,-0.014986609300308797,0.01990978804289245,-0.03489639734320125,2.542372881355932e-05,2.542372881355932e-05,4.23728813559322e-05,3.389830508474576e-05,0.0001271186440677966,-0.015113727944376593,0.0016411952276992048,0.0847457627118644,1.0,0.5423728813559322,5.2393418585645035,0.6229330714446413
2025-10-17,2025-10-20,open,2025-10-21,2025-11-03,0,1,EXECUTED_ON_TIME,open,59,59,0,0.00028125275664512813,0.017219357813823777,-0.01693810505717865,3.0508474576271168e-05,3.0508474576271168e-05,5.084745762711862e-05,4.06779661016949e-05,0.00015254237288135587,0.00012871038376377226,0.0021495634680338232,0.10169491525423724,1.0,0.5508474576271186,5.240016216265789,0.6336595788959108
2025-10-20,2025-10-21,open,2025-10-22,2025-11-04,0,1,EXECUTED_ON_TIME,open,59,59,0,0.0012992802858145232,0.020461699664758637,-0.019162419378944112,2.542372881355932e-05,2.542372881355932e-05,4.23728813559322e-05,3.389830508474576e-05,0.0001271186440677966,0.0011721616417467266,-0.007170346505907241,0.0847457627118644,1.0,0.5423728813559322,5.246158362276627,0.6466253308889764
2025-10-21,2025-10-22,open,2025-10-23,2025-11-05,0,1,EXECUTED_ON_TIME,open,59,59,0,0.000253087645023484,-0.003041065308166835,0.003294152953190319,3.559322033898305e-05,3.559322033898305e-05,5.9322033898305094e-05,4.745762711864408e-05,0.0001779661016949153,7.51215433285687e-05,0.0018464229029541176,0.11864406779661019,1.0,0.5593220338983051,5.246552461789347,0.6446589010278281
2025-10-22,2025-10-23,open,2025-10-24,2025-11-06,0,1,EXECUTED_ON_TIME,open,59,59,0,0.014097760518669277,0.013826844376419345,0.00027091614224993184,2.033898305084747e-05,2.033898305084747e-05,3.389830508474578e-05,2.7118644067796627e-05,0.00010169491525423735,0.013996065603415039,-0.0020841185475685853,0.06779661016949157,1.0,0.5338983050847458,5.319983554236309,0.6535724993282134
2025-10-23,2025-10-24,open,2025-10-27,2025-11-07,0,1,EXECUTED_ON_TIME,open,59,59,0,0.012150903040053155,0.011026897843227301,0.0011240051968258533,2.542372881355932e-05,2.542372881355932e-05,4.23728813559322e-05,3.389830508474576e-05,0.0001271186440677966,0.012023784395985358,-0.0264626880251898,0.0847457627118644,1.0,0.5423728813559322,5.3839498894826345,0.6607793765114484
2025-10-24,2025-10-27,open,2025-10-28,2025-11-10,0,1,EXECUTED_ON_TIME,open,59,59,0,0.00882393683515145,-0.002395634149341297,0.011219570984492748,4.0677966101694904e-05,4.0677966101694904e-05,6.779661016949151e-05,5.4237288135593214e-05,0.00020338983050847455,0.008620547004642976,0.01193541749778788,0.13559322033898302,1.0,0.5677966101694916,5.430362482575562,0.6591963908718971
2025-10-27,2025-10-28,open,2025-10-29,2025-11-11,0,1,EXECUTED_ON_TIME,open,59,59,0,5.391386594276154e-05,0.0018325880085012791,-0.0017786741425585176,2.033898305084747e-05,2.033898305084747e-05,3.389830508474578e-05,2.7118644067796627e-05,0.00010169491525423735,-4.778104931147582e-05,0.0012076718914548921,0.06779661016949157,1.0,0.5338983050847458,5.430103014158004,0.6604044262730563
2025-10-28,2025-10-29,open,2025-10-30,2025-11-12,0,1,EXECUTED_ON_TIME,open,59,59,0,0.016597420423339348,-0.012226453913562807,0.028823874336902155,3.0508474576271168e-05,3.0508474576271168e-05,5.084745762711862e-05,4.06779661016949e-05,0.00015254237288135587,0.01644487805045799,-0.007448595216295543,0.10169491525423724,1.0,0.5508474576271186,5.519400396027256,0.6523300219909158
2025-10-29,2025-10-30,open,2025-10-31,2025-11-13,0,1,EXECUTED_ON_TIME,open,59,59,0,-0.0019380347042942678,-0.01946692776005643,0.017528893055762163,2.033898305084747e-05,2.033898305084747e-05,3.389830508474578e-05,2.7118644067796627e-05,0.00010169491525423735,-0.002039729619548505,0.011993567861172037,0.06779661016949157,1.0,0.5338983050847458,5.508142311557332,0.6396311605771027
2025-10-30,2025-10-31,open,2025-11-03,2025-11-14,0,1,EXECUTED_ON_TIME,open,59,59,0,-0.0023118323412935128,-0.008331109336639275,0.006019276995345763,3.0508474576271168e-05,3.0508474576271168e-05,5.084745762711862e-05,4.06779661016949e-05,0.00015254237288135587,-0.0024643747141748686,0.026949248376169996,0.10169491525423724,1.0,0.5508474576271186,5.494568184922654,0.6343023234432134
2025-10-31,2025-11-03,open,2025-11-04,2025-11-17,0,1,EXECUTED_ON_TIME,open,59,59,0,0.00015137485292388104,-0.004297423271390377,0.004448798124314258,3.559322033898305e-05,3.559322033898305e-05,5.9322033898305094e-05,4.745762711864408e-05,0.0001779661016949153,-2.6591248771034253e-05,-0.013949054594966695,0.11864406779661019,1.0,0.5593220338983051,5.49442207749316,0.6315764578773515
2025-11-03,2025-11-04,open,2025-11-05,2025-11-18,0,1,EXECUTED_ON_TIME,open,59,59,0,-0.018626576217330344,-0.013885387800611992,-0.004741188416718351,2.033898305084747e-05,2.033898305084747e-05,3.389830508474578e-05,2.7118644067796627e-05,0.00010169491525423735,-0.01872827113258458,0.02124561392625166,0.06779661016949157,1.0,0.5338983050847458,5.3915210511090095,0.6228067738339876
2025-11-04,2025-11-05,open,2025-11-06,2025-11-19,0,1,EXECUTED_ON_TIME,open,59,59,0,0.01968284173947315,0.0012987405833089216,0.018384101156164227,1.0169491525423734e-05,1.0169491525423734e-05,1.694915254237289e-05,1.3559322033898314e-05,5.084745762711868e-05,0.01963199428184603,-0.018270176517433893,0.03389830508474578,1.0,0.5169491525423728,5.497367361554834,0.6236156382667255
2025-11-05,2025-11-06,open,2025-11-07,2025-11-20,0,1,EXECUTED_ON_TIME,open,59,59,0,0.00783405164426842,-0.004840789907650023,0.012674841551918442,2.033898305084747e-05,2.033898305084747e-05,3.389830508474578e-05,2.7118644067796627e-05,0.00010169491525423735,0.0077323567290141825,-0.0011896649324710587,0.06779661016949157,1.0,0.5338983050847458,5.539874967064815,0.6205968459787512
2025-11-06,2025-11-07,open,2025-11-10,2025-11-21,0,1,EXECUTED_ON_TIME,open,59,59,0,0.008144384668533431,-0.0343141135556323,0.042458498224165725,2.033898305084747e-05,2.033898305084747e-05,3.389830508474578e-05,2.7118644067796627e-05,0.00010169491525423735,0.008042689753279193,0.003181495008254805,0.06779661016949157,1.0,0.5338983050847458,5.584430462696876,0.5993016153335691
2025-11-07,2025-11-10,open,2025-11-11,2025-11-24,0,1,EXECUTED_ON_TIME,open,59,59,0,0.0042579666786807056,-0.045853735950670216,0.05011170262935092,2.033898305084747e-05,2.033898305084747e-05,3.389830508474578e-05,2.7118644067796627e-05,0.00010169491525423735,0.004156271763426468,0.005732829206093192,0.06779661016949157,1.0,0.5338983050847458,5.607640873343802,0.5718213973092534
2025-11-10,2025-11-11,open,2025-11-12,2025-11-25,0,1,EXECUTED_ON_TIME,open,59,59,0,-0.011734047665873455,-0.048976730735601826,0.037242683069728375,2.542372881355932e-05,2.542372881355932e-05,4.23728813559322e-05,3.389830508474576e-05,0.0001271186440677966,-0.01186116630994125,0.016817334697899273,0.0847457627118644,1.0,0.5423728813559322,5.541127712338646,0.5438154547043825
2025-11-11,2025-11-12,open,2025-11-13,2025-11-26,0,1,EXECUTED_ON_TIME,open,59,59,0,-0.0046866962566026755,-0.03302574598492236,0.028339049728319687,2.542372881355932e-05,2.542372881355932e-05,4.23728813559322e-05,3.389830508474576e-05,0.0001271186440677966,-0.004813814900670472,-0.008639561759129985,0.0847457627118644,1.0,0.5423728813559322,5.514453749190473,0.5258555436346405
2025-11-12,2025-11-13,open,2025-11-14,2025-11-27,0,1,EXECUTED_ON_TIME,open,59,59,0,0.0025925656763337458,-0.02665325232471949,0.029245818001053234,2.033898305084747e-05,2.033898305084747e-05,3.389830508474578e-05,2.7118644067796627e-05,0.00010169491525423735,0.0024908707610795085,0.0015876997982258898,0.06779661016949157,1.0,0.5338983050847458,5.528189540797657,0.5118397831437939
2025-11-13,2025-11-14,open,2025-11-17,2025-11-28,0,1,EXECUTED_ON_TIME,open,59,59,0,-0.006285482112717268,-0.032556432994704565,0.026270950881987297,3.0508474576271168e-05,3.0508474576271168e-05,5.084745762711862e-05,4.06779661016949e-05,0.00015254237288135587,-0.006438024485598624,0.0037985550353056233,0.10169491525423724,1.0,0.5508474576271186,5.492598921172971,0.4951761055398488
2025-11-14,2025-11-17,open,2025-11-18,2025-12-01,0,1,EXECUTED_ON_TIME,open,59,59,0,-0.003268586106332825,-0.01681205578055467,0.013543469674221844,2.542372881355932e-05,2.542372881355932e-05,4.23728813559322e-05,3.389830508474576e-05,0.0001271186440677966,-0.0033957047504006217,0.005333329525039149,0.0847457627118644,1.0,0.5423728813559322,5.473947676924299,0.486851177232315
2025-11-17,2025-11-18,open,2025-11-19,2025-12-02,1,1,EXECUTED_ON_TIME,open,59,59,0,-0.00011579360665444382,-0.002809288975067603,0.002693495368413159,4.0677966101694904e-05,4.0677966101694904e-05,6.779661016949151e-05,5.4237288135593214e-05,0.00020338983050847455,-0.0003191834371629184,0.006606286068847728,0.13559322033898302,1.0,0.5677966101694916,5.472200483489928,0.4854834715876176
2025-11-18,2025-11-19,open,2025-11-20,2025-12-03,1,1,EXECUTED_ON_TIME,open,59,59,0,0.007299462349808428,-0.0029439341231256577,0.010243396472934086,2.033898305084747e-05,2.033898305084747e-05,3.389830508474578e-05,2.7118644067796627e-05,0.00010169491525423735,0.007197767434554191,-0.008527799808316205,0.06779661016949157,1.0,0.5338983050847458,5.511588109925344,0.4840542402293973
2025-11-19,2025-11-20,open,2025-11-21,2025-12-04,1,1,EXECUTED_ON_TIME,open,59,59,0,-0.021194327808580243,-0.018603583906622645,-0.0025907439019575984,2.033898305084747e-05,2.033898305084747e-05,3.389830508474578e-05,2.7118644067796627e-05,0.00010169491525423735,-0.02129602272383448,0.01969063862023472,0.06779661016949157,1.0,0.5338983050847458,5.394213204291958,0.47504909655593325
2025-11-20,2025-11-21,open,2025-11-24,2025-12-05,1,2,EXECUTED_ON_TIME,open,59,59,0,-0.002653945413671825,0.007648359790188408,-0.010302305203860234,2.542372881355932e-05,2.542372881355932e-05,4.23728813559322e-05,3.389830508474576e-05,0.0001271186440677966,-0.002781064057739622,0.006403320081393023,0.0847457627118644,1.0,0.5423728813559322,5.379211551829718,0.478682442964397
2025-11-21,2025-11-24,open,2025-11-25,2025-12-08,1,2,EXECUTED_ON_TIME,open,59,59,0,0.011799316407062567,0.026823119962728903,-0.015023803555666336,2.542372881355932e-05,2.542372881355932e-05,4.23728813559322e-05,3.389830508474576e-05,0.0001271186440677966,0.01167219776299477,0.008087000412182811,0.0847457627118644,1.0,0.5423728813559322,5.44199877287166,0.4915221995560832
2025-11-24,2025-11-25,open,2025-11-26,2025-12-09,1,2,EXECUTED_ON_TIME,open,59,59,0,0.011304629485038577,0.030283281156860964,-0.01897865167182239,2.542372881355932e-05,2.542372881355932e-05,4.23728813559322e-05,3.389830508474576e-05,0.0001271186440677966,0.01117751084097078,0.005542824781982724,0.0847457627118644,1.0,0.5423728813559322,5.502826773151983,0.5064071045200788
2025-11-25,2025-11-26,open,2025-11-27,2025-12-10,1,2,EXECUTED_ON_TIME,open,59,59,0,0.009713573109560983,0.021391465239202878,-0.011677892129641895,2.542372881355932e-05,2.542372881355932e-05,4.23728813559322e-05,3.389830508474576e-05,0.0001271186440677966,0.009586454465493187,0.0009118476147780448,0.0847457627118644,1.0,0.5423728813559322,5.555579371444301,0.5172398944933054
2025-11-26,2025-11-27,open,2025-11-28,2025-12-11,1,2,EXECUTED_ON_TIME,open,59,59,0,0.0006830592939283458,0.017074283398237133,-0.016391224104308787,3.559322033898305e-05,3.559322033898305e-05,5.9322033898305094e-05,4.745762711864408e-05,0.0001779661016949153,0.0005050931922334305,0.004451215904367886,0.11864406779661019,1.0,0.5593220338983051,5.55838545676373,0.5260713950367584
2025-11-27,2025-11-28,open,2025-12-01,2025-12-12,1,2,EXECUTED_ON_TIME,open,59,59,0,0.013930443202182044,0.010471247127062266,0.003459196075119778,2.542372881355932e-05,2.542372881355932e-05,4.23728813559322e-05,3.389830508474576e-05,0.0001271186440677966,0.013803324558114248,-0.002196649520139841,0.0847457627118644,1.0,0.5423728813559322,5.635109655242542,0.5315800186206666
2025-11-28,2025-12-01,open,2025-12-02,2025-12-15,1,2,EXECUTED_ON_TIME,open,59,59,0,0.023278822107300604,0.002382584726607462,0.020896237380693142,2.542372881355932e-05,2.542372881355932e-05,4.23728813559322e-05,3.389830508474576e-05,0.0001271186440677966,0.023151703463232805,0.02362636673560963,0.0847457627118644,1.0,0.5423728813559322,5.765572042963517,0.532846553054002
2025-12-01,2025-12-02,open,2025-12-03,2025-12-16,1,2,EXECUTED_ON_TIME,open,59,59,0,-0.002304348214057606,-0.006449602026286638,0.004145253812229032,4.0677966101694904e-05,4.0677966101694904e-05,6.779661016949151e-05,5.4237288135593214e-05,0.00020338983050847455,-0.0025077380445660807,0.0008159797543377638,0.13559322033898302,1.0,0.5677966101694916,5.751113498602691,0.529409904845725
2025-12-02,2025-12-03,open,2025-12-04,2025-12-17,1,2,EXECUTED_ON_TIME,open,59,59,0,0.006520176782755896,-0.012035334033433043,0.01855551081618894,2.542372881355932e-05,2.542372881355932e-05,4.23728813559322e-05,3.389830508474576e-05,0.0001271186440677966,0.006393058138688099,0.013294034651486113,0.0847457627118644,1.0,0.5423728813559322,5.787880701561452,0.5230382798002987
2025-12-03,2025-12-04,open,2025-12-05,2025-12-18,1,2,EXECUTED_ON_TIME,open,59,59,0,0.012041510753320007,0.004495103229221753,0.007546407524098254,4.0677966101694904e-05,4.0677966101694904e-05,6.779661016949151e-05,5.4237288135593214e-05,0.00020338983050847455,0.011838120922811533,0.008802453420254212,0.13559322033898302,1.0,0.5677966101694916,5.856398333193344,0.5253893908608356
2025-12-04,2025-12-05,open,2025-12-08,2025-12-19,1,2,EXECUTED_ON_TIME,open,59,59,0,0.016645803578406768,0.0029611429963591895,0.013684660582047578,4.0677966101694904e-05,4.0677966101694904e-05,6.779661016949151e-05,5.4237288135593214e-05,0.00020338983050847455,0.01644241374789829,0.005064283099829222,0.13559322033898302,1.0,0.5677966101694916,5.9526916576602105,0.5269451439759446
2025-12-05,2025-12-08,open,2025-12-09,2025-12-22,1,2,EXECUTED_ON_TIME,open,59,59,0,0.011473188623870836,-0.0011913418707030221,0.012664530494573858,5.593220338983049e-05,5.593220338983049e-05,9.322033898305082e-05,7.457627118644067e-05,0.0002796610169491525,0.011193527606921683,0.0008095543830664142,0.18644067796610164,1.0,0.5932203389830508,6.019323276065722,0.5263173721623624
2025-12-08,2025-12-09,open,2025-12-10,2025-12-23,1,2,EXECUTED_ON_TIME,open,59,59,0,0.004161516089657944,0.0010077245873738594,0.0031537915022840845,4.0677966101694904e-05,4.0677966101694904e-05,6.779661016949151e-05,5.4237288135593214e-05,0.00020338983050847455,0.003958126259149469,0.008500565739881585,0.13559322033898302,1.0,0.5677966101694916,6.043148517587028,0.5268477551190525
2025-12-09,2025-12-10,open,2025-12-11,2025-12-24,1,2,EXECUTED_ON_TIME,open,59,59,0,0.018696699818996004,0.008161126706021982,0.010535573112974022,2.033898305084747e-05,2.033898305084747e-05,3.389830508474578e-05,2.7118644067796627e-05,0.00010169491525423735,0.018595004903741767,0.011701274021334775,0.06779661016949157,1.0,0.5338983050847458,6.1555208939055985,0.5311474264033623
2025-12-10,2025-12-11,open,2025-12-12,2025-12-25,1,2,EXECUTED_ON_TIME,open,59,59,0,-0.002418114865639218,0.006989052007857044,-0.009407166873496263,3.0508474576271168e-05,3.0508474576271168e-05,5.084745762711862e-05,4.06779661016949e-05,0.00015254237288135587,-0.002570657238520574,0.007822621528498278,0.10169491525423724,1.0,0.5508474576271186,6.139697159562815,0.5348596433903349
2025-12-11,2025-12-12,open,2025-12-15,2025-12-26,1,2,EXECUTED_ON_TIME,open,59,59,0,0.013538389251991892,0.017779481953119403,-0.00424109270112751,4.5762711864406784e-05,4.5762711864406784e-05,7.627118644067799e-05,6.101694915254239e-05,0.00022881355932203397,0.013309575692669858,0.013971807525133028,0.15254237288135597,1.0,0.576271186440678,6.221413923638086,0.5443691707674452
2025-12-12,2025-12-15,open,2025-12-16,2025-12-29,1,2,EXECUTED_ON_TIME,open,59,59,0,0.0070691991543080385,0.023793830465606458,-0.01672463131129842,3.559322033898305e-05,3.559322033898305e-05,5.9322033898305094e-05,4.745762711864408e-05,0.0001779661016949153,0.006891233052613123,0.011289336331254925,0.11864406779661019,1.0,0.5593220338983051,6.264287136902649,0.5573217985273885
2025-12-15,2025-12-16,open,2025-12-17,2025-12-30,1,2,EXECUTED_ON_TIME,open,59,59,0,0.004486563860314678,0.01648745614400071,-0.012000892283686034,3.559322033898305e-05,3.559322033898305e-05,5.9322033898305094e-05,4.745762711864408e-05,0.0001779661016949153,0.0043085977586197624,0.01730230463072844,0.11864406779661019,1.0,0.5593220338983051,6.291277430420058,0.5665106172387044
2025-12-16,2025-12-17,open,2025-12-18,2025-12-31,1,2,EXECUTED_ON_TIME,open,59,59,0,0.020563480581005735,0.034825534532519686,-0.014262053951513951,3.0508474576271168e-05,3.0508474576271168e-05,5.084745762711862e-05,4.06779661016949e-05,0.00015254237288135587,0.02041093820812438,0.004769689027770911,0.10169491525423724,1.0,0.5508474576271186,6.419688305302529,0.58623965230239
2025-12-17,2025-12-18,open,2025-12-19,2026-01-05,1,2,EXECUTED_ON_TIME,open,59,59,0,0.009521505177027075,0.023635813867389333,-0.014114308690362258,3.0508474576271168e-05,3.0508474576271168e-05,5.084745762711862e-05,4.06779661016949e-05,0.00015254237288135587,0.009368962804145719,0.00778810325071635,0.10169491525423724,1.0,0.5508474576271186,6.479834126249118,0.6000959036058923
2025-12-18,2025-12-19,open,2025-12-22,2026-01-06,1,2,EXECUTED_ON_TIME,open,59,59,0,0.018370524910453385,0.034602739131397664,-0.01623221422094428,3.0508474576271168e-05,3.0508474576271168e-05,5.084745762711862e-05,4.06779661016949e-05,0.00015254237288135587,0.01821798253757203,0.015052657550289762,0.10169491525423724,1.0,0.5508474576271186,6.597883631207488,0.6208608656121873
2025-12-19,2025-12-22,open,2025-12-23,2026-01-07,1,2,EXECUTED_ON_TIME,open,59,59,0,0.015781668688579525,0.04561489628281734,-0.029833227594237816,4.0677966101694904e-05,4.0677966101694904e-05,6.779661016949151e-05,5.4237288135593214e-05,0.00020338983050847455,0.015578278858071051,0.0027553627228982247,0.13559322033898302,1.0,0.5677966101694916,6.70066730228754,0.6491813696031474
2025-12-22,2025-12-23,open,2025-12-24,2026-01-08,1,2,EXECUTED_ON_TIME,open,59,59,0,0.002937425584154448,0.031409051855427306,-0.028471626271272858,4.0677966101694904e-05,4.0677966101694904e-05,6.779661016949151e-05,5.4237288135593214e-05,0.00020338983050847455,0.0027340357536459734,0.0029159236704743574,0.13559322033898302,1.0,0.5677966101694916,6.718987166265281,0.66957154090459
2025-12-23,2025-12-24,open,2025-12-25,2026-01-09,1,1,EXECUTED_ON_TIME,open,59,59,0,0.01103124236372426,0.022119596001715536,-0.011088353637991277,4.0677966101694904e-05,4.0677966101694904e-05,6.779661016949151e-05,5.4237288135593214e-05,0.00020338983050847455,0.010827852533215785,0.004514925080362304,0.13559322033898302,1.0,0.5677966101694916,6.79173936847417,0.6843821928836458
2025-12-24,2025-12-25,open,2025-12-26,2026-01-12,0,1,EXECUTED_ON_TIME,open,59,59,0,0.006956782846185417,0.030313307353995844,-0.02335652450781043,3.0508474576271168e-05,3.0508474576271168e-05,5.084745762711862e-05,4.06779661016949e-05,0.00015254237288135587,0.0068042404733040605,0.008690303558914482,0.10169491525423724,1.0,0.5508474576271186,6.837951996369274,0.7051280806441294
2025-12-25,2025-12-26,open,2025-12-29,2026-01-13,1,1,EXECUTED_ON_TIME,open,59,59,0,0.0008675450566697421,0.03410908683367131,-0.03324154177700157,2.033898305084747e-05,2.033898305084747e-05,3.389830508474578e-05,2.7118644067796627e-05,0.00010169491525423735,0.0007658501414155047,-0.004394467677145653,0.06779661016949157,1.0,0.5338983050847458,6.843188842872686,0.7291793555756799
2025-12-26,2025-12-29,open,2025-12-30,2026-01-14,1,1,EXECUTED_ON_TIME,open,59,59,0,-0.0032509073757633843,0.02349179361843934,-0.02674270099420272,2.033898305084747e-05,2.033898305084747e-05,3.389830508474578e-05,2.7118644067796627e-05,0.00010169491525423735,-0.0033526022910176216,0.01181766127379011,0.06779661016949157,1.0,0.5338983050847458,6.820246352280205,0.7463090865076903
2025-12-29,2025-12-30,open,2025-12-31,2026-01-15,1,1,EXECUTED_ON_TIME,open,59,59,0,0.008664198502819898,0.02262808090241175,-0.013963882399591853,3.559322033898305e-05,3.559322033898305e-05,5.9322033898305094e-05,4.745762711864408e-05,0.0001779661016949153,0.008486232401124984,-0.0004535005091204306,0.11864406779661019,1.0,0.5593220338983051,6.8781245478585795,0.7631966288953914
2025-12-30,2025-12-31,open,2026-01-05,2026-01-16,0,1,EXECUTED_ON_TIME,open,59,59,0,0.0010868924748386338,0.02618931038037342,-0.025102417905534788,2.542372881355932e-05,2.542372881355932e-05,4.23728813559322e-05,3.389830508474576e-05,0.0001271186440677966,0.0009597738307708372,-0.005043995843842993,0.0847457627118644,1.0,0.5423728813559322,6.8847259918043955,0.7831842222907875
2025-12-31,2026-01-05,open,2026-01-06,2026-01-19,1,1,EXECUTED_ON_TIME,open,59,59,0,0.01698211241912204,0.012566243122556608,0.004415869296565431,3.0508474576271168e-05,3.0508474576271168e-05,5.084745762711862e-05,4.06779661016949e-05,0.00015254237288135587,0.016829570046240683,0.006962668546110575,0.10169491525423724,1.0,0.5508474576271186,7.000592970132641,0.793025905637844
2026-01-05,2026-01-06,open,2026-01-07,2026-01-20,1,1,EXECUTED_ON_TIME,open,59,59,0,0.020302295185214782,0.0037508404480497415,0.01655145473716504,3.559322033898305e-05,3.559322033898305e-05,5.9322033898305094e-05,4.745762711864408e-05,0.0001779661016949153,0.020124329083519868,-0.0026866231309144173,0.11864406779661019,1.0,0.5593220338983051,7.141475206843365,0.7960004192810617
2026-01-06,2026-01-07,open,2026-01-08,2026-01-21,0,1,EXECUTED_ON_TIME,open,59,59,0,-0.009944380289543014,-0.01717346955367738,0.007229089264134365,5.084745762711864e-05,5.084745762711864e-05,8.47457627118644e-05,6.779661016949152e-05,0.0002542372881355932,-0.010198617577678606,-0.0087146237805486,0.1694915254237288,1.0,0.5847457627118644,7.068642032268297,0.782330330315824
2026-01-07,2026-01-08,open,2026-01-09,2026-01-22,0,1,EXECUTED_ON_TIME,open,59,59,0,0.0032928996269466207,-0.004044519115792955,0.007337418742739576,3.0508474576271168e-05,3.0508474576271168e-05,5.084745762711862e-05,4.06779661016949e-05,0.00015254237288135587,0.003140357254065265,0.01101324551731173,0.10169491525423724,1.0,0.5508474576271186,7.090840093550722,0.7791661803399971
2026-01-08,2026-01-09,open,2026-01-12,2026-01-23,0,1,EXECUTED_ON_TIME,open,59,59,0,0.008895519198198748,0.0007676752031386957,0.008127843995060053,2.542372881355932e-05,2.542372881355932e-05,4.23728813559322e-05,3.389830508474576e-05,0.0001271186440677966,0.008768400554130952,-0.015582882575181213,0.0847457627118644,1.0,0.5423728813559322,7.153015419756265,0.7797643268957684
2026-01-09,2026-01-12,open,2026-01-13,2026-01-26,0,1,EXECUTED_ON_TIME,open,59,59,0,0.014389893309196291,-0.011379241663434403,0.025769134972630694,3.0508474576271168e-05,3.0508474576271168e-05,5.084745762711862e-05,4.06779661016949e-05,0.00015254237288135587,0.014237350936314935,0.0007356370611176864,0.10169491525423724,1.0,0.5508474576271186,7.254855410540207,0.7708912001794962
2026-01-12,2026-01-13,open,2026-01-14,2026-01-14,0,1,EXECUTED_ON_TIME,open,59,59,0,-0.015905940074674167,-0.006326112968000119,-0.009579827106674047,4.5762711864406784e-05,4.5762711864406784e-05,7.627118644067799e-05,6.101694915254239e-05,0.00022881355932203397,-0.0161347536339962,-0.004514140129619964,0.15254237288135597,1.0,0.576271186440678,7.137800105840877,0.7660144553611236
2026-01-13,2026-01-14,open,2026-01-15,2026-01-28,0,1,EXECUTED_ON_TIME,open,59,59,0,-0.0035610500586626694,-0.008829212265211606,0.005268162206548936,3.559322033898305e-05,3.559322033898305e-05,5.9322033898305094e-05,4.745762711864408e-05,0.0001779661016949153,-0.003739016160357585,0.004164962642168363,0.11864406779661019,1.0,0.5593220338983051,7.111111755895736,0.7592511511365198
2026-01-14,2026-01-15,open,2026-01-16,2026-01-16,0,1,EXECUTED_ON_TIME,open,59,59,0,0.009908523569330821,0.011993950608211401,-0.00208542703888058,4.5762711864406784e-05,4.5762711864406784e-05,7.627118644067799e-05,6.101694915254239e-05,0.00022881355932203397,0.009679710010008787,-0.0056364149187484135,0.15254237288135597,1.0,0.576271186440678,7.179945255541571,0.7683575719424788
2026-01-15,2026-01-16,open,2026-01-19,2026-01-19,0,1,EXECUTED_ON_TIME,open,59,59,0,-0.005424503258880521,-0.012187057255207412,0.006762553996326891,2.033898305084747e-05,2.033898305084747e-05,3.389830508474578e-05,2.7118644067796627e-05,0.00010169491525423735,-0.005526198174134758,0.003830919660649772,0.06779661016949157,1.0,0.5338983050847458,7.14026745518001,0.7589935542207437
2026-01-16,2026-01-19,open,2026-01-20,2026-02-02,0,1,EXECUTED_ON_TIME,open,59,59,0,0.0016033242420531338,-0.009728199788356151,0.011331524030409285,4.0677966101694904e-05,4.0677966101694904e-05,6.779661016949151e-05,5.4237288135593214e-05,0.00020338983050847455,0.0013999344115446593,-0.012320591756787194,0.13559322033898302,1.0,0.5677966101694916,7.150263361298149,0.7516099132872097
2026-01-19,2026-01-20,open,2026-01-21,2026-02-03,1,1,EXECUTED_ON_TIME,open,59,59,0,-0.006698865821559426,-0.01869425427124427,0.011995388449684844,3.559322033898305e-05,3.559322033898305e-05,5.9322033898305094e-05,4.745762711864408e-05,0.0001779661016949153,-0.006876831923254342,0.0017491153931101754,0.11864406779661019,1.0,0.5593220338983051,7.101092201955498,0.7375591264554308
2026-01-20,2026-01-21,open,2026-01-22,2026-02-04,0,1,EXECUTED_ON_TIME,open,59,59,0,0.01073274696462091,-0.014123711383940085,0.024856458348560997,2.542372881355932e-05,2.542372881355932e-05,4.23728813559322e-05,3.389830508474576e-05,0.0001271186440677966,0.010605628320553114,-0.0050666815667769535,0.0847457627118644,1.0,0.5423728813559322,7.176403746519417,0.7271420542247833
2026-01-21,2026-01-22,open,2026-01-23,2026-02-05,0,1,EXECUTED_ON_TIME,open,59,59,0,-0.00672599760952333,-0.016240189550071782,0.009514191940548452,3.0508474576271168e-05,3.0508474576271168e-05,5.084745762711862e-05,4.06779661016949e-05,0.00015254237288135587,-0.006878539982404687,-0.004372169661964666,0.10169491525423724,1.0,0.5508474576271186,7.127040566419104,0.7153331294343442
2026-01-22,2026-01-23,open,2026-01-26,2026-02-06,0,1,EXECUTED_ON_TIME,open,59,59,0,0.005048794315659636,-0.022541089757346477,0.027589884073006114,2.542372881355932e-05,2.542372881355932e-05,4.23728813559322e-05,3.389830508474576e-05,0.0001271186440677966,0.00492167567159184,-0.004365857902177464,0.0847457627118644,1.0,0.5423728813559322,7.162117548585296,0.6992087411573611
2026-01-23,2026-01-26,open,2026-01-27,2026-02-09,0,1,EXECUTED_ON_TIME,open,59,59,0,-0.015514616313061157,-0.004602603186385057,-0.0109120131266761,4.0677966101694904e-05,4.0677966101694904e-05,6.779661016949151e-05,5.4237288135593214e-05,0.00020338983050847455,-0.01571800614356963,-0.004884044500165302,0.13559322033898302,1.0,0.5677966101694916,7.049543340955664,0.695990560777362
2026-01-26,2026-01-27,open,2026-01-28,2026-02-10,0,1,EXECUTED_ON_TIME,open,59,59,0,0.00022293858815606926,0.0027801309792157003,-0.002557192391059631,3.0508474576271168e-05,3.0508474576271168e-05,5.084745762711862e-05,4.06779661016949e-05,0.00015254237288135587,7.039621527471339e-05,-0.011844638058956851,0.10169491525423724,1.0,0.5508474576271186,7.050039602126281,0.6979255056966208
2026-01-27,2026-01-28,open,2026-01-29,2026-02-11,0,1,EXECUTED_ON_TIME,open,59,59,0,-0.00847773290856154,-0.002101531635870124,-0.006376201272691416,3.0508474576271168e-05,3.0508474576271168e-05,5.084745762711862e-05,4.06779661016949e-05,0.00015254237288135587,-0.008630275281442897,-0.0017286377012180488,0.10169491525423724,1.0,0.5508474576271186,6.989195819614857,0.6964587931669187
2026-01-28,2026-01-29,open,2026-01-30,2026-02-12,0,1,EXECUTED_ON_TIME,open,59,59,0,-0.010342957217791778,-0.0027633122392821674,-0.00757964497850961,3.0508474576271168e-05,3.0508474576271168e-05,5.084745762711862e-05,4.06779661016949e-05,0.00015254237288135587,-0.010495499590673134,0.004895803170102795,0.10169491525423724,1.0,0.5508474576271186,6.915840717750956,0.6945342600596048
2026-01-29,2026-01-30,open,2026-02-02,2026-02-13,0,1,EXECUTED_ON_TIME,open,59,59,0,-0.013054329570098208,-0.006281916401603138,-0.00677241316849507,2.033898305084747e-05,2.033898305084747e-05,3.389830508474578e-05,2.7118644067796627e-05,0.00010169491525423735,-0.013156024485352446,-0.009246929065868123,0.06779661016949157,1.0,0.5338983050847458,6.8248557479314265,0.6901712538998611
2026-01-30,2026-02-02,open,2026-02-03,2026-02-24,0,1,EXECUTED_ON_TIME,open,59,59,0,-0.010321251641972692,0.011342933108785314,-0.021664184750758007,2.033898305084747e-05,2.033898305084747e-05,3.389830508474578e-05,2.7118644067796627e-05,0.00010169491525423735,-0.01042294655722693,-0.0016053601881579806,0.06779661016949157,1.0,0.5338983050847458,6.753720641209954,0.6979998202664537
2026-02-02,2026-02-03,open,2026-02-04,2026-02-25,0,1,EXECUTED_ON_TIME,open,59,59,0,0.0015547729808116156,0.01403033372867002,-0.012475560747858404,4.0677966101694904e-05,4.0677966101694904e-05,6.779661016949151e-05,5.4237288135593214e-05,0.00020338983050847455,0.001351383150303141,-0.013872968824613155,0.13559322033898302,1.0,0.5677966101694916,6.76284750548634,0.7077929906873437
2026-02-03,2026-02-04,open,2026-02-05,2026-02-26,0,1,EXECUTED_ON_TIME,open,59,59,0,0.006179636678713295,0.02009975544146525,-0.013920118762751954,2.542372881355932e-05,2.542372881355932e-05,4.23728813559322e-05,3.389830508474576e-05,0.0001271186440677966,0.006052518034645499,0.006276823167716619,0.0847457627118644,1.0,0.5423728813559322,6.803779761978854,0.7220194567033426
2026-02-04,2026-02-05,open,2026-02-06,2026-02-27,0,1,EXECUTED_ON_TIME,open,59,59,0,-0.011690171244866513,0.0071926715012258224,-0.018882842746092338,2.542372881355932e-05,2.542372881355932e-05,4.23728813559322e-05,3.389830508474576e-05,0.0001271186440677966,-0.01181728988893431,0.0009163622515865003,0.0847457627118644,1.0,0.5423728813559322,6.723377524191085,0.7272127054729033
2026-02-05,2026-02-06,open,2026-02-09,2026-03-02,0,1,EXECUTED_ON_TIME,open,59,59,0,0.023847360551028353,0.012554469794883172,0.011292890756145181,2.542372881355932e-05,2.542372881355932e-05,4.23728813559322e-05,3.389830508474576e-05,0.0001271186440677966,0.023720241906960555,-0.0006393084109809696,0.0847457627118644,1.0,0.5423728813559322,6.88285766549672,0.7363424754182182
2026-02-06,2026-02-09,open,2026-02-10,2026-03-03,0,1,EXECUTED_ON_TIME,open,59,59,0,0.0068588840232832815,0.00929847675764317,-0.002439592734359889,2.542372881355932e-05,2.542372881355932e-05,4.23728813559322e-05,3.389830508474576e-05,0.0001271186440677966,0.006731765379215485,-0.00014215104632956006,0.0847457627118644,1.0,0.5423728813559322,6.929191448439378,0.7431893388115599
2026-02-09,2026-02-10,open,2026-02-11,2026-03-04,0,1,EXECUTED_ON_TIME,open,59,59,0,-0.0022592643140123096,-0.023115113532439446,0.020855849218427137,3.0508474576271168e-05,3.0508474576271168e-05,5.084745762711862e-05,4.06779661016949e-05,0.00015254237288135587,-0.0024118066868936655,-0.0030136578948118027,0.10169491525423724,1.0,0.5508474576271186,6.912479578169266,0.726010432868832
2026-02-10,2026-02-11,open,2026-02-12,2026-03-05,0,1,EXECUTED_ON_TIME,open,59,59,0,0.0012313814269791453,-0.013514092377117204,0.014745473804096349,2.033898305084747e-05,2.033898305084747e-05,3.389830508474578e-05,2.7118644067796627e-05,0.00010169491525423735,0.001129686511724908,-0.003445021784447695,0.06779661016949157,1.0,0.5338983050847458,6.920288513111298,0.7161990608122918
2026-02-11,2026-02-12,open,2026-02-13,2026-03-06,0,1,EXECUTED_ON_TIME,open,59,59,0,-0.0036110594587355554,-0.020871782236008496,0.01726072277727294,2.542372881355932e-05,2.542372881355932e-05,4.23728813559322e-05,3.389830508474576e-05,0.0001271186440677966,-0.003738178102803352,-0.010200845392316832,0.0847457627118644,1.0,0.5423728813559322,6.894419242126504,0.7012507099773838
2026-02-12,2026-02-13,open,2026-02-24,2026-03-09,0,1,EXECUTED_ON_TIME,open,59,59,0,0.004392651125740307,-0.019848464155387213,0.02424111528112752,3.0508474576271168e-05,3.0508474576271168e-05,5.084745762711862e-05,4.06779661016949e-05,0.00015254237288135587,0.004240108752858952,-0.004712990515306824,0.10169491525423724,1.0,0.5508474576271186,6.923652329500924,0.6873319603964578
2026-02-13,2026-02-24,open,2026-02-25,2026-03-10,0,1,EXECUTED_ON_TIME,open,59,59,0,0.004142543587286153,-0.016608014391313874,0.020750557978600027,1.0169491525423734e-05,1.0169491525423734e-05,1.694915254237289e-05,1.3559322033898314e-05,5.084745762711868e-05,0.004091696129659034,0.0028744245167702204,0.03389830508474578,1.0,0.5169491525423728,6.951981810940648,0.6759167413065835
2026-02-24,2026-02-25,open,2026-02-26,2026-03-11,0,1,EXECUTED_ON_TIME,open,59,58,1,0.01126085806958835,-0.006904101451658207,0.018164959521246554,3.620689655172414e-05,3.620689655172414e-05,6.0344827586206904e-05,4.827586206896553e-05,0.0001810344827586207,0.011079823586829728,0.005101868171077278,0.12068965517241381,1.0,0.5603448275862069,7.029008542984719,0.6712501435517286
2026-02-25,2026-02-26,open,2026-02-27,2026-03-12,0,1,EXECUTED_ON_TIME,open,59,59,0,-0.008039647784041969,-0.008577442479948072,0.000537794695906103,4.0677966101694904e-05,4.0677966101694904e-05,6.779661016949151e-05,5.4237288135593214e-05,0.00020338983050847455,-0.008243037614550443,-0.010659213800111608,0.13559322033898302,1.0,0.5677966101694916,6.971068161171899,0.6654925340557568
2026-02-26,2026-02-27,open,2026-03-02,2026-03-13,0,1,EXECUTED_ON_TIME,open,59,59,0,-0.003487260164500093,-0.00622310197305409,0.0027358418085539973,3.559322033898305e-05,3.559322033898305e-05,5.9322033898305094e-05,4.745762711864408e-05,0.0001779661016949153,-0.0036652262661950085,-0.008221683793167626,0.11864406779661019,1.0,0.5593220338983051,6.945517619044136,0.6613511061540217
2026-02-27,2026-03-02,open,2026-03-03,2026-03-16,0,1,EXECUTED_ON_TIME,open,59,59,0,0.006854206440729781,-0.002518685054135661,0.009372891494865442,2.033898305084747e-05,2.033898305084747e-05,3.389830508474578e-05,2.7118644067796627e-05,0.00010169491525423735,0.006752511525475543,-0.009138708860852607,0.06779661016949157,1.0,0.5338983050847458,6.992417306817125,0.6596853710074155
2026-03-02,2026-03-03,open,2026-03-04,2026-03-17,0,1,EXECUTED_ON_TIME,open,59,59,0,-0.027266259509491093,-0.010923062763809721,-0.01634319674568137,2.033898305084747e-05,2.033898305084747e-05,3.389830508474578e-05,2.7118644067796627e-05,0.00010169491525423735,-0.02736795442474533,0.018174849201727763,0.06779661016949157,1.0,0.5338983050847458,6.801049148645353,0.6524795862955345
2026-03-03,2026-03-04,open,2026-03-05,2026-03-18,0,1,EXECUTED_ON_TIME,open,59,59,0,0.009869659872634013,0.008582849228237821,0.001286810644396192,3.0508474576271168e-05,3.0508474576271168e-05,5.084745762711862e-05,4.06779661016949e-05,0.00015254237288135587,0.009717117499752657,-0.014852153471495867,0.10169491525423724,1.0,0.5508474576271186,6.867135742344332,0.658079720209212
2026-03-04,2026-03-05,open,2026-03-06,2026-03-19,0,1,EXECUTED_ON_TIME,open,59,59,0,-0.0037116835196204226,-0.008706471404845595,0.004994787885225172,2.542372881355932e-05,2.542372881355932e-05,4.23728813559322e-05,3.389830508474576e-05,0.0001271186440677966,-0.0038388021636882193,0.007536848338305241,0.0847457627118644,1.0,0.5423728813559322,6.84077416679828,0.6523501679431017
2026-03-05,2026-03-06,open,2026-03-09,2026-03-20,0,1,EXECUTED_ON_TIME,open,59,59,0,-0.0022449341721052208,-0.004040468298779576,0.0017955341266743551,2.542372881355932e-05,2.542372881355932e-05,4.23728813559322e-05,3.389830508474576e-05,0.0001271186440677966,-0.0023720528161730176,-0.0014705431334846601,0.0847457627118644,1.0,0.5423728813559322,6.824547489171122,0.6497143677698242
2026-03-06,2026-03-09,open,2026-03-10,2026-03-23,0,1,EXECUTED_ON_TIME,open,59,59,0,0.0063397995605189,-0.021988785836608016,0.028328585397126915,2.542372881355932e-05,2.542372881355932e-05,4.23728813559322e-05,3.389830508474576e-05,0.0001271186440677966,0.006212680916451103,-0.0063865848511508215,0.0847457627118644,1.0,0.5423728813559322,6.86694622512051,0.6354279376819664
2026-03-09,2026-03-10,open,2026-03-11,2026-03-24,0,1,EXECUTED_ON_TIME,open,59,59,0,0.008456246377162953,-0.040844650806608596,0.04930089718377155,4.5762711864406784e-05,4.5762711864406784e-05,7.627118644067799e-05,6.101694915254239e-05,0.00022881355932203397,0.008227432817840918,-0.0026967751321750333,0.15254237288135597,1.0,0.576271186440678,6.923443563851415,0.609474105454583
2026-03-10,2026-03-11,open,2026-03-12,2026-03-25,0,1,EXECUTED_ON_TIME,open,59,59,0,0.009748030084413046,-0.03725823707250886,0.0470062671569219,2.542372881355932e-05,2.542372881355932e-05,4.23728813559322e-05,3.389830508474576e-05,0.0001271186440677966,0.00962091144034525,0.007980713621890905,0.0847457627118644,1.0,0.5423728813559322,6.9900534012414575,0.586766174744001
2026-03-11,2026-03-12,open,2026-03-13,2026-03-26,0,1,EXECUTED_ON_TIME,open,60,60,0,-0.0031511279275128405,-0.03731172303142427,0.03416059510391143,2.999999999999999e-05,2.999999999999999e-05,4.999999999999999e-05,3.999999999999999e-05,0.00014999999999999996,-0.0033011279275128405,0.005337039578198392,0.09999999999999998,1.0,0.55,6.966978340743814,0.5648729177477445
2026-03-12,2026-03-13,open,2026-03-16,2026-03-27,0,1,EXECUTED_ON_TIME,open,60,60,0,0.0007420947953184801,-0.050879384338867295,0.05162147913418578,2.999999999999999e-05,2.999999999999999e-05,4.999999999999999e-05,3.999999999999999e-05,0.00014999999999999996,0.0005920947953184802,0.012009109319907939,0.09999999999999998,1.0,0.55,6.971103452358464,0.5361325314630396
2026-03-13,2026-03-16,open,2026-03-17,2026-03-30,0,1,EXECUTED_ON_TIME,open,60,60,0,0.0009802274947337635,-0.04443714844265345,0.04541737593738721,2.999999999999999e-05,2.999999999999999e-05,4.999999999999999e-05,3.999999999999999e-05,0.00014999999999999996,0.0008302274947337635,0.007601180917698249,0.09999999999999998,1.0,0.55,6.976891054113246,0.5123083305774809
2026-03-16,2026-03-17,open,2026-03-18,2026-03-31,0,1,EXECUTED_ON_TIME,open,60,60,0,-0.012093876092588924,-0.04132880311253473,0.029234927019945803,1.9999999999999995e-05,1.9999999999999995e-05,3.333333333333333e-05,2.6666666666666663e-05,9.999999999999999e-05,-0.012193876092588924,0.008620565096893707,0.06666666666666665,1.0,0.5333333333333333,6.891815709087896,0.49113524045013285
2026-03-17,2026-03-18,open,2026-03-19,2026-04-01,0,1,EXECUTED_ON_TIME,open,60,60,0,-0.00951101247667444,-0.028282859571773344,0.018771847095098902,2.5000000000000008e-05,2.5000000000000008e-05,4.1666666666666686e-05,3.333333333333335e-05,0.00012500000000000006,-0.00963601247667444,-0.0027807925957759935,0.08333333333333337,1.0,0.5416666666666667,6.825406086928184,0.47724453141373263
2026-03-18,2026-03-19,open,2026-03-20,2026-04-02,0,1,EXECUTED_ON_TIME,open,60,60,0,-0.007031315815314269,-0.021034210571968748,0.014002894756654479,1.9999999999999995e-05,1.9999999999999995e-05,3.333333333333333e-05,2.6666666666666663e-05,9.999999999999999e-05,-0.007131315815314269,-0.001777153024521862,0.06666666666666665,1.0,0.5333333333333333,6.776731960554531,0.4672060694456556
2026-03-19,2026-03-20,open,2026-03-23,2026-04-03,0,1,EXECUTED_ON_TIME,open,60,60,0,-0.02758744239555447,-0.0238929560806298,-0.00369448631492467,1.9999999999999995e-05,1.9999999999999995e-05,3.333333333333333e-05,2.6666666666666663e-05,9.999999999999999e-05,-0.02768744239555447,0.006219314887441266,0.06666666666666665,1.0,0.5333333333333333,6.589101584766564,0.4560431353477869
2026-03-20,2026-03-23,open,2026-03-24,2026-04-07,0,1,EXECUTED_ON_TIME,open,60,60,0,-0.007221806506643179,-0.011833255539997034,0.004611449033353855,2.999999999999999e-05,2.999999999999999e-05,4.999999999999999e-05,3.999999999999999e-05,0.00014999999999999996,-0.007371806506643179,-0.007706231286185705,0.09999999999999998,1.0,0.55,6.540528002831049,0.4506466603899551
2026-03-23,2026-03-24,open,2026-03-25,2026-04-08,0,1,EXECUTED_ON_TIME,open,60,60,0,0.00941522185851604,0.013104781059573467,-0.003689559201057428,2.5000000000000008e-05,2.5000000000000008e-05,4.1666666666666686e-05,3.333333333333335e-05,0.00012500000000000006,0.009290221858516039,-0.0066817952414010996,0.08333333333333337,1.0,0.5416666666666667,6.601290959049186,0.4565522862095934
2026-03-24,2026-03-25,open,2026-03-26,2026-04-09,0,1,EXECUTED_ON_TIME,open,60,60,0,0.009409541406337174,0.012436135689124272,-0.003026594282787098,1.9999999999999995e-05,1.9999999999999995e-05,3.333333333333333e-05,2.6666666666666663e-05,9.999999999999999e-05,0.009309541406337175,0.00634518495428109,0.06666666666666665,1.0,0.5333333333333333,6.662745950567734,0.4622300323900758
2026-03-25,2026-03-26,open,2026-03-27,2026-04-10,0,1,EXECUTED_ON_TIME,open,60,60,0,-0.02232718977357815,0.015384074837431871,-0.03771126461101002,2.5000000000000008e-05,2.5000000000000008e-05,4.1666666666666686e-05,3.333333333333335e-05,0.00012500000000000006,-0.02245218977357815,0.008361594161780405,0.08333333333333337,1.0,0.5416666666666667,6.513152714072448,0.46934101380047333
2026-03-26,2026-03-27,open,2026-03-30,2026-04-13,0,1,EXECUTED_ON_TIME,open,60,60,0,0.012441356422217543,0.0414374084819531,-0.028996052059735555,1.9999999999999995e-05,1.9999999999999995e-05,3.333333333333333e-05,2.6666666666666663e-05,9.999999999999999e-05,0.012341356422217543,-0.001989969076845198,0.06666666666666665,1.0,0.5333333333333333,6.593533853149149,0.48878928910665753
2026-03-27,2026-03-30,open,2026-03-31,2026-04-14,0,1,EXECUTED_ON_TIME,open,60,60,0,0.016106257254210755,0.048050120390332296,-0.03194386313612154,1.9999999999999995e-05,1.9999999999999995e-05,3.333333333333333e-05,2.6666666666666663e-05,9.999999999999999e-05,0.016006257254210756,0.00820650750228516,0.06666666666666665,1.0,0.5333333333333333,6.699071652217002,0.5122756732937374
2026-03-30,2026-03-31,open,2026-04-01,2026-04-15,0,1,EXECUTED_ON_TIME,open,60,60,0,0.017125427044349637,0.05225314514658641,-0.03512771810223678,2.5000000000000008e-05,2.5000000000000008e-05,4.1666666666666686e-05,3.333333333333335e-05,0.00012500000000000006,0.017000427044349637,0.016483948768262518,0.08333333333333337,1.0,0.5416666666666667,6.812958731105388,0.5390436884054203
2026-03-31,2026-04-01,open,2026-04-02,2026-04-16,0,1,EXECUTED_ON_TIME,open,60,60,0,0.011721610581465756,0.039218138735059416,-0.027496528153593658,2.5000000000000008e-05,2.5000000000000008e-05,4.1666666666666686e-05,3.333333333333335e-05,0.00012500000000000006,0.011596610581465756,0.01144102366195233,0.08333333333333337,1.0,0.5416666666666667,6.891965960417614,0.5601839785615622
2026-04-01,2026-04-02,open,2026-04-03,2026-04-17,0,1,EXECUTED_ON_TIME,open,60,60,0,-0.0013508412818471667,0.04752591793182859,-0.048876759213675756,2.999999999999999e-05,2.999999999999999e-05,4.999999999999999e-05,3.999999999999999e-05,0.00014999999999999996,-0.0015008412818471666,-1.0676176400454401e-06,0.09999999999999998,1.0,0.55,6.881622213391134,0.5868072363534043
2026-04-02,2026-04-03,open,2026-04-07,2026-04-20,0,1,EXECUTED_ON_TIME,open,60,60,0,0.0075147017061008015,0.05215402442015615,-0.04463932271405535,2.5000000000000008e-05,2.5000000000000008e-05,4.1666666666666686e-05,3.333333333333335e-05,0.00012500000000000006,0.007389701706100801,0.013259704003548999,0.08333333333333337,1.0,0.5416666666666667,6.932475348802172,0.6174115952881041
2026-04-03,2026-04-07,open,2026-04-08,2026-04-21,0,1,EXECUTED_ON_TIME,open,60,60,0,0.0336625866573484,0.06852530927080269,-0.03486272261345429,2.5000000000000008e-05,2.5000000000000008e-05,4.1666666666666686e-05,3.333333333333335e-05,0.00012500000000000006,0.0335375866573484,0.018520687674611912,0.08333333333333337,1.0,0.5416666666666667,7.164973841562556,0.659719915802601
2026-04-07,2026-04-08,open,2026-04-09,2026-04-22,1,2,EXECUTED_ON_TIME,open,60,60,0,0.01625972010248866,0.051786892286168396,-0.035527172183679734,1.9999999999999995e-05,1.9999999999999995e-05,3.333333333333333e-05,2.6666666666666663e-05,9.999999999999999e-05,0.016159720102488662,0.007787813717887575,0.06666666666666665,1.0,0.5333333333333333,7.280757813383859,0.6938847600213104
2026-04-08,2026-04-09,open,2026-04-10,2026-04-23,1,2,EXECUTED_ON_TIME,open,60,60,0,0.007908438274153383,0.05552823237271154,-0.047619794098558155,2.999999999999999e-05,2.999999999999999e-05,4.999999999999999e-05,3.999999999999999e-05,0.00014999999999999996,0.007758438274153383,-0.008040678290119152,0.09999999999999998,1.0,0.55,7.337245123468057,0.7324149542156569
2026-04-09,2026-04-10,open,2026-04-13,2026-04-24,0,1,EXECUTED_ON_TIME,open,60,60,0,0.002370625587066394,0.03847443724595734,-0.03610381165889094,1.9999999999999995e-05,1.9999999999999995e-05,3.333333333333333e-05,2.6666666666666663e-05,9.999999999999999e-05,0.0022706255870663943,0.005875222311822458,0.06666666666666665,1.0,0.5333333333333333,7.353905259983982,0.7605942074096279
2026-04-10,2026-04-13,open,2026-04-14,2026-04-27,1,2,EXECUTED_ON_TIME,open,60,60,0,0.020571728503339274,0.03492900421287981,-0.014357275709540537,2.5000000000000008e-05,2.5000000000000008e-05,4.1666666666666686e-05,3.333333333333335e-05,0.00012500000000000006,0.020446728503339274,0.0023743781545288133,0.08333333333333337,1.0,0.5416666666666667,7.5042685642741525,0.7871610056845307
2026-04-13,2026-04-14,open,2026-04-15,2026-04-28,1,2,EXECUTED_ON_TIME,open,60,60,0,0.00881051439103085,0.01731198744943474,-0.00850147305840389,1.9999999999999995e-05,1.9999999999999995e-05,3.333333333333333e-05,2.6666666666666663e-05,9.999999999999999e-05,0.00871051439103085,0.006512871957640729,0.06666666666666665,1.0,0.5333333333333333,7.569634603597423,0.8007883271356258
2026-04-14,2026-04-15,open,2026-04-16,2026-04-29,1,2,EXECUTED_ON_TIME,open,60,60,0,-0.00814928469186946,0.0023141184072061893,-0.01046340309907565,1.9999999999999995e-05,1.9999999999999995e-05,3.333333333333333e-05,2.6666666666666663e-05,9.999999999999999e-05,-0.00824928469186946,0.00766876398283264,0.06666666666666665,1.0,0.5333333333333333,7.507190532738922,0.8026414461437261
2026-04-15,2026-04-16,open,2026-04-17,2026-04-30,1,2,EXECUTED_ON_TIME,open,60,60,0,0.004850926217374074,0.02695555648810255,-0.022104630270728474,1.9999999999999995e-05,1.9999999999999995e-05,3.333333333333333e-05,2.6666666666666663e-05,9.999999999999999e-05,0.0047509262173740735,-0.010280954959742456,0.06666666666666665,1.0,0.5333333333333333,7.542856641059735,0.8242770929849457
2026-04-16,2026-04-17,open,2026-04-20,2026-05-06,1,2,EXECUTED_ON_TIME,open,60,60,0,0.013041383603906076,0.027206414893650832,-0.014165031289744756,2.999999999999999e-05,2.999999999999999e-05,4.999999999999999e-05,3.999999999999999e-05,0.00014999999999999996,0.012891383603906077,0.008731448367172406,0.09999999999999998,1.0,0.55,7.640094499488907,0.8467027175640265
2026-04-17,2026-04-20,open,2026-04-21,2026-05-07,1,2,EXECUTED_ON_TIME,open,60,60,0,0.017890939028492554,0.03567338231828532,-0.017782443289792765,2.5000000000000008e-05,2.5000000000000008e-05,4.1666666666666686e-05,3.333333333333335e-05,0.00012500000000000006,0.017765939028492553,0.015566859451749704,0.08333333333333337,1.0,0.5416666666666667,7.775827952538748,0.8769074673176191
2026-04-20,2026-04-21,open,2026-04-22,2026-05-08,1,1,EXECUTED_ON_TIME,open,59,59,0,-0.001290357119319448,0.025387563243143063,-0.026677920362462512,3.559322033898305e-05,3.559322033898305e-05,5.9322033898305094e-05,4.745762711864408e-05,0.0001779661016949153,-0.0014683232210143632,-0.0019490864341084766,0.11864406779661019,1.0,0.5593220338983051,7.764410523793423,0.8991700111025296
2026-04-21,2026-04-22,open,2026-04-23,2026-05-11,1,2,EXECUTED_ON_TIME,open,59,59,0,0.016276452494660677,0.03178070578469505,-0.015504253290034374,1.5254237288135584e-05,1.5254237288135584e-05,2.542372881355931e-05,2.033898305084745e-05,7.627118644067793e-05,0.01620018130822,-0.008844110786275231,0.05084745762711862,1.0,0.5254237288135593,7.890195382030328,0.9277462686758
2026-04-22,2026-04-23,open,2026-04-24,2026-05-12,0,1,EXECUTED_ON_TIME,open,59,59,0,-0.008921962587813375,0.030936495995558255,-0.03985845858337163,2.542372881355932e-05,2.542372881355932e-05,4.23728813559322e-05,3.389830508474576e-05,0.0001271186440677966,-0.009049081231881171,0.0037580043020667853,0.0847457627118644,1.0,0.5423728813559322,7.818796363082921,0.956447487401583
2026-04-23,2026-04-24,open,2026-04-27,2026-05-13,0,1,EXECUTED_ON_TIME,open,59,59,0,0.0032343154084831832,0.030951006290165006,-0.027716690881681823,3.0508474576271168e-05,3.0508474576271168e-05,5.084745762711862e-05,4.06779661016949e-05,0.00015254237288135587,0.0030817730356018274,0.0064741026676760904,0.10169491525423724,1.0,0.5508474576271186,7.842892118885532,0.986050499600362
2026-04-24,2026-04-27,open,2026-04-28,2026-05-14,0,1,EXECUTED_ON_TIME,open,59,59,0,0.004635945773116728,0.05261481868420015,-0.04797887291108342,3.559322033898305e-05,3.559322033898305e-05,5.9322033898305094e-05,4.745762711864408e-05,0.0001779661016949153,0.004457979671421812,0.006852841654203356,0.11864406779661019,1.0,0.5593220338983051,7.877855572516679,1.0379313678503
2026-04-27,2026-04-28,open,2026-04-29,2026-05-15,0,1,EXECUTED_ON_TIME,open,59,59,0,-0.007776441590879623,0.032487386687245046,-0.04026382827812467,2.542372881355932e-05,2.542372881355932e-05,4.23728813559322e-05,3.389830508474576e-05,0.0001271186440677966,-0.00790356023494742,0.002771526431161868,0.0847457627118644,1.0,0.5423728813559322,7.815592466477077,1.0716510455524737
2026-04-28,2026-04-29,open,2026-04-30,2026-05-18,0,1,EXECUTED_ON_TIME,open,59,59,0,0.018543392447451835,0.02084462602816295,-0.0023012335807111144,3.559322033898305e-05,3.559322033898305e-05,5.9322033898305094e-05,4.745762711864408e-05,0.0001779661016949153,0.01836542634575692,-0.007872562933050248,0.11864406779661019,1.0,0.5593220338983051,7.959129154268614,1.093989210829705
2026-04-29,2026-04-30,open,2026-05-06,2026-05-19,0,1,EXECUTED_ON_TIME,open,59,59,0,0.00876587661421131,-0.0004702371223064272,0.009236113736517738,5.084745762711864e-05,5.084745762711864e-05,8.47457627118644e-05,6.779661016949152e-05,0.0002542372881355932,0.008511639326075718,-0.002977787804323208,0.1694915254237288,1.0,0.5847457627118644,8.026874390979403,1.0934747764913701
2026-04-30,2026-05-06,open,2026-05-07,2026-05-20,0,1,EXECUTED_ON_TIME,open,59,59,0,0.014162414793478436,-0.005772539583922653,0.019934954377401087,3.0508474576271168e-05,3.0508474576271168e-05,5.084745762711862e-05,4.06779661016949e-05,0.00015254237288135587,0.01400987242059708,0.004296531363470517,0.10169491525423724,1.0,0.5508474576271186,8.139329877133182,1.0871626500600526
2026-05-06,2026-05-07,open,2026-05-08,2026-05-21,0,1,EXECUTED_ON_TIME,open,59,59,0,-0.006245584660298365,-0.0019528984027126217,-0.004292686257585743,3.559322033898305e-05,3.559322033898305e-05,5.9322033898305094e-05,4.745762711864408e-05,0.0001779661016949153,-0.00642355076199328,-0.0017215474289808338,0.11864406779661019,1.0,0.5593220338983051,8.087046478498808,1.0850395318572614
2026-05-07,2026-05-08,open,2026-05-11,2026-05-22,0,1,EXECUTED_ON_TIME,open,60,60,0,0.009149618073735643,-0.010731620393589214,0.019881238467324855,2.999999999999999e-05,2.999999999999999e-05,4.999999999999999e-05,3.999999999999999e-05,0.00014999999999999996,0.008999618073735643,-0.007995233662688303,0.09999999999999998,1.0,0.55,8.159826808149846,1.0733952994893317
2026-05-08,2026-05-11,open,2026-05-12,2026-05-25,0,1,EXECUTED_ON_TIME,open,60,60,0,0.00449472457056481,-0.005932344106148291,0.0104270686767131,2.999999999999999e-05,2.999999999999999e-05,4.999999999999999e-05,3.999999999999999e-05,0.00014999999999999996,0.00434472457056481,-0.002710194966813023,0.09999999999999998,1.0,0.55,8.195279008174769,1.0670275492108388
2026-05-11,2026-05-12,open,2026-05-13,2026-05-26,0,1,EXECUTED_ON_TIME,open,60,60,0,-0.015132872977427799,-0.013072057341987575,-0.0020608156354402236,2.5000000000000008e-05,2.5000000000000008e-05,4.1666666666666686e-05,3.333333333333335e-05,0.00012500000000000006,-0.015257872977427799,-0.0005929542196682971,0.08333333333333337,1.0,0.5416666666666667,8.070236482053458,1.0530793039020743
2026-05-12,2026-05-13,open,2026-05-14,2026-05-27,0,1,EXECUTED_ON_TIME,open,60,60,0,0.01979834230921771,0.004374494986710831,0.01542384732250688,2.5000000000000008e-05,2.5000000000000008e-05,4.1666666666666686e-05,3.333333333333335e-05,0.00012500000000000006,0.01967334230921771,-0.008209943258375148,0.08333333333333337,1.0,0.5416666666666667,8.229005006881232,1.0576859940376029
2026-05-13,2026-05-14,open,2026-05-15,2026-05-28,0,1,EXECUTED_ON_TIME,open,60,60,0,-0.024597578273844393,-0.027522848190632554,0.0029252699167881605,3.5000000000000004e-05,3.5000000000000004e-05,5.8333333333333346e-05,4.666666666666668e-05,0.00017500000000000003,-0.024772578273844395,0.005565671926904905,0.1166666666666667,1.0,0.5583333333333333,8.02515133623241,1.0285754629903476
2026-05-14,2026-05-15,open,2026-05-18,2026-05-29,0,1,EXECUTED_ON_TIME,open,60,60,0,-0.011591399856418128,0.005271171112109174,-0.0168625709685273,3.5000000000000004e-05,3.5000000000000004e-05,5.8333333333333346e-05,4.666666666666668e-05,0.00017500000000000003,-0.011766399856418128,0.004771317004390969,0.1166666666666667,1.0,0.5583333333333333,7.930724196702031,1.0339972602574867
2026-05-15,2026-05-18,open,2026-05-19,2026-06-01,0,1,EXECUTED_ON_TIME,open,60,60,0,0.0013035153983526912,0.012730316734035352,-0.01142680133568266,2.5000000000000008e-05,2.5000000000000008e-05,4.1666666666666686e-05,3.333333333333335e-05,0.00012500000000000006,0.001178515398352691,0.0020229971478171534,0.08333333333333337,1.0,0.5416666666666667,7.940070677287934,1.0471603728826893
2026-05-18,2026-05-19,open,2026-05-20,2026-06-02,0,1,EXECUTED_ON_TIME,open,60,60,0,0.0019394658971755444,0.00869673491114309,-0.006757269013967545,2.5000000000000008e-05,2.5000000000000008e-05,4.1666666666666686e-05,3.333333333333335e-05,0.00012500000000000006,0.0018144658971755443,-0.0027222101469881023,0.08333333333333337,1.0,0.5416666666666667,7.9544776647530355,1.0562672490551037
2026-05-19,2026-05-20,open,2026-05-21,2026-06-02,0,1,EXECUTED_ON_TIME,open,60,60,0,0.007663621703560658,0.006418526701828853,0.0012450950017318056,1.9999999999999995e-05,1.9999999999999995e-05,3.333333333333333e-05,2.6666666666666663e-05,9.999999999999999e-05,0.007563621703560658,-0.006478914316619136,0.06666666666666665,1.0,0.5333333333333333,8.01464232465865,1.063046928597431
2026-05-20,2026-05-21,open,2026-05-22,2026-06-02,0,1,EXECUTED_ON_TIME,open,60,60,0,-0.021440840161698265,-0.0052447291260209195,-0.016196111035677346,3.999999999999999e-05,3.999999999999999e-05,6.666666666666666e-05,5.3333333333333326e-05,0.00019999999999999998,-0.021640840161698264,-0.0027795205640798355,0.1333333333333333,1.0,0.5666666666666667,7.84119873115753,1.057471535408689
2026-05-21,2026-05-22,open,2026-05-25,2026-06-05,0,1,EXECUTED_ON_TIME,open,60,60,0,0.015372811095524986,0.014136377936285083,0.0012364331592399028,2.999999999999999e-05,2.999999999999999e-05,4.999999999999999e-05,3.999999999999999e-05,0.00014999999999999996,0.015222811095524987,0.002159434798244788,0.09999999999999998,1.0,0.55,7.960563818204412,1.07242035269009
2026-05-22,2026-05-25,open,2026-05-26,2026-06-02,0,1,EXECUTED_ON_TIME,open,60,60,0,-0.002277372979083244,-0.0025822889126561055,0.0003049159335728616,2.999999999999999e-05,2.999999999999999e-05,4.999999999999999e-05,3.999999999999999e-05,0.00014999999999999996,-0.002427372979083244,-0.01487614561952312,0.09999999999999998,1.0,0.55,7.941240560693835,1.0696510535036317
2026-05-25,2026-05-26,open,2026-05-27,2026-06-09,0,1,EXECUTED_ON_TIME,open,60,60,0,0.0012875269251995689,-0.03197149454655657,0.033259021471756134,1.9999999999999995e-05,1.9999999999999995e-05,3.333333333333333e-05,2.6666666666666663e-05,9.999999999999999e-05,0.0011875269251995688,-0.0048759428652896345,0.06666666666666665,1.0,0.5333333333333333,7.950670997679145,1.035452710679822
2026-05-26,2026-05-27,open,2026-05-28,2026-06-02,0,1,EXECUTED_ON_TIME,open,60,60,0,-0.012837104013581836,-0.016258630687044584,0.0034215266734627485,3.999999999999999e-05,3.999999999999999e-05,6.666666666666666e-05,5.3333333333333326e-05,0.00019999999999999998,-0.013037104013581836,0.00709474038446032,0.1333333333333333,1.0,0.5666666666666667,7.847017272904634,1.0186176674629794
2026-05-27,2026-05-28,open,2026-05-29,2026-06-02,0,1,EXECUTED_ON_TIME,open,60,60,0,0.003340251023796905,-0.005860593389682478,0.009200844413479382,3.5000000000000004e-05,3.5000000000000004e-05,5.8333333333333346e-05,4.666666666666668e-05,0.00017500000000000003,0.0031652510237969046,-0.012894852490796662,0.1166666666666667,1.0,0.5583333333333333,7.871855052361448,1.012647963494432
2026-05-28,2026-05-29,open,2026-06-01,2026-06-02,0,1,EXECUTED_ON_TIME,open,60,60,0,-0.0136662001076643,-0.015574645692000288,0.0019084455843359893,2.999999999999999e-05,2.999999999999999e-05,4.999999999999999e-05,3.999999999999999e-05,0.00014999999999999996,-0.013816200107664298,0.004919241471562365,0.09999999999999998,1.0,0.55,7.763095927739494,0.9968763302522806
2026-05-29,2026-06-01,open,2026-06-02,2026-06-02,0,1,EXECUTED_ON_TIME,open,60,60,0,0.0029901607153482485,-0.007612450813073379,0.010602611528421627,3.999999999999999e-05,3.999999999999999e-05,6.666666666666666e-05,5.3333333333333326e-05,0.00019999999999999998,0.0027901607153482484,0.015267556803515917,0.1333333333333333,1.0,0.5666666666666667,7.784756213026553,0.989287658221518
2026-06-01,2026-06-02,open,2026-06-03,2026-06-16,0,1,EXECUTED_ON_TIME,open,60,60,0,-0.004786989309552814,0.007049935275640129,-0.011836924585192943,4.5e-05,4.5e-05,7.500000000000001e-05,6.0000000000000015e-05,0.00022500000000000002,-0.0050119893095528145,-0.0078743574964895,0.15000000000000002,1.0,0.575,7.7457390981093885,0.9962620721809693
2026-06-02,2026-06-03,open,2026-06-04,2026-06-17,0,1,EXECUTED_ON_TIME,open,60,60,0,-0.007885286724991851,-0.012525844052794555,0.004640557327802703,3.5000000000000004e-05,3.5000000000000004e-05,5.8333333333333346e-05,4.666666666666668e-05,0.00017500000000000003,-0.008060286724991851,-0.007490431583242604,0.1166666666666667,1.0,0.5583333333333333,7.683306220081647,0.9837830488291165
2026-06-03,2026-06-04,open,2026-06-05,2026-06-18,0,1,EXECUTED_ON_TIME,open,60,60,0,-0.001244300138263162,0.003824135506060866,-0.005068435644324028,1.9999999999999995e-05,1.9999999999999995e-05,3.333333333333333e-05,2.6666666666666663e-05,9.999999999999999e-05,-0.001344300138263162,-0.009866311150772508,0.06666666666666665,1.0,0.5333333333333333,7.672977550467674,0.9875451685164047
2026-06-04,2026-06-05,open,2026-06-08,2026-06-22,0,1,EXECUTED_ON_TIME,open,60,60,0,-0.027432078824309192,0.012764773228373771,-0.04019685205268296,3.999999999999999e-05,3.999999999999999e-05,6.666666666666666e-05,5.3333333333333326e-05,0.00019999999999999998,-0.02763207882430919,0.02377899588330692,0.1333333333333333,1.0,0.5666666666666667,7.460957229975996,1.0001509586452928
2026-06-05,2026-06-08,open,2026-06-09,2026-06-23,0,1,EXECUTED_ON_TIME,open,60,60,0,-0.0015496885768797135,0.07318656746403351,-0.07473625604091323,3.999999999999999e-05,3.999999999999999e-05,6.666666666666666e-05,5.3333333333333326e-05,0.00019999999999999998,-0.0017496885768797134,-0.015308685694332106,0.1333333333333333,1.0,0.5666666666666667,7.447902878338119,1.0733485742544042
2026-06-08,2026-06-09,open,2026-06-10,2026-06-10,0,1,EXECUTED_ON_TIME,open,60,60,0,-0.0019796220570764394,0.0020373352649789567,-0.004016957322055396,2.5000000000000008e-05,2.5000000000000008e-05,4.1666666666666686e-05,3.333333333333335e-05,0.00012500000000000006,-0.0021046220570764395,-0.006312386250453859,0.08333333333333337,1.0,0.5416666666666667,7.432227857661405,1.0755353451563476
2026-06-09,2026-06-10,open,2026-06-11,2026-06-25,0,1,EXECUTED_ON_TIME,open,60,60,0,-0.0058492695746471274,0.041627438006444306,-0.04747670758109143,3.5000000000000004e-05,3.5000000000000004e-05,5.8333333333333346e-05,4.666666666666668e-05,0.00017500000000000003,-0.006024269574647127,-0.0003124185197251458,0.1166666666666667,1.0,0.5583333333333333,7.387454113506651,1.1203071260605832
2026-06-10,2026-06-11,open,2026-06-12,2026-06-26,0,1,EXECUTED_ON_TIME,open,60,60,0,0.006695164785204498,0.05322392555546718,-0.04652876077026268,3.5000000000000004e-05,3.5000000000000004e-05,5.8333333333333346e-05,4.666666666666668e-05,0.00017500000000000003,0.006520164785204498,-0.02084722056916125,0.1166666666666667,1.0,0.5583333333333333,7.435621531669851,1.1799342691372912
2026-06-11,2026-06-12,open,2026-06-15,2026-06-29,0,1,EXECUTED_ON_TIME,open,60,60,0,0.012047866772772746,0.017013401217228274,-0.0049655344444555286,3.5000000000000004e-05,3.5000000000000004e-05,5.8333333333333346e-05,4.666666666666668e-05,0.00017500000000000003,0.011872866772772746,0.015076128928783617,0.1166666666666667,1.0,0.5583333333333333,7.523903675488127,1.200008964268081
2026-06-12,2026-06-15,open,2026-06-16,2026-06-30,0,1,EXECUTED_ON_TIME,open,60,59,1,0.0002252845181634404,0.01764317687344885,-0.01741789235528541,4.0677966101694904e-05,4.0677966101694904e-05,6.779661016949151e-05,5.4237288135593214e-05,0.00020338983050847455,2.189468765496585e-05,-0.01968494835178798,0.13559322033898302,1.0,0.5677966101694916,7.524068409009048,1.2211809346743867
2026-06-15,2026-06-16,open,2026-06-17,2026-07-01,0,1,EXECUTED_ON_TIME,open,60,60,0,-0.006045015363858884,0.015896817878439995,-0.02194183324229888,3.5000000000000004e-05,3.5000000000000004e-05,5.8333333333333346e-05,4.666666666666668e-05,0.00017500000000000003,-0.006220015363858884,0.0004901063278766379,0.1166666666666667,1.0,0.5583333333333333,7.477268587906287,1.2405938255895286
2026-06-16,2026-06-17,open,2026-06-18,2026-07-02,0,1,EXECUTED_ON_TIME,open,60,60,0,0.0017371214137823629,0.0011255836521630869,0.000611537761619276,2.999999999999999e-05,2.999999999999999e-05,4.999999999999999e-05,3.999999999999999e-05,0.00014999999999999996,0.001587121413782363,-0.020795727818547403,0.09999999999999998,1.0,0.55,7.489135920998755,1.2419902177185866
2026-06-17,2026-06-18,open,2026-06-22,2026-07-03,0,1,EXECUTED_ON_TIME,open,60,60,0,-0.00965564262002436,-0.02167291423754547,0.01201727161752111,2.999999999999999e-05,2.999999999999999e-05,4.999999999999999e-05,3.999999999999999e-05,0.00014999999999999996,-0.009805642620024362,-0.017170323022460857,0.09999999999999998,1.0,0.55,7.4157001306246535,1.2150726702461012
2026-06-18,2026-06-22,open,2026-06-23,2026-07-06,0,1,EXECUTED_ON_TIME,open,60,60,0,0.024980187445033688,-0.016326197441035473,0.041306384886069164,3.999999999999999e-05,3.999999999999999e-05,6.666666666666666e-05,5.3333333333333326e-05,0.00019999999999999998,0.02478018744503369,-0.0073749576173976865,0.1333333333333333,1.0,0.5666666666666667,7.599462569897693,1.1952351539264572
2026-06-22,2026-06-23,open,2026-06-24,2026-07-07,0,1,EXECUTED_ON_TIME,open,60,59,1,-0.02905565363095798,-0.04638545839502406,0.01732980476406608,2.542372881355932e-05,2.542372881355932e-05,4.23728813559322e-05,3.389830508474576e-05,0.0001271186440677966,-0.02918277227502578,-0.00305209318848524,0.0847457627118644,1.0,0.5423728813559322,7.377689184307787,1.1397936234217314
2026-06-23,2026-06-24,open,2026-06-25,2026-06-25,0,1,EXECUTED_ON_TIME,open,60,60,0,-0.006120687084130897,0.010323884822087459,-0.016444571906218355,3.5000000000000004e-05,3.5000000000000004e-05,5.8333333333333346e-05,4.666666666666668e-05,0.00017500000000000003,-0.006295687084130897,-0.018630388561222087,0.1166666666666667,1.0,0.5583333333333333,7.331241561799408,1.1515607215108872
2026-06-24,2026-06-25,open,2026-06-26,2026-06-26,0,1,EXECUTED_ON_TIME,open,60,60,0,0.0006487693461875258,0.006231095895252947,-0.005582326549065421,1.5000000000000012e-05,1.5000000000000012e-05,2.500000000000002e-05,2.000000000000002e-05,7.500000000000006e-05,0.0005737693461875257,-0.004800519608133069,0.050000000000000044,1.0,0.525,7.335448003477065,1.1587362067958282
2026-06-25,2026-06-26,open,2026-06-29,2026-06-29,0,1,EXECUTED_ON_TIME,open,60,60,0,-0.03156668549205641,-0.023240880600984615,-0.008325804891071792,1.9999999999999995e-05,1.9999999999999995e-05,3.333333333333333e-05,2.6666666666666663e-05,9.999999999999999e-05,-0.03166668549205641,-0.006801377725707363,0.06666666666666665,1.0,0.5333333333333333,7.103158678607624,1.1318061569656486
2026-06-26,2026-06-29,open,2026-06-30,2026-06-30,0,1,EXECUTED_ON_TIME,open,60,60,0,0.013745378865920567,0.009956755417081409,0.003788623448839158,3.5000000000000004e-05,3.5000000000000004e-05,5.8333333333333346e-05,4.666666666666668e-05,0.00017500000000000003,0.013570378865920567,0.009615259892340178,0.1166666666666667,1.0,0.5583333333333333,7.19955123302108,1.1430752740501025
2026-06-29,2026-06-30,open,2026-07-01,2026-07-01,0,1,EXECUTED_ON_TIME,open,59,59,0,0.004509386782412085,0.011842320255619265,-0.00733293347320718,2.033898305084747e-05,2.033898305084747e-05,3.389830508474578e-05,2.7118644067796627e-05,0.00010169491525423735,0.004407691867157848,-0.007580345896305171,0.06779661016949157,1.0,0.5338983050847458,7.231284636438054,1.1566119375216835
2026-06-30,2026-07-01,open,2026-07-02,2026-07-13,0,1,EXECUTED_ON_TIME,open,59,59,0,0.014418345451874186,-0.04570039728983821,0.0601187427417124,4.5762711864406784e-05,4.5762711864406784e-05,7.627118644067799e-05,6.101694915254239e-05,0.00022881355932203397,0.014189531892552152,0.019748234467510728,0.15254237288135597,1.0,0.576271186440678,7.333893180410914,1.103754312466773
2026-07-01,2026-07-02,open,2026-07-03,2026-07-03,0,1,EXECUTED_ON_TIME,open,59,59,0,-0.0033093432751081456,-0.011442968808290654,0.008133625533182509,4.5762711864406784e-05,4.5762711864406784e-05,7.627118644067799e-05,6.101694915254239e-05,0.00022881355932203397,-0.0035381568344301797,-0.0037268408861926266,0.15254237288135597,1.0,0.576271186440678,7.307944716131663,1.0911240862971994
2026-07-02,2026-07-03,open,2026-07-06,2026-07-06,0,1,EXECUTED_ON_TIME,open,59,59,0,0.006859057421801362,0.012276330653151257,-0.005417273231349895,1.5254237288135584e-05,1.5254237288135584e-05,2.542372881355931e-05,2.033898305084745e-05,7.627118644067793e-05,0.006782786235360684,0.005294998190042325,0.05084745762711862,1.0,0.5254237288135593,7.3575129429610175,1.1045190863642014
2026-07-03,2026-07-06,open,2026-07-07,2026-07-07,0,1,EXECUTED_ON_TIME,open,59,59,0,0.0007245649438646004,-0.011229439943211017,0.011954004887075617,2.542372881355932e-05,2.542372881355932e-05,4.23728813559322e-05,3.389830508474576e-05,0.0001271186440677966,0.0005974462997968039,0.014444525537386042,0.0847457627118644,1.0,0.5423728813559322,7.361908661844497,1.0921159556177442
2026-07-06,2026-07-07,open,2026-07-08,2026-07-13,0,1,EXECUTED_ON_TIME,open,59,59,0,-0.0077172948710133886,-0.014215794316050467,0.006498499445037079,2.542372881355932e-05,2.542372881355932e-05,4.23728813559322e-05,3.389830508474576e-05,0.0001271186440677966,-0.007844413515081186,3.256152822316179e-05,0.0847457627118644,1.0,0.5423728813559322,7.304158806040731,1.0765906598234054
2026-07-07,2026-07-08,open,2026-07-09,2026-07-09,0,1,EXECUTED_ON_TIME,open,59,59,0,-0.006794041553809477,-0.006261234296961016,-0.0005328072568484615,3.559322033898305e-05,3.559322033898305e-05,5.9322033898305094e-05,4.745762711864408e-05,0.0001779661016949153,-0.006972007655504393,0.009641302558683406,0.11864406779661019,1.0,0.5593220338983051,7.253234154927995,1.0698498734603312
2026-07-08,2026-07-09,open,2026-07-10,2026-07-10,0,1,EXECUTED_ON_TIME,open,59,59,0,0.009024141156995263,0.023695951869993293,-0.014671810712998029,2.542372881355932e-05,2.542372881355932e-05,4.23728813559322e-05,3.389830508474576e-05,0.0001271186440677966,0.008897022512927467,-0.00980384054299608,0.0847457627118644,1.0,0.5423728813559322,7.317766342495924,1.0952009845699657
2026-07-09,2026-07-10,open,2026-07-13,2026-07-13,0,1,EXECUTED_ON_TIME,open,59,59,0,0.005988460207730115,-0.02907354544293894,0.035062005650669054,3.559322033898305e-05,3.559322033898305e-05,5.9322033898305094e-05,4.745762711864408e-05,0.0001779661016949153,0.0058104941060352,0.024600924980116408,0.11864406779661019,1.0,0.5593220338983051,7.36028618069834,1.0633596089759194
2026-07-10,2026-07-13,open,2026-07-14,2026-07-14,0,1,EXECUTED_ON_TIME,open,59,59,0,-0.016491305790361566,-0.011445940290443102,-0.005045365499918464,3.559322033898305e-05,3.559322033898305e-05,5.9322033898305094e-05,4.745762711864408e-05,0.0001779661016949153,-0.01666927189205648,0.004252527187045316,0.11864406779661019,1.0,0.5593220338983051,7.237595569148934,1.051188458384312
2026-07-13,2026-07-14,open,2026-07-15,2026-07-15,0,1,EXECUTED_ON_TIME,open,60,60,0,0.01108976092486181,0.022770885088897685,-0.011681124164035876,4.999999999999998e-05,4.999999999999998e-05,8.333333333333332e-05,6.666666666666666e-05,0.00024999999999999995,0.010839760924861809,-0.007582847434277406,0.16666666666666663,1.0,0.5833333333333333,7.316049374789348,1.0751249499769568
2026-07-14,2026-07-15,open,2026-07-16,2026-07-16,0,1,EXECUTED_ON_TIME,open,60,60,0,0.0031463685234428386,-0.01801000970624289,0.02115637822968573,1.5000000000000012e-05,1.5000000000000012e-05,2.500000000000002e-05,2.000000000000002e-05,7.500000000000006e-05,0.0030713685234428387,0.03747209584216237,0.050000000000000044,1.0,0.525,7.33851965855503,1.055761939192448
2026-07-15,2026-07-16,open,2026-07-17,2026-07-17,0,1,EXECUTED_ON_TIME,open,60,60,0,-0.0023742647077936423,-0.01059315738490152,0.008218892677107877,2.999999999999999e-05,2.999999999999999e-05,4.999999999999999e-05,3.999999999999999e-05,0.00014999999999999996,-0.0025242647077936423,0.0059961436569998805,0.09999999999999998,1.0,0.55,7.3199952923734894,1.0445780868095935
2026-07-16,2026-07-17,open,2026-07-20,2026-07-20,0,1,EXECUTED_ON_TIME,open,60,60,0,-0.023745310083146322,-0.018438002909716866,-0.0053073071734294555,2.5000000000000008e-05,2.5000000000000008e-05,4.1666666666666686e-05,3.333333333333335e-05,0.00012500000000000006,-0.023870310083146322,0.00011144849623670114,0.08333333333333337,1.0,0.5416666666666667,7.145264734937363,1.0253181530055717
2026-07-17,2026-07-20,open,2026-07-21,2026-07-21,0,1,EXECUTED_ON_TIME,open,60,60,0,0.005321928561426914,0.0120598705632462,-0.006737942001819286,3.5000000000000004e-05,3.5000000000000004e-05,5.8333333333333346e-05,4.666666666666668e-05,0.00017500000000000003,0.005146928561426914,0.013575149363491395,0.1166666666666667,1.0,0.5583333333333333,7.182040902080568,1.0376833572169655
2026-07-20,2026-07-21,open,2026-07-22,2026-07-22,0,1,EXECUTED_ON_TIME,open,60,60,0,0.011903397572711591,0.01723375801391236,-0.005330360441200768,2.5000000000000008e-05,2.5000000000000008e-05,4.1666666666666686e-05,3.333333333333335e-05,0.00012500000000000006,0.011778397572711591,-0.014277130863518889,0.08333333333333337,1.0,0.5416666666666667,7.266633835208749,1.0555665410903068
2026-07-21,2026-07-22,open,2026-07-23,2026-07-23,0,1,EXECUTED_ON_TIME,open,60,60,0,0.010336796677248341,0.005203304844756396,0.005133491832491946,1.5000000000000012e-05,1.5000000000000012e-05,2.500000000000002e-05,2.000000000000002e-05,7.500000000000006e-05,0.01026179667724834,-0.0006806932025599996,0.050000000000000044,1.0,0.525,7.341202554153674,1.0610589755875248
2026-07-22,2026-07-23,open,2026-07-24,2026-07-24,0,1,EXECUTED_ON_TIME,open,60,60,0,-0.002149096896197448,-0.010509229761712868,0.00836013286551542,2.5000000000000008e-05,2.5000000000000008e-05,4.1666666666666686e-05,3.333333333333335e-05,0.00012500000000000006,-0.002274096896197448,0.014198320746046605,0.08333333333333337,1.0,0.5416666666666667,7.3245079482109166,1.0499080630223478
2026-07-23,2026-07-24,open,2026-07-27,2026-07-27,0,1,EXECUTED_ON_TIME,open,60,60,0,-0.019468810771825915,-0.0062707452584706,-0.013198065513355315,2.5000000000000008e-05,2.5000000000000008e-05,4.1666666666666686e-05,3.333333333333335e-05,0.00012500000000000006,-0.019593810771825915,-0.007943957868554076,0.08333333333333337,1.0,0.5416666666666667,7.180992925476938,1.0433243570143205
2026-07-24,2026-07-27,open,2026-07-28,2026-07-28,0,1,EXECUTED_ON_TIME,open,60,60,0,0.0014593578700574429,-0.00692178116664699,0.008381139036704432,2.999999999999999e-05,2.999999999999999e-05,4.999999999999999e-05,3.999999999999999e-05,0.00014999999999999996,0.001309357870057443,0.005320776344409956,0.09999999999999998,1.0,0.55,7.190395415078737,1.0361026941292346
2026-07-27,2026-07-28,open,2026-07-29,2026-07-29,0,1,EXECUTED_ON_TIME,open,60,60,0,-0.0022169216611951075,-0.009019423205896215,0.006802501544701108,1.9999999999999995e-05,1.9999999999999995e-05,3.333333333333333e-05,2.6666666666666663e-05,9.999999999999999e-05,-0.0023169216611951073,0.012157295820330932,0.06666666666666665,1.0,0.5333333333333333,7.173735832188983,1.0267576454461138
2026-07-28,2026-07-29,open,2026-07-30,2026-07-30,0,1,EXECUTED_ON_TIME,open,60,60,0,0.0019583733305554036,-0.0035023280835514425,0.005460701414106846,1.5000000000000012e-05,1.5000000000000012e-05,2.500000000000002e-05,2.000000000000002e-05,7.500000000000006e-05,0.0018833733305554036,0.011724101198097473,0.050000000000000044,1.0,0.525,7.187246654935778,1.0231616033094668
2026-07-29,2026-07-30,open,2026-07-31,2026-07-31,0,1,EXECUTED_ON_TIME,open,60,60,0,0.012089661644647635,0.012660185057228102,-0.0005705234125804662,3.999999999999999e-05,3.999999999999999e-05,6.666666666666666e-05,5.3333333333333326e-05,0.00019999999999999998,0.011889661644647635,0.0009127195537627867,0.1333333333333333,1.0,0.5666666666666667,7.272700585819589,1.0361150185508148
2026-07-30,2026-07-31,open,2026-08-03,2026-08-03,0,1,EXECUTED_ON_TIME,open,60,60,0,-0.003783809460887592,-0.013416729853494513,0.009632920392606922,3.999999999999999e-05,3.999999999999999e-05,6.666666666666666e-05,5.3333333333333326e-05,0.00019999999999999998,-0.003983809460887592,0.0038877681441155908,0.1333333333333333,1.0,0.5666666666666667,7.243727532419598,1.02221374324977
2026-07-31,2026-08-03,open,2026-08-04,2026-08-04,0,1,EXECUTED_ON_TIME,open,60,60,0,0.011861192143701795,0.0011236750619325608,0.010737517081769234,2.5000000000000008e-05,2.5000000000000008e-05,4.1666666666666686e-05,3.333333333333335e-05,0.00012500000000000006,0.011736192143701795,0.017102044317485826,0.08333333333333337,1.0,0.5416666666666667,7.328741310576698,1.0233623793410245
2026-08-03,2026-08-04,open,2026-08-05,2026-08-05,0,1,EXECUTED_ON_TIME,open,60,60,0,0.0036887313552050956,-0.0036685371374243214,0.007357268492629417,2.999999999999999e-05,2.999999999999999e-05,4.999999999999999e-05,3.999999999999999e-05,0.00014999999999999996,0.0035387313552050956,0.0032706532097304306,0.09999999999999998,1.0,0.55,7.354675757246622,1.019608136447369
2026-08-04,2026-08-05,open,2026-08-06,2026-08-06,0,1,EXECUTED_ON_TIME,open,60,60,0,0.01631475771218382,0.01573868689850011,0.0005760708136837121,1.9999999999999995e-05,1.9999999999999995e-05,3.333333333333333e-05,2.6666666666666663e-05,9.999999999999999e-05,0.016214757712183822,-0.00042168006195705474,0.06666666666666665,1.0,0.5333333333333333,7.473930042702048,1.0356554296660774
2026-08-05,2026-08-06,open,2026-08-07,2026-08-07,0,1,EXECUTED_ON_TIME,open,60,60,0,0.009347348202158136,0.007420264342725247,0.001927083859432889,3.5000000000000004e-05,3.5000000000000004e-05,5.8333333333333346e-05,4.666666666666668e-05,0.00017500000000000003,0.009172348202158136,-0.0016596780099779381,0.1166666666666667,1.0,0.5583333333333333,7.542483531492282,1.0433402667221783
2026-08-06,2026-08-07,open,2026-08-10,2026-08-10,0,1,EXECUTED_ON_TIME,open,60,60,0,0.015642080156727148,0.009174635069966186,0.006467445086760962,2.5000000000000008e-05,2.5000000000000008e-05,4.1666666666666686e-05,3.333333333333335e-05,0.00012500000000000006,0.015517080156727148,0.0020689881286477495,0.08333333333333337,1.0,0.5416666666666667,7.659520853031242,1.0529125329231555
2026-08-07,2026-08-10,open,2026-08-11,2026-08-11,0,1,EXECUTED_ON_TIME,open,60,60,0,-0.003413025235059201,-0.001993480910935874,-0.0014195443241233267,3.5000000000000004e-05,3.5000000000000004e-05,5.8333333333333346e-05,4.666666666666668e-05,0.00017500000000000003,-0.003588025235059201,-0.005114147895233747,0.1166666666666667,1.0,0.5583333333333333,7.632038298922104,1.050813571887888
2026-08-10,2026-08-11,open,2026-08-12,2026-08-12,0,1,EXECUTED_ON_TIME,open,60,60,0,-0.002044356051134307,-0.006180470242879155,0.004136114191744847,3.5000000000000004e-05,3.5000000000000004e-05,5.8333333333333346e-05,4.666666666666668e-05,0.00017500000000000003,-0.0022193560511343073,0.005384733498450646,0.1166666666666667,1.0,0.5583333333333333,7.615100088540902,1.0443190498760213
2026-08-11,2026-08-12,open,2026-08-13,2026-08-13,0,1,EXECUTED_ON_TIME,open,60,60,0,0.009603239471674014,0.012125182331552242,-0.0025219428598782286,2.5000000000000008e-05,2.5000000000000008e-05,4.1666666666666686e-05,3.333333333333335e-05,0.00012500000000000006,0.009478239471674013,0.0030505679587526776,0.08333333333333337,1.0,0.5416666666666667,7.687277830780857,1.0569816087680814
2026-08-12,2026-08-13,open,2026-08-14,2026-08-14,0,1,EXECUTED_ON_TIME,open,60,60,0,-0.013035843839548988,-0.009328012126415763,-0.0037078317131332243,2.999999999999999e-05,2.999999999999999e-05,4.999999999999999e-05,3.999999999999999e-05,0.00014999999999999996,-0.013185843839548989,-0.006491924857779161,0.09999999999999998,1.0,0.55,7.5859145857529535,1.0471220715040943
2026-08-13,2026-08-14,open,2026-08-17,2026-08-17,0,1,EXECUTED_ON_TIME,open,60,60,0,0.0028026766279707666,-0.00014958350943472531,0.002952260137405492,2.5000000000000008e-05,2.5000000000000008e-05,4.1666666666666686e-05,3.333333333333335e-05,0.00012500000000000006,0.0026776766279707665,0.003605571682627986,0.08333333333333337,1.0,0.5416666666666667,7.606227211941007,1.0469654393098322
2026-08-14,2026-08-17,open,2026-08-18,2026-08-18,0,1,EXECUTED_ON_TIME,open,60,60,0,0.011713960133653632,0.013226316253577508,-0.0015123561199238758,2.999999999999999e-05,2.999999999999999e-05,4.999999999999999e-05,3.999999999999999e-05,0.00014999999999999996,0.011563960133653631,-0.0013561220830428326,0.09999999999999998,1.0,0.55,7.694185320187405,1.0608129353167097
2026-08-17,2026-08-18,open,2026-08-19,2026-08-19,0,1,EXECUTED_ON_TIME,open,60,60,0,-0.021040270636668468,-0.01563516236441642,-0.005405108272252046,2.999999999999999e-05,2.999999999999999e-05,4.999999999999999e-05,3.999999999999999e-05,0.00014999999999999996,-0.02119027063666847,-0.004661450126836487,0.09999999999999998,1.0,0.55,7.531143450923952,1.0442269528347599
2026-08-18,2026-08-19,open,2026-08-20,2026-08-20,0,1,EXECUTED_ON_TIME,open,60,60,0,-0.01553269906703736,-0.010033572565130822,-0.005499126501906539,4.5e-05,4.5e-05,7.500000000000001e-05,6.0000000000000015e-05,0.00022500000000000002,-0.015757699067037362,-0.0022954351995746573,0.15000000000000002,1.0,0.575,7.4124699587936025,1.0337496259290269
2026-08-19,2026-08-20,open,2026-08-21,2026-08-21,0,1,EXECUTED_ON_TIME,open,60,60,0,-0.012959274355862183,-0.006039713887981968,-0.006919560467880215,2.5000000000000008e-05,2.5000000000000008e-05,4.1666666666666686e-05,3.333333333333335e-05,0.00012500000000000006,-0.013084274355862183,-0.00470265084161841,0.08333333333333337,1.0,0.5416666666666667,7.31548316819816,1.027506073956607
2026-08-20,2026-08-21,open,2026-08-24,2026-08-24,0,1,EXECUTED_ON_TIME,open,60,60,0,0.010474316184385947,0.0077449576757711025,0.002729358508614844,3.999999999999999e-05,3.999999999999999e-05,6.666666666666666e-05,5.3333333333333326e-05,0.00019999999999999998,0.010274316184385946,0.008805489163995255,0.1333333333333333,1.0,0.5666666666666667,7.390644755309781,1.0354640650109987
