signal_date,entry_date,entry_price_type,earliest_exit_date,actual_exit_date,exit_delay_days,exit_attempt_count,exit_status,exit_price_type,requested_long_count,executed_long_count,rejected_long_count,long_gross_return,benchmark_return,long_excess_return,entry_commission,exit_commission,stamp_duty,slippage,total_cost,long_net_return,factor_diagnostic_spread,long_turnover,short_turnover,gross_turnover,long_equity_curve,bench_equity_curve
2021-10-19,2021-10-20,open,2021-10-21,2021-11-03,5,6,UNEXECUTED_TIMEOUT,open,55,55,0,-0.010064484033516152,-0.01846320096338916,0.008398716929873007,0.0003,0.0003,0.0005,0.0004,0.0015,-0.011564484033516152,-0.004368887274793112,1.0,1.0,1.0,0.9884355159664838,0.9815367990366108
2021-10-20,2021-10-21,open,2021-10-22,2021-11-04,5,5,UNEXECUTED_TIMEOUT,open,55,55,0,-0.005586516928478658,-0.014984929003336478,0.00939841207485782,6.545454545454544e-05,6.545454545454544e-05,0.00010909090909090908,8.727272727272726e-05,0.00032727272727272726,-0.0059137896557513855,-0.0024032523210282576,0.21818181818181814,1.0,0.6090909090909091,0.9825901162367839,0.966828539788885
2021-10-21,2021-10-22,open,2021-10-25,2021-11-05,5,5,UNEXECUTED_TIMEOUT,open,55,55,0,-0.0036464999821979845,-0.015394529136532498,0.011748029154334514,7.090909090909089e-05,7.090909090909089e-05,0.00011818181818181817,9.454545454545454e-05,0.0003545454545454545,-0.004001045436743439,-0.004854093536930097,0.23636363636363633,1.0,0.6181818181818182,0.9786587285360255,0.9519446696630739
2021-10-22,2021-10-25,open,2021-10-26,2021-11-08,5,5,UNEXECUTED_TIMEOUT,open,55,55,0,-0.0006133864071723954,-0.02018722919891447,0.019573842791742072,5.999999999999998e-05,5.999999999999998e-05,9.999999999999998e-05,7.999999999999998e-05,0.0002999999999999999,-0.0009133864071723953,-0.01563820770894828,0.19999999999999996,1.0,0.6,0.9777648349561201,0.9327275444319005
2021-10-25,2021-10-26,open,2021-10-27,2021-11-09,5,5,UNEXECUTED_TIMEOUT,open,55,55,0,-0.00624844212725397,-0.025081081818689066,0.018832639691435095,0.00010909090909090908,0.00010909090909090908,0.00018181818181818183,0.00014545454545454546,0.0005454545454545455,-0.006793896672708515,-0.0030089514527767524,0.36363636363636365,1.0,0.6818181818181819,0.9711220016972204,0.9093337285754591
2021-10-26,2021-10-27,open,2021-10-28,2021-11-10,5,5,EXECUTED_ON_TIME,open,55,55,0,-0.010703048482788037,-0.023524077598380377,0.01282102911559234,8.18181818181818e-05,8.18181818181818e-05,0.00013636363636363637,0.00010909090909090909,0.0004090909090909091,-0.011112139391878946,-0.0028416295446447738,0.2727272727272727,1.0,0.6363636363636364,0.9603307586478403,0.8879424913816255
2021-10-27,2021-10-28,open,2021-10-29,2021-11-11,6,6,EXECUTED_ON_TIME,open,55,55,0,0.006829319636591546,-0.013890180326572965,0.020719499963164512,8.727272727272726e-05,8.727272727272726e-05,0.00014545454545454546,0.00011636363636363636,0.00043636363636363637,0.00639295600022791,0.018154834765094944,0.2909090909090909,1.0,0.6454545454545455,0.9664701109335414,0.8756088100567083
2021-10-28,2021-10-29,open,2021-11-01,2021-11-12,6,7,EXECUTED_ON_TIME,open,55,55,0,0.009496597216046038,0.008570193737558629,0.0009264034784874087,7.636363636363635e-05,7.636363636363635e-05,0.00012727272727272725,0.00010181818181818181,0.00038181818181818174,0.009114779034227857,-0.002333504911294597,0.2545454545454545,1.0,0.6272727272727272,0.9752792724378864,0.8831129471972075
2021-10-29,2021-11-01,open,2021-11-02,2021-11-15,5,6,UNEXECUTED_TIMEOUT,open,55,54,1,-0.006268633120433267,0.003338165788187686,-0.009606798908620953,9.444444444444443e-05,9.444444444444443e-05,0.00015740740740740738,0.00012592592592592592,0.00047222222222222213,-0.006740855342655489,-0.020238652536911567,0.31481481481481477,1.0,0.6574074074074074,0.9687050559436923,0.8860609246246468
2021-11-01,2021-11-02,open,2021-11-03,2021-11-16,6,7,UNEXECUTED_TIMEOUT,open,55,55,0,0.0006699651777603011,-0.0010824395719770674,0.0017524047497373685,6.545454545454544e-05,6.545454545454544e-05,0.00010909090909090908,8.727272727272726e-05,0.00032727272727272726,0.0003426924504875738,0.010432364567135982,0.21818181818181814,1.0,0.6090909090909091,0.9690370238531134,0.8851018172166505
2021-11-02,2021-11-03,open,2021-11-04,2021-11-17,6,7,UNEXECUTED_TIMEOUT,open,55,55,0,0.011314541610838377,0.009809940797909755,0.001504600812928622,8.727272727272726e-05,8.727272727272726e-05,0.00014545454545454546,0.00011636363636363636,0.00043636363636363637,0.010878177974474742,0.012754132144845975,0.2909090909090909,1.0,0.6454545454545455,0.9795783810624428,0.8937846136436681
2021-11-03,2021-11-04,open,2021-11-05,2021-11-18,6,6,UNEXECUTED_TIMEOUT,open,55,55,0,0.0017130135310609352,0.006265323250481902,-0.004552309719420967,3.8181818181818194e-05,3.8181818181818194e-05,6.363636363636365e-05,5.090909090909093e-05,0.00019090909090909098,0.0015221044401518443,-0.002773342936365439,0.12727272727272732,1.0,0.5636363636363637,0.9810694016657348,0.8993844631644528
2021-11-04,2021-11-05,open,2021-11-08,2021-11-19,6,6,UNEXECUTED_TIMEOUT,open,55,55,0,-0.0003343713342456089,-0.005523884006668034,0.005189512672422425,3.8181818181818194e-05,3.8181818181818194e-05,6.363636363636365e-05,5.090909090909093e-05,0.00019090909090909098,-0.0005252804251546999,0.010383677705983276,0.12727272727272732,1.0,0.5636363636363637,0.9805540651133215,0.894416367712533
2021-11-05,2021-11-08,open,2021-11-09,2021-11-22,5,6,UNEXECUTED_TIMEOUT,open,55,55,0,0.019438568224626362,0.011202909720060328,0.008235658504566035,5.999999999999998e-05,5.999999999999998e-05,9.999999999999998e-05,7.999999999999998e-05,0.0002999999999999999,0.01913856822462636,0.01145525877048339,0.19999999999999996,1.0,0.6,0.9993204659864275,0.9044364335321607
2021-11-08,2021-11-09,open,2021-11-10,2021-11-23,5,6,UNEXECUTED_TIMEOUT,open,55,55,0,0.019785919138207982,0.00977841211645436,0.010007507021753622,8.18181818181818e-05,8.18181818181818e-05,0.00013636363636363637,0.00010909090909090909,0.0004090909090909091,0.019376828229117075,0.024621560326579976,0.2727272727272727,1.0,0.6363636363636364,1.0186841270016878,0.9132803857123744
2021-11-09,2021-11-10,open,2021-11-11,2021-11-24,5,6,UNEXECUTED_TIMEOUT,open,55,55,0,0.01839505992521579,0.016807230423930175,0.0015878295012856161,8.18181818181818e-05,8.18181818181818e-05,0.00013636363636363637,0.00010909090909090909,0.0004090909090909091,0.017985969016124884,0.024152697033990974,0.2727272727272727,1.0,0.6363636363636364,1.0370061481471582,0.9286300995966981
2021-11-10,2021-11-11,open,2021-11-12,2021-11-25,5,5,UNEXECUTED_TIMEOUT,open,55,55,0,0.02638529874456811,0.021359293473452334,0.005026005271115776,8.727272727272726e-05,8.727272727272726e-05,0.00014545454545454546,0.00011636363636363636,0.00043636363636363637,0.025948935108204473,0.008144486585140637,0.2909090909090909,1.0,0.6454545454545455,1.0639153533922379,0.9484649824222652
2021-11-11,2021-11-12,open,2021-11-15,2021-11-26,4,5,UNEXECUTED_TIMEOUT,open,55,55,0,0.011170032848172135,-0.003258664361649899,0.014428697209822034,8.18181818181818e-05,8.18181818181818e-05,0.00013636363636363637,0.00010909090909090909,0.0004090909090909091,0.010760941939081226,0.009942289608857378,0.2727272727272727,1.0,0.6363636363636364,1.075364084738189,0.9453742533857729
2021-11-12,2021-11-15,open,2021-11-16,2021-11-29,5,5,UNEXECUTED_TIMEOUT,open,55,55,0,-0.007254378931495752,-0.01520243902638363,0.007948060094887879,8.18181818181818e-05,8.18181818181818e-05,0.00013636363636363637,0.00010909090909090909,0.0004090909090909091,-0.007663469840586661,0.004685921166069575,0.2727272727272727,1.0,0.6363636363636364,1.0671230645071477,0.9310022589415627
2021-11-15,2021-11-16,open,2021-11-17,2021-11-30,6,6,UNEXECUTED_TIMEOUT,open,55,55,0,-0.0016234750454694994,-0.004858329290359786,0.003234854244890287,0.00010909090909090908,0.00010909090909090908,0.00018181818181818183,0.00014545454545454546,0.0005454545454545455,-0.002168929590924045,0.002089350202347225,0.36363636363636365,1.0,0.6818181818181819,1.0648085497153805,0.9264791433975558
2021-11-16,2021-11-17,open,2021-11-18,2021-12-01,6,6,UNEXECUTED_TIMEOUT,open,55,55,0,0.013336128647750594,-0.010517385150211389,0.02385351379796198,0.00010909090909090908,0.00010909090909090908,0.00018181818181818183,0.00014545454545454546,0.0005454545454545455,0.012790674102296049,0.009358741831657243,0.36363636363636365,1.0,0.6818181818181819,1.0784281688561286,0.9167350054128057
2021-11-17,2021-11-18,open,2021-11-19,2021-12-02,6,6,UNEXECUTED_TIMEOUT,open,55,55,0,0.0007842434085050415,-0.0064679266136252744,0.007252170022130316,6.545454545454544e-05,6.545454545454544e-05,0.00010909090909090908,8.727272727272726e-05,0.00032727272727272726,0.0004569706812323143,0.004882050816881946,0.21818181818181814,1.0,0.6090909090909091,1.078920978911111,0.9108056306736543
2021-11-18,2021-11-19,open,2021-11-22,2021-12-03,6,6,UNEXECUTED_TIMEOUT,open,55,55,0,0.026819590051499455,0.005157220729874901,0.021662369321624554,5.999999999999998e-05,5.999999999999998e-05,9.999999999999998e-05,7.999999999999998e-05,0.0002999999999999999,0.026519590051499453,0.016383342169064688,0.19999999999999996,1.0,0.6,1.107533520969796,0.9155028563530512
2021-11-19,2021-11-22,open,2021-11-23,2021-12-06,5,6,UNEXECUTED_TIMEOUT,open,55,55,0,0.022476875240268302,0.0028682098334187334,0.01960866540684957,7.090909090909089e-05,7.090909090909089e-05,0.00011818181818181817,9.454545454545454e-05,0.0003545454545454545,0.022122329785722848,0.011987109353581002,0.23636363636363633,1.0,0.6181818181818182,1.1320347427694328,0.9181287106481659
2021-11-22,2021-11-23,open,2021-11-24,2021-12-07,6,6,UNEXECUTED_TIMEOUT,open,55,55,0,0.014421690079002531,0.005109708813661573,0.009311981265340958,9.272727272727271e-05,9.272727272727271e-05,0.00015454545454545454,0.00012363636363636364,0.00046363636363636366,0.013958053715366167,0.01027557998230674,0.3090909090909091,1.0,0.6545454545454545,1.1478357445166691,0.9228200810130406
2021-11-23,2021-11-24,open,2021-11-25,2021-12-08,6,6,EXECUTED_ON_TIME,open,55,54,1,0.021422427476357156,0.004147107860823729,0.017275319615533427,7.777777777777778e-05,7.777777777777778e-05,0.00012962962962962966,0.00010370370370370373,0.000388888888888889,0.021033538587468266,0.0211940889202589,0.2592592592592593,1.0,0.6296296296296297,1.1719787919410358,0.9266471154251358
2021-11-24,2021-11-25,open,2021-11-26,2021-12-09,5,6,EXECUTED_ON_TIME,open,55,55,0,0.02790683862722765,0.016894602780295864,0.011012235846931787,7.636363636363635e-05,7.636363636363635e-05,0.00012727272727272725,0.00010181818181818181,0.00038181818181818174,0.02752502044540947,0.03529931310399977,0.2545454545454545,1.0,0.6272727272727272,1.204237532150799,0.9423024503577504
2021-11-25,2021-11-26,open,2021-11-29,2021-12-10,5,6,DELAYED_LIMIT_DOWN,open,55,55,0,0.01623059916507,0.032600279274279664,-0.016369680109209663,8.727272727272726e-05,8.727272727272726e-05,0.00014545454545454546,0.00011636363636363636,0.00043636363636363637,0.015794235528706364,0.03840361989331473,0.2909090909090909,1.0,0.6454545454545455,1.2232575433660968,0.9730217734002511
2021-11-26,2021-11-29,open,2021-11-30,2021-12-13,5,5,DELAYED_LIMIT_DOWN,open,55,54,1,0.040553717009379917,0.05601985890056116,-0.015466141891181243,8.888888888888888e-05,8.888888888888888e-05,0.00014814814814814815,0.00011851851851851852,0.00044444444444444447,0.040109272564935475,0.024095219705167027,0.2962962962962963,1.0,0.6481481481481481,1.272321513590081,1.027530315853307
2021-11-29,2021-11-30,open,2021-12-01,2021-12-14,4,5,DELAYED_LIMIT_DOWN,open,55,55,0,0.02235911339350611,0.04306343821099601,-0.0207043248174899,9.818181818181817e-05,9.818181818181817e-05,0.00016363636363636363,0.00013090909090909093,0.0004909090909090909,0.02186820430259702,0.023048560321572223,0.32727272727272727,1.0,0.6636363636363636,1.3001449003878585,1.071779304119981
2021-11-30,2021-12-01,open,2021-12-02,2021-12-15,4,5,EXECUTED_ON_TIME,open,55,55,0,0.013835763093260288,0.04230126147351476,-0.028465498380254473,9.272727272727271e-05,9.272727272727271e-05,0.00015454545454545454,0.00012363636363636364,0.00046363636363636366,0.013372126729623924,0.009525259882427518,0.3090909090909091,1.0,0.6545454545454545,1.3175306027627192,1.117116920705462
2021-12-01,2021-12-02,open,2021-12-03,2021-12-16,4,5,EXECUTED_ON_TIME,open,55,55,0,0.013232875183511008,0.03444214091407405,-0.02120926573056304,5.4545454545454526e-05,5.4545454545454526e-05,9.090909090909089e-05,7.272727272727271e-05,0.0002727272727272727,0.012960147910783735,0.014760396600649373,0.18181818181818177,1.0,0.5909090909090908,1.334605994251508,1.1555928191058962
2021-12-02,2021-12-03,open,2021-12-06,2021-12-17,5,5,EXECUTED_ON_TIME,open,55,55,0,0.0029456966741456007,0.03383975227404701,-0.030894055599901406,7.636363636363635e-05,7.636363636363635e-05,0.00012727272727272725,0.00010181818181818181,0.00038181818181818174,0.0025638784923274188,-0.0010640673172389705,0.2545454545454545,1.0,0.6272727272727272,1.3380277618559007,1.1946977938341072
2021-12-03,2021-12-06,open,2021-12-07,2021-12-20,5,5,EXECUTED_ON_TIME,open,55,55,0,-0.005143022924602003,0.005201623243762166,-0.010344646168364169,8.727272727272726e-05,8.727272727272726e-05,0.00014545454545454546,0.00011636363636363636,0.00043636363636363637,-0.00557938656096564,-0.006868998866717451,0.2909090909090909,1.0,0.6454545454545455,1.330562387743203,1.200912161647786
2021-12-06,2021-12-07,open,2021-12-08,2021-12-21,5,5,EXECUTED_ON_TIME,open,55,55,0,-0.0007268957763785081,-0.01101478738045103,0.010287891604072522,6.545454545454544e-05,6.545454545454544e-05,0.00010909090909090908,8.727272727272726e-05,0.00032727272727272726,-0.0010541685036512354,0.002514326477352155,0.21818181818181814,1.0,0.6090909090909091,1.329159750781901,1.1876843695246377
2021-12-07,2021-12-08,open,2021-12-09,2021-12-22,6,6,EXECUTED_ON_TIME,open,55,55,0,0.002734614819872024,-0.0019919317542982373,0.0047265465741702616,7.636363636363635e-05,7.636363636363635e-05,0.00012727272727272725,0.00010181818181818181,0.00038181818181818174,0.0023527966380538423,-0.005759512068899622,0.2545454545454545,1.0,0.6272727272727272,1.3322869933749772,1.185318583314898
2021-12-08,2021-12-09,open,2021-12-10,2021-12-23,5,6,EXECUTED_ON_TIME,open,55,55,0,0.0004945024275454372,-0.01527710092633272,0.015771603353878158,4.9090909090909104e-05,4.9090909090909104e-05,8.181818181818184e-05,6.545454545454548e-05,0.00024545454545454556,0.0002490478820908916,-0.0018810551078315737,0.1636363636363637,1.0,0.5818181818181818,1.3326187966290146,1.1672103516877386
2021-12-09,2021-12-10,open,2021-12-13,2021-12-24,5,6,EXECUTED_ON_TIME,open,55,55,0,-0.00019021892671298573,-0.018470283385662478,0.01828006445894949,8.727272727272726e-05,8.727272727272726e-05,0.00014545454545454546,0.00011636363636363636,0.00043636363636363637,-0.0006265825630766221,-0.0031205778273183616,0.2909090909090909,1.0,0.6454545454545455,1.331783800927819,1.1456516457213872
2021-12-10,2021-12-13,open,2021-12-14,2021-12-27,5,6,EXECUTED_ON_TIME,open,55,55,0,-0.004767157022917003,-0.03376705125578072,0.02899989423286372,5.4545454545454526e-05,5.4545454545454526e-05,9.090909090909089e-05,7.272727272727271e-05,0.0002727272727272727,-0.005039884295644275,-0.003941843467986752,0.18181818181818177,1.0,0.5909090909090908,1.3250717646643293,1.1069663678790436
2021-12-13,2021-12-14,open,2021-12-15,2021-12-28,5,6,EXECUTED_ON_TIME,open,56,56,0,0.0026021138913512897,-0.02815794408203154,0.03076005797338283,5.3571428571428575e-05,5.3571428571428575e-05,8.92857142857143e-05,7.142857142857145e-05,0.0002678571428571429,0.0023342567484941467,0.011754971580878909,0.1785714285714286,1.0,0.5892857142857143,1.328164822373236,1.0757964707916159
2021-12-14,2021-12-15,open,2021-12-16,2021-12-29,6,6,EXECUTED_ON_TIME,open,56,56,0,-0.005226959665013867,-0.01541573112239103,0.010188771457377163,6.964285714285712e-05,6.964285714285712e-05,0.00011607142857142856,9.285714285714285e-05,0.0003482142857142857,-0.0055751739507281526,-0.0033419655152671507,0.2321428571428571,1.0,0.6160714285714286,1.3207600724532673,1.0592122816554752
2021-12-15,2021-12-16,open,2021-12-17,2021-12-30,6,6,EXECUTED_ON_TIME,open,56,56,0,0.003038166753902905,-0.024858132577106562,0.027896299331009466,6.428571428571429e-05,6.428571428571429e-05,0.00010714285714285715,8.571428571428573e-05,0.00032142857142857147,0.0027167381824743336,-0.0012190900397351895,0.2142857142857143,1.0,0.6071428571428572,1.3243482317719888,1.032882242330784
2021-12-16,2021-12-17,open,2021-12-20,2021-12-31,6,7,DELAYED_LIMIT_DOWN,open,56,56,0,0.00028100537602888546,-0.01670391104842761,0.016984916424456497,5.8928571428571415e-05,5.8928571428571415e-05,9.82142857142857e-05,7.857142857142857e-05,0.00029464285714285714,-1.3637481113971679e-05,0.017684211983721533,0.1964285714285714,1.0,0.5982142857142857,1.3243301709979898,1.01562906923139
2021-12-17,2021-12-20,open,2021-12-21,2022-01-04,6,6,EXECUTED_ON_TIME,open,56,56,0,-0.00842292538956187,0.0046642671904932875,-0.013087192580055158,8.035714285714287e-05,8.035714285714287e-05,0.00013392857142857146,0.00010714285714285716,0.0004017857142857144,-0.008824711103847584,0.0021956642520211834,0.2678571428571429,1.0,0.6339285714285714,1.3126433398328234,1.0203662345767173
2021-12-20,2021-12-21,open,2021-12-22,2022-01-05,6,7,UNEXECUTED_TIMEOUT,open,56,56,0,-0.0019870170210504845,0.0064433322656307634,-0.008430349286681248,7.5e-05,7.5e-05,0.000125,0.0001,0.000375,-0.0023620170210504844,-0.014817007878383491,0.25,1.0,0.625,1.3095428539215699,1.0269407932587256
2021-12-21,2021-12-22,open,2021-12-23,2022-01-06,6,7,EXECUTED_ON_TIME,open,55,55,0,-0.014700902640246061,-0.016736665910594972,0.002035763270348911,5.4545454545454526e-05,5.4545454545454526e-05,9.090909090909089e-05,7.272727272727271e-05,0.0002727272727272727,-0.014973629912973335,-0.018859087147745146,0.18181818181818177,1.0,0.5909090909090908,1.2899342438717694,1.009753228291993
2021-12-22,2021-12-23,open,2021-12-24,2022-01-07,6,7,EXECUTED_ON_TIME,open,55,55,0,-0.013027355722402911,-0.020302008959259266,0.007274653236856355,5.999999999999998e-05,5.999999999999998e-05,9.999999999999998e-05,7.999999999999998e-05,0.0002999999999999999,-0.01332735572240291,-0.017989232043902677,0.19999999999999996,1.0,0.6,1.2727428313451814,0.9892532092045679
2021-12-23,2021-12-24,open,2021-12-27,2022-01-10,6,7,EXECUTED_ON_TIME,open,56,56,0,-0.011067998136225648,-0.028433320640848136,0.01736532250462249,6.964285714285712e-05,6.964285714285712e-05,0.00011607142857142856,9.285714285714285e-05,0.0003482142857142857,-0.011416212421939933,-0.004271381193256736,0.2321428571428571,1.0,0.6160714285714286,1.2582129288240436,0.9611254555122665
2021-12-24,2021-12-27,open,2021-12-28,2022-01-11,6,6,DELAYED_LIMIT_DOWN,open,56,56,0,-0.02020976540178377,-0.015887490936625226,-0.004322274465158545,0.00011785714285714286,0.00011785714285714286,0.00019642857142857146,0.00015714285714285716,0.0005892857142857144,-0.020799051116069486,-0.019841508882004557,0.3928571428571429,1.0,0.6964285714285714,1.2320432938025327,0.9458555835488556
2021-12-27,2021-12-28,open,2021-12-29,2022-01-12,6,6,UNEXECUTED_TIMEOUT,open,56,56,0,-0.006530928728410976,-0.02128524692446232,0.014754318196051344,0.00010178571428571428,0.00010178571428571428,0.00016964285714285717,0.00013571428571428572,0.0005089285714285715,-0.007039857299839547,-0.009764566444962219,0.3392857142857143,1.0,0.6696428571428572,1.2233698848269385,0.9257228138981368
2021-12-28,2021-12-29,open,2021-12-30,2022-01-13,6,6,UNEXECUTED_TIMEOUT,open,56,56,0,-0.02106943820682954,-0.02129916110163943,0.00022972289480989103,0.00010714285714285712,0.00010714285714285712,0.00017857142857142854,0.00014285714285714284,0.0005357142857142856,-0.021605152492543824,-0.014155468105604054,0.3571428571428571,1.0,0.6785714285714286,1.1969387919104668,0.9060056945494575
2021-12-29,2021-12-30,open,2021-12-31,2022-01-14,5,6,UNEXECUTED_TIMEOUT,open,56,56,0,-0.0014715222075334436,-0.028316178344157672,0.026844656136624227,0.00010178571428571428,0.00010178571428571428,0.00016964285714285717,0.00013571428571428572,0.0005089285714285715,-0.001980450778962015,-0.014056950117097138,0.3392857142857143,1.0,0.6696428571428572,1.194568313547658,0.8803510757217726
2021-12-30,2021-12-31,open,2022-01-04,2022-01-17,5,5,UNEXECUTED_TIMEOUT,open,56,56,0,-0.001995144664208171,-0.04226927877738007,0.0402741341131719,5.3571428571428575e-05,5.3571428571428575e-05,8.92857142857143e-05,7.142857142857145e-05,0.0002678571428571429,-0.002263001807065314,-0.007919108046568223,0.1785714285714286,1.0,0.5892857142857143,1.1918650032954365,0.8431392706801226
2021-12-31,2022-01-04,open,2022-01-05,2022-01-18,5,5,UNEXECUTED_TIMEOUT,open,56,56,0,-0.012250432047093118,-0.03856466660642721,0.026314234559334092,8.035714285714287e-05,8.035714285714287e-05,0.00013392857142857146,0.00010714285714285716,0.0004017857142857144,-0.012652217761378832,-0.01040191312660095,0.2678571428571429,1.0,0.6339285714285714,1.1767852677315762,0.8106238858035575
2022-01-04,2022-01-05,open,2022-01-06,2022-01-19,6,6,UNEXECUTED_TIMEOUT,open,56,56,0,-0.013850714640742307,-0.018770419738647903,0.004919705097905597,8.57142857142857e-05,8.57142857142857e-05,0.00014285714285714284,0.00011428571428571428,0.00042857142857142855,-0.014279286069313736,-0.00529807790473082,0.2857142857142857,1.0,0.6428571428571428,1.1599816142514832,0.7954081352168509
2022-01-05,2022-01-06,open,2022-01-07,2022-01-20,6,6,UNEXECUTED_TIMEOUT,open,56,56,0,0.011217690379595522,-0.013195361735557465,0.02441305211515299,9.107142857142857e-05,9.107142857142857e-05,0.0001517857142857143,0.00012142857142857144,0.0004553571428571429,0.01076233323673838,0.012520643808860258,0.3035714285714286,1.0,0.6517857142857143,1.1724657229325472,0.7849124371452594
2022-01-06,2022-01-07,open,2022-01-10,2022-01-21,6,6,EXECUTED_ON_TIME,open,56,56,0,-0.009973475443917395,-0.00322221710923698,-0.006751258334680415,8.035714285714287e-05,8.035714285714287e-05,0.00013392857142857146,0.00010714285714285716,0.0004017857142857144,-0.010375261158203109,-0.006899653475428836,0.2678571428571429,1.0,0.6339285714285714,1.1603010848580806,0.782383278861037
2022-01-07,2022-01-10,open,2022-01-11,2022-01-24,5,6,UNEXECUTED_TIMEOUT,open,56,56,0,0.011452397594122393,-0.012112679568516027,0.02356507716263842,5.8928571428571415e-05,5.8928571428571415e-05,9.82142857142857e-05,7.857142857142857e-05,0.00029464285714285714,0.011157754736979535,0.005037831774167167,0.1964285714285714,1.0,0.5982142857142857,1.1732474397839783,0.7729065209044284
2022-01-10,2022-01-11,open,2022-01-12,2022-01-25,5,6,UNEXECUTED_TIMEOUT,open,56,56,0,-0.016367273697183136,-0.01612786257215637,-0.00023941112502676512,4.82142857142857e-05,4.82142857142857e-05,8.035714285714285e-05,6.428571428571429e-05,0.00024107142857142855,-0.016608345125754563,-0.015061383812873861,0.1607142857142857,1.0,0.5803571428571428,1.153761741386138,0.7604411907541583
2022-01-11,2022-01-12,open,2022-01-13,2022-01-26,5,6,UNEXECUTED_TIMEOUT,open,56,56,0,0.009109925990907637,-0.025273662606948966,0.034383588597856604,6.428571428571429e-05,6.428571428571429e-05,0.00010714285714285715,8.571428571428573e-05,0.00032142857142857147,0.008788497419479065,0.004919100027247581,0.2142857142857143,1.0,0.6071428571428572,1.1639015734730036,0.7412220566666111
2022-01-12,2022-01-13,open,2022-01-14,2022-01-27,5,5,DELAYED_LIMIT_DOWN,open,56,56,0,-0.03064574199303775,-0.029864222997957324,-0.0007815189950804262,4.82142857142857e-05,4.82142857142857e-05,8.035714285714285e-05,6.428571428571429e-05,0.00024107142857142855,-0.030886813421609177,-0.008082773532420966,0.1607142857142857,1.0,0.5803571428571428,1.1279523627320256,0.7190860358753148
2022-01-13,2022-01-14,open,2022-01-17,2022-01-28,5,6,EXECUTED_ON_TIME,open,56,56,0,-0.01340567653412895,-0.021521900068972588,0.008116223534843639,9.107142857142857e-05,9.107142857142857e-05,0.0001517857142857143,0.00012142857142857144,0.0004553571428571429,-0.013861033676986092,-0.012015257571388712,0.3035714285714286,1.0,0.6517857142857143,1.112317777046161,0.7036099380702127
2022-01-14,2022-01-17,open,2022-01-18,2022-02-07,6,6,UNEXECUTED_TIMEOUT,open,56,56,0,-0.0032921458287850985,-0.019071595936355545,0.015779450107570446,8.57142857142857e-05,8.57142857142857e-05,0.00014285714285714284,0.00011428571428571428,0.00042857142857142855,-0.003720717257356527,-0.015039348578008382,0.2857142857142857,1.0,0.6428571428571428,1.1081791570974409,0.6901909736345334
2022-01-17,2022-01-18,open,2022-01-19,2022-02-08,5,6,EXECUTED_ON_TIME,open,56,56,0,-0.001873187971672929,-0.029442091004390658,0.02756890303271773,9.107142857142857e-05,9.107142857142857e-05,0.0001517857142857143,0.00012142857142857144,0.0004553571428571429,-0.002328545114530072,-0.006179747080400127,0.3035714285714286,1.0,0.6517857142857143,1.1055987119351576,0.6698703081783765
2022-01-18,2022-01-19,open,2022-01-20,2022-02-09,5,5,EXECUTED_ON_TIME,open,56,55,1,-0.01086620213689736,-0.04312087829028166,0.0322546761533843,7.090909090909089e-05,7.090909090909089e-05,0.00011818181818181817,9.454545454545454e-05,0.0003545454545454545,-0.011220747591442815,-0.004885366988634153,0.23636363636363633,1.0,0.6181818181818182,1.093193067851109,0.6409849121491432
2022-01-19,2022-01-20,open,2022-01-21,2022-02-10,5,6,DELAYED_LIMIT_DOWN,open,56,56,0,-0.01031897779367146,-0.025333688274104538,0.015014710480433078,8.035714285714287e-05,8.035714285714287e-05,0.00013392857142857146,0.00010714285714285716,0.0004017857142857144,-0.010720763507957174,-0.010906314776891845,0.2678571428571429,1.0,0.6339285714285714,1.081473203502139,0.6247464001963525
2022-01-20,2022-01-21,open,2022-01-24,2022-02-11,5,5,EXECUTED_ON_TIME,open,56,56,0,-0.012671734653250416,-0.0396980685093683,0.027026333856117885,0.00010714285714285712,0.00010714285714285712,0.00017857142857142854,0.00014285714285714284,0.0005357142857142856,-0.013207448938964701,0.0005809832901486622,0.3571428571428571,1.0,0.6785714285714286,1.0671897013880258,0.5999451748003765
2022-01-21,2022-01-24,open,2022-01-25,2022-02-14,4,5,EXECUTED_ON_TIME,open,56,56,0,-0.010199326499853941,-0.036710804782810635,0.026511478282956694,6.428571428571429e-05,6.428571428571429e-05,0.00010714285714285715,8.571428571428573e-05,0.00032142857142857147,-0.010520755071282513,-0.01734681331758821,0.2142857142857143,1.0,0.6071428571428572,1.0559620599251274,0.5779207046078907
2022-01-24,2022-01-25,open,2022-01-26,2022-02-15,4,5,EXECUTED_ON_TIME,open,56,56,0,-0.018427820642174176,-0.0437087747666397,0.025280954124465526,9.64285714285714e-05,9.64285714285714e-05,0.0001607142857142857,0.00012857142857142858,0.0004821428571428571,-0.018909963499317034,-0.0015471677593747457,0.3214285714285714,1.0,0.6607142857142857,1.0359938559152795,0.5526604986972067
2022-01-25,2022-01-26,open,2022-01-27,2022-02-16,4,5,UNEXECUTED_TIMEOUT,open,56,56,0,0.0018468242440690655,-0.01644696013432989,0.018293784378398955,9.64285714285714e-05,9.64285714285714e-05,0.0001607142857142857,0.00012857142857142858,0.0004821428571428571,0.0013646813869262085,-0.0018912658737370578,0.3214285714285714,1.0,0.6607142857142857,1.037407657447417,0.5435709135073149
2022-01-26,2022-01-27,open,2022-01-28,2022-02-17,5,5,UNEXECUTED_TIMEOUT,open,56,56,0,-0.00589999380105906,-0.019371512791043766,0.013471518989984705,7.5e-05,7.5e-05,0.000125,0.0001,0.000375,-0.006274993801059061,0.012749113362425504,0.25,1.0,0.625,1.030897930827763,0.5330411226034686
2022-01-27,2022-01-28,open,2022-02-07,2022-02-18,4,5,EXECUTED_ON_TIME,open,56,56,0,0.014197481498836777,-0.008024233629352673,0.022221715128189448,9.107142857142857e-05,9.107142857142857e-05,0.0001517857142857143,0.00012142857142857144,0.0004553571428571429,0.013742124355979634,0.011905422343705596,0.3035714285714286,1.0,0.6517857142857143,1.0450646583915202,0.5287638761016459
2022-01-28,2022-02-07,open,2022-02-08,2022-02-21,4,5,EXECUTED_ON_TIME,open,56,56,0,0.0008621998038948971,0.0016119174530970781,-0.0007497176492021811,5.3571428571428575e-05,5.3571428571428575e-05,8.92857142857143e-05,7.142857142857145e-05,0.0002678571428571429,0.0005943426610377541,0.0016196617664727664,0.1785714285714286,1.0,0.5892857142857143,1.045685784901545,0.5296161998221014
2022-02-07,2022-02-08,open,2022-02-09,2022-02-22,4,5,EXECUTED_ON_TIME,open,56,56,0,-0.00040437388705346,-0.005299758756036277,0.004895384868982817,5.8928571428571415e-05,5.8928571428571415e-05,9.82142857142857e-05,7.857142857142857e-05,0.00029464285714285714,-0.0006990167441963172,0.0035114182185449192,0.1964285714285714,1.0,0.5982142857142857,1.0449548330287308,0.5268093617297556
2022-02-08,2022-02-09,open,2022-02-10,2022-02-23,5,5,UNEXECUTED_TIMEOUT,open,56,56,0,0.01976157450286305,-0.005673210653561744,0.025434785156424795,0.00010178571428571428,0.00010178571428571428,0.00016964285714285717,0.00013571428571428572,0.0005089285714285715,0.01925264593143448,0.0029874248559175996,0.3392857142857143,1.0,0.6696428571428572,1.0650729784433741,0.5238206612463943
2022-02-09,2022-02-10,open,2022-02-11,2022-02-24,5,5,UNEXECUTED_TIMEOUT,open,56,56,0,-0.005851470550539679,-0.013987341350864213,0.008135870800324534,8.035714285714287e-05,8.035714285714287e-05,0.00013392857142857146,0.00010714285714285716,0.0004017857142857144,-0.006253256264825394,-0.0006025827493495155,0.2678571428571429,1.0,0.6339285714285714,1.0584128041684269,0.5164938028509055
2022-02-10,2022-02-11,open,2022-02-14,2022-02-25,5,6,EXECUTED_ON_TIME,open,56,56,0,-0.0026893763213591986,-0.011529548012786828,0.00884017169142763,8.035714285714287e-05,8.035714285714287e-05,0.00013392857142857146,0.00010714285714285716,0.0004017857142857144,-0.003091162035644913,0.011759870939690789,0.2678571428571429,1.0,0.6339285714285714,1.055141078690141,0.5105388627526292
2022-02-11,2022-02-14,open,2022-02-15,2022-02-28,4,5,EXECUTED_ON_TIME,open,56,56,0,0.01704598171169483,-0.003423359290041006,0.020469341001735836,4.82142857142857e-05,4.82142857142857e-05,8.035714285714285e-05,6.428571428571429e-05,0.00024107142857142855,0.016804910283123402,0.022130117974434024,0.1607142857142857,1.0,0.5803571428571428,1.0728726298535667,0.508791104793898
2022-02-14,2022-02-15,open,2022-02-16,2022-03-01,5,5,DELAYED_LIMIT_DOWN,open,56,56,0,0.03437104426065085,0.009671898987463345,0.024699145273187506,8.035714285714287e-05,8.035714285714287e-05,0.00013392857142857146,0.00010714285714285716,0.0004017857142857144,0.033969258546365136,0.0195890833416493,0.2678571428571429,1.0,0.6339285714285714,1.1093173176043811,0.5137120809651845
2022-02-15,2022-02-16,open,2022-02-17,2022-03-02,5,6,UNEXECUTED_TIMEOUT,open,56,56,0,0.002461573913484636,-0.005590879003325999,0.008052452916810636,6.428571428571429e-05,6.428571428571429e-05,0.00010714285714285715,8.571428571428573e-05,0.00032142857142857147,0.0021401453420560644,0.008299175083624096,0.2142857142857143,1.0,0.6071428571428572,1.111691417894514,0.5108399788779614
2022-02-16,2022-02-17,open,2022-02-18,2022-03-03,5,6,EXECUTED_ON_TIME,open,56,56,0,0.005955115716821351,-0.004737165402902699,0.01069228111972405,4.285714285714287e-05,4.285714285714287e-05,7.142857142857145e-05,5.714285714285716e-05,0.00021428571428571433,0.005740830002535636,0.007947343553430573,0.1428571428571429,1.0,0.5714285714285714,1.1180734493399243,0.5084200454036012
2022-02-17,2022-02-18,open,2022-02-21,2022-03-04,5,5,UNEXECUTED_TIMEOUT,open,56,56,0,0.006849969566698164,-0.019807074150511972,0.026657043717210137,6.964285714285712e-05,6.964285714285712e-05,0.00011607142857142856,9.285714285714285e-05,0.0003482142857142857,0.006501755280983878,-0.0012219585877378892,0.2321428571428571,1.0,0.6160714285714286,1.1253428892936979,0.4983497318646854
2022-02-18,2022-02-21,open,2022-02-22,2022-03-07,5,6,EXECUTED_ON_TIME,open,56,56,0,-0.017227024452776254,-0.039503432161327456,0.022276407708551202,0.0001232142857142857,0.0001232142857142857,0.00020535714285714284,0.00016428571428571428,0.0006160714285714285,-0.017843095881347682,-0.015653402468172744,0.4107142857142857,1.0,0.7053571428571428,1.1052632882206375,0.47866320703935306
2022-02-21,2022-02-22,open,2022-02-23,2022-03-08,5,5,EXECUTED_ON_TIME,open,56,56,0,-0.016307689103410766,-0.052212142850002974,0.03590445374659221,5.8928571428571415e-05,5.8928571428571415e-05,9.82142857142857e-05,7.857142857142857e-05,0.00029464285714285714,-0.016602331960553624,-0.010836875212998875,0.1964285714285714,1.0,0.5982142857142857,1.0869133402057853,0.4536711752963738
2022-02-22,2022-02-23,open,2022-02-24,2022-03-09,5,6,EXECUTED_ON_TIME,open,56,56,0,-0.009343180105565313,-0.06569764421958413,0.056354464114018815,9.107142857142857e-05,9.107142857142857e-05,0.0001517857142857143,0.00012142857142857144,0.0004553571428571429,-0.009798537248422456,-0.020633256211846134,0.3035714285714286,1.0,0.6517857142857143,1.0762631793559716,0.42386604782907206
2022-02-23,2022-02-24,open,2022-02-25,2022-03-10,5,6,EXECUTED_ON_TIME,open,56,56,0,-0.025330622489344375,-0.05789656035220736,0.032565937862862986,7.5e-05,7.5e-05,0.000125,0.0001,0.000375,-0.025705622489344375,-0.01799548959521394,0.25,1.0,0.625,1.0485971643682654,0.3993256616096846
2022-02-24,2022-02-25,open,2022-02-28,2022-03-11,4,5,UNEXECUTED_TIMEOUT,open,56,56,0,-0.020089469437672185,-0.07304772871066056,0.052958259272988376,0.0001125,0.0001125,0.0001875,0.00015000000000000001,0.0005625000000000001,-0.020651969437672186,-0.021294388279225484,0.375,1.0,0.6875,1.0269415677773022,0.3701558290132153
2022-02-25,2022-02-28,open,2022-03-01,2022-03-14,6,6,UNEXECUTED_TIMEOUT,open,56,56,0,-0.04397072997517598,-0.06915157141846073,0.02518084144328475,9.107142857142857e-05,9.107142857142857e-05,0.0001517857142857143,0.00012142857142857144,0.0004553571428571429,-0.04442608711803313,-0.057143984063356086,0.3035714285714286,1.0,0.6517857142857143,0.9813185722220983,0.3445589717672484
2022-02-28,2022-03-01,open,2022-03-02,2022-03-15,6,6,UNEXECUTED_TIMEOUT,open,56,56,0,-0.07137828767349388,-0.10273660217644953,0.03135831450295565,7.5e-05,7.5e-05,0.000125,0.0001,0.000375,-0.07175328767349388,-0.06447925114292156,0.25,1.0,0.625,0.9109057384101038,0.3091601537584701
2022-03-01,2022-03-02,open,2022-03-03,2022-03-16,5,6,UNEXECUTED_TIMEOUT,open,56,56,0,-0.050858327369047863,-0.11774401357243558,0.06688568620338772,7.5e-05,7.5e-05,0.000125,0.0001,0.000375,-0.051233327369047864,-0.055928072805251576,0.25,1.0,0.625,0.8642370065117947,0.27275839641827654
2022-03-02,2022-03-03,open,2022-03-04,2022-03-17,5,6,UNEXECUTED_TIMEOUT,open,56,56,0,-0.05508409221346349,-0.07776954423534155,0.022685452021878057,5.3571428571428575e-05,5.3571428571428575e-05,8.92857142857143e-05,7.142857142857145e-05,0.0002678571428571429,-0.05535194935632064,-0.04404629000917089,0.1785714285714286,1.0,0.5892857142857143,0.8163998034954957,0.25154610024246454
2022-03-03,2022-03-04,open,2022-03-07,2022-03-18,5,5,UNEXECUTED_TIMEOUT,open,56,56,0,-0.04054372236036858,-0.06533707451913906,0.02479335215877048,9.107142857142857e-05,9.107142857142857e-05,0.0001517857142857143,0.00012142857142857144,0.0004553571428571429,-0.040999079503225726,-0.03416272446762007,0.3035714285714286,1.0,0.6517857142857143,0.782928163045566,0.2351108139459238
2022-03-04,2022-03-07,open,2022-03-08,2022-03-21,4,5,UNEXECUTED_TIMEOUT,open,56,56,0,-0.04495635908864307,-0.0408686398281507,-0.004087719260492374,6.964285714285712e-05,6.964285714285712e-05,0.00011607142857142856,9.285714285714285e-05,0.0003482142857142857,-0.04530457337435736,-0.020835284608106578,0.2321428571428571,1.0,0.6160714285714286,0.7474579366360173,0.2255021547710645
2022-03-07,2022-03-08,open,2022-03-09,2022-03-22,4,5,UNEXECUTED_TIMEOUT,open,56,56,0,-0.032873129233961684,-0.025008013037291943,-0.007865116196669741,8.035714285714287e-05,8.035714285714287e-05,0.00013392857142857146,0.00010714285714285716,0.0004017857142857144,-0.0332749149482474,-0.012756993945148568,0.2678571428571429,1.0,0.6339285714285714,0.7225863373670613,0.2198627939446123
2022-03-08,2022-03-09,open,2022-03-10,2022-03-23,5,6,UNEXECUTED_TIMEOUT,open,56,56,0,-0.0007128151404549032,-0.0026559345420754665,0.0019431194016205633,7.5e-05,7.5e-05,0.000125,0.0001,0.000375,-0.0010878151404549031,-0.004408965761904755,0.25,1.0,0.625,0.7218002970089876,0.2192788527556576
2022-03-09,2022-03-10,open,2022-03-11,2022-03-24,6,6,UNEXECUTED_TIMEOUT,open,56,56,0,-0.02768986049706856,-0.017722465237422824,-0.009967395259645736,8.035714285714287e-05,8.035714285714287e-05,0.00013392857142857146,0.00010714285714285716,0.0004017857142857144,-0.028091646211354276,-0.010091934062583418,0.2678571428571429,1.0,0.6339285714285714,0.7015237384301607,0.21539269091039348
2022-03-10,2022-03-11,open,2022-03-14,2022-03-25,6,6,UNEXECUTED_TIMEOUT,open,56,56,0,-0.010900786849945648,0.004225046535305976,-0.015125833385251624,5.8928571428571415e-05,5.8928571428571415e-05,9.82142857142857e-05,7.857142857142857e-05,0.00029464285714285714,-0.011195429707088506,-0.017908121939280996,0.1964285714285714,1.0,0.5982142857142857,0.6936698787287119,0.21630273505285466
2022-03-11,2022-03-14,open,2022-03-15,2022-03-28,5,6,UNEXECUTED_TIMEOUT,open,56,56,0,-0.02233565726603916,-0.028086323632882437,0.005750666366843276,4.285714285714287e-05,4.285714285714287e-05,7.142857142857145e-05,5.714285714285716e-05,0.00021428571428571433,-0.022549942980324877,0.005399238387060065,0.1428571428571429,1.0,0.5714285714285714,0.6780276625162106,0.21022758643348255
2022-03-14,2022-03-15,open,2022-03-16,2022-03-29,6,6,UNEXECUTED_TIMEOUT,open,56,56,0,-0.010109842588607499,0.0072551434533667525,-0.01736498604197425,5.8928571428571415e-05,5.8928571428571415e-05,9.82142857142857e-05,7.857142857142857e-05,0.00029464285714285714,-0.010404485445750357,0.00869821097769624,0.1964285714285714,1.0,0.5982142857142857,0.6709731335697445,0.21175281773091253
2022-03-15,2022-03-16,open,2022-03-17,2022-03-30,5,5,EXECUTED_ON_TIME,open,56,56,0,0.03398576178165703,0.02690977940583239,0.007075982375824637,9.107142857142857e-05,9.107142857142857e-05,0.0001517857142857143,0.00012142857142857144,0.0004553571428571429,0.03353040463879988,-0.003020074082105792,0.3035714285714286,1.0,0.6517857142857143,0.6934711342401015,0.21745103934461482
2022-03-16,2022-03-17,open,2022-03-18,2022-03-31,5,6,EXECUTED_ON_TIME,open,56,56,0,-0.0020138833705248965,-0.000697552807295887,-0.0013163305632290095,4.82142857142857e-05,4.82142857142857e-05,8.035714285714285e-05,6.428571428571429e-05,0.00024107142857142855,-0.002254954799096325,0.007620995511078858,0.1607142857142857,1.0,0.5803571428571428,0.6919073881779121,0.2172993557616706
2022-03-17,2022-03-18,open,2022-03-21,2022-04-01,5,6,EXECUTED_ON_TIME,open,56,56,0,0.008628477117880404,-0.004659267782615162,0.013287744900495566,5.3571428571428575e-05,5.3571428571428575e-05,8.92857142857143e-05,7.142857142857145e-05,0.0002678571428571429,0.008360619975023261,-0.004960604257809536,0.1785714285714286,1.0,0.5892857142857143,0.6976921629083785,0.2162868998741872
2022-03-18,2022-03-21,open,2022-03-22,2022-04-06,6,7,EXECUTED_ON_TIME,open,56,56,0,0.0017757409573879465,-0.004978108192722819,0.006753849150110765,6.428571428571429e-05,6.428571428571429e-05,0.00010714285714285715,8.571428571428573e-05,0.00032142857142857147,0.001454312385959375,0.006092135585953415,0.2142857142857143,1.0,0.6071428571428572,0.698706825262483,0.2152102002859449
2022-03-21,2022-03-22,open,2022-03-23,2022-04-07,5,6,EXECUTED_ON_TIME,open,56,56,0,0.01082785241056442,-0.0029492781534723456,0.013777130564036765,4.285714285714287e-05,4.285714285714287e-05,7.142857142857145e-05,5.714285714285716e-05,0.00021428571428571433,0.010613566696278706,0.005928593310034268,0.1428571428571429,1.0,0.5714285714285714,0.7061225967535515,0.21457548554383715
2022-03-22,2022-03-23,open,2022-03-24,2022-04-08,6,6,EXECUTED_ON_TIME,open,56,56,0,0.007769892151226342,-0.013209172081096954,0.020979064232323295,5.8928571428571415e-05,5.8928571428571415e-05,9.82142857142857e-05,7.857142857142857e-05,0.00029464285714285714,0.007475249294083485,0.013353607665918425,0.1964285714285714,1.0,0.5982142857142857,0.7114010391964699,0.21174112103090367
2022-03-23,2022-03-24,open,2022-03-25,2022-04-11,6,7,UNEXECUTED_TIMEOUT,open,56,56,0,-0.009761910637570093,-0.0107642416237268,0.0010023309861567076,4.82142857142857e-05,4.82142857142857e-05,8.035714285714285e-05,6.428571428571429e-05,0.00024107142857142855,-0.010002982066141522,-0.008249151884812728,0.1607142857142857,1.0,0.5803571428571428,0.7042849073595532,0.20946188844244826
2022-03-24,2022-03-25,open,2022-03-28,2022-04-12,6,7,UNEXECUTED_TIMEOUT,open,56,56,0,-0.014879934774040617,-0.034384441029843615,0.019504506255802998,5.3571428571428575e-05,5.3571428571428575e-05,8.92857142857143e-05,7.142857142857145e-05,0.0002678571428571429,-0.01514779191689776,0.012939664151292017,0.1785714285714286,1.0,0.5892857142857143,0.6936165461326591,0.2022596584912992
2022-03-25,2022-03-28,open,2022-03-29,2022-04-13,6,6,EXECUTED_ON_TIME,open,56,56,0,-0.0010047513107397,0.006193994533086666,-0.007198745843826366,5.8928571428571415e-05,5.8928571428571415e-05,9.82142857142857e-05,7.857142857142857e-05,0.00029464285714285714,-0.001299394167882557,-0.012204654385629659,0.1964285714285714,1.0,0.5982142857142857,0.6927152648378675,0.20351245371025828
2022-03-28,2022-03-29,open,2022-03-30,2022-04-14,6,7,UNEXECUTED_TIMEOUT,open,56,56,0,0.0021959260972145684,0.004145431338074879,-0.0019495052408603102,6.964285714285712e-05,6.964285714285712e-05,0.00011607142857142856,9.285714285714285e-05,0.0003482142857142857,0.0018477118115002827,0.001161464608080452,0.2321428571428571,1.0,0.6160714285714286,0.693995203014715,0.2043561006135573
2022-03-29,2022-03-30,open,2022-03-31,2022-04-15,6,6,UNEXECUTED_TIMEOUT,open,56,56,0,0.00820415746685066,4.925318950443902e-05,0.008154904277346222,0.00012857142857142858,0.00012857142857142858,0.0002142857142857143,0.00017142857142857145,0.0006428571428571429,0.007561300323993518,-0.0052897731317378596,0.4285714285714286,1.0,0.7142857142857143,0.6992427091681201,0.20436616580330721
2022-03-30,2022-03-31,open,2022-04-01,2022-04-18,5,6,UNEXECUTED_TIMEOUT,open,56,56,0,-0.011610236123573115,-0.019312983444462528,0.007702747320889413,8.035714285714287e-05,8.035714285714287e-05,0.00013392857142857146,0.00010714285714285716,0.0004017857142857144,-0.012012021837858829,-0.005439275136155209,0.2678571428571429,1.0,0.6339285714285714,0.690843390475629,0.20041924542653966
2022-03-31,2022-04-01,open,2022-04-06,2022-04-19,5,6,UNEXECUTED_TIMEOUT,open,56,56,0,0.0013705584356734932,-0.008784851168864516,0.010155409604538009,9.64285714285714e-05,9.64285714285714e-05,0.0001607142857142857,0.00012857142857142858,0.0004821428571428571,0.0008884155785306361,-0.009763143783473292,0.3214285714285714,1.0,0.6607142857142857,0.6914571465060525,0.19865859218409138
2022-04-01,2022-04-06,open,2022-04-07,2022-04-20,5,6,UNEXECUTED_TIMEOUT,open,56,56,0,-0.03327956931451153,-0.030123275554594375,-0.0031562937599171545,5.8928571428571415e-05,5.8928571428571415e-05,9.82142857142857e-05,7.857142857142857e-05,0.00029464285714285714,-0.033574212171654384,-0.029127571333143223,0.1964285714285714,1.0,0.5982142857142857,0.6682420175616516,0.1926743446704422
2022-04-06,2022-04-07,open,2022-04-08,2022-04-21,5,5,EXECUTED_ON_TIME,open,56,56,0,-0.020609354526996315,-0.045115310668052966,0.02450595614105665,0.0001125,0.0001125,0.0001875,0.00015000000000000001,0.0005625000000000001,-0.021171854526996315,-0.009815989249556085,0.375,1.0,0.6875,0.6540940947770097,0.1839817817528717
2022-04-07,2022-04-08,open,2022-04-11,2022-04-22,5,5,EXECUTED_ON_TIME,open,56,56,0,-0.01555449622769516,-0.05838990736519012,0.04283541113749496,5.3571428571428575e-05,5.3571428571428575e-05,8.92857142857143e-05,7.142857142857145e-05,0.0002678571428571429,-0.015822353370552305,-0.015238385050026509,0.1785714285714286,1.0,0.5892857142857143,0.6437447868718564,0.1732391025594389
2022-04-08,2022-04-11,open,2022-04-12,2022-04-25,5,5,EXECUTED_ON_TIME,open,56,56,0,-0.05630023042513307,-0.06430958730098313,0.008009356875850061,8.035714285714287e-05,8.035714285714287e-05,0.00013392857142857146,0.00010714285714285716,0.0004017857142857144,-0.05670201613941878,-0.028725252538456543,0.2678571428571429,1.0,0.6339285714285714,0.6072431595769817,0.16209816736944868
2022-04-11,2022-04-12,open,2022-04-13,2022-04-26,5,5,UNEXECUTED_TIMEOUT,open,56,56,0,-0.028393153844449202,-0.0683607073995891,0.0399675535551399,0.0001125,0.0001125,0.0001875,0.00015000000000000001,0.0005625000000000001,-0.028955653844449203,-0.037812619468144903,0.375,1.0,0.6875,0.589660036848861,0.15101702197989617
2022-04-12,2022-04-13,open,2022-04-14,2022-04-27,5,6,UNEXECUTED_TIMEOUT,open,56,56,0,-0.024619085903539235,-0.09539930079154413,0.0707802148880049,8.035714285714287e-05,8.035714285714287e-05,0.00013392857142857146,0.00010714285714285716,0.0004017857142857144,-0.02502087161782495,-0.0266072958928413,0.2678571428571429,1.0,0.6339285714285714,0.5749062287687038,0.1366101036753928
2022-04-13,2022-04-14,open,2022-04-15,2022-04-28,5,6,EXECUTED_ON_TIME,open,56,56,0,-0.03327881687087816,-0.06931432444272745,0.03603550757184929,7.5e-05,7.5e-05,0.000125,0.0001,0.000375,-0.03365381687087816,-0.03883023195271925,0.25,1.0,0.625,0.5555584398277946,0.127141066627082
2022-04-14,2022-04-15,open,2022-04-18,2022-04-29,6,6,UNEXECUTED_TIMEOUT,open,56,56,0,-0.02425367045607197,-0.05351467864957782,0.02926100819350585,6.964285714285712e-05,6.964285714285712e-05,0.00011607142857142856,9.285714285714285e-05,0.0003482142857142857,-0.024601884741786255,-0.02132639598369561,0.2321428571428571,1.0,0.6160714285714286,0.5418906551238246,0.12033715330336914
2022-04-15,2022-04-18,open,2022-04-19,2022-05-05,6,7,UNEXECUTED_TIMEOUT,open,56,56,0,-0.013239433606310956,-0.0379438040266018,0.024704370420290847,6.428571428571429e-05,6.428571428571429e-05,0.00010714285714285715,8.571428571428573e-05,0.00032142857142857147,-0.013560862177739528,-0.026110665275883183,0.2142857142857143,1.0,0.6071428571428572,0.5345421506342855,0.11577110394130696
2022-04-18,2022-04-19,open,2022-04-20,2022-05-06,6,7,UNEXECUTED_TIMEOUT,open,56,56,0,-0.03755818820363343,-0.0560023431419967,0.018444154938363273,7.5e-05,7.5e-05,0.000125,0.0001,0.000375,-0.03793318820363343,-0.03148073855469262,0.25,1.0,0.625,0.5142652626315001,0.10928765085245812
2022-04-19,2022-04-20,open,2022-04-21,2022-05-09,7,7,UNEXECUTED_TIMEOUT,open,56,56,0,-0.04956910897943027,-0.05969965692162016,0.010130547942189892,5.8928571428571415e-05,5.8928571428571415e-05,9.82142857142857e-05,7.857142857142857e-05,0.00029464285714285714,-0.04986375183657312,-0.032725394922259815,0.1964285714285714,1.0,0.5982142857142857,0.48862206719747286,0.10276321559079656
2022-04-20,2022-04-21,open,2022-04-22,2022-05-10,6,6,UNEXECUTED_TIMEOUT,open,56,55,1,-0.03155377441375031,-0.056340080627672706,0.024786306213922395,7.636363636363635e-05,7.636363636363635e-05,0.00012727272727272725,0.00010181818181818181,0.00038181818181818174,-0.031935592595568496,-0.01220834192953953,0.2545454545454545,1.0,0.6272727272727272,0.4730176319262499,0.09697352773885216
2022-04-21,2022-04-22,open,2022-04-25,2022-05-11,6,6,UNEXECUTED_TIMEOUT,open,56,56,0,0.0013451771674471405,-0.012419332315319553,0.013764509482766694,0.00011785714285714286,0.00011785714285714286,0.00019642857142857146,0.00015714285714285716,0.0005892857142857144,0.0007558914531614261,0.009652356675993111,0.3928571428571429,1.0,0.6964285714285714,0.4733751819114176,0.0957691812720745
2022-04-22,2022-04-25,open,2022-04-26,2022-05-12,6,6,EXECUTED_ON_TIME,open,56,56,0,-0.0049388553488409976,0.004195557788259974,-0.00913441313710097,7.5e-05,7.5e-05,0.000125,0.0001,0.000375,-0.005313855348840998,0.023910405047030407,0.25,1.0,0.625,0.47085973466900904,0.09617098640643583
2022-04-25,2022-04-26,open,2022-04-27,2022-05-13,6,6,EXECUTED_ON_TIME,open,56,56,0,0.022964975509856978,0.04220574604662053,-0.01924077053676355,0.0001125,0.0001125,0.0001875,0.00015000000000000001,0.0005625000000000001,0.022402475509856978,0.054986529027261866,0.375,1.0,0.6875,0.4814081583435093,0.10022995463575886
2022-04-26,2022-04-27,open,2022-04-28,2022-05-16,6,6,UNEXECUTED_TIMEOUT,open,56,56,0,0.060638788445130674,0.0683624953566766,-0.007723706911545926,8.57142857142857e-05,8.57142857142857e-05,0.00014285714285714284,0.00011428571428571428,0.00042857142857142855,0.06021021701655924,0.014557410325117093,0.2857142857142857,1.0,0.6428571428571428,0.5103938480309141,0.10708192444414583
2022-04-27,2022-04-28,open,2022-04-29,2022-05-17,5,6,UNEXECUTED_TIMEOUT,open,56,56,0,0.0224115299739757,0.02017319785137839,0.0022383321225973134,4.285714285714287e-05,4.285714285714287e-05,7.142857142857145e-05,5.714285714285716e-05,0.00021428571428571433,0.022197244259689986,0.007705232655519836,0.1428571428571429,1.0,0.5714285714285714,0.5217231849442995,0.10924210929226393
2022-04-28,2022-04-29,open,2022-05-05,2022-05-18,5,6,UNEXECUTED_TIMEOUT,open,56,56,0,0.02937664649319963,0.019136090144643347,0.010240556348556282,4.285714285714287e-05,4.285714285714287e-05,7.142857142857145e-05,5.714285714285716e-05,0.00021428571428571433,0.029162360778913914,0.019605802114552366,0.1428571428571429,1.0,0.5714285714285714,0.5369378646903692,0.11133257614327167
2022-04-29,2022-05-05,open,2022-05-06,2022-05-19,5,6,UNEXECUTED_TIMEOUT,open,56,56,0,0.00472234776336083,-0.014280840766760838,0.01900318853012167,6.428571428571429e-05,6.428571428571429e-05,0.00010714285714285715,8.571428571428573e-05,0.00032142857142857147,0.004400919191932259,0.024375736038727745,0.2142857142857143,1.0,0.6071428571428572,0.5393008848439602,0.10974265335121633
2022-05-05,2022-05-06,open,2022-05-09,2022-05-20,5,6,UNEXECUTED_TIMEOUT,open,56,56,0,0.02419751982123674,0.023406565017034087,0.0007909548042026524,8.035714285714287e-05,8.035714285714287e-05,0.00013392857142857146,0.00010714285714285716,0.0004017857142857144,0.023795734106951023,0.03164924694176532,0.2678571428571429,1.0,0.6339285714285714,0.5521339453033505,0.1123113519020234
2022-05-06,2022-05-09,open,2022-05-10,2022-05-23,5,6,EXECUTED_ON_TIME,open,56,56,0,0.019593666706299157,0.050726180634101725,-0.031132513927802568,6.428571428571429e-05,6.428571428571429e-05,0.00010714285714285715,8.571428571428573e-05,0.00032142857142857147,0.019272238134870584,0.03083139556972013,0.2142857142857143,1.0,0.6071428571428572,0.5627748021795823,0.11800847782586561
2022-05-09,2022-05-10,open,2022-05-11,2022-05-24,5,5,EXECUTED_ON_TIME,open,56,56,0,0.029343529608904597,0.06078581845707043,-0.03144228884816583,8.57142857142857e-05,8.57142857142857e-05,0.00014285714285714284,0.00011428571428571428,0.00042857142857142855,0.02891495818033317,0.006843790043690737,0.2857142857142857,1.0,0.6428571428571428,0.5790474120495502,0.1251817197353839
2022-05-10,2022-05-11,open,2022-05-12,2022-05-25,5,5,EXECUTED_ON_TIME,open,56,56,0,0.013155257278627071,0.010677826976067895,0.0024774303025591766,8.035714285714287e-05,8.035714285714287e-05,0.00013392857142857146,0.00010714285714285716,0.0004017857142857144,0.012753471564341357,0.0058652541858363,0.2678571428571429,1.0,0.6339285714285714,0.5864322767535296,0.12651838847928495
2022-05-11,2022-05-12,open,2022-05-13,2022-05-26,4,4,UNEXECUTED_TIMEOUT,open,56,56,0,0.017013688952204075,0.009552781567559343,0.007460907384644732,8.035714285714287e-05,8.035714285714287e-05,0.00013392857142857146,0.00010714285714285716,0.0004017857142857144,0.01661190323791836,0.009291887336705964,0.2678571428571429,1.0,0.6339285714285714,0.5961740329905514,0.12772699100870719
2022-05-12,2022-05-13,open,2022-05-16,2022-05-27,4,5,EXECUTED_ON_TIME,open,56,56,0,0.019695132942543936,0.009761987238379177,0.009933145704164759,6.428571428571429e-05,6.428571428571429e-05,0.00010714285714285715,8.571428571428573e-05,0.00032142857142857147,0.019373704371115366,0.005523989802209004,0.2142857142857143,1.0,0.6071428571428572,0.6077241324594459,0.12897386026493077
2022-05-13,2022-05-16,open,2022-05-17,2022-05-30,4,5,DELAYED_LIMIT_DOWN,open,56,56,0,0.00428858285280687,0.0014600263611719289,0.0028285564916349414,0.00011785714285714286,0.00011785714285714286,0.00019642857142857146,0.00015714285714285716,0.0005892857142857144,0.0036992971385211557,0.017183592143585696,0.3928571428571429,1.0,0.6964285714285714,0.6099722846036635,0.12916216550081966
2022-05-16,2022-05-17,open,2022-05-18,2022-05-31,5,5,EXECUTED_ON_TIME,open,56,56,0,0.026024036640833515,0.017669162778875425,0.00835487386195809,5.3571428571428575e-05,5.3571428571428575e-05,8.92857142857143e-05,7.142857142857145e-05,0.0002678571428571429,0.025756179497976373,0.010139162620712888,0.1785714285714286,1.0,0.5892857142857143,0.6256828402547062,0.1314443528279257
2022-05-17,2022-05-18,open,2022-05-19,2022-06-01,5,6,EXECUTED_ON_TIME,open,56,55,1,-0.0009306029449409876,0.017834313363368937,-0.018764916308309926,9.272727272727271e-05,9.272727272727271e-05,0.00015454545454545454,0.00012363636363636364,0.00046363636363636366,-0.0013942393085773514,0.015289795394772163,0.3090909090909091,1.0,0.6545454545454545,0.6248104886441207,0.13378857260610413
2022-05-18,2022-05-19,open,2022-05-20,2022-06-02,5,6,UNEXECUTED_TIMEOUT,open,56,56,0,0.042182813284133244,0.0319183728191077,0.010264440465025546,9.64285714285714e-05,9.64285714285714e-05,0.0001607142857142857,0.00012857142857142858,0.0004821428571428571,0.04170067042699039,0.017906182860433578,0.3214285714285714,1.0,0.6607142857142857,0.6508655049103961,0.13805888614548203
2022-05-19,2022-05-20,open,2022-05-23,2022-06-06,6,6,UNEXECUTED_TIMEOUT,open,56,56,0,0.03421468199739759,0.017338022928679253,0.01687665906871834,0.00010714285714285712,0.00010714285714285712,0.00017857142857142854,0.00014285714285714284,0.0005357142857142856,0.03367896771168331,0.024034834199581273,0.3571428571428571,1.0,0.6785714285714286,0.6727859832349218,0.14045255427898032
2022-05-20,2022-05-23,open,2022-05-24,2022-06-07,6,6,UNEXECUTED_TIMEOUT,open,56,56,0,0.02374121105176454,0.020760020475529162,0.002981190576235377,0.00010178571428571428,0.00010178571428571428,0.00016964285714285717,0.00013571428571428572,0.0005089285714285715,0.02323228248033597,0.02293252202298106,0.3392857142857143,1.0,0.6696428571428572,0.6884163372462461,0.1433683521816523
2022-05-23,2022-05-24,open,2022-05-25,2022-06-08,6,6,UNEXECUTED_TIMEOUT,open,56,56,0,0.020058171681363684,0.03313209312516485,-0.013073921443801168,9.107142857142857e-05,9.107142857142857e-05,0.0001517857142857143,0.00012142857142857144,0.0004553571428571429,0.01960281453850654,0.04980529742608729,0.3035714285714286,1.0,0.6517857142857143,0.7019112350305622,0.14811844577733624
2022-05-24,2022-05-25,open,2022-05-26,2022-06-09,5,6,UNEXECUTED_TIMEOUT,open,56,56,0,0.038311201425349446,0.06362899635256314,-0.025317794927213692,0.0001339285714285714,0.0001339285714285714,0.0002232142857142857,0.00017857142857142857,0.0006696428571428571,0.03764155856820659,0.027081062062804424,0.4464285714285714,1.0,0.7232142857142857,0.7283322678936474,0.15754307382344968
2022-05-25,2022-05-26,open,2022-05-27,2022-06-10,6,6,UNEXECUTED_TIMEOUT,open,56,56,0,0.051384318111318016,0.0396142420584189,0.011770076052899113,9.107142857142857e-05,9.107142857142857e-05,0.0001517857142857143,0.00012142857142857144,0.0004553571428571429,0.05092896096846087,0.040659738528714906,0.3035714285714286,1.0,0.6517857142857143,0.7654254735372735,0.16378402328451916
2022-05-26,2022-05-27,open,2022-05-30,2022-06-13,6,7,UNEXECUTED_TIMEOUT,open,56,56,0,0.023891407929000612,0.04269435281191036,-0.01880294488290975,8.57142857142857e-05,8.57142857142857e-05,0.00014285714285714284,0.00011428571428571428,0.00042857142857142855,0.023462836500429185,0.02749315378316047,0.2857142857142857,1.0,0.6428571428571428,0.7833845262761422,0.17077667615958256
2022-05-27,2022-05-30,open,2022-05-31,2022-06-14,6,6,UNEXECUTED_TIMEOUT,open,56,56,0,0.032033791664696595,0.0304325594189101,0.0016012322457864964,6.428571428571429e-05,6.428571428571429e-05,0.00010714285714285715,8.571428571428573e-05,0.00032142857142857147,0.031712363093268026,0.028306683896821186,0.2142857142857143,1.0,0.6071428571428572,0.808227500815059,0.17597384750417303
2022-05-30,2022-05-31,open,2022-06-01,2022-06-15,6,7,UNEXECUTED_TIMEOUT,open,56,56,0,0.04733797644604961,0.048745684889137664,-0.001407708443088053,7.5e-05,7.5e-05,0.000125,0.0001,0.000375,0.04696297644604961,0.0344734154073091,0.25,1.0,0.625,0.8461842698988861,0.1845518132233406
2022-05-31,2022-06-01,open,2022-06-02,2022-06-16,6,6,UNEXECUTED_TIMEOUT,open,56,56,0,0.024859052046335175,0.04783050434368952,-0.022971452297354342,8.035714285714287e-05,8.035714285714287e-05,0.00013392857142857146,0.00010714285714285716,0.0004017857142857144,0.02445726633204946,0.027969309905042247,0.2678571428571429,1.0,0.6339285714285714,0.8668796239537939,0.19337901952735537
2022-06-01,2022-06-02,open,2022-06-06,2022-06-17,6,6,UNEXECUTED_TIMEOUT,open,56,56,0,0.04238356942681808,0.038197342519685096,0.004186226907132981,3.75e-05,3.75e-05,6.25e-05,5e-05,0.0001875,0.04219606942681808,0.021901668401275474,0.125,1.0,0.5625,0.9034585367508421,0.20076558417236262
2022-06-02,2022-06-06,open,2022-06-07,2022-06-20,6,6,UNEXECUTED_TIMEOUT,open,56,56,0,0.035962708180219606,0.056790454241981925,-0.02082774606176232,7.5e-05,7.5e-05,0.000125,0.0001,0.000375,0.035587708180219606,0.015917706351470468,0.25,1.0,0.625,0.9356105555096593,0.21216715289366794
2022-06-06,2022-06-07,open,2022-06-08,2022-06-21,6,6,UNEXECUTED_TIMEOUT,open,56,56,0,0.00507945389595798,0.03894336832553558,-0.0338639144295776,0.00011785714285714286,0.00011785714285714286,0.00019642857142857146,0.00015714285714285716,0.0005892857142857144,0.004490168181672266,0.0012538489091862806,0.3928571428571429,1.0,0.6964285714285714,0.9398116042564455,0.2204296564753863
2022-06-07,2022-06-08,open,2022-06-09,2022-06-22,6,7,UNEXECUTED_TIMEOUT,open,56,56,0,0.0023187606282992867,0.03457102543306334,-0.03225226480476406,6.964285714285712e-05,6.964285714285712e-05,0.00011607142857142856,9.285714285714285e-05,0.0003482142857142857,0.0019705463425850013,0.0020897249683256443,0.2321428571428571,1.0,0.6160714285714286,0.941663546575932,0.2280501357355983
2022-06-08,2022-06-09,open,2022-06-10,2022-06-23,7,7,UNEXECUTED_TIMEOUT,open,56,56,0,0.008169587389447714,0.01572586801173781,-0.007556280622290095,0.00012857142857142858,0.00012857142857142858,0.0002142857142857143,0.00017142857142857145,0.0006428571428571429,0.0075267302465905715,0.020114037083705266,0.4285714285714286,1.0,0.7142857142857143,0.948751194074057,0.23163642207023522
2022-06-09,2022-06-10,open,2022-06-13,2022-06-24,6,6,EXECUTED_ON_TIME,open,56,56,0,0.02498326690504808,0.05039063828576018,-0.025407371380712102,8.57142857142857e-05,8.57142857142857e-05,0.00014285714285714284,0.00011428571428571428,0.00042857142857142855,0.02455469547647665,0.010938354763402628,0.2857142857142857,1.0,0.6428571428571428,0.972047490727489,0.24330872922858413
2022-06-10,2022-06-13,open,2022-06-14,2022-06-27,6,6,DELAYED_LIMIT_DOWN,open,56,56,0,0.034839859639998874,0.05242037288736068,-0.017580513247361804,5.3571428571428575e-05,5.3571428571428575e-05,8.92857142857143e-05,7.142857142857145e-05,0.0002678571428571429,0.03457200249714173,0.04554743985700285,0.1785714285714286,1.0,0.5892857142857143,1.00565311900426,0.2560630635414964
2022-06-13,2022-06-14,open,2022-06-15,2022-06-28,6,7,UNEXECUTED_TIMEOUT,open,56,56,0,0.040499874880622844,0.07225244694770239,-0.03175257206707954,9.64285714285714e-05,9.64285714285714e-05,0.0001607142857142857,0.00012857142857142858,0.0004821428571428571,0.04001773202347999,0.024121577976375815,0.3214285714285714,1.0,0.6607142857142857,1.0458970760291493,0.2745642464552945
2022-06-14,2022-06-15,open,2022-06-16,2022-06-29,6,6,UNEXECUTED_TIMEOUT,open,56,56,0,0.025599833913374736,0.057811036273976324,-0.032211202360601585,0.00010178571428571428,0.00010178571428571428,0.00016964285714285717,0.00013571428571428572,0.0005089285714285715,0.025090905341946166,0.019148679843818087,0.3392857142857143,1.0,0.6696428571428572,1.0721395805612148,0.29043709006665847
2022-06-15,2022-06-16,open,2022-06-17,2022-06-30,5,6,UNEXECUTED_TIMEOUT,open,56,56,0,0.01532155399264219,0.031756273757421294,-0.0164347197647791,8.035714285714287e-05,8.035714285714287e-05,0.00013392857142857146,0.00010714285714285716,0.0004017857142857144,0.014919768278356477,0.0292543886840241,0.2678571428571429,1.0,0.6339285714285714,1.0881356546652423,0.2996602898081241
2022-06-16,2022-06-17,open,2022-06-20,2022-07-01,5,6,UNEXECUTED_TIMEOUT,open,56,56,0,0.03176267188096101,0.06406044319893134,-0.03229777131797033,5.8928571428571415e-05,5.8928571428571415e-05,9.82142857142857e-05,7.857142857142857e-05,0.00029464285714285714,0.03146802902381816,0.01451340347160274,0.1964285714285714,1.0,0.5982142857142857,1.1223771390280994,0.31885666078235275
2022-06-17,2022-06-20,open,2022-06-21,2022-07-04,4,5,EXECUTED_ON_TIME,open,56,56,0,0.003243318187283844,0.02877372981415882,-0.02553041162687498,7.5e-05,7.5e-05,0.000125,0.0001,0.000375,0.002868318187283844,0.0057274416111162026,0.25,1.0,0.625,1.1255964737889654,0.3280313561891491
2022-06-20,2022-06-21,open,2022-06-22,2022-07-05,5,5,EXECUTED_ON_TIME,open,57,57,0,0.011226267041999631,0.04102228416632858,-0.02979601712432895,8.947368421052632e-05,8.947368421052632e-05,0.00014912280701754387,0.00011929824561403511,0.00044736842105263163,0.010778898620946999,0.01358865175791118,0.29824561403508776,1.0,0.6491228070175439,1.137729164068032,0.3414879516982065
2022-06-21,2022-06-22,open,2022-06-23,2022-07-06,5,5,UNEXECUTED_TIMEOUT,open,57,57,0,0.0014813661732560241,0.0331447941343086,-0.03166342796105257,6.842105263157896e-05,6.842105263157896e-05,0.00011403508771929827,9.122807017543862e-05,0.0003421052631578948,0.0011392609100981292,0.011505394044138932,0.22807017543859653,1.0,0.6140350877192983,1.1390253344309333,0.35280649955659027
2022-06-22,2022-06-23,open,2022-06-24,2022-07-07,4,5,UNEXECUTED_TIMEOUT,open,57,57,0,0.032775232187315206,0.03443817561470941,-0.0016629434273942034,8.947368421052632e-05,8.947368421052632e-05,0.00014912280701754387,0.00011929824561403511,0.00044736842105263163,0.03232786376626257,0.015302944515408267,0.29824561403508776,1.0,0.6491228070175439,1.1758475902687382,0.36495651174633104
2022-06-23,2022-06-24,open,2022-06-27,2022-07-08,4,5,UNEXECUTED_TIMEOUT,open,57,57,0,0.022250862120788445,0.026066969445543542,-0.003816107324755097,6.315789473684209e-05,6.315789473684209e-05,0.00010526315789473683,8.421052631578948e-05,0.0003157894736842105,0.021935072647104235,0.00829741178749406,0.21052631578947367,1.0,0.6052631578947368,1.2016398925832052,0.3744698219869748
2022-06-24,2022-06-27,open,2022-06-28,2022-07-11,4,5,UNEXECUTED_TIMEOUT,open,57,57,0,0.013032453188669297,-0.0018539611429317926,0.01488641433160109,8.421052631578946e-05,8.421052631578946e-05,0.00014035087719298245,0.00011228070175438597,0.00042105263157894734,0.01261140055709035,0.009409327644754798,0.2807017543859649,1.0,0.6403508771929824,1.216794254593951,0.3737755694878104
2022-06-27,2022-06-28,open,2022-06-29,2022-07-12,4,5,UNEXECUTED_TIMEOUT,open,57,57,0,0.013033415566939885,-0.020243862745552677,0.03327727831249256,7.368421052631578e-05,7.368421052631578e-05,0.00012280701754385965,9.824561403508771e-05,0.00036842105263157896,0.012664994514308307,0.0018072190643318234,0.24561403508771928,1.0,0.6228070175438596,1.232204947153425,0.36620890816145835
2022-06-28,2022-06-29,open,2022-06-30,2022-07-13,5,5,EXECUTED_ON_TIME,open,57,57,0,-0.007106833438468404,-0.03563278396775116,0.028525950529282754,6.315789473684209e-05,6.315789473684209e-05,0.00010526315789473683,8.421052631578948e-05,0.0003157894736842105,-0.007422622912152614,0.006167052541484129,0.21052631578947367,1.0,0.6052631578947368,1.2230587544802163,0.3531598652498751
2022-06-29,2022-06-30,open,2022-07-01,2022-07-14,5,5,UNEXECUTED_TIMEOUT,open,57,57,0,0.005643664599912423,-0.024726430071438377,0.0303700946713508,8.421052631578946e-05,8.421052631578946e-05,0.00014035087719298245,0.00011228070175438597,0.00042105263157894734,0.005222611968333476,-0.003037119840418807,0.2807017543859649,1.0,0.6403508771929824,1.2294463157693396,0.3444274825377354
2022-06-30,2022-07-01,open,2022-07-04,2022-07-15,5,6,UNEXECUTED_TIMEOUT,open,57,57,0,-0.003309934541589197,-0.042331696929738816,0.03902176238814962,7.368421052631578e-05,7.368421052631578e-05,0.00012280701754385965,9.824561403508771e-05,0.00036842105263157896,-0.0036783555942207762,-0.00029713823012331945,0.24561403508771928,1.0,0.6228070175438596,1.2249239750359353,0.3298472827326751
2022-07-01,2022-07-04,open,2022-07-05,2022-07-18,5,6,UNEXECUTED_TIMEOUT,open,57,57,0,0.007559874408880125,-0.04161300013311697,0.0491728745419971,7.894736842105263e-05,7.894736842105263e-05,0.00013157894736842108,0.00010526315789473686,0.00039473684210526326,0.007165137566774862,-0.0013385037902123639,0.26315789473684215,1.0,0.631578947368421,1.2337007238259086,0.316121347712412
2022-07-04,2022-07-05,open,2022-07-06,2022-07-19,5,6,UNEXECUTED_TIMEOUT,open,57,57,0,-0.008165740798008829,-0.048166700958415465,0.040000960160406634,6.842105263157896e-05,6.842105263157896e-05,0.00011403508771929827,9.122807017543862e-05,0.0003421052631578948,-0.008507846061166724,-0.004356801451084106,0.22807017543859653,1.0,0.6140350877192983,1.2232045879820477,0.300894825290577
2022-07-05,2022-07-06,open,2022-07-07,2022-07-20,5,6,UNEXECUTED_TIMEOUT,open,57,57,0,0.006988500767405776,-0.04115780155076032,0.04814630231816609,7.368421052631578e-05,7.368421052631578e-05,0.00012280701754385965,9.824561403508771e-05,0.00036842105263157896,0.006620079714774197,0.012007201234884983,0.24561403508771928,1.0,0.6228070175438596,1.2313022998619663,0.28851065578361673
2022-07-06,2022-07-07,open,2022-07-08,2022-07-21,4,5,EXECUTED_ON_TIME,open,57,57,0,0.012462331260814944,-0.035007720413686716,0.04747005167450166,8.421052631578946e-05,8.421052631578946e-05,0.00014035087719298245,0.00011228070175438597,0.00042105263157894734,0.012041278629235997,-0.0009082033341062945,0.2807017543859649,1.0,0.6403508771929824,1.2461287539314234,0.2784105554095745
2022-07-07,2022-07-08,open,2022-07-11,2022-07-22,5,5,UNEXECUTED_TIMEOUT,open,57,57,0,-0.011692387156747941,-0.048404868060275774,0.036712480903527835,8.421052631578946e-05,8.421052631578946e-05,0.00014035087719298245,0.00011228070175438597,0.00042105263157894734,-0.012113439788326888,0.0012562272562065806,0.2807017543859649,1.0,0.6403508771929824,1.2310338483021723,0.26493412920838594
2022-07-08,2022-07-11,open,2022-07-12,2022-07-25,5,6,UNEXECUTED_TIMEOUT,open,57,57,0,-0.012900552679725728,-0.039086294877067274,0.026185742197341544,5.263157894736841e-05,5.263157894736841e-05,8.771929824561403e-05,7.017543859649122e-05,0.0002631578947368421,-0.01316371057446257,-3.7174747683704074e-05,0.17543859649122806,1.0,0.5877192982456141,1.2148288750157556,0.2545788357111479
2022-07-11,2022-07-12,open,2022-07-13,2022-07-26,5,5,UNEXECUTED_TIMEOUT,open,57,57,0,-0.011081980148395672,-0.030453889427258574,0.0193719092788629,6.842105263157896e-05,6.842105263157896e-05,0.00011403508771929827,9.122807017543862e-05,0.0003421052631578948,-0.011424085411553568,0.0001909453712868464,0.22807017543859653,1.0,0.6140350877192983,1.200950566187154,0.2468259199978804
2022-07-12,2022-07-13,open,2022-07-14,2022-07-27,5,5,UNEXECUTED_TIMEOUT,open,57,57,0,-0.0020343655219660067,-0.017899043413729276,0.015864677891763268,7.894736842105263e-05,7.894736842105263e-05,0.00013157894736842108,0.00010526315789473686,0.00039473684210526326,-0.00242910236407127,-0.006775071956486976,0.26315789473684215,1.0,0.631578947368421,1.198033334327696,0.24240797214020465
2022-07-13,2022-07-14,open,2022-07-15,2022-07-28,5,5,DELAYED_LIMIT_DOWN,open,57,57,0,0.004839690595659924,-0.015444821010285215,0.02028451160594514,0.0001,0.0001,0.0001666666666666667,0.00013333333333333337,0.0005,0.004339690595659924,0.003861405208424068,0.33333333333333337,1.0,0.6666666666666667,1.203232428321965,0.23866402439903298
2022-07-14,2022-07-15,open,2022-07-18,2022-07-29,4,5,EXECUTED_ON_TIME,open,57,57,0,-0.009219218087853066,-0.016989531968002458,0.007770313880149392,7.894736842105263e-05,7.894736842105263e-05,0.00013157894736842108,0.00010526315789473686,0.00039473684210526326,-0.00961395492995833,-0.0013643309953648864,0.26315789473684215,1.0,0.631578947368421,1.1916646059858134,0.23460923432689348
2022-07-15,2022-07-18,open,2022-07-19,2022-08-01,5,6,EXECUTED_ON_TIME,open,57,57,0,0.007056440867346933,-0.023815657529033474,0.030872098396380408,8.947368421052632e-05,8.947368421052632e-05,0.00014912280701754387,0.00011929824561403511,0.00044736842105263163,0.006609072446294301,-0.011348681092895172,0.29824561403508776,1.0,0.6491228070175439,1.1995404036984585,0.22902186114901543
2022-07-18,2022-07-19,open,2022-07-20,2022-08-02,5,6,EXECUTED_ON_TIME,open,57,57,0,-0.013621852609548773,-0.033594236044588666,0.019972383435039893,6.315789473684209e-05,6.315789473684209e-05,0.00010526315789473683,8.421052631578948e-05,0.0003157894736842105,-0.013937642083232983,-0.019231424212262874,0.21052631578947367,1.0,0.6052631578947368,1.1828216388873325,0.2213280466862044
2022-07-19,2022-07-20,open,2022-07-21,2022-08-03,6,6,EXECUTED_ON_TIME,open,57,57,0,-0.012779092090702243,-0.04111965634504011,0.02834056425433787,6.842105263157896e-05,6.842105263157896e-05,0.00011403508771929827,9.122807017543862e-05,0.0003421052631578948,-0.013121197353860138,-0.013523770380403897,0.22807017543859653,1.0,0.6140350877192983,1.1673016027290755,0.21222711346694867
2022-07-20,2022-07-21,open,2022-07-22,2022-08-04,6,6,EXECUTED_ON_TIME,open,57,57,0,-0.005391020580840063,-0.04236643169829635,0.03697541111745628,5.7894736842105274e-05,5.7894736842105274e-05,9.649122807017547e-05,7.719298245614037e-05,0.0002894736842105264,-0.0056804942650505895,0.00019441709144229265,0.19298245614035092,1.0,0.5964912280701755,1.1606707526691886,0.2032358079597246
2022-07-21,2022-07-22,open,2022-07-25,2022-08-05,6,6,UNEXECUTED_TIMEOUT,open,57,57,0,0.0004002078300908025,-0.033434882791635645,0.033835090621726446,6.842105263157896e-05,6.842105263157896e-05,0.00011403508771929827,9.122807017543862e-05,0.0003421052631578948,5.8102566932907663e-05,0.008020364132225498,0.22807017543859653,1.0,0.6140350877192983,1.1607381906192826,0.19644064254152782
2022-07-22,2022-07-25,open,2022-07-26,2022-08-08,6,6,UNEXECUTED_TIMEOUT,open,57,57,0,0.007794990351981634,-0.02168600883151528,0.029480999183496913,6.842105263157896e-05,6.842105263157896e-05,0.00011403508771929827,9.122807017543862e-05,0.0003421052631578948,0.007452885088823739,0.014448639225667205,0.22807017543859653,1.0,0.6140350877192983,1.1693890389721775,0.1921806290325037
2022-07-25,2022-07-26,open,2022-07-27,2022-08-09,6,6,UNEXECUTED_TIMEOUT,open,57,57,0,0.011794955211373389,-0.018109799054096265,0.029904754265469652,6.842105263157896e-05,6.842105263157896e-05,0.00011403508771929827,9.122807017543862e-05,0.0003421052631578948,0.011452849948215493,0.009872767061766484,0.22807017543859653,1.0,0.6140350877192983,1.1827818761666138,0.18870027645863524
2022-07-26,2022-07-27,open,2022-07-28,2022-08-10,6,6,EXECUTED_ON_TIME,open,57,57,0,0.0063002367387669815,-0.02052498563555527,0.026825222374322253,5.7894736842105274e-05,5.7894736842105274e-05,9.649122807017547e-05,7.719298245614037e-05,0.0002894736842105264,0.006010763054556455,-0.003376875805932535,0.19298245614035092,1.0,0.5964912280701755,1.189891297769475,0.18482720599489644
2022-07-27,2022-07-28,open,2022-07-29,2022-08-11,6,6,EXECUTED_ON_TIME,open,57,57,0,0.012754647410542526,-0.026290852500333584,0.03904549991087611,7.368421052631578e-05,7.368421052631578e-05,0.00012280701754385965,9.824561403508771e-05,0.00036842105263157896,0.012386226357910948,0.010975412601269226,0.24561403508771928,1.0,0.6228070175438596,1.2046295607249562,0.17996794118403583
2022-07-28,2022-07-29,open,2022-08-01,2022-08-12,5,6,DELAYED_LIMIT_DOWN,open,57,57,0,0.0007102546389455785,-0.00970205315367012,0.0104123077926157,0.00011052631578947369,0.00011052631578947369,0.0001842105263157895,0.0001473684210526316,0.0005526315789473685,0.00015762305999821003,0.011482110566251787,0.368421052631579,1.0,0.6842105263157895,1.204819438122482,0.17822188265271174
2022-07-29,2022-08-01,open,2022-08-02,2022-08-15,5,5,DELAYED_LIMIT_DOWN,open,57,57,0,0.011904743557545493,0.004651438910477479,0.007253304647068014,0.00012105263157894736,0.00012105263157894736,0.0002017543859649123,0.00016140350877192985,0.0006052631578947369,0.011299480399650756,0.014927593634796527,0.4035087719298246,1.0,0.7017543859649122,1.218433271748665,0.1790508708523811
2022-08-01,2022-08-02,open,2022-08-03,2022-08-16,5,5,DELAYED_LIMIT_DOWN,open,57,57,0,-0.0016219576852194713,0.011135569954181301,-0.012757527639400773,8.947368421052632e-05,8.947368421052632e-05,0.00014912280701754387,0.00011929824561403511,0.00044736842105263163,-0.002069326106272103,0.0033302360667841467,0.29824561403508776,1.0,0.6491228070175439,1.215911935970685,0.18104470435011488
2022-08-02,2022-08-03,open,2022-08-04,2022-08-17,5,6,EXECUTED_ON_TIME,open,57,57,0,0.021665855934371113,0.016462911545448433,0.00520294438892268,0.00011052631578947369,0.00011052631578947369,0.0001842105263157895,0.0001473684210526316,0.0005526315789473685,0.021113224355423746,0.029244743264002063,0.368421052631579,1.0,0.6842105263157895,1.2415837574712716,0.18402522730360268
2022-08-03,2022-08-04,open,2022-08-05,2022-08-18,5,5,DELAYED_LIMIT_DOWN,open,57,57,0,0.015408363924891743,0.02844960265972718,-0.013041238734835437,7.894736842105263e-05,7.894736842105263e-05,0.00013157894736842108,0.00010526315789473686,0.00039473684210526326,0.015013627082786479,0.00817813343985984,0.26315789473684215,1.0,0.631578947368421,1.2602244329979901,0.18926067189975615
2022-08-04,2022-08-05,open,2022-08-08,2022-08-19,5,5,DELAYED_LIMIT_DOWN,open,57,57,0,0.020514122143292058,0.01579631640715018,0.004717805736141879,5.263157894736841e-05,5.263157894736841e-05,8.771929824561403e-05,7.017543859649122e-05,0.0002631578947368421,0.020250964248555214,0.0009096972446405449,0.17543859649122806,1.0,0.5877192982456141,1.2857451929357882,0.19225029335651453
2022-08-05,2022-08-08,open,2022-08-09,2022-08-22,6,6,UNEXECUTED_TIMEOUT,open,57,57,0,0.010370160985468802,-0.0016776469775917624,0.012047807963060564,5.7894736842105274e-05,5.7894736842105274e-05,9.649122807017547e-05,7.719298245614037e-05,0.0002894736842105264,0.010080687301258275,0.006116853807232734,0.19298245614035092,1.0,0.5964912280701755,1.2987063881748697,0.19192776523292385
2022-08-08,2022-08-09,open,2022-08-10,2022-08-23,5,6,EXECUTED_ON_TIME,open,57,57,0,0.004936413637255779,0.0076900503081087646,-0.0027536366708529854,5.263157894736841e-05,5.263157894736841e-05,8.771929824561403e-05,7.017543859649122e-05,0.0002631578947368421,0.004673255742518937,0.0038595263953321423,0.17543859649122806,1.0,0.5877192982456141,1.3047755752612538,0.1934036994030879
2022-08-09,2022-08-10,open,2022-08-11,2022-08-24,6,6,EXECUTED_ON_TIME,open,57,57,0,0.0004436952587083854,0.004668120920455321,-0.004224425661746935,4.736842105263159e-05,4.736842105263159e-05,7.894736842105266e-05,6.315789473684213e-05,0.00023684210526315797,0.00020685315344522745,0.00158707361606774,0.1578947368421053,1.0,0.5789473684210527,1.3050454722035347,0.19430653125836492
2022-08-10,2022-08-11,open,2022-08-12,2022-08-25,5,6,UNEXECUTED_TIMEOUT,open,57,57,0,0.014522377182470729,-0.009065201618789431,0.02358757880126016,8.947368421052632e-05,8.947368421052632e-05,0.00014912280701754387,0.00011929824561403511,0.00044736842105263163,0.014075008761418097,0.001481683739343041,0.29824561403508776,1.0,0.6491228070175439,1.3234139986588485,0.19254510337666023
2022-08-11,2022-08-12,open,2022-08-15,2022-08-26,5,6,UNEXECUTED_TIMEOUT,open,57,57,0,-0.0010245213745049822,-0.013763493269492666,0.012738971894987683,8.947368421052632e-05,8.947368421052632e-05,0.00014912280701754387,0.00011929824561403511,0.00044736842105263163,-0.0014718897955576138,0.007009439219804562,0.29824561403508776,1.0,0.6491228070175439,1.3214660790989246,0.1898950101422618
2022-08-12,2022-08-15,open,2022-08-16,2022-08-29,4,5,EXECUTED_ON_TIME,open,57,57,0,0.003943931094064752,-0.0277794191915266,0.031723350285591354,7.894736842105263e-05,7.894736842105263e-05,0.00013157894736842108,0.00010526315789473686,0.00039473684210526326,0.0035491942519594887,1.8266294808163414e-06,0.26315789473684215,1.0,0.631578947368421,1.3261562189110219,0.1846198370531407
2022-08-15,2022-08-16,open,2022-08-17,2022-08-30,4,5,EXECUTED_ON_TIME,open,57,57,0,-0.0019060403705919984,-0.02434085259443508,0.02243481222384308,4.210526315789473e-05,4.210526315789473e-05,7.017543859649122e-05,5.6140350877192984e-05,0.00021052631578947367,-0.002116566686381472,-0.0024967114349083094,0.14035087719298245,1.0,0.5701754385964912,1.3233493208371372,0.18012603281342157
2022-08-16,2022-08-17,open,2022-08-18,2022-08-31,5,6,UNEXECUTED_TIMEOUT,open,57,57,0,-0.0054033443384771005,-0.029987086877508506,0.024583742539031405,9.473684210526315e-05,9.473684210526315e-05,0.00015789473684210527,0.0001263157894736842,0.0004736842105263158,-0.005877028549003417,-0.008565886312384183,0.3157894736842105,1.0,0.6578947368421053,1.315571959098273,0.17472457781854456
2022-08-17,2022-08-18,open,2022-08-19,2022-09-01,5,6,UNEXECUTED_TIMEOUT,open,57,57,0,-0.002398546913721301,-0.03319190115519455,0.030793354241473246,0.0001,0.0001,0.0001666666666666667,0.00013333333333333337,0.0005,-0.002898546913721301,0.002078343199229,0.33333333333333337,1.0,0.6666666666666667,1.3117587120564504,0.16892513690220834
2022-08-18,2022-08-19,open,2022-08-22,2022-09-02,5,6,UNEXECUTED_TIMEOUT,open,57,57,0,-0.00549300010838805,-0.028674734929259427,0.023181734820871377,6.315789473684209e-05,6.315789473684209e-05,0.00010526315789473683,8.421052631578948e-05,0.0003157894736842105,-0.00580878958207226,0.00023895191497845785,0.21052631578947367,1.0,0.6052631578947368,1.3041389817156646,0.16408125337864865
2022-08-19,2022-08-22,open,2022-08-23,2022-09-05,4,5,EXECUTED_ON_TIME,open,57,57,0,0.013762945301565774,-0.030169797458962977,0.04393274276052875,8.421052631578946e-05,8.421052631578946e-05,0.00014035087719298245,0.00011228070175438597,0.00042105263157894734,0.013341892669986827,0.008414100197396975,0.2807017543859649,1.0,0.6403508771929824,1.3215386640364608,0.15913095519740203
2022-08-22,2022-08-23,open,2022-08-24,2022-09-06,4,4,EXECUTED_ON_TIME,open,57,57,0,-0.00120829698241454,-0.03617695569737123,0.034968658714956684,5.7894736842105274e-05,5.7894736842105274e-05,9.649122807017547e-05,7.719298245614037e-05,0.0002894736842105264,-0.0014977706666250666,-0.0019067946674039258,0.19298245614035092,1.0,0.5964912280701755,1.3195593021906562,0.15337408168114525
2022-08-23,2022-08-24,open,2022-08-25,2022-09-07,5,5,EXECUTED_ON_TIME,open,57,57,0,-0.009017817127387844,-0.032589786056437475,0.02357196892904963,6.315789473684209e-05,6.315789473684209e-05,0.00010526315789473683,8.421052631578948e-05,0.0003157894736842105,-0.009333606601072054,0.011312511621164388,0.21052631578947367,1.0,0.6052631578947368,1.3072430547772234,0.14837565317255416
2022-08-24,2022-08-25,open,2022-08-26,2022-09-08,4,4,UNEXECUTED_TIMEOUT,open,57,57,0,0.008791617481274407,-0.008337048759007204,0.01712866624028161,0.00012105263157894736,0.00012105263157894736,0.0002017543859649123,0.00016140350877192985,0.0006052631578947369,0.00818635432337967,0.0038726387263601962,0.4035087719298246,1.0,0.7017543859649122,1.317944609610407,0.14713863811740505
2022-08-25,2022-08-26,open,2022-08-29,2022-09-09,5,5,DELAYED_LIMIT_DOWN,open,57,57,0,-0.0034477670211314196,-0.018709418592989024,0.015261651571857604,8.947368421052632e-05,8.947368421052632e-05,0.00014912280701754387,0.00011929824561403511,0.00044736842105263163,-0.003895135442184051,0.014741373849897037,0.29824561403508776,1.0,0.6491228070175439,1.3128110368506782,0.14438575974566417
2022-08-26,2022-08-29,open,2022-08-30,2022-09-13,5,5,DELAYED_LIMIT_DOWN,open,57,57,0,0.016419345969210943,0.011843106703613326,0.004576239265597616,7.368421052631578e-05,7.368421052631578e-05,0.00012280701754385965,9.824561403508771e-05,0.00036842105263157896,0.016050924916579362,0.00922950422346993,0.24561403508771928,1.0,0.6228070175438596,1.3338828682328252,0.14609573570481435
2022-08-29,2022-08-30,open,2022-08-31,2022-09-14,5,5,DELAYED_LIMIT_DOWN,open,57,57,0,-0.007720465128010912,-0.007455498632025326,-0.0002649664959855861,6.315789473684209e-05,6.315789473684209e-05,0.00010526315789473683,8.421052631578948e-05,0.0003157894736842105,-0.008036254601695122,-0.0029591016104208653,0.21052631578947367,1.0,0.6052631578947368,1.323163445894867,0.14500651914712237
2022-08-30,2022-08-31,open,2022-09-01,2022-09-15,5,5,DELAYED_LIMIT_DOWN,open,57,57,0,-0.00954616637005296,0.005300773154711891,-0.014846939524764851,6.315789473684209e-05,6.315789473684209e-05,0.00010526315789473683,8.421052631578948e-05,0.0003157894736842105,-0.00986195584373717,-0.002257821678339835,0.21052631578947367,1.0,0.6052631578947368,1.3101144664174047,0.14577516581107566
2022-08-31,2022-09-01,open,2022-09-02,2022-09-16,4,5,DELAYED_LIMIT_DOWN,open,57,57,0,-0.011672909333214763,-0.012936935758242285,0.0012640264250275215,8.947368421052632e-05,8.947368421052632e-05,0.00014912280701754387,0.00011929824561403511,0.00044736842105263163,-0.012120277754267396,-0.00749062859958355,0.29824561403508776,1.0,0.6491228070175439,1.294235515194542,0.14388928185583066
2022-09-01,2022-09-02,open,2022-09-05,2022-09-19,5,5,DELAYED_LIMIT_DOWN,open,57,57,0,-0.007246260356823765,-0.031177047095793164,0.0239307867389694,6.842105263157896e-05,6.842105263157896e-05,0.00011403508771929827,9.122807017543862e-05,0.0003421052631578948,-0.0075883656199816595,-0.006607929464394186,0.22807017543859653,1.0,0.6140350877192983,1.2844143829068804,0.13940323893883158
2022-09-02,2022-09-05,open,2022-09-06,2022-09-20,4,5,DELAYED_LIMIT_DOWN,open,57,57,0,0.004239749210635658,-0.016147496325184196,0.020387245535819856,4.210526315789473e-05,4.210526315789473e-05,7.017543859649122e-05,5.6140350877192984e-05,0.00021052631578947367,0.004029222894846185,0.004601669735644777,0.14035087719298245,1.0,0.5701754385964912,1.2895895747449586,0.13715222565034801
2022-09-05,2022-09-06,open,2022-09-07,2022-09-21,4,4,EXECUTED_ON_TIME,open,57,57,0,0.0004261194744140389,-0.025631927459818904,0.026058046934232942,9.473684210526315e-05,9.473684210526315e-05,0.00015789473684210527,0.0001263157894736842,0.0004736842105263158,-4.756473611227692e-05,-0.012257658962179554,0.3157894736842105,1.0,0.6578947368421053,1.2895282357571427,0.1336367497515256
2022-09-06,2022-09-07,open,2022-09-08,2022-09-22,4,5,EXECUTED_ON_TIME,open,57,57,0,-0.008912597611749945,-0.03906690342976693,0.030154305818016987,7.368421052631578e-05,7.368421052631578e-05,0.00012280701754385965,9.824561403508771e-05,0.00036842105263157896,-0.009281018664381524,-0.018352181347936522,0.24561403508771928,1.0,0.6228070175438596,1.2775601001328338,0.12841597575431482
2022-09-07,2022-09-08,open,2022-09-09,2022-09-23,5,5,UNEXECUTED_TIMEOUT,open,57,57,0,-0.01946877528831451,-0.04780880027414469,0.028340024985830183,8.947368421052632e-05,8.947368421052632e-05,0.00014912280701754387,0.00011929824561403511,0.00044736842105263163,-0.01991614370936714,-0.014057704276262413,0.29824561403508776,1.0,0.6491228070175439,1.2521160295812348,0.12227656201746738
2022-09-08,2022-09-09,open,2022-09-13,2022-09-26,5,5,UNEXECUTED_TIMEOUT,open,57,57,0,-0.01266448373256232,-0.05455730468561948,0.04189282095305716,5.7894736842105274e-05,5.7894736842105274e-05,9.649122807017547e-05,7.719298245614037e-05,0.0002894736842105264,-0.012953957416772847,-0.02326558070857626,0.19298245614035092,1.0,0.5964912280701755,1.2358961718531807,0.11560548236757037
2022-09-09,2022-09-13,open,2022-09-14,2022-09-27,5,5,UNEXECUTED_TIMEOUT,open,57,57,0,-0.018037967284861525,-0.06516104524986788,0.04712307796500635,6.315789473684209e-05,6.315789473684209e-05,0.00010526315789473683,8.421052631578948e-05,0.0003157894736842105,-0.018353756758545735,-0.0030472887732685763,0.21052631578947367,1.0,0.6052631578947368,1.2132128341361694,0.10807250829988431
2022-09-13,2022-09-14,open,2022-09-15,2022-09-28,4,5,UNEXECUTED_TIMEOUT,open,57,57,0,-0.002767524972593526,-0.04401233697811058,0.04124481200551705,6.315789473684209e-05,6.315789473684209e-05,0.00010526315789473683,8.421052631578948e-05,0.0003157894736842105,-0.0030833144462777363,-0.00917439135247127,0.21052631578947367,1.0,0.6052631578947368,1.2094721174782679,0.10331598464652014
2022-09-14,2022-09-15,open,2022-09-16,2022-09-29,5,5,UNEXECUTED_TIMEOUT,open,57,57,0,-0.028110716882933293,-0.05255023108136281,0.024439514198429515,7.894736842105263e-05,7.894736842105263e-05,0.00013157894736842108,0.00010526315789473686,0.00039473684210526326,-0.028505453725038557,-0.00739915175405953,0.26315789473684215,1.0,0.631578947368421,1.1749955660017668,0.09788670577894698
2022-09-15,2022-09-16,open,2022-09-19,2022-09-30,5,5,UNEXECUTED_TIMEOUT,open,57,57,0,-0.020230487767171002,-0.044905761261197386,0.024675273494026383,0.00011052631578947369,0.00011052631578947369,0.0001842105263157895,0.0001473684210526316,0.0005526315789473685,-0.02078311934611837,-5.509858908764667e-05,0.368421052631579,1.0,0.6842105263157895,1.1505754929223921,0.09349102873859251
2022-09-16,2022-09-19,open,2022-09-20,2022-10-10,5,5,UNEXECUTED_TIMEOUT,open,57,57,0,-0.011755553486435465,-0.031021091409684898,0.019265537923249434,0.0001,0.0001,0.0001666666666666667,0.00013333333333333337,0.0005,-0.012255553486435465,-0.011129567734997833,0.33333333333333337,1.0,0.6666666666666667,1.1364745534287,0.09059083499010716
2022-09-19,2022-09-20,open,2022-09-21,2022-10-11,4,5,UNEXECUTED_TIMEOUT,open,57,57,0,-0.010447261001989451,-0.05414270460586068,0.04369544360387123,8.947368421052632e-05,8.947368421052632e-05,0.00014912280701754387,0.00011929824561403511,0.00044736842105263163,-0.010894629423042083,-0.0026771699979120846,0.29824561403508776,1.0,0.6491228070175439,1.1240930843203771,0.08568600217123952
2022-09-20,2022-09-21,open,2022-09-22,2022-10-12,5,5,UNEXECUTED_TIMEOUT,open,57,57,0,-0.00722451710519708,-0.05060849438887649,0.04338397728367941,6.315789473684209e-05,6.315789473684209e-05,0.00010526315789473683,8.421052631578948e-05,0.0003157894736842105,-0.00754030657888129,-0.004178580208081016,0.21052631578947367,1.0,0.6052631578947368,1.1156170778414012,0.08134956261115109
2022-09-21,2022-09-22,open,2022-09-23,2022-10-13,5,6,UNEXECUTED_TIMEOUT,open,57,57,0,-0.006261028727268488,-0.030646084036935584,0.024385055309667097,7.894736842105263e-05,7.894736842105263e-05,0.00013157894736842108,0.00010526315789473686,0.00039473684210526326,-0.0066557655693737505,-0.004077228575255164,0.26315789473684215,1.0,0.631578947368421,1.108191792106099,0.0788565170790018
2022-09-22,2022-09-23,open,2022-09-26,2022-10-14,5,5,UNEXECUTED_TIMEOUT,open,57,57,0,-0.014118826242618456,-0.021160874025414667,0.007042047782796211,7.894736842105263e-05,7.894736842105263e-05,0.00013157894736842108,0.00010526315789473686,0.00039473684210526326,-0.01451356308472372,0.0033689453503932664,0.26315789473684215,1.0,0.631578947368421,1.0921079806213942,0.07718784425501009
2022-09-23,2022-09-26,open,2022-09-27,2022-10-17,5,5,UNEXECUTED_TIMEOUT,open,57,57,0,0.004963097823724075,-0.0019200458742906212,0.006883143698014696,5.7894736842105274e-05,5.7894736842105274e-05,9.649122807017547e-05,7.719298245614037e-05,0.0002894736842105264,0.004673624139513549,0.01054178648196679,0.19298245614035092,1.0,0.5964912280701755,1.0972120828425818,0.07703964005310286
2022-09-26,2022-09-27,open,2022-09-28,2022-10-18,4,4,DELAYED_LIMIT_DOWN,open,57,57,0,0.008912657724217262,0.005659887998888724,0.0032527697253285377,8.947368421052632e-05,8.947368421052632e-05,0.00014912280701754387,0.00011929824561403511,0.00044736842105263163,0.00846528930316463,-0.001174040075146399,0.29824561403508776,1.0,0.6491228070175439,1.106500300550772,0.07747567578727813
2022-09-27,2022-09-28,open,2022-09-29,2022-10-19,4,4,EXECUTED_ON_TIME,open,57,57,0,-0.008741233554868624,-0.013397294454869813,0.004656060900001188,6.842105263157896e-05,6.842105263157896e-05,0.00011403508771929827,9.122807017543862e-05,0.0003421052631578948,-0.00908333881802652,-0.0011283313925097684,0.22807017543859653,1.0,0.6140350877192983,1.0964495834186212,0.07643771134566593
2022-09-28,2022-09-29,open,2022-09-30,2022-10-20,4,5,UNEXECUTED_TIMEOUT,open,57,57,0,-0.006764862833019366,-0.03046774642653438,0.023702883593515016,8.947368421052632e-05,8.947368421052632e-05,0.00014912280701754387,0.00011929824561403511,0.00044736842105263163,-0.007212231254071997,0.004574206704998927,0.29824561403508776,1.0,0.6491228070175439,1.0885417354645752,0.07410882653896156
2022-09-29,2022-09-30,open,2022-10-10,2022-10-21,4,5,UNEXECUTED_TIMEOUT,open,57,57,0,-0.00438805003658643,-0.02072860552780209,0.01634055549121566,9.473684210526315e-05,9.473684210526315e-05,0.00015789473684210527,0.0001263157894736842,0.0004736842105263158,-0.004861734247112746,0.0035122889992211777,0.3157894736842105,1.0,0.6578947368421053,1.0832495348298554,0.07257265390750711
2022-09-30,2022-10-10,open,2022-10-11,2022-10-24,4,5,UNEXECUTED_TIMEOUT,open,57,57,0,-0.023674736750380176,-0.020660386280526244,-0.0030143504698539325,7.894736842105263e-05,7.894736842105263e-05,0.00013157894736842108,0.00010526315789473686,0.00039473684210526326,-0.02406947359248544,-0.005447768882417044,0.26315789473684215,1.0,0.631578947368421,1.057176288757196,0.07107327484437508
2022-10-10,2022-10-11,open,2022-10-12,2022-10-25,4,5,EXECUTED_ON_TIME,open,57,57,0,-0.012075754995412769,-0.02949690234696012,0.01742114735154735,7.894736842105263e-05,7.894736842105263e-05,0.00013157894736842108,0.00010526315789473686,0.00039473684210526326,-0.012470491837518033,-0.019230474174375747,0.26315789473684215,1.0,0.631578947368421,1.0439927804774318,0.06897683339681189
2022-10-11,2022-10-12,open,2022-10-13,2022-10-26,4,5,EXECUTED_ON_TIME,open,58,58,0,0.013511140024700859,-0.024055391733143194,0.03756653175784405,7.75862068965517e-05,7.75862068965517e-05,0.00012931034482758618,0.00010344827586206895,0.00038793103448275855,0.013123208990218101,-0.0016418836433450702,0.2586206896551724,1.0,0.6293103448275862,1.057693315919916,0.06731756864893983
2022-10-12,2022-10-13,open,2022-10-14,2022-10-27,4,5,EXECUTED_ON_TIME,open,58,58,0,0.0009811338941500586,-0.023627029792744114,0.024608163686894172,5.689655172413794e-05,5.689655172413794e-05,9.482758620689657e-05,7.586206896551726e-05,0.0002844827586206897,0.0006966511355293689,-0.008648552574382563,0.18965517241379315,1.0,0.5948275862068966,1.0584301591694933,0.06572705444889623
2022-10-13,2022-10-14,open,2022-10-17,2022-10-28,4,5,UNEXECUTED_TIMEOUT,open,57,57,0,-0.009133752691709336,-0.04708990737226282,0.03795615468055348,7.368421052631578e-05,7.368421052631578e-05,0.00012280701754385965,9.824561403508771e-05,0.00036842105263157896,-0.009502173744340914,-0.012593297793458188,0.24561403508771928,1.0,0.6228070175438596,1.0483727719008145,0.06263197354304603
2022-10-14,2022-10-17,open,2022-10-18,2022-10-31,4,5,EXECUTED_ON_TIME,open,58,58,0,-0.0033670357945474383,-0.08312815276265795,0.07976111696811052,6.724137931034483e-05,6.724137931034483e-05,0.00011206896551724138,8.96551724137931e-05,0.00033620689655172416,-0.0037032426910991625,-0.019196987185731047,0.22413793103448276,1.0,0.6120689655172413,1.0444903930957254,0.05742549327853295
2022-10-17,2022-10-18,open,2022-10-19,2022-11-01,4,5,UNEXECUTED_TIMEOUT,open,58,58,0,-0.022639815214773526,-0.0895045457296837,0.06686473051491017,6.206896551724137e-05,6.206896551724137e-05,0.00010344827586206895,8.275862068965516e-05,0.00031034482758620686,-0.022950160042359734,-0.012870638560173784,0.2068965517241379,1.0,0.603448275862069,1.0205191714114714,0.052285650589334855
2022-10-18,2022-10-19,open,2022-10-20,2022-11-02,4,5,EXECUTED_ON_TIME,open,58,58,0,-0.017538459882408017,-0.05410812271095278,0.03656966282854476,3.620689655172414e-05,3.620689655172414e-05,6.0344827586206904e-05,4.827586206896553e-05,0.0001810344827586207,-0.01771949436516664,-0.004626211982390821,0.12068965517241381,1.0,0.5603448275862069,1.0024360877041014,0.04945657219122512
2022-10-19,2022-10-20,open,2022-10-21,2022-11-03,4,4,UNEXECUTED_TIMEOUT,open,58,58,0,0.008643969878625979,-0.0270964525237557,0.03574042240238168,5.689655172413794e-05,5.689655172413794e-05,9.482758620689657e-05,7.586206896551726e-05,0.0002844827586206897,0.00835948712000529,-0.003927825039685773,0.18965517241379315,1.0,0.5948275862068966,1.0108159392678924,0.0481164745308579
2022-10-20,2022-10-21,open,2022-10-24,2022-11-04,4,5,UNEXECUTED_TIMEOUT,open,58,58,0,-0.0033402084089333484,-0.028535465876730504,0.025195257467797154,7.241379310344828e-05,7.241379310344828e-05,0.00012068965517241381,9.655172413793106e-05,0.0003620689655172414,-0.00370227737445059,-0.0025655871003211223,0.24137931034482762,1.0,0.6206896551724138,1.0070736182862068,0.04674344851377403
2022-10-21,2022-10-24,open,2022-10-25,2022-11-07,4,5,UNEXECUTED_TIMEOUT,open,58,58,0,-0.010259406306156104,0.00713750179389816,-0.017396908100054266,6.206896551724137e-05,6.206896551724137e-05,0.00010344827586206895,8.275862068965516e-05,0.00031034482758620686,-0.010569751133742311,0.0093972866913476,0.2068965517241379,1.0,0.603448275862069,0.9964291007675641,0.047077079961394076
2022-10-24,2022-10-25,open,2022-10-26,2022-11-08,5,5,UNEXECUTED_TIMEOUT,open,58,58,0,0.010565782325543185,0.04189058006546764,-0.031324797739924456,0.00011379310344827585,0.00011379310344827585,0.0001896551724137931,0.00015172413793103449,0.0005689655172413793,0.009996816808301806,0.01024854343203029,0.3793103448275862,1.0,0.6896551724137931,1.0063902199503982,0.049049166148765276
2022-10-25,2022-10-26,open,2022-10-27,2022-11-09,5,5,UNEXECUTED_TIMEOUT,open,58,58,0,0.016086820750366326,0.03233166662584064,-0.016244845875474312,7.241379310344828e-05,7.241379310344828e-05,0.00012068965517241381,9.655172413793106e-05,0.0003620689655172414,0.015724751784849084,0.0028141856720263862,0.24137931034482762,1.0,0.6206896551724138,1.0222154563578179,0.05063500743696262
2022-10-26,2022-10-27,open,2022-10-28,2022-11-10,4,5,UNEXECUTED_TIMEOUT,open,58,58,0,0.0013085910801049273,0.00495192445329673,-0.0036433333731918024,7.241379310344828e-05,7.241379310344828e-05,0.00012068965517241381,9.655172413793106e-05,0.0003620689655172414,0.0009465221145876859,0.008313936981395003,0.24137931034482762,1.0,0.6206896551724138,1.023183005893134,0.05088574816848258
2022-10-27,2022-10-28,open,2022-10-31,2022-11-11,4,5,UNEXECUTED_TIMEOUT,open,58,58,0,-0.0018798692403772176,0.050648792286611455,-0.05252866152698867,8.275862068965516e-05,8.275862068965516e-05,0.00013793103448275863,0.0001103448275862069,0.00041379310344827585,-0.0022936623438254934,0.025140263238215093,0.27586206896551724,1.0,0.6379310344827587,1.0208361695616748,0.05346304985781687
2022-10-28,2022-10-31,open,2022-11-01,2022-11-14,4,5,UNEXECUTED_TIMEOUT,open,58,58,0,0.03393469699919472,0.08949561236430692,-0.0555609153651122,7.75862068965517e-05,7.75862068965517e-05,0.00012931034482758618,0.00010344827586206895,0.00038793103448275855,0.03354676596471196,0.02571683651445027,0.2586206896551724,1.0,0.6293103448275862,1.0550819216302734,0.05824775824370566
2022-10-31,2022-11-01,open,2022-11-02,2022-11-15,4,5,UNEXECUTED_TIMEOUT,open,58,58,0,0.06209030613384948,0.07645539526628786,-0.014365089132438384,6.724137931034483e-05,6.724137931034483e-05,0.00011206896551724138,8.96551724137931e-05,0.00033620689655172416,0.06175409923729775,0.03906953429897192,0.22413793103448276,1.0,0.6120689655172413,1.1202375553221082,0.06270111362360335
2022-11-01,2022-11-02,open,2022-11-03,2022-11-16,4,5,UNEXECUTED_TIMEOUT,open,58,58,0,0.04119035318927886,0.0664136721975026,-0.025223319008223742,7.241379310344828e-05,7.241379310344828e-05,0.00012068965517241381,9.655172413793106e-05,0.0003620689655172414,0.04082828422376162,0.03977397697346136,0.24137931034482762,1.0,0.6206896551724138,1.1659749326289313,0.06686532483021972
2022-11-02,2022-11-03,open,2022-11-04,2022-11-17,4,5,UNEXECUTED_TIMEOUT,open,58,58,0,0.027442232983744964,0.0483424141166402,-0.020900181132895233,6.206896551724137e-05,6.206896551724137e-05,0.00010344827586206895,8.275862068965516e-05,0.00031034482758620686,0.027131888156158756,0.02164595439401924,0.2068965517241379,1.0,0.603448275862069,1.1976100340939042,0.07009775605320587
2022-11-03,2022-11-04,open,2022-11-07,2022-11-18,4,5,UNEXECUTED_TIMEOUT,open,58,58,0,0.024198647894570977,0.04854979926077063,-0.024351151366199655,3.620689655172414e-05,3.620689655172414e-05,6.0344827586206904e-05,4.827586206896553e-05,0.0001810344827586207,0.024017613411812355,0.004127500308726471,0.12068965517241381,1.0,0.5603448275862069,1.2263737689108791,0.07350098803821949
2022-11-04,2022-11-07,open,2022-11-08,2022-11-21,5,5,UNEXECUTED_TIMEOUT,open,58,58,0,0.003861144903180236,0.004022881202219164,-0.00016173629903892817,7.241379310344828e-05,7.241379310344828e-05,0.00012068965517241381,9.655172413793106e-05,0.0003620689655172414,0.0034990759376629945,0.001226873413291992,0.24137931034482762,1.0,0.6206896551724138,1.2306649438562562,0.07379667378134297
2022-11-07,2022-11-08,open,2022-11-09,2022-11-22,4,5,UNEXECUTED_TIMEOUT,open,58,58,0,-0.0004614282396756178,-0.002008394500724986,0.0015469662610493682,7.241379310344828e-05,7.241379310344828e-05,0.00012068965517241381,9.655172413793106e-05,0.0003620689655172414,-0.0008234972051928592,0.0036386544067414164,0.24137931034482762,1.0,0.6206896551724138,1.229651494714462,0.07364846094754872
2022-11-08,2022-11-09,open,2022-11-10,2022-11-23,4,4,UNEXECUTED_TIMEOUT,open,58,58,0,-5.8398090670641224e-06,0.0025152088284521312,-0.0025210486375191955,7.241379310344828e-05,7.241379310344828e-05,0.00012068965517241381,9.655172413793106e-05,0.0003620689655172414,-0.0003679087745843055,0.01358484495091623,0.24137931034482762,1.0,0.6206896551724138,1.2291990951398757,0.0738337022067259
2022-11-09,2022-11-10,open,2022-11-11,2022-11-24,4,5,UNEXECUTED_TIMEOUT,open,58,58,0,0.020767980492744007,0.02868094460212034,-0.007912964109376332,4.13793103448276e-05,4.13793103448276e-05,6.896551724137934e-05,5.5172413793103474e-05,0.00020689655172413803,0.02056108394101987,0.0010328502670507722,0.13793103448275867,1.0,0.5689655172413793,1.2544727609152724,0.07595132252948646
2022-11-10,2022-11-11,open,2022-11-14,2022-11-25,5,5,UNEXECUTED_TIMEOUT,open,58,58,0,0.004086730058949129,-0.009629709614423554,0.013716439673372683,4.6551724137931024e-05,4.6551724137931024e-05,7.758620689655172e-05,6.206896551724137e-05,0.00023275862068965515,0.0038539714382594737,0.012202141606130536,0.15517241379310343,1.0,0.5775862068965517,1.2593074631059145,0.07521993334869607
2022-11-11,2022-11-14,open,2022-11-15,2022-11-28,4,5,EXECUTED_ON_TIME,open,58,58,0,-0.0007936821195938909,-0.0304448888138088,0.02965120669421491,0.0001086206896551724,0.0001086206896551724,0.00018103448275862068,0.00014482758620689654,0.000543103448275862,-0.001336785567869753,0.003404900485406606,0.3620689655172413,1.0,0.6810344827586207,1.2576240390637239,0.07292987084131292
2022-11-14,2022-11-15,open,2022-11-16,2022-11-29,4,5,EXECUTED_ON_TIME,open,58,58,0,0.021652124257656762,-0.005900352764873107,0.02755247702252987,0.00010344827586206896,0.00010344827586206896,0.0001724137931034483,0.00013793103448275863,0.0005172413793103448,0.021134882878346417,-0.0011186729158109178,0.3448275862068966,1.0,0.6724137931034483,1.2842037758343285,0.07249955887625253
2022-11-15,2022-11-16,open,2022-11-17,2022-11-30,4,5,EXECUTED_ON_TIME,open,58,58,0,-0.0059131502559838294,-0.006281322758353136,0.0003681725023693067,9.310344827586205e-05,9.310344827586205e-05,0.00015517241379310343,0.00012413793103448274,0.0004655172413793103,-0.00637866749736314,0.0027711404731560743,0.31034482758620685,1.0,0.6551724137931034,1.2760122669494232,0.07204416574711256
2022-11-16,2022-11-17,open,2022-11-18,2022-12-01,4,5,EXECUTED_ON_TIME,open,58,58,0,0.008748131333945813,0.0261755839876312,-0.017427452653685387,8.275862068965516e-05,8.275862068965516e-05,0.00013793103448275863,0.0001103448275862069,0.00041379310344827585,0.008334338230497538,-0.00044844638349287105,0.27586206896551724,1.0,0.6379310344827587,1.2866469847684434,0.07392996385844493
2022-11-17,2022-11-18,open,2022-11-21,2022-12-02,4,4,EXECUTED_ON_TIME,open,58,58,0,-0.01194141539235229,0.01636635187682689,-0.02830776726917918,7.75862068965517e-05,7.75862068965517e-05,0.00012931034482758618,0.00010344827586206895,0.00038793103448275855,-0.012329346426835048,0.005079953960362076,0.2586206896551724,1.0,0.6293103448275862,1.2707834683641905,0.07513992766119333
2022-11-18,2022-11-21,open,2022-11-22,2022-12-05,4,4,EXECUTED_ON_TIME,open,58,58,0,0.018799552194993855,0.036611314594255706,-0.01781176239926185,8.793103448275862e-05,8.793103448275862e-05,0.00014655172413793104,0.00011724137931034485,0.00043965517241379315,0.018359897022580063,0.017206353166851415,0.2931034482758621,1.0,0.646551724137931,1.2941149219813541,0.07789089919138689
2022-11-21,2022-11-22,open,2022-11-23,2022-12-06,4,5,EXECUTED_ON_TIME,open,58,58,0,0.006701097787616859,0.04326087429854164,-0.036559776510924784,5.689655172413794e-05,5.689655172413794e-05,9.482758620689657e-05,7.586206896551726e-05,0.0002844827586206897,0.00641661502899617,0.01195392503190629,0.18965517241379315,1.0,0.5948275862068966,1.302418759238988,0.08126052759030586
2022-11-22,2022-11-23,open,2022-11-24,2022-12-07,4,5,EXECUTED_ON_TIME,open,58,58,0,0.007109600571575598,0.05224593480800044,-0.04513633423642484,7.75862068965517e-05,7.75862068965517e-05,0.00012931034482758618,0.00010344827586206895,0.00038793103448275855,0.006721669537092839,0.0035157682014431884,0.2586206896551724,1.0,0.6293103448275862,1.311173187737503,0.0855060598172527
2022-11-23,2022-11-24,open,2022-11-25,2022-12-08,4,5,EXECUTED_ON_TIME,open,58,58,0,-0.005264332357456157,0.0426367650084134,-0.04790109736586956,5.172413793103448e-05,5.172413793103448e-05,8.620689655172414e-05,6.896551724137931e-05,0.0002586206896551724,-0.005522953047111329,0.004429107348982223,0.1724137931034483,1.0,0.5862068965517242,1.3039316397849974,0.08915176159647625
2022-11-24,2022-11-25,open,2022-11-28,2022-12-09,4,5,EXECUTED_ON_TIME,open,58,58,0,0.002203524913386239,0.0561701306380058,-0.05396660572461956,8.275862068965516e-05,8.275862068965516e-05,0.00013793103448275863,0.0001103448275862069,0.00041379310344827585,0.0017897318099379632,0.01685111805299905,0.27586206896551724,1.0,0.6379310344827587,1.3062653277187053,0.09415942769195867
2022-11-25,2022-11-28,open,2022-11-29,2022-12-12,4,4,EXECUTED_ON_TIME,open,58,58,0,0.007819911484746252,0.07408894130638788,-0.06626902982164162,7.241379310344828e-05,7.241379310344828e-05,0.00012068965517241381,9.655172413793106e-05,0.0003620689655172414,0.007457842519229011,0.0005036628969500344,0.24137931034482762,1.0,0.6206896551724138,1.3160072488211605,0.10113560000367128
2022-11-28,2022-11-29,open,2022-11-30,2022-12-13,3,4,EXECUTED_ON_TIME,open,58,58,0,0.010742615534284366,0.04964145097529049,-0.03889883544100613,8.793103448275862e-05,8.793103448275862e-05,0.00014655172413793104,0.00011724137931034485,0.00043965517241379315,0.010302960361870572,-0.001677317621485451,0.2931034482758621,1.0,0.646551724137931,1.3295660193416992,0.10615611793311011
2022-11-29,2022-11-30,open,2022-12-01,2022-12-14,3,4,EXECUTED_ON_TIME,open,58,58,0,0.010787999198002458,0.030295108117688763,-0.019507108919686305,9.82758620689655e-05,9.82758620689655e-05,0.00016379310344827585,0.00013103448275862068,0.0004913793103448275,0.01029661988765763,-0.008940788847057683,0.3275862068965517,1.0,0.6637931034482758,1.3432560552584067,0.1093721290032478
2022-11-30,2022-12-01,open,2022-12-02,2022-12-15,4,4,EXECUTED_ON_TIME,open,58,58,0,-0.007913121011063506,0.008511728905884475,-0.01642484991694798,6.206896551724137e-05,6.206896551724137e-05,0.00010344827586206895,8.275862068965516e-05,0.00031034482758620686,-0.008223465838649713,-0.00024151622507436778,0.2068965517241379,1.0,0.603448275862069,1.3322098349754299,0.11030307491518287
2022-12-01,2022-12-02,open,2022-12-05,2022-12-16,4,5,EXECUTED_ON_TIME,open,58,58,0,-0.0003491857343573632,0.011534830536102492,-0.011884016270459855,5.689655172413794e-05,5.689655172413794e-05,9.482758620689657e-05,7.586206896551726e-05,0.0002844827586206897,-0.0006336684929780529,-0.0006766903947736876,0.18965517241379315,1.0,0.5948275862068966,1.3313656555769704,0.11157540219194052
2022-12-02,2022-12-05,open,2022-12-06,2022-12-19,4,4,EXECUTED_ON_TIME,open,58,57,1,-0.012631227273050088,0.011549943981504995,-0.024181171254555083,5.7894736842105274e-05,5.7894736842105274e-05,9.649122807017547e-05,7.719298245614037e-05,0.0002894736842105264,-0.012920700957260615,-0.01844667506030788,0.19298245614035092,1.0,0.5964912280701755,1.314163478076493,0.11286409183697133
2022-12-05,2022-12-06,open,2022-12-07,2022-12-20,4,5,EXECUTED_ON_TIME,open,57,57,0,-0.017394341966138097,-0.012160836608546721,-0.005233505357591376,8.421052631578946e-05,8.421052631578946e-05,0.00014035087719298245,0.00011228070175438597,0.00042105263157894734,-0.017815394597717044,-0.022784858395733267,0.2807017543859649,1.0,0.6403508771929824,1.290751137148652,0.1114915700571699
2022-12-06,2022-12-07,open,2022-12-08,2022-12-21,4,5,EXECUTED_ON_TIME,open,57,57,0,-0.02518147322487051,-0.029739892515730393,0.004558419290859882,5.7894736842105274e-05,5.7894736842105274e-05,9.649122807017547e-05,7.719298245614037e-05,0.0002894736842105264,-0.025470946909081037,-0.022572935030053837,0.19298245614035092,1.0,0.5964912280701755,1.2578744834615028,0.10817582274725965
2022-12-07,2022-12-08,open,2022-12-09,2022-12-22,4,5,EXECUTED_ON_TIME,open,57,57,0,-0.02648763352330845,-0.02377694621495141,-0.0027106873083570376,4.736842105263159e-05,4.736842105263159e-05,7.894736842105266e-05,6.315789473684213e-05,0.00023684210526315797,-0.026724475628571605,-0.024097753204207255,0.1578947368421053,1.0,0.5789473684210527,1.2242584474844338,0.10560373202803994
2022-12-08,2022-12-09,open,2022-12-12,2022-12-23,5,6,UNEXECUTED_TIMEOUT,open,57,57,0,-0.031134461076985802,-0.037954645037142964,0.006820183960157163,5.263157894736841e-05,5.263157894736841e-05,8.771929824561403e-05,7.017543859649122e-05,0.0002631578947368421,-0.03139761897172264,-0.032879236900991315,0.17543859649122806,1.0,0.5877192982456141,1.1858196472274047,0.10159557986431812
2022-12-09,2022-12-12,open,2022-12-13,2022-12-26,5,5,UNEXECUTED_TIMEOUT,open,57,57,0,-0.015266011941673978,-0.03661914021828028,0.0213531282766063,7.368421052631578e-05,7.368421052631578e-05,0.00012280701754385965,9.824561403508771e-05,0.00036842105263157896,-0.015634432994305558,-0.013996292636675648,0.24561403508771928,1.0,0.6228070175438596,1.167280029409497,0.09787523707970916
2022-12-12,2022-12-13,open,2022-12-14,2022-12-27,4,5,EXECUTED_ON_TIME,open,57,57,0,-0.01259275545448835,-0.02343287598885846,0.010840120534370109,7.894736842105263e-05,7.894736842105263e-05,0.00013157894736842108,0.00010526315789473686,0.00039473684210526326,-0.012987492296593614,-0.016587461169185094,0.26315789473684215,1.0,0.631578947368421,1.1521199890195735,0.09558173878684022
2022-12-13,2022-12-14,open,2022-12-15,2022-12-28,4,5,EXECUTED_ON_TIME,open,57,57,0,-0.016339089358232212,-0.01970153225988036,0.0033624429016481487,5.263157894736841e-05,5.263157894736841e-05,8.771929824561403e-05,7.017543859649122e-05,0.0002631578947368421,-0.016602247252969056,-0.009182865917103027,0.17543859649122806,1.0,0.5877192982456141,1.1329922080967825,0.09369863207667582
2022-12-14,2022-12-15,open,2022-12-16,2022-12-29,4,5,EXECUTED_ON_TIME,open,57,57,0,-0.017458275061120587,-0.025396796497914376,0.007938521436793789,4.736842105263159e-05,4.736842105263159e-05,7.894736842105266e-05,6.315789473684213e-05,0.00023684210526315797,-0.017695117166383743,-0.013405746540180546,0.1578947368421053,1.0,0.5789473684210527,1.1129437782259102,0.09131898698569153
2022-12-15,2022-12-16,open,2022-12-19,2022-12-30,4,4,EXECUTED_ON_TIME,open,57,57,0,-0.013065242481735545,-0.014574565937599204,0.0015093234558636592,5.7894736842105274e-05,5.7894736842105274e-05,9.649122807017547e-05,7.719298245614037e-05,0.0002894736842105264,-0.013354716165946072,-0.011765151343301965,0.19298245614035092,1.0,0.5964912280701755,1.0980807299590476,0.0899880523885138
2022-12-16,2022-12-19,open,2022-12-20,2023-01-03,5,5,EXECUTED_ON_TIME,open,57,57,0,-0.01729535990076679,-0.022246419031105136,0.004951059130338345,7.894736842105263e-05,7.894736842105263e-05,0.00013157894736842108,0.00010526315789473686,0.00039473684210526326,-0.017690096742872054,0.005567173401632253,0.26315789473684215,1.0,0.631578947368421,1.0786555756145886,0.08798614046728588
2022-12-19,2022-12-20,open,2022-12-21,2023-01-04,4,4,EXECUTED_ON_TIME,open,58,58,0,0.0013075244853281173,0.0012944363456288688,1.3088139699248555e-05,0.00012413793103448277,0.00012413793103448277,0.00020689655172413795,0.00016551724137931037,0.0006206896551724138,0.0006868348301557035,0.007078609890796582,0.4137931034482759,1.0,0.7068965517241379,1.0793964338336623,0.08810003292541835
2022-12-20,2022-12-21,open,2022-12-22,2023-01-05,4,5,UNEXECUTED_TIMEOUT,open,58,57,1,0.018472484949731104,0.019404006406875007,-0.0009315214571439037,8.421052631578946e-05,8.421052631578946e-05,0.00014035087719298245,0.00011228070175438597,0.00042105263157894734,0.018051432318152157,0.02033252440601015,0.2807017543859649,1.0,0.6403508771929824,1.0988810855034656,0.08980952652874906
2022-12-21,2022-12-22,open,2022-12-23,2023-01-06,4,5,EXECUTED_ON_TIME,open,57,57,0,0.006159370653419349,0.028592683879888225,-0.022433313226468875,5.7894736842105274e-05,5.7894736842105274e-05,9.649122807017547e-05,7.719298245614037e-05,0.0002894736842105264,0.005869896969208823,0.023846390388383404,0.19298245614035092,1.0,0.5964912280701755,1.1053314042567832,0.09237742193018801
2022-12-22,2022-12-23,open,2022-12-26,2023-01-09,3,4,EXECUTED_ON_TIME,open,58,58,0,0.01969431752063774,0.04903746862223257,-0.02934315110159483,9.82758620689655e-05,9.82758620689655e-05,0.00016379310344827585,0.00013103448275862068,0.0004913793103448275,0.019202938210292914,0.01604538156787163,0.3275862068965517,1.0,0.6637931034482758,1.1265570149146227,0.09690737685949234
2022-12-23,2022-12-26,open,2022-12-27,2023-01-10,3,4,EXECUTED_ON_TIME,open,58,58,0,0.031877886794591914,0.04807250517416728,-0.016194618379575365,9.310344827586205e-05,9.310344827586205e-05,0.00015517241379310343,0.00012413793103448274,0.0004655172413793103,0.0314123695532126,0.014581732955337622,0.31034482758620685,1.0,0.6551724137931034,1.1619448401898849,0.10156595723498527
2022-12-26,2022-12-27,open,2022-12-28,2023-01-11,4,4,EXECUTED_ON_TIME,open,58,58,0,0.017356664978463103,0.04117661532723549,-0.023819950348772385,5.172413793103448e-05,5.172413793103448e-05,8.620689655172414e-05,6.896551724137931e-05,0.0002586206896551724,0.017098044288807932,0.015992348668790964,0.1724137931034483,1.0,0.5862068965517242,1.1818118245286036,0.10574809958639271
2022-12-27,2022-12-28,open,2022-12-29,2023-01-12,3,4,EXECUTED_ON_TIME,open,58,58,0,0.00885114517011293,0.037895560493874436,-0.029044415323761508,7.241379310344828e-05,7.241379310344828e-05,0.00012068965517241381,9.655172413793106e-05,0.0003620689655172414,0.00848907620459569,0.013378687524818546,0.24137931034482762,1.0,0.6206896551724138,1.1918443151665192,0.10975548309138111
2022-12-28,2022-12-29,open,2022-12-30,2023-01-13,4,5,EXECUTED_ON_TIME,open,58,58,0,0.0280668632799641,0.04619722300346951,-0.01813035972350541,6.724137931034483e-05,6.724137931034483e-05,0.00011206896551724138,8.96551724137931e-05,0.00033620689655172416,0.027730656383412378,0.026727276995545758,0.22413793103448276,1.0,0.6120689655172413,1.2248949403329255,0.11482588161960718
2022-12-29,2022-12-30,open,2023-01-03,2023-01-16,3,4,EXECUTED_ON_TIME,open,58,58,0,0.018886908797756893,0.052644906885400244,-0.03375799808764335,7.75862068965517e-05,7.75862068965517e-05,0.00012931034482758618,0.00010344827586206895,0.00038793103448275855,0.018498977763274135,0.022224445012554155,0.2586206896551724,1.0,0.6293103448275862,1.2475542445964911,0.12087087946550538
2022-12-30,2023-01-03,open,2023-01-04,2023-01-17,4,5,EXECUTED_ON_TIME,open,58,58,0,0.029254313477881135,0.07089744558371947,-0.04164313210583833,7.75862068965517e-05,7.75862068965517e-05,0.00012931034482758618,0.00010344827586206895,0.00038793103448275855,0.028866382443398377,0.013908888580934815,0.2586206896551724,1.0,0.6293103448275862,1.2835666225398983,0.12944031606506737
2023-01-03,2023-01-04,open,2023-01-05,2023-01-18,4,5,EXECUTED_ON_TIME,open,58,58,0,0.02083850834746929,0.0653205532325507,-0.04448204488508141,0.00011379310344827585,0.00011379310344827585,0.0001896551724137931,0.00015172413793103449,0.0005689655172413793,0.020269542830227912,0.01904841237471962,0.3793103448275862,1.0,0.6896551724137931,1.3095839311709219,0.13789542912103378
2023-01-04,2023-01-05,open,2023-01-06,2023-01-19,3,4,EXECUTED_ON_TIME,open,58,58,0,0.03217738724895648,0.05419301887086547,-0.02201563162190899,7.241379310344828e-05,7.241379310344828e-05,0.00012068965517241381,9.655172413793106e-05,0.0003620689655172414,0.03181531828343924,0.021892111759357583,0.24137931034482762,1.0,0.6206896551724138,1.3512487607600023,0.14536839871359605
2023-01-05,2023-01-06,open,2023-01-09,2023-01-20,4,4,EXECUTED_ON_TIME,open,58,58,0,0.03431424364262268,0.04970211981260331,-0.015387876169980629,6.724137931034483e-05,6.724137931034483e-05,0.00011206896551724138,8.96551724137931e-05,0.00033620689655172416,0.03397803674607095,0.028061320050004925,0.22413793103448276,1.0,0.6120689655172413,1.3971615408061884,0.1525935162834255
2023-01-06,2023-01-09,open,2023-01-10,2023-01-30,4,5,EXECUTED_ON_TIME,open,58,58,0,0.029431996408904523,0.0672990160379019,-0.03786701962899737,6.724137931034483e-05,6.724137931034483e-05,0.00011206896551724138,8.96551724137931e-05,0.00033620689655172416,0.0290957895123528,0.024929319034610244,0.22413793103448276,1.0,0.6120689655172413,1.4378130589122395,0.1628629097830636
2023-01-09,2023-01-10,open,2023-01-11,2023-01-31,5,5,EXECUTED_ON_TIME,open,58,58,0,0.02220880104781866,0.04629670912964379,-0.024087908081825128,6.206896551724137e-05,6.206896551724137e-05,0.00010344827586206895,8.275862068965516e-05,0.00031034482758620686,0.02189845622023245,0.020246286402856473,0.2068965517241379,1.0,0.603448275862069,1.4692989452357077,0.1704029265452975
2023-01-10,2023-01-11,open,2023-01-12,2023-02-01,5,5,EXECUTED_ON_TIME,open,58,58,0,0.019600644777884816,0.037376202895406774,-0.017775558117521958,5.689655172413794e-05,5.689655172413794e-05,9.482758620689657e-05,7.586206896551726e-05,0.0002844827586206897,0.019316162019264126,0.02140496610428796,0.18965517241379315,1.0,0.5948275862068966,1.4976801617166144,0.17677194090182566
2023-01-11,2023-01-12,open,2023-01-13,2023-02-02,4,5,EXECUTED_ON_TIME,open,58,58,0,0.030011940584799435,0.04616318000474928,-0.016151239419949847,5.172413793103448e-05,5.172413793103448e-05,8.620689655172414e-05,6.896551724137931e-05,0.0002586206896551724,0.029753319895144265,0.026709931238667817,0.1724137931034483,1.0,0.5862068965517242,1.5422411186687803,0.18493229582946555
2023-01-12,2023-01-13,open,2023-01-16,2023-02-03,5,5,EXECUTED_ON_TIME,open,58,58,0,0.03335256641756653,0.03217401720262747,0.0011785492149390606,5.689655172413794e-05,5.689655172413794e-05,9.482758620689657e-05,7.586206896551726e-05,0.0002844827586206897,0.03306808365894584,0.03141045901485425,0.18965517241379315,1.0,0.5948275862068966,1.5932400770031858,0.19088231069680417
2023-01-13,2023-01-16,open,2023-01-17,2023-02-06,5,5,EXECUTED_ON_TIME,open,58,58,0,0.02638940584352357,0.0063640927060366614,0.02002531313748691,6.206896551724137e-05,6.206896551724137e-05,0.00010344827586206895,8.275862068965516e-05,0.00031034482758620686,0.026079061015937363,0.00995153556539733,0.2068965517241379,1.0,0.603448275862069,1.6347902821843887,0.19209710341802114
2023-01-16,2023-01-17,open,2023-01-18,2023-02-07,4,5,EXECUTED_ON_TIME,open,58,58,0,0.004438524163143791,-0.009792833407790469,0.01423135757093426,7.241379310344828e-05,7.241379310344828e-05,0.00012068965517241381,9.655172413793106e-05,0.0003620689655172414,0.004076455197626549,0.001570634224466968,0.24137931034482762,1.0,0.6206896551724138,1.6414544315272284,0.19021592848612937
2023-01-17,2023-01-18,open,2023-01-19,2023-02-08,4,4,EXECUTED_ON_TIME,open,58,58,0,0.001142320974050357,-0.009720774995398584,0.010863095969448941,7.241379310344828e-05,7.241379310344828e-05,0.00012068965517241381,9.655172413793106e-05,0.0003620689655172414,0.0007802520085331156,-0.00030024813351349836,0.24137931034482762,1.0,0.6206896551724138,1.6427351796443432,0.18836688224477488
2023-01-18,2023-01-19,open,2023-01-20,2023-02-09,3,4,EXECUTED_ON_TIME,open,58,58,0,0.012969805878176017,-0.014062033019866083,0.0270318388980421,6.724137931034483e-05,6.724137931034483e-05,0.00011206896551724138,8.96551724137931e-05,0.00033620689655172416,0.012633598981624293,0.004735882115571162,0.22413793103448276,1.0,0.6120689655172413,1.6634888371369763,0.18571806092679963
2023-01-19,2023-01-20,open,2023-01-30,2023-02-10,4,4,UNEXECUTED_TIMEOUT,open,58,58,0,0.01476671180085694,-0.010258363404053505,0.025025075204910444,8.793103448275862e-05,8.793103448275862e-05,0.00014655172413793104,0.00011724137931034485,0.00043965517241379315,0.014327056628443146,-0.010254251024144104,0.2931034482758621,1.0,0.646551724137931,1.6873217359074208,0.18381289756711636
2023-01-20,2023-01-30,open,2023-01-31,2023-02-13,3,4,UNEXECUTED_TIMEOUT,open,58,58,0,-0.01775777764204496,-0.039540728156761684,0.021782950514716723,8.793103448275862e-05,8.793103448275862e-05,0.00014655172413793104,0.00011724137931034485,0.00043965517241379315,-0.018197432814458753,-0.00497235143643911,0.2931034482758621,1.0,0.646551724137931,1.6566168119818696,0.17654480175270834
2023-01-30,2023-01-31,open,2023-02-01,2023-02-14,4,4,EXECUTED_ON_TIME,open,58,58,0,0.004000305994155014,-0.01174456581125316,0.015744871805408175,9.310344827586205e-05,9.310344827586205e-05,0.00015517241379310343,0.00012413793103448274,0.0004655172413793103,0.0035347887527757043,0.007653259904254863,0.31034482758620685,1.0,0.6551724137931034,1.6624726024565222,0.17447135970988903
2023-01-31,2023-02-01,open,2023-02-02,2023-02-15,4,4,UNEXECUTED_TIMEOUT,open,58,58,0,0.01260322874900597,-0.005581837697223979,0.01818506644622995,5.172413793103448e-05,5.172413793103448e-05,8.620689655172414e-05,6.896551724137931e-05,0.0002586206896551724,0.012344608059350797,-0.0036783098985260984,0.1724137931034483,1.0,0.5862068965517242,1.6829951751432568,0.17349748889717445
2023-02-01,2023-02-02,open,2023-02-03,2023-02-16,4,5,EXECUTED_ON_TIME,open,58,58,0,-0.007377280163922146,-0.019490128373451543,0.012112848209529396,7.75862068965517e-05,7.75862068965517e-05,0.00012931034482758618,0.00010344827586206895,0.00038793103448275855,-0.007765211198404905,-0.004380752040099724,0.2586206896551724,1.0,0.6293103448275862,1.669926362162373,0.17011600056609705
2023-02-02,2023-02-03,open,2023-02-06,2023-02-17,5,6,UNEXECUTED_TIMEOUT,open,58,57,1,-0.014046494360949544,-0.018212764648755098,0.004166270287805553,6.842105263157896e-05,6.842105263157896e-05,0.00011403508771929827,9.122807017543862e-05,0.0003421052631578948,-0.01438859962410744,-0.013291670734329316,0.22807017543859653,1.0,0.6140350877192983,1.6458984603354765,0.16701771788479924
2023-02-03,2023-02-06,open,2023-02-07,2023-02-20,5,5,EXECUTED_ON_TIME,open,58,57,1,0.006020694636385196,-0.015563262717202542,0.021583957353587736,7.894736842105263e-05,7.894736842105263e-05,0.00013157894736842108,0.00010526315789473686,0.00039473684210526326,0.005625957794279933,0.005671432443760618,0.26315789473684215,1.0,0.631578947368421,1.6551582156069942,0.1644183772629305
2023-02-06,2023-02-07,open,2023-02-08,2023-02-21,4,5,EXECUTED_ON_TIME,open,58,57,1,0.010504385827295685,0.007747335976372671,0.0027570498509230136,0.00011578947368421051,0.00011578947368421051,0.00019298245614035088,0.0001543859649122807,0.0005789473684210526,0.009925438458874633,0.0014997034115317442,0.38596491228070173,1.0,0.6929824561403508,1.6715863866157024,0.1656921816722764
2023-02-07,2023-02-08,open,2023-02-09,2023-02-22,4,5,EXECUTED_ON_TIME,open,58,57,1,0.0007046861761952233,0.004661138181160762,-0.003956452004965539,6.842105263157896e-05,6.842105263157896e-05,0.00011403508771929827,9.122807017543862e-05,0.0003421052631578948,0.00036258091303732846,0.010955920599679946,0.22807017543859653,1.0,0.6140350877192983,1.6721924719339825,0.16646449582658887
2023-02-08,2023-02-09,open,2023-02-10,2023-02-23,4,5,EXECUTED_ON_TIME,open,58,57,1,0.019119929104310904,0.009502249872958224,0.00961767923135268,7.368421052631578e-05,7.368421052631578e-05,0.00012280701754385965,9.824561403508771e-05,0.00036842105263157896,0.018751508051679324,-0.00889331624050857,0.24561403508771928,1.0,0.6228070175438596,1.70354860253541,0.16804628306090913
2023-02-09,2023-02-10,open,2023-02-13,2023-02-24,5,5,EXECUTED_ON_TIME,open,58,57,1,-0.002607427261647406,-0.005603405737835243,0.0029959784761878373,0.00011052631578947369,0.00011052631578947369,0.0001842105263157895,0.0001473684210526316,0.0005526315789473685,-0.0031600588405947742,0.002145727642249219,0.368421052631579,1.0,0.6842105263157895,1.6981652887135852,0.16710465155418375
2023-02-10,2023-02-13,open,2023-02-14,2023-02-27,6,6,EXECUTED_ON_TIME,open,58,58,0,0.0060836803410258735,-0.014253405808416053,0.02033708614944193,0.0001086206896551724,0.0001086206896551724,0.00018103448275862068,0.00014482758620689654,0.000543103448275862,0.005540576892750011,-0.01171282484066157,0.3620689655172413,1.0,0.6810344827586207,1.707574104072302,0.164722841143108
2023-02-13,2023-02-14,open,2023-02-15,2023-02-28,5,5,UNEXECUTED_TIMEOUT,open,58,58,0,0.003311437789194931,-0.022431091187780527,0.02574252897697546,0.00011379310344827585,0.00011379310344827585,0.0001896551724137931,0.00015172413793103449,0.0005689655172413793,0.002742472271953552,0.0032067848036704916,0.3793103448275862,1.0,0.6896551724137931,1.7122570787050262,0.16102792807271665
2023-02-14,2023-02-15,open,2023-02-16,2023-03-01,4,5,UNEXECUTED_TIMEOUT,open,58,58,0,0.004598890418857691,-0.01883885498769533,0.023437745406553023,7.241379310344828e-05,7.241379310344828e-05,0.00012068965517241381,9.655172413793106e-05,0.0003620689655172414,0.004236821453340449,-0.0030222866328246225,0.24137931034482762,1.0,0.6206896551724138,1.7195116062297175,0.15799434628678571
2023-02-15,2023-02-16,open,2023-02-17,2023-03-02,5,5,UNEXECUTED_TIMEOUT,open,58,58,0,0.005027385603240502,-0.0013130819271494065,0.006340467530389909,7.75862068965517e-05,7.75862068965517e-05,0.00012931034482758618,0.00010344827586206895,0.00038793103448275855,0.0046394545687577435,0.021046272774005535,0.2586206896551724,1.0,0.6293103448275862,1.727489202207272,0.15778688676608474
2023-02-16,2023-02-17,open,2023-02-20,2023-03-03,5,5,EXECUTED_ON_TIME,open,58,58,0,0.011169904969472772,0.009738575271448724,0.0014313296980240486,0.00012931034482758618,0.00012931034482758618,0.00021551724137931034,0.00017241379310344826,0.000646551724137931,0.010523353245334842,0.026151272509583153,0.43103448275862066,1.0,0.7155172413793103,1.7456681813096009,0.15932350623970382
2023-02-17,2023-02-20,open,2023-02-21,2023-03-06,6,7,EXECUTED_ON_TIME,open,58,58,0,0.02748275145163495,0.022572242016137833,0.004910509435497118,9.82758620689655e-05,9.82758620689655e-05,0.00016379310344827585,0.00013103448275862068,0.0004913793103448275,0.026991372141290125,0.002406381956875439,0.3275862068965517,1.0,0.6637931034482758,1.7927861608265376,0.16291979498140605
2023-02-20,2023-02-21,open,2023-02-22,2023-03-07,5,6,EXECUTED_ON_TIME,open,58,58,0,-0.0016434998662411481,-0.006397238976742048,0.0047537391105009,8.793103448275862e-05,8.793103448275862e-05,0.00014655172413793104,0.00011724137931034485,0.00043965517241379315,-0.0020831550386549414,-0.0008772967253636171,0.2931034482758621,1.0,0.646551724137931,1.7890515093023809,0.16187755811886817
2023-02-21,2023-02-22,open,2023-02-23,2023-03-08,5,5,EXECUTED_ON_TIME,open,58,58,0,-0.007029601087328304,-0.02141993368725692,0.014390332599928616,7.241379310344828e-05,7.241379310344828e-05,0.00012068965517241381,9.655172413793106e-05,0.0003620689655172414,-0.007391670052845546,-0.010352621427845179,0.24137931034482762,1.0,0.6206896551724138,1.7758274308380724,0.15841015155850693
2023-02-22,2023-02-23,open,2023-02-24,2023-03-09,4,5,EXECUTED_ON_TIME,open,58,58,0,-0.0021481104802986094,-0.017137684494768157,0.014989574014469547,7.241379310344828e-05,7.241379310344828e-05,0.00012068965517241381,9.655172413793106e-05,0.0003620689655172414,-0.002510179445815851,0.0001627058413725094,0.24137931034482762,1.0,0.6206896551724138,1.7713697853218666,0.15569536836032882
2023-02-23,2023-02-24,open,2023-02-27,2023-03-10,4,4,EXECUTED_ON_TIME,open,58,58,0,-0.014947755671135685,-0.026626253660701482,0.011678497989565797,7.75862068965517e-05,7.75862068965517e-05,0.00012931034482758618,0.00010344827586206895,0.00038793103448275855,-0.015335686705618443,-0.005179213450986474,0.2586206896551724,1.0,0.6293103448275862,1.7442046132543718,0.15154978398857036
2023-02-24,2023-02-27,open,2023-02-28,2023-03-13,3,4,EXECUTED_ON_TIME,open,58,58,0,0.005409859822133472,-0.019258712566424974,0.024668572388558446,6.724137931034483e-05,6.724137931034483e-05,0.00011206896551724138,8.96551724137931e-05,0.00033620689655172416,0.005073652925581748,0.0051219631739898835,0.22413793103448276,1.0,0.6120689655172413,1.7530541020932229,0.1486311302592307
2023-02-27,2023-02-28,open,2023-03-01,2023-03-14,4,5,EXECUTED_ON_TIME,open,58,58,0,-0.004008248097009201,-0.014353901920342582,0.01034565382333338,9.82758620689655e-05,9.82758620689655e-05,0.00016379310344827585,0.00013103448275862068,0.0004913793103448275,-0.004499627407354028,-0.007835146287561354,0.3275862068965517,1.0,0.6637931034482758,1.7451660118088699,0.14649769359318005
2023-02-28,2023-03-01,open,2023-03-02,2023-03-15,5,5,EXECUTED_ON_TIME,open,58,58,0,0.006885700091545017,-0.013981993903261825,0.02086769399480684,9.310344827586205e-05,9.310344827586205e-05,0.00015517241379310343,0.00012413793103448274,0.0004655172413793103,0.006420182850165707,-0.008610994101771175,0.31034482758620685,1.0,0.6551724137931034,1.7563702967085775,0.14444936373451828
2023-03-01,2023-03-02,open,2023-03-03,2023-03-16,5,6,EXECUTED_ON_TIME,open,58,58,0,-0.009118459317334392,-0.03927095004067971,0.030152490723345318,0.00010344827586206896,0.00010344827586206896,0.0001724137931034483,0.00013793103448275863,0.0005172413793103448,-0.009635700696644737,-0.009819337606411377,0.3448275862068966,1.0,0.6724137931034483,1.7394464382170165,0.13877669998789205
2023-03-02,2023-03-03,open,2023-03-06,2023-03-17,5,5,EXECUTED_ON_TIME,open,58,58,0,-0.0027442145844931336,-0.03753231323760586,0.03478809865311273,9.82758620689655e-05,9.82758620689655e-05,0.00016379310344827585,0.00013103448275862068,0.0004913793103448275,-0.0032355938948379613,-0.006539108914684741,0.3275862068965517,1.0,0.6637931034482758,1.733818295941124,0.13356808941386522
2023-03-03,2023-03-06,open,2023-03-07,2023-03-20,4,5,EXECUTED_ON_TIME,open,58,58,0,-0.011055851678645378,-0.04078522388301775,0.029729372204372374,9.82758620689655e-05,9.82758620689655e-05,0.00016379310344827585,0.00013103448275862068,0.0004913793103448275,-0.011547230988990206,-0.008555996939028577,0.3275862068965517,1.0,0.6637931034482758,1.7137974955849542,0.1281204849834938
2023-03-06,2023-03-07,open,2023-03-08,2023-03-21,4,5,EXECUTED_ON_TIME,open,58,58,0,-0.027673931865597527,-0.037889513753880055,0.010215581888282529,7.241379310344828e-05,7.241379310344828e-05,0.00012068965517241381,9.655172413793106e-05,0.0003620689655172414,-0.02803600083111477,-0.011729388436839332,0.24137931034482762,1.0,0.6206896551724138,1.665749467574372,0.12326606210555792
2023-03-07,2023-03-08,open,2023-03-09,2023-03-22,4,4,EXECUTED_ON_TIME,open,58,58,0,-0.002921085018996645,-0.009168045859580642,0.0062469608405839976,8.275862068965516e-05,8.275862068965516e-05,0.00013793103448275863,0.0001103448275862069,0.00041379310344827585,-0.003334878122444921,-0.008279871982210613,0.27586206896551724,1.0,0.6379310344827587,1.6601943961174839,0.12213595319524424
2023-03-08,2023-03-09,open,2023-03-10,2023-03-23,4,4,EXECUTED_ON_TIME,open,58,58,0,-0.001980289531907163,-0.012351818442887907,0.010371528910980744,3.1034482758620685e-05,3.1034482758620685e-05,5.1724137931034475e-05,4.137931034482758e-05,0.00015517241379310343,-0.0021354619457002663,0.003132602607502909,0.10344827586206895,1.0,0.5517241379310345,1.6566491141621102,0.12062735207602752
2023-03-09,2023-03-10,open,2023-03-13,2023-03-24,4,5,EXECUTED_ON_TIME,open,58,58,0,0.013063424172645978,0.010862278533271708,0.0022011456393742704,7.241379310344828e-05,7.241379310344828e-05,0.00012068965517241381,9.655172413793106e-05,0.0003620689655172414,0.012701355207128737,0.020392389434960155,0.24137931034482762,1.0,0.6206896551724138,1.6776908030146582,0.12193763997300837
2023-03-10,2023-03-13,open,2023-03-14,2023-03-27,5,5,UNEXECUTED_TIMEOUT,open,58,58,0,0.023472931774511454,0.015307964911297711,0.008164966863213743,6.724137931034483e-05,6.724137931034483e-05,0.00011206896551724138,8.96551724137931e-05,0.00033620689655172416,0.02313672487795973,0.012605649521276567,0.22413793103448276,1.0,0.6120689655172413,1.7165070735542916,0.12380425708708163
2023-03-13,2023-03-14,open,2023-03-15,2023-03-28,4,5,UNEXECUTED_TIMEOUT,open,58,58,0,0.005022233710852741,0.003954368631059024,0.001067865079793717,7.75862068965517e-05,7.75862068965517e-05,0.00012931034482758618,0.00010344827586206895,0.00038793103448275855,0.0046343026763699825,0.0026086547167539172,0.2586206896551724,1.0,0.6293103448275862,1.7244618868792723,0.12429382475769836
2023-03-14,2023-03-15,open,2023-03-16,2023-03-29,4,4,UNEXECUTED_TIMEOUT,open,58,58,0,-0.0031701331094133424,0.0004359591250306938,-0.003606092234444036,7.241379310344828e-05,7.241379310344828e-05,0.00012068965517241381,9.655172413793106e-05,0.0003620689655172414,-0.003532202074930584,0.00011450011219376038,0.24137931034482762,1.0,0.6206896551724138,1.7183707390242986,0.12434801178478644
2023-03-15,2023-03-16,open,2023-03-17,2023-03-30,4,4,UNEXECUTED_TIMEOUT,open,58,58,0,0.004920947111419291,0.012975860720388699,-0.008054913608969408,7.241379310344828e-05,7.241379310344828e-05,0.00012068965517241381,9.655172413793106e-05,0.0003620689655172414,0.004558878145902049,-4.154038083460047e-05,0.24137931034482762,1.0,0.6206896551724138,1.726204581832994,0.1259615342665631
2023-03-16,2023-03-17,open,2023-03-20,2023-03-31,4,5,UNEXECUTED_TIMEOUT,open,58,58,0,0.004406153857789866,0.01870864400040384,-0.014302490142613974,8.275862068965516e-05,8.275862068965516e-05,0.00013793103448275863,0.0001103448275862069,0.00041379310344827585,0.00399236075434159,-0.0097412768939664,0.27586206896551724,1.0,0.6379310344827587,1.7330962132594687,0.12831810376890088
2023-03-17,2023-03-20,open,2023-03-21,2023-04-03,4,5,EXECUTED_ON_TIME,open,58,58,0,0.03102219969758682,0.024468394107699742,0.006553805589887076,8.793103448275862e-05,8.793103448275862e-05,0.00014655172413793104,0.00011724137931034485,0.00043965517241379315,0.030582544525173026,0.030537060162412425,0.2931034482758621,1.0,0.646551724137931,1.7860987053678852,0.13145784170307107
2023-03-20,2023-03-21,open,2023-03-22,2023-04-04,4,5,UNEXECUTED_TIMEOUT,open,58,58,0,0.032687584032605105,0.035747311973662654,-0.0030597279410575495,0.0001086206896551724,0.0001086206896551724,0.00018103448275862068,0.00014482758620689654,0.000543103448275862,0.03214448058432924,0.02776510064031324,0.3620689655172413,1.0,0.6810344827586207,1.8435119205242787,0.13615710618181512
2023-03-21,2023-03-22,open,2023-03-23,2023-04-06,5,5,UNEXECUTED_TIMEOUT,open,58,58,0,0.012191225032496606,0.022621898775222027,-0.01043067374272542,6.206896551724137e-05,6.206896551724137e-05,0.00010344827586206895,8.275862068965516e-05,0.00031034482758620686,0.0118808802049104,0.007052636877910781,0.2068965517241379,1.0,0.603448275862069,1.865414464808352,0.1392372384553873
2023-03-22,2023-03-23,open,2023-03-24,2023-04-07,4,5,EXECUTED_ON_TIME,open,58,58,0,0.03586924662941169,0.02782443421250358,0.00804481241690811,7.75862068965517e-05,7.75862068965517e-05,0.00012931034482758618,0.00010344827586206895,0.00038793103448275855,0.03548131559492893,0.021630370401439898,0.2586206896551724,1.0,0.6293103448275862,1.9316018241495625,0.1431114358367199
2023-03-23,2023-03-24,open,2023-03-27,2023-04-10,4,5,DELAYED_LIMIT_DOWN,open,58,58,0,0.012203285642389296,0.024002541661338528,-0.011799256018949232,7.241379310344828e-05,7.241379310344828e-05,0.00012068965517241381,9.655172413793106e-05,0.0003620689655172414,0.011841216676872055,0.02216235166885284,0.24137931034482762,1.0,0.6206896551724138,1.9544743398827586,0.14654647403760473
2023-03-24,2023-03-27,open,2023-03-28,2023-04-11,4,5,EXECUTED_ON_TIME,open,58,58,0,0.02616269321854388,0.021177375902337037,0.004985317316206845,6.724137931034483e-05,6.724137931034483e-05,0.00011206896551724138,8.96551724137931e-05,0.00033620689655172416,0.025826486321992158,0.0291711508969469,0.22413793103448276,1.0,0.6120689655172413,2.004951544688425,0.14964994380546118
2023-03-27,2023-03-28,open,2023-03-29,2023-04-12,4,5,UNEXECUTED_TIMEOUT,open,58,58,0,0.01567209898766763,0.02159027436581984,-0.005918175378152209,8.275862068965516e-05,8.275862068965516e-05,0.00013793103448275863,0.0001103448275862069,0.00041379310344827585,0.015258305884219356,0.014724425291271978,0.27586206896551724,1.0,0.6379310344827587,2.035543708640319,0.15288092715105062
2023-03-28,2023-03-29,open,2023-03-30,2023-04-13,4,4,UNEXECUTED_TIMEOUT,open,58,57,1,0.017268419821106766,0.01689109982003667,0.00037732000107009583,5.263157894736841e-05,5.263157894736841e-05,8.771929824561403e-05,7.017543859649122e-05,0.0002631578947368421,0.017005261926369922,0.01606112417241854,0.17543859649122806,1.0,0.5877192982456141,2.0701586625683217,0.15546325415213877
2023-03-29,2023-03-30,open,2023-03-31,2023-04-14,5,5,DELAYED_LIMIT_DOWN,open,58,58,0,0.03171086500573651,0.017311887572617035,0.014398977433119478,6.724137931034483e-05,6.724137931034483e-05,0.00011206896551724138,8.96551724137931e-05,0.00033620689655172416,0.031374658109184786,0.02531076330619087,0.22413793103448276,1.0,0.6120689655172413,2.13510918283817,0.1581546165296938
2023-03-30,2023-03-31,open,2023-04-03,2023-04-17,4,5,UNEXECUTED_TIMEOUT,open,58,58,0,0.045270663843701715,0.01102917002640491,0.034241493817296804,6.724137931034483e-05,6.724137931034483e-05,0.00011206896551724138,8.96551724137931e-05,0.00033620689655172416,0.04493445694714999,0.03483443200234603,0.22413793103448276,1.0,0.6120689655172413,2.2310491544918762,0.15989893068586064
2023-03-31,2023-04-03,open,2023-04-04,2023-04-18,5,5,UNEXECUTED_TIMEOUT,open,58,58,0,0.04089014437391028,0.019628916281142494,0.021261228092767787,9.310344827586205e-05,9.310344827586205e-05,0.00015517241379310343,0.00012413793103448274,0.0004655172413793103,0.04042462713253097,0.03578195039274694,0.31034482758620685,1.0,0.6551724137931034,2.321238484676559,0.1630375734097376
2023-04-03,2023-04-04,open,2023-04-06,2023-04-19,5,5,UNEXECUTED_TIMEOUT,open,59,59,0,0.03497841019181997,0.01714257207786285,0.01783583811395712,0.00010169491525423727,0.00010169491525423727,0.0001694915254237288,0.00013559322033898305,0.0005084745762711864,0.034469935615548786,0.03154137225349764,0.3389830508474576,1.0,0.6694915254237288,2.4012514257916937,0.16583245676331387
2023-04-04,2023-04-06,open,2023-04-07,2023-04-20,4,5,EXECUTED_ON_TIME,open,59,59,0,0.03543271183595286,0.009503610559110198,0.025929101276842663,0.00010169491525423727,0.00010169491525423727,0.0001694915254237288,0.00013559322033898305,0.0005084745762711864,0.034924237259681676,0.02603189691527137,0.3389830508474576,1.0,0.6694915254237288,2.4851133003061916,0.16740846385045288
2023-04-06,2023-04-07,open,2023-04-10,2023-04-21,4,5,DELAYED_LIMIT_DOWN,open,59,59,0,0.01167173186067126,0.004238081418125539,0.0074336504425457205,6.610169491525422e-05,6.610169491525422e-05,0.00011016949152542371,8.813559322033898e-05,0.00033050847457627116,0.011341223386094989,0.008132795664738575,0.22033898305084743,1.0,0.6101694915254237,2.51329752538472,0.16811795455033443
2023-04-07,2023-04-10,open,2023-04-11,2023-04-24,5,6,DELAYED_LIMIT_DOWN,open,59,59,0,-0.005622042371323868,-0.02437239987318529,0.018750357501861423,6.101694915254237e-05,6.101694915254237e-05,0.0001016949152542373,8.135593220338983e-05,0.0003050847457627119,-0.00592712711708658,0.00020942636880736786,0.2033898305084746,1.0,0.6016949152542372,2.4984008914687057,0.1640205165361717
2023-04-10,2023-04-11,open,2023-04-12,2023-04-25,5,6,EXECUTED_ON_TIME,open,59,59,0,0.006011880591767487,-0.03003524882280817,0.036047129414575656,5.084745762711864e-05,5.084745762711864e-05,8.47457627118644e-05,6.779661016949152e-05,0.0002542372881355932,0.005757643303631894,0.007074490526629868,0.1694915254237288,1.0,0.5847457627118644,2.5127857926312585,0.15909411950996225
2023-04-11,2023-04-12,open,2023-04-13,2023-04-26,5,5,EXECUTED_ON_TIME,open,59,59,0,0.010316846331735205,-0.037086123064150045,0.04740296939588525,6.610169491525422e-05,6.610169491525422e-05,0.00011016949152542371,8.813559322033898e-05,0.00033050847457627116,0.009986337857158934,0.006227736006982773,0.22033898305084743,1.0,0.6101694915254237,2.537879320519143,0.15319393541503318
2023-04-12,2023-04-13,open,2023-04-14,2023-04-27,5,5,EXECUTED_ON_TIME,open,59,59,0,0.008184450396349446,-0.03267418649591436,0.04085863689226381,7.11864406779661e-05,7.11864406779661e-05,0.00011864406779661019,9.491525423728816e-05,0.0003559322033898306,0.007828518192959615,0.010983952381152495,0.23728813559322037,1.0,0.6186440677966102,2.557747154951363,0.14818844819923932
2023-04-13,2023-04-14,open,2023-04-17,2023-04-28,4,5,EXECUTED_ON_TIME,open,59,59,0,0.015241994302623782,-0.021013638246910382,0.036255632549534164,7.11864406779661e-05,7.11864406779661e-05,0.00011864406779661019,9.491525423728816e-05,0.0003559322033898306,0.014886062099233951,0.00943376990966602,0.23728813559322037,1.0,0.6186440677966102,2.5958219379341076,0.14507446975640947
2023-04-14,2023-04-17,open,2023-04-18,2023-05-04,5,6,UNEXECUTED_TIMEOUT,open,59,59,0,0.01404524161994674,-0.018728521160507716,0.032773762780454456,7.11864406779661e-05,7.11864406779661e-05,0.00011864406779661019,9.491525423728816e-05,0.0003559322033898306,0.013689309416556909,0.005829354370744279,0.23728813559322037,1.0,0.6186440677966102,2.631356947632774,0.14235743947972712
2023-04-17,2023-04-18,open,2023-04-19,2023-05-05,5,5,EXECUTED_ON_TIME,open,58,58,0,-0.012922486451912376,-0.026143010826203184,0.013220524374290808,9.310344827586205e-05,9.310344827586205e-05,0.00015517241379310343,0.00012413793103448274,0.0004655172413793103,-0.013388003693291687,-0.017339231206015243,0.31034482758620685,1.0,0.6551724137931034,2.5961283310994974,0.13863578739821805
2023-04-18,2023-04-19,open,2023-04-20,2023-05-08,5,5,EXECUTED_ON_TIME,open,59,59,0,-0.013860553878337702,-0.03156421344070792,0.01770365956237022,8.135593220338983e-05,8.135593220338983e-05,0.00013559322033898308,0.00010847457627118647,0.0004067796610169492,-0.014267333539354651,-0.010605909832342532,0.27118644067796616,1.0,0.6355932203389831,2.559088502288733,0.1342598578142601
2023-04-19,2023-04-20,open,2023-04-21,2023-05-09,4,5,EXECUTED_ON_TIME,open,59,59,0,-0.01792337307503751,-0.013948036185775892,-0.003975336889261619,8.135593220338983e-05,8.135593220338983e-05,0.00013559322033898308,0.00010847457627118647,0.0004067796610169492,-0.01833015273605446,-0.022531481581061517,0.27118644067796616,1.0,0.6355932203389831,2.5121800191766996,0.13238719645916966
2023-04-20,2023-04-21,open,2023-04-24,2023-05-10,4,4,EXECUTED_ON_TIME,open,59,59,0,-0.03132278373664804,-0.023413179125112094,-0.007909604611535948,8.64406779661017e-05,8.64406779661017e-05,0.00014406779661016949,0.0001152542372881356,0.00043220338983050846,-0.03175498712647855,-0.011757612512570476,0.288135593220339,1.0,0.6440677966101696,2.432405775008347,0.12928759131459971
2023-04-21,2023-04-24,open,2023-04-25,2023-05-11,3,4,EXECUTED_ON_TIME,open,59,59,0,-0.0075698689271270075,-0.006330707466047469,-0.0012391614610795382,0.00012203389830508474,0.00012203389830508474,0.0002033898305084746,0.00016271186440677967,0.0006101694915254238,-0.008180038418652431,0.0019059212062606263,0.4067796610169492,1.0,0.7033898305084746,2.4125086023190265,0.1284691093949971
2023-04-24,2023-04-25,open,2023-04-26,2023-05-12,3,4,EXECUTED_ON_TIME,open,59,59,0,-0.021368215490128337,0.0006682381848812646,-0.0220364536750096,7.627118644067796e-05,7.627118644067796e-05,0.0001271186440677966,0.00010169491525423729,0.00038135593220338984,-0.021749571422331727,-0.009454886913958283,0.2542372881355932,1.0,0.6271186440677966,2.3600375741658994,0.1285549573594725
2023-04-25,2023-04-26,open,2023-04-27,2023-05-15,3,4,EXECUTED_ON_TIME,open,59,59,0,0.010161778103332221,-0.00289221835046094,0.013053996453793161,6.101694915254237e-05,6.101694915254237e-05,0.0001016949152542373,8.135593220338983e-05,0.0003050847457627119,0.009856693357569508,0.02162887835283648,0.2033898305084746,1.0,0.6016949152542372,2.3832997408467946,0.1281831483527547
2023-04-26,2023-04-27,open,2023-04-28,2023-05-16,4,4,EXECUTED_ON_TIME,open,59,59,0,0.0065046237435015,0.01380257652485506,-0.007297952781353559,5.593220338983049e-05,5.593220338983049e-05,9.322033898305082e-05,7.457627118644067e-05,0.0002796610169491525,0.0062249627265523475,0.0010750057256776677,0.18644067796610164,1.0,0.5932203389830508,2.3981356928997677,0.12995240606709046
2023-04-27,2023-04-28,open,2023-05-04,2023-05-17,4,5,EXECUTED_ON_TIME,open,59,59,0,-0.006610001970800764,-0.0053976003541971185,-0.0012124016166036459,5.084745762711864e-05,5.084745762711864e-05,8.47457627118644e-05,6.779661016949152e-05,0.0002542372881355932,-0.006864239258936358,-0.014144661310692475,0.1694915254237288,1.0,0.5847457627118644,2.3816743157283087,0.12925097491407397
2023-04-28,2023-05-04,open,2023-05-05,2023-05-18,4,4,UNEXECUTED_TIMEOUT,open,59,59,0,-0.0025098829042770054,-0.01194851040408662,0.009438627499809615,6.610169491525422e-05,6.610169491525422e-05,0.00011016949152542371,8.813559322033898e-05,0.00033050847457627116,-0.0028403913788532767,-0.0002980257497439357,0.22033898305084743,1.0,0.6101694915254237,2.3749094285346777,0.1277066182955748
2023-05-04,2023-05-05,open,2023-05-08,2023-05-19,4,5,UNEXECUTED_TIMEOUT,open,59,59,0,-0.006850038553827683,-0.021054576982184603,0.01420453842835692,9.152542372881354e-05,9.152542372881354e-05,0.00015254237288135592,0.00012203389830508474,0.00045762711864406777,-0.007307665672471751,-0.00818570903887169,0.30508474576271183,1.0,0.652542372881356,2.3575543844285454,0.12501780946953617
2023-05-05,2023-05-08,open,2023-05-09,2023-05-22,5,5,EXECUTED_ON_TIME,open,59,58,1,-0.00509325252342609,-0.021624058552580316,0.016530806029154226,7.75862068965517e-05,7.75862068965517e-05,0.00012931034482758618,0.00010344827586206895,0.00038793103448275855,-0.005481183557908849,-0.017932141373546973,0.2586206896551724,1.0,0.6293103448275862,2.34463219609974,0.12231441703745159
2023-05-08,2023-05-09,open,2023-05-10,2023-05-23,4,5,EXECUTED_ON_TIME,open,59,59,0,-0.02101225704959216,-0.02390984097904303,0.002897583929450869,0.00010169491525423727,0.00010169491525423727,0.0001694915254237288,0.00013559322033898305,0.0005084745762711864,-0.021520731625863345,-0.008533733078882649,0.3389830508474576,1.0,0.6694915254237288,2.2941739958461187,0.11938989877664177
2023-05-09,2023-05-10,open,2023-05-11,2023-05-24,4,5,EXECUTED_ON_TIME,open,59,59,0,-0.02155840849909463,-0.028411104606942517,0.006852696107847885,6.610169491525422e-05,6.610169491525422e-05,0.00011016949152542371,8.813559322033898e-05,0.00033050847457627116,-0.021888916973670902,-0.016471297341606968,0.22033898305084743,1.0,0.6101694915254237,2.243957011727888,0.11599789987348633
2023-05-10,2023-05-11,open,2023-05-12,2023-05-25,3,4,EXECUTED_ON_TIME,open,59,59,0,-0.018328104888116908,-0.03853854253676314,0.020210437648646235,6.101694915254237e-05,6.101694915254237e-05,0.0001016949152542373,8.135593220338983e-05,0.0003050847457627119,-0.01863318963387962,-0.013061253140608813,0.2033898305084746,1.0,0.6016949152542372,2.2021449351980884,0.11152750987503678
2023-05-11,2023-05-12,open,2023-05-15,2023-05-26,4,5,EXECUTED_ON_TIME,open,59,59,0,-0.02014916714155707,-0.03494485262310831,0.014795685481551243,5.593220338983049e-05,5.593220338983049e-05,9.322033898305082e-05,7.457627118644067e-05,0.0002796610169491525,-0.02042882815850622,-0.00785232040681021,0.18644067796610164,1.0,0.5932203389830508,2.1571576947368016,0.10763019747903135
2023-05-12,2023-05-15,open,2023-05-16,2023-05-29,3,4,UNEXECUTED_TIMEOUT,open,59,59,0,0.006001541230427418,-0.019484466199353623,0.025486007429781042,7.627118644067796e-05,7.627118644067796e-05,0.0001271186440677966,0.00010169491525423729,0.00038135593220338984,0.005620185298224028,-0.00847800213134505,0.2542372881355932,1.0,0.6271186440677966,2.1692813206987123,0.1055330805342214
2023-05-15,2023-05-16,open,2023-05-17,2023-05-30,4,4,UNEXECUTED_TIMEOUT,open,59,59,0,-0.01097960844699019,-0.04365545340889898,0.03267584496190879,7.11864406779661e-05,7.11864406779661e-05,0.00011864406779661019,9.491525423728816e-05,0.0003559322033898306,-0.01133554065038002,-0.004430870879397366,0.23728813559322037,1.0,0.6186440677966102,2.144691344105822,0.10092598605386212
2023-05-16,2023-05-17,open,2023-05-18,2023-05-31,4,4,UNEXECUTED_TIMEOUT,open,59,59,0,0.006077632589293382,-0.036392206666059135,0.04246983925535252,6.610169491525422e-05,6.610169491525422e-05,0.00011016949152542371,8.813559322033898e-05,0.00033050847457627116,0.005747124114717111,-0.002494646178942268,0.22033898305084743,1.0,0.6101694915254237,2.1570171514481578,0.09725306671141416
2023-05-17,2023-05-18,open,2023-05-19,2023-06-01,4,4,EXECUTED_ON_TIME,open,59,59,0,-0.0011036283179936912,-0.04461613570592071,0.04351250738792702,8.135593220338983e-05,8.135593220338983e-05,0.00013559322033898308,0.00010847457627118647,0.0004067796610169492,-0.0015104079790106404,-0.007948029187298377,0.27118644067796616,1.0,0.6355932203389831,2.153759175531748,0.09291401068920074
2023-05-18,2023-05-19,open,2023-05-22,2023-06-02,4,4,EXECUTED_ON_TIME,open,59,59,0,-0.00452359067889386,-0.03157501022496967,0.02705141954607581,7.627118644067796e-05,7.627118644067796e-05,0.0001271186440677966,0.00010169491525423729,0.00038135593220338984,-0.0049049466110972495,-0.00429378333330973,0.2542372881355932,1.0,0.6271186440677966,2.1431951017626036,0.0899802498516463
2023-05-19,2023-05-22,open,2023-05-23,2023-06-05,4,4,EXECUTED_ON_TIME,open,59,59,0,-0.0014086972328043099,-0.020412575279078804,0.019003878046274493,6.101694915254237e-05,6.101694915254237e-05,0.0001016949152542373,8.135593220338983e-05,0.0003050847457627119,-0.0017137819785670218,0.004716489367504634,0.2033898305084746,1.0,0.6016949152542372,2.13952213262065,0.08814352122791924
2023-05-22,2023-05-23,open,2023-05-24,2023-06-06,4,5,EXECUTED_ON_TIME,open,59,59,0,-0.02391368569700191,-0.03219970591459431,0.0082860202175924,5.593220338983049e-05,5.593220338983049e-05,9.322033898305082e-05,7.457627118644067e-05,0.0002796610169491525,-0.024193346713951062,-0.006864650001926067,0.18644067796610164,1.0,0.5932203389830508,2.0877599318639866,0.08530532576610345
2023-05-23,2023-05-24,open,2023-05-25,2023-06-07,5,5,UNEXECUTED_TIMEOUT,open,59,59,0,-0.008194767830924049,-0.022619090922597618,0.014424323091673569,8.64406779661017e-05,8.64406779661017e-05,0.00014406779661016949,0.0001152542372881356,0.00043220338983050846,-0.008626971220754558,-0.007560614171065356,0.288135593220339,1.0,0.6440677966101696,2.0697488870159515,0.08337579684641815
2023-05-24,2023-05-25,open,2023-05-26,2023-06-08,4,5,UNEXECUTED_TIMEOUT,open,59,59,0,0.008733651763825569,-0.015662336212369232,0.0243959879761948,0.00013728813559322033,0.00013728813559322033,0.0002288135593220339,0.00018305084745762714,0.0006864406779661017,0.008047211085859467,0.007163578311414375,0.4576271186440678,1.0,0.728813559322034,2.0864045932044912,0.08206993708423535
2023-05-25,2023-05-26,open,2023-05-29,2023-06-09,4,5,UNEXECUTED_TIMEOUT,open,59,59,0,0.013588932089921261,-0.006758103396799164,0.020347035486720427,0.000111864406779661,0.000111864406779661,0.0001864406779661017,0.00014915254237288136,0.0005593220338983051,0.013029610056022956,-0.007137249838271667,0.3728813559322034,1.0,0.6864406779661016,2.113589631473041,0.08151529996365128
2023-05-26,2023-05-29,open,2023-05-30,2023-06-12,4,5,UNEXECUTED_TIMEOUT,open,59,59,0,-0.007058578980820143,-0.009000063178325468,0.0019414841975053249,0.00010169491525423727,0.00010169491525423727,0.0001694915254237288,0.00013559322033898305,0.0005084745762711864,-0.0075670535570913295,0.0023301345360645202,0.3389830508474576,1.0,0.6694915254237288,2.097595985533972,0.08078165711397826
2023-05-29,2023-05-30,open,2023-05-31,2023-06-13,4,4,EXECUTED_ON_TIME,open,59,59,0,0.0147604068303185,0.002700512462537219,0.012059894367781281,9.661016949152543e-05,9.661016949152543e-05,0.0001610169491525424,0.00012881355932203392,0.00048305084745762714,0.014277355982860873,0.006082181922949554,0.3220338983050848,1.0,0.6610169491525424,2.12754411012766,0.08099980898575897
2023-05-30,2023-05-31,open,2023-06-01,2023-06-14,4,5,EXECUTED_ON_TIME,open,59,59,0,0.010227266936317023,0.011902550270265433,-0.0016752833339484102,6.101694915254237e-05,6.101694915254237e-05,0.0001016949152542373,8.135593220338983e-05,0.0003050847457627119,0.00992218219055431,0.014079167505153856,0.2033898305084746,1.0,0.6016949152542372,2.1486539904067876,0.08196391328409386
2023-05-31,2023-06-01,open,2023-06-02,2023-06-15,4,5,EXECUTED_ON_TIME,open,59,59,0,0.024858146712308116,0.021956717406739656,0.00290142930556846,7.11864406779661e-05,7.11864406779661e-05,0.00011864406779661019,9.491525423728816e-05,0.0003559322033898306,0.024502214508918287,0.02139121011204441,0.23728813559322037,1.0,0.6186440677966102,2.2013007713851778,0.08376357176562323
2023-06-01,2023-06-02,open,2023-06-05,2023-06-16,4,4,DELAYED_LIMIT_DOWN,open,59,59,0,0.02675106400235597,0.02893825131750405,-0.002187187315148078,5.084745762711864e-05,5.084745762711864e-05,8.47457627118644e-05,6.779661016949152e-05,0.0002542372881355932,0.02649682671422038,0.02220699410193129,0.1694915254237288,1.0,0.5847457627118644,2.259628256470451,0.08618754305662862
2023-06-02,2023-06-05,open,2023-06-06,2023-06-19,4,4,EXECUTED_ON_TIME,open,59,59,0,0.011794457751327087,0.024990441791286067,-0.01319598403995898,4.0677966101694904e-05,4.0677966101694904e-05,6.779661016949151e-05,5.4237288135593214e-05,0.00020338983050847455,0.011591067920818612,0.01405734476905129,0.13559322033898302,1.0,0.5677966101694916,2.285819761067001,0.08834140783451927
2023-06-05,2023-06-06,open,2023-06-07,2023-06-20,4,4,EXECUTED_ON_TIME,open,59,59,0,0.020353377294827606,0.02229811592833042,-0.0019447386335028141,7.627118644067796e-05,7.627118644067796e-05,0.0001271186440677966,0.00010169491525423729,0.00038135593220338984,0.019972021362624215,0.0346867818208564,0.2542372881355932,1.0,0.6271186440677966,2.3314722021661396,0.0903112547876853
2023-06-06,2023-06-07,open,2023-06-08,2023-06-21,5,5,EXECUTED_ON_TIME,open,59,59,0,0.01987757636179686,0.02453739789625531,-0.004659821534458448,5.593220338983049e-05,5.593220338983049e-05,9.322033898305082e-05,7.457627118644067e-05,0.0002796610169491525,0.01959791534484771,0.02595372981318893,0.18644067796610164,1.0,0.5932203389830508,2.3771641970130575,0.09252725798092083
2023-06-07,2023-06-08,open,2023-06-09,2023-06-26,4,4,EXECUTED_ON_TIME,open,59,59,0,0.00871597605483329,0.01117385190458764,-0.00245787584975435,9.152542372881354e-05,9.152542372881354e-05,0.00015254237288135592,0.00012203389830508474,0.00045762711864406777,0.008258348936189222,0.005060114109125265,0.30508474576271183,1.0,0.652542372881356,2.396795648430607,0.09356114385873722
2023-06-08,2023-06-09,open,2023-06-12,2023-06-27,4,4,UNEXECUTED_TIMEOUT,open,59,59,0,0.015670416078362896,-0.0028050373468668788,0.018475453425229774,9.152542372881354e-05,9.152542372881354e-05,0.00015254237288135592,0.00012203389830508474,0.00045762711864406777,0.015212788959718828,0.008795342121743335,0.30508474576271183,1.0,0.652542372881356,2.4332575948097546,0.09329870135599788
2023-06-09,2023-06-12,open,2023-06-13,2023-06-28,4,5,EXECUTED_ON_TIME,open,59,59,0,0.011165104700318848,0.0024257150882143197,0.008739389612104529,8.64406779661017e-05,8.64406779661017e-05,0.00014406779661016949,0.0001152542372881356,0.00043220338983050846,0.01073290131048834,0.010460553410957567,0.288135593220339,1.0,0.6440677966101696,2.459373508437844,0.09352501742358793
2023-06-12,2023-06-13,open,2023-06-14,2023-06-29,4,4,EXECUTED_ON_TIME,open,59,59,0,0.013876250367737444,-0.0003642399721321965,0.01424049033986964,7.11864406779661e-05,7.11864406779661e-05,0.00011864406779661019,9.491525423728816e-05,0.0003559322033898306,0.013520318164347614,0.0027647236655061608,0.23728813559322037,1.0,0.6186440677966102,2.492625020756891,0.0934909518738479
2023-06-13,2023-06-14,open,2023-06-15,2023-06-30,4,4,UNEXECUTED_TIMEOUT,open,59,59,0,0.010439488383262538,-0.014558516555306378,0.024998004938568914,5.593220338983049e-05,5.593220338983049e-05,9.322033898305082e-05,7.457627118644067e-05,0.0002796610169491525,0.010159827366313386,0.008496649704240038,0.18644067796610164,1.0,0.5932203389830508,2.517949660656735,0.09212986230322114
2023-06-14,2023-06-15,open,2023-06-16,2023-07-03,3,4,DELAYED_LIMIT_DOWN,open,59,58,1,0.012655626351031294,-0.004773779468073447,0.01742940581910474,0.0001086206896551724,0.0001086206896551724,0.00018103448275862068,0.00014482758620689654,0.000543103448275862,0.012112522902755432,0.00469107051208436,0.3620689655172413,1.0,0.6810344827586207,2.5484483835894247,0.09169005465816159
2023-06-15,2023-06-16,open,2023-06-19,2023-07-04,3,4,UNEXECUTED_TIMEOUT,open,58,58,0,0.012384866819503862,-0.011234900670386128,0.02361976748988999,8.793103448275862e-05,8.793103448275862e-05,0.00014655172413793104,0.00011724137931034485,0.00043965517241379315,0.011945211647090068,-0.0009295652932211455,0.2931034482758621,1.0,0.646551724137931,2.5788901389030854,0.09065992600161486
2023-06-16,2023-06-19,open,2023-06-20,2023-07-05,3,4,UNEXECUTED_TIMEOUT,open,58,58,0,-0.0018198060798159971,-0.015627365250681424,0.013807559170865426,9.310344827586205e-05,9.310344827586205e-05,0.00015517241379310343,0.00012413793103448274,0.0004655172413793103,-0.0022853233211953075,-0.004795904638533058,0.31034482758620685,1.0,0.6551724137931034,2.5729965411258493,0.08924315022438788
2023-06-19,2023-06-20,open,2023-06-21,2023-07-06,4,5,UNEXECUTED_TIMEOUT,open,58,58,0,-0.013782665719045111,-0.017591020490084985,0.003808354771039874,7.241379310344828e-05,7.241379310344828e-05,0.00012068965517241381,9.655172413793106e-05,0.0003620689655172414,-0.014144734684562352,-0.005512721340313834,0.24137931034482762,1.0,0.6206896551724138,2.5366021877073277,0.08767327214019094
2023-06-20,2023-06-21,open,2023-06-26,2023-07-07,4,5,UNEXECUTED_TIMEOUT,open,58,58,0,-0.019237056104177704,-0.01982756150770093,0.0005905054035232268,7.75862068965517e-05,7.75862068965517e-05,0.00012931034482758618,0.00010344827586206895,0.00038793103448275855,-0.01962498713866046,0.00719822994850608,0.2586206896551724,1.0,0.6293103448275862,2.4868214023976734,0.0859349249442499
2023-06-21,2023-06-26,open,2023-06-27,2023-07-10,4,5,UNEXECUTED_TIMEOUT,open,58,58,0,-0.0024501300092081655,0.0021168954078891744,-0.00456702541709734,6.206896551724137e-05,6.206896551724137e-05,0.00010344827586206895,8.275862068965516e-05,0.00031034482758620686,-0.0027604748367943722,0.01117269629792797,0.2068965517241379,1.0,0.603448275862069,2.479956594492753,0.08611684019224168
2023-06-26,2023-06-27,open,2023-06-28,2023-07-11,4,4,UNEXECUTED_TIMEOUT,open,58,58,0,0.013211722515225257,0.011047339406409895,0.002164383108815362,0.00010344827586206896,0.00010344827586206896,0.0001724137931034483,0.00013793103448275863,0.0005172413793103448,0.012694481135914912,0.0032373523298201597,0.3448275862068966,1.0,0.6724137931034483,2.5114383566994287,0.08706820215445293
2023-06-27,2023-06-28,open,2023-06-29,2023-07-12,3,4,UNEXECUTED_TIMEOUT,open,59,59,0,0.0015105182147775208,0.007296026256519816,-0.005785508041742295,9.661016949152543e-05,9.661016949152543e-05,0.0001610169491525424,0.00012881355932203392,0.00048305084745762714,0.0010274673673198937,0.011731179860582874,0.3220338983050848,1.0,0.6610169491525424,2.5140187776559726,0.0877034540434798
2023-06-28,2023-06-29,open,2023-06-30,2023-07-13,3,4,UNEXECUTED_TIMEOUT,open,59,59,0,0.0029335070673945163,0.004934148367451208,-0.0020006413000566914,8.135593220338983e-05,8.135593220338983e-05,0.00013559322033898308,0.00010847457627118647,0.0004067796610169492,0.0025267274063775673,0.008473846497398272,0.27118644067796616,1.0,0.6355932203389831,2.5203710178016236,0.08813619589806827
2023-06-29,2023-06-30,open,2023-07-03,2023-07-14,4,5,UNEXECUTED_TIMEOUT,open,59,59,0,0.017466562407700306,0.02312899679928515,-0.005662434391584845,8.135593220338983e-05,8.135593220338983e-05,0.00013559322033898308,0.00010847457627118647,0.0004067796610169492,0.017059782746683357,0.00025100124325517364,0.27118644067796616,1.0,0.6355932203389831,2.5633679998063568,0.09017469769089587
2023-06-30,2023-07-03,open,2023-07-04,2023-07-17,4,5,UNEXECUTED_TIMEOUT,open,59,59,0,0.012399315793292363,0.00735241450686841,0.0050469012864239535,5.084745762711864e-05,5.084745762711864e-05,8.47457627118644e-05,6.779661016949152e-05,0.0002542372881355932,0.01214507850515677,-0.0012579094900563147,0.1694915254237288,1.0,0.5847457627118644,2.5945003054016116,0.09083769944635088
2023-07-03,2023-07-04,open,2023-07-05,2023-07-18,4,4,UNEXECUTED_TIMEOUT,open,59,59,0,0.002510170146218029,-0.0043695616781030955,0.006879731824321124,5.593220338983049e-05,5.593220338983049e-05,9.322033898305082e-05,7.457627118644067e-05,0.0002796610169491525,0.0022305091292688763,-0.0033751162639793723,0.18644067796610164,1.0,0.5932203389830508,2.600287362018701,0.09044077851592305
2023-07-04,2023-07-05,open,2023-07-06,2023-07-19,4,4,UNEXECUTED_TIMEOUT,open,59,59,0,-0.006861847479805175,-0.011992210916269896,0.005130363436464722,6.101694915254237e-05,6.101694915254237e-05,0.0001016949152542373,8.135593220338983e-05,0.0003050847457627119,-0.007166932225567886,0.0012014084463871097,0.2033898305084746,1.0,0.6016949152542372,2.5816512787281125,0.08935619362452846
2023-07-05,2023-07-06,open,2023-07-07,2023-07-20,4,5,UNEXECUTED_TIMEOUT,open,59,59,0,-0.003869693819739571,0.00019263526599488934,-0.00406232908573446,7.11864406779661e-05,7.11864406779661e-05,0.00011864406779661019,9.491525423728816e-05,0.0003559322033898306,-0.004225626023129402,0.0038105911144203372,0.23728813559322037,1.0,0.6186440677966102,2.570742185902074,0.08937340677865561
2023-07-06,2023-07-07,open,2023-07-10,2023-07-21,4,4,UNEXECUTED_TIMEOUT,open,59,59,0,0.007874937742330907,-0.0038135544561587187,0.011688492198489626,6.101694915254237e-05,6.101694915254237e-05,0.0001016949152542373,8.135593220338983e-05,0.0003050847457627119,0.007569852996568195,0.003960720151283651,0.2033898305084746,1.0,0.6016949152542372,2.590202326341429,0.08903257642497278
2023-07-07,2023-07-10,open,2023-07-11,2023-07-24,3,4,UNEXECUTED_TIMEOUT,open,59,59,0,0.002167203759062585,-0.00994648266498055,0.012113686424043134,5.084745762711864e-05,5.084745762711864e-05,8.47457627118644e-05,6.779661016949152e-05,0.0002542372881355932,0.0019129664709269917,0.0022032139800602433,0.1694915254237288,1.0,0.5847457627118644,2.5951572965446372,0.08814701544694323
2023-07-10,2023-07-11,open,2023-07-12,2023-07-25,3,4,UNEXECUTED_TIMEOUT,open,59,59,0,0.005130436777413202,0.003334115246370173,0.001796321531043029,0.00011694915254237287,0.00011694915254237287,0.0001949152542372881,0.0001559322033898305,0.0005847457627118644,0.0045456910147013375,-0.000536731866016161,0.38983050847457623,1.0,0.6949152542372881,2.6069540797492765,0.08844090775506691
2023-07-11,2023-07-12,open,2023-07-13,2023-07-26,4,4,UNEXECUTED_TIMEOUT,open,59,59,0,-0.003315168605540806,0.011274902635485473,-0.014590071241026278,7.11864406779661e-05,7.11864406779661e-05,0.00011864406779661019,9.491525423728816e-05,0.0003559322033898306,-0.003671100808930637,-0.00146280512472643,0.23728813559322037,1.0,0.6186440677966102,2.597383688518264,0.08943807037899924
2023-07-12,2023-07-13,open,2023-07-14,2023-07-27,4,4,EXECUTED_ON_TIME,open,59,59,0,0.006822243256856577,0.015190128180322837,-0.00836788492346626,9.152542372881354e-05,9.152542372881354e-05,0.00015254237288135592,0.00012203389830508474,0.00045762711864406777,0.006364616138212509,-0.006833600427932418,0.30508474576271183,1.0,0.652542372881356,2.613915038659337,0.09079664613225698
2023-07-13,2023-07-14,open,2023-07-17,2023-07-28,3,4,UNEXECUTED_TIMEOUT,open,59,59,0,0.0005032121274053768,-0.0037929592329872808,0.004296171360392657,8.135593220338983e-05,8.135593220338983e-05,0.00013559322033898308,0.00010847457627118647,0.0004067796610169492,9.643246638842758e-05,0.0024180212446502716,0.27118644067796616,1.0,0.6355932203389831,2.6141671049334447,0.09045225815498535
2023-07-14,2023-07-17,open,2023-07-18,2023-07-31,3,4,EXECUTED_ON_TIME,open,59,59,0,-0.007969148663125805,0.0353633003514251,-0.043332449014550904,7.11864406779661e-05,7.11864406779661e-05,0.00011864406779661019,9.491525423728816e-05,0.0003559322033898306,-0.008325080866515636,-0.005669238741173184,0.23728813559322037,1.0,0.6186440677966102,2.592403952386289,0.09365094852758474
2023-07-17,2023-07-18,open,2023-07-19,2023-08-01,4,4,DELAYED_LIMIT_DOWN,open,59,59,0,-0.0012912151210045981,0.03568520533478825,-0.03697642045579285,6.101694915254237e-05,6.101694915254237e-05,0.0001016949152542373,8.135593220338983e-05,0.0003050847457627119,-0.00159629986676731,0.004303017779899001,0.2033898305084746,1.0,0.6016949152542372,2.5882656983024876,0.09699290185558929
2023-07-18,2023-07-19,open,2023-07-20,2023-08-02,4,4,EXECUTED_ON_TIME,open,59,59,0,-0.00789926339490162,0.035653528935946976,-0.0435527923308486,6.101694915254237e-05,6.101694915254237e-05,0.0001016949152542373,8.135593220338983e-05,0.0003050847457627119,-0.008204348140664333,-0.010369191722339202,0.2033898305084746,1.0,0.6016949152542372,2.5670306654330743,0.100451041088479
2023-07-19,2023-07-20,open,2023-07-21,2023-08-03,4,4,EXECUTED_ON_TIME,open,59,59,0,-0.007625786728059362,0.027051099170428028,-0.034676885898487386,5.593220338983049e-05,5.593220338983049e-05,9.322033898305082e-05,7.457627118644067e-05,0.0002796610169491525,-0.007905447745008514,0.011768551929255022,0.18644067796610164,1.0,0.5932203389830508,2.5467371386476585,0.10316835216273619
2023-07-20,2023-07-21,open,2023-07-24,2023-08-04,4,4,EXECUTED_ON_TIME,open,59,59,0,0.018475619486928645,0.056783051749758506,-0.03830743226282986,6.610169491525422e-05,6.610169491525422e-05,0.00011016949152542371,8.813559322033898e-05,0.00033050847457627116,0.018145111012352375,0.022481507562156403,0.22033898305084743,1.0,0.6101694915254237,2.5929479667477007,0.10902656604253015
2023-07-21,2023-07-24,open,2023-07-25,2023-08-07,4,4,EXECUTED_ON_TIME,open,59,59,0,0.028232626611686084,0.05248505987749219,-0.024252433265806107,6.610169491525422e-05,6.610169491525422e-05,0.00011016949152542371,8.813559322033898e-05,0.00033050847457627116,0.027902118137109813,0.011436827062855485,0.22033898305084743,1.0,0.6101694915254237,2.6652967072392735,0.1147488318895097
2023-07-24,2023-07-25,open,2023-07-26,2023-08-08,3,4,EXECUTED_ON_TIME,open,59,59,0,0.009208403062604021,0.029326974677013284,-0.02011857161440926,9.152542372881354e-05,9.152542372881354e-05,0.00015254237288135592,0.00012203389830508474,0.00045762711864406777,0.008750775943959954,0.0035847576092001236,0.30508474576271183,1.0,0.652542372881356,2.6886201215484986,0.1181140679765502
2023-07-25,2023-07-26,open,2023-07-27,2023-08-09,4,4,EXECUTED_ON_TIME,open,59,59,0,-0.0006633318555711991,0.015143389214502756,-0.015806721070073956,8.64406779661017e-05,8.64406779661017e-05,0.00014406779661016949,0.0001152542372881356,0.00043220338983050846,-0.0010955352454017075,-5.7767203507480634e-05,0.288135593220339,1.0,0.6440677966101696,2.685674643443846,0.11990271527962734
2023-07-26,2023-07-27,open,2023-07-28,2023-08-10,4,4,EXECUTED_ON_TIME,open,59,59,0,-0.0006910483365606007,0.012423133029995759,-0.013114181366556359,6.101694915254237e-05,6.101694915254237e-05,0.0001016949152542373,8.135593220338983e-05,0.0003050847457627119,-0.0009961330823233126,0.007963250677258187,0.2033898305084746,1.0,0.6016949152542372,2.682999354083155,0.12139228266220385
2023-07-27,2023-07-28,open,2023-07-31,2023-08-11,4,5,EXECUTED_ON_TIME,open,59,59,0,0.010345909878907376,0.02267215761867014,-0.012326247739762765,5.593220338983049e-05,5.593220338983049e-05,9.322033898305082e-05,7.457627118644067e-05,0.0002796610169491525,0.010066248861958223,-0.010392221914951554,0.18644067796610164,1.0,0.5932203389830508,2.7100070932778295,0.12414450762841149
2023-07-28,2023-07-31,open,2023-08-01,2023-08-14,3,4,EXECUTED_ON_TIME,open,59,59,0,-0.0009854382119250825,-0.04429158299928582,0.04330614478736074,5.593220338983049e-05,5.593220338983049e-05,9.322033898305082e-05,7.457627118644067e-05,0.0002796610169491525,-0.0012650992288742349,-0.0038911749955309253,0.18644067796610164,1.0,0.5932203389830508,2.7065786653938804,0.11864595086488224
2023-07-31,2023-08-01,open,2023-08-02,2023-08-15,3,4,UNEXECUTED_TIMEOUT,open,59,59,0,-0.006489971197852047,-0.037617888731943605,0.031127917534091557,0.00010677966101694916,0.00010677966101694916,0.0001779661016949153,0.00014237288135593223,0.0005338983050847459,-0.007023869502936793,-0.004220503200181278,0.35593220338983056,1.0,0.6779661016949152,2.687568010048721,0.11418274068675145
2023-08-01,2023-08-02,open,2023-08-03,2023-08-16,4,4,EXECUTED_ON_TIME,open,59,59,0,-0.015600765578116224,-0.03885595862202196,0.023255193043905734,5.084745762711864e-05,5.084745762711864e-05,8.47457627118644e-05,6.779661016949152e-05,0.0002542372881355932,-0.015855002866251817,-0.008421951470247772,0.1694915254237288,1.0,0.5847457627118644,2.644956611546152,0.10974606083927797
2023-08-02,2023-08-03,open,2023-08-04,2023-08-17,3,4,UNEXECUTED_TIMEOUT,open,59,59,0,0.0012172763857160812,-0.04061779901214746,0.04183507539786354,7.11864406779661e-05,7.11864406779661e-05,0.00011864406779661019,9.491525423728816e-05,0.0003559322033898306,0.0008613441823262507,-0.013273047082843298,0.23728813559322037,1.0,0.6186440677966102,2.6472348295360124,0.10528841739773327
2023-08-03,2023-08-04,open,2023-08-07,2023-08-18,3,4,UNEXECUTED_TIMEOUT,open,59,59,0,-0.01673401684625116,-0.04989657200145581,0.03316255515520465,4.5762711864406784e-05,4.5762711864406784e-05,7.627118644067799e-05,6.101694915254239e-05,0.00022881355932203397,-0.016962830405573195,-0.017543846889474482,0.15254237288135597,1.0,0.576271186440678,2.6023302340788663,0.10003488629812794
2023-08-04,2023-08-07,open,2023-08-08,2023-08-21,4,4,EXECUTED_ON_TIME,open,59,59,0,-0.02284429317171864,-0.05739316427211005,0.03454887110039141,5.593220338983049e-05,5.593220338983049e-05,9.322033898305082e-05,7.457627118644067e-05,0.0002796610169491525,-0.023123954188667792,-0.018095012331658965,0.18644067796610164,1.0,0.5932203389830508,2.5421540689622417,0.09429356763587764
2023-08-07,2023-08-08,open,2023-08-09,2023-08-22,3,4,UNEXECUTED_TIMEOUT,open,59,59,0,-0.017947800898813895,-0.058284309562562364,0.040336508663748466,8.135593220338983e-05,8.135593220338983e-05,0.00013559322033898308,0.00010847457627118647,0.0004067796610169492,-0.018354580559830844,-0.012724244547362262,0.27118644067796616,1.0,0.6355932203389831,2.4954938973079726,0.08879773215002973
2023-08-08,2023-08-09,open,2023-08-10,2023-08-23,4,4,EXECUTED_ON_TIME,open,59,59,0,-0.02524245846135231,-0.05433919861509817,0.029096740153745863,7.627118644067796e-05,7.627118644067796e-05,0.0001271186440677966,0.00010169491525423729,0.00038135593220338984,-0.0256238143935557,-0.015214430753704803,0.2542372881355932,1.0,0.6271186440677966,2.4315498248631022,0.08397253454615898
2023-08-09,2023-08-10,open,2023-08-11,2023-08-24,3,4,UNEXECUTED_TIMEOUT,open,59,59,0,-0.014403791070220015,-0.06341813494658022,0.0490143438763602,7.11864406779661e-05,7.11864406779661e-05,0.00011864406779661019,9.491525423728816e-05,0.0003559322033898306,-0.014759723273609845,-0.020759136679205408,0.23728813559322037,1.0,0.6186440677966102,2.3956608223221285,0.0786471530185043
2023-08-10,2023-08-11,open,2023-08-14,2023-08-25,3,4,EXECUTED_ON_TIME,open,59,59,0,-0.037120692883928816,-0.06899702688523301,0.0318763340013042,8.64406779661017e-05,8.64406779661017e-05,0.00014406779661016949,0.0001152542372881356,0.00043220338983050846,-0.03755289627375932,-0.0030066322715477656,0.288135593220339,1.0,0.6440677966101696,2.3056968199543566,0.07322073328723953
2023-08-11,2023-08-14,open,2023-08-15,2023-08-28,3,4,EXECUTED_ON_TIME,open,59,59,0,0.005904752367698921,0.0183973129123558,-0.01249256054465688,0.00010169491525423727,0.00010169491525423727,0.0001694915254237288,0.00013559322033898305,0.0005084745762711864,0.005396277791427735,-0.005419710777963872,0.3389830508474576,1.0,0.6694915254237288,2.318139000497642,0.07456779802919702
2023-08-14,2023-08-15,open,2023-08-16,2023-08-29,2,3,EXECUTED_ON_TIME,open,59,59,0,-0.0069933522085167425,-0.02988648562629881,0.022893133417782065,0.000111864406779661,0.000111864406779661,0.0001864406779661017,0.00014915254237288136,0.0005593220338983051,-0.007552674242415048,0.006067516746853715,0.3728813559322034,1.0,0.6864406779661016,2.3006308517782457,0.07233922860521268
2023-08-15,2023-08-16,open,2023-08-17,2023-08-30,3,4,EXECUTED_ON_TIME,open,59,59,0,-0.01156204574550313,-0.007232902973692168,-0.004329142771810962,9.152542372881354e-05,9.152542372881354e-05,0.00015254237288135592,0.00012203389830508474,0.00045762711864406777,-0.012019672864147197,0.003017477936424791,0.30508474576271183,1.0,0.652542372881356,2.272978021558707,0.07181600598351943
2023-08-16,2023-08-17,open,2023-08-18,2023-08-31,3,4,EXECUTED_ON_TIME,open,59,59,0,0.006086282238881227,-0.003754343697524809,0.009840625936406035,5.084745762711864e-05,5.084745762711864e-05,8.47457627118644e-05,6.779661016949152e-05,0.0002542372881355932,0.005832044950745633,-0.00576474476324225,0.1694915254237288,1.0,0.5847457627118644,2.286234131552494,0.0715463840140738
2023-08-17,2023-08-18,open,2023-08-21,2023-09-01,2,3,EXECUTED_ON_TIME,open,59,59,0,-0.0118053146747729,-0.01397067936870755,0.0021653646939346505,6.101694915254237e-05,6.101694915254237e-05,0.0001016949152542373,8.135593220338983e-05,0.0003050847457627119,-0.012110399420535612,0.007180564703481671,0.2033898305084746,1.0,0.6016949152542372,2.258546923050532,0.07054683242302276
2023-08-18,2023-08-21,open,2023-08-22,2023-09-04,2,3,UNEXECUTED_TIMEOUT,open,59,59,0,0.0003857826938675926,0.010537935055555891,-0.010152152361688298,7.11864406779661e-05,7.11864406779661e-05,0.00011864406779661019,9.491525423728816e-05,0.0003559322033898306,2.9850490477762023e-05,0.003855963725837264,0.23728813559322037,1.0,0.6186440677966102,2.258614341783952,0.07129025036147175
2023-08-21,2023-08-22,open,2023-08-23,2023-09-05,2,3,UNEXECUTED_TIMEOUT,open,59,59,0,0.004455960174735927,0.024415245401097296,-0.019959285226361367,8.135593220338983e-05,8.135593220338983e-05,0.00013559322033898308,0.00010847457627118647,0.0004067796610169492,0.004049180513718978,0.0010945170991428317,0.27118644067796616,1.0,0.6355932203389831,2.2677598789647098,0.07303081931875276
2023-08-22,2023-08-23,open,2023-08-24,2023-09-06,2,2,UNEXECUTED_TIMEOUT,open,59,59,0,-0.006041702524178731,0.015013164439009463,-0.021054866963188194,5.084745762711864e-05,5.084745762711864e-05,8.47457627118644e-05,6.779661016949152e-05,0.0002542372881355932,-0.006295939812314325,0.005192039622037153,0.1694915254237288,1.0,0.5847457627118644,2.2534821992579666,0.07412724301830079
2023-08-23,2023-08-24,open,2023-08-25,2023-09-07,2,3,EXECUTED_ON_TIME,open,59,59,0,0.004423686191285202,0.024433792980811164,-0.02001010678952596,8.64406779661017e-05,8.64406779661017e-05,0.00014406779661016949,0.0001152542372881356,0.00043220338983050846,0.003991482801454694,0.013010145951803425,0.288135593220339,1.0,0.6440677966101696,2.262476934699689,0.07593845272844822
2023-08-24,2023-08-25,open,2023-08-28,2023-09-08,2,3,UNEXECUTED_TIMEOUT,open,59,59,0,0.05305676991931466,0.011917600419493413,0.04113916949982125,8.64406779661017e-05,8.64406779661017e-05,0.00014406779661016949,0.0001152542372881356,0.00043220338983050846,0.052624566529484156,0.000584269497926955,0.288135593220339,1.0,0.6440677966101696,2.3815388026712165,0.07684345686454046
2023-08-25,2023-08-28,open,2023-08-29,2023-09-11,3,3,UNEXECUTED_TIMEOUT,open,59,59,0,-0.039595309308563136,-0.043707492862801955,0.00411218355423882,6.610169491525422e-05,6.610169491525422e-05,0.00011016949152542371,8.813559322033898e-05,0.00033050847457627116,-0.03992581778313941,0.010159858029665125,0.22033898305084743,1.0,0.6101694915254237,2.2864539183922896,0.07348482202208052
2023-08-28,2023-08-29,open,2023-08-30,2023-09-12,2,3,UNEXECUTED_TIMEOUT,open,59,59,0,0.028695782390566096,0.005685198686740556,0.02301058370382554,0.00010169491525423727,0.00010169491525423727,0.0001694915254237288,0.00013559322033898305,0.0005084745762711864,0.02818730781429491,0.006024310602423789,0.3389830508474576,1.0,0.6694915254237288,2.3509028987932137,0.07390259783573581
2023-08-29,2023-08-30,open,2023-08-31,2023-09-13,3,3,UNEXECUTED_TIMEOUT,open,59,59,0,0.002309348480295727,-0.01144060966801197,0.013749958148307696,7.627118644067796e-05,7.627118644067796e-05,0.0001271186440677966,0.00010169491525423729,0.00038135593220338984,0.001927992548092337,0.007055064434083613,0.2542372881355932,1.0,0.6271186440677966,2.3554354220633757,0.07305710706044509
2023-08-30,2023-08-31,open,2023-09-01,2023-09-14,3,3,EXECUTED_ON_TIME,open,59,59,0,-0.001409085487624884,-0.013200680446356694,0.01179159495873181,6.610169491525422e-05,6.610169491525422e-05,0.00011016949152542371,8.813559322033898e-05,0.00033050847457627116,-0.0017395939622011553,-0.002632030530477344,0.22033898305084743,1.0,0.6101694915254237,2.3513379208247995,0.07209270353580488
2023-08-31,2023-09-01,open,2023-09-04,2023-09-15,2,3,EXECUTED_ON_TIME,open,59,59,0,0.0057054375093662886,-0.010089673935335441,0.01579511144470173,7.627118644067796e-05,7.627118644067796e-05,0.0001271186440677966,0.00010169491525423729,0.00038135593220338984,0.005324081577162899,0.00385612203215817,0.2542372881355932,1.0,0.6271186440677966,2.3638566357307473,0.0713653116640118
2023-09-01,2023-09-04,open,2023-09-05,2023-09-18,2,3,EXECUTED_ON_TIME,open,59,59,0,0.009233154127076398,-0.02991172012912713,0.03914487425620353,4.0677966101694904e-05,4.0677966101694904e-05,6.779661016949151e-05,5.4237288135593214e-05,0.00020338983050847455,0.009029764296567924,-0.0009598539002950435,0.13559322033898302,1.0,0.5677966101694916,2.385201703982274,0.06923065243458995
2023-09-04,2023-09-05,open,2023-09-06,2023-09-19,2,3,EXECUTED_ON_TIME,open,59,59,0,-0.00791893362570147,-0.030251762042599495,0.022332828416898026,8.135593220338983e-05,8.135593220338983e-05,0.00013559322033898308,0.00010847457627118647,0.0004067796610169492,-0.008325713286718418,0.0015800566336823876,0.27118644067796616,1.0,0.6355932203389831,2.3653431984639255,0.06713630321108482
2023-09-05,2023-09-06,open,2023-09-07,2023-09-20,2,3,EXECUTED_ON_TIME,open,59,59,0,-0.0011518635642964162,-0.024196318373992276,0.02304445480969586,5.593220338983049e-05,5.593220338983049e-05,9.322033898305082e-05,7.457627118644067e-05,0.0002796610169491525,-0.0014315245812455686,-0.004201667805792654,0.18644067796610164,1.0,0.5932203389830508,2.3619571515322426,0.06551185184413653
2023-09-06,2023-09-07,open,2023-09-08,2023-09-21,2,3,EXECUTED_ON_TIME,open,59,59,0,-0.014912891949265355,-0.02732977278842108,0.012416880839155726,6.101694915254237e-05,6.101694915254237e-05,0.0001016949152542373,8.135593220338983e-05,0.0003050847457627119,-0.015217976695028067,0.002403860939733063,0.2033898305084746,1.0,0.6016949152542372,2.32601294264557,0.06372142781828757
2023-09-07,2023-09-08,open,2023-09-11,2023-09-22,2,3,EXECUTED_ON_TIME,open,59,59,0,0.005518685495373036,-0.020015471024382947,0.025534156519755984,5.084745762711864e-05,5.084745762711864e-05,8.47457627118644e-05,6.779661016949152e-05,0.0002542372881355932,0.005264448207237442,-0.0014106928256981295,0.1694915254237288,1.0,0.5847457627118644,2.338258117311492,0.06244601342615833
2023-09-08,2023-09-11,open,2023-09-12,2023-09-25,3,4,EXECUTED_ON_TIME,open,59,59,0,0.006949507295052808,-0.0006744934281670556,0.007624000723219864,8.64406779661017e-05,8.64406779661017e-05,0.00014406779661016949,0.0001152542372881356,0.00043220338983050846,0.0065173039052223,-0.0015573359367275713,0.288135593220339,1.0,0.6440677966101696,2.3534972560708636,0.06240389400048716
2023-09-11,2023-09-12,open,2023-09-13,2023-09-26,3,4,UNEXECUTED_TIMEOUT,open,59,59,0,-0.001361947472768126,-0.013979103336500875,0.01261715586373275,9.152542372881354e-05,9.152542372881354e-05,0.00015254237288135592,0.00012203389830508474,0.00045762711864406777,-0.0018195745914121938,0.0022307032980086487,0.30508474576271183,1.0,0.652542372881356,2.3492148922627587,0.0615315435176543
2023-09-12,2023-09-13,open,2023-09-14,2023-09-27,3,4,UNEXECUTED_TIMEOUT,open,59,59,0,-0.006148943791028864,-0.017195405160483457,0.011046461369454592,7.627118644067796e-05,7.627118644067796e-05,0.0001271186440677966,0.00010169491525423729,0.00038135593220338984,-0.006530299723232254,0.003994668438021444,0.2542372881355932,1.0,0.6271186440677966,2.333873814902002,0.060473483696718316
2023-09-13,2023-09-14,open,2023-09-15,2023-09-28,3,4,EXECUTED_ON_TIME,open,59,59,0,0.006913304666432442,-0.006883714358501214,0.013797019024933656,9.661016949152543e-05,9.661016949152543e-05,0.0001610169491525424,0.00012881355932203392,0.00048305084745762714,0.0064302538189748145,0.0023296439981893473,0.3220338983050848,1.0,0.6610169491525424,2.348881215913281,0.060057201508686625
2023-09-14,2023-09-15,open,2023-09-18,2023-10-09,3,4,EXECUTED_ON_TIME,open,59,59,0,-0.0058810850056823395,-0.016535566732650997,0.010654481726968658,0.00010169491525423727,0.00010169491525423727,0.0001694915254237288,0.00013559322033898305,0.0005084745762711864,-0.006389559581953526,0.006090896528124867,0.3389830508474576,1.0,0.6694915254237288,2.333872899433272,0.05906412164536347
2023-09-15,2023-09-18,open,2023-09-19,2023-10-10,3,4,EXECUTED_ON_TIME,open,59,59,0,0.0021861714391589243,-0.0007245330681759921,0.0029107045073349163,0.00010677966101694916,0.00010677966101694916,0.0001779661016949153,0.00014237288135593223,0.0005338983050847459,0.0016522731340741785,-0.0018672200264030657,0.35593220338983056,1.0,0.6779661016949152,2.337729094923349,0.05902132773608863
2023-09-18,2023-09-19,open,2023-09-20,2023-10-11,3,4,EXECUTED_ON_TIME,open,59,59,0,-0.008463734350601547,-0.013072107823336787,0.0046083734727352405,8.64406779661017e-05,8.64406779661017e-05,0.00014406779661016949,0.0001152542372881356,0.00043220338983050846,-0.008895937740432056,-0.006087816463880765,0.288135593220339,1.0,0.6440677966101696,2.3169328024409146,0.05824979457604598
2023-09-19,2023-09-20,open,2023-09-21,2023-10-12,3,4,UNEXECUTED_TIMEOUT,open,59,59,0,-0.003687771386226252,-0.004850431571078007,0.0011626601848517544,7.11864406779661e-05,7.11864406779661e-05,0.00011864406779661019,9.491525423728816e-05,0.0003559322033898306,-0.004043703589616083,0.0039141790972395726,0.23728813559322037,1.0,0.6186440677966102,2.307563812950785,0.05796725793342552
2023-09-20,2023-09-21,open,2023-09-22,2023-10-13,3,4,UNEXECUTED_TIMEOUT,open,59,59,0,-0.0060807005549930356,-0.0055035904208217135,-0.0005771101341713221,8.135593220338983e-05,8.135593220338983e-05,0.00013559322033898308,0.00010847457627118647,0.0004067796610169492,-0.0064874802160099845,-0.0012973967651293923,0.27118644067796616,1.0,0.6355932203389831,2.292593538367086,0.05764822988794182
2023-09-21,2023-09-22,open,2023-09-25,2023-10-16,3,4,EXECUTED_ON_TIME,open,59,59,0,0.013785564129742257,-0.0023419120850395325,0.01612747621478179,7.11864406779661e-05,7.11864406779661e-05,0.00011864406779661019,9.491525423728816e-05,0.0003559322033898306,0.013429631926352426,-0.006775798372327243,0.23728813559322037,1.0,0.6186440677966102,2.32338222574409,0.05751322280168611
2023-09-22,2023-09-25,open,2023-09-26,2023-10-17,3,4,EXECUTED_ON_TIME,open,59,59,0,-0.009363250663633148,-0.027490983295622162,0.018127732631989014,8.135593220338983e-05,8.135593220338983e-05,0.00013559322033898308,0.00010847457627118647,0.0004067796610169492,-0.009770030324650097,-0.005861732030398356,0.27118644067796616,1.0,0.6355932203389831,2.3006827109428176,0.05593212775436756
2023-09-25,2023-09-26,open,2023-09-27,2023-10-18,2,3,EXECUTED_ON_TIME,open,59,59,0,-0.008092741265841417,-0.02172690707870295,0.013634165812861533,6.101694915254237e-05,6.101694915254237e-05,0.0001016949152542373,8.135593220338983e-05,0.0003050847457627119,-0.00839782601160413,-0.002604230500500549,0.2033898305084746,1.0,0.6016949152542372,2.281361977828414,0.054716895611934276
2023-09-26,2023-09-27,open,2023-09-28,2023-10-19,3,3,EXECUTED_ON_TIME,open,59,59,0,0.00391343591644086,-0.028808423147091422,0.03272185906353228,8.64406779661017e-05,8.64406779661017e-05,0.00014406779661016949,0.0001152542372881356,0.00043220338983050846,0.003481232526610351,-3.154922828120868e-05,0.288135593220339,1.0,0.6440677966101696,2.2893039293506026,0.053140588129850445
2023-09-27,2023-09-28,open,2023-10-09,2023-10-20,3,3,EXECUTED_ON_TIME,open,59,59,0,-0.010437406794302237,-0.0519684674440587,0.04153106064975646,8.135593220338983e-05,8.135593220338983e-05,0.00013559322033898308,0.00010847457627118647,0.0004067796610169492,-0.010844186455319186,-0.004028888336803895,0.27118644067796616,1.0,0.6355932203389831,2.26447829068783,0.05037895320566618
2023-09-28,2023-10-09,open,2023-10-10,2023-10-23,2,3,EXECUTED_ON_TIME,open,59,59,0,-0.0033773046321210233,-0.04858207375026813,0.04520476911814711,0.00010169491525423727,0.00010169491525423727,0.0001694915254237288,0.00013559322033898305,0.0005084745762711864,-0.0038857792083922095,-0.009056051555809998,0.3389830508474576,1.0,0.6694915254237288,2.2556790280280197,0.0479314391855672
2023-10-09,2023-10-10,open,2023-10-11,2023-10-24,2,3,EXECUTED_ON_TIME,open,59,59,0,-0.014861653896341502,-0.05802902073288252,0.043167366836541016,0.00010169491525423727,0.00010169491525423727,0.0001694915254237288,0.00013559322033898305,0.0005084745762711864,-0.015370128472612689,-0.008515235946931708,0.3389830508474576,1.0,0.6694915254237288,2.221008951574251,0.045150024707311026
2023-10-10,2023-10-11,open,2023-10-12,2023-10-25,2,3,EXECUTED_ON_TIME,open,59,59,0,-0.008624422451055868,-0.04094263801819498,0.03231821556713911,9.152542372881354e-05,9.152542372881354e-05,0.00015254237288135592,0.00012203389830508474,0.00045762711864406777,-0.009082049569699935,-0.018167444074992878,0.30508474576271183,1.0,0.652542372881356,2.2008376381813064,0.04330146358920703
2023-10-11,2023-10-12,open,2023-10-13,2023-10-26,2,3,EXECUTED_ON_TIME,open,59,59,0,-0.006247451480886172,-0.057641104465358306,0.051393652984472134,7.627118644067796e-05,7.627118644067796e-05,0.0001271186440677966,0.00010169491525423729,0.00038135593220338984,-0.006628807413089562,-0.0023907688079109687,0.2542372881355932,1.0,0.6271186440677966,2.186248709330324,0.04080551940295864
2023-10-12,2023-10-13,open,2023-10-16,2023-10-27,2,3,EXECUTED_ON_TIME,open,59,59,0,-0.011067241946457,-0.048066876221295574,0.03699963427483857,6.610169491525422e-05,6.610169491525422e-05,0.00011016949152542371,8.813559322033898e-05,0.00033050847457627116,-0.01139775042103327,-0.009481216120113638,0.22033898305084743,1.0,0.6101694915254237,2.1613303921830704,0.03884412555267095
2023-10-13,2023-10-16,open,2023-10-17,2023-10-30,2,3,EXECUTED_ON_TIME,open,59,59,0,-0.014839532294619992,-0.030003228677424,0.015163696382804006,4.5762711864406784e-05,4.5762711864406784e-05,7.627118644067799e-05,6.101694915254239e-05,0.00022881355932203397,-0.015068345853942027,-0.009042233849268179,0.15254237288135597,1.0,0.576271186440678,2.12876271832902,0.03767867637093959
2023-10-16,2023-10-17,open,2023-10-18,2023-10-31,2,3,EXECUTED_ON_TIME,open,59,59,0,-0.01021699698434721,-0.01475064361968581,0.0045336466353386,7.627118644067796e-05,7.627118644067796e-05,0.0001271186440677966,0.00010169491525423729,0.00038135593220338984,-0.0105983529165506,-0.012215923794920393,0.2542372881355932,1.0,0.6271186440677966,2.1062013397645734,0.03712289164373039
2023-10-17,2023-10-18,open,2023-10-19,2023-11-01,3,3,EXECUTED_ON_TIME,open,59,59,0,-0.014501058782834936,-0.0069701275134830265,-0.00753093126935191,7.11864406779661e-05,7.11864406779661e-05,0.00011864406779661019,9.491525423728816e-05,0.0003559322033898306,-0.014856990986224767,-0.004230062341266735,0.23728813559322037,1.0,0.6186440677966102,2.0749095254445167,0.03686414035530437
2023-10-18,2023-10-19,open,2023-10-20,2023-11-02,2,3,EXECUTED_ON_TIME,open,59,59,0,-0.015269567738359606,-0.002354177145699521,-0.012915390592660085,9.661016949152543e-05,9.661016949152543e-05,0.0001610169491525424,0.00012881355932203392,0.00048305084745762714,-0.01575261858581723,-0.000653034668487951,0.3220338983050848,1.0,0.6610169491525424,2.04222426709011,0.03677735563858406
2023-10-19,2023-10-20,open,2023-10-23,2023-11-03,3,4,EXECUTED_ON_TIME,open,59,59,0,-0.006794574943471896,0.011421275792659502,-0.018215850736131398,0.00012203389830508474,0.00012203389830508474,0.0002033898305084746,0.00016271186440677967,0.0006101694915254238,-0.00740474443499732,2.9776474952625427e-05,0.4067796610169492,1.0,0.7033898305084746,2.027102118313358,0.03719739996025705
2023-10-20,2023-10-23,open,2023-10-24,2023-11-06,2,3,EXECUTED_ON_TIME,open,59,59,0,-0.008300819274919734,0.030889672272919277,-0.03919049154783901,7.627118644067796e-05,7.627118644067796e-05,0.0001271186440677966,0.00010169491525423729,0.00038135593220338984,-0.008682175207123123,0.0014706145414237846,0.2542372881355932,1.0,0.6271186440677966,2.009502462559431,0.03834641545443409
2023-10-23,2023-10-24,open,2023-10-25,2023-11-07,2,3,EXECUTED_ON_TIME,open,59,59,0,0.018212324171117133,0.04078995589591927,-0.02257763172480214,7.11864406779661e-05,7.11864406779661e-05,0.00011864406779661019,9.491525423728816e-05,0.0003559322033898306,0.017856391967727304,0.004132040786513162,0.23728813559322037,1.0,0.6186440677966102,2.0453849261910055,0.03991056404958705
2023-10-24,2023-10-25,open,2023-10-26,2023-11-08,2,3,EXECUTED_ON_TIME,open,59,59,0,-0.00024470952351020433,0.024500205289168298,-0.0247449148126785,6.101694915254237e-05,6.101694915254237e-05,0.0001016949152542373,8.135593220338983e-05,0.0003050847457627119,-0.0005497942692729162,0.009296505539075173,0.2033898305084746,1.0,0.6016949152542372,2.0442603852801287,0.040888381062008435
2023-10-25,2023-10-26,open,2023-10-27,2023-11-09,2,3,EXECUTED_ON_TIME,open,59,59,0,0.01117549019404524,0.03395536190079107,-0.02277987170674583,7.11864406779661e-05,7.11864406779661e-05,0.00011864406779661019,9.491525423728816e-05,0.0003559322033898306,0.010819557990655409,0.003417023950904515,0.23728813559322037,1.0,0.6186440677966102,2.0663783790666663,0.042276760838506386
2023-10-26,2023-10-27,open,2023-10-30,2023-11-10,2,3,EXECUTED_ON_TIME,open,59,59,0,0.017640277376606343,0.02710464584563277,-0.009464368469026426,7.11864406779661e-05,7.11864406779661e-05,0.00011864406779661019,9.491525423728816e-05,0.0003559322033898306,0.017284345173216514,0.003408565529791227,0.23728813559322037,1.0,0.6186440677966102,2.1020943762289264,0.04342265746853462
2023-10-27,2023-10-30,open,2023-10-31,2023-11-13,2,3,EXECUTED_ON_TIME,open,59,59,0,0.017636206864608876,0.011199722236759246,0.006436484627849629,7.11864406779661e-05,7.11864406779661e-05,0.00011864406779661019,9.491525423728816e-05,0.0003559322033898306,0.017280274661219047,0.004726885501589943,0.23728813559322037,1.0,0.6186440677966102,2.138419144413966,0.043908979170964146
2023-10-30,2023-10-31,open,2023-11-01,2023-11-14,2,3,EXECUTED_ON_TIME,open,59,59,0,0.006267473369611921,-0.00015998096980296417,0.006427454339414885,8.135593220338983e-05,8.135593220338983e-05,0.00013559322033898308,0.00010847457627118647,0.0004067796610169492,0.005860693708594972,0.009235295940615989,0.27118644067796616,1.0,0.6355932203389831,2.150951764039972,0.04390195456989332
2023-10-31,2023-11-01,open,2023-11-02,2023-11-15,3,4,EXECUTED_ON_TIME,open,59,59,0,0.0016922391167268696,0.0030836789379653506,-0.001391439821238481,7.11864406779661e-05,7.11864406779661e-05,0.00011864406779661019,9.491525423728816e-05,0.0003559322033898306,0.001336306913337039,0.009328898924299785,0.23728813559322037,1.0,0.6186440677966102,2.1538260957525126,0.04403733410253601
2023-11-01,2023-11-02,open,2023-11-03,2023-11-16,3,3,EXECUTED_ON_TIME,open,59,59,0,-0.006703384296749661,0.005841790111749345,-0.012545174408499006,6.101694915254237e-05,6.101694915254237e-05,0.0001016949152542373,8.135593220338983e-05,0.0003050847457627119,-0.007008469042512373,-0.0008594080512297876,0.2033898305084746,1.0,0.6016949152542372,2.138731072237476,0.04429459096544401
2023-11-02,2023-11-03,open,2023-11-06,2023-11-17,2,3,EXECUTED_ON_TIME,open,59,59,0,0.011156032038746018,0.000781502474336282,0.010374529564409736,5.593220338983049e-05,5.593220338983049e-05,9.322033898305082e-05,7.457627118644067e-05,0.0002796610169491525,0.010876371021796866,-0.008211579884172098,0.18644067796610164,1.0,0.5932203389830508,2.1619927048949763,0.04432920729788322
2023-11-03,2023-11-06,open,2023-11-07,2023-11-20,2,3,EXECUTED_ON_TIME,open,59,59,0,0.007995894493705004,-0.010694176429522972,0.018690070923227976,4.0677966101694904e-05,4.0677966101694904e-05,6.779661016949151e-05,5.4237288135593214e-05,0.00020338983050847455,0.007792504663196529,-0.00019346776830032018,0.13559322033898302,1.0,0.5677966101694916,2.1788400431296675,0.04385514293405876
2023-11-06,2023-11-07,open,2023-11-08,2023-11-21,3,4,EXECUTED_ON_TIME,open,59,59,0,0.002693068964622903,-0.009908700433386541,0.012601769398009444,7.627118644067796e-05,7.627118644067796e-05,0.0001271186440677966,0.00010169491525423729,0.00038135593220338984,0.002311713032419513,-0.0013926624419825125,0.2542372881355932,1.0,0.6271186440677966,2.183876896052928,0.04342059546026182
2023-11-07,2023-11-08,open,2023-11-09,2023-11-22,3,4,EXECUTED_ON_TIME,open,59,59,0,0.0005245154292201099,-0.01141181778425615,0.011936333213476261,8.64406779661017e-05,8.64406779661017e-05,0.00014406779661016949,0.0001152542372881356,0.00043220338983050846,9.231203938960144e-05,-0.001095133767462722,0.288135593220339,1.0,0.6440677966101696,2.1840784941829785,0.042925087536785415
2023-11-08,2023-11-09,open,2023-11-10,2023-11-23,2,3,EXECUTED_ON_TIME,open,59,59,0,-0.001142529216332808,-0.01711466878039747,0.01597213956406466,6.610169491525422e-05,6.610169491525422e-05,0.00011016949152542371,8.813559322033898e-05,0.00033050847457627116,-0.001473037690909079,0.0004319457438559629,0.22033898305084743,1.0,0.6101694915254237,2.180861264241143,0.042190438881223764
2023-11-09,2023-11-10,open,2023-11-13,2023-11-24,3,4,EXECUTED_ON_TIME,open,59,59,0,-0.0028499972419727174,-0.009850478397383289,0.007000481155410571,7.627118644067796e-05,7.627118644067796e-05,0.0001271186440677966,0.00010169491525423729,0.00038135593220338984,-0.0032313531741761073,-0.007333147297642308,0.2542372881355932,1.0,0.6271186440677966,2.1738141312724997,0.04177484287444815
2023-11-10,2023-11-13,open,2023-11-14,2023-11-27,3,4,EXECUTED_ON_TIME,open,59,59,0,-0.003225763579315159,-0.016546319594447412,0.013320556015132252,8.135593220338983e-05,8.135593220338983e-05,0.00013559322033898308,0.00010847457627118647,0.0004067796610169492,-0.0036325432403321086,-0.0027598347671596545,0.27118644067796616,1.0,0.6355932203389831,2.1659176574442074,0.04108362297323971
2023-11-13,2023-11-14,open,2023-11-15,2023-11-28,3,3,EXECUTED_ON_TIME,open,59,59,0,0.0025243787213714885,-0.019672151289700346,0.022196530011071833,8.64406779661017e-05,8.64406779661017e-05,0.00014406779661016949,0.0001152542372881356,0.00043220338983050846,0.00209217533154098,-0.01098726535496735,0.288135593220339,1.0,0.6440677966101696,2.170449136937261,0.04027541972658113
2023-11-14,2023-11-15,open,2023-11-16,2023-11-29,3,4,EXECUTED_ON_TIME,open,59,59,0,-0.0093889993214052,-0.027093263055392836,0.017704263733987636,7.11864406779661e-05,7.11864406779661e-05,0.00011864406779661019,9.491525423728816e-05,0.0003559322033898306,-0.00974493152479503,-0.0019441557225388937,0.23728813559322037,1.0,0.6186440677966102,2.149298258719757,0.03918422718526251
2023-11-15,2023-11-16,open,2023-11-17,2023-11-30,3,4,EXECUTED_ON_TIME,open,59,59,0,-0.011713397611662454,-0.03206459573099674,0.020351198119334283,8.64406779661017e-05,8.64406779661017e-05,0.00014406779661016949,0.0001152542372881356,0.00043220338983050846,-0.012145601001492963,-0.001905809958208807,0.288135593220339,1.0,0.6440677966101696,2.123193739636143,0.037927800781535535
2023-11-16,2023-11-17,open,2023-11-20,2023-12-01,4,4,UNEXECUTED_TIMEOUT,open,59,59,0,0.0057648037469398465,-0.018838006565559784,0.02460281031249963,0.000111864406779661,0.000111864406779661,0.0001864406779661017,0.00014915254237288136,0.0005593220338983051,0.005205481713041541,0.002237721053684388,0.3728813559322034,1.0,0.6864406779661016,2.1342459858210634,0.03721331662139572
2023-11-17,2023-11-20,open,2023-11-21,2023-12-04,3,4,UNEXECUTED_TIMEOUT,open,59,59,0,0.004039697715777022,-0.0248438887972231,0.028883586513000124,8.64406779661017e-05,8.64406779661017e-05,0.00014406779661016949,0.0001152542372881356,0.00043220338983050846,0.0036074943259465134,0.0031528216398865787,0.288135593220339,1.0,0.6440677966101696,2.141945266105087,0.03628879312147791
2023-11-20,2023-11-21,open,2023-11-22,2023-12-05,3,4,EXECUTED_ON_TIME,open,59,59,0,-0.015404871081287394,-0.03840375843325772,0.022998887351970324,0.00013728813559322033,0.00013728813559322033,0.0002288135593220339,0.00018305084745762714,0.0006864406779661017,-0.016091311759253497,-0.007614842461080161,0.4576271186440678,1.0,0.728813559322034,2.107478557056933,0.03489516707660621
2023-11-21,2023-11-22,open,2023-11-23,2023-12-06,4,5,EXECUTED_ON_TIME,open,59,59,0,-0.017896268644424583,-0.05086485579386557,0.03296858714944099,7.627118644067796e-05,7.627118644067796e-05,0.0001271186440677966,0.00010169491525423729,0.00038135593220338984,-0.018277624576627974,-0.00945093290676507,0.2542372881355932,1.0,0.6271186440677966,2.068958855187753,0.03312022943535179
2023-11-22,2023-11-23,open,2023-11-24,2023-12-07,3,4,EXECUTED_ON_TIME,open,59,59,0,-0.00745854370740375,-0.04154691789389742,0.034088374186493665,7.11864406779661e-05,7.11864406779661e-05,0.00011864406779661019,9.491525423728816e-05,0.0003559322033898306,-0.00781447591079358,-0.01438168389923562,0.23728813559322037,1.0,0.6186440677966102,2.052791026053465,0.03174418598237418
2023-11-23,2023-11-24,open,2023-11-27,2023-12-08,4,4,EXECUTED_ON_TIME,open,59,59,0,-0.020267156336849047,-0.0474034767848307,0.027136320447981654,7.11864406779661e-05,7.11864406779661e-05,0.00011864406779661019,9.491525423728816e-05,0.0003559322033898306,-0.020623088540238876,-0.013461561868998929,0.23728813559322037,1.0,0.6186440677966102,2.010456134968557,0.03023940119910536
2023-11-24,2023-11-27,open,2023-11-28,2023-12-11,3,4,EXECUTED_ON_TIME,open,59,59,0,-0.008437771052034871,-0.04424824831055518,0.03581047725852031,7.627118644067796e-05,7.627118644067796e-05,0.0001271186440677966,0.00010169491525423729,0.00038135593220338984,-0.00881912698423826,-0.011556764828464093,0.2542372881355932,1.0,0.6271186440677966,1.9927256670180282,0.028901360666084844
2023-11-27,2023-11-28,open,2023-11-29,2023-12-12,4,4,EXECUTED_ON_TIME,open,59,59,0,0.0006312200813454239,-0.028671857530859657,0.029303077612205082,0.00010677966101694916,0.00010677966101694916,0.0001779661016949153,0.00014237288135593223,0.0005338983050847459,9.732177626067806e-05,0.0019394812244870015,0.35593220338983056,1.0,0.6779661016949152,1.9929196026195428,0.028072704970618867
2023-11-28,2023-11-29,open,2023-11-30,2023-12-13,4,4,EXECUTED_ON_TIME,open,59,59,0,-0.01470069885361358,-0.028487156723552065,0.013786457869938484,8.135593220338983e-05,8.135593220338983e-05,0.00013559322033898308,0.00010847457627118647,0.0004067796610169492,-0.01510747851463053,-0.010216730309071031,0.27118644067796616,1.0,0.6355932203389831,1.962811612541582,0.027272993424466808
2023-11-29,2023-11-30,open,2023-12-01,2023-12-14,4,5,EXECUTED_ON_TIME,open,59,59,0,-0.008511809289664569,-0.028154216433315282,0.019642407143650713,8.64406779661017e-05,8.64406779661017e-05,0.00014406779661016949,0.0001152542372881356,0.00043220338983050846,-0.008944012679495078,-0.015885858434344004,0.288135593220339,1.0,0.6440677966101696,1.94525620059155,0.026505143664809983
2023-11-30,2023-12-01,open,2023-12-04,2023-12-15,4,4,EXECUTED_ON_TIME,open,59,59,0,-0.006775781988601724,-0.03671316913660061,0.029937387147998887,5.084745762711864e-05,5.084745762711864e-05,8.47457627118644e-05,6.779661016949152e-05,0.0002542372881355932,-0.007030019276737317,-0.00886389801672686,0.1694915254237288,1.0,0.5847457627118644,1.9315810120031986,0.025532055842453917
2023-12-01,2023-12-04,open,2023-12-05,2023-12-18,3,4,EXECUTED_ON_TIME,open,59,59,0,-0.010309886163667683,-0.04362310742894737,0.03331322126527969,6.101694915254237e-05,6.101694915254237e-05,0.0001016949152542373,8.135593220338983e-05,0.0003050847457627119,-0.010614970909430395,-0.004445720187293265,0.2033898305084746,1.0,0.6016949152542372,1.9110773357515765,0.024418268227556668
2023-12-04,2023-12-05,open,2023-12-06,2023-12-19,2,3,EXECUTED_ON_TIME,open,59,59,0,-0.021306135314812076,-0.036065725821645356,0.01475959050683328,6.101694915254237e-05,6.101694915254237e-05,0.0001016949152542373,8.135593220338983e-05,0.0003050847457627119,-0.02161122006057479,-0.002596347301322178,0.2033898305084746,1.0,0.6016949152542372,1.869776622895872,0.023537605660622216
2023-12-05,2023-12-06,open,2023-12-07,2023-12-20,2,3,UNEXECUTED_TIMEOUT,open,59,59,0,8.071178263264116e-05,-0.01580575463121492,0.01588646641384756,9.152542372881354e-05,9.152542372881354e-05,0.00015254237288135592,0.00012203389830508474,0.00045762711864406777,-0.0003769153360114266,-0.0015300138975377138,0.30508474576271183,1.0,0.652542372881356,1.869071875411787,0.023165576040944127
2023-12-06,2023-12-07,open,2023-12-08,2023-12-21,3,3,UNEXECUTED_TIMEOUT,open,59,59,0,-0.0038317528781212197,-0.03202451399490791,0.02819276111678669,7.11864406779661e-05,7.11864406779661e-05,0.00011864406779661019,9.491525423728816e-05,0.0003559322033898306,-0.0041876850815110505,-0.010834615977884609,0.23728813559322037,1.0,0.6186440677966102,1.8612447910028533,0.02242370972682081
2023-12-07,2023-12-08,open,2023-12-11,2023-12-22,2,3,UNEXECUTED_TIMEOUT,open,59,59,0,-0.0005159258504067722,-0.018394632559902924,0.01787870670949615,7.11864406779661e-05,7.11864406779661e-05,0.00011864406779661019,9.491525423728816e-05,0.0003559322033898306,-0.0008718580537966028,-0.007962749622052255,0.23728813559322037,1.0,0.6186440677966102,1.8596220497417304,0.02201123382576602
2023-12-08,2023-12-11,open,2023-12-12,2023-12-25,3,4,EXECUTED_ON_TIME,open,59,59,0,0.009146706888716,-0.014126188702838216,0.023272895591554217,7.11864406779661e-05,7.11864406779661e-05,0.00011864406779661019,9.491525423728816e-05,0.0003559322033898306,0.008790774685326169,-0.0019654550228214423,0.23728813559322037,1.0,0.6186440677966102,1.8759695681808743,0.021700298983160952
2023-12-11,2023-12-12,open,2023-12-13,2023-12-26,3,4,EXECUTED_ON_TIME,open,59,59,0,-0.008186563505360846,-0.018945172401860666,0.01075860889649982,5.593220338983049e-05,5.593220338983049e-05,9.322033898305082e-05,7.457627118644067e-05,0.0002796610169491525,-0.008466224522309999,-0.006656839451871285,0.18644067796610164,1.0,0.5932203389830508,1.860087188619634,0.021289183077753047
2023-12-12,2023-12-13,open,2023-12-14,2023-12-27,3,3,EXECUTED_ON_TIME,open,59,59,0,-0.0035844461125869673,-0.02682761951313395,0.023243173400546983,5.593220338983049e-05,5.593220338983049e-05,9.322033898305082e-05,7.457627118644067e-05,0.0002796610169491525,-0.00386410712953612,0.001160969538573746,0.18644067796610164,1.0,0.5932203389830508,1.85289961245253,0.020718044974397637
2023-12-13,2023-12-14,open,2023-12-15,2023-12-28,3,4,EXECUTED_ON_TIME,open,59,59,0,0.006129791410448085,-0.015300298017497438,0.021430089427945522,7.11864406779661e-05,7.11864406779661e-05,0.00011864406779661019,9.491525423728816e-05,0.0003559322033898306,0.005773859207058254,0.012291325609849017,0.23728813559322037,1.0,0.6186440677966102,1.8635979939396436,0.020401052711949436
2023-12-14,2023-12-15,open,2023-12-18,2023-12-29,3,4,EXECUTED_ON_TIME,open,59,59,0,0.005671867963004487,0.013419732205485646,-0.007747864242481159,6.610169491525422e-05,6.610169491525422e-05,0.00011016949152542371,8.813559322033898e-05,0.00033050847457627116,0.005341359488428216,0.01656875295427365,0.22033898305084743,1.0,0.6101694915254237,1.873552140767189,0.020674829376053794
2023-12-15,2023-12-18,open,2023-12-19,2024-01-02,3,4,UNEXECUTED_TIMEOUT,open,59,59,0,0.009259776094935512,0.02915933630722911,-0.0198995602122936,8.135593220338983e-05,8.135593220338983e-05,0.00013559322033898308,0.00010847457627118647,0.0004067796610169492,0.008852996433918563,0.013581899238108252,0.27118644067796616,1.0,0.6355932203389831,1.8901386911881612,0.021277693678924726
2023-12-18,2023-12-19,open,2023-12-20,2024-01-03,3,4,EXECUTED_ON_TIME,open,59,59,0,0.012874484219127418,0.016264440742589592,-0.003389956523462174,8.135593220338983e-05,8.135593220338983e-05,0.00013559322033898308,0.00010847457627118647,0.0004067796610169492,0.012467704558110469,0.009548645493615726,0.27118644067796616,1.0,0.6355932203389831,1.913704381963749,0.02162376346690457
2023-12-19,2023-12-20,open,2023-12-21,2024-01-04,2,3,UNEXECUTED_TIMEOUT,open,59,59,0,-0.0007304203596543534,0.012203043968027183,-0.012933464327681537,7.11864406779661e-05,7.11864406779661e-05,0.00011864406779661019,9.491525423728816e-05,0.0003559322033898306,-0.0010863525630441838,0.021988739137826018,0.23728813559322037,1.0,0.6186440677966102,1.9116254243034936,0.021887639203245428
2023-12-20,2023-12-21,open,2023-12-22,2024-01-05,3,3,EXECUTED_ON_TIME,open,59,59,0,0.016323713028254444,0.016953042133792673,-0.0006293291055382289,6.101694915254237e-05,6.101694915254237e-05,0.0001016949152542373,8.135593220338983e-05,0.0003050847457627119,0.01601862828249173,0.0031566654905520273,0.2033898305084746,1.0,0.6016949152542372,1.9422470413907718,0.0222587012728673
2023-12-21,2023-12-22,open,2023-12-25,2024-01-08,3,4,EXECUTED_ON_TIME,open,59,59,0,0.003436570698154352,-0.0020609905429307407,0.005497561241085093,5.084745762711864e-05,5.084745762711864e-05,8.47457627118644e-05,6.779661016949152e-05,0.0002542372881355932,0.003182333410018759,0.006923954480635033,0.1694915254237288,1.0,0.5847457627118644,1.9484279190410996,0.022212826300046
2023-12-22,2023-12-25,open,2023-12-26,2024-01-09,3,4,UNEXECUTED_TIMEOUT,open,59,59,0,0.005038927154370342,-0.013099290671533481,0.018138217825903823,6.610169491525422e-05,6.610169491525422e-05,0.00011016949152542371,8.813559322033898e-05,0.00033050847457627116,0.0047084186797940715,0.0008265256756958307,0.22033898305084743,1.0,0.6101694915254237,1.957601933451345,0.021921854031705414
2023-12-25,2023-12-26,open,2023-12-27,2024-01-10,3,3,UNEXECUTED_TIMEOUT,open,59,59,0,-0.006860820418199624,-0.01904887165790592,0.012188051239706295,6.610169491525422e-05,6.610169491525422e-05,0.00011016949152542371,8.813559322033898e-05,0.00033050847457627116,-0.007191328892775895,-0.0029351841795503715,0.22033898305084743,1.0,0.6101694915254237,1.9435241741067626,0.02150426744775211
2023-12-26,2023-12-27,open,2023-12-28,2024-01-11,3,4,UNEXECUTED_TIMEOUT,open,59,59,0,0.009405668485947016,-0.015515218698817224,0.02492088718476424,0.00010169491525423727,0.00010169491525423727,0.0001694915254237288,0.00013559322033898305,0.0005084745762711864,0.008897193909675829,0.004623594585016329,0.3389830508474576,1.0,0.6694915254237288,1.960816085551933,0.02117062403534238
2023-12-27,2023-12-28,open,2023-12-29,2024-01-12,3,4,UNEXECUTED_TIMEOUT,open,59,59,0,0.015560131933131167,-0.015349460374983748,0.030909592308114915,8.64406779661017e-05,8.64406779661017e-05,0.00014406779661016949,0.0001152542372881356,0.00043220338983050846,0.015127928543300658,0.0015252471291375292,0.288135593220339,1.0,0.6440677966101696,1.990479171180717,0.020845666380598215
2023-12-28,2023-12-29,open,2024-01-02,2024-01-15,4,4,UNEXECUTED_TIMEOUT,open,59,59,0,0.008711524374317941,-0.04133728942698689,0.05004881380130483,0.00012711864406779658,0.00012711864406779658,0.000211864406779661,0.00016949152542372882,0.000635593220338983,0.008075931153978958,-0.0020703841776248157,0.423728813559322,1.0,0.711864406779661,2.0065541439306016,0.019983963036125017
2023-12-29,2024-01-02,open,2024-01-03,2024-01-16,4,5,UNEXECUTED_TIMEOUT,open,59,59,0,-0.014297226337797824,-0.04485842905458659,0.030561202716788766,5.593220338983049e-05,5.593220338983049e-05,9.322033898305082e-05,7.457627118644067e-05,0.0002796610169491525,-0.014576887354746977,-0.007551958927361135,0.18644067796610164,1.0,0.5932203389830508,1.9773048302033245,0.01908751384803952
2024-01-02,2024-01-03,open,2024-01-04,2024-01-17,3,4,UNEXECUTED_TIMEOUT,open,59,59,0,-0.012343187146071228,-0.02621821140616909,0.013875024260097861,5.593220338983049e-05,5.593220338983049e-05,9.322033898305082e-05,7.457627118644067e-05,0.0002796610169491525,-0.012622848163020381,-0.00868054895426202,0.18644067796610164,1.0,0.5932203389830508,1.9523456115596611,0.01858707337475344
2024-01-03,2024-01-04,open,2024-01-05,2024-01-18,3,3,UNEXECUTED_TIMEOUT,open,59,59,0,-0.015506243278955398,-0.04762548144144885,0.03211923816249345,7.627118644067796e-05,7.627118644067796e-05,0.0001271186440677966,0.00010169491525423729,0.00038135593220338984,-0.015887599211158787,-0.007482355048590036,0.2542372881355932,1.0,0.6271186440677966,1.9213275269615366,0.01770185505669327
2024-01-04,2024-01-05,open,2024-01-08,2024-01-19,3,3,UNEXECUTED_TIMEOUT,open,59,59,0,-0.01497778263196113,-0.02396278580890232,0.008985003176941191,7.627118644067796e-05,7.627118644067796e-05,0.0001271186440677966,0.00010169491525423729,0.00038135593220338984,-0.015359138564164519,-0.008394244337257637,0.2542372881355932,1.0,0.6271186440677966,1.8918175912477908,0.017277669295549494
2024-01-05,2024-01-08,open,2024-01-09,2024-01-22,2,3,EXECUTED_ON_TIME,open,59,59,0,-0.01532456161648129,-0.018099051798212584,0.002774490181731294,6.101694915254237e-05,6.101694915254237e-05,0.0001016949152542373,8.135593220338983e-05,0.0003050847457627119,-0.015629646362244003,-0.003307848311593425,0.2033898305084746,1.0,0.6016949152542372,1.8622491513147157,0.016964959864016957
2024-01-08,2024-01-09,open,2024-01-10,2024-01-23,3,3,EXECUTED_ON_TIME,open,59,59,0,-0.012235816922831065,-0.02381592766987528,0.011580110747044216,7.11864406779661e-05,7.11864406779661e-05,0.00011864406779661019,9.491525423728816e-05,0.0003559322033898306,-0.012591749126220896,-0.005007845692380616,0.23728813559322037,1.0,0.6186440677966102,1.838800177190843,0.016560923606973192
2024-01-09,2024-01-10,open,2024-01-11,2024-01-24,2,3,EXECUTED_ON_TIME,open,59,59,0,-0.010280738739511864,-0.010881658083127799,0.0006009193436159344,7.627118644067796e-05,7.627118644067796e-05,0.0001271186440677966,0.00010169491525423729,0.00038135593220338984,-0.010662094671715253,-0.003370989521894986,0.2542372881355932,1.0,0.6271186440677966,1.8191947156192674,0.01638071329874131
2024-01-10,2024-01-11,open,2024-01-12,2024-01-25,3,3,EXECUTED_ON_TIME,open,59,59,0,-0.0013934726488501056,-0.0002961552635186715,-0.001097317385331434,5.593220338983049e-05,5.593220338983049e-05,9.322033898305082e-05,7.457627118644067e-05,0.0002796610169491525,-0.001673133665799258,-0.007242053730303598,0.18644067796610164,1.0,0.5932203389830508,1.8161509596959207,0.0163758620642777
2024-01-11,2024-01-12,open,2024-01-15,2024-01-26,3,3,EXECUTED_ON_TIME,open,59,59,0,-0.008065071335218743,0.012875880156791641,-0.020940951492010383,4.0677966101694904e-05,4.0677966101694904e-05,6.779661016949151e-05,5.4237288135593214e-05,0.00020338983050847455,-0.008268461165727218,-0.0016042864032886853,0.13559322033898302,1.0,0.5677966101694916,1.8011341860145766,0.01658671570168149
2024-01-12,2024-01-15,open,2024-01-16,2024-01-29,2,3,EXECUTED_ON_TIME,open,59,59,0,-0.0031079511497370837,0.019966037767006117,-0.023073988916743202,8.64406779661017e-05,8.64406779661017e-05,0.00014406779661016949,0.0001152542372881356,0.00043220338983050846,-0.003540154539567592,-0.0035919178221191822,0.288135593220339,1.0,0.6440677966101696,1.7947578926495869,0.016917886693811855
2024-01-15,2024-01-16,open,2024-01-17,2024-01-30,2,3,EXECUTED_ON_TIME,open,59,59,0,-0.0021096242360975504,0.003461193049745903,-0.0055708172858434536,0.00010677966101694916,0.00010677966101694916,0.0001779661016949153,0.00014237288135593223,0.0005338983050847459,-0.002643522541182296,-0.005861338249251693,0.35593220338983056,1.0,0.6779661016949152,1.790013409704403,0.016976442765652865
2024-01-16,2024-01-17,open,2024-01-18,2024-01-31,2,3,UNEXECUTED_TIMEOUT,open,59,59,0,-0.03700795836063537,-0.018108016707893526,-0.018899941652741843,8.135593220338983e-05,8.135593220338983e-05,0.00013559322033898308,0.00010847457627118647,0.0004067796610169492,-0.03741473802165232,-0.01321322066246694,0.27118644067796616,1.0,0.6355932203389831,1.7230405269250681,0.016669033056411826
2024-01-17,2024-01-18,open,2024-01-19,2024-02-01,3,3,UNEXECUTED_TIMEOUT,open,59,59,0,0.004081132687584078,-0.0037420464402025955,0.007823179127786673,8.64406779661017e-05,8.64406779661017e-05,0.00014406779661016949,0.0001152542372881356,0.00043220338983050846,0.003648929297753569,-0.008028835417300408,0.288135593220339,1.0,0.6440677966101696,1.7293277799849818,0.01660665676060146
2024-01-18,2024-01-19,open,2024-01-22,2024-02-02,3,3,UNEXECUTED_TIMEOUT,open,59,59,0,-0.010009815190997076,-0.012684136305250893,0.002674321114253817,0.00012203389830508474,0.00012203389830508474,0.0002033898305084746,0.00016271186440677967,0.0006101694915254238,-0.0106199846825225,-0.008239908985351,0.4067796610169492,1.0,0.7033898305084746,1.7109623454504808,0.016396015662675477
2024-01-19,2024-01-22,open,2024-01-23,2024-02-05,3,4,UNEXECUTED_TIMEOUT,open,59,59,0,-0.02651083876851916,-0.030105726675104028,0.0035948879065848677,6.101694915254237e-05,6.101694915254237e-05,0.0001016949152542373,8.135593220338983e-05,0.0003050847457627119,-0.026815923514281872,0.0032471625606442234,0.2033898305084746,1.0,0.6016949152542372,1.6650813100590645,0.015902401696574243
2024-01-22,2024-01-23,open,2024-01-24,2024-02-06,3,3,UNEXECUTED_TIMEOUT,open,59,59,0,0.024639412029373548,-0.007225336239010116,0.03186474826838366,6.101694915254237e-05,6.101694915254237e-05,0.0001016949152542373,8.135593220338983e-05,0.0003050847457627119,0.024334327283610836,0.0034805015536455604,0.2033898305084746,1.0,0.6016949152542372,1.705599943611865,0.01578750149730869
2024-01-23,2024-01-24,open,2024-01-25,2024-02-07,3,4,UNEXECUTED_TIMEOUT,open,59,59,0,0.01875034943357296,0.020971306168685366,-0.002220956735112408,3.559322033898305e-05,3.559322033898305e-05,5.9322033898305094e-05,4.745762711864408e-05,0.0001779661016949153,0.018572383331878044,0.010170522728987524,0.11864406779661019,1.0,0.5593220338983051,1.737276999575454,0.01611858602484733
2024-01-24,2024-01-25,open,2024-01-26,2024-02-08,3,3,UNEXECUTED_TIMEOUT,open,59,59,0,0.026286901536391055,0.02353635344416083,0.0027505480922302254,6.101694915254237e-05,6.101694915254237e-05,0.0001016949152542373,8.135593220338983e-05,0.0003050847457627119,0.025981816790628342,0.011194258713949847,0.2033898305084746,1.0,0.6016949152542372,1.7824146122929958,0.016497958762548247
2024-01-25,2024-01-26,open,2024-01-29,2024-02-19,3,3,UNEXECUTED_TIMEOUT,open,59,59,0,0.006065859969063315,0.02000362527193289,-0.013937765302869574,8.64406779661017e-05,8.64406779661017e-05,0.00014406779661016949,0.0001152542372881356,0.00043220338983050846,0.005633656579232807,0.011163027346632423,0.288135593220339,1.0,0.6440677966101696,1.7924561241004608,0.016827977747386064
2024-01-26,2024-01-29,open,2024-01-30,2024-02-20,2,3,UNEXECUTED_TIMEOUT,open,59,59,0,-0.011681365174686318,0.01792831671460715,-0.02960968188929347,6.101694915254237e-05,6.101694915254237e-05,0.0001016949152542373,8.135593220338983e-05,0.0003050847457627119,-0.011986449920449031,0.01621470713446939,0.2033898305084746,1.0,0.6016949152542372,1.7709709385343284,0.017129675062107563
2024-01-29,2024-01-30,open,2024-01-31,2024-02-21,3,4,UNEXECUTED_TIMEOUT,open,59,59,0,0.0019197169776838075,0.032420008173213555,-0.030500291195529747,8.64406779661017e-05,8.64406779661017e-05,0.00014406779661016949,0.0001152542372881356,0.00043220338983050846,0.001487513587853299,0.01770491240938362,0.288135593220339,1.0,0.6440677966101696,1.7736052818690917,0.01768501926762558
2024-01-30,2024-01-31,open,2024-02-01,2024-02-22,4,5,UNEXECUTED_TIMEOUT,open,59,59,0,0.023548076305674938,0.0677103786024198,-0.04416230229674486,6.610169491525422e-05,6.610169491525422e-05,0.00011016949152542371,8.813559322033898e-05,0.00033050847457627116,0.023217567831098667,0.037236889070934726,0.22033898305084743,1.0,0.6101694915254237,1.814784082806482,0.0188824786178276
2024-01-31,2024-02-01,open,2024-02-02,2024-02-23,3,4,EXECUTED_ON_TIME,open,59,59,0,0.05154658153591629,0.09027416921070652,-0.03872758767479023,6.101694915254237e-05,6.101694915254237e-05,0.0001016949152542373,8.135593220338983e-05,0.0003050847457627119,0.05124149679015358,0.04102889129599459,0.2033898305084746,1.0,0.6016949152542372,1.9077763355604322,0.020587078687690916
2024-02-01,2024-02-02,open,2024-02-05,2024-02-26,3,4,UNEXECUTED_TIMEOUT,open,59,59,0,0.01634273195410006,0.08250946543543791,-0.06616673348133785,3.559322033898305e-05,3.559322033898305e-05,5.9322033898305094e-05,4.745762711864408e-05,0.0001779661016949153,0.016164765852405144,0.040108430671257966,0.11864406779661019,1.0,0.5593220338983051,1.938615093323526,0.02228570754508959
2024-02-02,2024-02-05,open,2024-02-06,2024-02-27,3,3,EXECUTED_ON_TIME,open,59,59,0,0.03847219176706738,0.08716188670301017,-0.048689694935942794,5.593220338983049e-05,5.593220338983049e-05,9.322033898305082e-05,7.457627118644067e-05,0.0002796610169491525,0.03819253075011823,0.04719316924956894,0.18644067796610164,1.0,0.5932203389830508,2.012655709887928,0.024228171861231107
2024-02-05,2024-02-06,open,2024-02-07,2024-02-28,2,2,EXECUTED_ON_TIME,open,59,59,0,0.080577921752553,0.09876022290244091,-0.018182301149887906,8.135593220338983e-05,8.135593220338983e-05,0.00013559322033898308,0.00010847457627118647,0.0004067796610169492,0.08017114209153606,0.028302194873236715,0.27118644067796616,1.0,0.6355932203389831,2.1740126167866944,0.02662095151476494
2024-02-06,2024-02-07,open,2024-02-08,2024-02-29,2,3,EXECUTED_ON_TIME,open,59,59,0,0.04298826703758144,0.03737653630880344,0.0056117307287779986,7.11864406779661e-05,7.11864406779661e-05,0.00011864406779661019,9.491525423728816e-05,0.0003559322033898306,0.04263233483419161,0.019532682291679277,0.23728813559322037,1.0,0.6186440677966102,2.266695850599302,0.027615950475631448
2024-02-07,2024-02-08,open,2024-02-19,2024-03-01,3,4,UNEXECUTED_TIMEOUT,open,59,59,0,0.05768202771537496,0.04883146023831797,0.008850567477056988,7.627118644067796e-05,7.627118644067796e-05,0.0001271186440677966,0.00010169491525423729,0.00038135593220338984,0.05730067178317157,0.040366614143438215,0.2542372881355932,1.0,0.6271186440677966,2.39657904556677,0.028964477663225602
2024-02-08,2024-02-19,open,2024-02-20,2024-03-04,3,4,UNEXECUTED_TIMEOUT,open,59,59,0,0.03770154865943768,0.04278390376966579,-0.005082355110228108,6.610169491525422e-05,6.610169491525422e-05,0.00011016949152542371,8.813559322033898e-05,0.00033050847457627116,0.037371040184861405,0.03226747494000315,0.22033898305084743,1.0,0.6101694915254237,2.4861416973848427,0.03020369108830768
2024-02-19,2024-02-20,open,2024-02-21,2024-03-05,3,4,UNEXECUTED_TIMEOUT,open,59,59,0,0.02844174511007933,0.03822228610340739,-0.00978054099332806,7.11864406779661e-05,7.11864406779661e-05,0.00011864406779661019,9.491525423728816e-05,0.0003559322033898306,0.0280858129066895,0.029313633146415184,0.23728813559322037,1.0,0.6186440677966102,2.5559670079571126,0.03135814521046391
2024-02-20,2024-02-21,open,2024-02-22,2024-03-06,3,4,UNEXECUTED_TIMEOUT,open,59,59,0,0.03400563290509317,0.04901246533556014,-0.015006832430466972,5.593220338983049e-05,5.593220338983049e-05,9.322033898305082e-05,7.457627118644067e-05,0.0002796610169491525,0.03372597188814402,0.02195319249730382,0.18644067796610164,1.0,0.5932203389830508,2.642169479414498,0.03289508521557923
2024-02-21,2024-02-22,open,2024-02-23,2024-03-07,3,3,UNEXECUTED_TIMEOUT,open,59,59,0,0.023365910486749453,0.028330152981492995,-0.004964242494743542,8.135593220338983e-05,8.135593220338983e-05,0.00013559322033898308,0.00010847457627118647,0.0004067796610169492,0.022959130825732504,0.0037262034350559643,0.27118644067796616,1.0,0.6355932203389831,2.702831394156133,0.03382700801207584
2024-02-22,2024-02-23,open,2024-02-26,2024-03-08,3,4,EXECUTED_ON_TIME,open,59,59,0,0.016130074160532595,0.01094537708619936,0.005184697074333236,5.593220338983049e-05,5.593220338983049e-05,9.322033898305082e-05,7.457627118644067e-05,0.0002796610169491525,0.015850413143583444,0.022964696843417284,0.18644067796610164,1.0,0.5932203389830508,2.7456723884109553,0.034197257370465896
2024-02-23,2024-02-26,open,2024-02-27,2024-03-11,3,4,EXECUTED_ON_TIME,open,59,59,0,0.01223521731867753,0.01732872037441524,-0.0050935030557377105,5.593220338983049e-05,5.593220338983049e-05,9.322033898305082e-05,7.457627118644067e-05,0.0002796610169491525,0.011955556301728378,0.015790778347941632,0.18644067796610164,1.0,0.5932203389830508,2.7784984292367034,0.03478985208101061
2024-02-26,2024-02-27,open,2024-02-28,2024-03-12,3,3,EXECUTED_ON_TIME,open,59,59,0,0.0233543280943188,0.04433973672490987,-0.020985408630591073,4.5762711864406784e-05,4.5762711864406784e-05,7.627118644067799e-05,6.101694915254239e-05,0.00022881355932203397,0.023125514534996765,-0.02269057966927122,0.15254237288135597,1.0,0.576271186440678,2.842752635047482,0.036332424962981176
2024-02-27,2024-02-28,open,2024-02-29,2024-03-13,2,3,UNEXECUTED_TIMEOUT,open,59,59,0,-0.013829004980274092,0.027028486559045994,-0.040857491539320084,9.152542372881354e-05,9.152542372881354e-05,0.00015254237288135592,0.00012203389830508474,0.00045762711864406777,-0.014286632098918159,0.017031285309969404,0.30508474576271183,1.0,0.652542372881356,2.8021392740023288,0.03731443542275066
2024-02-28,2024-02-29,open,2024-03-01,2024-03-14,2,3,UNEXECUTED_TIMEOUT,open,59,59,0,0.027035180836427652,0.03894559989854263,-0.011910419062114975,5.593220338983049e-05,5.593220338983049e-05,9.322033898305082e-05,7.457627118644067e-05,0.0002796610169491525,0.0267555198194785,-0.00950971578263721,0.18644067796610164,1.0,0.5932203389830508,2.877111966884837,0.038767668495165115
2024-02-29,2024-03-01,open,2024-03-04,2024-03-15,2,3,EXECUTED_ON_TIME,open,59,59,0,0.009089182549519305,0.011336367326977959,-0.002247184777458654,8.64406779661017e-05,8.64406779661017e-05,0.00014406779661016949,0.0001152542372881356,0.00043220338983050846,0.008656979159688796,-0.006337555701313127,0.288135593220339,1.0,0.6440677966101696,2.9020190652222504,0.03920715302563682
2024-03-01,2024-03-04,open,2024-03-05,2024-03-18,3,4,EXECUTED_ON_TIME,open,59,59,0,-0.0024693103708278217,0.010934425664275604,-0.013403736035103427,0.000111864406779661,0.000111864406779661,0.0001864406779661017,0.00014915254237288136,0.0005593220338983051,-0.0030286324047261266,0.004349840852701174,0.3728813559322034,1.0,0.6864406779661016,2.893229916242185,0.03963586072590353
2024-03-04,2024-03-05,open,2024-03-06,2024-03-19,3,4,UNEXECUTED_TIMEOUT,open,59,59,0,0.006128726145297249,0.01939764491211826,-0.013268918766821012,7.627118644067796e-05,7.627118644067796e-05,0.0001271186440677966,0.00010169491525423729,0.00038135593220338984,0.005747370213093859,0.0036560283880222384,0.2542372881355932,1.0,0.6271186440677966,2.9098583796824276,0.040404703078050774
2024-03-05,2024-03-06,open,2024-03-07,2024-03-20,3,4,UNEXECUTED_TIMEOUT,open,59,59,0,0.002972418766065023,0.0034258091871519625,-0.0004533904210869393,3.559322033898305e-05,3.559322033898305e-05,5.9322033898305094e-05,4.745762711864408e-05,0.0001779661016949153,0.0027944526643701078,0.0029042235948136207,0.11864406779661019,1.0,0.5593220338983051,2.917989841184471,0.040543121881059706
2024-03-06,2024-03-07,open,2024-03-08,2024-03-21,3,3,EXECUTED_ON_TIME,open,59,59,0,-0.0030410187112038856,0.012674103696597161,-0.015715122407801048,4.0677966101694904e-05,4.0677966101694904e-05,6.779661016949151e-05,5.4237288135593214e-05,0.00020338983050847455,-0.00324440854171236,0.003312032937138816,0.13559322033898302,1.0,0.5677966101694916,2.908522690019102,0.041056969611964034
2024-03-07,2024-03-08,open,2024-03-11,2024-03-22,3,4,EXECUTED_ON_TIME,open,59,59,0,0.013253812461957521,0.011821050326231264,0.0014327621357262572,5.084745762711864e-05,5.084745762711864e-05,8.47457627118644e-05,6.779661016949152e-05,0.0002542372881355932,0.012999575173821928,0.0030123340816100123,0.1694915254237288,1.0,0.5847457627118644,2.9463322493727717,0.04154230611598961
2024-03-08,2024-03-11,open,2024-03-12,2024-03-25,3,4,EXECUTED_ON_TIME,open,59,59,0,0.009543905857414306,-0.0026026927110786024,0.012146598568492909,0.000111864406779661,0.000111864406779661,0.0001864406779661017,0.00014915254237288136,0.0005593220338983051,0.008984583823516001,-0.0052130322415297435,0.3728813559322034,1.0,0.6864406779661016,2.97280381843919,0.04143418425866013
2024-03-11,2024-03-12,open,2024-03-13,2024-03-26,4,4,EXECUTED_ON_TIME,open,59,59,0,-0.005391049108557474,-0.018343626298961024,0.01295257719040355,8.135593220338983e-05,8.135593220338983e-05,0.00013559322033898308,0.00010847457627118647,0.0004067796610169492,-0.005797828769574423,-0.004030381989665003,0.27118644067796616,1.0,0.6355932203389831,2.9555680109343423,0.04067413106661697
2024-03-12,2024-03-13,open,2024-03-14,2024-03-27,4,4,EXECUTED_ON_TIME,open,59,59,0,-0.006784172732694836,-0.015495402458420848,0.008711229725726011,7.11864406779661e-05,7.11864406779661e-05,0.00011864406779661019,9.491525423728816e-05,0.0003559322033898306,-0.007140104936084667,0.001904834667207104,0.23728813559322037,1.0,0.6186440677966102,2.9344649451905362,0.04004386903609318
2024-03-13,2024-03-14,open,2024-03-15,2024-03-28,4,5,EXECUTED_ON_TIME,open,59,59,0,0.002297422104730164,-0.020523888729149564,0.022821310833879727,8.135593220338983e-05,8.135593220338983e-05,0.00013559322033898308,0.00010847457627118647,0.0004067796610169492,0.001890642443713215,0.006685324772750459,0.27118644067796616,1.0,0.6355932203389831,2.9400129691655024,0.03922201312371176
2024-03-14,2024-03-15,open,2024-03-18,2024-03-29,4,5,EXECUTED_ON_TIME,open,59,59,0,0.015042375202889917,-0.010696201053923549,0.025738576256813465,8.135593220338983e-05,8.135593220338983e-05,0.00013559322033898308,0.00010847457627118647,0.0004067796610169492,0.014635595541872968,-0.0006269766691299264,0.27118644067796616,1.0,0.6355932203389831,2.9830418098700693,0.03880248658560091
2024-03-15,2024-03-18,open,2024-03-19,2024-04-01,4,5,EXECUTED_ON_TIME,open,59,59,0,0.014360137005194142,-0.007121498796775927,0.02148163580197007,7.11864406779661e-05,7.11864406779661e-05,0.00011864406779661019,9.491525423728816e-05,0.0003559322033898306,0.014004204801804311,0.004730521768236354,0.23728813559322037,1.0,0.6186440677966102,3.024816938307835,0.038526154724069644
2024-03-18,2024-03-19,open,2024-03-20,2024-04-02,4,4,UNEXECUTED_TIMEOUT,open,59,59,0,0.0031655415347050142,-3.311682167572716e-05,0.0031986583563807414,5.593220338983049e-05,5.593220338983049e-05,9.322033898305082e-05,7.457627118644067e-05,0.0002796610169491525,0.0028858805177558616,0.008508019461253137,0.18644067796610164,1.0,0.5932203389830508,3.0335461985798755,0.038524878860273795
2024-03-19,2024-03-20,open,2024-03-21,2024-04-03,3,4,UNEXECUTED_TIMEOUT,open,59,59,0,0.014003413637407617,0.0027931614619935985,0.011210252175414019,8.135593220338983e-05,8.135593220338983e-05,0.00013559322033898308,0.00010847457627118647,0.0004067796610169492,0.013596633976390668,0.006992348819160017,0.27118644067796616,1.0,0.6355932203389831,3.0747922158924372,0.03863248506723428
2024-03-20,2024-03-21,open,2024-03-22,2024-04-08,3,4,UNEXECUTED_TIMEOUT,open,59,59,0,0.005808407724078183,-0.010997559190330408,0.01680596691440859,5.593220338983049e-05,5.593220338983049e-05,9.322033898305082e-05,7.457627118644067e-05,0.0002796610169491525,0.00552874670712903,0.013532967863715429,0.18644067796610164,1.0,0.5932203389830508,3.0917919632311586,0.038207622026037814
2024-03-21,2024-03-22,open,2024-03-25,2024-04-09,3,4,UNEXECUTED_TIMEOUT,open,59,59,0,0.0008385098067099695,-0.010609379173930567,0.011447888980640536,7.11864406779661e-05,7.11864406779661e-05,0.00011864406779661019,9.491525423728816e-05,0.0003559322033898306,0.00048257760332013895,0.009108434102051489,0.23728813559322037,1.0,0.6186440677966102,3.093283992786739,0.037802262876629356
2024-03-22,2024-03-25,open,2024-03-26,2024-04-10,4,4,EXECUTED_ON_TIME,open,59,59,0,-0.002259347415517614,-0.0021901686141430066,-6.917880137460733e-05,8.64406779661017e-05,8.64406779661017e-05,0.00014406779661016949,0.0001152542372881356,0.00043220338983050846,-0.0026915508053481224,0.00791118820502791,0.288135593220339,1.0,0.6440677966101696,3.0849582617647835,0.03771946954693338
2024-03-25,2024-03-26,open,2024-03-27,2024-04-11,3,4,EXECUTED_ON_TIME,open,59,59,0,0.004947221704989553,-0.011810818213833785,0.01675803991882334,7.627118644067796e-05,7.627118644067796e-05,0.0001271186440677966,0.00010169491525423729,0.00038135593220338984,0.004565865772786163,0.006529657623870385,0.2542372881355932,1.0,0.6271186440677966,3.099043767102649,0.03727397174899231
2024-03-26,2024-03-27,open,2024-03-28,2024-04-12,3,4,EXECUTED_ON_TIME,open,59,59,0,-0.006793419501019964,-0.009318047974354648,0.002524628473334684,9.152542372881354e-05,9.152542372881354e-05,0.00015254237288135592,0.00012203389830508474,0.00045762711864406777,-0.0072510466196640325,0.009476847585811007,0.30508474576271183,1.0,0.652542372881356,3.0765724562710086,0.036926651092040456
2024-03-27,2024-03-28,open,2024-03-29,2024-04-15,3,4,EXECUTED_ON_TIME,open,59,59,0,0.014742043137394958,-0.007139382166322372,0.021881425303717332,6.610169491525422e-05,6.610169491525422e-05,0.00011016949152542371,8.813559322033898e-05,0.00033050847457627116,0.014411534662818687,0.0016442404507229676,0.22033898305084743,1.0,0.6101694915254237,3.1209105868672316,0.03666301761777194
2024-03-28,2024-03-29,open,2024-04-01,2024-04-16,3,4,EXECUTED_ON_TIME,open,59,59,0,0.016280168007130127,0.004686252002128022,0.011593916005002106,5.593220338983049e-05,5.593220338983049e-05,9.322033898305082e-05,7.457627118644067e-05,0.0002796610169491525,0.016000506990180977,0.005423971239418851,0.18644067796610164,1.0,0.5932203389830508,3.1708467385281303,0.036834829757487274
2024-03-29,2024-04-01,open,2024-04-02,2024-04-17,3,3,EXECUTED_ON_TIME,open,59,59,0,0.016518061460841234,-0.01195242007646169,0.028470481537302923,7.627118644067796e-05,7.627118644067796e-05,0.0001271186440677966,0.00010169491525423729,0.00038135593220338984,0.016136705528637843,0.009296586942310487,0.2542372881355932,1.0,0.6271186440677966,3.2220137586242004,0.03639456439878083
2024-04-01,2024-04-02,open,2024-04-03,2024-04-18,3,4,EXECUTED_ON_TIME,open,59,59,0,0.006253950303383535,-0.011873747815678404,0.01812769811906194,9.661016949152543e-05,9.661016949152543e-05,0.0001610169491525424,0.00012881355932203392,0.00048305084745762714,0.005770899455925908,0.015171665844804358,0.3220338983050848,1.0,0.6610169491525424,3.240607676070831,0.03596242451924824
2024-04-02,2024-04-03,open,2024-04-08,2024-04-19,3,4,EXECUTED_ON_TIME,open,59,59,0,0.0037969476275025627,-0.007845062598430097,0.01164201022593266,5.593220338983049e-05,5.593220338983049e-05,9.322033898305082e-05,7.457627118644067e-05,0.0002796610169491525,0.00351728661055341,0.011008414486493905,0.18644067796610164,1.0,0.5932203389830508,3.252005822059932,0.035680297047703424
2024-04-03,2024-04-08,open,2024-04-09,2024-04-22,4,4,EXECUTED_ON_TIME,open,59,59,0,0.01127392453526041,-0.004888344207420348,0.016162268742680758,5.084745762711864e-05,5.084745762711864e-05,8.47457627118644e-05,6.779661016949152e-05,0.0002542372881355932,0.011019687247124817,0.015731460478259466,0.1694915254237288,1.0,0.5847457627118644,3.287841909144862,0.03550587947431125
2024-04-08,2024-04-09,open,2024-04-10,2024-04-23,4,4,EXECUTED_ON_TIME,open,59,59,0,0.011912029708313445,-0.002184024667563844,0.01409605437587729,9.661016949152543e-05,9.661016949152543e-05,0.0001610169491525424,0.00012881355932203392,0.00048305084745762714,0.011428978860855818,0.014243260833304825,0.3220338983050848,1.0,0.6610169491525424,3.3254185848223146,0.0354283337576958
2024-04-09,2024-04-10,open,2024-04-11,2024-04-24,4,5,EXECUTED_ON_TIME,open,59,59,0,0.0041576604660839445,-0.0042383495684856776,0.008396010034569622,7.627118644067796e-05,7.627118644067796e-05,0.0001271186440677966,0.00010169491525423729,0.00038135593220338984,0.0037763045338805546,0.0187508909152426,0.2542372881355932,1.0,0.6271186440677966,3.3379763781012297,0.0352781760946017
2024-04-10,2024-04-11,open,2024-04-12,2024-04-25,3,4,UNEXECUTED_TIMEOUT,open,59,59,0,0.01535424887227726,0.0073488628071674,0.00800538606510986,9.661016949152543e-05,9.661016949152543e-05,0.0001610169491525424,0.00012881355932203392,0.00048305084745762714,0.014871198024819633,0.011028024297519985,0.3220338983050848,1.0,0.6610169491525424,3.3876160858221436,0.03553743057080802
2024-04-11,2024-04-12,open,2024-04-15,2024-04-26,4,4,UNEXECUTED_TIMEOUT,open,59,59,0,0.005445352499086876,0.00747771518220075,-0.0020323626831138747,7.11864406779661e-05,7.11864406779661e-05,0.00011864406779661019,9.491525423728816e-05,0.0003559322033898306,0.005089420295697045,0.005730752217836916,0.23728813559322037,1.0,0.6186440677966102,3.4048570878833564,0.03580316935492376
2024-04-12,2024-04-15,open,2024-04-16,2024-04-29,4,4,EXECUTED_ON_TIME,open,59,59,0,0.017516495717623985,0.03196713406199203,-0.014450638344368046,9.661016949152543e-05,9.661016949152543e-05,0.0001610169491525424,0.00012881355932203392,0.00048305084745762714,0.017033444870166357,0.005335618338264155,0.3220338983050848,1.0,0.6610169491525424,3.4628535333806125,0.03694769406953681
2024-04-15,2024-04-16,open,2024-04-17,2024-04-30,4,4,UNEXECUTED_TIMEOUT,open,59,59,0,-0.005312669345986868,0.024309694670574533,-0.029622364016561403,8.135593220338983e-05,8.135593220338983e-05,0.00013559322033898308,0.00010847457627118647,0.0004067796610169492,-0.005719449007003817,0.00579827036787306,0.27118644067796616,1.0,0.6355932203389831,3.4430479191777192,0.03784588123114905
2024-04-16,2024-04-17,open,2024-04-18,2024-05-06,3,4,UNEXECUTED_TIMEOUT,open,59,59,0,0.02796136597830978,0.04129710709087031,-0.013335741112560532,6.610169491525422e-05,6.610169491525422e-05,0.00011016949152542371,8.813559322033898e-05,0.00033050847457627116,0.027630857503733508,0.010600596374400622,0.22033898305084743,1.0,0.6101694915254237,3.5381822856110454,0.03940880664130017
2024-04-17,2024-04-18,open,2024-04-19,2024-05-07,4,4,UNEXECUTED_TIMEOUT,open,59,59,0,0.002000198037379181,0.02997981161260377,-0.027979613575224587,5.593220338983049e-05,5.593220338983049e-05,9.322033898305082e-05,7.457627118644067e-05,0.0002796610169491525,0.0017205370204300284,0.0020995518790084752,0.18644067796610164,1.0,0.5932203389830508,3.544269859218469,0.04059027524028388
2024-04-18,2024-04-19,open,2024-04-22,2024-05-08,3,4,UNEXECUTED_TIMEOUT,open,59,59,0,0.0006576036648449738,0.028203330752555544,-0.02754572708771057,7.11864406779661e-05,7.11864406779661e-05,0.00011864406779661019,9.491525423728816e-05,0.0003559322033898306,0.0003016714614551432,0.013166344108812763,0.23728813559322037,1.0,0.6186440677966102,3.5453390642866913,0.04173505619822287
2024-04-19,2024-04-22,open,2024-04-23,2024-05-09,3,4,UNEXECUTED_TIMEOUT,open,59,59,0,0.010795569293741671,0.026647369028308443,-0.015851799734566772,0.00010169491525423727,0.00010169491525423727,0.0001694915254237288,0.00013559322033898305,0.0005084745762711864,0.010287094717470484,0.0024557649149568803,0.3389830508474576,1.0,0.6694915254237288,3.5818103030465567,0.042847185642154104
2024-04-22,2024-04-23,open,2024-04-24,2024-05-10,2,3,UNEXECUTED_TIMEOUT,open,59,59,0,0.006197453393366661,0.04067853240861008,-0.034481079015243415,7.11864406779661e-05,7.11864406779661e-05,0.00011864406779661019,9.491525423728816e-05,0.0003559322033898306,0.00584152118997683,0.01212370772469274,0.23728813559322037,1.0,0.6186440677966102,3.6027335238302807,0.0445901462719162
2024-04-23,2024-04-24,open,2024-04-25,2024-05-13,3,4,UNEXECUTED_TIMEOUT,open,59,59,0,0.009067426063317629,0.03766009838899209,-0.028592672325674463,7.627118644067796e-05,7.627118644067796e-05,0.0001271186440677966,0.00010169491525423729,0.00038135593220338984,0.00868607013111424,0.005457169258254308,0.2542372881355932,1.0,0.6271186440677966,3.6340271198819867,0.046269415567696114
2024-04-24,2024-04-25,open,2024-04-26,2024-05-14,2,3,UNEXECUTED_TIMEOUT,open,59,59,0,0.002132188364161158,0.044887826721053736,-0.04275563835689258,5.084745762711864e-05,5.084745762711864e-05,8.47457627118644e-05,6.779661016949152e-05,0.0002542372881355932,0.0018779510760255648,-0.006759177980083093,0.1694915254237288,1.0,0.5847457627118644,3.6408516450220754,0.048346349076183286
2024-04-25,2024-04-26,open,2024-04-29,2024-05-15,3,4,EXECUTED_ON_TIME,open,59,59,0,0.017696715988573624,0.033717491537996525,-0.0160207755494229,7.11864406779661e-05,7.11864406779661e-05,0.00011864406779661019,9.491525423728816e-05,0.0003559322033898306,0.017340783785183795,-0.008060552972490566,0.23728813559322037,1.0,0.6186440677966102,3.703986866192334,0.049976466692052524
2024-04-26,2024-04-29,open,2024-04-30,2024-05-16,3,4,EXECUTED_ON_TIME,open,59,59,0,0.022062645570990212,0.014522911288830986,0.007539734282159226,8.135593220338983e-05,8.135593220338983e-05,0.00013559322033898308,0.00010847457627118647,0.0004067796610169492,0.021655865909973263,0.012857607582203823,0.27118644067796616,1.0,0.6355932203389831,3.784199909098897,0.05070227048435042
2024-04-29,2024-04-30,open,2024-05-06,2024-05-17,4,4,EXECUTED_ON_TIME,open,59,59,0,0.008968479664851885,0.005333135871182559,0.0036353437936693257,9.152542372881354e-05,9.152542372881354e-05,0.00015254237288135592,0.00012203389830508474,0.00045762711864406777,0.008510852546207818,0.0008567995921728109,0.30508474576271183,1.0,0.652542372881356,3.8164066765306113,0.050972672581820914
2024-04-30,2024-05-06,open,2024-05-07,2024-05-20,3,4,EXECUTED_ON_TIME,open,59,59,0,0.003739547398239024,0.007666290189321412,-0.0039267427910823875,6.610169491525422e-05,6.610169491525422e-05,0.00011016949152542371,8.813559322033898e-05,0.00033050847457627116,0.0034090389236627527,0.0006331854997045643,0.22033898305084743,1.0,0.6101694915254237,3.8294169554394304,0.05136344388155842
2024-05-06,2024-05-07,open,2024-05-08,2024-05-21,4,5,EXECUTED_ON_TIME,open,59,59,0,0.0033534871561505994,0.0069144088284360805,-0.003560921672285481,5.084745762711864e-05,5.084745762711864e-05,8.47457627118644e-05,6.779661016949152e-05,0.0002542372881355932,0.0030992498680150063,0.006186300577077423,0.1694915254237288,1.0,0.5847457627118644,3.84128527543315,0.05171859173139195
2024-05-07,2024-05-08,open,2024-05-09,2024-05-22,4,5,EXECUTED_ON_TIME,open,59,59,0,0.003217012212805888,0.006820246152295262,-0.003603233939489374,4.5762711864406784e-05,4.5762711864406784e-05,7.627118644067799e-05,6.101694915254239e-05,0.00022881355932203397,0.002988198653483854,0.009658235904806854,0.15254237288135597,1.0,0.576271186440678,3.8527637989208467,0.052071325257650104
2024-05-08,2024-05-09,open,2024-05-10,2024-05-23,4,5,UNEXECUTED_TIMEOUT,open,59,59,0,0.0190354146034693,0.011686270491464645,0.007349144112004654,6.101694915254237e-05,6.101694915254237e-05,0.0001016949152542373,8.135593220338983e-05,0.0003050847457627119,0.018730329857706587,0.008510723433738128,0.2033898305084746,1.0,0.6016949152542372,3.924927335738465,0.05267984484946004
2024-05-09,2024-05-10,open,2024-05-13,2024-05-24,4,5,EXECUTED_ON_TIME,open,59,59,0,-0.005126362031390423,-0.010427662249491432,0.005301300218101009,7.11864406779661e-05,7.11864406779661e-05,0.00011864406779661019,9.491525423728816e-05,0.0003559322033898306,-0.005482294234780254,0.0064463290931805585,0.23728813559322037,1.0,0.6186440677966102,3.903409729233814,0.05213051722001426
2024-05-10,2024-05-13,open,2024-05-14,2024-05-27,4,4,EXECUTED_ON_TIME,open,59,59,0,0.016200099006084386,-0.010888699902285914,0.0270887989083703,6.610169491525422e-05,6.610169491525422e-05,0.00011016949152542371,8.813559322033898e-05,0.00033050847457627116,0.015869590531508115,0.00704434053526736,0.22033898305084743,1.0,0.6101694915254237,3.9653552433134593,0.051562883662254574
2024-05-13,2024-05-14,open,2024-05-15,2024-05-28,3,4,EXECUTED_ON_TIME,open,59,59,0,0.0038765422430632455,-0.00953349371971457,0.013410035962777815,8.135593220338983e-05,8.135593220338983e-05,0.00013559322033898308,0.00010847457627118647,0.0004067796610169492,0.003469762582046296,0.005020089832460164,0.27118644067796616,1.0,0.6355932203389831,3.9791140845612296,0.051071309234690096
2024-05-14,2024-05-15,open,2024-05-16,2024-05-29,3,4,EXECUTED_ON_TIME,open,59,59,0,-0.000489505231955981,-0.011498871284839951,0.01100936605288397,0.00010169491525423727,0.00010169491525423727,0.0001694915254237288,0.00013559322033898305,0.0005084745762711864,-0.0009979798082271675,0.0007658206329566898,0.3389830508474576,1.0,0.6694915254237288,3.975143009050205,0.05048404682345214
2024-05-15,2024-05-16,open,2024-05-17,2024-05-30,3,4,EXECUTED_ON_TIME,open,59,58,1,-0.005601833702779684,-0.008125444611602917,0.0025236109088232327,8.793103448275862e-05,8.793103448275862e-05,0.00014655172413793104,0.00011724137931034485,0.00043965517241379315,-0.006041488875193477,-0.001456434895216849,0.2931034482758621,1.0,0.646551724137931,3.951127226783725,0.05007384149721861
2024-05-16,2024-05-17,open,2024-05-20,2024-05-31,3,4,EXECUTED_ON_TIME,open,59,59,0,0.005737463633370642,-0.010647341077970052,0.016384804711340694,0.00011694915254237287,0.00011694915254237287,0.0001949152542372881,0.0001559322033898305,0.0005847457627118644,0.005152717870658778,-0.008172179190284278,0.38983050847457623,1.0,0.6949152542372881,3.97148627065442,0.04954068822771351
2024-05-17,2024-05-20,open,2024-05-21,2024-06-03,3,4,EXECUTED_ON_TIME,open,59,59,0,0.00810222854194922,-0.02843026543279281,0.03653249397474203,8.64406779661017e-05,8.64406779661017e-05,0.00014406779661016949,0.0001152542372881356,0.00043220338983050846,0.007670025152118711,0.001714384592366571,0.288135593220339,1.0,0.6440677966101696,4.001947670241633,0.048132233311676376
2024-05-20,2024-05-21,open,2024-05-22,2024-06-04,3,4,EXECUTED_ON_TIME,open,59,59,0,0.0011074166967507799,-0.02674343417555447,0.02785085087230525,9.661016949152543e-05,9.661016949152543e-05,0.0001610169491525424,0.00012881355932203392,0.00048305084745762714,0.0006243658492931527,0.0028292118618141763,0.3220338983050848,1.0,0.6610169491525424,4.004446349697591,0.046845012098383126
2024-05-21,2024-05-22,open,2024-05-23,2024-06-05,3,4,EXECUTED_ON_TIME,open,59,59,0,-0.0026018590056386902,-0.017762042981820603,0.015160183976181912,5.593220338983049e-05,5.593220338983049e-05,9.322033898305082e-05,7.457627118644067e-05,0.0002796610169491525,-0.002881520022587843,-0.0040515695537008106,0.18644067796610164,1.0,0.5932203389830508,3.9929074573615586,0.04601294898000774
2024-05-22,2024-05-23,open,2024-05-24,2024-06-06,3,4,EXECUTED_ON_TIME,open,59,59,0,-0.00441836959922154,-0.019245325143485648,0.014826955544264109,7.627118644067796e-05,7.627118644067796e-05,0.0001271186440677966,0.00010169491525423729,0.00038135593220338984,-0.00479972553142493,0.008711630476994268,0.2542372881355932,1.0,0.6271186440677966,3.9737425974938434,0.04512741481607688
2024-05-23,2024-05-24,open,2024-05-27,2024-06-07,3,4,EXECUTED_ON_TIME,open,59,59,0,-0.0015410065101038699,-0.009968252411916123,0.008427245901812253,6.610169491525422e-05,6.610169491525422e-05,0.00011016949152542371,8.813559322033898e-05,0.00033050847457627116,-0.0018715149846801411,0.004393790657628254,0.22033898305084743,1.0,0.6101694915254237,3.966305678677372,0.04467757335449298
2024-05-24,2024-05-27,open,2024-05-28,2024-06-11,3,4,EXECUTED_ON_TIME,open,59,59,0,0.009893113591948005,-0.014092321257013096,0.023985434848961103,7.627118644067796e-05,7.627118644067796e-05,0.0001271186440677966,0.00010169491525423729,0.00038135593220338984,0.009511757659744616,-0.0029392653665862994,0.2542372881355932,1.0,0.6271186440677966,4.00403221709742,0.0440479626377977
2024-05-27,2024-05-28,open,2024-05-29,2024-06-12,3,4,EXECUTED_ON_TIME,open,59,59,0,0.003923282723654387,-0.025915886970743096,0.029839169694397483,7.627118644067796e-05,7.627118644067796e-05,0.0001271186440677966,0.00010169491525423729,0.00038135593220338984,0.0035419267914509967,0.012779277979133103,0.2542372881355932,1.0,0.6271186440677966,4.01821420608099,0.04290642061678502
2024-05-28,2024-05-29,open,2024-05-30,2024-06-13,3,3,EXECUTED_ON_TIME,open,59,59,0,0.007989816161477332,-0.016861679917075656,0.024851496078552988,8.135593220338983e-05,8.135593220338983e-05,0.00013559322033898308,0.00010847457627118647,0.0004067796610169492,0.007583036500460383,0.006638284363994183,0.27118644067796616,1.0,0.6355932203389831,4.04868447107237,0.042182946285957375
2024-05-29,2024-05-30,open,2024-05-31,2024-06-14,3,4,EXECUTED_ON_TIME,open,59,59,0,0.0056332156492534665,-0.025575456078814507,0.031208671728067974,0.000111864406779661,0.000111864406779661,0.0001864406779661017,0.00014915254237288136,0.0005593220338983051,0.005073893615355161,0.0022529825794660213,0.3728813559322034,1.0,0.6864406779661016,4.069227065360732,0.04110409819594588
2024-05-30,2024-05-31,open,2024-06-03,2024-06-17,3,4,EXECUTED_ON_TIME,open,59,59,0,0.0054346153127979874,-0.021774144262768802,0.027208759575566788,8.135593220338983e-05,8.135593220338983e-05,0.00013559322033898308,0.00010847457627118647,0.0004067796610169492,0.0050278356517810385,0.009935771063202538,0.27118644067796616,1.0,0.6355932203389831,4.0896864702751445,0.04020909163203634
2024-05-31,2024-06-03,open,2024-06-04,2024-06-18,3,4,EXECUTED_ON_TIME,open,59,59,0,0.007247732145237088,-0.012269314414459775,0.01951704655969686,9.661016949152543e-05,9.661016949152543e-05,0.0001610169491525424,0.00012881355932203392,0.00048305084745762714,0.006764681297779461,0.007826540547448744,0.3220338983050848,1.0,0.6610169491525424,4.117351895854397,0.039715753644483064
2024-06-03,2024-06-04,open,2024-06-05,2024-06-19,2,3,EXECUTED_ON_TIME,open,59,59,0,0.005658877625803065,-0.011286870676737837,0.016945748302540902,0.00013728813559322033,0.00013728813559322033,0.0002288135593220339,0.00018305084745762714,0.0006864406779661017,0.004972436947836964,0.0005138656874111884,0.4576271186440678,1.0,0.728813559322034,4.1378251685485905,0.0392674870692686
2024-06-04,2024-06-05,open,2024-06-06,2024-06-20,3,3,EXECUTED_ON_TIME,open,59,59,0,0.0007729378269870691,-0.023596261868622626,0.024369199695609696,6.610169491525422e-05,6.610169491525422e-05,0.00011016949152542371,8.813559322033898e-05,0.00033050847457627116,0.00044242935241079796,-0.0004114361498297136,0.22033898305084743,1.0,0.6101694915254237,4.139655863858301,0.03834092116145939
2024-06-05,2024-06-06,open,2024-06-07,2024-06-21,3,3,EXECUTED_ON_TIME,open,59,59,0,0.0020230874226442037,-0.029374638237388506,0.03139772566003271,8.135593220338983e-05,8.135593220338983e-05,0.00013559322033898308,0.00010847457627118647,0.0004067796610169492,0.0016163077616272545,0.005178871533889539,0.27118644067796616,1.0,0.6355932203389831,4.146346821761521,0.03721467047265328
2024-06-06,2024-06-07,open,2024-06-11,2024-06-24,2,3,EXECUTED_ON_TIME,open,59,59,0,-0.007916597630196056,-0.03365989416446846,0.025743296534272406,8.135593220338983e-05,8.135593220338983e-05,0.00013559322033898308,0.00010847457627118647,0.0004067796610169492,-0.008323377291213005,-0.001868274116159913,0.27118644067796616,1.0,0.6355932203389831,4.111835212783778,0.0359620286031782
2024-06-07,2024-06-11,open,2024-06-12,2024-06-25,2,3,EXECUTED_ON_TIME,open,59,59,0,0.00029638201278199197,-0.022682256886528807,0.0229786388993108,6.101694915254237e-05,6.101694915254237e-05,0.0001016949152542373,8.135593220338983e-05,0.0003050847457627119,-8.702732980719928e-06,-0.000637392699373021,0.2033898305084746,1.0,0.6016949152542372,4.111799428579861,0.035146328632240216
2024-06-11,2024-06-12,open,2024-06-13,2024-06-26,2,3,EXECUTED_ON_TIME,open,59,59,0,-2.458822986401912e-05,-0.0247396580199174,0.02471506979005338,8.64406779661017e-05,8.64406779661017e-05,0.00014406779661016949,0.0001152542372881356,0.00043220338983050846,-0.0004567916196945276,-0.005736291108441637,0.288135593220339,1.0,0.6440677966101696,4.109921193059021,0.034276820481222964
2024-06-12,2024-06-13,open,2024-06-14,2024-06-27,2,3,EXECUTED_ON_TIME,open,59,59,0,-0.006178190504971383,-0.022807799750635183,0.0166296092456638,5.084745762711864e-05,5.084745762711864e-05,8.47457627118644e-05,6.779661016949152e-05,0.0002542372881355932,-0.006432427793106977,-0.003716015610882262,0.1694915254237288,1.0,0.5847457627118644,4.083484421749309,0.03349504162359876
2024-06-13,2024-06-14,open,2024-06-17,2024-06-28,2,3,EXECUTED_ON_TIME,open,59,59,0,0.0012500154419679036,-0.0202361443040856,0.021486159746053505,8.64406779661017e-05,8.64406779661017e-05,0.00014406779661016949,0.0001152542372881356,0.00043220338983050846,0.0008178120521373951,-0.0004696768549654858,0.288135593220339,1.0,0.6440677966101696,4.086823944524131,0.03281723112783226
2024-06-14,2024-06-17,open,2024-06-18,2024-07-01,2,3,EXECUTED_ON_TIME,open,59,59,0,0.006924512788421713,-0.017939551382006758,0.02486406417042847,0.00012711864406779658,0.00012711864406779658,0.000211864406779661,0.00016949152542372882,0.000635593220338983,0.006288919568082731,0.00043418209409379956,0.423728813559322,1.0,0.711864406779661,4.112525651600158,0.032228504723799324
2024-06-17,2024-06-18,open,2024-06-19,2024-07-02,2,3,EXECUTED_ON_TIME,open,59,59,0,0.010110922991144704,-0.01727330048948794,0.027384223480632644,0.00010677966101694916,0.00010677966101694916,0.0001779661016949153,0.00014237288135593223,0.0005338983050847459,0.009577024686059959,0.002562587598499872,0.35593220338983056,1.0,0.6779661016949152,4.151911411287587,0.03167181207737826
2024-06-18,2024-06-19,open,2024-06-20,2024-07-03,2,3,EXECUTED_ON_TIME,open,59,59,0,-0.008259778647346833,-0.020264381829675826,0.012004603182328993,6.610169491525422e-05,6.610169491525422e-05,0.00011016949152542371,8.813559322033898e-05,0.00033050847457627116,-0.008590287121923104,0.00010424607862076322,0.22033898305084743,1.0,0.6101694915254237,4.116245300159838,0.031030002384204527
2024-06-19,2024-06-20,open,2024-06-21,2024-07-04,3,3,EXECUTED_ON_TIME,open,59,59,0,-0.01012596915136252,-0.016133410908810375,0.006007441757447855,7.11864406779661e-05,7.11864406779661e-05,0.00011864406779661019,9.491525423728816e-05,0.0003559322033898306,-0.01048190135475235,0.0030854513542689106,0.23728813559322037,1.0,0.6186440677966102,4.073099222971599,0.03052938260523879
2024-06-20,2024-06-21,open,2024-06-24,2024-07-05,2,3,EXECUTED_ON_TIME,open,59,59,0,-0.003153936270250646,-0.015154119604398053,0.012000183334147407,8.135593220338983e-05,8.135593220338983e-05,0.00013559322033898308,0.00010847457627118647,0.0004067796610169492,-0.003560715931267595,0.0013744727180587538,0.27118644067796616,1.0,0.6355932203389831,4.05859607367873,0.030066736689790572
2024-06-21,2024-06-24,open,2024-06-25,2024-07-08,3,3,EXECUTED_ON_TIME,open,59,59,0,-0.011355903518015296,-0.015210561604127593,0.0038546580861122965,6.101694915254237e-05,6.101694915254237e-05,0.0001016949152542373,8.135593220338983e-05,0.0003050847457627119,-0.011660988263778009,-0.004612962140148617,0.2033898305084746,1.0,0.6016949152542372,4.011268832496147,0.02960940473913543
2024-06-24,2024-06-25,open,2024-06-26,2024-07-09,2,3,EXECUTED_ON_TIME,open,59,59,0,-0.010070535478417046,-0.02254885739238277,0.012478321913965725,7.627118644067796e-05,7.627118644067796e-05,0.0001271186440677966,0.00010169491525423729,0.00038135593220338984,-0.010451891410620435,0.00028840893891689603,0.2542372881355932,1.0,0.6271186440677966,3.969343486240091,0.02894174649419932
2024-06-25,2024-06-26,open,2024-06-27,2024-07-10,3,3,EXECUTED_ON_TIME,open,59,59,0,0.006269076781872206,-0.007433495608770491,0.013702572390642697,6.610169491525422e-05,6.610169491525422e-05,0.00011016949152542371,8.813559322033898e-05,0.00033050847457627116,0.005938568307295935,-0.002263594886442505,0.22033898305084743,1.0,0.6101694915254237,3.992915703668248,0.02872660814872454
2024-06-26,2024-06-27,open,2024-06-28,2024-07-11,3,4,UNEXECUTED_TIMEOUT,open,59,59,0,0.00611469961170413,-0.00468521660582677,0.0107999162175309,9.152542372881354e-05,9.152542372881354e-05,0.00015254237288135592,0.00012203389830508474,0.00045762711864406777,0.005657072493060062,0.013646997103551972,0.30508474576271183,1.0,0.652542372881356,4.015503917262577,0.028592017767197057
2024-06-27,2024-06-28,open,2024-07-01,2024-07-12,3,4,EXECUTED_ON_TIME,open,59,59,0,0.011133954651554706,0.004728089824995063,0.006405864826559643,7.627118644067796e-05,7.627118644067796e-05,0.0001271186440677966,0.00010169491525423729,0.00038135593220338984,0.010752598719351317,0.005861010000941257,0.2542372881355932,1.0,0.6271186440677966,4.0586810195408844,0.02872720339547822
2024-06-28,2024-07-01,open,2024-07-02,2024-07-15,2,3,EXECUTED_ON_TIME,open,59,59,0,0.009480817368373695,0.001256989055780533,0.008223828312593162,0.00010169491525423727,0.00010169491525423727,0.0001694915254237288,0.00013559322033898305,0.0005084745762711864,0.008972342792102508,0.0028991940338512863,0.3389830508474576,1.0,0.6694915254237288,4.095096896932005,0.028763313175749518
2024-07-01,2024-07-02,open,2024-07-03,2024-07-16,2,3,UNEXECUTED_TIMEOUT,open,59,59,0,-0.007872153919639708,-0.0016129807948445096,-0.006259173124795198,0.00010677966101694916,0.00010677966101694916,0.0001779661016949153,0.00014237288135593223,0.0005338983050847459,-0.008406052224724453,0.0012800778134324613,0.35593220338983056,1.0,0.6779661016949152,4.060673298551087,0.028716918504000936
2024-07-02,2024-07-03,open,2024-07-04,2024-07-17,1,2,EXECUTED_ON_TIME,open,59,59,0,0.00012081267043209147,0.0065253160254363785,-0.006404503355004287,9.661016949152543e-05,9.661016949152543e-05,0.0001610169491525424,0.00012881355932203392,0.00048305084745762714,-0.0003622381770255357,0.0026226843745769486,0.3220338983050848,1.0,0.6610169491525424,4.059202367657924,0.028904305472516243
2024-07-03,2024-07-04,open,2024-07-05,2024-07-18,2,3,EXECUTED_ON_TIME,open,59,59,0,-0.0017896081164477903,0.004325467030495744,-0.006115075146943535,6.101694915254237e-05,6.101694915254237e-05,0.0001016949152542373,8.135593220338983e-05,0.0003050847457627119,-0.002094692862210502,0.008004278299221573,0.2033898305084746,1.0,0.6016949152542372,4.050699585432122,0.02902933009287699
2024-07-04,2024-07-05,open,2024-07-08,2024-07-19,2,3,EXECUTED_ON_TIME,open,59,59,0,0.008829326692600878,0.016683128305819972,-0.007853801613219094,7.627118644067796e-05,7.627118644067796e-05,0.0001271186440677966,0.00010169491525423729,0.00038135593220338984,0.008447970760397489,0.006036091813963541,0.2542372881355932,1.0,0.6271186440677966,4.084919777089007,0.02951363013144846
2024-07-05,2024-07-08,open,2024-07-09,2024-07-22,1,2,EXECUTED_ON_TIME,open,59,59,0,-0.002383363226557116,0.03437730848575615,-0.036760671712313266,7.11864406779661e-05,7.11864406779661e-05,0.00011864406779661019,9.491525423728816e-05,0.0003559322033898306,-0.002739295429946946,0.00521085859446504,0.23728813559322037,1.0,0.6186440677966102,4.0737299750119265,0.03052822929901177
2024-07-08,2024-07-09,open,2024-07-10,2024-07-23,1,2,EXECUTED_ON_TIME,open,59,59,0,0.010076834796149065,0.03326214877278755,-0.023185313976638484,8.64406779661017e-05,8.64406779661017e-05,0.00014406779661016949,0.0001152542372881356,0.00043220338983050846,0.009644631406318556,-0.010726022233915737,0.288135593220339,1.0,0.6440677966101696,4.113019599069788,0.03154366380372527
2024-07-09,2024-07-10,open,2024-07-11,2024-07-24,1,2,EXECUTED_ON_TIME,open,59,59,0,0.010419979158821039,0.0018868133811964505,0.008533165777624589,7.627118644067796e-05,7.627118644067796e-05,0.0001271186440677966,0.00010169491525423729,0.00038135593220338984,0.01003862322661765,1.4182490108954893e-05,0.2542372881355932,1.0,0.6271186440677966,4.154308653148544,0.031603180810682106
2024-07-10,2024-07-11,open,2024-07-12,2024-07-25,1,2,EXECUTED_ON_TIME,open,59,59,0,0.002784868855387405,-0.013454769049597748,0.016239637904985154,9.152542372881354e-05,9.152542372881354e-05,0.00015254237288135592,0.00012203389830508474,0.00045762711864406777,0.002327241736743337,0.0010166671297556179,0.30508474576271183,1.0,0.652542372881356,4.163976733633464,0.0311779673116417
2024-07-11,2024-07-12,open,2024-07-15,2024-07-26,1,1,EXECUTED_ON_TIME,open,59,59,0,-0.004588449050412375,-0.016256854133405163,0.011668405082992788,6.610169491525422e-05,6.610169491525422e-05,0.00011016949152542371,8.813559322033898e-05,0.00033050847457627116,-0.004918957524988646,-0.0023901092890065007,0.22033898305084743,1.0,0.6101694915254237,4.14349430894568,0.030671111644880265
2024-07-12,2024-07-15,open,2024-07-16,2024-07-29,1,2,EXECUTED_ON_TIME,open,59,59,0,-0.002397596388236921,-0.016821121402317507,0.014423525014080587,7.11864406779661e-05,7.11864406779661e-05,0.00011864406779661019,9.491525423728816e-05,0.0003559322033898306,-0.002753528591626752,-0.0017882156761373953,0.23728813559322037,1.0,0.6186440677966102,4.132085078896756,0.0301551891523577
2024-07-15,2024-07-16,open,2024-07-17,2024-07-30,1,2,EXECUTED_ON_TIME,open,59,59,0,6.384450906354396e-05,-0.024853382838379012,0.024917227347442557,6.101694915254237e-05,6.101694915254237e-05,0.0001016949152542373,8.135593220338983e-05,0.0003050847457627119,-0.00024124023669916796,-0.008692022849497796,0.2033898305084746,1.0,0.6016949152542372,4.131088253714262,0.029405730691790418
2024-07-16,2024-07-17,open,2024-07-18,2024-07-31,1,2,EXECUTED_ON_TIME,open,59,59,0,-0.004286633784339421,-0.037256500684418103,0.03296986690007868,7.11864406779661e-05,7.11864406779661e-05,0.00011864406779661019,9.491525423728816e-05,0.0003559322033898306,-0.004642565987729252,0.0056832235748452125,0.23728813559322037,1.0,0.6186440677966102,4.11190940389526,0.028310176066145915
2024-07-17,2024-07-18,open,2024-07-19,2024-08-01,1,2,EXECUTED_ON_TIME,open,59,59,0,0.0068834787559289715,-0.011528729382326741,0.018412208138255712,6.101694915254237e-05,6.101694915254237e-05,0.0001016949152542373,8.135593220338983e-05,0.0003050847457627119,0.00657839401016626,-0.0007958864494984419,0.2033898305084746,1.0,0.6016949152542372,4.138959164088191,0.027983795707513293
2024-07-18,2024-07-19,open,2024-07-22,2024-08-02,1,2,EXECUTED_ON_TIME,open,59,59,0,0.0031995677316427984,-0.030532406118021438,0.03373197384966423,8.135593220338983e-05,8.135593220338983e-05,0.00013559322033898308,0.00010847457627118647,0.0004067796610169492,0.002792788070625849,-0.008920787012090437,0.27118644067796616,1.0,0.6355932203389831,4.150518399866463,0.02712938309224775
2024-07-19,2024-07-22,open,2024-07-23,2024-08-05,1,2,EXECUTED_ON_TIME,open,59,59,0,-0.010476580100761761,-0.04982165673138794,0.03934507663062618,8.135593220338983e-05,8.135593220338983e-05,0.00013559322033898308,0.00010847457627118647,0.0004067796610169492,-0.01088335976177871,-0.004260502696474153,0.27118644067796616,1.0,0.6355932203389831,4.105346814922835,0.025777752280491464
2024-07-22,2024-07-23,open,2024-07-24,2024-08-06,1,2,EXECUTED_ON_TIME,open,59,59,0,-0.031177836100291723,-0.040582781472048746,0.009404945371757022,7.627118644067796e-05,7.627118644067796e-05,0.0001271186440677966,0.00010169491525423729,0.00038135593220338984,-0.03155919203249511,-0.006051175629565513,0.2542372881355932,1.0,0.6271186440677966,3.975785386430693,0.024731619392851675
2024-07-23,2024-07-24,open,2024-07-25,2024-08-07,1,2,EXECUTED_ON_TIME,open,59,59,0,-0.010935452247530265,-0.02731513664414953,0.016379684396619264,8.135593220338983e-05,8.135593220338983e-05,0.00013559322033898308,0.00010847457627118647,0.0004067796610169492,-0.011342231908547214,-0.0033636206096939545,0.27118644067796616,1.0,0.6355932203389831,3.9306911065591827,0.024056071829704834
2024-07-24,2024-07-25,open,2024-07-26,2024-08-08,2,2,EXECUTED_ON_TIME,open,59,59,0,-0.0008861647647018715,-0.02120154108648531,0.020315376321783436,9.661016949152543e-05,9.661016949152543e-05,0.0001610169491525424,0.00012881355932203392,0.00048305084745762714,-0.0013692156121594987,-0.004684476957260981,0.3220338983050848,1.0,0.6610169491525424,3.9253091429295055,0.023546046034427906
2024-07-25,2024-07-26,open,2024-07-29,2024-08-09,2,3,EXECUTED_ON_TIME,open,59,59,0,0.0055621902846496275,-0.013391277982717664,0.018953468267367293,8.135593220338983e-05,8.135593220338983e-05,0.00013559322033898308,0.00010847457627118647,0.0004067796610169492,0.0051554106236326785,0.0011703782734595837,0.27118644067796616,1.0,0.6355932203389831,3.9455457233860067,0.023230734386587015
2024-07-26,2024-07-29,open,2024-07-30,2024-08-12,1,2,DELAYED_LIMIT_DOWN,open,59,59,0,-0.006960275981282484,-0.022562203946344228,0.015601927965061744,6.101694915254237e-05,6.101694915254237e-05,0.0001016949152542373,8.135593220338983e-05,0.0003050847457627119,-0.007265360727045196,-0.0010601817176365477,0.2033898305084746,1.0,0.6016949152542372,3.916879910440557,0.022706597819533488
2024-07-29,2024-07-30,open,2024-07-31,2024-08-13,1,2,DELAYED_LIMIT_DOWN,open,59,59,0,-0.005673290912252541,-0.015581143370478556,0.009907852458226014,6.610169491525422e-05,6.610169491525422e-05,0.00011016949152542371,8.813559322033898e-05,0.00033050847457627116,-0.006003799386828812,0.000333001231275663,0.22033898305084743,1.0,0.6101694915254237,3.893363749235972,0.02235280306345154
2024-07-30,2024-07-31,open,2024-08-01,2024-08-14,1,2,EXECUTED_ON_TIME,open,59,59,0,0.019717814303043264,-0.00928648907990337,0.029004303382946635,7.11864406779661e-05,7.11864406779661e-05,0.00011864406779661019,9.491525423728816e-05,0.0003559322033898306,0.019361882099653435,-0.007556420893080677,0.23728813559322037,1.0,0.6186440677966102,3.9687465991197435,0.022145224001897567
2024-07-31,2024-08-01,open,2024-08-02,2024-08-15,2,2,EXECUTED_ON_TIME,open,59,59,0,-0.02329706170099832,-0.04115255261186013,0.017855490910861808,7.627118644067796e-05,7.627118644067796e-05,0.0001271186440677966,0.00010169491525423729,0.00038135593220338984,-0.02367841763320171,-0.00854112814485257,0.2542372881355932,1.0,0.6271186440677966,3.8747729596654374,0.02123389150605805
2024-08-01,2024-08-02,open,2024-08-05,2024-08-16,1,2,EXECUTED_ON_TIME,open,59,59,0,-0.013152713283533282,-0.015286761579614394,0.0021340482960811123,7.11864406779661e-05,7.11864406779661e-05,0.00011864406779661019,9.491525423728816e-05,0.0003559322033898306,-0.013508645486923113,-0.00012355073012026638,0.23728813559322037,1.0,0.6186440677966102,3.822430025411001,0.020909294069197542
2024-08-02,2024-08-05,open,2024-08-06,2024-08-19,1,2,EXECUTED_ON_TIME,open,59,59,0,-0.001177812011491183,-0.005309460244037112,0.004131648232545929,6.610169491525422e-05,6.610169491525422e-05,0.00011016949152542371,8.813559322033898e-05,0.00033050847457627116,-0.0015083204860674541,0.0005888707855704993,0.22033898305084743,1.0,0.6101694915254237,3.8166645758971143,0.020798277003606258
2024-08-05,2024-08-06,open,2024-08-07,2024-08-20,1,1,EXECUTED_ON_TIME,open,59,59,0,-0.0018591665046624952,-0.0016965853287685961,-0.00016258117589389902,8.64406779661017e-05,8.64406779661017e-05,0.00014406779661016949,0.0001152542372881356,0.00043220338983050846,-0.0022913698944930037,0.0052753092320476785,0.288135593220339,1.0,0.6440677966101696,3.8079191855905257,0.020762990951978276
2024-08-06,2024-08-07,open,2024-08-08,2024-08-21,1,2,EXECUTED_ON_TIME,open,59,59,0,-0.001596360069684248,-0.004695993010224941,0.0030996329405406937,8.135593220338983e-05,8.135593220338983e-05,0.00013559322033898308,0.00010847457627118647,0.0004067796610169492,-0.002003139730701197,0.0008525975874327182,0.27118644067796616,1.0,0.6355932203389831,3.80029139137857,0.02066548809159642
2024-08-07,2024-08-08,open,2024-08-09,2024-08-22,1,2,EXECUTED_ON_TIME,open,59,59,0,0.011797491182678579,-0.002867578834411466,0.014665070017090045,5.593220338983049e-05,5.593220338983049e-05,9.322033898305082e-05,7.457627118644067e-05,0.0002796610169491525,0.011517830165729426,0.002335972626698775,0.18644067796610164,1.0,0.5932203389830508,3.844062502204752,0.020606228175342176
2024-08-08,2024-08-09,open,2024-08-12,2024-08-23,1,2,UNEXECUTED_TIMEOUT,open,59,59,0,-0.00687839570021587,-0.015543481368190837,0.008665085667974966,7.11864406779661e-05,7.11864406779661e-05,0.00011864406779661019,9.491525423728816e-05,0.0003559322033898306,-0.007234327903605701,0.0038189802431343716,0.23728813559322037,1.0,0.6186440677966102,3.816253293581848,0.020285935651630057
2024-08-09,2024-08-12,open,2024-08-13,2024-08-26,1,2,EXECUTED_ON_TIME,open,59,59,0,0.001102031948735157,0.0009502469680449099,0.00015178498069024697,7.627118644067796e-05,7.627118644067796e-05,0.0001271186440677966,0.00010169491525423729,0.00038135593220338984,0.000720676016531767,0.0006913539929195858,0.2542372881355932,1.0,0.6271186440677966,3.8190035758035425,0.020305212300476973
2024-08-12,2024-08-13,open,2024-08-14,2024-08-27,1,2,EXECUTED_ON_TIME,open,59,59,0,0.0034333731910713267,-0.003704311340036459,0.007137684531107786,6.101694915254237e-05,6.101694915254237e-05,0.0001016949152542373,8.135593220338983e-05,0.0003050847457627119,0.003128288445308615,-0.0013067991496896257,0.2033898305084746,1.0,0.6016949152542372,3.830950520562321,0.020229995472290468
2024-08-13,2024-08-14,open,2024-08-15,2024-08-28,1,2,EXECUTED_ON_TIME,open,59,59,0,-0.009592074379770965,-0.01016506605432621,0.0005729916745552451,6.610169491525422e-05,6.610169491525422e-05,0.00011016949152542371,8.813559322033898e-05,0.00033050847457627116,-0.009922582854347236,0.0017460746154782086,0.22033898305084743,1.0,0.6101694915254237,3.7929375966111367,0.020024356232035915
2024-08-14,2024-08-15,open,2024-08-16,2024-08-29,1,2,EXECUTED_ON_TIME,open,59,59,0,0.005024386336430309,-0.008452356936930028,0.013476743273360337,8.135593220338983e-05,8.135593220338983e-05,0.00013559322033898308,0.00010847457627118647,0.0004067796610169492,0.00461760667541336,-0.00690973735711485,0.27118644067796616,1.0,0.6355932203389831,3.8104518905766747,0.01985510322573051
2024-08-15,2024-08-16,open,2024-08-19,2024-08-30,1,2,EXECUTED_ON_TIME,open,59,59,0,0.0010627942819827654,-0.02043126418484542,0.021494058466828187,5.084745762711864e-05,5.084745762711864e-05,8.47457627118644e-05,6.779661016949152e-05,0.0002542372881355932,0.0008085569938471722,0.0025339826064679346,0.1694915254237288,1.0,0.5847457627118644,3.8135328581025187,0.019449438366308233
2024-08-16,2024-08-19,open,2024-08-20,2024-09-02,1,2,EXECUTED_ON_TIME,open,59,59,0,0.0011422197882537898,-0.010979406212613174,0.012121626000866964,8.135593220338983e-05,8.135593220338983e-05,0.00013559322033898308,0.00010847457627118647,0.0004067796610169492,0.0007354401272368406,-0.006367011830972741,0.27118644067796616,1.0,0.6355932203389831,3.8163374831929033,0.01923589508187735
2024-08-19,2024-08-20,open,2024-08-21,2024-09-03,1,2,EXECUTED_ON_TIME,open,59,59,0,-0.013530188277341182,-0.02971705171197747,0.016186863434636288,0.00010677966101694916,0.00010677966101694916,0.0001779661016949153,0.00014237288135593223,0.0005338983050847459,-0.014064086582425927,0.0016856142227769915,0.35593220338983056,1.0,0.6779661016949152,3.7626641824015206,0.01866426099300303
2024-08-20,2024-08-21,open,2024-08-22,2024-09-04,1,2,EXECUTED_ON_TIME,open,59,59,0,-0.0004285555126201045,-0.020769427306703392,0.02034087179408329,7.11864406779661e-05,7.11864406779661e-05,0.00011864406779661019,9.491525423728816e-05,0.0003559322033898306,-0.0007844877160099351,-0.0013719687734120936,0.23728813559322037,1.0,0.6186440677966102,3.759712418570956,0.018276614981075513
2024-08-21,2024-08-22,open,2024-08-23,2024-09-05,1,2,EXECUTED_ON_TIME,open,59,59,0,-0.008351575826177491,-0.021039630777231255,0.012688054951053764,7.627118644067796e-05,7.627118644067796e-05,0.0001271186440677966,0.00010169491525423729,0.00038135593220338984,-0.00873293175838088,0.0009701614312781787,0.2542372881355932,1.0,0.6271186440677966,3.726879106588439,0.01789208175001607
2024-08-22,2024-08-23,open,2024-08-26,2024-09-06,1,2,EXECUTED_ON_TIME,open,59,59,0,0.007339024518306302,-0.01354444481751138,0.02088346933581768,9.152542372881354e-05,9.152542372881354e-05,0.00015254237288135592,0.00012203389830508474,0.00045762711864406777,0.006881397399662234,0.0040481505317482335,0.30508474576271183,1.0,0.652542372881356,3.752525242781372,0.017649743436082575
2024-08-23,2024-08-26,open,2024-08-27,2024-09-09,1,2,EXECUTED_ON_TIME,open,59,59,0,-0.002761242724519687,-0.03480270620328696,0.032041463478767275,8.135593220338983e-05,8.135593220338983e-05,0.00013559322033898308,0.00010847457627118647,0.0004067796610169492,-0.003168022385536636,0.0031104469550211683,0.27118644067796616,1.0,0.6355932203389831,3.740637158809949,0.0170354846007132
2024-08-26,2024-08-27,open,2024-08-28,2024-09-10,1,2,EXECUTED_ON_TIME,open,59,59,0,-0.005438308760715947,-0.03686416626906164,0.03142585750834569,7.627118644067796e-05,7.627118644067796e-05,0.0001271186440677966,0.00010169491525423729,0.00038135593220338984,-0.005819664692919337,0.005810895515971306,0.2542372881355932,1.0,0.6271186440677966,3.7188679048078006,0.01640748566391847
2024-08-27,2024-08-28,open,2024-08-29,2024-09-11,1,2,EXECUTED_ON_TIME,open,59,59,0,0.00010693300763879376,-0.03390757368572461,0.03401450669336341,7.627118644067796e-05,7.627118644067796e-05,0.0001271186440677966,0.00010169491525423729,0.00038135593220338984,-0.0002744229245645961,0.0024377697007067736,0.2542372881355932,1.0,0.6271186440677966,3.7178473622012937,0.015851147634771686
2024-08-28,2024-08-29,open,2024-08-30,2024-09-12,1,2,EXECUTED_ON_TIME,open,59,59,0,-0.0015704852902164639,-0.02569511119610235,0.024124625905885884,6.101694915254237e-05,6.101694915254237e-05,0.0001016949152542373,8.135593220338983e-05,0.0003050847457627119,-0.0018755700359791758,-0.0064147962830332994,0.2033898305084746,1.0,0.6016949152542372,3.710874279090405,0.015443850633710393
2024-08-29,2024-08-30,open,2024-09-02,2024-09-13,1,2,UNEXECUTED_TIMEOUT,open,59,59,0,0.009469643624077666,-0.03046014772647787,0.039929791350555535,9.661016949152543e-05,9.661016949152543e-05,0.0001610169491525424,0.00012881355932203392,0.00048305084745762714,0.008986592776620039,-0.010128487545471158,0.3220338983050848,1.0,0.6610169491525424,3.7442223950818234,0.014973428661941917
2024-08-30,2024-09-02,open,2024-09-03,2024-09-18,1,2,EXECUTED_ON_TIME,open,59,59,0,-0.02326112796746833,-0.044965401810346806,0.021704273842878475,9.152542372881354e-05,9.152542372881354e-05,0.00015254237288135592,0.00012203389830508474,0.00045762711864406777,-0.0237187550861124,-0.0026579578851199555,0.30508474576271183,1.0,0.652542372881356,3.6554141011049404,0.014300142425679134
2024-09-02,2024-09-03,open,2024-09-04,2024-09-19,1,2,EXECUTED_ON_TIME,open,59,59,0,-0.0027077850126429217,-0.02555230473541581,0.022844519722772887,6.610169491525422e-05,6.610169491525422e-05,0.00011016949152542371,8.813559322033898e-05,0.00033050847457627116,-0.003038293487219193,-0.0017719206599904318,0.22033898305084743,1.0,0.6101694915254237,3.644307880248464,0.013934740828658332
2024-09-03,2024-09-04,open,2024-09-05,2024-09-20,1,2,EXECUTED_ON_TIME,open,59,59,0,0.003139057638915969,-0.01888995905833568,0.02202901669725165,5.084745762711864e-05,5.084745762711864e-05,8.47457627118644e-05,6.779661016949152e-05,0.0002542372881355932,0.002884820350780376,0.005539415743772827,0.1694915254237288,1.0,0.5847457627118644,3.6548210537859136,0.013671514144916458
2024-09-04,2024-09-05,open,2024-09-06,2024-09-23,1,2,UNEXECUTED_TIMEOUT,open,59,59,0,0.0027925178662729037,-0.01601372288623293,0.01880624075250583,4.5762711864406784e-05,4.5762711864406784e-05,7.627118644067799e-05,6.101694915254239e-05,0.00022881355932203397,0.0025637043069508697,-0.003645883488195365,0.15254237288135597,1.0,0.576271186440678,3.6641909342626393,0.013452582305964552
2024-09-05,2024-09-06,open,2024-09-09,2024-09-24,1,2,UNEXECUTED_TIMEOUT,open,59,59,0,-0.013784670586987274,-0.0050617051509986855,-0.008722965435988588,6.610169491525422e-05,6.610169491525422e-05,0.00011016949152542371,8.813559322033898e-05,0.00033050847457627116,-0.014115179061563544,0.004938086049182663,0.22033898305084743,1.0,0.6101694915254237,3.612470223109764,0.013384489300812217
2024-09-06,2024-09-09,open,2024-09-10,2024-09-25,1,2,EXECUTED_ON_TIME,open,59,59,0,0.0011687384754917342,0.058760109493592116,-0.057591371018100385,7.627118644067796e-05,7.627118644067796e-05,0.0001271186440677966,0.00010169491525423729,0.00038135593220338984,0.0007873825432883443,0.00451704859090619,0.2542372881355932,1.0,0.6271186440677966,3.6153146191015892,0.014170963357643755
2024-09-09,2024-09-10,open,2024-09-11,2024-09-26,1,2,EXECUTED_ON_TIME,open,59,59,0,0.0059891159605276,0.0644640164135657,-0.058474900453038096,6.610169491525422e-05,6.610169491525422e-05,0.00011016949152542371,8.813559322033898e-05,0.00033050847457627116,0.005658607485951329,0.0070594396165153585,0.22033898305084743,1.0,0.6101694915254237,3.6357722654693063,0.01508448057212694
2024-09-10,2024-09-11,open,2024-09-12,2024-09-27,1,2,DELAYED_LIMIT_DOWN,open,59,59,0,0.01568965475637529,0.13519363198141487,-0.11950397722503958,5.084745762711864e-05,5.084745762711864e-05,8.47457627118644e-05,6.779661016949152e-05,0.0002542372881355932,0.015435417468239697,0.011392453477536783,0.1694915254237288,1.0,0.5847457627118644,3.6918919282062723,0.017123806287225873
2024-09-11,2024-09-12,open,2024-09-13,2024-09-30,1,2,DELAYED_LIMIT_DOWN,open,59,59,0,0.016663102761245305,0.20606365971066265,-0.18940055694941735,7.11864406779661e-05,7.11864406779661e-05,0.00011864406779661019,9.491525423728816e-05,0.0003559322033898306,0.016307170557855476,0.022240117737693254,0.23728813559322037,1.0,0.6186440677966102,3.752096239560702,0.02065240047894809
2024-09-12,2024-09-13,open,2024-09-18,2024-10-08,1,2,EXECUTED_ON_TIME,open,59,59,0,0.024626827968653554,0.4021173056117231,-0.37749047764306953,5.084745762711864e-05,5.084745762711864e-05,8.47457627118644e-05,6.779661016949152e-05,0.0002542372881355932,0.02437259068051796,0.029811364033840333,0.1694915254237288,1.0,0.5847457627118644,3.8435445454014254,0.028957088113956957
2024-09-13,2024-09-18,open,2024-09-19,2024-10-09,1,2,DELAYED_LIMIT_DOWN,open,59,59,0,0.05689612949642503,0.3197480829854711,-0.26285195348904605,0.00010677966101694916,0.00010677966101694916,0.0001779661016949153,0.00014237288135593223,0.0005338983050847459,0.05636223119134028,0.046372946181534834,0.35593220338983056,1.0,0.6779661016949152,4.060175291663556,0.03821606152723606
2024-09-18,2024-09-19,open,2024-09-20,2024-10-10,1,1,DELAYED_LIMIT_DOWN,open,59,59,0,0.0358634898983385,0.2520818677093728,-0.2162183778110343,0.00010169491525423727,0.00010169491525423727,0.0001694915254237288,0.00013559322033898305,0.0005084745762711864,0.035355015322067314,0.032645912130323,0.3389830508474576,1.0,0.6694915254237288,4.2037228513106,0.047849637693518035
2024-09-19,2024-09-20,open,2024-09-23,2024-10-11,0,1,EXECUTED_ON_TIME,open,59,59,0,0.008342789092549081,0.2434902293925134,-0.23514744029996434,8.64406779661017e-05,8.64406779661017e-05,0.00014406779661016949,0.0001152542372881356,0.00043220338983050846,0.007910585702718572,0.0074762626754071556,0.288135593220339,1.0,0.6440677966101696,4.236976761196369,0.0595005569518614
2024-09-20,2024-09-23,open,2024-09-24,2024-10-14,0,1,EXECUTED_ON_TIME,open,59,59,0,0.01903091210537415,0.22317415151140252,-0.20414323940602835,5.593220338983049e-05,5.593220338983049e-05,9.322033898305082e-05,7.457627118644067e-05,0.0002796610169491525,0.018751251088425,0.009760945300295346,0.18644067796610164,1.0,0.5932203389830508,4.316425376301384,0.07277954326404895
2024-09-23,2024-09-24,open,2024-09-25,2024-10-15,0,1,EXECUTED_ON_TIME,open,59,59,0,0.0690167175631068,0.21508872922077504,-0.14607201165766825,7.11864406779661e-05,7.11864406779661e-05,0.00011864406779661019,9.491525423728816e-05,0.0003559322033898306,0.06866078535971697,0.021686988494547123,0.23728813559322037,1.0,0.6186440677966102,4.612794532584848,0.08843360273798166
2024-09-24,2024-09-25,open,2024-09-26,2024-10-16,1,2,UNEXECUTED_TIMEOUT,open,59,59,0,0.026540704594256847,0.11823449878984693,-0.09169379419559008,0.00011694915254237287,0.00011694915254237287,0.0001949152542372881,0.0001559322033898305,0.0005847457627118644,0.025955958831544983,0.02691665549928133,0.38983050847457623,1.0,0.6949152542372881,4.732524037570997,0.09888950543388736
2024-09-25,2024-09-26,open,2024-09-27,2024-10-17,1,2,UNEXECUTED_TIMEOUT,open,59,59,0,0.06496893131479538,0.1337097224473489,-0.06874079113255353,5.084745762711864e-05,5.084745762711864e-05,8.47457627118644e-05,6.779661016949152e-05,0.0002542372881355932,0.06471469402665979,0.007770387107614983,0.1694915254237288,1.0,0.5847457627118644,5.038787882636217,0.11211199375840804
2024-09-26,2024-09-27,open,2024-09-30,2024-10-18,1,2,UNEXECUTED_TIMEOUT,open,59,59,0,0.0877962360045675,0.04488601185211394,0.04291022415245356,5.593220338983049e-05,5.593220338983049e-05,9.322033898305082e-05,7.457627118644067e-05,0.0002796610169491525,0.08751657498761835,0.009734412511782364,0.18644067796610164,1.0,0.5932203389830508,5.4797653402136515,0.11714425403901206
2024-09-27,2024-09-30,open,2024-10-08,2024-10-21,1,2,EXECUTED_ON_TIME,open,59,59,0,0.16941773281365327,0.026061624498394886,0.14335610831525838,0.00010169491525423727,0.00010169491525423727,0.0001694915254237288,0.00013559322033898305,0.0005084745762711864,0.1689092582373821,-0.02570054033200636,0.3389830508474576,1.0,0.6694915254237288,6.405348439144055,0.12019722359992137
2024-09-30,2024-10-08,open,2024-10-09,2024-10-22,2,2,UNEXECUTED_TIMEOUT,open,59,54,5,-0.07507091636941021,-0.11833268619583825,0.04326176982642804,0.00011111111111111109,0.00011111111111111109,0.00018518518518518518,0.00014814814814814815,0.0005555555555555556,-0.07562647192496577,-0.018241734866478544,0.37037037037037035,1.0,0.6851851851851851,5.920934535241504,0.10597396325806087
2024-10-08,2024-10-09,open,2024-10-10,2024-10-23,1,2,EXECUTED_ON_TIME,open,59,59,0,-0.025422979091316675,-0.05121923487662294,0.02579625578530627,9.661016949152543e-05,9.661016949152543e-05,0.0001610169491525424,0.00012881355932203392,0.00048305084745762714,-0.025906029938774302,0.016106313390550513,0.3220338983050848,1.0,0.6610169491525424,5.7675466279060155,0.10054605794313964
2024-10-09,2024-10-10,open,2024-10-11,2024-10-24,1,2,EXECUTED_ON_TIME,open,59,59,0,-0.012038035807215642,-0.007215024982335061,-0.004823010824880581,4.5762711864406784e-05,4.5762711864406784e-05,7.627118644067799e-05,6.101694915254239e-05,0.00022881355932203397,-0.012266849366537677,-0.005744752024572609,0.15254237288135597,1.0,0.576271186440678,5.69679700220701,0.09982061562320459
2024-10-10,2024-10-11,open,2024-10-14,2024-10-25,1,2,EXECUTED_ON_TIME,open,59,58,1,0.00546523477879367,-0.009682454194940848,0.01514768897373452,4.6551724137931024e-05,4.6551724137931024e-05,7.758620689655172e-05,6.206896551724137e-05,0.00023275862068965515,0.005232476158104015,0.028986003735966156,0.15517241379310343,1.0,0.5775862068965517,5.726605356698616,0.09885410708472211
2024-10-11,2024-10-14,open,2024-10-15,2024-10-28,1,2,EXECUTED_ON_TIME,open,59,59,0,0.019061620872759946,0.0096768533254461,0.009384767547313846,4.5762711864406784e-05,4.5762711864406784e-05,7.627118644067799e-05,6.101694915254239e-05,0.00022881355932203397,0.01883280731343791,0.007047222726947579,0.15254237288135597,1.0,0.576271186440678,5.834453411941421,0.09981070377959891
2024-10-14,2024-10-15,open,2024-10-16,2024-10-29,1,2,EXECUTED_ON_TIME,open,59,59,0,-0.019578155722520127,0.006968614601674972,-0.0265467703241951,5.084745762711864e-05,5.084745762711864e-05,8.47457627118644e-05,6.779661016949152e-05,0.0002542372881355932,-0.01983239301065572,0.011004896358750647,0.1694915254237288,1.0,0.5847457627118644,5.718742238873437,0.10050624610736088
2024-10-15,2024-10-16,open,2024-10-17,2024-10-30,1,2,EXECUTED_ON_TIME,open,59,59,0,0.03297475102033229,0.02575393371284318,0.007220817307489108,4.5762711864406784e-05,4.5762711864406784e-05,7.627118644067799e-05,6.101694915254239e-05,0.00022881355932203397,0.032745937461010254,0.016750948008532152,0.15254237288135597,1.0,0.576271186440678,5.906007814583224,0.10309467730733655
2024-10-16,2024-10-17,open,2024-10-18,2024-10-31,2,2,DELAYED_LIMIT_DOWN,open,59,59,0,0.00391142461117872,0.008973385253828514,-0.005061960642649794,6.101694915254237e-05,6.101694915254237e-05,0.0001016949152542373,8.135593220338983e-05,0.0003050847457627119,0.003606339865416008,0.01930228971718374,0.2033898305084746,1.0,0.6016949152542372,5.927306886010414,0.10401978556443442
2024-10-17,2024-10-18,open,2024-10-21,2024-11-01,2,3,EXECUTED_ON_TIME,open,59,59,0,0.04056466177034179,0.027019977705555753,0.013544684064786039,6.101694915254237e-05,6.101694915254237e-05,0.0001016949152542373,8.135593220338983e-05,0.0003050847457627119,0.04025957702457908,-0.0041690373800266495,0.2033898305084746,1.0,0.6016949152542372,6.165937754136068,0.10683039785132213
2024-10-18,2024-10-21,open,2024-10-22,2024-11-04,2,2,EXECUTED_ON_TIME,open,59,59,0,0.00031877282682091977,-0.012462432561031411,0.01278120538785233,6.610169491525422e-05,6.610169491525422e-05,0.00011016949152542371,8.813559322033898e-05,0.00033050847457627116,-1.1735647755351387e-05,0.00194205123398812,0.22033898305084743,1.0,0.6101694915254237,6.165865392862504,0.10549903122263188
2024-10-21,2024-10-22,open,2024-10-23,2024-11-05,2,2,EXECUTED_ON_TIME,open,59,59,0,0.010709601250330063,0.0035371828539272343,0.007172418396402829,6.101694915254237e-05,6.101694915254237e-05,0.0001016949152542373,8.135593220338983e-05,0.0003050847457627119,0.01040451650456735,0.0011892276321687212,0.2033898305084746,1.0,0.6016949152542372,6.230018241107483,0.10587220058697851
2024-10-22,2024-10-23,open,2024-10-24,2024-11-06,1,2,EXECUTED_ON_TIME,open,59,59,0,0.0073306639799643365,0.02426352969254819,-0.016932865712583855,0.00011694915254237287,0.00011694915254237287,0.0001949152542372881,0.0001559322033898305,0.0005847457627118644,0.006745918217252472,-0.0003734239775250092,0.38983050847457623,1.0,0.6949152542372881,6.272045434653985,0.10844103386953607
2024-10-23,2024-10-24,open,2024-10-25,2024-11-07,1,2,EXECUTED_ON_TIME,open,59,59,0,-0.005137904509818769,0.009204993597659694,-0.014342898107478463,9.661016949152543e-05,9.661016949152543e-05,0.0001610169491525424,0.00012881355932203392,0.00048305084745762714,-0.005620955357276396,-0.0022380025431488187,0.3220338983050848,1.0,0.6610169491525424,6.2367905472669865,0.10943923289202875
2024-10-24,2024-10-25,open,2024-10-28,2024-11-08,1,2,EXECUTED_ON_TIME,open,59,59,0,0.006390420969050409,0.06632834103345919,-0.05993792006440878,7.627118644067796e-05,7.627118644067796e-05,0.0001271186440677966,0.00010169491525423729,0.00038135593220338984,0.006009065036847019,-0.005842702918307185,0.2542372881355932,1.0,0.6271186440677966,6.274267827286706,0.1166981556537314
2024-10-25,2024-10-28,open,2024-10-29,2024-11-11,1,2,EXECUTED_ON_TIME,open,59,58,1,0.013542513735062567,0.028794573178660077,-0.01525205944359751,5.172413793103448e-05,5.172413793103448e-05,8.620689655172414e-05,6.896551724137931e-05,0.0002586206896551724,0.013283893045407395,0.004286987981910214,0.1724137931034483,1.0,0.5862068965517242,6.357614530042623,0.12005842923651744
2024-10-28,2024-10-29,open,2024-10-30,2024-11-12,1,2,EXECUTED_ON_TIME,open,59,59,0,-0.008867545992280058,0.04114475336069856,-0.050012299352978615,8.64406779661017e-05,8.64406779661017e-05,0.00014406779661016949,0.0001152542372881356,0.00043220338983050846,-0.009299749382110567,0.007726633505926762,0.288135593220339,1.0,0.6440677966101696,6.298490308245162,0.12499820369632683
2024-10-29,2024-10-30,open,2024-10-31,2024-11-13,1,2,EXECUTED_ON_TIME,open,59,59,0,-0.003940555567214653,0.03981138068111978,-0.043751936248334435,7.11864406779661e-05,7.11864406779661e-05,0.00011864406779661019,9.491525423728816e-05,0.0003559322033898306,-0.004296487770604484,-0.011703128308261113,0.23728813559322037,1.0,0.6186440677966102,6.271428921662516,0.12997455476813746
2024-10-30,2024-10-31,open,2024-11-01,2024-11-14,1,2,UNEXECUTED_TIMEOUT,open,59,59,0,0.003906417515890457,0.05472655624143785,-0.050820138725547394,6.101694915254237e-05,6.101694915254237e-05,0.0001016949152542373,8.135593220338983e-05,0.0003050847457627119,0.003601332770127745,-0.0029185310074023828,0.2033898305084746,1.0,0.6016949152542372,6.294014424153626,0.13708761454961177
2024-10-31,2024-11-01,open,2024-11-04,2024-11-15,1,2,EXECUTED_ON_TIME,open,59,59,0,0.0026788529441877816,0.03688127469762703,-0.03420242175343925,0.00011694915254237287,0.00011694915254237287,0.0001949152542372881,0.0001559322033898305,0.0005847457627118644,0.002094107181475917,0.0048349424130850124,0.38983050847457623,1.0,0.6949152542372881,6.307194764959559,0.1421435805194584
2024-11-01,2024-11-04,open,2024-11-05,2024-11-18,2,3,UNEXECUTED_TIMEOUT,open,59,59,0,0.010627833702767596,0.021651152444740696,-0.0110233187419731,8.135593220338983e-05,8.135593220338983e-05,0.00013559322033898308,0.00010847457627118647,0.0004067796610169492,0.010221054041750647,-0.005530717741005218,0.27118644067796616,1.0,0.6355932203389831,6.371660943504057,0.14522115285032647
2024-11-04,2024-11-05,open,2024-11-06,2024-11-19,2,3,UNEXECUTED_TIMEOUT,open,59,59,0,0.021899936672367507,0.004312500206342662,0.017587436466024845,7.627118644067796e-05,7.627118644067796e-05,0.0001271186440677966,0.00010169491525423729,0.00038135593220338984,0.021518580740164116,-0.011150991169715841,0.2542372881355932,1.0,0.6271186440677966,6.5087700439658,0.1458474191019588
2024-11-05,2024-11-06,open,2024-11-07,2024-11-20,2,3,UNEXECUTED_TIMEOUT,open,59,58,1,-0.0125307376086087,-0.021021704450114642,0.008490966841505942,7.75862068965517e-05,7.75862068965517e-05,0.00012931034482758618,0.00010344827586206895,0.00038793103448275855,-0.012918668643091458,0.0033816621236448952,0.2586206896551724,1.0,0.6293103448275862,6.424685400493726,0.14278145776278542
2024-11-06,2024-11-07,open,2024-11-08,2024-11-21,1,2,UNEXECUTED_TIMEOUT,open,59,59,0,0.030528359541879876,-0.001959236740353698,0.03248759628223358,5.593220338983049e-05,5.593220338983049e-05,9.322033898305082e-05,7.457627118644067e-05,0.0002796610169491525,0.030248698524930725,-0.012889033481621164,0.18644067796610164,1.0,0.5932203389830508,6.6190237722907845,0.14250171508489531
2024-11-07,2024-11-08,open,2024-11-11,2024-11-22,1,2,EXECUTED_ON_TIME,open,59,59,0,-0.012145774955533059,-0.04957802560495628,0.03743225064942322,7.11864406779661e-05,7.11864406779661e-05,0.00011864406779661019,9.491525423728816e-05,0.0003559322033898306,-0.01250170715892289,0.006416936086611277,0.23728813559322037,1.0,0.6186440677966102,6.536274675411656,0.13543676140566618
2024-11-08,2024-11-11,open,2024-11-12,2024-11-25,1,2,DELAYED_LIMIT_DOWN,open,59,59,0,0.010463500142152575,-0.04704305503851314,0.05750655518066571,7.11864406779661e-05,7.11864406779661e-05,0.00011864406779661019,9.491525423728816e-05,0.0003559322033898306,0.010107567938762744,-0.0029115864147894206,0.23728813559322037,1.0,0.6186440677966102,6.602340515759794,0.12906540238462147
2024-11-11,2024-11-12,open,2024-11-13,2024-11-26,1,2,DELAYED_LIMIT_DOWN,open,59,59,0,-0.0186307876704684,-0.07187723864862261,0.05324645097815421,7.627118644067796e-05,7.627118644067796e-05,0.0001271186440677966,0.00010169491525423729,0.00038135593220338984,-0.01901214360267179,0.001974710224537237,0.2542372881355932,1.0,0.6271186440677966,6.476815869760431,0.11978853765614153
2024-11-12,2024-11-13,open,2024-11-14,2024-11-27,1,2,DELAYED_LIMIT_DOWN,open,59,59,0,0.008044154404572755,-0.056716564973310124,0.06476071937788289,7.627118644067796e-05,7.627118644067796e-05,0.0001271186440677966,0.00010169491525423729,0.00038135593220338984,0.007662798472369365,-0.006976749149519698,0.2542372881355932,1.0,0.6271186440677966,6.526446404513049,0.11299454327710917
2024-11-13,2024-11-14,open,2024-11-15,2024-11-28,1,2,DELAYED_LIMIT_DOWN,open,59,59,0,-0.024312939590517696,-0.04802713727100427,0.023714197680486576,7.627118644067796e-05,7.627118644067796e-05,0.0001271186440677966,0.00010169491525423729,0.00038135593220338984,-0.024694295522721087,0.0027432657215459982,0.2542372881355932,1.0,0.6271186440677966,6.365280408286803,0.10756773883626501
2024-11-14,2024-11-15,open,2024-11-18,2024-11-29,1,2,EXECUTED_ON_TIME,open,59,59,0,-0.00654154658471556,-0.03869141067475357,0.032149864090038005,6.610169491525422e-05,6.610169491525422e-05,0.00011016949152542371,8.813559322033898e-05,0.00033050847457627116,-0.006872055059291831,0.0017830756020868277,0.22033898305084743,1.0,0.6101694915254237,6.3215378508532245,0.10340579127759644
2024-11-15,2024-11-18,open,2024-11-19,2024-12-02,1,2,UNEXECUTED_TIMEOUT,open,59,59,0,-0.0008086649305706482,-0.018181594453585248,0.0173729295230146,8.64406779661017e-05,8.64406779661017e-05,0.00014406779661016949,0.0001152542372881356,0.00043220338983050846,-0.0012408683204011566,0.018675705567842097,0.288135593220339,1.0,0.6440677966101696,6.313693654797884,0.1015257091164351
2024-11-18,2024-11-19,open,2024-11-20,2024-12-03,1,2,DELAYED_LIMIT_DOWN,open,59,59,0,0.01637518893727429,-0.001997924444520849,0.018373113381795137,0.000111864406779661,0.000111864406779661,0.0001864406779661017,0.00014915254237288136,0.0005593220338983051,0.015815866903375983,0.010177214858141815,0.3728813559322034,1.0,0.6864406779661016,6.413550193310856,0.10132286842044406
2024-11-19,2024-11-20,open,2024-11-21,2024-12-04,1,2,DELAYED_LIMIT_DOWN,open,59,59,0,0.011986885964057828,-0.004536923202602794,0.016523809166660623,5.084745762711864e-05,5.084745762711864e-05,8.47457627118644e-05,6.779661016949152e-05,0.0002542372881355932,0.011732648675922235,0.0015991884944165941,0.1694915254237288,1.0,0.5847457627118644,6.488798124494365,0.10086317434775308
2024-11-20,2024-11-21,open,2024-11-22,2024-12-05,1,2,DELAYED_LIMIT_DOWN,open,59,59,0,0.008805313076154299,-0.01580392289898991,0.02460923597514421,5.593220338983049e-05,5.593220338983049e-05,9.322033898305082e-05,7.457627118644067e-05,0.0002796610169491525,0.008525652059205146,0.012321631648091108,0.18644067796610164,1.0,0.5932203389830508,6.544119359586228,0.09926914051701381
2024-11-21,2024-11-22,open,2024-11-25,2024-12-06,1,2,EXECUTED_ON_TIME,open,59,59,0,-0.011792711822751416,-0.01514691369303689,0.0033542018702854733,6.610169491525422e-05,6.610169491525422e-05,0.00011016949152542371,8.813559322033898e-05,0.00033050847457627116,-0.012123220297327687,0.016156856569599008,0.22033898305084743,1.0,0.6101694915254237,6.464783558937957,0.09776551941322065
2024-11-22,2024-11-25,open,2024-11-26,2024-12-09,1,2,EXECUTED_ON_TIME,open,59,59,0,0.004077108622014876,0.024525152537159922,-0.020448043915145046,9.661016949152543e-05,9.661016949152543e-05,0.0001610169491525424,0.00012881355932203392,0.00048305084745762714,0.0035940577745572485,0.018392088231856004,0.3220338983050848,1.0,0.6610169491525424,6.488018364548788,0.10016323368970455
2024-11-25,2024-11-26,open,2024-11-27,2024-12-10,1,2,EXECUTED_ON_TIME,open,59,59,0,0.00902548362631918,0.0671985389933265,-0.05817305536700733,8.64406779661017e-05,8.64406779661017e-05,0.00014406779661016949,0.0001152542372881356,0.00043220338983050846,0.00859328023648867,0.010210573025937645,0.288135593220339,1.0,0.6440677966101696,6.5437717245348415,0.10689405665449983
2024-11-26,2024-11-27,open,2024-11-28,2024-12-11,1,2,EXECUTED_ON_TIME,open,59,59,0,0.032967645808674985,0.041436340010194916,-0.008468694201519932,7.627118644067796e-05,7.627118644067796e-05,0.0001271186440677966,0.00010169491525423729,0.00038135593220338984,0.032586289876471594,0.010320619068176062,0.2542372881355932,1.0,0.6271186440677966,6.757008966835992,0.11132335513110472
2024-11-27,2024-11-28,open,2024-11-29,2024-12-12,1,2,EXECUTED_ON_TIME,open,59,59,0,-0.00012512086178757467,0.021233255119481154,-0.02135837598126873,6.610169491525422e-05,6.610169491525422e-05,0.00011016949152542371,8.813559322033898e-05,0.00033050847457627116,-0.00045562933636384583,0.008193746698186854,0.22033898305084743,1.0,0.6101694915254237,6.7539302753246275,0.11368711233136007
2024-11-28,2024-11-29,open,2024-12-02,2024-12-13,1,2,EXECUTED_ON_TIME,open,59,59,0,0.015767758492190857,0.0338756398760689,-0.01810788138387804,7.627118644067796e-05,7.627118644067796e-05,0.0001271186440677966,0.00010169491525423729,0.00038135593220338984,0.015386402559987468,0.0024267141092263363,0.2542372881355932,1.0,0.6271186440677966,6.85784896540286,0.11753833600724742
2024-11-29,2024-12-02,open,2024-12-03,2024-12-16,1,2,EXECUTED_ON_TIME,open,59,59,0,0.010558886246509712,0.005391202349641411,0.005167683896868301,5.593220338983049e-05,5.593220338983049e-05,9.322033898305082e-05,7.457627118644067e-05,0.0002796610169491525,0.01027922522956056,-0.002798141406243529,0.18644067796610164,1.0,0.5932203389830508,6.928342339508544,0.11817200896050263
2024-12-02,2024-12-03,open,2024-12-04,2024-12-17,1,2,EXECUTED_ON_TIME,open,59,59,0,-0.0026862438994459015,-0.009774487717976177,0.007088243818530276,8.64406779661017e-05,8.64406779661017e-05,0.00014406779661016949,0.0001152542372881356,0.00043220338983050846,-0.00311844728927641,-0.0012669168593725292,0.288135593220339,1.0,0.6440677966101696,6.906736669120724,0.11701693811030962
2024-12-03,2024-12-04,open,2024-12-05,2024-12-18,1,2,EXECUTED_ON_TIME,open,59,59,0,-0.00479479639967779,-0.003441376043848643,-0.0013534203558291467,9.152542372881354e-05,9.152542372881354e-05,0.00015254237288135592,0.00012203389830508474,0.00045762711864406777,-0.005252423518321858,0.0053941703687982595,0.30508474576271183,1.0,0.652542372881356,6.870459563004978,0.11661423882277229
2024-12-04,2024-12-05,open,2024-12-06,2024-12-19,1,2,EXECUTED_ON_TIME,open,59,59,0,0.009321163741012852,-0.00119339298425869,0.010514556725271542,6.610169491525422e-05,6.610169491525422e-05,0.00011016949152542371,8.813559322033898e-05,0.00033050847457627116,0.008990655266436581,0.0072530039399676585,0.22033898305084743,1.0,0.6101694915254237,6.932229496457948,0.11647507220829653
2024-12-05,2024-12-06,open,2024-12-09,2024-12-20,1,1,EXECUTED_ON_TIME,open,59,59,0,0.013829412588998759,0.003460082392622743,0.010369330196376016,7.627118644067796e-05,7.627118644067796e-05,0.0001271186440677966,0.00010169491525423729,0.00038135593220338984,0.01344805665679537,0.0071133583350108534,0.2542372881355932,1.0,0.6271186440677966,7.025454511484223,0.11687808555482392
2024-12-06,2024-12-09,open,2024-12-10,2024-12-23,1,2,EXECUTED_ON_TIME,open,59,59,0,0.0263934776921114,-0.01070702802025758,0.03710050571236898,0.00011694915254237287,0.00011694915254237287,0.0001949152542372881,0.0001559322033898305,0.0005847457627118644,0.025808731929399538,0.0012277326952547553,0.38983050847457623,1.0,0.6949152542372881,7.20677258365331,0.11562666861783436
2024-12-09,2024-12-10,open,2024-12-11,2024-12-24,1,2,EXECUTED_ON_TIME,open,59,59,0,-0.02316509842476086,-0.03886322834357181,0.01569812991881095,9.152542372881354e-05,9.152542372881354e-05,0.00015254237288135592,0.00012203389830508474,0.00045762711864406777,-0.02362272554340493,0.000510262502820373,0.30508474576271183,1.0,0.652542372881356,7.036528972855932,0.11113304299273295
2024-12-10,2024-12-11,open,2024-12-12,2024-12-25,1,2,EXECUTED_ON_TIME,open,59,59,0,0.011154962475180611,-1.554656974966928e-05,0.01117050904493028,9.661016949152543e-05,9.661016949152543e-05,0.0001610169491525424,0.00012881355932203392,0.00048305084745762714,0.010671911627722984,0.009731214638864288,0.3220338983050848,1.0,0.6610169491525424,7.111622188220163,0.11113131525512858
2024-12-11,2024-12-12,open,2024-12-13,2024-12-26,1,2,EXECUTED_ON_TIME,open,59,59,0,0.01018815864679534,-0.001359616749093906,0.011547775395889246,5.084745762711864e-05,5.084745762711864e-05,8.47457627118644e-05,6.779661016949152e-05,0.0002542372881355932,0.009933921358659748,0.011387509847551925,0.1694915254237288,1.0,0.5847457627118644,7.182268483770442,0.11098021925755887
2024-12-12,2024-12-13,open,2024-12-16,2024-12-27,1,2,EXECUTED_ON_TIME,open,59,59,0,-0.007189920278017963,-0.0034906404297943006,-0.003699279848223662,7.11864406779661e-05,7.11864406779661e-05,0.00011864406779661019,9.491525423728816e-05,0.0003559322033898306,-0.007545852481407793,0.0019242413430519733,0.23728813559322037,1.0,0.6186440677966102,7.128072145310045,0.110592827217311
2024-12-13,2024-12-16,open,2024-12-17,2024-12-30,1,2,EXECUTED_ON_TIME,open,59,59,0,0.00167862391670283,0.011681902400566102,-0.010003278483863271,0.000111864406779661,0.000111864406779661,0.0001864406779661017,0.00014915254237288136,0.0005593220338983051,0.0011193018828045249,0.011325715523631532,0.3728813559322034,1.0,0.6864406779661016,7.136050609883058,0.11188476183106628
2024-12-16,2024-12-17,open,2024-12-18,2024-12-31,1,2,EXECUTED_ON_TIME,open,59,59,0,0.006670243892982477,0.02245193732238926,-0.01578169342940678,6.610169491525422e-05,6.610169491525422e-05,0.00011016949152542371,8.813559322033898e-05,0.00033050847457627116,0.006339735418406206,0.0018337641360128285,0.22033898305084743,1.0,0.6101694915254237,7.181291282682073,0.11439679149102784
2024-12-17,2024-12-18,open,2024-12-19,2025-01-02,1,2,EXECUTED_ON_TIME,open,59,59,0,-0.0014912107855576387,-0.000693091929609202,-0.0007981188559484367,4.5762711864406784e-05,4.5762711864406784e-05,7.627118644067799e-05,6.101694915254239e-05,0.00022881355932203397,-0.0017200243448796727,0.0016080950570447256,0.15254237288135597,1.0,0.576271186440678,7.168939286848188,0.11431750399807222
2024-12-18,2024-12-19,open,2024-12-20,2025-01-03,1,2,EXECUTED_ON_TIME,open,59,59,0,0.008349994473271264,-0.022149651447254337,0.0304996459205256,4.0677966101694904e-05,4.0677966101694904e-05,6.779661016949151e-05,5.4237288135593214e-05,0.00020338983050847455,0.00814660464276279,-0.008399109732662361,0.13559322033898302,1.0,0.5677966101694916,7.2273418009261094,0.11178541113019481
2024-12-19,2024-12-20,open,2024-12-23,2025-01-06,1,2,EXECUTED_ON_TIME,open,59,59,0,-0.0045702029918554534,-0.041011593225298015,0.03644139023344256,6.101694915254237e-05,6.101694915254237e-05,0.0001016949152542373,8.135593220338983e-05,0.0003050847457627119,-0.004875287737618165,-0.010167913863198545,0.2033898305084746,1.0,0.6016949152542372,7.192106430068479,0.10720091332040056
2024-12-20,2024-12-23,open,2024-12-24,2025-01-07,1,2,EXECUTED_ON_TIME,open,59,59,0,0.0012735120773262247,-0.04258570639759329,0.04385921847491952,8.64406779661017e-05,8.64406779661017e-05,0.00014406779661016949,0.0001152542372881356,0.00043220338983050846,0.0008413086874957162,0.004918526331569637,0.288135593220339,1.0,0.6440677966101696,7.198157211689489,0.10263568670018414
2024-12-23,2024-12-24,open,2024-12-25,2025-01-08,1,2,EXECUTED_ON_TIME,open,59,59,0,0.009006052670333624,-0.039055467653652864,0.04806152032398649,7.627118644067796e-05,7.627118644067796e-05,0.0001271186440677966,0.00010169491525423729,0.00038135593220338984,0.008624696738130235,-0.0019133330773875648,0.2542372881355932,1.0,0.6271186440677966,7.2602391347136965,0.09862720195815465
2024-12-24,2024-12-25,open,2024-12-26,2025-01-09,1,2,EXECUTED_ON_TIME,open,59,59,0,-0.009079101601769413,-0.05196195745389376,0.04288285585212435,9.152542372881354e-05,9.152542372881354e-05,0.00015254237288135592,0.00012203389830508474,0.00045762711864406777,-0.00953672872041348,-0.0077207914425972525,0.30508474576271183,1.0,0.652542372881356,7.191000203640603,0.09350233948620842
2024-12-25,2024-12-26,open,2024-12-27,2025-01-10,1,2,EXECUTED_ON_TIME,open,59,59,0,-0.00583182651130114,-0.05094240395888017,0.04511057744757903,9.152542372881354e-05,9.152542372881354e-05,0.00015254237288135592,0.00012203389830508474,0.00045762711864406777,-0.006289453629945208,-0.012847134026947434,0.30508474576271183,1.0,0.652542372881356,7.145772741306878,0.08873910553700164
2024-12-26,2024-12-27,open,2024-12-30,2025-01-13,2,2,EXECUTED_ON_TIME,open,59,59,0,-0.01091089403143433,-0.070873753047076,0.05996285901564166,8.64406779661017e-05,8.64406779661017e-05,0.00014406779661016949,0.0001152542372881356,0.00043220338983050846,-0.011343097421264839,-0.005360330748105992,0.288135593220339,1.0,0.6440677966101696,7.064717544952016,0.08244983208555377
2024-12-27,2024-12-30,open,2024-12-31,2025-01-14,1,2,EXECUTED_ON_TIME,open,59,59,0,0.0038876176985564964,-0.06239947695325265,0.06628709465180915,9.661016949152543e-05,9.661016949152543e-05,0.0001610169491525424,0.00012881355932203392,0.00048305084745762714,0.0034045668510988693,0.0028508069074919757,0.3220338983050848,1.0,0.6610169491525424,7.088769848117936,0.07730500568853171
2024-12-30,2024-12-31,open,2025-01-02,2025-01-15,1,2,EXECUTED_ON_TIME,open,59,59,0,-0.02268434587965015,-0.04650700685782905,0.023822660978178898,0.00010677966101694916,0.00010677966101694916,0.0001779661016949153,0.00014237288135593223,0.0005338983050847459,-0.023218244184734897,0.0014827593076820224,0.35593220338983056,1.0,0.6779661016949152,6.9241810588149475,0.07370978125883065
2024-12-31,2025-01-02,open,2025-01-03,2025-01-16,1,2,EXECUTED_ON_TIME,open,59,59,0,-0.030469654953613343,-0.030424109368291874,-4.554558532146938e-05,0.00010677966101694916,0.00010677966101694916,0.0001779661016949153,0.00014237288135593223,0.0005338983050847459,-0.03100355325869809,0.00043989487676529895,0.35593220338983056,1.0,0.6779661016949152,6.709506842585109,0.07146722681229913
2025-01-02,2025-01-03,open,2025-01-06,2025-01-17,1,2,EXECUTED_ON_TIME,open,59,59,0,-0.005737679938539202,-0.009638603351473374,0.003900923412934172,8.64406779661017e-05,8.64406779661017e-05,0.00014406779661016949,0.0001152542372881356,0.00043220338983050846,-0.00616988332836971,0.012377888248471339,0.288135593220339,1.0,0.6440677966101696,6.668109968175461,0.0707783825604256
2025-01-03,2025-01-06,open,2025-01-07,2025-01-20,1,2,EXECUTED_ON_TIME,open,59,59,0,0.0080343134483742,0.015708198379762672,-0.007673884931388472,4.5762711864406784e-05,4.5762711864406784e-05,7.627118644067799e-05,6.101694915254239e-05,0.00022881355932203397,0.0078054998890521666,0.008487049062790901,0.15254237288135597,1.0,0.576271186440678,6.720157899792243,0.0718901834346835
2025-01-06,2025-01-07,open,2025-01-08,2025-01-21,1,1,EXECUTED_ON_TIME,open,59,59,0,0.008754793708507926,0.023795051458892713,-0.015040257750384787,7.627118644067796e-05,7.627118644067796e-05,0.0001271186440677966,0.00010169491525423729,0.00038135593220338984,0.008373437776304537,0.004887131901823627,0.2542372881355932,1.0,0.6271186440677966,6.776428723813094,0.07360081404890102
2025-01-07,2025-01-08,open,2025-01-09,2025-01-22,1,2,EXECUTED_ON_TIME,open,59,59,0,0.003815772737948529,0.01128829773982809,-0.0074725250018795614,6.101694915254237e-05,6.101694915254237e-05,0.0001016949152542373,8.135593220338983e-05,0.0003050847457627119,0.003510687992185817,0.0036009069895588256,0.2033898305084746,1.0,0.6016949152542372,6.8002186507636875,0.07443164195177875
2025-01-08,2025-01-09,open,2025-01-10,2025-01-23,1,2,EXECUTED_ON_TIME,open,59,59,0,0.0033493147497827224,0.012778471058794372,-0.009429156309011649,7.11864406779661e-05,7.11864406779661e-05,0.00011864406779661019,9.491525423728816e-05,0.0003559322033898306,0.002993382546392892,0.0031393786223133306,0.23728813559322037,1.0,0.6186440677966102,6.820574306584539,0.0753827645343181
2025-01-09,2025-01-10,open,2025-01-13,2025-01-24,1,2,EXECUTED_ON_TIME,open,59,59,0,-0.015228065727696445,0.003958037446416096,-0.01918610317411254,6.610169491525422e-05,6.610169491525422e-05,0.00011016949152542371,8.813559322033898e-05,0.00033050847457627116,-0.015558574202272716,0.0037840909524387307,0.22033898305084743,1.0,0.6101694915254237,6.714455895133429,0.0756811323391593
2025-01-10,2025-01-13,open,2025-01-14,2025-01-27,0,1,EXECUTED_ON_TIME,open,59,59,0,0.008675259081910617,0.035771629966602214,-0.0270963708846916,9.152542372881354e-05,9.152542372881354e-05,0.00015254237288135592,0.00012203389830508474,0.00045762711864406777,0.00821763196326655,0.0038843634446248066,0.30508474576271183,1.0,0.652542372881356,6.769632822513221,0.07838836980064916
2025-01-13,2025-01-14,open,2025-01-15,2025-02-05,1,2,EXECUTED_ON_TIME,open,59,59,0,0.020707279130160582,0.031149860696741527,-0.010442581566580945,9.661016949152543e-05,9.661016949152543e-05,0.0001610169491525424,0.00012881355932203392,0.00048305084745762714,0.020224228282702955,-0.00701789164224784,0.3220338983050848,1.0,0.6610169491525424,6.906543422105807,0.08083015660018404
2025-01-14,2025-01-15,open,2025-01-16,2025-02-06,1,2,EXECUTED_ON_TIME,open,59,59,0,0.00119225648626032,-0.005361105606641381,0.006553362092901701,8.135593220338983e-05,8.135593220338983e-05,0.00013559322033898308,0.00010847457627118647,0.0004067796610169492,0.0007854768252433708,0.000969750933522401,0.27118644067796616,1.0,0.6355932203389831,6.911968351906408,0.0803968175944491
2025-01-15,2025-01-16,open,2025-01-17,2025-02-07,1,2,EXECUTED_ON_TIME,open,59,59,0,0.0012254120777110628,0.008358179043354008,-0.007132766965642945,8.135593220338983e-05,8.135593220338983e-05,0.00013559322033898308,0.00010847457627118647,0.0004067796610169492,0.0008186324166941136,0.0026973582252944267,0.27118644067796616,1.0,0.6355932203389831,6.917626713262442,0.08106878859041937
2025-01-16,2025-01-17,open,2025-01-20,2025-02-10,1,2,EXECUTED_ON_TIME,open,59,59,0,0.012643347239199671,0.02896467692067284,-0.016321329681473165,8.64406779661017e-05,8.64406779661017e-05,0.00014406779661016949,0.0001152542372881356,0.00043220338983050846,0.012211143849369163,-0.003021281056362365,0.288135593220339,1.0,0.6440677966101696,7.002098848154328,0.08341691986029119
2025-01-17,2025-01-20,open,2025-01-21,2025-02-11,1,2,EXECUTED_ON_TIME,open,59,59,0,0.004382090954587175,0.018213680062910242,-0.013831589108323068,6.101694915254237e-05,6.101694915254237e-05,0.0001016949152542373,8.135593220338983e-05,0.0003050847457627119,0.004077006208824463,0.004795330229772727,0.2033898305084746,1.0,0.6016949152542372,7.030646448633056,0.08493624895045995
2025-01-20,2025-01-21,open,2025-01-22,2025-02-12,1,2,EXECUTED_ON_TIME,open,59,59,0,-0.0028319135887545886,0.0066497747221294645,-0.009481688310884053,9.661016949152543e-05,9.661016949152543e-05,0.0001610169491525424,0.00012881355932203392,0.00048305084745762714,-0.0033149644362122158,0.0017546111890093434,0.3220338983050848,1.0,0.6610169491525424,7.007340105692255,0.08550105587172321
2025-01-21,2025-01-22,open,2025-01-23,2025-02-13,1,1,EXECUTED_ON_TIME,open,59,59,0,0.009616317104578815,0.023525181455277266,-0.013908864350698451,5.084745762711864e-05,5.084745762711864e-05,8.47457627118644e-05,6.779661016949152e-05,0.0002542372881355932,0.009362079816443223,0.005960646224362016,0.1694915254237288,1.0,0.5847457627118644,7.07294338306271,0.0875124837257233
2025-01-22,2025-01-23,open,2025-01-24,2025-02-14,1,2,EXECUTED_ON_TIME,open,59,59,0,-0.005365205411754839,0.018746444936937445,-0.024111650348692285,9.661016949152543e-05,9.661016949152543e-05,0.0001610169491525424,0.00012881355932203392,0.00048305084745762714,-0.005848256259212466,0.006484864377830922,0.3220338983050848,1.0,0.6610169491525424,7.031578997651658,0.08915303168318221
2025-01-23,2025-01-24,open,2025-01-27,2025-02-17,1,1,EXECUTED_ON_TIME,open,59,59,0,0.018713545792755443,0.04232244290101095,-0.023608897108255505,9.152542372881354e-05,9.152542372881354e-05,0.00015254237288135592,0.00012203389830508474,0.00045762711864406777,0.018255918674111374,0.00965508709739963,0.30508474576271183,1.0,0.652542372881356,7.159946931983376,0.09292620577604571
2025-01-24,2025-01-27,open,2025-02-05,2025-02-18,1,1,EXECUTED_ON_TIME,open,59,59,0,0.010677433073793997,0.02752649364418369,-0.016849060570389693,0.00010169491525423727,0.00010169491525423727,0.0001694915254237288,0.00013559322033898305,0.0005084745762711864,0.01016895849752281,0.014959308642830682,0.3389830508474576,1.0,0.6694915254237288,7.232756135179182,0.09548413838871814
2025-01-27,2025-02-05,open,2025-02-06,2025-02-19,1,1,EXECUTED_ON_TIME,open,59,59,0,-0.004075696137537707,0.016001248471922302,-0.02007694460946001,9.152542372881354e-05,9.152542372881354e-05,0.00015254237288135592,0.00012203389830508474,0.00045762711864406777,-0.004533323256181775,0.00831773942855961,0.30508474576271183,1.0,0.652542372881356,7.199967713585283,0.09701200381220343
2025-02-05,2025-02-06,open,2025-02-07,2025-02-20,1,2,UNEXECUTED_TIMEOUT,open,59,59,0,0.027125289716456967,0.03827334165609164,-0.011148051939634675,0.000111864406779661,0.000111864406779661,0.0001864406779661017,0.00014915254237288136,0.0005593220338983051,0.02656596768255866,0.001529835278908584,0.3728813559322034,1.0,0.6864406779661016,7.391241823179856,0.10072497737884996
2025-02-06,2025-02-07,open,2025-02-10,2025-02-21,1,2,EXECUTED_ON_TIME,open,59,59,0,0.03402765601894713,0.02445203075812885,0.009575625260818281,6.101694915254237e-05,6.101694915254237e-05,0.0001016949152542373,8.135593220338983e-05,0.0003050847457627119,0.03372257127318442,0.02128237871648045,0.2033898305084746,1.0,0.6016949152542372,7.640493502359379,0.10318790762382943
2025-02-07,2025-02-10,open,2025-02-11,2025-02-24,1,2,EXECUTED_ON_TIME,open,59,59,0,0.015560626948169268,0.019081337532984133,-0.0035207105848148647,7.11864406779661e-05,7.11864406779661e-05,0.00011864406779661019,9.491525423728816e-05,0.0003559322033898306,0.015204694744779437,0.0163003395731865,0.23728813559322037,1.0,0.6186440677966102,7.756664873762225,0.1051568709185221
2025-02-10,2025-02-11,open,2025-02-12,2025-02-25,2,2,EXECUTED_ON_TIME,open,59,59,0,0.002542089664496429,0.007292148667954246,-0.0047500590034578166,6.610169491525422e-05,6.610169491525422e-05,0.00011016949152542371,8.813559322033898e-05,0.00033050847457627116,0.002211581189920158,0.010603378311012773,0.22033898305084743,1.0,0.6101694915254237,7.773819367893552,0.10592369045471685
2025-02-11,2025-02-12,open,2025-02-13,2025-02-26,2,2,EXECUTED_ON_TIME,open,59,59,0,0.01606502063980178,0.014417589448807444,0.0016474311909943362,5.593220338983049e-05,5.593220338983049e-05,9.322033898305082e-05,7.457627118644067e-05,0.0002796610169491525,0.01578535962285263,0.006483944397564046,0.18644067796610164,1.0,0.5932203389830508,7.896531902258848,0.10745085473659552
2025-02-12,2025-02-13,open,2025-02-14,2025-02-27,1,2,UNEXECUTED_TIMEOUT,open,59,59,0,-0.0010056811043360268,0.012049350214006216,-0.013055031318342243,7.11864406779661e-05,7.11864406779661e-05,0.00011864406779661019,9.491525423728816e-05,0.0003559322033898306,-0.0013616133077258574,0.0020886832951314722,0.23728813559322037,1.0,0.6186440677966102,7.88577987933585,0.10874556771611106
2025-02-13,2025-02-14,open,2025-02-17,2025-02-28,1,2,UNEXECUTED_TIMEOUT,open,59,59,0,0.003680579591573659,0.01265372701737344,-0.00897314742579978,4.5762711864406784e-05,4.5762711864406784e-05,7.627118644067799e-05,6.101694915254239e-05,0.00022881355932203397,0.003451766032251625,-0.008467665759734675,0.15254237288135597,1.0,0.576271186440678,7.912999746461155,0.11012160444434003
2025-02-14,2025-02-17,open,2025-02-18,2025-03-03,1,2,DELAYED_LIMIT_DOWN,open,59,59,0,-0.0007506330624960992,-0.013837444982380487,0.013086811919884388,7.627118644067796e-05,7.627118644067796e-05,0.0001271186440677966,0.00010169491525423729,0.00038135593220338984,-0.001131988994699489,0.006659071295332644,0.2542372881355932,1.0,0.6271186440677966,7.904042317833102,0.10859780280147001
2025-02-17,2025-02-18,open,2025-02-19,2025-03-04,1,2,EXECUTED_ON_TIME,open,59,59,0,-0.013507625903749142,-0.019424356055533165,0.005916730151784023,7.627118644067796e-05,7.627118644067796e-05,0.0001271186440677966,0.00010169491525423729,0.00038135593220338984,-0.013888981835952531,0.0022579086695391267,0.2542372881355932,1.0,0.6271186440677966,7.794263217650117,0.10648836041300568
2025-02-18,2025-02-19,open,2025-02-20,2025-03-05,1,2,EXECUTED_ON_TIME,open,59,59,0,-0.00012834308439420506,-0.004715812217437776,0.004587469133043571,9.661016949152543e-05,9.661016949152543e-05,0.0001610169491525424,0.00012881355932203392,0.00048305084745762714,-0.0006113939318518322,-0.01220707884147199,0.3220338983050848,1.0,0.6610169491525424,7.7894978524155905,0.10598618130195511
2025-02-19,2025-02-20,open,2025-02-21,2025-03-06,1,2,EXECUTED_ON_TIME,open,59,59,0,0.003799647882522669,-0.0028635329698957213,0.0066631808524183905,5.593220338983049e-05,5.593220338983049e-05,9.322033898305082e-05,7.457627118644067e-05,0.0002796610169491525,0.003519986865573516,-0.005330091782644377,0.18644067796610164,1.0,0.5932203389830508,7.816916782545507,0.10568268637744362
2025-02-20,2025-02-21,open,2025-02-24,2025-03-07,1,2,DELAYED_LIMIT_DOWN,open,59,59,0,0.009192131925621202,0.0017427398114600035,0.007449392114161199,5.593220338983049e-05,5.593220338983049e-05,9.322033898305082e-05,7.457627118644067e-05,0.0002796610169491525,0.00891247090867205,-0.0003421014898050325,0.18644067796610164,1.0,0.5932203389830508,7.886584825965454,0.10586686380237563
2025-02-21,2025-02-24,open,2025-02-25,2025-03-10,1,2,EXECUTED_ON_TIME,open,59,59,0,-0.005857560921488428,-0.006772338610385509,0.0009147776888970812,0.00010677966101694916,0.00010677966101694916,0.0001779661016949153,0.00014237288135593223,0.0005338983050847459,-0.006391459226573174,0.0018198371272836146,0.35593220338983056,1.0,0.6779661016949152,7.836178040613386,0.10514989755308637
2025-02-24,2025-02-25,open,2025-02-26,2025-03-11,1,2,EXECUTED_ON_TIME,open,59,59,0,-0.003248201280089848,-0.010983476864661612,0.007735275584571764,7.11864406779661e-05,7.11864406779661e-05,0.00011864406779661019,9.491525423728816e-05,0.0003559322033898306,-0.003604133483479679,-0.0038718924184563946,0.23728813559322037,1.0,0.6186440677966102,7.8079354089547035,0.10399498608599052
2025-02-25,2025-02-26,open,2025-02-27,2025-03-12,1,2,EXECUTED_ON_TIME,open,59,59,0,0.008007269148951864,0.0038200924655669155,0.004187176683384948,6.610169491525422e-05,6.610169491525422e-05,0.00011016949152542371,8.813559322033898e-05,0.00033050847457627116,0.007676760674375593,-0.0027150611312838323,0.22033898305084743,1.0,0.6101694915254237,7.867875060450231,0.10439225654879435
2025-02-26,2025-02-27,open,2025-02-28,2025-03-13,1,2,EXECUTED_ON_TIME,open,59,59,0,-0.003310849656987518,-0.008916796093170865,0.005605946436183347,6.101694915254237e-05,6.101694915254237e-05,0.0001016949152542373,8.135593220338983e-05,0.0003050847457627119,-0.0036159344027502298,-0.0018692676944839586,0.2033898305084746,1.0,0.6016949152542372,7.839425340342609,0.10346141208344277
2025-02-27,2025-02-28,open,2025-03-03,2025-03-14,2,3,EXECUTED_ON_TIME,open,59,59,0,-0.009721725962103125,-0.007739127286885417,-0.0019825986752177085,9.152542372881354e-05,9.152542372881354e-05,0.00015254237288135592,0.00012203389830508474,0.00045762711864406777,-0.010179353080747192,0.008261972669625585,0.30508474576271183,1.0,0.652542372881356,7.759625061853104,0.1026607110460481
2025-02-28,2025-03-03,open,2025-03-04,2025-03-17,2,3,EXECUTED_ON_TIME,open,59,59,0,-0.0019572975853286443,0.031013699529399252,-0.032970997114727896,7.627118644067796e-05,7.627118644067796e-05,0.0001271186440677966,0.00010169491525423729,0.00038135593220338984,-0.002338653517532034,0.010336012736631765,0.2542372881355932,1.0,0.6271186440677966,7.741477987407471,0.10584459949190471
2025-03-03,2025-03-04,open,2025-03-05,2025-03-18,2,3,EXECUTED_ON_TIME,open,59,59,0,0.01702826413839095,0.03770957740751801,-0.020681313269127064,7.627118644067796e-05,7.627118644067796e-05,0.0001271186440677966,0.00010169491525423729,0.00038135593220338984,0.01664690820618756,0.008316056459490413,0.2542372881355932,1.0,0.6271186440677966,7.870349660844065,0.10983595460961243
2025-03-04,2025-03-05,open,2025-03-06,2025-03-19,2,3,EXECUTED_ON_TIME,open,59,59,0,0.013661183981151808,0.03010083597428781,-0.016439651993136004,6.610169491525422e-05,6.610169491525422e-05,0.00011016949152542371,8.813559322033898e-05,0.00033050847457627116,0.013330675506575537,0.003957899779845156,0.22033898305084743,1.0,0.6101694915254237,7.975266738296065,0.11314210866339569
2025-03-05,2025-03-06,open,2025-03-07,2025-03-20,2,3,EXECUTED_ON_TIME,open,59,59,0,0.004725039831384671,0.022347040806365515,-0.017622000974980845,5.593220338983049e-05,5.593220338983049e-05,9.322033898305082e-05,7.457627118644067e-05,0.0002796610169491525,0.004445378814435518,0.0026663851383798664,0.18644067796610164,1.0,0.5932203389830508,8.010719820093957,0.11567049998261483
2025-03-06,2025-03-07,open,2025-03-10,2025-03-21,2,3,EXECUTED_ON_TIME,open,59,59,0,-0.0007722256699553748,0.0054754031455683805,-0.006247628815523755,8.135593220338983e-05,8.135593220338983e-05,0.00013559322033898308,0.00010847457627118647,0.0004067796610169492,-0.001179005330972324,0.0010535546696892441,0.27118644067796616,1.0,0.6355932203389831,8.001275138721141,0.11630384260206911
2025-03-07,2025-03-10,open,2025-03-11,2025-03-24,2,3,EXECUTED_ON_TIME,open,59,59,0,-0.007132085865342805,-0.007468103548781135,0.0003360176834383303,4.5762711864406784e-05,4.5762711864406784e-05,7.627118644067799e-05,6.101694915254239e-05,0.00022881355932203397,-0.007360899424664839,0.0010709921934510267,0.15254237288135597,1.0,0.576271186440678,7.942378557155943,0.11543527346239571
2025-03-10,2025-03-11,open,2025-03-12,2025-03-25,2,3,EXECUTED_ON_TIME,open,59,59,0,0.0061648064859381995,0.012200961795749699,-0.006036155309811499,7.11864406779661e-05,7.11864406779661e-05,0.00011864406779661019,9.491525423728816e-05,0.0003559322033898306,0.005808874282548369,-0.01065838572583362,0.23728813559322037,1.0,0.6186440677966102,7.98851483569887,0.11684369482379232
2025-03-11,2025-03-12,open,2025-03-13,2025-03-26,1,2,UNEXECUTED_TIMEOUT,open,59,59,0,-0.011449240848466984,-0.004219808039906181,-0.0072294328085608026,5.084745762711864e-05,5.084745762711864e-05,8.47457627118644e-05,6.779661016949152e-05,0.0002542372881355932,-0.011703478136602576,-0.006889461787660795,0.1694915254237288,1.0,0.5847457627118644,7.895021426975344,0.11635063686096254
2025-03-12,2025-03-13,open,2025-03-14,2025-03-27,1,2,UNEXECUTED_TIMEOUT,open,59,59,0,-0.0045301972298875575,-0.003657905355010427,-0.0008722918748771307,7.11864406779661e-05,7.11864406779661e-05,0.00011864406779661019,9.491525423728816e-05,0.0003559322033898306,-0.004886129433277388,-0.001150860621022,0.23728813559322037,1.0,0.6186440677966102,7.856445330404644,0.11592503724332996
2025-03-13,2025-03-14,open,2025-03-17,2025-03-28,1,2,UNEXECUTED_TIMEOUT,open,59,59,0,0.014486884753769726,0.002847217686630543,0.011639667067139182,6.610169491525422e-05,6.610169491525422e-05,0.00011016949152542371,8.813559322033898e-05,0.00033050847457627116,0.014156376279193455,-0.007631912889884761,0.22033898305084743,1.0,0.6101694915254237,7.9676641267187645,0.11625510105969247
2025-03-14,2025-03-17,open,2025-03-18,2025-03-31,1,2,UNEXECUTED_TIMEOUT,open,59,59,0,-0.0060401611529495485,-0.02851735047156667,0.022477189318617124,7.11864406779661e-05,7.11864406779661e-05,0.00011864406779661019,9.491525423728816e-05,0.0003559322033898306,-0.006396093356339379,-0.005716556630932451,0.23728813559322037,1.0,0.6186440677966102,7.916702203132314,0.11293981359866583
2025-03-17,2025-03-18,open,2025-03-19,2025-04-01,1,2,EXECUTED_ON_TIME,open,59,59,0,-0.0035173307687487673,-0.029662650908736543,0.026145320139987775,7.627118644067796e-05,7.627118644067796e-05,0.0001271186440677966,0.00010169491525423729,0.00038135593220338984,-0.003898686700952157,-0.0015160157629898387,0.2542372881355932,1.0,0.6271186440677966,7.885837461537564,0.10958971933419083
2025-03-18,2025-03-19,open,2025-03-20,2025-04-02,1,2,EXECUTED_ON_TIME,open,59,59,0,-0.004614119880964076,-0.03006548351051541,0.025451363629551336,6.610169491525422e-05,6.610169491525422e-05,0.00011016949152542371,8.813559322033898e-05,0.00033050847457627116,-0.004944628355540347,0.00033115417297963946,0.22033898305084743,1.0,0.6101694915254237,7.846844926018063,0.1062948514346267
2025-03-19,2025-03-20,open,2025-03-21,2025-04-03,1,2,EXECUTED_ON_TIME,open,59,59,0,-0.012870332554295375,-0.04179469810840486,0.028924365554109484,0.00010169491525423727,0.00010169491525423727,0.0001694915254237288,0.00013559322033898305,0.0005084745762711864,-0.013378807130566562,-0.004079850482698039,0.3389830508474576,1.0,0.6694915254237288,7.741863501169402,0.10185229020843874
2025-03-20,2025-03-21,open,2025-03-24,2025-04-07,1,2,EXECUTED_ON_TIME,open,59,59,0,-0.01898370926528143,-0.07344306021784863,0.0544593509525672,8.64406779661017e-05,8.64406779661017e-05,0.00014406779661016949,0.0001152542372881356,0.00043220338983050846,-0.019415912655111937,-0.00552300370360472,0.288135593220339,1.0,0.6440677966101696,7.591548155642898,0.09437194632533458
2025-03-21,2025-03-24,open,2025-03-25,2025-04-08,1,1,EXECUTED_ON_TIME,open,59,59,0,-0.003698475953502463,-0.08123563307911874,0.07753715712561628,8.64406779661017e-05,8.64406779661017e-05,0.00014406779661016949,0.0001152542372881356,0.00043220338983050846,-0.004130679343332971,-0.008903699164581256,0.288135593220339,1.0,0.6440677966101696,7.560189904492466,0.08670558152068741
2025-03-24,2025-03-25,open,2025-03-26,2025-04-09,1,2,EXECUTED_ON_TIME,open,59,59,0,-0.01143656110263708,-0.08425662625085772,0.07282006514822065,7.627118644067796e-05,7.627118644067796e-05,0.0001271186440677966,0.00010169491525423729,0.00038135593220338984,-0.01181791703484047,-0.005916085970072244,0.2542372881355932,1.0,0.6271186440677966,7.470844207433536,0.07940006174463558
2025-03-25,2025-03-26,open,2025-03-27,2025-04-10,1,2,EXECUTED_ON_TIME,open,59,59,0,-0.0074999042326409455,-0.046074163523702305,0.03857425929106136,9.152542372881354e-05,9.152542372881354e-05,0.00015254237288135592,0.00012203389830508474,0.00045762711864406777,-0.007957531351285014,-0.0015121444024973306,0.30508474576271183,1.0,0.652542372881356,7.411394730432318,0.07574177031602118
2025-03-26,2025-03-27,open,2025-03-28,2025-04-11,1,2,EXECUTED_ON_TIME,open,59,59,0,-0.0014017233784653718,-0.046292821159978126,0.044891097781512755,8.135593220338983e-05,8.135593220338983e-05,0.00013559322033898308,0.00010847457627118647,0.0004067796610169492,-0.001808503039482321,-0.003570522608990499,0.27118644067796616,1.0,0.6355932203389831,7.397991200535528,0.07223547008844147
2025-03-27,2025-03-28,open,2025-03-31,2025-04-14,1,2,EXECUTED_ON_TIME,open,59,59,0,-0.007846966300664941,-0.04038261147417199,0.03253564517350705,7.627118644067796e-05,7.627118644067796e-05,0.0001271186440677966,0.00010169491525423729,0.00038135593220338984,-0.00822832223286833,-0.001071538914706468,0.2542372881355932,1.0,0.6271186440677966,7.337118145061598,0.06931841316520578
2025-03-28,2025-03-31,open,2025-04-01,2025-04-15,1,1,EXECUTED_ON_TIME,open,59,59,0,0.0032549400326909723,-0.03827539399823143,0.041530334030922406,8.135593220338983e-05,8.135593220338983e-05,0.00013559322033898308,0.00010847457627118647,0.0004067796610169492,0.002848160371674023,0.0035047531650790344,0.27118644067796616,1.0,0.6355932203389831,7.3580154342046535,0.06666522358997533
2025-03-31,2025-04-01,open,2025-04-02,2025-04-16,1,2,EXECUTED_ON_TIME,open,59,59,0,0.0039016929715396387,-0.03465467728838445,0.03855637025992409,8.135593220338983e-05,8.135593220338983e-05,0.00013559322033898308,0.00010847457627118647,0.0004067796610169492,0.0034949133105226897,0.008754933480563491,0.27118644067796616,1.0,0.6355932203389831,7.383731060284687,0.06435496178010675
2025-04-01,2025-04-02,open,2025-04-03,2025-04-17,1,2,DELAYED_LIMIT_DOWN,open,59,59,0,-0.007671256369535764,-0.033295077924157535,0.02562382155462177,7.11864406779661e-05,7.11864406779661e-05,0.00011864406779661019,9.491525423728816e-05,0.0003559322033898306,-0.008027188572925595,0.002944491914245633,0.23728813559322037,1.0,0.6186440677966102,7.3244604586920135,0.06221225831283191
2025-04-02,2025-04-03,open,2025-04-07,2025-04-18,1,2,DELAYED_LIMIT_DOWN,open,59,59,0,-0.04497146389375003,-0.021692930615405337,-0.02327853327834469,7.627118644067796e-05,7.627118644067796e-05,0.0001271186440677966,0.00010169491525423729,0.00038135593220338984,-0.04535281982595342,0.004795031531096602,0.2542372881355932,1.0,0.6271186440677966,6.992275523186635,0.06086269210982398
2025-04-03,2025-04-07,open,2025-04-08,2025-04-21,1,2,EXECUTED_ON_TIME,open,59,59,0,-0.023063779682021262,0.025288405916191747,-0.04835218559821301,0.00010169491525423727,0.00010169491525423727,0.0001694915254237288,0.00013559322033898305,0.0005084745762711864,-0.023572254258292447,0.00826451976414527,0.3389830508474576,1.0,0.6694915254237288,6.827451826710044,0.06240181257304941
2025-04-07,2025-04-08,open,2025-04-09,2025-04-22,0,1,EXECUTED_ON_TIME,open,59,59,0,-0.0017763673495814335,0.050618874003400816,-0.05239524135298225,0.00018813559322033895,0.00018813559322033895,0.0003135593220338983,0.00025084745762711866,0.0009406779661016949,-0.0027170453156831285,0.015927093742511382,0.6271186440677966,1.0,0.8135593220338984,6.808901330706229,0.06556052206126843
2025-04-08,2025-04-09,open,2025-04-10,2025-04-23,0,1,EXECUTED_ON_TIME,open,59,59,0,0.0484212922393029,0.05471999698289354,-0.006298704743590636,9.152542372881354e-05,9.152542372881354e-05,0.00015254237288135592,0.00012203389830508474,0.00045762711864406777,0.04796366512065883,-0.006096535797063374,0.30508474576271183,1.0,0.652542372881356,7.13548119397183,0.06914799363065796
2025-04-09,2025-04-10,open,2025-04-11,2025-04-24,1,1,EXECUTED_ON_TIME,open,59,59,0,-0.0016089001929662718,0.010224516327271838,-0.011833416520238109,7.11864406779661e-05,7.11864406779661e-05,0.00011864406779661019,9.491525423728816e-05,0.0003559322033898306,-0.001964832396356102,0.006109138874101198,0.23728813559322037,1.0,0.6186440677966102,7.121461169358324,0.06985499842053271
2025-04-10,2025-04-11,open,2025-04-14,2025-04-25,1,1,EXECUTED_ON_TIME,open,59,59,0,0.016808196595319076,0.016558655234209407,0.0002495413611096689,4.5762711864406784e-05,4.5762711864406784e-05,7.627118644067799e-05,6.101694915254239e-05,0.00022881355932203397,0.016579383035997042,0.009756740727334703,0.15254237288135597,1.0,0.576271186440678,7.2395306018610945,0.07101170325576456
2025-04-11,2025-04-14,open,2025-04-15,2025-04-28,1,1,EXECUTED_ON_TIME,open,59,59,0,-0.000967042332677601,0.003803246041069075,-0.004770288373746676,5.593220338983049e-05,5.593220338983049e-05,9.322033898305082e-05,7.457627118644067e-05,0.0002796610169491525,-0.0012467033496267534,0.000667925893359669,0.18644067796610164,1.0,0.5932203389830508,7.230505054810029,0.07128177823504162
2025-04-14,2025-04-15,open,2025-04-16,2025-04-29,1,2,EXECUTED_ON_TIME,open,59,59,0,0.00428203228254034,0.005197420243797435,-0.0009153879612570949,5.084745762711864e-05,5.084745762711864e-05,8.47457627118644e-05,6.779661016949152e-05,0.0002542372881355932,0.004027794994404746,0.007024243227171863,0.1694915254237288,1.0,0.5847457627118644,7.259628046876811,0.0716522595922543
2025-04-15,2025-04-16,open,2025-04-17,2025-04-30,1,1,EXECUTED_ON_TIME,open,59,59,0,-0.0024814710604602365,0.0047779649993773265,-0.007259436059837563,4.0677966101694904e-05,4.0677966101694904e-05,6.779661016949151e-05,5.4237288135593214e-05,0.00020338983050847455,-0.002684860890968711,-0.0036790155843322604,0.13559322033898302,1.0,0.5677966101694916,7.2401369554507715,0.07199461158071238
2025-04-16,2025-04-17,open,2025-04-18,2025-05-06,0,1,EXECUTED_ON_TIME,open,59,59,0,0.003963243045513261,0.010463142521902391,-0.00649989947638913,4.5762711864406784e-05,4.5762711864406784e-05,7.627118644067799e-05,6.101694915254239e-05,0.00022881355932203397,0.0037344294861912266,0.004775481386312169,0.15254237288135597,1.0,0.576271186440678,7.2671747363812695,0.07274790146249038
2025-04-17,2025-04-18,open,2025-04-21,2025-05-07,1,1,EXECUTED_ON_TIME,open,59,59,0,0.005167660892870223,0.027003414588609775,-0.021835753695739552,0.00012203389830508474,0.00012203389830508474,0.0002033898305084746,0.00016271186440677967,0.0006101694915254238,0.0045574914013448,0.003528214294308588,0.4067796610169492,1.0,0.7033898305084746,7.300294822754398,0.07471234320613335
2025-04-18,2025-04-21,open,2025-04-22,2025-05-08,1,1,EXECUTED_ON_TIME,open,59,59,0,0.006683404185729085,0.01390764997709737,-0.007224245791368284,8.135593220338983e-05,8.135593220338983e-05,0.00013559322033898308,0.00010847457627118647,0.0004067796610169492,0.006276624524712136,0.001949841565632198,0.27118644067796616,1.0,0.6355932203389831,7.3461160322765275,0.07575141632441301
2025-04-21,2025-04-22,open,2025-04-23,2025-05-09,1,1,EXECUTED_ON_TIME,open,59,59,0,0.007462237725781761,0.01812300799553035,-0.010660770269748588,9.661016949152543e-05,9.661016949152543e-05,0.0001610169491525424,0.00012881355932203392,0.00048305084745762714,0.006979186878324134,0.001962912784625347,0.3220338983050848,1.0,0.6610169491525424,7.397385948895639,0.07712425984813309
2025-04-22,2025-04-23,open,2025-04-24,2025-05-12,1,2,EXECUTED_ON_TIME,open,59,59,0,-0.0021997100949293427,0.01659055116040009,-0.018790261255329434,0.00010169491525423727,0.00010169491525423727,0.0001694915254237288,0.00013559322033898305,0.0005084745762711864,-0.002708184671200529,0.0035132895260234004,0.3389830508474576,1.0,0.6694915254237288,7.377352461661887,0.07840379382685153
2025-04-23,2025-04-24,open,2025-04-25,2025-05-13,1,2,EXECUTED_ON_TIME,open,59,59,0,0.003428750990756591,0.03383086127136958,-0.030402110280612994,0.00010677966101694916,0.00010677966101694916,0.0001779661016949153,0.00014237288135593223,0.0005338983050847459,0.002894852685671845,0.00777649902396575,0.35593220338983056,1.0,0.6779661016949152,7.398708810248676,0.08105626169895681
2025-04-24,2025-04-25,open,2025-04-28,2025-05-14,1,2,EXECUTED_ON_TIME,open,59,59,0,0.006899950270264934,0.027097237297486032,-0.020197287027221098,7.11864406779661e-05,7.11864406779661e-05,0.00011864406779661019,9.491525423728816e-05,0.0003559322033898306,0.006544018066875103,0.002733608146195149,0.23728813559322037,1.0,0.6186440677966102,7.447126094374492,0.08325266245666058
2025-04-25,2025-04-28,open,2025-04-29,2025-05-15,1,2,EXECUTED_ON_TIME,open,59,59,0,-0.0013893552590440884,0.03899231642196099,-0.04038167168100508,8.64406779661017e-05,8.64406779661017e-05,0.00014406779661016949,0.0001152542372881356,0.00043220338983050846,-0.0018215586488745969,0.0047425826815930446,0.288135593220339,1.0,0.6440677966101696,7.4335607174280245,0.08649887661414139
2025-04-28,2025-04-29,open,2025-04-30,2025-05-16,1,2,EXECUTED_ON_TIME,open,59,59,0,0.0012007933176433133,0.032484878852055976,-0.03128408553441266,0.00010169491525423727,0.00010169491525423727,0.0001694915254237288,0.00013559322033898305,0.0005084745762711864,0.0006923187413721268,-0.0002851516663919568,0.3389830508474576,1.0,0.6694915254237288,7.438707110827828,0.08930878214179071
2025-04-29,2025-04-30,open,2025-05-06,2025-05-19,1,2,EXECUTED_ON_TIME,open,59,59,0,0.012275186330085492,0.028268479177166572,-0.015993292847081078,7.627118644067796e-05,7.627118644067796e-05,0.0001271186440677966,0.00010169491525423729,0.00038135593220338984,0.011893830397882103,0.0027953847752005927,0.2542372881355932,1.0,0.6271186440677966,7.527181831583534,0.09183340559010403
2025-04-30,2025-05-06,open,2025-05-07,2025-05-20,1,2,EXECUTED_ON_TIME,open,59,59,0,0.018770741534663134,0.02338355502986511,-0.004612813495201977,0.00010169491525423727,0.00010169491525423727,0.0001694915254237288,0.00013559322033898305,0.0005084745762711864,0.01826226695839195,-0.007519347325963207,0.3389830508474576,1.0,0.6694915254237288,7.66464523563627,0.09398079708330015
2025-05-06,2025-05-07,open,2025-05-08,2025-05-21,1,2,EXECUTED_ON_TIME,open,59,59,0,-0.010128217514518343,0.009804284622577653,-0.019932502137095996,7.11864406779661e-05,7.11864406779661e-05,0.00011864406779661019,9.491525423728816e-05,0.0003559322033898306,-0.010484149717908174,0.00473322993450064,0.23728813559322037,1.0,0.6186440677966102,7.584287947451208,0.09490221156696153
2025-05-07,2025-05-08,open,2025-05-09,2025-05-22,1,2,EXECUTED_ON_TIME,open,59,59,0,0.009052241569904649,0.024094187535400824,-0.015041945965496175,8.135593220338983e-05,8.135593220338983e-05,0.00013559322033898308,0.00010847457627118647,0.0004067796610169492,0.0086454619088877,0.001658651677470575,0.27118644067796616,1.0,0.6355932203389831,7.649857620006933,0.0971888032499802
2025-05-08,2025-05-09,open,2025-05-12,2025-05-23,1,2,EXECUTED_ON_TIME,open,59,59,0,-0.0032110315177171665,0.016046015466846697,-0.019257046984563864,5.593220338983049e-05,5.593220338983049e-05,9.322033898305082e-05,7.457627118644067e-05,0.0002796610169491525,-0.003490692534666319,-0.008197844091850419,0.18644067796610164,1.0,0.5932203389830508,7.6231543191215145,0.0987482962901337
2025-05-09,2025-05-12,open,2025-05-13,2025-05-26,1,2,EXECUTED_ON_TIME,open,59,59,0,0.010488081416352012,0.0023943943550432945,0.008093687061308717,6.101694915254237e-05,6.101694915254237e-05,0.0001016949152542373,8.135593220338983e-05,0.0003050847457627119,0.010182996670589299,-0.002854318517270185,0.2033898305084746,1.0,0.6016949152542372,7.700780874172517,0.09898473865334094
2025-05-12,2025-05-13,open,2025-05-14,2025-05-27,1,1,EXECUTED_ON_TIME,open,59,59,0,-0.0018469998089700565,-0.014803636333918346,0.01295663652494829,5.084745762711864e-05,5.084745762711864e-05,8.47457627118644e-05,6.779661016949152e-05,0.0002542372881355932,-0.0021012370971056496,0.0007268383913888159,0.1694915254237288,1.0,0.5847457627118644,7.684599707723025,0.09751940457970892
2025-05-13,2025-05-14,open,2025-05-15,2025-05-28,0,1,EXECUTED_ON_TIME,open,59,59,0,0.006829338485342254,-0.013290408152942912,0.020119746638285165,6.610169491525422e-05,6.610169491525422e-05,0.00011016949152542371,8.813559322033898e-05,0.00033050847457627116,0.006498830010765983,-0.002686167975327172,0.22033898305084743,1.0,0.6101694915254237,7.734540614924299,0.09622333189001263
2025-05-14,2025-05-15,open,2025-05-16,2025-05-29,1,1,EXECUTED_ON_TIME,open,59,59,0,-0.0073509054967832175,-0.02440705160386547,0.017056146107082254,5.084745762711864e-05,5.084745762711864e-05,8.47457627118644e-05,6.779661016949152e-05,0.0002542372881355932,-0.007605142784918811,0.004504123121612968,0.1694915254237288,1.0,0.5847457627118644,7.675718329172046,0.09387480406307722
2025-05-15,2025-05-16,open,2025-05-19,2025-05-30,1,1,EXECUTED_ON_TIME,open,59,59,0,-0.0030104961276383,-0.012356277762701429,0.009345781635063128,8.135593220338983e-05,8.135593220338983e-05,0.00013559322033898308,0.00010847457627118647,0.0004067796610169492,-0.0034172757886552496,-2.0972057271268635e-05,0.27118644067796616,1.0,0.6355932203389831,7.649488282765229,0.09271486090915466
2025-05-16,2025-05-19,open,2025-05-20,2025-06-03,1,1,EXECUTED_ON_TIME,open,59,59,0,-0.0015994580997296377,-0.012648844785204005,0.011049386685474368,7.11864406779661e-05,7.11864406779661e-05,0.00011864406779661019,9.491525423728816e-05,0.0003559322033898306,-0.0019553903031194683,-0.003521649322362497,0.23728813559322037,1.0,0.6186440677966102,7.634530547553284,0.09154212502423299
2025-05-19,2025-05-20,open,2025-05-21,2025-06-04,1,2,EXECUTED_ON_TIME,open,59,59,0,0.007973570692866385,-0.00711132491497779,0.015084895607844175,9.152542372881354e-05,9.152542372881354e-05,0.00015254237288135592,0.00012203389830508474,0.00045762711864406777,0.007515943574222317,0.005265264518763259,0.30508474576271183,1.0,0.652542372881356,7.691911248364371,0.09089113922977815
2025-05-20,2025-05-21,open,2025-05-22,2025-06-05,1,2,EXECUTED_ON_TIME,open,59,59,0,0.009752887948884677,-0.006872787020280047,0.016625674969164724,7.627118644067796e-05,7.627118644067796e-05,0.0001271186440677966,0.00010169491525423729,0.00038135593220338984,0.009371532016681288,0.007009988698094862,0.2542372881355932,1.0,0.6271186440677966,7.76399624089789,0.09026646378782127
2025-05-21,2025-05-22,open,2025-05-23,2025-06-06,1,2,EXECUTED_ON_TIME,open,59,59,0,0.005208921247240538,-0.008817152579575604,0.014026073826816143,9.661016949152543e-05,9.661016949152543e-05,0.0001610169491525424,0.00012881355932203392,0.00048305084745762714,0.004725870399782911,0.005962157691894066,0.3220338983050848,1.0,0.6610169491525424,7.800687880916776,0.08947057060378531
2025-05-22,2025-05-23,open,2025-05-26,2025-06-09,1,2,EXECUTED_ON_TIME,open,59,59,0,-0.0030453152669287892,-0.008330660954681046,0.0052853456877522565,6.610169491525422e-05,6.610169491525422e-05,0.00011016949152542371,8.813559322033898e-05,0.00033050847457627116,-0.0033758237415050605,0.006261215345674767,0.22033898305084743,1.0,0.6101694915254237,7.774354133568306,0.08872522161466333
2025-05-23,2025-05-26,open,2025-05-27,2025-06-10,1,2,EXECUTED_ON_TIME,open,59,59,0,0.0026814974489498583,0.003034736927113313,-0.00035323947816345456,8.135593220338983e-05,8.135593220338983e-05,0.00013559322033898308,0.00010847457627118647,0.0004067796610169492,0.002274717787932909,0.0038345081066203717,0.27118644067796616,1.0,0.6355932203389831,7.792038595205624,0.08899447932106366
2025-05-26,2025-05-27,open,2025-05-28,2025-06-11,1,1,EXECUTED_ON_TIME,open,59,59,0,-0.005321458594024276,0.00338161258203562,-0.008703071176059896,7.627118644067796e-05,7.627118644067796e-05,0.0001271186440677966,0.00010169491525423729,0.00038135593220338984,-0.005702814526227666,-0.001656702009103016,0.2542372881355932,1.0,0.6271186440677966,7.747602044315959,0.08929542417206748
2025-05-27,2025-05-28,open,2025-05-29,2025-06-12,1,2,EXECUTED_ON_TIME,open,59,59,0,0.00625151664367415,0.01104454115519471,-0.004793024511520559,7.11864406779661e-05,7.11864406779661e-05,0.00011864406779661019,9.491525423728816e-05,0.0003559322033898306,0.005895584440284319,0.006321523436819794,0.23728813559322037,1.0,0.6186440677966102,7.793278686377943,0.09028165115930645
2025-05-28,2025-05-29,open,2025-05-30,2025-06-13,1,2,EXECUTED_ON_TIME,open,59,59,0,0.006078195096973977,0.011329572181826508,-0.005251377084852531,7.627118644067796e-05,7.627118644067796e-05,0.0001271186440677966,0.00010169491525423729,0.00038135593220338984,0.005696839164770587,0.0015863026250051565,0.2542372881355932,1.0,0.6271186440677966,7.837675741620472,0.09130450364281029
2025-05-29,2025-05-30,open,2025-06-03,2025-06-16,1,2,EXECUTED_ON_TIME,open,59,59,0,-0.007568956387287471,0.0008118440937303628,-0.008380800481017834,7.11864406779661e-05,7.11864406779661e-05,0.00011864406779661019,9.491525423728816e-05,0.0003559322033898306,-0.007924888590677302,0.0009771361453787784,0.23728813559322037,1.0,0.6186440677966102,7.775563034558275,0.09137862866482369
2025-05-30,2025-06-03,open,2025-06-04,2025-06-17,1,2,EXECUTED_ON_TIME,open,59,59,0,0.0035886948159142068,0.010882863461657788,-0.007294168645743581,8.135593220338983e-05,8.135593220338983e-05,0.00013559322033898308,0.00010847457627118647,0.0004067796610169492,0.003181915154897258,-0.0012087700099844218,0.27118644067796616,1.0,0.6355932203389831,7.800304216415795,0.0923730898038965
2025-06-03,2025-06-04,open,2025-06-05,2025-06-18,1,2,EXECUTED_ON_TIME,open,59,59,0,0.004823748756532353,0.0041919466485176304,0.0006318021080147229,8.64406779661017e-05,8.64406779661017e-05,0.00014406779661016949,0.0001152542372881356,0.00043220338983050846,0.004391545366701845,-0.0023799989196832926,0.288135593220339,1.0,0.6440677966101696,7.834559606256261,0.09276031286811316
2025-06-04,2025-06-05,open,2025-06-06,2025-06-19,1,2,EXECUTED_ON_TIME,open,59,59,0,0.0016633925728266137,-0.0006682784882756643,0.002331671061102278,7.627118644067796e-05,7.627118644067796e-05,0.0001271186440677966,0.00010169491525423729,0.00038135593220338984,0.0012820366406232238,-0.006374596124219683,0.2542372881355932,1.0,0.6271186440677966,7.844603798734628,0.09269832314645768
2025-06-05,2025-06-06,open,2025-06-09,2025-06-20,1,2,EXECUTED_ON_TIME,open,59,59,0,-0.004988843851943258,-0.00988111971239547,0.004892275860452212,6.101694915254237e-05,6.101694915254237e-05,0.0001016949152542373,8.135593220338983e-05,0.0003050847457627119,-0.00529392859770597,-0.006013737003524623,0.2033898305084746,1.0,0.6016949152542372,7.803075026346834,0.09178235991830921
2025-06-06,2025-06-09,open,2025-06-10,2025-06-23,1,2,EXECUTED_ON_TIME,open,59,59,0,0.0009407550260051494,-0.012024349901670894,0.012965104927676043,8.135593220338983e-05,8.135593220338983e-05,0.00013559322033898308,0.00010847457627118647,0.0004067796610169492,0.0005339753649882002,-0.003275147037610622,0.27118644067796616,1.0,0.6355932203389831,7.807241676182058,0.09067873670785037
2025-06-09,2025-06-10,open,2025-06-11,2025-06-24,1,2,EXECUTED_ON_TIME,open,59,59,0,-0.004375162382799965,-0.006472712512324619,0.002097550129524654,8.135593220338983e-05,8.135593220338983e-05,0.00013559322033898308,0.00010847457627118647,0.0004067796610169492,-0.004781942043816914,0.001311330519552823,0.27118644067796616,1.0,0.6355932203389831,7.769907898964484,0.09009179931415968
2025-06-10,2025-06-11,open,2025-06-12,2025-06-25,1,2,EXECUTED_ON_TIME,open,59,59,0,0.0071632214245480625,0.009403018390605089,-0.0022397969660570265,6.610169491525422e-05,6.610169491525422e-05,0.00011016949152542371,8.813559322033898e-05,0.00033050847457627116,0.006832712949971792,0.00536309987387894,0.22033898305084743,1.0,0.6101694915254237,7.822997449285828,0.09093893415995342
2025-06-11,2025-06-12,open,2025-06-13,2025-06-26,1,2,EXECUTED_ON_TIME,open,59,59,0,0.004700368929112484,0.017408223352344043,-0.012707854423231559,6.610169491525422e-05,6.610169491525422e-05,0.00011016949152542371,8.813559322033898e-05,0.00033050847457627116,0.004369860454536213,0.004301180532341953,0.22033898305084743,1.0,0.6101694915254237,7.857182856475399,0.09252201943723401
2025-06-12,2025-06-13,open,2025-06-16,2025-06-27,1,2,EXECUTED_ON_TIME,open,59,59,0,0.002529091157918573,0.01759529582954178,-0.015066204671623206,8.64406779661017e-05,8.64406779661017e-05,0.00014406779661016949,0.0001152542372881356,0.00043220338983050846,0.0020968877680880645,0.007641317347968406,0.288135593220339,1.0,0.6440677966101696,7.873658487098774,0.09414997173997876
2025-06-13,2025-06-16,open,2025-06-17,2025-06-30,1,2,EXECUTED_ON_TIME,open,59,59,0,0.004582193955412902,0.01730736743824446,-0.012725173482831557,0.000111864406779661,0.000111864406779661,0.0001864406779661017,0.00014915254237288136,0.0005593220338983051,0.004022871921514596,-0.0012291488307424603,0.3728813559322034,1.0,0.6864406779661016,7.905333206746118,0.0957794598951829
2025-06-16,2025-06-17,open,2025-06-18,2025-07-01,1,2,EXECUTED_ON_TIME,open,59,59,0,0.0014559402572145257,0.015671800281638726,-0.0142158600244242,7.11864406779661e-05,7.11864406779661e-05,0.00011864406779661019,9.491525423728816e-05,0.0003559322033898306,0.0011000080538246951,0.0030594236227394767,0.23728813559322037,1.0,0.6186440677966102,7.914029136941705,0.09728049646174343
2025-06-17,2025-06-18,open,2025-06-19,2025-07-02,1,2,EXECUTED_ON_TIME,open,59,59,0,0.0069211254370872746,0.01851226221378477,-0.011591136776697495,7.627118644067796e-05,7.627118644067796e-05,0.0001271186440677966,0.00010169491525423729,0.00038135593220338984,0.006539769504883885,0.003271231090460562,0.2542372881355932,1.0,0.6271186440677966,7.965785063352239,0.09908137852053038
2025-06-18,2025-06-19,open,2025-06-20,2025-07-03,1,2,EXECUTED_ON_TIME,open,59,59,0,-0.006984949577432922,0.020503874757141327,-0.02748882433457425,6.101694915254237e-05,6.101694915254237e-05,0.0001016949152542373,8.135593220338983e-05,0.0003050847457627119,-0.007290034323195633,0.002874294677771531,0.2033898305084746,1.0,0.6016949152542372,7.907714216829202,0.10111293069648025
2025-06-19,2025-06-20,open,2025-06-23,2025-07-04,1,2,EXECUTED_ON_TIME,open,59,59,0,-0.0027185939707100575,0.03325213950892536,-0.03597073347963542,5.593220338983049e-05,5.593220338983049e-05,9.322033898305082e-05,7.457627118644067e-05,0.0002796610169491525,-0.00299825498765921,0.004306675859635817,0.18644067796610164,1.0,0.5932203389830508,7.88400487323761,0.10447515197415591
2025-06-20,2025-06-23,open,2025-06-24,2025-07-07,1,2,EXECUTED_ON_TIME,open,59,59,0,0.011303606474843773,0.03813926294056391,-0.02683565646572014,8.135593220338983e-05,8.135593220338983e-05,0.00013559322033898308,0.00010847457627118647,0.0004067796610169492,0.010896826813826824,0.002144527834584499,0.27118644067796616,1.0,0.6355932203389831,7.969915508940646,0.10845975726605361
2025-06-23,2025-06-24,open,2025-06-25,2025-07-08,0,1,EXECUTED_ON_TIME,open,59,59,0,0.011193148799519707,0.026677278409108496,-0.015484129609588788,5.593220338983049e-05,5.593220338983049e-05,9.322033898305082e-05,7.457627118644067e-05,0.0002796610169491525,0.010913487782570555,-0.0010040607405650114,0.18644067796610164,1.0,0.5932203389830508,8.05689508447559,0.11135316840682445
2025-06-24,2025-06-25,open,2025-06-26,2025-07-09,0,1,EXECUTED_ON_TIME,open,59,59,0,0.011467988621613384,0.023146768881421975,-0.011678780259808591,5.593220338983049e-05,5.593220338983049e-05,9.322033898305082e-05,7.457627118644067e-05,0.0002796610169491525,0.011188327604664232,-0.0047289310515077725,0.18644067796610164,1.0,0.5932203389830508,8.147038266157113,0.11393063446015128
2025-06-25,2025-06-26,open,2025-06-27,2025-07-10,0,1,EXECUTED_ON_TIME,open,59,59,0,0.002026168533473168,0.010184257657165352,-0.008158089123692184,7.627118644067796e-05,7.627118644067796e-05,0.0001271186440677966,0.00010169491525423729,0.00038135593220338984,0.0016448126012697782,0.00047405076710965916,0.2542372881355932,1.0,0.6271186440677966,8.160438617360315,0.11509093339653778
2025-06-26,2025-06-27,open,2025-06-30,2025-07-11,1,2,EXECUTED_ON_TIME,open,59,59,0,-0.0021424498103150232,0.015615268465041687,-0.017757718275356712,6.610169491525422e-05,6.610169491525422e-05,0.00011016949152542371,8.813559322033898e-05,0.00033050847457627116,-0.0024729582848912945,-0.00021565962741128437,0.22033898305084743,1.0,0.6101694915254237,8.140258193073167,0.11688810921941695
2025-06-27,2025-06-30,open,2025-07-01,2025-07-14,0,1,EXECUTED_ON_TIME,open,59,59,0,0.0032224574882136754,0.025737472626561786,-0.02251501513834811,9.152542372881354e-05,9.152542372881354e-05,0.00015254237288135592,0.00012203389830508474,0.00045762711864406777,0.002764830369569608,-0.00014283155736050535,0.30508474576271183,1.0,0.652542372881356,8.162764626141513,0.11989651373082226
2025-06-30,2025-07-01,open,2025-07-02,2025-07-15,1,1,EXECUTED_ON_TIME,open,59,59,0,0.0037445837831956204,0.02237907999882105,-0.018634496215625428,7.11864406779661e-05,7.11864406779661e-05,0.00011864406779661019,9.491525423728816e-05,0.0003559322033898306,0.0033886515798057897,0.0013724920598903083,0.23728813559322037,1.0,0.6186440677966102,8.190425391387471,0.12257968740318408
2025-07-01,2025-07-02,open,2025-07-03,2025-07-16,1,2,EXECUTED_ON_TIME,open,59,59,0,0.0013364054167682414,0.01929083668773779,-0.01795443127096955,7.627118644067796e-05,7.627118644067796e-05,0.0001271186440677966,0.00010169491525423729,0.00038135593220338984,0.0009550494845648515,0.0008702101077249886,0.2542372881355932,1.0,0.6271186440677966,8.198247652935883,0.12494435213411285
2025-07-02,2025-07-03,open,2025-07-04,2025-07-17,1,2,EXECUTED_ON_TIME,open,59,59,0,0.0045891427567582126,0.014095052413024778,-0.009505909656266565,8.64406779661017e-05,8.64406779661017e-05,0.00014406779661016949,0.0001152542372881356,0.00043220338983050846,0.0041569393669277045,-0.000621464725048297,0.288135593220339,1.0,0.6440677966101696,8.232327271344195,0.1267054493261546
2025-07-03,2025-07-04,open,2025-07-07,2025-07-18,1,2,EXECUTED_ON_TIME,open,59,59,0,0.004656987248170063,0.01825019710323783,-0.013593209855067769,7.11864406779661e-05,7.11864406779661e-05,0.00011864406779661019,9.491525423728816e-05,0.0003559322033898306,0.004301055044780232,0.0047498070907173815,0.23728813559322037,1.0,0.6186440677966102,8.267734964084891,0.12901784875041122
2025-07-04,2025-07-07,open,2025-07-08,2025-07-21,1,2,EXECUTED_ON_TIME,open,59,59,0,-0.001922708783092952,0.023252276425544283,-0.025174985208637236,7.11864406779661e-05,7.11864406779661e-05,0.00011864406779661019,9.491525423728816e-05,0.0003559322033898306,-0.002278640986482783,-0.0018663554188789564,0.23728813559322037,1.0,0.6186440677966102,8.248895764330351,0.13201780743338484
2025-07-07,2025-07-08,open,2025-07-09,2025-07-22,0,1,EXECUTED_ON_TIME,open,59,59,0,0.014940911152123999,0.030742976921016796,-0.015802065768892797,0.00010677966101694916,0.00010677966101694916,0.0001779661016949153,0.00014237288135593223,0.0005338983050847459,0.014407012847039253,-0.0022537529455379547,0.35593220338983056,1.0,0.6779661016949152,8.367737711580947,0.13607642784047264
2025-07-08,2025-07-09,open,2025-07-10,2025-07-15,0,1,EXECUTED_ON_TIME,open,59,59,0,-0.002482028366238632,0.006625634395863056,-0.009107662762101688,7.11864406779661e-05,7.11864406779661e-05,0.00011864406779661019,9.491525423728816e-05,0.0003559322033898306,-0.002837960569628463,1.207510553368667e-05,0.23728813559322037,1.0,0.6186440677966102,8.343990401898488,0.13697802050123864
2025-07-09,2025-07-10,open,2025-07-11,2025-07-15,0,1,EXECUTED_ON_TIME,open,59,59,0,0.001058416868215536,0.007655092627371962,-0.006596675759156426,8.135593220338983e-05,8.135593220338983e-05,0.00013559322033898308,0.00010847457627118647,0.0004067796610169492,0.0006516372071985869,-0.0017516612618545975,0.27118644067796616,1.0,0.6355932203389831,8.349427656500872,0.13802659993608968
2025-07-10,2025-07-11,open,2025-07-14,2025-07-25,0,1,EXECUTED_ON_TIME,open,59,59,0,0.006789772052133255,0.03336810865855733,-0.02657833660642407,0.00010169491525423727,0.00010169491525423727,0.0001694915254237288,0.00013559322033898305,0.0005084745762711864,0.006281297475862068,0.0029763123241503763,0.3389830508474576,1.0,0.6694915254237288,8.401872895364544,0.14263228652052834
2025-07-11,2025-07-14,open,2025-07-15,2025-07-28,0,1,EXECUTED_ON_TIME,open,59,59,0,0.010085469996967675,0.026605149589153942,-0.016519679592186268,5.593220338983049e-05,5.593220338983049e-05,9.322033898305082e-05,7.457627118644067e-05,0.0002796610169491525,0.009805808980018522,0.009662935082922864,0.18644067796610164,1.0,0.5932203389830508,8.484260056050886,0.14642703983965005
2025-07-14,2025-07-15,open,2025-07-16,2025-07-29,0,1,EXECUTED_ON_TIME,open,59,59,0,0.005092689029783508,0.027011250027957345,-0.02191856099817384,3.0508474576271168e-05,3.0508474576271168e-05,5.084745762711862e-05,4.06779661016949e-05,0.00015254237288135587,0.004940146656902152,0.007628263170514085,0.10169491525423724,1.0,0.5508474576271186,8.526173545003074,0.1503822172236125
2025-07-15,2025-07-16,open,2025-07-17,2025-07-30,0,1,EXECUTED_ON_TIME,open,59,59,0,0.00438859795152007,0.032230737327750614,-0.02784213937623054,7.11864406779661e-05,7.11864406779661e-05,0.00011864406779661019,9.491525423728816e-05,0.0003559322033898306,0.0040326657481302396,0.007302161515282844,0.23728813559322037,1.0,0.6186440677966102,8.560556753020622,0.1552291469657115
2025-07-16,2025-07-17,open,2025-07-18,2025-07-31,0,1,EXECUTED_ON_TIME,open,59,59,0,0.012656783992659217,0.03408032874356404,-0.02142354475090482,4.5762711864406784e-05,4.5762711864406784e-05,7.627118644067799e-05,6.101694915254239e-05,0.00022881355932203397,0.012427970433337182,-0.0024555609872056582,0.15254237288135597,1.0,0.576271186440678,8.666947099240067,0.16051940732488595
2025-07-17,2025-07-18,open,2025-07-21,2025-08-01,1,2,EXECUTED_ON_TIME,open,59,59,0,0.007118041363697103,0.007439346454379381,-0.0003213050906822777,7.11864406779661e-05,7.11864406779661e-05,0.00011864406779661019,9.491525423728816e-05,0.0003559322033898306,0.006762109160307272,0.0014911912988771411,0.23728813559322037,1.0,0.6186440677966102,8.725553941611736,0.16171356680862742
2025-07-18,2025-07-21,open,2025-07-22,2025-08-04,0,1,EXECUTED_ON_TIME,open,59,59,0,0.00491286629584471,-0.007821328434119867,0.012734194729964577,8.135593220338983e-05,8.135593220338983e-05,0.00013559322033898308,0.00010847457627118647,0.0004067796610169492,0.004506086634827761,-0.00046498280964421285,0.27118644067796616,1.0,0.6355932203389831,8.7648720436095,0.16044875189036414
2025-07-21,2025-07-22,open,2025-07-23,2025-08-05,0,1,EXECUTED_ON_TIME,open,59,56,3,0.014085802181723634,-0.0016996404747837701,0.015785442656507404,0.00011785714285714286,0.00011785714285714286,0.00019642857142857146,0.00015714285714285716,0.0005892857142857144,0.01349651646743792,0.0032342664454007852,0.3928571428571429,1.0,0.6964285714285714,8.883167283481061,0.16017604669752275
2025-07-22,2025-07-23,open,2025-07-24,2025-08-06,1,1,EXECUTED_ON_TIME,open,59,58,1,0.0002595619418663264,-0.006955430030602061,0.0072149919724683875,0.0001086206896551724,0.0001086206896551724,0.00018103448275862068,0.00014482758620689654,0.000543103448275862,-0.0002835415064095356,0.000953891659136219,0.3620689655172413,1.0,0.6810344827586207,8.880648536847815,0.1590619534121397
2025-07-23,2025-07-24,open,2025-07-25,2025-08-07,1,2,EXECUTED_ON_TIME,open,59,59,0,0.01078606554812746,0.0008382661323722562,0.009947799415755203,9.661016949152543e-05,9.661016949152543e-05,0.0001610169491525424,0.00012881355932203392,0.00048305084745762714,0.010303014700669832,-0.00035380464364686767,0.3220338983050848,1.0,0.6610169491525424,8.97214598927444,0.15919528966063407
2025-07-24,2025-07-25,open,2025-07-28,2025-08-08,1,2,EXECUTED_ON_TIME,open,59,59,0,0.003174912888283611,-0.008695830478708366,0.011870743366991978,7.11864406779661e-05,7.11864406779661e-05,0.00011864406779661019,9.491525423728816e-05,0.0003559322033898306,0.00281898068489378,0.005890254648930065,0.23728813559322037,1.0,0.6186440677966102,8.99743829552025,0.15781095440873633
2025-07-25,2025-07-28,open,2025-07-29,2025-08-11,0,1,EXECUTED_ON_TIME,open,59,59,0,0.0062016348897820945,-0.004337242463359869,0.010538877353141964,8.64406779661017e-05,8.64406779661017e-05,0.00014406779661016949,0.0001152542372881356,0.00043220338983050846,0.005769431499951586,0.0019956405794768943,0.288135593220339,1.0,0.6440677966101696,9.049348399441296,0.15712649003609142
2025-07-28,2025-07-29,open,2025-07-30,2025-08-12,0,1,EXECUTED_ON_TIME,open,59,59,0,0.006283016283217154,-0.002203653171559461,0.008486669454776614,7.627118644067796e-05,7.627118644067796e-05,0.0001271186440677966,0.00010169491525423729,0.00038135593220338984,0.0059016603510137645,-0.0011418074882181602,0.2542372881355932,1.0,0.6271186440677966,9.102754580092789,0.15678023774798738
2025-07-29,2025-07-30,open,2025-07-31,2025-08-13,1,1,EXECUTED_ON_TIME,open,59,59,0,0.008609143109906538,0.0003767226383792899,0.008232420471527249,7.11864406779661e-05,7.11864406779661e-05,0.00011864406779661019,9.491525423728816e-05,0.0003559322033898306,0.008253210906516708,0.009268476328195434,0.23728813559322037,1.0,0.6186440677966102,9.177881533472556,0.15683930041279753
2025-07-30,2025-07-31,open,2025-08-01,2025-08-14,1,1,EXECUTED_ON_TIME,open,59,59,0,-0.01310580763882982,0.009272832151935084,-0.022378639790764904,7.627118644067796e-05,7.627118644067796e-05,0.0001271186440677966,0.00010169491525423729,0.00038135593220338984,-0.013487163571033208,-0.0010045645380182492,0.2542372881355932,1.0,0.6271186440677966,9.054097943995046,0.15829364492035233
2025-07-31,2025-08-01,open,2025-08-04,2025-08-15,1,1,EXECUTED_ON_TIME,open,59,59,0,-0.0038461648253788117,0.02272670872313376,-0.026572873548512572,0.000111864406779661,0.000111864406779661,0.0001864406779661017,0.00014915254237288136,0.0005593220338983051,-0.004405486859277117,0.004452124718453659,0.3728813559322034,1.0,0.6864406779661016,9.014210234480169,0.16189113848118034
2025-08-01,2025-08-04,open,2025-08-05,2025-08-18,1,2,EXECUTED_ON_TIME,open,59,59,0,0.020428576445640285,0.04465373168186337,-0.024225155236223088,6.101694915254237e-05,6.101694915254237e-05,0.0001016949152542373,8.135593220338983e-05,0.0003050847457627119,0.020123491699877573,0.007245305465709395,0.2033898305084746,1.0,0.6016949152542372,9.195607619314682,0.16912018194059034
2025-08-04,2025-08-05,open,2025-08-06,2025-08-19,0,1,EXECUTED_ON_TIME,open,59,59,0,0.010152746693237112,0.03954942520172122,-0.02939667850848411,6.610169491525422e-05,6.610169491525422e-05,0.00011016949152542371,8.813559322033898e-05,0.00033050847457627116,0.009822238218660842,0.005591917896129655,0.22033898305084743,1.0,0.6101694915254237,9.285929067916923,0.17580878792635118
2025-08-05,2025-08-06,open,2025-08-07,2025-08-20,0,1,EXECUTED_ON_TIME,open,59,59,0,0.019208563894309014,0.026332129231387613,-0.0071235653370785995,6.610169491525422e-05,6.610169491525422e-05,0.00011016949152542371,8.813559322033898e-05,0.00033050847457627116,0.018878055419732743,0.014380912628549144,0.22033898305084743,1.0,0.6101694915254237,9.461229351484766,0.18043820765004148
2025-08-06,2025-08-07,open,2025-08-08,2025-08-21,0,1,EXECUTED_ON_TIME,open,59,59,0,0.0046808256196418895,0.03982470131898741,-0.03514387569934552,9.152542372881354e-05,9.152542372881354e-05,0.00015254237288135592,0.00012203389830508474,0.00045762711864406777,0.004223198500997821,0.007070645078732471,0.30508474576271183,1.0,0.652542372881356,9.501186001099553,0.1876241053762378
2025-08-07,2025-08-08,open,2025-08-11,2025-08-22,1,1,EXECUTED_ON_TIME,open,59,59,0,0.023070862205143216,0.043338566213537044,-0.02026770400839383,7.11864406779661e-05,7.11864406779661e-05,0.00011864406779661019,9.491525423728816e-05,0.0003559322033898306,0.022714930001753387,0.023001847521321526,0.23728813559322037,1.0,0.6186440677966102,9.717004776048167,0.19575546509034153
2025-08-08,2025-08-11,open,2025-08-12,2025-08-25,0,1,EXECUTED_ON_TIME,open,59,59,0,0.01151764626661196,0.07444674273908403,-0.06292909647247207,6.101694915254237e-05,6.101694915254237e-05,0.0001016949152542373,8.135593220338983e-05,0.0003050847457627119,0.011212561520849247,0.004559935048963623,0.2033898305084746,1.0,0.6016949152542372,9.825957289897993,0.21032882183969193
2025-08-11,2025-08-12,open,2025-08-13,2025-08-26,0,1,EXECUTED_ON_TIME,open,59,59,0,0.014229025107046052,0.07997354723182015,-0.06574452212477411,6.101694915254237e-05,6.101694915254237e-05,0.0001016949152542373,8.135593220338983e-05,0.0003050847457627119,0.01392394036128334,0.004119254611003062,0.2033898305084746,1.0,0.6016949152542372,9.96277333319505,0.2271495638073016
2025-08-12,2025-08-13,open,2025-08-14,2025-08-27,0,1,EXECUTED_ON_TIME,open,59,59,0,0.012475346027645011,0.07428880926268233,-0.06181346323503732,5.593220338983049e-05,5.593220338983049e-05,9.322033898305082e-05,7.457627118644067e-05,0.0002796610169491525,0.012195685010695859,0.009652794601198268,0.18644067796610164,1.0,0.5932203389830508,10.084276178599659,0.24402423442708374
2025-08-13,2025-08-14,open,2025-08-15,2025-08-28,0,1,EXECUTED_ON_TIME,open,59,59,0,-0.006040110037190002,0.04738556423319329,-0.05342567427038329,9.661016949152543e-05,9.661016949152543e-05,0.0001610169491525424,0.00012881355932203392,0.00048305084745762714,-0.0065231608846476295,0.001142312941616333,0.3220338983050848,1.0,0.6610169491525424,10.018494822681433,0.2555874604619841
2025-08-14,2025-08-15,open,2025-08-18,2025-08-29,0,1,EXECUTED_ON_TIME,open,59,59,0,0.020035461583167206,0.07048349986702451,-0.050448038283857306,0.000111864406779661,0.000111864406779661,0.0001864406779661017,0.00014915254237288136,0.0005593220338983051,0.0194761395492689,-0.003306530316832184,0.3728813559322034,1.0,0.6864406779661016,10.213616425921604,0.2736021591974695
2025-08-15,2025-08-18,open,2025-08-19,2025-09-01,0,1,EXECUTED_ON_TIME,open,59,59,0,0.006241604996523345,0.07079528534009505,-0.0645536803435717,6.101694915254237e-05,6.101694915254237e-05,0.0001016949152542373,8.135593220338983e-05,0.0003050847457627119,0.005936520250760633,-0.005738346875954489,0.2033898305084746,1.0,0.6016949152542372,10.27424976666759,0.29297190212752044
2025-08-18,2025-08-19,open,2025-08-20,2025-09-02,0,1,EXECUTED_ON_TIME,open,59,59,0,-0.0037999000442446975,0.06606165122301677,-0.06986155126726147,6.610169491525422e-05,6.610169491525422e-05,0.00011016949152542371,8.813559322033898e-05,0.00033050847457627116,-0.004130408518820968,0.0022162773051094004,0.22033898305084743,1.0,0.6101694915254237,10.23181291790685,0.3123261097440125
2025-08-19,2025-08-20,open,2025-08-21,2025-09-03,0,1,EXECUTED_ON_TIME,open,59,59,0,0.017249078463281976,0.06960791046290504,-0.052358831999623066,4.5762711864406784e-05,4.5762711864406784e-05,7.627118644067799e-05,6.101694915254239e-05,0.00022881355932203397,0.017020264903959942,-0.0045031322559282265,0.15254237288135597,1.0,0.576271186440678,10.405961084217385,0.33406647762630115
2025-08-20,2025-08-21,open,2025-08-22,2025-09-04,0,1,EXECUTED_ON_TIME,open,59,59,0,0.0026916515931939707,0.04128470666989381,-0.03859305507669984,8.64406779661017e-05,8.64406779661017e-05,0.00014406779661016949,0.0001152542372881356,0.00043220338983050846,0.002259448203363462,0.0006356061962051376,0.288135593220339,1.0,0.6440677966101696,10.42947281429339,0.3478583141633476
2025-08-21,2025-08-22,open,2025-08-25,2025-09-05,0,1,EXECUTED_ON_TIME,open,59,59,0,0.031314996553625275,0.018250145835563725,0.01306485071806155,6.610169491525422e-05,6.610169491525422e-05,0.00011016949152542371,8.813559322033898e-05,0.00033050847457627116,0.030984488079049004,0.007799672430638907,0.22033898305084743,1.0,0.6101694915254237,10.75262469037863,0.35420677912694204
2025-08-22,2025-08-25,open,2025-08-26,2025-09-08,1,2,EXECUTED_ON_TIME,open,59,59,0,0.011142451707644385,0.011520298023771858,-0.00037784631612747255,9.152542372881354e-05,9.152542372881354e-05,0.00015254237288135592,0.00012203389830508474,0.00045762711864406777,0.010684824589000318,1.0888620045152939e-05,0.30508474576271183,1.0,0.652542372881356,10.867514599066679,0.35828734678452473
2025-08-25,2025-08-26,open,2025-08-27,2025-09-09,1,2,EXECUTED_ON_TIME,open,59,59,0,0.0034024991282751017,-0.0010360732688382557,0.004438572397113358,0.00010677966101694916,0.00010677966101694916,0.0001779661016949153,0.00014237288135593223,0.0005338983050847459,0.002868600823190356,-0.00025055450575010504,0.35593220338983056,1.0,0.6779661016949152,10.898689160391596,0.3579161348419583
2025-08-26,2025-08-27,open,2025-08-28,2025-09-10,1,2,EXECUTED_ON_TIME,open,59,59,0,-0.013861454698798101,-0.004606579289680668,-0.009254875409117434,9.661016949152543e-05,9.661016949152543e-05,0.0001610169491525424,0.00012881355932203392,0.00048305084745762714,-0.014344505546255729,0.002053119317658097,0.3220338983050848,1.0,0.6610169491525424,10.74235285328344,0.35626736578775275
2025-08-27,2025-08-28,open,2025-08-29,2025-09-11,0,1,EXECUTED_ON_TIME,open,59,59,0,0.014062391281667206,0.013888422545731194,0.00017396873593601182,8.135593220338983e-05,8.135593220338983e-05,0.00013559322033898308,0.00010847457627118647,0.0004067796610169492,0.013655611620650257,-0.004716364738459737,0.27118644067796616,1.0,0.6355932203389831,10.889046251739865,0.36121535750306766
2025-08-28,2025-08-29,open,2025-09-01,2025-09-12,0,1,EXECUTED_ON_TIME,open,59,59,0,0.0066698677872364595,0.019926374662434743,-0.013256506875198283,7.627118644067796e-05,7.627118644067796e-05,0.0001271186440677966,0.00010169491525423729,0.00038135593220338984,0.00628851185503307,-0.0021516570388886037,0.2542372881355932,1.0,0.6271186440677966,10.957522148183935,0.3684130700504991
2025-08-29,2025-09-01,open,2025-09-02,2025-09-15,0,1,EXECUTED_ON_TIME,open,59,59,0,-0.0010942596502081646,0.003986823645264703,-0.005081083295472868,9.152542372881354e-05,9.152542372881354e-05,0.00015254237288135592,0.00012203389830508474,0.00045762711864406777,-0.0015518867688522325,-0.0015540702553787887,0.30508474576271183,1.0,0.652542372881356,10.940517314542763,0.369881867989401
2025-09-01,2025-09-02,open,2025-09-03,2025-09-16,1,1,EXECUTED_ON_TIME,open,59,59,0,-0.002035827604811591,0.003967064891663652,-0.006002892496475243,7.11864406779661e-05,7.11864406779661e-05,0.00011864406779661019,9.491525423728816e-05,0.0003559322033898306,-0.002391759808201422,0.0015130732910012472,0.23728813559322037,1.0,0.6186440677966102,10.914350224948908,0.3713492133619647
2025-09-02,2025-09-03,open,2025-09-04,2025-09-17,0,1,EXECUTED_ON_TIME,open,59,59,0,-0.014595409199916776,0.003542723620682642,-0.018138132820599416,5.084745762711864e-05,5.084745762711864e-05,8.47457627118644e-05,6.779661016949152e-05,0.0002542372881355932,-0.014849646488052369,-0.00031575849943130466,0.1694915254237288,1.0,0.5847457627118644,10.752275982461622,0.37266480099166405
2025-09-03,2025-09-04,open,2025-09-05,2025-09-18,0,1,EXECUTED_ON_TIME,open,59,59,0,-0.013244278491420389,0.01900409078173171,-0.0322483692731521,4.0677966101694904e-05,4.0677966101694904e-05,6.779661016949151e-05,5.4237288135593214e-05,0.00020338983050847455,-0.013447668321928863,0.0052900117707902865,0.13559322033898302,1.0,0.5677966101694916,10.607682941343636,0.3797469567008656
2025-09-04,2025-09-05,open,2025-09-08,2025-09-19,1,1,EXECUTED_ON_TIME,open,59,59,0,0.02193281234913078,0.03057603889309357,-0.008643226543962792,6.610169491525422e-05,6.610169491525422e-05,0.00011016949152542371,8.813559322033898e-05,0.00033050847457627116,0.02160230387455451,-0.0052947429480328274,0.22033898305084743,1.0,0.6101694915254237,10.83683333164747,0.3913581144184852
2025-09-05,2025-09-08,open,2025-09-09,2025-09-22,1,2,EXECUTED_ON_TIME,open,59,59,0,0.004408066096224331,0.010041258792761187,-0.005633192696536856,6.610169491525422e-05,6.610169491525422e-05,0.00011016949152542371,8.813559322033898e-05,0.00033050847457627116,0.00407755762164806,0.0013192307045820782,0.22033898305084743,1.0,0.6101694915254237,10.88102114399346,0.3952878425260083
2025-09-08,2025-09-09,open,2025-09-10,2025-09-23,1,2,EXECUTED_ON_TIME,open,59,59,0,0.002269565510367057,0.019784932314527826,-0.01751536680416077,6.610169491525422e-05,6.610169491525422e-05,0.00011016949152542371,8.813559322033898e-05,0.00033050847457627116,0.0019390570357907858,0.0070234660201924145,0.22033898305084743,1.0,0.6101694915254237,10.902120064599309,0.4031085857351411
2025-09-09,2025-09-10,open,2025-09-11,2025-09-24,1,1,EXECUTED_ON_TIME,open,59,59,0,-0.0015998767621511426,0.01283509451817122,-0.014434971280322362,0.00010677966101694916,0.00010677966101694916,0.0001779661016949153,0.00014237288135593223,0.0005338983050847459,-0.0021337750672358884,-0.0019096134819343805,0.35593220338983056,1.0,0.6779661016949152,10.878857392625456,0.40828252253413794
2025-09-10,2025-09-11,open,2025-09-12,2025-09-25,1,1,EXECUTED_ON_TIME,open,59,59,0,0.016983668666609636,0.02819295766302865,-0.011209288996419015,6.610169491525422e-05,6.610169491525422e-05,0.00011016949152542371,8.813559322033898e-05,0.00033050847457627116,0.016653160192033365,-0.0052443762005213515,0.22033898305084743,1.0,0.6101694915254237,11.060024747491134,0.4197932144064974
2025-09-11,2025-09-12,open,2025-09-15,2025-09-26,0,1,EXECUTED_ON_TIME,open,59,59,0,-0.006882506980946334,0.007112411215882686,-0.01399491819682902,6.610169491525422e-05,6.610169491525422e-05,0.00011016949152542371,8.813559322033898e-05,0.00033050847457627116,-0.007213015455522605,-0.008637400302095217,0.22033898305084743,1.0,0.6101694915254237,10.98024861804902,0.4227789563729936
2025-09-12,2025-09-15,open,2025-09-16,2025-09-29,1,1,EXECUTED_ON_TIME,open,59,59,0,0.0007292327501814712,0.004442668582480547,-0.0037134358322990753,8.64406779661017e-05,8.64406779661017e-05,0.00014406779661016949,0.0001152542372881356,0.00043220338983050846,0.00029702936035096275,0.0014138357500331623,0.288135593220339,1.0,0.6440677966101696,10.983510074272534,0.4246572231598058
2025-09-15,2025-09-16,open,2025-09-17,2025-09-30,1,2,EXECUTED_ON_TIME,open,59,59,0,-0.002478804305506751,0.019819062970685586,-0.022297867276192335,7.627118644067796e-05,7.627118644067796e-05,0.0001271186440677966,0.00010169491525423729,0.00038135593220338984,-0.0028601602377101407,-0.0023936086570495786,0.2542372881355932,1.0,0.6271186440677966,10.95209547548761,0.43307353140656646
2025-09-16,2025-09-17,open,2025-09-18,2025-10-09,1,1,EXECUTED_ON_TIME,open,59,59,0,0.01263858168485946,0.03206062224087658,-0.01942204055601712,0.00010677966101694916,0.00010677966101694916,0.0001779661016949153,0.00014237288135593223,0.0005338983050847459,0.012104683379774715,0.0011629133107333902,0.35593220338983056,1.0,0.6779661016949152,11.08466712356345,0.4469581382995148
2025-09-17,2025-09-18,open,2025-09-19,2025-10-10,1,1,EXECUTED_ON_TIME,open,59,59,0,-0.008850241339998836,0.02935879025928534,-0.038209031599284175,6.101694915254237e-05,6.101694915254237e-05,0.0001016949152542373,8.135593220338983e-05,0.0003050847457627119,-0.009155326085761549,0.006104248751488154,0.2033898305084746,1.0,0.6016949152542372,10.983183381495106,0.46008028853653093
2025-09-18,2025-09-19,open,2025-09-22,2025-10-13,1,1,EXECUTED_ON_TIME,open,59,59,0,0.0023413135164246104,-0.0018281470634846642,0.004169460579909275,0.00011694915254237287,0.00011694915254237287,0.0001949152542372881,0.0001559322033898305,0.0005847457627118644,0.001756567753712746,0.0054599285802167065,0.38983050847457623,1.0,0.6949152542372881,11.002476087256154,0.4592391941080757
2025-09-19,2025-09-22,open,2025-09-23,2025-10-14,1,1,EXECUTED_ON_TIME,open,59,59,0,-0.0004031492970927948,0.02704528454518762,-0.027448433842280413,7.11864406779661e-05,7.11864406779661e-05,0.00011864406779661019,9.491525423728816e-05,0.0003559322033898306,-0.0007590815004826254,-0.004535445168000063,0.23728813559322037,1.0,0.6186440677966102,10.994124311198815,0.47165944878703125
2025-09-22,2025-09-23,open,2025-09-24,2025-10-15,1,1,EXECUTED_ON_TIME,open,59,59,0,-0.007752945644885943,0.0016500773570198302,-0.009403023001905774,9.152542372881354e-05,9.152542372881354e-05,0.00015254237288135592,0.00012203389830508474,0.00045762711864406777,-0.008210572763530011,0.00030440920002863196,0.30508474576271183,1.0,0.652542372881356,10.903856253570423,0.4724377233636992
2025-09-23,2025-09-24,open,2025-09-25,2025-10-16,1,2,EXECUTED_ON_TIME,open,59,59,0,0.009948982625048682,0.020834139737226032,-0.01088515711217735,7.11864406779661e-05,7.11864406779661e-05,0.00011864406779661019,9.491525423728816e-05,0.0003559322033898306,0.00959305042165885,-0.00719088384078867,0.23728813559322037,1.0,0.6186440677966102,11.008457496401444,0.4822805569093955
2025-09-24,2025-09-25,open,2025-09-26,2025-10-17,1,1,EXECUTED_ON_TIME,open,59,59,0,-0.00047745144686504187,0.010235358019519358,-0.0107128094663844,8.64406779661017e-05,8.64406779661017e-05,0.00014406779661016949,0.0001152542372881356,0.00043220338983050846,-0.0009096548366955503,-0.0026445673944709585,0.288135593220339,1.0,0.6440677966101696,10.998443599795285,0.48721687107521633
2025-09-25,2025-09-26,open,2025-09-29,2025-10-20,1,1,EXECUTED_ON_TIME,open,59,59,0,-0.0023840872087738728,-0.004079604729300024,0.001695517520526151,6.610169491525422e-05,6.610169491525422e-05,0.00011016949152542371,8.813559322033898e-05,0.00033050847457627116,-0.002714595683350144,0.006480581481329165,0.22033898305084743,1.0,0.6101694915254237,10.96858727227571,0.4852292188237831
2025-09-26,2025-09-29,open,2025-09-30,2025-10-21,1,1,EXECUTED_ON_TIME,open,59,59,0,0.012623457224621947,0.00023885661446221285,0.012384600610159734,0.00010677966101694916,0.00010677966101694916,0.0001779661016949153,0.00014237288135593223,0.0005338983050847459,0.012089558919537202,-0.002391223662277994,0.35593220338983056,1.0,0.6779661016949152,11.101192654367972,0.4853451190322295
2025-09-29,2025-09-30,open,2025-10-09,2025-10-22,0,1,EXECUTED_ON_TIME,open,59,59,0,0.004051701054880043,-0.011635459002453441,0.015687160057333484,8.135593220338983e-05,8.135593220338983e-05,0.00013559322033898308,0.00010847457627118647,0.0004067796610169492,0.003644921393863094,-0.006357170099081216,0.27118644067796616,1.0,0.6355932203389831,11.141655628971275,0.4796979057976891
2025-09-30,2025-10-09,open,2025-10-10,2025-10-23,1,2,EXECUTED_ON_TIME,open,59,59,0,-0.001484271730406377,-0.017891243734332485,0.01640697200392611,8.64406779661017e-05,8.64406779661017e-05,0.00014406779661016949,0.0001152542372881356,0.00043220338983050846,-0.0019164751202368855,-0.009276737683726421,0.288135593220339,1.0,0.6440677966101696,11.120302923160105,0.4711155136462138
2025-10-09,2025-10-10,open,2025-10-13,2025-10-24,1,2,DELAYED_LIMIT_DOWN,open,59,59,0,-0.041725415083701756,-0.012119034990505262,-0.029606380093196494,9.661016949152543e-05,9.661016949152543e-05,0.0001610169491525424,0.00012881355932203392,0.00048305084745762714,-0.042208465931159386,0.0031443209379641915,0.3220338983050848,1.0,0.6610169491525424,10.650931996083731,0.46540604825176546
2025-10-10,2025-10-13,open,2025-10-14,2025-10-27,1,2,EXECUTED_ON_TIME,open,59,59,0,0.032678831442561,0.04643113377241703,-0.013752302329856032,8.64406779661017e-05,8.64406779661017e-05,0.00014406779661016949,0.0001152542372881356,0.00043220338983050846,0.03224662805273049,-0.008947410932329439,0.288135593220339,1.0,0.6440677966101696,10.99438863857637,0.48701537873663514
2025-10-13,2025-10-14,open,2025-10-15,2025-10-28,1,2,EXECUTED_ON_TIME,open,59,59,0,-0.008469890208109994,0.013740452743968845,-0.02221034295207884,9.152542372881354e-05,9.152542372881354e-05,0.00015254237288135592,0.00012203389830508474,0.00045762711864406777,-0.00892751732675406,0.014602114814893775,0.30508474576271183,1.0,0.652542372881356,10.896236043508411,0.49370719053375195
2025-10-14,2025-10-15,open,2025-10-16,2025-10-29,1,2,EXECUTED_ON_TIME,open,59,59,0,0.015932944829234866,0.03450365660463128,-0.018570711775396417,7.627118644067796e-05,7.627118644067796e-05,0.0001271186440677966,0.00010169491525423729,0.00038135593220338984,0.015551588897031477,0.007283150507011742,0.2542372881355932,1.0,0.6271186440677966,11.065689826982071,0.5107418938991658
2025-10-15,2025-10-16,open,2025-10-17,2025-10-30,1,2,EXECUTED_ON_TIME,open,59,59,0,0.006335094742030893,0.03204674911596861,-0.025711654373937715,6.101694915254237e-05,6.101694915254237e-05,0.0001016949152542373,8.135593220338983e-05,0.0003050847457627119,0.006030009996268181,0.002042733699253837,0.2033898305084746,1.0,0.6016949152542372,11.132416047254377,0.527109511235967
2025-10-16,2025-10-17,open,2025-10-20,2025-10-31,1,1,EXECUTED_ON_TIME,open,59,59,0,-0.008633485572265813,0.01990978804289245,-0.028543273615158266,6.610169491525422e-05,6.610169491525422e-05,0.00011016949152542371,8.813559322033898e-05,0.00033050847457627116,-0.008963994046842083,0.00716176830012903,0.22033898305084743,1.0,0.6101694915254237,11.032625136079819,0.5376041498800678
2025-10-17,2025-10-20,open,2025-10-21,2025-11-03,0,1,EXECUTED_ON_TIME,open,59,59,0,0.0017047150339251232,0.017219357813823777,-0.015514642779898653,5.593220338983049e-05,5.593220338983049e-05,9.322033898305082e-05,7.457627118644067e-05,0.0002796610169491525,0.0014250540169759708,0.0037628995084533377,0.18644067796610164,1.0,0.5932203389830508,11.04834722284778,0.5468613480990492
2025-10-20,2025-10-21,open,2025-10-22,2025-11-04,0,1,EXECUTED_ON_TIME,open,59,59,0,0.006286906490706087,0.020461699664758637,-0.01417479317405255,7.11864406779661e-05,7.11864406779661e-05,0.00011864406779661019,9.491525423728816e-05,0.0003559322033898306,0.005930974287316256,-0.0004002926204050086,0.23728813559322037,1.0,0.6186440677966102,11.113874686143832,0.558051060762117
2025-10-21,2025-10-22,open,2025-10-23,2025-11-05,0,1,EXECUTED_ON_TIME,open,59,59,0,0.0013796152538955784,-0.003041065308166835,0.004420680562062414,7.11864406779661e-05,7.11864406779661e-05,0.00011864406779661019,9.491525423728816e-05,0.0003559322033898306,0.0010236830505057479,0.0009573872593911154,0.23728813559322037,1.0,0.6186440677966102,11.125251771285482,0.5563539910410475
2025-10-22,2025-10-23,open,2025-10-24,2025-11-06,0,1,EXECUTED_ON_TIME,open,59,59,0,0.01354816472183181,0.013826844376419345,-0.00027867965458753564,9.661016949152543e-05,9.661016949152543e-05,0.0001610169491525424,0.00012881355932203392,0.00048305084745762714,0.013065113874374182,0.0015336210445710055,0.3220338983050848,1.0,0.6610169491525424,11.27060445255841,0.564046611093372
2025-10-23,2025-10-24,open,2025-10-27,2025-11-07,0,1,EXECUTED_ON_TIME,open,59,59,0,0.013972513511258266,0.011026897843227301,0.0029456156680309643,7.627118644067796e-05,7.627118644067796e-05,0.0001271186440677966,0.00010169491525423729,0.00038135593220338984,0.013591157579054877,0.0003428967526251849,0.2542372881355932,1.0,0.6271186440677966,11.423785013684329,0.5702662954527171
2025-10-24,2025-10-27,open,2025-10-28,2025-11-10,1,1,EXECUTED_ON_TIME,open,59,59,0,-0.0035206979348081954,-0.002395634149341297,-0.0011250637854668985,8.64406779661017e-05,8.64406779661017e-05,0.00014406779661016949,0.0001152542372881356,0.00043220338983050846,-0.003952901324638704,-0.00927520191687201,0.288135593220339,1.0,0.6440677966101696,11.378627918771349,0.5689001460411123
2025-10-27,2025-10-28,open,2025-10-29,2025-11-11,0,1,EXECUTED_ON_TIME,open,59,59,0,-0.007744194134650464,0.0018325880085012791,-0.009576782143151743,7.627118644067796e-05,7.627118644067796e-05,0.0001271186440677966,0.00010169491525423729,0.00038135593220338984,-0.008125550066853853,-0.010612530777973422,0.2542372881355932,1.0,0.6271186440677966,11.286170307925271,0.5699427056267818
2025-10-28,2025-10-29,open,2025-10-30,2025-11-12,1,1,EXECUTED_ON_TIME,open,59,59,0,0.009064025479355288,-0.012226453913562807,0.021290479392918095,8.64406779661017e-05,8.64406779661017e-05,0.00014406779661016949,0.0001152542372881356,0.00043220338983050846,0.008631822089524779,-0.005148704966318548,0.288135593220339,1.0,0.6440677966101696,11.383590522095359,0.5629743274030647
2025-10-29,2025-10-30,open,2025-10-31,2025-11-13,0,1,EXECUTED_ON_TIME,open,59,59,0,-0.0038110307463532387,-0.01946692776005643,0.01565589701370319,0.00010677966101694916,0.00010677966101694916,0.0001779661016949153,0.00014237288135593223,0.0005338983050847459,-0.004344929051437985,0.0010676113606647606,0.35593220338983056,1.0,0.6779661016949152,11.334129628926233,0.5520149468407429
2025-10-30,2025-10-31,open,2025-11-03,2025-11-14,0,1,EXECUTED_ON_TIME,open,59,59,0,-0.005748261996523051,-0.008331109336639275,0.0025828473401162243,6.610169491525422e-05,6.610169491525422e-05,0.00011016949152542371,8.813559322033898e-05,0.00033050847457627116,-0.006078770471099322,0.005780879909321258,0.22033898305084743,1.0,0.6101694915254237,11.265232056422304,0.5474160499631536
2025-10-31,2025-11-03,open,2025-11-04,2025-11-17,0,1,EXECUTED_ON_TIME,open,59,59,0,0.004780664331405518,-0.004297423271390377,0.009078087602795895,9.661016949152543e-05,9.661016949152543e-05,0.0001610169491525424,0.00012881355932203392,0.00048305084745762714,0.004297613483947891,-0.0007498729766002958,0.3220338983050848,1.0,0.6610169491525424,11.313645669607787,0.5450635714909093
2025-11-03,2025-11-04,open,2025-11-05,2025-11-18,0,1,EXECUTED_ON_TIME,open,59,59,0,-0.01521717858496506,-0.013885387800611992,-0.001331790784353068,5.593220338983049e-05,5.593220338983049e-05,9.322033898305082e-05,7.457627118644067e-05,0.0002796610169491525,-0.015496839601914213,0.0019512765154334581,0.18644067796610164,1.0,0.5932203389830508,11.138319917352984,0.5374951524247714
2025-11-04,2025-11-05,open,2025-11-06,2025-11-19,0,1,EXECUTED_ON_TIME,open,59,59,0,0.015432900086411887,0.0012987405833089216,0.014134159503102966,5.593220338983049e-05,5.593220338983049e-05,9.322033898305082e-05,7.457627118644067e-05,0.0002796610169491525,0.015153239069462735,0.00022659515902291073,0.18644067796610164,1.0,0.5932203389830508,11.307101541892791,0.5381932191925572
2025-11-05,2025-11-06,open,2025-11-07,2025-11-20,0,1,EXECUTED_ON_TIME,open,59,59,0,0.007661248606216828,-0.004840789907650023,0.012502038513866852,7.11864406779661e-05,7.11864406779661e-05,0.00011864406779661019,9.491525423728816e-05,0.0003559322033898306,0.0073053164028269975,-0.001888029038638048,0.23728813559322037,1.0,0.6186440677966102,11.38970349625521,0.5355879388887242
2025-11-06,2025-11-07,open,2025-11-10,2025-11-21,0,1,EXECUTED_ON_TIME,open,59,59,0,0.0011800864141909462,-0.0343141135556323,0.03549419996982325,6.610169491525422e-05,6.610169491525422e-05,0.00011016949152542371,8.813559322033898e-05,0.00033050847457627116,0.000849577939614675,0.003106297244368921,0.22033898305084743,1.0,0.6101694915254237,11.399379937084381,0.5172097135346695
2025-11-07,2025-11-10,open,2025-11-11,2025-11-24,0,1,EXECUTED_ON_TIME,open,59,59,0,0.0014452154763921355,-0.045853735950670216,0.04729895142706235,6.610169491525422e-05,6.610169491525422e-05,0.00011016949152542371,8.813559322033898e-05,0.00033050847457627116,0.0011147070018158642,-0.001828602331608036,0.22033898305084743,1.0,0.6101694915254237,11.412086905716608,0.493493715899129
2025-11-10,2025-11-11,open,2025-11-12,2025-11-25,0,1,EXECUTED_ON_TIME,open,59,59,0,-0.015681567910457668,-0.048976730735601826,0.03329516282514416,8.64406779661017e-05,8.64406779661017e-05,0.00014406779661016949,0.0001152542372881356,0.00043220338983050846,-0.016113771300288175,-0.0010436686653004634,0.288135593220339,1.0,0.6440677966101696,11.228195147258878,0.4693240070558258
2025-11-11,2025-11-12,open,2025-11-13,2025-11-26,1,1,EXECUTED_ON_TIME,open,59,59,0,-0.003933623115252394,-0.03302574598492236,0.029092122869669966,6.101694915254237e-05,6.101694915254237e-05,0.0001016949152542373,8.135593220338983e-05,0.0003050847457627119,-0.004238707861015106,0.0004320197675225764,0.2033898305084746,1.0,0.6016949152542372,11.18060210822318,0.4538242316141742
2025-11-12,2025-11-13,open,2025-11-14,2025-11-27,1,1,EXECUTED_ON_TIME,open,59,59,0,-0.0021795943882340716,-0.02665325232471949,0.02447365793648542,9.152542372881354e-05,9.152542372881354e-05,0.00015254237288135592,0.00012203389830508474,0.00045762711864406777,-0.002637221506878139,-0.0032849994337886003,0.30508474576271183,1.0,0.652542372881356,11.151116383883526,0.4417283398578897
2025-11-13,2025-11-14,open,2025-11-17,2025-11-28,1,2,EXECUTED_ON_TIME,open,59,59,0,-0.005520806488474763,-0.032556432994704565,0.0270356265062298,7.11864406779661e-05,7.11864406779661e-05,0.00011864406779661019,9.491525423728816e-05,0.0003559322033898306,-0.005876738691864594,0.0014146128593536585,0.23728813559322037,1.0,0.6186440677966102,11.085584186772873,0.4273472407594442
2025-11-14,2025-11-17,open,2025-11-18,2025-12-01,1,2,EXECUTED_ON_TIME,open,59,59,0,-0.006989126220777134,-0.01681205578055467,0.009822929559777534,7.627118644067796e-05,7.627118644067796e-05,0.0001271186440677966,0.00010169491525423729,0.00038135593220338984,-0.0073704821529805235,0.0003654268805873195,0.2542372881355932,1.0,0.6271186440677966,11.003878086368902,0.4201626551101303
2025-11-17,2025-11-18,open,2025-11-19,2025-12-02,1,2,EXECUTED_ON_TIME,open,59,59,0,-0.0013263026786619237,-0.002809288975067603,0.0014829862964056795,8.135593220338983e-05,8.135593220338983e-05,0.00013559322033898308,0.00010847457627118647,0.0004067796610169492,-0.0017330823396788729,0.0019441022838663953,0.27118644067796616,1.0,0.6355932203389831,10.984807459589437,0.4189822967953943
2025-11-18,2025-11-19,open,2025-11-20,2025-12-03,1,2,EXECUTED_ON_TIME,open,59,59,0,0.011058564731676854,-0.0029439341231256577,0.014002498854802512,9.152542372881354e-05,9.152542372881354e-05,0.00015254237288135592,0.00012203389830508474,0.00045762711864406777,0.010600937613032787,0.00491453273922907,0.30508474576271183,1.0,0.652542372881356,11.101256718159721,0.41774884051487277
2025-11-19,2025-11-20,open,2025-11-21,2025-12-04,1,1,EXECUTED_ON_TIME,open,59,59,0,-0.015703924246107722,-0.018603583906622645,0.002899659660514923,7.11864406779661e-05,7.11864406779661e-05,0.00011864406779661019,9.491525423728816e-05,0.0003559322033898306,-0.01605985644949755,0.008222076821727774,0.23728813559322037,1.0,0.6186440677966102,10.922972128857056,0.40997721490846
2025-11-20,2025-11-21,open,2025-11-24,2025-12-05,1,2,EXECUTED_ON_TIME,open,59,59,0,-0.0015762155215644003,0.007648359790188408,-0.009224575311752808,0.00010169491525423727,0.00010169491525423727,0.0001694915254237288,0.00013559322033898305,0.0005084745762711864,-0.002084690097835587,0.006047972891853413,0.3389830508474576,1.0,0.6694915254237288,10.900201117021094,0.4131128681538593
2025-11-21,2025-11-24,open,2025-11-25,2025-12-08,0,1,EXECUTED_ON_TIME,open,59,59,0,0.010007598547821708,0.026823119962728903,-0.016815521414907195,0.00013728813559322033,0.00013728813559322033,0.0002288135593220339,0.00018305084745762714,0.0006864406779661017,0.009321157869855606,0.005337218973983693,0.4576271186440678,1.0,0.728813559322034,11.001803612446023,0.42419384417449724
2025-11-24,2025-11-25,open,2025-11-26,2025-12-09,0,1,EXECUTED_ON_TIME,open,59,59,0,0.01180666465467343,0.030283281156860964,-0.018476616502187536,9.152542372881354e-05,9.152542372881354e-05,0.00015254237288135592,0.00012203389830508474,0.00045762711864406777,0.011349037536029363,0.006978118244101364,0.30508474576271183,1.0,0.652542372881356,11.126663494607698,0.4370398256226432
2025-11-25,2025-11-26,open,2025-11-27,2025-12-10,0,1,EXECUTED_ON_TIME,open,59,59,0,0.012253476205504302,0.021391465239202878,-0.009137989033698576,8.64406779661017e-05,8.64406779661017e-05,0.00014406779661016949,0.0001152542372881356,0.00043220338983050846,0.011821272815673793,0.013542291462556356,0.288135593220339,1.0,0.6440677966101696,11.258194819305652,0.4463887478605973
2025-11-26,2025-11-27,open,2025-11-28,2025-12-11,0,1,EXECUTED_ON_TIME,open,59,59,0,-0.003256489827067023,0.017074283398237133,-0.020330773225304157,6.610169491525422e-05,6.610169491525422e-05,0.00011016949152542371,8.813559322033898e-05,0.00033050847457627116,-0.003586998301643294,-0.0017144087260443765,0.22033898305084743,1.0,0.6101694915254237,11.217811693609233,0.45401051584735336
2025-11-27,2025-11-28,open,2025-12-01,2025-12-12,0,1,EXECUTED_ON_TIME,open,59,59,0,0.00919884569423485,0.010471247127062266,-0.0012724014328274157,8.64406779661017e-05,8.64406779661017e-05,0.00014406779661016949,0.0001152542372881356,0.00043220338983050846,0.008766642304404342,0.0015380920390531128,0.288135593220339,1.0,0.6440677966101696,11.31615423616527,0.458764572157076
2025-11-28,2025-12-01,open,2025-12-02,2025-12-15,0,1,EXECUTED_ON_TIME,open,59,59,0,0.00542773878405763,0.002382584726607462,0.0030451540574501683,6.610169491525422e-05,6.610169491525422e-05,0.00011016949152542371,8.813559322033898e-05,0.00033050847457627116,0.005097230309481359,-0.001016839805668337,0.22033898305084743,1.0,0.6101694915254237,11.373835280524618,0.45985761761980604
2025-12-01,2025-12-02,open,2025-12-03,2025-12-16,1,2,EXECUTED_ON_TIME,open,59,59,0,0.0005571084313581405,-0.006449602026286638,0.007006710457644779,0.000111864406779661,0.000111864406779661,0.0001864406779661017,0.00014915254237288136,0.0005593220338983051,-2.213602540164614e-06,0.00882596170539591,0.3728813559322034,1.0,0.6864406779661016,11.37381010337395,0.456891718997402
2025-12-02,2025-12-03,open,2025-12-04,2025-12-17,1,2,EXECUTED_ON_TIME,open,59,59,0,0.003851930496020374,-0.012035334033433043,0.015887264529453417,7.11864406779661e-05,7.11864406779661e-05,0.00011864406779661019,9.491525423728816e-05,0.0003559322033898306,0.0034959982926305432,0.009395531045967648,0.23728813559322037,1.0,0.6186440677966102,11.41357292407605,0.4513928745421588
2025-12-03,2025-12-04,open,2025-12-05,2025-12-18,1,2,EXECUTED_ON_TIME,open,59,59,0,0.005843790282475796,0.004495103229221753,0.001348687053254043,9.152542372881354e-05,9.152542372881354e-05,0.00015254237288135592,0.00012203389830508474,0.00045762711864406777,0.005386163163831728,0.005981426232894341,0.30508474576271183,1.0,0.652542372881356,11.475048290127415,0.45342193211016096
2025-12-04,2025-12-05,open,2025-12-08,2025-12-19,1,2,EXECUTED_ON_TIME,open,59,59,0,0.01596056344322905,0.0029611429963591895,0.012999420446869862,8.135593220338983e-05,8.135593220338983e-05,0.00013559322033898308,0.00010847457627118647,0.0004067796610169492,0.015553783782212102,0.009543645085923529,0.27118644067796616,1.0,0.6355932203389831,11.6535287101225,0.45476457928882463
2025-12-05,2025-12-08,open,2025-12-09,2025-12-22,1,2,EXECUTED_ON_TIME,open,59,59,0,0.007900990214178834,-0.0011913418707030221,0.009092332084881857,0.00012203389830508474,0.00012203389830508474,0.0002033898305084746,0.00016271186440677967,0.0006101694915254238,0.007290820722653411,-0.0006189865468624513,0.4067796610169492,1.0,0.7033898305084746,11.738492498734297,0.4542227992042052
2025-12-08,2025-12-09,open,2025-12-10,2025-12-23,1,1,EXECUTED_ON_TIME,open,59,59,0,0.00043803548738337707,0.0010077245873738594,-0.0005696890999904823,0.00010169491525423727,0.00010169491525423727,0.0001694915254237288,0.00013559322033898305,0.0005084745762711864,-7.043908888780938e-05,0.006323686480355421,0.3389830508474576,1.0,0.6694915254237288,11.73766565001777,0.45468053068710906
2025-12-09,2025-12-10,open,2025-12-11,2025-12-24,1,1,EXECUTED_ON_TIME,open,59,59,0,0.0062553559156354075,0.008161126706021982,-0.001905770790386574,0.00010169491525423727,0.00010169491525423727,0.0001694915254237288,0.00013559322033898305,0.0005084745762711864,0.005746881339364221,-0.0021983991415105352,0.3389830508474576,1.0,0.6694915254237288,11.805120621709552,0.4583912361088079
2025-12-10,2025-12-11,open,2025-12-12,2025-12-25,1,1,EXECUTED_ON_TIME,open,59,59,0,-0.004026849563600765,0.006989052007857044,-0.01101590157145781,8.64406779661017e-05,8.64406779661017e-05,0.00014406779661016949,0.0001152542372881356,0.00043220338983050846,-0.004459052953431273,0.007746621920305278,0.288135593220339,1.0,0.6440677966101696,11.752480963735705,0.46159495629791825
2025-12-11,2025-12-12,open,2025-12-15,2025-12-26,0,1,EXECUTED_ON_TIME,open,59,59,0,0.0013744478727643475,0.017779481953119403,-0.016405034080355055,0.00010169491525423727,0.00010169491525423727,0.0001694915254237288,0.00013559322033898305,0.0005084745762711864,0.0008659732964931611,-0.003297868564810011,0.3389830508474576,1.0,0.6694915254237288,11.762658298417843,0.469801875493068
2025-12-12,2025-12-15,open,2025-12-16,2025-12-16,0,1,EXECUTED_ON_TIME,open,59,59,0,-0.0018483279752560067,-0.0016659329675167145,-0.0001823950077392922,9.661016949152543e-05,9.661016949152543e-05,0.0001610169491525424,0.00012881355932203392,0.00048305084745762714,-0.0023313788227136336,-0.005059141555353465,0.3220338983050848,1.0,0.6610169491525424,11.735235085962096,0.46901921706048294
2025-12-15,2025-12-16,open,2025-12-17,2025-12-30,0,1,EXECUTED_ON_TIME,open,59,59,0,-0.0032768386946443366,0.01648745614400071,-0.019764294838645047,7.627118644067796e-05,7.627118644067796e-05,0.0001271186440677966,0.00010169491525423729,0.00038135593220338984,-0.0036581946268477265,0.00688715177576995,0.2542372881355932,1.0,0.6271186440677966,11.692305312025834,0.4767521508324612
2025-12-16,2025-12-17,open,2025-12-18,2025-12-31,0,1,EXECUTED_ON_TIME,open,59,59,0,0.0069375532745956665,0.034825534532519686,-0.02788798125792402,5.593220338983049e-05,5.593220338983049e-05,9.322033898305082e-05,7.457627118644067e-05,0.0002796610169491525,0.006657892257646514,-0.0038971611970057204,0.18644067796610164,1.0,0.5932203389830508,11.770151421036811,0.4933552993247301
2025-12-17,2025-12-18,open,2025-12-19,2026-01-05,0,1,EXECUTED_ON_TIME,open,59,59,0,0.0062790897222044124,0.023635813867389333,-0.01735672414518492,4.5762711864406784e-05,4.5762711864406784e-05,7.627118644067799e-05,6.101694915254239e-05,0.00022881355932203397,0.006050276162882379,0.0032143775995104418,0.15254237288135597,1.0,0.576271186440678,11.841364087613027,0.5050161533500596
2025-12-18,2025-12-19,open,2025-12-22,2025-12-22,0,1,EXECUTED_ON_TIME,open,59,59,0,0.0070780925017279485,0.005764711633975184,0.0013133808677527649,8.64406779661017e-05,8.64406779661017e-05,0.00014406779661016949,0.0001152542372881356,0.00043220338983050846,0.00664588911189744,0.0018002904264079076,0.288135593220339,1.0,0.6440677966101696,11.920060480272907,0.507927425844622
2025-12-19,2025-12-22,open,2025-12-23,2026-01-07,0,1,EXECUTED_ON_TIME,open,59,59,0,0.0035302713003309174,0.04561489628281734,-0.04208462498248643,5.593220338983049e-05,5.593220338983049e-05,9.322033898305082e-05,7.457627118644067e-05,0.0002796610169491525,0.003250610283381765,-0.0010096329225329419,0.18644067796610164,1.0,0.5932203389830508,11.958807951448616,0.5310964826937229
2025-12-22,2025-12-23,open,2025-12-24,2026-01-08,0,1,EXECUTED_ON_TIME,open,59,59,0,-0.004137397059816767,0.031409051855427306,-0.03554644891524407,6.101694915254237e-05,6.101694915254237e-05,0.0001016949152542373,8.135593220338983e-05,0.0003050847457627119,-0.004442481805579479,-0.0032512589978026278,0.2033898305084746,1.0,0.6016949152542372,11.905681164707886,0.5477777196588851
2025-12-23,2025-12-24,open,2025-12-25,2026-01-09,0,1,EXECUTED_ON_TIME,open,59,59,0,0.00024813274282785736,0.022119596001715536,-0.02187146325888768,7.11864406779661e-05,7.11864406779661e-05,0.00011864406779661019,9.491525423728816e-05,0.0003559322033898306,-0.00010779946056197322,-0.00434917857724409,0.23728813559322037,1.0,0.6186440677966102,11.904397738700707,0.5598943415164807
2025-12-24,2025-12-25,open,2025-12-26,2026-01-12,0,1,EXECUTED_ON_TIME,open,59,59,0,0.0022146549510377736,0.030313307353995844,-0.02809865240295807,6.101694915254237e-05,6.101694915254237e-05,0.0001016949152542373,8.135593220338983e-05,0.0003050847457627119,0.0019095702052750617,-0.0004829104677789909,0.2033898305084746,1.0,0.6016949152542372,11.927130021934275,0.5768665907766328
2025-12-25,2025-12-26,open,2025-12-29,2026-01-13,0,1,EXECUTED_ON_TIME,open,59,59,0,0.0017253475728284593,0.03410908683367131,-0.03238373926084285,6.610169491525422e-05,6.610169491525422e-05,0.00011016949152542371,8.813559322033898e-05,0.00033050847457627116,0.0013948390982521882,-0.0020164524773521883,0.22033898305084743,1.0,0.6101694915254237,11.943766449218804,0.5965429834128769
2025-12-26,2025-12-29,open,2025-12-30,2026-01-14,1,1,EXECUTED_ON_TIME,open,59,59,0,-0.006950183804295065,0.02349179361843934,-0.030441977422734405,0.000111864406779661,0.000111864406779661,0.0001864406779661017,0.00014915254237288136,0.0005593220338983051,-0.00750950583819337,0.003018948603625145,0.3728813559322034,1.0,0.6864406779661016,11.854074665338379,0.6105568480637403
2025-12-29,2025-12-30,open,2025-12-31,2026-01-15,1,1,EXECUTED_ON_TIME,open,59,59,0,0.0006685383095700307,0.02262808090241175,-0.021959542592841722,9.152542372881354e-05,9.152542372881354e-05,0.00015254237288135592,0.00012203389830508474,0.00045762711864406777,0.00021091119092596296,-0.006140970743413627,0.30508474576271183,1.0,0.652542372881356,11.856574822343369,0.6243725778172482
2025-12-30,2025-12-31,open,2026-01-05,2026-01-16,1,1,EXECUTED_ON_TIME,open,59,59,0,0.001279054642806577,0.02618931038037342,-0.024910255737566844,9.152542372881354e-05,9.152542372881354e-05,0.00015254237288135592,0.00012203389830508474,0.00045762711864406777,0.0008214275241625092,0.0017904694761326323,0.30508474576271183,1.0,0.652542372881356,11.866314139244734,0.640724465050698
2025-12-31,2026-01-05,open,2026-01-06,2026-01-19,1,2,EXECUTED_ON_TIME,open,59,59,0,0.012383405193842895,0.012566243122556608,-0.0001828379287137135,9.152542372881354e-05,9.152542372881354e-05,0.00015254237288135592,0.00012203389830508474,0.00045762711864406777,0.011925778075198828,-0.0022452370638802142,0.30508474576271183,1.0,0.652542372881356,12.007829168239962,0.6487759644530952
2026-01-05,2026-01-06,open,2026-01-07,2026-01-20,0,1,EXECUTED_ON_TIME,open,59,59,0,0.011314214967750003,0.0037508404480497415,0.0075633745197002614,0.00011694915254237287,0.00011694915254237287,0.0001949152542372881,0.0001559322033898305,0.0005847457627118644,0.010729469205038138,-0.01143745075565601,0.38983050847457623,1.0,0.6949152542372881,12.13666680151995,0.6512094195822883
2026-01-06,2026-01-07,open,2026-01-08,2026-01-21,0,1,EXECUTED_ON_TIME,open,59,59,0,-0.003004370116095714,-0.01717346955367738,0.014169099437581665,7.627118644067796e-05,7.627118644067796e-05,0.0001271186440677966,0.00010169491525423729,0.00038135593220338984,-0.003385726048299104,0.001798013025248275,0.2542372881355932,1.0,0.6271186440677966,12.095575372590517,0.640025894442024
2026-01-07,2026-01-08,open,2026-01-09,2026-01-22,1,1,EXECUTED_ON_TIME,open,59,59,0,-0.002761527566746551,-0.004044519115792955,0.001282991549046404,6.610169491525422e-05,6.610169491525422e-05,0.00011016949152542371,8.813559322033898e-05,0.00033050847457627116,-0.003092036041322822,-0.006491719525622186,0.22033898305084743,1.0,0.6101694915254237,12.05817541759793,0.6374372974773507
2026-01-08,2026-01-09,open,2026-01-12,2026-01-23,0,1,EXECUTED_ON_TIME,open,59,59,0,0.01353358313490174,0.0007676752031386957,0.012765907931763043,5.084745762711864e-05,5.084745762711864e-05,8.47457627118644e-05,6.779661016949152e-05,0.0002542372881355932,0.013279345846766146,-0.003993447469649294,0.1694915254237288,1.0,0.5847457627118644,12.218300099249186,0.6379266422841798
2026-01-09,2026-01-12,open,2026-01-13,2026-01-26,1,1,EXECUTED_ON_TIME,open,59,59,0,0.007551867286385581,-0.011379241663434403,0.018931108949819985,4.5762711864406784e-05,4.5762711864406784e-05,7.627118644067799e-05,6.101694915254239e-05,0.00022881355932203397,0.007323053727063548,-0.002121707000393943,0.15254237288135597,1.0,0.576271186440678,12.307775367329375,0.6306675208580849
2026-01-12,2026-01-13,open,2026-01-14,2026-01-27,1,2,EXECUTED_ON_TIME,open,59,59,0,0.0006360292656461231,-0.019356826076599054,0.019992855342245177,6.101694915254237e-05,6.101694915254237e-05,0.0001016949152542373,8.135593220338983e-05,0.0003050847457627119,0.00033094451988341123,0.00626062607146106,0.2033898305084746,1.0,0.6016949152542372,12.311848558139149,0.618459799344675
2026-01-13,2026-01-14,open,2026-01-15,2026-01-28,1,2,EXECUTED_ON_TIME,open,59,59,0,-0.0017275413337678948,-0.008829212265211606,0.007101670931443711,3.559322033898305e-05,3.559322033898305e-05,5.9322033898305094e-05,4.745762711864408e-05,0.0001779661016949153,-0.0019055074354628102,0.005528222403405057,0.11864406779661019,1.0,0.5593220338983051,12.288388239167322,0.6129992864987607
2026-01-14,2026-01-15,open,2026-01-16,2026-01-29,1,2,EXECUTED_ON_TIME,open,59,59,0,0.015830710463502835,0.002391250619202756,0.013439459844300079,6.101694915254237e-05,6.101694915254237e-05,0.0001016949152542373,8.135593220338983e-05,0.0003050847457627119,0.015525625717740122,0.013734251857646883,0.2033898305084746,1.0,0.6016949152542372,12.479173155642913,0.6144651214221717
2026-01-15,2026-01-16,open,2026-01-19,2026-01-30,1,2,EXECUTED_ON_TIME,open,59,59,0,-0.005073827693351985,-0.011583093191696925,0.00650926549834494,5.084745762711864e-05,5.084745762711864e-05,8.47457627118644e-05,6.779661016949152e-05,0.0002542372881355932,-0.005328064981487578,0.002908252848372813,0.1694915254237288,1.0,0.5847457627118644,12.412683310154414,0.6073477146576913
2026-01-16,2026-01-19,open,2026-01-20,2026-02-02,1,2,EXECUTED_ON_TIME,open,59,59,0,0.010983663325875569,-0.009728199788356151,0.02071186311423172,9.661016949152543e-05,9.661016949152543e-05,0.0001610169491525424,0.00012881355932203392,0.00048305084745762714,0.010500612478417942,0.005014467252945388,0.3220338983050848,1.0,0.6610169491525424,12.543024087411672,0.6014393147484998
2026-01-19,2026-01-20,open,2026-01-21,2026-02-03,1,2,EXECUTED_ON_TIME,open,59,59,0,0.009904604415665957,-0.01869425427124427,0.028598858686910228,5.084745762711864e-05,5.084745762711864e-05,8.47457627118644e-05,6.779661016949152e-05,0.0002542372881355932,0.009650367127530365,0.010105038235990757,0.1694915254237288,1.0,0.5847457627118644,12.66406887474465,0.5901958552698684
2026-01-20,2026-01-21,open,2026-01-22,2026-02-04,1,2,EXECUTED_ON_TIME,open,59,59,0,0.0011367041490939064,-0.014123711383940085,0.015260415533033991,7.11864406779661e-05,7.11864406779661e-05,0.00011864406779661019,9.491525423728816e-05,0.0003559322033898306,0.0007807719457040758,-0.0071986361227478965,0.23728813559322037,1.0,0.6186440677966102,12.673956624440514,0.5818600993500391
2026-01-21,2026-01-22,open,2026-01-23,2026-02-05,1,2,EXECUTED_ON_TIME,open,59,59,0,-0.0026008905796773914,-0.016240189550071782,0.013639298970394391,6.610169491525422e-05,6.610169491525422e-05,0.00011016949152542371,8.813559322033898e-05,0.00033050847457627116,-0.0029313990542536627,-0.002128753751133659,0.22033898305084743,1.0,0.6101694915254237,12.636804199977977,0.5724105810449709
2026-01-22,2026-01-23,open,2026-01-26,2026-02-06,1,1,EXECUTED_ON_TIME,open,59,59,0,-0.005529762701779026,-0.022541089757346477,0.017011327055567453,6.610169491525422e-05,6.610169491525422e-05,0.00011016949152542371,8.813559322033898e-05,0.00033050847457627116,-0.005860271176355297,-0.001880567993885932,0.22033898305084743,1.0,0.6101694915254237,12.5627491005636,0.5595078227595813
2026-01-23,2026-01-26,open,2026-01-27,2026-02-09,0,1,EXECUTED_ON_TIME,open,59,59,0,-0.001758125255166519,-0.004602603186385057,0.002844477931218538,5.084745762711864e-05,5.084745762711864e-05,8.47457627118644e-05,6.779661016949152e-05,0.0002542372881355932,-0.0020123625433021122,-0.003381819291490568,0.1694915254237288,1.0,0.5847457627118644,12.537468294832724,0.5569326302717407
2026-01-26,2026-01-27,open,2026-01-28,2026-02-10,0,1,EXECUTED_ON_TIME,open,59,59,0,-0.00425772187304572,0.0027801309792157003,-0.00703785285226142,7.11864406779661e-05,7.11864406779661e-05,0.00011864406779661019,9.491525423728816e-05,0.0003559322033898306,-0.004613654076435551,-0.004702184656005418,0.23728813559322037,1.0,0.6186440677966102,12.479624753126087,0.5584809759304952
2026-01-27,2026-01-28,open,2026-01-29,2026-02-11,0,1,EXECUTED_ON_TIME,open,59,59,0,0.0017637834530103936,-0.002101531635870124,0.0038653150888805178,7.11864406779661e-05,7.11864406779661e-05,0.00011864406779661019,9.491525423728816e-05,0.0003559322033898306,0.001407851249620563,-0.003975104049606569,0.23728813559322037,1.0,0.6186440677966102,12.49719420842957,0.5573073104915456
2026-01-28,2026-01-29,open,2026-01-30,2026-02-12,1,1,EXECUTED_ON_TIME,open,59,59,0,-0.0024351451279702465,-0.0027633122392821674,0.0003281671113119209,0.00012203389830508474,0.00012203389830508474,0.0002033898305084746,0.00016271186440677967,0.0006101694915254238,-0.0030453146194956704,0.000819386266041602,0.4067796610169492,1.0,0.7033898305084746,12.459136320203964,0.5557672963794229
2026-01-29,2026-01-30,open,2026-02-02,2026-02-13,0,1,EXECUTED_ON_TIME,open,59,59,0,-0.012128401769915281,-0.006281916401603138,-0.005846485368312143,8.64406779661017e-05,8.64406779661017e-05,0.00014406779661016949,0.0001152542372881356,0.00043220338983050846,-0.01256060515974579,-0.0061938169767036845,0.288135593220339,1.0,0.6440677966101696,12.302642028254434,0.5522760126848224
2026-01-30,2026-02-02,open,2026-02-03,2026-02-03,0,1,EXECUTED_ON_TIME,open,59,59,0,-0.0067105846593784975,-0.005545029861309003,-0.0011655547980694942,6.610169491525422e-05,6.610169491525422e-05,0.00011016949152542371,8.813559322033898e-05,0.00033050847457627116,-0.007041093133954768,-0.00029138093220461986,0.22033898305084743,1.0,0.6101694915254237,12.216017979939789,0.5492136257028004
2026-02-02,2026-02-03,open,2026-02-04,2026-02-25,0,1,EXECUTED_ON_TIME,open,60,60,0,0.0033255213032599633,0.01403033372867002,-0.010704812425410055,7.5e-05,7.5e-05,0.000125,0.0001,0.000375,0.0029505213032599634,-0.0015062505551474699,0.25,1.0,0.625,12.252061601230608,0.5569192761597436
2026-02-03,2026-02-04,open,2026-02-05,2026-02-26,0,1,EXECUTED_ON_TIME,open,60,60,0,0.006344993937395896,0.02009975544146525,-0.013754761504069353,7.5e-05,7.5e-05,0.000125,0.0001,0.000375,0.005969993937395896,0.00636839632134748,0.25,1.0,0.625,12.325206334710554,0.5681132174111923
2026-02-04,2026-02-05,open,2026-02-06,2026-02-27,0,1,EXECUTED_ON_TIME,open,60,60,0,-0.00145263772008666,0.0071926715012258224,-0.008645309221312483,6.999999999999998e-05,6.999999999999998e-05,0.00011666666666666664,9.333333333333332e-05,0.00034999999999999994,-0.0018026377200866597,0.006976654937829733,0.23333333333333328,1.0,0.6166666666666667,12.302988452863753,0.5721994691595355
2026-02-05,2026-02-06,open,2026-02-09,2026-03-02,0,1,EXECUTED_ON_TIME,open,60,60,0,0.016898647153514235,0.012554469794883172,0.0043441773586310635,6.5e-05,6.5e-05,0.00010833333333333334,8.666666666666667e-05,0.00032500000000000004,0.016573647153514236,0.0009306372776736113,0.21666666666666667,1.0,0.6083333333333334,12.506893842415277,0.579383130111747
2026-02-06,2026-02-09,open,2026-02-10,2026-03-03,1,2,EXECUTED_ON_TIME,open,59,59,0,0.011618728087938608,0.00929847675764317,0.0023202513302954374,6.610169491525422e-05,6.610169491525422e-05,0.00011016949152542371,8.813559322033898e-05,0.00033050847457627116,0.011288219613362337,0.006636780198580088,0.22033898305084743,1.0,0.6101694915254237,12.648074406789469,0.5847705106808616
2026-02-09,2026-02-10,open,2026-02-11,2026-03-04,1,2,EXECUTED_ON_TIME,open,59,59,0,0.007605156306388645,-0.023115113532439446,0.030720269838828092,5.593220338983049e-05,5.593220338983049e-05,9.322033898305082e-05,7.457627118644067e-05,0.0002796610169491525,0.007325495289439493,0.008808063789524288,0.18644067796610164,1.0,0.5932203389830508,12.740727816276886,0.5712534739360509
2026-02-10,2026-02-11,open,2026-02-12,2026-03-05,1,2,EXECUTED_ON_TIME,open,59,59,0,0.0038581651760068907,-0.013514092377117204,0.017372257553124094,6.101694915254237e-05,6.101694915254237e-05,0.0001016949152542373,8.135593220338983e-05,0.0003050847457627119,0.003553080430244179,0.0029612253940517453,0.2033898305084746,1.0,0.6016949152542372,12.785996646947966,0.56353350171853
2026-02-11,2026-02-12,open,2026-02-13,2026-03-06,1,2,EXECUTED_ON_TIME,open,59,59,0,0.00427642703289858,-0.020871782236008496,0.025148209268907075,4.5762711864406784e-05,4.5762711864406784e-05,7.627118644067799e-05,6.101694915254239e-05,0.00022881355932203397,0.004047613473576546,0.008061324059189353,0.15254237288135597,1.0,0.576271186440678,12.837749419249256,0.5517715531879656
2026-02-12,2026-02-13,open,2026-02-24,2026-03-09,1,2,EXECUTED_ON_TIME,open,59,59,0,0.00779838837180614,-0.019848464155387213,0.027646852527193354,8.64406779661017e-05,8.64406779661017e-05,0.00014406779661016949,0.0001152542372881356,0.00043220338983050846,0.007366184981975632,0.0005538499053995916,0.288135593220339,1.0,0.6440677966101696,12.932314656223697,0.5408197352925519
2026-02-13,2026-02-24,open,2026-02-25,2026-03-10,1,1,EXECUTED_ON_TIME,open,59,59,0,0.006618237780484753,-0.016608014391313874,0.023226252171798627,8.64406779661017e-05,8.64406779661017e-05,0.00014406779661016949,0.0001152542372881356,0.00043220338983050846,0.006186034390654245,0.003863114551475819,0.288135593220339,1.0,0.6440677966101696,13.01231439943786,0.5318377933457067
2026-02-24,2026-02-25,open,2026-02-26,2026-03-11,0,1,EXECUTED_ON_TIME,open,60,60,0,0.014083545884179535,-0.006904101451658207,0.02098764733583774,0.00010499999999999999,0.00010499999999999999,0.000175,0.00014,0.000525,0.013558545884179535,0.005532677139005512,0.35,1.0,0.675,13.18874246128201,0.5281659312646219
2026-02-25,2026-02-26,open,2026-02-27,2026-03-12,1,1,EXECUTED_ON_TIME,open,59,59,0,0.006172845786749301,-0.008577442479948072,0.014750288266697373,0.00010169491525423727,0.00010169491525423727,0.0001694915254237288,0.00013559322033898305,0.0005084745762711864,0.005664371210478115,0.009063801810996109,0.3389830508474576,1.0,0.6694915254237288,13.263448394382104,0.5236356183693314
2026-02-26,2026-02-27,open,2026-03-02,2026-03-13,0,1,EXECUTED_ON_TIME,open,59,59,0,0.0009999093590138718,-0.00622310197305409,0.007223011332067962,0.00010169491525423727,0.00010169491525423727,0.0001694915254237288,0.00013559322033898305,0.0005084745762711864,0.0004914347827426853,-0.003649158143283246,0.3389830508474576,1.0,0.6694915254237288,13.269966514262217,0.5203769805194958
2026-02-27,2026-03-02,open,2026-03-03,2026-03-16,1,1,EXECUTED_ON_TIME,open,59,59,0,0.010726645013332736,-0.002518685054135661,0.013245330067468397,8.135593220338983e-05,8.135593220338983e-05,0.00013559322033898308,0.00010847457627118647,0.0004067796610169492,0.010319865352315787,0.004713414601828345,0.27118644067796616,1.0,0.6355932203389831,13.406910781919143,0.5190663147961451
2026-03-02,2026-03-03,open,2026-03-04,2026-03-17,0,1,EXECUTED_ON_TIME,open,59,59,0,-0.022289205036065872,-0.010923062763809721,-0.011366142272256151,0.00010169491525423727,0.00010169491525423727,0.0001694915254237288,0.00013559322033898305,0.0005084745762711864,-0.022797679612337057,0.012754183191864416,0.3389830508474576,1.0,0.6694915254237288,13.101264325321763,0.5133965208610474
2026-03-03,2026-03-04,open,2026-03-05,2026-03-18,0,1,EXECUTED_ON_TIME,open,59,59,0,0.009576407898417079,0.008582849228237821,0.0009935586701792579,7.627118644067796e-05,7.627118644067796e-05,0.0001271186440677966,0.00010169491525423729,0.00038135593220338984,0.00919505196621369,-0.010307032470320329,0.2542372881355932,1.0,0.6271186440677966,13.221731131616197,0.5178029257938996
2026-03-04,2026-03-05,open,2026-03-06,2026-03-19,0,1,EXECUTED_ON_TIME,open,59,59,0,-0.0028719251092668547,-0.008706471404845595,0.00583454629557874,6.101694915254237e-05,6.101694915254237e-05,0.0001016949152542373,8.135593220338983e-05,0.0003050847457627119,-0.0031770098550295664,0.0016819845145993047,0.2033898305084746,1.0,0.6016949152542372,13.179725561510502,0.5132946894271296
2026-03-05,2026-03-06,open,2026-03-09,2026-03-20,0,1,EXECUTED_ON_TIME,open,59,59,0,0.00015472686446060626,-0.004040468298779576,0.004195195163240182,5.084745762711864e-05,5.084745762711864e-05,8.47457627118644e-05,6.779661016949152e-05,0.0002542372881355932,-9.951042367498697e-05,-0.0012901021984414174,0.1694915254237288,1.0,0.5847457627118644,13.178414041435955,0.5112207385065675
2026-03-06,2026-03-09,open,2026-03-10,2026-03-23,0,1,EXECUTED_ON_TIME,open,59,59,0,0.008319658775399396,-0.021988785836608016,0.030308444612007414,4.0677966101694904e-05,4.0677966101694904e-05,6.779661016949151e-05,5.4237288135593214e-05,0.00020338983050847455,0.008116268944890922,0.004717363892897593,0.13559322033898302,1.0,0.5677966101694916,13.285373594063374,0.499979615172314
2026-03-09,2026-03-10,open,2026-03-11,2026-03-11,0,1,EXECUTED_ON_TIME,open,59,59,0,0.004567014408439898,0.0069366511895043725,-0.002369636781064475,4.5762711864406784e-05,4.5762711864406784e-05,7.627118644067799e-05,6.101694915254239e-05,0.00022881355932203397,0.004338200849117864,-0.00227005362775064,0.15254237288135597,1.0,0.576271186440678,13.34300821306999,0.5034477993646269
2026-03-10,2026-03-11,open,2026-03-12,2026-03-25,0,1,EXECUTED_ON_TIME,open,59,59,0,-0.00010076678119258027,-0.03725823707250886,0.03715747029131628,5.593220338983049e-05,5.593220338983049e-05,9.322033898305082e-05,7.457627118644067e-05,0.0002796610169491525,-0.00038042779814173274,-0.0046360416239991705,0.18644067796610164,1.0,0.5932203389830508,13.337932161834905,0.4846902219022668
2026-03-11,2026-03-12,open,2026-03-13,2026-03-26,0,1,EXECUTED_ON_TIME,open,60,60,0,-0.005075748524042913,-0.03731172303142427,0.03223597450738136,9e-05,9e-05,0.00015000000000000001,0.00012000000000000003,0.00045000000000000004,-0.005525748524042913,0.0005597336549295027,0.30000000000000004,1.0,0.65,13.264230102877862,0.46660559458660983
2026-03-12,2026-03-13,open,2026-03-16,2026-03-27,0,1,EXECUTED_ON_TIME,open,60,60,0,-0.00444091973106132,-0.050879384338867295,0.04643846460780598,7.5e-05,7.5e-05,0.000125,0.0001,0.000375,-0.00481591973106132,0.0025243334273684463,0.25,1.0,0.625,13.200350635408075,0.442864989204972
2026-03-13,2026-03-16,open,2026-03-17,2026-03-30,0,1,EXECUTED_ON_TIME,open,60,60,0,7.036878871493993e-05,-0.04443714844265345,0.04450751723136839,0.00011,0.00011,0.00018333333333333336,0.0001466666666666667,0.0005500000000000001,-0.0004796312112850602,0.0017603243707607704,0.3666666666666667,1.0,0.6833333333333333,13.194019335243427,0.42318533193961655
2026-03-16,2026-03-17,open,2026-03-18,2026-03-31,0,1,EXECUTED_ON_TIME,open,60,60,0,-0.005546189582299208,-0.04132880311253473,0.03578261353023552,9.499999999999999e-05,9.499999999999999e-05,0.00015833333333333332,0.00012666666666666666,0.00047499999999999994,-0.006021189582299208,0.004967805586980401,0.31666666666666665,1.0,0.6583333333333333,13.114575643473405,0.4056955886757715
2026-03-17,2026-03-18,open,2026-03-19,2026-04-01,0,1,EXECUTED_ON_TIME,open,60,60,0,-0.008907081398340544,-0.028282859571773344,0.0193757781734328,9e-05,9e-05,0.00015000000000000001,0.00012000000000000003,0.00045000000000000004,-0.009357081398340544,-0.0020007018597900487,0.30000000000000004,1.0,0.65,12.99186149167273,0.39422135731236674
2026-03-18,2026-03-19,open,2026-03-20,2026-04-02,0,1,EXECUTED_ON_TIME,open,60,60,0,-0.010999617075669684,-0.021034210571968748,0.010034593496299064,6.999999999999998e-05,6.999999999999998e-05,0.00011666666666666664,9.333333333333332e-05,0.00034999999999999994,-0.011349617075669683,-0.008667574896502942,0.23333333333333328,1.0,0.6166666666666667,12.844408838642105,0.3859292222706911
2026-03-19,2026-03-20,open,2026-03-23,2026-04-03,0,1,EXECUTED_ON_TIME,open,60,60,0,-0.02698527391474715,-0.0238929560806298,-0.003092317834117349,5.999999999999998e-05,5.999999999999998e-05,9.999999999999998e-05,7.999999999999998e-05,0.0002999999999999999,-0.027285273914747152,0.004601814781299812,0.19999999999999996,1.0,0.6,12.493945625206756,0.37670823231274586
2026-03-20,2026-03-23,open,2026-03-24,2026-04-07,0,1,EXECUTED_ON_TIME,open,60,60,0,-0.006400641064965575,-0.011833255539997034,0.005432614475031459,6.999999999999998e-05,6.999999999999998e-05,0.00011666666666666664,9.333333333333332e-05,0.00034999999999999994,-0.0067506410649655745,0.00018283124414192938,0.23333333333333328,1.0,0.6166666666666667,12.409603482805787,0.3722505475357686
2026-03-23,2026-03-24,open,2026-03-25,2026-04-08,0,1,EXECUTED_ON_TIME,open,60,60,0,0.01593399170253548,0.013104781059573467,0.002829210642962012,8e-05,8e-05,0.00013333333333333337,0.0001066666666666667,0.0004000000000000001,0.01553399170253548,0.002239576405108974,0.2666666666666667,1.0,0.6333333333333333,12.602374160339448,0.3771288094605312
2026-03-24,2026-03-25,open,2026-03-26,2026-04-09,0,1,EXECUTED_ON_TIME,open,60,60,0,0.01175885267590117,0.012436135689124272,-0.0006772830132231022,6.999999999999998e-05,6.999999999999998e-05,0.00011666666666666664,9.333333333333332e-05,0.00034999999999999994,0.01140885267590117,0.005133310505308259,0.23333333333333328,1.0,0.6166666666666667,12.746152790501343,0.38181883450726023
2026-03-25,2026-03-26,open,2026-03-27,2026-04-10,0,1,EXECUTED_ON_TIME,open,60,60,0,-0.01708901673878099,0.015384074837431871,-0.032473091576212865,4.5e-05,4.5e-05,7.500000000000001e-05,6.0000000000000015e-05,0.00022500000000000002,-0.01731401673878099,0.013402649332368108,0.15000000000000002,1.0,0.575,12.525465687731543,0.3876927640316609
2026-03-26,2026-03-27,open,2026-03-30,2026-04-13,0,1,EXECUTED_ON_TIME,open,60,60,0,0.012702206068413527,0.0414374084819531,-0.028735202413539572,6.999999999999998e-05,6.999999999999998e-05,0.00011666666666666664,9.333333333333332e-05,0.00034999999999999994,0.012352206068413528,0.003115183919733677,0.23333333333333328,1.0,0.6166666666666667,12.680182821009247,0.4037577474603383
2026-03-27,2026-03-30,open,2026-03-31,2026-04-14,0,1,EXECUTED_ON_TIME,open,60,59,1,0.014634226235457265,0.048050120390332296,-0.03341589415487503,4.5762711864406784e-05,4.5762711864406784e-05,7.627118644067799e-05,6.101694915254239e-05,0.00022881355932203397,0.01440541267613523,0.011072916855905012,0.15254237288135597,1.0,0.576271186440678,12.862846087354725,0.423158355834337
2026-03-30,2026-03-31,open,2026-04-01,2026-04-15,0,1,EXECUTED_ON_TIME,open,60,60,0,0.010904781037797818,0.05225314514658641,-0.041348364108788595,6.999999999999998e-05,6.999999999999998e-05,0.00011666666666666664,9.333333333333332e-05,0.00034999999999999994,0.010554781037797818,0.009945766145681042,0.23333333333333328,1.0,0.6166666666666667,12.998610611329648,0.44526971082173944
2026-03-31,2026-04-01,open,2026-04-02,2026-04-16,0,1,EXECUTED_ON_TIME,open,60,60,0,0.001792023072026779,0.039218138735059416,-0.03742611566303264,8.499999999999999e-05,8.499999999999999e-05,0.00014166666666666668,0.00011333333333333334,0.00042500000000000003,0.001367023072026779,0.0018370252067527312,0.2833333333333333,1.0,0.6416666666666666,13.016380011939628,0.4627323601152662
2026-04-01,2026-04-02,open,2026-04-03,2026-04-03,0,1,EXECUTED_ON_TIME,open,60,60,0,-0.006456912300238528,-0.004783758435704888,-0.0016731538645336401,7.5e-05,7.5e-05,0.000125,0.0001,0.000375,-0.006831912300238528,-0.006964856180572215,0.25,1.0,0.625,12.92745324523148,0.46051876028409117
2026-04-02,2026-04-03,open,2026-04-07,2026-04-07,0,1,EXECUTED_ON_TIME,open,60,60,0,-0.010732975511852023,-0.010457736588345035,-0.00027523892350698846,5.999999999999998e-05,5.999999999999998e-05,9.999999999999998e-05,7.999999999999998e-05,0.0002999999999999999,-0.011032975511852023,-0.001824580303761059,0.19999999999999996,1.0,0.6,12.784824970146229,0.4557027763950489
2026-04-03,2026-04-07,open,2026-04-08,2026-04-08,0,1,EXECUTED_ON_TIME,open,60,60,0,0.013945938477110837,0.01607765065079647,-0.0021317121736856345,6.5e-05,6.5e-05,0.00010833333333333334,8.666666666666667e-05,0.00032500000000000004,0.013620938477110836,-0.004317342961664217,0.21666666666666667,1.0,0.6083333333333334,12.958966284505221,0.46302940643452656
2026-04-07,2026-04-08,open,2026-04-09,2026-04-09,0,1,EXECUTED_ON_TIME,open,60,60,0,0.008125181366944465,0.010034666418733185,-0.0019094850517887198,9.499999999999999e-05,9.499999999999999e-05,0.00015833333333333332,0.00012666666666666666,0.00047499999999999994,0.007650181366944465,-0.0029868115337663426,0.31666666666666665,1.0,0.6583333333333333,13.058104726909805,0.46767575207016104
2026-04-08,2026-04-09,open,2026-04-10,2026-04-23,0,1,EXECUTED_ON_TIME,open,60,60,0,0.00512893775562425,0.05552823237271154,-0.05039929461708729,6.999999999999998e-05,6.999999999999998e-05,0.00011666666666666664,9.333333333333332e-05,0.00034999999999999994,0.00477893775562425,-0.0003328881014517601,0.23333333333333328,1.0,0.6166666666666667,13.120508596606129,0.49364495990619556
2026-04-09,2026-04-10,open,2026-04-13,2026-04-24,0,1,EXECUTED_ON_TIME,open,60,60,0,0.0018282053018793135,0.03847443724595734,-0.036646231944078025,7.5e-05,7.5e-05,0.000125,0.0001,0.000375,0.0014532053018793136,0.0020279580670092483,0.25,1.0,0.625,13.139575389262072,0.5126376719378896
2026-04-10,2026-04-13,open,2026-04-14,2026-04-27,0,1,EXECUTED_ON_TIME,open,60,60,0,0.010948433014721724,0.03492900421287981,-0.023980571198158086,8e-05,8e-05,0.00013333333333333337,0.0001066666666666667,0.0004000000000000001,0.010548433014721725,-0.0009728199541180881,0.2666666666666667,1.0,0.6333333333333333,13.278177320097589,0.530543595340689
2026-04-13,2026-04-14,open,2026-04-15,2026-04-28,0,1,EXECUTED_ON_TIME,open,60,60,0,0.01237950492458622,0.01731198744943474,-0.004932482524848521,7.5e-05,7.5e-05,0.000125,0.0001,0.000375,0.01200450492458622,0.005598252616852684,0.25,1.0,0.625,13.43757526512623,0.539728359404605
2026-04-14,2026-04-15,open,2026-04-16,2026-04-29,0,1,EXECUTED_ON_TIME,open,60,60,0,-0.0019397451252800716,0.0023141184072061893,-0.004253863532486261,7.5e-05,7.5e-05,0.000125,0.0001,0.000375,-0.0023147451252800715,0.004773719888966606,0.25,1.0,0.625,13.406470703285695,0.5409773547359944
2026-04-15,2026-04-16,open,2026-04-17,2026-04-30,1,2,EXECUTED_ON_TIME,open,60,60,0,0.011890951523776032,0.02695555648810255,-0.015064604964326518,7.5e-05,7.5e-05,0.000125,0.0001,0.000375,0.011515951523776031,0.012205551197113616,0.25,1.0,0.625,13.560858970009656,0.5555597003803648
2026-04-16,2026-04-17,open,2026-04-20,2026-05-06,0,1,EXECUTED_ON_TIME,open,60,60,0,0.007995071582532706,0.027206414893650832,-0.019211343311118127,7.5e-05,7.5e-05,0.000125,0.0001,0.000375,0.007620071582532705,0.008632277868770665,0.25,1.0,0.625,13.664193686081761,0.5706744880871054
2026-04-17,2026-04-20,open,2026-04-21,2026-05-07,1,2,EXECUTED_ON_TIME,open,60,60,0,0.013085144464914626,0.03567338231828532,-0.02258823785337069,7.5e-05,7.5e-05,0.000125,0.0001,0.000375,0.012710144464914626,0.007538104405639371,0.25,1.0,0.625,13.837867561828435,0.5910323772799285
2026-04-20,2026-04-21,open,2026-04-22,2026-05-08,1,2,EXECUTED_ON_TIME,open,59,59,0,0.010619481452743407,0.025387563243143063,-0.014768081790399656,8.135593220338983e-05,8.135593220338983e-05,0.00013559322033898308,0.00010847457627118647,0.0004067796610169492,0.010212701791726458,0.01200119532183673,0.27118644067796616,1.0,0.6355932203389831,13.979189576670793,0.6060372491368679
2026-04-21,2026-04-22,open,2026-04-23,2026-05-11,0,1,EXECUTED_ON_TIME,open,59,59,0,0.014434293381888147,0.03178070578469505,-0.017346412402806904,9.661016949152543e-05,9.661016949152543e-05,0.0001610169491525424,0.00012881355932203392,0.00048305084745762714,0.01395124253443052,0.0045854266602971296,0.3220338983050848,1.0,0.6610169491525424,14.17421664088971,0.6252975406462525
2026-04-22,2026-04-23,open,2026-04-24,2026-05-12,1,2,EXECUTED_ON_TIME,open,59,59,0,-0.007371588379231031,0.030936495995558255,-0.03830808437478929,0.00010169491525423727,0.00010169491525423727,0.0001694915254237288,0.00013559322033898305,0.0005084745762711864,-0.007880062955502217,0.0029278534133572497,0.3389830508474576,1.0,0.6694915254237288,14.062522921414573,0.6446420555084877
2026-04-23,2026-04-24,open,2026-04-27,2026-05-13,1,2,EXECUTED_ON_TIME,open,59,59,0,0.007255023356061599,0.030951006290165006,-0.023695982934103407,6.610169491525422e-05,6.610169491525422e-05,0.00011016949152542371,8.813559322033898e-05,0.00033050847457627116,0.006924514881485328,0.007019380354158197,0.22033898305084743,1.0,0.6101694915254237,14.159899070655136,0.6645943758234358
2026-04-24,2026-04-27,open,2026-04-28,2026-05-14,1,2,EXECUTED_ON_TIME,open,59,59,0,0.015507961370395788,0.05261481868420015,-0.037106857313804364,5.593220338983049e-05,5.593220338983049e-05,9.322033898305082e-05,7.457627118644067e-05,0.0002796610169491525,0.015228300353446635,0.018824111754272604,0.18644067796610164,1.0,0.5932203389830508,14.375530266677561,0.699561888405925
2026-04-27,2026-04-28,open,2026-04-29,2026-05-15,1,2,EXECUTED_ON_TIME,open,59,59,0,0.010497368372063614,0.032487386687245046,-0.02199001831518143,7.627118644067796e-05,7.627118644067796e-05,0.0001271186440677966,0.00010169491525423729,0.00038135593220338984,0.010116012439860225,0.015839052846250548,0.2542372881355932,1.0,0.6271186440677966,14.52095330968486,0.7222888259862277
2026-04-28,2026-04-29,open,2026-04-30,2026-05-18,0,1,EXECUTED_ON_TIME,open,59,59,0,0.022437379248157984,0.02084462602816295,0.001592753219995035,8.135593220338983e-05,8.135593220338983e-05,0.00013559322033898308,0.00010847457627118647,0.0004067796610169492,0.022030599587141035,0.012630995474356548,0.27118644067796616,1.0,0.6355932203389831,14.840858617674098,0.7373446664482315
2026-04-29,2026-04-30,open,2026-05-06,2026-05-19,0,1,EXECUTED_ON_TIME,open,59,59,0,0.0038782392363232838,-0.0004702371223064272,0.004348476358629711,6.610169491525422e-05,6.610169491525422e-05,0.00011016949152542371,8.813559322033898e-05,0.00033050847457627116,0.0035477307617470125,0.002068748741165698,0.22033898305084743,1.0,0.6101694915254237,14.893509988322759,0.7369979396141328
2026-04-30,2026-05-06,open,2026-05-07,2026-05-20,0,1,EXECUTED_ON_TIME,open,59,59,0,0.008094977418720827,-0.005772539583922653,0.01386751700264348,7.627118644067796e-05,7.627118644067796e-05,0.0001271186440677966,0.00010169491525423729,0.00038135593220338984,0.007713621486517437,-0.0017643558946240645,0.2542372881355932,1.0,0.6271186440677966,15.008392886978347,0.7327435898344409
2026-05-06,2026-05-07,open,2026-05-08,2026-05-21,0,1,EXECUTED_ON_TIME,open,59,59,0,0.0007246739959115543,-0.0019528984027126217,0.002677572398624176,5.593220338983049e-05,5.593220338983049e-05,9.322033898305082e-05,7.457627118644067e-05,0.0002796610169491525,0.0004450129789624018,0.0028749926126434913,0.18644067796610164,1.0,0.5932203389830508,15.015071816606419,0.7313126160482553
2026-05-07,2026-05-08,open,2026-05-11,2026-05-22,0,1,EXECUTED_ON_TIME,open,60,60,0,0.007258831607581882,-0.010731620393589214,0.017990452001171095,4.999999999999998e-05,4.999999999999998e-05,8.333333333333332e-05,6.666666666666666e-05,0.00024999999999999995,0.007008831607581882,-0.001290392299552621,0.16666666666666663,1.0,0.5833333333333333,15.12030992654476,0.7234644466637827
2026-05-08,2026-05-11,open,2026-05-12,2026-05-25,0,1,EXECUTED_ON_TIME,open,60,60,0,0.0072557079437181645,-0.005932344106148291,0.013188052049866455,4.999999999999998e-05,4.999999999999998e-05,8.333333333333332e-05,6.666666666666666e-05,0.00024999999999999995,0.007005707943718164,0.0031254771862936417,0.16666666666666663,1.0,0.5833333333333333,15.226238401908637,0.719172606617609
2026-05-11,2026-05-12,open,2026-05-13,2026-05-26,0,1,EXECUTED_ON_TIME,open,60,60,0,-0.004604183820922029,-0.013072057341987575,0.008467873521065546,5.5e-05,5.5e-05,9.166666666666668e-05,7.333333333333334e-05,0.00027500000000000007,-0.004879183820922029,0.006519066961271295,0.18333333333333335,1.0,0.5916666666666667,15.151946785844542,0.7097715410651169
2026-05-12,2026-05-13,open,2026-05-14,2026-05-27,0,1,EXECUTED_ON_TIME,open,60,60,0,0.017054212332248478,0.004374494986710831,0.012679717345537647,4.999999999999998e-05,4.999999999999998e-05,8.333333333333332e-05,6.666666666666666e-05,0.00024999999999999995,0.016804212332248478,0.0005168473454625414,0.16666666666666663,1.0,0.5833333333333333,15.406563316880804,0.7128764331132162
2026-05-13,2026-05-14,open,2026-05-15,2026-05-28,0,1,EXECUTED_ON_TIME,open,60,60,0,-0.019154599257155538,-0.027522848190632554,0.008368248933477016,7.5e-05,7.5e-05,0.000125,0.0001,0.000375,-0.019529599257155538,0.003908638124330059,0.25,1.0,0.625,15.105679309372128,0.6932560432659616
2026-05-14,2026-05-15,open,2026-05-18,2026-05-18,0,1,EXECUTED_ON_TIME,open,60,60,0,-0.006224935256689619,-0.015329559155814576,0.009104623899124958,8e-05,8e-05,0.00013333333333333337,0.0001066666666666667,0.0004000000000000001,-0.006624935256689619,0.01452053730749698,0.2666666666666667,1.0,0.6333333333333333,15.005605161939222,0.6826287337405901
2026-05-15,2026-05-18,open,2026-05-19,2026-06-01,0,1,EXECUTED_ON_TIME,open,60,60,0,-0.0015099668818557214,0.012730316734035352,-0.014240283615891074,0.00011499999999999998,0.00011499999999999998,0.00019166666666666665,0.00015333333333333334,0.000575,-0.0020849668818557214,-0.0050238518030344455,0.3833333333333333,1.0,0.6916666666666667,14.974318972134375,0.6913188137328613
2026-05-18,2026-05-19,open,2026-05-20,2026-06-02,0,1,EXECUTED_ON_TIME,open,60,60,0,0.014167956413323602,0.00869673491114309,0.0054712215021805125,6.999999999999998e-05,6.999999999999998e-05,0.00011666666666666664,9.333333333333332e-05,0.00034999999999999994,0.013817956413323602,0.006143654973236566,0.23333333333333328,1.0,0.6166666666666667,15.181233459010533,0.6973310301949819
2026-05-19,2026-05-20,open,2026-05-21,2026-06-03,0,1,EXECUTED_ON_TIME,open,60,60,0,0.0157414948662943,0.018993654356984635,-0.0032521594906903366,9.499999999999999e-05,9.499999999999999e-05,0.00015833333333333332,0.00012666666666666666,0.00047499999999999994,0.015266494866294299,0.005765152409259643,0.31666666666666665,1.0,0.6583333333333333,15.412997681676535,0.7105758947549053
2026-05-20,2026-05-21,open,2026-05-22,2026-06-04,0,1,EXECUTED_ON_TIME,open,60,60,0,-0.0059587492066770446,0.002266978754007054,-0.008225727960684099,6.999999999999998e-05,6.999999999999998e-05,0.00011666666666666664,9.333333333333332e-05,0.00034999999999999994,-0.006308749206677044,0.006744013085703871,0.23333333333333328,1.0,0.6166666666666667,15.315760944779743,0.7121867552114243
2026-05-21,2026-05-22,open,2026-05-25,2026-06-05,0,1,EXECUTED_ON_TIME,open,60,60,0,0.0010910448622978872,0.014136377936285083,-0.013045333073987196,8e-05,8e-05,0.00013333333333333337,0.0001066666666666667,0.0004000000000000001,0.0006910448622978871,-0.013682731394334813,0.2666666666666667,1.0,0.6333333333333333,15.326344822692816,0.7222544963443095
2026-05-22,2026-05-25,open,2026-05-26,2026-06-08,0,1,EXECUTED_ON_TIME,open,60,60,0,0.0009661571091668134,-0.03476630121177149,0.035732458320938305,5.5e-05,5.5e-05,9.166666666666668e-05,7.333333333333334e-05,0.00027500000000000007,0.0006911571091668134,-0.01256884298025965,0.18333333333333335,1.0,0.5916666666666667,15.336937734874562,0.6971443789728469
2026-05-25,2026-05-26,open,2026-05-27,2026-06-09,0,1,EXECUTED_ON_TIME,open,60,60,0,0.0011012944117035203,-0.03197149454655657,0.03307278895826009,0.0001,0.0001,0.0001666666666666667,0.00013333333333333337,0.0005,0.0006012944117035203,-0.004991060879029991,0.33333333333333337,1.0,0.6666666666666667,15.346159749827187,0.6748556312623539
2026-05-26,2026-05-27,open,2026-05-28,2026-06-10,0,1,EXECUTED_ON_TIME,open,60,60,0,-0.01787909824484534,-0.03801499510721129,0.02013589686236595,9e-05,9e-05,0.00015000000000000001,0.00012000000000000003,0.00045000000000000004,-0.01832909824484534,-0.004525248477485165,0.30000000000000004,1.0,0.65,15.064878480091513,0.6492009977418416
2026-05-27,2026-05-28,open,2026-05-29,2026-06-11,0,1,EXECUTED_ON_TIME,open,60,60,0,-0.0034858723869986897,-0.0325598975388125,0.029074025151813808,0.0001,0.0001,0.0001666666666666667,0.00013333333333333337,0.0005,-0.00398587238699869,-0.01063454967202986,0.33333333333333337,1.0,0.6666666666666667,15.004831796944226,0.6280630797732724
2026-05-28,2026-05-29,open,2026-06-01,2026-06-12,0,1,EXECUTED_ON_TIME,open,60,60,0,-0.0016267579542704265,-0.030961342473699194,0.029334584519428768,6.999999999999998e-05,6.999999999999998e-05,0.00011666666666666664,9.333333333333332e-05,0.00034999999999999994,-0.0019767579542704266,0.00950247369077437,0.23333333333333328,1.0,0.6166666666666667,14.975170876337126,0.6086174036653258
2026-05-29,2026-06-01,open,2026-06-02,2026-06-15,0,1,EXECUTED_ON_TIME,open,60,60,0,0.003989274290595148,-0.014007644505386718,0.017996918795981864,8e-05,8e-05,0.00013333333333333337,0.0001066666666666667,0.0004000000000000001,0.0035892742905951477,0.002966293037838643,0.2666666666666667,1.0,0.6333333333333333,15.028920872160832,0.6000921074349904
2026-06-01,2026-06-02,open,2026-06-03,2026-06-16,0,1,EXECUTED_ON_TIME,open,60,60,0,-0.004951040816129301,0.007049935275640129,-0.012000976091769429,8e-05,8e-05,0.00013333333333333337,0.0001066666666666667,0.0004000000000000001,-0.005351040816129301,-0.0018418794726033625,0.2666666666666667,1.0,0.6333333333333333,14.948500503151523,0.6043227179518296
2026-06-02,2026-06-03,open,2026-06-04,2026-06-17,0,1,EXECUTED_ON_TIME,open,60,60,0,-0.005153673570620757,-0.012525844052794555,0.007372170482173797,6.5e-05,6.5e-05,0.00010833333333333334,8.666666666666667e-05,0.00032500000000000004,-0.005478673570620757,0.003300620286229021,0.21666666666666667,1.0,0.6083333333333334,14.866602548524497,0.596753065829204
2026-06-03,2026-06-04,open,2026-06-05,2026-06-18,0,1,EXECUTED_ON_TIME,open,60,60,0,-0.004078646987010008,0.003824135506060866,-0.007902782493070873,6.5e-05,6.5e-05,0.00010833333333333334,8.666666666666667e-05,0.00032500000000000004,-0.004403646987010007,-0.005042287448344418,0.21666666666666667,1.0,0.6083333333333334,14.801135279004612,0.5990351304165921
2026-06-04,2026-06-05,open,2026-06-08,2026-06-22,0,1,EXECUTED_ON_TIME,open,60,60,0,-0.028558087800598795,0.012764773228373771,-0.04132286102897256,7.5e-05,7.5e-05,0.000125,0.0001,0.000375,-0.028933087800598795,0.008586017405504218,0.25,1.0,0.625,14.372892732428632,0.6066816780121892
2026-06-05,2026-06-08,open,2026-06-09,2026-06-23,0,1,EXECUTED_ON_TIME,open,60,60,0,0.0002742814973102322,0.07318656746403351,-0.07291228596672328,6.999999999999998e-05,6.999999999999998e-05,0.00011666666666666664,9.333333333333332e-05,0.00034999999999999994,-7.571850268976775e-05,-0.0060285776125865165,0.23333333333333328,1.0,0.6166666666666667,14.371804438511612,0.6510826275692213
2026-06-08,2026-06-09,open,2026-06-10,2026-06-24,0,1,EXECUTED_ON_TIME,open,60,60,0,0.001398551645084295,0.03308414063937848,-0.03168558899429418,0.0001,0.0001,0.0001666666666666667,0.00013333333333333337,0.0005,0.000898551645084295,-0.0025128467562281725,0.33333333333333337,1.0,0.6666666666666667,14.384718247032668,0.6726231367875775
2026-06-09,2026-06-10,open,2026-06-11,2026-06-25,0,1,EXECUTED_ON_TIME,open,60,60,0,0.0005385057215801792,0.041627438006444306,-0.04108893228486413,7.5e-05,7.5e-05,0.000125,0.0001,0.000375,0.00016350572158017917,0.004181236074030892,0.25,1.0,0.625,14.387070230769375,0.7006227147159024
2026-06-10,2026-06-11,open,2026-06-12,2026-06-12,0,1,EXECUTED_ON_TIME,open,60,60,0,0.014875225846719945,0.011536399445928103,0.003338826400791842,7.5e-05,7.5e-05,0.000125,0.0001,0.000375,0.014500225846719944,0.003592353054523014,0.25,1.0,0.625,14.595685998388152,0.7087053782137556
2026-06-11,2026-06-12,open,2026-06-15,2026-06-15,0,1,EXECUTED_ON_TIME,open,60,59,1,0.016225104860793777,0.009331736556982273,0.006893368303811504,9.661016949152543e-05,9.661016949152543e-05,0.0001610169491525424,0.00012881355932203392,0.00048305084745762714,0.01574205401333615,0.009939425445402867,0.3220338983050848,1.0,0.6610169491525424,14.825452075736473,0.7153188300997628
2026-06-12,2026-06-15,open,2026-06-16,2026-06-30,0,1,EXECUTED_ON_TIME,open,60,60,0,0.0053842774014811745,0.01764317687344885,-0.012258899471967677,0.00010499999999999999,0.00010499999999999999,0.000175,0.00014,0.000525,0.004859277401481174,-0.0031248993657534193,0.35,1.0,0.675,14.89749305997484,0.7279393267401214
2026-06-15,2026-06-16,open,2026-06-17,2026-07-01,0,1,EXECUTED_ON_TIME,open,60,60,0,-0.010366236710620811,0.015896817878439995,-0.026263054589060808,4.5e-05,4.5e-05,7.500000000000001e-05,6.0000000000000015e-05,0.00022500000000000002,-0.01059123671062081,-0.002609305083192761,0.15000000000000002,1.0,0.575,14.739710184581815,0.7395112456438634
2026-06-16,2026-06-17,open,2026-06-18,2026-07-02,0,1,EXECUTED_ON_TIME,open,60,60,0,-0.004704100005998813,0.0011255836521630869,-0.0058296836581618995,6.5e-05,6.5e-05,0.00010833333333333334,8.666666666666667e-05,0.00032500000000000004,-0.0050291000059988124,-0.006586276501003905,0.21666666666666667,1.0,0.6083333333333334,14.665582708004115,0.7403436274125509
2026-06-17,2026-06-18,open,2026-06-22,2026-06-22,0,1,EXECUTED_ON_TIME,open,60,60,0,-0.002520729304806,0.00677414604100357,-0.00929487534580957,8.499999999999999e-05,8.499999999999999e-05,0.00014166666666666668,0.00011333333333333334,0.00042500000000000003,-0.002945729304806,0.0013125321451207652,0.2833333333333333,1.0,0.6416666666666666,14.622381871249091,0.7453588232651699
2026-06-18,2026-06-22,open,2026-06-23,2026-07-06,0,1,EXECUTED_ON_TIME,open,60,60,0,0.02122906579169976,-0.016326197441035473,0.03755526323273523,0.00011499999999999998,0.00011499999999999998,0.00019166666666666665,0.00015333333333333334,0.000575,0.02065406579169976,0.002860419867324975,0.3833333333333333,1.0,0.6916666666666667,14.92439350844923,0.7331899479521249
2026-06-22,2026-06-23,open,2026-06-24,2026-07-07,0,1,EXECUTED_ON_TIME,open,60,60,0,-0.021563337569971773,-0.04638545839502406,0.024822120825052287,6.5e-05,6.5e-05,0.00010833333333333334,8.666666666666667e-05,0.00032500000000000004,-0.021888337569971772,0.006639514251478781,0.21666666666666667,1.0,0.6083333333333334,14.597723345309198,0.6991805961257418
2026-06-23,2026-06-24,open,2026-06-25,2026-06-25,0,1,EXECUTED_ON_TIME,open,60,60,0,-0.0026080473599728276,0.010323884822087459,-0.012931932182060287,3.999999999999999e-05,3.999999999999999e-05,6.666666666666666e-05,5.3333333333333326e-05,0.00019999999999999998,-0.0028080473599728277,-0.007794160159779575,0.1333333333333333,1.0,0.5666666666666667,14.556732246807789,0.7063988560699824
2026-06-24,2026-06-25,open,2026-06-26,2026-06-26,0,1,EXECUTED_ON_TIME,open,60,60,0,0.004345756881084086,0.006231095895252947,-0.0018853390141688612,5.5e-05,5.5e-05,9.166666666666668e-05,7.333333333333334e-05,0.00027500000000000007,0.004070756881084086,0.0010614954278382383,0.18333333333333335,1.0,0.5916666666666667,14.61598916476758,0.7108004950824515
2026-06-25,2026-06-26,open,2026-06-29,2026-07-10,0,1,EXECUTED_ON_TIME,open,60,60,0,-0.018442540293150896,-0.018926598184400234,0.00048405789124933776,5.5e-05,5.5e-05,9.166666666666668e-05,7.333333333333334e-05,0.00027500000000000007,-0.018717540293150897,0.0017852327313668294,0.18333333333333335,1.0,0.5916666666666667,14.342413798651787,0.6973474597227531
2026-06-26,2026-06-29,open,2026-06-30,2026-06-30,0,1,EXECUTED_ON_TIME,open,60,59,1,0.005889419399453251,0.009956755417081409,-0.004067336017628158,7.627118644067796e-05,7.627118644067796e-05,0.0001271186440677966,0.00010169491525423729,0.00038135593220338984,0.005508063467249861,-0.004489984760316344,0.2542372881355932,1.0,0.6271186440677966,14.421412724128322,0.7042907778199357
2026-06-29,2026-06-30,open,2026-07-01,2026-07-01,0,1,EXECUTED_ON_TIME,open,59,59,0,0.011563514477760517,0.011842320255619265,-0.0002788057778587479,8.135593220338983e-05,8.135593220338983e-05,0.00013559322033898308,0.00010847457627118647,0.0004067796610169492,0.011156734816743568,0.00607709640882006,0.27118644067796616,1.0,0.6355932203389831,14.582308601574233,0.7126312147639585
2026-06-30,2026-07-01,open,2026-07-02,2026-07-02,0,1,EXECUTED_ON_TIME,open,59,59,0,8.447644457497287e-05,-0.02162229231168944,0.021706768756264413,6.610169491525422e-05,6.610169491525422e-05,0.00011016949152542371,8.813559322033898e-05,0.00033050847457627116,-0.0002460320300012983,0.008600698443875726,0.22033898305084743,1.0,0.6101694915254237,14.578720886586883,0.6972224943278978
2026-07-01,2026-07-02,open,2026-07-03,2026-07-03,0,1,EXECUTED_ON_TIME,open,59,59,0,-0.0008944556970672253,-0.011442968808290654,0.010548513111223429,7.11864406779661e-05,7.11864406779661e-05,0.00011864406779661019,9.491525423728816e-05,0.0003559322033898306,-0.0012503879004570559,0.0038998684821818104,0.23728813559322037,1.0,0.6186440677966102,14.560491830386153,0.689244199072865
2026-07-02,2026-07-03,open,2026-07-06,2026-07-06,0,1,EXECUTED_ON_TIME,open,59,59,0,0.01853147661872575,0.012276330653151257,0.006255145965574492,7.627118644067796e-05,7.627118644067796e-05,0.0001271186440677966,0.00010169491525423729,0.00038135593220338984,0.01815012068652236,0.011035338578691389,0.2542372881355932,1.0,0.6271186440677966,14.824766514362786,0.69770558876145
2026-07-03,2026-07-06,open,2026-07-07,2026-07-07,0,1,EXECUTED_ON_TIME,open,59,59,0,-0.00146202638511633,-0.011229439943211017,0.009767413558094688,5.593220338983049e-05,5.593220338983049e-05,9.322033898305082e-05,7.457627118644067e-05,0.0002796610169491525,-0.0017416874020654825,0.00033388109604428153,0.18644067796610164,1.0,0.5932203389830508,14.798946405286157,0.6898707457544105
2026-07-06,2026-07-07,open,2026-07-08,2026-07-08,0,1,EXECUTED_ON_TIME,open,59,59,0,-0.008524809785636663,-0.001949989935334684,-0.006574819850301979,7.627118644067796e-05,7.627118644067796e-05,0.0001271186440677966,0.00010169491525423729,0.00038135593220338984,-0.008906165717840052,0.0007373756689840819,0.2542372881355932,1.0,0.6271186440677966,14.667144536151245,0.6885255047435076
2026-07-07,2026-07-08,open,2026-07-09,2026-07-09,0,1,EXECUTED_ON_TIME,open,59,59,0,-0.0024320040048743615,-0.006261234296961016,0.003829230292086654,7.627118644067796e-05,7.627118644067796e-05,0.0001271186440677966,0.00010169491525423729,0.00038135593220338984,-0.0028133599370777514,0.0021368333936994045,0.2542372881355932,1.0,0.6271186440677966,14.625880579321908,0.6842144852388752
2026-07-08,2026-07-09,open,2026-07-10,2026-07-10,0,1,EXECUTED_ON_TIME,open,59,59,0,0.010118167326752582,0.023695951869993293,-0.01357778454324071,8.64406779661017e-05,8.64406779661017e-05,0.00014406779661016949,0.0001152542372881356,0.00043220338983050846,0.009685963936922073,-0.0005379697009455873,0.288135593220339,1.0,0.6440677966101696,14.767546331158949,0.7004275987498478
2026-07-09,2026-07-10,open,2026-07-13,2026-07-13,0,1,EXECUTED_ON_TIME,open,59,59,0,-0.018818001100405893,-0.02907354544293894,0.010255544342533049,7.627118644067796e-05,7.627118644067796e-05,0.0001271186440677966,0.00010169491525423729,0.00038135593220338984,-0.019199357032609284,-0.006575435057082029,0.2542372881355932,1.0,0.6271186440677966,14.484018936651427,0.6800636851281056
2026-07-10,2026-07-13,open,2026-07-14,2026-07-14,0,1,EXECUTED_ON_TIME,open,59,59,0,-0.012404420312859843,-0.011445940290443102,-0.0009584800224167415,7.627118644067796e-05,7.627118644067796e-05,0.0001271186440677966,0.00010169491525423729,0.00038135593220338984,-0.012785776245063232,0.005808780290328717,0.2542372881355932,1.0,0.6271186440677966,14.298829511398143,0.6722797167944305
2026-07-13,2026-07-14,open,2026-07-15,2026-07-15,0,1,EXECUTED_ON_TIME,open,60,60,0,0.019820614357403822,0.022770885088897685,-0.0029502707314938634,8e-05,8e-05,0.00013333333333333337,0.0001066666666666667,0.0004000000000000001,0.01942061435740382,0.004204721117791962,0.2666666666666667,1.0,0.6333333333333333,14.576521565101272,0.6875881209731532
2026-07-14,2026-07-15,open,2026-07-16,2026-07-16,0,1,EXECUTED_ON_TIME,open,60,60,0,-0.0068421362164924285,-0.01801000970624289,0.011167873489750462,4.999999999999998e-05,4.999999999999998e-05,8.333333333333332e-05,6.666666666666666e-05,0.00024999999999999995,-0.007092136216492429,0.005655603359849871,0.16666666666666663,1.0,0.5833333333333333,14.473142888598934,0.6752046522405295
2026-07-15,2026-07-16,open,2026-07-17,2026-07-17,0,1,EXECUTED_ON_TIME,open,60,60,0,-0.007274831275244761,-0.01059315738490152,0.0033183261096567584,6.999999999999998e-05,6.999999999999998e-05,0.00011666666666666664,9.333333333333332e-05,0.00034999999999999994,-0.0076248312752447605,-0.0028733373201014793,0.23333333333333328,1.0,0.6166666666666667,14.36278761605086,0.6680521030923279
2026-07-16,2026-07-17,open,2026-07-20,2026-07-20,0,1,EXECUTED_ON_TIME,open,60,60,0,-0.015743178277474606,-0.018438002909716866,0.0026948246322422605,5.5e-05,5.5e-05,9.166666666666668e-05,7.333333333333334e-05,0.00027500000000000007,-0.016018178277474607,1.9607533058952492e-05,0.18333333333333335,1.0,0.5916666666666667,14.13272192345545,0.6557345564716691
2026-07-17,2026-07-20,open,2026-07-21,2026-07-21,0,1,EXECUTED_ON_TIME,open,60,60,0,0.005278798557841097,0.0120598705632462,-0.006781072005405103,9e-05,9e-05,0.00015000000000000001,0.00012000000000000003,0.00045000000000000004,0.004828798557841097,0.00010312125775852228,0.30000000000000004,1.0,0.65,14.200965990697801,0.6636426303465651
2026-07-20,2026-07-21,open,2026-07-22,2026-07-22,0,1,EXECUTED_ON_TIME,open,60,60,0,0.030846019208060575,0.01723375801391236,0.013612261194148215,7.5e-05,7.5e-05,0.000125,0.0001,0.000375,0.030471019208060574,0.023575879479851493,0.25,1.0,0.625,14.63368389817337,0.6750796868456741
2026-07-21,2026-07-22,open,2026-07-23,2026-07-23,0,1,EXECUTED_ON_TIME,open,60,60,0,0.009388264636591861,0.005203304844756396,0.0041849597918354655,7.5e-05,7.5e-05,0.000125,0.0001,0.000375,0.00901326463659186,0.0006797357977427025,0.25,1.0,0.625,14.76558116375584,0.6785923322508348
2026-07-22,2026-07-23,open,2026-07-24,2026-07-24,0,1,EXECUTED_ON_TIME,open,60,59,1,-0.014525777667591007,-0.010509229761712868,-0.004016547905878139,7.627118644067796e-05,7.627118644067796e-05,0.0001271186440677966,0.00010169491525423729,0.00038135593220338984,-0.014907133599794396,-0.005952106714567465,0.2542372881355932,1.0,0.6271186440677966,14.545468672669125,0.6714608495166742
2026-07-23,2026-07-24,open,2026-07-27,2026-07-27,0,1,EXECUTED_ON_TIME,open,60,60,0,-0.01296328885009011,-0.0062707452584706,-0.006692543591619509,9e-05,9e-05,0.00015000000000000001,0.00012000000000000003,0.00045000000000000004,-0.01341328885009011,-0.005385330113045775,0.30000000000000004,1.0,0.65,14.350366099902677,0.6672502895783189
2026-07-24,2026-07-27,open,2026-07-28,2026-07-28,0,1,EXECUTED_ON_TIME,open,60,60,0,-0.004334172185682679,-0.00692178116664699,0.0025876089809643106,7.5e-05,7.5e-05,0.000125,0.0001,0.000375,-0.0047091721856826795,-0.002615206057859213,0.25,1.0,0.625,14.282787755010652,0.662631729090476
2026-07-27,2026-07-28,open,2026-07-29,2026-07-29,0,1,EXECUTED_ON_TIME,open,60,60,0,-0.007684318024149602,-0.009019423205896215,0.001335105181746613,6.5e-05,6.5e-05,0.00010833333333333334,8.666666666666667e-05,0.00032500000000000004,-0.008009318024149602,-0.0016926659409069846,0.21666666666666667,1.0,0.6083333333333334,14.168392365609343,0.6566551730961542
2026-07-28,2026-07-29,open,2026-07-30,2026-07-30,0,1,EXECUTED_ON_TIME,open,60,60,0,0.005251691937752171,-0.0035023280835514425,0.008754020021303613,0.0001,0.0001,0.0001666666666666667,0.00013333333333333337,0.0005,0.004751691937752172,0.0044379774297436374,0.33333333333333337,1.0,0.6666666666666667,14.235716201383918,0.6543553512422102
2026-07-29,2026-07-30,open,2026-07-31,2026-07-31,0,1,EXECUTED_ON_TIME,open,60,60,0,0.011901342574245459,0.012660185057228102,-0.0007588424829826426,0.00010499999999999999,0.00010499999999999999,0.000175,0.00014,0.000525,0.01137634257424546,0.006319593025722642,0.35,1.0,0.675,14.397666585680597,0.6626396110821241
2026-07-30,2026-07-31,open,2026-08-03,2026-08-03,0,1,EXECUTED_ON_TIME,open,60,59,1,-0.010047162169558966,-0.013416729853494513,0.0033695676839355475,9.661016949152543e-05,9.661016949152543e-05,0.0001610169491525424,0.00012881355932203392,0.00048305084745762714,-0.010530213017016593,-0.00931054398799589,0.3220338983050848,1.0,0.6610169491525424,14.246056089585398,0.6537491544300106
2026-07-31,2026-08-03,open,2026-08-04,2026-08-04,0,1,EXECUTED_ON_TIME,open,60,60,0,0.0016518071324026773,0.0011236750619325608,0.0005281320704701165,5.999999999999998e-05,5.999999999999998e-05,9.999999999999998e-05,7.999999999999998e-05,0.0002999999999999999,0.0013518071324026774,-0.000653085027370966,0.19999999999999996,1.0,0.6,14.265314009815906,0.6544837560516031
2026-08-03,2026-08-04,open,2026-08-05,2026-08-05,0,1,EXECUTED_ON_TIME,open,60,60,0,-0.004718333882169688,-0.0036685371374243214,-0.0010497967447453665,6.5e-05,6.5e-05,0.00010833333333333334,8.666666666666667e-05,0.00032500000000000004,-0.005043333882169688,0.0002555927262653541,0.21666666666666667,1.0,0.6083333333333334,14.193369268330411,0.6520827580866869
2026-08-04,2026-08-05,open,2026-08-06,2026-08-06,0,1,EXECUTED_ON_TIME,open,60,60,0,0.015363150019023449,0.01573868689850011,-0.00037553687947666087,8e-05,8e-05,0.00013333333333333337,0.0001066666666666667,0.0004000000000000001,0.01496315001902345,0.0072156012877314536,0.2666666666666667,1.0,0.6333333333333333,14.405746781967837,0.6623456844481237
2026-08-05,2026-08-06,open,2026-08-07,2026-08-07,0,1,EXECUTED_ON_TIME,open,60,60,0,0.006340708242646725,0.007420264342725247,-0.0010795561000785216,6.999999999999998e-05,6.999999999999998e-05,0.00011666666666666664,9.333333333333332e-05,0.00034999999999999994,0.005990708242646726,0.006670248331467073,0.23333333333333328,1.0,0.6166666666666667,14.492047407956052,0.667260464512992
2026-08-06,2026-08-07,open,2026-08-10,2026-08-10,0,1,EXECUTED_ON_TIME,open,60,60,0,0.012579737475922951,0.009174635069966186,0.003405102405956765,5.999999999999998e-05,5.999999999999998e-05,9.999999999999998e-05,7.999999999999998e-05,0.0002999999999999999,0.012279737475922951,0.001156651340894068,0.19999999999999996,1.0,0.6,14.670005945614381,0.6733823357715149
2026-08-07,2026-08-10,open,2026-08-11,2026-08-11,0,1,EXECUTED_ON_TIME,open,60,60,0,0.005106582709894738,-0.001993480910935874,0.007100063620830612,8.499999999999999e-05,8.499999999999999e-05,0.00014166666666666668,0.00011333333333333334,0.00042500000000000003,0.004681582709894738,0.006577606554261301,0.2833333333333333,1.0,0.6416666666666666,14.738684791803422,0.6720399609393929
2026-08-10,2026-08-11,open,2026-08-12,2026-08-12,0,1,EXECUTED_ON_TIME,open,60,60,0,-0.004878345233702534,-0.006180470242879155,0.0013021250091766207,7.5e-05,7.5e-05,0.000125,0.0001,0.000375,-0.005253345233702534,0.003673820927725833,0.25,1.0,0.625,14.661257392301357,0.6678864379587813
2026-08-11,2026-08-12,open,2026-08-13,2026-08-13,0,1,EXECUTED_ON_TIME,open,60,60,0,0.009293854127477965,0.012125182331552242,-0.0028313282040742776,8e-05,8e-05,0.00013333333333333337,0.0001066666666666667,0.0004000000000000001,0.008893854127477965,0.0048934767415856895,0.2666666666666667,1.0,0.6333333333333333,14.791652476873892,0.6759846827958025
2026-08-12,2026-08-13,open,2026-08-14,2026-08-14,0,1,EXECUTED_ON_TIME,open,60,60,0,-0.004386469788788677,-0.009328012126415763,0.004941542337627086,6.999999999999998e-05,6.999999999999998e-05,0.00011666666666666664,9.333333333333332e-05,0.00034999999999999994,-0.004736469788788677,0.00989804303280344,0.23333333333333328,1.0,0.6166666666666667,14.721592261790917,0.669679089477412
2026-08-13,2026-08-14,open,2026-08-17,2026-08-17,0,1,EXECUTED_ON_TIME,open,60,60,0,0.001362828128669639,-0.00014958350943472531,0.0015124116381043642,9e-05,9e-05,0.00015000000000000001,0.00012000000000000003,0.00045000000000000004,0.0009128281286696388,0.0032559965983311083,0.30000000000000004,1.0,0.65,14.735030545306286,0.6695789165290129
2026-08-14,2026-08-17,open,2026-08-18,2026-08-18,0,1,EXECUTED_ON_TIME,open,60,60,0,0.016233775823909422,0.013226316253577508,0.003007459570331914,9.499999999999999e-05,9.499999999999999e-05,0.00015833333333333332,0.00012666666666666666,0.00047499999999999994,0.015758775823909422,0.007613104310518204,0.31666666666666665,1.0,0.6583333333333333,14.967236588428227,0.6784349790357534
2026-08-17,2026-08-18,open,2026-08-19,2026-08-19,0,1,EXECUTED_ON_TIME,open,60,60,0,-0.007956592890694928,-0.01563516236441642,0.007678569473721494,8e-05,8e-05,0.00013333333333333337,0.0001066666666666667,0.0004000000000000001,-0.008356592890694927,0.006855945053652692,0.2666666666666667,1.0,0.6333333333333333,14.84216148556002,0.66782753798483
2026-08-18,2026-08-19,open,2026-08-20,2026-08-20,0,1,EXECUTED_ON_TIME,open,60,60,0,-0.0077136790364278115,-0.010033572565130822,0.00231989352870301,8e-05,8e-05,0.00013333333333333337,0.0001066666666666667,0.0004000000000000001,-0.00811367903642781,0.002045696561030373,0.2666666666666667,1.0,0.6333333333333333,14.721736951059356,0.6611268419214665
2026-08-19,2026-08-20,open,2026-08-21,2026-08-21,0,1,EXECUTED_ON_TIME,open,60,60,0,-0.0030206316808565653,-0.006039713887981968,0.0030190822071254025,0.0001,0.0001,0.0001666666666666667,0.00013333333333333337,0.0005,-0.0035206316808565653,-0.000577972633989223,0.33333333333333337,1.0,0.6666666666666667,14.669907137552219,0.6571338249525958
2026-08-20,2026-08-21,open,2026-08-24,2026-08-24,0,1,EXECUTED_ON_TIME,open,60,60,0,0.0065203316432245,0.0077449576757711025,-0.001224626032546603,8e-05,8e-05,0.00013333333333333337,0.0001066666666666667,0.0004000000000000001,0.006120331643224499,0.004626387891130554,0.2666666666666667,1.0,0.6333333333333333,14.759691834409345,0.6622232986141712
