signal_date,entry_date,entry_price_type,earliest_exit_date,actual_exit_date,exit_delay_days,exit_attempt_count,exit_status,exit_price_type,requested_long_count,executed_long_count,rejected_long_count,long_gross_return,benchmark_return,long_excess_return,entry_commission,exit_commission,stamp_duty,slippage,total_cost,long_net_return,factor_diagnostic_spread,long_turnover,short_turnover,gross_turnover,long_equity_curve,bench_equity_curve
2021-12-28,2021-12-29,open,2021-12-30,2022-01-13,5,6,UNEXECUTED_TIMEOUT,open,54,54,0,-0.017430408606285547,-0.02129916110163943,0.0038687524953538825,0.0003,0.0003,0.0005,0.0004,0.0015,-0.01893040860628555,-0.003829915218645107,1.0,1.0,1.0,0.9810695913937144,0.9787008388983606
2021-12-29,2021-12-30,open,2021-12-31,2022-01-14,5,6,UNEXECUTED_TIMEOUT,open,55,55,0,-0.009980017658573983,-0.028316178344157672,0.01833616068558369,1.636363636363637e-05,1.636363636363637e-05,2.7272727272727283e-05,2.1818181818181828e-05,8.181818181818184e-05,-0.010061835840392164,-0.025636134673604663,0.054545454545454564,1.0,0.5272727272727273,0.9711982302171103,0.9509877713985379
2021-12-30,2021-12-31,open,2022-01-04,2022-01-17,5,6,UNEXECUTED_TIMEOUT,open,55,55,0,-0.009780309064366409,-0.04226927877738007,0.03248896971301366,1.636363636363637e-05,1.636363636363637e-05,2.7272727272727283e-05,2.1818181818181828e-05,8.181818181818184e-05,-0.00986212724618459,-0.02566746653117395,0.054545454545454564,1.0,0.5272727272727273,0.9616201496894398,0.9107902041754137
2021-12-31,2022-01-04,open,2022-01-05,2022-01-18,6,6,UNEXECUTED_TIMEOUT,open,55,55,0,-0.012943679534444492,-0.03856466660642721,0.02562098707198272,1.0909090909090912e-05,1.0909090909090912e-05,1.818181818181819e-05,1.4545454545454551e-05,5.4545454545454567e-05,-0.012998224988989946,0.0046325001018477155,0.036363636363636376,1.0,0.5181818181818182,0.9491207946298302,0.875665883602989
2022-01-04,2022-01-05,open,2022-01-06,2022-01-19,6,6,UNEXECUTED_TIMEOUT,open,55,55,0,-0.010032594272544154,-0.018770419738647903,0.008737825466103749,5.454545454545456e-06,5.454545454545456e-06,9.090909090909094e-06,7.272727272727276e-06,2.7272727272727283e-05,-0.010059866999816881,0.016098583410666757,0.018181818181818188,1.0,0.509090909090909,0.9395727656690936,0.8592292674169469
2022-01-05,2022-01-06,open,2022-01-07,2022-01-20,5,6,UNEXECUTED_TIMEOUT,open,55,55,0,0.00285936680367448,-0.013195361735557465,0.016054728539231945,5.454545454545456e-06,5.454545454545456e-06,9.090909090909094e-06,7.272727272727276e-06,2.7272727272727283e-05,0.002832094076401753,-0.003529416448512197,0.018181818181818188,1.0,0.509090909090909,0.9422337241330935,0.8478914264196022
2022-01-06,2022-01-07,open,2022-01-10,2022-01-21,5,6,UNEXECUTED_TIMEOUT,open,55,55,0,-0.007502651854570169,-0.00322221710923698,-0.004280434745333189,1.0909090909090912e-05,1.0909090909090912e-05,1.818181818181819e-05,1.4545454545454551e-05,5.4545454545454567e-05,-0.007557197309115624,0.008093394212345282,0.036363636363636376,1.0,0.5181818181818182,0.9351130779685168,0.8451593361586176
2022-01-07,2022-01-10,open,2022-01-11,2022-01-24,5,6,UNEXECUTED_TIMEOUT,open,55,55,0,0.0060679612271973575,-0.012112679568516027,0.018180640795713385,1.0909090909090912e-05,1.0909090909090912e-05,1.818181818181819e-05,1.4545454545454551e-05,5.4545454545454567e-05,0.006013415772651903,0.0007625149238342814,0.036363636363636376,1.0,0.5181818181818182,0.9407363017007858,0.8349221919353885
2022-01-10,2022-01-11,open,2022-01-12,2022-01-25,5,6,UNEXECUTED_TIMEOUT,open,55,55,0,-0.015624270226733926,-0.01612786257215637,0.0005035923454224447,1.0909090909090912e-05,1.0909090909090912e-05,1.818181818181819e-05,1.4545454545454551e-05,5.4545454545454567e-05,-0.01567881568127938,-0.012087901278432102,0.036363636363636376,1.0,0.5181818181818182,0.9259866706217308,0.821456681565411
2022-01-11,2022-01-12,open,2022-01-13,2022-01-26,5,6,UNEXECUTED_TIMEOUT,open,55,55,0,0.0007122074370444804,-0.025273662606948966,0.025985870043993445,5.454545454545456e-06,5.454545454545456e-06,9.090909090909094e-06,7.272727272727276e-06,2.7272727272727283e-05,0.0006849347097717532,-0.0010389212537747156,0.018181818181818188,1.0,0.509090909090909,0.9266209110332255,0.8006954625493029
2022-01-12,2022-01-13,open,2022-01-14,2022-01-27,5,6,UNEXECUTED_TIMEOUT,open,56,56,0,-0.031055129555081305,-0.029864222997957324,-0.0011909065571239809,1.607142857142858e-05,1.607142857142858e-05,2.67857142857143e-05,2.1428571428571442e-05,8.035714285714291e-05,-0.031135486697938447,-0.004268888930764252,0.0535714285714286,1.0,0.5267857142857143,0.897770117983719,0.7767833147022779
2022-01-13,2022-01-14,open,2022-01-17,2022-01-28,5,6,UNEXECUTED_TIMEOUT,open,56,56,0,-0.015916779894332586,-0.021521900068972588,0.005605120174640002,1.0714285714285709e-05,1.0714285714285709e-05,1.785714285714285e-05,1.428571428571428e-05,5.357142857142854e-05,-0.015970351322904013,-0.015355791113295257,0.0357142857142857,1.0,0.5178571428571428,0.883432413792314,0.7600654618280102
2022-01-14,2022-01-17,open,2022-01-18,2022-02-07,5,6,UNEXECUTED_TIMEOUT,open,56,56,0,-2.9551360512370633e-05,-0.019071595936355545,0.019042044575843176,2.6785714285714288e-05,2.6785714285714288e-05,4.464285714285715e-05,3.5714285714285724e-05,0.00013392857142857146,-0.0001634799319409421,-0.011259230440611286,0.0892857142857143,1.0,0.5446428571428572,0.8832879903214327,0.7455698004548469
2022-01-17,2022-01-18,open,2022-01-19,2022-02-08,5,6,UNEXECUTED_TIMEOUT,open,56,56,0,-0.013332129550045283,-0.029442091004390658,0.016109961454345373,1.607142857142858e-05,1.607142857142858e-05,2.67857142857143e-05,2.1428571428571442e-05,8.035714285714291e-05,-0.013412486692902426,-0.028802019675440993,0.0535714285714286,1.0,0.5267857142857143,0.8714409019052459,0.72361866653973
2022-01-18,2022-01-19,open,2022-01-20,2022-02-09,5,6,UNEXECUTED_TIMEOUT,open,56,56,0,-0.021816083877319124,-0.04312087829028166,0.021304794412962538,1.0714285714285709e-05,1.0714285714285709e-05,1.785714285714285e-05,1.428571428571428e-05,5.357142857142854e-05,-0.02186965530589055,-0.01950471113208099,0.0357142857142857,1.0,0.5178571428571428,0.8523827897611238,0.6924155940912944
2022-01-19,2022-01-20,open,2022-01-21,2022-02-10,5,6,UNEXECUTED_TIMEOUT,open,55,55,0,-0.01045320223189081,-0.025333688274104538,0.014880486042213727,1.636363636363637e-05,1.636363636363637e-05,2.7272727272727283e-05,2.1818181818181828e-05,8.181818181818184e-05,-0.010535020413708992,-0.010506465543884243,0.054545454545454564,1.0,0.5272727272727273,0.8434029196706961,0.6748741532744567
2022-01-20,2022-01-21,open,2022-01-24,2022-02-11,5,6,UNEXECUTED_TIMEOUT,open,55,55,0,-0.015643165235848182,-0.0396980685093683,0.02405490327352012,1.0909090909090912e-05,1.0909090909090912e-05,1.818181818181819e-05,1.4545454545454551e-05,5.4545454545454567e-05,-0.015697710690393635,0.0033723442364393084,0.036363636363636376,1.0,0.5181818181818182,0.8301634246422722,0.6480829529025653
2022-01-21,2022-01-24,open,2022-01-25,2022-02-14,5,6,UNEXECUTED_TIMEOUT,open,55,55,0,-0.004119846256661563,-0.036710804782810635,0.03259095852614907,1.636363636363637e-05,1.636363636363637e-05,2.7272727272727283e-05,2.1818181818181828e-05,8.181818181818184e-05,-0.004201664438479745,-0.012801199202091287,0.054545454545454564,1.0,0.5272727272727273,0.8266753565028263,0.6242913061354918
2022-01-24,2022-01-25,open,2022-01-26,2022-02-15,5,5,UNEXECUTED_TIMEOUT,open,55,55,0,-0.01990348337410048,-0.0437087747666397,0.023805291392539223,1.0909090909090912e-05,1.0909090909090912e-05,1.818181818181819e-05,1.4545454545454551e-05,5.4545454545454567e-05,-0.019958028828645932,0.0007070898244573715,0.036363636363636376,1.0,0.5181818181818182,0.8101765459058118,0.5970042980468443
2022-01-25,2022-01-26,open,2022-01-27,2022-02-16,5,5,UNEXECUTED_TIMEOUT,open,55,55,0,0.0013967090682794427,-0.01644696013432989,0.017843669202609335,1.636363636363637e-05,1.636363636363637e-05,2.7272727272727283e-05,2.1818181818181828e-05,8.181818181818184e-05,0.001314890886461261,-0.003084330720420437,0.054545454545454564,1.0,0.5272727272727273,0.811241839662448,0.5871853921568443
2022-01-26,2022-01-27,open,2022-01-28,2022-02-17,5,5,UNEXECUTED_TIMEOUT,open,55,55,0,-0.009280598757280652,-0.019371512791043766,0.010090914033763113,1.636363636363637e-05,1.636363636363637e-05,2.7272727272727283e-05,2.1818181818181828e-05,8.181818181818184e-05,-0.009362416939098834,0.005530075102775839,0.054545454545454564,1.0,0.5272727272727273,0.8036466553210866,0.5758107228219639
2022-01-27,2022-01-28,open,2022-02-07,2022-02-18,5,5,UNEXECUTED_TIMEOUT,open,56,56,0,0.01374143823877422,-0.008024233629352673,0.021765671868126894,2.1428571428571418e-05,2.1428571428571418e-05,3.57142857142857e-05,2.857142857142856e-05,0.00010714285714285708,0.013634295381631363,0.009840648954448972,0.0714285714285714,1.0,0.5357142857142857,0.8146038112021943,0.571190283055754
2022-01-28,2022-02-07,open,2022-02-08,2022-02-21,5,5,UNEXECUTED_TIMEOUT,open,56,56,0,0.00395388816811623,0.0016119174530970781,0.002341970715019152,1.607142857142858e-05,1.607142857142858e-05,2.67857142857143e-05,2.1428571428571442e-05,8.035714285714291e-05,0.0038735310252590873,0.003231445332287564,0.0535714285714286,1.0,0.5267857142857143,0.8177592043381803,0.5721109946420511
2022-02-07,2022-02-08,open,2022-02-09,2022-02-22,5,5,UNEXECUTED_TIMEOUT,open,56,56,0,-0.0018617660810460932,-0.005299758756036277,0.0034379926749901835,1.0714285714285709e-05,1.0714285714285709e-05,1.785714285714285e-05,1.428571428571428e-05,5.357142857142854e-05,-0.0019153375096175218,-0.007101071825741325,0.0357142857142857,1.0,0.5178571428571428,0.8161929194602764,0.5690789443887723
2022-02-08,2022-02-09,open,2022-02-10,2022-02-23,4,5,UNEXECUTED_TIMEOUT,open,56,56,0,0.020757583871498668,-0.005673210653561744,0.026430794525060412,1.607142857142858e-05,1.607142857142858e-05,2.67857142857143e-05,2.1428571428571442e-05,8.035714285714291e-05,0.020677226728641526,0.006569389094668353,0.0535714285714286,1.0,0.5267857142857143,0.8330695255102684,0.5658504396587483
2022-02-09,2022-02-10,open,2022-02-11,2022-02-24,4,5,UNEXECUTED_TIMEOUT,open,56,56,0,-0.007962531711237444,-0.013987341350864213,0.006024809639626769,1.0714285714285709e-05,1.0714285714285709e-05,1.785714285714285e-05,1.428571428571428e-05,5.357142857142854e-05,-0.008016103139808873,-0.009253259870313179,0.0357142857142857,1.0,0.5178571428571428,0.8263915542711464,0.5579356964057047
2022-02-10,2022-02-11,open,2022-02-14,2022-02-25,4,5,UNEXECUTED_TIMEOUT,open,56,56,0,-0.0005348809170086788,-0.011529548012786828,0.010994667095778149,2.1428571428571418e-05,2.1428571428571418e-05,3.57142857142857e-05,2.857142857142856e-05,0.00010714285714285708,-0.0006420237741515359,0.01958713955587624,0.0714285714285714,1.0,0.5357142857142857,0.8258609912465462,0.5515029500059475
2022-02-11,2022-02-14,open,2022-02-15,2022-02-28,5,5,UNEXECUTED_TIMEOUT,open,56,56,0,0.014656231286573814,-0.003423359290041006,0.018079590576614818,1.607142857142858e-05,1.607142857142858e-05,2.67857142857143e-05,2.1428571428571442e-05,8.035714285714291e-05,0.014575874143716671,0.02242269366129917,0.0535714285714286,1.0,0.5267857142857143,0.837898637115161,0.5496149572585596
2022-02-14,2022-02-15,open,2022-02-16,2022-03-01,5,5,UNEXECUTED_TIMEOUT,open,56,56,0,0.04134856330736235,0.009671898987463345,0.031676664319899,1.607142857142858e-05,1.607142857142858e-05,2.67857142857143e-05,2.1428571428571442e-05,8.035714285714291e-05,0.0412682061645052,0.028376325980367517,0.0535714285714286,1.0,0.5267857142857143,0.8724772108165874,0.5549307776071634
2022-02-15,2022-02-16,open,2022-02-17,2022-03-02,4,5,EXECUTED_ON_TIME,open,56,56,0,0.008854275686836952,-0.005590879003325999,0.014445154690162951,1.607142857142858e-05,1.607142857142858e-05,2.67857142857143e-05,2.1428571428571442e-05,8.035714285714291e-05,0.00877391854397981,0.01271183202135067,0.0535714285714286,1.0,0.5267857142857143,0.8801322547957708,0.5518282267743401
2022-02-16,2022-02-17,open,2022-02-18,2022-03-03,4,5,EXECUTED_ON_TIME,open,56,56,0,0.012371517920953468,-0.004737165402902699,0.017108683323856167,5.357142857142871e-06,5.357142857142871e-06,8.928571428571453e-06,7.142857142857162e-06,2.678571428571436e-05,0.012344732206667755,0.017379534598329048,0.017857142857142905,1.0,0.5089285714285714,0.8909972517876752,0.5492141251901195
2022-02-17,2022-02-18,open,2022-02-21,2022-03-04,4,5,EXECUTED_ON_TIME,open,56,56,0,0.003697937290929862,-0.019807074150511972,0.023505011441441834,1.607142857142858e-05,1.607142857142858e-05,2.67857142857143e-05,2.1428571428571442e-05,8.035714285714291e-05,0.003617580148072719,-0.011166153469497337,0.0535714285714286,1.0,0.5267857142857143,0.8942205057577296,0.5383358002879702
2022-02-18,2022-02-21,open,2022-02-22,2022-03-07,4,5,EXECUTED_ON_TIME,open,56,56,0,-0.019975842461474325,-0.039503432161327456,0.019527589699853132,1.607142857142858e-05,1.607142857142858e-05,2.67857142857143e-05,2.1428571428571442e-05,8.035714285714291e-05,-0.020056199604331467,-0.015143968072702869,0.0535714285714286,1.0,0.5267857142857143,0.8762858408039663,0.5170696885212804
2022-02-21,2022-02-22,open,2022-02-23,2022-03-08,4,5,EXECUTED_ON_TIME,open,56,56,0,-0.020100121958552312,-0.052212142850002974,0.03211202089145066,5.357142857142871e-06,5.357142857142871e-06,8.928571428571453e-06,7.142857142857162e-06,2.678571428571436e-05,-0.020126907672838028,-0.015484031125816294,0.017857142857142905,1.0,0.5089285714285714,0.8586489165910897,0.4900723720808008
2022-02-22,2022-02-23,open,2022-02-24,2022-03-09,4,5,EXECUTED_ON_TIME,open,56,56,0,-0.006742533782161218,-0.06569764421958413,0.05895511043742291,1.0714285714285709e-05,1.0714285714285709e-05,1.785714285714285e-05,1.428571428571428e-05,5.357142857142854e-05,-0.006796105210732647,-0.011473572265017034,0.0357142857142857,1.0,0.5178571428571428,0.852813448214855,0.45787577173798866
2022-02-23,2022-02-24,open,2022-02-25,2022-03-10,4,4,EXECUTED_ON_TIME,open,56,56,0,-0.024445299106747313,-0.05789656035220736,0.03345126124546005,5.357142857142871e-06,5.357142857142871e-06,8.928571428571453e-06,7.142857142857162e-06,2.678571428571436e-05,-0.024472084821033028,-0.020097518707909455,0.017857142857142905,1.0,0.5089285714285714,0.8319433251736235,0.43136633948574665
2022-02-24,2022-02-25,open,2022-02-28,2022-03-11,4,5,DELAYED_LIMIT_DOWN,open,56,56,0,-0.018314306329618123,-0.07304772871066056,0.05473342238104244,1.607142857142858e-05,1.607142857142858e-05,2.67857142857143e-05,2.1428571428571442e-05,8.035714285714291e-05,-0.018394663472475266,-0.013071552834216155,0.0535714285714286,1.0,0.5267857142857143,0.8166400076788826,0.3998560081440811
2022-02-25,2022-02-28,open,2022-03-01,2022-03-14,4,5,EXECUTED_ON_TIME,open,56,56,0,-0.031208326476803442,-0.06915157141846073,0.037943244941657295,0.0,0.0,0.0,0.0,0.0,-0.031208326476803442,-0.03462058694227929,0.0,1.0,0.5,0.7911540397052207,0.37220533683980506
2022-02-28,2022-03-01,open,2022-03-02,2022-03-15,4,5,DELAYED_LIMIT_DOWN,open,56,56,0,-0.07019340588674959,-0.10273660217644953,0.03254319628969994,5.357142857142871e-06,5.357142857142871e-06,8.928571428571453e-06,7.142857142857162e-06,2.678571428571436e-05,-0.0702201916010353,-0.07125153951098406,0.017857142857142905,1.0,0.5089285714285714,0.735599051451187,0.3339662252209426
2022-03-01,2022-03-02,open,2022-03-03,2022-03-16,4,5,DELAYED_LIMIT_DOWN,open,56,56,0,-0.048671101118458335,-0.11774401357243558,0.06907291245397724,5.357142857142871e-06,5.357142857142871e-06,8.928571428571453e-06,7.142857142857162e-06,2.678571428571436e-05,-0.04869788683274405,-0.0529591884953385,0.017857142857142905,1.0,0.5089285714285714,0.6997769320893432,0.2946437014657929
2022-03-02,2022-03-03,open,2022-03-04,2022-03-17,5,5,DELAYED_LIMIT_DOWN,open,56,56,0,-0.06241284939036059,-0.07776954423534155,0.015356694844980957,5.357142857142871e-06,5.357142857142871e-06,8.928571428571453e-06,7.142857142857162e-06,2.678571428571436e-05,-0.062439635104646306,-0.043665526388427786,0.017857142857142905,1.0,0.5089285714285714,0.6560831157950358,0.27172939509098415
2022-03-03,2022-03-04,open,2022-03-07,2022-03-18,4,5,DELAYED_LIMIT_DOWN,open,56,56,0,-0.03877931441900991,-0.06533707451913906,0.026557760100129148,1.0714285714285709e-05,1.0714285714285709e-05,1.785714285714285e-05,1.428571428571428e-05,5.357142857142854e-05,-0.03883288584758134,-0.03488856295678351,0.0357142857142857,1.0,0.5178571428571428,0.6306055150528416,0.25397539135488395
2022-03-04,2022-03-07,open,2022-03-08,2022-03-21,4,5,DELAYED_LIMIT_DOWN,open,56,56,0,-0.04226211603053255,-0.0408686398281507,-0.001393476202381852,1.0714285714285709e-05,1.0714285714285709e-05,1.785714285714285e-05,1.428571428571428e-05,5.357142857142854e-05,-0.04231568745910398,-0.017972508711846764,0.0357142857142857,1.0,0.5178571428571428,0.6039210091678783,0.2435957625603876
2022-03-07,2022-03-08,open,2022-03-09,2022-03-22,4,5,DELAYED_LIMIT_DOWN,open,56,56,0,-0.02605965884580216,-0.025008013037291943,-0.0010516458085102175,1.0714285714285709e-05,1.0714285714285709e-05,1.785714285714285e-05,1.428571428571428e-05,5.357142857142854e-05,-0.026113230274373588,-0.006316618598303344,0.0357142857142857,1.0,0.5178571428571428,0.5881506807879454,0.23750391655444836
2022-03-08,2022-03-09,open,2022-03-10,2022-03-23,4,5,EXECUTED_ON_TIME,open,56,56,0,0.0010046189325529523,-0.0026559345420754665,0.0036605534746284186,5.357142857142871e-06,5.357142857142871e-06,8.928571428571453e-06,7.142857142857162e-06,2.678571428571436e-05,0.0009778332182672378,-0.009283051127892161,0.017857142857142905,1.0,0.5089285714285714,0.5887257940609664,0.23687312169859318
2022-03-09,2022-03-10,open,2022-03-11,2022-03-24,4,5,DELAYED_LIMIT_DOWN,open,56,56,0,-0.03439997292948983,-0.017722465237422824,-0.01667750769206701,2.6785714285714288e-05,2.6785714285714288e-05,4.464285714285715e-05,3.5714285714285724e-05,0.00013392857142857146,-0.0345339015009184,-0.01659553704362894,0.0892857142857143,1.0,0.5446428571428572,0.568394795477815,0.23267514603361003
2022-03-10,2022-03-11,open,2022-03-14,2022-03-25,4,5,DELAYED_LIMIT_DOWN,open,56,56,0,-0.010816770900415194,0.004225046535305976,-0.01504181743572117,1.607142857142858e-05,1.607142857142858e-05,2.67857142857143e-05,2.1428571428571442e-05,8.035714285714291e-05,-0.010897128043272336,-0.0190654253640276,0.0535714285714286,1.0,0.5267857142857143,0.5622009246123637,0.23365820935321116
2022-03-11,2022-03-14,open,2022-03-15,2022-03-28,4,5,EXECUTED_ON_TIME,open,56,56,0,-0.031783139725342614,-0.028086323632882437,-0.003696816092460177,5.357142857142871e-06,5.357142857142871e-06,8.928571428571453e-06,7.142857142857162e-06,2.678571428571436e-05,-0.03180992543962833,-0.004786900264315688,0.017857142857142905,1.0,0.5089285714285714,0.5443173551183543,0.22709560926583708
2022-03-14,2022-03-15,open,2022-03-16,2022-03-29,4,5,EXECUTED_ON_TIME,open,56,56,0,-0.015324850386579675,0.0072551434533667525,-0.022579993839946428,5.357142857142871e-06,5.357142857142871e-06,8.928571428571453e-06,7.142857142857162e-06,2.678571428571436e-05,-0.015351636100865389,0.003657461500902466,0.017857142857142905,1.0,0.5089285714285714,0.5359611931591918,0.22874322048869045
2022-03-15,2022-03-16,open,2022-03-17,2022-03-30,4,5,EXECUTED_ON_TIME,open,56,56,0,0.042075954656804394,0.02690977940583239,0.015166175250972004,5.357142857142871e-06,5.357142857142871e-06,8.928571428571453e-06,7.142857142857162e-06,2.678571428571436e-05,0.04204916894251868,-0.00011240363555702765,0.017857142857142905,1.0,0.5089285714285714,0.5584979159169765,0.2348986500926208
2022-03-16,2022-03-17,open,2022-03-18,2022-03-31,5,5,EXECUTED_ON_TIME,open,56,56,0,-0.001582045835616794,-0.000697552807295887,-0.0008844930283209071,1.607142857142858e-05,1.607142857142858e-05,2.67857142857143e-05,2.1428571428571442e-05,8.035714285714291e-05,-0.001662402978473937,0.008473403576000883,0.0535714285714286,1.0,0.5267857142857143,0.5575694673180847,0.23473479587981866
2022-03-17,2022-03-18,open,2022-03-21,2022-04-01,4,5,EXECUTED_ON_TIME,open,56,56,0,0.012417479596674863,-0.004659267782615162,0.017076747379290026,1.607142857142858e-05,1.607142857142858e-05,2.67857142857143e-05,2.1428571428571442e-05,8.035714285714291e-05,0.01233712245381772,-0.002513208022419876,0.0535714285714286,1.0,0.5267857142857143,0.5644482701128978,0.23364110360791707
2022-03-18,2022-03-21,open,2022-03-22,2022-04-06,4,5,EXECUTED_ON_TIME,open,56,56,0,-0.006012417163174585,-0.004978108192722819,-0.001034308970451766,1.0714285714285709e-05,1.0714285714285709e-05,1.785714285714285e-05,1.428571428571428e-05,5.357142857142854e-05,-0.006065988591746014,-0.0008776530841584111,0.0357142857142857,1.0,0.5178571428571428,0.5610243333457622,0.23247801291588968
2022-03-21,2022-03-22,open,2022-03-23,2022-04-07,4,5,EXECUTED_ON_TIME,open,56,56,0,-0.0038010622247504245,-0.0029492781534723456,-0.0008517840712780789,1.0714285714285709e-05,1.0714285714285709e-05,1.785714285714285e-05,1.428571428571428e-05,5.357142857142854e-05,-0.003854633653321853,-0.008511124987049182,0.0357142857142857,1.0,0.5178571428571428,0.5588617900701152,0.2317923705912342
2022-03-22,2022-03-23,open,2022-03-24,2022-04-08,4,5,EXECUTED_ON_TIME,open,56,55,1,-0.0064969121874041925,-0.013209172081096954,0.006712259893692761,1.0909090909090912e-05,1.0909090909090912e-05,1.818181818181819e-05,1.4545454545454551e-05,5.4545454545454567e-05,-0.006551457641949647,-0.00108768237391746,0.036363636363636376,1.0,0.5181818181818182,0.5552004307247667,0.2287305852810092
2022-03-23,2022-03-24,open,2022-03-25,2022-04-11,4,5,EXECUTED_ON_TIME,open,56,56,0,-0.02360044349274723,-0.0107642416237268,-0.01283620186902043,1.0714285714285709e-05,1.0714285714285709e-05,1.785714285714285e-05,1.428571428571428e-05,5.357142857142854e-05,-0.023654014921318658,-0.021128587095778407,0.0357142857142857,1.0,0.5178571428571428,0.5420677114520804,0.22626847399430797
2022-03-24,2022-03-25,open,2022-03-28,2022-04-12,4,5,DELAYED_LIMIT_DOWN,open,56,56,0,-0.029771257060654335,-0.034384441029843615,0.004613183969189281,1.0714285714285709e-05,1.0714285714285709e-05,1.785714285714285e-05,1.428571428571428e-05,5.357142857142854e-05,-0.029824828489225762,-0.003926260672561289,0.0357142857142857,1.0,0.5178571428571428,0.525900634928475,0.218488358993338
2022-03-25,2022-03-28,open,2022-03-29,2022-04-13,4,4,EXECUTED_ON_TIME,open,56,56,0,-0.0016549413486664083,0.006193994533086666,-0.007848935881753075,1.0714285714285709e-05,1.0714285714285709e-05,1.785714285714285e-05,1.428571428571428e-05,5.357142857142854e-05,-0.0017085127772378367,-0.013618063577929721,0.0357142857142857,1.0,0.5178571428571428,0.5250021269741423,0.2198416746944858
2022-03-28,2022-03-29,open,2022-03-30,2022-04-14,4,5,EXECUTED_ON_TIME,open,56,56,0,-0.00986964500497028,0.004145431338074879,-0.014015076343045158,1.0714285714285709e-05,1.0714285714285709e-05,1.785714285714285e-05,1.428571428571428e-05,5.357142857142854e-05,-0.009923216433541708,-0.011343782574714308,0.0357142857142857,1.0,0.5178571428571428,0.5197924172401082,0.22075301326217917
2022-03-29,2022-03-30,open,2022-03-31,2022-04-15,4,5,EXECUTED_ON_TIME,open,56,56,0,0.01546339723516026,4.925318950443902e-05,0.01541414404565582,1.0714285714285709e-05,1.0714285714285709e-05,1.785714285714285e-05,1.428571428571428e-05,5.357142857142854e-05,0.01540982580658883,0.006084330296205897,0.0357142857142857,1.0,0.5178571428571428,0.527802327845364,0.22076388605217503
2022-03-30,2022-03-31,open,2022-04-01,2022-04-18,4,5,EXECUTED_ON_TIME,open,56,56,0,-0.015206102716622765,-0.019312983444462528,0.004106880727839763,2.1428571428571418e-05,2.1428571428571418e-05,3.57142857142857e-05,2.857142857142856e-05,0.00010714285714285708,-0.015313245573765623,-0.0031194580278207443,0.0714285714285714,1.0,0.5357142857142857,0.5197199611846627,0.21650027677571418
2022-03-31,2022-04-01,open,2022-04-06,2022-04-19,4,5,EXECUTED_ON_TIME,open,56,56,0,0.002241151103334691,-0.008784851168864516,0.011026002272199208,5.357142857142871e-06,5.357142857142871e-06,8.928571428571453e-06,7.142857142857162e-06,2.678571428571436e-05,0.0022143653890489765,-0.011373240350190775,0.017857142857142905,1.0,0.5089285714285714,0.5208708110787079,0.21459835406622155
2022-04-01,2022-04-06,open,2022-04-07,2022-04-20,4,5,DELAYED_LIMIT_DOWN,open,56,56,0,-0.027240681517926628,-0.030123275554594375,0.0028825940366677474,2.6785714285714288e-05,2.6785714285714288e-05,4.464285714285715e-05,3.5714285714285724e-05,0.00013392857142857146,-0.0273746100893552,-0.013126327135690008,0.0892857142857143,1.0,0.5446428571428572,0.5066121757185021,0.20813394871312235
2022-04-06,2022-04-07,open,2022-04-08,2022-04-21,4,5,UNEXECUTED_TIMEOUT,open,56,56,0,-0.03574455943519123,-0.045115310668052966,0.009370751232861733,1.0714285714285709e-05,1.0714285714285709e-05,1.785714285714285e-05,1.428571428571428e-05,5.357142857142854e-05,-0.03579813086376266,-0.02780259603585939,0.0357142857142857,1.0,0.5178571428571428,0.4884764067549556,0.19874392095636123
2022-04-07,2022-04-08,open,2022-04-11,2022-04-22,5,5,UNEXECUTED_TIMEOUT,open,56,56,0,-0.025731242294342822,-0.05838990736519012,0.0326586650708473,1.607142857142858e-05,1.607142857142858e-05,2.67857142857143e-05,2.1428571428571442e-05,8.035714285714291e-05,-0.025811599437199965,-0.0200805569351793,0.0535714285714286,1.0,0.5267857142857143,0.4758680494092739,0.18713928182232464
2022-04-08,2022-04-11,open,2022-04-12,2022-04-25,5,5,UNEXECUTED_TIMEOUT,open,56,56,0,-0.06749575867027063,-0.06430958730098313,-0.003186171369287505,1.607142857142858e-05,1.607142857142858e-05,2.67857142857143e-05,2.1428571428571442e-05,8.035714285714291e-05,-0.06757611581312778,-0.037643561641786116,0.0535714285714286,1.0,0.5267857142857143,0.4437107349906256,0.17510443184052857
2022-04-11,2022-04-12,open,2022-04-13,2022-04-26,5,6,UNEXECUTED_TIMEOUT,open,56,56,0,-0.042039898119083076,-0.0683607073995891,0.02632080928050603,1.607142857142858e-05,1.607142857142858e-05,2.67857142857143e-05,2.1428571428571442e-05,8.035714285714291e-05,-0.04212025526194022,-0.05453833847198018,0.0535714285714286,1.0,0.5267857142857143,0.42502152557035733,0.1631341690111069
2022-04-12,2022-04-13,open,2022-04-14,2022-04-27,5,5,UNEXECUTED_TIMEOUT,open,56,56,0,-0.034065279904991905,-0.09539930079154413,0.061334020886552224,5.357142857142871e-06,5.357142857142871e-06,8.928571428571453e-06,7.142857142857162e-06,2.678571428571436e-05,-0.03409206561927762,-0.03672388252270049,0.017857142857142905,1.0,0.5089285714285714,0.41053166383100725,0.1475712833522377
2022-04-13,2022-04-14,open,2022-04-15,2022-04-28,5,5,UNEXECUTED_TIMEOUT,open,56,56,0,-0.029003582913270647,-0.06931432444272745,0.0403107415294568,2.1428571428571418e-05,2.1428571428571418e-05,3.57142857142857e-05,2.857142857142856e-05,0.00010714285714285708,-0.029110725770413504,-0.029083031650672077,0.0714285714285714,1.0,0.5357142857142857,0.3985807891451512,0.13734247953953105
2022-04-14,2022-04-15,open,2022-04-18,2022-04-29,5,5,UNEXECUTED_TIMEOUT,open,56,56,0,-0.018854013461126373,-0.05351467864957782,0.03466066518845144,5.357142857142871e-06,5.357142857142871e-06,8.928571428571453e-06,7.142857142857162e-06,2.678571428571436e-05,-0.018880799175412088,-0.012606970969822705,0.017857142857142905,1.0,0.5089285714285714,0.39105526531012436,0.12999264088203683
2022-04-15,2022-04-18,open,2022-04-19,2022-05-05,5,5,UNEXECUTED_TIMEOUT,open,56,56,0,-0.007268185566427059,-0.0379438040266018,0.030675618460174744,5.357142857142871e-06,5.357142857142871e-06,8.928571428571453e-06,7.142857142857162e-06,2.678571428571436e-05,-0.007294971280712773,-0.022106054504630768,0.017857142857142905,1.0,0.5089285714285714,0.3882025283805155,0.1250602255915084
2022-04-18,2022-04-19,open,2022-04-20,2022-05-06,5,5,UNEXECUTED_TIMEOUT,open,56,56,0,-0.0320286357609729,-0.0560023431419967,0.0239737073810238,2.1428571428571418e-05,2.1428571428571418e-05,3.57142857142857e-05,2.857142857142856e-05,0.00010714285714285708,-0.03213577861811576,-0.03141269919385703,0.0714285714285714,1.0,0.5357142857142857,0.3757273378694864,0.11805655992451722
2022-04-19,2022-04-20,open,2022-04-21,2022-05-09,5,5,UNEXECUTED_TIMEOUT,open,56,56,0,-0.03309283206961894,-0.05969965692162016,0.02660682485200122,1.0714285714285709e-05,1.0714285714285709e-05,1.785714285714285e-05,1.428571428571428e-05,5.357142857142854e-05,-0.03314640349819037,-0.010499184920882667,0.0357142857142857,1.0,0.5178571428571428,0.3632733279231635,0.11100862379967685
2022-04-20,2022-04-21,open,2022-04-22,2022-05-10,4,5,UNEXECUTED_TIMEOUT,open,56,55,1,-0.017792330835464405,-0.056340080627672706,0.038547749792208305,5.454545454545456e-06,5.454545454545456e-06,9.090909090909094e-06,7.272727272727276e-06,2.7272727272727283e-05,-0.01781960356273713,0.004437424119021014,0.018181818181818188,1.0,0.509090909090909,0.3567999412346565,0.10475438898443608
2022-04-21,2022-04-22,open,2022-04-25,2022-05-11,4,5,UNEXECUTED_TIMEOUT,open,56,56,0,0.009489544195080213,-0.012419332315319553,0.021908876510399765,1.607142857142858e-05,1.607142857142858e-05,2.67857142857143e-05,2.1428571428571442e-05,8.035714285714291e-05,0.00940918705222307,0.012680564264423233,0.0535714285714286,1.0,0.5267857142857143,0.3601571386219556,0.10345340941615011
2022-04-22,2022-04-25,open,2022-04-26,2022-05-12,4,5,UNEXECUTED_TIMEOUT,open,56,56,0,-0.001036696543192889,0.004195557788259974,-0.005232254331452863,1.0714285714285709e-05,1.0714285714285709e-05,1.785714285714285e-05,1.428571428571428e-05,5.357142857142854e-05,-0.0010902679717643177,0.033992203954546586,0.0357142857142857,1.0,0.5178571428571428,0.3597644708289138,0.10388745417374809
2022-04-25,2022-04-26,open,2022-04-27,2022-05-13,4,5,UNEXECUTED_TIMEOUT,open,56,56,0,0.024084469387275043,0.04220574604662053,-0.018121276659345487,1.0714285714285709e-05,1.0714285714285709e-05,1.785714285714285e-05,1.428571428571428e-05,5.357142857142854e-05,0.024030897958703615,0.055177522388100475,0.0357142857142857,1.0,0.5178571428571428,0.3684099341165704,0.10827210168203523
2022-04-26,2022-04-27,open,2022-04-28,2022-05-16,4,5,UNEXECUTED_TIMEOUT,open,56,56,0,0.09342104635061925,0.0683624953566766,0.02505855099394265,5.357142857142871e-06,5.357142857142871e-06,8.928571428571453e-06,7.142857142857162e-06,2.678571428571436e-05,0.09339426063633353,0.049134227438098615,0.017857142857142905,1.0,0.5089285714285714,0.40281730752446787,0.11567385273053098
2022-04-27,2022-04-28,open,2022-04-29,2022-05-17,4,5,UNEXECUTED_TIMEOUT,open,56,56,0,0.045377752917416574,0.02017319785137839,0.025204555066038185,5.357142857142871e-06,5.357142857142871e-06,8.928571428571453e-06,7.142857142857162e-06,2.678571428571436e-05,0.04535096720313086,0.033769701240447,0.017857142857142905,1.0,0.5089285714285714,0.42108546202686353,0.11800736424789518
2022-04-28,2022-04-29,open,2022-05-05,2022-05-18,4,5,UNEXECUTED_TIMEOUT,open,56,56,0,0.05061318108678748,0.019136090144643347,0.03147709094214413,5.357142857142871e-06,5.357142857142871e-06,8.928571428571453e-06,7.142857142857162e-06,2.678571428571436e-05,0.050586395372501765,0.03323783521660259,0.017857142857142905,1.0,0.5089285714285714,0.4423866576945671,0.12026556380787466
2022-04-29,2022-05-05,open,2022-05-06,2022-05-19,4,5,UNEXECUTED_TIMEOUT,open,56,56,0,0.016267892827627188,-0.014280840766760838,0.030548733594388026,5.357142857142871e-06,5.357142857142871e-06,8.928571428571453e-06,7.142857142857162e-06,2.678571428571436e-05,0.016241107113341473,0.030500185434519544,0.017857142857142905,1.0,0.5089285714285714,0.4495715067876977,0.11854807044140969
2022-05-05,2022-05-06,open,2022-05-09,2022-05-20,4,5,UNEXECUTED_TIMEOUT,open,56,56,0,0.04083250479373057,0.023406565017034087,0.017425939776696486,1.607142857142858e-05,1.607142857142858e-05,2.67857142857143e-05,2.1428571428571442e-05,8.035714285714291e-05,0.04075214765087343,0.04489147334148141,0.0535714285714286,1.0,0.5267857142857143,0.4678925112119356,0.12132287355984049
2022-05-06,2022-05-09,open,2022-05-10,2022-05-23,4,5,UNEXECUTED_TIMEOUT,open,56,56,0,0.04571129570394968,0.050726180634101725,-0.005014884930152043,2.1428571428571418e-05,2.1428571428571418e-05,3.57142857142857e-05,2.857142857142856e-05,0.00010714285714285708,0.04560415284680683,0.058355889390095665,0.0714285714285714,1.0,0.5357142857142857,0.4892303528091209,0.12747711955908525
2022-05-09,2022-05-10,open,2022-05-11,2022-05-24,5,5,UNEXECUTED_TIMEOUT,open,56,56,0,0.06091957883701747,0.06078581845707043,0.0001337603799470427,2.1428571428571418e-05,2.1428571428571418e-05,3.57142857142857e-05,2.857142857142856e-05,0.00010714285714285708,0.06081243597987462,0.03623523085854534,0.0714285714285714,1.0,0.5357142857142857,0.518981642318737,0.13522592060603406
2022-05-10,2022-05-11,open,2022-05-12,2022-05-25,4,5,UNEXECUTED_TIMEOUT,open,56,56,0,0.03235587049533542,0.010677826976067895,0.021678043519267526,1.607142857142858e-05,1.607142857142858e-05,2.67857142857143e-05,2.1428571428571442e-05,8.035714285714291e-05,0.032275513352478274,0.02797435119620819,0.0535714285714286,1.0,0.5267857142857143,0.5357320412450866,0.13666983958894477
2022-05-11,2022-05-12,open,2022-05-13,2022-05-26,4,5,UNEXECUTED_TIMEOUT,open,56,56,0,0.01781443355711324,0.009552781567559343,0.008261651989553895,1.607142857142858e-05,1.607142857142858e-05,2.67857142857143e-05,2.1428571428571442e-05,8.035714285714291e-05,0.017734076414256096,0.00815800012929399,0.0535714285714286,1.0,0.5267857142857143,0.5452327542020924,0.13797541671341132
2022-05-12,2022-05-13,open,2022-05-16,2022-05-27,4,5,UNEXECUTED_TIMEOUT,open,56,56,0,0.01877018587263269,0.009761987238379177,0.009008198634253513,1.607142857142858e-05,1.607142857142858e-05,2.67857142857143e-05,2.1428571428571442e-05,8.035714285714291e-05,0.018689828729775548,0.005566363555033661,0.0535714285714286,1.0,0.5267857142857143,0.5554230609959934,0.1393223309705777
2022-05-13,2022-05-16,open,2022-05-17,2022-05-30,5,5,UNEXECUTED_TIMEOUT,open,56,56,0,0.006011536848798406,0.0014600263611719289,0.004551510487626477,5.357142857142871e-06,5.357142857142871e-06,8.928571428571453e-06,7.142857142857162e-06,2.678571428571436e-05,0.005984751134512692,0.013544994279385436,0.017857142857142905,1.0,0.5089285714285714,0.5587471297904237,0.13952574524649466
2022-05-16,2022-05-17,open,2022-05-18,2022-05-31,5,6,UNEXECUTED_TIMEOUT,open,56,56,0,0.03648573583961607,0.017669162778875425,0.018816573060740645,1.0714285714285709e-05,1.0714285714285709e-05,1.785714285714285e-05,1.428571428571428e-05,5.357142857142854e-05,0.03643216441104464,0.023171860826234444,0.0357142857142857,1.0,0.5178571428571428,0.5791034970871477,0.14199104835109888
2022-05-17,2022-05-18,open,2022-05-19,2022-06-01,5,5,UNEXECUTED_TIMEOUT,open,56,56,0,0.010187343072444652,0.017834313363368937,-0.007646970290924284,1.607142857142858e-05,1.607142857142858e-05,2.67857142857143e-05,2.1428571428571442e-05,8.035714285714291e-05,0.01010698592958751,0.032218435931694586,0.0535714285714286,1.0,0.5267857142857143,0.5849564879839824,0.14452336120218565
2022-05-18,2022-05-19,open,2022-05-20,2022-06-02,5,5,UNEXECUTED_TIMEOUT,open,56,56,0,0.04364976059912188,0.0319183728191077,0.011731387780014181,1.0714285714285709e-05,1.0714285714285709e-05,1.785714285714285e-05,1.428571428571428e-05,5.357142857142854e-05,0.04359618917055045,0.017649156590085684,0.0357142857142857,1.0,0.5178571428571428,0.6104583616906729,0.14913631172610758
2022-05-19,2022-05-20,open,2022-05-23,2022-06-06,5,5,UNEXECUTED_TIMEOUT,open,56,56,0,0.03659004063305644,0.017338022928679253,0.019252017704377185,5.357142857142871e-06,5.357142857142871e-06,8.928571428571453e-06,7.142857142857162e-06,2.678571428571436e-05,0.03656325491877072,0.02837581905268529,0.017857142857142905,1.0,0.5089285714285714,0.632778706386464,0.1517220405183135
2022-05-20,2022-05-23,open,2022-05-24,2022-06-07,4,5,UNEXECUTED_TIMEOUT,open,56,56,0,0.02190643256114478,0.020760020475529162,0.0011464120856156182,5.357142857142871e-06,5.357142857142871e-06,8.928571428571453e-06,7.142857142857162e-06,2.678571428571436e-05,0.021879646846859065,0.02211959682877897,0.017857142857142905,1.0,0.5089285714285714,0.6466236810144123,0.15487179318606276
2022-05-23,2022-05-24,open,2022-05-25,2022-06-08,4,5,UNEXECUTED_TIMEOUT,open,56,56,0,0.002850148437246008,0.03313209312516485,-0.030281944687918845,5.357142857142871e-06,5.357142857142871e-06,8.928571428571453e-06,7.142857142857162e-06,2.678571428571436e-05,0.0028233627229602935,0.026047945107396924,0.017857142857142905,1.0,0.5089285714285714,0.6484493342111718,0.16000301986036466
2022-05-24,2022-05-25,open,2022-05-26,2022-06-09,5,5,UNEXECUTED_TIMEOUT,open,56,56,0,0.03977554181069461,0.06362899635256314,-0.023853454541868525,1.0714285714285709e-05,1.0714285714285709e-05,1.785714285714285e-05,1.428571428571428e-05,5.357142857142854e-05,0.03972197038212318,0.024955547797546048,0.0357142857142857,1.0,0.5178571428571428,0.6742070194590155,0.1701838514274589
2022-05-25,2022-05-26,open,2022-05-27,2022-06-10,5,5,UNEXECUTED_TIMEOUT,open,56,56,0,0.040764123999333095,0.0396142420584189,0.0011498819409141922,1.0714285714285709e-05,1.0714285714285709e-05,1.785714285714285e-05,1.428571428571428e-05,5.357142857142854e-05,0.040710552570761664,0.029950448502703418,0.0357142857142857,1.0,0.5178571428571428,0.7016543597682783,0.17692555571234025
2022-05-26,2022-05-27,open,2022-05-30,2022-06-13,5,6,UNEXECUTED_TIMEOUT,open,56,56,0,0.025242779470460226,0.04269435281191036,-0.017451573341450137,1.607142857142858e-05,1.607142857142858e-05,2.67857142857143e-05,2.1428571428571442e-05,8.035714285714291e-05,0.025162422327603084,0.026514975113746703,0.0535714285714286,1.0,0.5267857142857143,0.7193096830967716,0.1844792778093662
2022-05-27,2022-05-30,open,2022-05-31,2022-06-14,5,6,UNEXECUTED_TIMEOUT,open,56,56,0,0.034735679987344635,0.0304325594189101,0.004303120568434536,2.1428571428571418e-05,2.1428571428571418e-05,3.57142857142857e-05,2.857142857142856e-05,0.00010714285714285708,0.03462853713020178,0.022912625217134275,0.0714285714285714,1.0,0.5357142857142857,0.7442183251660017,0.19009345439285738
2022-05-30,2022-05-31,open,2022-06-01,2022-06-15,5,6,UNEXECUTED_TIMEOUT,open,56,56,0,0.04786821538062812,0.048745684889137664,-0.0008774695085095457,1.607142857142858e-05,1.607142857142858e-05,2.67857142857143e-05,2.1428571428571442e-05,8.035714285714291e-05,0.04778785823777097,0.036796213453418596,0.0535714285714286,1.0,0.5267857142857143,0.7797829249869859,0.19935969002017928
2022-05-31,2022-06-01,open,2022-06-02,2022-06-16,5,5,UNEXECUTED_TIMEOUT,open,56,56,0,0.023335724700593048,0.04783050434368952,-0.02449477964309647,1.0714285714285709e-05,1.0714285714285709e-05,1.785714285714285e-05,1.428571428571428e-05,5.357142857142854e-05,0.02328215327202162,0.021878810174896145,0.0357142857142857,1.0,0.5178571428571428,0.7979379505654381,0.20889516453964607
2022-06-01,2022-06-02,open,2022-06-06,2022-06-17,5,5,UNEXECUTED_TIMEOUT,open,56,56,0,0.03674478307621877,0.038197342519685096,-0.0014525594434663253,1.0714285714285709e-05,1.0714285714285709e-05,1.785714285714285e-05,1.428571428571428e-05,5.357142857142854e-05,0.03669121164764734,0.025452548754967136,0.0357142857142857,1.0,0.5178571428571428,0.8272152607913247,0.21687440469027292
2022-06-02,2022-06-06,open,2022-06-07,2022-06-20,5,5,UNEXECUTED_TIMEOUT,open,56,56,0,0.042311660924442884,0.056790454241981925,-0.01447879331753904,5.357142857142871e-06,5.357142857142871e-06,8.928571428571453e-06,7.142857142857162e-06,2.678571428571436e-05,0.04228487521015717,0.018545321759577002,0.017857142857142905,1.0,0.5089285714285714,0.8621939548658235,0.22919080064609293
2022-06-06,2022-06-07,open,2022-06-08,2022-06-21,5,5,UNEXECUTED_TIMEOUT,open,56,56,0,0.009316701713976054,0.03894336832553558,-0.02962666661155952,5.357142857142871e-06,5.357142857142871e-06,8.928571428571453e-06,7.142857142857162e-06,2.678571428571436e-05,0.00928991599969034,0.004236536850927814,0.017857142857142905,1.0,0.5089285714285714,0.8702036642819679,0.23811626241247813
2022-06-07,2022-06-08,open,2022-06-09,2022-06-22,5,5,UNEXECUTED_TIMEOUT,open,56,56,0,0.0031111961128111577,0.03457102543306334,-0.03145982932025218,1.0714285714285709e-05,1.0714285714285709e-05,1.785714285714285e-05,1.428571428571428e-05,5.357142857142854e-05,0.0030576246842397292,-0.0012314399914265237,0.0357142857142857,1.0,0.5178571428571428,0.8728644204861924,0.24634818577636589
2022-06-08,2022-06-09,open,2022-06-10,2022-06-23,5,5,UNEXECUTED_TIMEOUT,open,56,56,0,0.0007003356741662649,0.01572586801173781,-0.015025532337571545,1.0714285714285709e-05,1.0714285714285709e-05,1.785714285714285e-05,1.428571428571428e-05,5.357142857142854e-05,0.0006467642455948363,0.021551829000054264,0.0357142857142857,1.0,0.5178571428571428,0.8734289579846146,0.2502222248308161
2022-06-09,2022-06-10,open,2022-06-13,2022-06-24,5,5,UNEXECUTED_TIMEOUT,open,56,56,0,0.030515294401822057,0.05039063828576018,-0.019875343883938124,5.357142857142871e-06,5.357142857142871e-06,8.928571428571453e-06,7.142857142857162e-06,2.678571428571436e-05,0.03048850868753634,0.011917160212085415,0.017857142857142905,1.0,0.5089285714285714,0.9000585043580744,0.26283108245332387
2022-06-10,2022-06-13,open,2022-06-14,2022-06-27,5,5,UNEXECUTED_TIMEOUT,open,56,56,0,0.02577622655679679,0.05242037288736068,-0.02664414633056389,1.0714285714285709e-05,1.0714285714285709e-05,1.785714285714285e-05,1.428571428571428e-05,5.357142857142854e-05,0.02572265512822536,0.02872735020204547,0.0357142857142857,1.0,0.5178571428571428,0.9232103988609036,0.2766087858019157
2022-06-13,2022-06-14,open,2022-06-15,2022-06-28,5,5,UNEXECUTED_TIMEOUT,open,56,56,0,0.04739680257975763,0.07225244694770239,-0.024855644367944754,1.0714285714285709e-05,1.0714285714285709e-05,1.785714285714285e-05,1.428571428571428e-05,5.357142857142854e-05,0.0473432311511862,0.021733721034965625,0.0357142857142857,1.0,0.5178571428571428,0.9669181621753541,0.296594447423337
2022-06-14,2022-06-15,open,2022-06-16,2022-06-29,5,6,UNEXECUTED_TIMEOUT,open,56,56,0,0.023534623307500162,0.057811036273976324,-0.03427641296647616,1.607142857142858e-05,1.607142857142858e-05,2.67857142857143e-05,2.1428571428571442e-05,8.035714285714291e-05,0.02345426616464302,0.024611872954318235,0.0535714285714286,1.0,0.5267857142857143,0.9895965181104424,0.3137408797819875
2022-06-15,2022-06-16,open,2022-06-17,2022-06-30,5,6,UNEXECUTED_TIMEOUT,open,56,56,0,0.015614363236869804,0.031756273757421294,-0.01614191052055149,5.357142857142871e-06,5.357142857142871e-06,8.928571428571453e-06,7.142857142857162e-06,2.678571428571436e-05,0.01558757752258409,0.028178184701519157,0.017857142857142905,1.0,0.5089285714285714,1.005021930552568,0.3237041210492385
2022-06-16,2022-06-17,open,2022-06-20,2022-07-01,5,6,UNEXECUTED_TIMEOUT,open,56,56,0,0.034922296471991396,0.06406044319893134,-0.029138146726939942,5.357142857142871e-06,5.357142857142871e-06,8.928571428571453e-06,7.142857142857162e-06,2.678571428571436e-05,0.03489551075770568,0.011239403922530634,0.017857142857142905,1.0,0.5089285714285714,1.0400926841418952,0.34444075050897327
2022-06-17,2022-06-20,open,2022-06-21,2022-07-04,5,6,UNEXECUTED_TIMEOUT,open,56,56,0,0.017522809373294188,0.02877372981415882,-0.011250920440864634,1.607142857142858e-05,1.607142857142858e-05,2.67857142857143e-05,2.1428571428571442e-05,8.035714285714291e-05,0.017442452230437045,0.0233558028358414,0.0535714285714286,1.0,0.5267857142857143,1.0582344511002673,0.3543515956011046
2022-06-20,2022-06-21,open,2022-06-22,2022-07-05,6,6,UNEXECUTED_TIMEOUT,open,56,56,0,0.00435082729267149,0.04102228416632858,-0.03667145687365709,5.357142857142871e-06,5.357142857142871e-06,8.928571428571453e-06,7.142857142857162e-06,2.678571428571436e-05,0.004324041578385776,0.0058880435966052165,0.017857142857142905,1.0,0.5089285714285714,1.062810300866505,0.36888790745064504
2022-06-21,2022-06-22,open,2022-06-23,2022-07-06,5,6,UNEXECUTED_TIMEOUT,open,56,56,0,-0.005084915499584112,0.0331447941343086,-0.03822970963389271,1.0714285714285709e-05,1.0714285714285709e-05,1.785714285714285e-05,1.428571428571428e-05,5.357142857142854e-05,-0.0051384869281555405,0.006342390146822921,0.0357142857142857,1.0,0.5178571428571428,1.0573490640283936,0.38111462120173256
2022-06-22,2022-06-23,open,2022-06-24,2022-07-07,5,6,UNEXECUTED_TIMEOUT,open,56,56,0,0.026236694008739316,0.03443817561470941,-0.008201481605970094,5.357142857142871e-06,5.357142857142871e-06,8.928571428571453e-06,7.142857142857162e-06,2.678571428571436e-05,0.0262099082944536,0.006915470248115705,0.017857142857142905,1.0,0.5089285714285714,1.085062086031804,0.39423951345601127
2022-06-23,2022-06-24,open,2022-06-27,2022-07-08,6,6,UNEXECUTED_TIMEOUT,open,56,56,0,0.013288064424489696,0.026066969445543542,-0.012778905021053846,1.0714285714285709e-05,1.0714285714285709e-05,1.785714285714285e-05,1.428571428571428e-05,5.357142857142854e-05,0.013234492995918267,0.0022463893939803133,0.0357142857142857,1.0,0.5178571428571428,1.0994223326095285,0.4045161428074951
2022-06-24,2022-06-27,open,2022-06-28,2022-07-11,6,6,UNEXECUTED_TIMEOUT,open,56,56,0,-0.001362943270830754,-0.0018539611429317926,0.0004910178721010386,1.0714285714285709e-05,1.0714285714285709e-05,1.785714285714285e-05,1.428571428571428e-05,5.357142857142854e-05,-0.0014165146994021827,-0.008052038787160444,0.0357142857142857,1.0,0.5178571428571428,1.097864984714536,0.40376618559704136
2022-06-27,2022-06-28,open,2022-06-29,2022-07-12,6,6,UNEXECUTED_TIMEOUT,open,56,56,0,-0.0012141747971748979,-0.020243862745552677,0.01902968794837778,2.1428571428571418e-05,2.1428571428571418e-05,3.57142857142857e-05,2.857142857142856e-05,0.00010714285714285708,-0.001321317654317755,-0.006072751039230731,0.0714285714285714,1.0,0.5357142857142857,1.0964143563281754,0.3955923983545195
2022-06-28,2022-06-29,open,2022-06-30,2022-07-13,6,6,UNEXECUTED_TIMEOUT,open,56,56,0,-0.009147194255234484,-0.03563278396775116,0.026485589712516674,1.0714285714285709e-05,1.0714285714285709e-05,1.785714285714285e-05,1.428571428571428e-05,5.357142857142854e-05,-0.009200765683805913,0.009891920651352037,0.0357142857142857,1.0,0.5178571428571428,1.086326504743239,0.38149633988466836
2022-06-29,2022-06-30,open,2022-07-01,2022-07-14,6,6,UNEXECUTED_TIMEOUT,open,56,56,0,-0.0010054369292019183,-0.024726430071438377,0.023720993142236458,1.0714285714285709e-05,1.0714285714285709e-05,1.785714285714285e-05,1.428571428571428e-05,5.357142857142854e-05,-0.0010590083577733467,-0.011873578643540187,0.0357142857142857,1.0,0.5178571428571428,1.0851760758954452,0.3720632973140004
2022-06-30,2022-07-01,open,2022-07-04,2022-07-15,6,6,UNEXECUTED_TIMEOUT,open,56,56,0,-0.014527086844238432,-0.042331696929738816,0.027804610085500385,2.1428571428571418e-05,2.1428571428571418e-05,3.57142857142857e-05,2.857142857142856e-05,0.00010714285714285708,-0.01463422970138129,-0.011997120548451172,0.0714285714285714,1.0,0.5357142857142857,1.0692953599343478,0.35631322657342485
2022-07-01,2022-07-04,open,2022-07-05,2022-07-18,6,6,UNEXECUTED_TIMEOUT,open,56,56,0,-0.002237392486032055,-0.04161300013311697,0.03937560764708492,1.607142857142858e-05,1.607142857142858e-05,2.67857142857143e-05,2.1428571428571442e-05,8.035714285714291e-05,-0.0023177496288891977,-0.01609974108853204,0.0535714285714286,1.0,0.5267857142857143,1.066817001010687,0.34148596422859356
2022-07-04,2022-07-05,open,2022-07-06,2022-07-19,6,6,UNEXECUTED_TIMEOUT,open,56,56,0,-0.012870406009823436,-0.048166700958415465,0.03529629494859203,1.0714285714285709e-05,1.0714285714285709e-05,1.785714285714285e-05,1.428571428571428e-05,5.357142857142854e-05,-0.012923977438394865,-1.3269835873533364e-05,0.0357142857142857,1.0,0.5178571428571428,1.0530294821587287,0.3250377119080987
2022-07-05,2022-07-06,open,2022-07-07,2022-07-20,6,6,UNEXECUTED_TIMEOUT,open,56,56,0,-0.014663298857388719,-0.04115780155076032,0.0264945026933716,1.607142857142858e-05,1.607142857142858e-05,2.67857142857143e-05,2.1428571428571442e-05,8.035714285714291e-05,-0.014743656000245861,-0.005606799576207626,0.0535714285714286,1.0,0.5267857142857143,1.0375039777156634,0.31165987426487196
2022-07-06,2022-07-07,open,2022-07-08,2022-07-21,5,6,EXECUTED_ON_TIME,open,56,56,0,-0.007081102670240323,-0.035007720413686716,0.027926617743446392,1.607142857142858e-05,1.607142857142858e-05,2.67857142857143e-05,2.1428571428571442e-05,8.035714285714291e-05,-0.007161459813097466,-0.022492310585626084,0.0535714285714286,1.0,0.5267857142857143,1.0300739346733239,0.30074937252244255
2022-07-07,2022-07-08,open,2022-07-11,2022-07-22,5,6,EXECUTED_ON_TIME,open,56,56,0,-0.01282049644425699,-0.048404868060275774,0.03558437161601878,1.0714285714285709e-05,1.0714285714285709e-05,1.785714285714285e-05,1.428571428571428e-05,5.357142857142854e-05,-0.012874067872828418,0.002905060108901205,0.0357142857142857,1.0,0.5178571428571428,1.016812692924308,0.286191638826283
2022-07-08,2022-07-11,open,2022-07-12,2022-07-25,5,6,EXECUTED_ON_TIME,open,56,56,0,-0.0157720942274832,-0.039086294877067274,0.023314200649584074,2.1428571428571418e-05,2.1428571428571418e-05,3.57142857142857e-05,2.857142857142856e-05,0.00010714285714285708,-0.015879237084626057,-0.005293857032801972,0.0714285714285714,1.0,0.5357142857142857,1.000666483102706,0.2750054680397678
2022-07-11,2022-07-12,open,2022-07-13,2022-07-26,5,5,EXECUTED_ON_TIME,open,56,56,0,-0.008493783760840964,-0.030453889427258574,0.02196010566641761,5.357142857142871e-06,5.357142857142871e-06,8.928571428571453e-06,7.142857142857162e-06,2.678571428571436e-05,-0.008520569475126678,0.0011624459471728434,0.017857142857142905,1.0,0.5089285714285714,0.9921402348119986,0.2666304819241932
2022-07-12,2022-07-13,open,2022-07-14,2022-07-27,5,6,EXECUTED_ON_TIME,open,56,56,0,-0.002463951142713496,-0.017899043413729276,0.01543509227101578,1.607142857142858e-05,1.607142857142858e-05,2.67857142857143e-05,2.1428571428571442e-05,8.035714285714291e-05,-0.0025443082855706387,-0.007225777434346135,0.0535714285714286,1.0,0.5267857142857143,0.9896159241921185,0.2618580513528085
2022-07-13,2022-07-14,open,2022-07-15,2022-07-28,5,5,EXECUTED_ON_TIME,open,56,56,0,0.0008678938433406577,-0.015444821010285215,0.016312714853625874,5.357142857142871e-06,5.357142857142871e-06,8.928571428571453e-06,7.142857142857162e-06,2.678571428571436e-05,0.0008411081290549434,-0.006623022036406964,0.017857142857142905,1.0,0.5089285714285714,0.9904482981905987,0.25781370061956227
2022-07-14,2022-07-15,open,2022-07-18,2022-07-29,4,5,UNEXECUTED_TIMEOUT,open,56,56,0,-0.008456747315420439,-0.016989531968002458,0.00853278465258202,1.607142857142858e-05,1.607142857142858e-05,2.67857142857143e-05,2.1428571428571442e-05,8.035714285714291e-05,-0.008537104458277581,-0.0038732992956586037,0.0535714285714286,1.0,0.5267857142857143,0.9819927376084222,0.2534335665110972
2022-07-15,2022-07-18,open,2022-07-19,2022-08-01,4,5,UNEXECUTED_TIMEOUT,open,56,56,0,0.008615731006982342,-0.023815657529033474,0.032431388536015814,0.0,0.0,0.0,0.0,0.0,0.008615731006982342,-0.0026810620606828525,0.0,1.0,0.5,0.9904533228864666,0.2473978794847074
2022-07-18,2022-07-19,open,2022-07-20,2022-08-02,4,5,UNEXECUTED_TIMEOUT,open,57,57,0,-0.00869946213361616,-0.033594236044588666,0.024894773910972508,1.0526315789473683e-05,1.0526315789473683e-05,1.7543859649122806e-05,1.4035087719298246e-05,5.263157894736842e-05,-0.008752093712563528,-0.009830946210275318,0.03508771929824561,1.0,0.5175438596491229,0.9817847825866443,0.23908673672436745
2022-07-19,2022-07-20,open,2022-07-21,2022-08-03,4,5,UNEXECUTED_TIMEOUT,open,57,57,0,-0.014279176301738597,-0.04111965634504011,0.026840480043301515,1.0526315789473683e-05,1.0526315789473683e-05,1.7543859649122806e-05,1.4035087719298246e-05,5.263157894736842e-05,-0.014331807880685965,-0.018439341137020986,0.03508771929824561,1.0,0.5175438596491229,0.9677140317024314,0.22925557227360438
2022-07-20,2022-07-21,open,2022-07-22,2022-08-04,4,4,UNEXECUTED_TIMEOUT,open,57,57,0,-0.008959271378645502,-0.04236643169829635,0.033407160319650846,1.578947368421054e-05,1.578947368421054e-05,2.6315789473684236e-05,2.105263157894739e-05,7.89473684210527e-05,-0.009038218747066555,-0.0025975986927505076,0.052631578947368474,1.0,0.5263157894736843,0.9589676205992992,0.21954283172942088
2022-07-21,2022-07-22,open,2022-07-25,2022-08-05,4,5,UNEXECUTED_TIMEOUT,open,57,57,0,-0.008288661576177817,-0.033434882791635645,0.02514622121545783,1.0526315789473683e-05,1.0526315789473683e-05,1.7543859649122806e-05,1.4035087719298246e-05,5.263157894736842e-05,-0.008341293155125185,-0.001185794262374116,0.03508771929824561,1.0,0.5175438596491229,0.9509685905496076,0.2122024428828039
2022-07-22,2022-07-25,open,2022-07-26,2022-08-08,4,4,UNEXECUTED_TIMEOUT,open,57,57,0,-0.007524587058084169,-0.02168600883151528,0.014161421773431111,1.0526315789473683e-05,1.0526315789473683e-05,1.7543859649122806e-05,1.4035087719298246e-05,5.263157894736842e-05,-0.007577218637031537,0.0028422340644393366,0.03508771929824561,1.0,0.5175438596491229,0.9437628936220634,0.2076006188323783
2022-07-25,2022-07-26,open,2022-07-27,2022-08-09,4,4,UNEXECUTED_TIMEOUT,open,57,57,0,0.002722876039740765,-0.018109799054096265,0.02083267509383703,1.0526315789473683e-05,1.0526315789473683e-05,1.7543859649122806e-05,1.4035087719298246e-05,5.263157894736842e-05,0.0026702444607933965,-0.004637203710045423,0.03508771929824561,1.0,0.5175438596491229,0.9462829712610601,0.2038410133418179
2022-07-26,2022-07-27,open,2022-07-28,2022-08-10,3,4,UNEXECUTED_TIMEOUT,open,57,57,0,0.0014924544660244,-0.02052498563555527,0.02201744010157967,1.578947368421054e-05,1.578947368421054e-05,2.6315789473684236e-05,2.105263157894739e-05,7.89473684210527e-05,0.0014135070976033473,-0.012068722737842054,0.052631578947368474,1.0,0.5263157894736843,0.9476205489572788,0.19965717947104006
2022-07-27,2022-07-28,open,2022-07-29,2022-08-11,3,4,UNEXECUTED_TIMEOUT,open,57,57,0,0.007342122273844183,-0.026290852500333584,0.03363297477417777,1.0526315789473683e-05,1.0526315789473683e-05,1.7543859649122806e-05,1.4035087719298246e-05,5.263157894736842e-05,0.007289490694896815,0.003829436774176351,0.03508771929824561,1.0,0.5175438596491229,0.9545282201311959,0.19440802201493432
2022-07-28,2022-07-29,open,2022-08-01,2022-08-12,3,4,UNEXECUTED_TIMEOUT,open,57,57,0,-0.005534268614629452,-0.00970205315367012,0.004167784539040669,5.263157894736858e-06,5.263157894736858e-06,8.771929824561432e-06,7.017543859649145e-06,2.6315789473684297e-05,-0.005560584404103136,0.0016597447553093128,0.01754385964912286,1.0,0.5087719298245614,0.9492204853970581,0.19252186505184554
2022-07-29,2022-08-01,open,2022-08-02,2022-08-15,3,4,UNEXECUTED_TIMEOUT,open,57,57,0,0.006937643775612464,0.004651438910477479,0.0022862048651349854,1.0526315789473683e-05,1.0526315789473683e-05,1.7543859649122806e-05,1.4035087719298246e-05,5.263157894736842e-05,0.006885012196665096,0.0045502230896042155,0.03508771929824561,1.0,0.5175438596491229,0.9557558800163412,0.19341736874606538
2022-08-01,2022-08-02,open,2022-08-03,2022-08-16,3,4,UNEXECUTED_TIMEOUT,open,57,57,0,-0.002293252072036974,0.011135569954181301,-0.013428822026218276,5.263157894736858e-06,5.263157894736858e-06,8.771929824561432e-06,7.017543859649145e-06,2.6315789473684297e-05,-0.002319567861510658,-0.00025345470035573235,0.01754385964912286,1.0,0.5087719298245614,0.9535389393936055,0.19557118138609086
2022-08-02,2022-08-03,open,2022-08-04,2022-08-17,3,4,UNEXECUTED_TIMEOUT,open,57,57,0,0.018700930459443613,0.016462911545448433,0.0022380189139951795,1.578947368421054e-05,1.578947368421054e-05,2.6315789473684236e-05,2.105263157894739e-05,7.89473684210527e-05,0.01862198309102256,0.02301192739977588,0.052631578947368474,1.0,0.5263157894736843,0.9712957253996248,0.19879085244608893
2022-08-03,2022-08-04,open,2022-08-05,2022-08-18,3,4,UNEXECUTED_TIMEOUT,open,57,57,0,0.013543121178721557,0.02844960265972718,-0.014906481481005623,2.1052631578947366e-05,2.1052631578947366e-05,3.508771929824561e-05,2.8070175438596492e-05,0.00010526315789473683,0.01343785802082682,0.01004634296037624,0.07017543859649122,1.0,0.5350877192982456,0.9843478594537809,0.20444637321056863
2022-08-04,2022-08-05,open,2022-08-08,2022-08-19,3,4,UNEXECUTED_TIMEOUT,open,57,57,0,0.028020386458023433,0.01579631640715018,0.012224070050873254,5.263157894736858e-06,5.263157894736858e-06,8.771929824561432e-06,7.017543859649145e-06,2.6315789473684297e-05,0.02799407066854975,0.026089908573942645,0.01754385964912286,1.0,0.5087719298245614,1.0119037629937657,0.20767587281009708
2022-08-05,2022-08-08,open,2022-08-09,2022-08-22,3,4,UNEXECUTED_TIMEOUT,open,57,57,0,0.009384980702126462,-0.0016776469775917624,0.011062627679718225,1.578947368421054e-05,1.578947368421054e-05,2.6315789473684236e-05,2.105263157894739e-05,7.89473684210527e-05,0.009306033333705409,0.0022736251986051744,0.052631578947368474,1.0,0.5263157894736843,1.0213205731426875,0.2073274660097585
2022-08-08,2022-08-09,open,2022-08-10,2022-08-23,3,4,UNEXECUTED_TIMEOUT,open,57,57,0,0.013917040598586972,0.0076900503081087646,0.006226990290478207,0.0,0.0,0.0,0.0,0.0,0.013917040598586972,0.010520302505893381,0.0,1.0,0.5,1.0355343330232865,0.20892182465362624
2022-08-09,2022-08-10,open,2022-08-11,2022-08-24,3,4,UNEXECUTED_TIMEOUT,open,57,57,0,0.01104775792306953,0.004668120920455321,0.00637963700261421,2.6315789473684222e-05,2.6315789473684222e-05,4.385964912280704e-05,3.508771929824564e-05,0.00013157894736842113,0.010916178975701109,0.007155694558789835,0.08771929824561409,1.0,0.543859649122807,1.046838411138052,0.20989709699403153
2022-08-10,2022-08-11,open,2022-08-12,2022-08-25,3,4,UNEXECUTED_TIMEOUT,open,57,57,0,0.023361800587407135,-0.009065201618789431,0.03242700220619657,1.0526315789473683e-05,1.0526315789473683e-05,1.7543859649122806e-05,1.4035087719298246e-05,5.263157894736842e-05,0.023309169008459765,0.011650459029850197,0.03508771929824561,1.0,0.5175438596491229,1.0712393445878163,0.20799433749058202
2022-08-11,2022-08-12,open,2022-08-15,2022-08-26,4,4,UNEXECUTED_TIMEOUT,open,57,57,0,3.736893497644091e-05,-0.013763493269492666,0.013800862204469107,2.1052631578947366e-05,2.1052631578947366e-05,3.508771929824561e-05,2.8070175438596492e-05,0.00010526315789473683,-6.789422291829592e-05,0.009727506907174069,0.07017543859649122,1.0,0.5350877192982456,1.071166613624956,0.2051316088264378
2022-08-12,2022-08-15,open,2022-08-16,2022-08-29,4,4,UNEXECUTED_TIMEOUT,open,57,57,0,0.004127379278479946,-0.0277794191915266,0.03190679847000655,1.0526315789473683e-05,1.0526315789473683e-05,1.7543859649122806e-05,1.4035087719298246e-05,5.263157894736842e-05,0.004074747699532578,-0.0026140150363359984,0.03508771929824561,1.0,0.5175438596491229,1.0755313473196404,0.19943317187541593
2022-08-15,2022-08-16,open,2022-08-17,2022-08-30,4,4,UNEXECUTED_TIMEOUT,open,57,57,0,-0.0020576855622978477,-0.02434085259443508,0.022283167032137233,0.0,0.0,0.0,0.0,0.0,-0.0020576855622978477,-0.003202475106168128,0.0,1.0,0.5,1.073318241994462,0.19457879843635578
2022-08-16,2022-08-17,open,2022-08-18,2022-08-31,4,4,UNEXECUTED_TIMEOUT,open,57,57,0,0.005944771297724397,-0.029987086877508506,0.0359318581752329,1.0526315789473683e-05,1.0526315789473683e-05,1.7543859649122806e-05,1.4035087719298246e-05,5.263157894736842e-05,0.005892139718777029,0.0010360164626929168,0.03508771929824561,1.0,0.5175438596491229,1.0796423830390054,0.18874394710312356
2022-08-17,2022-08-18,open,2022-08-19,2022-09-01,4,4,UNEXECUTED_TIMEOUT,open,57,57,0,-0.000970727536717482,-0.03319190115519455,0.03222117361847707,1.0526315789473683e-05,1.0526315789473683e-05,1.7543859649122806e-05,1.4035087719298246e-05,5.263157894736842e-05,-0.0010233591156648505,-0.0049642766152547405,0.03508771929824561,1.0,0.5175438596491229,1.0785375211646644,0.18247917666723543
2022-08-18,2022-08-19,open,2022-08-22,2022-09-02,4,4,UNEXECUTED_TIMEOUT,open,57,57,0,-0.00827588716999746,-0.028674734929259427,0.020398847759261967,0.0,0.0,0.0,0.0,0.0,-0.00827588716999746,0.010532105499988273,0.0,1.0,0.5,1.0696116663308968,0.17724663464619295
2022-08-19,2022-08-22,open,2022-08-23,2022-09-05,4,5,UNEXECUTED_TIMEOUT,open,57,57,0,0.002728812763062029,-0.030169797458962977,0.032898610222025004,1.578947368421054e-05,1.578947368421054e-05,2.6315789473684236e-05,2.105263157894739e-05,7.89473684210527e-05,0.0026498653946409765,-0.011680942416837545,0.052631578947368474,1.0,0.5263157894736843,1.0724459932712114,0.1718991395786345
2022-08-22,2022-08-23,open,2022-08-24,2022-09-06,4,5,UNEXECUTED_TIMEOUT,open,57,57,0,-0.0022174427871397328,-0.03617695569737123,0.03395951291023149,1.578947368421054e-05,1.578947368421054e-05,2.6315789473684236e-05,2.105263157894739e-05,7.89473684210527e-05,-0.0022963901555607853,-0.007541296424830076,0.052631578947368474,1.0,0.5263157894736843,1.0699832388498927,0.16568035202168202
2022-08-23,2022-08-24,open,2022-08-25,2022-09-07,4,4,UNEXECUTED_TIMEOUT,open,57,57,0,-0.015427944851258308,-0.032589786056437475,0.01716184120517917,5.263157894736858e-06,5.263157894736858e-06,8.771929824561432e-06,7.017543859649145e-06,2.6315789473684297e-05,-0.015454260640731993,0.01570329225198612,0.01754385964912286,1.0,0.5087719298245614,1.0534474389954918,0.16028086479554016
2022-08-24,2022-08-25,open,2022-08-26,2022-09-08,4,4,UNEXECUTED_TIMEOUT,open,57,57,0,0.006596724459776985,-0.008337048759007204,0.01493377321878419,1.0526315789473683e-05,1.0526315789473683e-05,1.7543859649122806e-05,1.4035087719298246e-05,5.263157894736842e-05,0.006544092880829616,0.004308008172472788,0.03508771929824561,1.0,0.5175438596491229,1.0603412968813504,0.1589445954106039
2022-08-25,2022-08-26,open,2022-08-29,2022-09-09,4,5,UNEXECUTED_TIMEOUT,open,57,57,0,-0.0041072929346272,-0.018709418592989024,0.014602125658361824,1.0526315789473683e-05,1.0526315789473683e-05,1.7543859649122806e-05,1.4035087719298246e-05,5.263157894736842e-05,-0.004159924513574568,0.021342689337949902,0.03508771929824561,1.0,0.5175438596491229,1.0559303571276981,0.15597083444197363
2022-08-26,2022-08-29,open,2022-08-30,2022-09-13,4,5,UNEXECUTED_TIMEOUT,open,57,57,0,0.018348910805844817,0.011843106703613326,0.006505804102231491,1.0526315789473683e-05,1.0526315789473683e-05,1.7543859649122806e-05,1.4035087719298246e-05,5.263157894736842e-05,0.018296279226897447,-0.0006109332939586432,0.03508771929824561,1.0,0.5175438596491229,1.075249953785864,0.15781801367692153
2022-08-29,2022-08-30,open,2022-08-31,2022-09-14,4,5,UNEXECUTED_TIMEOUT,open,57,57,0,5.900729579372558e-05,-0.007455498632025326,0.007514505927819051,1.578947368421054e-05,1.578947368421054e-05,2.6315789473684236e-05,2.105263157894739e-05,7.89473684210527e-05,-1.994007262732712e-05,0.011226002556228434,0.052631578947368474,1.0,0.5263157894736843,1.075228513223693,0.1566414016918443
2022-08-30,2022-08-31,open,2022-09-01,2022-09-15,4,5,UNEXECUTED_TIMEOUT,open,57,57,0,-0.0014706161244721475,0.005300773154711891,-0.006771389279184038,1.0526315789473683e-05,1.0526315789473683e-05,1.7543859649122806e-05,1.4035087719298246e-05,5.263157894736842e-05,-0.001523247703419516,0.019765077644865462,0.03508771929824561,1.0,0.5175438596491229,1.0735906738602738,0.15747172222884886
2022-08-31,2022-09-01,open,2022-09-02,2022-09-16,4,5,UNEXECUTED_TIMEOUT,open,57,57,0,-0.015414257270368478,-0.012936935758242285,-0.0024773215121261932,1.578947368421054e-05,1.578947368421054e-05,2.6315789473684236e-05,2.105263157894739e-05,7.89473684210527e-05,-0.015493204638789532,-0.012149440402520122,0.052631578947368474,1.0,0.5263157894736843,1.0569573138518606,0.15543452067463448
2022-09-01,2022-09-02,open,2022-09-05,2022-09-19,4,5,UNEXECUTED_TIMEOUT,open,57,57,0,-0.013256599429367952,-0.031177047095793164,0.017920447666425213,1.0526315789473683e-05,1.0526315789473683e-05,1.7543859649122806e-05,1.4035087719298246e-05,5.263157894736842e-05,-0.01330923100831532,-0.01746219534400858,0.03508771929824561,1.0,0.5175438596491229,1.042890024795878,0.15058853130324937
2022-09-02,2022-09-05,open,2022-09-06,2022-09-20,4,5,UNEXECUTED_TIMEOUT,open,57,57,0,-0.007090963530769093,-0.016147496325184196,0.009056532794415102,1.0526315789473683e-05,1.0526315789473683e-05,1.7543859649122806e-05,1.4035087719298246e-05,5.263157894736842e-05,-0.007143595109716462,-0.020251224932109783,0.03508771929824561,1.0,0.5175438596491229,1.035440040714774,0.14815690354741526
2022-09-05,2022-09-06,open,2022-09-07,2022-09-21,4,5,UNEXECUTED_TIMEOUT,open,57,57,0,-0.005108010405185017,-0.025631927459818904,0.020523917054633887,1.578947368421054e-05,1.578947368421054e-05,2.6315789473684236e-05,2.105263157894739e-05,7.89473684210527e-05,-0.00518695777360607,-0.019608835059149454,0.052631578947368474,1.0,0.5263157894736843,1.0300692569464853,0.14435935654301651
2022-09-06,2022-09-07,open,2022-09-08,2022-09-22,4,5,UNEXECUTED_TIMEOUT,open,57,57,0,-0.012662193640485613,-0.03906690342976693,0.02640470978928132,2.6315789473684222e-05,2.6315789473684222e-05,4.385964912280704e-05,3.508771929824564e-05,0.00013157894736842113,-0.012793772587854035,-0.03006710957133723,0.08771929824561409,1.0,0.543859649122807,1.0168907851233722,0.1387196835017672
2022-09-07,2022-09-08,open,2022-09-09,2022-09-23,4,5,UNEXECUTED_TIMEOUT,open,57,57,0,-0.02238701943396279,-0.04780880027414469,0.0254217808401819,1.578947368421054e-05,1.578947368421054e-05,2.6315789473684236e-05,2.105263157894739e-05,7.89473684210527e-05,-0.022465966802383844,-0.02102476116488374,0.052631578947368474,1.0,0.5263157894736843,0.9940453505031404,0.13208766185913864
2022-09-08,2022-09-09,open,2022-09-13,2022-09-26,4,4,UNEXECUTED_TIMEOUT,open,57,57,0,-0.01627220395006945,-0.05455730468561948,0.038285100735550026,1.0526315789473683e-05,1.0526315789473683e-05,1.7543859649122806e-05,1.4035087719298246e-05,5.263157894736842e-05,-0.01632483552901682,-0.026212725632700957,0.03508771929824561,1.0,0.5175438596491229,0.9778177236477926,0.12488131504587854
2022-09-09,2022-09-13,open,2022-09-14,2022-09-27,4,5,UNEXECUTED_TIMEOUT,open,57,57,0,-0.03418575492922026,-0.06516104524986788,0.030975290320647615,1.0526315789473683e-05,1.0526315789473683e-05,1.7543859649122806e-05,1.4035087719298246e-05,5.263157894736842e-05,-0.03423838650816763,-0.014811043615007347,0.03508771929824561,1.0,0.5175438596491229,0.9443388224910028,0.11674391802531105
2022-09-13,2022-09-14,open,2022-09-15,2022-09-28,4,4,UNEXECUTED_TIMEOUT,open,57,57,0,-0.021495251759699293,-0.04401233697811058,0.022517085218411285,2.6315789473684222e-05,2.6315789473684222e-05,4.385964912280704e-05,3.508771929824564e-05,0.00013157894736842113,-0.021626830707067713,-0.03368413999833786,0.08771929824561409,1.0,0.543859649122807,0.9239157666468781,0.11160574536503615
2022-09-14,2022-09-15,open,2022-09-16,2022-09-29,4,5,UNEXECUTED_TIMEOUT,open,57,57,0,-0.046530622909501156,-0.05255023108136281,0.006019608171861653,1.0526315789473683e-05,1.0526315789473683e-05,1.7543859649122806e-05,1.4035087719298246e-05,5.263157894736842e-05,-0.04658325448844852,-0.010214111524464255,0.03508771929824561,1.0,0.5175438596491229,0.8808767633632766,0.10574083765609577
2022-09-15,2022-09-16,open,2022-09-19,2022-09-30,4,5,UNEXECUTED_TIMEOUT,open,57,57,0,-0.032827243525636915,-0.044905761261197386,0.01207851773556047,1.0526315789473683e-05,1.0526315789473683e-05,1.7543859649122806e-05,1.4035087719298246e-05,5.263157894736842e-05,-0.03287987510458428,-0.01450163027494131,0.03508771929824561,1.0,0.5175438596491229,0.8519136454013616,0.10099246484475209
2022-09-16,2022-09-19,open,2022-09-20,2022-10-10,4,4,UNEXECUTED_TIMEOUT,open,57,57,0,-0.01730069475724134,-0.031021091409684898,0.013720396652443557,1.578947368421054e-05,1.578947368421054e-05,2.6315789473684236e-05,2.105263157894739e-05,7.89473684210527e-05,-0.017379642125662394,-0.02658407342527736,0.052631578947368474,1.0,0.5263157894736843,0.8371076911223175,0.09785956836111365
2022-09-19,2022-09-20,open,2022-09-21,2022-10-11,4,5,UNEXECUTED_TIMEOUT,open,57,57,0,-0.02196083590835375,-0.05414270460586068,0.03218186869750693,1.578947368421054e-05,1.578947368421054e-05,2.6315789473684236e-05,2.105263157894739e-05,7.89473684210527e-05,-0.022039783276774805,-0.01531565889107868,0.052631578947368474,1.0,0.5263157894736843,0.8186580190306603,0.09256118665848084
2022-09-20,2022-09-21,open,2022-09-22,2022-10-12,4,5,UNEXECUTED_TIMEOUT,open,57,57,0,-0.014779420927862483,-0.05060849438887649,0.03582907346101401,1.0526315789473683e-05,1.0526315789473683e-05,1.7543859649122806e-05,1.4035087719298246e-05,5.263157894736842e-05,-0.014832052506809851,-0.010852938641364801,0.03508771929824561,1.0,0.5175438596491229,0.8065156403072765,0.08787680436284737
2022-09-21,2022-09-22,open,2022-09-23,2022-10-13,4,5,UNEXECUTED_TIMEOUT,open,57,57,0,-0.010759227051964068,-0.030646084036935584,0.019886856984971515,2.1052631578947366e-05,2.1052631578947366e-05,3.508771929824561e-05,2.8070175438596492e-05,0.00010526315789473683,-0.010864490209858805,-0.015793733368878925,0.07017543859649122,1.0,0.5350877192982456,0.7977532590290601,0.0851837244314462
2022-09-22,2022-09-23,open,2022-09-26,2022-10-14,4,4,UNEXECUTED_TIMEOUT,open,57,57,0,-0.013026977321324566,-0.021160874025414667,0.0081338967040901,5.263157894736858e-06,5.263157894736858e-06,8.771929824561432e-06,7.017543859649145e-06,2.6315789473684297e-05,-0.013053293110798251,0.005932745661697415,0.01754385964912286,1.0,0.5087719298245614,0.7873399519088592,0.08338116236973674
2022-09-23,2022-09-26,open,2022-09-27,2022-10-17,4,4,UNEXECUTED_TIMEOUT,open,57,57,0,0.002999777613517043,-0.0019200458742906212,0.004919823487807664,5.263157894736858e-06,5.263157894736858e-06,8.771929824561432e-06,7.017543859649145e-06,2.6315789473684297e-05,0.002973461824043359,-0.002429830681006429,0.01754385964912286,1.0,0.5087719298245614,0.7896810771984043,0.08322106671293517
2022-09-26,2022-09-27,open,2022-09-28,2022-10-18,4,4,UNEXECUTED_TIMEOUT,open,57,57,0,0.013746568510279892,0.005659887998888724,0.008086680511391168,5.263157894736858e-06,5.263157894736858e-06,8.771929824561432e-06,7.017543859649145e-06,2.6315789473684297e-05,0.013720252720806207,0.005616520308884872,0.01754385964912286,1.0,0.5087719298245614,0.8005157011464049,0.08369208862967842
2022-09-27,2022-09-28,open,2022-09-29,2022-10-19,4,4,UNEXECUTED_TIMEOUT,open,57,57,0,-0.01256071786135065,-0.013397294454869813,0.000836576593519163,1.0526315789473683e-05,1.0526315789473683e-05,1.7543859649122806e-05,1.4035087719298246e-05,5.263157894736842e-05,-0.012613349440298018,-0.002775022480607457,0.03508771929824561,1.0,0.5175438596491229,0.7904185168754001,0.08257084107476355
2022-09-28,2022-09-29,open,2022-09-30,2022-10-20,4,4,UNEXECUTED_TIMEOUT,open,57,57,0,-0.005993541989186207,-0.03046774642653438,0.024474204437348174,0.0,0.0,0.0,0.0,0.0,-0.005993541989186207,0.003486387542409354,0.0,1.0,0.5,0.785681110305477,0.08005509362667199
2022-09-29,2022-09-30,open,2022-10-10,2022-10-21,4,4,UNEXECUTED_TIMEOUT,open,57,57,0,-0.001421759539937245,-0.02072860552780209,0.019306845987864845,5.263157894736858e-06,5.263157894736858e-06,8.771929824561432e-06,7.017543859649145e-06,2.6315789473684297e-05,-0.0014480753294109291,0.01109948596134749,0.01754385964912286,1.0,0.5087719298245614,0.7845433848728595,0.07839566317039344
2022-09-30,2022-10-10,open,2022-10-11,2022-10-24,4,4,UNEXECUTED_TIMEOUT,open,57,57,0,-0.015191712336744455,-0.020660386280526244,0.005468673943781789,0.0,0.0,0.0,0.0,0.0,-0.015191712336744455,0.007608373995309357,0.0,1.0,0.5,0.7726248274541752,0.07677597848657508
2022-10-10,2022-10-11,open,2022-10-12,2022-10-25,4,4,UNEXECUTED_TIMEOUT,open,57,57,0,0.0069041161319486405,-0.02949690234696012,0.03640101847890876,1.0526315789473683e-05,1.0526315789473683e-05,1.7543859649122806e-05,1.4035087719298246e-05,5.263157894736842e-05,0.006851484553001272,0.0031533961401903517,0.03508771929824561,1.0,0.5175438596491229,0.7779184545247426,0.07451132494656426
2022-10-11,2022-10-12,open,2022-10-13,2022-10-26,4,4,UNEXECUTED_TIMEOUT,open,57,57,0,0.026806036828497557,-0.024055391733143194,0.05086142856164075,0.0,0.0,0.0,0.0,0.0,0.026806036828497557,0.0100008619799743,0.0,1.0,0.5,0.7987713652663007,0.07271892583641913
2022-10-12,2022-10-13,open,2022-10-14,2022-10-27,4,4,UNEXECUTED_TIMEOUT,open,57,57,0,0.01984042439369517,-0.023627029792744114,0.04346745418643928,1.0526315789473683e-05,1.0526315789473683e-05,1.7543859649122806e-05,1.4035087719298246e-05,5.263157894736842e-05,0.0197877928147478,0.006523067171928871,0.03508771929824561,1.0,0.5175438596491229,0.8145772875485435,0.07100079360918571
2022-10-13,2022-10-14,open,2022-10-17,2022-10-28,4,4,EXECUTED_ON_TIME,open,57,57,0,0.004053996212327659,-0.04708990737226282,0.05114390358459048,1.578947368421054e-05,1.578947368421054e-05,2.6315789473684236e-05,2.105263157894739e-05,7.89473684210527e-05,0.003975048843906606,-0.0030271337060941974,0.052631578947368474,1.0,0.5263157894736843,0.8178152720536859,0.06765737281477201
2022-10-14,2022-10-17,open,2022-10-18,2022-10-31,4,4,EXECUTED_ON_TIME,open,57,57,0,0.00502910397725239,-0.08312815276265795,0.08815725673991034,5.263157894736858e-06,5.263157894736858e-06,8.771929824561432e-06,7.017543859649145e-06,2.6315789473684297e-05,0.005002788187778706,-0.006212863488264268,0.01754385964912286,1.0,0.5087719298245614,0.8219066286365011,0.062033140391905536
2022-10-17,2022-10-18,open,2022-10-19,2022-11-01,3,4,EXECUTED_ON_TIME,open,57,57,0,-0.01088364569646525,-0.0895045457296837,0.07862090003321845,1.0526315789473683e-05,1.0526315789473683e-05,1.7543859649122806e-05,1.4035087719298246e-05,5.263157894736842e-05,-0.010936277275412618,-0.00957894399537493,0.03508771929824561,1.0,0.5175438596491229,0.8129180298512327,0.05648089234094234
2022-10-18,2022-10-19,open,2022-10-20,2022-11-02,3,4,EXECUTED_ON_TIME,open,57,57,0,-0.011146646750471072,-0.05410812271095278,0.04296147596048171,5.263157894736858e-06,5.263157894736858e-06,8.771929824561432e-06,7.017543859649145e-06,2.6315789473684297e-05,-0.011172962539944757,0.004435404562550357,0.01754385964912286,1.0,0.5087719298245614,0.8038353271556593,0.053424817287334524
2022-10-19,2022-10-20,open,2022-10-21,2022-11-03,3,4,EXECUTED_ON_TIME,open,57,57,0,0.011558313340730741,-0.0270964525237557,0.03865476586448644,1.0526315789473683e-05,1.0526315789473683e-05,1.7543859649122806e-05,1.4035087719298246e-05,5.263157894736842e-05,0.011505681761783373,0.0011645958606486817,0.03508771929824561,1.0,0.5175438596491229,0.8130840006187914,0.05197719426211794
2022-10-20,2022-10-21,open,2022-10-24,2022-11-04,3,4,EXECUTED_ON_TIME,open,57,57,0,0.003081609895680322,-0.028535465876730504,0.031617075772410824,2.6315789473684222e-05,2.6315789473684222e-05,4.385964912280704e-05,3.508771929824564e-05,0.00013157894736842113,0.002950030948311901,-0.0038259058014548076,0.08771929824561409,1.0,0.543859649122807,0.8154826235841941,0.05049400080888308
2022-10-21,2022-10-24,open,2022-10-25,2022-11-07,3,4,EXECUTED_ON_TIME,open,57,57,0,-0.005381711977482839,0.00713750179389816,-0.012519213771380999,1.0526315789473683e-05,1.0526315789473683e-05,1.7543859649122806e-05,1.4035087719298246e-05,5.263157894736842e-05,-0.005434343556430208,0.010358084939329243,0.03508771929824561,1.0,0.5175438596491229,0.8110510108433385,0.05085440183023758
2022-10-24,2022-10-25,open,2022-10-26,2022-11-08,3,4,EXECUTED_ON_TIME,open,57,57,0,0.009968660822011293,0.04189058006546764,-0.031921919243456345,1.0526315789473683e-05,1.0526315789473683e-05,1.7543859649122806e-05,1.4035087719298246e-05,5.263157894736842e-05,0.009916029243063925,0.0073736454944282465,0.03508771929824561,1.0,0.5175438596491229,0.8190934163844777,0.05298472222178861
2022-10-25,2022-10-26,open,2022-10-27,2022-11-09,3,4,EXECUTED_ON_TIME,open,57,56,1,0.023462921786780982,0.03233166662584064,-0.008868744839059656,1.607142857142858e-05,1.607142857142858e-05,2.67857142857143e-05,2.1428571428571442e-05,8.035714285714291e-05,0.02338256464392384,0.01626063363532229,0.0535714285714286,1.0,0.5267857142857143,0.8382459211425002,0.05469780659692625
2022-10-26,2022-10-27,open,2022-10-28,2022-11-10,3,4,EXECUTED_ON_TIME,open,57,57,0,-0.005853733954083697,0.00495192445329673,-0.010805658407380427,2.1052631578947366e-05,2.1052631578947366e-05,3.508771929824561e-05,2.8070175438596492e-05,0.00010526315789473683,-0.005958997111978434,0.007390108248435553,0.07017543859649122,1.0,0.5350877192982456,0.8332508161192843,0.05496866600295527
2022-10-27,2022-10-28,open,2022-10-31,2022-11-11,3,4,DELAYED_LIMIT_DOWN,open,57,57,0,-0.0031291677589915246,0.050648792286611455,-0.05377796004560298,2.1052631578947366e-05,2.1052631578947366e-05,3.508771929824561e-05,2.8070175438596492e-05,0.00010526315789473683,-0.0032344309168862613,0.018181525889994082,0.07017543859649122,1.0,0.5350877192982456,0.8305557239181074,0.05775276254961107
2022-10-28,2022-10-31,open,2022-11-01,2022-11-14,3,4,DELAYED_LIMIT_DOWN,open,57,57,0,0.04421678206997646,0.08949561236430692,-0.04527883029433046,1.0526315789473683e-05,1.0526315789473683e-05,1.7543859649122806e-05,1.4035087719298246e-05,5.263157894736842e-05,0.04416415049102909,0.03430872040747619,0.03508771929824561,1.0,0.5175438596491229,0.8672365119004123,0.06292138139971892
2022-10-31,2022-11-01,open,2022-11-02,2022-11-15,3,4,DELAYED_LIMIT_DOWN,open,57,57,0,0.059016005334732766,0.07645539526628786,-0.017439389931555097,1.578947368421054e-05,1.578947368421054e-05,2.6315789473684236e-05,2.105263157894739e-05,7.89473684210527e-05,0.05893705796631171,0.049505141933820454,0.052631578947368474,1.0,0.5263157894736843,0.918348880472789,0.06773206048533528
2022-11-01,2022-11-02,open,2022-11-03,2022-11-16,3,4,UNEXECUTED_TIMEOUT,open,57,57,0,0.03974043885956372,0.0664136721975026,-0.026673233337938883,1.578947368421054e-05,1.578947368421054e-05,2.6315789473684236e-05,2.105263157894739e-05,7.89473684210527e-05,0.03966149149114267,0.035388056088214825,0.052631578947368474,1.0,0.5263157894736843,0.9547719667815608,0.07223039534766976
2022-11-02,2022-11-03,open,2022-11-04,2022-11-17,3,4,UNEXECUTED_TIMEOUT,open,57,57,0,0.030732051508258876,0.0483424141166402,-0.017610362608381322,1.0526315789473683e-05,1.0526315789473683e-05,1.7543859649122806e-05,1.4035087719298246e-05,5.263157894736842e-05,0.030679419929311506,0.021474958701409027,0.03508771929824561,1.0,0.5175438596491229,0.9840638168871869,0.07572218703137545
2022-11-03,2022-11-04,open,2022-11-07,2022-11-18,3,4,UNEXECUTED_TIMEOUT,open,57,57,0,0.04315202990972174,0.04854979926077063,-0.005397769351048895,2.1052631578947366e-05,2.1052631578947366e-05,3.508771929824561e-05,2.8070175438596492e-05,0.00010526315789473683,0.043046766751827,0.027490653389900678,0.07017543859649122,1.0,0.5350877192982456,1.0264245824816423,0.07939848401133526
2022-11-04,2022-11-07,open,2022-11-08,2022-11-21,3,4,UNEXECUTED_TIMEOUT,open,57,57,0,0.009750193043533419,0.004022881202219164,0.005727311841314255,2.1052631578947366e-05,2.1052631578947366e-05,3.508771929824561e-05,2.8070175438596492e-05,0.00010526315789473683,0.009644929885638682,0.013348941886816967,0.07017543859649122,1.0,0.5350877192982456,1.0363243756125737,0.07971789468014916
2022-11-07,2022-11-08,open,2022-11-09,2022-11-22,3,4,UNEXECUTED_TIMEOUT,open,57,57,0,0.0037362768157625584,-0.002008394500724986,0.005744671316487544,5.263157894736858e-06,5.263157894736858e-06,8.771929824561432e-06,7.017543859649145e-06,2.6315789473684297e-05,0.003709961026288874,0.007186721671335086,0.01754385964912286,1.0,0.5087719298245614,1.0401690986566896,0.07955778969886416
2022-11-08,2022-11-09,open,2022-11-10,2022-11-23,3,4,UNEXECUTED_TIMEOUT,open,57,57,0,-0.003889144652425124,0.0025152088284521312,-0.006404353480877255,1.578947368421054e-05,1.578947368421054e-05,2.6315789473684236e-05,2.105263157894739e-05,7.89473684210527e-05,-0.003968092020846177,0.006951046916823152,0.052631578947368474,1.0,0.5263157894736843,1.0360416119559792,0.07975789415388689
2022-11-09,2022-11-10,open,2022-11-11,2022-11-24,3,3,UNEXECUTED_TIMEOUT,open,57,57,0,0.027870475875503203,0.02868094460212034,-0.0008104687266171362,1.0526315789473683e-05,1.0526315789473683e-05,1.7543859649122806e-05,1.4035087719298246e-05,5.263157894736842e-05,0.027817844296555833,0.007542452709067022,0.03508771929824561,1.0,0.5175438596491229,1.0648620562021234,0.0820454258976963
2022-11-10,2022-11-11,open,2022-11-14,2022-11-25,4,5,UNEXECUTED_TIMEOUT,open,57,57,0,0.002362906854869043,-0.009629709614423554,0.011992616469292597,5.263157894736858e-06,5.263157894736858e-06,8.771929824561432e-06,7.017543859649145e-06,2.6315789473684297e-05,0.0023365910653953587,0.00903696826283399,0.01754385964912286,1.0,0.5087719298245614,1.0673502033685238,0.08125535227110978
2022-11-11,2022-11-14,open,2022-11-15,2022-11-28,4,5,DELAYED_LIMIT_DOWN,open,58,58,0,-0.0032776630961773223,-0.0304448888138088,0.027167225717631478,2.06896551724138e-05,2.06896551724138e-05,3.448275862068967e-05,2.7586206896551737e-05,0.00010344827586206902,-0.0033811113720393915,-0.002565027237263067,0.06896551724137934,1.0,0.5344827586206897,1.063741373457966,0.07878154210568897
2022-11-14,2022-11-15,open,2022-11-16,2022-11-29,4,5,DELAYED_LIMIT_DOWN,open,58,58,0,0.031948308611640046,-0.005900352764873107,0.03784866137651315,1.5517241379310342e-05,1.5517241379310342e-05,2.5862068965517237e-05,2.068965517241379e-05,7.758620689655172e-05,0.03187072240474349,0.005467569088893644,0.051724137931034475,1.0,0.5258620689655172,1.0976435794818853,0.0783167032159047
2022-11-15,2022-11-16,open,2022-11-17,2022-11-30,5,5,DELAYED_LIMIT_DOWN,open,58,58,0,-0.005307039095656186,-0.006281322758353136,0.0009742836626969505,1.0344827586206883e-05,1.0344827586206883e-05,1.7241379310344808e-05,1.3793103448275846e-05,5.172413793103443e-05,-0.00535876323358722,0.0035275053270575167,0.03448275862068961,1.0,0.5172413793103448,1.0917615674245746,0.07782477072563544
2022-11-16,2022-11-17,open,2022-11-18,2022-12-01,4,5,DELAYED_LIMIT_DOWN,open,58,58,0,0.012466430936592051,0.0261755839876312,-0.01370915305103915,1.5517241379310342e-05,1.5517241379310342e-05,2.5862068965517237e-05,2.068965517241379e-05,7.758620689655172e-05,0.0123888447296955,0.004219911099864115,0.051724137931034475,1.0,0.5258620689655172,1.1052872319652467,0.07986187954808245
2022-11-17,2022-11-18,open,2022-11-21,2022-12-02,4,5,DELAYED_LIMIT_DOWN,open,58,58,0,-0.0028329920566061563,0.01636635187682689,-0.019199343933433047,0.0,0.0,0.0,0.0,0.0,-0.0028329920566061563,0.014474424594117935,0.0,1.0,0.5,1.1021559620168209,0.08116892717031113
2022-11-18,2022-11-21,open,2022-11-22,2022-12-05,4,4,DELAYED_LIMIT_DOWN,open,58,58,0,0.018193418880637625,0.036611314594255706,-0.01841789571361808,2.06896551724138e-05,2.06896551724138e-05,3.448275862068967e-05,2.7586206896551737e-05,0.00010344827586206902,0.018089970604775556,0.01093226192487336,0.06896551724137934,1.0,0.5344827586206897,1.1220939309715832,0.08414062829822162
2022-11-21,2022-11-22,open,2022-11-23,2022-12-06,4,4,EXECUTED_ON_TIME,open,58,58,0,0.012066573736008692,0.04326087429854164,-0.03119430056253295,1.5517241379310342e-05,1.5517241379310342e-05,2.5862068965517237e-05,2.068965517241379e-05,7.758620689655172e-05,0.01198898752911214,0.021195447342281945,0.051724137931034475,1.0,0.5258620689655172,1.135546701116494,0.0877806254424313
2022-11-22,2022-11-23,open,2022-11-24,2022-12-07,4,4,DELAYED_LIMIT_DOWN,open,58,58,0,0.015626408575129126,0.05224593480800044,-0.03661952623287131,1.0344827586206883e-05,1.0344827586206883e-05,1.7241379310344808e-05,1.3793103448275846e-05,5.172413793103443e-05,0.015574684437198092,0.011799066764163736,0.03448275862068961,1.0,0.5172413793103448,1.1532324826500846,0.09236680627670207
2022-11-23,2022-11-24,open,2022-11-25,2022-12-08,4,5,UNEXECUTED_TIMEOUT,open,58,58,0,0.00039533408739819025,0.0426367650084134,-0.04224143092101521,1.5517241379310342e-05,1.5517241379310342e-05,2.5862068965517237e-05,2.068965517241379e-05,7.758620689655172e-05,0.00031774788050163857,0.009696847950800221,0.051724137931034475,1.0,0.5258620689655172,1.1535989198271723,0.09630502809049947
2022-11-24,2022-11-25,open,2022-11-28,2022-12-09,4,5,UNEXECUTED_TIMEOUT,open,58,58,0,0.0014117589854158836,0.0561701306380058,-0.05475837165258991,1.0344827586206883e-05,1.0344827586206883e-05,1.7241379310344808e-05,1.3793103448275846e-05,5.172413793103443e-05,0.0013600348474848492,0.019615718711161623,0.03448275862068961,1.0,0.5172413793103448,1.1551678545581583,0.10171449409943964
2022-11-25,2022-11-28,open,2022-11-29,2022-12-12,4,4,UNEXECUTED_TIMEOUT,open,58,58,0,0.022312145120255752,0.07408894130638788,-0.051776796186132124,1.5517241379310342e-05,1.5517241379310342e-05,2.5862068965517237e-05,2.068965517241379e-05,7.758620689655172e-05,0.0222345589133592,0.013811437638627848,0.051724137931034475,1.0,0.5258620689655172,1.1808525022751504,0.10925041328278196
2022-11-28,2022-11-29,open,2022-11-30,2022-12-13,4,5,UNEXECUTED_TIMEOUT,open,58,58,0,0.016109291123616084,0.04964145097529049,-0.033532159851674403,1.0344827586206883e-05,1.0344827586206883e-05,1.7241379310344808e-05,1.3793103448275846e-05,5.172413793103443e-05,0.01605756698568505,0.004862293929718257,0.03448275862068961,1.0,0.5172413793103448,1.1998141204306474,0.1146737623177894
2022-11-29,2022-11-30,open,2022-12-01,2022-12-14,4,5,UNEXECUTED_TIMEOUT,open,58,58,0,0.01697859007971178,0.030295108117688763,-0.013316518037976982,5.1724137931034585e-06,5.1724137931034585e-06,8.620689655172431e-06,6.896551724137945e-06,2.5862068965517295e-05,0.016952728010746262,0.0026165256322972993,0.017241379310344862,1.0,0.5086206896551724,1.2201542428777608,0.11814781634546898
2022-11-30,2022-12-01,open,2022-12-02,2022-12-15,4,5,UNEXECUTED_TIMEOUT,open,58,58,0,-0.000337795813206593,0.008511728905884475,-0.008849524719091067,5.1724137931034585e-06,5.1724137931034585e-06,8.620689655172431e-06,6.896551724137945e-06,2.5862068965517295e-05,-0.0003636578821721103,0.004659005599017444,0.017241379310344862,1.0,0.5086206896551724,1.2197105241698725,0.11915345852902383
2022-12-01,2022-12-02,open,2022-12-05,2022-12-16,4,5,UNEXECUTED_TIMEOUT,open,58,58,0,0.006488102943495498,0.011534830536102492,-0.005046727592606994,1.0344827586206883e-05,1.0344827586206883e-05,1.7241379310344808e-05,1.3793103448275846e-05,5.172413793103443e-05,0.006436378805564464,0.004484027123953873,0.03448275862068961,1.0,0.5172413793103448,1.2275610431365633,0.12052787348094664
2022-12-02,2022-12-05,open,2022-12-06,2022-12-19,5,5,UNEXECUTED_TIMEOUT,open,58,58,0,-0.004436185557876527,0.011549943981504995,-0.01598612953938152,1.5517241379310342e-05,1.5517241379310342e-05,2.5862068965517237e-05,2.068965517241379e-05,7.758620689655172e-05,-0.004513771764773079,-0.011054634481780809,0.051724137931034475,1.0,0.5258620689655172,1.2220201127605181,0.1219199636678615
2022-12-05,2022-12-06,open,2022-12-07,2022-12-20,5,5,UNEXECUTED_TIMEOUT,open,57,57,0,-0.007582866462528918,-0.012160836608546721,0.0045779701460178035,1.0526315789473683e-05,1.0526315789473683e-05,1.7543859649122806e-05,1.4035087719298246e-05,5.263157894736842e-05,-0.007635498041476286,-0.007892135592543105,0.03508771929824561,1.0,0.5175438596491229,1.2126893805828904,0.12043731491037668
2022-12-06,2022-12-07,open,2022-12-08,2022-12-21,4,5,UNEXECUTED_TIMEOUT,open,57,57,0,-0.018782826381884898,-0.029739892515730393,0.010957066133845495,1.0526315789473683e-05,1.0526315789473683e-05,1.7543859649122806e-05,1.4035087719298246e-05,5.263157894736842e-05,-0.018835457960832268,-0.014056903872313979,0.03508771929824561,1.0,0.5175438596491229,1.1898478207353735,0.11685552211005891
2022-12-07,2022-12-08,open,2022-12-09,2022-12-22,4,5,UNEXECUTED_TIMEOUT,open,57,57,0,-0.021666740620589646,-0.02377694621495141,0.002110205594361765,0.0,0.0,0.0,0.0,0.0,-0.021666740620589646,-0.01939282917630771,0.0,1.0,0.5,1.1640676966255263,0.11407705464592797
2022-12-08,2022-12-09,open,2022-12-12,2022-12-23,4,5,UNEXECUTED_TIMEOUT,open,57,57,0,-0.021342984468354878,-0.037954645037142964,0.016611660568788086,1.0526315789473683e-05,1.0526315789473683e-05,1.7543859649122806e-05,1.4035087719298246e-05,5.263157894736842e-05,-0.021395616047302248,-0.020879774458615323,0.03508771929824561,1.0,0.5175438596491229,1.139161751135459,0.10974730052995901
2022-12-09,2022-12-12,open,2022-12-13,2022-12-26,4,5,UNEXECUTED_TIMEOUT,open,57,57,0,-0.016527270592883232,-0.03661914021828028,0.020091869625397045,1.578947368421054e-05,1.578947368421054e-05,2.6315789473684236e-05,2.105263157894739e-05,7.89473684210527e-05,-0.016606217961304286,-0.0178416119115557,0.052631578947368474,1.0,0.5263157894736843,1.1202445828029226,0.1057284487432747
2022-12-12,2022-12-13,open,2022-12-14,2022-12-27,4,5,UNEXECUTED_TIMEOUT,open,57,57,0,-0.0170928497334028,-0.02343287598885846,0.006340026255455659,1.578947368421054e-05,1.578947368421054e-05,2.6315789473684236e-05,2.105263157894739e-05,7.89473684210527e-05,-0.017171797101823854,-0.017780650225341577,0.052631578947368474,1.0,0.5263157894736843,1.1010079701226136,0.10325092711537916
2022-12-13,2022-12-14,open,2022-12-15,2022-12-28,4,5,UNEXECUTED_TIMEOUT,open,57,57,0,-0.019163924646856914,-0.01970153225988036,0.000537607613023447,1.0526315789473683e-05,1.0526315789473683e-05,1.7543859649122806e-05,1.4035087719298246e-05,5.263157894736842e-05,-0.019216556225804284,-0.008320049193799814,0.03508771929824561,1.0,0.5175438596491229,1.0798503885596937,0.10121672564395295
2022-12-14,2022-12-15,open,2022-12-16,2022-12-29,4,5,UNEXECUTED_TIMEOUT,open,57,57,0,-0.01279956064935507,-0.025396796497914376,0.012597235848559306,1.578947368421054e-05,1.578947368421054e-05,2.6315789473684236e-05,2.105263157894739e-05,7.89473684210527e-05,-0.012878508017776123,-0.00715873700755608,0.052631578947368474,1.0,0.5263157894736843,1.0659435266726291,0.09864614506058825
2022-12-15,2022-12-16,open,2022-12-19,2022-12-30,4,5,UNEXECUTED_TIMEOUT,open,57,57,0,-0.01253862949286143,-0.014574565937599204,0.0020359364447377747,5.263157894736858e-06,5.263157894736858e-06,8.771929824561432e-06,7.017543859649145e-06,2.6315789473684297e-05,-0.012564945282335115,-0.014479499533543803,0.01754385964912286,1.0,0.5087719298245614,1.0525500045859282,0.09720842031491272
2022-12-16,2022-12-19,open,2022-12-20,2023-01-03,4,5,UNEXECUTED_TIMEOUT,open,57,57,0,-0.0068696477636170615,-0.022246419031105136,0.015376771267488074,1.0526315789473683e-05,1.0526315789473683e-05,1.7543859649122806e-05,1.4035087719298246e-05,5.263157894736842e-05,-0.00692227934256443,0.01616837004676981,0.03508771929824561,1.0,0.5175438596491229,1.0452639594321669,0.09504588106323539
2022-12-19,2022-12-20,open,2022-12-21,2023-01-04,4,5,UNEXECUTED_TIMEOUT,open,58,58,0,0.006929545221469129,0.0012944363456288688,0.00563510887584026,2.06896551724138e-05,2.06896551724138e-05,3.448275862068967e-05,2.7586206896551737e-05,0.00010344827586206902,0.00682609694560706,0.01182638326057801,0.06896551724137934,1.0,0.5344827586206897,1.052399032553,0.09516891190618595
2022-12-20,2022-12-21,open,2022-12-22,2023-01-05,4,5,UNEXECUTED_TIMEOUT,open,58,58,0,0.00958315326337283,0.019404006406875007,-0.009820853143502178,5.1724137931034585e-06,5.1724137931034585e-06,8.620689655172431e-06,6.896551724137945e-06,2.5862068965517295e-05,0.009557291194407312,0.010369794101574913,0.017241379310344862,1.0,0.5086206896551724,1.0624571165598216,0.09701557008254891
2022-12-21,2022-12-22,open,2022-12-23,2023-01-06,4,5,UNEXECUTED_TIMEOUT,open,57,57,0,-0.00063899929542571,0.028592683879888225,-0.029231683175313935,5.263157894736858e-06,5.263157894736858e-06,8.771929824561432e-06,7.017543859649145e-06,2.6315789473684297e-05,-0.0006653150848993942,0.017653929250947435,0.01754385964912286,1.0,0.5087719298245614,1.0617502478131156,0.09978950560934637
2022-12-22,2022-12-23,open,2022-12-26,2023-01-09,4,5,UNEXECUTED_TIMEOUT,open,58,58,0,0.025524817694045215,0.04903746862223257,-0.023512650928187356,1.0344827586206883e-05,1.0344827586206883e-05,1.7241379310344808e-05,1.3793103448275846e-05,5.172413793103443e-05,0.02547309355611418,0.02647594389924303,0.03448275862068961,1.0,0.5172413793103448,1.0887963112088865,0.10468293035949279
2022-12-23,2022-12-26,open,2022-12-27,2023-01-10,4,5,UNEXECUTED_TIMEOUT,open,58,58,0,0.04342720002146274,0.04807250517416728,-0.004645305152704539,1.0344827586206883e-05,1.0344827586206883e-05,1.7241379310344808e-05,1.3793103448275846e-05,5.172413793103443e-05,0.0433754758835317,0.028199168877761645,0.03448275862068961,1.0,0.5172413793103448,1.136023369347806,0.1097153010708465
2022-12-26,2022-12-27,open,2022-12-28,2023-01-11,4,4,EXECUTED_ON_TIME,open,58,58,0,0.02132563984394986,0.04117661532723549,-0.01985097548328563,2.06896551724138e-05,2.06896551724138e-05,3.448275862068967e-05,2.7586206896551737e-05,0.00010344827586206902,0.02122219156808779,0.01738177662865513,0.06896551724137934,1.0,0.5344827586206897,1.1601322749179295,0.11423300581855257
2022-12-27,2022-12-28,open,2022-12-29,2023-01-12,4,4,EXECUTED_ON_TIME,open,58,58,0,0.012137270498349687,0.037895560493874436,-0.02575828999552475,1.0344827586206883e-05,1.0344827586206883e-05,1.7241379310344808e-05,1.3793103448275846e-05,5.172413793103443e-05,0.012085546360418652,0.021084585006916998,0.03448275862068961,1.0,0.5172413793103448,1.174153107310668,0.11856192960094664
2022-12-28,2022-12-29,open,2022-12-30,2023-01-13,4,4,EXECUTED_ON_TIME,open,58,58,0,0.021979392389504134,0.04619722300346951,-0.024217830613965378,1.5517241379310342e-05,1.5517241379310342e-05,2.5862068965517237e-05,2.068965517241379e-05,7.758620689655172e-05,0.02190180618260758,0.015927456077551992,0.051724137931034475,1.0,0.5258620689655172,1.1998691810956925,0.12403916150244322
2022-12-29,2022-12-30,open,2023-01-03,2023-01-16,4,5,EXECUTED_ON_TIME,open,58,58,0,0.015874306367375256,0.052644906885400244,-0.036770600518024985,1.0344827586206883e-05,1.0344827586206883e-05,1.7241379310344808e-05,1.3793103448275846e-05,5.172413793103443e-05,0.015822582229444222,0.020851463067320726,0.03448275862068961,1.0,0.5172413793103448,1.218854209878155,0.13056919160988248
2022-12-30,2023-01-03,open,2023-01-04,2023-01-17,4,5,EXECUTED_ON_TIME,open,58,58,0,0.031426934307648674,0.07089744558371947,-0.03947051127607079,1.0344827586206883e-05,1.0344827586206883e-05,1.7241379310344808e-05,1.3793103448275846e-05,5.172413793103443e-05,0.031375210169717636,0.020604483641537445,0.03448275862068961,1.0,0.5172413793103448,1.257096016879327,0.13982621376695437
2023-01-03,2023-01-04,open,2023-01-05,2023-01-18,4,5,EXECUTED_ON_TIME,open,58,58,0,0.013181708712884876,0.0653205532325507,-0.05213884451966583,1.0344827586206883e-05,1.0344827586206883e-05,1.7241379310344808e-05,1.3793103448275846e-05,5.172413793103443e-05,0.013129984574953842,0.009318443020305883,0.03448275862068961,1.0,0.5172413793103448,1.2736016681901883,0.1489597394066247
2023-01-04,2023-01-05,open,2023-01-06,2023-01-19,4,5,EXECUTED_ON_TIME,open,58,58,0,0.02868140792718046,0.05419301887086547,-0.025511610943685013,1.0344827586206883e-05,1.0344827586206883e-05,1.7241379310344808e-05,1.3793103448275846e-05,5.172413793103443e-05,0.028629683789249426,0.021630511709681596,0.03448275862068961,1.0,0.5172413793103448,1.310064481223934,0.15703231737528714
2023-01-05,2023-01-06,open,2023-01-09,2023-01-20,4,5,EXECUTED_ON_TIME,open,58,58,0,0.028586887849563192,0.04970211981260331,-0.021115231963040115,1.5517241379310342e-05,1.5517241379310342e-05,2.5862068965517237e-05,2.068965517241379e-05,7.758620689655172e-05,0.02850930164266664,0.02335315434081999,0.051724137931034475,1.0,0.5258620689655172,1.3474135046904907,0.1648371564279244
2023-01-06,2023-01-09,open,2023-01-10,2023-01-30,4,5,EXECUTED_ON_TIME,open,58,58,0,0.028429972026958895,0.0672990160379019,-0.038869044010943,5.1724137931034585e-06,5.1724137931034585e-06,8.620689655172431e-06,6.896551724137945e-06,2.5862068965517295e-05,0.028404109957993376,0.02646173260950197,0.017241379310344862,1.0,0.5086206896551724,1.3856855860366049,0.17593053486200944
2023-01-09,2023-01-10,open,2023-01-11,2023-01-31,4,5,EXECUTED_ON_TIME,open,58,58,0,0.01651557557811174,0.04629670912964379,-0.029781133551532047,5.1724137931034585e-06,5.1724137931034585e-06,8.620689655172431e-06,6.896551724137945e-06,2.5862068965517295e-05,0.01648971350914622,0.0161537038424839,0.017241379310344862,1.0,0.5086206896551724,1.4085351443641019,0.18407553966153853
2023-01-10,2023-01-11,open,2023-01-12,2023-02-01,5,5,EXECUTED_ON_TIME,open,58,58,0,0.020205537968718774,0.037376202895406774,-0.017170664926688,1.5517241379310342e-05,1.5517241379310342e-05,2.5862068965517237e-05,2.068965517241379e-05,7.758620689655172e-05,0.02012795176182222,0.02206327699563433,0.051724137931034475,1.0,0.5258620689655172,1.4368860718046939,0.1909555843800097
2023-01-11,2023-01-12,open,2023-01-13,2023-02-02,4,5,EXECUTED_ON_TIME,open,58,58,0,0.02576776407801312,0.04616318000474928,-0.020395415926736164,5.1724137931034585e-06,5.1724137931034585e-06,8.620689655172431e-06,6.896551724137945e-06,2.5862068965517295e-05,0.0257419020090476,0.02317651371499711,0.017241379310344862,1.0,0.5086206896551724,1.4738742522632557,0.1997707013946562
2023-01-12,2023-01-13,open,2023-01-16,2023-02-03,4,5,EXECUTED_ON_TIME,open,58,58,0,0.023669558260387427,0.03217401720262747,-0.008504458942240042,1.0344827586206883e-05,1.0344827586206883e-05,1.7241379310344808e-05,1.3793103448275846e-05,5.172413793103443e-05,0.023617834122456393,0.015093647565852953,0.03448275862068961,1.0,0.5172413793103448,1.5086839698705687,0.20619812737790882
2023-01-13,2023-01-16,open,2023-01-17,2023-02-06,4,5,EXECUTED_ON_TIME,open,58,58,0,0.029092546736925975,0.0063640927060366614,0.022728454030889314,1.0344827586206883e-05,1.0344827586206883e-05,1.7241379310344808e-05,1.3793103448275846e-05,5.172413793103443e-05,0.02904082259899494,0.015173481422705682,0.03448275862068961,1.0,0.5172413793103448,1.5524973933975272,0.207510391376353
2023-01-16,2023-01-17,open,2023-01-18,2023-02-07,4,5,EXECUTED_ON_TIME,open,58,58,0,0.01879931880865405,-0.009792833407790469,0.028592152216444518,1.5517241379310342e-05,1.5517241379310342e-05,2.5862068965517237e-05,2.068965517241379e-05,7.758620689655172e-05,0.018721732601757496,0.01613970545975236,0.051724137931034475,1.0,0.5258620689655172,1.5815628344616413,0.20547827668321897
2023-01-17,2023-01-18,open,2023-01-19,2023-02-08,4,5,EXECUTED_ON_TIME,open,58,58,0,0.016891604990834648,-0.009720774995398584,0.026612379986233232,5.1724137931034585e-06,5.1724137931034585e-06,8.620689655172431e-06,6.896551724137945e-06,2.5862068965517295e-05,0.01686574292186913,0.015465974500809583,0.017241379310344862,1.0,0.5086206896551724,1.608237066642454,0.20348086858913914
2023-01-18,2023-01-19,open,2023-01-20,2023-02-09,4,4,EXECUTED_ON_TIME,open,58,58,0,0.02399084429315787,-0.014062033019866083,0.03805287731302395,1.0344827586206883e-05,1.0344827586206883e-05,1.7241379310344808e-05,1.3793103448275846e-05,5.172413793103443e-05,0.023939120155226836,0.011520017657157737,0.03448275862068961,1.0,0.5172413793103448,1.6467368470188972,0.20061951389612764
2023-01-19,2023-01-20,open,2023-01-30,2023-02-10,4,4,EXECUTED_ON_TIME,open,58,58,0,0.02421848665372823,-0.010258363404053505,0.034476850057781734,1.0344827586206883e-05,1.0344827586206883e-05,1.7241379310344808e-05,1.3793103448275846e-05,5.172413793103443e-05,0.024166762515797195,0.002612517292212121,0.03448275862068961,1.0,0.5172413793103448,1.6865331453268158,0.1985614860166366
2023-01-20,2023-01-30,open,2023-01-31,2023-02-13,4,5,EXECUTED_ON_TIME,open,58,58,0,-0.0006545815757523451,-0.039540728156761684,0.03888614658100934,1.0344827586206883e-05,1.0344827586206883e-05,1.7241379310344808e-05,1.3793103448275846e-05,5.172413793103443e-05,-0.0007063057136833795,0.018277594045938192,0.03448275862068961,1.0,0.5172413793103448,1.685341937329955,0.19071022027565013
2023-01-30,2023-01-31,open,2023-02-01,2023-02-14,4,4,EXECUTED_ON_TIME,open,58,58,0,0.012587944052310304,-0.01174456581125316,0.024332509863563466,1.5517241379310342e-05,1.5517241379310342e-05,2.5862068965517237e-05,2.068965517241379e-05,7.758620689655172e-05,0.012510357845413753,0.01735876633406195,0.051724137931034475,1.0,0.5258620689655172,1.7064261680578356,0.18847041154274416
2023-01-31,2023-02-01,open,2023-02-02,2023-02-15,4,4,EXECUTED_ON_TIME,open,58,58,0,0.02576882236376483,-0.005581837697223979,0.031350660060988814,1.0344827586206883e-05,1.0344827586206883e-05,1.7241379310344808e-05,1.3793103448275846e-05,5.172413793103443e-05,0.025717098225833797,0.013105755425808338,0.03448275862068961,1.0,0.5172413793103448,1.7503104974369124,0.18741840029478354
2023-02-01,2023-02-02,open,2023-02-03,2023-02-16,4,5,EXECUTED_ON_TIME,open,58,58,0,-0.0034057186970882837,-0.019490128373451543,0.016084409676363258,1.0344827586206883e-05,1.0344827586206883e-05,1.7241379310344808e-05,1.3793103448275846e-05,5.172413793103443e-05,-0.0034574428350193183,0.0021250320941010466,0.03448275862068961,1.0,0.5172413793103448,1.74425889894849,0.1837655916134913
2023-02-02,2023-02-03,open,2023-02-06,2023-02-17,4,5,EXECUTED_ON_TIME,open,58,58,0,-0.005341648471354212,-0.018212764648755098,0.012871116177400886,2.5862068965517224e-05,2.5862068965517224e-05,4.3103448275862045e-05,3.4482758620689636e-05,0.00012931034482758613,-0.005470958816181798,-0.00260970384869185,0.08620689655172409,1.0,0.5431034482758621,1.7347161303475842,0.18041871214289554
2023-02-03,2023-02-06,open,2023-02-07,2023-02-20,5,5,EXECUTED_ON_TIME,open,58,58,0,0.007358184529865199,-0.015563262717202542,0.02292144724706774,1.5517241379310342e-05,1.5517241379310342e-05,2.5862068965517237e-05,2.068965517241379e-05,7.758620689655172e-05,0.007280598322968647,0.004759417908368636,0.051724137931034475,1.0,0.5258620689655172,1.7473459016970196,0.1776108083267163
2023-02-06,2023-02-07,open,2023-02-08,2023-02-21,4,5,EXECUTED_ON_TIME,open,58,58,0,0.018072516435426476,0.007747335976372671,0.010325180459053805,1.0344827586206883e-05,1.0344827586206883e-05,1.7241379310344808e-05,1.3793103448275846e-05,5.172413793103443e-05,0.018020792297495442,0.01170109787267305,0.03448275862068961,1.0,0.5172413793103448,1.7788344592633818,0.1789868189318585
2023-02-07,2023-02-08,open,2023-02-09,2023-02-22,4,5,EXECUTED_ON_TIME,open,58,57,1,0.0024165948392636245,0.004661138181160762,-0.0022445433418971377,1.578947368421054e-05,1.578947368421054e-05,2.6315789473684236e-05,2.105263157894739e-05,7.89473684210527e-05,0.002337647470842572,0.011874901830611314,0.052631578947368474,1.0,0.5263157894736843,1.7829927471381264,0.1798211012275063
2023-02-08,2023-02-09,open,2023-02-10,2023-02-23,4,4,EXECUTED_ON_TIME,open,58,58,0,0.025845603853351624,0.009502249872958224,0.0163433539803934,2.5862068965517224e-05,2.5862068965517224e-05,4.3103448275862045e-05,3.4482758620689636e-05,0.00012931034482758613,0.025716293508524037,0.003089816013482103,0.08620689655172409,1.0,0.5431034482758621,1.8288447119470999,0.18152980626380058
2023-02-09,2023-02-10,open,2023-02-13,2023-02-24,4,5,EXECUTED_ON_TIME,open,58,58,0,0.0005014846991248005,-0.005603405737835243,0.006104890436960044,1.5517241379310342e-05,1.5517241379310342e-05,2.5862068965517237e-05,2.068965517241379e-05,7.758620689655172e-05,0.00042389849222824886,0.0023505903272685695,0.051724137931034475,1.0,0.5258620689655172,1.8296199564630138,0.18051262110579389
2023-02-10,2023-02-13,open,2023-02-14,2023-02-27,4,4,EXECUTED_ON_TIME,open,58,58,0,0.010911203710698222,-0.014253405808416053,0.025164609519114277,1.0344827586206883e-05,1.0344827586206883e-05,1.7241379310344808e-05,1.3793103448275846e-05,5.172413793103443e-05,0.010859479572767188,-0.007352755457842029,0.03448275862068961,1.0,0.5172413793103448,1.8494886770061512,0.17793970146363217
2023-02-13,2023-02-14,open,2023-02-15,2023-02-28,4,5,EXECUTED_ON_TIME,open,58,58,0,0.005000096209470295,-0.022431091187780527,0.027431187397250822,1.0344827586206883e-05,1.0344827586206883e-05,1.7241379310344808e-05,1.3793103448275846e-05,5.172413793103443e-05,0.004948372071539261,0.002372091860632528,0.03448275862068961,1.0,0.5172413793103448,1.8586406351220766,0.173948319794175
2023-02-14,2023-02-15,open,2023-02-16,2023-03-01,4,5,EXECUTED_ON_TIME,open,58,58,0,0.004648565421093016,-0.01883885498769533,0.023487420408788345,1.5517241379310342e-05,1.5517241379310342e-05,2.5862068965517237e-05,2.068965517241379e-05,7.758620689655172e-05,0.004570979214196464,0.003708887954527411,0.051724137931034475,1.0,0.5258620689655172,1.8671364428318802,0.17067133262221929
2023-02-15,2023-02-16,open,2023-02-17,2023-03-02,4,5,EXECUTED_ON_TIME,open,58,58,0,-0.010487964268442179,-0.0013130819271494065,-0.009174882341292772,1.5517241379310342e-05,1.5517241379310342e-05,2.5862068965517237e-05,2.068965517241379e-05,7.758620689655172e-05,-0.01056555047533873,0.006875752669010958,0.051724137931034475,1.0,0.5258620689655172,1.8474091185007957,0.17044722717987054
2023-02-16,2023-02-17,open,2023-02-20,2023-03-03,4,5,EXECUTED_ON_TIME,open,58,58,0,-0.003854000577429571,0.009738575271448724,-0.013592575848878295,1.0344827586206883e-05,1.0344827586206883e-05,1.7241379310344808e-05,1.3793103448275846e-05,5.172413793103443e-05,-0.0039057247153606056,0.008741038502445725,0.03448275862068961,1.0,0.5172413793103448,1.8401936470472844,0.17210714033157143
2023-02-17,2023-02-20,open,2023-02-21,2023-03-06,4,5,EXECUTED_ON_TIME,open,58,58,0,0.018131139259502542,0.022572242016137833,-0.0044411027566352915,1.0344827586206883e-05,1.0344827586206883e-05,1.7241379310344808e-05,1.3793103448275846e-05,5.172413793103443e-05,0.018079415121571508,-0.006111873177884104,0.03448275862068961,1.0,0.5172413793103448,1.8734632718963309,0.17599198435584107
2023-02-20,2023-02-21,open,2023-02-22,2023-03-07,4,5,EXECUTED_ON_TIME,open,58,58,0,-0.006336518606190241,-0.006397238976742048,6.072037055180647e-05,1.5517241379310342e-05,1.5517241379310342e-05,2.5862068965517237e-05,2.068965517241379e-05,7.758620689655172e-05,-0.0064141048130867935,-0.005590224756529404,0.051724137931034475,1.0,0.5258620689655172,1.8614466821069193,0.1748661215739257
2023-02-21,2023-02-22,open,2023-02-23,2023-03-08,4,5,EXECUTED_ON_TIME,open,58,58,0,-0.0012600584948106739,-0.02141993368725692,0.020159875192446247,1.0344827586206883e-05,1.0344827586206883e-05,1.7241379310344808e-05,1.3793103448275846e-05,5.172413793103443e-05,-0.0013117826327417083,0.0013357572374738946,0.03448275862068961,1.0,0.5172413793103448,1.8590048686775569,0.1711205008456644
2023-02-22,2023-02-23,open,2023-02-24,2023-03-09,4,5,EXECUTED_ON_TIME,open,58,58,0,-0.004141256820648692,-0.017137684494768157,0.012996427674119466,1.5517241379310342e-05,1.5517241379310342e-05,2.5862068965517237e-05,2.068965517241379e-05,7.758620689655172e-05,-0.004218843027545244,-0.00233426193180803,0.051724137931034475,1.0,0.5258620689655172,1.8511620189491638,0.1681878916915847
2023-02-23,2023-02-24,open,2023-02-27,2023-03-10,4,5,EXECUTED_ON_TIME,open,58,58,0,-0.013313008752522509,-0.026626253660701482,0.013313244908178973,1.5517241379310342e-05,1.5517241379310342e-05,2.5862068965517237e-05,2.068965517241379e-05,7.758620689655172e-05,-0.01339059495941906,-0.002637747371417311,0.051724137931034475,1.0,0.5258620689655172,1.826373858149155,0.163709678224746
2023-02-24,2023-02-27,open,2023-02-28,2023-03-13,4,5,EXECUTED_ON_TIME,open,58,58,0,-0.0012662656533225993,-0.019258712566424974,0.017992446913102374,5.1724137931034585e-06,5.1724137931034585e-06,8.620689655172431e-06,6.896551724137945e-06,2.5862068965517295e-05,-0.0012921277222881166,-0.0031897512384959814,0.017241379310344862,1.0,0.5086206896551724,1.8240139498557781,0.1605568405874737
2023-02-27,2023-02-28,open,2023-03-01,2023-03-14,4,5,EXECUTED_ON_TIME,open,58,58,0,-0.0047222938744822035,-0.014353901920342582,0.009631608045860378,1.0344827586206883e-05,1.0344827586206883e-05,1.7241379310344808e-05,1.3793103448275846e-05,5.172413793103443e-05,-0.004774018012413238,-0.010282374482571117,0.03448275862068961,1.0,0.5172413793103448,1.8153060744042735,0.158252223445041
2023-02-28,2023-03-01,open,2023-03-02,2023-03-15,4,5,EXECUTED_ON_TIME,open,58,58,0,0.007962269005666801,-0.013981993903261825,0.021944262908928626,2.06896551724138e-05,2.06896551724138e-05,3.448275862068967e-05,2.7586206896551737e-05,0.00010344827586206902,0.007858820729804733,-0.012862580529149882,0.06896551724137934,1.0,0.5344827586206897,1.8295722394127423,0.1560395418216548
2023-03-01,2023-03-02,open,2023-03-03,2023-03-16,5,5,EXECUTED_ON_TIME,open,58,58,0,-0.014493245775455502,-0.03927095004067971,0.02477770426522421,1.5517241379310342e-05,1.5517241379310342e-05,2.5862068965517237e-05,2.068965517241379e-05,7.758620689655172e-05,-0.014570831982352053,-0.014561125975726024,0.051724137931034475,1.0,0.5258620689655172,1.8029138497126835,0.14991172077040604
2023-03-02,2023-03-03,open,2023-03-06,2023-03-17,4,5,EXECUTED_ON_TIME,open,58,58,0,-0.006454859887927073,-0.03753231323760586,0.03107745334967879,1.5517241379310342e-05,1.5517241379310342e-05,2.5862068965517237e-05,2.068965517241379e-05,7.758620689655172e-05,-0.006532446094823625,-0.003622684315422785,0.051724137931034475,1.0,0.5258620689655172,1.7911364121758244,0.14428518710846266
2023-03-03,2023-03-06,open,2023-03-07,2023-03-20,4,5,EXECUTED_ON_TIME,open,58,58,0,-0.014841958392904543,-0.04078522388301775,0.025943265490113207,5.1724137931034585e-06,5.1724137931034585e-06,8.620689655172431e-06,6.896551724137945e-06,2.5862068965517295e-05,-0.01486782046187006,-0.011973127501977552,0.017241379310344862,1.0,0.5086206896551724,1.7645061175768761,0.1384004834492409
2023-03-06,2023-03-07,open,2023-03-08,2023-03-21,5,5,EXECUTED_ON_TIME,open,58,58,0,-0.023884288143330937,-0.037889513753880055,0.014005225610549118,5.1724137931034585e-06,5.1724137931034585e-06,8.620689655172431e-06,6.896551724137945e-06,2.5862068965517295e-05,-0.023910150212296456,-0.002160030135132232,0.017241379310344862,1.0,0.5086206896551724,1.7223165112550969,0.13315655642804725
2023-03-07,2023-03-08,open,2023-03-09,2023-03-22,5,5,EXECUTED_ON_TIME,open,58,58,0,-0.00012911363208171136,-0.009168045859580642,0.00903893222749893,2.06896551724138e-05,2.06896551724138e-05,3.448275862068967e-05,2.7586206896551737e-05,0.00010344827586206902,-0.00023256190794378038,-0.009901959538550437,0.06896551724137934,1.0,0.5344827586206897,1.7219159660411565,0.13193577101221107
2023-03-08,2023-03-09,open,2023-03-10,2023-03-23,4,5,EXECUTED_ON_TIME,open,58,58,0,-0.0020491815438536186,-0.012351818442887907,0.010302636899034288,2.06896551724138e-05,2.06896551724138e-05,3.448275862068967e-05,2.7586206896551737e-05,0.00010344827586206902,-0.0021526298197156878,0.00495072880534099,0.06896551724137934,1.0,0.5344827586206897,1.7182093183856118,0.13030612432254582
2023-03-09,2023-03-10,open,2023-03-13,2023-03-24,4,5,UNEXECUTED_TIMEOUT,open,58,58,0,0.006221455808461318,0.010862278533271708,-0.00464082272481039,1.0344827586206883e-05,1.0344827586206883e-05,1.7241379310344808e-05,1.3793103448275846e-05,5.172413793103443e-05,0.0061697316705302836,0.018186847593568724,0.03448275862068961,1.0,0.5172413793103448,1.7288102088338557,0.13172154573952843
2023-03-10,2023-03-13,open,2023-03-14,2023-03-27,4,5,UNEXECUTED_TIMEOUT,open,58,58,0,0.01791240287059439,0.015307964911297711,0.002604437959296678,1.0344827586206883e-05,1.0344827586206883e-05,1.7241379310344808e-05,1.3793103448275846e-05,5.172413793103443e-05,0.017860678732663355,-0.0003375763047278671,0.03448275862068961,1.0,0.5172413793103448,1.759687932563586,0.13373793453977104
2023-03-13,2023-03-14,open,2023-03-15,2023-03-28,4,5,UNEXECUTED_TIMEOUT,open,58,58,0,0.013071477488825643,0.003954368631059024,0.009117108857766619,1.0344827586206883e-05,1.0344827586206883e-05,1.7241379310344808e-05,1.3793103448275846e-05,5.172413793103443e-05,0.013019753350894609,0.014245768659210194,0.03448275862068961,1.0,0.5172413793103448,1.7825986354201095,0.13426678363289773
2023-03-14,2023-03-15,open,2023-03-16,2023-03-29,4,5,UNEXECUTED_TIMEOUT,open,58,58,0,0.00411003021426344,0.0004359591250306938,0.0036740710892327463,5.1724137931034585e-06,5.1724137931034585e-06,8.620689655172431e-06,6.896551724137945e-06,2.5862068965517295e-05,0.004084168145297923,0.015090242607261842,0.017241379310344862,1.0,0.5086206896551724,1.7898790679827439,0.13432531846241103
2023-03-15,2023-03-16,open,2023-03-17,2023-03-30,4,5,UNEXECUTED_TIMEOUT,open,58,58,0,0.013105062128528945,0.012975860720388699,0.00012920140814024622,5.1724137931034585e-06,5.1724137931034585e-06,8.620689655172431e-06,6.896551724137945e-06,2.5862068965517295e-05,0.013079200059563428,0.009592941017946433,0.017241379310344862,1.0,0.5086206896551724,1.8132892543953152,0.13606830508600112
2023-03-16,2023-03-17,open,2023-03-20,2023-03-31,4,5,UNEXECUTED_TIMEOUT,open,58,58,0,0.019045224142443595,0.01870864400040384,0.0003365801420397545,1.0344827586206883e-05,1.0344827586206883e-05,1.7241379310344808e-05,1.3793103448275846e-05,5.172413793103443e-05,0.01899350000451256,0.00043714859462505237,0.03448275862068961,1.0,0.5172413793103448,1.8477299638568552,0.13861395856559347
2023-03-17,2023-03-20,open,2023-03-21,2023-04-03,4,5,EXECUTED_ON_TIME,open,58,58,0,0.021083377728852454,0.024468394107699742,-0.003385016378847288,1.5517241379310342e-05,1.5517241379310342e-05,2.5862068965517237e-05,2.068965517241379e-05,7.758620689655172e-05,0.0210057915219559,0.017939899034816652,0.051724137931034475,1.0,0.5258620689655172,1.8865429942665035,0.14200561953260477
2023-03-20,2023-03-21,open,2023-03-22,2023-04-04,4,5,EXECUTED_ON_TIME,open,58,58,0,0.02102022723269678,0.035747311973662654,-0.014727084740965873,1.0344827586206883e-05,1.0344827586206883e-05,1.7241379310344808e-05,1.3793103448275846e-05,5.172413793103443e-05,0.020968503094765747,0.013973329487728014,0.03448275862068961,1.0,0.5172413793103448,1.9261009768801893,0.14708193871605002
2023-03-21,2023-03-22,open,2023-03-23,2023-04-06,4,5,EXECUTED_ON_TIME,open,58,58,0,0.006306951784389078,0.022621898775222027,-0.016314946990832947,1.0344827586206883e-05,1.0344827586206883e-05,1.7241379310344808e-05,1.3793103448275846e-05,5.172413793103443e-05,0.006255227646458044,-0.011382972031889314,0.03448275862068961,1.0,0.5172413793103448,1.93814917696064,0.1504092114453479
2023-03-22,2023-03-23,open,2023-03-24,2023-04-07,4,5,EXECUTED_ON_TIME,open,58,58,0,0.02986838486446629,0.02782443421250358,0.0020439506519627122,1.5517241379310342e-05,1.5517241379310342e-05,2.5862068965517237e-05,2.068965517241379e-05,7.758620689655172e-05,0.02979079865756974,0.008178259470975065,0.051724137931034475,1.0,0.5258620689655172,1.9958881888598092,0.15459426265416354
2023-03-23,2023-03-24,open,2023-03-27,2023-04-10,4,5,EXECUTED_ON_TIME,open,58,58,0,0.007242332192957846,0.024002541661338528,-0.016760209468380683,1.0344827586206883e-05,1.0344827586206883e-05,1.7241379310344808e-05,1.3793103448275846e-05,5.172413793103443e-05,0.0071906080550268115,0.011378885287956154,0.03448275862068961,1.0,0.5172413793103448,2.0102398385475575,0.158304917884124
2023-03-24,2023-03-27,open,2023-03-28,2023-04-11,4,5,EXECUTED_ON_TIME,open,58,58,0,0.005533669010934984,0.021177375902337037,-0.015643706891402053,1.0344827586206883e-05,1.0344827586206883e-05,1.7241379310344808e-05,1.3793103448275846e-05,5.172413793103443e-05,0.00548194487300395,0.008571972849275354,0.03448275862068961,1.0,0.5172413793103448,2.0212598625239915,0.1616574006373447
2023-03-27,2023-03-28,open,2023-03-29,2023-04-12,4,5,EXECUTED_ON_TIME,open,58,57,1,-0.007909077691586042,0.02159027436581984,-0.02949935205740588,1.0526315789473683e-05,1.0526315789473683e-05,1.7543859649122806e-05,1.4035087719298246e-05,5.263157894736842e-05,-0.00796170927053341,-0.0046386324594978835,0.03508771929824561,1.0,0.5175438596491229,2.005167179138377,0.16514762827037024
2023-03-28,2023-03-29,open,2023-03-30,2023-04-13,4,5,EXECUTED_ON_TIME,open,58,57,1,0.004228161167770778,0.01689109982003667,-0.012662938652265893,1.0526315789473683e-05,1.0526315789473683e-05,1.7543859649122806e-05,1.4035087719298246e-05,5.263157894736842e-05,0.00417552958882341,-0.0020317961300606764,0.03508771929824561,1.0,0.5175438596491229,2.0135398140254073,0.16793715334452738
2023-03-29,2023-03-30,open,2023-03-31,2023-04-14,4,4,EXECUTED_ON_TIME,open,58,58,0,0.008771487812494127,0.017311887572617035,-0.008540399760122908,2.06896551724138e-05,2.06896551724138e-05,3.448275862068967e-05,2.7586206896551737e-05,0.00010344827586206902,0.008668039536632059,0.0037158759428789472,0.06896551724137934,1.0,0.5344827586206897,2.0309932567419624,0.17084446246249319
2023-03-30,2023-03-31,open,2023-04-03,2023-04-17,4,4,EXECUTED_ON_TIME,open,58,58,0,0.019327588753134443,0.01102917002640491,0.008298418726729533,1.5517241379310342e-05,1.5517241379310342e-05,2.5862068965517237e-05,2.068965517241379e-05,7.758620689655172e-05,0.01925000254623789,6.15376187648696e-05,0.051724137931034475,1.0,0.5258620689655172,2.0700898821056373,0.17272873508706177
2023-03-31,2023-04-03,open,2023-04-04,2023-04-18,4,4,EXECUTED_ON_TIME,open,58,58,0,0.021856375741244126,0.019628916281142494,0.0022274594601016315,5.1724137931034585e-06,5.1724137931034585e-06,8.620689655172431e-06,6.896551724137945e-06,2.5862068965517295e-05,0.021830513672278607,0.004302704025409755,0.017241379310344862,1.0,0.5086206896551724,2.1152810075797897,0.17611921296743335
2023-04-03,2023-04-04,open,2023-04-06,2023-04-19,4,4,EXECUTED_ON_TIME,open,58,58,0,6.178699715702982e-05,0.01714257207786285,-0.01708078508070582,1.0344827586206883e-05,1.0344827586206883e-05,1.7241379310344808e-05,1.3793103448275846e-05,5.172413793103443e-05,1.0062859225995393e-05,-0.01527116694172179,0.03448275862068961,1.0,0.5172413793103448,2.1153022933547923,0.17913834927002406
2023-04-04,2023-04-06,open,2023-04-07,2023-04-20,4,4,EXECUTED_ON_TIME,open,58,58,0,0.016970666024064048,0.009503610559110198,0.00746705546495385,1.0344827586206883e-05,1.0344827586206883e-05,1.7241379310344808e-05,1.3793103448275846e-05,5.172413793103443e-05,0.016918941886133014,0.010428801618700833,0.03448275862068961,1.0,0.5172413793103448,2.151090969927666,0.18084081037768823
2023-04-06,2023-04-07,open,2023-04-10,2023-04-21,3,4,EXECUTED_ON_TIME,open,58,58,0,0.0077969797240039366,0.004238081418125539,0.0035588983058783977,5.1724137931034585e-06,5.1724137931034585e-06,8.620689655172431e-06,6.896551724137945e-06,2.5862068965517295e-05,0.0077711176550384195,0.005776233700459961,0.017241379310344862,1.0,0.5086206896551724,2.1678073509416644,0.18160722845578867
2023-04-07,2023-04-10,open,2023-04-11,2023-04-24,4,4,EXECUTED_ON_TIME,open,58,58,0,-0.024477058168802125,-0.02437239987318529,-0.00010465829561683362,5.1724137931034585e-06,5.1724137931034585e-06,8.620689655172431e-06,6.896551724137945e-06,2.5862068965517295e-05,-0.024502920237767643,-0.008221609943405667,0.017241379310344862,1.0,0.5086206896551724,2.1146897403306943,0.17718102446400327
2023-04-10,2023-04-11,open,2023-04-12,2023-04-25,4,4,EXECUTED_ON_TIME,open,58,58,0,-0.012184353712947104,-0.03003524882280817,0.017850895109861063,5.1724137931034585e-06,5.1724137931034585e-06,8.620689655172431e-06,6.896551724137945e-06,2.5862068965517295e-05,-0.012210215781912621,-0.011747367773843552,0.017241379310344862,1.0,0.5086206896551724,2.0888689222894596,0.17185934830754687
2023-04-11,2023-04-12,open,2023-04-13,2023-04-26,4,4,EXECUTED_ON_TIME,open,58,58,0,-0.011335116525930597,-0.037086123064150045,0.025751006538219448,5.1724137931034585e-06,5.1724137931034585e-06,8.620689655172431e-06,6.896551724137945e-06,2.5862068965517295e-05,-0.011360978594896114,-0.020625064443389945,0.017241379310344862,1.0,0.5086206896551724,2.065137327175785,0.16548575136648855
2023-04-12,2023-04-13,open,2023-04-14,2023-04-27,4,4,EXECUTED_ON_TIME,open,58,58,0,-0.015819228670235472,-0.03267418649591436,0.016854957825678887,5.1724137931034585e-06,5.1724137931034585e-06,8.620689655172431e-06,6.896551724137945e-06,2.5862068965517295e-05,-0.01584509073920099,-0.007043218558795621,0.017241379310344862,1.0,0.5086206896551724,2.0324150388377737,0.1600786390639234
2023-04-13,2023-04-14,open,2023-04-17,2023-04-28,4,4,EXECUTED_ON_TIME,open,58,58,0,-0.003063414187965348,-0.021013638246910382,0.017950224058945034,1.5517241379310342e-05,1.5517241379310342e-05,2.5862068965517237e-05,2.068965517241379e-05,7.758620689655172e-05,-0.0031410003948619,-0.008183717594335433,0.051724137931034475,1.0,0.5258620689655172,2.0260312223982613,0.15671480445157637
2023-04-14,2023-04-17,open,2023-04-18,2023-05-04,4,4,EXECUTED_ON_TIME,open,58,58,0,-0.004888557671882732,-0.018728521160507716,0.013839963488624984,5.1724137931034585e-06,5.1724137931034585e-06,8.620689655172431e-06,6.896551724137945e-06,2.5862068965517295e-05,-0.004914419740848249,-0.013480506214037744,0.017241379310344862,1.0,0.5086206896551724,2.0160744545633325,0.1537797679202402
2023-04-17,2023-04-18,open,2023-04-19,2023-05-05,4,4,EXECUTED_ON_TIME,open,58,58,0,-0.015297507211817251,-0.026143010826203184,0.010845503614385932,1.0344827586206883e-05,1.0344827586206883e-05,1.7241379310344808e-05,1.3793103448275846e-05,5.172413793103443e-05,-0.015349231349748286,-0.03235451068698821,0.03448275862068961,1.0,0.5172413793103448,1.9851292613419222,0.14975950178265035
2023-04-18,2023-04-19,open,2023-04-20,2023-05-08,4,5,EXECUTED_ON_TIME,open,58,58,0,-0.015599538879072781,-0.03156421344070792,0.01596467456163514,5.1724137931034585e-06,5.1724137931034585e-06,8.620689655172431e-06,6.896551724137945e-06,2.5862068965517295e-05,-0.0156254009480383,-0.01661213075860828,0.017241379310344862,1.0,0.5086206896551724,1.9541108206997715,0.1450324609036087
2023-04-19,2023-04-20,open,2023-04-21,2023-05-09,4,5,EXECUTED_ON_TIME,open,58,58,0,-0.01553932350033935,-0.013948036185775892,-0.0015912873145634589,1.5517241379310342e-05,1.5517241379310342e-05,2.5862068965517237e-05,2.068965517241379e-05,7.758620689655172e-05,-0.015616909707235902,-0.03929282740984631,0.051724137931034475,1.0,0.5258620689655172,1.9235936484549705,0.14300954289081302
2023-04-20,2023-04-21,open,2023-04-24,2023-05-10,4,4,EXECUTED_ON_TIME,open,58,58,0,-0.029320241073882206,-0.023413179125112094,-0.005907061948770113,1.0344827586206883e-05,1.0344827586206883e-05,1.7241379310344808e-05,1.3793103448275846e-05,5.172413793103443e-05,-0.02937196521181324,-0.0012481842485157872,0.03448275862068961,1.0,0.5172413793103448,1.867093922730886,0.13966123484651002
2023-04-21,2023-04-24,open,2023-04-25,2023-05-11,4,4,EXECUTED_ON_TIME,open,58,58,0,-0.013921073662284223,-0.006330707466047469,-0.007590366196236754,1.5517241379310342e-05,1.5517241379310342e-05,2.5862068965517237e-05,2.068965517241379e-05,7.758620689655172e-05,-0.013998659869180774,-0.007498045358837082,0.051724137931034475,1.0,0.5258620689655172,1.8409571099627617,0.1387770804243498
2023-04-24,2023-04-25,open,2023-04-26,2023-05-12,3,4,EXECUTED_ON_TIME,open,58,58,0,-0.02333157668231268,0.0006682381848812646,-0.023999814867193943,1.5517241379310342e-05,1.5517241379310342e-05,2.5862068965517237e-05,2.068965517241379e-05,7.758620689655172e-05,-0.02340916288920923,-0.022831716896794474,0.051724137931034475,1.0,0.5258620689655172,1.7978618451035955,0.1388698165686757
2023-04-25,2023-04-26,open,2023-04-27,2023-05-15,3,4,EXECUTED_ON_TIME,open,58,58,0,0.0002859970378765769,-0.00289221835046094,0.003178215388337517,1.0344827586206883e-05,1.0344827586206883e-05,1.7241379310344808e-05,1.3793103448275846e-05,5.172413793103443e-05,0.00023427289994554245,0.026308843705233988,0.03448275862068961,1.0,0.5172413793103448,1.7982830354117494,0.13846817473687062
2023-04-26,2023-04-27,open,2023-04-28,2023-05-16,3,4,EXECUTED_ON_TIME,open,59,59,0,0.002234586085396593,0.01380257652485506,-0.011567990439458466,5.08474576271185e-06,5.08474576271185e-06,8.474576271186419e-06,6.779661016949135e-06,2.5423728813559257e-05,0.0022091623565830337,0.008080403051431546,0.016949152542372836,1.0,0.5084745762711864,1.8022557346000627,0.14037939231493327
2023-04-27,2023-04-28,open,2023-05-04,2023-05-17,3,4,EXECUTED_ON_TIME,open,59,59,0,0.0009813597721503144,-0.0053976003541971185,0.006378960126347433,0.0,0.0,0.0,0.0,0.0,0.0009813597721503144,-0.023320413022842816,0.0,1.0,0.5,1.8040243958771267,0.1396216804572522
2023-04-28,2023-05-04,open,2023-05-05,2023-05-18,3,4,EXECUTED_ON_TIME,open,59,59,0,-0.012103371775490177,-0.01194851040408662,-0.0001548613714035564,0.0,0.0,0.0,0.0,0.0,-0.012103371775490177,-0.006427047548434613,0.0,1.0,0.5,1.7821896179217718,0.13795340935567266
2023-05-04,2023-05-05,open,2023-05-08,2023-05-19,3,4,EXECUTED_ON_TIME,open,59,59,0,-0.013758027871312615,-0.021054576982184603,0.007296549110871988,5.08474576271185e-06,5.08474576271185e-06,8.474576271186419e-06,6.779661016949135e-06,2.5423728813559257e-05,-0.013783451600126175,-0.0017610900630055208,0.016949152542372836,1.0,0.5084745762711864,1.7576248935808996,0.13504885867843883
2023-05-05,2023-05-08,open,2023-05-09,2023-05-22,3,4,EXECUTED_ON_TIME,open,59,58,1,-0.003836871847551906,-0.021624058552580316,0.01778718670502841,1.5517241379310342e-05,1.5517241379310342e-05,2.5862068965517237e-05,2.068965517241379e-05,7.758620689655172e-05,-0.003914458054448458,-0.015454153407914954,0.051724137931034475,1.0,0.5258620689655172,1.7507447446595228,0.13212855425091713
2023-05-08,2023-05-09,open,2023-05-10,2023-05-23,3,4,EXECUTED_ON_TIME,open,59,59,0,-0.016250999801375177,-0.02390984097904303,0.007658841177667852,1.0169491525423734e-05,1.0169491525423734e-05,1.694915254237289e-05,1.3559322033898314e-05,5.084745762711868e-05,-0.016301847259002297,-0.007093880103777737,0.03389830508474578,1.0,0.5169491525423728,1.7222043712425823,0.12896938152998685
2023-05-09,2023-05-10,open,2023-05-11,2023-05-24,3,4,EXECUTED_ON_TIME,open,59,59,0,-0.011292435171224574,-0.028411104606942517,0.017118669435717944,1.5254237288135584e-05,1.5254237288135584e-05,2.542372881355931e-05,2.033898305084745e-05,7.627118644067793e-05,-0.011368706357665253,0.0022295170044665594,0.05084745762711862,1.0,0.5254237288135593,1.7026251354580377,0.1253052189402457
2023-05-10,2023-05-11,open,2023-05-12,2023-05-25,3,4,EXECUTED_ON_TIME,open,59,59,0,-0.012901456572917058,-0.03853854253676314,0.025637085963846083,5.08474576271185e-06,5.08474576271185e-06,8.474576271186419e-06,6.779661016949135e-06,2.5423728813559257e-05,-0.012926880301730618,-0.0001650159222866352,0.016949152542372836,1.0,0.5084745762711864,1.6806155041332538,0.12047613843003863
2023-05-11,2023-05-12,open,2023-05-15,2023-05-26,3,4,EXECUTED_ON_TIME,open,59,59,0,-0.02020056655413792,-0.03494485262310831,0.014744286068970394,1.0169491525423734e-05,1.0169491525423734e-05,1.694915254237289e-05,1.3559322033898314e-05,5.084745762711868e-05,-0.02025141401176504,-0.013662066092814437,0.03389830508474578,1.0,0.5169491525423728,1.64658066376446,0.11626611752799973
2023-05-12,2023-05-15,open,2023-05-16,2023-05-29,3,4,EXECUTED_ON_TIME,open,59,59,0,0.006400509541814475,-0.019484466199353623,0.025884975741168097,1.0169491525423734e-05,1.0169491525423734e-05,1.694915254237289e-05,1.3559322033898314e-05,5.084745762711868e-05,0.006349662084187356,-0.00272056039382993,0.03389830508474578,1.0,0.5169491525423728,1.6570358945737214,0.11400073429089534
2023-05-15,2023-05-16,open,2023-05-17,2023-05-30,3,3,EXECUTED_ON_TIME,open,59,59,0,-0.01528190048269443,-0.04365545340889898,0.02837355292620455,5.08474576271185e-06,5.08474576271185e-06,8.474576271186419e-06,6.779661016949135e-06,2.5423728813559257e-05,-0.01530732421150799,-0.0019076660994045026,0.016949152542372836,1.0,0.5084745762711864,1.631671108905375,0.10902398054647888
2023-05-16,2023-05-17,open,2023-05-18,2023-05-31,3,3,EXECUTED_ON_TIME,open,59,59,0,-0.008129392762332096,-0.036392206666059135,0.02826281390372704,0.0,0.0,0.0,0.0,0.0,-0.008129392762332096,-0.024901068730579515,0.0,1.0,0.5,1.6184066136021333,0.10505635731487502
2023-05-17,2023-05-18,open,2023-05-19,2023-06-01,3,3,EXECUTED_ON_TIME,open,59,59,0,-0.013440184246450028,-0.04461613570592071,0.031175951459470684,1.0169491525423734e-05,1.0169491525423734e-05,1.694915254237289e-05,1.3559322033898314e-05,5.084745762711868e-05,-0.013491031704077146,-0.03453911962265955,0.03389830508474578,1.0,0.5169491525423728,1.5965726386679389,0.10036914862014486
2023-05-18,2023-05-19,open,2023-05-22,2023-06-02,3,3,EXECUTED_ON_TIME,open,59,59,0,-0.0006659660594319894,-0.03157501022496967,0.030909044165537677,1.0169491525423734e-05,1.0169491525423734e-05,1.694915254237289e-05,1.3559322033898314e-05,5.084745762711868e-05,-0.0007168135170591082,0.011368627596149155,0.03389830508474578,1.0,0.5169491525423728,1.595428193819575,0.09719999172619229
2023-05-19,2023-05-22,open,2023-05-23,2023-06-05,3,3,EXECUTED_ON_TIME,open,59,59,0,-0.0069564676101078965,-0.020412575279078804,0.013456107668970908,1.0169491525423734e-05,1.0169491525423734e-05,1.694915254237289e-05,1.3559322033898314e-05,5.084745762711868e-05,-0.007007315067735016,0.002298167845661972,0.03389830508474578,1.0,0.5169491525423728,1.5842485257975338,0.09521588957795554
2023-05-22,2023-05-23,open,2023-05-24,2023-06-06,3,3,EXECUTED_ON_TIME,open,59,59,0,-0.018214694331532263,-0.03219970591459431,0.013985011583062049,5.08474576271185e-06,5.08474576271185e-06,8.474576271186419e-06,6.779661016949135e-06,2.5423728813559257e-05,-0.01824011806034582,0.0013061416795274554,0.016949152542372836,1.0,0.5084745762711864,1.555351645650058,0.09214996593514889
2023-05-23,2023-05-24,open,2023-05-25,2023-06-07,3,4,EXECUTED_ON_TIME,open,59,59,0,-0.0013010187865535167,-0.022619090922597618,0.0213180721360441,1.5254237288135584e-05,1.5254237288135584e-05,2.542372881355931e-05,2.033898305084745e-05,7.627118644067793e-05,-0.0013772899729941946,-0.010114164757593773,0.05084745762711862,1.0,0.5254237288135593,1.553209475424024,0.09006561747714749
2023-05-24,2023-05-25,open,2023-05-26,2023-06-08,3,4,EXECUTED_ON_TIME,open,59,59,0,0.005320200125688745,-0.015662336212369232,0.020982536338057977,5.08474576271185e-06,5.08474576271185e-06,8.474576271186419e-06,6.779661016949135e-06,2.5423728813559257e-05,0.005294776396875186,0.00658024866462071,0.016949152542372836,1.0,0.5084745762711864,1.561433372293902,0.08865497949504576
2023-05-25,2023-05-26,open,2023-05-29,2023-06-09,3,3,EXECUTED_ON_TIME,open,59,59,0,0.008983922661502561,-0.006758103396799164,0.015742026058301724,1.0169491525423734e-05,1.0169491525423734e-05,1.694915254237289e-05,1.3559322033898314e-05,5.084745762711868e-05,0.008933075203875443,-0.01609785693759031,0.03389830508474578,1.0,0.5169491525423728,1.5753817740344442,0.08805583997697713
2023-05-26,2023-05-29,open,2023-05-30,2023-06-12,3,3,EXECUTED_ON_TIME,open,59,59,0,-0.005234860387667722,-0.009000063178325468,0.0037652027906577464,1.0169491525423734e-05,1.0169491525423734e-05,1.694915254237289e-05,1.3559322033898314e-05,5.084745762711868e-05,-0.005285707845294841,0.002248642487221367,0.03389830508474578,1.0,0.5169491525423728,1.567054766232096,0.08726333185396383
2023-05-29,2023-05-30,open,2023-05-31,2023-06-13,3,3,EXECUTED_ON_TIME,open,59,59,0,0.007095693644801761,0.002700512462537219,0.004395181182264542,5.08474576271185e-06,5.08474576271185e-06,8.474576271186419e-06,6.779661016949135e-06,2.5423728813559257e-05,0.007070269915988202,-0.012117970536231454,0.016949152542372836,1.0,0.5084745762711864,1.5781342664024927,0.08749898756915798
2023-05-30,2023-05-31,open,2023-06-01,2023-06-14,3,3,EXECUTED_ON_TIME,open,59,59,0,0.005095876615034483,0.011902550270265433,-0.00680667365523095,1.0169491525423734e-05,1.0169491525423734e-05,1.694915254237289e-05,1.3559322033898314e-05,5.084745762711868e-05,0.0050450291574073635,0.005889525223231726,0.03389830508474578,1.0,0.5169491525423728,1.5860959997907969,0.08854044866729721
2023-05-31,2023-06-01,open,2023-06-02,2023-06-15,3,3,EXECUTED_ON_TIME,open,59,59,0,0.019717991508794025,0.021956717406739656,-0.0022387258979456315,0.0,0.0,0.0,0.0,0.0,0.019717991508794025,0.006832036100817486,0.0,1.0,0.5,1.6173706272468038,0.090484506277751
2023-06-01,2023-06-02,open,2023-06-05,2023-06-16,3,3,EXECUTED_ON_TIME,open,59,59,0,0.017409767192996438,0.02893825131750405,-0.011528484124507611,1.0169491525423734e-05,1.0169491525423734e-05,1.694915254237289e-05,1.3559322033898314e-05,5.084745762711868e-05,0.017358919735369318,0.019938479509582996,0.03389830508474578,1.0,0.5169491525423728,1.6454464341475252,0.09310296966075683
2023-06-02,2023-06-05,open,2023-06-06,2023-06-19,3,3,EXECUTED_ON_TIME,open,59,59,0,0.002239890013137745,0.024990441791286067,-0.02275055177814832,1.5254237288135584e-05,1.5254237288135584e-05,2.542372881355931e-05,2.033898305084745e-05,7.627118644067793e-05,0.0021636188266970667,0.0008518651620324871,0.05084745762711862,1.0,0.5254237288135593,1.6490065530307685,0.09542965400465984
2023-06-05,2023-06-06,open,2023-06-07,2023-06-20,3,3,EXECUTED_ON_TIME,open,59,59,0,-0.009420554567562672,0.02229811592833042,-0.031718670495893095,1.0169491525423734e-05,1.0169491525423734e-05,1.694915254237289e-05,1.3559322033898314e-05,5.084745762711868e-05,-0.00947140202518979,0.004488556893288354,0.03389830508474578,1.0,0.5169491525423728,1.6333881490248416,0.09755755549265621
2023-06-06,2023-06-07,open,2023-06-08,2023-06-21,2,3,EXECUTED_ON_TIME,open,59,59,0,0.002359490281239588,0.02453739789625531,-0.02217790761501572,1.5254237288135584e-05,1.5254237288135584e-05,2.542372881355931e-05,2.033898305084745e-05,7.627118644067793e-05,0.0022832190947989104,0.008078708484863369,0.05084745762711862,1.0,0.5254237288135593,1.6371175320359135,0.09995136404956552
2023-06-07,2023-06-08,open,2023-06-09,2023-06-26,3,3,EXECUTED_ON_TIME,open,59,59,0,0.0001108227066079991,0.01117385190458764,-0.01106302919797964,2.033898305084747e-05,2.033898305084747e-05,3.389830508474578e-05,2.7118644067796627e-05,0.00010169491525423735,9.127791353761745e-06,-0.0025947605906245937,0.06779661016949157,1.0,0.5338983050847458,1.6371324753031677,0.10106820578911689
2023-06-08,2023-06-09,open,2023-06-12,2023-06-27,2,3,EXECUTED_ON_TIME,open,59,59,0,0.007308950358004988,-0.0028050373468668788,0.010113987704871867,1.0169491525423734e-05,1.0169491525423734e-05,1.694915254237289e-05,1.3559322033898314e-05,5.084745762711868e-05,0.007258102900377869,-0.008431081695909455,0.03389830508474578,1.0,0.5169491525423728,1.6490149512704684,0.1007847056972976
2023-06-09,2023-06-12,open,2023-06-13,2023-06-28,2,3,EXECUTED_ON_TIME,open,59,59,0,0.013009151370770052,0.0024257150882143197,0.010583436282555732,5.08474576271185e-06,5.08474576271185e-06,8.474576271186419e-06,6.779661016949135e-06,2.5423728813559257e-05,0.012983727641956492,0.014989040823928518,0.016949152542372836,1.0,0.5084745762711864,1.6704253122752781,0.10102918067856877
2023-06-12,2023-06-13,open,2023-06-14,2023-06-29,2,3,EXECUTED_ON_TIME,open,59,59,0,0.011658311423717154,-0.0003642399721321965,0.012022551395849351,5.08474576271185e-06,5.08474576271185e-06,8.474576271186419e-06,6.779661016949135e-06,2.5423728813559257e-05,0.011632887694903594,-0.0009540304480744038,0.016949152542372836,1.0,0.5084745762711864,1.689857182335701,0.10099238181261387
2023-06-13,2023-06-14,open,2023-06-15,2023-06-30,2,3,EXECUTED_ON_TIME,open,59,59,0,3.6969215606792937e-06,-0.014558516555306378,0.014562213476867057,5.08474576271185e-06,5.08474576271185e-06,8.474576271186419e-06,6.779661016949135e-06,2.5423728813559257e-05,-2.1726807252879964e-05,-0.006809747688586375,0.016949152542372836,1.0,0.5084745762711864,1.6898204671344155,0.09952208255003511
2023-06-14,2023-06-15,open,2023-06-16,2023-07-03,2,3,EXECUTED_ON_TIME,open,59,59,0,0.011808951764536738,-0.004773779468073447,0.016582731232610184,5.08474576271185e-06,5.08474576271185e-06,8.474576271186419e-06,6.779661016949135e-06,2.5423728813559257e-05,0.011783528035723178,0.012098761713374895,0.016949152542372836,1.0,0.5084745762711864,1.7097325139842328,0.09904698607573785
2023-06-15,2023-06-16,open,2023-06-19,2023-07-04,2,3,EXECUTED_ON_TIME,open,58,58,0,0.005534071484201107,-0.011234900670386128,0.016768972154587235,1.0344827586206883e-05,1.0344827586206883e-05,1.7241379310344808e-05,1.3793103448275846e-05,5.172413793103443e-05,0.005482347346270073,-0.014206374514478037,0.03448275862068961,1.0,0.5172413793103448,1.719105861495106,0.09793420302547581
2023-06-16,2023-06-19,open,2023-06-20,2023-07-05,2,3,EXECUTED_ON_TIME,open,58,58,0,-0.001163422396304342,-0.015627365250681424,0.014463942854377082,0.0,0.0,0.0,0.0,0.0,-0.001163422396304342,-0.010866047545214272,0.0,1.0,0.5,1.7171058152342247,0.09640374946426232
2023-06-19,2023-06-20,open,2023-06-21,2023-07-06,2,3,EXECUTED_ON_TIME,open,58,58,0,-0.005755096473675036,-0.017591020490084985,0.01183592401640995,5.1724137931034585e-06,5.1724137931034585e-06,8.620689655172431e-06,6.896551724137945e-06,2.5862068965517295e-05,-0.005780958542640553,-0.00198790694473459,0.017241379310344862,1.0,0.5086206896551724,1.7071792977030285,0.09470790913211546
2023-06-20,2023-06-21,open,2023-06-26,2023-07-07,2,3,EXECUTED_ON_TIME,open,58,58,0,-0.021384589560763327,-0.01982756150770093,-0.0015570280530623967,5.1724137931034585e-06,5.1724137931034585e-06,8.620689655172431e-06,6.896551724137945e-06,2.5862068965517295e-05,-0.021410451629728846,0.007490801959532032,0.017241379310344862,1.0,0.5086206896551724,1.6706278179262832,0.09283008223853269
2023-06-21,2023-06-26,open,2023-06-27,2023-07-10,2,3,EXECUTED_ON_TIME,open,58,58,0,0.0014949447584804603,0.0021168954078891744,-0.0006219506494087141,1.0344827586206883e-05,1.0344827586206883e-05,1.7241379310344808e-05,1.3793103448275846e-05,5.172413793103443e-05,0.001443220620549426,0.014604051794587911,0.03448275862068961,1.0,0.5172413793103448,1.673038902442378,0.09302659381333742
2023-06-26,2023-06-27,open,2023-06-28,2023-07-11,2,3,EXECUTED_ON_TIME,open,58,58,0,0.01577738054972896,0.011047339406409895,0.004730041143319066,1.5517241379310342e-05,1.5517241379310342e-05,2.5862068965517237e-05,2.068965517241379e-05,7.758620689655172e-05,0.015699794342832408,0.013283630725065193,0.051724137931034475,1.0,0.5258620689655172,1.6993052691382813,0.09405429016901559
2023-06-27,2023-06-28,open,2023-06-29,2023-07-12,2,3,EXECUTED_ON_TIME,open,59,59,0,0.002486892607099332,0.007296026256519816,-0.0048091336494204846,1.0169491525423734e-05,1.0169491525423734e-05,1.694915254237289e-05,1.3559322033898314e-05,5.084745762711868e-05,0.002436045149472213,0.008320911389226412,0.03389830508474578,1.0,0.5169491525423728,1.7034448534966382,0.09474051273962707
2023-06-28,2023-06-29,open,2023-06-30,2023-07-13,2,3,EXECUTED_ON_TIME,open,59,59,0,0.010179394309139674,0.004934148367451208,0.005245245941688466,1.0169491525423734e-05,1.0169491525423734e-05,1.694915254237289e-05,1.3559322033898314e-05,5.084745762711868e-05,0.010128546851512555,0.011111890459217155,0.03389830508474578,1.0,0.5169491525423728,1.720698274504247,0.09520797648589278
2023-06-29,2023-06-30,open,2023-07-03,2023-07-14,2,3,EXECUTED_ON_TIME,open,59,59,0,0.02660116915229086,0.02312899679928515,0.0034721723530057105,1.0169491525423734e-05,1.0169491525423734e-05,1.694915254237289e-05,1.3559322033898314e-05,5.084745762711868e-05,0.02655032169466374,0.006833667806748191,0.03389830508474578,1.0,0.5169491525423728,1.7663833672317875,0.09741004146930142
2023-06-30,2023-07-03,open,2023-07-04,2023-07-17,2,3,EXECUTED_ON_TIME,open,59,59,0,0.01869708983278661,0.00735241450686841,0.0113446753259182,1.5254237288135584e-05,1.5254237288135584e-05,2.542372881355931e-05,2.033898305084745e-05,7.627118644067793e-05,0.018620818646345932,0.014146824671905384,0.05084745762711862,1.0,0.5254237288135593,1.7992748715729323,0.09812624047131496
2023-07-03,2023-07-04,open,2023-07-05,2023-07-18,2,3,EXECUTED_ON_TIME,open,59,59,0,0.012679752992605922,-0.0043695616781030955,0.01704931467070902,1.5254237288135584e-05,1.5254237288135584e-05,2.542372881355931e-05,2.033898305084745e-05,7.627118644067793e-05,0.012603481806165244,0.008129682647752112,0.05084745762711862,1.0,0.5254237288135593,1.8219519996810922,0.09769747181133517
2023-07-04,2023-07-05,open,2023-07-06,2023-07-19,2,3,EXECUTED_ON_TIME,open,59,59,0,-0.005921265756557746,-0.011992210916269896,0.00607094515971215,1.5254237288135584e-05,1.5254237288135584e-05,2.542372881355931e-05,2.033898305084745e-05,7.627118644067793e-05,-0.0059975369429984245,0.009904926199762257,0.05084745762711862,1.0,0.5254237288135593,1.8110247752546351,0.0965258631233873
2023-07-05,2023-07-06,open,2023-07-07,2023-07-20,2,3,EXECUTED_ON_TIME,open,59,59,0,-0.0031777390834659184,0.00019263526599488934,-0.0033703743494608077,1.0169491525423734e-05,1.0169491525423734e-05,1.694915254237289e-05,1.3559322033898314e-05,5.084745762711868e-05,-0.003228586541093037,-0.00815789272124345,0.03389830508474578,1.0,0.5169491525423728,1.805177725039662,0.09654445740870546
2023-07-06,2023-07-07,open,2023-07-10,2023-07-21,2,3,EXECUTED_ON_TIME,open,59,59,0,0.0003042343144825711,-0.0038135544561587187,0.004117788770641289,1.0169491525423734e-05,1.0169491525423734e-05,1.694915254237289e-05,1.3559322033898314e-05,5.084745762711868e-05,0.0002533868568554524,0.003218695376088686,0.03389830508474578,1.0,0.5169491525423728,1.8056351333494753,0.09617627986293706
2023-07-07,2023-07-10,open,2023-07-11,2023-07-24,2,3,EXECUTED_ON_TIME,open,59,59,0,0.001349891546406158,-0.00994648266498055,0.011296374211386708,5.08474576271185e-06,5.08474576271185e-06,8.474576271186419e-06,6.779661016949135e-06,2.5423728813559257e-05,0.0013244678175925986,0.005447518178056072,0.016949152542372836,1.0,0.5084745762711864,1.8080266389739112,0.09521966416249804
2023-07-10,2023-07-11,open,2023-07-12,2023-07-25,2,3,EXECUTED_ON_TIME,open,59,59,0,0.0121318414680805,0.003334115246370173,0.008797726221710328,1.0169491525423734e-05,1.0169491525423734e-05,1.694915254237289e-05,1.3559322033898314e-05,5.084745762711868e-05,0.012080994010453382,0.0011534111929798283,0.03389830508474578,1.0,0.5169491525423728,1.8298693979700953,0.09553713749653647
2023-07-11,2023-07-12,open,2023-07-13,2023-07-26,2,3,EXECUTED_ON_TIME,open,59,59,0,-0.0024568964874834127,0.011274902635485473,-0.013731799122968886,2.033898305084747e-05,2.033898305084747e-05,3.389830508474578e-05,2.7118644067796627e-05,0.00010169491525423735,-0.00255859140273765,0.012599751554205535,0.06779661016949157,1.0,0.5338983050847458,1.8251875098603163,0.09661430941988292
2023-07-12,2023-07-13,open,2023-07-14,2023-07-27,2,3,EXECUTED_ON_TIME,open,59,59,0,0.01139906376332873,0.015190128180322837,-0.003791064416994108,2.033898305084747e-05,2.033898305084747e-05,3.389830508474578e-05,2.7118644067796627e-05,0.00010169491525423735,0.011297368848074491,-0.01207815174926616,0.06779661016949157,1.0,0.5338983050847458,1.8458073263761068,0.09808189316402431
2023-07-13,2023-07-14,open,2023-07-17,2023-07-28,2,3,EXECUTED_ON_TIME,open,59,59,0,0.0030460055163539636,-0.0037929592329872808,0.006838964749341245,1.0169491525423734e-05,1.0169491525423734e-05,1.694915254237289e-05,1.3559322033898314e-05,5.084745762711868e-05,0.002995158058726845,0.004522165714353961,0.03389830508474578,1.0,0.5169491525423728,1.8513358110645592,0.09770987254175895
2023-07-14,2023-07-17,open,2023-07-18,2023-07-31,2,3,UNEXECUTED_TIMEOUT,open,59,59,0,0.006403416301021618,0.0353633003514251,-0.028959884050403478,1.5254237288135584e-05,1.5254237288135584e-05,2.542372881355931e-05,2.033898305084745e-05,7.627118644067793e-05,0.0063271451145809395,0.005810024445600881,0.05084745762711862,1.0,0.5254237288135593,1.8630494813969851,0.10116521611175264
2023-07-17,2023-07-18,open,2023-07-19,2023-08-01,2,3,UNEXECUTED_TIMEOUT,open,59,59,0,0.008321718716519322,0.03568520533478825,-0.02736348661826893,1.0169491525423734e-05,1.0169491525423734e-05,1.694915254237289e-05,1.3559322033898314e-05,5.084745762711868e-05,0.008270871258892204,0.013757690376753302,0.03389830508474578,1.0,0.5169491525423728,1.8784585238065654,0.10477531762143875
2023-07-18,2023-07-19,open,2023-07-20,2023-08-02,2,3,UNEXECUTED_TIMEOUT,open,59,59,0,0.010356643344574049,0.035653528935946976,-0.025296885591372928,1.5254237288135584e-05,1.5254237288135584e-05,2.542372881355931e-05,2.033898305084745e-05,7.627118644067793e-05,0.01028037215813337,0.013075442032172063,0.05084745762711862,1.0,0.5254237288135593,1.8977697765149146,0.10851092744002776
2023-07-19,2023-07-20,open,2023-07-21,2023-08-03,2,3,UNEXECUTED_TIMEOUT,open,59,59,0,-0.0030361828093347313,0.027051099170428028,-0.030087281979762757,1.5254237288135584e-05,1.5254237288135584e-05,2.542372881355931e-05,2.033898305084745e-05,7.627118644067793e-05,-0.0031124539957754094,0.027531454718660586,0.05084745762711862,1.0,0.5254237288135593,1.891863055390939,0.11144626729928307
2023-07-20,2023-07-21,open,2023-07-24,2023-08-04,2,3,UNEXECUTED_TIMEOUT,open,59,59,0,0.010378937853422506,0.056783051749758506,-0.046404113896336,5.08474576271185e-06,5.08474576271185e-06,8.474576271186419e-06,6.779661016949135e-06,2.5423728813559257e-05,0.010353514124608946,0.016179966184382354,0.016949152542372836,1.0,0.5084745762711864,1.911450486256755,0.11777452646265568
2023-07-21,2023-07-24,open,2023-07-25,2023-08-07,2,3,UNEXECUTED_TIMEOUT,open,59,59,0,0.023178837353239053,0.05248505987749219,-0.029306222524253137,1.5254237288135584e-05,1.5254237288135584e-05,2.542372881355931e-05,2.033898305084745e-05,7.627118644067793e-05,0.023102566166798375,9.867038819438151e-05,0.05084745762711862,1.0,0.5254237288135593,1.9556098975900604,0.12395592953609146
2023-07-24,2023-07-25,open,2023-07-26,2023-08-08,2,3,UNEXECUTED_TIMEOUT,open,59,59,0,0.01469404481685588,0.029326974677013284,-0.014632929860157405,2.033898305084747e-05,2.033898305084747e-05,3.389830508474578e-05,2.7118644067796627e-05,0.00010169491525423735,0.014592349901601642,0.010937944759204413,0.06779661016949157,1.0,0.5338983050847458,1.9841468414867298,0.12759118194266206
2023-07-25,2023-07-26,open,2023-07-27,2023-08-09,2,3,UNEXECUTED_TIMEOUT,open,59,59,0,0.0030244845085381847,0.015143389214502756,-0.012118904705964571,1.0169491525423734e-05,1.0169491525423734e-05,1.694915254237289e-05,1.3559322033898314e-05,5.084745762711868e-05,0.002973637050911066,0.012201319561615487,0.03389830508474578,1.0,0.5169491525423728,1.9900469740490228,0.1295233448711582
2023-07-26,2023-07-27,open,2023-07-28,2023-08-10,2,3,UNEXECUTED_TIMEOUT,open,59,59,0,0.002690307307881024,0.012423133029995759,-0.009732825722114735,5.08474576271185e-06,5.08474576271185e-06,8.474576271186419e-06,6.779661016949135e-06,2.5423728813559257e-05,0.002664883579067465,0.011726940593730337,0.016949152542372836,1.0,0.5084745762711864,1.9953502175517388,0.13113243061498264
2023-07-27,2023-07-28,open,2023-07-31,2023-08-11,2,3,UNEXECUTED_TIMEOUT,open,59,59,0,0.017935444949681707,0.02267215761867014,-0.004736712668988435,1.5254237288135584e-05,1.5254237288135584e-05,2.542372881355931e-05,2.033898305084745e-05,7.627118644067793e-05,0.01785917376324103,-0.0038683177166510645,0.05084745762711862,1.0,0.5254237288135593,2.030985523805516,0.13410548575080486
2023-07-28,2023-07-31,open,2023-08-01,2023-08-14,3,4,UNEXECUTED_TIMEOUT,open,59,59,0,-0.006593673244771306,-0.04429158299928582,0.03769790975451451,1.5254237288135584e-05,1.5254237288135584e-05,2.542372881355931e-05,2.033898305084745e-05,7.627118644067793e-05,-0.006669944431211984,-0.004911884296006566,0.05084745762711862,1.0,0.5254237288135593,2.0174389632211374,0.12816574149801355
2023-07-31,2023-08-01,open,2023-08-02,2023-08-15,3,3,UNEXECUTED_TIMEOUT,open,59,59,0,-0.0070225483230018666,-0.037617888731943605,0.03059534040894174,1.0169491525423734e-05,1.0169491525423734e-05,1.694915254237289e-05,1.3559322033898314e-05,5.084745762711868e-05,-0.007073395780628986,-0.004991177779338583,0.03389830508474578,1.0,0.5169491525423728,2.0031688189710124,0.12334441689509422
2023-08-01,2023-08-02,open,2023-08-03,2023-08-16,3,3,UNEXECUTED_TIMEOUT,open,59,59,0,-0.012697190937142371,-0.03885595862202196,0.026158767684879587,1.5254237288135584e-05,1.5254237288135584e-05,2.542372881355931e-05,2.033898305084745e-05,7.627118644067793e-05,-0.01277346212358305,-0.006428065076143064,0.05084745762711862,1.0,0.5254237288135593,1.9775814179347435,0.118551751335961
2023-08-02,2023-08-03,open,2023-08-04,2023-08-17,3,4,UNEXECUTED_TIMEOUT,open,59,59,0,-0.0007518782317766493,-0.04061779901214746,0.03986592078037081,1.5254237288135584e-05,1.5254237288135584e-05,2.542372881355931e-05,2.033898305084745e-05,7.627118644067793e-05,-0.0008281494182173272,-0.018481768419943347,0.05084745762711862,1.0,0.5254237288135593,1.9759436850340035,0.11373644012765886
2023-08-03,2023-08-04,open,2023-08-07,2023-08-18,3,4,UNEXECUTED_TIMEOUT,open,59,59,0,-0.015602893983224732,-0.04989657200145581,0.03429367801823108,1.5254237288135584e-05,1.5254237288135584e-05,2.542372881355931e-05,2.033898305084745e-05,7.627118644067793e-05,-0.01567916516966541,-0.019489741709780545,0.05084745762711862,1.0,0.5254237288135593,1.944962537630398,0.10806138165363986
2023-08-04,2023-08-07,open,2023-08-08,2023-08-21,3,4,UNEXECUTED_TIMEOUT,open,59,59,0,-0.031901256429048265,-0.05739316427211005,0.025491907843061788,2.542372881355932e-05,2.542372881355932e-05,4.23728813559322e-05,3.389830508474576e-05,0.0001271186440677966,-0.03202837507311606,-0.030536117646536073,0.0847457627118644,1.0,0.5423728813559322,1.882668547972012,0.10185939702492133
2023-08-07,2023-08-08,open,2023-08-09,2023-08-22,3,4,UNEXECUTED_TIMEOUT,open,59,59,0,-0.022586453551576145,-0.058284309562562364,0.03569785601098622,1.0169491525423734e-05,1.0169491525423734e-05,1.694915254237289e-05,1.3559322033898314e-05,5.084745762711868e-05,-0.022637301009203265,-0.01406266706131595,0.03389830508474578,1.0,0.5169491525423728,1.84005001335101,0.09592259239686488
2023-08-08,2023-08-09,open,2023-08-10,2023-08-23,3,4,UNEXECUTED_TIMEOUT,open,59,59,0,-0.03199240935444525,-0.05433919861509817,0.02234678926065292,1.0169491525423734e-05,1.0169491525423734e-05,1.694915254237289e-05,1.3559322033898314e-05,5.084745762711868e-05,-0.03204325681207237,-0.026151689567950255,0.03389830508474578,1.0,0.5169491525423728,1.7810888182261466,0.09071023559693653
2023-08-09,2023-08-10,open,2023-08-11,2023-08-24,3,4,UNEXECUTED_TIMEOUT,open,59,59,0,-0.01735898293837245,-0.06341813494658022,0.04605915200820777,1.0169491525423734e-05,1.0169491525423734e-05,1.694915254237289e-05,1.3559322033898314e-05,5.084745762711868e-05,-0.01740983039599957,-0.025653596328173933,0.03389830508474578,1.0,0.5169491525423728,1.7500803639806182,0.08495756163481392
2023-08-10,2023-08-11,open,2023-08-14,2023-08-25,3,4,UNEXECUTED_TIMEOUT,open,59,59,0,-0.05307135978106789,-0.06899702688523301,0.015925667104165125,1.5254237288135584e-05,1.5254237288135584e-05,2.542372881355931e-05,2.033898305084745e-05,7.627118644067793e-05,-0.05314763096750857,-0.020883422381756854,0.05084745762711862,1.0,0.5254237288135593,1.6570677386322934,0.07909574247059283
2023-08-11,2023-08-14,open,2023-08-15,2023-08-28,3,4,UNEXECUTED_TIMEOUT,open,59,59,0,-0.001616414723047493,0.0183973129123558,-0.020013727635403294,2.033898305084747e-05,2.033898305084747e-05,3.389830508474578e-05,2.7118644067796627e-05,0.00010169491525423735,-0.0017181096383017303,-0.013686460325568283,0.06779661016949157,1.0,0.5338983050847458,1.6542207145792303,0.08055089159485943
2023-08-14,2023-08-15,open,2023-08-16,2023-08-29,3,4,UNEXECUTED_TIMEOUT,open,59,59,0,-0.020089905509008778,-0.02988648562629881,0.009796580117290031,1.0169491525423734e-05,1.0169491525423734e-05,1.694915254237289e-05,1.3559322033898314e-05,5.084745762711868e-05,-0.020140752966635898,-0.009846494127898306,0.03389830508474578,1.0,0.5169491525423728,1.620903463814598,0.0781435085310241
2023-08-15,2023-08-16,open,2023-08-17,2023-08-30,3,4,UNEXECUTED_TIMEOUT,open,59,59,0,-0.011225863156957032,-0.007232902973692168,-0.003992960183264864,1.0169491525423734e-05,1.0169491525423734e-05,1.694915254237289e-05,1.3559322033898314e-05,5.084745762711868e-05,-0.01127671061458415,-0.00016756033586423115,0.03389830508474578,1.0,0.5169491525423728,1.6026250045189838,0.07757830411579532
2023-08-16,2023-08-17,open,2023-08-18,2023-08-31,3,4,UNEXECUTED_TIMEOUT,open,59,59,0,0.014154917092898404,-0.003754343697524809,0.017909260790423213,1.5254237288135584e-05,1.5254237288135584e-05,2.542372881355931e-05,2.033898305084745e-05,7.627118644067793e-05,0.014078645906457726,0.0032757825159931662,0.05084745762711862,1.0,0.5254237288135593,1.6251877944784416,0.07728704849867352
2023-08-17,2023-08-18,open,2023-08-21,2023-09-01,3,4,UNEXECUTED_TIMEOUT,open,59,59,0,-0.01419426623425318,-0.01397067936870755,-0.00022358686554562954,1.0169491525423734e-05,1.0169491525423734e-05,1.694915254237289e-05,1.3559322033898314e-05,5.084745762711868e-05,-0.014245113691880298,0.004883972992503777,0.03389830508474578,1.0,0.5169491525423728,1.60203680957544,0.0762072959247448
2023-08-18,2023-08-21,open,2023-08-22,2023-09-04,3,3,UNEXECUTED_TIMEOUT,open,59,59,0,0.006268579937352728,0.010537935055555891,-0.004269355118203163,1.0169491525423734e-05,1.0169491525423734e-05,1.694915254237289e-05,1.3559322033898314e-05,5.084745762711868e-05,0.006217732479725609,0.011330020563432311,0.03389830508474578,1.0,0.5169491525423728,1.6119978458800535,0.07701036345995929
2023-08-21,2023-08-22,open,2023-08-23,2023-09-05,3,3,UNEXECUTED_TIMEOUT,open,59,59,0,0.007184106495039132,0.024415245401097296,-0.017231138906058166,1.0169491525423734e-05,1.0169491525423734e-05,1.694915254237289e-05,1.3559322033898314e-05,5.084745762711868e-05,0.007133259037412013,0.0024395842022041387,0.03389830508474578,1.0,0.5169491525423728,1.623496644082466,0.0788905903822619
2023-08-22,2023-08-23,open,2023-08-24,2023-09-06,2,3,DELAYED_LIMIT_DOWN,open,59,59,0,-0.010102847036231405,0.015013164439009463,-0.025116011475240868,1.0169491525423734e-05,1.0169491525423734e-05,1.694915254237289e-05,1.3559322033898314e-05,5.084745762711868e-05,-0.010153694493858523,0.0012538514021503723,0.03389830508474578,1.0,0.5169491525423728,1.607012155146648,0.08007498778836133
2023-08-23,2023-08-24,open,2023-08-25,2023-09-07,2,3,DELAYED_LIMIT_DOWN,open,59,59,0,-0.005058225403843834,0.024433792980811164,-0.029492018384654997,5.08474576271185e-06,5.08474576271185e-06,8.474576271186419e-06,6.779661016949135e-06,2.5423728813559257e-05,-0.005083649132657393,0.002761891545312772,0.016949152542372836,1.0,0.5084745762711864,1.598842669197967,0.08203152346292314
2023-08-24,2023-08-25,open,2023-08-28,2023-09-08,2,3,EXECUTED_ON_TIME,open,59,59,0,0.04228567780520764,0.011917600419493413,0.030368077385714225,5.08474576271185e-06,5.08474576271185e-06,8.474576271186419e-06,6.779661016949135e-06,2.5423728813559257e-05,0.042260254076394076,-0.019021990891304165,0.016949152542372836,1.0,0.5084745762711864,1.666410166626453,0.08300914238135655
2023-08-25,2023-08-28,open,2023-08-29,2023-09-11,3,4,EXECUTED_ON_TIME,open,59,59,0,-0.051196726934823814,-0.043707492862801955,-0.007489234072021858,2.033898305084747e-05,2.033898305084747e-05,3.389830508474578e-05,2.7118644067796627e-05,0.00010169491525423735,-0.05129842185007805,-0.0004931739428408605,0.06779661016949157,1.0,0.5338983050847458,1.5809259549235903,0.0793810208831761
2023-08-28,2023-08-29,open,2023-08-30,2023-09-12,3,3,EXECUTED_ON_TIME,open,59,59,0,0.030588852273377588,0.005685198686740556,0.024903653586637032,1.5254237288135584e-05,1.5254237288135584e-05,2.542372881355931e-05,2.033898305084745e-05,7.627118644067793e-05,0.03051258108693691,0.005975987383837738,0.05084745762711862,1.0,0.5254237288135593,1.6291640863156396,0.07983231775885326
2023-08-29,2023-08-30,open,2023-08-31,2023-09-13,3,3,EXECUTED_ON_TIME,open,59,59,0,-0.0018021119871179183,-0.01144060966801197,0.00963849768089405,1.5254237288135584e-05,1.5254237288135584e-05,2.542372881355931e-05,2.033898305084745e-05,7.627118644067793e-05,-0.0018783831735585963,0.0054749583580426565,0.05084745762711862,1.0,0.5254237288135593,1.6261038919089383,0.07891898737248151
2023-08-30,2023-08-31,open,2023-09-01,2023-09-14,3,3,EXECUTED_ON_TIME,open,59,59,0,-0.005395546226712455,-0.013200680446356694,0.007805134219644239,1.5254237288135584e-05,1.5254237288135584e-05,2.542372881355931e-05,2.033898305084745e-05,7.627118644067793e-05,-0.005471817413153134,-0.006211011183780403,0.05084745762711862,1.0,0.5254237288135593,1.6172061483175948,0.07787720303902733
2023-08-31,2023-09-01,open,2023-09-04,2023-09-15,2,3,EXECUTED_ON_TIME,open,59,59,0,-0.006535414956665965,-0.010089673935335441,0.0035542589786694764,1.0169491525423734e-05,1.0169491525423734e-05,1.694915254237289e-05,1.3559322033898314e-05,5.084745762711868e-05,-0.006586262414293084,-0.009069393709850167,0.03389830508474578,1.0,0.5169491525423728,1.606554804246767,0.07709144745336763
2023-09-01,2023-09-04,open,2023-09-05,2023-09-18,2,3,EXECUTED_ON_TIME,open,59,59,0,0.0007787125567125364,-0.02991172012912713,0.030690432685839666,1.0169491525423734e-05,1.0169491525423734e-05,1.694915254237289e-05,1.3559322033898314e-05,5.084745762711868e-05,0.0007278650990854177,-0.004243699909930623,0.03389830508474578,1.0,0.5169491525423728,1.6077241594185463,0.07478550965279318
2023-09-04,2023-09-05,open,2023-09-06,2023-09-19,2,3,EXECUTED_ON_TIME,open,59,59,0,-0.016544581829050282,-0.030251762042599495,0.013707180213549212,1.5254237288135584e-05,1.5254237288135584e-05,2.542372881355931e-05,2.033898305084745e-05,7.627118644067793e-05,-0.01662085301549096,-0.006814683217884355,0.05084745762711862,1.0,0.5254237288135593,1.5810024124753967,0.07252311621054236
2023-09-05,2023-09-06,open,2023-09-07,2023-09-20,2,3,EXECUTED_ON_TIME,open,59,59,0,-0.0018870877593439447,-0.024196318373992276,0.02230923061464833,1.5254237288135584e-05,1.5254237288135584e-05,2.542372881355931e-05,2.033898305084745e-05,7.627118644067793e-05,-0.0019633589457846226,0.0014609035534387425,0.05084745762711862,1.0,0.5254237288135593,1.5778983372455562,0.07076832380123804
2023-09-06,2023-09-07,open,2023-09-08,2023-09-21,2,3,EXECUTED_ON_TIME,open,59,59,0,-0.02681797233757691,-0.02732977278842108,0.0005118004508441708,1.5254237288135584e-05,1.5254237288135584e-05,2.542372881355931e-05,2.033898305084745e-05,7.627118644067793e-05,-0.026894243524017588,-0.012406927235326338,0.05084745762711862,1.0,0.5254237288135593,1.5354619551075317,0.0688342415911328
2023-09-07,2023-09-08,open,2023-09-11,2023-09-22,2,3,EXECUTED_ON_TIME,open,59,59,0,0.005665099915382014,-0.020015471024382947,0.02568057093976496,1.0169491525423734e-05,1.0169491525423734e-05,1.694915254237289e-05,1.3559322033898314e-05,5.084745762711868e-05,0.005614252457754895,-0.0028609305731214637,0.03389830508474578,1.0,0.5169491525423728,1.5440824261627832,0.06745649182308011
2023-09-08,2023-09-11,open,2023-09-12,2023-09-25,2,3,EXECUTED_ON_TIME,open,59,59,0,0.011637234585154975,-0.0006744934281670556,0.01231172801332203,1.0169491525423734e-05,1.0169491525423734e-05,1.694915254237289e-05,1.3559322033898314e-05,5.084745762711868e-05,0.011586387127527856,0.005750205561119337,0.03389830508474578,1.0,0.5169491525423728,1.5619727629091178,0.06741099286265824
2023-09-11,2023-09-12,open,2023-09-13,2023-09-26,2,3,EXECUTED_ON_TIME,open,59,59,0,-0.0010690402088666504,-0.013979103336500875,0.012910063127634226,5.08474576271185e-06,5.08474576271185e-06,8.474576271186419e-06,6.779661016949135e-06,2.5423728813559257e-05,-0.0010944639376802097,0.003090429884153838,0.016949152542372836,1.0,0.5084745762711864,1.560263240048475,0.06646864762741501
2023-09-12,2023-09-13,open,2023-09-14,2023-09-27,3,3,EXECUTED_ON_TIME,open,59,59,0,-0.01349084117837763,-0.017195405160483457,0.0037045639821058265,2.033898305084747e-05,2.033898305084747e-05,3.389830508474578e-05,2.7118644067796627e-05,0.00010169491525423735,-0.013592536093631868,-0.00638478415059801,0.06779661016949157,1.0,0.5338983050847458,1.539055305642549,0.06532569230099221
2023-09-13,2023-09-14,open,2023-09-15,2023-09-28,3,3,EXECUTED_ON_TIME,open,59,59,0,0.0011916194136074964,-0.006883714358501214,0.00807533377210871,0.0,0.0,0.0,0.0,0.0,0.0011916194136074964,-0.0034472456531244454,0.0,1.0,0.5,1.5408892738233684,0.06487600889492083
2023-09-14,2023-09-15,open,2023-09-18,2023-10-09,3,3,EXECUTED_ON_TIME,open,59,59,0,-0.007360538731949653,-0.016535566732650997,0.009175028000701344,5.08474576271185e-06,5.08474576271185e-06,8.474576271186419e-06,6.779661016949135e-06,2.5423728813559257e-05,-0.007385962460763212,0.001030203622254187,0.016949152542372836,1.0,0.5084745762711864,1.5295083234907163,0.06380324732049081
2023-09-15,2023-09-18,open,2023-09-19,2023-10-10,3,3,EXECUTED_ON_TIME,open,59,59,0,0.008460557165563992,-0.0007245330681759921,0.009185090233739984,1.0169491525423734e-05,1.0169491525423734e-05,1.694915254237289e-05,1.3559322033898314e-05,5.084745762711868e-05,0.008409709707936874,0.006615678177840371,0.03389830508474578,1.0,0.5169491525423728,1.5423710444871466,0.0637570197579501
2023-09-18,2023-09-19,open,2023-09-20,2023-10-11,3,3,EXECUTED_ON_TIME,open,59,59,0,-0.003395367916979943,-0.013072107823336787,0.009676739906356844,5.08474576271185e-06,5.08474576271185e-06,8.474576271186419e-06,6.779661016949135e-06,2.5423728813559257e-05,-0.0034207916457935023,0.0002112190362592854,0.016949152542372836,1.0,0.5084745762711864,1.5370949145034511,0.06292358112117957
2023-09-19,2023-09-20,open,2023-09-21,2023-10-12,3,3,EXECUTED_ON_TIME,open,59,59,0,-0.0017519463895471887,-0.004850431571078007,0.003098485181530818,1.0169491525423734e-05,1.0169491525423734e-05,1.694915254237289e-05,1.3559322033898314e-05,5.084745762711868e-05,-0.0018027938471743073,0.004336969444731226,0.03389830508474578,1.0,0.5169491525423728,1.5343238492490614,0.06261837459674412
2023-09-20,2023-09-21,open,2023-09-22,2023-10-13,3,4,EXECUTED_ON_TIME,open,59,59,0,0.0003788910397952724,-0.0055035904208217135,0.005882481460616986,1.5254237288135584e-05,1.5254237288135584e-05,2.542372881355931e-05,2.033898305084745e-05,7.627118644067793e-05,0.00030261985335459446,0.0030423387451146235,0.05084745762711862,1.0,0.5254237288135593,1.5347881661073197,0.06227374871014605
2023-09-21,2023-09-22,open,2023-09-25,2023-10-16,3,4,EXECUTED_ON_TIME,open,59,59,0,0.018981982502931406,-0.0023419120850395325,0.02132389458797094,5.08474576271185e-06,5.08474576271185e-06,8.474576271186419e-06,6.779661016949135e-06,2.5423728813559257e-05,0.018956558774117848,0.006630096065068158,0.016949152542372836,1.0,0.5084745762711864,1.5638824681839536,0.06212790906546104
2023-09-22,2023-09-25,open,2023-09-26,2023-10-17,3,4,EXECUTED_ON_TIME,open,59,59,0,-0.01855761728785163,-0.027490983295622162,0.008933366007770532,5.08474576271185e-06,5.08474576271185e-06,8.474576271186419e-06,6.779661016949135e-06,2.5423728813559257e-05,-0.018583041016665188,-0.01642167130077438,0.016949152542372836,1.0,0.5084745762711864,1.5348207761324475,0.06041995175515052
2023-09-25,2023-09-26,open,2023-09-27,2023-10-18,3,3,EXECUTED_ON_TIME,open,59,59,0,-0.018871393204776262,-0.02172690707870295,0.0028555138739266885,1.0169491525423734e-05,1.0169491525423734e-05,1.694915254237289e-05,1.3559322033898314e-05,5.084745762711868e-05,-0.018922240662403382,-0.01494321502494889,0.03389830508474578,1.0,0.5169491525423728,1.5057785280328126,0.05910721307766665
2023-09-26,2023-09-27,open,2023-09-28,2023-10-19,2,3,EXECUTED_ON_TIME,open,59,59,0,-0.007175067769682972,-0.028808423147091422,0.02163335537740845,1.5254237288135584e-05,1.5254237288135584e-05,2.542372881355931e-05,2.033898305084745e-05,7.627118644067793e-05,-0.00725133895612365,-0.014733566858739375,0.05084745762711862,1.0,0.5254237288135593,1.4948596175331939,0.05740442747227993
2023-09-27,2023-09-28,open,2023-10-09,2023-10-20,2,3,EXECUTED_ON_TIME,open,59,59,0,-0.01655136239445507,-0.0519684674440587,0.03541710504960363,1.0169491525423734e-05,1.0169491525423734e-05,1.694915254237289e-05,1.3559322033898314e-05,5.084745762711868e-05,-0.01660220985208219,-0.01948999810775385,0.03389830508474578,1.0,0.5169491525423728,1.4700416444635045,0.05442120735204192
2023-09-28,2023-10-09,open,2023-10-10,2023-10-23,2,3,EXECUTED_ON_TIME,open,59,59,0,-0.018935525633120735,-0.04858207375026813,0.029646548117147394,5.08474576271185e-06,5.08474576271185e-06,8.474576271186419e-06,6.779661016949135e-06,2.5423728813559257e-05,-0.018960949361934293,-0.02473377596828006,0.016949152542372836,1.0,0.5084745762711864,1.4421682592828975,0.05177731224288639
2023-10-09,2023-10-10,open,2023-10-11,2023-10-24,2,3,EXECUTED_ON_TIME,open,59,59,0,-0.025564302845400514,-0.05802902073288252,0.03246471788748201,1.0169491525423734e-05,1.0169491525423734e-05,1.694915254237289e-05,1.3559322033898314e-05,5.084745762711868e-05,-0.025615150303027634,-0.026256826808610533,0.03389830508474578,1.0,0.5169491525423728,1.4052269025591104,0.048772725517251
2023-10-10,2023-10-11,open,2023-10-12,2023-10-25,2,3,EXECUTED_ON_TIME,open,59,59,0,-0.0055455665440680615,-0.04094263801819498,0.035397071474126914,2.033898305084747e-05,2.033898305084747e-05,3.389830508474578e-05,2.7118644067796627e-05,0.00010169491525423735,-0.005647261459322299,-0.00848454210486629,0.06779661016949157,1.0,0.5338983050847458,1.3972912188306856,0.046775841471237416
2023-10-11,2023-10-12,open,2023-10-13,2023-10-26,3,3,EXECUTED_ON_TIME,open,59,59,0,-0.021389070128652845,-0.057641104465358306,0.03625203433670546,5.08474576271185e-06,5.08474576271185e-06,8.474576271186419e-06,6.779661016949135e-06,2.5423728813559257e-05,-0.021414493857466403,-0.02042673449733837,0.016949152542372836,1.0,0.5084745762711864,1.367368934607944,0.04407963030653878
2023-10-12,2023-10-13,open,2023-10-16,2023-10-27,3,4,EXECUTED_ON_TIME,open,59,59,0,-0.021609125509310125,-0.048066876221295574,0.02645775071198545,5.08474576271185e-06,5.08474576271185e-06,8.474576271186419e-06,6.779661016949135e-06,2.5423728813559257e-05,-0.021634549238123683,-0.025180659089567643,0.016949152542372836,1.0,0.5084745762711864,1.3377865240654878,0.041960860172713915
2023-10-13,2023-10-16,open,2023-10-17,2023-10-30,3,4,EXECUTED_ON_TIME,open,59,59,0,-0.019215146671455702,-0.030003228677424,0.010788082005968296,5.08474576271185e-06,5.08474576271185e-06,8.474576271186419e-06,6.779661016949135e-06,2.5423728813559257e-05,-0.01924057040026926,-0.012666580277341181,0.016949152542372836,1.0,0.5084745762711864,1.3120467482686742,0.04070189888945057
2023-10-16,2023-10-17,open,2023-10-18,2023-10-31,3,4,EXECUTED_ON_TIME,open,59,59,0,-0.01475219166373927,-0.01475064361968581,-1.5480440534593187e-06,1.5254237288135584e-05,1.5254237288135584e-05,2.542372881355931e-05,2.033898305084745e-05,7.627118644067793e-05,-0.014828462850179948,-0.018468940319260045,0.05084745762711862,1.0,0.5254237288135593,1.2925911118042728,0.040101519684287795
2023-10-17,2023-10-18,open,2023-10-19,2023-11-01,3,4,EXECUTED_ON_TIME,open,59,59,0,-0.023791838803814327,-0.0069701275134830265,-0.0168217112903313,5.08474576271185e-06,5.08474576271185e-06,8.474576271186419e-06,6.779661016949135e-06,2.5423728813559257e-05,-0.023817262532627885,-0.012674458853223203,0.016949152542372836,1.0,0.5084745762711864,1.2618051299470892,0.03982200697860386
2023-10-18,2023-10-19,open,2023-10-20,2023-11-02,3,4,EXECUTED_ON_TIME,open,59,59,0,-0.018335755369233965,-0.002354177145699521,-0.015981578223534444,5.08474576271185e-06,5.08474576271185e-06,8.474576271186419e-06,6.779661016949135e-06,2.5423728813559257e-05,-0.018361179098047523,-0.004704428104303913,0.016949152542372836,1.0,0.5084745762711864,1.2386368999692954,0.03972825891987894
2023-10-19,2023-10-20,open,2023-10-23,2023-11-03,3,4,EXECUTED_ON_TIME,open,59,59,0,-0.010793763886058695,0.011421275792659502,-0.0222150396787182,1.0169491525423734e-05,1.0169491525423734e-05,1.694915254237289e-05,1.3559322033898314e-05,5.084745762711868e-05,-0.010844611343685813,-0.002326098673607736,0.03389830508474578,1.0,0.5169491525423728,1.2252043641931805,0.04018200632176506
2023-10-20,2023-10-23,open,2023-10-24,2023-11-06,3,4,EXECUTED_ON_TIME,open,59,59,0,-0.0007123717504548459,0.030889672272919277,-0.031602044023374125,1.0169491525423734e-05,1.0169491525423734e-05,1.694915254237289e-05,1.3559322033898314e-05,5.084745762711868e-05,-0.0007632192080819645,0.004139358647192674,0.03389830508474578,1.0,0.5169491525423728,1.2242692646886024,0.04142321532831275
2023-10-23,2023-10-24,open,2023-10-25,2023-11-07,3,4,EXECUTED_ON_TIME,open,59,59,0,0.0319680784791757,0.04078995589591927,-0.008821877416743569,1.0169491525423734e-05,1.0169491525423734e-05,1.694915254237289e-05,1.3559322033898314e-05,5.084745762711868e-05,0.03191723102154859,0.01811524837056703,0.03389830508474578,1.0,0.5169491525423728,1.26334454964225,0.0431128664546218
2023-10-24,2023-10-25,open,2023-10-26,2023-11-08,3,4,DELAYED_LIMIT_DOWN,open,59,59,0,0.016149902052262355,0.024500205289168298,-0.008350303236905943,5.08474576271185e-06,5.08474576271185e-06,8.474576271186419e-06,6.779661016949135e-06,2.5423728813559257e-05,0.016124478323448797,0.03337669146788137,0.016949152542372836,1.0,0.5084745762711864,1.2837153214480037,0.04416914053336453
2023-10-25,2023-10-26,open,2023-10-27,2023-11-09,3,4,EXECUTED_ON_TIME,open,59,59,0,0.03018267277118678,0.03395536190079107,-0.003772689129604292,2.542372881355932e-05,2.542372881355932e-05,4.23728813559322e-05,3.389830508474576e-05,0.0001271186440677966,0.03005555412711898,0.023011813028102034,0.0847457627118644,1.0,0.5423728813559322,1.3222980967755962,0.04566891968502182
2023-10-26,2023-10-27,open,2023-10-30,2023-11-10,3,4,EXECUTED_ON_TIME,open,59,59,0,0.03532252462165697,0.02710464584563277,0.008217878776024201,1.0169491525423734e-05,1.0169491525423734e-05,1.694915254237289e-05,1.3559322033898314e-05,5.084745762711868e-05,0.035271677164029853,0.01864119007970512,0.03389830508474578,1.0,0.5169491525423728,1.368937768359676,0.046906759579236984
2023-10-27,2023-10-30,open,2023-10-31,2023-11-13,3,4,EXECUTED_ON_TIME,open,59,59,0,0.031203833372125348,0.011199722236759246,0.020004111135366102,1.0169491525423734e-05,1.0169491525423734e-05,1.694915254237289e-05,1.3559322033898314e-05,5.084745762711868e-05,0.031152985914498228,0.017345700131747303,0.03389830508474578,1.0,0.5169491525423728,1.4115842673752097,0.04743210225755089
2023-10-30,2023-10-31,open,2023-11-01,2023-11-14,3,4,EXECUTED_ON_TIME,open,59,59,0,0.01714254785932843,-0.00015998096980296417,0.017302528829131393,5.08474576271185e-06,5.08474576271185e-06,8.474576271186419e-06,6.779661016949135e-06,2.5423728813559257e-05,0.01711712413051487,0.020791913091941318,0.016949152542372836,1.0,0.5084745762711864,1.435746530500553,0.04742451402383193
2023-10-31,2023-11-01,open,2023-11-02,2023-11-15,3,4,EXECUTED_ON_TIME,open,59,59,0,0.020854352276299802,0.0030836789379653506,0.01777067333833445,1.0169491525423734e-05,1.0169491525423734e-05,1.694915254237289e-05,1.3559322033898314e-05,5.084745762711868e-05,0.020803504818672682,0.025297704191964747,0.03389830508474578,1.0,0.5169491525423728,1.465615090366214,0.047570755998870465
2023-11-01,2023-11-02,open,2023-11-03,2023-11-16,3,4,EXECUTED_ON_TIME,open,59,59,0,0.011735985104603977,0.005841790111749345,0.005894194992854632,1.5254237288135584e-05,1.5254237288135584e-05,2.542372881355931e-05,2.033898305084745e-05,7.627118644067793e-05,0.0116597139181633,0.018528030567021125,0.05084745762711862,1.0,0.5254237288135593,1.482703743034027,0.04784865437087311
2023-11-02,2023-11-03,open,2023-11-06,2023-11-17,3,4,EXECUTED_ON_TIME,open,59,59,0,0.044258462180683036,0.000781502474336282,0.043476959706346754,5.08474576271185e-06,5.08474576271185e-06,8.474576271186419e-06,6.779661016949135e-06,2.5423728813559257e-05,0.044233038451869475,0.028267439645949872,0.016949152542372836,1.0,0.5084745762711864,1.5482882347123819,0.04788604821265761
2023-11-03,2023-11-06,open,2023-11-07,2023-11-20,3,4,EXECUTED_ON_TIME,open,59,59,0,0.029401494319921367,-0.010694176429522972,0.04009567074944434,5.08474576271185e-06,5.08474576271185e-06,8.474576271186419e-06,6.779661016949135e-06,2.5423728813559257e-05,0.02937607059110781,0.02286763662849238,0.016949152542372836,1.0,0.5084745762711864,1.5937708591906747,0.04737394636455881
2023-11-06,2023-11-07,open,2023-11-08,2023-11-21,3,3,EXECUTED_ON_TIME,open,59,59,0,0.016107467870448724,-0.009908700433386541,0.026016168303835265,1.5254237288135584e-05,1.5254237288135584e-05,2.542372881355931e-05,2.033898305084745e-05,7.627118644067793e-05,0.016031196684008046,0.014256102791002204,0.05084745762711862,1.0,0.5254237288135593,1.619320913303601,0.04690453212168507
2023-11-07,2023-11-08,open,2023-11-09,2023-11-22,3,3,EXECUTED_ON_TIME,open,59,59,0,0.0014112100442606986,-0.01141181778425615,0.01282302782851685,5.08474576271185e-06,5.08474576271185e-06,8.474576271186419e-06,6.779661016949135e-06,2.5423728813559257e-05,0.0013857863154471393,0.0007059939380134199,0.016949152542372836,1.0,0.5084745762711864,1.6215649460655746,0.04636926614785661
2023-11-08,2023-11-09,open,2023-11-10,2023-11-23,2,3,EXECUTED_ON_TIME,open,59,59,0,-0.00033772933198617335,-0.01711466878039747,0.016776939448411295,1.0169491525423734e-05,1.0169491525423734e-05,1.694915254237289e-05,1.3559322033898314e-05,5.084745762711868e-05,-0.00038857678961329203,0.004244939669026574,0.03389830508474578,1.0,0.5169491525423728,1.620934843564683,0.045575671516145944
2023-11-09,2023-11-10,open,2023-11-13,2023-11-24,2,3,EXECUTED_ON_TIME,open,59,59,0,-0.0030904283442575943,-0.009850478397383289,0.006760050053125695,1.5254237288135584e-05,1.5254237288135584e-05,2.542372881355931e-05,2.033898305084745e-05,7.627118644067793e-05,-0.003166699530698272,-0.006633224118752645,0.05084745762711862,1.0,0.5254237288135593,1.6158018299562744,0.045126729348429914
2023-11-10,2023-11-13,open,2023-11-14,2023-11-27,2,3,UNEXECUTED_TIMEOUT,open,59,59,0,-0.004730212632462751,-0.016546319594447412,0.011816106961984662,1.0169491525423734e-05,1.0169491525423734e-05,1.694915254237289e-05,1.3559322033898314e-05,5.084745762711868e-05,-0.00478106009008987,-0.003907914155438312,0.03389830508474578,1.0,0.5169491525423728,1.6080765843135763,0.04438004806237866
2023-11-13,2023-11-14,open,2023-11-15,2023-11-28,3,3,UNEXECUTED_TIMEOUT,open,59,59,0,0.003426988539548536,-0.019672151289700346,0.023099139829248883,1.5254237288135584e-05,1.5254237288135584e-05,2.542372881355931e-05,2.033898305084745e-05,7.627118644067793e-05,0.0033507173531078576,-0.01172984079533584,0.05084745762711862,1.0,0.5254237288135593,1.613464794429762,0.043506997042651374
2023-11-14,2023-11-15,open,2023-11-16,2023-11-29,3,3,UNEXECUTED_TIMEOUT,open,59,59,0,-0.019771313429571506,-0.027093263055392836,0.00732194962582133,1.0169491525423734e-05,1.0169491525423734e-05,1.694915254237289e-05,1.3559322033898314e-05,5.084745762711868e-05,-0.019822160887198625,-0.010969250399907524,0.03389830508474578,1.0,0.5169491525423728,1.5814824356887442,0.04232825052702462
2023-11-15,2023-11-16,open,2023-11-17,2023-11-30,2,3,UNEXECUTED_TIMEOUT,open,59,59,0,-0.019111200512764243,-0.03206459573099674,0.012953395218232494,5.08474576271185e-06,5.08474576271185e-06,8.474576271186419e-06,6.779661016949135e-06,2.5423728813559257e-05,-0.0191366242415778,-0.010124728048425386,0.016949152542372836,1.0,0.5084745762711864,1.5512182005723134,0.04097101228587523
2023-11-16,2023-11-17,open,2023-11-20,2023-12-01,2,3,UNEXECUTED_TIMEOUT,open,59,59,0,0.0017641320016402032,-0.018838006565559784,0.020602138567199987,1.5254237288135584e-05,1.5254237288135584e-05,2.542372881355931e-05,2.033898305084745e-05,7.627118644067793e-05,0.0016878608151995253,-0.0018562155051695145,0.05084745762711862,1.0,0.5254237288135593,1.5538364409888838,0.04019920008743628
2023-11-17,2023-11-20,open,2023-11-21,2023-12-04,2,3,UNEXECUTED_TIMEOUT,open,59,59,0,-0.003280728382660857,-0.0248438887972231,0.021563160414562244,2.033898305084747e-05,2.033898305084747e-05,3.389830508474578e-05,2.7118644067796627e-05,0.00010169491525423735,-0.0033824232979150944,-0.003578357640160232,0.06779661016949157,1.0,0.5338983050847458,1.5485807084097336,0.03920049563072669
2023-11-20,2023-11-21,open,2023-11-22,2023-12-05,2,3,UNEXECUTED_TIMEOUT,open,59,59,0,-0.021185458711265502,-0.03840375843325772,0.017218299721992215,1.0169491525423734e-05,1.0169491525423734e-05,1.694915254237289e-05,1.3559322033898314e-05,5.084745762711868e-05,-0.021236306168892622,-0.01271729137545932,0.03389830508474578,1.0,0.5169491525423728,1.5156945743587038,0.037695049266060286
2023-11-21,2023-11-22,open,2023-11-23,2023-12-06,2,3,UNEXECUTED_TIMEOUT,open,59,59,0,-0.018876099907089976,-0.05086485579386557,0.03198875588677559,1.0169491525423734e-05,1.0169491525423734e-05,1.694915254237289e-05,1.3559322033898314e-05,5.084745762711868e-05,-0.018926947364717096,-0.012216334589636932,0.03389830508474578,1.0,0.5169491525423728,1.4870071029288292,0.03577769602099947
2023-11-22,2023-11-23,open,2023-11-24,2023-12-07,2,3,UNEXECUTED_TIMEOUT,open,59,59,0,-0.0013298748436238357,-0.04154691789389742,0.040217043050273585,5.08474576271185e-06,5.08474576271185e-06,8.474576271186419e-06,6.779661016949135e-06,2.5423728813559257e-05,-0.001355298572437395,-0.009688015351976694,0.016949152542372836,1.0,0.5084745762711864,1.4849917643250254,0.034291243021982186
2023-11-23,2023-11-24,open,2023-11-27,2023-12-08,2,3,UNEXECUTED_TIMEOUT,open,59,59,0,-0.01703372833279041,-0.0474034767848307,0.03036974845204029,1.0169491525423734e-05,1.0169491525423734e-05,1.694915254237289e-05,1.3559322033898314e-05,5.084745762711868e-05,-0.01708457579041753,-0.00634055837070821,0.03389830508474578,1.0,0.5169491525423728,1.4596213099792688,0.03266571887946666
2023-11-24,2023-11-27,open,2023-11-28,2023-12-11,2,3,UNEXECUTED_TIMEOUT,open,59,59,0,-0.009764156289526692,-0.04424824831055518,0.03448409202102849,1.0169491525423734e-05,1.0169491525423734e-05,1.694915254237289e-05,1.3559322033898314e-05,5.084745762711868e-05,-0.00981500374715381,-0.01259936747999887,0.03389830508474578,1.0,0.5169491525423728,1.4452951213523966,0.031220318039245232
2023-11-27,2023-11-28,open,2023-11-29,2023-12-12,2,3,UNEXECUTED_TIMEOUT,open,59,59,0,-0.0029043574495038215,-0.028671857530859657,0.025767500081355834,1.5254237288135584e-05,1.5254237288135584e-05,2.542372881355931e-05,2.033898305084745e-05,7.627118644067793e-05,-0.0029806286359444992,-0.004964326044503607,0.05084745762711862,1.0,0.5254237288135593,1.4409872333263027,0.030325173528355866
2023-11-28,2023-11-29,open,2023-11-30,2023-12-13,2,3,UNEXECUTED_TIMEOUT,open,59,59,0,-0.016637720804353946,-0.028487156723552065,0.011849435919198119,5.08474576271185e-06,5.08474576271185e-06,8.474576271186419e-06,6.779661016949135e-06,2.5423728813559257e-05,-0.016663144533167504,-0.009498418999088622,0.016949152542372836,1.0,0.5084745762711864,1.4169758547869373,0.029461295557384682
2023-11-29,2023-11-30,open,2023-12-01,2023-12-14,2,3,UNEXECUTED_TIMEOUT,open,59,59,0,-0.0038141780697934953,-0.028154216433315282,0.024340038363521787,2.542372881355932e-05,2.542372881355932e-05,4.23728813559322e-05,3.389830508474576e-05,0.0001271186440677966,-0.003941296713861292,-0.008885616949592091,0.0847457627118644,1.0,0.5423728813559322,1.4113911325068447,0.028631835865856204
2023-11-30,2023-12-01,open,2023-12-04,2023-12-15,2,3,UNEXECUTED_TIMEOUT,open,59,59,0,0.002022649525579429,-0.03671316913660061,0.03873581866218004,5.08474576271185e-06,5.08474576271185e-06,8.474576271186419e-06,6.779661016949135e-06,2.5423728813559257e-05,0.00199722579676587,-0.0009990504555803538,0.016949152542372836,1.0,0.5084745762711864,1.414209999286014,0.027580670433021637
2023-12-01,2023-12-04,open,2023-12-05,2023-12-18,2,3,UNEXECUTED_TIMEOUT,open,59,59,0,-0.014093212034924267,-0.04362310742894737,0.029529895394023106,1.0169491525423734e-05,1.0169491525423734e-05,1.694915254237289e-05,1.3559322033898314e-05,5.084745762711868e-05,-0.014144059492551386,-0.006532651089586279,0.03389830508474578,1.0,0.5169491525423728,1.3942073289211516,0.026377515883759542
2023-12-04,2023-12-05,open,2023-12-06,2023-12-19,2,3,UNEXECUTED_TIMEOUT,open,59,59,0,-0.018700603192192435,-0.036065725821645356,0.01736512262945292,1.5254237288135584e-05,1.5254237288135584e-05,2.542372881355931e-05,2.033898305084745e-05,7.627118644067793e-05,-0.018776874378633113,-0.0036503687211077666,0.05084745762711862,1.0,0.5254237288135593,1.3680284730482295,0.025426191628039774
2023-12-05,2023-12-06,open,2023-12-07,2023-12-20,2,3,UNEXECUTED_TIMEOUT,open,59,59,0,-0.0017324140330656748,-0.01580575463121492,0.014073340598149244,5.08474576271185e-06,5.08474576271185e-06,8.474576271186419e-06,6.779661016949135e-06,2.5423728813559257e-05,-0.0017578377618792341,-0.003151027826476523,0.016949152542372836,1.0,0.5084745762711864,1.3656237009389793,0.025024311481960725
2023-12-06,2023-12-07,open,2023-12-08,2023-12-21,2,3,UNEXECUTED_TIMEOUT,open,59,59,0,0.0031952753659335456,-0.03202451399490791,0.035219789360841455,5.08474576271185e-06,5.08474576271185e-06,8.474576271186419e-06,6.779661016949135e-06,2.5423728813559257e-05,0.0031698516371199865,-0.0015742227895501303,0.016949152542372836,1.0,0.5084745762711864,1.3699525254630904,0.02422292006869374
2023-12-07,2023-12-08,open,2023-12-11,2023-12-22,2,3,UNEXECUTED_TIMEOUT,open,59,59,0,0.006916088181005655,-0.018394632559902924,0.02531072074090858,1.0169491525423734e-05,1.0169491525423734e-05,1.694915254237289e-05,1.3559322033898314e-05,5.084745762711868e-05,0.006865240723378536,0.0025921768464636863,0.03389830508474578,1.0,0.5169491525423728,1.3793575793299948,0.02377734835450222
2023-12-08,2023-12-11,open,2023-12-12,2023-12-25,2,3,UNEXECUTED_TIMEOUT,open,59,59,0,0.011430100101326682,-0.014126188702838216,0.025556288804164898,1.0169491525423734e-05,1.0169491525423734e-05,1.694915254237289e-05,1.3559322033898314e-05,5.084745762711868e-05,0.011379252643699564,-0.002707903460757643,0.03389830508474578,1.0,0.5169491525423728,1.3950536377111926,0.0234414650447934
2023-12-11,2023-12-12,open,2023-12-13,2023-12-26,2,3,UNEXECUTED_TIMEOUT,open,59,59,0,0.0022928131431893023,-0.018945172401860666,0.021237985545049968,1.5254237288135584e-05,1.5254237288135584e-05,2.542372881355931e-05,2.033898305084745e-05,7.627118644067793e-05,0.0022165419567486246,0.004287294306793308,0.05084745762711862,1.0,0.5254237288135593,1.3981458326310943,0.022997362448167597
2023-12-12,2023-12-13,open,2023-12-14,2023-12-27,2,3,UNEXECUTED_TIMEOUT,open,59,59,0,-0.0027556050677143284,-0.02682761951313395,0.02407201444541962,5.08474576271185e-06,5.08474576271185e-06,8.474576271186419e-06,6.779661016949135e-06,2.5423728813559257e-05,-0.0027810287965278875,0.00036705291463948186,0.016949152542372836,1.0,0.5084745762711864,1.3942575488088018,0.022380397958602524
2023-12-13,2023-12-14,open,2023-12-15,2023-12-28,2,3,UNEXECUTED_TIMEOUT,open,59,59,0,0.008735277277979809,-0.015300298017497438,0.024035575295477247,1.5254237288135584e-05,1.5254237288135584e-05,2.542372881355931e-05,2.033898305084745e-05,7.627118644067793e-05,0.00865900609153913,0.015618559340315728,0.05084745762711862,1.0,0.5254237288135593,1.4063304334171114,0.022037971200085715
2023-12-14,2023-12-15,open,2023-12-18,2023-12-29,2,3,UNEXECUTED_TIMEOUT,open,59,59,0,0.00603427186928297,0.013419732205485646,-0.007385460336202676,5.08474576271185e-06,5.08474576271185e-06,8.474576271186419e-06,6.779661016949135e-06,2.5423728813559257e-05,0.006008848140469411,0.017458286922963546,0.016949152542372836,1.0,0.5084745762711864,1.4147808594268354,0.02233371487194307
2023-12-15,2023-12-18,open,2023-12-19,2024-01-02,2,3,UNEXECUTED_TIMEOUT,open,59,59,0,0.00017617639730685842,0.02915933630722911,-0.028983159909922254,1.5254237288135584e-05,1.5254237288135584e-05,2.542372881355931e-05,2.033898305084745e-05,7.627118644067793e-05,9.990521086618049e-05,0.00025098638070350005,0.05084745762711862,1.0,0.5254237288135593,1.4149222034069258,0.022984951174883823
2023-12-18,2023-12-19,open,2023-12-20,2024-01-03,2,3,UNEXECUTED_TIMEOUT,open,59,59,0,0.012745766807405223,0.016264440742589592,-0.003518673935184369,5.08474576271185e-06,5.08474576271185e-06,8.474576271186419e-06,6.779661016949135e-06,2.5423728813559257e-05,0.012720343078591663,0.009546028351049066,0.016949152542372836,1.0,0.5084745762711864,1.4329204992637787,0.023358788551239035
2023-12-19,2023-12-20,open,2023-12-21,2024-01-04,2,3,UNEXECUTED_TIMEOUT,open,59,59,0,-0.007995661447374576,0.012203043968027183,-0.02019870541540176,5.08474576271185e-06,5.08474576271185e-06,8.474576271186419e-06,6.779661016949135e-06,2.5423728813559257e-05,-0.008021085176188136,0.013172211736083971,0.016949152542372836,1.0,0.5084745762711864,1.4214269218884779,0.023643836874969654
2023-12-20,2023-12-21,open,2023-12-22,2024-01-05,2,3,UNEXECUTED_TIMEOUT,open,59,59,0,0.025341164923724284,0.016953042133792673,0.008388122789931611,1.0169491525423734e-05,1.0169491525423734e-05,1.694915254237289e-05,1.3559322033898314e-05,5.084745762711868e-05,0.025290317466097164,0.011965029261289051,0.03389830508474578,1.0,0.5169491525423728,1.4573752599978949,0.024044671837715536
2023-12-21,2023-12-22,open,2023-12-25,2024-01-08,2,3,UNEXECUTED_TIMEOUT,open,59,59,0,-0.0021922035708198282,-0.0020609905429307407,-0.00013121302788908756,5.08474576271185e-06,5.08474576271185e-06,8.474576271186419e-06,6.779661016949135e-06,2.5423728813559257e-05,-0.0022176272996333873,0.005033534379545698,0.016949152542372836,1.0,0.5084745762711864,1.4541433448355132,0.02399511599645013
2023-12-22,2023-12-25,open,2023-12-26,2024-01-09,2,3,UNEXECUTED_TIMEOUT,open,59,59,0,0.0047965876386548345,-0.013099290671533481,0.017895878310188316,1.5254237288135584e-05,1.5254237288135584e-05,2.542372881355931e-05,2.033898305084745e-05,7.627118644067793e-05,0.004720316452214156,0.0032405614242502338,0.05084745762711862,1.0,0.5254237288135593,1.4610073615900179,0.02368079699731547
2023-12-25,2023-12-26,open,2023-12-27,2024-01-10,2,3,EXECUTED_ON_TIME,open,59,59,0,-0.005647446593839054,-0.01904887165790592,0.013401425064066864,1.5254237288135584e-05,1.5254237288135584e-05,2.542372881355931e-05,2.033898305084745e-05,7.627118644067793e-05,-0.005723717780279732,0.0020207494293379633,0.05084745762711862,1.0,0.5254237288135593,1.4526449677773656,0.023229704534556684
2023-12-26,2023-12-27,open,2023-12-28,2024-01-11,2,2,EXECUTED_ON_TIME,open,59,59,0,0.005833324049190065,-0.015515218698817224,0.02134854274800729,5.08474576271185e-06,5.08474576271185e-06,8.474576271186419e-06,6.779661016949135e-06,2.5423728813559257e-05,0.005807900320376506,0.00432818675751007,0.016949152542372836,1.0,0.5084745762711864,1.4610817849511133,0.022869290588394132
2023-12-27,2023-12-28,open,2023-12-29,2024-01-12,2,2,EXECUTED_ON_TIME,open,59,59,0,0.030565068522362942,-0.015349460374983748,0.04591452889734669,1.0169491525423734e-05,1.0169491525423734e-05,1.694915254237289e-05,1.3559322033898314e-05,5.084745762711868e-05,0.030514221064735822,0.022429377451921487,0.03389830508474578,1.0,0.5169491525423728,1.5056655575307702,0.022518259318703587
2023-12-28,2023-12-29,open,2024-01-02,2024-01-15,2,2,EXECUTED_ON_TIME,open,59,59,0,0.004651748520806398,-0.04133728942698689,0.045989037947793285,1.0169491525423734e-05,1.0169491525423734e-05,1.694915254237289e-05,1.3559322033898314e-05,5.084745762711868e-05,0.004600901063179279,-0.004208881309812138,0.03389830508474578,1.0,0.5169491525423728,1.5125929757952061,0.021587415515854393
2023-12-29,2024-01-02,open,2024-01-03,2024-01-16,2,2,EXECUTED_ON_TIME,open,59,59,0,-0.01426532314995172,-0.04485842905458659,0.03059310590463487,5.08474576271185e-06,5.08474576271185e-06,8.474576271186419e-06,6.779661016949135e-06,2.5423728813559257e-05,-0.01429074687876528,-0.00771901498522753,0.016949152542372836,1.0,0.5084745762711864,1.4909768924475184,0.020619037968464555
2024-01-02,2024-01-03,open,2024-01-04,2024-01-17,2,2,EXECUTED_ON_TIME,open,59,59,0,-0.0030126874049454396,-0.02621821140616909,0.02320552400122365,1.0169491525423734e-05,1.0169491525423734e-05,1.694915254237289e-05,1.3559322033898314e-05,5.084745762711868e-05,-0.0030635348625725582,0.0019059947650444738,0.03389830508474578,1.0,0.5169491525423728,1.4864092327582152,0.020078443672015524
2024-01-03,2024-01-04,open,2024-01-05,2024-01-18,2,2,EXECUTED_ON_TIME,open,59,59,0,-0.013883974147197938,-0.04762548144144885,0.033741507294250905,1.5254237288135584e-05,1.5254237288135584e-05,2.542372881355931e-05,2.033898305084745e-05,7.627118644067793e-05,-0.013960245333638616,-0.007670068509426305,0.05084745762711862,1.0,0.5254237288135593,1.465658595202725,0.019122198125540772
2024-01-04,2024-01-05,open,2024-01-08,2024-01-19,2,2,EXECUTED_ON_TIME,open,59,59,0,-0.009915793101495794,-0.02396278580890232,0.014046992707406527,5.08474576271185e-06,5.08474576271185e-06,8.474576271186419e-06,6.779661016949135e-06,2.5423728813559257e-05,-0.009941216830309354,0.003455635975947587,0.016949152542372836,1.0,0.5084745762711864,1.451088165308608,0.018663976987663044
2024-01-05,2024-01-08,open,2024-01-09,2024-01-22,2,3,EXECUTED_ON_TIME,open,59,59,0,-0.016361002329297297,-0.018099051798212584,0.001738049468915287,5.08474576271185e-06,5.08474576271185e-06,8.474576271186419e-06,6.779661016949135e-06,2.5423728813559257e-05,-0.016386426058110855,-0.010492183498777835,0.016949152542372836,1.0,0.5084745762711864,1.427310016383979,0.018326176701402682
2024-01-08,2024-01-09,open,2024-01-10,2024-01-23,2,3,EXECUTED_ON_TIME,open,59,59,0,-0.004645330463273127,-0.02381592766987528,0.019170597206602153,5.08474576271185e-06,5.08474576271185e-06,8.474576271186419e-06,6.779661016949135e-06,2.5423728813559257e-05,-0.004670754192086686,0.0021018917822748576,0.016949152542372836,1.0,0.5084745762711864,1.4206434021415462,0.017889721802616724
2024-01-09,2024-01-10,open,2024-01-11,2024-01-24,2,2,EXECUTED_ON_TIME,open,59,59,0,-0.002340621111854494,-0.010881658083127799,0.008541036971273305,1.0169491525423734e-05,1.0169491525423734e-05,1.694915254237289e-05,1.3559322033898314e-05,5.084745762711868e-05,-0.002391468569481613,0.00379020946251419,0.03389830508474578,1.0,0.5169491525423728,1.4172459780968834,0.01769505196675837
2024-01-10,2024-01-11,open,2024-01-12,2024-01-25,2,3,EXECUTED_ON_TIME,open,59,59,0,0.011071533066495939,-0.0002961552635186715,0.01136768833001461,5.08474576271185e-06,5.08474576271185e-06,8.474576271186419e-06,6.779661016949135e-06,2.5423728813559257e-05,0.011046109337682379,0.0006510857769375933,0.016949152542372836,1.0,0.5084745762711864,1.432901032129332,0.01768981148398018
2024-01-11,2024-01-12,open,2024-01-15,2024-01-26,2,3,EXECUTED_ON_TIME,open,59,59,0,-0.005376134493204214,0.012875880156791641,-0.018252014649995856,1.5254237288135584e-05,1.5254237288135584e-05,2.542372881355931e-05,2.033898305084745e-05,7.627118644067793e-05,-0.005452405679644892,0.004363287836399385,0.05084745762711862,1.0,0.5254237288135593,1.425088274403381,0.017917583376644144
2024-01-12,2024-01-15,open,2024-01-16,2024-01-29,2,3,EXECUTED_ON_TIME,open,59,59,0,-0.001819391821551513,0.019966037767006117,-0.02178542958855763,1.5254237288135584e-05,1.5254237288135584e-05,2.542372881355931e-05,2.033898305084745e-05,7.627118644067793e-05,-0.001895663007992191,-0.007618860562373998,0.05084745762711862,1.0,0.5254237288135593,1.4223867872784712,0.018275326523035703
2024-01-15,2024-01-16,open,2024-01-17,2024-01-30,2,3,EXECUTED_ON_TIME,open,59,59,0,-0.007033260091059626,0.003461193049745903,-0.01049445314080553,2.033898305084747e-05,2.033898305084747e-05,3.389830508474578e-05,2.7118644067796627e-05,0.00010169491525423735,-0.007134955006313864,-0.007614431797843886,0.06779661016949157,1.0,0.5338983050847458,1.412238121549664,0.01833858095617907
2024-01-16,2024-01-17,open,2024-01-18,2024-01-31,1,2,EXECUTED_ON_TIME,open,59,59,0,-0.031868659597232236,-0.018108016707893526,-0.01376064288933871,1.5254237288135584e-05,1.5254237288135584e-05,2.542372881355931e-05,2.033898305084745e-05,7.627118644067793e-05,-0.031944930783672915,-0.008252037175994174,0.05084745762711862,1.0,0.5254237288135593,1.3671242725066957,0.018006505625825522
2024-01-17,2024-01-18,open,2024-01-19,2024-02-01,1,2,EXECUTED_ON_TIME,open,59,59,0,0.012494240389324665,-0.0037420464402025955,0.016236286829527262,2.033898305084747e-05,2.033898305084747e-05,3.389830508474578e-05,2.7118644067796627e-05,0.00010169491525423735,0.012392545474070427,-0.004250183422977278,0.06779661016949157,1.0,0.5338983050847458,1.3840664222224406,0.017939124445547915
2024-01-18,2024-01-19,open,2024-01-22,2024-02-02,1,2,EXECUTED_ON_TIME,open,59,59,0,-0.009562262319953265,-0.012684136305250893,0.003121873985297627,1.0169491525423734e-05,1.0169491525423734e-05,1.694915254237289e-05,1.3559322033898314e-05,5.084745762711868e-05,-0.009613109777580384,-0.002877609676304037,0.03389830508474578,1.0,0.5169491525423728,1.3707612397661535,0.01771158214588373
2024-01-19,2024-01-22,open,2024-01-23,2024-02-05,1,2,EXECUTED_ON_TIME,open,59,59,0,-0.038828424898988904,-0.030105726675104028,-0.008722698223884877,1.0169491525423734e-05,1.0169491525423734e-05,1.694915254237289e-05,1.3559322033898314e-05,5.084745762711868e-05,-0.03887927235661602,-0.010979738919055806,0.03389830508474578,1.0,0.5169491525423728,1.3174670401893926,0.017178362094816102
2024-01-22,2024-01-23,open,2024-01-24,2024-02-06,1,2,EXECUTED_ON_TIME,open,59,59,0,0.0256788387079181,-0.007225336239010116,0.03290417494692822,1.0169491525423734e-05,1.0169491525423734e-05,1.694915254237289e-05,1.3559322033898314e-05,5.084745762711868e-05,0.02562799125029098,0.006059386060277675,0.03389830508474578,1.0,0.5169491525423728,1.3512310739679132,0.01705424265264559
2024-01-23,2024-01-24,open,2024-01-25,2024-02-07,1,2,EXECUTED_ON_TIME,open,59,59,0,0.006135569405059782,0.020971306168685366,-0.014835736763625585,1.0169491525423734e-05,1.0169491525423734e-05,1.694915254237289e-05,1.3559322033898314e-05,5.084745762711868e-05,0.006084721947432663,0.00011573402796049605,0.03389830508474578,1.0,0.5169491525423728,1.3594529393397388,0.017411892396789273
2024-01-24,2024-01-25,open,2024-01-26,2024-02-08,1,2,UNEXECUTED_TIMEOUT,open,59,59,0,0.024829349922841235,0.02353635344416083,0.0012929964786804055,1.5254237288135584e-05,1.5254237288135584e-05,2.542372881355931e-05,2.033898305084745e-05,7.627118644067793e-05,0.024753078736400556,0.011266089138518032,0.05084745762711862,1.0,0.5254237288135593,1.3931035849856463,0.0178217048503718
2024-01-25,2024-01-26,open,2024-01-29,2024-02-19,2,2,UNEXECUTED_TIMEOUT,open,59,59,0,8.735275958938203e-06,0.02000362527193289,-0.01999488999597395,2.542372881355932e-05,2.542372881355932e-05,4.23728813559322e-05,3.389830508474576e-05,0.0001271186440677966,-0.00011838336810885841,0.002660919402610653,0.0847457627118644,1.0,0.5423728813559322,1.3929386646911313,0.018178203555905628
2024-01-26,2024-01-29,open,2024-01-30,2024-02-20,2,2,UNEXECUTED_TIMEOUT,open,59,59,0,-0.02149379649103918,0.01792831671460715,-0.03942211320564633,1.0169491525423734e-05,1.0169491525423734e-05,1.694915254237289e-05,1.3559322033898314e-05,5.084745762711868e-05,-0.0215446439486663,0.0044457467344754115,0.03389830508474578,1.0,0.5169491525423728,1.36292829711803,0.018504108146558503
2024-01-29,2024-01-30,open,2024-01-31,2024-02-21,2,2,UNEXECUTED_TIMEOUT,open,59,59,0,-0.009423221506918105,0.032420008173213555,-0.04184322968013166,5.08474576271185e-06,5.08474576271185e-06,8.474576271186419e-06,6.779661016949135e-06,2.5423728813559257e-05,-0.009448645235731665,0.006130778816372995,0.016949152542372836,1.0,0.5084745762711864,1.350050471156822,0.019104011483907956
2024-01-30,2024-01-31,open,2024-02-01,2024-02-22,1,2,UNEXECUTED_TIMEOUT,open,59,59,0,-0.0016798717257578563,0.0677103786024198,-0.06939025032817765,5.08474576271185e-06,5.08474576271185e-06,8.474576271186419e-06,6.779661016949135e-06,2.5423728813559257e-05,-0.0017052954545714156,0.017066483880297193,0.016949152542372836,1.0,0.5084745762711864,1.3477482362249162,0.020397551334308338
2024-01-31,2024-02-01,open,2024-02-02,2024-02-23,2,3,UNEXECUTED_TIMEOUT,open,59,59,0,0.04124937528412287,0.09027416921070652,-0.049024793926583654,1.0169491525423734e-05,1.0169491525423734e-05,1.694915254237289e-05,1.3559322033898314e-05,5.084745762711868e-05,0.04119852782649575,0.022091586178812846,0.03389830508474578,1.0,0.5169491525423728,1.403273479438139,0.022238923334945763
2024-02-01,2024-02-02,open,2024-02-05,2024-02-26,2,3,UNEXECUTED_TIMEOUT,open,59,59,0,0.002534155463862588,0.08250946543543791,-0.07997530997157533,1.5254237288135584e-05,1.5254237288135584e-05,2.542372881355931e-05,2.033898305084745e-05,7.627118644067793e-05,0.0024578842774219097,0.022676952737344977,0.05084745762711862,1.0,0.5254237288135593,1.406722563260173,0.024073845011171824
2024-02-02,2024-02-05,open,2024-02-06,2024-02-27,2,3,UNEXECUTED_TIMEOUT,open,59,59,0,0.0383838445948243,0.08716188670301017,-0.04877804210818587,1.0169491525423734e-05,1.0169491525423734e-05,1.694915254237289e-05,1.3559322033898314e-05,5.084745762711868e-05,0.038332997137197185,0.04648375959673467,0.03389830508474578,1.0,0.5169491525423728,1.460646455250456,0.02617216676254141
2024-02-05,2024-02-06,open,2024-02-07,2024-02-28,2,3,UNEXECUTED_TIMEOUT,open,59,59,0,0.1017989600270848,0.09876022290244091,0.003038737124643892,1.0169491525423734e-05,1.0169491525423734e-05,1.694915254237289e-05,1.3559322033898314e-05,5.084745762711868e-05,0.10174811256945768,0.03931774556287861,0.03389830508474578,1.0,0.5169491525423728,1.6092644752034588,0.028756935785849855
2024-02-06,2024-02-07,open,2024-02-08,2024-02-29,2,3,UNEXECUTED_TIMEOUT,open,59,59,0,0.05830859254552754,0.03737653630880344,0.020932056236724096,1.0169491525423734e-05,1.0169491525423734e-05,1.694915254237289e-05,1.3559322033898314e-05,5.084745762711868e-05,0.05825774508790042,0.03743460462579293,0.03389830508474578,1.0,0.5169491525423728,1.7030165947788758,0.0298317704403796
2024-02-07,2024-02-08,open,2024-02-19,2024-03-01,2,3,UNEXECUTED_TIMEOUT,open,59,59,0,0.06241822072149813,0.04883146023831797,0.013586760483180159,1.5254237288135584e-05,1.5254237288135584e-05,2.542372881355931e-05,2.033898305084745e-05,7.627118644067793e-05,0.06234194953505745,0.04685085618154659,0.05084745762711862,1.0,0.5254237288135593,1.809185969387946,0.03128849935247763
2024-02-08,2024-02-19,open,2024-02-20,2024-03-04,2,3,UNEXECUTED_TIMEOUT,open,59,59,0,0.03483100012359471,0.04278390376966579,-0.007952903646071076,1.5254237288135584e-05,1.5254237288135584e-05,2.542372881355931e-05,2.033898305084745e-05,7.627118644067793e-05,0.034754728937154034,0.020100531996909532,0.05084745762711862,1.0,0.5254237288135593,1.8720637373509266,0.03262714349787128
2024-02-19,2024-02-20,open,2024-02-21,2024-03-05,2,3,UNEXECUTED_TIMEOUT,open,59,59,0,0.03180188643541545,0.03822228610340739,-0.00642039966799194,1.0169491525423734e-05,1.0169491525423734e-05,1.694915254237289e-05,1.3559322033898314e-05,5.084745762711868e-05,0.03175103897778833,0.034109568769483976,0.03389830508474578,1.0,0.5169491525423728,1.9315037060444602,0.033874227511383845
2024-02-20,2024-02-21,open,2024-02-22,2024-03-06,2,3,UNEXECUTED_TIMEOUT,open,59,59,0,0.04948004674796917,0.04901246533556014,0.00046758141240903217,1.0169491525423734e-05,1.0169491525423734e-05,1.694915254237289e-05,1.3559322033898314e-05,5.084745762711868e-05,0.049429199290342056,0.03512403427012943,0.03389830508474578,1.0,0.5169491525423728,2.0269763876605658,0.03553448691305442
2024-02-21,2024-02-22,open,2024-02-23,2024-03-07,2,3,UNEXECUTED_TIMEOUT,open,59,59,0,0.04019630426018946,0.028330152981492995,0.011866151278696467,5.08474576271185e-06,5.08474576271185e-06,8.474576271186419e-06,6.779661016949135e-06,2.5423728813559257e-05,0.0401708805313759,0.024245760685322606,0.016949152542372836,1.0,0.5084745762711864,2.108401813969198,0.03654118436342011
2024-02-22,2024-02-23,open,2024-02-26,2024-03-08,2,3,UNEXECUTED_TIMEOUT,open,59,59,0,0.02652121918540022,0.01094537708619936,0.015575842099200862,1.5254237288135584e-05,1.5254237288135584e-05,2.542372881355931e-05,2.033898305084745e-05,7.627118644067793e-05,0.026444947998959543,0.036472123066656766,0.05084745762711862,1.0,0.5254237288135593,2.1641583903005253,0.03694114140545408
2024-02-23,2024-02-26,open,2024-02-27,2024-03-11,2,3,UNEXECUTED_TIMEOUT,open,59,59,0,0.022046803304525627,0.01732872037441524,0.0047180829301103865,2.542372881355932e-05,2.542372881355932e-05,4.23728813559322e-05,3.389830508474576e-05,0.0001271186440677966,0.02191968466045783,0.02913308624374881,0.0847457627118644,1.0,0.5423728813559322,2.211596059771197,0.03758128411518092
2024-02-26,2024-02-27,open,2024-02-28,2024-03-12,2,3,UNEXECUTED_TIMEOUT,open,59,59,0,0.050462411867684846,0.04433973672490987,0.006122675142774973,1.0169491525423734e-05,1.0169491525423734e-05,1.694915254237289e-05,1.3559322033898314e-05,5.084745762711868e-05,0.05041156441005773,0.02243797765632731,0.03389830508474578,1.0,0.5169491525423728,2.3230860769873827,0.03924762835863208
2024-02-27,2024-02-28,open,2024-02-29,2024-03-13,2,3,UNEXECUTED_TIMEOUT,open,59,59,0,-0.014799312897797894,0.027028486559045994,-0.04182779945684389,1.0169491525423734e-05,1.0169491525423734e-05,1.694915254237289e-05,1.3559322033898314e-05,5.084745762711868e-05,-0.014850160355425012,0.010033315566355214,0.03389830508474578,1.0,0.5169491525423728,2.288587876224665,0.0403084323541978
2024-02-28,2024-02-29,open,2024-03-01,2024-03-14,2,3,UNEXECUTED_TIMEOUT,open,59,59,0,0.05266280964182749,0.03894559989854263,0.013717209743284865,1.0169491525423734e-05,1.0169491525423734e-05,1.694915254237289e-05,1.3559322033898314e-05,5.084745762711868e-05,0.052611962184200375,0.019045714192633456,0.03389830508474578,1.0,0.5169491525423728,2.408994975023816,0.04187826843320186
2024-02-29,2024-03-01,open,2024-03-04,2024-03-15,2,3,EXECUTED_ON_TIME,open,59,59,0,0.019948995091650178,0.011336367326977959,0.008612627764672219,5.08474576271185e-06,5.08474576271185e-06,8.474576271186419e-06,6.779661016949135e-06,2.5423728813559257e-05,0.01992357136283662,0.0077456350388656805,0.016949152542372836,1.0,0.5084745762711864,2.456990758321418,0.04235301586717842
2024-03-01,2024-03-04,open,2024-03-05,2024-03-18,2,3,EXECUTED_ON_TIME,open,59,59,0,-0.0029020444228669063,0.010934425664275604,-0.01383647008714251,5.08474576271185e-06,5.08474576271185e-06,8.474576271186419e-06,6.779661016949135e-06,2.5423728813559257e-05,-0.0029274681516804654,-0.005407029716900134,0.016949152542372836,1.0,0.5084745762711864,2.449797996127459,0.04281612177083597
2024-03-04,2024-03-05,open,2024-03-06,2024-03-19,2,3,EXECUTED_ON_TIME,open,59,59,0,0.005930875391175277,0.01939764491211826,-0.013466769520942985,2.033898305084747e-05,2.033898305084747e-05,3.389830508474578e-05,2.7118644067796627e-05,0.00010169491525423735,0.005829180475921039,0.0023215671802903244,0.06779661016949157,1.0,0.5338983050847458,2.4640783107764355,0.04364665369746066
2024-03-05,2024-03-06,open,2024-03-07,2024-03-20,2,2,EXECUTED_ON_TIME,open,59,59,0,0.00783383233696173,0.0034258091871519625,0.0044080231498097675,2.033898305084747e-05,2.033898305084747e-05,3.389830508474578e-05,2.7118644067796627e-05,0.00010169491525423735,0.007732137421707493,0.0047271795554924695,0.06779661016949157,1.0,0.5338983050847458,2.4831309028932074,0.04379617880468586
2024-03-06,2024-03-07,open,2024-03-08,2024-03-21,2,2,EXECUTED_ON_TIME,open,59,59,0,-0.008571670629530922,0.012674103696597161,-0.021245774326128085,5.08474576271185e-06,5.08474576271185e-06,8.474576271186419e-06,6.779661016949135e-06,2.5423728813559257e-05,-0.008597094358344482,-0.0014184239207597447,0.016949152542372836,1.0,0.5084745762711864,2.4617831922169136,0.044351256116371154
2024-03-07,2024-03-08,open,2024-03-11,2024-03-22,1,2,EXECUTED_ON_TIME,open,59,59,0,0.016061099329337372,0.011821050326231264,0.004240049003106108,2.542372881355932e-05,2.542372881355932e-05,4.23728813559322e-05,3.389830508474576e-05,0.0001271186440677966,0.015933980685269574,0.008632495219205968,0.0847457627118644,1.0,0.5423728813559322,2.501009198053019,0.04487553454695435
2024-03-08,2024-03-11,open,2024-03-12,2024-03-25,2,2,EXECUTED_ON_TIME,open,59,59,0,0.021088110283993978,-0.0026026927110786024,0.02369080299507258,1.5254237288135584e-05,1.5254237288135584e-05,2.542372881355931e-05,2.033898305084745e-05,7.627118644067793e-05,0.0210118390975533,0.0068097579136660105,0.05084745762711862,1.0,0.5254237288135593,2.5535600009040103,0.04475873732028324
2024-03-11,2024-03-12,open,2024-03-13,2024-03-26,2,2,EXECUTED_ON_TIME,open,59,59,0,0.007779259081034463,-0.018343626298961024,0.02612288537999549,2.033898305084747e-05,2.033898305084747e-05,3.389830508474578e-05,2.7118644067796627e-05,0.00010169491525423735,0.007677564165780226,0.015878496633150822,0.06779661016949157,1.0,0.5338983050847458,2.5731651216621207,0.0439376997692666
2024-03-12,2024-03-13,open,2024-03-14,2024-03-27,2,2,EXECUTED_ON_TIME,open,59,59,0,-0.009696098893563064,-0.015495402458420848,0.005799303564857784,5.08474576271185e-06,5.08474576271185e-06,8.474576271186419e-06,6.779661016949135e-06,2.5423728813559257e-05,-0.009721522622376624,8.203215180410152e-05,0.016949152542372836,1.0,0.5084745762711864,2.548150038720772,0.04325686742824455
2024-03-13,2024-03-14,open,2024-03-15,2024-03-28,2,3,EXECUTED_ON_TIME,open,59,59,0,-0.016123804346256834,-0.020523888729149564,0.00440008438289273,1.0169491525423734e-05,1.0169491525423734e-05,1.694915254237289e-05,1.3559322033898314e-05,5.084745762711868e-05,-0.016174651803883954,-0.017490955830537364,0.03389830508474578,1.0,0.5169491525423728,2.50693459910041,0.042369068294375686
2024-03-14,2024-03-15,open,2024-03-18,2024-03-29,2,2,EXECUTED_ON_TIME,open,59,59,0,0.005457661585864308,-0.010696201053923549,0.016153862639787856,5.08474576271185e-06,5.08474576271185e-06,8.474576271186419e-06,6.779661016949135e-06,2.5423728813559257e-05,0.005432237857050749,-0.017764990985545525,0.016949152542372836,1.0,0.5084745762711864,2.520552864134794,0.041915880221431626
2024-03-15,2024-03-18,open,2024-03-19,2024-04-01,2,3,EXECUTED_ON_TIME,open,59,59,0,0.011285288557329019,-0.007121498796775927,0.018406787354104948,1.0169491525423734e-05,1.0169491525423734e-05,1.694915254237289e-05,1.3559322033898314e-05,5.084745762711868e-05,0.0112344410997019,0.0012653789710647973,0.03389830508474578,1.0,0.5169491525423728,2.548869866825601,0.0416173763308689
2024-03-18,2024-03-19,open,2024-03-20,2024-04-02,2,3,EXECUTED_ON_TIME,open,59,59,0,-0.009110221665442737,-3.311682167572716e-05,-0.00907710484376701,1.0169491525423734e-05,1.0169491525423734e-05,1.694915254237289e-05,1.3559322033898314e-05,5.084745762711868e-05,-0.009161069123069856,-0.001464519834488076,0.03389830508474578,1.0,0.5169491525423728,2.5255194937899015,0.04161599809563834
2024-03-19,2024-03-20,open,2024-03-21,2024-04-03,2,2,EXECUTED_ON_TIME,open,59,59,0,0.003348863784537045,0.0027931614619935985,0.0005557023225434463,1.5254237288135584e-05,1.5254237288135584e-05,2.542372881355931e-05,2.033898305084745e-05,7.627118644067793e-05,0.003272592598096367,-0.01209743186827107,0.05084745762711862,1.0,0.5254237288135593,2.533784490191626,0.04173223829772148
2024-03-20,2024-03-21,open,2024-03-22,2024-04-08,1,2,EXECUTED_ON_TIME,open,59,59,0,-0.013296800503479629,-0.010997559190330408,-0.0022992413131492206,1.5254237288135584e-05,1.5254237288135584e-05,2.542372881355931e-05,2.033898305084745e-05,7.627118644067793e-05,-0.013373071689920307,-0.0030478986557129373,0.05084745762711862,1.0,0.5254237288135593,2.4999000085574856,0.04127328553689731
2024-03-21,2024-03-22,open,2024-03-25,2024-04-09,1,2,EXECUTED_ON_TIME,open,59,59,0,-0.014156296754887897,-0.010609379173930567,-0.003546917580957331,1.5254237288135584e-05,1.5254237288135584e-05,2.542372881355931e-05,2.033898305084745e-05,7.627118644067793e-05,-0.014232567941328576,-0.014736009412811963,0.05084745762711862,1.0,0.5254237288135593,2.4643200118391633,0.04083540160088246
2024-03-22,2024-03-25,open,2024-03-26,2024-04-10,1,2,EXECUTED_ON_TIME,open,59,59,0,-0.015579337358967167,-0.0021901686141430066,-0.01338916874482416,1.0169491525423734e-05,1.0169491525423734e-05,1.694915254237289e-05,1.3559322033898314e-05,5.084745762711868e-05,-0.015630184816594287,-0.00322961064731328,0.03389830508474578,1.0,0.5169491525423728,2.4258022346068855,0.040745965185950285
2024-03-25,2024-03-26,open,2024-03-27,2024-04-11,1,2,EXECUTED_ON_TIME,open,59,59,0,-0.0017668403287794032,-0.011810818213833785,0.010043977885054381,1.5254237288135584e-05,1.5254237288135584e-05,2.542372881355931e-05,2.033898305084745e-05,7.627118644067793e-05,-0.0018431115152200812,0.006497726783322319,0.05084745762711862,1.0,0.5254237288135593,2.421331210574635,0.040264721998191824
2024-03-26,2024-03-27,open,2024-03-28,2024-04-12,2,3,EXECUTED_ON_TIME,open,59,59,0,-0.024167999108068678,-0.009318047974354648,-0.01484995113371403,1.0169491525423734e-05,1.0169491525423734e-05,1.694915254237289e-05,1.3559322033898314e-05,5.084745762711868e-05,-0.024218846565695798,-0.006112715203272903,0.03389830508474578,1.0,0.5169491525423728,2.362689361500997,0.03988953338693862
2024-03-27,2024-03-28,open,2024-03-29,2024-04-15,2,3,EXECUTED_ON_TIME,open,59,59,0,0.011306016327602125,-0.007139382166322372,0.018445398493924497,1.0169491525423734e-05,1.0169491525423734e-05,1.694915254237289e-05,1.3559322033898314e-05,5.084745762711868e-05,0.011255168869975006,-0.005175707745865069,0.03389830508474578,1.0,0.5169491525423728,2.389281829251984,0.039604746763652984
2024-03-28,2024-03-29,open,2024-04-01,2024-04-16,2,3,EXECUTED_ON_TIME,open,59,59,0,0.0032990023676640902,0.004686252002128022,-0.0013872496344639316,1.0169491525423734e-05,1.0169491525423734e-05,1.694915254237289e-05,1.3559322033898314e-05,5.084745762711868e-05,0.0032481549100369716,-0.012931635894614558,0.03389830508474578,1.0,0.5169491525423728,2.3970425867571308,0.03979034458746793
2024-03-29,2024-04-01,open,2024-04-02,2024-04-17,2,3,EXECUTED_ON_TIME,open,59,59,0,0.013137055128987968,-0.01195242007646169,0.025089475205449657,1.0169491525423734e-05,1.0169491525423734e-05,1.694915254237289e-05,1.3559322033898314e-05,5.084745762711868e-05,0.01308620767136085,0.004367591358909082,0.03389830508474578,1.0,0.5169491525423728,2.4284107838445306,0.039314753673971345
2024-04-01,2024-04-02,open,2024-04-03,2024-04-18,2,2,EXECUTED_ON_TIME,open,59,59,0,-0.00718353523419166,-0.011873747815678404,0.004690212581486743,1.0169491525423734e-05,1.0169491525423734e-05,1.694915254237289e-05,1.3559322033898314e-05,5.084745762711868e-05,-0.0072343826918187795,0.004645603553887413,0.03389830508474578,1.0,0.5169491525423728,2.4108427309012597,0.03884794020341109
2024-04-02,2024-04-03,open,2024-04-08,2024-04-19,2,3,EXECUTED_ON_TIME,open,59,59,0,-0.005354468099483322,-0.007845062598430097,0.002490594498946775,1.0169491525423734e-05,1.0169491525423734e-05,1.694915254237289e-05,1.3559322033898314e-05,5.084745762711868e-05,-0.005405315557110441,0.005997688271685961,0.03389830508474578,1.0,0.5169491525423728,2.3978113651821724,0.03854317568069526
2024-04-03,2024-04-08,open,2024-04-09,2024-04-22,2,3,EXECUTED_ON_TIME,open,59,59,0,-0.010849954914873419,-0.004888344207420348,-0.005961610707453071,1.5254237288135584e-05,1.5254237288135584e-05,2.542372881355931e-05,2.033898305084745e-05,7.627118644067793e-05,-0.010926226101314097,-0.009943259806105142,0.05084745762711862,1.0,0.5254237288135593,2.3716123360578916,0.03835476337112095
2024-04-08,2024-04-09,open,2024-04-10,2024-04-23,2,3,EXECUTED_ON_TIME,open,59,59,0,0.009850555319398895,-0.002184024667563844,0.012034579986962739,1.0169491525423734e-05,1.0169491525423734e-05,1.694915254237289e-05,1.3559322033898314e-05,5.084745762711868e-05,0.009799707861771777,0.01676424091716476,0.03389830508474578,1.0,0.5169491525423728,2.394853444112633,0.03827099562179985
2024-04-09,2024-04-10,open,2024-04-11,2024-04-24,2,3,EXECUTED_ON_TIME,open,59,59,0,-0.008778101068485368,-0.0042383495684856776,-0.004539751499999691,1.5254237288135584e-05,1.5254237288135584e-05,2.542372881355931e-05,2.033898305084745e-05,7.627118644067793e-05,-0.008854372254926047,0.011303185165567333,0.05084745762711862,1.0,0.5254237288135593,2.373648520222468,0.03810878976402068
2024-04-10,2024-04-11,open,2024-04-12,2024-04-25,2,2,EXECUTED_ON_TIME,open,59,59,0,0.007295216806217232,0.0073488628071674,-5.364600095016797e-05,1.0169491525423734e-05,1.0169491525423734e-05,1.694915254237289e-05,1.3559322033898314e-05,5.084745762711868e-05,0.007244369348590113,-0.005409699521206755,0.03389830508474578,1.0,0.5169491525423728,2.390844106806694,0.038388846031743654
2024-04-11,2024-04-12,open,2024-04-15,2024-04-26,2,2,EXECUTED_ON_TIME,open,59,59,0,0.0007619308249505477,0.00747771518220075,-0.006715784357250202,5.08474576271185e-06,5.08474576271185e-06,8.474576271186419e-06,6.779661016949135e-06,2.5423728813559257e-05,0.0007365070961369885,-0.0006353672951970429,0.016949152542372836,1.0,0.5084745762711864,2.3926049804571146,0.03867590688854239
2024-04-12,2024-04-15,open,2024-04-16,2024-04-29,2,2,EXECUTED_ON_TIME,open,59,59,0,0.01694379633840291,0.03196713406199203,-0.01502333772358912,5.08474576271185e-06,5.08474576271185e-06,8.474576271186419e-06,6.779661016949135e-06,2.5423728813559257e-05,0.016918372609589352,0.014383030886156108,0.016949152542372836,1.0,0.5084745762711864,2.4330839630240475,0.03991226478901754
2024-04-15,2024-04-16,open,2024-04-17,2024-04-30,2,3,EXECUTED_ON_TIME,open,59,59,0,0.0017065126741072822,0.024309694670574533,-0.022603181996467252,1.5254237288135584e-05,1.5254237288135584e-05,2.542372881355931e-05,2.033898305084745e-05,7.627118644067793e-05,0.0016302414876666043,0.016375205975784426,0.05084745762711862,1.0,0.5254237288135593,2.4370504774435453,0.04088251975964968
2024-04-16,2024-04-17,open,2024-04-18,2024-05-06,2,3,EXECUTED_ON_TIME,open,59,59,0,0.027201910769698648,0.04129710709087031,-0.014095196321171663,1.5254237288135584e-05,1.5254237288135584e-05,2.542372881355931e-05,2.033898305084745e-05,7.627118644067793e-05,0.02712563958325797,0.009541560271196379,0.05084745762711862,1.0,0.5254237288135593,2.5031570303408857,0.042570849556308556
2024-04-17,2024-04-18,open,2024-04-19,2024-05-07,2,3,EXECUTED_ON_TIME,open,59,59,0,0.0064079352190912625,0.02997981161260377,-0.023571876393512506,2.033898305084747e-05,2.033898305084747e-05,3.389830508474578e-05,2.7118644067796627e-05,0.00010169491525423735,0.006306240303837025,0.011272923092504925,0.06779661016949157,1.0,0.5338983050847458,2.5189425400924543,0.04384711560619518
2024-04-18,2024-04-19,open,2024-04-22,2024-05-08,2,3,EXECUTED_ON_TIME,open,59,59,0,-0.0017105720538928737,0.028203330752555544,-0.029913902806448418,1.5254237288135584e-05,1.5254237288135584e-05,2.542372881355931e-05,2.033898305084745e-05,7.627118644067793e-05,-0.0017868432403335517,0.022293860262756957,0.05084745762711862,1.0,0.5254237288135593,2.5144415846419017,0.04508375031018225
2024-04-19,2024-04-22,open,2024-04-23,2024-05-09,2,3,EXECUTED_ON_TIME,open,59,59,0,0.010109065531584784,0.026647369028308443,-0.01653830349672366,1.5254237288135584e-05,1.5254237288135584e-05,2.542372881355931e-05,2.033898305084745e-05,7.627118644067793e-05,0.010032794345144105,0.0015507106434955766,0.05084745762711862,1.0,0.5254237288135593,2.5396684599534924,0.04628511364187779
2024-04-22,2024-04-23,open,2024-04-24,2024-05-10,2,3,UNEXECUTED_TIMEOUT,open,59,59,0,-0.0006239558440014882,0.04067853240861008,-0.04130248825261157,1.5254237288135584e-05,1.5254237288135584e-05,2.542372881355931e-05,2.033898305084745e-05,7.627118644067793e-05,-0.0007002270304421661,0.007090863659742873,0.05084745762711862,1.0,0.5254237288135593,2.5378901154494717,0.04816792413719512
2024-04-23,2024-04-24,open,2024-04-25,2024-05-13,2,3,UNEXECUTED_TIMEOUT,open,59,59,0,0.011509308434574936,0.03766009838899209,-0.026150789954417157,1.5254237288135584e-05,1.5254237288135584e-05,2.542372881355931e-05,2.033898305084745e-05,7.627118644067793e-05,0.011433037248134258,0.0005671243363660761,0.05084745762711862,1.0,0.5254237288135593,2.566905907671077,0.04998193289939539
2024-04-24,2024-04-25,open,2024-04-26,2024-05-14,2,3,UNEXECUTED_TIMEOUT,open,59,59,0,0.00957205142470118,0.044887826721053736,-0.035315775296352554,5.08474576271185e-06,5.08474576271185e-06,8.474576271186419e-06,6.779661016949135e-06,2.5423728813559257e-05,0.00954662769588762,-0.00010568787300940623,0.016949152542372836,1.0,0.5084745762711864,2.591411202701987,0.05222551324256679
2024-04-25,2024-04-26,open,2024-04-29,2024-05-15,2,3,UNEXECUTED_TIMEOUT,open,59,59,0,0.019207973794368255,0.033717491537996525,-0.01450951774362827,2.033898305084747e-05,2.033898305084747e-05,3.389830508474578e-05,2.7118644067796627e-05,0.00010169491525423735,0.01910627887911402,-0.009189346475637725,0.06779661016949157,1.0,0.5338983050847458,2.6409234278312717,0.05398642654339056
2024-04-26,2024-04-29,open,2024-04-30,2024-05-16,2,3,UNEXECUTED_TIMEOUT,open,59,59,0,0.021028477037722933,0.014522911288830986,0.006505565748891946,1.5254237288135584e-05,1.5254237288135584e-05,2.542372881355931e-05,2.033898305084745e-05,7.627118644067793e-05,0.020952205851282255,0.0135382266184901,0.05084745762711862,1.0,0.5254237288135593,2.6962565991286667,0.05477046662688121
2024-04-29,2024-04-30,open,2024-05-06,2024-05-17,2,3,UNEXECUTED_TIMEOUT,open,59,59,0,0.007593985626523851,0.005333135871182559,0.002260849755341292,5.08474576271185e-06,5.08474576271185e-06,8.474576271186419e-06,6.779661016949135e-06,2.5423728813559257e-05,0.007568561897710292,-0.0009551296096060313,0.016949152542372836,1.0,0.5084745762711864,2.716663384091282,0.05506256496713044
2024-04-30,2024-05-06,open,2024-05-07,2024-05-20,2,3,UNEXECUTED_TIMEOUT,open,59,59,0,0.0060390158623394455,0.007666290189321412,-0.0016272743269819664,5.08474576271185e-06,5.08474576271185e-06,8.474576271186419e-06,6.779661016949135e-06,2.5423728813559257e-05,0.006013592133525886,0.003249283389812265,0.016949152542372836,1.0,0.5084745762711864,2.7330002896472907,0.055484690568736825
2024-05-06,2024-05-07,open,2024-05-08,2024-05-21,3,3,UNEXECUTED_TIMEOUT,open,59,59,0,0.0043707626847171365,0.0069144088284360805,-0.002543646143718944,1.0169491525423734e-05,1.0169491525423734e-05,1.694915254237289e-05,1.3559322033898314e-05,5.084745762711868e-05,0.0043199152270900175,0.009186478762048807,0.03389830508474578,1.0,0.5169491525423728,2.7448066192141796,0.05586833440304834
2024-05-07,2024-05-08,open,2024-05-09,2024-05-22,3,4,UNEXECUTED_TIMEOUT,open,59,59,0,0.00029528899249946016,0.006820246152295262,-0.006524957159795801,1.5254237288135584e-05,1.5254237288135584e-05,2.542372881355931e-05,2.033898305084745e-05,7.627118644067793e-05,0.00021901780605878223,0.003991306242825313,0.05084745762711862,1.0,0.5254237288135593,2.7454077807379758,0.05624937019579588
2024-05-08,2024-05-09,open,2024-05-10,2024-05-23,3,3,UNEXECUTED_TIMEOUT,open,59,59,0,0.01685481099050114,0.011686270491464645,0.005168540499036495,1.0169491525423734e-05,1.0169491525423734e-05,1.694915254237289e-05,1.3559322033898314e-05,5.084745762711868e-05,0.01680396353287402,0.006259076982900914,0.03389830508474578,1.0,0.5169491525423728,2.7915415129683656,0.05690671555087848
2024-05-09,2024-05-10,open,2024-05-13,2024-05-24,3,4,UNEXECUTED_TIMEOUT,open,59,59,0,-0.006943899130861919,-0.010427662249491432,0.0034837631186295124,1.0169491525423734e-05,1.0169491525423734e-05,1.694915254237289e-05,1.3559322033898314e-05,5.084745762711868e-05,-0.006994746588489038,0.002253216411534171,0.03389830508474578,1.0,0.5169491525423728,2.7720153874939046,0.05631331154138604
2024-05-10,2024-05-13,open,2024-05-14,2024-05-27,3,4,UNEXECUTED_TIMEOUT,open,59,59,0,0.005543179291609981,-0.010888699902285914,0.016431879193895896,5.08474576271185e-06,5.08474576271185e-06,8.474576271186419e-06,6.779661016949135e-06,2.5423728813559257e-05,0.0055177555627964215,-0.004637513444844321,0.016949152542372836,1.0,0.5084745762711864,2.787310690818406,0.05570013279150795
2024-05-13,2024-05-14,open,2024-05-15,2024-05-28,3,4,UNEXECUTED_TIMEOUT,open,59,59,0,0.0008088857278064726,-0.00953349371971457,0.010342379447521042,2.033898305084747e-05,2.033898305084747e-05,3.389830508474578e-05,2.7118644067796627e-05,0.00010169491525423735,0.0007071908125522353,0.0017359938332989822,0.06779661016949157,1.0,0.5338983050847458,2.7892818513306814,0.05516911592535284
2024-05-14,2024-05-15,open,2024-05-16,2024-05-29,3,4,UNEXECUTED_TIMEOUT,open,59,59,0,-0.006154638567244498,-0.011498871284839951,0.005344232717595453,1.5254237288135584e-05,1.5254237288135584e-05,2.542372881355931e-05,2.033898305084745e-05,7.627118644067793e-05,-0.0062309097536851765,-0.0006536413205602033,0.05084745762711862,1.0,0.5254237288135593,2.771902087837448,0.0545347333624288
2024-05-15,2024-05-16,open,2024-05-17,2024-05-30,3,4,UNEXECUTED_TIMEOUT,open,59,59,0,-0.001080918450597237,-0.008125444611602917,0.00704452616100568,1.0169491525423734e-05,1.0169491525423734e-05,1.694915254237289e-05,1.3559322033898314e-05,5.084745762711868e-05,-0.0011317659082243556,0.005586261086510383,0.03389830508474578,1.0,0.5169491525423728,2.7687649435534976,0.05409161440708385
2024-05-16,2024-05-17,open,2024-05-20,2024-05-31,3,3,UNEXECUTED_TIMEOUT,open,59,59,0,0.013655886930091456,-0.010647341077970052,0.024303228008061506,2.542372881355932e-05,2.542372881355932e-05,4.23728813559322e-05,3.389830508474576e-05,0.0001271186440677966,0.01352876828602366,0.007753489121491215,0.0847457627118644,1.0,0.5423728813559322,2.8062229229132982,0.05351568253903359
2024-05-17,2024-05-20,open,2024-05-21,2024-06-03,3,4,UNEXECUTED_TIMEOUT,open,59,59,0,0.0012758164627994912,-0.02843026543279281,0.029706081895592304,1.5254237288135584e-05,1.5254237288135584e-05,2.542372881355931e-05,2.033898305084745e-05,7.627118644067793e-05,0.0011995452763588132,-0.0012254989610971012,0.05084745762711862,1.0,0.5254237288135593,2.809589114364889,0.05199421747963179
2024-05-20,2024-05-21,open,2024-05-22,2024-06-04,3,3,UNEXECUTED_TIMEOUT,open,59,59,0,-0.004878051654732817,-0.02674343417555447,0.021865382520821652,1.5254237288135584e-05,1.5254237288135584e-05,2.542372881355931e-05,2.033898305084745e-05,7.627118644067793e-05,-0.004954322841173495,-0.0019160629786968818,0.05084745762711862,1.0,0.5254237288135593,2.7956695028412786,0.050603713546955795
2024-05-21,2024-05-22,open,2024-05-23,2024-06-05,3,4,UNEXECUTED_TIMEOUT,open,59,59,0,0.0009665315131584388,-0.017762042981820603,0.01872857449497904,2.542372881355932e-05,2.542372881355932e-05,4.23728813559322e-05,3.389830508474576e-05,0.0001271186440677966,0.0008394128690906422,0.007313530463646019,0.0847457627118644,1.0,0.5423728813559322,2.798016223799688,0.049704888211895025
2024-05-22,2024-05-23,open,2024-05-24,2024-06-06,3,4,UNEXECUTED_TIMEOUT,open,59,59,0,-0.017454234784582037,-0.019245325143485648,0.0017910903589036103,1.0169491525423734e-05,1.0169491525423734e-05,1.694915254237289e-05,1.3559322033898314e-05,5.084745762711868e-05,-0.017505082242209157,-0.008425346052074272,0.03389830508474578,1.0,0.5169491525423728,2.749036719687039,0.0487483014770365
2024-05-23,2024-05-24,open,2024-05-27,2024-06-07,3,4,UNEXECUTED_TIMEOUT,open,59,59,0,-0.009606659299944623,-0.009968252411916123,0.0003615931119715001,1.0169491525423734e-05,1.0169491525423734e-05,1.694915254237289e-05,1.3559322033898314e-05,5.084745762711868e-05,-0.009657506757571741,0.00045891094193108335,0.03389830508474578,1.0,0.5169491525423728,2.7224878789898486,0.04826236610326122
2024-05-24,2024-05-27,open,2024-05-28,2024-06-11,3,4,UNEXECUTED_TIMEOUT,open,59,59,0,0.009276445807358973,-0.014092321257013096,0.02336876706437207,5.08474576271185e-06,5.08474576271185e-06,8.474576271186419e-06,6.779661016949135e-06,2.5423728813559257e-05,0.009251022078545413,-0.0044408794650445185,0.016949152542372836,1.0,0.5084745762711864,2.747673674466956,0.04758223733551049
2024-05-27,2024-05-28,open,2024-05-29,2024-06-12,3,3,UNEXECUTED_TIMEOUT,open,59,59,0,-0.006903162183341657,-0.025915886970743096,0.019012724787401437,1.0169491525423734e-05,1.0169491525423734e-05,1.694915254237289e-05,1.3559322033898314e-05,5.084745762711868e-05,-0.006954009640968776,0.0008167428663081854,0.03389830508474578,1.0,0.5169491525423728,2.7285663252444765,0.04634910145090833
2024-05-28,2024-05-29,open,2024-05-30,2024-06-13,3,3,UNEXECUTED_TIMEOUT,open,59,59,0,0.004593597903904684,-0.016861679917075656,0.02145527782098034,2.033898305084747e-05,2.033898305084747e-05,3.389830508474578e-05,2.7118644067796627e-05,0.00010169491525423735,0.004491902988650447,0.0058547544412825975,0.06779661016949157,1.0,0.5338983050847458,2.7408227804755736,0.04556757773779904
2024-05-29,2024-05-30,open,2024-05-31,2024-06-14,3,3,UNEXECUTED_TIMEOUT,open,59,59,0,0.00704507011539338,-0.025575456078814507,0.03262052619420789,1.0169491525423734e-05,1.0169491525423734e-05,1.694915254237289e-05,1.3559322033898314e-05,5.084745762711868e-05,0.006994222657766261,0.004584280636428861,0.03389830508474578,1.0,0.5169491525423728,2.7599927052676976,0.044402166154748
2024-05-30,2024-05-31,open,2024-06-03,2024-06-17,3,4,UNEXECUTED_TIMEOUT,open,59,59,0,0.0059803050362577,-0.021774144262768802,0.027754449299026502,5.08474576271185e-06,5.08474576271185e-06,8.474576271186419e-06,6.779661016949135e-06,2.5423728813559257e-05,0.005954881307444141,0.014188689266851509,0.016949152542372836,1.0,0.5084745762711864,2.7764281342369785,0.04343534698331509
2024-05-31,2024-06-03,open,2024-06-04,2024-06-18,3,3,UNEXECUTED_TIMEOUT,open,59,59,0,0.005623369015451371,-0.012269314414459775,0.017892683429911148,5.08474576271185e-06,5.08474576271185e-06,8.474576271186419e-06,6.779661016949135e-06,2.5423728813559257e-05,0.005597945286637812,-0.003533768389048427,0.016949152542372836,1.0,0.5084745762711864,2.7919704270247188,0.04290242505447564
2024-06-03,2024-06-04,open,2024-06-05,2024-06-19,3,3,UNEXECUTED_TIMEOUT,open,59,59,0,0.009474109477751713,-0.011286870676737837,0.02076098015448955,0.0,0.0,0.0,0.0,0.0,0.009474109477751713,-0.0010414736009625968,0.0,1.0,0.5,2.8184218605089963,0.04241819093116734
2024-06-04,2024-06-05,open,2024-06-06,2024-06-20,3,3,UNEXECUTED_TIMEOUT,open,59,59,0,0.00284973997403712,-0.023596261868622626,0.026446001842659744,1.5254237288135584e-05,1.5254237288135584e-05,2.542372881355931e-05,2.033898305084745e-05,7.627118644067793e-05,0.0027734687875964423,0.002717027411560533,0.05084745762711862,1.0,0.5254237288135593,2.8262386655693974,0.04141728018996228
2024-06-05,2024-06-06,open,2024-06-07,2024-06-21,2,3,UNEXECUTED_TIMEOUT,open,59,59,0,-0.002044034151637656,-0.029374638237388506,0.02733060408575085,2.033898305084747e-05,2.033898305084747e-05,3.389830508474578e-05,2.7118644067796627e-05,0.00010169491525423735,-0.0021457290668918934,0.0007211606230042803,0.06779661016949157,1.0,0.5338983050847458,2.820174323114711,0.040200662567605586
2024-06-06,2024-06-07,open,2024-06-11,2024-06-24,2,3,UNEXECUTED_TIMEOUT,open,59,59,0,-0.010825946399311587,-0.03365989416446846,0.022833947765156876,1.5254237288135584e-05,1.5254237288135584e-05,2.542372881355931e-05,2.033898305084745e-05,7.627118644067793e-05,-0.010902217585752265,0.00013868106149051047,0.05084745762711862,1.0,0.5254237288135593,2.789428169014363,0.03884751252023847
2024-06-07,2024-06-11,open,2024-06-12,2024-06-25,2,3,UNEXECUTED_TIMEOUT,open,59,59,0,0.006279538842719147,-0.022682256886528807,0.028961795729247952,1.0169491525423734e-05,1.0169491525423734e-05,1.694915254237289e-05,1.3559322033898314e-05,5.084745762711868e-05,0.006228691385092028,-0.0008673001172445037,0.03389830508474578,1.0,0.5169491525423728,2.8068026562200354,0.03796636326185178
2024-06-11,2024-06-12,open,2024-06-13,2024-06-26,2,3,UNEXECUTED_TIMEOUT,open,59,59,0,0.006443266147462158,-0.0247396580199174,0.031182924167379555,5.08474576271185e-06,5.08474576271185e-06,8.474576271186419e-06,6.779661016949135e-06,2.5423728813559257e-05,0.006417842418648599,0.002721735809999724,0.016949152542372836,1.0,0.5084745762711864,2.8248162733678996,0.03702708841849361
2024-06-12,2024-06-13,open,2024-06-14,2024-06-27,2,3,UNEXECUTED_TIMEOUT,open,59,59,0,-0.006449573368406765,-0.022807799750635183,0.01635822638222842,1.0169491525423734e-05,1.0169491525423734e-05,1.694915254237289e-05,1.3559322033898314e-05,5.084745762711868e-05,-0.006500420826033884,-0.00036135910999126036,0.03389830508474578,1.0,0.5169491525423728,2.8064537788347796,0.03618258200049554
2024-06-13,2024-06-14,open,2024-06-17,2024-06-28,2,3,UNEXECUTED_TIMEOUT,open,59,59,0,0.003996713772452973,-0.0202361443040856,0.024232858076538574,1.0169491525423734e-05,1.0169491525423734e-05,1.694915254237289e-05,1.3559322033898314e-05,5.084745762711868e-05,0.003945866314825854,0.0015169706004871377,0.03389830508474578,1.0,0.5169491525423728,2.8175276702647998,0.0354503860498391
2024-06-14,2024-06-17,open,2024-06-18,2024-07-01,2,3,EXECUTED_ON_TIME,open,59,59,0,0.007462148440254855,-0.017939551382006758,0.025401699822261613,1.5254237288135584e-05,1.5254237288135584e-05,2.542372881355931e-05,2.033898305084745e-05,7.627118644067793e-05,0.007385877253814177,-0.003626479928478754,0.05084745762711862,1.0,0.5254237288135593,2.838337583796601,0.034814422027786035
2024-06-17,2024-06-18,open,2024-06-19,2024-07-02,2,2,EXECUTED_ON_TIME,open,59,59,0,0.006998567758021909,-0.01727330048948794,0.02427186824750985,1.5254237288135584e-05,1.5254237288135584e-05,2.542372881355931e-05,2.033898305084745e-05,7.627118644067793e-05,0.006922296571581231,-0.0008401813111917232,0.05084745762711862,1.0,0.5254237288135593,2.8579853983219063,0.03421306205473224
2024-06-18,2024-06-19,open,2024-06-20,2024-07-03,2,2,EXECUTED_ON_TIME,open,59,59,0,-0.011806110025270862,-0.020264381829675826,0.008458271804404964,0.0,0.0,0.0,0.0,0.0,-0.011806110025270862,-0.006034760391623881,0.0,1.0,0.5,2.8242437082587,0.033519755501692755
2024-06-19,2024-06-20,open,2024-06-21,2024-07-04,2,2,EXECUTED_ON_TIME,open,59,59,0,-0.017739357365005395,-0.016133410908810375,-0.0016059464561950197,5.08474576271185e-06,5.08474576271185e-06,8.474576271186419e-06,6.779661016949135e-06,2.5423728813559257e-05,-0.017764781093818953,-0.010171125590080321,0.016949152542372836,1.0,0.5084745762711864,2.774071637025889,0.03297896751262109
2024-06-20,2024-06-21,open,2024-06-24,2024-07-05,2,3,EXECUTED_ON_TIME,open,59,59,0,-0.008002726218221371,-0.015154119604398053,0.007151393386176682,1.0169491525423734e-05,1.0169491525423734e-05,1.694915254237289e-05,1.3559322033898314e-05,5.084745762711868e-05,-0.00805357367584849,-0.009854457857294949,0.03389830508474578,1.0,0.5169491525423728,2.7517304467150194,0.032479200294505274
2024-06-21,2024-06-24,open,2024-06-25,2024-07-08,2,3,EXECUTED_ON_TIME,open,59,59,0,-0.015553818169076769,-0.015210561604127593,-0.0003432565649491761,1.5254237288135584e-05,1.5254237288135584e-05,2.542372881355931e-05,2.033898305084745e-05,7.627118644067793e-05,-0.015630089355517445,-0.006203051907545826,0.05084745762711862,1.0,0.5254237288135593,2.7087206539505657,0.031985173417572905
2024-06-24,2024-06-25,open,2024-06-26,2024-07-09,2,3,EXECUTED_ON_TIME,open,59,59,0,-0.006594640519599868,-0.02254885739238277,0.015954216872782902,1.0169491525423734e-05,1.0169491525423734e-05,1.694915254237289e-05,1.3559322033898314e-05,5.084745762711868e-05,-0.006645487977226987,0.00285374683583806,0.03389830508474578,1.0,0.5169491525423728,2.690719883411071,0.03126394430350942
2024-06-25,2024-06-26,open,2024-06-27,2024-07-10,2,3,EXECUTED_ON_TIME,open,59,59,0,0.017138285132497582,-0.007433495608770491,0.024571780741268073,1.0169491525423734e-05,1.0169491525423734e-05,1.694915254237289e-05,1.3559322033898314e-05,5.084745762711868e-05,0.017087437674870462,0.011664358552697386,0.03389830508474578,1.0,0.5169491525423728,2.7366973917193924,0.031031543910816438
2024-06-26,2024-06-27,open,2024-06-28,2024-07-11,2,3,EXECUTED_ON_TIME,open,59,59,0,-0.0013169750031169275,-0.00468521660582677,0.0033682416027098422,1.0169491525423734e-05,1.0169491525423734e-05,1.694915254237289e-05,1.3559322033898314e-05,5.084745762711868e-05,-0.001367822460744046,0.007947868179540619,0.03389830508474578,1.0,0.5169491525423728,2.7329540755587387,0.03088615440598104
2024-06-27,2024-06-28,open,2024-07-01,2024-07-12,1,2,EXECUTED_ON_TIME,open,59,59,0,0.0065345986918539925,0.004728089824995063,0.0018065088668589293,3.0508474576271168e-05,3.0508474576271168e-05,5.084745762711862e-05,4.06779661016949e-05,0.00015254237288135587,0.006382056318972637,-0.0023077769265760174,0.10169491525423724,1.0,0.5508474576271186,2.7503959423861204,0.031032186918361186
2024-06-28,2024-07-01,open,2024-07-02,2024-07-15,1,2,EXECUTED_ON_TIME,open,59,59,0,0.009662638672766871,0.001256989055780533,0.008405649616986338,1.0169491525423734e-05,1.0169491525423734e-05,1.694915254237289e-05,1.3559322033898314e-05,5.084745762711868e-05,0.009611791215139753,0.002408594848485335,0.03389830508474578,1.0,0.5169491525423728,2.776832173943303,0.0310711940376945
2024-07-01,2024-07-02,open,2024-07-03,2024-07-16,1,2,EXECUTED_ON_TIME,open,59,59,0,-0.006960569543634065,-0.0016129807948445096,-0.005347588748789555,0.0,0.0,0.0,0.0,0.0,-0.006960569543634065,0.005912567685744007,0.0,1.0,0.5,2.75750384048557,0.031021076798438813
2024-07-02,2024-07-03,open,2024-07-04,2024-07-17,1,2,EXECUTED_ON_TIME,open,59,59,0,0.0006178331138398733,0.0065253160254363785,-0.005907482911596505,1.5254237288135584e-05,1.5254237288135584e-05,2.542372881355931e-05,2.033898305084745e-05,7.627118644067793e-05,0.0005415619273991954,0.00249741376601752,0.05084745762711862,1.0,0.5254237288135593,2.758997199580234,0.031223499127997958
2024-07-03,2024-07-04,open,2024-07-05,2024-07-18,1,2,EXECUTED_ON_TIME,open,59,59,0,-0.01443010901204188,0.004325467030495744,-0.018755576042537622,1.0169491525423734e-05,1.0169491525423734e-05,1.694915254237289e-05,1.3559322033898314e-05,5.084745762711868e-05,-0.014480956469668998,-0.005428758562483597,0.03389830508474578,1.0,0.5169491525423728,2.7190442812331743,0.031358555344052824
2024-07-04,2024-07-05,open,2024-07-08,2024-07-19,1,2,EXECUTED_ON_TIME,open,59,59,0,0.011143999530755296,0.016683128305819972,-0.0055391287750646764,1.0169491525423734e-05,1.0169491525423734e-05,1.694915254237289e-05,1.3559322033898314e-05,5.084745762711868e-05,0.011093152073128177,0.00881559711730537,0.03389830508474578,1.0,0.5169491525423728,2.749207052938463,0.03188171414634281
2024-07-05,2024-07-08,open,2024-07-09,2024-07-22,1,2,EXECUTED_ON_TIME,open,59,59,0,-0.009701494031630165,0.03437730848575615,-0.044078802517386315,1.5254237288135584e-05,1.5254237288135584e-05,2.542372881355931e-05,2.033898305084745e-05,7.627118644067793e-05,-0.009777765218070843,-0.0048588580932136145,0.05084745762711862,1.0,0.5254237288135593,2.7223259518389664,0.03297772166860633
2024-07-08,2024-07-09,open,2024-07-10,2024-07-23,1,2,EXECUTED_ON_TIME,open,59,59,0,0.016246567756325745,0.03326214877278755,-0.017015581016461803,1.5254237288135584e-05,1.5254237288135584e-05,2.542372881355931e-05,2.033898305084745e-05,7.627118644067793e-05,0.016170296569885067,-0.005714948924786446,0.05084745762711862,1.0,0.5254237288135593,2.7663467698400974,0.034074631552935095
2024-07-09,2024-07-10,open,2024-07-11,2024-07-24,1,2,EXECUTED_ON_TIME,open,59,59,0,0.01493474879400109,0.0018868133811964505,0.01304793541280464,1.0169491525423734e-05,1.0169491525423734e-05,1.694915254237289e-05,1.3559322033898314e-05,5.084745762711868e-05,0.014883901336373972,0.004927578802247933,0.03389830508474578,1.0,0.5169491525423728,2.807520802224594,0.03413892402370851
2024-07-10,2024-07-11,open,2024-07-12,2024-07-25,1,2,EXECUTED_ON_TIME,open,59,59,0,0.005168642799041064,-0.013454769049597748,0.01862341184863881,1.5254237288135584e-05,1.5254237288135584e-05,2.542372881355931e-05,2.033898305084745e-05,7.627118644067793e-05,0.005092371612600386,0.0074199448658273884,0.05084745762711862,1.0,0.5254237288135593,2.8218177414596277,0.03367959268536774
2024-07-11,2024-07-12,open,2024-07-15,2024-07-26,1,2,EXECUTED_ON_TIME,open,59,59,0,-0.005968692729659002,-0.016256854133405163,0.010288161403746162,1.5254237288135584e-05,1.5254237288135584e-05,2.542372881355931e-05,2.033898305084745e-05,7.627118644067793e-05,-0.00604496391609968,-0.005130626993788873,0.05084745762711862,1.0,0.5254237288135593,2.804759955034694,0.03313206845980922
2024-07-12,2024-07-15,open,2024-07-16,2024-07-29,1,2,EXECUTED_ON_TIME,open,59,59,0,-0.006054864041888397,-0.016821121402317507,0.01076625736042911,1.0169491525423734e-05,1.0169491525423734e-05,1.694915254237289e-05,1.3559322033898314e-05,5.084745762711868e-05,-0.006105711499515516,-0.012319492329799748,0.03389830508474578,1.0,0.5169491525423728,2.7876348999238583,0.03257474991393687
2024-07-15,2024-07-16,open,2024-07-17,2024-07-30,1,2,EXECUTED_ON_TIME,open,59,59,0,0.011271583123572425,-0.024853382838379012,0.03612496596195144,1.5254237288135584e-05,1.5254237288135584e-05,2.542372881355931e-05,2.033898305084745e-05,7.627118644067793e-05,0.011195311937131747,-0.004813023500314841,0.05084745762711862,1.0,0.5254237288135593,2.8188433421953407,0.031765157183461346
2024-07-16,2024-07-17,open,2024-07-18,2024-07-31,1,2,EXECUTED_ON_TIME,open,59,59,0,-0.0075782639694684985,-0.037256500684418103,0.029678236714949603,5.08474576271185e-06,5.08474576271185e-06,8.474576271186419e-06,6.779661016949135e-06,2.5423728813559257e-05,-0.007603687698282058,0.012182849443160471,0.016949152542372836,1.0,0.5084745762711864,2.7974097377509057,0.030581698583115068
2024-07-17,2024-07-18,open,2024-07-19,2024-08-01,1,2,EXECUTED_ON_TIME,open,59,59,0,0.008499694037845779,-0.011528729382326741,0.02002842342017252,1.0169491525423734e-05,1.0169491525423734e-05,1.694915254237289e-05,1.3559322033898314e-05,5.084745762711868e-05,0.00844884658021866,0.0024395165138978332,0.03389830508474578,1.0,0.5169491525423728,2.8210446234471727,0.030229130456098447
2024-07-18,2024-07-19,open,2024-07-22,2024-08-02,1,1,EXECUTED_ON_TIME,open,59,58,1,0.015064058156717424,-0.030532406118021438,0.04559646427473886,5.1724137931034585e-06,5.1724137931034585e-06,8.620689655172431e-06,6.896551724137945e-06,2.5862068965517295e-05,0.015038196087751907,0.0077081161679727166,0.017241379310344862,1.0,0.5086206896551724,2.8634680456668695,0.0293061623684182
2024-07-19,2024-07-22,open,2024-07-23,2024-08-05,1,2,EXECUTED_ON_TIME,open,59,59,0,-0.0120345113539041,-0.04982165673138794,0.037787145377483844,1.0169491525423734e-05,1.0169491525423734e-05,1.694915254237289e-05,1.3559322033898314e-05,5.084745762711868e-05,-0.012085358811531218,-0.008172525287866628,0.03389830508474578,1.0,0.5169491525423728,2.8288620068896315,0.027846080806784548
2024-07-22,2024-07-23,open,2024-07-24,2024-08-06,1,1,EXECUTED_ON_TIME,open,59,59,0,-0.03527053342303513,-0.040582781472048746,0.005312248049013618,1.5254237288135584e-05,1.5254237288135584e-05,2.542372881355931e-05,2.033898305084745e-05,7.627118644067793e-05,-0.035346804609475806,-0.006392049633243954,0.05084745762711862,1.0,0.5254237288135593,2.728870774264934,0.026716009394549798
2024-07-23,2024-07-24,open,2024-07-25,2024-08-07,0,1,EXECUTED_ON_TIME,open,59,59,0,-0.015322499185208812,-0.02731513664414953,0.011992637458940717,1.0169491525423734e-05,1.0169491525423734e-05,1.694915254237289e-05,1.3559322033898314e-05,5.084745762711868e-05,-0.01537334664283593,-0.003292038587978649,0.03389830508474578,1.0,0.5169491525423728,2.686918897908655,0.025986257947351286
2024-07-24,2024-07-25,open,2024-07-26,2024-08-08,0,1,EXECUTED_ON_TIME,open,59,59,0,0.0053711481759859386,-0.02120154108648531,0.02657268926247125,1.0169491525423734e-05,1.0169491525423734e-05,1.694915254237289e-05,1.3559322033898314e-05,5.084745762711868e-05,0.0053203007183588195,0.008555696149206251,0.03389830508474578,1.0,0.5169491525423728,2.7012141144513704,0.025435309231796512
2024-07-25,2024-07-26,open,2024-07-29,2024-08-09,1,2,EXECUTED_ON_TIME,open,59,59,0,0.005598276989795224,-0.013391277982717664,0.01898955497251289,5.08474576271185e-06,5.08474576271185e-06,8.474576271186419e-06,6.779661016949135e-06,2.5423728813559257e-05,0.005572853260981665,0.001633047136752188,0.016949152542372836,1.0,0.5084745762711864,2.7162675843377,0.02509469793529714
2024-07-26,2024-07-29,open,2024-07-30,2024-08-12,1,2,EXECUTED_ON_TIME,open,59,59,0,-0.015587305844042713,-0.022562203946344228,0.006974898102301515,5.08474576271185e-06,5.08474576271185e-06,8.474576271186419e-06,6.779661016949135e-06,2.5423728813559257e-05,-0.015612729572856273,-0.012035622537186121,0.016949152542372836,1.0,0.5084745762711864,2.67385923309592,0.024528506242509063
2024-07-29,2024-07-30,open,2024-07-31,2024-08-13,1,2,EXECUTED_ON_TIME,open,59,59,0,-0.008943596137196625,-0.015581143370478556,0.006637547233281931,1.5254237288135584e-05,1.5254237288135584e-05,2.542372881355931e-05,2.033898305084745e-05,7.627118644067793e-05,-0.009019867323637304,-0.0049916500677867634,0.05084745762711862,1.0,0.5254237288135593,2.649741377571312,0.02414632407008085
2024-07-30,2024-07-31,open,2024-08-01,2024-08-14,1,2,EXECUTED_ON_TIME,open,59,59,0,0.033098083340340145,-0.00928648907990337,0.042384572420243516,1.0169491525423734e-05,1.0169491525423734e-05,1.694915254237289e-05,1.3559322033898314e-05,5.084745762711868e-05,0.03304723588271303,0.005873194376841126,0.03389830508474578,1.0,0.5169491525423728,2.737308005904096,0.023922089495284238
2024-07-31,2024-08-01,open,2024-08-02,2024-08-15,1,2,EXECUTED_ON_TIME,open,59,59,0,-0.023814190949915954,-0.04115255261186013,0.017338361661944173,1.5254237288135584e-05,1.5254237288135584e-05,2.542372881355931e-05,2.033898305084745e-05,7.627118644067793e-05,-0.023890462136356632,-0.010494672509346074,0.05084745762711862,1.0,0.5254237288135593,2.6719124526334985,0.022937634448743926
2024-08-01,2024-08-02,open,2024-08-05,2024-08-16,1,2,EXECUTED_ON_TIME,open,59,59,0,-0.014811170780754673,-0.015286761579614394,0.0004755907988597211,5.08474576271185e-06,5.08474576271185e-06,8.474576271186419e-06,6.779661016949135e-06,2.5423728813559257e-05,-0.014836594509568233,0.004278932343001874,0.016949152542372836,1.0,0.5084745762711864,2.6322703710087096,0.022586992299725626
2024-08-02,2024-08-05,open,2024-08-06,2024-08-19,0,1,EXECUTED_ON_TIME,open,59,59,0,-0.001955089636293185,-0.005309460244037112,0.003354370607743927,1.0169491525423734e-05,1.0169491525423734e-05,1.694915254237289e-05,1.3559322033898314e-05,5.084745762711868e-05,-0.0020059370939203036,0.004466504657931205,0.03389830508474578,1.0,0.5169491525423728,2.626990202230276,0.02246706756207786
2024-08-05,2024-08-06,open,2024-08-07,2024-08-20,1,1,EXECUTED_ON_TIME,open,59,59,0,-0.004527530143676232,-0.0016965853287685961,-0.0028309448149076355,5.08474576271185e-06,5.08474576271185e-06,8.474576271186419e-06,6.779661016949135e-06,2.5423728813559257e-05,-0.004552953872489791,-0.00046661087479427446,0.016949152542372836,1.0,0.5084745762711864,2.615029637016039,0.022428950264871586
2024-08-06,2024-08-07,open,2024-08-08,2024-08-21,0,1,EXECUTED_ON_TIME,open,59,59,0,-0.0021611613710929784,-0.004695993010224941,0.002534831639131963,1.5254237288135584e-05,1.5254237288135584e-05,2.542372881355931e-05,2.033898305084745e-05,7.627118644067793e-05,-0.0022374325575336565,-0.00026001845618151324,0.05084745762711862,1.0,0.5254237288135593,2.6091786845672638,0.022323624071201066
2024-08-07,2024-08-08,open,2024-08-09,2024-08-22,0,1,EXECUTED_ON_TIME,open,59,59,0,0.009559876631626303,-0.002867578834411466,0.01242745546603777,5.08474576271185e-06,5.08474576271185e-06,8.474576271186419e-06,6.779661016949135e-06,2.5423728813559257e-05,0.009534452902812744,0.0021170132460543575,0.016949152542372836,1.0,0.5084745762711864,2.6340557758502934,0.022259609319307132
2024-08-08,2024-08-09,open,2024-08-12,2024-08-23,1,2,EXECUTED_ON_TIME,open,59,59,0,-0.014227101921644033,-0.015543481368190837,0.0013163794465468042,1.0169491525423734e-05,1.0169491525423734e-05,1.694915254237289e-05,1.3559322033898314e-05,5.084745762711868e-05,-0.01427794937927115,-0.006431170074472962,0.03389830508474578,1.0,0.5169491525423728,2.5964468608205262,0.021913617496589276
2024-08-09,2024-08-12,open,2024-08-13,2024-08-26,1,2,EXECUTED_ON_TIME,open,59,59,0,-0.0015804252888257113,0.0009502469680449099,-0.0025306722568706214,1.0169491525423734e-05,1.0169491525423734e-05,1.694915254237289e-05,1.3559322033898314e-05,5.084745762711868e-05,-0.00163127274645283,-0.00025944069524454823,0.03389830508474578,1.0,0.5169491525423728,2.5922113478188566,0.021934440845174305
2024-08-12,2024-08-13,open,2024-08-14,2024-08-27,1,2,EXECUTED_ON_TIME,open,59,59,0,0.0003726311945251868,-0.003704311340036459,0.004076942534561646,1.0169491525423734e-05,1.0169491525423734e-05,1.694915254237289e-05,1.3559322033898314e-05,5.084745762711868e-05,0.00032178373689806814,-0.004625482379007897,0.03389830508474578,1.0,0.5169491525423728,2.5930454792731874,0.021853188847214166
2024-08-13,2024-08-14,open,2024-08-15,2024-08-28,1,2,EXECUTED_ON_TIME,open,59,59,0,-0.01479693505885091,-0.01016506605432621,-0.004631869004524699,5.08474576271185e-06,5.08474576271185e-06,8.474576271186419e-06,6.779661016949135e-06,2.5423728813559257e-05,-0.014822358787664469,-0.004542598695035939,0.016949152542372836,1.0,0.5084745762711864,2.5546104288266687,0.02163104973908457
2024-08-14,2024-08-15,open,2024-08-16,2024-08-29,1,2,EXECUTED_ON_TIME,open,59,59,0,0.011797365864794834,-0.008452356936930028,0.02024972280172486,1.0169491525423734e-05,1.0169491525423734e-05,1.694915254237289e-05,1.3559322033898314e-05,5.084745762711868e-05,0.011746518407167715,0.0007354279305373124,0.03389830508474578,1.0,0.5169491525423728,2.584618207252024,0.02144821638576934
2024-08-15,2024-08-16,open,2024-08-19,2024-08-30,1,2,EXECUTED_ON_TIME,open,59,59,0,-0.003064626986541052,-0.02043126418484542,0.01736663719830437,1.0169491525423734e-05,1.0169491525423734e-05,1.694915254237289e-05,1.3559322033898314e-05,5.084745762711868e-05,-0.0031154744441681706,0.0003520793208652735,0.03389830508474578,1.0,0.5169491525423728,2.5765658952793986,0.021010002210497956
2024-08-16,2024-08-19,open,2024-08-20,2024-09-02,1,2,EXECUTED_ON_TIME,open,59,59,0,0.0067393604347206326,-0.010979406212613174,0.01771876664733381,1.5254237288135584e-05,1.5254237288135584e-05,2.542372881355931e-05,2.033898305084745e-05,7.627118644067793e-05,0.006663089248279954,0.0026798100662514023,0.05084745762711862,1.0,0.5254237288135593,2.5937337837937195,0.020779324861700997
2024-08-19,2024-08-20,open,2024-08-21,2024-09-03,1,2,EXECUTED_ON_TIME,open,59,59,0,-0.018253258821266976,-0.02971705171197747,0.011463792890710495,5.08474576271185e-06,5.08474576271185e-06,8.474576271186419e-06,6.779661016949135e-06,2.5423728813559257e-05,-0.018278682550080534,-0.004862746840329722,0.016949152542372836,1.0,0.5084745762711864,2.5463237473403346,0.02016182459024585
2024-08-20,2024-08-21,open,2024-08-22,2024-09-04,1,1,EXECUTED_ON_TIME,open,59,59,0,0.0015529784366036022,-0.020769427306703392,0.022322405743306996,5.08474576271185e-06,5.08474576271185e-06,8.474576271186419e-06,6.779661016949135e-06,2.5423728813559257e-05,0.001527554707790043,-0.002525148525147112,0.016949152542372836,1.0,0.5084745762711864,2.5502133961681417,0.019743075040048234
2024-08-21,2024-08-22,open,2024-08-23,2024-09-05,1,1,EXECUTED_ON_TIME,open,59,59,0,-0.011644765756103672,-0.021039630777231255,0.009394865021127583,1.0169491525423734e-05,1.0169491525423734e-05,1.694915254237289e-05,1.3559322033898314e-05,5.084745762711868e-05,-0.01169561321373079,-0.0045267020361760175,0.03389830508474578,1.0,0.5169491525423728,2.5203870866740843,0.01932768803079845
2024-08-22,2024-08-23,open,2024-08-26,2024-09-06,1,1,EXECUTED_ON_TIME,open,59,59,0,0.007475953167785702,-0.01354444481751138,0.021020397985297083,2.033898305084747e-05,2.033898305084747e-05,3.389830508474578e-05,2.7118644067796627e-05,0.00010169491525423735,0.007374258252531464,0.005418912669544026,0.06779661016949157,1.0,0.5338983050847458,2.5389730719475647,0.019065905226815224
2024-08-23,2024-08-26,open,2024-08-27,2024-09-09,1,1,EXECUTED_ON_TIME,open,59,59,0,-0.009370687858260887,-0.03480270620328696,0.02543201834502607,1.0169491525423734e-05,1.0169491525423734e-05,1.694915254237289e-05,1.3559322033898314e-05,5.084745762711868e-05,-0.009421535315888005,-0.004112085600794413,0.03389830508474578,1.0,0.5169491525423728,2.5150520474841223,0.01840236012870666
2024-08-26,2024-08-27,open,2024-08-28,2024-09-10,1,2,EXECUTED_ON_TIME,open,59,59,0,-0.010269332421392696,-0.03686416626906164,0.02659483384766894,5.08474576271185e-06,5.08474576271185e-06,8.474576271186419e-06,6.779661016949135e-06,2.5423728813559257e-05,-0.010294756150206256,-0.0019378928747132255,0.016949152542372836,1.0,0.5084745762711864,2.4891601999501964,0.017723972465178865
2024-08-27,2024-08-28,open,2024-08-29,2024-09-11,1,2,EXECUTED_ON_TIME,open,59,59,0,-0.007486653541731642,-0.03390757368572461,0.02642092014399297,5.08474576271185e-06,5.08474576271185e-06,8.474576271186419e-06,6.779661016949135e-06,2.5423728813559257e-05,-0.0075120772705452015,-0.004331395342610817,0.016949152542372836,1.0,0.5084745762711864,2.470461436189405,0.01712299556281206
2024-08-28,2024-08-29,open,2024-08-30,2024-09-12,1,2,EXECUTED_ON_TIME,open,59,59,0,0.00837025476072738,-0.02569511119610235,0.03406536595682973,5.08474576271185e-06,5.08474576271185e-06,8.474576271186419e-06,6.779661016949135e-06,2.5423728813559257e-05,0.00834483103191382,0.003635083098271351,0.016949152542372836,1.0,0.5084745762711864,2.4910770194452647,0.016683018287815238
2024-08-29,2024-08-30,open,2024-09-02,2024-09-13,1,2,EXECUTED_ON_TIME,open,59,59,0,0.020708832912020917,-0.03046014772647787,0.051168980638498784,1.5254237288135584e-05,1.5254237288135584e-05,2.542372881355931e-05,2.033898305084745e-05,7.627118644067793e-05,0.02063256172558024,0.006065638511012326,0.05084745762711862,1.0,0.5254237288135593,2.542474319812144,0.016174851086244852
2024-08-30,2024-09-02,open,2024-09-03,2024-09-18,1,2,EXECUTED_ON_TIME,open,59,59,0,-0.029648672356192878,-0.044965401810346806,0.015316729454153927,5.08474576271185e-06,5.08474576271185e-06,8.474576271186419e-06,6.779661016949135e-06,2.5423728813559257e-05,-0.029674096085006436,-0.015019201585032596,0.016949152542372836,1.0,0.5084745762711864,2.467028692552377,0.015447542407929327
2024-09-02,2024-09-03,open,2024-09-04,2024-09-19,1,2,EXECUTED_ON_TIME,open,59,59,0,-0.000684391857873023,-0.02555230473541581,0.024867912877542787,1.5254237288135584e-05,1.5254237288135584e-05,2.542372881355931e-05,2.033898305084745e-05,7.627118644067793e-05,-0.0007606630443137009,0.008070784414745829,0.05084745762711862,1.0,0.5254237288135593,2.4651521149966906,0.015052822096908659
2024-09-03,2024-09-04,open,2024-09-05,2024-09-20,1,2,EXECUTED_ON_TIME,open,59,59,0,0.002767435595497333,-0.01888995905833568,0.021657394653833015,1.0169491525423734e-05,1.0169491525423734e-05,1.694915254237289e-05,1.3559322033898314e-05,5.084745762711868e-05,0.002716588137870214,0.004630194230489971,0.03389830508474578,1.0,0.5169491525423728,2.4718489179903362,0.014768474903785644
2024-09-04,2024-09-05,open,2024-09-06,2024-09-23,1,2,EXECUTED_ON_TIME,open,59,59,0,0.005889640557784889,-0.01601372288623293,0.021903363444017818,5.08474576271185e-06,5.08474576271185e-06,8.474576271186419e-06,6.779661016949135e-06,2.5423728813559257e-05,0.00586421682897133,0.004343661295242177,0.016949152542372836,1.0,0.5084745762711864,2.4863443760138897,0.014531976639224136
2024-09-05,2024-09-06,open,2024-09-09,2024-09-24,1,2,EXECUTED_ON_TIME,open,59,59,0,-0.017422033277671094,-0.0050617051509986855,-0.012360328126672409,5.08474576271185e-06,5.08474576271185e-06,8.474576271186419e-06,6.779661016949135e-06,2.5423728813559257e-05,-0.017447457006484653,-0.00186908556216594,0.016949152542372836,1.0,0.5084745762711864,2.4429639894100723,0.014458420058215182
2024-09-06,2024-09-09,open,2024-09-10,2024-09-25,1,2,EXECUTED_ON_TIME,open,59,59,0,0.0056773961377785944,0.058760109493592116,-0.05308271335581352,0.0,0.0,0.0,0.0,0.0,0.0056773961377785944,0.00917180174551972,0.0,1.0,0.5,2.456833663728281,0.015307998403940254
2024-09-09,2024-09-10,open,2024-09-11,2024-09-26,1,2,EXECUTED_ON_TIME,open,59,59,0,0.009463936185791461,0.0644640164135657,-0.05500008022777424,1.5254237288135584e-05,1.5254237288135584e-05,2.542372881355931e-05,2.033898305084745e-05,7.627118644067793e-05,0.009387664999350783,0.011681891975643123,0.05084745762711862,1.0,0.5254237288135593,2.4798975951224893,0.016294813464310696
2024-09-10,2024-09-11,open,2024-09-12,2024-09-27,1,2,EXECUTED_ON_TIME,open,59,59,0,0.02374376785673175,0.13519363198141487,-0.11144986412468312,0.0,0.0,0.0,0.0,0.0,0.02374376785673175,0.02067916288190901,0.0,1.0,0.5,2.538779707929545,0.01849776847901052
2024-09-11,2024-09-12,open,2024-09-13,2024-09-30,1,2,EXECUTED_ON_TIME,open,59,59,0,0.017388142793486966,0.20606365971066265,-0.18867551691717568,1.0169491525423734e-05,1.0169491525423734e-05,1.694915254237289e-05,1.3559322033898314e-05,5.084745762711868e-05,0.017337295335859846,0.02447556305001817,0.03389830508474578,1.0,0.5169491525423728,2.582795281518608,0.022309486348275967
2024-09-12,2024-09-13,open,2024-09-18,2024-10-08,1,2,EXECUTED_ON_TIME,open,59,59,0,0.02235176754178245,0.4021173056117231,-0.3797655380699406,1.5254237288135584e-05,1.5254237288135584e-05,2.542372881355931e-05,2.033898305084745e-05,7.627118644067793e-05,0.022275496355341772,0.027247900518914014,0.05084745762711862,1.0,0.5254237288135593,2.6403283283986694,0.031280516888226216
2024-09-13,2024-09-18,open,2024-09-19,2024-10-09,1,2,EXECUTED_ON_TIME,open,59,59,0,0.0370315488961405,0.3197480829854711,-0.28271653408933056,1.5254237288135584e-05,1.5254237288135584e-05,2.542372881355931e-05,2.033898305084745e-05,7.627118644067793e-05,0.03695527770969982,0.028248458021223385,0.05084745762711862,1.0,0.5254237288135593,2.7379023950194297,0.041282402198031205
2024-09-18,2024-09-19,open,2024-09-20,2024-10-10,1,2,EXECUTED_ON_TIME,open,59,59,0,0.0369121901519159,0.2520818677093728,-0.2151696775574569,1.0169491525423734e-05,1.0169491525423734e-05,1.694915254237289e-05,1.3559322033898314e-05,5.084745762711868e-05,0.036861342694288785,0.03657611039973507,0.03389830508474578,1.0,0.5169491525423728,2.8388251534657547,0.05168894724764043
2024-09-19,2024-09-20,open,2024-09-23,2024-10-11,1,2,EXECUTED_ON_TIME,open,59,59,0,0.025812876201977534,0.2434902293925134,-0.21767735319053588,1.0169491525423734e-05,1.0169491525423734e-05,1.694915254237289e-05,1.3559322033898314e-05,5.084745762711868e-05,0.025762028744350414,0.02106028686669082,0.03389830508474578,1.0,0.5169491525423728,2.911959048669525,0.06427470087002592
2024-09-20,2024-09-23,open,2024-09-24,2024-10-14,1,2,EXECUTED_ON_TIME,open,59,59,0,0.04104007766405248,0.22317415151140252,-0.18213407384735003,1.0169491525423734e-05,1.0169491525423734e-05,1.694915254237289e-05,1.3559322033898314e-05,5.084745762711868e-05,0.040989230206425364,0.03609172304302809,0.03389830508474578,1.0,0.5169491525423728,3.0313180084671236,0.07861915270034316
2024-09-23,2024-09-24,open,2024-09-25,2024-10-15,1,2,EXECUTED_ON_TIME,open,59,59,0,0.07561406763376521,0.21508872922077504,-0.13947466158700983,1.0169491525423734e-05,1.0169491525423734e-05,1.694915254237289e-05,1.3559322033898314e-05,5.084745762711868e-05,0.07556322017613809,0.0370666880379983,0.03389830508474578,1.0,0.5169491525423728,3.260374158564817,0.09552924634707403
2024-09-24,2024-09-25,open,2024-09-26,2024-10-16,1,2,EXECUTED_ON_TIME,open,59,59,0,0.015545550135696428,0.11823449878984693,-0.1026889486541505,5.08474576271185e-06,5.08474576271185e-06,8.474576271186419e-06,6.779661016949135e-06,2.5423728813559257e-05,0.015520126406882868,0.02028416608112123,0.016949152542372836,1.0,0.5084745762711864,3.3109755776394776,0.10682409890869216
2024-09-25,2024-09-26,open,2024-09-27,2024-10-17,1,2,UNEXECUTED_TIMEOUT,open,59,59,0,0.08462744761056898,0.1337097224473489,-0.04908227483677993,1.0169491525423734e-05,1.0169491525423734e-05,1.694915254237289e-05,1.3559322033898314e-05,5.084745762711868e-05,0.08457660015294186,0.03416662121243883,0.03389830508474578,1.0,0.5169491525423728,3.591006635185647,0.12110751952446153
2024-09-26,2024-09-27,open,2024-09-30,2024-10-18,1,2,UNEXECUTED_TIMEOUT,open,59,59,0,0.10440247721450278,0.04488601185211394,0.059516465362388846,1.5254237288135584e-05,1.5254237288135584e-05,2.542372881355931e-05,2.033898305084745e-05,7.627118644067793e-05,0.10432620602806211,0.023344722577223545,0.05084745762711862,1.0,0.5254237288135593,3.965642733256163,0.12654355308121662
2024-09-27,2024-09-30,open,2024-10-08,2024-10-21,1,2,UNEXECUTED_TIMEOUT,open,59,59,0,0.18410614813693055,0.026061624498394886,0.15804452363853566,1.5254237288135584e-05,1.5254237288135584e-05,2.542372881355931e-05,2.033898305084745e-05,7.627118644067793e-05,0.18402987695048986,-0.008862002913910316,0.05084745762711862,1.0,0.5254237288135593,4.695439477486898,0.129841483644312
2024-09-30,2024-10-08,open,2024-10-09,2024-10-22,1,2,UNEXECUTED_TIMEOUT,open,59,56,3,-0.07481152546553334,-0.11833268619583825,0.04352116073030492,5.357142857142871e-06,5.357142857142871e-06,8.928571428571453e-06,7.142857142857162e-06,2.678571428571436e-05,-0.07483831117981905,-0.011861557246380716,0.017857142857142905,1.0,0.5089285714285714,4.344040716744726,0.11447699210502757
2024-10-08,2024-10-09,open,2024-10-10,2024-10-23,1,2,UNEXECUTED_TIMEOUT,open,59,59,0,-0.047170193445460175,-0.05121923487662294,0.0040490414311627684,3.559322033898305e-05,3.559322033898305e-05,5.9322033898305094e-05,4.745762711864408e-05,0.0001779661016949153,-0.04734815954715509,-0.004742171581836541,0.11864406779661019,1.0,0.5593220338983051,4.138358383808959,0.10861356815843085
2024-10-09,2024-10-10,open,2024-10-11,2024-10-24,1,2,UNEXECUTED_TIMEOUT,open,59,59,0,-0.005942330356531111,-0.007215024982335061,0.0012726946258039499,1.0169491525423734e-05,1.0169491525423734e-05,1.694915254237289e-05,1.3559322033898314e-05,5.084745762711868e-05,-0.00599317781415823,0.008714032372443477,0.03389830508474578,1.0,0.5169491525423728,4.11355646615608,0.10782991855074721
2024-10-10,2024-10-11,open,2024-10-14,2024-10-25,1,2,UNEXECUTED_TIMEOUT,open,59,58,1,-0.017431093611448015,-0.009682454194940848,-0.007748639416507167,2.06896551724138e-05,2.06896551724138e-05,3.448275862068967e-05,2.7586206896551737e-05,0.00010344827586206902,-0.017534541887310084,-0.007362119824677717,0.06896551724137934,1.0,0.5344827586206897,4.041427137994451,0.1067858603035354
2024-10-11,2024-10-14,open,2024-10-15,2024-10-28,1,2,UNEXECUTED_TIMEOUT,open,59,59,0,0.017577798861758653,0.0096768533254461,0.007900945536312553,2.033898305084747e-05,2.033898305084747e-05,3.389830508474578e-05,2.7118644067796627e-05,0.00010169491525423735,0.017476103946504416,0.007264953041310489,0.06779661016949157,1.0,0.5338983050847458,4.1120555387502655,0.10781921141092429
2024-10-14,2024-10-15,open,2024-10-16,2024-10-29,1,2,UNEXECUTED_TIMEOUT,open,59,59,0,-0.025200515569581354,0.006968614601674972,-0.032169130171256326,2.033898305084747e-05,2.033898305084747e-05,3.389830508474578e-05,2.7118644067796627e-05,0.00010169491525423735,-0.02530221048483559,0.011143316189200642,0.06779661016949157,1.0,0.5338983050847458,4.008011443983472,0.10857056194190354
2024-10-15,2024-10-16,open,2024-10-17,2024-10-30,1,2,UNEXECUTED_TIMEOUT,open,59,59,0,0.023021154952027077,0.02575393371284318,-0.0027327787608161028,1.5254237288135584e-05,1.5254237288135584e-05,2.542372881355931e-05,2.033898305084745e-05,7.627118644067793e-05,0.0229448837655864,0.007244673488542189,0.05084745762711862,1.0,0.5254237288135593,4.099974800696812,0.11136668099732146
2024-10-16,2024-10-17,open,2024-10-18,2024-10-31,1,2,UNEXECUTED_TIMEOUT,open,59,59,0,-0.00023306345140493924,0.008973385253828514,-0.009206448705233454,2.033898305084747e-05,2.033898305084747e-05,3.389830508474578e-05,2.7118644067796627e-05,0.00010169491525423735,-0.0003347583666591766,0.01673579466550486,0.06779661016949157,1.0,0.5338983050847458,4.098602299829187,0.11236601713035065
2024-10-17,2024-10-18,open,2024-10-21,2024-11-01,1,2,UNEXECUTED_TIMEOUT,open,59,59,0,0.056376368116522746,0.027019977705555753,0.029356390410966993,1.5254237288135584e-05,1.5254237288135584e-05,2.542372881355931e-05,2.033898305084745e-05,7.627118644067793e-05,0.05630009693008207,-0.0060918885713108495,0.05084745762711862,1.0,0.5254237288135593,4.329354006587427,0.11540214440807482
2024-10-18,2024-10-21,open,2024-10-22,2024-11-04,1,2,UNEXECUTED_TIMEOUT,open,59,59,0,0.0012868218347830498,-0.012462432561031411,0.013749254395814462,1.0169491525423734e-05,1.0169491525423734e-05,1.694915254237289e-05,1.3559322033898314e-05,5.084745762711868e-05,0.0012359743771559312,0.0018002358648614388,0.03389830508474578,1.0,0.5169491525423728,4.334704977209206,0.11396395296599078
2024-10-21,2024-10-22,open,2024-10-23,2024-11-05,1,2,UNEXECUTED_TIMEOUT,open,59,59,0,0.013316062994378824,0.0035371828539272343,0.00977888014045159,1.0169491525423734e-05,1.0169491525423734e-05,1.694915254237289e-05,1.3559322033898314e-05,5.084745762711868e-05,0.013265215536751706,0.010006472527139187,0.03389830508474578,1.0,0.5169491525423728,4.392205773020117,0.11436706430638785
2024-10-22,2024-10-23,open,2024-10-24,2024-11-06,1,2,UNEXECUTED_TIMEOUT,open,59,59,0,0.006179972036708789,0.02426352969254819,-0.018083557655839404,2.542372881355932e-05,2.542372881355932e-05,4.23728813559322e-05,3.389830508474576e-05,0.0001271186440677966,0.006052853392640993,0.009200471136306256,0.0847457627118644,1.0,0.5423728813559322,4.418791150634519,0.11714201296703546
2024-10-23,2024-10-24,open,2024-10-25,2024-11-07,1,2,EXECUTED_ON_TIME,open,59,59,0,0.006739231433522139,0.009204993597659694,-0.002465762164137555,1.0169491525423734e-05,1.0169491525423734e-05,1.694915254237289e-05,1.3559322033898314e-05,5.084745762711868e-05,0.00668838397589502,0.0036361123728641583,0.03389830508474578,1.0,0.5169491525423728,4.4483457225592495,0.11822030444641399
2024-10-24,2024-10-25,open,2024-10-28,2024-11-08,1,2,UNEXECUTED_TIMEOUT,open,59,59,0,0.015418172012934512,0.06632834103345919,-0.050910169020524684,1.0169491525423734e-05,1.0169491525423734e-05,1.694915254237289e-05,1.3559322033898314e-05,5.084745762711868e-05,0.015367324555307394,0.01043349204145123,0.03389830508474578,1.0,0.5169491525423728,4.516704895012031,0.1260616611168151
2024-10-25,2024-10-28,open,2024-10-29,2024-11-11,1,2,UNEXECUTED_TIMEOUT,open,59,58,1,0.015314587682576007,0.028794573178660077,-0.01347998549608407,2.06896551724138e-05,2.06896551724138e-05,3.448275862068967e-05,2.7586206896551737e-05,0.00010344827586206902,0.015211139406713939,0.011887554076267596,0.06896551724137934,1.0,0.5344827586206897,4.585409122829047,0.12969155284286668
2024-10-28,2024-10-29,open,2024-10-30,2024-11-12,1,2,UNEXECUTED_TIMEOUT,open,59,59,0,-0.0032162620897581095,0.04114475336069856,-0.04436101545045667,5.08474576271185e-06,5.08474576271185e-06,8.474576271186419e-06,6.779661016949135e-06,2.5423728813559257e-05,-0.0032416858185716686,0.012881114975935288,0.016949152542372836,1.0,0.5084745762711864,4.570544667103222,0.13502767979755242
2024-10-29,2024-10-30,open,2024-10-31,2024-11-13,1,2,UNEXECUTED_TIMEOUT,open,59,59,0,0.008132971371284676,0.03981138068111978,-0.03167840930983511,1.0169491525423734e-05,1.0169491525423734e-05,1.694915254237289e-05,1.3559322033898314e-05,5.084745762711868e-05,0.008082123913657558,0.006038780519562996,0.03389830508474578,1.0,0.5169491525423728,4.607484375455657,0.14040331816046114
2024-10-30,2024-10-31,open,2024-11-01,2024-11-14,1,2,UNEXECUTED_TIMEOUT,open,59,59,0,0.014309151716719776,0.05472655624143785,-0.04041740452471808,0.0,0.0,0.0,0.0,0.0,0.014309151716719776,0.014025510119215512,0.0,1.0,0.5,4.673413568416468,0.1480871082482541
2024-10-31,2024-11-01,open,2024-11-04,2024-11-15,1,2,UNEXECUTED_TIMEOUT,open,59,59,0,0.003214074662522738,0.03688127469762703,-0.033667200035104296,1.5254237288135584e-05,1.5254237288135584e-05,2.542372881355931e-05,2.033898305084745e-05,7.627118644067793e-05,0.00313780347608206,0.015821997075778492,0.05084745762711862,1.0,0.5254237288135593,4.688077821756614,0.1535487495667352
2024-11-01,2024-11-04,open,2024-11-05,2024-11-18,1,2,UNEXECUTED_TIMEOUT,open,59,59,0,0.020186759798387143,0.021651152444740696,-0.0014643926463535524,2.033898305084747e-05,2.033898305084747e-05,3.389830508474578e-05,2.7118644067796627e-05,0.00010169491525423735,0.020085064883132907,-0.008674829616771344,0.06779661016949157,1.0,0.5338983050847458,4.782238168983772,0.15687325695130389
2024-11-04,2024-11-05,open,2024-11-06,2024-11-19,1,2,UNEXECUTED_TIMEOUT,open,59,59,0,0.03317984956343624,0.004312500206342662,0.028867349357093577,1.5254237288135584e-05,1.5254237288135584e-05,2.542372881355931e-05,2.033898305084745e-05,7.627118644067793e-05,0.03310357837699556,-0.015071049705528937,0.05084745762711862,1.0,0.5254237288135593,4.940547365028186,0.15754977290427602
2024-11-05,2024-11-06,open,2024-11-07,2024-11-20,1,2,UNEXECUTED_TIMEOUT,open,59,59,0,-0.010425799163696065,-0.021021704450114642,0.010595905286418577,2.033898305084747e-05,2.033898305084747e-05,3.389830508474578e-05,2.7118644067796627e-05,0.00010169491525423735,-0.010527494078950303,0.005626761694873113,0.06779661016949157,1.0,0.5338983050847458,4.888535781896079,0.15423780814209964
2024-11-06,2024-11-07,open,2024-11-08,2024-11-21,1,2,EXECUTED_ON_TIME,open,59,59,0,0.03836966004260456,-0.001959236740353698,0.04032889678295826,5.08474576271185e-06,5.08474576271185e-06,8.474576271186419e-06,6.779661016949135e-06,2.5423728813559257e-05,0.038344236313791,-0.020603980845120447,0.016949152542372836,1.0,0.5084745762711864,5.075982953145524,0.15393561976163603
2024-11-07,2024-11-08,open,2024-11-11,2024-11-22,1,2,EXECUTED_ON_TIME,open,59,59,0,-0.014962992630416908,-0.04957802560495628,0.03461503297453937,5.08474576271185e-06,5.08474576271185e-06,8.474576271186419e-06,6.779661016949135e-06,2.5423728813559257e-05,-0.014988416359230467,0.009005021164023415,0.016949152542372836,1.0,0.5084745762711864,4.999902007211423,0.14630379566357882
2024-11-08,2024-11-11,open,2024-11-12,2024-11-25,1,2,EXECUTED_ON_TIME,open,59,59,0,0.012181753314846654,-0.04704305503851314,0.05922480835335979,1.0169491525423734e-05,1.0169491525423734e-05,1.694915254237289e-05,1.3559322033898314e-05,5.084745762711868e-05,0.012130905857219536,-0.008717066230176445,0.03389830508474578,1.0,0.5169491525423728,5.060555347756227,0.1394212181518337
2024-11-11,2024-11-12,open,2024-11-13,2024-11-26,1,2,EXECUTED_ON_TIME,open,59,59,0,-0.028398388003226353,-0.07187723864862261,0.04347885064539626,2.033898305084747e-05,2.033898305084747e-05,3.389830508474578e-05,2.7118644067796627e-05,0.00010169491525423735,-0.02850008291848059,-0.00810583205780277,0.06779661016949157,1.0,0.5338983050847458,4.916329100731614,0.12940000598205267
2024-11-12,2024-11-13,open,2024-11-14,2024-11-27,1,2,EXECUTED_ON_TIME,open,59,59,0,0.006176053217592968,-0.056716564973310124,0.0628926181909031,5.08474576271185e-06,5.08474576271185e-06,8.474576271186419e-06,6.779661016949135e-06,2.5423728813559257e-05,0.006150629488779409,-0.0022641970668055037,0.016949152542372836,1.0,0.5084745762711864,4.946567619475118,0.12206088213522487
2024-11-13,2024-11-14,open,2024-11-15,2024-11-28,1,2,EXECUTED_ON_TIME,open,59,59,0,-0.028822508501527407,-0.04802713727100427,0.019204628769476866,2.033898305084747e-05,2.033898305084747e-05,3.389830508474578e-05,2.7118644067796627e-05,0.00010169491525423735,-0.028924203416781643,-0.0036468187259700822,0.06779661016949157,1.0,0.5338983050847458,4.8034920914345545,0.11619864739349656
2024-11-14,2024-11-15,open,2024-11-18,2024-11-29,1,2,EXECUTED_ON_TIME,open,59,59,0,-0.007845931202133385,-0.03869141067475357,0.03084547947262018,1.0169491525423734e-05,1.0169491525423734e-05,1.694915254237289e-05,1.3559322033898314e-05,5.084745762711868e-05,-0.007896778659760503,0.021478405013756717,0.03389830508474578,1.0,0.5169491525423728,4.765559977594586,0.1117027578073439
2024-11-15,2024-11-18,open,2024-11-19,2024-12-02,1,2,EXECUTED_ON_TIME,open,59,59,0,-0.01959767622863185,-0.018181594453585248,-0.0014160817750466029,2.033898305084747e-05,2.033898305084747e-05,3.389830508474578e-05,2.7118644067796627e-05,0.00010169491525423735,-0.019699371143886087,-0.002962648727093193,0.06779661016949157,1.0,0.5338983050847458,4.671681442887501,0.10967182356554372
2024-11-18,2024-11-19,open,2024-11-20,2024-12-03,1,2,EXECUTED_ON_TIME,open,59,59,0,0.002272417877220575,-0.001997924444520849,0.004270342321741423,1.5254237288135584e-05,1.5254237288135584e-05,2.542372881355931e-05,2.033898305084745e-05,7.627118644067793e-05,0.002196146690779897,-0.013422918013435264,0.05084745762711862,1.0,0.5254237288135593,4.681941140628676,0.10945270754836695
2024-11-19,2024-11-20,open,2024-11-21,2024-12-04,1,2,EXECUTED_ON_TIME,open,59,59,0,0.0008701046650502574,-0.004536923202602794,0.005407027867653051,2.033898305084747e-05,2.033898305084747e-05,3.389830508474578e-05,2.7118644067796627e-05,0.00010169491525423735,0.00076840974979602,-0.007152398321302193,0.06779661016949157,1.0,0.5338983050847458,4.685538789849106,0.10895612901990306
2024-11-20,2024-11-21,open,2024-11-22,2024-12-05,1,2,EXECUTED_ON_TIME,open,59,59,0,7.718518206642066e-05,-0.01580392289898991,0.01588110808105633,1.0169491525423734e-05,1.0169491525423734e-05,1.694915254237289e-05,1.3559322033898314e-05,5.084745762711868e-05,2.633772443930198e-05,-0.0006244169155634532,0.03389830508474578,1.0,0.5169491525423728,4.685662196278604,0.10723419475750012
2024-11-21,2024-11-22,open,2024-11-25,2024-12-06,1,2,EXECUTED_ON_TIME,open,59,59,0,-0.023974422092309034,-0.01514691369303689,-0.008827508399272144,2.033898305084747e-05,2.033898305084747e-05,3.389830508474578e-05,2.7118644067796627e-05,0.00010169491525423735,-0.02407611700756327,0.01110259582195142,0.06779661016949157,1.0,0.5338983050847458,4.572849644983084,0.10560992766456596
2024-11-22,2024-11-25,open,2024-11-26,2024-12-09,1,2,EXECUTED_ON_TIME,open,59,59,0,-0.0061763327098873794,0.024525152537159922,-0.0307014852470473,1.5254237288135584e-05,1.5254237288135584e-05,2.542372881355931e-05,2.033898305084745e-05,7.627118644067793e-05,-0.006252603896328058,0.004623863069532812,0.05084745762711862,1.0,0.5254237288135593,4.54425742747554,0.10820002724997788
2024-11-25,2024-11-26,open,2024-11-27,2024-12-10,1,2,EXECUTED_ON_TIME,open,59,59,0,0.0014194756488769,0.0671985389933265,-0.0657790633444496,1.5254237288135584e-05,1.5254237288135584e-05,2.542372881355931e-05,2.033898305084745e-05,7.627118644067793e-05,0.001343204462436222,0.008082412418734421,0.05084745762711862,1.0,0.5254237288135593,4.5503612943305844,0.1154709110002145
2024-11-26,2024-11-27,open,2024-11-28,2024-12-11,1,2,EXECUTED_ON_TIME,open,59,59,0,0.024206894877189293,0.041436340010194916,-0.017229445133005623,1.5254237288135584e-05,1.5254237288135584e-05,2.542372881355931e-05,2.033898305084745e-05,7.627118644067793e-05,0.024130623690748615,-0.00819833109861072,0.05084745762711862,1.0,0.5254237288135593,4.660164350381024,0.12025560292970634
2024-11-27,2024-11-28,open,2024-11-29,2024-12-12,1,2,EXECUTED_ON_TIME,open,59,59,0,-0.0009670569634851777,0.021233255119481154,-0.02220031208296633,1.0169491525423734e-05,1.0169491525423734e-05,1.694915254237289e-05,1.3559322033898314e-05,5.084745762711868e-05,-0.0010179044211122963,0.00895785483698181,0.03389830508474578,1.0,0.5169491525423728,4.655420748485661,0.12280902082625983
2024-11-28,2024-11-29,open,2024-12-02,2024-12-13,1,2,EXECUTED_ON_TIME,open,59,59,0,0.021853852361586767,0.0338756398760689,-0.01202178751448213,5.08474576271185e-06,5.08474576271185e-06,8.474576271186419e-06,6.779661016949135e-06,2.5423728813559257e-05,0.02182842863277321,0.0028653614523515905,0.016949152542372836,1.0,0.5084745762711864,4.757041268049512,0.12696925498930287
2024-11-29,2024-12-02,open,2024-12-03,2024-12-16,1,2,EXECUTED_ON_TIME,open,59,58,1,0.013241765366320738,0.005391202349641411,0.007850563016679328,5.1724137931034585e-06,5.1724137931034585e-06,8.620689655172431e-06,6.896551724137945e-06,2.5862068965517295e-05,0.013215903297355221,-0.007344670149014963,0.017241379310344862,1.0,0.5086206896551724,4.819909865429582,0.12765377193513341
2024-12-02,2024-12-03,open,2024-12-04,2024-12-17,1,2,EXECUTED_ON_TIME,open,59,59,0,0.00475485570703947,-0.009774487717976177,0.014529343425015648,5.08474576271185e-06,5.08474576271185e-06,8.474576271186419e-06,6.779661016949135e-06,2.5423728813559257e-05,0.004729431978225911,0.011990102149993194,0.016949152542372836,1.0,0.5084745762711864,4.842705301279311,0.12640602170920012
2024-12-03,2024-12-04,open,2024-12-05,2024-12-18,1,2,EXECUTED_ON_TIME,open,59,59,0,-0.0035595381883404614,-0.003441376043848643,-0.00011816214449181846,1.0169491525423734e-05,1.0169491525423734e-05,1.694915254237289e-05,1.3559322033898314e-05,5.084745762711868e-05,-0.00361038564596758,0.011868310627701235,0.03389830508474578,1.0,0.5169491525423728,4.825221267571921,0.12597101105429187
2024-12-04,2024-12-05,open,2024-12-06,2024-12-19,1,2,EXECUTED_ON_TIME,open,59,59,0,0.011231669717100448,-0.00119339298425869,0.012425062701359138,5.08474576271185e-06,5.08474576271185e-06,8.474576271186419e-06,6.779661016949135e-06,2.5423728813559257e-05,0.011206245988286888,0.00221149696896728,0.016949152542372836,1.0,0.5084745762711864,4.8792938840442455,0.1258206781334797
2024-12-05,2024-12-06,open,2024-12-09,2024-12-20,1,2,EXECUTED_ON_TIME,open,59,59,0,0.017080846409762533,0.003460082392622743,0.01362076401713979,1.0169491525423734e-05,1.0169491525423734e-05,1.694915254237289e-05,1.3559322033898314e-05,5.084745762711868e-05,0.017029998952135413,0.010733601398320962,0.03389830508474578,1.0,0.5169491525423728,4.9623882537766795,0.1262560280465172
2024-12-06,2024-12-09,open,2024-12-10,2024-12-23,1,2,EXECUTED_ON_TIME,open,59,59,0,0.024558550976626216,-0.01070702802025758,0.0352655789968838,1.0169491525423734e-05,1.0169491525423734e-05,1.694915254237289e-05,1.3559322033898314e-05,5.084745762711868e-05,0.024507703518999096,-0.005043966933397776,0.03389830508474578,1.0,0.5169491525423728,5.084004993846402,0.12490420121649672
2024-12-09,2024-12-10,open,2024-12-11,2024-12-24,1,2,EXECUTED_ON_TIME,open,59,59,0,-0.019846131908984554,-0.03886322834357181,0.019017096434587256,1.5254237288135584e-05,1.5254237288135584e-05,2.542372881355931e-05,2.033898305084745e-05,7.627118644067793e-05,-0.019922403095425232,0.012842163956176603,0.05084745762711862,1.0,0.5254237288135593,4.982719397019839,0.12005002072354856
2024-12-10,2024-12-11,open,2024-12-12,2024-12-25,1,2,EXECUTED_ON_TIME,open,59,59,0,0.008600197918247666,-1.554656974966928e-05,0.008615744487997335,1.5254237288135584e-05,1.5254237288135584e-05,2.542372881355931e-05,2.033898305084745e-05,7.627118644067793e-05,0.008523926731806988,0.003937729866812996,0.05084745762711862,1.0,0.5254237288135593,5.025191732085189,0.12004815435752793
2024-12-11,2024-12-12,open,2024-12-13,2024-12-26,1,2,EXECUTED_ON_TIME,open,59,59,0,0.006914580652893344,-0.001359616749093906,0.00827419740198725,1.5254237288135584e-05,1.5254237288135584e-05,2.542372881355931e-05,2.033898305084745e-05,7.627118644067793e-05,0.0068383094664526654,0.009910888508043659,0.05084745762711862,1.0,0.5254237288135593,5.059555548277447,0.11988493487616562
2024-12-12,2024-12-13,open,2024-12-16,2024-12-27,1,2,EXECUTED_ON_TIME,open,59,59,0,-0.006082798352145384,-0.0034906404297943006,-0.002592157922351084,1.0169491525423734e-05,1.0169491525423734e-05,1.694915254237289e-05,1.3559322033898314e-05,5.084745762711868e-05,-0.0061336458097725035,0.009792842001156524,0.03389830508474578,1.0,0.5169491525423728,5.028522026589444,0.11946645967556363
2024-12-13,2024-12-16,open,2024-12-17,2024-12-30,1,2,EXECUTED_ON_TIME,open,59,59,0,-0.006285094120747725,0.011681902400566102,-0.017966996521313828,1.0169491525423734e-05,1.0169491525423734e-05,1.694915254237289e-05,1.3559322033898314e-05,5.084745762711868e-05,-0.006335941578374844,0.0005858742618719158,0.03389830508474578,1.0,0.5169491525423728,4.9966616048034025,0.12086205519763472
2024-12-16,2024-12-17,open,2024-12-18,2024-12-31,1,2,EXECUTED_ON_TIME,open,59,59,0,0.005179551486751151,0.02245193732238926,-0.01727238583563811,2.033898305084747e-05,2.033898305084747e-05,3.389830508474578e-05,2.7118644067796627e-05,0.00010169491525423735,0.0050778565714969135,0.006702308834591676,0.06779661016949157,1.0,0.5338983050847458,5.022033935768899,0.12357564248558717
2024-12-17,2024-12-18,open,2024-12-19,2025-01-02,1,2,EXECUTED_ON_TIME,open,59,59,0,-0.009807284889749994,-0.000693091929609202,-0.009114192960140792,1.5254237288135584e-05,1.5254237288135584e-05,2.542372881355931e-05,2.033898305084745e-05,7.627118644067793e-05,-0.009883556076190672,-0.0044390052075993286,0.05084745762711862,1.0,0.5254237288135593,4.972398381748195,0.12348999320508414
2024-12-18,2024-12-19,open,2024-12-20,2025-01-03,1,2,EXECUTED_ON_TIME,open,59,59,0,0.004259952531105196,-0.022149651447254337,0.026409603978359533,1.0169491525423734e-05,1.0169491525423734e-05,1.694915254237289e-05,1.3559322033898314e-05,5.084745762711868e-05,0.004209105073478077,-0.0184765747109901,0.03389830508474578,1.0,0.5169491525423728,4.993327729004165,0.12075473289836772
2024-12-19,2024-12-20,open,2024-12-23,2025-01-06,1,2,EXECUTED_ON_TIME,open,59,59,0,-0.008175849450621343,-0.041011593225298015,0.03283574377467667,1.5254237288135584e-05,1.5254237288135584e-05,2.542372881355931e-05,2.033898305084745e-05,7.627118644067793e-05,-0.008252120637062021,-0.013643338351991925,0.05084745762711862,1.0,0.5254237288135593,4.952122186204036,0.11580238891271034
2024-12-20,2024-12-23,open,2024-12-24,2025-01-07,1,2,EXECUTED_ON_TIME,open,59,59,0,-0.007248836092066487,-0.04258570639759329,0.035336870305526805,1.0169491525423734e-05,1.0169491525423734e-05,1.694915254237289e-05,1.3559322033898314e-05,5.084745762711868e-05,-0.007299683549693606,0.0004680422351953095,0.03389830508474578,1.0,0.5169491525423728,4.91597326134533,0.11087086237833375
2024-12-23,2024-12-24,open,2024-12-25,2025-01-08,1,2,EXECUTED_ON_TIME,open,59,59,0,0.006612397945031397,-0.039055467653652864,0.045667865598684264,2.542372881355932e-05,2.542372881355932e-05,4.23728813559322e-05,3.389830508474576e-05,0.0001271186440677966,0.0064852793009636004,-0.0010972653990660294,0.0847457627118644,1.0,0.5423728813559322,4.947854720981224,0.10654074899898414
2024-12-24,2024-12-25,open,2024-12-26,2025-01-09,1,2,EXECUTED_ON_TIME,open,59,59,0,-0.011351047356631026,-0.05196195745389376,0.04061091009726273,1.0169491525423734e-05,1.0169491525423734e-05,1.694915254237289e-05,1.3559322033898314e-05,5.084745762711868e-05,-0.011401894814258145,-0.005791651541510997,0.03389830508474578,1.0,0.5169491525423728,4.891439801896365,0.10100468313239294
2024-12-25,2024-12-26,open,2024-12-27,2025-01-10,1,2,UNEXECUTED_TIMEOUT,open,59,59,0,-0.0017118391691832375,-0.05094240395888017,0.04923056478969693,1.5254237288135584e-05,1.5254237288135584e-05,2.542372881355931e-05,2.033898305084745e-05,7.627118644067793e-05,-0.0017881103556239154,-0.01568217451641915,0.05084745762711862,1.0,0.5254237288135593,4.882693367732684,0.09585926176252389
2024-12-26,2024-12-27,open,2024-12-30,2025-01-13,1,2,UNEXECUTED_TIMEOUT,open,59,59,0,-0.013823177053286994,-0.070873753047076,0.057050575993789,1.0169491525423734e-05,1.0169491525423734e-05,1.694915254237289e-05,1.3559322033898314e-05,5.084745762711868e-05,-0.013874024510914112,-0.009568379999278537,0.03389830508474578,1.0,0.5169491525423728,4.8149507602694825,0.08906535611709177
2024-12-27,2024-12-30,open,2024-12-31,2025-01-14,1,2,UNEXECUTED_TIMEOUT,open,59,59,0,-0.003171758606326108,-0.06239947695325265,0.05922771834692654,5.08474576271185e-06,5.08474576271185e-06,8.474576271186419e-06,6.779661016949135e-06,2.5423728813559257e-05,-0.003197182335139667,-0.0088772129979319,0.016949152542372836,1.0,0.5084745762711864,4.799556484754182,0.08350772448073006
2024-12-30,2024-12-31,open,2025-01-02,2025-01-15,1,2,EXECUTED_ON_TIME,open,59,59,0,-0.03233217885754493,-0.04650700685782905,0.01417482800028412,1.5254237288135584e-05,1.5254237288135584e-05,2.542372881355931e-05,2.033898305084745e-05,7.627118644067793e-05,-0.032408450043985605,-0.008186465306290271,0.05084745762711862,1.0,0.5254237288135593,4.644010298184739,0.07962403016562304
2024-12-31,2025-01-02,open,2025-01-03,2025-01-16,1,2,EXECUTED_ON_TIME,open,59,59,0,-0.02847232947932781,-0.030424109368291874,0.0019517798889640628,1.5254237288135584e-05,1.5254237288135584e-05,2.542372881355931e-05,2.033898305084745e-05,7.627118644067793e-05,-0.02854860066576849,0.007039515307443983,0.05084745762711862,1.0,0.5254237288135593,4.511430302694146,0.07720153996351996
2025-01-02,2025-01-03,open,2025-01-06,2025-01-17,1,2,EXECUTED_ON_TIME,open,59,59,0,-0.002395612174290405,-0.009638603351473374,0.007242991177182969,5.08474576271185e-06,5.08474576271185e-06,8.474576271186419e-06,6.779661016949135e-06,2.5423728813559257e-05,-0.002421035903103964,0.02089037930330792,0.016949152542372836,1.0,0.5084745762711864,4.500507967956972,0.07645742494168867
2025-01-03,2025-01-06,open,2025-01-07,2025-01-20,1,2,EXECUTED_ON_TIME,open,59,59,0,0.012057899495567632,0.015708198379762672,-0.00365029888419504,1.0169491525423734e-05,1.0169491525423734e-05,1.694915254237289e-05,1.3559322033898314e-05,5.084745762711868e-05,0.012007052037940514,0.01440922131265811,0.03389830508474578,1.0,0.5169491525423728,4.554545801325397,0.07765843334027853
2025-01-06,2025-01-07,open,2025-01-08,2025-01-21,1,2,EXECUTED_ON_TIME,open,59,59,0,0.016594882332424336,0.023795051458892713,-0.007200169126468377,1.5254237288135584e-05,1.5254237288135584e-05,2.542372881355931e-05,2.033898305084745e-05,7.627118644067793e-05,0.016518611145983658,0.003148932009360738,0.05084745762711862,1.0,0.5254237288135593,4.629780572364064,0.07950631975782745
2025-01-07,2025-01-08,open,2025-01-09,2025-01-22,1,2,EXECUTED_ON_TIME,open,59,59,0,0.008881749060235956,0.01128829773982809,-0.002406548679592134,3.0508474576271168e-05,3.0508474576271168e-05,5.084745762711862e-05,4.06779661016949e-05,0.00015254237288135587,0.0087292066873546,0.002280513909370302,0.10169491525423724,1.0,0.5508474576271186,4.670194883897328,0.08040381076745177
2025-01-08,2025-01-09,open,2025-01-10,2025-01-23,1,2,EXECUTED_ON_TIME,open,59,59,0,0.00797035918966189,0.012778471058794372,-0.004808111869132482,2.542372881355932e-05,2.542372881355932e-05,4.23728813559322e-05,3.389830508474576e-05,0.0001271186440677966,0.007843240545594094,0.002998103935547616,0.0847457627118644,1.0,0.5423728813559322,4.706824345766538,0.08143124853636044
2025-01-09,2025-01-10,open,2025-01-13,2025-01-24,1,2,EXECUTED_ON_TIME,open,59,59,0,-0.013061279825827271,0.003958037446416096,-0.017019317272243366,2.033898305084747e-05,2.033898305084747e-05,3.389830508474578e-05,2.7118644067796627e-05,0.00010169491525423735,-0.01316297474108151,0.009270719995719984,0.06779661016949157,1.0,0.5338983050847458,4.644868535792505,0.08175355646737577
2025-01-10,2025-01-13,open,2025-01-14,2025-01-27,1,2,EXECUTED_ON_TIME,open,59,59,0,0.017287653302342665,0.035771629966602214,-0.01848397666425955,1.5254237288135584e-05,1.5254237288135584e-05,2.542372881355931e-05,2.033898305084745e-05,7.627118644067793e-05,0.017211382115901987,0.009852630738821467,0.05084745762711862,1.0,0.5254237288135593,4.724813143040159,0.08467801443778045
2025-01-13,2025-01-14,open,2025-01-15,2025-02-05,1,2,EXECUTED_ON_TIME,open,59,59,0,0.031054498141340075,0.031149860696741527,-9.536255540145214e-05,1.5254237288135584e-05,1.5254237288135584e-05,2.542372881355931e-05,2.033898305084745e-05,7.627118644067793e-05,0.030978226954899397,0.005985292276725729,0.05084745762711862,1.0,0.5254237288135593,4.871179476904749,0.08731572279159397
2025-01-14,2025-01-15,open,2025-01-16,2025-02-06,1,2,EXECUTED_ON_TIME,open,59,59,0,0.00351561220163629,-0.005361105606641381,0.008876717808277671,1.0169491525423734e-05,1.0169491525423734e-05,1.694915254237289e-05,1.3559322033898314e-05,5.084745762711868e-05,0.0034647647440091715,0.0049384964116274644,0.03389830508474578,1.0,0.5169491525423728,4.88805696781807,0.086847613980588
2025-01-15,2025-01-16,open,2025-01-17,2025-02-07,1,2,EXECUTED_ON_TIME,open,59,59,0,0.004627901212345815,0.008358179043354008,-0.0037302778310081934,0.0,0.0,0.0,0.0,0.0,0.004627901212345815,0.015131402322770332,0.0,1.0,0.5,4.91067841258545,0.08757350188772585
2025-01-16,2025-01-17,open,2025-01-20,2025-02-10,1,2,EXECUTED_ON_TIME,open,59,59,0,0.015872633509259042,0.02896467692067284,-0.013092043411413797,1.5254237288135584e-05,1.5254237288135584e-05,2.542372881355931e-05,2.033898305084745e-05,7.627118644067793e-05,0.015796362322818364,-0.0069781981324098345,0.05084745762711862,1.0,0.5254237288135593,4.988249268041493,0.09011004007671576
2025-01-17,2025-01-20,open,2025-01-21,2025-02-11,1,2,EXECUTED_ON_TIME,open,59,59,0,0.00017405413906272624,0.018213680062910242,-0.018039625923847516,5.08474576271185e-06,5.08474576271185e-06,8.474576271186419e-06,6.779661016949135e-06,2.5423728813559257e-05,0.00014863041024916699,-0.007005094929845278,0.016949152542372836,1.0,0.5084745762711864,4.988990673576627,0.09175127551712908
2025-01-20,2025-01-21,open,2025-01-22,2025-02-12,1,2,EXECUTED_ON_TIME,open,59,59,0,-0.007058361915580748,0.0066497747221294645,-0.013708136637710214,2.033898305084747e-05,2.033898305084747e-05,3.389830508474578e-05,2.7118644067796627e-05,0.00010169491525423735,-0.007160056830834986,-0.0011315593172563383,0.06779661016949157,1.0,0.5338983050847458,4.953269216825312,0.09236140082978603
2025-01-21,2025-01-22,open,2025-01-23,2025-02-13,1,2,EXECUTED_ON_TIME,open,59,59,0,0.006876293156638355,0.023525181455277266,-0.016648888298638913,1.0169491525423734e-05,1.0169491525423734e-05,1.694915254237289e-05,1.3559322033898314e-05,5.084745762711868e-05,0.006825445699011236,-0.005285224720113597,0.03389830508474578,1.0,0.5169491525423728,4.987077486897338,0.09453421954377034
2025-01-22,2025-01-23,open,2025-01-24,2025-02-14,1,2,EXECUTED_ON_TIME,open,59,59,0,-0.00897676930541806,0.018746444936937445,-0.027723214242355507,1.0169491525423734e-05,1.0169491525423734e-05,1.694915254237289e-05,1.3559322033898314e-05,5.084745762711868e-05,-0.009027616763045178,0.010750286975882135,0.03389830508474578,1.0,0.5169491525423728,4.942056062578018,0.09630640008510398
2025-01-23,2025-01-24,open,2025-01-27,2025-02-17,1,2,EXECUTED_ON_TIME,open,59,59,0,0.021008138231548006,0.04232244290101095,-0.021314304669462943,1.0169491525423734e-05,1.0169491525423734e-05,1.694915254237289e-05,1.3559322033898314e-05,5.084745762711868e-05,0.020957290773920886,0.0016031841047794981,0.03389830508474578,1.0,0.5169491525423728,5.045628168502484,0.10038232220370771
2025-01-24,2025-01-27,open,2025-02-05,2025-02-18,1,2,EXECUTED_ON_TIME,open,59,59,0,-0.001992549207745236,0.02752649364418369,-0.02951904285192893,5.08474576271185e-06,5.08474576271185e-06,8.474576271186419e-06,6.779661016949135e-06,2.5423728813559257e-05,-0.002017972936558795,-0.0024014019940156446,0.016949152542372836,1.0,0.5084745762711864,5.035446227410507,0.10314549555783648
2025-01-27,2025-02-05,open,2025-02-06,2025-02-19,1,2,EXECUTED_ON_TIME,open,59,58,1,0.004679789067799421,0.016001248471922302,-0.011321459404122882,1.0344827586206883e-05,1.0344827586206883e-05,1.7241379310344808e-05,1.3793103448275846e-05,5.172413793103443e-05,0.004628064929868387,0.016159224112618796,0.03448275862068961,1.0,0.5172413793103448,5.058750599501824,0.10479595226101697
2025-02-05,2025-02-06,open,2025-02-07,2025-02-20,1,2,EXECUTED_ON_TIME,open,59,59,0,0.03821818943793868,0.03827334165609164,-5.515221815296373e-05,1.0169491525423734e-05,1.0169491525423734e-05,1.694915254237289e-05,1.3559322033898314e-05,5.084745762711868e-05,0.03816734198031156,0.020564481784522488,0.03389830508474578,1.0,0.5169491525423728,5.251829663626116,0.10880684354607834
2025-02-06,2025-02-07,open,2025-02-10,2025-02-21,1,2,EXECUTED_ON_TIME,open,59,59,0,0.03574375304930808,0.02445203075812885,0.01129172229117923,1.5254237288135584e-05,1.5254237288135584e-05,2.542372881355931e-05,2.033898305084745e-05,7.627118644067793e-05,0.0356674818628674,0.026114262376429682,0.05084745762711862,1.0,0.5254237288135593,5.43914920290037,0.11146739183116196
2025-02-07,2025-02-10,open,2025-02-11,2025-02-24,1,2,EXECUTED_ON_TIME,open,59,59,0,0.006559686284328726,0.019081337532984133,-0.012521651248655407,2.033898305084747e-05,2.033898305084747e-05,3.389830508474578e-05,2.7118644067796627e-05,0.00010169491525423735,0.006457991369074489,0.008493247380726595,0.06779661016949157,1.0,0.5338983050847458,5.474275181507809,0.11359433875861376
2025-02-10,2025-02-11,open,2025-02-12,2025-02-25,1,2,EXECUTED_ON_TIME,open,59,59,0,-0.004993682000319495,0.007292148667954246,-0.01228583066827374,1.0169491525423734e-05,1.0169491525423734e-05,1.694915254237289e-05,1.3559322033898314e-05,5.084745762711868e-05,-0.005044529457946614,-0.004674814110063714,0.03389830508474578,1.0,0.5169491525423728,5.4466600390937865,0.11442268556467952
2025-02-11,2025-02-12,open,2025-02-13,2025-02-26,1,2,EXECUTED_ON_TIME,open,59,59,0,0.01782405203288574,0.014417589448807444,0.003406462584078295,1.0169491525423734e-05,1.0169491525423734e-05,1.694915254237289e-05,1.3559322033898314e-05,5.084745762711868e-05,0.01777320457525862,0.004536238542842203,0.03389830508474578,1.0,0.5169491525423728,5.543464642220486,0.11607238486878106
2025-02-12,2025-02-13,open,2025-02-14,2025-02-27,1,2,EXECUTED_ON_TIME,open,59,59,0,-0.003910170802877329,0.012049350214006216,-0.015959521016883544,1.0169491525423734e-05,1.0169491525423734e-05,1.694915254237289e-05,1.3559322033898314e-05,5.084745762711868e-05,-0.003961018260504448,0.009881086281881932,0.03389830508474578,1.0,0.5169491525423728,5.52150687754619,0.11747098168423992
2025-02-13,2025-02-14,open,2025-02-17,2025-02-28,1,1,EXECUTED_ON_TIME,open,59,59,0,0.011314042315582641,0.01265372701737344,-0.001339684701790798,2.033898305084747e-05,2.033898305084747e-05,3.389830508474578e-05,2.7118644067796627e-05,0.00010169491525423735,0.011212347400328403,-0.004623255656797802,0.06779661016949157,1.0,0.5338983050847458,5.583415930830541,0.11895742741893517
2025-02-14,2025-02-17,open,2025-02-18,2025-03-03,1,2,EXECUTED_ON_TIME,open,59,59,0,0.0008205008445801891,-0.013837444982380487,0.014657945826960676,1.0169491525423734e-05,1.0169491525423734e-05,1.694915254237289e-05,1.3559322033898314e-05,5.084745762711868e-05,0.0007696533869530704,-0.00210569900464241,0.03389830508474578,1.0,0.5169491525423728,5.587713225812473,0.11731136056178014
2025-02-17,2025-02-18,open,2025-02-19,2025-03-04,1,1,EXECUTED_ON_TIME,open,59,59,0,-0.014898362657553491,-0.019424356055533165,0.004525993397979674,2.033898305084747e-05,2.033898305084747e-05,3.389830508474578e-05,2.7118644067796627e-05,0.00010169491525423735,-0.015000057572807729,-0.0007357913446606884,0.06779661016949157,1.0,0.5338983050847458,5.503897205724946,0.11503266292486909
2025-02-18,2025-02-19,open,2025-02-20,2025-03-05,1,1,EXECUTED_ON_TIME,open,59,59,0,0.009699402342771193,-0.004715812217437776,0.014415214560208969,2.033898305084747e-05,2.033898305084747e-05,3.389830508474578e-05,2.7118644067796627e-05,0.00010169491525423735,0.009597707427516955,-0.0032942674195119686,0.06779661016949157,1.0,0.5338983050847458,5.556722000816621,0.1144901904876436
2025-02-19,2025-02-20,open,2025-02-21,2025-03-06,1,1,EXECUTED_ON_TIME,open,59,59,0,0.002410394157565591,-0.0028635329698957213,0.005273927127461312,2.033898305084747e-05,2.033898305084747e-05,3.389830508474578e-05,2.7118644067796627e-05,0.00010169491525423735,0.0023086992423113537,-0.0008161067157440882,0.06779661016949157,1.0,0.5338983050847458,5.569550800689641,0.11416234405245258
2025-02-20,2025-02-21,open,2025-02-24,2025-03-07,1,2,EXECUTED_ON_TIME,open,59,59,0,0.008473976765411319,0.0017427398114600035,0.006731236953951315,1.5254237288135584e-05,1.5254237288135584e-05,2.542372881355931e-05,2.033898305084745e-05,7.627118644067793e-05,0.00839770557897064,-0.006949136042847049,0.05084745762711862,1.0,0.5254237288135593,5.6163222485209525,0.11436129931440239
2025-02-21,2025-02-24,open,2025-02-25,2025-03-10,1,1,EXECUTED_ON_TIME,open,59,58,1,-0.009446399461789488,-0.006772338610385509,-0.0026740608514039792,1.5517241379310342e-05,1.5517241379310342e-05,2.5862068965517237e-05,2.068965517241379e-05,7.758620689655172e-05,-0.00952398566868604,0.0027830309153946773,0.051724137931034475,1.0,0.5258620689655172,5.562832475915316,0.11358680587152162
2025-02-24,2025-02-25,open,2025-02-26,2025-03-11,1,2,EXECUTED_ON_TIME,open,59,59,0,0.003078966130452394,-0.010983476864661612,0.014062442995114006,1.5254237288135584e-05,1.5254237288135584e-05,2.542372881355931e-05,2.033898305084745e-05,7.627118644067793e-05,0.003002694944011716,-0.001480197244400645,0.05084745762711862,1.0,0.5254237288135593,5.579535964865131,0.11233922781710096
2025-02-25,2025-02-26,open,2025-02-27,2025-03-12,1,2,EXECUTED_ON_TIME,open,59,59,0,0.007066763085710566,0.0038200924655669155,0.00324667062014365,2.033898305084747e-05,2.033898305084747e-05,3.389830508474578e-05,2.7118644067796627e-05,0.00010169491525423735,0.006965068170456328,-0.0006137204408174085,0.06779661016949157,1.0,0.5338983050847458,5.618397813219929,0.11276837405487267
2025-02-26,2025-02-27,open,2025-02-28,2025-03-13,1,2,EXECUTED_ON_TIME,open,59,59,0,-0.010357265751767356,-0.008916796093170865,-0.0014404696585964914,2.033898305084747e-05,2.033898305084747e-05,3.389830508474578e-05,2.7118644067796627e-05,0.00010169491525423735,-0.010458960667021594,0.001490610105321798,0.06779661016949157,1.0,0.5338983050847458,5.559635211479781,0.11176284145766695
2025-02-27,2025-02-28,open,2025-03-03,2025-03-14,1,2,EXECUTED_ON_TIME,open,59,59,0,-0.01185351786650474,-0.007739127286885417,-0.004114390579619324,1.5254237288135584e-05,1.5254237288135584e-05,2.542372881355931e-05,2.033898305084745e-05,7.627118644067793e-05,-0.011929789052945419,0.006418986878021702,0.05084745762711862,1.0,0.5254237288135593,5.4933099361955,0.11089789460168206
2025-02-28,2025-03-03,open,2025-03-04,2025-03-17,1,2,EXECUTED_ON_TIME,open,59,59,0,-0.0017997759233201215,0.031013699529399252,-0.03281347545271937,5.08474576271185e-06,5.08474576271185e-06,8.474576271186419e-06,6.779661016949135e-06,2.5423728813559257e-05,-0.0018251996521336808,0.012718651956644381,0.016949152542372836,1.0,0.5084745762711864,5.483283548810893,0.11433724858330162
2025-03-03,2025-03-04,open,2025-03-05,2025-03-18,1,2,EXECUTED_ON_TIME,open,59,59,0,0.020116576316101784,0.03770957740751801,-0.01759300109141623,2.033898305084747e-05,2.033898305084747e-05,3.389830508474578e-05,2.7118644067796627e-05,0.00010169491525423735,0.020014881400847548,-0.001955136201979551,0.06779661016949157,1.0,0.5338983050847458,5.593030818727562,0.11864885790931626
2025-03-04,2025-03-05,open,2025-03-06,2025-03-19,1,2,EXECUTED_ON_TIME,open,59,59,0,0.008414045245452372,0.03010083597428781,-0.021686790728835437,1.5254237288135584e-05,1.5254237288135584e-05,2.542372881355931e-05,2.033898305084745e-05,7.627118644067793e-05,0.008337774059011694,-0.0056623918796193,0.05084745762711862,1.0,0.5254237288135593,5.639664245999201,0.12222028771978116
2025-03-05,2025-03-06,open,2025-03-07,2025-03-20,1,2,EXECUTED_ON_TIME,open,59,59,0,0.006197670945977267,0.022347040806365515,-0.016149369860388247,5.08474576271185e-06,5.08474576271185e-06,8.474576271186419e-06,6.779661016949135e-06,2.5423728813559257e-05,0.006172247217163708,0.0006067754337812648,0.016949152542372836,1.0,0.5084745762711864,5.674473647947307,0.12495154947682084
2025-03-06,2025-03-07,open,2025-03-10,2025-03-21,1,2,EXECUTED_ON_TIME,open,59,59,0,-0.00533674327760081,0.0054754031455683805,-0.01081214642316919,5.08474576271185e-06,5.08474576271185e-06,8.474576271186419e-06,6.779661016949135e-06,2.5423728813559257e-05,-0.005362167006414369,-0.006882935199708518,0.016949152542372836,1.0,0.5084745762711864,5.644046172573517,0.12563570958386988
2025-03-07,2025-03-10,open,2025-03-11,2025-03-24,1,2,EXECUTED_ON_TIME,open,59,59,0,-0.0067612329128404775,-0.007468103548781135,0.0007068706359406578,1.0169491525423734e-05,1.0169491525423734e-05,1.694915254237289e-05,1.3559322033898314e-05,5.084745762711868e-05,-0.006812080370467597,0.007114662716851013,0.03389830508474578,1.0,0.5169491525423728,5.605598476431316,0.12469744909527294
2025-03-10,2025-03-11,open,2025-03-12,2025-03-25,1,2,EXECUTED_ON_TIME,open,59,59,0,0.015887350310542205,0.012200961795749699,0.003686388514792506,1.5254237288135584e-05,1.5254237288135584e-05,2.542372881355931e-05,2.033898305084745e-05,7.627118644067793e-05,0.015811079124101526,-0.001755236415213201,0.05084745762711862,1.0,0.5254237288135593,5.694229037480115,0.1262188779077118
2025-03-11,2025-03-12,open,2025-03-13,2025-03-26,1,2,EXECUTED_ON_TIME,open,59,59,0,-0.0051726311344068325,-0.004219808039906181,-0.0009528230945006514,1.0169491525423734e-05,1.0169491525423734e-05,1.694915254237289e-05,1.3559322033898314e-05,5.084745762711868e-05,-0.0052234785920339515,8.968287499209332e-05,0.03389830508474578,1.0,0.5169491525423728,5.664485354004699,0.1256862584719289
2025-03-12,2025-03-13,open,2025-03-14,2025-03-27,1,2,EXECUTED_ON_TIME,open,59,59,0,-0.003332800102310934,-0.003657905355010427,0.00032510525269949285,1.0169491525423734e-05,1.0169491525423734e-05,1.694915254237289e-05,1.3559322033898314e-05,5.084745762711868e-05,-0.0033836475599380526,0.005470072701953049,0.03389830508474578,1.0,0.5169491525423728,5.645318731958317,0.12522651003401322
2025-03-13,2025-03-14,open,2025-03-17,2025-03-28,1,2,EXECUTED_ON_TIME,open,59,59,0,0.022524206623729313,0.002847217686630543,0.01967698893709877,1.5254237288135584e-05,1.5254237288135584e-05,2.542372881355931e-05,2.033898305084745e-05,7.627118644067793e-05,0.022447935437288635,-0.003002890573507149,0.05084745762711862,1.0,0.5254237288135593,5.772044482376233,0.12558305716821708
2025-03-14,2025-03-17,open,2025-03-18,2025-03-31,1,2,EXECUTED_ON_TIME,open,59,58,1,3.284854852049059e-05,-0.02851735047156667,0.028550199020087163,1.0344827586206883e-05,1.0344827586206883e-05,1.7241379310344808e-05,1.3793103448275846e-05,5.172413793103443e-05,-1.8875589410543835e-05,-0.0022411065268142308,0.03448275862068961,1.0,0.5172413793103448,5.771935531634525,0.12200176111366023
2025-03-17,2025-03-18,open,2025-03-19,2025-04-01,1,2,EXECUTED_ON_TIME,open,59,59,0,-0.0008958870957816793,-0.029662650908736543,0.028766763812954864,2.033898305084747e-05,2.033898305084747e-05,3.389830508474578e-05,2.7118644067796627e-05,0.00010169491525423735,-0.0009975820110359167,0.004260170601418025,0.06779661016949157,1.0,0.5338983050847458,5.766177552579307,0.11838286546349466
2025-03-18,2025-03-19,open,2025-03-20,2025-04-02,1,2,EXECUTED_ON_TIME,open,59,59,0,-0.00230686858180698,-0.03006548351051541,0.02775861492870843,1.0169491525423734e-05,1.0169491525423734e-05,1.694915254237289e-05,1.3559322033898314e-05,5.084745762711868e-05,-0.0023577160394340985,0.00842653066067954,0.03389830508474578,1.0,0.5169491525423728,5.752582543277366,0.1148236273739744
2025-03-19,2025-03-20,open,2025-03-21,2025-04-03,1,2,EXECUTED_ON_TIME,open,59,59,0,-0.007525929503884916,-0.04179469810840486,0.034268768604519946,1.0169491525423734e-05,1.0169491525423734e-05,1.694915254237289e-05,1.3559322033898314e-05,5.084745762711868e-05,-0.007576776961512035,0.0017078271512651613,0.03389830508474578,1.0,0.5169491525423728,5.708996508394265,0.11002460853216717
2025-03-20,2025-03-21,open,2025-03-24,2025-04-07,1,2,EXECUTED_ON_TIME,open,59,59,0,-0.011973585948311117,-0.07344306021784863,0.061469474269537513,1.5254237288135584e-05,1.5254237288135584e-05,2.542372881355931e-05,2.033898305084745e-05,7.627118644067793e-05,-0.012049857134751795,0.0016422853505152456,0.05084745762711862,1.0,0.5254237288135593,5.6402039160853175,0.10194406458229399
2025-03-21,2025-03-24,open,2025-03-25,2025-04-08,1,2,EXECUTED_ON_TIME,open,59,59,0,-0.004701743597269505,-0.08123563307911874,0.07653388948184923,1.5254237288135584e-05,1.5254237288135584e-05,2.542372881355931e-05,2.033898305084745e-05,7.627118644067793e-05,-0.004778014783710183,-0.007718164076739474,0.05084745762711862,1.0,0.5254237288135593,5.613254938391122,0.09366257395729277
2025-03-24,2025-03-25,open,2025-03-26,2025-04-09,1,1,EXECUTED_ON_TIME,open,59,59,0,-0.010270305139640088,-0.08425662625085772,0.07398632111121764,1.5254237288135584e-05,1.5254237288135584e-05,2.542372881355931e-05,2.033898305084745e-05,7.627118644067793e-05,-0.010346576326080766,0.003944449170178598,0.05084745762711862,1.0,0.5254237288135593,5.555176967733308,0.08577088146967983
2025-03-25,2025-03-26,open,2025-03-27,2025-04-10,1,1,EXECUTED_ON_TIME,open,59,59,0,-0.010500056202792245,-0.046074163523702305,0.035574107320910056,5.08474576271185e-06,5.08474576271185e-06,8.474576271186419e-06,6.779661016949135e-06,2.5423728813559257e-05,-0.010525479931605805,-0.009110289498840995,0.016949152542372836,1.0,0.5084745762711864,5.496706064042912,0.08181905985127372
2025-03-26,2025-03-27,open,2025-03-28,2025-04-11,0,1,EXECUTED_ON_TIME,open,59,59,0,-0.0056813137369886805,-0.046292821159978126,0.04061150742298945,1.0169491525423734e-05,1.0169491525423734e-05,1.694915254237289e-05,1.3559322033898314e-05,5.084745762711868e-05,-0.0057321611946157995,-0.011029743823254272,0.03389830508474578,1.0,0.5169491525423728,5.465198058844396,0.07803142474610116
2025-03-27,2025-03-28,open,2025-03-31,2025-04-14,1,2,EXECUTED_ON_TIME,open,59,59,0,-0.017030103753413357,-0.04038261147417199,0.023352507720758635,1.5254237288135584e-05,1.5254237288135584e-05,2.542372881355931e-05,2.033898305084745e-05,7.627118644067793e-05,-0.017106374939854035,-0.007227269910845576,0.05084745762711862,1.0,0.5254237288135593,5.371708331729241,0.07488031203780326
2025-03-28,2025-03-31,open,2025-04-01,2025-04-15,0,1,EXECUTED_ON_TIME,open,59,59,0,-0.01151543196549039,-0.03827539399823143,0.026759962032741044,1.0169491525423734e-05,1.0169491525423734e-05,1.694915254237289e-05,1.3559322033898314e-05,5.084745762711868e-05,-0.011566279423117509,-0.011909001676717181,0.03389830508474578,1.0,0.5169491525423728,5.309577652184973,0.07201423859184583
2025-03-31,2025-04-01,open,2025-04-02,2025-04-16,0,1,EXECUTED_ON_TIME,open,59,59,0,-0.009458109338207973,-0.03465467728838445,0.025196567950176475,1.5254237288135584e-05,1.5254237288135584e-05,2.542372881355931e-05,2.033898305084745e-05,7.627118644067793e-05,-0.009534380524648651,-0.007752970324091292,0.05084745762711862,1.0,0.5254237288135593,5.258954118423871,0.0695186083932767
2025-04-01,2025-04-02,open,2025-04-03,2025-04-17,0,1,EXECUTED_ON_TIME,open,59,59,0,-0.019137011323766048,-0.033295077924157535,0.014158066600391487,1.0169491525423734e-05,1.0169491525423734e-05,1.694915254237289e-05,1.3559322033898314e-05,5.084745762711868e-05,-0.019187858781393168,-0.008310429529638617,0.03389830508474578,1.0,0.5169491525423728,5.158046049461728,0.06720398090964357
2025-04-02,2025-04-03,open,2025-04-07,2025-04-18,1,2,EXECUTED_ON_TIME,open,59,59,0,-0.07237668912414837,-0.021692930615405337,-0.05068375850874303,1.0169491525423734e-05,1.0169491525423734e-05,1.694915254237289e-05,1.3559322033898314e-05,5.084745762711868e-05,-0.07242753658177549,-0.01185019144041502,0.03389830508474578,1.0,0.5169491525423728,4.784461480523856,0.06574612961469165
2025-04-03,2025-04-07,open,2025-04-08,2025-04-21,0,1,EXECUTED_ON_TIME,open,59,59,0,-0.03542468212574986,0.025288405916191747,-0.06071308804194161,1.5254237288135584e-05,1.5254237288135584e-05,2.542372881355931e-05,2.033898305084745e-05,7.627118644067793e-05,-0.03550095331219054,-0.0057921860083351255,0.05084745762711862,1.0,0.5254237288135593,4.614608536879804,0.06740874442780652
2025-04-07,2025-04-08,open,2025-04-09,2025-04-22,0,1,EXECUTED_ON_TIME,open,59,59,0,-0.0018979738456457664,0.050618874003400816,-0.05251684784904658,2.033898305084747e-05,2.033898305084747e-05,3.389830508474578e-05,2.7118644067796627e-05,0.00010169491525423735,-0.0019996687609000036,0.01686002634698952,0.06779661016949157,1.0,0.5338983050847458,4.605380848344823,0.07082089916872511
2025-04-08,2025-04-09,open,2025-04-10,2025-04-23,0,1,EXECUTED_ON_TIME,open,59,59,0,0.06829679989771045,0.05471999698289354,0.013576802914816916,1.5254237288135584e-05,1.5254237288135584e-05,2.542372881355931e-05,2.033898305084745e-05,7.627118644067793e-05,0.06822052871126978,0.010137317807654977,0.05084745762711862,1.0,0.5254237288135593,4.919562364735663,0.07469621855756356
2025-04-09,2025-04-10,open,2025-04-11,2025-04-24,1,1,EXECUTED_ON_TIME,open,59,59,0,-0.008001361291196555,0.010224516327271838,-0.018225877618468393,1.5254237288135584e-05,1.5254237288135584e-05,2.542372881355931e-05,2.033898305084745e-05,7.627118644067793e-05,-0.008077632477637233,0.0014727495524282114,0.05084745762711862,1.0,0.5254237288135593,4.879823948002512,0.07545995126379083
2025-04-10,2025-04-11,open,2025-04-14,2025-04-25,1,1,EXECUTED_ON_TIME,open,59,59,0,0.03138354558689058,0.016558655234209407,0.01482489035268117,1.0169491525423734e-05,1.0169491525423734e-05,1.694915254237289e-05,1.3559322033898314e-05,5.084745762711868e-05,0.03133269812926346,0.008125482266723924,0.03389830508474578,1.0,0.5169491525423728,5.032721998689225,0.0767094665807582
2025-04-11,2025-04-14,open,2025-04-15,2025-04-28,1,2,EXECUTED_ON_TIME,open,59,59,0,-0.00260451665554907,0.003803246041069075,-0.006407762696618145,2.033898305084747e-05,2.033898305084747e-05,3.389830508474578e-05,2.7118644067796627e-05,0.00010169491525423735,-0.0027062115708033074,0.0016687414749233902,0.06779661016949157,1.0,0.5338983050847458,5.019102388183736,0.07700121155584398
2025-04-14,2025-04-15,open,2025-04-16,2025-04-29,1,2,EXECUTED_ON_TIME,open,59,59,0,-0.001695149056122035,0.005197420243797435,-0.00689256929991947,1.0169491525423734e-05,1.0169491525423734e-05,1.694915254237289e-05,1.3559322033898314e-05,5.084745762711868e-05,-0.0017459965137491536,0.001468605653355699,0.03389830508474578,1.0,0.5169491525423728,5.010339052911817,0.07740141921158125
2025-04-15,2025-04-16,open,2025-04-17,2025-04-30,1,2,EXECUTED_ON_TIME,open,59,59,0,-0.004258594259408662,0.0047779649993773265,-0.009036559258785989,1.0169491525423734e-05,1.0169491525423734e-05,1.694915254237289e-05,1.3559322033898314e-05,5.084745762711868e-05,-0.004309441717035781,-0.0006961701367860324,0.03389830508474578,1.0,0.5169491525423728,4.988747288780706,0.07777124048347632
2025-04-16,2025-04-17,open,2025-04-18,2025-05-06,1,2,EXECUTED_ON_TIME,open,59,59,0,0.011580629357978054,0.010463142521902391,0.0011174868360756627,1.5254237288135584e-05,1.5254237288135584e-05,2.542372881355931e-05,2.033898305084745e-05,7.627118644067793e-05,0.011504358171537376,0.009124616775520088,0.05084745762711862,1.0,0.5254237288135593,5.0461396244181245,0.07858497205676007
2025-04-17,2025-04-18,open,2025-04-21,2025-05-07,1,2,EXECUTED_ON_TIME,open,59,59,0,0.011902608208507451,0.027003414588609775,-0.015100806380102324,1.0169491525423734e-05,1.0169491525423734e-05,1.694915254237289e-05,1.3559322033898314e-05,5.084745762711868e-05,0.011851760750880333,0.011832136766928673,0.03389830508474578,1.0,0.5169491525423728,5.105945263962266,0.08070703463764307
2025-04-18,2025-04-21,open,2025-04-22,2025-05-08,1,2,EXECUTED_ON_TIME,open,59,59,0,0.017290207287054462,0.01390764997709737,0.0033825573099570926,1.5254237288135584e-05,1.5254237288135584e-05,2.542372881355931e-05,2.033898305084745e-05,7.627118644067793e-05,0.017213936100613784,0.012310722457508708,0.05084745762711862,1.0,0.5254237288135593,5.193838679469343,0.08182947982607289
2025-04-21,2025-04-22,open,2025-04-23,2025-05-09,1,2,EXECUTED_ON_TIME,open,59,59,0,0.01377877044913711,0.01812300799553035,-0.004344237546393239,1.0169491525423734e-05,1.0169491525423734e-05,1.694915254237289e-05,1.3559322033898314e-05,5.084745762711868e-05,0.013727922991509992,0.011667014327910143,0.03389830508474578,1.0,0.5169491525423728,5.265139296891424,0.0833124761432309
2025-04-22,2025-04-23,open,2025-04-24,2025-05-12,1,2,EXECUTED_ON_TIME,open,59,59,0,0.008809983310010315,0.01659055116040009,-0.007780567850389776,5.08474576271185e-06,5.08474576271185e-06,8.474576271186419e-06,6.779661016949135e-06,2.5423728813559257e-05,0.008784559581196755,0.0158794363392652,0.016949152542372836,1.0,0.5084745762711864,5.311391226748268,0.08469467604098478
2025-04-23,2025-04-24,open,2025-04-25,2025-05-13,1,2,EXECUTED_ON_TIME,open,59,59,0,0.0003307211528135593,0.03383086127136958,-0.033500140118556024,1.5254237288135584e-05,1.5254237288135584e-05,2.542372881355931e-05,2.033898305084745e-05,7.627118644067793e-05,0.00025444996637288136,0.00234509613844585,0.05084745762711862,1.0,0.5254237288135593,5.312742710067306,0.08755996987655093
2025-04-24,2025-04-25,open,2025-04-28,2025-05-14,1,2,EXECUTED_ON_TIME,open,59,59,0,0.016118755707640528,0.027097237297486032,-0.010978481589845504,1.5254237288135584e-05,1.5254237288135584e-05,2.542372881355931e-05,2.033898305084745e-05,7.627118644067793e-05,0.01604248452119985,0.018146936525388194,0.05084745762711862,1.0,0.5254237288135593,5.397972302758679,0.08993260315805655
2025-04-25,2025-04-28,open,2025-04-29,2025-05-15,1,1,EXECUTED_ON_TIME,open,59,59,0,-0.0016878695528186516,0.03899231642196099,-0.04068018597477965,1.5254237288135584e-05,1.5254237288135584e-05,2.542372881355931e-05,2.033898305084745e-05,7.627118644067793e-05,-0.0017641407392593295,0.005438655098730872,0.05084745762711862,1.0,0.5254237288135593,5.388449519909988,0.09343928367704614
2025-04-28,2025-04-29,open,2025-04-30,2025-05-16,1,1,EXECUTED_ON_TIME,open,59,59,0,0.011621352829513704,0.032484878852055976,-0.020863526022542274,1.5254237288135584e-05,1.5254237288135584e-05,2.542372881355931e-05,2.033898305084745e-05,7.627118644067793e-05,0.011545081643073026,0.011267574261751092,0.05084745762711862,1.0,0.5254237288135593,5.4506596095469275,0.09647464748731788
2025-04-29,2025-04-30,open,2025-05-06,2025-05-19,1,1,EXECUTED_ON_TIME,open,59,59,0,0.02262374600466598,0.028268479177166572,-0.005644733172500593,1.5254237288135584e-05,1.5254237288135584e-05,2.542372881355931e-05,2.033898305084745e-05,7.627118644067793e-05,0.0225474748182253,0.018013237269069816,0.05084745762711862,1.0,0.5254237288135593,5.573558219835904,0.0992018390509376
2025-04-30,2025-05-06,open,2025-05-07,2025-05-20,0,1,EXECUTED_ON_TIME,open,59,59,0,0.032223953969832096,0.02338355502986511,0.008840398939966986,2.033898305084747e-05,2.033898305084747e-05,3.389830508474578e-05,2.7118644067796627e-05,0.00010169491525423735,0.032122259054577856,0.012571989872088414,0.06779661016949157,1.0,0.5338983050847458,5.752593500829245,0.10152153071344902
2025-05-06,2025-05-07,open,2025-05-08,2025-05-21,0,1,EXECUTED_ON_TIME,open,59,59,0,-0.01836112804243271,0.009804284622577653,-0.028165412665010364,0.0,0.0,0.0,0.0,0.0,-0.01836112804243271,-0.004793137990320721,0.0,1.0,0.5,5.646969394984453,0.10251687669588343
2025-05-07,2025-05-08,open,2025-05-09,2025-05-22,0,1,EXECUTED_ON_TIME,open,59,59,0,0.009027715948811289,0.024094187535400824,-0.015066471586589535,1.0169491525423734e-05,1.0169491525423734e-05,1.694915254237289e-05,1.3559322033898314e-05,5.084745762711868e-05,0.00897686849118417,0.005473016495213324,0.03389830508474578,1.0,0.5169491525423728,5.69766149661697,0.1049869375485376
2025-05-08,2025-05-09,open,2025-05-12,2025-05-23,0,1,EXECUTED_ON_TIME,open,59,59,0,-0.0017747761519695637,0.016046015466846697,-0.01782079161881626,1.0169491525423734e-05,1.0169491525423734e-05,1.694915254237289e-05,1.3559322033898314e-05,5.084745762711868e-05,-0.0018256236095966823,-0.0004468786366893765,0.03389830508474578,1.0,0.5169491525423728,5.687259711269256,0.10667155957225831
2025-05-09,2025-05-12,open,2025-05-13,2025-05-26,0,1,EXECUTED_ON_TIME,open,59,59,0,0.01796098502187617,0.0023943943550432945,0.015566590666832875,1.5254237288135584e-05,1.5254237288135584e-05,2.542372881355931e-05,2.033898305084745e-05,7.627118644067793e-05,0.01788471383543549,0.007386300440137538,0.05084745762711862,1.0,0.5254237288135593,5.788974723713108,0.10692697335234179
2025-05-12,2025-05-13,open,2025-05-14,2025-05-27,0,1,EXECUTED_ON_TIME,open,59,59,0,-0.012088039676191601,-0.014803636333918346,0.0027155966577267453,0.0,0.0,0.0,0.0,0.0,-0.012088039676191601,-0.006289748035087688,0.0,1.0,0.5,5.718997367568393,0.10534406532454714
2025-05-13,2025-05-14,open,2025-05-15,2025-05-28,0,1,EXECUTED_ON_TIME,open,59,59,0,0.005061956302296568,-0.013290408152942912,0.01835236445523948,5.08474576271185e-06,5.08474576271185e-06,8.474576271186419e-06,6.779661016949135e-06,2.5423728813559257e-05,0.005036532573483009,-0.0010460949049584441,0.016949152542372836,1.0,0.5084745762711864,5.7478012840978145,0.10394399969989362
2025-05-14,2025-05-15,open,2025-05-16,2025-05-29,1,1,UNEXECUTED_TIMEOUT,open,59,59,0,-0.018456535759660622,-0.02440705160386547,0.005950515844204848,1.0169491525423734e-05,1.0169491525423734e-05,1.694915254237289e-05,1.3559322033898314e-05,5.084745762711868e-05,-0.018507383217287742,-0.006938020630737608,0.03389830508474578,1.0,0.5169491525423728,5.641424523076198,0.10140703313530615
2025-05-15,2025-05-16,open,2025-05-19,2025-05-30,0,1,DELAYED_LIMIT_DOWN,open,59,59,0,0.0022305879698026284,-0.012356277762701429,0.014586865732504057,5.08474576271185e-06,5.08474576271185e-06,8.474576271186419e-06,6.779661016949135e-06,2.5423728813559257e-05,0.0022051642409890693,0.0009668202424279355,0.016949152542372836,1.0,0.5084745762711864,5.653864790702724,0.10015401966679484
2025-05-16,2025-05-19,open,2025-05-20,2025-06-03,1,2,DELAYED_LIMIT_DOWN,open,59,59,0,-0.0018493689489727223,-0.012648844785204005,0.010799475836231283,1.5254237288135584e-05,1.5254237288135584e-05,2.542372881355931e-05,2.033898305084745e-05,7.627118644067793e-05,-0.0019256401354134003,-0.0022116797489345717,0.05084745762711862,1.0,0.5254237288135593,5.642977481741546,0.09888718701741528
2025-05-19,2025-05-20,open,2025-05-21,2025-06-04,1,2,DELAYED_LIMIT_DOWN,open,59,59,0,0.008104031467971649,-0.00711132491497779,0.015215356382949439,5.08474576271185e-06,5.08474576271185e-06,8.474576271186419e-06,6.779661016949135e-06,2.5423728813559257e-05,0.008078607739158089,0.0037193083406241055,0.016949152542372836,1.0,0.5084745762711864,5.688564883297439,0.09818396810060627
2025-05-20,2025-05-21,open,2025-05-22,2025-06-05,1,2,EXECUTED_ON_TIME,open,59,59,0,0.003460925656500828,-0.006872787020280047,0.010333712676780875,1.5254237288135584e-05,1.5254237288135584e-05,2.542372881355931e-05,2.033898305084745e-05,7.627118644067793e-05,0.0033846544700601505,-0.0005463097778518953,0.05084745762711862,1.0,0.5254237288135593,5.70781870985792,0.09750917059904483
2025-05-21,2025-05-22,open,2025-05-23,2025-06-06,1,2,EXECUTED_ON_TIME,open,59,59,0,-0.001301986498145743,-0.008817152579575604,0.007515166081429861,2.033898305084747e-05,2.033898305084747e-05,3.389830508474578e-05,2.7118644067796627e-05,0.00010169491525423735,-0.0014036814133999804,0.00047423216298484415,0.06779661016949157,1.0,0.5338983050847458,5.699806750823836,0.09664941736396519
2025-05-22,2025-05-23,open,2025-05-26,2025-06-09,1,2,EXECUTED_ON_TIME,open,59,59,0,-0.001382512379446967,-0.008330660954681046,0.0069481485752340795,1.0169491525423734e-05,1.0169491525423734e-05,1.694915254237289e-05,1.3559322033898314e-05,5.084745762711868e-05,-0.0014333598370740855,0.007097623075201902,0.03389830508474578,1.0,0.5169491525423728,5.691636876748121,0.09584426383643854
2025-05-23,2025-05-26,open,2025-05-27,2025-06-10,1,2,EXECUTED_ON_TIME,open,59,59,0,0.010031312413704536,0.003034736927113313,0.006996575486591224,1.5254237288135584e-05,1.5254237288135584e-05,2.542372881355931e-05,2.033898305084745e-05,7.627118644067793e-05,0.009955041227263858,0.009369721339902794,0.05084745762711862,1.0,0.5254237288135593,5.748297356506764,0.09613512596315497
2025-05-26,2025-05-27,open,2025-05-28,2025-06-11,1,2,EXECUTED_ON_TIME,open,59,59,0,-9.0445451784211e-05,0.00338161258203562,-0.003472058033819831,1.5254237288135584e-05,1.5254237288135584e-05,2.542372881355931e-05,2.033898305084745e-05,7.627118644067793e-05,-0.00016671663822488892,0.006133529736883417,0.05084745762711862,1.0,0.5254237288135593,5.7473390196959695,0.09646021771468756
2025-05-27,2025-05-28,open,2025-05-29,2025-06-12,1,2,EXECUTED_ON_TIME,open,59,59,0,0.007759264994143127,0.01104454115519471,-0.003285276161051582,1.0169491525423734e-05,1.0169491525423734e-05,1.694915254237289e-05,1.3559322033898314e-05,5.084745762711868e-05,0.007708417536516008,0.0043560490655179685,0.03389830508474578,1.0,0.5169491525423728,5.791641908583697,0.09752557655907647
2025-05-28,2025-05-29,open,2025-05-30,2025-06-13,1,2,EXECUTED_ON_TIME,open,59,59,0,0.017487001801353316,0.011329572181826508,0.006157429619526807,1.0169491525423734e-05,1.0169491525423734e-05,1.694915254237289e-05,1.3559322033898314e-05,5.084745762711868e-05,0.017436154343726196,0.0141248127984115,0.03389830508474578,1.0,0.5169491525423728,5.8926258708053565,0.09863049961827677
2025-05-29,2025-05-30,open,2025-06-03,2025-06-16,1,2,EXECUTED_ON_TIME,open,59,59,0,-0.0023435942981013492,0.0008118440937303628,-0.003155438391831712,1.0169491525423734e-05,1.0169491525423734e-05,1.694915254237289e-05,1.3559322033898314e-05,5.084745762711868e-05,-0.002394441755728468,0.0004241401467572907,0.03389830508474578,1.0,0.5169491525423728,5.878516321369414,0.09871057220685354
2025-05-30,2025-06-03,open,2025-06-04,2025-06-17,1,2,EXECUTED_ON_TIME,open,59,59,0,0.013353630224687925,0.010882863461657788,0.0024707667630301366,1.5254237288135584e-05,1.5254237288135584e-05,2.542372881355931e-05,2.033898305084745e-05,7.627118644067793e-05,0.013277359038247246,0.0073656218369834445,0.05084745762711862,1.0,0.5254237288135593,5.956567493180433,0.09978482588640285
2025-06-03,2025-06-04,open,2025-06-05,2025-06-18,1,2,EXECUTED_ON_TIME,open,59,59,0,0.009782680917859185,0.0041919466485176304,0.005590734269341554,5.08474576271185e-06,5.08474576271185e-06,8.474576271186419e-06,6.779661016949135e-06,2.5423728813559257e-05,0.009757257189045625,0.002190155670584549,0.016949152542372836,1.0,0.5084745762711864,6.014687254175303,0.10020311855285027
2025-06-04,2025-06-05,open,2025-06-06,2025-06-19,1,1,EXECUTED_ON_TIME,open,59,59,0,0.011088125684023111,-0.0006682784882756643,0.011756404172298776,2.033898305084747e-05,2.033898305084747e-05,3.389830508474578e-05,2.7118644067796627e-05,0.00010169491525423735,0.010986430768768873,-0.0011924113360380142,0.06779661016949157,1.0,0.5338983050847458,6.080767199289096,0.10013615496426327
2025-06-05,2025-06-06,open,2025-06-09,2025-06-20,1,1,EXECUTED_ON_TIME,open,59,59,0,0.0016889388600724582,-0.00988111971239547,0.011570058572467928,2.033898305084747e-05,2.033898305084747e-05,3.389830508474578e-05,2.7118644067796627e-05,0.00010169491525423735,0.001587243944818221,-0.0024367909297513947,0.06779661016949157,1.0,0.5338983050847458,6.090418860206016,0.0991466976295224
2025-06-06,2025-06-09,open,2025-06-10,2025-06-23,1,1,EXECUTED_ON_TIME,open,59,59,0,0.00797439536781645,-0.012024349901670894,0.019998745269487344,5.08474576271185e-06,5.08474576271185e-06,8.474576271186419e-06,6.779661016949135e-06,2.5423728813559257e-05,0.00794897163900289,0.005457666036090087,0.016949152542372836,1.0,0.5084745762711864,6.138831426995442,0.09795452304562986
2025-06-09,2025-06-10,open,2025-06-11,2025-06-24,1,1,EXECUTED_ON_TIME,open,59,59,0,-0.008959073769165396,-0.006472712512324619,-0.0024863612568407772,5.08474576271185e-06,5.08474576271185e-06,8.474576271186419e-06,6.779661016949135e-06,2.5423728813559257e-05,-0.008984497497978956,-0.005730263980991768,0.016949152542372836,1.0,0.5084745762711864,6.083677111399087,0.09732049157867362
2025-06-10,2025-06-11,open,2025-06-12,2025-06-25,1,1,EXECUTED_ON_TIME,open,59,59,0,0.009743049468911321,0.009403018390605089,0.00034003107830623235,1.0169491525423734e-05,1.0169491525423734e-05,1.694915254237289e-05,1.3559322033898314e-05,5.084745762711868e-05,0.009692202011284203,0.0071207230989529125,0.03389830508474578,1.0,0.5169491525423728,6.142641338934193,0.09823559795077061
2025-06-11,2025-06-12,open,2025-06-13,2025-06-26,1,1,EXECUTED_ON_TIME,open,59,59,0,0.003855221748034955,0.017408223352344043,-0.013553001604309087,0.0,0.0,0.0,0.0,0.0,0.003855221748034955,0.00012449381894848567,0.0,1.0,0.5,6.166322583414431,0.0999457051810487
2025-06-12,2025-06-13,open,2025-06-16,2025-06-27,1,2,EXECUTED_ON_TIME,open,59,59,0,-0.00530627313068603,0.01759529582954178,-0.02290156896022781,1.5254237288135584e-05,1.5254237288135584e-05,2.542372881355931e-05,2.033898305084745e-05,7.627118644067793e-05,-0.005382544317126708,-0.00313470924836953,0.05084745762711862,1.0,0.5254237288135593,6.133132078835503,0.10170427943060142
2025-06-13,2025-06-16,open,2025-06-17,2025-06-30,1,2,EXECUTED_ON_TIME,open,59,59,0,0.009680357043045307,0.01730736743824446,-0.007627010395199151,1.0169491525423734e-05,1.0169491525423734e-05,1.694915254237289e-05,1.3559322033898314e-05,5.084745762711868e-05,0.00962950958541819,-0.0006143960591851946,0.03389830508474578,1.0,0.5169491525423728,6.192191132977285,0.10346451276474873
2025-06-16,2025-06-17,open,2025-06-18,2025-07-01,1,2,EXECUTED_ON_TIME,open,59,59,0,0.0021645415867979833,0.015671800281638726,-0.013507258694840742,5.08474576271185e-06,5.08474576271185e-06,8.474576271186419e-06,6.779661016949135e-06,2.5423728813559257e-05,0.0021391178579844242,0.007866604407659489,0.016949152542372836,1.0,0.5084745762711864,6.20543695960989,0.10508598794503493
2025-06-17,2025-06-18,open,2025-06-19,2025-07-02,1,2,EXECUTED_ON_TIME,open,59,59,0,0.005118447749720747,0.01851226221378477,-0.013393814464064022,1.5254237288135584e-05,1.5254237288135584e-05,2.542372881355931e-05,2.033898305084745e-05,7.627118644067793e-05,0.005042176563280069,-0.005673789176568094,0.05084745762711862,1.0,0.5254237288135593,6.236725868412546,0.10703136730886804
2025-06-18,2025-06-19,open,2025-06-20,2025-07-03,1,2,EXECUTED_ON_TIME,open,59,59,0,-0.006653866746643122,0.020503874757141327,-0.02715774150378445,1.0169491525423734e-05,1.0169491525423734e-05,1.694915254237289e-05,1.3559322033898314e-05,5.084745762711868e-05,-0.006704714204270241,-7.21647554050072e-05,0.03389830508474578,1.0,0.5169491525423728,6.194910403894461,0.10922592505925467
2025-06-19,2025-06-20,open,2025-06-23,2025-07-04,1,2,EXECUTED_ON_TIME,open,59,59,0,-0.0031411980224388195,0.03325213950892536,-0.03639333753136418,2.542372881355932e-05,2.542372881355932e-05,4.23728813559322e-05,3.389830508474576e-05,0.0001271186440677966,-0.0032683166665066162,0.0059167986239990495,0.0847457627118644,1.0,0.5423728813559322,6.174663474973897,0.11285792075731643
2025-06-20,2025-06-23,open,2025-06-24,2025-07-07,1,2,EXECUTED_ON_TIME,open,59,59,0,0.014875431560631263,0.03813926294056391,-0.023263831379932647,2.033898305084747e-05,2.033898305084747e-05,3.389830508474578e-05,2.7118644067796627e-05,0.00010169491525423735,0.014773736645377025,0.005990348384490165,0.06779661016949157,1.0,0.5338983050847458,6.26588632702699,0.11716223867200505
2025-06-23,2025-06-24,open,2025-06-25,2025-07-08,1,2,EXECUTED_ON_TIME,open,59,59,0,0.021669332963613282,0.026677278409108496,-0.005007945445495213,2.542372881355932e-05,2.542372881355932e-05,4.23728813559322e-05,3.389830508474576e-05,0.0001271186440677966,0.021542214319545484,0.008766828870051242,0.0847457627118644,1.0,0.5423728813559322,6.400867393185715,0.12028780833209254
2025-06-24,2025-06-25,open,2025-06-26,2025-07-09,1,2,EXECUTED_ON_TIME,open,59,59,0,0.010486149465383971,0.023146768881421975,-0.012660619416038004,2.033898305084747e-05,2.033898305084747e-05,3.389830508474578e-05,2.7118644067796627e-05,0.00010169491525423735,0.010384454550129733,-0.0044509963077737896,0.06779661016949157,1.0,0.5338983050847458,6.467336909711659,0.12307208243080828
2025-06-25,2025-06-26,open,2025-06-27,2025-07-10,1,2,EXECUTED_ON_TIME,open,59,59,0,-0.0012578548183516435,0.010184257657165352,-0.011442112475516995,1.0169491525423734e-05,1.0169491525423734e-05,1.694915254237289e-05,1.3559322033898314e-05,5.084745762711868e-05,-0.001308702275978762,0.00030215843778714536,0.03389830508474578,1.0,0.5169491525423728,6.458873091178398,0.12432548022868752
2025-06-26,2025-06-27,open,2025-06-30,2025-07-11,1,2,EXECUTED_ON_TIME,open,59,59,0,-0.00038360288127648856,0.015615268465041687,-0.015998871346318177,5.08474576271185e-06,5.08474576271185e-06,8.474576271186419e-06,6.779661016949135e-06,2.5423728813559257e-05,-0.0004090266100900478,-0.0038647119704894005,0.016949152542372836,1.0,0.5084745762711864,6.456231240212912,0.1262668559795037
2025-06-27,2025-06-30,open,2025-07-01,2025-07-14,1,2,EXECUTED_ON_TIME,open,59,59,0,0.006918468174526979,0.025737472626561786,-0.018819004452034806,1.5254237288135584e-05,1.5254237288135584e-05,2.542372881355931e-05,2.033898305084745e-05,7.627118644067793e-05,0.006842196988086301,0.001274012967157163,0.05084745762711862,1.0,0.5254237288135593,6.500406046159085,0.12951664572891822
2025-06-30,2025-07-01,open,2025-07-02,2025-07-15,1,1,EXECUTED_ON_TIME,open,59,59,0,-0.002428950920029631,0.02237907999882105,-0.02480803091885068,5.08474576271185e-06,5.08474576271185e-06,8.474576271186419e-06,6.779661016949135e-06,2.5423728813559257e-05,-0.00245437464884319,-0.006075301372647985,0.016949152542372836,1.0,0.5084745762711864,6.4844516143522055,0.13241510910486465
2025-07-01,2025-07-02,open,2025-07-03,2025-07-16,1,1,EXECUTED_ON_TIME,open,59,59,0,0.002006146869473178,0.01929083668773779,-0.01728468981826461,1.5254237288135584e-05,1.5254237288135584e-05,2.542372881355931e-05,2.033898305084745e-05,7.627118644067793e-05,0.0019298756830324999,0.004310011296584446,0.05084745762711862,1.0,0.5254237288135593,6.496965799840545,0.13496950734959556
2025-07-02,2025-07-03,open,2025-07-04,2025-07-17,1,1,EXECUTED_ON_TIME,open,59,59,0,0.008401296896133755,0.014095052413024778,-0.005693755516891023,1.0169491525423734e-05,1.0169491525423734e-05,1.694915254237289e-05,1.3559322033898314e-05,5.084745762711868e-05,0.008350449438506637,0.000769184344220678,0.03389830508474578,1.0,0.5169491525423728,6.551218384255821,0.13687190962984824
2025-07-03,2025-07-04,open,2025-07-07,2025-07-18,1,1,EXECUTED_ON_TIME,open,59,59,0,-0.0028052732442211113,0.01825019710323783,-0.021055470347458943,5.08474576271185e-06,5.08474576271185e-06,8.474576271186419e-06,6.779661016949135e-06,2.5423728813559257e-05,-0.0028306969730346704,-0.0012394112255482543,0.016949152542372836,1.0,0.5084745762711864,6.532673870205819,0.13936984895848953
2025-07-04,2025-07-07,open,2025-07-08,2025-07-21,1,1,EXECUTED_ON_TIME,open,59,59,0,0.00035168758455119347,0.023252276425544283,-0.02290058884099309,1.5254237288135584e-05,1.5254237288135584e-05,2.542372881355931e-05,2.033898305084745e-05,7.627118644067793e-05,0.00027541639811051554,0.002415360512383687,0.05084745762711862,1.0,0.5254237288135593,6.534473075713182,0.1426105152118587
2025-07-07,2025-07-08,open,2025-07-09,2025-07-22,1,1,EXECUTED_ON_TIME,open,59,59,0,0.014691233819354846,0.030742976921016796,-0.01605174310166195,5.08474576271185e-06,5.08474576271185e-06,8.474576271186419e-06,6.779661016949135e-06,2.5423728813559257e-05,0.014665810090541286,-0.004718224593437681,0.016949152542372836,1.0,0.5084745762711864,6.6303064168833465,0.1469947869897112
2025-07-08,2025-07-09,open,2025-07-10,2025-07-23,1,1,EXECUTED_ON_TIME,open,59,59,0,0.0006037163307011321,0.03293154928675501,-0.03232783295605388,1.0169491525423734e-05,1.0169491525423734e-05,1.694915254237289e-05,1.3559322033898314e-05,5.084745762711868e-05,0.0005528688730740135,0.00555901989170628,0.03389830508474578,1.0,0.5169491525423728,6.633972106920185,0.1518355530623589
2025-07-09,2025-07-10,open,2025-07-11,2025-07-24,1,1,EXECUTED_ON_TIME,open,59,59,0,0.007281155503887231,0.030903586399627425,-0.023622430895740194,5.08474576271185e-06,5.08474576271185e-06,8.474576271186419e-06,6.779661016949135e-06,2.5423728813559257e-05,0.0072557317750736715,0.009395959101071707,0.016949152542372836,1.0,0.5084745762711864,6.682106429131318,0.15652781619495673
2025-07-10,2025-07-11,open,2025-07-14,2025-07-25,1,1,EXECUTED_ON_TIME,open,59,59,0,0.010994387150556175,0.03336810865855733,-0.022373721508001154,1.0169491525423734e-05,1.0169491525423734e-05,1.694915254237289e-05,1.3559322033898314e-05,5.084745762711868e-05,0.010943539692929057,0.009635702383306917,0.03389830508474578,1.0,0.5169491525423728,6.755232326070894,0.16175085337383674
2025-07-11,2025-07-14,open,2025-07-15,2025-07-28,1,2,EXECUTED_ON_TIME,open,59,59,0,0.003202621656940825,0.026605149589153942,-0.02340252793221312,5.08474576271185e-06,5.08474576271185e-06,8.474576271186419e-06,6.779661016949135e-06,2.5423728813559257e-05,0.003177197928127266,-0.005133853417398887,0.016949152542372836,1.0,0.5084745762711864,6.776695036221304,0.16605425902402096
2025-07-14,2025-07-15,open,2025-07-16,2025-07-29,1,2,EXECUTED_ON_TIME,open,59,59,0,0.007578030032326981,0.027011250027957345,-0.019433219995630364,2.033898305084747e-05,2.033898305084747e-05,3.389830508474578e-05,2.7118644067796627e-05,0.00010169491525423735,0.007476335117072744,-0.0035597945655172474,0.06779661016949157,1.0,0.5338983050847458,6.827359879298299,0.170539592132726
2025-07-15,2025-07-16,open,2025-07-17,2025-07-30,1,2,EXECUTED_ON_TIME,open,59,59,0,0.007101011655964071,0.032230737327750614,-0.02512972567178654,5.08474576271185e-06,5.08474576271185e-06,8.474576271186419e-06,6.779661016949135e-06,2.5423728813559257e-05,0.007075587927150512,0.011145207779398902,0.016949152542372836,1.0,0.5084745762711864,6.875667464434573,0.1760362089307376
2025-07-16,2025-07-17,open,2025-07-18,2025-07-31,1,2,EXECUTED_ON_TIME,open,59,59,0,0.015754728737228198,0.03408032874356404,-0.01832560000633584,1.5254237288135584e-05,1.5254237288135584e-05,2.542372881355931e-05,2.033898305084745e-05,7.627118644067793e-05,0.01567845755078752,-0.006743416694416492,0.05084745762711862,1.0,0.5254237288135593,6.983467324909042,0.18203558080186785
2025-07-17,2025-07-18,open,2025-07-21,2025-08-01,1,2,EXECUTED_ON_TIME,open,59,59,0,0.0067303299479504345,0.007439346454379381,-0.0007090165064289463,5.08474576271185e-06,5.08474576271185e-06,8.474576271186419e-06,6.779661016949135e-06,2.5423728813559257e-05,0.006704906219136875,0.010529001520660712,0.016949152542372836,1.0,0.5084745762711864,7.0302908184069635,0.18338980655447712
2025-07-18,2025-07-21,open,2025-07-22,2025-08-04,1,2,EXECUTED_ON_TIME,open,59,59,0,0.00891239254801301,-0.007821328434119867,0.016733720982132876,1.0169491525423734e-05,1.0169491525423734e-05,1.694915254237289e-05,1.3559322033898314e-05,5.084745762711868e-05,0.008861545090385892,0.00798967181160275,0.03389830508474578,1.0,0.5169491525423728,7.092590057492803,0.18195545464594484
2025-07-21,2025-07-22,open,2025-07-23,2025-08-05,1,2,EXECUTED_ON_TIME,open,59,59,0,0.011714701568022864,-0.0016996404747837701,0.013414342042806634,2.033898305084747e-05,2.033898305084747e-05,3.389830508474578e-05,2.7118644067796627e-05,0.00010169491525423735,0.011613006652768626,0.007156518619960275,0.06779661016949157,1.0,0.5338983050847458,7.174956353015828,0.1816461957906209
2025-07-22,2025-07-23,open,2025-07-24,2025-08-06,1,2,EXECUTED_ON_TIME,open,59,59,0,-0.002569020462792677,-0.006955430030602061,0.004386409567809384,1.5254237288135584e-05,1.5254237288135584e-05,2.542372881355931e-05,2.033898305084745e-05,7.627118644067793e-05,-0.0026452916492333547,-0.0034816674619437783,0.05084745762711862,1.0,0.5254237288135593,7.155976500891581,0.1803827683854742
2025-07-23,2025-07-24,open,2025-07-25,2025-08-07,1,2,EXECUTED_ON_TIME,open,59,59,0,0.01162186493046914,0.0008382661323722562,0.010783598798096884,1.0169491525423734e-05,1.0169491525423734e-05,1.694915254237289e-05,1.3559322033898314e-05,5.084745762711868e-05,0.011571017472842022,0.0020756754006994727,0.03389830508474578,1.0,0.5169491525423728,7.2387784300186455,0.1805339771510753
2025-07-24,2025-07-25,open,2025-07-28,2025-08-08,1,1,EXECUTED_ON_TIME,open,59,59,0,0.0003499185606454433,-0.008695830478708366,0.009045749039353809,0.0,0.0,0.0,0.0,0.0,0.0003499185606454433,0.005541386414414582,0.0,1.0,0.5,7.241311412947709,0.17896408429012253
2025-07-25,2025-07-28,open,2025-07-29,2025-08-11,1,1,EXECUTED_ON_TIME,open,59,59,0,-0.0049827821289336926,-0.004337242463359869,-0.0006455396655738231,2.542372881355932e-05,2.542372881355932e-05,4.23728813559322e-05,3.389830508474576e-05,0.0001271186440677966,-0.005109900773001489,-0.019229252734067302,0.0847457627118644,1.0,0.5423728813559322,7.204309030161144,0.1781878736643231
2025-07-28,2025-07-29,open,2025-07-30,2025-08-12,1,1,EXECUTED_ON_TIME,open,59,59,0,0.007055153411046185,-0.002203653171559461,0.009258806582605646,5.08474576271185e-06,5.08474576271185e-06,8.474576271186419e-06,6.779661016949135e-06,2.5423728813559257e-05,0.007029729682232626,-0.011024919592924325,0.016949152542372836,1.0,0.5084745762711864,7.2549533751904445,0.17779520939138926
2025-07-29,2025-07-30,open,2025-07-31,2025-08-13,1,1,EXECUTED_ON_TIME,open,59,59,0,0.001050677722192032,0.0003767226383792899,0.0006739550838127421,2.033898305084747e-05,2.033898305084747e-05,3.389830508474578e-05,2.7118644067796627e-05,0.00010169491525423735,0.0009489828069377946,0.0009003355768822663,0.06779661016949157,1.0,0.5338983050847458,7.2618382012086355,0.1778621888717624
2025-07-30,2025-07-31,open,2025-08-01,2025-08-14,1,1,EXECUTED_ON_TIME,open,59,59,0,-0.005475851617136112,0.009272832151935084,-0.014748683769071196,5.08474576271185e-06,5.08474576271185e-06,8.474576271186419e-06,6.779661016949135e-06,2.5423728813559257e-05,-0.005501275345949671,0.011696844016498528,0.016949152542372836,1.0,0.5084745762711864,7.221888829746051,0.179511475095346
2025-07-31,2025-08-01,open,2025-08-04,2025-08-15,1,1,EXECUTED_ON_TIME,open,59,59,0,0.0033671607339033484,0.02272670872313376,-0.01935954798923041,1.0169491525423734e-05,1.0169491525423734e-05,1.694915254237289e-05,1.3559322033898314e-05,5.084745762711868e-05,0.0033163132762762297,0.01381847553796441,0.03389830508474578,1.0,0.5169491525423728,7.245838875551929,0.18359118010229802
2025-08-01,2025-08-04,open,2025-08-05,2025-08-18,0,1,EXECUTED_ON_TIME,open,59,58,1,0.01797520525007971,0.04465373168186337,-0.026678526431783662,1.0344827586206883e-05,1.0344827586206883e-05,1.7241379310344808e-05,1.3793103448275846e-05,5.172413793103443e-05,0.017923481112148677,0.006051106374532456,0.03448275862068961,1.0,0.5172413793103448,7.375709531779557,0.1917892113977427
2025-08-04,2025-08-05,open,2025-08-06,2025-08-19,0,1,EXECUTED_ON_TIME,open,59,59,0,0.013039444658624439,0.03954942520172122,-0.026509980543096785,1.0169491525423734e-05,1.0169491525423734e-05,1.694915254237289e-05,1.3559322033898314e-05,5.084745762711868e-05,0.01298859720099732,0.010133077509232894,0.03389830508474578,1.0,0.5169491525423728,7.471509651959398,0.1993743644684148
2025-08-05,2025-08-06,open,2025-08-07,2025-08-20,0,1,EXECUTED_ON_TIME,open,59,59,0,0.01684595835656323,0.026332129231387613,-0.009486170874824382,1.0169491525423734e-05,1.0169491525423734e-05,1.694915254237289e-05,1.3559322033898314e-05,5.084745762711868e-05,0.01679511089893611,0.012441660828769704,0.03389830508474578,1.0,0.5169491525423728,7.596994485146528,0.20462431599902287
2025-08-06,2025-08-07,open,2025-08-08,2025-08-21,0,1,EXECUTED_ON_TIME,open,59,59,0,-1.795868974972121e-05,0.03982470131898741,-0.03984266000873713,1.0169491525423734e-05,1.0169491525423734e-05,1.694915254237289e-05,1.3559322033898314e-05,5.084745762711868e-05,-6.880614737683989e-05,0.003561232661040931,0.03389830508474578,1.0,0.5169491525423728,7.596471765224362,0.21277341826628604
2025-08-07,2025-08-08,open,2025-08-11,2025-08-22,0,1,EXECUTED_ON_TIME,open,59,59,0,0.001053922520647493,0.043338566213537044,-0.04228464369288955,0.0,0.0,0.0,0.0,0.0,0.001053922520647493,-0.004410760943789357,0.0,1.0,0.5,7.604477857895194,0.2219947131423001
2025-08-08,2025-08-11,open,2025-08-12,2025-08-25,0,1,EXECUTED_ON_TIME,open,59,59,0,0.007498585387156362,0.07444674273908403,-0.06694815735192766,5.08474576271185e-06,5.08474576271185e-06,8.474576271186419e-06,6.779661016949135e-06,2.5423728813559257e-05,0.007473161658342803,-0.002188577772826299,0.016949152542372836,1.0,0.5084745762711864,7.661307350254533,0.23852149644104167
2025-08-11,2025-08-12,open,2025-08-13,2025-08-26,0,1,EXECUTED_ON_TIME,open,59,59,0,0.005344526771219603,0.07997354723182015,-0.07462902046060055,1.0169491525423734e-05,1.0169491525423734e-05,1.694915254237289e-05,1.3559322033898314e-05,5.084745762711868e-05,0.005293679313592484,-0.0036819787226968674,0.03389830508474578,1.0,0.5169491525423728,7.701863854489649,0.25759690660247375
2025-08-12,2025-08-13,open,2025-08-14,2025-08-27,0,1,EXECUTED_ON_TIME,open,59,59,0,0.009645255094782333,0.07428880926268233,-0.06464355416789999,1.0169491525423734e-05,1.0169491525423734e-05,1.694915254237289e-05,1.3559322033898314e-05,5.084745762711868e-05,0.009594407637155215,-0.0018834786186537143,0.03389830508474578,1.0,0.5169491525423728,7.775758675875495,0.2767334740637219
2025-08-13,2025-08-14,open,2025-08-15,2025-08-28,0,1,EXECUTED_ON_TIME,open,59,59,0,-0.006034772147850712,0.04738556423319329,-0.053420336381044,5.08474576271185e-06,5.08474576271185e-06,8.474576271186419e-06,6.779661016949135e-06,2.5423728813559257e-05,-0.006060195876664271,0.0035984384000582546,0.016949152542372836,1.0,0.5084745762711864,7.728636055210018,0.28984664587444314
2025-08-14,2025-08-15,open,2025-08-18,2025-08-29,0,1,EXECUTED_ON_TIME,open,59,59,0,0.021016564676812472,0.07048349986702451,-0.049466935190212044,1.5254237288135584e-05,1.5254237288135584e-05,2.542372881355931e-05,2.033898305084745e-05,7.627118644067793e-05,0.020940293490371794,-0.00816854511253054,0.05084745762711862,1.0,0.5254237288135593,7.890475962486384,0.310276051900392
2025-08-15,2025-08-18,open,2025-08-19,2025-09-01,0,1,EXECUTED_ON_TIME,open,59,59,0,0.008932171495562616,0.07079528534009505,-0.061863113844532434,1.0169491525423734e-05,1.0169491525423734e-05,1.694915254237289e-05,1.3559322033898314e-05,5.084745762711868e-05,0.008881324037935498,-0.0016646294743096843,0.03389830508474578,1.0,0.5169491525423728,7.960553836322767,0.3322421335288784
2025-08-18,2025-08-19,open,2025-08-20,2025-09-02,0,1,EXECUTED_ON_TIME,open,59,59,0,-0.0033580213307400843,0.06606165122301677,-0.06941967255375686,2.542372881355932e-05,2.542372881355932e-05,4.23728813559322e-05,3.389830508474576e-05,0.0001271186440677966,-0.003485139974807881,0.0009793428686394943,0.0847457627118644,1.0,0.5423728813559322,7.932810191926188,0.3541905974756541
2025-08-19,2025-08-20,open,2025-08-21,2025-09-03,0,1,EXECUTED_ON_TIME,open,59,59,0,0.023837679675999368,0.06960791046290504,-0.045770230786905675,1.0169491525423734e-05,1.0169491525423734e-05,1.694915254237289e-05,1.3559322033898314e-05,5.084745762711868e-05,0.023786832218372248,-0.0027741949378224835,0.03389830508474578,1.0,0.5169491525423728,8.12150661698173,0.3788450648715423
2025-08-20,2025-08-21,open,2025-08-22,2025-09-04,0,1,EXECUTED_ON_TIME,open,59,59,0,0.00620246004997053,0.04128470666989381,-0.035082246619923284,1.5254237288135584e-05,1.5254237288135584e-05,2.542372881355931e-05,2.033898305084745e-05,7.627118644067793e-05,0.006126188863529852,0.008627213698799992,0.05084745762711862,1.0,0.5254237288135593,8.171260500373767,0.3944855722481008
2025-08-21,2025-08-22,open,2025-08-25,2025-09-05,0,1,EXECUTED_ON_TIME,open,59,59,0,0.039842708712591705,0.018250145835563725,0.02159256287702798,5.08474576271185e-06,5.08474576271185e-06,8.474576271186419e-06,6.779661016949135e-06,2.5423728813559257e-05,0.039817284983778144,0.0012484375574985385,0.016949152542372836,1.0,0.5084745762711864,8.496617908393839,0.4016849914716545
2025-08-22,2025-08-25,open,2025-08-26,2025-09-08,0,1,EXECUTED_ON_TIME,open,59,59,0,0.011320081765346698,0.011520298023771858,-0.00020021625842515933,1.0169491525423734e-05,1.0169491525423734e-05,1.694915254237289e-05,1.3559322033898314e-05,5.084745762711868e-05,0.01126923430771958,-8.812866236742288e-05,0.03389830508474578,1.0,0.5169491525423728,8.592368286426696,0.4063125222850842
2025-08-25,2025-08-26,open,2025-08-27,2025-09-09,0,1,EXECUTED_ON_TIME,open,59,59,0,0.009304507155900947,-0.0010360732688382557,0.010340580424739202,1.0169491525423734e-05,1.0169491525423734e-05,1.694915254237289e-05,1.3559322033898314e-05,5.084745762711868e-05,0.009253659698273829,0.009573170359233094,0.03389830508474578,1.0,0.5169491525423728,8.671879138551528,0.4058915527419504
2025-08-26,2025-08-27,open,2025-08-28,2025-09-10,0,1,EXECUTED_ON_TIME,open,59,59,0,-0.014107268748840156,-0.004606579289680668,-0.009500689459159488,1.5254237288135584e-05,1.5254237288135584e-05,2.542372881355931e-05,2.033898305084745e-05,7.627118644067793e-05,-0.014183539935280834,0.0029834866869931087,0.05084745762711862,1.0,0.5254237288135593,8.548881194475953,0.404021781121233
2025-08-27,2025-08-28,open,2025-08-29,2025-09-11,0,1,EXECUTED_ON_TIME,open,59,59,0,0.02022174863229874,0.013888422545731194,0.006333326086567545,1.0169491525423734e-05,1.0169491525423734e-05,1.694915254237289e-05,1.3559322033898314e-05,5.084745762711868e-05,0.02017090117467162,-0.015617306121644137,0.03389830508474578,1.0,0.5169491525423728,8.721319832203736,0.4096330063351236
2025-08-28,2025-08-29,open,2025-09-01,2025-09-12,0,1,EXECUTED_ON_TIME,open,59,59,0,0.009862260390984735,0.019926374662434743,-0.010064114271450007,2.542372881355932e-05,2.542372881355932e-05,4.23728813559322e-05,3.389830508474576e-05,0.0001271186440677966,0.009735141746916939,-0.0091564238582501,0.0847457627118644,1.0,0.5423728813559322,8.806223116990438,0.4177955070934568
2025-08-29,2025-09-01,open,2025-09-02,2025-09-15,0,1,EXECUTED_ON_TIME,open,59,59,0,-0.0018311363356357045,0.003986823645264703,-0.005817959980900408,1.0169491525423734e-05,1.0169491525423734e-05,1.694915254237289e-05,1.3559322033898314e-05,5.084745762711868e-05,-0.001881983793262823,-0.008484533037588997,0.03389830508474578,1.0,0.5169491525423728,8.789649947804405,0.41946118410002237
2025-09-01,2025-09-02,open,2025-09-03,2025-09-16,0,1,EXECUTED_ON_TIME,open,59,59,0,-0.003997404612875312,0.003967064891663652,-0.007964469504538964,1.0169491525423734e-05,1.0169491525423734e-05,1.694915254237289e-05,1.3559322033898314e-05,5.084745762711868e-05,-0.004048252070502431,0.013894966565498743,0.03389830508474578,1.0,0.5169491525423728,8.754067229204214,0.42112521383688123
2025-09-02,2025-09-03,open,2025-09-04,2025-09-17,0,1,EXECUTED_ON_TIME,open,59,59,0,-0.016448473396434155,0.003542723620682642,-0.019991197017116796,1.5254237288135584e-05,1.5254237288135584e-05,2.542372881355931e-05,2.033898305084745e-05,7.627118644067793e-05,-0.016524744582874833,-0.008176881961947572,0.05084745762711862,1.0,0.5254237288135593,8.6094085041803,0.4226171440792062
2025-09-03,2025-09-04,open,2025-09-05,2025-09-18,0,1,EXECUTED_ON_TIME,open,59,59,0,-0.015972340029418768,0.01900409078173171,-0.034976430811150476,5.08474576271185e-06,5.08474576271185e-06,8.474576271186419e-06,6.779661016949135e-06,2.5423728813559257e-05,-0.015997763758232326,0.014892796640601839,0.016949152542372836,1.0,0.5084745762711864,8.471677220832307,0.43064859865120364
2025-09-04,2025-09-05,open,2025-09-08,2025-09-19,0,1,EXECUTED_ON_TIME,open,59,59,0,0.02349066207706018,0.03057603889309357,-0.007085376816033391,1.0169491525423734e-05,1.0169491525423734e-05,1.694915254237289e-05,1.3559322033898314e-05,5.084745762711868e-05,0.02343981461943306,-0.009800094602167748,0.03389830508474578,1.0,0.5169491525423728,8.67025176440429,0.4438161269528191
2025-09-05,2025-09-08,open,2025-09-09,2025-09-22,0,1,EXECUTED_ON_TIME,open,59,59,0,0.007837834040068522,0.010041258792761187,-0.002203424752692666,1.5254237288135584e-05,1.5254237288135584e-05,2.542372881355931e-05,2.033898305084745e-05,7.627118644067793e-05,0.007761562853627843,0.013303993072280888,0.05084745762711862,1.0,0.5254237288135593,8.73754646843049,0.4482725995399533
2025-09-08,2025-09-09,open,2025-09-10,2025-09-23,0,1,EXECUTED_ON_TIME,open,59,59,0,0.00306991941162943,0.019784932314527826,-0.016715012902898396,5.08474576271185e-06,5.08474576271185e-06,8.474576271186419e-06,6.779661016949135e-06,2.5423728813559257e-05,0.003044495682815871,0.006027677715408115,0.016949152542372836,1.0,0.5084745762711864,8.764147890932032,0.4571416425803087
2025-09-09,2025-09-10,open,2025-09-11,2025-09-24,0,1,EXECUTED_ON_TIME,open,59,59,0,0.0110302185344741,0.01283509451817122,-0.0018048759836971195,1.5254237288135584e-05,1.5254237288135584e-05,2.542372881355931e-05,2.033898305084745e-05,7.627118644067793e-05,0.010953947348033422,0.004050161070693684,0.05084745762711862,1.0,0.5254237288135593,8.860149905479679,0.46300909877101903
2025-09-10,2025-09-11,open,2025-09-12,2025-09-25,0,1,EXECUTED_ON_TIME,open,59,59,0,0.03302656051708171,0.02819295766302865,0.004833602854053057,1.5254237288135584e-05,1.5254237288135584e-05,2.542372881355931e-05,2.033898305084745e-05,7.627118644067793e-05,0.03295028933064103,-0.004228271464799434,0.05084745762711862,1.0,0.5254237288135593,9.152094408378085,0.4760626946902674
2025-09-11,2025-09-12,open,2025-09-15,2025-09-26,0,1,EXECUTED_ON_TIME,open,59,59,0,0.0024291483499654207,0.007112411215882686,-0.0046832628659172655,1.5254237288135584e-05,1.5254237288135584e-05,2.542372881355931e-05,2.033898305084745e-05,7.627118644067793e-05,0.002352877163524743,-0.002685467624344015,0.05084745762711862,1.0,0.5254237288135593,9.173628162309981,0.4794486483394458
2025-09-12,2025-09-15,open,2025-09-16,2025-09-29,0,1,EXECUTED_ON_TIME,open,59,59,0,0.004978198420956829,0.004442668582480547,0.0005355298384762822,1.5254237288135584e-05,1.5254237288135584e-05,2.542372881355931e-05,2.033898305084745e-05,7.627118644067793e-05,0.004901927234516151,0.003865239271478053,0.05084745762711862,1.0,0.5254237288135593,9.218596620038133,0.48157867978633623
2025-09-15,2025-09-16,open,2025-09-17,2025-09-30,0,1,EXECUTED_ON_TIME,open,59,59,0,0.00721004836977175,0.019819062970685586,-0.012609014600913836,1.5254237288135584e-05,1.5254237288135584e-05,2.542372881355931e-05,2.033898305084745e-05,7.627118644067793e-05,0.007133777183331072,0.006480081626306406,0.05084745762711862,1.0,0.5254237288135593,9.284360034268493,0.49112311796636127
2025-09-16,2025-09-17,open,2025-09-18,2025-10-09,0,1,EXECUTED_ON_TIME,open,59,59,0,0.017349825685729917,0.03206062224087658,-0.014710796555146663,5.08474576271185e-06,5.08474576271185e-06,8.474576271186419e-06,6.779661016949135e-06,2.5423728813559257e-05,0.01732440195691636,0.013600536913342716,0.016949152542372836,1.0,0.5084745762711864,9.44520601941489,0.5068688307252422
2025-09-17,2025-09-18,open,2025-09-19,2025-10-10,0,1,EXECUTED_ON_TIME,open,59,59,0,-0.0022141965162809883,0.02935879025928534,-0.03157298677556633,1.5254237288135584e-05,1.5254237288135584e-05,2.542372881355931e-05,2.033898305084745e-05,7.627118644067793e-05,-0.0022904677027216665,0.0031682344094674146,0.05084745762711862,1.0,0.5254237288135593,9.423572080081868,0.5217498864154738
2025-09-18,2025-09-19,open,2025-09-22,2025-10-13,0,1,EXECUTED_ON_TIME,open,59,59,0,0.005112439718228834,-0.0018281470634846642,0.006940586781713498,5.08474576271185e-06,5.08474576271185e-06,8.474576271186419e-06,6.779661016949135e-06,2.5423728813559257e-05,0.005087015989415275,0.01259218645018538,0.016949152542372836,1.0,0.5084745762711864,9.471509941930652,0.5207960508927499
2025-09-19,2025-09-22,open,2025-09-23,2025-10-14,0,1,EXECUTED_ON_TIME,open,59,59,0,0.0008115124474237196,0.02704528454518762,-0.0262337720977639,1.5254237288135584e-05,1.5254237288135584e-05,2.542372881355931e-05,2.033898305084745e-05,7.627118644067793e-05,0.0007352412609830417,-0.016577631133885325,0.05084745762711862,1.0,0.5254237288135593,9.478473786843772,0.5348811282791543
2025-09-22,2025-09-23,open,2025-09-24,2025-10-15,0,1,EXECUTED_ON_TIME,open,59,59,0,-0.011018382929821411,0.0016500773570198302,-0.012668460286841241,1.0169491525423734e-05,1.0169491525423734e-05,1.694915254237289e-05,1.3559322033898314e-05,5.084745762711868e-05,-0.01106923038744853,0.005284798106060591,0.03389830508474578,1.0,0.5169491525423728,9.373554376775806,0.535763723517625
2025-09-23,2025-09-24,open,2025-09-25,2025-10-16,0,1,EXECUTED_ON_TIME,open,59,59,0,0.020259730795359584,0.020834139737226032,-0.0005744089418664479,1.5254237288135584e-05,1.5254237288135584e-05,2.542372881355931e-05,2.033898305084745e-05,7.627118644067793e-05,0.020183459608918906,-0.0002681889641735907,0.05084745762711862,1.0,0.5254237288135593,9.562745132931466,0.5469258997995278
2025-09-24,2025-09-25,open,2025-09-26,2025-10-17,0,1,EXECUTED_ON_TIME,open,59,59,0,0.0011081100775289204,0.010235358019519358,-0.009127247941990439,1.0169491525423734e-05,1.0169491525423734e-05,1.694915254237289e-05,1.3559322033898314e-05,5.084745762711868e-05,0.0010572626199018018,-0.00037613481856047805,0.03389830508474578,1.0,0.5169491525423728,9.572855465904164,0.5525238821941237
2025-09-25,2025-09-26,open,2025-09-29,2025-10-20,0,1,EXECUTED_ON_TIME,open,59,59,0,-0.008607543432867093,-0.004079604729300024,-0.00452793870356707,1.0169491525423734e-05,1.0169491525423734e-05,1.694915254237289e-05,1.3559322033898314e-05,5.084745762711868e-05,-0.008658390890494212,0.0008489383850201707,0.03389830508474578,1.0,0.5169491525423728,9.489969941342162,0.5502698031512734
2025-09-26,2025-09-29,open,2025-09-30,2025-10-21,0,1,EXECUTED_ON_TIME,open,59,59,0,0.0071542242372277624,0.00023885661446221285,0.00691536762276555,0.0,0.0,0.0,0.0,0.0,0.0071542242372277624,-0.016315437598920162,0.0,1.0,0.5,9.557863314307076,0.5504012387334949
2025-09-29,2025-09-30,open,2025-10-09,2025-10-22,0,1,EXECUTED_ON_TIME,open,59,59,0,0.004695621597619425,-0.011635459002453441,0.016331080600072864,0.0,0.0,0.0,0.0,0.0,0.004695621597619425,-0.012084375610281405,0.0,1.0,0.5,9.60274342371283,0.5439970676853118
2025-09-30,2025-10-09,open,2025-10-10,2025-10-23,0,1,EXECUTED_ON_TIME,open,59,59,0,0.010060326793401584,-0.017891243734332485,0.027951570527734067,1.0169491525423734e-05,1.0169491525423734e-05,1.694915254237289e-05,1.3559322033898314e-05,5.084745762711868e-05,0.010009479335774465,0.010667682325433086,0.03389830508474578,1.0,0.5169491525423728,9.698861885579229,0.5342642835565917
2025-10-09,2025-10-10,open,2025-10-13,2025-10-24,0,1,EXECUTED_ON_TIME,open,59,59,0,-0.04079753546467377,-0.012119034990505262,-0.028678500474168506,1.5254237288135584e-05,1.5254237288135584e-05,2.542372881355931e-05,2.033898305084745e-05,7.627118644067793e-05,-0.040873806651114446,0.016960687707636354,0.05084745762711862,1.0,0.5254237288135593,9.3024324801322,0.5277895160099921
2025-10-10,2025-10-13,open,2025-10-14,2025-10-27,0,1,EXECUTED_ON_TIME,open,59,59,0,0.03749791283560148,0.04643113377241703,-0.008933220936815554,5.08474576271185e-06,5.08474576271185e-06,8.474576271186419e-06,6.779661016949135e-06,2.5423728813559257e-05,0.037472489106787917,-0.008803428428243748,0.016949152542372836,1.0,0.5084745762711864,9.651017779910584,0.5522953816315314
2025-10-13,2025-10-14,open,2025-10-15,2025-10-28,0,1,EXECUTED_ON_TIME,open,59,59,0,-0.012094290835476359,0.013740452743968845,-0.025834743579445204,1.0169491525423734e-05,1.0169491525423734e-05,1.694915254237289e-05,1.3559322033898314e-05,5.084745762711868e-05,-0.012145138293103477,0.021735338429586266,0.03389830508474578,1.0,0.5169491525423728,9.53380483430437,0.5598841702235516
2025-10-14,2025-10-15,open,2025-10-16,2025-10-29,0,1,EXECUTED_ON_TIME,open,59,59,0,0.008440763393710547,0.03450365660463128,-0.026062893210920736,5.08474576271185e-06,5.08474576271185e-06,8.474576271186419e-06,6.779661016949135e-06,2.5423728813559257e-05,0.008415339664896987,-0.0018222109230106448,0.016949152542372836,1.0,0.5084745762711864,9.614035040283877,0.5792022213713139
2025-10-15,2025-10-16,open,2025-10-17,2025-10-30,0,1,EXECUTED_ON_TIME,open,59,59,0,0.0003424421289035453,0.03204674911596861,-0.03170430698706506,1.0169491525423734e-05,1.0169491525423734e-05,1.694915254237289e-05,1.3559322033898314e-05,5.084745762711868e-05,0.00029159467127642664,-0.0034765358229655948,0.03389830508474578,1.0,0.5169491525423728,9.616838441671089,0.5977637696470122
2025-10-16,2025-10-17,open,2025-10-20,2025-10-20,0,1,EXECUTED_ON_TIME,open,59,59,0,-0.01730823098927542,-0.011376804851847777,-0.005931426137427642,5.08474576271185e-06,5.08474576271185e-06,8.474576271186419e-06,6.779661016949135e-06,2.5423728813559257e-05,-0.017333654718088978,-0.001330250523337892,0.016949152542372836,1.0,0.5084745762711864,9.450143484643517,0.5909631278922333
2025-10-17,2025-10-20,open,2025-10-21,2025-10-21,0,1,EXECUTED_ON_TIME,open,59,59,0,-0.004119444886905119,-0.00046509158574725706,-0.0036543533011578616,1.0169491525423734e-05,1.0169491525423734e-05,1.694915254237289e-05,1.3559322033898314e-05,5.084745762711868e-05,-0.004170292344532238,-0.003933833066537922,0.03389830508474578,1.0,0.5169491525423728,9.410733623614776,0.5906882759139637
2025-10-20,2025-10-21,open,2025-10-22,2025-10-22,0,1,EXECUTED_ON_TIME,open,59,59,0,0.0038751343380262994,0.004369066499975149,-0.00049393216194885,1.0169491525423734e-05,1.0169491525423734e-05,1.694915254237289e-05,1.3559322033898314e-05,5.084745762711868e-05,0.0038242868803991807,-0.0025734810944695995,0.03389830508474578,1.0,0.5169491525423728,9.4467229687465,0.5932690322721874
2025-10-21,2025-10-22,open,2025-10-23,2025-10-23,0,1,EXECUTED_ON_TIME,open,59,59,0,-0.0015447886172071672,0.0005843495712876123,-0.0021291381884947797,5.08474576271185e-06,5.08474576271185e-06,8.474576271186419e-06,6.779661016949135e-06,2.5423728813559257e-05,-0.0015702123460207265,0.001322250060407112,0.016949152542372836,1.0,0.5084745762711864,9.431889607711536,0.5936157087768539
2025-10-22,2025-10-23,open,2025-10-24,2025-10-24,0,1,EXECUTED_ON_TIME,open,59,59,0,0.010307617340079197,0.009628274563402428,0.0006793427766767692,5.08474576271185e-06,5.08474576271185e-06,8.474576271186419e-06,6.779661016949135e-06,2.5423728813559257e-05,0.010282193611265637,-0.0030784497137522,0.016949152542372836,1.0,0.5084745762711864,9.52887012277811,0.5993312038061062
2025-10-23,2025-10-24,open,2025-10-27,2025-11-07,0,1,EXECUTED_ON_TIME,open,59,59,0,0.010303603430558764,0.011026897843227301,-0.0007232944126685376,5.08474576271185e-06,5.08474576271185e-06,8.474576271186419e-06,6.779661016949135e-06,2.5423728813559257e-05,0.010278179701745204,-0.024419518562597754,0.016949152542372836,1.0,0.5084745762711864,9.626809562254616,0.6059399677647346
2025-10-24,2025-10-27,open,2025-10-28,2025-11-10,0,1,EXECUTED_ON_TIME,open,59,59,0,0.007725256248257179,-0.002395634149341297,0.010120890397598475,1.5254237288135584e-05,1.5254237288135584e-05,2.542372881355931e-05,2.033898305084745e-05,7.627118644067793e-05,0.007648985061816501,0.007231426446043634,0.05084745762711862,1.0,0.5254237288135593,9.700444884789253,0.6044883572855067
2025-10-27,2025-10-28,open,2025-10-29,2025-11-11,0,1,EXECUTED_ON_TIME,open,59,59,0,0.00014094498870727303,0.0018325880085012791,-0.0016916430197940061,1.5254237288135584e-05,1.5254237288135584e-05,2.542372881355931e-05,2.033898305084745e-05,7.627118644067793e-05,6.46738022665951e-05,-0.0020024085752088847,0.05084745762711862,1.0,0.5254237288135593,9.701072249443628,0.6055961354003467
2025-10-28,2025-10-29,open,2025-10-30,2025-11-12,0,1,EXECUTED_ON_TIME,open,59,59,0,0.01742464864094318,-0.012226453913562807,0.02965110255450599,1.0169491525423734e-05,1.0169491525423734e-05,1.694915254237289e-05,1.3559322033898314e-05,5.084745762711868e-05,0.01737380118331606,-0.007780364960301104,0.03389830508474578,1.0,0.5169491525423728,9.869616749970445,0.5981918421606427
2025-10-29,2025-10-30,open,2025-10-31,2025-11-13,0,1,EXECUTED_ON_TIME,open,59,59,0,-0.002392548301180824,-0.01946692776005643,0.017074379458875605,1.5254237288135584e-05,1.5254237288135584e-05,2.542372881355931e-05,2.033898305084745e-05,7.627118644067793e-05,-0.002468819487621502,0.008782791476773586,0.05084745762711862,1.0,0.5254237288135593,9.845250447802764,0.5865468847826464
2025-10-30,2025-10-31,open,2025-11-03,2025-11-14,1,1,EXECUTED_ON_TIME,open,59,59,0,-0.006376720296402263,-0.008331109336639275,0.0019543890402370125,1.5254237288135584e-05,1.5254237288135584e-05,2.542372881355931e-05,2.033898305084745e-05,7.627118644067793e-05,-0.006452991482842941,0.020771515672226192,0.05084745762711862,1.0,0.5254237288135593,9.781719130516636,0.581660298554457
2025-10-31,2025-11-03,open,2025-11-04,2025-11-17,1,1,EXECUTED_ON_TIME,open,59,59,0,-1.4467212319736297e-05,-0.004297423271390377,0.004282956059070641,1.5254237288135584e-05,1.5254237288135584e-05,2.542372881355931e-05,2.033898305084745e-05,7.627118644067793e-05,-9.073839876041423e-05,-0.009939143327870712,0.05084745762711862,1.0,0.5254237288135593,9.78083155298561,0.5791606580514052
2025-11-03,2025-11-04,open,2025-11-05,2025-11-18,1,1,EXECUTED_ON_TIME,open,59,59,0,-0.01960087085325076,-0.013885387800611992,-0.005715483052638769,1.0169491525423734e-05,1.0169491525423734e-05,1.694915254237289e-05,1.3559322033898314e-05,5.084745762711868e-05,-0.01965171831087788,0.015621480424652112,0.03389830508474578,1.0,0.5169491525423728,9.588621406460192,0.5711187877155037
2025-11-04,2025-11-05,open,2025-11-06,2025-11-19,1,1,EXECUTED_ON_TIME,open,59,59,0,0.01734106860436999,0.0012987405833089216,0.016042328021061068,1.0169491525423734e-05,1.0169491525423734e-05,1.694915254237289e-05,1.3559322033898314e-05,5.084745762711868e-05,0.01729022114674287,-0.0159988087586448,0.03389830508474578,1.0,0.5169491525423728,9.754410791070281,0.571860522863
2025-11-05,2025-11-06,open,2025-11-07,2025-11-20,1,1,EXECUTED_ON_TIME,open,59,59,0,0.00803231380906518,-0.004840789907650023,0.012873103716715203,1.5254237288135584e-05,1.5254237288135584e-05,2.542372881355931e-05,2.033898305084745e-05,7.627118644067793e-05,0.007956042622624502,-0.0009973802807231626,0.05084745762711862,1.0,0.5254237288135593,9.832017299082624,0.5690922662153414
2025-11-06,2025-11-07,open,2025-11-10,2025-11-21,1,1,EXECUTED_ON_TIME,open,59,59,0,0.00511060359901011,-0.0343141135556323,0.03942471715464241,1.0169491525423734e-05,1.0169491525423734e-05,1.694915254237289e-05,1.3559322033898314e-05,5.084745762711868e-05,0.005059756141382991,0.0007855204764648151,0.03389830508474578,1.0,0.5169491525423728,9.88176490899384,0.5495643695687961
2025-11-07,2025-11-10,open,2025-11-11,2025-11-24,1,1,EXECUTED_ON_TIME,open,59,59,0,0.002440612303812524,-0.045853735950670216,0.04829434825448274,5.08474576271185e-06,5.08474576271185e-06,8.474576271186419e-06,6.779661016949135e-06,2.5423728813559257e-05,0.002415188574998965,0.0005582167071480437,0.016949152542372836,1.0,0.5084745762711864,9.905631234702868,0.524364790078692
2025-11-10,2025-11-11,open,2025-11-12,2025-11-25,0,1,EXECUTED_ON_TIME,open,59,59,0,-0.011820598706003809,-0.048976730735601826,0.03715613202959801,1.5254237288135584e-05,1.5254237288135584e-05,2.542372881355931e-05,2.033898305084745e-05,7.627118644067793e-05,-0.011896869892444487,0.012315494398340118,0.05084745762711862,1.0,0.5254237288135593,9.787785228701074,0.4986831169477775
2025-11-11,2025-11-12,open,2025-11-13,2025-11-26,1,1,EXECUTED_ON_TIME,open,59,59,0,-0.0014503179416057062,-0.03302574598492236,0.03157542804331666,1.0169491525423734e-05,1.0169491525423734e-05,1.694915254237289e-05,1.3559322033898314e-05,5.084745762711868e-05,-0.0015011653992328248,-0.0053171767546190876,0.03389830508474578,1.0,0.5169491525423728,9.773092144180625,0.48221373500049086
2025-11-12,2025-11-13,open,2025-11-14,2025-11-27,1,1,EXECUTED_ON_TIME,open,59,59,0,0.004112092347996512,-0.02665325232471949,0.030765344672716,1.5254237288135584e-05,1.5254237288135584e-05,2.542372881355931e-05,2.033898305084745e-05,7.627118644067793e-05,0.004035821161555834,0.0003809800220510701,0.05084745762711862,1.0,0.5254237288135593,9.812534596269945,0.4693611706470774
2025-11-13,2025-11-14,open,2025-11-17,2025-11-28,1,1,EXECUTED_ON_TIME,open,59,59,0,-0.008764544308541532,-0.032556432994704565,0.023791888686163033,1.0169491525423734e-05,1.0169491525423734e-05,1.694915254237289e-05,1.3559322033898314e-05,5.084745762711868e-05,-0.00881539176616865,-2.9165899789258126e-05,0.03389830508474578,1.0,0.5169491525423728,9.726033259584742,0.45408044514458973
2025-11-14,2025-11-17,open,2025-11-18,2025-12-01,1,1,EXECUTED_ON_TIME,open,59,59,0,-0.0031521105799675953,-0.01681205578055467,0.013659945200587074,2.033898305084747e-05,2.033898305084747e-05,3.389830508474578e-05,2.7118644067796627e-05,0.00010169491525423735,-0.0032538054952218325,0.005321012048174658,0.06779661016949157,1.0,0.5338983050847458,9.694386639117996,0.4464464193719598
2025-11-17,2025-11-18,open,2025-11-19,2025-12-02,1,1,EXECUTED_ON_TIME,open,59,59,0,-0.00260929820275901,-0.002809288975067603,0.0001999907723085931,1.5254237288135584e-05,1.5254237288135584e-05,2.542372881355931e-05,2.033898305084745e-05,7.627118644067793e-05,-0.0026855693891996877,0.00612807552812525,0.05084745762711862,1.0,0.5254237288135593,9.668351691112914,0.4451922223680597
2025-11-18,2025-11-19,open,2025-11-20,2025-12-03,1,1,EXECUTED_ON_TIME,open,59,59,0,0.00531547965101231,-0.0029439341231256577,0.008259413774137967,1.5254237288135584e-05,1.5254237288135584e-05,2.542372881355931e-05,2.033898305084745e-05,7.627118644067793e-05,0.005239208464571632,-0.008826706654408802,0.05084745762711862,1.0,0.5254237288135593,9.719006201131448,0.44388160579328023
2025-11-19,2025-11-20,open,2025-11-21,2025-12-04,1,1,EXECUTED_ON_TIME,open,59,59,0,-0.021458410514179283,-0.018603583906622645,-0.0028548266075566382,1.5254237288135584e-05,1.5254237288135584e-05,2.542372881355931e-05,2.033898305084745e-05,7.627118644067793e-05,-0.02153468170061996,0.01623867408117952,0.05084745762711862,1.0,0.5254237288135593,9.50971049614373,0.43562381709529857
2025-11-20,2025-11-21,open,2025-11-24,2025-12-05,1,2,EXECUTED_ON_TIME,open,59,59,0,-0.002955623912681014,0.007648359790188408,-0.010603983702869423,2.033898305084747e-05,2.033898305084747e-05,3.389830508474578e-05,2.7118644067796627e-05,0.00010169491525423735,-0.0030573188279352514,0.009915733389470889,0.06779661016949157,1.0,0.5338983050847458,9.480636279195657,0.43895562478161865
2025-11-21,2025-11-24,open,2025-11-25,2025-12-08,1,2,EXECUTED_ON_TIME,open,59,59,0,0.01207639804645086,0.026823119962728903,-0.014746721916278042,1.0169491525423734e-05,1.0169491525423734e-05,1.694915254237289e-05,1.3559322033898314e-05,5.084745762711868e-05,0.012025550588823743,0.005135333039934157,0.03389830508474578,1.0,0.5169491525423728,9.594646150385364,0.4507297841634506
2025-11-24,2025-11-25,open,2025-11-26,2025-12-09,1,2,EXECUTED_ON_TIME,open,59,59,0,0.011515745219500599,0.030283281156860964,-0.018767535937360365,1.5254237288135584e-05,1.5254237288135584e-05,2.542372881355931e-05,2.033898305084745e-05,7.627118644067793e-05,0.011439474033059921,0.006548680510148549,0.05084745762711862,1.0,0.5254237288135593,9.704403855879095,0.46437936094304366
2025-11-25,2025-11-26,open,2025-11-27,2025-12-10,1,2,EXECUTED_ON_TIME,open,59,59,0,0.020804527655104498,0.021391465239202878,-0.00058693758409838,1.0169491525423734e-05,1.0169491525423734e-05,1.694915254237289e-05,1.3559322033898314e-05,5.084745762711868e-05,0.020753680197477378,0.01621833113187323,0.03389830508474578,1.0,0.5169491525423728,9.905805950011176,0.47431311590046005
2025-11-26,2025-11-27,open,2025-11-28,2025-12-11,1,2,EXECUTED_ON_TIME,open,59,59,0,0.0072881181395243275,0.017074283398237133,-0.009786165258712806,2.033898305084747e-05,2.033898305084747e-05,3.389830508474578e-05,2.7118644067796627e-05,0.00010169491525423735,0.00718642322427009,0.009644556722809797,0.06779661016949157,1.0,0.5338983050847458,9.976993263945449,0.4824116724608454
2025-11-27,2025-11-28,open,2025-12-01,2025-12-12,1,2,EXECUTED_ON_TIME,open,59,59,0,0.022606397688125668,0.010471247127062266,0.012135150561063401,1.0169491525423734e-05,1.0169491525423734e-05,1.694915254237289e-05,1.3559322033898314e-05,5.084745762711868e-05,0.022555550230498548,0.006964014451104093,0.03389830508474578,1.0,0.5169491525423728,10.202029836659717,0.4874631243001623
2025-11-28,2025-12-01,open,2025-12-02,2025-12-15,1,2,EXECUTED_ON_TIME,open,59,59,0,0.022713497449061777,0.002382584726607462,0.020330912722454315,1.0169491525423734e-05,1.0169491525423734e-05,1.694915254237289e-05,1.3559322033898314e-05,5.084745762711868e-05,0.022662649991434657,0.020951559049377327,0.03389830508474578,1.0,0.5169491525423728,10.433234868050109,0.4886245464949042
2025-12-01,2025-12-02,open,2025-12-03,2025-12-16,1,2,EXECUTED_ON_TIME,open,59,59,0,-0.002048022803794093,-0.006449602026286638,0.004401579222492545,1.5254237288135584e-05,1.5254237288135584e-05,2.542372881355931e-05,2.033898305084745e-05,7.627118644067793e-05,-0.002124293990234771,-0.0008065157102569178,0.05084745762711862,1.0,0.5254237288135593,10.411071609921203,0.4854731126297373
2025-12-02,2025-12-03,open,2025-12-04,2025-12-17,1,2,EXECUTED_ON_TIME,open,59,59,0,0.005371543803513423,-0.012035334033433043,0.017406877836946465,1.0169491525423734e-05,1.0169491525423734e-05,1.694915254237289e-05,1.3559322033898314e-05,5.084745762711868e-05,0.005320696345886304,0.010415301487288007,0.03389830508474578,1.0,0.5169491525423728,10.466465760592872,0.47963028155498794
2025-12-03,2025-12-04,open,2025-12-05,2025-12-18,1,2,EXECUTED_ON_TIME,open,59,59,0,0.008827016106748832,0.004495103229221753,0.004331912877527079,1.5254237288135584e-05,1.5254237288135584e-05,2.542372881355931e-05,2.033898305084745e-05,7.627118644067793e-05,0.008750744920308154,0.006015482012761572,0.05084745762711862,1.0,0.5254237288135593,10.558055132680959,0.4817862691824383
2025-12-04,2025-12-05,open,2025-12-08,2025-12-19,1,2,EXECUTED_ON_TIME,open,59,59,0,0.017018924641307404,0.0029611429963591895,0.014057781644948215,5.08474576271185e-06,5.08474576271185e-06,8.474576271186419e-06,6.779661016949135e-06,2.5423728813559257e-05,0.016993500912493846,0.0025363245993702127,0.016949152542372836,1.0,0.5084745762711864,10.737473452212333,0.4832129072191699
2025-12-05,2025-12-08,open,2025-12-09,2025-12-22,1,2,EXECUTED_ON_TIME,open,59,59,0,0.010914555792652363,-0.0011913418707030221,0.012105897663355385,1.0169491525423734e-05,1.0169491525423734e-05,1.694915254237289e-05,1.3559322033898314e-05,5.084745762711868e-05,0.010863708335025245,0.00622848283982032,0.03389830508474578,1.0,0.5169491525423728,10.854122232052243,0.48263723545033554
2025-12-08,2025-12-09,open,2025-12-10,2025-12-23,1,2,EXECUTED_ON_TIME,open,59,59,0,0.00010309747295585924,0.0010077245873738594,-0.0009046271144180001,5.08474576271185e-06,5.08474576271185e-06,8.474576271186419e-06,6.779661016949135e-06,2.5423728813559257e-05,7.767374414229999e-05,0.004795295728677157,0.016949152542372836,1.0,0.5084745762711864,10.854965312365385,0.483123600859281
2025-12-09,2025-12-10,open,2025-12-11,2025-12-24,1,2,EXECUTED_ON_TIME,open,59,59,0,0.016756630603244758,0.008161126706021982,0.008595503897222776,1.5254237288135584e-05,1.5254237288135584e-05,2.542372881355931e-05,2.033898305084745e-05,7.627118644067793e-05,0.01668035941680408,0.00930501455061216,0.05084745762711862,1.0,0.5254237288135593,11.036030035232582,0.4870664337805632
2025-12-10,2025-12-11,open,2025-12-12,2025-12-25,1,2,EXECUTED_ON_TIME,open,59,59,0,-0.005186260233885817,0.006989052007857044,-0.01217531224174286,1.5254237288135584e-05,1.5254237288135584e-05,2.542372881355931e-05,2.033898305084745e-05,7.627118644067793e-05,-0.005262531420326495,0.0022999995299400645,0.05084745762711862,1.0,0.5254237288135593,10.977952580416503,0.490470566417537
2025-12-11,2025-12-12,open,2025-12-15,2025-12-26,1,2,EXECUTED_ON_TIME,open,59,59,0,0.009953168596466219,0.017779481953119403,-0.007826313356653184,1.0169491525423734e-05,1.0169491525423734e-05,1.694915254237289e-05,1.3559322033898314e-05,5.084745762711868e-05,0.0099023211388391,0.009807487347180304,0.03389830508474578,1.0,0.5169491525423728,11.086659792314734,0.49919087900169384
2025-12-12,2025-12-15,open,2025-12-16,2025-12-29,1,2,EXECUTED_ON_TIME,open,59,59,0,0.0016169826899383732,0.023793830465606458,-0.022176847775668085,1.5254237288135584e-05,1.5254237288135584e-05,2.542372881355931e-05,2.033898305084745e-05,7.627118644067793e-05,0.0015407115034976953,0.0042967363477405315,0.05084745762711862,1.0,0.5254237288135593,11.10374113659212,0.5110685421466372
2025-12-15,2025-12-16,open,2025-12-17,2025-12-30,1,2,EXECUTED_ON_TIME,open,59,59,0,0.0010758733620367144,0.01648745614400071,-0.015411582781963997,1.0169491525423734e-05,1.0169491525423734e-05,1.694915254237289e-05,1.3559322033898314e-05,5.084745762711868e-05,0.0010250259044095958,0.012775693551361418,0.03389830508474578,1.0,0.5169491525423728,11.115122758892985,0.5194947623218583
2025-12-16,2025-12-17,open,2025-12-18,2025-12-31,1,2,EXECUTED_ON_TIME,open,59,59,0,0.0195098002947172,0.034825534532519686,-0.015315734237802487,1.0169491525423734e-05,1.0169491525423734e-05,1.694915254237289e-05,1.3559322033898314e-05,5.084745762711868e-05,0.01945895283709008,0.001242531552008437,0.03389830508474578,1.0,0.5169491525423728,11.33141140843675,0.5375864451065613
2025-12-17,2025-12-18,open,2025-12-19,2026-01-05,1,1,EXECUTED_ON_TIME,open,59,59,0,0.008015129351840629,0.023635813867389333,-0.015620684515548704,1.5254237288135584e-05,1.5254237288135584e-05,2.542372881355931e-05,2.033898305084745e-05,7.627118644067793e-05,0.00793885816539995,0.007456597006769198,0.05084745762711862,1.0,0.5254237288135593,11.421369876422123,0.5502927382607314
2025-12-18,2025-12-19,open,2025-12-22,2026-01-06,1,1,EXECUTED_ON_TIME,open,59,59,0,0.011797020887688135,0.034602739131397664,-0.022805718243709527,5.08474576271185e-06,5.08474576271185e-06,8.474576271186419e-06,6.779661016949135e-06,2.5423728813559257e-05,0.011771597158874575,0.007566895019018438,0.016949152542372836,1.0,0.5084745762711864,11.555817641609869,0.5693343743286701
2025-12-19,2025-12-22,open,2025-12-23,2026-01-07,0,1,EXECUTED_ON_TIME,open,59,59,0,0.01205429722637797,0.04561489628281734,-0.03356059905643937,1.0169491525423734e-05,1.0169491525423734e-05,1.694915254237289e-05,1.3559322033898314e-05,5.084745762711868e-05,0.012003449768750852,0.002440408593846725,0.03389830508474578,1.0,0.5169491525423728,11.694527318207777,0.5953045027639151
2025-12-22,2025-12-23,open,2025-12-24,2026-01-08,0,1,EXECUTED_ON_TIME,open,59,59,0,2.7928642055262104e-05,0.031409051855427306,-0.031381123213372046,0.0,0.0,0.0,0.0,0.0,2.7928642055262104e-05,-0.0035903454068843634,0.0,1.0,0.5,11.694853930475253,0.6140024527609963
2025-12-23,2025-12-24,open,2025-12-25,2026-01-09,0,1,EXECUTED_ON_TIME,open,59,59,0,0.00771993896444991,0.022119596001715536,-0.014399657037265626,1.5254237288135584e-05,1.5254237288135584e-05,2.542372881355931e-05,2.033898305084745e-05,7.627118644067793e-05,0.0076436677780092315,0.004266617754291271,0.05084745762711862,1.0,0.5254237288135593,11.78424550863215,0.627583938960132
2025-12-24,2025-12-25,open,2025-12-26,2026-01-12,0,1,EXECUTED_ON_TIME,open,59,59,0,0.004365429544726791,0.030313307353995844,-0.025947877809269052,1.5254237288135584e-05,1.5254237288135584e-05,2.542372881355931e-05,2.033898305084745e-05,7.627118644067793e-05,0.004289158358286113,0.0022637462763261426,0.05084745762711862,1.0,0.5254237288135593,11.834790003751595,0.6466080837922619
2025-12-25,2025-12-26,open,2025-12-29,2026-01-13,0,1,EXECUTED_ON_TIME,open,59,59,0,-0.00016092289245439408,0.03410908683367131,-0.034270009726125705,5.08474576271185e-06,5.08474576271185e-06,8.474576271186419e-06,6.779661016949135e-06,2.5423728813559257e-05,-0.00018634662126795334,-0.007072437088872667,0.016949152542372836,1.0,0.5084745762711864,11.83258463062098,0.6686632950696859
2025-12-26,2025-12-29,open,2025-12-30,2026-01-14,0,1,EXECUTED_ON_TIME,open,59,59,0,-0.007469714398895158,0.02349179361843934,-0.030961508017334497,2.033898305084747e-05,2.033898305084747e-05,3.389830508474578e-05,2.7118644067796627e-05,0.00010169491525423735,-0.007571409314149395,0.0053690090703487564,0.06779661016949157,1.0,0.5338983050847458,11.742995289138236,0.6843713951976886
2025-12-29,2025-12-30,open,2025-12-31,2026-01-15,0,1,EXECUTED_ON_TIME,open,59,59,0,0.01009352374686237,0.02262808090241175,-0.01253455715554938,1.5254237288135584e-05,1.5254237288135584e-05,2.542372881355931e-05,2.033898305084745e-05,7.627118644067793e-05,0.010017252560421692,0.0018678415342319402,0.05084745762711862,1.0,0.5254237288135593,11.860627838765375,0.6998574064955183
2025-12-30,2025-12-31,open,2026-01-05,2026-01-16,0,1,EXECUTED_ON_TIME,open,59,59,0,0.004030612017767025,0.02618931038037342,-0.022158698362606394,1.5254237288135584e-05,1.5254237288135584e-05,2.542372881355931e-05,2.033898305084745e-05,7.627118644067793e-05,0.003954340831326347,-0.0018152026154274435,0.05084745762711862,1.0,0.5254237288135593,11.907528803713369,0.7181861893362326
2025-12-31,2026-01-05,open,2026-01-06,2026-01-19,0,1,EXECUTED_ON_TIME,open,59,59,0,0.01746082932985909,0.012566243122556608,0.00489458620730248,1.0169491525423734e-05,1.0169491525423734e-05,1.694915254237289e-05,1.3559322033898314e-05,5.084745762711868e-05,0.01740998187223197,0.005920212574914105,0.03389830508474578,1.0,0.5169491525423728,12.114838664329099,0.7272110915986941
2026-01-05,2026-01-06,open,2026-01-07,2026-01-20,0,1,EXECUTED_ON_TIME,open,59,59,0,0.021875798237728103,0.0037508404480497415,0.01812495778967836,1.5254237288135584e-05,1.5254237288135584e-05,2.542372881355931e-05,2.033898305084745e-05,7.627118644067793e-05,0.021799527051287425,0.0003716141118551772,0.05084745762711862,1.0,0.5254237288135593,12.378936417514124,0.7299387443753329
2026-01-06,2026-01-07,open,2026-01-08,2026-01-21,0,1,EXECUTED_ON_TIME,open,59,59,0,-0.005022176578441324,-0.01717346955367738,0.012151292975236054,1.5254237288135584e-05,1.5254237288135584e-05,2.542372881355931e-05,2.033898305084745e-05,7.627118644067793e-05,-0.005098447764882002,0.00012863233468213536,0.05084745762711862,1.0,0.5254237288135593,12.315823056804632,0.7174031635727536
2026-01-07,2026-01-08,open,2026-01-09,2026-01-09,0,1,EXECUTED_ON_TIME,open,59,59,0,0.003526950779728395,-0.007362721909275116,0.010889672689003512,2.542372881355932e-05,2.542372881355932e-05,4.23728813559322e-05,3.389830508474576e-05,0.0001271186440677966,0.0033998321356605984,0.01077066638889219,0.0847457627118644,1.0,0.5423728813559322,12.357694787810265,0.7121211235825332
2026-01-08,2026-01-09,open,2026-01-12,2026-01-12,0,1,EXECUTED_ON_TIME,open,59,59,0,0.014763971401059615,0.009245323222365265,0.00551864817869435,1.5254237288135584e-05,1.5254237288135584e-05,2.542372881355931e-05,2.033898305084745e-05,7.627118644067793e-05,0.014687700214618937,-0.009266921440686844,0.05084745762711862,1.0,0.5254237288135593,12.539200904197381,0.7187049135435276
2026-01-09,2026-01-12,open,2026-01-13,2026-01-13,0,1,EXECUTED_ON_TIME,open,59,59,0,0.014844433770347241,0.005954105647165031,0.00889032812318221,5.08474576271185e-06,5.08474576271185e-06,8.474576271186419e-06,6.779661016949135e-06,2.5423728813559257e-05,0.014819010041533682,0.0037174759190469146,0.016949152542372836,1.0,0.5084745762711864,12.72501944830949,0.7229841585279024
2026-01-12,2026-01-13,open,2026-01-14,2026-01-27,0,1,EXECUTED_ON_TIME,open,59,59,0,-0.01147295453450432,-0.019356826076599054,0.007883871542094734,2.542372881355932e-05,2.542372881355932e-05,4.23728813559322e-05,3.389830508474576e-05,0.0001271186440677966,-0.011600073178572116,-0.001337951272272245,0.0847457627118644,1.0,0.5423728813559322,12.577408291510347,0.7089894799151415
2026-01-13,2026-01-14,open,2026-01-15,2026-01-28,0,1,EXECUTED_ON_TIME,open,59,59,0,-0.0062588230730326174,-0.008829212265211606,0.002570389192178988,1.5254237288135584e-05,1.5254237288135584e-05,2.542372881355931e-05,2.033898305084745e-05,7.627118644067793e-05,-0.006335094259473296,0.0013519213745888476,0.05084745762711862,1.0,0.5254237288135593,12.497729224443747,0.7027296613031687
2026-01-14,2026-01-15,open,2026-01-16,2026-01-29,0,1,EXECUTED_ON_TIME,open,59,59,0,0.0051081122631817955,0.002391250619202756,0.0027168616439790395,2.033898305084747e-05,2.033898305084747e-05,3.389830508474578e-05,2.7118644067796627e-05,0.00010169491525423735,0.005006417347927558,-0.012667805651883005,0.06779661016949157,1.0,0.5338983050847458,12.560298072842704,0.704410064040892
2026-01-15,2026-01-16,open,2026-01-19,2026-01-30,0,1,EXECUTED_ON_TIME,open,59,59,0,-0.011693399249090481,-0.011583093191696925,-0.00011030605739355617,1.5254237288135584e-05,1.5254237288135584e-05,2.542372881355931e-05,2.033898305084745e-05,7.627118644067793e-05,-0.01176967043553116,-0.008617098081098812,0.05084745762711862,1.0,0.5254237288135593,12.412467503953309,0.6962508166239372
2026-01-16,2026-01-19,open,2026-01-20,2026-02-02,0,1,EXECUTED_ON_TIME,open,59,59,0,0.0016860186519966865,-0.009728199788356151,0.011414218440352838,2.033898305084747e-05,2.033898305084747e-05,3.389830508474578e-05,2.7118644067796627e-05,0.00010169491525423735,0.001584323736742449,-0.01059948968563417,0.06779661016949157,1.0,0.5338983050847458,12.432132870851367,0.6894775495770133
2026-01-19,2026-01-20,open,2026-01-21,2026-02-03,0,1,EXECUTED_ON_TIME,open,59,59,0,-0.010630876170580957,-0.01869425427124427,0.008063378100663314,1.0169491525423734e-05,1.0169491525423734e-05,1.694915254237289e-05,1.3559322033898314e-05,5.084745762711868e-05,-0.010681723628208075,0.0013309018863592523,0.03389830508474578,1.0,0.5169491525423728,12.299336263415771,0.6765882809509063
2026-01-20,2026-01-21,open,2026-01-22,2026-02-04,0,1,EXECUTED_ON_TIME,open,59,59,0,0.0029476209187639033,-0.014123711383940085,0.01707133230270399,1.0169491525423734e-05,1.0169491525423734e-05,1.694915254237289e-05,1.3559322033898314e-05,5.084745762711868e-05,0.0028967734611367846,-0.012257303907739948,0.03389830508474578,1.0,0.5169491525423728,12.33496465429323,0.6670323433449995
2026-01-21,2026-01-22,open,2026-01-23,2026-02-05,0,1,EXECUTED_ON_TIME,open,59,59,0,-0.005340916952158495,-0.016240189550071782,0.010899272597913286,1.0169491525423734e-05,1.0169491525423734e-05,1.694915254237289e-05,1.3559322033898314e-05,5.084745762711868e-05,-0.005391764409785614,-0.008354092069579381,0.03389830508474578,1.0,0.5169491525423728,12.268457430874248,0.6561996116530482
2026-01-22,2026-01-23,open,2026-01-26,2026-02-06,0,1,EXECUTED_ON_TIME,open,59,59,0,0.0022495766371364075,-0.022541089757346477,0.024790666394482887,2.033898305084747e-05,2.033898305084747e-05,3.389830508474578e-05,2.7118644067796627e-05,0.00010169491525423735,0.0021478817218821703,-0.009568161271097674,0.06779661016949157,1.0,0.5338983050847458,12.294808626345711,0.6414081573080409
2026-01-23,2026-01-26,open,2026-01-27,2026-02-09,0,1,EXECUTED_ON_TIME,open,59,59,0,-0.011713500150783599,-0.004602603186385057,-0.007110896964398542,5.08474576271185e-06,5.08474576271185e-06,8.474576271186419e-06,6.779661016949135e-06,2.5423728813559257e-05,-0.011738923879597159,-0.005197006590751433,0.016949152542372836,1.0,0.5084745762711864,12.150480803766824,0.6384560100794415
2026-01-26,2026-01-27,open,2026-01-28,2026-02-10,0,1,EXECUTED_ON_TIME,open,59,59,0,-0.0041699000510740485,0.0027801309792157003,-0.006950031030289749,1.0169491525423734e-05,1.0169491525423734e-05,1.694915254237289e-05,1.3559322033898314e-05,5.084745762711868e-05,-0.0042207475087011675,-0.008831663782612418,0.03389830508474578,1.0,0.5169491525423728,12.099196692184803,0.6402310014119298
2026-01-27,2026-01-28,open,2026-01-29,2026-02-11,0,1,EXECUTED_ON_TIME,open,59,59,0,-0.00425824798710873,-0.002101531635870124,-0.0021567163512386063,1.0169491525423734e-05,1.0169491525423734e-05,1.694915254237289e-05,1.3559322033898314e-05,5.084745762711868e-05,-0.0043090954447358495,-0.0011240919983552611,0.03389830508474578,1.0,0.5169491525423728,12.047060098833546,0.6388855357081978
2026-01-28,2026-01-29,open,2026-01-30,2026-02-12,0,1,EXECUTED_ON_TIME,open,59,59,0,-0.00677705433211911,-0.0027633122392821674,-0.004013742092836943,1.0169491525423734e-05,1.0169491525423734e-05,1.694915254237289e-05,1.3559322033898314e-05,5.084745762711868e-05,-0.006827901789746229,0.005920316928137639,0.03389830508474578,1.0,0.5169491525423728,11.96480395562354,0.6371200954878751
2026-01-29,2026-01-30,open,2026-02-02,2026-02-13,0,1,EXECUTED_ON_TIME,open,59,59,0,-0.01615195417896485,-0.006281916401603138,-0.009870037777361711,1.5254237288135584e-05,1.5254237288135584e-05,2.542372881355931e-05,2.033898305084745e-05,7.627118644067793e-05,-0.016228225365405528,-0.0016189928088112659,0.05084745762711862,1.0,0.5254237288135593,11.770636420578784,0.6331177603102388
2026-01-30,2026-02-02,open,2026-02-03,2026-02-24,0,1,EXECUTED_ON_TIME,open,59,59,0,-0.011164882976273303,0.011342933108785314,-0.022507816085058616,5.08474576271185e-06,5.08474576271185e-06,8.474576271186419e-06,6.779661016949135e-06,2.5423728813559257e-05,-0.011190306705086863,-0.004577237596723125,0.016949152542372836,1.0,0.5084745762711864,11.63891938891844,0.6402991727154218
2026-02-02,2026-02-03,open,2026-02-04,2026-02-25,0,1,EXECUTED_ON_TIME,open,59,59,0,-0.0013143871658046963,0.01403033372867002,-0.015344720894474716,5.08474576271185e-06,5.08474576271185e-06,8.474576271186419e-06,6.779661016949135e-06,2.5423728813559257e-05,-0.0013398108946182557,-0.023071948180721166,0.016949152542372836,1.0,0.5084745762711864,11.623325437919585,0.6492827837948105
2026-02-03,2026-02-04,open,2026-02-05,2026-02-26,0,1,EXECUTED_ON_TIME,open,59,59,0,0.004805775530694952,0.02009975544146525,-0.015293979910770299,1.0169491525423734e-05,1.0169491525423734e-05,1.694915254237289e-05,1.3559322033898314e-05,5.084745762711868e-05,0.004754928073067833,0.0028956593462063883,0.03389830508474578,1.0,0.5169491525423728,11.678593514346753,0.66233320896144
2026-02-04,2026-02-05,open,2026-02-06,2026-02-27,0,1,EXECUTED_ON_TIME,open,59,59,0,-0.006553358776055955,0.0071926715012258224,-0.013746030277281777,1.5254237288135584e-05,1.5254237288135584e-05,2.542372881355931e-05,2.033898305084745e-05,7.627118644067793e-05,-0.006629629962496633,0.011471542595644906,0.05084745762711862,1.0,0.5254237288135593,11.60116876086422,0.6670971541578524
2026-02-05,2026-02-06,open,2026-02-09,2026-03-02,0,1,EXECUTED_ON_TIME,open,59,59,0,0.018968532797868504,0.012554469794883172,0.006414063002985332,1.0169491525423734e-05,1.0169491525423734e-05,1.694915254237289e-05,1.3559322033898314e-05,5.084745762711868e-05,0.018917685340241384,-0.007544008478919027,0.03389830508474578,1.0,0.5169491525423728,11.820636021061286,0.6754722052299797
2026-02-06,2026-02-09,open,2026-02-10,2026-03-03,0,1,EXECUTED_ON_TIME,open,59,59,0,0.004964784096629524,0.00929847675764317,-0.004333692661013647,2.033898305084747e-05,2.033898305084747e-05,3.389830508474578e-05,2.7118644067796627e-05,0.00010169491525423735,0.0048630891813752864,-0.0029497516860930214,0.06779661016949157,1.0,0.5338983050847458,11.878120828212284,0.6817530678307447
2026-02-09,2026-02-10,open,2026-02-11,2026-03-04,1,1,EXECUTED_ON_TIME,open,59,59,0,0.0006048268127993748,-0.023115113532439446,0.023719940345238822,1.0169491525423734e-05,1.0169491525423734e-05,1.694915254237289e-05,1.3559322033898314e-05,5.084745762711868e-05,0.0005539793551722562,-0.00034796443763973075,0.03389830508474578,1.0,0.5169491525423728,11.884701061929356,0.6659942682667482
2026-02-10,2026-02-11,open,2026-02-12,2026-03-05,1,1,EXECUTED_ON_TIME,open,59,59,0,0.003468898197099656,-0.013514092377117204,0.016982990574216858,5.08474576271185e-06,5.08474576271185e-06,8.474576271186419e-06,6.779661016949135e-06,2.5423728813559257e-05,0.0034434744682860967,-0.002030089960287019,0.016949152542372836,1.0,0.5084745762711864,11.925625726599321,0.6569939602027608
2026-02-11,2026-02-12,open,2026-02-13,2026-03-06,1,1,EXECUTED_ON_TIME,open,59,59,0,-0.00245302953524777,-0.020871782236008496,0.018418752700760727,5.08474576271185e-06,5.08474576271185e-06,8.474576271186419e-06,6.779661016949135e-06,2.5423728813559257e-05,-0.002478453264061329,-0.006838926414161325,0.016949152542372836,1.0,0.5084745762711864,11.896068620591256,0.6432813253350359
2026-02-12,2026-02-13,open,2026-02-24,2026-03-09,1,2,EXECUTED_ON_TIME,open,59,59,0,0.0033136260927785926,-0.019848464155387213,0.023162090248165807,1.0169491525423734e-05,1.0169491525423734e-05,1.694915254237289e-05,1.3559322033898314e-05,5.084745762711868e-05,0.003262778635151474,-0.0075969605472031385,0.03389830508474578,1.0,0.5169491525423728,11.934882859128818,0.6305131790072934
2026-02-13,2026-02-24,open,2026-02-25,2026-03-10,1,2,EXECUTED_ON_TIME,open,59,59,0,0.0028473682882648797,-0.016608014391313874,0.019455382679578755,1.5254237288135584e-05,1.5254237288135584e-05,2.542372881355931e-05,2.033898305084745e-05,7.627118644067793e-05,0.002771097101824202,-0.0026395797049273404,0.05084745762711862,1.0,0.5254237288135593,11.967955578430361,0.6200416070564272
2026-02-24,2026-02-25,open,2026-02-26,2026-03-11,1,2,EXECUTED_ON_TIME,open,59,58,1,0.011853354451452665,-0.006904101451658207,0.01875745590311087,2.06896551724138e-05,2.06896551724138e-05,3.448275862068967e-05,2.7586206896551737e-05,0.00010344827586206902,0.011749906175590597,0.004554722976520325,0.06896551724137934,1.0,0.5344827586206897,12.108577933590555,0.6157607768970604
2026-02-25,2026-02-26,open,2026-02-27,2026-03-12,1,2,EXECUTED_ON_TIME,open,59,59,0,-0.007273039097701269,-0.008577442479948072,0.0013044033822468028,1.0169491525423734e-05,1.0169491525423734e-05,1.694915254237289e-05,1.3559322033898314e-05,5.084745762711868e-05,-0.007323886555328388,-0.010674017815928083,0.03389830508474578,1.0,0.5169491525423728,12.019896082458585,0.6104791242518177
2026-02-26,2026-02-27,open,2026-03-02,2026-03-13,1,1,EXECUTED_ON_TIME,open,59,59,0,-0.0024571057757497177,-0.00622310197305409,0.0037659961973043727,2.033898305084747e-05,2.033898305084747e-05,3.389830508474578e-05,2.7118644067796627e-05,0.00010169491525423735,-0.002558800691003955,-0.012311049829422759,0.06779661016949157,1.0,0.5338983050847458,11.989139564056993,0.6066800504091779
2026-02-27,2026-03-02,open,2026-03-03,2026-03-16,1,1,EXECUTED_ON_TIME,open,59,59,0,0.013355284151296812,-0.002518685054135661,0.01587396920543247,5.08474576271185e-06,5.08474576271185e-06,8.474576271186419e-06,6.779661016949135e-06,2.5423728813559257e-05,0.013329860422483252,0.0030974333254610437,0.016949152542372836,1.0,0.5084745762711864,12.148953121031543,0.60515201443357
2026-03-02,2026-03-03,open,2026-03-04,2026-03-17,1,1,EXECUTED_ON_TIME,open,59,59,0,-0.026342438125199343,-0.010923062763809721,-0.015419375361389622,5.08474576271185e-06,5.08474576271185e-06,8.474576271186419e-06,6.779661016949135e-06,2.5423728813559257e-05,-0.0263678618540129,0.01877260552554551,0.016949152542372836,1.0,0.5084745762711864,11.828611203465305,0.5985419009982662
2026-03-03,2026-03-04,open,2026-03-05,2026-03-18,1,1,EXECUTED_ON_TIME,open,59,59,0,0.008398413761449494,0.008582849228237821,-0.0001844354667883269,1.5254237288135584e-05,1.5254237288135584e-05,2.542372881355931e-05,2.033898305084745e-05,7.627118644067793e-05,0.008322142575008816,-0.015592078161978096,0.05084745762711862,1.0,0.5254237288135593,11.92705059236489,0.6036790958913172
2026-03-04,2026-03-05,open,2026-03-06,2026-03-19,1,2,EXECUTED_ON_TIME,open,59,59,0,-0.004736661585931981,-0.008706471404845595,0.0039698098189136135,1.0169491525423734e-05,1.0169491525423734e-05,1.694915254237289e-05,1.3559322033898314e-05,5.084745762711868e-05,-0.0047875090435591005,0.004799491595584519,0.03389830508474578,1.0,0.5169491525423728,11.869949729790957,0.5984231811052364
2026-03-05,2026-03-06,open,2026-03-09,2026-03-20,1,2,EXECUTED_ON_TIME,open,59,59,0,0.0022541452382372194,-0.004040468298779576,0.006294613537016795,5.08474576271185e-06,5.08474576271185e-06,8.474576271186419e-06,6.779661016949135e-06,2.5423728813559257e-05,0.0022287215094236603,0.007383877854848715,0.016949152542372836,1.0,0.5084745762711864,11.896404542069519,0.5960052712127258
2026-03-06,2026-03-09,open,2026-03-10,2026-03-23,1,1,EXECUTED_ON_TIME,open,59,59,0,0.009826638848598789,-0.021988785836608016,0.0318154246852068,1.0169491525423734e-05,1.0169491525423734e-05,1.694915254237289e-05,1.3559322033898314e-05,5.084745762711868e-05,0.00977579139097167,0.004222993272119586,0.03389830508474578,1.0,0.5169491525423728,12.012701311175398,0.5828998389465397
2026-03-09,2026-03-10,open,2026-03-11,2026-03-24,1,1,EXECUTED_ON_TIME,open,59,59,0,0.010147485635643544,-0.040844650806608596,0.05099213644225214,5.08474576271185e-06,5.08474576271185e-06,8.474576271186419e-06,6.779661016949135e-06,2.5423728813559257e-05,0.010122061906829984,0.0021899473388995675,0.016949152542372836,1.0,0.5084745762711864,12.134294617515375,0.5590914985695399
2026-03-10,2026-03-11,open,2026-03-12,2026-03-25,1,1,EXECUTED_ON_TIME,open,59,59,0,0.009098115541824384,-0.03725823707250886,0.04635635261433324,1.5254237288135584e-05,1.5254237288135584e-05,2.542372881355931e-05,2.033898305084745e-05,7.627118644067793e-05,0.009021844355383706,0.011809590573928724,0.05084745762711862,1.0,0.5254237288135593,12.24376833491697,0.5382607349706117
2026-03-11,2026-03-12,open,2026-03-13,2026-03-26,0,1,EXECUTED_ON_TIME,open,60,60,0,-0.0028613053813145383,-0.03731172303142427,0.034450417650109734,1.5000000000000012e-05,1.5000000000000012e-05,2.500000000000002e-05,2.000000000000002e-05,7.500000000000006e-05,-0.0029363053813145383,0.008276566255455512,0.050000000000000044,1.0,0.525,12.207816892067585,0.5181772995086973
2026-03-12,2026-03-13,open,2026-03-16,2026-03-27,0,1,EXECUTED_ON_TIME,open,60,60,0,0.0011570927810681752,-0.050879384338867295,0.05203647711993547,9.999999999999997e-06,9.999999999999997e-06,1.6666666666666664e-05,1.3333333333333332e-05,4.9999999999999996e-05,0.0011070927810681753,0.010671525989405468,0.033333333333333326,1.0,0.5166666666666666,12.221332078021394,0.4918127575313179
2026-03-13,2026-03-16,open,2026-03-17,2026-03-30,0,1,EXECUTED_ON_TIME,open,60,60,0,-0.00017655315460057274,-0.04443714844265345,0.04426059528805288,1.5000000000000012e-05,1.5000000000000012e-05,2.500000000000002e-05,2.000000000000002e-05,7.500000000000006e-05,-0.0002515531546005728,0.002362252423510373,0.050000000000000044,1.0,0.525,12.218257763383747,0.469958001018908
2026-03-16,2026-03-17,open,2026-03-18,2026-03-31,0,1,EXECUTED_ON_TIME,open,60,60,0,-0.015476925727677325,-0.04132880311253473,0.025851877384857405,9.999999999999997e-06,9.999999999999997e-06,1.6666666666666664e-05,1.3333333333333332e-05,4.9999999999999996e-05,-0.015526925727677325,0.0017738551450275902,0.033333333333333326,1.0,0.5166666666666666,12.02854578257007,0.45053519932363717
2026-03-17,2026-03-18,open,2026-03-19,2026-04-01,0,1,EXECUTED_ON_TIME,open,60,60,0,-0.014005091554536725,-0.028282859571773344,0.01427776801723662,5.000000000000015e-06,5.000000000000015e-06,8.333333333333359e-06,6.666666666666688e-06,2.500000000000008e-05,-0.014030091554536725,-0.008753677577330424,0.01666666666666672,1.0,0.5083333333333333,11.859784183972677,0.43779277554902585
2026-03-18,2026-03-19,open,2026-03-20,2026-04-02,0,1,EXECUTED_ON_TIME,open,60,60,0,-0.009767648798452348,-0.021034210571968748,0.0112665617735164,5.000000000000015e-06,5.000000000000015e-06,8.333333333333359e-06,6.666666666666688e-06,2.500000000000008e-05,-0.009792648798452349,-0.006388846866461314,0.01666666666666672,1.0,0.5083333333333333,11.743645482633593,0.428584150121241
2026-03-19,2026-03-20,open,2026-03-23,2026-04-03,1,1,EXECUTED_ON_TIME,open,60,60,0,-0.02848762550440075,-0.0238929560806298,-0.004594669423770948,9.999999999999997e-06,9.999999999999997e-06,1.6666666666666664e-05,1.3333333333333332e-05,4.9999999999999996e-05,-0.02853762550440075,0.003871347704812341,0.033333333333333326,1.0,0.5166666666666666,11.408509725793747,0.41834400784554016
2026-03-20,2026-03-23,open,2026-03-24,2026-04-07,0,1,EXECUTED_ON_TIME,open,60,60,0,-0.008812429511525931,-0.011833255539997034,0.003020826028471103,9.999999999999997e-06,9.999999999999997e-06,1.6666666666666664e-05,1.3333333333333332e-05,4.9999999999999996e-05,-0.00886242951152593,-0.00788204106757807,0.033333333333333326,1.0,0.5166666666666666,11.307402612517341,0.41339363629707737
2026-03-23,2026-03-24,open,2026-03-25,2026-04-08,0,1,EXECUTED_ON_TIME,open,60,60,0,0.01044423243268421,0.013104781059573467,-0.002660548626889256,5.000000000000015e-06,5.000000000000015e-06,8.333333333333359e-06,6.666666666666688e-06,2.500000000000008e-05,0.01041923243268421,-0.007619873547184587,0.01666666666666672,1.0,0.5083333333333333,11.4252170685471,0.4188110693921715
2026-03-24,2026-03-25,open,2026-03-26,2026-04-09,0,1,EXECUTED_ON_TIME,open,60,60,0,0.007350095166073806,0.012436135689124272,-0.005086040523050467,9.999999999999997e-06,9.999999999999997e-06,1.6666666666666664e-05,1.3333333333333332e-05,4.9999999999999996e-05,0.007300095166073806,0.006910478225845144,0.033333333333333326,1.0,0.5166666666666666,11.508622240440545,0.4240194606792398
2026-03-25,2026-03-26,open,2026-03-27,2026-04-10,0,1,EXECUTED_ON_TIME,open,60,60,0,-0.022793198722493486,0.015384074837431871,-0.038177273559925354,9.999999999999997e-06,9.999999999999997e-06,1.6666666666666664e-05,1.3333333333333332e-05,4.9999999999999996e-05,-0.022843198722493487,0.0052154211406496565,0.033333333333333326,1.0,0.5166666666666666,11.245728495580053,0.4305426077948567
2026-03-26,2026-03-27,open,2026-03-30,2026-04-13,0,1,EXECUTED_ON_TIME,open,60,60,0,0.008420567457842277,0.0414374084819531,-0.03301684102411082,9.999999999999997e-06,9.999999999999997e-06,1.6666666666666664e-05,1.3333333333333332e-05,4.9999999999999996e-05,0.008370567457842277,-0.006374983441153436,0.033333333333333326,1.0,0.5166666666666666,11.339861624564884,0.4483831777029375
2026-03-27,2026-03-30,open,2026-03-31,2026-04-14,0,1,EXECUTED_ON_TIME,open,60,60,0,0.01429158268311243,0.048050120390332296,-0.033758537707219864,5.000000000000015e-06,5.000000000000015e-06,8.333333333333359e-06,6.666666666666688e-06,2.500000000000008e-05,0.01426658268311243,0.006293065317566,0.01666666666666672,1.0,0.5083333333333333,11.501642698046794,0.46992804337256344
2026-03-30,2026-03-31,open,2026-04-01,2026-04-15,0,1,EXECUTED_ON_TIME,open,60,60,0,0.014376918125160548,0.05225314514658641,-0.03787622702142586,9.999999999999997e-06,9.999999999999997e-06,1.6666666666666664e-05,1.3333333333333332e-05,4.9999999999999996e-05,0.014326918125160548,0.012826780260232833,0.033333333333333326,1.0,0.5166666666666666,11.666425791286562,0.49448326163136136
2026-03-31,2026-04-01,open,2026-04-02,2026-04-16,0,1,EXECUTED_ON_TIME,open,60,60,0,0.00873085663980877,0.039218138735059416,-0.030487282095250645,5.000000000000015e-06,5.000000000000015e-06,8.333333333333359e-06,6.666666666666688e-06,2.500000000000008e-05,0.00870585663980877,0.0074970598369670256,0.01666666666666672,1.0,0.5083333333333333,11.76799202172447,0.5138759747881848
2026-04-01,2026-04-02,open,2026-04-03,2026-04-17,0,1,EXECUTED_ON_TIME,open,60,60,0,-0.0026939768952571053,0.04752591793182859,-0.05021989482708569,9.999999999999997e-06,9.999999999999997e-06,1.6666666666666664e-05,1.3333333333333332e-05,4.9999999999999996e-05,-0.0027439768952571054,-0.0032357113984193666,0.033333333333333326,1.0,0.5166666666666666,11.735700923513289,0.5382984021931065
2026-04-02,2026-04-03,open,2026-04-07,2026-04-20,0,1,EXECUTED_ON_TIME,open,60,60,0,0.001702195551458165,0.05215402442015615,-0.050451828868697986,9.999999999999997e-06,9.999999999999997e-06,1.6666666666666664e-05,1.3333333333333332e-05,4.9999999999999996e-05,0.0016521955514581651,0.00774088887458438,0.033333333333333326,1.0,0.5166666666666666,11.75509059637236,0.5663728302064168
2026-04-03,2026-04-07,open,2026-04-08,2026-04-21,0,1,EXECUTED_ON_TIME,open,60,60,0,0.034169668962951406,0.06852530927080269,-0.034355640307851286,9.999999999999997e-06,9.999999999999997e-06,1.6666666666666664e-05,1.3333333333333332e-05,4.9999999999999996e-05,0.034119668962951405,0.018402323706789826,0.033333333333333326,1.0,0.5166666666666666,12.15617039615009,0.6051837035588914
2026-04-07,2026-04-08,open,2026-04-09,2026-04-22,0,1,EXECUTED_ON_TIME,open,60,60,0,0.01493986468398869,0.051786892286168396,-0.036847027602179706,9.999999999999997e-06,9.999999999999997e-06,1.6666666666666664e-05,1.3333333333333332e-05,4.9999999999999996e-05,0.01488986468398869,0.005254201662856688,0.033333333333333326,1.0,0.5166666666666666,12.337174128424275,0.6365242868284402
2026-04-08,2026-04-09,open,2026-04-10,2026-04-23,0,1,EXECUTED_ON_TIME,open,60,60,0,0.009562866058244721,0.05552823237271154,-0.04596536631446682,5.000000000000015e-06,5.000000000000015e-06,8.333333333333359e-06,6.666666666666688e-06,2.500000000000008e-05,0.00953786605824472,-0.004247601920599808,0.01666666666666672,1.0,0.5083333333333333,12.454844442798429,0.6718693553383244
2026-04-09,2026-04-10,open,2026-04-13,2026-04-24,0,1,EXECUTED_ON_TIME,open,60,60,0,-0.0023573785253553675,0.03847443724595734,-0.04083181577131271,9.999999999999997e-06,9.999999999999997e-06,1.6666666666666664e-05,1.3333333333333332e-05,4.9999999999999996e-05,-0.0024073785253553677,-0.0017774671945766172,0.033333333333333326,1.0,0.5166666666666666,12.424860917750195,0.6977191506877706
2026-04-10,2026-04-13,open,2026-04-14,2026-04-27,0,1,EXECUTED_ON_TIME,open,60,60,0,0.014793165553252339,0.03492900421287981,-0.020135838659627474,1.5000000000000012e-05,1.5000000000000012e-05,2.500000000000002e-05,2.000000000000002e-05,7.500000000000006e-05,0.014718165553252338,9.78963103781972e-05,0.050000000000000044,1.0,0.525,12.607732077713775,0.7220897858415506
2026-04-13,2026-04-14,open,2026-04-15,2026-04-28,0,1,EXECUTED_ON_TIME,open,60,60,0,0.007788354185882464,0.01731198744943474,-0.009523633263552277,5.000000000000015e-06,5.000000000000015e-06,8.333333333333359e-06,6.666666666666688e-06,2.500000000000008e-05,0.007763354185882464,0.004732823738489099,0.01666666666666672,1.0,0.5083333333333333,12.705610367313778,0.7345905951514046
2026-04-14,2026-04-15,open,2026-04-16,2026-04-29,0,1,EXECUTED_ON_TIME,open,60,60,0,-0.009218019204496367,0.0023141184072061893,-0.011532137611702556,5.000000000000015e-06,5.000000000000015e-06,8.333333333333359e-06,6.666666666666688e-06,2.500000000000008e-05,-0.009243019204496368,0.002479417908506743,0.01666666666666672,1.0,0.5083333333333333,12.588172166683849,0.7362905247694049
2026-04-15,2026-04-16,open,2026-04-17,2026-04-30,0,1,EXECUTED_ON_TIME,open,60,60,0,-0.0004026491215405844,0.02695555648810255,-0.027358205609643135,1.5000000000000012e-05,1.5000000000000012e-05,2.500000000000002e-05,2.000000000000002e-05,7.500000000000006e-05,-0.0004776491215405845,-0.0112159032059299,0.050000000000000044,1.0,0.525,12.58215943730663,0.7561376456014813
2026-04-16,2026-04-17,open,2026-04-20,2026-05-06,0,1,EXECUTED_ON_TIME,open,60,60,0,0.00272280367793028,0.027206414893650832,-0.02448361121572055,5.000000000000015e-06,5.000000000000015e-06,8.333333333333359e-06,6.666666666666688e-06,2.500000000000008e-05,0.0026978036779302795,0.0028504237830428896,0.01666666666666672,1.0,0.5083333333333333,12.616103633312903,0.7767094401044236
2026-04-17,2026-04-20,open,2026-04-21,2026-05-07,0,1,EXECUTED_ON_TIME,open,60,60,0,0.006387494476834499,0.03567338231828532,-0.02928588784145082,9.999999999999997e-06,9.999999999999997e-06,1.6666666666666664e-05,1.3333333333333332e-05,4.9999999999999996e-05,0.006337494476834499,0.0033017322640340793,0.033333333333333326,1.0,0.5166666666666666,12.696058120408194,0.80441729291149
2026-04-20,2026-04-21,open,2026-04-22,2026-05-08,0,1,EXECUTED_ON_TIME,open,59,59,0,-0.0038376384330012997,0.025387563243143063,-0.029225201676144362,1.0169491525423734e-05,1.0169491525423734e-05,1.694915254237289e-05,1.3559322033898314e-05,5.084745762711868e-05,-0.0038884858906284184,-0.0032819143520228036,0.03389830508474578,1.0,0.5169491525423728,12.646689677540389,0.8248394878091584
2026-04-21,2026-04-22,open,2026-04-23,2026-05-11,0,1,EXECUTED_ON_TIME,open,59,59,0,0.010364751546318302,0.03178070578469505,-0.02141595423837675,1.0169491525423734e-05,1.0169491525423734e-05,1.694915254237289e-05,1.3559322033898314e-05,5.084745762711868e-05,0.010313904088691183,-0.009914556140558067,0.03389830508474578,1.0,0.5169491525423728,12.777126421913982,0.8510534688908198
2026-04-22,2026-04-23,open,2026-04-24,2026-05-12,0,1,EXECUTED_ON_TIME,open,59,59,0,-0.011678294283823774,0.030936495995558255,-0.04261479027938203,1.0169491525423734e-05,1.0169491525423734e-05,1.694915254237289e-05,1.3559322033898314e-05,5.084745762711868e-05,-0.011729141741450892,-0.0004970889453616307,0.03389830508474578,1.0,0.5169491525423728,12.627261695062915,0.8773820811231666
2026-04-23,2026-04-24,open,2026-04-27,2026-05-13,0,1,EXECUTED_ON_TIME,open,59,59,0,0.0018141067951339086,0.030951006290165006,-0.029136899495031097,1.0169491525423734e-05,1.0169491525423734e-05,1.694915254237289e-05,1.3559322033898314e-05,5.084745762711868e-05,0.00176325933750679,0.0016598397195840677,0.03389830508474578,1.0,0.5169491525423728,12.649526832153876,0.9045379394348878
2026-04-24,2026-04-27,open,2026-04-28,2026-05-14,0,1,EXECUTED_ON_TIME,open,59,59,0,0.0007328923355325237,0.05261481868420015,-0.051881926348667624,1.0169491525423734e-05,1.0169491525423734e-05,1.694915254237289e-05,1.3559322033898314e-05,5.084745762711868e-05,0.000682044877905405,-0.0003753025253644312,0.03389830508474578,1.0,0.5169491525423728,12.658154377137675,0.9521300391112344
2026-04-27,2026-04-28,open,2026-04-29,2026-05-15,0,1,EXECUTED_ON_TIME,open,59,59,0,-0.006545831388687502,0.032487386687245046,-0.039033218075932546,5.08474576271185e-06,5.08474576271185e-06,8.474576271186419e-06,6.779661016949135e-06,2.5423728813559257e-05,-0.006571255117501061,0.002510010693901385,0.016949152542372836,1.0,0.5084745762711864,12.574974415408791,0.9830622558683828
2026-04-28,2026-04-29,open,2026-04-30,2026-05-18,0,1,EXECUTED_ON_TIME,open,59,59,0,0.015878752643217614,0.02084462602816295,-0.004965873384945335,3.0508474576271168e-05,3.0508474576271168e-05,5.084745762711862e-05,4.06779661016949e-05,0.00015254237288135587,0.015726210270336258,-0.008479775292189552,0.10169491525423724,1.0,0.5508474576271186,12.772731107209607,1.0035538209543615
2026-04-29,2026-04-30,open,2026-05-06,2026-05-19,0,1,EXECUTED_ON_TIME,open,59,59,0,0.005450610568355784,-0.0004702371223064272,0.005920847690662211,1.0169491525423734e-05,1.0169491525423734e-05,1.694915254237289e-05,1.3559322033898314e-05,5.084745762711868e-05,0.005399763110728665,-0.008658086685717832,0.03389830508474578,1.0,0.5169491525423728,12.841700829465575,1.0030819126935164
2026-04-30,2026-05-06,open,2026-05-07,2026-05-20,0,1,EXECUTED_ON_TIME,open,59,59,0,0.015263908971978688,-0.005772539583922653,0.02103644855590134,1.0169491525423734e-05,1.0169491525423734e-05,1.694915254237289e-05,1.3559322033898314e-05,5.084745762711868e-05,0.01521306151435157,0.008368099713382086,0.03389830508474578,1.0,0.5169491525423728,13.037062414133134,0.9972915826465762
2026-05-06,2026-05-07,open,2026-05-08,2026-05-21,0,1,EXECUTED_ON_TIME,open,59,59,0,-0.004637968980430265,-0.0019528984027126217,-0.002685070577717643,5.08474576271185e-06,5.08474576271185e-06,8.474576271186419e-06,6.779661016949135e-06,2.5423728813559257e-05,-0.004663392709243824,-0.0014233195974994806,0.016949152542372836,1.0,0.5084745762711864,12.976265472321108,0.995343973507787
2026-05-07,2026-05-08,open,2026-05-11,2026-05-22,0,1,EXECUTED_ON_TIME,open,60,60,0,0.011872666131599716,-0.010731620393589214,0.02260428652518893,2.5000000000000008e-05,2.5000000000000008e-05,4.1666666666666686e-05,3.333333333333335e-05,0.00012500000000000006,0.011747666131599716,0.0028539659719375495,0.08333333333333337,1.0,0.5416666666666667,13.12870630672494,0.9846623198230547
2026-05-08,2026-05-11,open,2026-05-12,2026-05-25,0,1,EXECUTED_ON_TIME,open,60,60,0,0.01434206015496367,-0.005932344106148291,0.02027440426111196,1.9999999999999995e-05,1.9999999999999995e-05,3.333333333333333e-05,2.6666666666666663e-05,9.999999999999999e-05,0.014242060154963671,0.006065256222744399,0.06666666666666665,1.0,0.5333333333333333,13.315686131702169,0.9788209641135062
2026-05-11,2026-05-12,open,2026-05-13,2026-05-26,1,2,EXECUTED_ON_TIME,open,60,60,0,-0.009999889953735555,-0.013072057341987575,0.0030721673882520197,1.5000000000000012e-05,1.5000000000000012e-05,2.500000000000002e-05,2.000000000000002e-05,7.500000000000006e-05,-0.010074889953735556,-0.0010113912033886743,0.050000000000000044,1.0,0.525,13.181532059266788,0.9660257603430749
2026-05-12,2026-05-13,open,2026-05-14,2026-05-27,1,2,EXECUTED_ON_TIME,open,60,60,0,0.019171564234900892,0.004374494986710831,0.014797069248190062,1.9999999999999995e-05,1.9999999999999995e-05,3.333333333333333e-05,2.6666666666666663e-05,9.999999999999999e-05,0.019071564234900893,-0.006286357139586855,0.06666666666666665,1.0,0.5333333333333333,13.4329244946495,0.9702516351887291
2026-05-13,2026-05-14,open,2026-05-15,2026-05-28,1,1,EXECUTED_ON_TIME,open,60,60,0,-0.02038008099998916,-0.027522848190632554,0.007142767190643395,1.9999999999999995e-05,1.9999999999999995e-05,3.333333333333333e-05,2.6666666666666663e-05,9.999999999999999e-05,-0.02048008099998916,0.007928112849975293,0.06666666666666665,1.0,0.5333333333333333,13.157817112932339,0.9435475467267167
2026-05-14,2026-05-15,open,2026-05-18,2026-05-29,1,1,EXECUTED_ON_TIME,open,60,60,0,-0.008388779150908595,0.005271171112109174,-0.01365995026301777,9.999999999999997e-06,9.999999999999997e-06,1.6666666666666664e-05,1.3333333333333332e-05,4.9999999999999996e-05,-0.008438779150908595,0.01187640556591525,0.033333333333333326,1.0,0.5166666666666666,13.046781200208256,0.948521147297924
2026-05-15,2026-05-18,open,2026-05-19,2026-06-01,0,1,EXECUTED_ON_TIME,open,60,60,0,-0.004459312898102563,0.012730316734035352,-0.017189629632137916,9.999999999999997e-06,9.999999999999997e-06,1.6666666666666664e-05,1.3333333333333332e-05,4.9999999999999996e-05,-0.0045093128981025625,-0.0035313597774235166,0.033333333333333326,1.0,0.5166666666666666,12.987949181463435,0.9605961219319572
2026-05-18,2026-05-19,open,2026-05-20,2026-06-02,0,1,EXECUTED_ON_TIME,open,60,60,0,0.000838681372640158,0.00869673491114309,-0.007858053538502932,1.5000000000000012e-05,1.5000000000000012e-05,2.500000000000002e-05,2.000000000000002e-05,7.500000000000006e-05,0.0007636813726401579,-0.0012545170097783887,0.050000000000000044,1.0,0.525,12.997867836322115,0.9689501717610716
2026-05-19,2026-05-20,open,2026-05-21,2026-06-03,0,1,EXECUTED_ON_TIME,open,60,60,0,0.0051599520931744965,0.018993654356984635,-0.013833702263810138,1.5000000000000012e-05,1.5000000000000012e-05,2.500000000000002e-05,2.000000000000002e-05,7.500000000000006e-05,0.005084952093174496,-0.007485814331590058,0.050000000000000044,1.0,0.525,13.063961371583225,0.9873540764126423
2026-05-20,2026-05-21,open,2026-05-22,2026-06-04,0,1,EXECUTED_ON_TIME,open,60,60,0,-0.012043988522136674,0.002266978754007054,-0.014310967276143729,1.9999999999999995e-05,1.9999999999999995e-05,3.333333333333333e-05,2.6666666666666663e-05,9.999999999999999e-05,-0.012143988522136674,0.006550189505096357,0.06666666666666665,1.0,0.5333333333333333,12.905312774633082,0.989592387126552
2026-05-21,2026-05-22,open,2026-05-25,2026-06-05,0,1,EXECUTED_ON_TIME,open,60,60,0,0.00775799178271299,0.014136377936285083,-0.006378386153572093,1.9999999999999995e-05,1.9999999999999995e-05,3.333333333333333e-05,2.6666666666666663e-05,9.999999999999999e-05,0.007657991782712989,-0.0021141076803632046,0.06666666666666665,1.0,0.5333333333333333,13.004141553814565,1.0035816391138435
2026-05-22,2026-05-25,open,2026-05-26,2026-06-08,0,1,EXECUTED_ON_TIME,open,60,60,0,-0.000364959679158113,-0.03476630121177149,0.03440134153261338,1.9999999999999995e-05,1.9999999999999995e-05,3.333333333333333e-05,2.6666666666666663e-05,9.999999999999999e-05,-0.00046495967915811297,-0.008960587537405041,0.06666666666666665,1.0,0.5333333333333333,12.998095152329975,0.9686908175578083
2026-05-25,2026-05-26,open,2026-05-27,2026-06-09,0,1,EXECUTED_ON_TIME,open,60,60,0,0.0016584090269093688,-0.03197149454655657,0.03362990357346594,1.9999999999999995e-05,1.9999999999999995e-05,3.333333333333333e-05,2.6666666666666663e-05,9.999999999999999e-05,0.0015584090269093688,6.253311577164035e-05,0.06666666666666665,1.0,0.5333333333333333,13.018351501147993,0.9377203243669594
2026-05-26,2026-05-27,open,2026-05-28,2026-06-10,0,1,EXECUTED_ON_TIME,open,60,60,0,-0.013369118623777437,-0.03801499510721129,0.024645876483433853,9.999999999999997e-06,9.999999999999997e-06,1.6666666666666664e-05,1.3333333333333332e-05,4.9999999999999996e-05,-0.013419118623777437,5.376135064343035e-05,0.033333333333333326,1.0,0.5166666666666666,12.843656698068058,0.9020728908242168
2026-05-27,2026-05-28,open,2026-05-29,2026-06-11,0,1,EXECUTED_ON_TIME,open,60,60,0,-0.0029950134134990297,-0.0325598975388125,0.029564884125313468,1.9999999999999995e-05,1.9999999999999995e-05,3.333333333333333e-05,2.6666666666666663e-05,9.999999999999999e-05,-0.0030950134134990295,-0.020618783916983338,0.06666666666666665,1.0,0.5333333333333333,12.803905408309161,0.8727014899264399
2026-05-28,2026-05-29,open,2026-06-01,2026-06-12,0,1,EXECUTED_ON_TIME,open,60,60,0,-0.014894285962637997,-0.030961342473699194,0.016067056511061197,1.9999999999999995e-05,1.9999999999999995e-05,3.333333333333333e-05,2.6666666666666663e-05,9.999999999999999e-05,-0.014994285962637997,0.004941052190685295,0.06666666666666665,1.0,0.5333333333333333,12.611919989178407,0.8456814802195198
2026-05-29,2026-06-01,open,2026-06-02,2026-06-15,0,1,EXECUTED_ON_TIME,open,60,60,0,-0.0007517775043890636,-0.014007644505386718,0.013255867000997654,1.9999999999999995e-05,1.9999999999999995e-05,3.333333333333333e-05,2.6666666666666663e-05,9.999999999999999e-05,-0.0008517775043890637,0.007648430066074826,0.06666666666666665,1.0,0.5333333333333333,12.60117743944447,0.8338354746798156
2026-06-01,2026-06-02,open,2026-06-03,2026-06-16,0,1,EXECUTED_ON_TIME,open,60,60,0,-0.004924002948850899,0.007049935275640129,-0.011973938224491028,9.999999999999997e-06,9.999999999999997e-06,1.6666666666666664e-05,1.3333333333333332e-05,4.9999999999999996e-05,-0.004974002948850899,-0.007136854944495447,0.033333333333333326,1.0,0.5166666666666666,12.53849914570168,0.8397139608068409
2026-06-02,2026-06-03,open,2026-06-04,2026-06-17,0,1,EXECUTED_ON_TIME,open,60,60,0,-0.01028861510819359,-0.012525844052794555,0.0022372289446009642,1.9999999999999995e-05,1.9999999999999995e-05,3.333333333333333e-05,2.6666666666666663e-05,9.999999999999999e-05,-0.01038861510819359,-0.008005069402266201,0.06666666666666665,1.0,0.5333333333333333,12.408241504042572,0.8291958346848199
2026-06-03,2026-06-04,open,2026-06-05,2026-06-18,0,1,EXECUTED_ON_TIME,open,60,60,0,-0.002607113630558072,0.003824135506060866,-0.006431249136618938,1.9999999999999995e-05,1.9999999999999995e-05,3.333333333333333e-05,2.6666666666666663e-05,9.999999999999999e-05,-0.002707113630558072,-0.009512067673551547,0.06666666666666665,1.0,0.5333333333333333,12.374650984335721,0.8323667919177159
2026-06-04,2026-06-05,open,2026-06-08,2026-06-22,0,1,EXECUTED_ON_TIME,open,60,60,0,-0.03207403087668039,0.012764773228373771,-0.04483880410505416,1.9999999999999995e-05,1.9999999999999995e-05,3.333333333333333e-05,2.6666666666666663e-05,9.999999999999999e-05,-0.032174030876680394,0.0110783026166782,0.06666666666666665,1.0,0.5333333333333333,11.97650858147756,0.8429917652593745
2026-06-05,2026-06-08,open,2026-06-09,2026-06-23,0,1,EXECUTED_ON_TIME,open,60,60,0,-0.0013207370999679371,0.07318656746403351,-0.07450730456400145,9.999999999999997e-06,9.999999999999997e-06,1.6666666666666664e-05,1.3333333333333332e-05,4.9999999999999996e-05,-0.001370737099967937,-0.013417205099107748,0.033333333333333326,1.0,0.5166666666666666,11.960091936836845,0.9046874389591544
2026-06-08,2026-06-09,open,2026-06-10,2026-06-24,0,1,EXECUTED_ON_TIME,open,60,60,0,0.0002959560725109778,0.03308414063937848,-0.0327881845668675,9.999999999999997e-06,9.999999999999997e-06,1.6666666666666664e-05,1.3333333333333332e-05,4.9999999999999996e-05,0.0002459560725109778,-0.0015362418967499107,0.033333333333333326,1.0,0.5166666666666666,11.9630335940765,0.9346182454243581
2026-06-09,2026-06-10,open,2026-06-11,2026-06-25,0,1,EXECUTED_ON_TIME,open,60,60,0,-0.0023759267055319406,0.041627438006444306,-0.044003364711976245,1.5000000000000012e-05,1.5000000000000012e-05,2.500000000000002e-05,2.000000000000002e-05,7.500000000000006e-05,-0.0024509267055319406,0.002911688731872024,0.050000000000000044,1.0,0.525,11.933713075561602,0.9735240084954523
2026-06-10,2026-06-11,open,2026-06-12,2026-06-26,0,1,EXECUTED_ON_TIME,open,60,60,0,0.008417324926613616,0.05322392555546718,-0.04480660062885356,1.9999999999999995e-05,1.9999999999999995e-05,3.333333333333333e-05,2.6666666666666663e-05,9.999999999999999e-05,0.008317324926613617,-0.01729663972326623,0.06666666666666665,1.0,0.5333333333333333,12.032969644792024,1.0253387778500742
2026-06-11,2026-06-12,open,2026-06-15,2026-06-29,0,1,EXECUTED_ON_TIME,open,60,60,0,0.016586369072580653,0.017013401217228274,-0.00042703214464762107,1.5000000000000012e-05,1.5000000000000012e-05,2.500000000000002e-05,2.000000000000002e-05,7.500000000000006e-05,0.016511369072580655,0.011813399335893187,0.050000000000000044,1.0,0.525,12.231650447636344,1.04278327786122
2026-06-12,2026-06-15,open,2026-06-16,2026-06-30,0,1,EXECUTED_ON_TIME,open,60,59,1,0.0026150198555976484,0.01764317687344885,-0.015028157017851203,1.5254237288135584e-05,1.5254237288135584e-05,2.542372881355931e-05,2.033898305084745e-05,7.627118644067793e-05,0.0025387486691569707,-0.014197235819514372,0.05084745762711862,1.0,0.5254237288135593,12.262703533931875,1.0611812876732003
2026-06-15,2026-06-16,open,2026-06-17,2026-07-01,0,1,EXECUTED_ON_TIME,open,60,60,0,-0.01003626980148131,0.015896817878439995,-0.025933087679921307,1.9999999999999995e-05,1.9999999999999995e-05,3.333333333333333e-05,2.6666666666666663e-05,9.999999999999999e-05,-0.01013626980148131,-0.0019232978746346295,0.06666666666666665,1.0,0.5333333333333333,12.138405462416364,1.0780506933393497
2026-06-16,2026-06-17,open,2026-06-18,2026-07-02,0,1,EXECUTED_ON_TIME,open,60,60,0,0.0028282057898287452,0.0011255836521630869,0.0017026221376656584,9.999999999999997e-06,9.999999999999997e-06,1.6666666666666664e-05,1.3333333333333332e-05,4.9999999999999996e-05,0.002778205789828745,-0.014160011715375388,0.033333333333333326,1.0,0.5166666666666666,12.172128450751337,1.0792641295759755
2026-06-17,2026-06-18,open,2026-06-22,2026-07-03,0,1,EXECUTED_ON_TIME,open,60,60,0,-0.008140765140909455,-0.02167291423754547,0.013532149096636015,1.5000000000000012e-05,1.5000000000000012e-05,2.500000000000002e-05,2.000000000000002e-05,7.500000000000006e-05,-0.008215765140909456,-0.013578224113226553,0.050000000000000044,1.0,0.525,12.072125102134981,1.0558733306560162
2026-06-18,2026-06-22,open,2026-06-23,2026-07-06,0,1,EXECUTED_ON_TIME,open,60,60,0,0.0240727264322897,-0.016326197441035473,0.04039892387332517,5.000000000000015e-06,5.000000000000015e-06,8.333333333333359e-06,6.666666666666688e-06,2.500000000000008e-05,0.0240477264322897,-0.0012102232385514979,0.01666666666666672,1.0,0.5083333333333333,12.362432264047502,1.0386349341870023
2026-06-22,2026-06-23,open,2026-06-24,2026-07-07,0,1,EXECUTED_ON_TIME,open,60,59,1,-0.022606360400888228,-0.04638545839502406,0.02377909799413583,5.08474576271185e-06,5.08474576271185e-06,8.474576271186419e-06,6.779661016949135e-06,2.5423728813559257e-05,-0.022631784129701786,0.005643615172031671,0.016949152542372836,1.0,0.5084745762711864,12.082648365729519,0.9904573766596525
2026-06-23,2026-06-24,open,2026-06-25,2026-07-08,0,1,EXECUTED_ON_TIME,open,60,60,0,-0.0053070263859318935,-0.01956989493068295,0.014262868544751058,1.9999999999999995e-05,1.9999999999999995e-05,3.333333333333333e-05,2.6666666666666663e-05,9.999999999999999e-05,-0.005407026385931894,-0.01540982514224874,0.06666666666666665,1.0,0.5333333333333333,12.017317167204082,0.9710742298651033
2026-06-24,2026-06-25,open,2026-06-26,2026-07-09,0,1,EXECUTED_ON_TIME,open,60,60,0,0.0007826651899953907,-0.03566428834724478,0.036446953537240166,1.5000000000000012e-05,1.5000000000000012e-05,2.500000000000002e-05,2.000000000000002e-05,7.500000000000006e-05,0.0007076651899953906,-0.0015498015292846855,0.050000000000000044,1.0,0.525,12.025821404240446,0.9364415585246155
2026-06-25,2026-06-26,open,2026-06-29,2026-07-10,0,1,EXECUTED_ON_TIME,open,60,60,0,-0.031324615937555346,-0.018926598184400234,-0.012398017753155112,9.999999999999997e-06,9.999999999999997e-06,1.6666666666666664e-05,1.3333333333333332e-05,4.9999999999999996e-05,-0.03137461593755535,-0.015833552196923648,0.033333333333333326,1.0,0.5166666666666666,11.64851587634877,0.9187179054232466
2026-06-26,2026-06-29,open,2026-06-30,2026-07-13,0,1,EXECUTED_ON_TIME,open,60,60,0,0.010570738849355324,-0.024785025533066496,0.03535576438242182,9.999999999999997e-06,9.999999999999997e-06,1.6666666666666664e-05,1.3333333333333332e-05,4.9999999999999996e-05,0.010520738849355324,0.006185036919118096,0.033333333333333326,1.0,0.5166666666666666,11.771066869866404,0.8959474586796461
2026-06-29,2026-06-30,open,2026-07-01,2026-07-13,0,1,EXECUTED_ON_TIME,open,59,59,0,0.011890836030353893,-0.03439927577473412,0.04629011180508801,1.5254237288135584e-05,1.5254237288135584e-05,2.542372881355931e-05,2.033898305084745e-05,7.627118644067793e-05,0.011814564843913215,0.002465016556702785,0.05084745762711862,1.0,0.5254237288135593,11.91013690268248,0.8651275149688528
2026-06-30,2026-07-01,open,2026-07-02,2026-07-13,0,1,EXECUTED_ON_TIME,open,59,58,1,0.003262957751390541,-0.04570039728983821,0.04896335504122876,1.0344827586206883e-05,1.0344827586206883e-05,1.7241379310344808e-05,1.3793103448275846e-05,5.172413793103443e-05,0.0032112336134595063,0.015137195245246213,0.03448275862068961,1.0,0.5172413793103448,11.948383134645278,0.8255908438284058
2026-07-01,2026-07-02,open,2026-07-03,2026-07-13,0,1,EXECUTED_ON_TIME,open,59,59,0,0.0012672668108711794,-0.024610234665955244,0.025877501476826423,1.0169491525423734e-05,1.0169491525423734e-05,1.694915254237289e-05,1.3559322033898314e-05,5.084745762711868e-05,0.0012164193532440608,0.005614429638671277,0.03389830508474578,1.0,0.5169491525423728,11.962917379130234,0.8052728594237247
2026-07-02,2026-07-03,open,2026-07-06,2026-07-13,0,1,EXECUTED_ON_TIME,open,59,58,1,0.0072930381479031576,-0.013319682569847613,0.02061272071775077,2.06896551724138e-05,2.06896551724138e-05,3.448275862068967e-05,2.7586206896551737e-05,0.00010344827586206902,0.007189589872041088,0.0027978511448788317,0.06896551724137934,1.0,0.5344827586206897,12.048925848759293,0.7945468805540872
2026-07-03,2026-07-06,open,2026-07-07,2026-07-13,0,1,EXECUTED_ON_TIME,open,59,59,0,-0.002897527075830921,-0.02528559885074433,0.022388071774913407,1.0169491525423734e-05,1.0169491525423734e-05,1.694915254237289e-05,1.3559322033898314e-05,5.084745762711868e-05,-0.0029483745334580396,0.011413261429755225,0.03389830508474578,1.0,0.5169491525423728,12.013401102631287,0.7744562868642862
2026-07-06,2026-07-07,open,2026-07-08,2026-07-13,0,1,EXECUTED_ON_TIME,open,59,59,0,-0.012285709422050737,-0.014215794316050467,0.0019300848939997305,1.0169491525423734e-05,1.0169491525423734e-05,1.694915254237289e-05,1.3559322033898314e-05,5.084745762711868e-05,-0.012336556879677855,-0.0038423668356371565,0.03389830508474578,1.0,0.5169491525423728,11.865197096610292,0.7634467755834514
2026-07-07,2026-07-08,open,2026-07-09,2026-07-13,0,1,EXECUTED_ON_TIME,open,59,59,0,-0.007887712028645265,-0.012289769307172294,0.004402057278527029,5.08474576271185e-06,5.08474576271185e-06,8.474576271186419e-06,6.779661016949135e-06,2.5423728813559257e-05,-0.007913135757458825,0.009903557977340573,0.016949152542372836,1.0,0.5084745762711864,11.771306181195808,0.7540641908332263
2026-07-08,2026-07-09,open,2026-07-10,2026-07-13,0,1,EXECUTED_ON_TIME,open,59,59,0,0.007997389949751924,-0.00606651890645149,0.014063908856203414,1.0169491525423734e-05,1.0169491525423734e-05,1.694915254237289e-05,1.3559322033898314e-05,5.084745762711868e-05,0.007946542492124805,-0.007117640483607541,0.03389830508474578,1.0,0.5169491525423728,11.86484736595249,0.7494896461628585
2026-07-09,2026-07-10,open,2026-07-13,2026-07-13,0,1,EXECUTED_ON_TIME,open,59,59,0,0.002686448258262413,-0.02907354544293894,0.031759993701201354,1.0169491525423734e-05,1.0169491525423734e-05,1.694915254237289e-05,1.3559322033898314e-05,5.084745762711868e-05,0.0026356008006352943,0.034041828395985615,0.03389830508474578,1.0,0.5169491525423728,11.89611836716961,0.7276993248761304
2026-07-10,2026-07-13,open,2026-07-14,2026-07-14,0,1,EXECUTED_ON_TIME,open,59,59,0,-0.01940946517577479,-0.011445940290443102,-0.00796352488533169,1.0169491525423734e-05,1.0169491525423734e-05,1.694915254237289e-05,1.3559322033898314e-05,5.084745762711868e-05,-0.01946031263340191,0.0038768331504982316,0.03389830508474578,1.0,0.5169491525423728,11.664616184620535,0.7193701218542025
2026-07-13,2026-07-14,open,2026-07-15,2026-07-15,0,1,EXECUTED_ON_TIME,open,60,60,0,0.009620443369310127,0.022770885088897685,-0.013150441719587559,1.9999999999999995e-05,1.9999999999999995e-05,3.333333333333333e-05,2.6666666666666663e-05,9.999999999999999e-05,0.009520443369310128,-0.015402096429872732,0.06666666666666665,1.0,0.5333333333333333,11.775668502430953,0.7357508162353308
2026-07-14,2026-07-15,open,2026-07-16,2026-07-16,0,1,EXECUTED_ON_TIME,open,60,60,0,0.0022792878948725724,-0.01801000970624289,0.020289297601115464,9.999999999999997e-06,9.999999999999997e-06,1.6666666666666664e-05,1.3333333333333332e-05,4.9999999999999996e-05,0.0022292878948725722,0.03045536759474469,0.033333333333333326,1.0,0.5166666666666666,11.801919857677456,0.7224999368935563
2026-07-15,2026-07-16,open,2026-07-17,2026-07-17,0,1,EXECUTED_ON_TIME,open,60,60,0,0.0011003757985363406,-0.01059315738490152,0.01169353318343786,5.000000000000015e-06,5.000000000000015e-06,8.333333333333359e-06,6.666666666666688e-06,2.500000000000008e-05,0.0010753757985363405,0.0109381426367867,0.01666666666666672,1.0,0.5083333333333333,11.814611356668669,0.7148463813514614
2026-07-16,2026-07-17,open,2026-07-20,2026-07-20,0,1,EXECUTED_ON_TIME,open,60,60,0,-0.02367197590813965,-0.018438002909716866,-0.005233972998422785,5.000000000000015e-06,5.000000000000015e-06,8.333333333333359e-06,6.666666666666688e-06,2.500000000000008e-05,-0.023696975908139652,0.0014523804785988755,0.01666666666666672,1.0,0.5083333333333333,11.534640795985657,0.7016660416921026
2026-07-17,2026-07-20,open,2026-07-21,2026-07-21,0,1,EXECUTED_ON_TIME,open,60,60,0,0.019077713394906937,0.0120598705632462,0.007017842831660737,1.5000000000000012e-05,1.5000000000000012e-05,2.500000000000002e-05,2.000000000000002e-05,7.500000000000006e-05,0.019002713394906938,0.03028697148019561,0.050000000000000044,1.0,0.525,11.753830269144974,0.7101280433335346
2026-07-20,2026-07-21,open,2026-07-22,2026-07-22,0,1,EXECUTED_ON_TIME,open,60,60,0,0.011528021787077979,0.01723375801391236,-0.005705736226834381,2.5000000000000008e-05,2.5000000000000008e-05,4.1666666666666686e-05,3.333333333333335e-05,0.00012500000000000006,0.011403021787077978,-0.016778216822142002,0.08333333333333337,1.0,0.5416666666666667,11.88785945178565,0.7223662181912378
2026-07-21,2026-07-22,open,2026-07-23,2026-07-23,0,1,EXECUTED_ON_TIME,open,60,60,0,0.013550589625321694,0.005203304844756396,0.008347284780565298,9.999999999999997e-06,9.999999999999997e-06,1.6666666666666664e-05,1.3333333333333332e-05,4.9999999999999996e-05,0.013500589625321694,0.003847690343601275,0.033333333333333326,1.0,0.5166666666666666,12.04835256376771,0.7261249098340407
2026-07-22,2026-07-23,open,2026-07-24,2026-07-24,0,1,EXECUTED_ON_TIME,open,60,60,0,-0.001976017561785267,-0.010509229761712868,0.0085332121999276,1.9999999999999995e-05,1.9999999999999995e-05,3.333333333333333e-05,2.6666666666666663e-05,9.999999999999999e-05,-0.0020760175617852666,0.011809770410203198,0.06666666666666665,1.0,0.5333333333333333,12.023339972254748,0.7184938963208917
2026-07-23,2026-07-24,open,2026-07-27,2026-07-27,0,1,EXECUTED_ON_TIME,open,60,60,0,-0.01983845253459037,-0.0062707452584706,-0.013567707276119771,9.999999999999997e-06,9.999999999999997e-06,1.6666666666666664e-05,1.3333333333333332e-05,4.9999999999999996e-05,-0.019888452534590373,-0.010608215376393693,0.033333333333333326,1.0,0.5166666666666666,11.784214345909316,0.7139884041272974
2026-07-24,2026-07-27,open,2026-07-28,2026-07-28,0,1,EXECUTED_ON_TIME,open,60,60,0,0.0014254044657538692,-0.00692178116664699,0.008347185632400859,2.999999999999999e-05,2.999999999999999e-05,4.999999999999999e-05,3.999999999999999e-05,0.00014999999999999996,0.0012754044657538692,0.006621613619592692,0.09999999999999998,1.0,0.55,11.79924398551149,0.7090463326384047
2026-07-27,2026-07-28,open,2026-07-29,2026-07-29,0,1,EXECUTED_ON_TIME,open,60,60,0,-0.0037823010970621926,-0.009019423205896215,0.005237122108834023,1.9999999999999995e-05,1.9999999999999995e-05,3.333333333333333e-05,2.6666666666666663e-05,9.999999999999999e-05,-0.0038823010970621924,0.005135779970652488,0.06666666666666665,1.0,0.5333333333333333,11.753435767642033,0.7026511436917502
2026-07-28,2026-07-29,open,2026-07-30,2026-07-30,0,1,EXECUTED_ON_TIME,open,60,60,0,0.0016186496438007605,-0.0035023280835514425,0.005120977727352203,2.999999999999999e-05,2.999999999999999e-05,4.999999999999999e-05,3.999999999999999e-05,0.00014999999999999996,0.0014686496438007606,0.006457673946461924,0.09999999999999998,1.0,0.55,11.770697446895616,0.700190228858259
2026-07-29,2026-07-30,open,2026-07-31,2026-07-31,0,1,EXECUTED_ON_TIME,open,60,60,0,0.012348408035701515,0.012660185057228102,-0.000311777021526587,9.999999999999997e-06,9.999999999999997e-06,1.6666666666666664e-05,1.3333333333333332e-05,4.9999999999999996e-05,0.012298408035701515,0.005562237250198821,0.033333333333333326,1.0,0.5166666666666666,11.915458286962329,0.7090547667308674
2026-07-30,2026-07-31,open,2026-08-03,2026-08-03,0,1,EXECUTED_ON_TIME,open,60,59,1,-0.006141037566063327,-0.013416729853494513,0.007275692287431187,5.08474576271185e-06,5.08474576271185e-06,8.474576271186419e-06,6.779661016949135e-06,2.5423728813559257e-05,-0.006166461294876886,-0.002139859860488428,0.016949152542372836,1.0,0.5084745762711864,11.841982074625056,0.6995415704743068
2026-07-31,2026-08-03,open,2026-08-04,2026-08-04,0,1,EXECUTED_ON_TIME,open,60,60,0,0.009211055327115674,0.0011236750619325608,0.008087380265183113,1.9999999999999995e-05,1.9999999999999995e-05,3.333333333333333e-05,2.6666666666666663e-05,9.999999999999999e-05,0.009111055327115675,0.01490979815944406,0.06666666666666665,1.0,0.5333333333333333,11.949875028489677,0.7003276278918339
2026-08-03,2026-08-04,open,2026-08-05,2026-08-05,0,1,EXECUTED_ON_TIME,open,60,60,0,0.0035779984322555415,-0.0036685371374243214,0.0072465355696798624,9.999999999999997e-06,9.999999999999997e-06,1.6666666666666664e-05,1.3333333333333332e-05,4.9999999999999996e-05,0.0035279984322555413,0.008366030350051085,0.033333333333333326,1.0,0.5166666666666666,11.992034168855838,0.6977584499805484
2026-08-04,2026-08-05,open,2026-08-06,2026-08-06,0,1,EXECUTED_ON_TIME,open,60,60,0,0.021051778743282432,0.01573868689850011,0.005313091844782323,1.5000000000000012e-05,1.5000000000000012e-05,2.500000000000002e-05,2.000000000000002e-05,7.500000000000006e-05,0.020976778743282434,0.00932211600085504,0.050000000000000044,1.0,0.525,12.24358841629781,0.708740251755575
2026-08-05,2026-08-06,open,2026-08-07,2026-08-07,0,1,EXECUTED_ON_TIME,open,60,60,0,0.012836687923995175,0.007420264342725247,0.005416423581269928,1.5000000000000012e-05,1.5000000000000012e-05,2.500000000000002e-05,2.000000000000002e-05,7.500000000000006e-05,0.012761687923995175,0.006559162794208445,0.050000000000000044,1.0,0.525,12.399837270736445,0.713999291773931
2026-08-06,2026-08-07,open,2026-08-10,2026-08-10,0,1,EXECUTED_ON_TIME,open,60,60,0,0.019261368135972085,0.009174635069966186,0.0100867330660059,1.5000000000000012e-05,1.5000000000000012e-05,2.500000000000002e-05,2.000000000000002e-05,7.500000000000006e-05,0.019186368135972087,0.011530190638733145,0.050000000000000044,1.0,0.525,12.63774511343894,0.7205499747161711
2026-08-07,2026-08-10,open,2026-08-11,2026-08-11,0,1,EXECUTED_ON_TIME,open,60,60,0,-0.009150347273278233,-0.001993480910935874,-0.007156866362342359,9.999999999999997e-06,9.999999999999997e-06,1.6666666666666664e-05,1.3333333333333332e-05,4.9999999999999996e-05,-0.009200347273278233,-0.019848919903219495,0.033333333333333326,1.0,0.5166666666666666,12.521473469644128,0.7191135720961991
2026-08-10,2026-08-11,open,2026-08-12,2026-08-12,0,1,EXECUTED_ON_TIME,open,60,60,0,0.0022928013332934333,-0.006180470242879155,0.008473271576172588,0.0,0.0,0.0,0.0,0.0,0.0022928013332934333,0.010390960106711256,0.0,1.0,0.5,12.550182720710128,0.714669112062608
2026-08-11,2026-08-12,open,2026-08-13,2026-08-13,0,1,EXECUTED_ON_TIME,open,60,60,0,0.016473838228857982,0.012125182331552242,0.00434865589730574,5.000000000000015e-06,5.000000000000015e-06,8.333333333333359e-06,6.666666666666688e-06,2.500000000000008e-05,0.01644883822885798,0.013855451287763632,0.01666666666666672,1.0,0.5083333333333333,12.756618646025697,0.7233346053530957
2026-08-12,2026-08-13,open,2026-08-14,2026-08-14,0,1,EXECUTED_ON_TIME,open,60,60,0,-0.014686872608191369,-0.009328012126415763,-0.0053588604817756055,9.999999999999997e-06,9.999999999999997e-06,1.6666666666666664e-05,1.3333333333333332e-05,4.9999999999999996e-05,-0.014736872608191369,-0.009887979640778737,0.033333333333333326,1.0,0.5166666666666666,12.568625982127937,0.7165873313829059
2026-08-13,2026-08-14,open,2026-08-17,2026-08-17,0,1,EXECUTED_ON_TIME,open,60,60,0,0.0037056177498269688,-0.00014958350943472531,0.003855201259261694,0.0,0.0,0.0,0.0,0.0,0.0037056177498269688,0.002771247584791847,0.0,1.0,0.5,12.615200505658246,0.7164801417350611
2026-08-14,2026-08-17,open,2026-08-18,2026-08-18,0,1,EXECUTED_ON_TIME,open,60,60,0,0.018468653381073116,0.013226316253577508,0.0052423371274956075,9.999999999999997e-06,9.999999999999997e-06,1.6666666666666664e-05,1.3333333333333332e-05,4.9999999999999996e-05,0.018418653381073114,0.012730063822085119,0.033333333333333326,1.0,0.5166666666666666,12.847555511104703,0.7259565346790571
2026-08-17,2026-08-18,open,2026-08-19,2026-08-19,0,1,EXECUTED_ON_TIME,open,60,60,0,-0.020828803855029446,-0.01563516236441642,-0.005193641490613025,9.999999999999997e-06,9.999999999999997e-06,1.6666666666666664e-05,1.3333333333333332e-05,4.9999999999999996e-05,-0.020878803855029448,-0.012393789051925556,0.033333333333333326,1.0,0.5166666666666666,12.579313919571746,0.7146060863898409
2026-08-18,2026-08-19,open,2026-08-20,2026-08-20,0,1,EXECUTED_ON_TIME,open,60,60,0,-0.01724424472949514,-0.010033572565130822,-0.007210672164364319,1.9999999999999995e-05,1.9999999999999995e-05,3.333333333333333e-05,2.6666666666666663e-05,9.999999999999999e-05,-0.01734424472949514,-0.0105011824301763,0.06666666666666665,1.0,0.5333333333333333,12.361135220421549,0.7074360343665643
2026-08-19,2026-08-20,open,2026-08-21,2026-08-21,0,1,EXECUTED_ON_TIME,open,60,60,0,-0.014393622700563944,-0.006039713887981968,-0.008353908812581976,9.999999999999997e-06,9.999999999999997e-06,1.6666666666666664e-05,1.3333333333333332e-05,4.9999999999999996e-05,-0.014443622700563943,-0.009959137547198644,0.033333333333333326,1.0,0.5166666666666666,12.182595647147126,0.7031633231249417
2026-08-20,2026-08-21,open,2026-08-24,2026-08-24,0,1,EXECUTED_ON_TIME,open,60,60,0,0.016151526643399212,0.0077449576757711025,0.00840656896762811,9.999999999999997e-06,9.999999999999997e-06,1.6666666666666664e-05,1.3333333333333332e-05,4.9999999999999996e-05,0.01610152664339921,0.01593731283396946,0.033333333333333326,1.0,0.5166666666666666,12.378754035545425,0.7086092933016989
