signal_date,entry_date,entry_price_type,earliest_exit_date,actual_exit_date,exit_delay_days,exit_attempt_count,exit_status,exit_price_type,requested_long_count,executed_long_count,rejected_long_count,long_gross_return,benchmark_return,long_excess_return,entry_commission,exit_commission,stamp_duty,slippage,total_cost,long_net_return,factor_diagnostic_spread,long_turnover,short_turnover,gross_turnover,long_equity_curve,bench_equity_curve
2021-09-29,2021-09-30,open,2021-10-08,2021-10-08,0,1,EXECUTED_ON_TIME,open,56,46,10,0.022841131019858976,0.014818062850733504,0.008023068169125472,0.0003,0.0003,0.0005,0.0004,0.0015,0.021341131019858975,0.0020707146940029536,1.0,1.0,1.0,1.021341131019859,1.0148180628507335
2021-09-30,2021-10-08,open,2021-10-11,2021-10-11,0,1,EXECUTED_ON_TIME,open,55,45,10,-0.0034726616165300815,0.005199837013050601,-0.008672498629580683,0.0,0.0,0.0,0.0,0.0,-0.0034726616165300815,-0.01310493588354962,0.0,1.0,0.5,1.017794358876783,1.0200949513754571
2021-10-08,2021-10-11,open,2021-10-12,2021-10-12,0,1,EXECUTED_ON_TIME,open,55,46,9,-0.0054993416529411174,-0.004175426184083175,-0.0013239154688579422,1.3043478260869556e-05,1.3043478260869556e-05,2.1739130434782593e-05,1.7391304347826075e-05,6.521739130434778e-05,-0.005564559044245465,-0.0003412530294655538,0.04347826086956519,1.0,0.5217391304347826,1.0121307820719132,1.015835620205233
2021-10-11,2021-10-12,open,2021-10-13,2021-10-13,0,1,EXECUTED_ON_TIME,open,55,45,10,-0.011146146844946019,-0.008233854808094798,-0.0029122920368512203,1.9999999999999995e-05,1.9999999999999995e-05,3.333333333333333e-05,2.6666666666666663e-05,9.999999999999999e-05,-0.011246146844946018,-0.007424370954096128,0.06666666666666665,1.0,0.5333333333333333,1.0007482106704424,1.0074713771995722
2021-10-12,2021-10-13,open,2021-10-14,2021-10-14,0,1,EXECUTED_ON_TIME,open,55,46,9,0.0025204381093541723,0.011088607221426239,-0.008568169112072067,1.9565217391304333e-05,1.9565217391304333e-05,3.260869565217389e-05,2.6086956521739115e-05,9.782608695652168e-05,0.0024226120223976508,-0.008616425831271986,0.06521739130434778,1.0,0.5326086956521738,1.0031726353170054,1.0186428315881677
2021-10-13,2021-10-14,open,2021-10-15,2021-10-15,0,1,EXECUTED_ON_TIME,open,55,46,9,0.0015308058272642956,-0.007640459821922518,0.009171265649186813,0.0,0.0,0.0,0.0,0.0,0.0015308058272642956,0.011288232335377011,0.0,1.0,0.5,1.0047082978329007,1.010859931960529
2021-10-14,2021-10-15,open,2021-10-18,2021-10-18,0,1,EXECUTED_ON_TIME,open,55,46,9,-5.574540335297256e-05,0.005300866445368424,-0.005356611848721397,0.0,0.0,0.0,0.0,0.0,-5.574540335297256e-05,-0.010205664651810968,0.0,1.0,0.5,1.004652289963586,1.0162183654548258
2021-10-15,2021-10-18,open,2021-10-19,2021-10-19,0,1,EXECUTED_ON_TIME,open,55,45,10,-0.00019329774820623738,-0.010791843354838737,0.0105985456066325,0.0,0.0,0.0,0.0,0.0,-0.00019329774820623738,0.008169973433917187,0.0,1.0,0.5,1.0044580929382056,1.005251496040527
2021-10-18,2021-10-19,open,2021-10-20,2021-10-20,0,1,EXECUTED_ON_TIME,open,55,46,9,-0.0007066172972876594,0.011784225173127494,-0.012490842470415153,6.521739130434778e-06,6.521739130434778e-06,1.0869565217391297e-05,8.695652173913038e-06,3.260869565217389e-05,-0.0007392259929398334,-0.012502242791936482,0.021739130434782594,1.0,0.5108695652173914,1.003715571407087,1.017097606025492
2021-10-19,2021-10-20,open,2021-10-21,2021-10-27,0,1,EXECUTED_ON_TIME,open,55,46,9,0.00022946428839062827,0.004557547100302761,-0.004328082811912133,6.521739130434778e-06,6.521739130434778e-06,1.0869565217391297e-05,8.695652173913038e-06,3.260869565217389e-05,0.0001968555927384544,0.006785107998395079,0.021739130434782594,1.0,0.5108695652173914,1.0039131584308372,1.0217330762705583
2021-10-20,2021-10-21,open,2021-10-22,2021-10-22,0,1,EXECUTED_ON_TIME,open,55,45,10,-0.0031486068319836282,0.004096250909000565,-0.007244857740984193,6.666666666666676e-06,6.666666666666676e-06,1.1111111111111127e-05,8.888888888888902e-06,3.333333333333338e-05,-0.003181940165316962,-0.01081878982166679,0.022222222222222254,1.0,0.5111111111111111,1.0007187668295359,1.0259183513129875
2021-10-21,2021-10-22,open,2021-10-25,2021-10-25,0,1,EXECUTED_ON_TIME,open,55,46,9,-0.005647371249706753,0.0012211061284288505,-0.006868477378135603,6.521739130434778e-06,6.521739130434778e-06,1.0869565217391297e-05,8.695652173913038e-06,3.260869565217389e-05,-0.0056799799453589265,-0.004035625629157256,0.021739130434782594,1.0,0.5108695652173914,0.9950347043029998,1.0271711064990434
2021-10-22,2021-10-25,open,2021-10-26,2021-10-26,0,1,EXECUTED_ON_TIME,open,55,46,9,0.009495492091494428,0.008569700718250362,0.0009257913732440663,0.0,0.0,0.0,0.0,0.0,0.009495492091494428,-0.003760805456099959,0.0,1.0,0.5,1.0044830484684715,1.0359736554681742
2021-10-25,2021-10-26,open,2021-10-27,2021-10-27,0,1,EXECUTED_ON_TIME,open,55,45,10,-0.005819216384698973,-0.006825080399531447,0.0010058640148324742,0.0,0.0,0.0,0.0,0.0,-0.005819216384698973,0.006465937231443968,0.0,1.0,0.5,0.9986377442546714,1.0289030519778075
2021-10-26,2021-10-27,open,2021-10-28,2021-10-28,0,1,EXECUTED_ON_TIME,open,55,46,9,-0.0260060106186919,-0.013464930988212775,-0.012541079630479124,1.3043478260869556e-05,1.3043478260869556e-05,2.1739130434782593e-05,1.7391304347826075e-05,6.521739130434778e-05,-0.02607122800999625,-0.013831129800453515,0.04347826086956519,1.0,0.5217391304347826,0.9726020319248195,1.0150489433893648
2021-10-27,2021-10-28,open,2021-10-29,2021-10-29,0,1,EXECUTED_ON_TIME,open,56,47,9,-0.0026813579703502434,-0.004366333741996686,0.001684975771646443,6.382978723404264e-06,6.382978723404264e-06,1.0638297872340441e-05,8.510638297872353e-06,3.191489361702132e-05,-0.0027132728639672646,0.0031993045259797607,0.021276595744680882,1.0,0.5106382978723405,0.9699630972241585,1.0106169009380657
2021-10-28,2021-10-29,open,2021-11-01,2021-11-01,0,1,EXECUTED_ON_TIME,open,56,46,10,0.017054622631630947,0.0034684373435978078,0.01358618528803314,0.0,0.0,0.0,0.0,0.0,0.017054622631630947,0.01997343408808371,0.0,1.0,0.5,0.9865054518139246,1.0141221623373504
2021-10-29,2021-11-01,open,2021-11-02,2021-11-02,0,1,EXECUTED_ON_TIME,open,56,46,10,0.012942254781002157,0.0016516581770713579,0.0112905966039308,6.521739130434778e-06,6.521739130434778e-06,1.0869565217391297e-05,8.695652173913038e-06,3.260869565217389e-05,0.012909646085349983,0.01203641861908178,0.021739130434782594,1.0,0.5108695652173914,0.9992408880581106,1.0157971454993242
2021-11-01,2021-11-02,open,2021-11-03,2021-11-03,0,1,EXECUTED_ON_TIME,open,56,46,10,-0.006600844555990565,-0.010309883886918003,0.003709039330927438,6.521739130434778e-06,6.521739130434778e-06,1.0869565217391297e-05,8.695652173913038e-06,3.260869565217389e-05,-0.006633453251642739,0.004317526424301848,0.021739130434782594,1.0,0.5108695652173914,0.9926124703400472,1.0053243948765633
2021-11-02,2021-11-03,open,2021-11-04,2021-11-04,0,1,EXECUTED_ON_TIME,open,56,46,10,0.001339621948341165,0.0010922681189435846,0.0002473538293975804,6.521739130434778e-06,6.521739130434778e-06,1.0869565217391297e-05,8.695652173913038e-06,3.260869565217389e-05,0.0013070132526889911,0.0014382407203480329,0.021739130434782594,1.0,0.5108695652173914,0.9939098279935659,1.0064224786622833
2021-11-03,2021-11-04,open,2021-11-05,2021-11-05,0,1,EXECUTED_ON_TIME,open,56,46,10,0.008763686981066117,0.0036787162232643222,0.005084970757801795,6.521739130434778e-06,6.521739130434778e-06,1.0869565217391297e-05,8.695652173913038e-06,3.260869565217389e-05,0.008731078285413942,0.004516967849411174,0.021739130434782594,1.0,0.5108695652173914,1.00258773251042,1.0101248213619962
2021-11-04,2021-11-05,open,2021-11-08,2021-11-08,0,1,EXECUTED_ON_TIME,open,56,46,10,-0.002778657055666868,-0.0036524727819052805,0.0008738157262384123,6.521739130434778e-06,6.521739130434778e-06,1.0869565217391297e-05,8.695652173913038e-06,3.260869565217389e-05,-0.002811265751319042,-0.002077137906954931,0.021739130434782594,1.0,0.5108695652173914,0.9997691919553208,1.0064353679456446
2021-11-05,2021-11-08,open,2021-11-09,2021-11-09,0,1,EXECUTED_ON_TIME,open,56,46,10,0.0035331797343345107,0.0035322163955568975,9.633387776132596e-07,6.521739130434778e-06,6.521739130434778e-06,1.0869565217391297e-05,8.695652173913038e-06,3.260869565217389e-05,0.003500571038682337,-0.000439916493099695,0.021739130434782594,1.0,0.5108695652173914,1.0032689550340466,1.0099903154533705
2021-11-08,2021-11-09,open,2021-11-10,2021-11-10,0,1,EXECUTED_ON_TIME,open,56,45,11,0.005588415276070736,-0.00523892024561079,0.010827335521681525,6.666666666666676e-06,6.666666666666676e-06,1.1111111111111127e-05,8.888888888888902e-06,3.333333333333338e-05,0.005555081942737403,0.012159444727397339,0.022222222222222254,1.0,0.5111111111111111,1.0088421962898653,1.004699056741871
2021-11-09,2021-11-10,open,2021-11-11,2021-11-11,0,1,EXECUTED_ON_TIME,open,56,45,11,-0.005148314692836471,-0.003731790322010098,-0.0014165243708263728,6.666666666666676e-06,6.666666666666676e-06,1.1111111111111127e-05,8.888888888888902e-06,3.333333333333338e-05,-0.005181648026169804,0.0021128583064818005,0.022222222222222254,1.0,0.5111111111111111,1.003614731114743,1.000949730525389
2021-11-10,2021-11-11,open,2021-11-12,2021-11-12,0,1,EXECUTED_ON_TIME,open,56,45,11,0.016389935577797422,0.018310962568066858,-0.0019210269902694352,6.666666666666676e-06,6.666666666666676e-06,1.1111111111111127e-05,8.888888888888902e-06,3.333333333333338e-05,0.01635660224446409,-0.004940732933173729,0.022222222222222254,1.0,0.5111111111111111,1.0200304580782715,1.019278083573556
2021-11-11,2021-11-12,open,2021-11-15,2021-11-15,0,1,EXECUTED_ON_TIME,open,56,45,11,0.008860519443659615,-0.001737124890040187,0.010597644333699802,0.0,0.0,0.0,0.0,0.0,0.008860519443659615,0.012574100948720964,0.0,1.0,0.5,1.029068457785199,1.017507470244708
2021-11-12,2021-11-15,open,2021-11-16,2021-11-16,0,1,EXECUTED_ON_TIME,open,56,45,11,-0.007270248962798358,-0.0027615166030159344,-0.004508732359782424,6.666666666666676e-06,6.666666666666676e-06,1.1111111111111127e-05,8.888888888888902e-06,3.333333333333338e-05,-0.0073035822961316915,-0.0022546538884584176,0.022222222222222254,1.0,0.5111111111111111,1.0215525716154115,1.0146976064719344
2021-11-15,2021-11-16,open,2021-11-17,2021-11-17,0,1,EXECUTED_ON_TIME,open,56,45,11,-0.006779825507110737,0.00048187873701865946,-0.007261704244129396,6.666666666666676e-06,6.666666666666676e-06,1.1111111111111127e-05,8.888888888888902e-06,3.333333333333338e-05,-0.00681315884044407,-0.00821679848556775,0.022222222222222254,1.0,0.5111111111111111,1.0145925716811315,1.015186567672997
2021-11-16,2021-11-17,open,2021-11-18,2021-11-18,0,1,EXECUTED_ON_TIME,open,56,45,11,0.011451773390919226,-0.002421748803255519,0.013873522194174745,6.666666666666676e-06,6.666666666666676e-06,1.1111111111111127e-05,8.888888888888902e-06,3.333333333333338e-05,0.011418440057585893,0.015618174017832168,0.022222222222222254,1.0,0.5111111111111111,1.0261776361437445,1.0127280408176538
2021-11-17,2021-11-18,open,2021-11-19,2021-11-19,0,1,EXECUTED_ON_TIME,open,56,45,11,-0.006586188693816745,-0.008080186853037796,0.0014939981592210511,6.666666666666676e-06,6.666666666666676e-06,1.1111111111111127e-05,8.888888888888902e-06,3.333333333333338e-05,-0.006619522027150078,0.0010222655301176083,0.022222222222222254,1.0,0.5111111111111111,1.0193848306775222,1.0045450090165362
2021-11-18,2021-11-19,open,2021-11-22,2021-11-22,0,1,EXECUTED_ON_TIME,open,56,45,11,0.012137652457595053,0.013105797527348528,-0.0009681450697534757,1.3333333333333318e-05,1.3333333333333318e-05,2.22222222222222e-05,1.777777777777776e-05,6.66666666666666e-05,0.012070985790928386,-0.0014190686956513654,0.0444444444444444,1.0,0.5222222222222221,1.0316898104841186,1.0177103725118155
2021-11-19,2021-11-22,open,2021-11-23,2021-11-23,0,1,EXECUTED_ON_TIME,open,56,45,11,0.017111643077313516,0.002118524619499018,0.014993118457814498,6.666666666666676e-06,6.666666666666676e-06,1.1111111111111127e-05,8.888888888888902e-06,3.333333333333338e-05,0.017078309743980183,0.0161871324324737,0.022222222222222254,1.0,0.5111111111111111,1.0493093286272746,1.0198664169915013
2021-11-22,2021-11-23,open,2021-11-24,2021-11-24,0,1,EXECUTED_ON_TIME,open,56,45,11,0.010537978120860075,0.001685366117658793,0.008852612003201282,6.666666666666676e-06,6.666666666666676e-06,1.1111111111111127e-05,8.888888888888902e-06,3.333333333333338e-05,0.010504644787526742,0.011580361377204546,0.022222222222222254,1.0,0.5111111111111111,1.0603319503967423,1.0215852652952369
2021-11-23,2021-11-24,open,2021-11-25,2021-11-25,0,1,EXECUTED_ON_TIME,open,56,44,12,0.006413990194296676,0.0007283232265511419,0.005685666967745534,6.8181818181818115e-06,6.8181818181818115e-06,1.1363636363636354e-05,9.090909090909083e-06,3.4090909090909065e-05,0.006379899285205767,0.004789618287273648,0.022727272727272707,1.0,0.5113636363636364,1.0670967614491593,1.0223293095718538
2021-11-24,2021-11-25,open,2021-11-26,2021-11-26,0,1,EXECUTED_ON_TIME,open,56,45,11,-0.005153134917577298,-0.006233520944947557,0.0010803860273702589,6.666666666666676e-06,6.666666666666676e-06,1.1111111111111127e-05,8.888888888888902e-06,3.333333333333338e-05,-0.005186468250910631,0.0007513741617660571,0.022222222222222254,1.0,0.5111111111111111,1.0615622979752537,1.015956598408004
2021-11-25,2021-11-26,open,2021-11-29,2021-11-29,0,1,EXECUTED_ON_TIME,open,56,44,12,-0.014950448747862817,-0.013699131892435212,-0.0012513168554276043,0.0,0.0,0.0,0.0,0.0,-0.014950448747862817,-0.0009937783548582928,0.0,1.0,0.5,1.0456914652467113,1.002038874969423
2021-11-26,2021-11-29,open,2021-11-30,2021-11-30,0,1,EXECUTED_ON_TIME,open,56,47,9,0.019152644600606273,0.007713270006981299,0.011439374593624974,2.5531914893617022e-05,2.5531914893617022e-05,4.255319148936171e-05,3.4042553191489365e-05,0.00012765957446808513,0.019024985026138187,0.00918040601012413,0.08510638297872342,1.0,0.5425531914893618,1.0655857297149904,1.009767871369554
2021-11-29,2021-11-30,open,2021-12-01,2021-12-01,0,1,EXECUTED_ON_TIME,open,55,44,11,-0.0007081602554988802,-0.0052075451964647135,0.004499384940965833,0.0,0.0,0.0,0.0,0.0,-0.0007081602554988802,0.007037968314286489,0.0,1.0,0.5,1.0648311242523796,1.004509459541459
2021-11-30,2021-12-01,open,2021-12-02,2021-12-02,0,1,EXECUTED_ON_TIME,open,55,44,11,0.006027875055377363,0.0016608411327327932,0.0043670339226445695,6.8181818181818115e-06,6.8181818181818115e-06,1.1363636363636354e-05,9.090909090909083e-06,3.4090909090909065e-05,0.005993784146286454,0.004631977646562488,0.022727272727272707,1.0,0.5113636363636364,1.071213492163396,1.0061777901700846
2021-12-01,2021-12-02,open,2021-12-03,2021-12-03,0,1,EXECUTED_ON_TIME,open,55,44,11,-0.007420527036328448,0.0035260957116178826,-0.01094662274794633,1.3636363636363623e-05,1.3636363636363623e-05,2.272727272727271e-05,1.8181818181818165e-05,6.818181818181813e-05,-0.007488708854510266,-0.013468683764796324,0.045454545454545414,1.0,0.5227272727272727,1.063191486199561,1.0097256693611285
2021-12-02,2021-12-03,open,2021-12-06,2021-12-06,0,1,EXECUTED_ON_TIME,open,56,45,11,0.015678273020358714,0.010798685602988023,0.004879587417370691,6.666666666666676e-06,6.666666666666676e-06,1.1111111111111127e-05,8.888888888888902e-06,3.333333333333338e-05,0.01564493968702538,0.005910470085076346,0.022222222222222254,1.0,0.5111111111111111,1.079825052876912,1.020629379409826
2021-12-03,2021-12-06,open,2021-12-07,2021-12-07,0,1,EXECUTED_ON_TIME,open,56,45,11,-0.003492729027721316,0.004358347987108102,-0.007851077014829419,0.0,0.0,0.0,0.0,0.0,-0.003492729027721316,-0.0108521523753644,0.0,1.0,0.5,1.0760535165698681,1.0250776374111603
2021-12-06,2021-12-07,open,2021-12-08,2021-12-08,0,1,EXECUTED_ON_TIME,open,56,45,11,-0.005346889910931931,0.0007260446829799871,-0.006072934593911918,6.666666666666676e-06,6.666666666666676e-06,1.1111111111111127e-05,8.888888888888902e-06,3.333333333333338e-05,-0.005380223244265264,-0.0033492468417629716,0.022222222222222254,1.0,0.5111111111111111,1.0702641084279456,1.0258218895794444
2021-12-07,2021-12-08,open,2021-12-09,2021-12-09,0,1,EXECUTED_ON_TIME,open,56,46,10,0.010402237432842805,0.013432417194693791,-0.003030179761850986,1.3043478260869556e-05,1.3043478260869556e-05,2.1739130434782593e-05,1.7391304347826075e-05,6.521739130434778e-05,0.010337020041538457,-0.0008600056496033091,0.04347826086956519,1.0,0.5217391304347826,1.0813274499665047,1.0396011571677246
2021-12-08,2021-12-09,open,2021-12-10,2021-12-10,0,1,EXECUTED_ON_TIME,open,56,46,10,-0.0007915430405331694,0.009114947606198909,-0.009906490646732078,6.521739130434778e-06,6.521739130434778e-06,1.0869565217391297e-05,8.695652173913038e-06,3.260869565217389e-05,-0.0008241517361853433,-0.007276625984054259,0.021739130434782594,1.0,0.5108695652173914,1.08043627207123,1.0490770672466523
2021-12-09,2021-12-10,open,2021-12-13,2021-12-13,0,1,EXECUTED_ON_TIME,open,56,46,10,0.016168486840030062,0.008670367883750973,0.007498118956279089,6.521739130434778e-06,6.521739130434778e-06,1.0869565217391297e-05,8.695652173913038e-06,3.260869565217389e-05,0.016135878144377887,0.009209992775744514,0.021739130434782594,1.0,0.5108695652173914,1.0978700601001372,1.0581729513580873
2021-12-10,2021-12-13,open,2021-12-14,2021-12-14,0,1,EXECUTED_ON_TIME,open,56,45,11,0.002775047607201669,-0.004650471972512338,0.007425519579714006,0.0,0.0,0.0,0.0,0.0,0.002775047607201669,0.0076964557465251035,0.0,1.0,0.5,1.1009167017834365,1.0532519477057258
2021-12-13,2021-12-14,open,2021-12-15,2021-12-15,0,1,EXECUTED_ON_TIME,open,56,46,10,-0.0028183534608828735,-0.005934449850484191,0.003116096389601318,1.3043478260869556e-05,1.3043478260869556e-05,2.1739130434782593e-05,1.7391304347826075e-05,6.521739130434778e-05,-0.002883570852187221,0.006489673104968821,0.04347826086956519,1.0,0.5217391304347826,1.0977421304714876,1.0470014768421414
2021-12-14,2021-12-15,open,2021-12-16,2021-12-16,0,1,EXECUTED_ON_TIME,open,56,46,10,-0.00587833172569792,-0.005891844065981977,1.3512340284057255e-05,6.521739130434778e-06,6.521739130434778e-06,1.0869565217391297e-05,8.695652173913038e-06,3.260869565217389e-05,-0.005910940421350094,0.0016022951651790077,0.021739130434782594,1.0,0.5108695652173914,1.0912534421402647,1.0408327074037347
2021-12-15,2021-12-16,open,2021-12-17,2021-12-17,0,1,EXECUTED_ON_TIME,open,56,46,10,0.0001447243018366107,0.0029417104704161368,-0.002796986168579526,6.521739130434778e-06,6.521739130434778e-06,1.0869565217391297e-05,8.695652173913038e-06,3.260869565217389e-05,0.00011211560618443683,-0.0027907224649584197,0.021739130434782594,1.0,0.5108695652173914,1.091375788681431,1.0438945358770557
2021-12-16,2021-12-17,open,2021-12-20,2021-12-20,0,1,EXECUTED_ON_TIME,open,56,46,10,-0.0147867565115461,-0.017201188766581943,0.0024144322550358425,6.521739130434778e-06,6.521739130434778e-06,1.0869565217391297e-05,8.695652173913038e-06,3.260869565217389e-05,-0.014819365207198275,5.7278118493984606e-05,0.021739130434782594,1.0,0.5108695652173914,1.0752022922906668,1.025938308913031
2021-12-17,2021-12-20,open,2021-12-21,2021-12-23,0,1,EXECUTED_ON_TIME,open,56,46,10,-0.008359081086753267,-0.0021631354704368944,-0.0061959456163163725,0.0,0.0,0.0,0.0,0.0,-0.008359081086753267,-0.002474623363315995,0.0,1.0,0.5,1.066214589144746,1.0237190653665411
2021-12-20,2021-12-21,open,2021-12-22,2021-12-22,0,1,EXECUTED_ON_TIME,open,56,45,11,0.013036221258829727,0.00985601599831365,0.0031802052605160776,1.3333333333333318e-05,1.3333333333333318e-05,2.22222222222222e-05,1.777777777777776e-05,6.66666666666666e-05,0.012969554592163061,0.0022695047968657473,0.0444444444444444,1.0,0.5222222222222221,1.0800429174656196,1.0338088568525725
2021-12-21,2021-12-22,open,2021-12-23,2021-12-23,0,1,EXECUTED_ON_TIME,open,56,46,10,0.00415674457694092,-5.8076054044842174e-05,0.004214820630985762,6.521739130434778e-06,6.521739130434778e-06,1.0869565217391297e-05,8.695652173913038e-06,3.260869565217389e-05,0.004124135881288746,0.007087876907032022,0.021739130434782594,1.0,0.5108695652173914,1.0844971612148713,1.0337488173135299
2021-12-22,2021-12-23,open,2021-12-24,2021-12-24,0,1,EXECUTED_ON_TIME,open,56,45,11,0.00126894514351615,0.005842668518168281,-0.004573723374652131,6.666666666666676e-06,6.666666666666676e-06,1.1111111111111127e-05,8.888888888888902e-06,3.333333333333338e-05,0.0012356118101828166,-0.0029877721671108396,0.022222222222222254,1.0,0.5111111111111111,1.0858371787153782,1.0397886689841414
2021-12-23,2021-12-24,open,2021-12-27,2021-12-27,0,1,EXECUTED_ON_TIME,open,56,46,10,-0.008259142074853325,-0.007049376728980983,-0.0012097653458723427,6.521739130434778e-06,6.521739130434778e-06,1.0869565217391297e-05,8.695652173913038e-06,3.260869565217389e-05,-0.0082917507705055,-0.002417604094976395,0.021739130434782594,1.0,0.5108695652173914,1.0768336874521214,1.0324588069379463
2021-12-24,2021-12-27,open,2021-12-28,2021-12-28,0,1,EXECUTED_ON_TIME,open,56,46,10,0.0025432954138657664,0.0011276607079171441,0.0014156347059486223,6.521739130434778e-06,6.521739130434778e-06,1.0869565217391297e-05,8.695652173913038e-06,3.260869565217389e-05,0.0025106867182135926,0.0007384084331067322,0.021739130434782594,1.0,0.5108695652173914,1.0795372794889324,1.0336230701670732
2021-12-27,2021-12-28,open,2021-12-29,2021-12-29,0,1,EXECUTED_ON_TIME,open,56,46,10,0.00722518855875582,0.007099144300658944,0.00012604425809687597,0.0,0.0,0.0,0.0,0.0,0.00722518855875582,-0.0002554013726363954,0.0,1.0,0.5,1.0873371398894462,1.0409609094946795
2021-12-28,2021-12-29,open,2021-12-30,2021-12-30,0,1,EXECUTED_ON_TIME,open,56,46,10,-0.003595438056689167,-0.015425581902801633,0.011830143846112466,0.0,0.0,0.0,0.0,0.0,-0.003595438056689167,0.012213783913041083,0.0,1.0,0.5,1.0834276865562362,1.0249034817276543
2021-12-29,2021-12-30,open,2021-12-31,2021-12-31,0,1,EXECUTED_ON_TIME,open,56,46,10,0.013025441227873276,0.011328396716532518,0.001697044511340758,6.521739130434778e-06,6.521739130434778e-06,1.0869565217391297e-05,8.695652173913038e-06,3.260869565217389e-05,0.012992832532221102,0.006534608052128819,0.021739130434782594,1.0,0.5108695652173914,1.0975044810484331,1.0365139949648206
2021-12-30,2021-12-31,open,2022-01-04,2022-01-04,0,1,EXECUTED_ON_TIME,open,56,46,10,0.014612087297130929,0.004156183043802164,0.010455904253328764,6.521739130434778e-06,6.521739130434778e-06,1.0869565217391297e-05,8.695652173913038e-06,3.260869565217389e-05,0.014579478601478754,0.008509438941599223,0.021739130434782594,1.0,0.5108695652173914,1.113505524144906,1.040821936855357
2021-12-31,2022-01-04,open,2022-01-05,2022-01-05,0,1,EXECUTED_ON_TIME,open,56,44,12,-0.00901909057574826,-0.010094627171043702,0.0010755365952954416,0.0,0.0,0.0,0.0,0.0,-0.00901909057574826,0.0008703764386540566,0.0,1.0,0.5,1.103462716966047,1.0303152274513587
2022-01-04,2022-01-05,open,2022-01-06,2022-01-06,0,1,EXECUTED_ON_TIME,open,56,45,11,-0.0138023074678829,-0.013402581737533281,-0.0003997257303496194,1.3333333333333318e-05,1.3333333333333318e-05,2.22222222222222e-05,1.777777777777776e-05,6.66666666666666e-05,-0.013868974134549567,-0.010093237330861357,0.0444444444444444,1.0,0.5222222222222221,1.088158821086005,1.0165063434000168
2022-01-05,2022-01-06,open,2022-01-07,2022-01-07,0,1,EXECUTED_ON_TIME,open,56,45,11,0.008599122830603061,-0.0036838961817834415,0.012283019012386502,1.3333333333333318e-05,1.3333333333333318e-05,2.22222222222222e-05,1.777777777777776e-05,6.66666666666666e-05,0.008532456163936395,0.014063275997600877,0.0444444444444444,1.0,0.5222222222222221,1.097443488526322,1.0127616395628067
2022-01-06,2022-01-07,open,2022-01-10,2022-01-10,0,1,EXECUTED_ON_TIME,open,56,45,11,-0.012479915780396655,-0.0025056391390453348,-0.00997427664135132,6.666666666666676e-06,6.666666666666676e-06,1.1111111111111127e-05,8.888888888888902e-06,3.333333333333338e-05,-0.012513249113729988,-0.011839670681835,0.022222222222222254,1.0,0.5111111111111111,1.0837109047661513,1.0102240243601945
2022-01-07,2022-01-10,open,2022-01-11,2022-01-11,0,1,EXECUTED_ON_TIME,open,56,45,11,0.005271285829618008,0.005772583604690684,-0.0005012977750726766,6.666666666666676e-06,6.666666666666676e-06,1.1111111111111127e-05,8.888888888888902e-06,3.333333333333338e-05,0.0052379524962846745,0.00047817111649536663,0.022222222222222254,1.0,0.5111111111111111,1.0893873310050222,1.0160556270002807
2022-01-10,2022-01-11,open,2022-01-12,2022-01-12,0,1,EXECUTED_ON_TIME,open,56,45,11,-0.001261111681820521,-0.00436342163826553,0.0031023099564450093,6.666666666666676e-06,6.666666666666676e-06,1.1111111111111127e-05,8.888888888888902e-06,3.333333333333338e-05,-0.0012944450151538543,0.0008858101992929017,0.022222222222222254,1.0,0.5111111111111111,1.087977179004831,1.0116221478917462
2022-01-11,2022-01-12,open,2022-01-13,2022-01-13,0,1,EXECUTED_ON_TIME,open,56,44,12,0.003365189195666471,0.007084826588695581,-0.0037196373930291097,6.8181818181818115e-06,6.8181818181818115e-06,1.1363636363636354e-05,9.090909090909083e-06,3.4090909090909065e-05,0.003331098286575562,-0.002703657796469607,0.022727272727272707,1.0,0.5113636363636364,1.0916013379216472,1.018789315382843
2022-01-12,2022-01-13,open,2022-01-14,2022-01-14,0,1,EXECUTED_ON_TIME,open,56,45,11,-0.021357502618247336,-0.022484711101165344,0.0011272084829180087,1.3333333333333318e-05,1.3333333333333318e-05,2.22222222222222e-05,1.777777777777776e-05,6.66666666666666e-05,-0.021424169284914002,-0.0008801928437376892,0.0444444444444444,1.0,0.5222222222222221,1.0682146860663753,0.9958821319535056
2022-01-13,2022-01-14,open,2022-01-17,2022-01-17,0,1,EXECUTED_ON_TIME,open,56,45,11,-0.001108212834281493,-0.0031939884213704195,0.0020857755870889267,6.666666666666676e-06,6.666666666666676e-06,1.1111111111111127e-05,8.888888888888902e-06,3.333333333333338e-05,-0.0011415461676148263,0.008214569839041964,0.022222222222222254,1.0,0.5111111111111111,1.0669952696853062,0.9927012959549965
2022-01-14,2022-01-17,open,2022-01-18,2022-01-18,0,1,EXECUTED_ON_TIME,open,56,45,11,0.010199191157821084,0.008040374220725788,0.0021588169370952964,0.0,0.0,0.0,0.0,0.0,0.010199191157821084,0.006069293935724831,0.0,1.0,0.5,1.0778777584053174,1.0006829858638742
2022-01-17,2022-01-18,open,2022-01-19,2022-01-19,0,1,EXECUTED_ON_TIME,open,56,46,10,0.00527800767233113,0.010285767271456248,-0.005007759599125117,6.521739130434778e-06,6.521739130434778e-06,1.0869565217391297e-05,8.695652173913038e-06,3.260869565217389e-05,0.0052453989766789565,-0.010945700104569207,0.021739130434782594,1.0,0.5108695652173914,1.0835316572962417,1.0109757781689759
2022-01-18,2022-01-19,open,2022-01-20,2022-01-20,0,1,EXECUTED_ON_TIME,open,56,46,10,-0.0046155523708370436,-0.007797025257012757,0.003181472886175714,6.521739130434778e-06,6.521739130434778e-06,1.0869565217391297e-05,8.695652173913038e-06,3.260869565217389e-05,-0.004648161066489217,0.0037126183924731312,0.021739130434782594,1.0,0.5108695652173914,1.0784952276324886,1.0030931744923643
2022-01-19,2022-01-20,open,2022-01-21,2022-01-21,0,1,EXECUTED_ON_TIME,open,56,47,9,-0.012607002118436867,0.00638537610537071,-0.018992378223807577,6.382978723404264e-06,6.382978723404264e-06,1.0638297872340441e-05,8.510638297872353e-06,3.191489361702132e-05,-0.012638917012053889,-0.021481413870326472,0.021276595744680882,1.0,0.5106382978723405,1.0648642159525454,1.0094983016802284
2022-01-20,2022-01-21,open,2022-01-24,2022-01-24,0,1,EXECUTED_ON_TIME,open,56,46,10,-0.013772937743873125,-0.011402492902035544,-0.0023704448418375816,6.521739130434778e-06,6.521739130434778e-06,1.0869565217391297e-05,8.695652173913038e-06,3.260869565217389e-05,-0.0138055464395253,-0.0012895490481268177,0.021739130434782594,1.0,0.5108695652173914,1.0501631835674239,0.9979875044607026
2022-01-21,2022-01-24,open,2022-01-25,2022-01-25,0,1,EXECUTED_ON_TIME,open,56,47,9,0.0028487634143155994,0.0016847074879557944,0.001164055926359805,1.2765957446808494e-05,1.2765957446808494e-05,2.1276595744680825e-05,1.7021276595744662e-05,6.382978723404247e-05,0.002784933627081557,0.005251397289331198,0.04255319148936165,1.0,0.5212765957446808,1.0530878183312637,0.9996688214823539
2022-01-24,2022-01-25,open,2022-01-26,2022-01-26,0,1,EXECUTED_ON_TIME,open,56,47,9,-0.021881542584876547,-0.013618580623483978,-0.008262961961392569,0.0,0.0,0.0,0.0,0.0,-0.021881542584876547,-0.010516383350619298,0.0,1.0,0.5,1.0300446323888335,0.9860547510402132
2022-01-25,2022-01-26,open,2022-01-27,2022-01-27,0,1,EXECUTED_ON_TIME,open,56,46,10,0.008208910436542292,0.0023418710144282873,0.0058670394221140044,0.0,0.0,0.0,0.0,0.0,0.008208910436542292,0.007419638164083657,0.0,1.0,0.5,1.0385001765217545,0.9883639640803136
2022-01-26,2022-01-27,open,2022-01-28,2022-01-28,0,1,EXECUTED_ON_TIME,open,56,47,9,-0.01620703021058115,-0.01407893079563527,-0.002128099414945881,1.2765957446808494e-05,1.2765957446808494e-05,2.1276595744680825e-05,1.7021276595744662e-05,6.382978723404247e-05,-0.016270859997815194,-0.0045812158847652815,0.04255319148936165,1.0,0.5212765957446808,1.0216028855418626,0.9744488562291271
2022-01-27,2022-01-28,open,2022-02-07,2022-02-07,0,1,EXECUTED_ON_TIME,open,56,47,9,0.0009428055969660917,-0.0006977875459897032,0.0016405931429557949,0.0,0.0,0.0,0.0,0.0,0.0009428055969660917,0.0005330559892323675,0.0,1.0,0.5,1.022566058460228,0.9737688979530466
2022-01-28,2022-02-07,open,2022-02-08,2022-02-08,0,1,EXECUTED_ON_TIME,open,56,46,10,-0.0007878819811908966,-0.0026167519119556504,0.0018288699307647538,6.521739130434778e-06,6.521739130434778e-06,1.0869565217391297e-05,8.695652173913038e-06,3.260869565217389e-05,-0.0008204906768430705,-0.001452310484987426,0.021739130434782594,1.0,0.5108695652173914,1.0217270525428053,0.971220786327525
2022-02-07,2022-02-08,open,2022-02-09,2022-02-09,0,1,EXECUTED_ON_TIME,open,56,47,9,0.014612749836142157,-0.003952933974892492,0.01856568381103465,6.382978723404264e-06,6.382978723404264e-06,1.0638297872340441e-05,8.510638297872353e-06,3.191489361702132e-05,0.014580834942525135,0.0174609622204511,0.021276595744680882,1.0,0.5106382978723405,1.0366246860522446,0.9673816146841291
2022-02-08,2022-02-09,open,2022-02-10,2022-02-10,0,1,EXECUTED_ON_TIME,open,56,47,9,0.014250208479296022,0.010646791151935453,0.0036034173273605686,1.2765957446808494e-05,1.2765957446808494e-05,2.1276595744680825e-05,1.7021276595744662e-05,6.382978723404247e-05,0.014186378692061978,0.00653387205088014,0.04255319148936165,1.0,0.5212765957446808,1.0513306364101216,0.9776811246998931
2022-02-09,2022-02-10,open,2022-02-11,2022-02-11,0,1,EXECUTED_ON_TIME,open,56,47,9,-0.010975604882884868,-0.008446471504082731,-0.0025291333788021366,0.0,0.0,0.0,0.0,0.0,-0.010975604882884868,-0.009064207311535254,0.0,1.0,0.5,1.0397916467436121,0.9694231689400359
2022-02-10,2022-02-11,open,2022-02-14,2022-02-14,0,1,EXECUTED_ON_TIME,open,56,46,10,-0.019035513415559185,-0.008327208581264789,-0.010708304834294396,0.0,0.0,0.0,0.0,0.0,-0.019035513415559185,-0.017699001716464952,0.0,1.0,0.5,1.0199986789026376,0.9613505800087615
2022-02-11,2022-02-14,open,2022-02-15,2022-02-15,0,1,EXECUTED_ON_TIME,open,56,47,9,-0.0012139975981983924,-0.005592192897790671,0.004378195299592279,6.382978723404264e-06,6.382978723404264e-06,1.0638297872340441e-05,8.510638297872353e-06,3.191489361702132e-05,-0.0012459124918154138,0.00913093723397495,0.021276595744680882,1.0,0.5106382978723405,1.0187278498069576,0.9559745221229495
2022-02-14,2022-02-15,open,2022-02-16,2022-02-16,0,1,EXECUTED_ON_TIME,open,56,46,10,0.01615245661351935,0.014501040996211634,0.0016514156173077152,0.0,0.0,0.0,0.0,0.0,0.01615245661351935,0.004878779232201752,0.0,1.0,0.5,1.0351828072019484,0.9698371478595883
2022-02-15,2022-02-16,open,2022-02-17,2022-02-17,0,1,EXECUTED_ON_TIME,open,56,47,9,0.0004517419959440963,-0.0006385494235088274,0.0010902914194529237,6.382978723404264e-06,6.382978723404264e-06,1.0638297872340441e-05,8.510638297872353e-06,3.191489361702132e-05,0.000419827102327075,-0.00011941714677591344,0.021276595744680882,1.0,0.5106382978723405,1.0356174050002749,0.9692178589079251
2022-02-16,2022-02-17,open,2022-02-18,2022-02-18,0,1,EXECUTED_ON_TIME,open,56,46,10,-0.0037272374407726324,-0.0026704088634441625,-0.0010568285773284699,0.0,0.0,0.0,0.0,0.0,-0.0037272374407726324,-0.0019727113507018016,0.0,1.0,0.5,1.0317574130340421,0.966629650946889
2022-02-17,2022-02-18,open,2022-02-21,2022-02-21,0,1,EXECUTED_ON_TIME,open,56,47,9,0.010841499045634712,0.009009533361117317,0.0018319656845173955,6.382978723404264e-06,6.382978723404264e-06,1.0638297872340441e-05,8.510638297872353e-06,3.191489361702132e-05,0.01080958415201769,0.0019788031294830435,0.021276595744680882,1.0,0.5106382978723405,1.0429102816147018,0.9753385330349402
2022-02-18,2022-02-21,open,2022-02-22,2022-02-22,0,1,EXECUTED_ON_TIME,open,56,48,8,0.00010746784996012772,-0.009499247963647428,0.009606715813607556,6.2500000000000105e-06,6.2500000000000105e-06,1.0416666666666685e-05,8.333333333333349e-06,3.1250000000000055e-05,7.621784996012766e-05,0.008402559840967576,0.02083333333333337,1.0,0.5104166666666667,1.0429897699940678,0.9660735504611412
2022-02-21,2022-02-22,open,2022-02-23,2022-02-23,0,1,EXECUTED_ON_TIME,open,56,48,8,-0.0025182943286552067,-0.004326891526532872,0.0018085971978776655,6.2500000000000105e-06,6.2500000000000105e-06,1.0416666666666685e-05,8.333333333333349e-06,3.1250000000000055e-05,-0.0025495443286552067,-0.0008859837627902753,0.02083333333333337,1.0,0.5104166666666667,1.040330621341134,0.9618934550016434
2022-02-22,2022-02-23,open,2022-02-24,2022-02-24,0,1,EXECUTED_ON_TIME,open,56,48,8,0.015182353894933843,0.0021961996557839925,0.01298615423914985,0.0,0.0,0.0,0.0,0.0,0.015182353894933843,0.017925157328445702,0.0,1.0,0.5,1.0561252890020716,0.9640059650764189
2022-02-23,2022-02-24,open,2022-02-25,2022-02-25,0,1,EXECUTED_ON_TIME,open,56,48,8,-0.005545946022546403,-0.005974866666855538,0.00042892064430913573,6.2500000000000105e-06,6.2500000000000105e-06,1.0416666666666685e-05,8.333333333333349e-06,3.1250000000000055e-05,-0.005577196022546403,0.0010078830613510122,0.02083333333333337,1.0,0.5104166666666667,1.0502350712409385,0.9582461579690339
2022-02-24,2022-02-25,open,2022-02-28,2022-02-28,0,1,EXECUTED_ON_TIME,open,56,47,9,0.0012452720748486077,-0.00019475830691262352,0.0014400303817612313,0.0,0.0,0.0,0.0,0.0,0.0012452720748486077,0.00448114781336964,0.0,1.0,0.5,1.0515428996471814,0.9580595315697024
2022-02-25,2022-02-28,open,2022-03-01,2022-03-01,0,1,EXECUTED_ON_TIME,open,56,48,8,0.0037218123188426633,0.007474566381147962,-0.003752754062305299,6.2500000000000105e-06,6.2500000000000105e-06,1.0416666666666685e-05,8.333333333333349e-06,3.1250000000000055e-05,0.0036905623188426633,-0.003835479766465219,0.02083333333333337,1.0,0.5104166666666667,1.0554236842492657,0.9652206111355116
2022-02-28,2022-03-01,open,2022-03-02,2022-03-02,0,1,EXECUTED_ON_TIME,open,56,48,8,-0.003491903133337341,-0.0008347370676108357,-0.0026571660657265053,0.0,0.0,0.0,0.0,0.0,-0.003491903133337341,-0.003235881571158851,0.0,1.0,0.5,1.0517382469792371,0.9644149057129748
2022-03-01,2022-03-02,open,2022-03-03,2022-03-03,0,1,EXECUTED_ON_TIME,open,56,48,8,0.003778423087923708,0.00021941581844386882,0.0035590072694798394,0.0,0.0,0.0,0.0,0.0,0.003778423087923708,0.005730079783813409,0.0,1.0,0.5,1.055712159054076,0.9646265135988313
2022-03-02,2022-03-03,open,2022-03-04,2022-03-04,0,1,EXECUTED_ON_TIME,open,56,48,8,-0.014216847686823957,-0.01777161168872854,0.0035547640019045826,0.0,0.0,0.0,0.0,0.0,-0.014216847686823957,0.0015922670746413813,0.0,1.0,0.5,1.040703260087676,0.9474835457745009
2022-03-03,2022-03-04,open,2022-03-07,2022-03-07,0,1,EXECUTED_ON_TIME,open,56,47,9,-0.0013926359235945473,-0.011265876184593071,0.009873240260998523,0.0,0.0,0.0,0.0,0.0,-0.0013926359235945473,0.010683518663549735,0.0,1.0,0.5,1.039253939341876,0.9368093134608662
2022-03-04,2022-03-07,open,2022-03-08,2022-03-08,0,1,EXECUTED_ON_TIME,open,56,47,9,-0.021667249627763414,-0.02260495590268896,0.0009377062749255476,0.0,0.0,0.0,0.0,0.0,-0.021667249627763414,-0.001861485336961826,0.0,1.0,0.5,1.0167361648115192,0.9156327802408549
2022-03-07,2022-03-08,open,2022-03-09,2022-03-09,0,1,EXECUTED_ON_TIME,open,56,47,9,-0.01744312216650933,-0.018493723235423642,0.0010506010689143135,0.0,0.0,0.0,0.0,0.0,-0.01744312216650933,-9.475740715818998e-05,0.0,1.0,0.5,0.9990011116776036,0.898699321017799
2022-03-08,2022-03-09,open,2022-03-10,2022-03-10,0,1,EXECUTED_ON_TIME,open,56,47,9,-0.0030997411264698876,0.010564172354033952,-0.01366391348050384,0.0,0.0,0.0,0.0,0.0,-0.0030997411264698876,-0.011682351062052735,0.0,1.0,0.5,0.9959044668463474,0.9081933355394843
2022-03-09,2022-03-10,open,2022-03-11,2022-03-11,0,1,EXECUTED_ON_TIME,open,56,46,10,-0.021635599012065104,-0.02196105407881821,0.0003254550667531053,0.0,0.0,0.0,0.0,0.0,-0.021635599012065104,0.0013699257300959465,0.0,1.0,0.5,0.9743574771473353,0.8882484525836795
2022-03-10,2022-03-11,open,2022-03-14,2022-03-14,0,1,EXECUTED_ON_TIME,open,56,47,9,0.01073417068151858,0.0040076139228719665,0.006726556758646614,6.382978723404264e-06,6.382978723404264e-06,1.0638297872340441e-05,8.510638297872353e-06,3.191489361702132e-05,0.010702255787901559,0.0089158881834242,0.021276595744680882,1.0,0.5106382978723405,0.9847853000966206,0.8918082094492233
2022-03-11,2022-03-14,open,2022-03-15,2022-03-15,0,1,EXECUTED_ON_TIME,open,56,48,8,-0.020227987363378334,-0.028875137030139997,0.008647149666761663,1.2499999999999987e-05,1.2499999999999987e-05,2.0833333333333316e-05,1.6666666666666654e-05,6.249999999999995e-05,-0.020290487363378334,0.007256660833717229,0.04166666666666663,1.0,0.5208333333333333,0.9648035264093693,0.8660571251967732
2022-03-14,2022-03-15,open,2022-03-16,2022-03-16,0,1,EXECUTED_ON_TIME,open,56,47,9,-0.025418652228655993,-0.01754653450610799,-0.007872117722548002,0.0,0.0,0.0,0.0,0.0,-0.025418652228655993,-0.0022439654808115127,0.0,1.0,0.5,0.9402795211025886,0.8508608239652474
2022-03-15,2022-03-16,open,2022-03-17,2022-03-17,0,1,EXECUTED_ON_TIME,open,56,46,10,0.03349840346620692,0.04553873468178282,-0.012040331215575899,6.521739130434778e-06,6.521739130434778e-06,1.0869565217391297e-05,8.695652173913038e-06,3.260869565217389e-05,0.03346579477055475,-0.00808974663433168,0.021739130434782594,1.0,0.5108695652173914,0.9717467225827634,0.889607949278924
2022-03-16,2022-03-17,open,2022-03-18,2022-03-18,0,1,EXECUTED_ON_TIME,open,56,45,11,-0.005746733560610141,-0.0045303175894687575,-0.0012164159711413837,6.666666666666676e-06,6.666666666666676e-06,1.1111111111111127e-05,8.888888888888902e-06,3.333333333333338e-05,-0.005780066893943474,-0.0007173254508871718,0.022222222222222254,1.0,0.5111111111111111,0.9661299615222647,0.8855777427385744
2022-03-17,2022-03-18,open,2022-03-21,2022-03-21,0,1,EXECUTED_ON_TIME,open,56,47,9,0.008970847653239697,0.014618082273352817,-0.00564723462011312,1.914893617021276e-05,1.914893617021276e-05,3.191489361702127e-05,2.5531914893617015e-05,9.57446808510638e-05,0.008875102972388634,-0.0096111666689807,0.06382978723404253,1.0,0.5319148936170213,0.9747044644154846,0.8985231910413769
2022-03-18,2022-03-21,open,2022-03-22,2022-03-22,0,1,EXECUTED_ON_TIME,open,56,46,10,-0.0035746022751171045,-0.0064423126346335735,0.002867710359516469,6.521739130434778e-06,6.521739130434778e-06,1.0869565217391297e-05,8.695652173913038e-06,3.260869565217389e-05,-0.0036072109707692783,0.00664786011925988,0.021739130434782594,1.0,0.5108695652173914,0.9711884997781872,0.8927346237352197
2022-03-21,2022-03-22,open,2022-03-23,2022-03-23,0,1,EXECUTED_ON_TIME,open,56,47,9,-0.0015084046482491693,0.004007697940490607,-0.005516102588739776,6.382978723404264e-06,6.382978723404264e-06,1.0638297872340441e-05,8.510638297872353e-06,3.191489361702132e-05,-0.0015403195418661907,-0.011403243785646031,0.021276595744680882,1.0,0.5106382978723405,0.9696925591531432,0.896312434448168
2022-03-22,2022-03-23,open,2022-03-24,2022-03-24,0,1,EXECUTED_ON_TIME,open,56,47,9,-0.0009420453120185045,-0.004702069908509188,0.003760024596490683,0.0,0.0,0.0,0.0,0.0,-0.0009420453120185045,0.0063959994001695705,0.0,1.0,0.5,0.9687790648236938,0.8920979107215267
2022-03-23,2022-03-24,open,2022-03-25,2022-03-25,0,1,EXECUTED_ON_TIME,open,56,47,9,-0.006531428944594738,-0.00010824718857338489,-0.006423181756021353,0.0,0.0,0.0,0.0,0.0,-0.006531428944594738,-0.008318320231937558,0.0,1.0,0.5,0.962451553198787,0.8920013436307589
2022-03-24,2022-03-25,open,2022-03-28,2022-03-28,0,1,EXECUTED_ON_TIME,open,56,47,9,-0.024202790604652104,-0.02829676025806116,0.004093969653409055,6.382978723404264e-06,6.382978723404264e-06,1.0638297872340441e-05,8.510638297872353e-06,3.191489361702132e-05,-0.024234705498269126,0.0023201772774631597,0.021276595744680882,1.0,0.5106382978723405,0.9391268232506627,0.8667605954601709
2022-03-25,2022-03-28,open,2022-03-29,2022-03-29,0,1,EXECUTED_ON_TIME,open,56,47,9,0.008316309774369583,0.006437646621155757,0.0018786631532138262,0.0,0.0,0.0,0.0,0.0,0.008316309774369583,-0.0015990755136260706,0.0,1.0,0.5,0.9469368928302347,0.872340493878886
2022-03-28,2022-03-29,open,2022-03-30,2022-03-30,0,1,EXECUTED_ON_TIME,open,56,47,9,-0.005461804306238228,0.0016241446708853413,-0.0070859489771235695,6.382978723404264e-06,6.382978723404264e-06,1.0638297872340441e-05,8.510638297872353e-06,3.191489361702132e-05,-0.00549371919985525,-0.0077366262872666305,0.021276595744680882,1.0,0.5106382978723405,0.941734687441042,0.8737573010432169
2022-03-29,2022-03-30,open,2022-03-31,2022-03-31,0,1,EXECUTED_ON_TIME,open,56,47,9,0.011771129497964406,0.017430583635880126,-0.00565945413791572,1.2765957446808494e-05,1.2765957446808494e-05,2.1276595744680825e-05,1.7021276595744662e-05,6.382978723404247e-05,0.011707299710730363,-0.0039670401258716705,0.04255319148936165,1.0,0.5212765957446808,0.9527598576749053,0.8889874007565116
2022-03-30,2022-03-31,open,2022-04-01,2022-04-01,0,1,EXECUTED_ON_TIME,open,56,47,9,-0.01181505950475112,-0.008476837643893953,-0.0033382218608571674,0.0,0.0,0.0,0.0,0.0,-0.01181505950475112,-0.007116795099261334,0.0,1.0,0.5,0.9415029432627381,0.8814515988928314
2022-03-31,2022-04-01,open,2022-04-06,2022-04-06,0,1,EXECUTED_ON_TIME,open,56,48,8,0.007649675975682307,0.014293066693277234,-0.006643390717594927,6.2500000000000105e-06,6.2500000000000105e-06,1.0416666666666685e-05,8.333333333333349e-06,3.1250000000000055e-05,0.007618425975682307,-0.009572233637497474,0.02083333333333337,1.0,0.5104166666666667,0.9486757137418724,0.8940502453827025
2022-04-01,2022-04-06,open,2022-04-07,2022-04-07,0,1,EXECUTED_ON_TIME,open,56,47,9,-0.006971159367677772,-0.0044164680794008815,-0.0025546912882768906,0.0,0.0,0.0,0.0,0.0,-0.006971159367677772,-0.003342986540280989,0.0,1.0,0.5,0.9420623441531324,0.8901017010125892
2022-04-06,2022-04-07,open,2022-04-08,2022-04-08,0,1,EXECUTED_ON_TIME,open,56,47,9,-0.014292162766517713,-0.006323784959707757,-0.007968377806809956,6.382978723404264e-06,6.382978723404264e-06,1.0638297872340441e-05,8.510638297872353e-06,3.191489361702132e-05,-0.014324077660134734,-0.01264285066721393,0.021276595744680882,1.0,0.5106382978723405,0.9285681699747943,0.8844728892631155
2022-04-07,2022-04-08,open,2022-04-11,2022-04-11,0,1,EXECUTED_ON_TIME,open,56,46,10,-0.011400882199944663,-0.0022360617590717613,-0.009164820440872901,0.0,0.0,0.0,0.0,0.0,-0.011400882199944663,-0.012612279398214285,0.0,1.0,0.5,0.9179816736542935,0.8824951532584986
2022-04-08,2022-04-11,open,2022-04-12,2022-04-12,0,1,EXECUTED_ON_TIME,open,56,46,10,-0.030354875674308123,-0.02398288211352151,-0.0063719935607866145,0.0,0.0,0.0,0.0,0.0,-0.030354875674308123,-0.014548387585243062,0.0,1.0,0.5,0.8901164540792241,0.8613303760321459
2022-04-11,2022-04-12,open,2022-04-13,2022-04-13,0,1,EXECUTED_ON_TIME,open,56,46,10,0.011378356578099437,0.01253750026505207,-0.0011591436869526333,0.0,0.0,0.0,0.0,0.0,0.011378356578099437,0.0015699507904464727,0.0,1.0,0.5,0.900244516489771,0.8721293058499463
2022-04-12,2022-04-13,open,2022-04-14,2022-04-14,0,1,EXECUTED_ON_TIME,open,56,46,10,-0.001671809914709219,0.004388587362062379,-0.006060397276771598,0.0,0.0,0.0,0.0,0.0,-0.001671809914709219,-0.010484258750321048,0.0,1.0,0.5,0.8987394787814409,0.8759567214996836
2022-04-13,2022-04-14,open,2022-04-15,2022-04-15,0,1,EXECUTED_ON_TIME,open,56,45,11,0.0058118956377205665,-0.00246174847410896,0.008273644111829527,6.666666666666676e-06,6.666666666666676e-06,1.1111111111111127e-05,8.888888888888902e-06,3.333333333333338e-05,0.005778562304387233,0.0028380552446259457,0.022222222222222254,1.0,0.5111111111111111,0.903932900854992,0.8738003363771463
2022-04-14,2022-04-15,open,2022-04-18,2022-04-18,0,1,EXECUTED_ON_TIME,open,56,46,10,-0.007394438745482102,-0.0022681778562801957,-0.005126260889201906,1.3043478260869556e-05,1.3043478260869556e-05,2.1739130434782593e-05,1.7391304347826075e-05,6.521739130434778e-05,-0.00745965613678645,-0.002578578203177179,0.04347826086956519,1.0,0.5217391304347826,0.8971898722438859,0.8718184018033655
2022-04-15,2022-04-18,open,2022-04-19,2022-04-19,0,1,EXECUTED_ON_TIME,open,56,46,10,0.01572803452567481,0.0021676257082048345,0.013560408817469977,0.0,0.0,0.0,0.0,0.0,0.01572803452567481,0.01813032889651197,0.0,1.0,0.5,0.9113009055306235,0.8737081777840005
2022-04-18,2022-04-19,open,2022-04-20,2022-04-20,0,1,EXECUTED_ON_TIME,open,56,47,9,0.002715329977356989,-0.007542168506797231,0.01025749848415422,6.382978723404264e-06,6.382978723404264e-06,1.0638297872340441e-05,8.510638297872353e-06,3.191489361702132e-05,0.002683415083739968,0.007214616315456085,0.021276595744680882,1.0,0.5106382978723405,0.9137463041263503,0.8671185234813867
2022-04-19,2022-04-20,open,2022-04-21,2022-04-21,0,1,EXECUTED_ON_TIME,open,56,47,9,-0.013426236843356231,-0.019805870559875483,0.006379633716519251,0.0,0.0,0.0,0.0,0.0,-0.013426236843356231,0.0036238037721657134,0.0,1.0,0.5,0.9014781298324085,0.849944486245244
2022-04-20,2022-04-21,open,2022-04-22,2022-04-22,0,1,EXECUTED_ON_TIME,open,57,48,9,-0.023640307303456034,-0.020137652905821812,-0.0035026543976342216,6.2500000000000105e-06,6.2500000000000105e-06,1.0416666666666685e-05,8.333333333333349e-06,3.1250000000000055e-05,-0.023671557303456034,-0.005888054591344748,0.02083333333333337,1.0,0.5104166666666667,0.8801387386242683,0.8328285991920202
2022-04-21,2022-04-22,open,2022-04-25,2022-04-25,0,1,EXECUTED_ON_TIME,open,57,48,9,-0.015142342651738153,-0.008508767640266424,-0.006633575011471729,1.2499999999999987e-05,1.2499999999999987e-05,2.0833333333333316e-05,1.6666666666666654e-05,6.249999999999995e-05,-0.015204842651738153,-0.013998955173888605,0.04166666666666663,1.0,0.5208333333333333,0.866756367591787,0.8257422541573267
2022-04-22,2022-04-25,open,2022-04-26,2022-04-26,0,1,EXECUTED_ON_TIME,open,57,50,7,-0.04951310320840012,-0.0282085987706453,-0.02130450443775482,1.2000000000000009e-05,1.2000000000000009e-05,2.000000000000002e-05,1.6000000000000016e-05,6.0000000000000056e-05,-0.04957310320840012,-0.026754156949491875,0.040000000000000036,1.0,0.52,0.8237885647246214,0.8024492222218345
2022-04-25,2022-04-26,open,2022-04-27,2022-04-27,0,1,EXECUTED_ON_TIME,open,57,47,10,-0.0392819146273855,-0.016848969349552156,-0.022432945277833342,0.0,0.0,0.0,0.0,0.0,-0.0392819146273855,-0.03298481783803186,0.0,1.0,0.5,0.7914285726540924,0.7889287798720468
2022-04-26,2022-04-27,open,2022-04-28,2022-04-28,0,1,EXECUTED_ON_TIME,open,57,48,9,0.05672309380547528,0.03335103739032985,0.023372056415145427,1.2499999999999987e-05,1.2499999999999987e-05,2.0833333333333316e-05,1.6666666666666654e-05,6.249999999999995e-05,0.05666059380547528,0.030914395226729972,0.04166666666666663,1.0,0.5208333333333333,0.8362713855352931,0.8152403731078668
2022-04-27,2022-04-28,open,2022-04-29,2022-04-29,0,1,EXECUTED_ON_TIME,open,57,47,10,0.005123311652749015,0.014472810048874463,-0.009349498396125448,6.382978723404264e-06,6.382978723404264e-06,1.0638297872340441e-05,8.510638297872353e-06,3.191489361702132e-05,0.005091396759131993,-0.013817908517687905,0.021276595744680882,1.0,0.5106382978723405,0.8405291749573623,0.8270391921720305
2022-04-28,2022-04-29,open,2022-05-05,2022-05-05,0,1,EXECUTED_ON_TIME,open,57,47,10,0.0256446586045778,0.014145766194946674,0.011498892409631124,6.382978723404264e-06,6.382978723404264e-06,1.0638297872340441e-05,8.510638297872353e-06,3.191489361702132e-05,0.025612743710960777,0.01201661416248274,0.021276595744680882,1.0,0.5106382978723405,0.8620574332971306,0.8387382952185536
2022-04-29,2022-05-05,open,2022-05-06,2022-05-06,0,1,EXECUTED_ON_TIME,open,57,47,10,-0.014636114244245796,-0.016643835976445698,0.002007721732199902,0.0,0.0,0.0,0.0,0.0,-0.014636114244245796,0.004616727517124775,0.0,1.0,0.5,0.8494402622182925,0.8247784726057723
2022-05-05,2022-05-06,open,2022-05-09,2022-05-09,0,1,EXECUTED_ON_TIME,open,57,50,7,0.006177965492004327,-0.011429284104401916,0.017607249596406242,2.3999999999999987e-05,2.3999999999999987e-05,3.999999999999998e-05,3.1999999999999985e-05,0.00011999999999999995,0.006057965492004326,0.020000968270749216,0.07999999999999996,1.0,0.54,0.85458614201433,0.8153518451191663
2022-05-06,2022-05-09,open,2022-05-10,2022-05-10,0,1,EXECUTED_ON_TIME,open,57,47,10,-0.0033400540101882936,-0.01630375872404155,0.012963704713853257,0.0,0.0,0.0,0.0,0.0,-0.0033400540101882936,0.013656530852155332,0.0,1.0,0.5,0.8517317781436436,0.8020585453611413
2022-05-09,2022-05-10,open,2022-05-11,2022-05-11,0,1,EXECUTED_ON_TIME,open,57,48,9,0.03301829806363174,0.0254680644124472,0.00755023365118454,6.2500000000000105e-06,6.2500000000000105e-06,1.0416666666666685e-05,8.333333333333349e-06,3.1250000000000055e-05,0.03298704806363174,0.014386146691088515,0.02083333333333337,1.0,0.5104166666666667,0.8798278952465907,0.8224854240569526
2022-05-10,2022-05-11,open,2022-05-12,2022-05-12,0,1,EXECUTED_ON_TIME,open,57,47,10,0.008487947704671995,0.008171913141933107,0.00031603456273888823,0.0,0.0,0.0,0.0,0.0,0.008487947704671995,0.005446781946683681,0.0,1.0,0.5,0.8872958284105553,0.829206703502852
2022-05-11,2022-05-12,open,2022-05-13,2022-05-13,0,1,EXECUTED_ON_TIME,open,57,47,10,0.010734857245010176,0.008575047424663085,0.002159809820347091,0.0,0.0,0.0,0.0,0.0,0.010734857245010176,0.003410570785703608,0.0,1.0,0.5,0.8968208224626356,0.8363171903102374
2022-05-12,2022-05-13,open,2022-05-16,2022-05-16,0,1,EXECUTED_ON_TIME,open,57,46,11,0.012723666447171938,0.007825654773559121,0.004898011673612817,6.521739130434778e-06,6.521739130434778e-06,1.0869565217391297e-05,8.695652173913038e-06,3.260869565217389e-05,0.012691057751519763,0.0022970182569890703,0.021739130434782594,1.0,0.5108695652173914,0.9082024273132744,0.8428619199227982
2022-05-13,2022-05-16,open,2022-05-17,2022-05-17,0,1,EXECUTED_ON_TIME,open,57,48,9,-0.007602851521296336,-0.013259041852096476,0.00565619033080014,1.2499999999999987e-05,1.2499999999999987e-05,2.0833333333333316e-05,1.6666666666666654e-05,6.249999999999995e-05,-0.007665351521296336,0.0026972787505269028,0.04166666666666663,1.0,0.5208333333333333,0.9012407364554236,0.8316863784510035
2022-05-16,2022-05-17,open,2022-05-18,2022-05-18,0,1,EXECUTED_ON_TIME,open,57,48,9,0.013722838755731053,0.013441497354333087,0.00028134140139796614,1.2499999999999987e-05,1.2499999999999987e-05,2.0833333333333316e-05,1.6666666666666654e-05,6.249999999999995e-05,0.013660338755731053,0.0023428072770006626,0.04166666666666663,1.0,0.5208333333333333,0.9135519902158692,0.8428654887065875
2022-05-17,2022-05-18,open,2022-05-19,2022-05-19,0,1,EXECUTED_ON_TIME,open,57,48,9,-0.016556385608737203,-0.01910753464559145,0.002551149036854248,0.0,0.0,0.0,0.0,0.0,-0.016556385608737203,0.004533856411078462,0.0,1.0,0.5,0.898426871192226,0.826760407179553
2022-05-18,2022-05-19,open,2022-05-20,2022-05-20,0,1,EXECUTED_ON_TIME,open,56,47,9,0.02455906721234844,0.020953224440214857,0.0036058427721335842,0.0,0.0,0.0,0.0,0.0,0.02455906721234844,0.006092356553705568,0.0,1.0,0.5,0.9204913971072157,0.8440837035494696
2022-05-19,2022-05-20,open,2022-05-23,2022-05-23,0,1,EXECUTED_ON_TIME,open,57,48,9,0.013134246041349077,0.014960396098702367,-0.0018261500573532891,1.2499999999999987e-05,1.2499999999999987e-05,2.0833333333333316e-05,1.6666666666666654e-05,6.249999999999995e-05,0.013071746041349077,-0.0034106441666907645,0.04166666666666663,1.0,0.5208333333333333,0.9325238268834478,0.8567115300950293
2022-05-20,2022-05-23,open,2022-05-24,2022-05-24,0,1,EXECUTED_ON_TIME,open,57,47,10,0.00206237956326554,-0.006885864607155789,0.008948244170421329,0.0,0.0,0.0,0.0,0.0,0.00206237956326554,0.011403233630389715,0.0,1.0,0.5,0.9344470449662704,0.8508123304914057
2022-05-23,2022-05-24,open,2022-05-25,2022-05-25,0,1,EXECUTED_ON_TIME,open,57,47,10,-0.028170687264364704,-0.02297163391455137,-0.005199053349813333,6.382978723404264e-06,6.382978723404264e-06,1.0638297872340441e-05,8.510638297872353e-06,3.191489361702132e-05,-0.028202602157981725,-0.010727065951328881,0.021276595744680882,1.0,0.5106382978723405,0.908093206719385,0.8312677811053708
2022-05-24,2022-05-25,open,2022-05-26,2022-05-26,0,1,EXECUTED_ON_TIME,open,57,48,9,0.01731854680631103,0.00704965721467965,0.010268889591631379,1.2499999999999987e-05,1.2499999999999987e-05,2.0833333333333316e-05,1.6666666666666654e-05,6.249999999999995e-05,0.01725604680631103,0.010705231784697448,0.04166666666666663,1.0,0.5208333333333333,0.9237633055990278,0.837127934015771
2022-05-25,2022-05-26,open,2022-05-27,2022-05-27,0,1,EXECUTED_ON_TIME,open,57,48,9,0.011595384174551816,0.008784050483463979,0.002811333691087837,0.0,0.0,0.0,0.0,0.0,0.011595384174551816,0.0018389153974428495,0.0,1.0,0.5,0.9344746960138023,0.8444813080492835
2022-05-26,2022-05-27,open,2022-05-30,2022-05-30,0,1,EXECUTED_ON_TIME,open,57,47,10,0.0027979828488740102,-0.0004603861575902535,0.0032583690064642637,6.382978723404264e-06,6.382978723404264e-06,1.0638297872340441e-05,8.510638297872353e-06,3.191489361702132e-05,0.002766067955256989,0.0015019869295344536,0.021276595744680882,1.0,0.5106382978723405,0.9370595165254446,0.8440925205447138
2022-05-27,2022-05-30,open,2022-05-31,2022-05-31,0,1,EXECUTED_ON_TIME,open,56,46,10,0.012052344237674897,0.0027118590111860907,0.009340485226488806,6.521739130434778e-06,6.521739130434778e-06,1.0869565217391297e-05,8.695652173913038e-06,3.260869565217389e-05,0.012019735542022722,0.010306218260205188,0.021739130434782594,1.0,0.5108695652173914,0.948322724101216,0.8463815804528279
2022-05-30,2022-05-31,open,2022-06-01,2022-06-01,0,1,EXECUTED_ON_TIME,open,57,47,10,0.015565319938016966,0.013605961859851856,0.0019593580781651094,1.2765957446808494e-05,1.2765957446808494e-05,2.1276595744680825e-05,1.7021276595744662e-05,6.382978723404247e-05,0.015501490150782922,0.002449468873007699,0.04255319148936165,1.0,0.5212765957446808,0.9630231394686345,0.8578974159553502
2022-05-31,2022-06-01,open,2022-06-02,2022-06-02,0,1,EXECUTED_ON_TIME,open,57,46,11,0.003770026008858934,-0.005534649923237267,0.0093046759320962,0.0,0.0,0.0,0.0,0.0,0.003770026008858934,0.012083904020503241,0.0,1.0,0.5,0.9666537617515641,0.8531492540879875
2022-06-01,2022-06-02,open,2022-06-06,2022-06-06,0,1,EXECUTED_ON_TIME,open,57,46,11,0.02792200602394295,0.00652780511811013,0.02139420090583282,6.521739130434778e-06,6.521739130434778e-06,1.0869565217391297e-05,8.695652173913038e-06,3.260869565217389e-05,0.027889397328290776,0.025676852257256574,0.021739130434782594,1.0,0.5108695652173914,0.9936131525919404,0.8587184461553349
2022-06-02,2022-06-06,open,2022-06-07,2022-06-07,0,1,EXECUTED_ON_TIME,open,57,46,11,0.02162688726181302,0.01837439607444402,0.0032524911873689985,0.0,0.0,0.0,0.0,0.0,0.02162688726181302,0.008562689821874232,0.0,1.0,0.5,1.015101912224901,0.8744968790014241
2022-06-06,2022-06-07,open,2022-06-08,2022-06-08,0,1,EXECUTED_ON_TIME,open,57,46,11,0.002187805102404058,0.005151127424268376,-0.0029633223218643178,6.521739130434778e-06,6.521739130434778e-06,1.0869565217391297e-05,8.695652173913038e-06,3.260869565217389e-05,0.002155196406751884,-0.008667250362024146,0.021739130434782594,1.0,0.5108695652173914,1.0172896562186151,0.8790015238572855
2022-06-07,2022-06-08,open,2022-06-09,2022-06-09,0,1,EXECUTED_ON_TIME,open,57,46,11,-0.0015669768593923618,0.0058691500754213255,-0.007436126934813688,6.521739130434778e-06,6.521739130434778e-06,1.0869565217391297e-05,8.695652173913038e-06,3.260869565217389e-05,-0.0015995855550445357,-0.009295202748073566,0.021739130434782594,1.0,0.5108695652173914,1.0156624143792317,0.8841605157173279
2022-06-08,2022-06-09,open,2022-06-10,2022-06-10,0,1,EXECUTED_ON_TIME,open,57,46,11,-0.019453046904123413,-0.01568764137622536,-0.0037654055278980546,0.0,0.0,0.0,0.0,0.0,-0.019453046904123413,-0.006560978169547057,0.0,1.0,0.5,0.9959046857935573,0.870290122627736
2022-06-09,2022-06-10,open,2022-06-13,2022-06-13,0,1,EXECUTED_ON_TIME,open,57,46,11,0.014753382991586681,0.011772819274946222,0.002980563716640459,1.3043478260869556e-05,1.3043478260869556e-05,2.1739130434782593e-05,1.7391304347826075e-05,6.521739130434778e-05,0.014688165600282334,0.005855662195173524,0.04347826086956519,1.0,0.5217391304347826,1.0105326987405903,0.8805358909582031
2022-06-10,2022-06-13,open,2022-06-14,2022-06-14,0,1,EXECUTED_ON_TIME,open,57,45,12,-0.010089759499831437,-0.012214691913637554,0.0021249324138061174,6.666666666666676e-06,6.666666666666676e-06,1.1111111111111127e-05,8.888888888888902e-06,3.333333333333338e-05,-0.01012309283316477,0.003806557479912206,0.022222222222222254,1.0,0.5111111111111111,1.0003029824202907,0.8697804163312483
2022-06-13,2022-06-14,open,2022-06-15,2022-06-15,0,1,EXECUTED_ON_TIME,open,57,46,11,0.01352783843038375,0.02053232471435873,-0.00700448628397498,6.521739130434778e-06,6.521739130434778e-06,1.0869565217391297e-05,8.695652173913038e-06,3.260869565217389e-05,0.013495229734731575,-0.00963922536437421,0.021739130434782594,1.0,0.5108695652173914,1.0138023009723895,0.8876390302695516
2022-06-14,2022-06-15,open,2022-06-16,2022-06-16,0,1,EXECUTED_ON_TIME,open,57,45,12,0.006744453759517041,0.012721445746545879,-0.005976991987028837,1.3333333333333318e-05,1.3333333333333318e-05,2.22222222222222e-05,1.777777777777776e-05,6.66666666666666e-05,0.006677787092850375,-0.009096586587208768,0.0444444444444444,1.0,0.5222222222222221,1.0205722568925248,0.8989310820356423
2022-06-15,2022-06-16,open,2022-06-17,2022-06-17,0,1,EXECUTED_ON_TIME,open,57,45,12,-0.008801239332636261,-0.01467720266048067,0.005875963327844409,6.666666666666676e-06,6.666666666666676e-06,1.1111111111111127e-05,8.888888888888902e-06,3.333333333333338e-05,-0.008834572665969594,0.010907627669886875,0.022222222222222254,1.0,0.5111111111111111,1.0115559371281353,0.8857372883668
2022-06-16,2022-06-17,open,2022-06-20,2022-06-20,0,1,EXECUTED_ON_TIME,open,57,45,12,0.007714089515296677,0.024553746011716893,-0.016839656496420215,0.0,0.0,0.0,0.0,0.0,0.007714089515296677,-0.015749636684649133,0.0,1.0,0.5,1.0193591701768716,0.9074854567784653
2022-06-17,2022-06-20,open,2022-06-21,2022-06-21,0,1,EXECUTED_ON_TIME,open,57,44,13,-0.0009908920657594668,0.001176080865506579,-0.0021669729312660457,0.0,0.0,0.0,0.0,0.0,-0.0009908920657594668,0.00246768568206628,0.0,1.0,0.5,1.0183490952629843,0.9085527330599079
2022-06-20,2022-06-21,open,2022-06-22,2022-06-22,0,1,EXECUTED_ON_TIME,open,57,44,13,-0.001543566048301006,0.0009209975424662176,-0.0024645635907672237,0.0,0.0,0.0,0.0,0.0,-0.001543566048301006,-0.005783420374535562,0.0,1.0,0.5,1.0167772061742184,0.9093895078942571
2022-06-21,2022-06-22,open,2022-06-23,2022-06-23,0,1,EXECUTED_ON_TIME,open,57,45,12,-0.020198517014250645,-0.012453190307629258,-0.007745326706621387,1.3333333333333318e-05,1.3333333333333318e-05,2.22222222222222e-05,1.777777777777776e-05,6.66666666666666e-05,-0.02026518368091731,-0.00805720390023394,0.0444444444444444,1.0,0.5222222222222221,0.9961720293285279,0.8980647072886886
2022-06-22,2022-06-23,open,2022-06-24,2022-06-24,0,1,EXECUTED_ON_TIME,open,57,45,12,0.026744391801648046,0.017905046241709854,0.008839345559938191,6.666666666666676e-06,6.666666666666676e-06,1.1111111111111127e-05,8.888888888888902e-06,3.333333333333338e-05,0.026711058468314713,0.011043955951042617,0.022222222222222254,1.0,0.5111111111111111,1.022780838648422,0.9141445974007402
2022-06-23,2022-06-24,open,2022-06-27,2022-06-27,0,1,EXECUTED_ON_TIME,open,57,45,12,0.015318311615353622,0.013727930283544687,0.0015903813318089346,6.666666666666676e-06,6.666666666666676e-06,1.1111111111111127e-05,8.888888888888902e-06,3.333333333333338e-05,0.015284978282020288,0.004183688999077197,0.022222222222222254,1.0,0.5111111111111111,1.0384140215544297,0.9266939107029366
2022-06-24,2022-06-27,open,2022-06-28,2022-06-28,0,1,EXECUTED_ON_TIME,open,57,45,12,0.006568287840930521,0.00639938273786389,0.0001689051030666312,1.3333333333333318e-05,1.3333333333333318e-05,2.22222222222222e-05,1.777777777777776e-05,6.66666666666666e-05,0.006501621174263855,-0.003569023926007271,0.0444444444444444,1.0,0.5222222222222221,1.0451653961446206,0.9326241797183725
2022-06-27,2022-06-28,open,2022-06-29,2022-06-29,0,1,EXECUTED_ON_TIME,open,57,45,12,0.010823211913878864,0.006787495827312862,0.004035716086566003,0.0,0.0,0.0,0.0,0.0,0.010823211913878864,0.007240559902329369,0.0,1.0,0.5,1.056477442712147,0.9389543624466621
2022-06-28,2022-06-29,open,2022-06-30,2022-06-30,0,1,EXECUTED_ON_TIME,open,57,44,13,-0.016757619024018535,-0.012222722785946383,-0.004534896238072152,1.3636363636363623e-05,1.3636363636363623e-05,2.272727272727271e-05,1.8181818181818165e-05,6.818181818181813e-05,-0.016825800842200353,-0.008078019839931762,0.045454545454545414,1.0,0.5227272727272727,1.0387013636667954,0.9274777835658216
2022-06-29,2022-06-30,open,2022-07-01,2022-07-01,0,1,EXECUTED_ON_TIME,open,57,44,13,0.011647407534513045,0.016173140011942033,-0.004525732477428988,6.8181818181818115e-06,6.8181818181818115e-06,1.1363636363636354e-05,9.090909090909083e-06,3.4090909090909065e-05,0.011613316625422136,-0.00465008136811163,0.022727272727272707,1.0,0.5113636363636364,1.0507641314823157,0.9424780116173973
2022-06-30,2022-07-01,open,2022-07-04,2022-07-04,0,1,EXECUTED_ON_TIME,open,57,45,12,-0.006559588135129545,-0.009422833621411608,0.0028632454862820636,1.3333333333333318e-05,1.3333333333333318e-05,2.22222222222222e-05,1.777777777777776e-05,6.66666666666666e-05,-0.006626254801796211,-0.0018053507369323067,0.0444444444444444,1.0,0.5222222222222221,1.0438015006105257,0.9335971981220877
2022-07-01,2022-07-04,open,2022-07-05,2022-07-05,0,1,EXECUTED_ON_TIME,open,57,45,12,0.010366570502372522,0.013096058298045277,-0.0027294877956727543,6.666666666666676e-06,6.666666666666676e-06,1.1111111111111127e-05,8.888888888888902e-06,3.333333333333338e-05,0.01033323716903919,-0.0024854478239994243,0.022222222222222254,1.0,0.5111111111111111,1.0545873490737332,0.9458236414555863
2022-07-04,2022-07-05,open,2022-07-06,2022-07-06,0,1,EXECUTED_ON_TIME,open,57,45,12,-0.009456405599878521,-0.006653043187405894,-0.0028033624124726274,6.666666666666676e-06,6.666666666666676e-06,1.1111111111111127e-05,8.888888888888902e-06,3.333333333333338e-05,-0.009489738933211854,-0.0037492646515560014,0.022222222222222254,1.0,0.5111111111111111,1.0445795904487556,0.9395310359213127
2022-07-05,2022-07-06,open,2022-07-07,2022-07-07,0,1,EXECUTED_ON_TIME,open,57,44,13,0.002663650367864125,-0.011216892392819422,0.013880542760683547,6.8181818181818115e-06,6.8181818181818115e-06,1.1363636363636354e-05,9.090909090909083e-06,3.4090909090909065e-05,0.002629559458773216,0.016664272024551063,0.022727272727272707,1.0,0.5113636363636364,1.0473263745912618,0.9289924173916692
2022-07-06,2022-07-07,open,2022-07-08,2022-07-08,0,1,EXECUTED_ON_TIME,open,57,42,15,0.0030412504840469515,0.009667634665459612,-0.006626384181412661,7.14285714285715e-06,7.14285714285715e-06,1.1904761904761919e-05,9.523809523809535e-06,3.571428571428576e-05,0.003005536198332666,-0.007732409798603374,0.023809523809523836,1.0,0.5119047619047619,1.0504741519215643,0.937973576689994
2022-07-07,2022-07-08,open,2022-07-11,2022-07-11,0,1,EXECUTED_ON_TIME,open,57,43,14,-0.0015154469486015427,-0.013857235226987563,0.01234178827838602,1.3953488372093014e-05,1.3953488372093014e-05,2.3255813953488357e-05,1.8604651162790687e-05,6.976744186046507e-05,-0.0015852143904620077,0.009355642611745863,0.046511627906976716,1.0,0.5232558139534884,1.04880892517913,0.9249758562011019
2022-07-08,2022-07-11,open,2022-07-12,2022-07-12,0,1,EXECUTED_ON_TIME,open,57,43,14,-0.008139748485360948,-0.012142578960125827,0.004002830474764879,6.976744186046524e-06,6.976744186046524e-06,1.1627906976744207e-05,9.302325581395366e-06,3.4883720930232624e-05,-0.008174632206291181,0.0024806422759850125,0.023255813953488413,1.0,0.5116279069767442,1.040235297961115,0.9137442638309701
2022-07-11,2022-07-12,open,2022-07-13,2022-07-14,0,1,EXECUTED_ON_TIME,open,57,43,14,-0.016243706653758384,-0.01006812867391449,-0.006175577979843895,0.0,0.0,0.0,0.0,0.0,-0.016243706653758384,-0.010185839713638343,0.0,1.0,0.5,1.0233380209301497,0.9045445690076686
2022-07-12,2022-07-13,open,2022-07-14,2022-07-14,0,1,EXECUTED_ON_TIME,open,57,43,14,0.002708103444947649,-0.0010516166171190555,0.0037597200620667045,6.976744186046524e-06,6.976744186046524e-06,1.1627906976744207e-05,9.302325581395366e-06,3.4883720930232624e-05,0.0026732197240174164,0.00392964533778075,0.023255813953488413,1.0,0.5116279069767442,1.026073628312037,0.9035933349079753
2022-07-13,2022-07-14,open,2022-07-15,2022-07-15,0,1,EXECUTED_ON_TIME,open,57,44,13,0.0033208682770454415,-0.0021704303008038828,0.005491298577849324,6.8181818181818115e-06,6.8181818181818115e-06,1.1363636363636354e-05,9.090909090909083e-06,3.4090909090909065e-05,0.0032867773679545326,0.007636760569198765,0.022727272727272707,1.0,0.5113636363636364,1.0294461038914282,0.9016321485542866
2022-07-14,2022-07-15,open,2022-07-18,2022-07-18,0,1,EXECUTED_ON_TIME,open,57,43,14,-0.002683794280759922,-0.00867943986597397,0.005995645585214048,6.976744186046524e-06,6.976744186046524e-06,1.1627906976744207e-05,9.302325581395366e-06,3.4883720930232624e-05,-0.0027186780016901545,0.006679186413668421,0.023255813953488413,1.0,0.5116279069767442,1.026647371414853,0.8938064865396808
2022-07-15,2022-07-18,open,2022-07-19,2022-07-19,0,1,EXECUTED_ON_TIME,open,57,43,14,0.018292102512448265,0.006168242630369525,0.01212385988207874,6.976744186046524e-06,6.976744186046524e-06,1.1627906976744207e-05,9.302325581395366e-06,3.4883720930232624e-05,0.018257218791518034,0.008084510583777703,0.023255813953488413,1.0,0.5116279069767442,1.0453910970965108,0.8993197018132556
2022-07-18,2022-07-19,open,2022-07-20,2022-07-20,0,1,EXECUTED_ON_TIME,open,57,43,14,0.004963950564653449,0.0006615453064093835,0.0043024052582440655,0.0,0.0,0.0,0.0,0.0,0.004963950564653449,0.002962798982432785,0.0,1.0,0.5,1.0505803668232268,0.8999146425409517
2022-07-19,2022-07-20,open,2022-07-21,2022-07-21,0,1,EXECUTED_ON_TIME,open,57,43,14,0.005091527424967641,-0.004874768163632193,0.009966295588599834,6.976744186046524e-06,6.976744186046524e-06,1.1627906976744207e-05,9.302325581395366e-06,3.4883720930232624e-05,0.005056643704037409,0.012257142813990119,0.023255813953488413,1.0,0.5116279069767442,1.0558927774207088,0.8955277672915066
2022-07-20,2022-07-21,open,2022-07-22,2022-07-22,0,1,EXECUTED_ON_TIME,open,57,43,14,0.002565617840628238,-0.004349748335152781,0.006915366175781019,0.0,0.0,0.0,0.0,0.0,0.002565617840628238,0.012468174896398258,0.0,1.0,0.5,1.0586017947682498,0.8916324468766473
2022-07-21,2022-07-22,open,2022-07-25,2022-07-25,0,1,EXECUTED_ON_TIME,open,57,43,14,-0.008336328093378302,-0.004200351522783308,-0.004135976570594994,0.0,0.0,0.0,0.0,0.0,-0.008336328093378302,-0.007939696829367137,0.0,1.0,0.5,1.0497769428868227,0.887887277170646
2022-07-22,2022-07-25,open,2022-07-26,2022-07-26,0,1,EXECUTED_ON_TIME,open,57,44,13,-0.007810585792834029,-0.003268123595866479,-0.0045424621969675505,6.8181818181818115e-06,6.8181818181818115e-06,1.1363636363636354e-05,9.090909090909083e-06,3.4090909090909065e-05,-0.007844676701924938,-0.008601018453881521,0.022727272727272707,1.0,0.5113636363636364,1.0415417821607404,0.884985551809655
2022-07-25,2022-07-26,open,2022-07-27,2022-07-27,0,1,EXECUTED_ON_TIME,open,57,44,13,0.004596374841510997,0.0038063160249388606,0.000790058816572136,6.8181818181818115e-06,6.8181818181818115e-06,1.1363636363636354e-05,9.090909090909083e-06,3.4090909090909065e-05,0.004562283932420088,0.0014050426488654965,0.022727272727272707,1.0,0.5113636363636364,1.0462935914984366,0.8883540864973475
2022-07-26,2022-07-27,open,2022-07-28,2022-07-28,0,1,EXECUTED_ON_TIME,open,57,44,13,0.008760688967856457,0.0014447066844123224,0.007315982283444135,6.8181818181818115e-06,6.8181818181818115e-06,1.1363636363636354e-05,9.090909090909083e-06,3.4090909090909065e-05,0.008726598058765548,0.010831795656121194,0.022727272727272707,1.0,0.5113636363636364,1.0554241751229059,0.8896374975842352
2022-07-27,2022-07-28,open,2022-07-29,2022-07-29,0,1,EXECUTED_ON_TIME,open,57,44,13,0.011250627015052585,-0.003735968020924685,0.01498659503597727,0.0,0.0,0.0,0.0,0.0,0.011250627015052585,0.01606020341291159,0.0,1.0,0.5,1.0672983588598832,0.886313840343045
2022-07-28,2022-07-29,open,2022-08-01,2022-08-01,0,1,EXECUTED_ON_TIME,open,57,44,13,-0.010021719855143106,-0.015563271559296599,0.005541551704153493,6.8181818181818115e-06,6.8181818181818115e-06,1.1363636363636354e-05,9.090909090909083e-06,3.4090909090909065e-05,-0.010055810764234015,0.004857396961830018,0.022727272727272707,1.0,0.5113636363636364,1.0565658085342107,0.8725198973590231
2022-07-29,2022-08-01,open,2022-08-02,2022-08-02,0,1,EXECUTED_ON_TIME,open,57,43,14,0.004079358329695668,-0.00391068891191948,0.007990047241615148,6.976744186046524e-06,6.976744186046524e-06,1.1627906976744207e-05,9.302325581395366e-06,3.4883720930232624e-05,0.004044474608765436,0.011428604482455938,0.023255813953488413,1.0,0.5116279069767442,1.060839062119317,0.8691077434709921
2022-08-01,2022-08-02,open,2022-08-03,2022-08-03,0,1,EXECUTED_ON_TIME,open,57,44,13,-0.006114396726573442,-0.007130625423314663,0.0010162286967412204,6.8181818181818115e-06,6.8181818181818115e-06,1.1363636363636354e-05,9.090909090909083e-06,3.4090909090909065e-05,-0.006148487635664351,0.0021456937065463507,0.022727272727272707,1.0,0.5113636363636364,1.0543165062624464,0.8629104616997981
2022-08-02,2022-08-03,open,2022-08-04,2022-08-04,0,1,EXECUTED_ON_TIME,open,57,44,13,0.015782963607884806,-0.0061686705996001345,0.02195163420748494,6.8181818181818115e-06,6.8181818181818115e-06,1.1363636363636354e-05,9.090909090909083e-06,3.4090909090909065e-05,0.015748872698793895,0.024399186386116094,0.022727272727272707,1.0,0.5113636363636364,1.0709208027038108,0.8575874513046232
2022-08-03,2022-08-04,open,2022-08-05,2022-08-05,0,1,EXECUTED_ON_TIME,open,57,43,14,0.012433074771556253,0.004936370292083936,0.007496704479472318,0.0,0.0,0.0,0.0,0.0,0.012433074771556253,0.006253847967591223,0.0,1.0,0.5,1.0842356411182423,0.8618208205221073
2022-08-04,2022-08-05,open,2022-08-08,2022-08-08,0,1,EXECUTED_ON_TIME,open,57,43,14,0.03400795984927532,0.007903876481307748,0.026104083367967573,0.0,0.0,0.0,0.0,0.0,0.03400795984927532,0.031012529578910417,0.0,1.0,0.5,1.1211082832685448,0.8686325458365333
2022-08-05,2022-08-08,open,2022-08-09,2022-08-09,0,1,EXECUTED_ON_TIME,open,57,43,14,-0.0090101682718928,0.00037541244066141566,-0.009385580712554216,6.976744186046524e-06,6.976744186046524e-06,1.1627906976744207e-05,9.302325581395366e-06,3.4883720930232624e-05,-0.009045051992823034,-0.009808449728203352,0.023255813953488413,1.0,0.5116279069767442,1.1109678005567962,0.8689586413006037
2022-08-08,2022-08-09,open,2022-08-10,2022-08-10,0,1,EXECUTED_ON_TIME,open,57,44,13,0.0038955295331543852,0.0013372216776159629,0.0025583078555384223,6.8181818181818115e-06,6.8181818181818115e-06,1.1363636363636354e-05,9.090909090909083e-06,3.4090909090909065e-05,0.0038614386240634763,0.0031684843684223613,0.022727272727272707,1.0,0.5113636363636364,1.115257734531957,0.8701206316327026
2022-08-09,2022-08-10,open,2022-08-11,2022-08-11,0,1,EXECUTED_ON_TIME,open,57,43,14,0.006281753618370996,-0.004450488972953193,0.010732242591324189,0.0,0.0,0.0,0.0,0.0,0.006281753618370996,0.011101039919919824,0.0,1.0,0.5,1.1222635088412694,0.8662481693564822
2022-08-10,2022-08-11,open,2022-08-12,2022-08-12,0,1,EXECUTED_ON_TIME,open,57,45,12,0.019072597805679325,0.013237092327986755,0.005835505477692571,1.3333333333333318e-05,1.3333333333333318e-05,2.22222222222222e-05,1.777777777777776e-05,6.66666666666666e-05,0.01900593113901266,0.007402167761957014,0.0444444444444444,1.0,0.5222222222222221,1.1435931718101333,0.8777147763532035
2022-08-11,2022-08-12,open,2022-08-15,2022-08-15,0,1,EXECUTED_ON_TIME,open,57,45,12,-0.015658402938899266,-0.0012947326672113624,-0.014363670271687903,0.0,0.0,0.0,0.0,0.0,-0.015658402938899266,-0.01899984255733775,0.0,1.0,0.5,1.1256863291277563,0.8765783703597649
2022-08-12,2022-08-15,open,2022-08-16,2022-08-16,0,1,EXECUTED_ON_TIME,open,57,45,12,2.7921396697568508e-05,0.002518181215745985,-0.002490259819048416,6.666666666666676e-06,6.666666666666676e-06,1.1111111111111127e-05,8.888888888888902e-06,3.333333333333338e-05,-5.411936635764875e-06,0.00044924810974871307,0.022222222222222254,1.0,0.5111111111111111,1.1256802369846715,0.8787857535461341
2022-08-15,2022-08-16,open,2022-08-17,2022-08-17,0,1,EXECUTED_ON_TIME,open,57,46,11,0.0004163695368467637,-0.0018995224228360863,0.00231589195968285,6.521739130434778e-06,6.521739130434778e-06,1.0869565217391297e-05,8.695652173913038e-06,3.260869565217389e-05,0.0003837608411945898,0.004846871221570969,0.021739130434782594,1.0,0.5108695652173914,1.1261122289793328,0.8771164803024043
2022-08-16,2022-08-17,open,2022-08-18,2022-08-18,0,1,EXECUTED_ON_TIME,open,57,45,12,-0.0010964018646864348,0.005551136419332803,-0.0066475382840192375,0.0,0.0,0.0,0.0,0.0,-0.0010964018646864348,-0.008673760715218156,0.0,1.0,0.5,1.1248775574316336,0.881985473540208
2022-08-17,2022-08-18,open,2022-08-19,2022-08-19,0,1,EXECUTED_ON_TIME,open,57,45,12,-0.001375780893187807,-0.0074276264716336415,0.006051845578445835,6.666666666666676e-06,6.666666666666676e-06,1.1111111111111127e-05,8.888888888888902e-06,3.333333333333338e-05,-0.0014091142265211403,0.007000976571948356,0.022222222222222254,1.0,0.5111111111111111,1.1232924764623624,0.8754344148893444
2022-08-18,2022-08-19,open,2022-08-22,2022-08-22,0,1,EXECUTED_ON_TIME,open,57,45,12,-0.022973239321111647,-0.009434319324784113,-0.013538919996327534,0.0,0.0,0.0,0.0,0.0,-0.022973239321111647,-0.020623571752418492,0.0,1.0,0.5,1.0974868095729884,0.8671752870713727
2022-08-19,2022-08-22,open,2022-08-23,2022-08-23,0,1,EXECUTED_ON_TIME,open,57,45,12,0.005966013175210204,0.009762374484965752,-0.0037963613097555483,0.0,0.0,0.0,0.0,0.0,0.005966013175210204,-0.006485336142923151,0.0,1.0,0.5,1.1040344303385201,0.8756409769678711
2022-08-22,2022-08-23,open,2022-08-24,2022-08-24,0,1,EXECUTED_ON_TIME,open,57,44,13,-0.0009259263111769743,-0.0016656564159145404,0.0007397301047375661,6.8181818181818115e-06,6.8181818181818115e-06,1.1363636363636354e-05,9.090909090909083e-06,3.4090909090909065e-05,-0.0009600172202678833,0.0005545433791114055,0.022727272727272707,1.0,0.5113636363636364,1.1029745382736265,0.874182459956547
2022-08-23,2022-08-24,open,2022-08-25,2022-08-25,0,1,EXECUTED_ON_TIME,open,57,43,14,-0.026830479979482316,-0.018059164568428154,-0.008771315411054161,6.976744186046524e-06,6.976744186046524e-06,1.1627906976744207e-05,9.302325581395366e-06,3.4883720930232624e-05,-0.026865363700412547,-0.01728301430536204,0.023255813953488413,1.0,0.5116279069767442,1.0733427261506108,0.8583954550493583
2022-08-24,2022-08-25,open,2022-08-26,2022-08-26,0,1,EXECUTED_ON_TIME,open,57,44,13,-0.006078897791692991,0.008433059430116963,-0.014511957221809955,6.8181818181818115e-06,6.8181818181818115e-06,1.1363636363636354e-05,9.090909090909083e-06,3.4090909090909065e-05,-0.0061129887007839,-0.01877990873536243,0.022727272727272707,1.0,0.5113636363636364,1.0667813941935835,0.8656343549363319
2022-08-25,2022-08-26,open,2022-08-29,2022-08-29,0,1,EXECUTED_ON_TIME,open,58,45,13,-0.025416836297518113,-0.015487858706812019,-0.009928977590706094,1.3333333333333318e-05,1.3333333333333318e-05,2.22222222222222e-05,1.777777777777776e-05,6.66666666666666e-05,-0.02548350296418478,-0.012104191529631781,0.0444444444444444,1.0,0.5222222222222221,1.0395960673725142,0.8522275323553157
2022-08-26,2022-08-29,open,2022-08-30,2022-08-30,0,1,EXECUTED_ON_TIME,open,58,47,11,0.02205421480468602,0.006063904890962757,0.01599030991372326,1.914893617021276e-05,1.914893617021276e-05,3.191489361702127e-05,2.5531914893617015e-05,9.57446808510638e-05,0.021958470123834953,0.01806973686949035,0.06382978723404253,1.0,0.5319148936170213,1.0624240065587698,0.8573953590569782
2022-08-29,2022-08-30,open,2022-08-31,2022-08-31,0,1,EXECUTED_ON_TIME,open,58,46,12,-0.0031459260200701793,-0.007675626864058094,0.0045297008439879145,1.3043478260869556e-05,1.3043478260869556e-05,2.1739130434782593e-05,1.7391304347826075e-05,6.521739130434778e-05,-0.003211143411374527,0.0028378267346551213,0.04347826086956519,1.0,0.5217391304347826,1.0590124107100225,0.8508143122058817
2022-08-30,2022-08-31,open,2022-09-01,2022-09-01,0,1,EXECUTED_ON_TIME,open,58,46,12,-0.005948748635227522,0.002228907822842796,-0.008177656458070318,0.0,0.0,0.0,0.0,0.0,-0.005948748635227522,-0.011531824415676545,0.0,1.0,0.5,1.0527126120771222,0.852710698882144
2022-08-31,2022-09-01,open,2022-09-02,2022-09-02,0,1,EXECUTED_ON_TIME,open,58,46,12,-0.011514100722368107,-0.002790083190959969,-0.008724017531408139,0.0,0.0,0.0,0.0,0.0,-0.011514100722368107,-0.010603280819619877,0.0,1.0,0.5,1.0405915730299589,0.8503315650944412
2022-09-01,2022-09-02,open,2022-09-05,2022-09-05,0,1,EXECUTED_ON_TIME,open,58,46,12,0.015988208107013513,-0.010958996676072696,0.02694720478308621,0.0,0.0,0.0,0.0,0.0,0.015988208107013513,0.028465079458857796,0.0,1.0,0.5,1.0572287676539665,0.8410127842990115
2022-09-02,2022-09-05,open,2022-09-06,2022-09-06,0,1,EXECUTED_ON_TIME,open,58,46,12,-0.0031210906141264216,0.00350787513979256,-0.006628965753918982,6.521739130434778e-06,6.521739130434778e-06,1.0869565217391297e-05,8.695652173913038e-06,3.260869565217389e-05,-0.0031536993097785954,-0.009704571971808334,0.021739130434782594,1.0,0.5108695652173914,1.053894586019138,0.8439629521373018
2022-09-05,2022-09-06,open,2022-09-07,2022-09-07,0,1,EXECUTED_ON_TIME,open,58,45,13,0.010252739759937181,0.002049957845412287,0.008202781914524894,6.666666666666676e-06,6.666666666666676e-06,1.1111111111111127e-05,8.888888888888902e-06,3.333333333333338e-05,0.010219406426603848,0.009810500611263253,0.022222222222222254,1.0,0.5111111111111111,1.064664763124465,0.8456930406122729
2022-09-06,2022-09-07,open,2022-09-08,2022-09-08,0,1,EXECUTED_ON_TIME,open,58,46,12,0.010165573817428554,0.006557851853449925,0.003607721963978629,6.521739130434778e-06,6.521739130434778e-06,1.0869565217391297e-05,8.695652173913038e-06,3.260869565217389e-05,0.01013296512177638,0.006478360152645897,0.021739130434782594,1.0,0.5108695652173914,1.0754529740355894,0.8512389702861018
2022-09-07,2022-09-08,open,2022-09-09,2022-09-09,0,1,EXECUTED_ON_TIME,open,58,44,14,-0.006845894295348368,-0.002114718554462658,-0.00473117574088571,0.0,0.0,0.0,0.0,0.0,-0.006845894295348368,-0.009526040298420347,0.0,1.0,0.5,1.0680905366557238,0.8494388394413561
2022-09-08,2022-09-09,open,2022-09-13,2022-09-13,0,1,EXECUTED_ON_TIME,open,58,46,12,0.005931883035128357,0.015164969998160638,-0.00923308696303228,1.3043478260869556e-05,1.3043478260869556e-05,2.1739130434782593e-05,1.7391304347826075e-05,6.521739130434778e-05,0.005866665643824009,-0.010557325199047757,0.04347826086956519,1.0,0.5217391304347826,1.0743566667116156,0.8623205539567567
2022-09-09,2022-09-13,open,2022-09-14,2022-09-14,0,1,EXECUTED_ON_TIME,open,58,46,12,-0.015079719729353742,-0.013124475317679019,-0.001955244411674724,0.0,0.0,0.0,0.0,0.0,-0.015079719729353742,-0.00412016813573105,0.0,1.0,0.5,1.0581556692882417,0.8510030491304239
2022-09-13,2022-09-14,open,2022-09-15,2022-09-15,0,1,EXECUTED_ON_TIME,open,58,46,12,0.01644032652582612,0.005077815814712672,0.011362510711113449,6.521739130434778e-06,6.521739130434778e-06,1.0869565217391297e-05,8.695652173913038e-06,3.260869565217389e-05,0.016407717830173946,0.01017256673354296,0.021739130434782594,1.0,0.5108695652173914,1.0755175889303221,0.8553242858716671
2022-09-14,2022-09-15,open,2022-09-16,2022-09-16,0,1,EXECUTED_ON_TIME,open,58,45,13,-0.028182137331202423,-0.015953072707881266,-0.012229064623321156,6.666666666666676e-06,6.666666666666676e-06,1.1111111111111127e-05,8.888888888888902e-06,3.333333333333338e-05,-0.028215470664535756,-0.01672213175858969,0.022222222222222254,1.0,0.5111111111111111,1.0451713539506664,0.8416792353503397
2022-09-15,2022-09-16,open,2022-09-19,2022-09-19,0,1,EXECUTED_ON_TIME,open,58,46,12,-0.015830604062787208,-0.021217699995241146,0.0053870959324539384,6.521739130434778e-06,6.521739130434778e-06,1.0869565217391297e-05,8.695652173913038e-06,3.260869565217389e-05,-0.015863212758439382,0.0060984223895868585,0.021739130434782594,1.0,0.5108695652173914,1.0285915783939208,0.8238207378424522
2022-09-16,2022-09-19,open,2022-09-20,2022-09-20,0,1,EXECUTED_ON_TIME,open,58,46,12,-0.0046986153046158306,0.004384200890738876,-0.009082816195354707,6.521739130434778e-06,6.521739130434778e-06,1.0869565217391297e-05,8.695652173913038e-06,3.260869565217389e-05,-0.004731224000268004,-0.012793046267068793,0.021739130434782594,1.0,0.5108695652173914,1.02372508123175,0.8274325334551103
2022-09-19,2022-09-20,open,2022-09-21,2022-09-21,0,1,EXECUTED_ON_TIME,open,58,46,12,-0.002577299206026743,-0.006166035633699551,0.0035887364276728085,6.521739130434778e-06,6.521739130434778e-06,1.0869565217391297e-05,8.695652173913038e-06,3.260869565217389e-05,-0.0026099079016789167,0.006733243441797163,0.021739130434782594,1.0,0.5108695652173914,1.0210532530530962,0.8223305549693437
2022-09-20,2022-09-21,open,2022-09-22,2022-09-22,0,1,EXECUTED_ON_TIME,open,58,47,11,-0.008740284703974264,-0.01176670701024507,0.0030264223062708064,1.2765957446808494e-05,1.2765957446808494e-05,2.1276595744680825e-05,1.7021276595744662e-05,6.382978723404247e-05,-0.008804114491208307,0.0031852723342600513,0.04255319148936165,1.0,0.5212765957446808,1.0120637833115962,0.8126544322634472
2022-09-21,2022-09-22,open,2022-09-23,2022-09-23,0,1,EXECUTED_ON_TIME,open,58,47,11,0.005754824917258406,-0.0025991070859473497,0.008353932003205757,0.0,0.0,0.0,0.0,0.0,0.005754824917258406,0.007956106301154377,0.0,1.0,0.5,1.0178880331896525,0.8105422563701248
2022-09-22,2022-09-23,open,2022-09-26,2022-09-26,0,1,EXECUTED_ON_TIME,open,58,47,11,-0.023699900107415184,-0.009187072537486074,-0.01451282756992911,6.382978723404264e-06,6.382978723404264e-06,1.0638297872340441e-05,8.510638297872353e-06,3.191489361702132e-05,-0.023731815001032205,-0.01656836771290686,0.021276595744680882,1.0,0.5106382978723405,0.9937317026942312,0.8030957458661548
2022-09-23,2022-09-26,open,2022-09-27,2022-09-27,0,1,EXECUTED_ON_TIME,open,58,47,11,-0.0007016364332703529,0.0037792498216522308,-0.004480886254922584,0.0,0.0,0.0,0.0,0.0,-0.0007016364332703529,-0.002114812161216673,0.0,1.0,0.5,0.993034464326725,0.8061308453204892
2022-09-26,2022-09-27,open,2022-09-28,2022-09-28,0,1,EXECUTED_ON_TIME,open,58,47,11,0.018165678615039,0.009201447736760127,0.008964230878278873,6.382978723404264e-06,6.382978723404264e-06,1.0638297872340441e-05,8.510638297872353e-06,3.191489361702132e-05,0.01813376372142198,0.005745167773715807,0.021276595744680882,1.0,0.5106382978723405,1.0110419166700548,0.8135484161626959
2022-09-27,2022-09-28,open,2022-09-29,2022-09-29,0,1,EXECUTED_ON_TIME,open,58,47,11,-0.014946502079715679,-0.003898500814550565,-0.011048001265165114,0.0,0.0,0.0,0.0,0.0,-0.014946502079715679,-0.015740460409103294,0.0,1.0,0.5,0.995930376559866,0.8103767969996093
2022-09-28,2022-09-29,open,2022-09-30,2022-09-30,0,1,EXECUTED_ON_TIME,open,58,46,12,-0.010004126465129104,-0.008013319821670861,-0.0019908066434582428,6.521739130434778e-06,6.521739130434778e-06,1.0869565217391297e-05,8.695652173913038e-06,3.260869565217389e-05,-0.010036735160781279,-0.004347532791873579,0.021739130434782594,1.0,0.5108695652173914,0.9859344871317575,0.8038829885491902
2022-09-29,2022-09-30,open,2022-10-10,2022-10-10,0,1,EXECUTED_ON_TIME,open,57,46,11,-0.015540937091026453,-0.0069886652666727445,-0.008552271824353709,6.521739130434778e-06,6.521739130434778e-06,1.0869565217391297e-05,8.695652173913038e-06,3.260869565217389e-05,-0.015573545786678628,-0.011699476394099614,0.021739130434782594,1.0,0.5108695652173914,0.9705799912537456,0.7982649194286473
2022-09-30,2022-10-10,open,2022-10-11,2022-10-11,0,1,EXECUTED_ON_TIME,open,58,46,12,-0.03222089649667094,-0.01958224748854609,-0.01263864900812485,1.3043478260869556e-05,1.3043478260869556e-05,2.1739130434782593e-05,1.7391304347826075e-05,6.521739130434778e-05,-0.03228611388797529,-0.015907634323926268,0.04347826086956519,1.0,0.5217391304347826,0.9392437351187372,0.7826330982149712
2022-10-10,2022-10-11,open,2022-10-12,2022-10-12,0,1,EXECUTED_ON_TIME,open,58,47,11,-0.013878988286544535,-0.0024525598610295463,-0.011426428425514988,1.914893617021276e-05,1.914893617021276e-05,3.191489361702127e-05,2.5531914893617015e-05,9.57446808510638e-05,-0.013974732967395598,-0.009857980140409874,0.06382978723404253,1.0,0.5319148936170213,0.9261180547291535,0.780713643692376
2022-10-11,2022-10-12,open,2022-10-13,2022-10-13,0,1,EXECUTED_ON_TIME,open,58,47,11,0.029218476089039373,0.009012411405621368,0.020206064683418005,6.382978723404264e-06,6.382978723404264e-06,1.0638297872340441e-05,8.510638297872353e-06,3.191489361702132e-05,0.02918656119542235,0.023778529619468854,0.021276595744680882,1.0,0.5106382978723405,0.9531482560076914,0.7877497562393133
2022-10-12,2022-10-13,open,2022-10-14,2022-10-14,0,1,EXECUTED_ON_TIME,open,58,47,11,0.020482587523946667,0.007160544965975513,0.013322042557971155,6.382978723404264e-06,6.382978723404264e-06,1.0638297872340441e-05,8.510638297872353e-06,3.191489361702132e-05,0.020450672630329646,0.016689673015100125,0.021276595744680882,1.0,0.5106382978723405,0.9726407789594744,0.7933904737908012
2022-10-13,2022-10-14,open,2022-10-17,2022-10-17,0,1,EXECUTED_ON_TIME,open,57,45,12,0.0103820027989887,0.010289122029457864,9.288076953083493e-05,0.0,0.0,0.0,0.0,0.0,0.0103820027989887,0.0013412450600575523,0.0,1.0,0.5,0.9827387382490422,0.8015537651926441
2022-10-14,2022-10-17,open,2022-10-18,2022-10-18,0,1,EXECUTED_ON_TIME,open,58,47,11,0.02285462727213507,0.011402467085426027,0.011452160186709043,1.2765957446808494e-05,1.2765957446808494e-05,2.1276595744680825e-05,1.7021276595744662e-05,6.382978723404247e-05,0.022790797484901027,0.014912539815210344,0.04255319148936165,1.0,0.5212765957446808,1.0051361378130435,0.8106934556174525
2022-10-17,2022-10-18,open,2022-10-19,2022-10-19,0,1,EXECUTED_ON_TIME,open,58,46,12,-0.008821727909701203,-0.009922847018981273,0.0011011191092800705,0.0,0.0,0.0,0.0,0.0,-0.008821727909701203,0.0009406418418691411,0.0,1.0,0.5,0.9962691002930489,0.8026490684780713
2022-10-18,2022-10-19,open,2022-10-20,2022-10-20,0,1,EXECUTED_ON_TIME,open,58,47,11,-0.014415705431973739,-0.021133303339598508,0.006717597907624769,1.2765957446808494e-05,1.2765957446808494e-05,2.1276595744680825e-05,1.7021276595744662e-05,6.382978723404247e-05,-0.014479535219207782,0.0062602230703303376,0.04255319148936165,1.0,0.5212765957446808,0.9818435867675473,0.785686442238678
2022-10-19,2022-10-20,open,2022-10-21,2022-10-21,0,1,EXECUTED_ON_TIME,open,58,46,12,0.02054895698427515,0.0019513801790913554,0.018597576805183796,6.521739130434778e-06,6.521739130434778e-06,1.0869565217391297e-05,8.695652173913038e-06,3.260869565217389e-05,0.020516348288622976,0.020646153232715958,0.021739130434782594,1.0,0.5108695652173914,1.0019874317586213,0.7872196151890434
2022-10-20,2022-10-21,open,2022-10-24,2022-10-24,0,1,EXECUTED_ON_TIME,open,58,47,11,-0.004867343563684496,-0.006919488850232636,0.0020521452865481394,6.382978723404264e-06,6.382978723404264e-06,1.0638297872340441e-05,8.510638297872353e-06,3.191489361702132e-05,-0.004899258457301518,0.00229508435788301,0.021276595744680882,1.0,0.5106382978723405,0.997078436359468,0.7817724578390584
2022-10-21,2022-10-24,open,2022-10-25,2022-10-25,0,1,EXECUTED_ON_TIME,open,58,45,13,-0.010259570440432008,-0.028428491529447375,0.01816892108901537,0.0,0.0,0.0,0.0,0.0,-0.010259570440432008,0.017165881221941008,0.0,1.0,0.5,0.9868488399070022,0.7595478461434254
2022-10-24,2022-10-25,open,2022-10-26,2022-10-26,0,1,EXECUTED_ON_TIME,open,58,46,12,0.0028934310975108563,0.00314058558737651,-0.00024715448986565355,6.521739130434778e-06,6.521739130434778e-06,1.0869565217391297e-05,8.695652173913038e-06,3.260869565217389e-05,0.0028608224018586825,0.00152993751612114,0.021739130434782594,1.0,0.5108695652173914,0.9896720391754564,0.7619332711619463
2022-10-25,2022-10-26,open,2022-10-27,2022-10-27,0,1,EXECUTED_ON_TIME,open,58,46,12,0.022594697606926534,0.009455287477455165,0.013139410129471368,6.521739130434778e-06,6.521739130434778e-06,1.0869565217391297e-05,8.695652173913038e-06,3.260869565217389e-05,0.02256208891127436,0.021054460552070126,0.021739130434782594,1.0,0.5108695652173914,1.0120011077163353,0.7691375692794203
2022-10-26,2022-10-27,open,2022-10-28,2022-10-28,0,1,EXECUTED_ON_TIME,open,57,44,13,-0.007918621341172409,-0.017042178061518753,0.009123556720346345,0.0,0.0,0.0,0.0,0.0,-0.007918621341172409,0.006714092034419561,0.0,1.0,0.5,1.0039874541474827,0.7560297898699567
2022-10-27,2022-10-28,open,2022-10-31,2022-10-31,0,1,EXECUTED_ON_TIME,open,57,45,12,-0.025609408832706078,-0.027919149219452044,0.002309740386745966,6.666666666666676e-06,6.666666666666676e-06,1.1111111111111127e-05,8.888888888888902e-06,3.333333333333338e-05,-0.02564274216603941,-0.0005013459929139631,0.022222222222222254,1.0,0.5111111111111111,0.9782424627228404,0.7349220813522265
2022-10-28,2022-10-31,open,2022-11-01,2022-11-01,0,1,EXECUTED_ON_TIME,open,58,48,10,0.014178284137096058,0.004368660128229118,0.00980962400886694,1.875e-05,1.875e-05,3.125e-05,2.5e-05,9.375e-05,0.014084534137096058,0.014081256622539408,0.0625,1.0,0.53125,0.9920205520834172,0.7381327061463852
2022-10-31,2022-11-01,open,2022-11-02,2022-11-02,0,1,EXECUTED_ON_TIME,open,58,47,11,0.024317727210130646,0.02856739427078181,-0.004249667060651163,0.0,0.0,0.0,0.0,0.0,0.024317727210130646,0.0017488564921204486,0.0,1.0,0.5,1.016144237255825,0.7592192341870281
2022-11-01,2022-11-02,open,2022-11-03,2022-11-03,0,1,EXECUTED_ON_TIME,open,58,46,12,0.0063169125316680915,0.006820023041850032,-0.0005031105101819403,6.521739130434778e-06,6.521739130434778e-06,1.0869565217391297e-05,8.695652173913038e-06,3.260869565217389e-05,0.006284303836015918,-0.0009984181735795883,0.021739130434782594,1.0,0.5108695652173914,1.0225299963839571,0.7643971268579993
2022-11-02,2022-11-03,open,2022-11-04,2022-11-04,0,1,EXECUTED_ON_TIME,open,58,47,11,0.014158850889474784,0.00046940242410276056,0.013689448465372024,1.2765957446808494e-05,1.2765957446808494e-05,2.1276595744680825e-05,1.7021276595744662e-05,6.382978723404247e-05,0.014095021102240741,0.01818871727234094,0.04255319148936165,1.0,0.5212765957446808,1.0369425782606632,0.7647559367223237
2022-11-03,2022-11-04,open,2022-11-07,2022-11-07,0,1,EXECUTED_ON_TIME,open,58,46,12,0.016148581308905417,0.029547235074535827,-0.01339865376563041,6.521739130434778e-06,6.521739130434778e-06,1.0869565217391297e-05,8.695652173913038e-06,3.260869565217389e-05,0.016115972613253243,-0.013090910657219481,0.021739130434782594,1.0,0.5108695652173914,1.0536539164534282,0.787352360159305
2022-11-04,2022-11-07,open,2022-11-08,2022-11-08,0,1,EXECUTED_ON_TIME,open,58,45,13,0.0003553229942451614,0.005097318620767455,-0.004741995626522293,6.666666666666676e-06,6.666666666666676e-06,1.1111111111111127e-05,8.888888888888902e-06,3.333333333333338e-05,0.000321989660911828,-0.009206257727719677,0.022222222222222254,1.0,0.5111111111111111,1.0539931821207056,0.7913657460058502
2022-11-07,2022-11-08,open,2022-11-09,2022-11-09,0,1,EXECUTED_ON_TIME,open,58,46,12,-0.0028788822442844097,-0.006062812743381052,0.0031839304990966422,6.521739130434778e-06,6.521739130434778e-06,1.0869565217391297e-05,8.695652173913038e-06,3.260869565217389e-05,-0.0029114909399365835,0.0025140534884548855,0.021739130434782594,1.0,0.5108695652173914,1.0509244905202062,0.7865678436762906
2022-11-08,2022-11-09,open,2022-11-10,2022-11-10,0,1,EXECUTED_ON_TIME,open,58,47,11,-0.01496301873521257,-0.01731772201103665,0.002354703275824082,6.382978723404264e-06,6.382978723404264e-06,1.0638297872340441e-05,8.510638297872353e-06,3.191489361702132e-05,-0.014994933628829591,0.002042325008123777,0.021276595744680882,1.0,0.5106382978723405,1.035165947535944,0.7729462804166841
2022-11-09,2022-11-10,open,2022-11-11,2022-11-11,0,1,EXECUTED_ON_TIME,open,58,47,11,0.021716155582558273,0.027654580640925408,-0.005938425058367135,0.0,0.0,0.0,0.0,0.0,0.021716155582558273,-0.008280098735429117,0.0,1.0,0.5,1.057645772306401,0.7943217856595707
2022-11-10,2022-11-11,open,2022-11-14,2022-11-14,0,1,EXECUTED_ON_TIME,open,58,43,15,-0.01029945750253988,0.008022689945527128,-0.018322147448067008,0.0,0.0,0.0,0.0,0.0,-0.01029945750253988,-0.027513644759617362,0.0,1.0,0.5,1.0467525946217902,0.8006943830628949
2022-11-11,2022-11-14,open,2022-11-15,2022-11-15,0,1,EXECUTED_ON_TIME,open,58,45,13,-0.0033379907983494194,-0.007652669031689485,0.004314678233340066,1.3333333333333318e-05,1.3333333333333318e-05,2.22222222222222e-05,1.777777777777776e-05,6.66666666666666e-05,-0.003404657465016086,0.00328918995193995,0.0444444444444444,1.0,0.5222222222222221,1.0431887605864862,0.7945669339537818
2022-11-14,2022-11-15,open,2022-11-16,2022-11-16,0,1,EXECUTED_ON_TIME,open,58,47,11,0.031823357914238244,0.018972394815839788,0.012850963098398456,1.2765957446808494e-05,1.2765957446808494e-05,2.1276595744680825e-05,1.7021276595744662e-05,6.382978723404247e-05,0.0317595281270042,0.020697527756405404,0.04255319148936165,1.0,0.5212765957446808,1.0763199433701074,0.8096417715323642
2022-11-15,2022-11-16,open,2022-11-17,2022-11-17,0,1,EXECUTED_ON_TIME,open,58,46,12,-0.00978637493926419,-0.01024137156675109,0.00045499662748690016,0.0,0.0,0.0,0.0,0.0,-0.00978637493926419,-0.0010414775674577395,0.0,1.0,0.5,1.0657866728496799,0.8013499293141386
2022-11-16,2022-11-17,open,2022-11-18,2022-11-18,0,1,EXECUTED_ON_TIME,open,58,47,11,0.00993824223076328,0.0006673172355480261,0.009270924995215254,6.382978723404264e-06,6.382978723404264e-06,1.0638297872340441e-05,8.510638297872353e-06,3.191489361702132e-05,0.009906327337146258,0.011251022514349738,0.021276595744680882,1.0,0.5106382978723405,1.0763447045024968,0.8018846839336752
2022-11-17,2022-11-18,open,2022-11-21,2022-11-21,0,1,EXECUTED_ON_TIME,open,58,47,11,-0.013080605997178734,-0.014172734550074395,0.001092128552895661,0.0,0.0,0.0,0.0,0.0,-0.013080605997178734,-0.00018206614279457634,0.0,1.0,0.5,1.0622654635057498,0.7905197851685128
2022-11-18,2022-11-21,open,2022-11-22,2022-11-22,0,1,EXECUTED_ON_TIME,open,58,47,11,-0.003387080031496936,-0.0009404113457379681,-0.0024466686857589678,0.0,0.0,0.0,0.0,0.0,-0.003387080031496936,-0.005471733576502241,0.0,1.0,0.5,1.0586674853661606,0.78977637139351
2022-11-21,2022-11-22,open,2022-11-23,2022-11-23,0,1,EXECUTED_ON_TIME,open,58,47,11,-0.007341255204453751,-0.0015575869033122025,-0.005783668301141549,6.382978723404264e-06,6.382978723404264e-06,1.0638297872340441e-05,8.510638297872353e-06,3.191489361702132e-05,-0.007373170098070773,-0.00992618267888954,0.021276595744680882,1.0,0.5106382978723405,1.050861749919259,0.788546226060882
2022-11-22,2022-11-23,open,2022-11-24,2022-11-24,0,1,EXECUTED_ON_TIME,open,58,47,11,-0.0025058547885300794,0.008330372510515272,-0.010836227299045351,0.0,0.0,0.0,0.0,0.0,-0.0025058547885300794,-0.011261637998689684,0.0,1.0,0.5,1.0482284429711408,0.7951151098657301
2022-11-23,2022-11-24,open,2022-11-25,2022-11-25,0,1,EXECUTED_ON_TIME,open,58,48,10,-0.008216664006399685,-0.010617849211665975,0.00240118520526629,6.2500000000000105e-06,6.2500000000000105e-06,1.0416666666666685e-05,8.333333333333349e-06,3.1250000000000055e-05,-0.008247914006399685,0.0012523205841187147,0.02083333333333337,1.0,0.5104166666666667,1.0395827449144526,0.7866726975232585
2022-11-24,2022-11-25,open,2022-11-28,2022-11-28,0,1,EXECUTED_ON_TIME,open,58,45,13,-0.022034753694892578,-0.013163499838188653,-0.008871253856703926,0.0,0.0,0.0,0.0,0.0,-0.022034753694892578,-0.013293177773741274,0.0,1.0,0.5,1.0166757951848022,0.7763173315967037
2022-11-25,2022-11-28,open,2022-11-29,2022-11-29,0,1,EXECUTED_ON_TIME,open,58,47,11,0.0054368241716532964,0.017468857900614365,-0.01203203372896107,1.2765957446808494e-05,1.2765957446808494e-05,2.1276595744680825e-05,1.7021276595744662e-05,6.382978723404247e-05,0.005372994384419254,-0.010939888467236258,0.04255319148936165,1.0,0.5212765957446808,1.022138388523105,0.7898787087481506
2022-11-28,2022-11-29,open,2022-11-30,2022-11-30,0,1,EXECUTED_ON_TIME,open,58,47,11,0.01375006355643603,0.0185818928096384,-0.00483182925320237,1.2765957446808494e-05,1.2765957446808494e-05,2.1276595744680825e-05,1.7021276595744662e-05,6.382978723404247e-05,0.013686233769201988,-0.006656469037480095,0.04255319148936165,1.0,0.5212765957446808,1.0361276134529078,0.8045561502467243
2022-11-29,2022-11-30,open,2022-12-01,2022-12-01,0,1,EXECUTED_ON_TIME,open,58,46,12,0.013207514686060615,0.022086191796818033,-0.008878677110757419,0.0,0.0,0.0,0.0,0.0,0.013207514686060615,-0.009635184717972374,0.0,1.0,0.5,1.0498122841242201,0.822325731692383
2022-11-30,2022-12-01,open,2022-12-02,2022-12-02,0,1,EXECUTED_ON_TIME,open,58,45,13,0.0045401329005383285,-0.00889808086359234,0.013438213764130668,0.0,0.0,0.0,0.0,0.0,0.0045401329005383285,0.015683290428992053,0.0,1.0,0.5,1.0545785714147617,0.8150086108355714
2022-12-01,2022-12-02,open,2022-12-05,2022-12-05,0,1,EXECUTED_ON_TIME,open,58,46,12,0.0038126952520695016,0.005463921266013916,-0.0016512260139444142,6.521739130434778e-06,6.521739130434778e-06,1.0869565217391297e-05,8.695652173913038e-06,3.260869565217389e-05,0.003780086556417328,-0.0023443193839760754,0.021739130434782594,1.0,0.5108695652173914,1.0585649696952524,0.8194617537163004
2022-12-02,2022-12-05,open,2022-12-06,2022-12-06,0,1,EXECUTED_ON_TIME,open,58,46,12,0.0027376144349668613,0.0054682649723438725,-0.002730650537377011,0.0,0.0,0.0,0.0,0.0,0.0027376144349668613,-0.003718270372940943,0.0,1.0,0.5,1.0614629124366404,0.8239427877203227
2022-12-05,2022-12-06,open,2022-12-07,2022-12-07,0,1,EXECUTED_ON_TIME,open,57,46,11,0.012332898990644802,0.00704147563022306,0.005291423360421743,0.0,0.0,0.0,0.0,0.0,0.012332898990644802,0.001971184125663033,0.0,1.0,0.5,1.074553827318037,0.8297445607807534
2022-12-06,2022-12-07,open,2022-12-08,2022-12-08,0,1,EXECUTED_ON_TIME,open,57,45,12,-0.0073232711504634925,-0.0008777578732833691,-0.006445513277180123,6.666666666666676e-06,6.666666666666676e-06,1.1111111111111127e-05,8.888888888888902e-06,3.333333333333338e-05,-0.007356604483796826,-0.00516806014624439,0.022222222222222254,1.0,0.5111111111111111,1.066648759813908,0.829016245959714
2022-12-07,2022-12-08,open,2022-12-09,2022-12-09,0,1,EXECUTED_ON_TIME,open,57,45,12,-0.006574868499852407,0.002224274568520368,-0.008799143068372775,6.666666666666676e-06,6.666666666666676e-06,1.1111111111111127e-05,8.888888888888902e-06,3.333333333333338e-05,-0.00660820183318574,-0.010018404661352936,0.022222222222222254,1.0,0.5111111111111111,1.0596001295239406,0.8308602057124924
2022-12-08,2022-12-09,open,2022-12-12,2022-12-12,0,1,EXECUTED_ON_TIME,open,57,45,12,0.002645399842580619,0.0035790077314643565,-0.0009336078888837374,6.666666666666676e-06,6.666666666666676e-06,1.1111111111111127e-05,8.888888888888902e-06,3.333333333333338e-05,0.0026120665092472855,-0.0011146370827819904,0.022222222222222254,1.0,0.5111111111111111,1.0623678755354642,0.8338338608125035
2022-12-09,2022-12-12,open,2022-12-13,2022-12-13,0,1,EXECUTED_ON_TIME,open,57,45,12,0.0023545153393073233,-0.00568989470274428,0.008044410042051604,0.0,0.0,0.0,0.0,0.0,0.0023545153393073233,0.009716027788082593,0.0,1.0,0.5,1.0648692369944,0.8290894339448976
2022-12-12,2022-12-13,open,2022-12-14,2022-12-14,0,1,EXECUTED_ON_TIME,open,57,44,13,0.0015850291207525145,-0.0001919794574390954,0.0017770085781916099,0.0,0.0,0.0,0.0,0.0,0.0015850291207525145,0.0003330321382010639,0.0,1.0,0.5,1.0665570857448294,0.8289302658052005
2022-12-13,2022-12-14,open,2022-12-15,2022-12-15,0,1,EXECUTED_ON_TIME,open,57,44,13,-0.0034875334070441685,0.00047637250559029454,-0.003963905912634463,0.0,0.0,0.0,0.0,0.0,-0.0034875334070441685,-0.005558095553531305,0.0,1.0,0.5,1.0628374322777747,0.8293251453928817
2022-12-14,2022-12-15,open,2022-12-16,2022-12-16,0,1,EXECUTED_ON_TIME,open,57,45,12,-0.004265795382873276,-0.005927166652506255,0.0016613712696329792,1.3333333333333318e-05,1.3333333333333318e-05,2.22222222222222e-05,1.777777777777776e-05,6.66666666666666e-05,-0.004332462049539942,0.0026894361365426295,0.0444444444444444,1.0,0.5222222222222221,1.0582327294376008,0.8244095970470241
2022-12-15,2022-12-16,open,2022-12-19,2022-12-19,0,1,EXECUTED_ON_TIME,open,57,45,12,-0.006231489033558734,0.00547894400533977,-0.011710433038898503,6.666666666666676e-06,6.666666666666676e-06,1.1111111111111127e-05,8.888888888888902e-06,3.333333333333338e-05,-0.006264822366892067,-0.014583267170248725,0.022222222222222254,1.0,0.5111111111111111,1.051603089364843,0.8289264910667095
2022-12-16,2022-12-19,open,2022-12-20,2022-12-20,0,1,EXECUTED_ON_TIME,open,57,44,13,-0.021717686274183755,-0.018099960761703615,-0.0036177255124801404,6.8181818181818115e-06,6.8181818181818115e-06,1.1363636363636354e-05,9.090909090909083e-06,3.4090909090909065e-05,-0.021751777183274666,-0.003626911103181165,0.022727272727272707,1.0,0.5113636363636364,1.0287288532797356,0.8139229541040653
2022-12-19,2022-12-20,open,2022-12-21,2022-12-21,0,1,EXECUTED_ON_TIME,open,57,43,14,-0.004930922326762698,-0.010879294326071154,0.0059483719993084555,0.0,0.0,0.0,0.0,0.0,-0.004930922326762698,0.006254256396689364,0.0,1.0,0.5,1.0236562712089134,0.8050680467276219
2022-12-20,2022-12-21,open,2022-12-22,2022-12-22,0,1,EXECUTED_ON_TIME,open,57,43,14,-0.006054857514363552,0.005262567006364405,-0.011317424520727957,6.976744186046524e-06,6.976744186046524e-06,1.1627906976744207e-05,9.302325581395366e-06,3.4883720930232624e-05,-0.0060897412352937845,-0.014499427600791592,0.023255813953488413,1.0,0.5116279069767442,1.0174224694033653,0.8093047712682089
2022-12-21,2022-12-22,open,2022-12-23,2022-12-23,0,1,EXECUTED_ON_TIME,open,57,43,14,-0.01757653716068202,-0.012331040287064443,-0.005245496873617576,6.976744186046524e-06,6.976744186046524e-06,1.1627906976744207e-05,9.302325581395366e-06,3.4883720930232624e-05,-0.01761142088161225,-0.00908527484597268,0.023255813953488413,1.0,0.5116279069767442,0.9995042140802934,0.7993252015291871
2022-12-22,2022-12-23,open,2022-12-26,2022-12-26,0,1,EXECUTED_ON_TIME,open,58,42,16,-0.0009771809781227475,0.004972169284628958,-0.005949350262751705,7.14285714285715e-06,7.14285714285715e-06,1.1904761904761919e-05,9.523809523809535e-06,3.571428571428576e-05,-0.0010128952638370334,-0.007583917084964453,0.023809523809523836,1.0,0.5119047619047619,0.9984918209956664,0.8032995817446603
2022-12-23,2022-12-26,open,2022-12-27,2022-12-27,0,1,EXECUTED_ON_TIME,open,58,43,15,0.023508529670729868,0.007919713212244162,0.015588816458485706,6.976744186046524e-06,6.976744186046524e-06,1.1627906976744207e-05,9.302325581395366e-06,3.4883720930232624e-05,0.023473645949799636,0.0190275803439188,0.023255813953488413,1.0,0.5116279069767442,1.0219300644854894,0.8096614840555937
2022-12-26,2022-12-27,open,2022-12-28,2022-12-28,0,1,EXECUTED_ON_TIME,open,58,44,14,0.0020287725409130816,0.0036281648991622895,-0.001599392358249208,1.3636363636363623e-05,1.3636363636363623e-05,2.272727272727271e-05,1.8181818181818165e-05,6.818181818181813e-05,0.0019605907227312636,-0.001083809499821755,0.045454545454545414,1.0,0.5227272727272727,1.0239336510891999,0.8125990694322478
2022-12-27,2022-12-28,open,2022-12-29,2022-12-29,0,1,EXECUTED_ON_TIME,open,58,44,14,-0.010370840168793593,-0.005336119804496331,-0.005034720364297262,0.0,0.0,0.0,0.0,0.0,-0.010370840168793593,-0.006203129816592547,0.0,1.0,0.5,1.0133145988503045,0.8082629434447351
2022-12-28,2022-12-29,open,2022-12-30,2022-12-30,0,1,EXECUTED_ON_TIME,open,58,45,13,0.006318113557534459,0.0051112594039390835,0.0012068541535953754,6.666666666666676e-06,6.666666666666676e-06,1.1111111111111127e-05,8.888888888888902e-06,3.333333333333338e-05,0.006284780224201126,0.0042823147622551815,0.022222222222222254,1.0,0.5111111111111111,1.0196830584020533,0.8123941850152725
2022-12-29,2022-12-30,open,2023-01-03,2023-01-03,0,1,EXECUTED_ON_TIME,open,58,45,13,-0.0029261586530080954,-0.0023490320955226185,-0.0005771265574854769,0.0,0.0,0.0,0.0,0.0,-0.0029261586530080954,-0.0023966694031018164,0.0,1.0,0.5,1.0166993039973844,0.8104858450004557
2022-12-30,2023-01-03,open,2023-01-04,2023-01-04,0,1,EXECUTED_ON_TIME,open,58,45,13,0.02218406861870918,0.005540726695776987,0.01664334192293219,0.0,0.0,0.0,0.0,0.0,0.02218406861870918,0.019046023400612802,0.0,1.0,0.5,1.0392538311218562,0.8149765255583992
2023-01-03,2023-01-04,open,2023-01-05,2023-01-05,0,1,EXECUTED_ON_TIME,open,58,46,12,-0.003734078236189701,0.007010099710517803,-0.010744177946707505,6.521739130434778e-06,6.521739130434778e-06,1.0869565217391297e-05,8.695652173913038e-06,3.260869565217389e-05,-0.003766686931841875,-0.012956740445957226,0.021739130434782594,1.0,0.5108695652173914,1.0353392872973028,0.8206895922642949
2023-01-04,2023-01-05,open,2023-01-06,2023-01-06,0,1,EXECUTED_ON_TIME,open,58,45,13,0.008014595237436745,0.014323776738581095,-0.0063091815011443505,6.666666666666676e-06,6.666666666666676e-06,1.1111111111111127e-05,8.888888888888902e-06,3.333333333333338e-05,0.007981261904103412,-0.00296463844454296,0.022222222222222254,1.0,0.5111111111111111,1.0436026013088302,0.8324449667555659
2023-01-05,2023-01-06,open,2023-01-09,2023-01-09,0,1,EXECUTED_ON_TIME,open,58,44,14,0.010737802714125545,0.007300325553356357,0.0034374771607691874,0.0,0.0,0.0,0.0,0.0,0.010737802714125545,0.006158901485372481,0.0,1.0,0.5,1.0548086001536328,0.8385220860181344
2023-01-06,2023-01-09,open,2023-01-10,2023-01-10,0,1,EXECUTED_ON_TIME,open,58,45,13,0.008449388558040742,0.0040477395681612904,0.004401648989879452,6.666666666666676e-06,6.666666666666676e-06,1.1111111111111127e-05,8.888888888888902e-06,3.333333333333338e-05,0.00841605522470741,0.005427748012621351,0.022222222222222254,1.0,0.5111111111111111,1.063685927584022,0.8419162050444872
2023-01-09,2023-01-10,open,2023-01-11,2023-01-11,0,1,EXECUTED_ON_TIME,open,58,45,13,0.008811883396711592,0.001288012368505509,0.007523871028206083,0.0,0.0,0.0,0.0,0.0,0.008811883396711592,0.008844879612862322,0.0,1.0,0.5,1.0730590039486156,0.8430006035298296
2023-01-10,2023-01-11,open,2023-01-12,2023-02-01,0,1,EXECUTED_ON_TIME,open,58,45,13,-0.008491615276989146,0.037376202895406774,-0.04586781817239592,0.0,0.0,0.0,0.0,0.0,-0.008491615276989146,-0.012787095289076256,0.0,1.0,0.5,1.0639469997175748,0.8745087651283109
2023-01-11,2023-01-12,open,2023-01-13,2023-01-13,0,1,EXECUTED_ON_TIME,open,58,44,14,0.000273262643066074,0.002619751824763039,-0.002346489181696965,0.0,0.0,0.0,0.0,0.0,0.000273262643066074,-0.0007690856171661705,0.0,1.0,0.5,1.0642377366867999,0.876799761061527
2023-01-12,2023-01-13,open,2023-01-16,2023-01-16,0,1,EXECUTED_ON_TIME,open,58,45,13,0.007916495474880806,0.011305731654783768,-0.0033892361799029627,1.3333333333333318e-05,1.3333333333333318e-05,2.22222222222222e-05,1.777777777777776e-05,6.66666666666666e-05,0.00784982880821414,-0.0056228352392651,0.0444444444444444,1.0,0.5222222222222221,1.0725918207310325,0.8867126238750672
2023-01-13,2023-01-16,open,2023-01-17,2023-01-17,0,1,EXECUTED_ON_TIME,open,58,46,12,0.030769593974607812,0.014949928627112197,0.015819665347495616,6.521739130434778e-06,6.521739130434778e-06,1.0869565217391297e-05,8.695652173913038e-06,3.260869565217389e-05,0.030736985278955638,0.018883605445716538,0.021739130434782594,1.0,0.5108695652173914,1.1055600597351705,0.8999689143147589
2023-01-16,2023-01-17,open,2023-01-18,2023-01-18,0,1,EXECUTED_ON_TIME,open,58,45,13,0.00731020929760875,0.00030419129210756957,0.00700601800550118,0.0,0.0,0.0,0.0,0.0,0.00731020929760875,0.009726812578428381,0.0,1.0,0.5,1.1136419351629114,0.9002426770216609
2023-01-17,2023-01-18,open,2023-01-19,2023-01-19,0,1,EXECUTED_ON_TIME,open,58,46,12,0.003635937818496589,-0.0035083676682361453,0.007144305486732734,6.521739130434778e-06,6.521739130434778e-06,1.0869565217391297e-05,8.695652173913038e-06,3.260869565217389e-05,0.0036033291228444154,0.008755370756468343,0.021739130434782594,1.0,0.5108695652173914,1.1176547535803047,0.8970842947200318
2023-01-18,2023-01-19,open,2023-01-20,2023-01-20,0,1,EXECUTED_ON_TIME,open,58,46,12,0.0198697240803781,0.010002722043486179,0.00986700203689192,6.521739130434778e-06,6.521739130434778e-06,1.0869565217391297e-05,8.695652173913038e-06,3.260869565217389e-05,0.019837115384725924,0.012323479171152328,0.021739130434782594,1.0,0.5108695652173914,1.1398257998873647,0.9060575795696931
2023-01-19,2023-01-20,open,2023-01-30,2023-01-30,0,1,EXECUTED_ON_TIME,open,58,45,13,0.012217605226016386,0.02418641062636362,-0.011968805400347234,0.0,0.0,0.0,0.0,0.0,0.012217605226016386,-0.010337985939017073,0.0,1.0,0.5,1.1537517415368168,0.9279718602402949
2023-01-20,2023-01-30,open,2023-01-31,2023-01-31,0,1,EXECUTED_ON_TIME,open,58,45,13,-0.007627601498097225,-0.01570990890717905,0.008082307409081824,0.0,0.0,0.0,0.0,0.0,-0.007627601498097225,0.009669313191724732,0.0,1.0,0.5,1.1449513830246383,0.9133935068474943
2023-01-30,2023-01-31,open,2023-02-01,2023-02-01,0,1,EXECUTED_ON_TIME,open,58,46,12,-0.005318801516294735,-0.0072487591597448775,0.0019299576434501425,1.3043478260869556e-05,1.3043478260869556e-05,2.1739130434782593e-05,1.7391304347826075e-05,6.521739130434778e-05,-0.005384018907599083,0.002848908201713826,0.04347826086956519,1.0,0.5217391304347826,1.1387869431301518,0.906772537298282
2023-01-31,2023-02-01,open,2023-02-02,2023-02-02,0,1,EXECUTED_ON_TIME,open,58,45,13,0.02747161293499795,0.008939764976264808,0.018531847958733142,6.666666666666676e-06,6.666666666666676e-06,1.1111111111111127e-05,8.888888888888902e-06,3.333333333333338e-05,0.027438279601664617,0.02192121495457249,0.022222222222222254,1.0,0.5111111111111111,1.1700332976824819,0.9148788706686599
2023-02-01,2023-02-02,open,2023-02-03,2023-02-03,0,1,EXECUTED_ON_TIME,open,58,43,15,0.005274090646043522,-0.010787153718247788,0.01606124436429131,0.0,0.0,0.0,0.0,0.0,0.005274090646043522,0.015461217276975126,0.0,1.0,0.5,1.1762041593533485,0.9050099316571801
2023-02-02,2023-02-03,open,2023-02-06,2023-02-06,0,1,EXECUTED_ON_TIME,open,58,45,13,0.004040409106229384,-0.013982373007761062,0.018022782113990447,1.9999999999999995e-05,1.9999999999999995e-05,3.333333333333333e-05,2.6666666666666663e-05,9.999999999999999e-05,0.0039404091062293835,0.019071221876582615,0.06666666666666665,1.0,0.5333333333333333,1.1808388849336493,0.8923557452170211
2023-02-03,2023-02-06,open,2023-02-07,2023-02-07,0,1,EXECUTED_ON_TIME,open,58,43,15,0.0017472883271590085,-0.0013448409547079931,0.003092129281867002,0.0,0.0,0.0,0.0,0.0,0.0017472883271590085,0.004131168984869634,0.0,1.0,0.5,1.1829021509335493,0.8911556686646843
2023-02-06,2023-02-07,open,2023-02-08,2023-02-08,0,1,EXECUTED_ON_TIME,open,58,41,17,0.014345893942292161,0.00037698447555967185,0.01396890946673249,7.317073170731713e-06,7.317073170731713e-06,1.2195121951219523e-05,9.75609756097562e-06,3.658536585365857e-05,0.014309308576438503,0.01427921805727407,0.024390243902439046,1.0,0.5121951219512195,1.1998286628269903,0.8914916205170779
2023-02-07,2023-02-08,open,2023-02-09,2023-02-09,0,1,EXECUTED_ON_TIME,open,58,42,16,-0.02162334250266569,-0.007876860095364258,-0.013746482407301433,1.42857142857143e-05,1.42857142857143e-05,2.3809523809523837e-05,1.904761904761907e-05,7.142857142857152e-05,-0.021694771074094264,-0.014566807022292284,0.04761904761904767,1.0,0.5238095238095238,1.1737986546588222,0.8844694657460753
2023-02-08,2023-02-09,open,2023-02-10,2023-02-10,0,1,EXECUTED_ON_TIME,open,58,42,16,0.0379314217775392,0.013899231554618918,0.02403219022292028,7.14285714285715e-06,7.14285714285715e-06,1.1904761904761919e-05,9.523809523809535e-06,3.571428571428576e-05,0.037895707491824915,0.026284381902200324,0.023809523809523836,1.0,0.5119047619047619,1.2182805851300704,0.8967629116534701
2023-02-09,2023-02-10,open,2023-02-13,2023-02-13,0,1,EXECUTED_ON_TIME,open,58,43,15,-0.00884288814557958,-0.006115032641069051,-0.0027278555045105284,6.976744186046524e-06,6.976744186046524e-06,1.1627906976744207e-05,9.302325581395366e-06,3.4883720930232624e-05,-0.008877771866509813,-0.0032710422501069456,0.023255813953488413,1.0,0.5116279069767442,1.2074649680258875,0.891279177177409
2023-02-10,2023-02-13,open,2023-02-14,2023-02-14,0,1,EXECUTED_ON_TIME,open,58,44,14,0.021528439161952375,0.012775929034272826,0.008752510127679549,6.8181818181818115e-06,6.8181818181818115e-06,1.1363636363636354e-05,9.090909090909083e-06,3.4090909090909065e-05,0.021494348252861464,0.010537202337554825,0.022727272727272707,1.0,0.5113636363636364,1.2334186405517664,0.9026660966947526
2023-02-13,2023-02-14,open,2023-02-15,2023-02-15,0,1,EXECUTED_ON_TIME,open,58,44,14,-0.0019646028295538342,-0.0010579953445315482,-0.000906607485022286,6.8181818181818115e-06,6.8181818181818115e-06,1.1363636363636354e-05,9.090909090909083e-06,3.4090909090909065e-05,-0.001998693738644743,-0.003570569640807823,0.022727272727272707,1.0,0.5113636363636364,1.2309534144377678,0.9017110801667831
2023-02-14,2023-02-15,open,2023-02-16,2023-02-16,0,1,EXECUTED_ON_TIME,open,58,44,14,0.005262549153366489,-0.005171630066640898,0.010434179220007386,6.8181818181818115e-06,6.8181818181818115e-06,1.1363636363636354e-05,9.090909090909083e-06,3.4090909090909065e-05,0.00522845824427558,0.012880839824729349,0.022727272727272707,1.0,0.5113636363636364,1.2373894029658044,0.8970477640331693
2023-02-15,2023-02-16,open,2023-02-17,2023-02-17,0,1,EXECUTED_ON_TIME,open,58,45,13,-0.02258084430575844,-0.009498452153471226,-0.013082392152287212,1.3333333333333318e-05,1.3333333333333318e-05,2.22222222222222e-05,1.777777777777776e-05,6.66666666666666e-05,-0.022647510972425105,-0.016147521441693576,0.0444444444444444,1.0,0.5222222222222221,1.2093656128849737,0.8885271987671219
2023-02-16,2023-02-17,open,2023-02-20,2023-02-20,0,1,EXECUTED_ON_TIME,open,58,45,13,-0.01777640914893315,-0.011321454722012292,-0.006454954426920859,0.0,0.0,0.0,0.0,0.0,-0.01777640914893315,-0.011474030844337136,0.0,1.0,0.5,1.18786743493968,0.8784677783170035
2023-02-17,2023-02-20,open,2023-02-21,2023-02-21,0,1,EXECUTED_ON_TIME,open,58,44,14,0.024141579914273893,0.02230243749817462,0.0018391424160992716,6.8181818181818115e-06,6.8181818181818115e-06,1.1363636363636354e-05,9.090909090909083e-06,3.4090909090909065e-05,0.024107489005182982,8.221785115453475e-05,0.022727272727272707,1.0,0.5113636363636364,1.2165039360671033,0.8980597510370788
2023-02-20,2023-02-21,open,2023-02-22,2023-02-22,0,1,EXECUTED_ON_TIME,open,58,44,14,-0.0031135216930886903,-0.0026866418260449443,-0.00042687986704374606,1.3636363636363623e-05,1.3636363636363623e-05,2.272727272727271e-05,1.8181818181818165e-05,6.818181818181813e-05,-0.0031817035112705083,-0.0026016698455896955,0.045454545454545414,1.0,0.5227272727272727,1.212633381222244,0.895646986147655
2023-02-21,2023-02-22,open,2023-02-23,2023-02-23,0,1,EXECUTED_ON_TIME,open,58,45,13,0.012138101875991923,-0.0030961646451646008,0.015234266521156524,1.3333333333333318e-05,1.3333333333333318e-05,2.22222222222222e-05,1.777777777777776e-05,6.66666666666666e-05,0.012071435209325257,0.015149800817740422,0.0444444444444444,1.0,0.5222222222222221,1.2272716065163334,0.8928739156145964
2023-02-22,2023-02-23,open,2023-02-24,2023-02-24,0,1,EXECUTED_ON_TIME,open,58,45,13,-0.00302958743332787,-0.0012722181552154987,-0.0017573692781123712,6.666666666666676e-06,6.666666666666676e-06,1.1111111111111127e-05,8.888888888888902e-06,3.333333333333338e-05,-0.0030629207666612035,-0.001190888336907086,0.022222222222222254,1.0,0.5111111111111111,1.2235125708264007,0.8917379852088332
2023-02-23,2023-02-24,open,2023-02-27,2023-02-27,0,1,EXECUTED_ON_TIME,open,58,45,13,-0.004629843656281099,-0.014760582200883166,0.010130738544602067,6.666666666666676e-06,6.666666666666676e-06,1.1111111111111127e-05,8.888888888888902e-06,3.333333333333338e-05,-0.004663176989614432,0.010459280814489663,0.022222222222222254,1.0,0.5111111111111111,1.217807115159619,0.8785754133765082
2023-02-24,2023-02-27,open,2023-02-28,2023-02-28,0,1,EXECUTED_ON_TIME,open,58,45,13,-0.002224942964508155,0.004374010167661702,-0.006598953132169856,6.666666666666676e-06,6.666666666666676e-06,1.1111111111111127e-05,8.888888888888902e-06,3.333333333333338e-05,-0.0022582762978414885,-0.006690152133569846,0.022222222222222254,1.0,0.5111111111111111,1.2150569702161114,0.8824183111676747
2023-02-27,2023-02-28,open,2023-03-01,2023-03-01,0,1,EXECUTED_ON_TIME,open,58,45,13,0.00501743567583729,0.0026127797778781048,0.0024046558979591856,1.3333333333333318e-05,1.3333333333333318e-05,2.22222222222222e-05,1.777777777777776e-05,6.66666666666666e-05,0.004950769009170624,0.00202115365395939,0.0444444444444444,1.0,0.5222222222222221,1.221072436608634,0.884723875886723
2023-02-28,2023-03-01,open,2023-03-02,2023-03-02,0,1,EXECUTED_ON_TIME,open,58,45,13,0.01996297598470894,0.012598270763896302,0.007364705220812638,6.666666666666676e-06,6.666666666666676e-06,1.1111111111111127e-05,8.888888888888902e-06,3.333333333333338e-05,0.019929642651375607,0.005822221962949979,0.022222222222222254,1.0,0.5111111111111111,1.2454079739216886,0.8958698668264277
2023-03-01,2023-03-02,open,2023-03-03,2023-03-03,0,1,EXECUTED_ON_TIME,open,58,45,13,-0.0007259525366316602,0.001462624199270346,-0.0021885767359020062,6.666666666666676e-06,6.666666666666676e-06,1.1111111111111127e-05,8.888888888888902e-06,3.333333333333338e-05,-0.0007592858699649935,-0.0063957466127474785,0.022222222222222254,1.0,0.5111111111111111,1.244462353244748,0.8971801877730451
2023-03-02,2023-03-03,open,2023-03-06,2023-03-06,0,1,EXECUTED_ON_TIME,open,58,45,13,0.0027202750445195784,0.0012445413471293687,0.0014757336973902097,6.666666666666676e-06,6.666666666666676e-06,1.1111111111111127e-05,8.888888888888902e-06,3.333333333333338e-05,0.002686941711186245,0.000399749537914744,0.022222222222222254,1.0,0.5111111111111111,1.2478061510496825,0.8982967656125539
2023-03-03,2023-03-06,open,2023-03-07,2023-03-07,0,1,EXECUTED_ON_TIME,open,58,45,13,0.0015395310861101795,-0.006659399930237453,0.008198931016347633,6.666666666666676e-06,6.666666666666676e-06,1.1111111111111127e-05,8.888888888888902e-06,3.333333333333338e-05,0.0015061977527768462,0.010794555062353028,0.022222222222222254,1.0,0.5111111111111111,1.2496855938702947,0.8923146481943012
2023-03-06,2023-03-07,open,2023-03-08,2023-03-08,0,1,EXECUTED_ON_TIME,open,58,45,13,-0.02424901696779088,-0.017765438603075,-0.006483578364715879,6.666666666666676e-06,6.666666666666676e-06,1.1111111111111127e-05,8.888888888888902e-06,3.333333333333338e-05,-0.024282350301124214,-0.007456637124202029,0.022222222222222254,1.0,0.5111111111111111,1.2193402905136677,0.8764622870971809
2023-03-07,2023-03-08,open,2023-03-09,2023-03-09,0,1,EXECUTED_ON_TIME,open,58,46,12,0.00862780634099666,0.001266269039002399,0.007361537301994261,1.3043478260869556e-05,1.3043478260869556e-05,2.1739130434782593e-05,1.7391304347826075e-05,6.521739130434778e-05,0.008562588949692312,0.0076553305516758804,0.04347826086956519,1.0,0.5217391304347826,1.2297810002111347,0.8775721241551853
2023-03-08,2023-03-09,open,2023-03-10,2023-03-10,0,1,EXECUTED_ON_TIME,open,58,46,12,-0.005897944805332706,-0.010913952797470095,0.005016007992137388,0.0,0.0,0.0,0.0,0.0,-0.005897944805332706,0.0074453641921843955,0.0,1.0,0.5,1.2225278197492426,0.86799434341578
2023-03-09,2023-03-10,open,2023-03-13,2023-03-13,0,1,EXECUTED_ON_TIME,open,58,46,12,4.1179997094797915e-05,-0.00730322892252,0.007344408919614798,0.0,0.0,0.0,0.0,0.0,4.1179997094797915e-05,0.00904026243578652,0.0,1.0,0.5,1.2225781634413082,0.8616551820223621
2023-03-10,2023-03-13,open,2023-03-14,2023-03-14,0,1,EXECUTED_ON_TIME,open,58,45,13,0.013821284604688917,0.009397011035311653,0.0044242735693772635,6.666666666666676e-06,6.666666666666676e-06,1.1111111111111127e-05,8.888888888888902e-06,3.333333333333338e-05,0.013787951271355584,0.0009538307064832618,0.022222222222222254,1.0,0.5111111111111111,1.2394350115842605,0.8697521652764597
2023-03-13,2023-03-14,open,2023-03-15,2023-03-15,0,1,EXECUTED_ON_TIME,open,58,46,12,0.004652487200933113,0.0029910897326919095,0.0016613974682412038,1.3043478260869556e-05,1.3043478260869556e-05,2.1739130434782593e-05,1.7391304347826075e-05,6.521739130434778e-05,0.004587269809628766,0.0016515095814974234,0.04347826086956519,1.0,0.5217391304347826,1.2451206343938979,0.8723536720480047
2023-03-14,2023-03-15,open,2023-03-16,2023-03-16,0,1,EXECUTED_ON_TIME,open,58,46,12,-0.010267611097472101,-0.01337240431083564,0.0031047932133635384,6.521739130434778e-06,6.521739130434778e-06,1.0869565217391297e-05,8.695652173913038e-06,3.260869565217389e-05,-0.010300219793124276,0.0031356851198864177,0.021739130434782594,1.0,0.5108695652173914,1.2322956181906863,0.8606882060433367
2023-03-15,2023-03-16,open,2023-03-17,2023-03-17,0,1,EXECUTED_ON_TIME,open,58,46,12,-0.0004935626241754269,0.0032749767823523346,-0.0037685394065277615,6.521739130434778e-06,6.521739130434778e-06,1.0869565217391297e-05,8.695652173913038e-06,3.260869565217389e-05,-0.0005261713198276008,-0.006922307188770062,0.021739130434782594,1.0,0.5108695652173914,1.2316472195788453,0.8635069399349732
2023-03-16,2023-03-17,open,2023-03-20,2023-03-20,0,1,EXECUTED_ON_TIME,open,58,45,13,0.026220281763962787,-0.0021394257948372797,0.028359707558800067,6.666666666666676e-06,6.666666666666676e-06,1.1111111111111127e-05,8.888888888888902e-06,3.333333333333338e-05,0.026186948430629454,0.025847579701613933,0.022222222222222254,1.0,0.5111111111111111,1.2639003018026846,0.8616595309136553
2023-03-17,2023-03-20,open,2023-03-21,2023-03-21,0,1,EXECUTED_ON_TIME,open,58,46,12,0.00552307098025599,-0.0036606696052629006,0.00918374058551889,1.9565217391304333e-05,1.9565217391304333e-05,3.260869565217389e-05,2.6086956521739115e-05,9.782608695652168e-05,0.005425244893299468,0.008940247131799464,0.06521739130434778,1.0,0.5326086956521738,1.2707572704606793,0.8585052800587546
2023-03-20,2023-03-21,open,2023-03-22,2023-03-22,0,1,EXECUTED_ON_TIME,open,58,45,13,0.013610384762619205,0.011556784595951886,0.0020536001666673197,6.666666666666676e-06,6.666666666666676e-06,1.1111111111111127e-05,8.888888888888902e-06,3.333333333333338e-05,0.013577051429285872,0.005753174123201242,0.022222222222222254,1.0,0.5111111111111111,1.288010407275863,0.868426840654881
2023-03-21,2023-03-22,open,2023-03-23,2023-03-23,0,1,EXECUTED_ON_TIME,open,58,45,13,0.01810132915303931,-0.001951031415061144,0.020052360568100454,0.0,0.0,0.0,0.0,0.0,0.01810132915303931,0.018436302167806187,0.0,1.0,0.5,1.3113251076105037,0.866732512607081
2023-03-22,2023-03-23,open,2023-03-24,2023-03-24,0,1,EXECUTED_ON_TIME,open,58,45,13,0.02954093557528126,0.012333940375710561,0.0172069951995707,6.666666666666676e-06,6.666666666666676e-06,1.1111111111111127e-05,8.888888888888902e-06,3.333333333333338e-05,0.029507602241947928,0.017902461318481645,0.022222222222222254,1.0,0.5111111111111111,1.3500191672957542,0.8774227397392665
2023-03-23,2023-03-24,open,2023-03-27,2023-03-27,0,1,EXECUTED_ON_TIME,open,58,47,11,0.0003546461655598352,-0.00293743290222237,0.003292079067782205,1.2765957446808494e-05,1.2765957446808494e-05,2.1276595744680825e-05,1.7021276595744662e-05,6.382978723404247e-05,0.00029081637832579273,0.004691514500720192,0.04255319148936165,1.0,0.5212765957446808,1.3504117749806575,0.8748453693143984
2023-03-24,2023-03-27,open,2023-03-28,2023-03-28,0,1,EXECUTED_ON_TIME,open,58,45,13,-0.0049518225002492715,-0.0018904864982826064,-0.003061336001966665,1.3333333333333318e-05,1.3333333333333318e-05,2.22222222222222e-05,1.777777777777776e-05,6.66666666666666e-05,-0.005018489166915938,-0.0034157783577917905,0.0444444444444444,1.0,0.5222222222222221,1.3436347481170412,0.8731914859556245
2023-03-27,2023-03-28,open,2023-03-29,2023-03-29,0,1,EXECUTED_ON_TIME,open,58,46,12,-0.012968083563817878,-0.0005239439130990675,-0.01244413965071881,6.521739130434778e-06,6.521739130434778e-06,1.0869565217391297e-05,8.695652173913038e-06,3.260869565217389e-05,-0.013000692259470053,-0.017717903728943198,0.021739130434782594,1.0,0.5108695652173914,1.326166566247641,0.8727339825915881
2023-03-28,2023-03-29,open,2023-03-30,2023-03-30,0,1,EXECUTED_ON_TIME,open,58,47,11,0.011424148165593315,-0.0010055827783235216,0.012429730943916837,6.382978723404264e-06,6.382978723404264e-06,1.0638297872340441e-05,8.510638297872353e-06,3.191489361702132e-05,0.011392233271976294,0.015101523322414679,0.021276595744680882,1.0,0.5106382978723405,1.3412745651278297,0.8718563763286363
2023-03-29,2023-03-30,open,2023-03-31,2023-03-31,0,1,EXECUTED_ON_TIME,open,58,48,10,0.0020074488656626316,0.008952859380724654,-0.006945410515062022,6.2500000000000105e-06,6.2500000000000105e-06,1.0416666666666685e-05,8.333333333333349e-06,3.1250000000000055e-05,0.0019761988656626316,-0.008377158372152397,0.02083333333333337,1.0,0.5104166666666667,1.3439251904019773,0.8796619838660947
2023-03-30,2023-03-31,open,2023-04-03,2023-04-03,0,1,EXECUTED_ON_TIME,open,58,47,11,0.009484373812597433,0.0035024499104425733,0.00598192390215486,0.0,0.0,0.0,0.0,0.0,0.009484373812597433,0.010577251467530831,0.0,1.0,0.5,1.3566714792839158,0.8827429559027062
2023-03-31,2023-04-03,open,2023-04-04,2023-04-04,0,1,EXECUTED_ON_TIME,open,58,47,11,0.01938424084914445,0.007308560425438593,0.012075680423705857,0.0,0.0,0.0,0.0,0.0,0.01938424084914445,0.016423547245953032,0.0,1.0,0.5,1.3829695259915205,0.8891945361360515
2023-04-03,2023-04-04,open,2023-04-06,2023-04-06,0,1,EXECUTED_ON_TIME,open,58,47,11,0.006207676168450926,-0.0012620763540298618,0.0074697525224807874,6.382978723404264e-06,6.382978723404264e-06,1.0638297872340441e-05,8.510638297872353e-06,3.191489361702132e-05,0.006175761274833904,0.00528173501533867,0.021276595744680882,1.0,0.5106382978723405,1.3915104156344142,0.8880723047378616
2023-04-04,2023-04-06,open,2023-04-07,2023-04-07,0,1,EXECUTED_ON_TIME,open,58,47,11,0.013323372640766055,0.0031264905247920804,0.010196882115973974,6.382978723404264e-06,6.382978723404264e-06,1.0638297872340441e-05,8.510638297872353e-06,3.191489361702132e-05,0.013291457747149033,0.015318446642904632,0.021276595744680882,1.0,0.5106382978723405,1.410005617528537,0.8908488543839548
2023-04-06,2023-04-07,open,2023-04-10,2023-04-10,0,1,EXECUTED_ON_TIME,open,58,48,10,0.008853436010647121,0.008569648131599994,0.0002837878790471274,6.2500000000000105e-06,6.2500000000000105e-06,1.0416666666666685e-05,8.333333333333349e-06,3.1250000000000055e-05,0.008822186010647121,0.0014960926378166008,0.02083333333333337,1.0,0.5104166666666667,1.4224449493624312,0.8984831156044643
2023-04-07,2023-04-10,open,2023-04-11,2023-04-11,0,1,EXECUTED_ON_TIME,open,58,46,12,-0.01177343976971429,-0.005688272777655379,-0.006085166992058912,0.0,0.0,0.0,0.0,0.0,-0.01177343976971429,-0.010182652915145416,0.0,1.0,0.5,1.4056978794253783,0.8933722985567883
2023-04-10,2023-04-11,open,2023-04-12,2023-04-12,0,1,EXECUTED_ON_TIME,open,58,47,11,0.005506607851853267,-0.0014869151949639114,0.006993523046817178,6.382978723404264e-06,6.382978723404264e-06,1.0638297872340441e-05,8.510638297872353e-06,3.191489361702132e-05,0.005474692958236245,0.00617334157798846,0.021276595744680882,1.0,0.5106382978723405,1.413393643707276,0.8920439297113044
2023-04-11,2023-04-12,open,2023-04-13,2023-04-13,0,1,EXECUTED_ON_TIME,open,58,46,12,0.012163121693100014,-0.005121396100864928,0.01728451779396494,6.521739130434778e-06,6.521739130434778e-06,1.0869565217391297e-05,8.695652173913038e-06,3.260869565217389e-05,0.01213051299744784,0.013330140989659319,0.021739130434782594,1.0,0.5108695652173914,1.4305388336727773,0.8874754194078807
2023-04-12,2023-04-13,open,2023-04-14,2023-04-14,0,1,EXECUTED_ON_TIME,open,58,46,12,-0.0036585673386655827,-0.0005922006415957082,-0.0030663666970698745,6.521739130434778e-06,6.521739130434778e-06,1.0869565217391297e-05,8.695652173913038e-06,3.260869565217389e-05,-0.0036911760343177565,-0.00660261795818181,0.021739130434782594,1.0,0.5108695652173914,1.4252584630137635,0.8869498558951069
2023-04-13,2023-04-14,open,2023-04-17,2023-04-17,0,1,EXECUTED_ON_TIME,open,58,45,13,0.010613586816054161,0.0027217655437525856,0.007891821272301576,1.3333333333333318e-05,1.3333333333333318e-05,2.22222222222222e-05,1.777777777777776e-05,6.66666666666666e-05,0.010546920149387495,0.01178906309683635,0.0444444444444444,1.0,0.5222222222222221,1.4402905502154084,0.8893639254519186
2023-04-14,2023-04-17,open,2023-04-18,2023-04-18,0,1,EXECUTED_ON_TIME,open,58,45,13,0.008893724212036175,0.012038174389106038,-0.0031444501770698623,1.3333333333333318e-05,1.3333333333333318e-05,2.22222222222222e-05,1.777777777777776e-05,6.66666666666666e-05,0.00882705754536951,-0.007952266012350485,0.0444444444444444,1.0,0.5222222222222221,1.4530040777842117,0.9000702434818887
2023-04-17,2023-04-18,open,2023-04-19,2023-04-19,0,1,EXECUTED_ON_TIME,open,58,47,11,0.005046539793275739,0.00485225915726506,0.00019428063601067969,1.914893617021276e-05,1.914893617021276e-05,3.191489361702127e-05,2.5531914893617015e-05,9.57446808510638e-05,0.0049507951124246755,-0.0035777691319385675,0.06382978723404253,1.0,0.5319148936170213,1.4601976032708388,0.9044376175630054
2023-04-18,2023-04-19,open,2023-04-20,2023-04-20,0,1,EXECUTED_ON_TIME,open,58,46,12,0.0002539681057738612,-0.008762814967757437,0.009016783073531298,6.521739130434778e-06,6.521739130434778e-06,1.0869565217391297e-05,8.695652173913038e-06,3.260869565217389e-05,0.00022135941012168734,0.009871188168631593,0.021739130434782594,1.0,0.5108695652173914,1.46052083175096,0.8965121980704215
2023-04-19,2023-04-20,open,2023-04-21,2023-04-21,0,1,EXECUTED_ON_TIME,open,58,46,12,0.00849963652924017,-0.0021057758214635403,0.01060541235070371,1.3043478260869556e-05,1.3043478260869556e-05,2.1739130434782593e-05,1.7391304347826075e-05,6.521739130434778e-05,0.008434419137935823,0.008114702519056962,0.04347826086956519,1.0,0.5217391304347826,1.472839476605634,0.8946243443600777
2023-04-20,2023-04-21,open,2023-04-24,2023-04-24,0,1,EXECUTED_ON_TIME,open,58,46,12,-0.029572465391230925,-0.02016423836681369,-0.009408227024417234,6.521739130434778e-06,6.521739130434778e-06,1.0869565217391297e-05,8.695652173913038e-06,3.260869565217389e-05,-0.0296050740868831,-0.012749979428148036,0.021739130434782594,1.0,0.5108695652173914,1.429235954782638,0.8765849258316466
2023-04-21,2023-04-24,open,2023-04-25,2023-04-25,0,1,EXECUTED_ON_TIME,open,58,45,13,-0.005571471860687521,-0.011459570267975283,0.005888098407287762,6.666666666666676e-06,6.666666666666676e-06,1.1111111111111127e-05,8.888888888888902e-06,3.333333333333338e-05,-0.005604805194020854,0.003556493088212497,0.022222222222222254,1.0,0.5111111111111111,1.421225365679791,0.866539639278231
2023-04-24,2023-04-25,open,2023-04-26,2023-04-26,0,1,EXECUTED_ON_TIME,open,58,46,12,-0.015495429434543587,-0.008745313173601943,-0.006750116260941644,1.3043478260869556e-05,1.3043478260869556e-05,2.1739130434782593e-05,1.7391304347826075e-05,6.521739130434778e-05,-0.015560646825847934,-0.01412479973727564,0.04347826086956519,1.0,0.5217391304347826,1.3991101797045113,0.8589614787554027
2023-04-25,2023-04-26,open,2023-04-27,2023-04-27,0,1,EXECUTED_ON_TIME,open,58,47,11,-0.007129398154489357,-0.0005630016290087969,-0.0065663965254805605,6.382978723404264e-06,6.382978723404264e-06,1.0638297872340441e-05,8.510638297872353e-06,3.191489361702132e-05,-0.007161313048106379,-0.001999731512936317,0.021276595744680882,1.0,0.5106382978723405,1.3890907137188548,0.8584778820436076
2023-04-26,2023-04-27,open,2023-04-28,2023-04-28,0,1,EXECUTED_ON_TIME,open,58,46,12,0.0023520977323740044,0.011455077227103816,-0.009102979494729812,6.521739130434778e-06,6.521739130434778e-06,1.0869565217391297e-05,8.695652173913038e-06,3.260869565217389e-05,0.0023194890367218305,-0.012566681286278985,0.021739130434782594,1.0,0.5108695652173914,1.3923126944003377,0.8683118124801776
2023-04-27,2023-04-28,open,2023-05-04,2023-05-04,0,1,EXECUTED_ON_TIME,open,58,46,12,0.012392170044359156,0.0050622850125312535,0.007329885031827903,0.0,0.0,0.0,0.0,0.0,0.012392170044359156,0.010055910863599849,0.0,1.0,0.5,1.4095664700642665,0.8727074543546999
2023-04-28,2023-05-04,open,2023-05-05,2023-05-05,0,1,EXECUTED_ON_TIME,open,58,45,13,-0.008179708687069305,0.0043912114974793415,-0.012570920184548647,0.0,0.0,0.0,0.0,0.0,-0.008179708687069305,-0.016815247427269704,0.0,1.0,0.5,1.3980366269640803,0.8765396973621982
2023-05-04,2023-05-05,open,2023-05-08,2023-05-08,0,1,EXECUTED_ON_TIME,open,58,47,11,-0.01106581794528575,-0.0007414858741854324,-0.010324332071100317,1.914893617021276e-05,1.914893617021276e-05,3.191489361702127e-05,2.5531914893617015e-05,9.57446808510638e-05,-0.011161562626136812,-0.011252386250183745,0.06382978723404253,1.0,0.5319148936170213,1.3824323535985876,0.8758897555584413
2023-05-05,2023-05-08,open,2023-05-09,2023-05-09,0,1,EXECUTED_ON_TIME,open,58,46,12,0.007269645345735808,0.00926812750210626,-0.0019984821563704524,6.521739130434778e-06,6.521739130434778e-06,1.0869565217391297e-05,8.695652173913038e-06,3.260869565217389e-05,0.007237036650083634,-0.009640552768448727,0.021739130434782594,1.0,0.5108695652173914,1.3924370672078419,0.8840076134907456
2023-05-08,2023-05-09,open,2023-05-10,2023-05-10,0,1,EXECUTED_ON_TIME,open,58,46,12,-0.010509213733147598,-0.011684592979995467,0.0011753792468478692,6.521739130434778e-06,6.521739130434778e-06,1.0869565217391297e-05,8.695652173913038e-06,3.260869565217389e-05,-0.010541822428799773,-0.0018187322366411563,0.021739130434782594,1.0,0.5108695652173914,1.377758242902058,0.8736783443358891
2023-05-09,2023-05-10,open,2023-05-11,2023-05-11,0,1,EXECUTED_ON_TIME,open,58,47,11,-0.0028246411431988904,-0.0030249361861413027,0.0002002950429424123,6.382978723404264e-06,6.382978723404264e-06,1.0638297872340441e-05,8.510638297872353e-06,3.191489361702132e-05,-0.0028565560368159115,0.006314704434137963,0.021276595744680882,1.0,0.5106382978723405,1.3738225992760233,0.8710355230970594
2023-05-10,2023-05-11,open,2023-05-12,2023-05-12,0,1,EXECUTED_ON_TIME,open,58,46,12,0.0038208260124799874,-0.0044967499479503514,0.008317575960430338,0.0,0.0,0.0,0.0,0.0,0.0038208260124799874,0.01110193315612483,0.0,1.0,0.5,1.37907173639987,0.8671186941539099
2023-05-11,2023-05-12,open,2023-05-15,2023-05-15,0,1,EXECUTED_ON_TIME,open,58,47,11,-0.016140599103385556,-0.012272275550564649,-0.003868323552820907,6.382978723404264e-06,6.382978723404264e-06,1.0638297872340441e-05,8.510638297872353e-06,3.191489361702132e-05,-0.016172513997002577,-0.004702659767723466,0.021276595744680882,1.0,0.5106382978723405,1.3567686794400724,0.8564771746042072
2023-05-12,2023-05-15,open,2023-05-16,2023-05-16,0,1,EXECUTED_ON_TIME,open,58,47,11,0.015680541429608622,0.0161707918341234,-0.0004902504045147769,6.382978723404264e-06,6.382978723404264e-06,1.0638297872340441e-05,8.510638297872353e-06,3.191489361702132e-05,0.0156486265359916,-0.00043026659557885566,0.021276595744680882,1.0,0.5106382978723405,1.3780002458003606,0.8703270887054101
2023-05-15,2023-05-16,open,2023-05-17,2023-05-17,0,1,EXECUTED_ON_TIME,open,58,47,11,-0.006531068276172251,-0.007700640895594746,0.0011695726194224949,0.0,0.0,0.0,0.0,0.0,-0.006531068276172251,0.0018657432259604183,0.0,1.0,0.5,1.3690004321104563,0.8636250123335812
2023-05-16,2023-05-17,open,2023-05-18,2023-05-18,0,1,EXECUTED_ON_TIME,open,58,45,13,0.01039077776066664,-0.0015575186658012274,0.011948296426467867,0.0,0.0,0.0,0.0,0.0,0.01039077776066664,0.013234778458614933,0.0,1.0,0.5,1.3832254113547726,0.8622799002566188
2023-05-17,2023-05-18,open,2023-05-19,2023-05-19,0,1,EXECUTED_ON_TIME,open,58,45,13,0.010792117210180936,-0.004865445001356661,0.015657562211537596,0.0,0.0,0.0,0.0,0.0,0.010792117210180936,0.011311911890991606,0.0,1.0,0.5,1.398153342122214,0.858084524826145
2023-05-18,2023-05-19,open,2023-05-22,2023-05-22,0,1,EXECUTED_ON_TIME,open,58,46,12,0.0026876255167114903,-0.001322784171797764,0.004010409688509254,1.3043478260869556e-05,1.3043478260869556e-05,2.1739130434782593e-05,1.7391304347826075e-05,6.521739130434778e-05,0.0026224081254071427,0.005655327480282787,0.04347826086956519,1.0,0.5217391304347826,1.4018198708071605,0.8569494641986403
2023-05-19,2023-05-22,open,2023-05-23,2023-05-23,0,1,EXECUTED_ON_TIME,open,58,47,11,-0.007246829883065795,0.006910171575655211,-0.014157001458721005,1.2765957446808494e-05,1.2765957446808494e-05,2.1276595744680825e-05,1.7021276595744662e-05,6.382978723404247e-05,-0.007310659670299837,-0.01258844376631485,0.04255319148936165,1.0,0.5212765957446808,1.3915716428126257,0.8628711320279187
2023-05-22,2023-05-23,open,2023-05-24,2023-05-24,0,1,EXECUTED_ON_TIME,open,58,46,12,-0.011934478761938053,-0.016242233637876802,0.004307754875938749,6.521739130434778e-06,6.521739130434778e-06,1.0869565217391297e-05,8.695652173913038e-06,3.260869565217389e-05,-0.011967087457590227,0.005674787050186723,0.021739130434782594,1.0,0.5108695652173914,1.3749185832595845,0.8488561775021419
2023-05-23,2023-05-24,open,2023-05-25,2023-05-25,0,1,EXECUTED_ON_TIME,open,58,48,10,0.0028676099000239422,-0.01341698896096144,0.01628459886098538,1.2499999999999987e-05,1.2499999999999987e-05,2.0833333333333316e-05,1.6666666666666654e-05,6.249999999999995e-05,0.002805109900023942,0.020249384600763653,0.04166666666666663,1.0,0.5208333333333333,1.3787753809892127,0.8374670835391518
2023-05-24,2023-05-25,open,2023-05-26,2023-05-26,0,1,EXECUTED_ON_TIME,open,58,46,12,0.004646223338429415,-0.000775820771900193,0.005422044110329608,1.3043478260869556e-05,1.3043478260869556e-05,2.1739130434782593e-05,1.7391304347826075e-05,6.521739130434778e-05,0.004581005947125068,0.007309671729029932,0.04347826086956519,1.0,0.5217391304347826,1.3850915592092738,0.8368173591799595
2023-05-25,2023-05-26,open,2023-05-29,2023-05-29,0,1,EXECUTED_ON_TIME,open,58,45,13,0.021429559637752064,0.0035513303262093565,0.017878229311542707,0.0,0.0,0.0,0.0,0.0,0.021429559637752064,0.017340968617305906,0.0,1.0,0.5,1.414773461381096,0.8397891740451137
2023-05-26,2023-05-29,open,2023-05-30,2023-05-30,0,1,EXECUTED_ON_TIME,open,58,46,12,-0.012072332621241523,-0.008879144006189388,-0.0031931886150521355,1.9565217391304333e-05,1.9565217391304333e-05,3.260869565217389e-05,2.6086956521739115e-05,9.782608695652168e-05,-0.012170158708198046,-0.007242400328132938,0.06521739130434778,1.0,0.5326086956521738,1.3975554438199413,0.8323325650339283
2023-05-29,2023-05-30,open,2023-05-31,2023-05-31,0,1,EXECUTED_ON_TIME,open,58,46,12,0.01541061681752934,-0.0001643244983008385,0.015574941315830178,6.521739130434778e-06,6.521739130434778e-06,1.0869565217391297e-05,8.695652173913038e-06,3.260869565217389e-05,0.015378008121877165,0.016266915043655975,0.021739130434782594,1.0,0.5108695652173914,1.4190470627857779,0.8321957924027596
2023-05-30,2023-05-31,open,2023-06-01,2023-06-01,0,1,EXECUTED_ON_TIME,open,58,44,14,0.0011827813234007167,-0.010078745012950807,0.011261526336351524,0.0,0.0,0.0,0.0,0.0,0.0011827813234007167,0.012188902954492263,0.0,1.0,0.5,1.4207254851486675,0.8238083032102816
2023-05-31,2023-06-01,open,2023-06-02,2023-06-02,0,1,EXECUTED_ON_TIME,open,58,47,11,0.0032664181837801344,0.008718283055173526,-0.005451864871393391,1.914893617021276e-05,1.914893617021276e-05,3.191489361702127e-05,2.5531914893617015e-05,9.57446808510638e-05,0.0031706735029290705,-0.007551602992509667,0.06382978723404253,1.0,0.5319148936170213,1.4252301417993645,0.8309904971808711
2023-06-01,2023-06-02,open,2023-06-05,2023-06-05,0,1,EXECUTED_ON_TIME,open,58,46,12,0.006020365312446389,0.010188349443429834,-0.004167984130983445,0.0,0.0,0.0,0.0,0.0,0.006020365312446389,-0.003999368069847425,0.0,1.0,0.5,1.4338105479073064,0.8394569187503194
2023-06-02,2023-06-05,open,2023-06-06,2023-06-06,0,1,EXECUTED_ON_TIME,open,58,45,13,-0.003942111156254915,-0.005205726843490965,0.0012636156872360502,0.0,0.0,0.0,0.0,0.0,-0.003942111156254915,-0.0014431345155575329,0.0,1.0,0.5,1.4281583073504451,0.8350869353344266
2023-06-05,2023-06-06,open,2023-06-07,2023-06-07,0,1,EXECUTED_ON_TIME,open,58,46,12,-0.016116973590605484,-0.006503649693955782,-0.009613323896649702,6.521739130434778e-06,6.521739130434778e-06,1.0869565217391297e-05,8.695652173913038e-06,3.260869565217389e-05,-0.01614958228625766,-0.014096792288992889,0.021739130434782594,1.0,0.5108695652173914,1.4050941472480867,0.8296558224430124
2023-06-06,2023-06-07,open,2023-06-08,2023-06-08,0,1,EXECUTED_ON_TIME,open,58,45,13,-0.0005919620021717161,-0.006394735973069721,0.005802773970898005,0.0,0.0,0.0,0.0,0.0,-0.0005919620021717161,0.003288852698764085,0.0,1.0,0.5,1.404262384903442,0.8243503925099693
2023-06-07,2023-06-08,open,2023-06-09,2023-06-09,0,1,EXECUTED_ON_TIME,open,58,45,13,-0.00017966919854056504,0.008263074166405815,-0.00844274336494638,0.0,0.0,0.0,0.0,0.0,-0.00017966919854056504,-0.012132677320813398,0.0,1.0,0.5,1.4040100822062058,0.831162060942385
2023-06-08,2023-06-09,open,2023-06-12,2023-06-12,0,1,EXECUTED_ON_TIME,open,58,45,13,0.016774744029041996,0.0012860999437789289,0.015488644085263067,0.0,0.0,0.0,0.0,0.0,0.016774744029041996,0.017901584517566037,0.0,1.0,0.5,1.4275619919494091,0.8322310184222341
2023-06-09,2023-06-12,open,2023-06-13,2023-06-13,0,1,EXECUTED_ON_TIME,open,58,45,13,0.00705937242349116,0.0028228593077410657,0.004236513115750094,1.9999999999999995e-05,1.9999999999999995e-05,3.333333333333333e-05,2.6666666666666663e-05,9.999999999999999e-05,0.00695937242349116,0.005705285819835964,0.06666666666666665,1.0,0.5333333333333333,1.437496927509006,0.8345802894987782
2023-06-12,2023-06-13,open,2023-06-14,2023-06-14,0,1,EXECUTED_ON_TIME,open,58,45,13,0.010685988420219375,0.009011421971486522,0.0016745664487328536,1.9999999999999995e-05,1.9999999999999995e-05,3.333333333333333e-05,2.6666666666666663e-05,9.999999999999999e-05,0.010585988420219376,0.0029649787930548068,0.06666666666666665,1.0,0.5333333333333333,1.452714253337717,0.842101044656537
2023-06-13,2023-06-14,open,2023-06-15,2023-06-15,0,1,EXECUTED_ON_TIME,open,58,46,12,0.0011551431864655396,-0.0002429819279285983,0.0013981251143941379,1.3043478260869556e-05,1.3043478260869556e-05,2.1739130434782593e-05,1.7391304347826075e-05,6.521739130434778e-05,0.0010899257951611917,0.0014068300081448372,0.04347826086956519,1.0,0.5217391304347826,1.454297604075428,0.8418964293211957
2023-06-14,2023-06-15,open,2023-06-16,2023-06-16,0,1,EXECUTED_ON_TIME,open,58,47,11,0.004254293024482654,0.01560937812760299,-0.011355085103120336,1.2765957446808494e-05,1.2765957446808494e-05,2.1276595744680825e-05,1.7021276595744662e-05,6.382978723404247e-05,0.0041904632372486116,-0.005310235695870532,0.04255319148936165,1.0,0.5212765957446808,1.460391784721325,0.855037909030749
2023-06-15,2023-06-16,open,2023-06-19,2023-06-19,0,1,EXECUTED_ON_TIME,open,58,44,14,0.015410919152200303,0.006312479162486451,0.009098439989713852,6.8181818181818115e-06,6.8181818181818115e-06,1.1363636363636354e-05,9.090909090909083e-06,3.4090909090909065e-05,0.015376828243109394,0.009975571299387864,0.022727272727272707,1.0,0.5113636363636364,1.482847978362633,0.8604353180146417
2023-06-16,2023-06-19,open,2023-06-20,2023-06-20,0,1,EXECUTED_ON_TIME,open,58,45,13,0.0005140412236216616,-0.007818736917281188,0.00833277814090285,1.3333333333333318e-05,1.3333333333333318e-05,2.22222222222222e-05,1.777777777777776e-05,6.66666666666666e-05,0.000447374556954995,0.009469372259968706,0.0444444444444444,1.0,0.5222222222222221,1.4835113668199846,0.8537078006287481
2023-06-19,2023-06-20,open,2023-06-21,2023-06-21,0,1,EXECUTED_ON_TIME,open,58,44,14,-0.004615740534050445,-0.004327456245316608,-0.00028828428873383695,6.8181818181818115e-06,6.8181818181818115e-06,1.1363636363636354e-05,9.090909090909083e-06,3.4090909090909065e-05,-0.004649831443141354,0.0012244769300981248,0.022727272727272707,1.0,0.5113636363636364,1.4766132890202874,0.8500134174752417
2023-06-20,2023-06-21,open,2023-06-26,2023-06-26,0,1,EXECUTED_ON_TIME,open,58,46,12,-0.028717823735036188,-0.019354818904792515,-0.009363004830243674,1.3043478260869556e-05,1.3043478260869556e-05,2.1739130434782593e-05,1.7391304347826075e-05,6.521739130434778e-05,-0.028783041126340538,-0.01253940211176426,0.04347826086956519,1.0,0.5217391304347826,1.4341118679947156,0.8335615617133646
2023-06-21,2023-06-26,open,2023-06-27,2023-06-27,0,1,EXECUTED_ON_TIME,open,58,48,10,-0.007412349790361708,-0.005675575279044165,-0.001736774511317543,1.875e-05,1.875e-05,3.125e-05,2.5e-05,9.375e-05,-0.007506099790361708,0.0005753271516496907,0.0625,1.0,0.53125,1.4233472812030052,0.8288306203201428
2023-06-26,2023-06-27,open,2023-06-28,2023-06-28,0,1,EXECUTED_ON_TIME,open,58,44,14,0.00967788854296635,0.0065383123010887,0.0031395762418776497,6.8181818181818115e-06,6.8181818181818115e-06,1.1363636363636354e-05,9.090909090909083e-06,3.4090909090909065e-05,0.00964379763387544,0.0013516757439514058,0.022727272727272707,1.0,0.5113636363636364,1.4370737543456538,0.8342497737605009
2023-06-27,2023-06-28,open,2023-06-29,2023-06-29,0,1,EXECUTED_ON_TIME,open,58,46,12,-0.01075643262720062,3.1798914093217334e-05,-0.010788231541293837,1.3043478260869556e-05,1.3043478260869556e-05,2.1739130434782593e-05,1.7391304347826075e-05,6.521739130434778e-05,-0.010821650018504967,-0.012889912743292313,0.04347826086956519,1.0,0.5217391304347826,1.421522245125346,0.834276301997389
2023-06-28,2023-06-29,open,2023-06-30,2023-06-30,0,1,EXECUTED_ON_TIME,open,58,44,14,-0.0020842412800417317,-0.005315983841452598,0.0032317425614108667,2.0454545454545468e-05,2.0454545454545468e-05,3.409090909090912e-05,2.7272727272727293e-05,0.00010227272727272735,-0.002186514007314459,0.0031734647656579077,0.06818181818181823,1.0,0.5340909090909092,1.4184140668246703,0.829841302656664
2023-06-29,2023-06-30,open,2023-07-03,2023-07-03,0,1,EXECUTED_ON_TIME,open,58,44,14,0.019786797897249644,0.009683898295091975,0.01010289960215767,2.0454545454545468e-05,2.0454545454545468e-05,3.409090909090912e-05,2.7272727272727293e-05,0.00010227272727272735,0.019684525169976916,0.012781241024887898,0.06818181818181823,1.0,0.5340909090909092,1.4463348742245299,0.8378774014326578
2023-06-30,2023-07-03,open,2023-07-04,2023-07-04,0,1,EXECUTED_ON_TIME,open,58,44,14,0.001046091804541826,0.009015927160464399,-0.007969835355922572,1.3636363636363623e-05,1.3636363636363623e-05,2.272727272727271e-05,1.8181818181818165e-05,6.818181818181813e-05,0.0009779099863600079,-0.010618402741775505,0.045454545454545414,1.0,0.5227272727272727,1.4477492595416548,0.8454316430533738
2023-07-03,2023-07-04,open,2023-07-05,2023-07-05,0,1,EXECUTED_ON_TIME,open,58,44,14,0.0038464663123198017,0.0018420625545103597,0.002004403757809442,6.8181818181818115e-06,6.8181818181818115e-06,1.1363636363636354e-05,9.090909090909083e-06,3.4090909090909065e-05,0.0038123754032288928,0.002735235204887526,0.022727272727272707,1.0,0.5113636363636364,1.4532686232087741,0.8469889810254406
2023-07-04,2023-07-05,open,2023-07-06,2023-07-06,0,1,EXECUTED_ON_TIME,open,58,44,14,-0.015229012054179715,-0.009797969036209997,-0.005431043017969718,6.8181818181818115e-06,6.8181818181818115e-06,1.1363636363636354e-05,9.090909090909083e-06,3.4090909090909065e-05,-0.015263102963270624,-0.005309711183967142,0.022727272727272707,1.0,0.5113636363636364,1.431087234579448,0.8386902092153423
2023-07-05,2023-07-06,open,2023-07-07,2023-07-07,0,1,EXECUTED_ON_TIME,open,58,44,14,-0.002422602733103511,-0.006594192941200894,0.004171590208097382,6.8181818181818115e-06,6.8181818181818115e-06,1.1363636363636354e-05,9.090909090909083e-06,3.4090909090909065e-05,-0.00245669364219442,0.004289775390851963,0.022727272727272707,1.0,0.5113636363636364,1.4275714916688311,0.8331597241578802
2023-07-06,2023-07-07,open,2023-07-10,2023-07-10,0,1,EXECUTED_ON_TIME,open,58,47,11,-0.0006927143467988317,0.0026002219440672825,-0.003292936290866114,1.914893617021276e-05,1.914893617021276e-05,3.191489361702127e-05,2.5531914893617015e-05,9.57446808510638e-05,-0.0007884590276498955,-0.005375579079432928,0.06382978723404253,1.0,0.5319148936170213,1.426445910038609,0.8353261243555485
2023-07-07,2023-07-10,open,2023-07-11,2023-07-11,0,1,EXECUTED_ON_TIME,open,58,43,15,0.005454630042345572,0.0031854255004282184,0.0022692045419173534,0.0,0.0,0.0,0.0,0.0,0.005454630042345572,0.0036499995957248255,0.0,1.0,0.5,1.4342266447532865,0.8379869934932446
2023-07-10,2023-07-11,open,2023-07-12,2023-07-12,0,1,EXECUTED_ON_TIME,open,58,44,14,0.009572379601073638,0.0028037291024227695,0.006768650498650868,1.3636363636363623e-05,1.3636363636363623e-05,2.272727272727271e-05,1.8181818181818165e-05,6.818181818181813e-05,0.00950419778289182,0.007569414616993226,0.045454545454545414,1.0,0.5227272727272727,1.447857818450515,0.8403364820143533
2023-07-11,2023-07-12,open,2023-07-13,2023-07-13,0,1,EXECUTED_ON_TIME,open,58,44,14,-0.00979103557340676,-0.002313046029848942,-0.007477989543557818,0.0,0.0,0.0,0.0,0.0,-0.00979103557340676,-0.01117343460402977,0.0,1.0,0.5,1.433681791044831,0.8383927450508928
2023-07-12,2023-07-13,open,2023-07-14,2023-07-14,0,1,EXECUTED_ON_TIME,open,58,43,15,0.015611294231495553,0.012693280686948194,0.002918013544547359,0.0,0.0,0.0,0.0,0.0,0.015611294231495553,-0.0023063060936799884,0.0,1.0,0.5,1.4560634193191695,0.8490346994897248
2023-07-13,2023-07-14,open,2023-07-17,2023-07-17,0,1,EXECUTED_ON_TIME,open,58,44,14,-0.002145228360727525,-0.005885361456721694,0.003740133095994169,6.8181818181818115e-06,6.8181818181818115e-06,1.1363636363636354e-05,9.090909090909083e-06,3.4090909090909065e-05,-0.002179319269818434,0.001900064481547406,0.022727272727272707,1.0,0.5113636363636364,1.4528901922513695,0.8440378233939286
2023-07-14,2023-07-17,open,2023-07-18,2023-07-18,0,1,EXECUTED_ON_TIME,open,58,45,13,-0.006103020863750378,-0.002725406357083182,-0.003377614506667196,6.666666666666676e-06,6.666666666666676e-06,1.1111111111111127e-05,8.888888888888902e-06,3.333333333333338e-05,-0.0061363541970837114,-0.0017496370185589513,0.022222222222222254,1.0,0.5111111111111111,1.443974743422246,0.8417374773444322
2023-07-17,2023-07-18,open,2023-07-19,2023-07-19,0,1,EXECUTED_ON_TIME,open,58,45,13,-0.00497170655788214,-0.005828143518905926,0.0008564369610237861,6.666666666666676e-06,6.666666666666676e-06,1.1111111111111127e-05,8.888888888888902e-06,3.333333333333338e-05,-0.005005039891215473,0.0010203965131800581,0.022222222222222254,1.0,0.5111111111111111,1.43674759222951,0.836831710521227
2023-07-18,2023-07-19,open,2023-07-20,2023-07-20,0,1,EXECUTED_ON_TIME,open,58,44,14,0.002772216122646049,0.002413938167324714,0.0003582779553213348,0.0,0.0,0.0,0.0,0.0,0.002772216122646049,-0.0007200755573297862,0.0,1.0,0.5,1.4407305670688615,0.8388517705268818
2023-07-19,2023-07-20,open,2023-07-21,2023-07-21,0,1,EXECUTED_ON_TIME,open,58,43,15,-0.02372045286337464,-0.010573198578558207,-0.013147254284816431,0.0,0.0,0.0,0.0,0.0,-0.02372045286337464,-0.012220239963512394,0.0,1.0,0.5,1.4065557855638815,0.8299824241791259
2023-07-20,2023-07-21,open,2023-07-24,2023-07-24,0,1,EXECUTED_ON_TIME,open,58,43,15,-0.007250176299518795,-0.0035721920762570303,-0.0036779842232617646,0.0,0.0,0.0,0.0,0.0,-0.007250176299518795,-0.0017369545992987415,0.0,1.0,0.5,1.3963580081434352,0.8270175675400406
2023-07-21,2023-07-24,open,2023-07-25,2023-07-25,0,1,EXECUTED_ON_TIME,open,58,43,15,0.017636099560919157,0.0166421750935819,0.000993924467337256,0.0,0.0,0.0,0.0,0.0,0.017636099560919157,-0.0015430231481974727,0.0,1.0,0.5,1.4209843169977394,0.8407809387045102
2023-07-24,2023-07-25,open,2023-07-26,2023-07-26,0,1,EXECUTED_ON_TIME,open,58,42,16,0.007377969232790864,0.010740318803510451,-0.0033623495707195876,0.0,0.0,0.0,0.0,0.0,0.007377969232790864,-0.004799258021437031,0.0,1.0,0.5,1.4314682955688272,0.8498111940301114
2023-07-25,2023-07-26,open,2023-07-27,2023-07-27,0,1,EXECUTED_ON_TIME,open,58,44,14,-0.0023236514727646806,0.001549572767231,-0.0038732242399956806,1.3636363636363623e-05,1.3636363636363623e-05,2.272727272727271e-05,1.8181818181818165e-05,6.818181818181813e-05,-0.0023918332909464986,-0.0036947543971178375,0.045454545454545414,1.0,0.5227272727272727,1.4280444620445512,0.8511280383136686
2023-07-26,2023-07-27,open,2023-07-28,2023-07-28,0,1,EXECUTED_ON_TIME,open,58,42,16,-0.00974815111962026,-0.006243118058979591,-0.003505033060640669,0.0,0.0,0.0,0.0,0.0,-0.00974815111962026,-0.005422545505700021,0.0,1.0,0.5,1.414123668823004,0.8458143454871686
2023-07-27,2023-07-28,open,2023-07-31,2023-07-31,0,1,EXECUTED_ON_TIME,open,58,44,14,0.02226831308667433,0.03318865554028183,-0.010920342453607502,2.727272727272728e-05,2.727272727272728e-05,4.545454545454547e-05,3.636363636363638e-05,0.00013636363636363642,0.022131949450310693,-0.015119906344196469,0.09090909090909094,1.0,0.5454545454545454,1.4454209823778827,0.8738857864505711
2023-07-28,2023-07-31,open,2023-08-01,2023-08-01,0,1,EXECUTED_ON_TIME,open,58,43,15,-0.0009696700260099126,-0.0024153435401317314,0.0014456735141218187,1.3953488372093014e-05,1.3953488372093014e-05,2.3255813953488357e-05,1.8604651162790687e-05,6.976744186046507e-05,-0.0010394374678703777,0.004583508453784807,0.046511627906976716,1.0,0.5232558139534884,1.443918557651953,0.8717750520614548
2023-07-31,2023-08-01,open,2023-08-02,2023-08-02,0,1,EXECUTED_ON_TIME,open,58,43,15,-0.0012441118978912238,-0.00585855023330184,0.004614438335410616,6.976744186046524e-06,6.976744186046524e-06,1.1627906976744207e-05,9.302325581395366e-06,3.4883720930232624e-05,-0.0012789956188214565,0.004131126968857198,0.023255813953488413,1.0,0.5116279069767442,1.4420717921427813,0.8666677141268134
2023-08-01,2023-08-02,open,2023-08-03,2023-08-03,0,1,EXECUTED_ON_TIME,open,58,44,14,0.00467978772691268,-0.005912394199756865,0.010592181926669546,1.3636363636363623e-05,1.3636363636363623e-05,2.272727272727271e-05,1.8181818181818165e-05,6.818181818181813e-05,0.004611605908730862,0.013243368242729883,0.045454545454545414,1.0,0.5227272727272727,1.448722058940241,0.8615436329606935
2023-08-02,2023-08-03,open,2023-08-04,2023-08-04,0,1,EXECUTED_ON_TIME,open,58,43,15,0.014097993141671488,0.01806957368889961,-0.003971580547228121,6.976744186046524e-06,6.976744186046524e-06,1.1627906976744207e-05,9.302325581395366e-06,3.4883720930232624e-05,0.014063109420741255,-0.004077898027714874,0.023255813953488413,1.0,0.5116279069767442,1.4690955957753593,0.877111359122679
2023-08-03,2023-08-04,open,2023-08-07,2023-08-07,0,1,EXECUTED_ON_TIME,open,58,40,18,0.008237319008549801,-0.007624716019241862,0.01586203502779166,0.0,0.0,0.0,0.0,0.0,0.008237319008549801,0.015403724949380934,0.0,1.0,0.5,1.4811970048518166,0.8704236340921173
2023-08-04,2023-08-07,open,2023-08-08,2023-08-08,0,1,EXECUTED_ON_TIME,open,58,42,16,-0.0034311638994002545,-0.005727250380217819,0.0022960864808175643,1.42857142857143e-05,1.42857142857143e-05,2.3809523809523837e-05,1.904761904761907e-05,7.142857142857152e-05,-0.003502592470828826,0.003573585480608281,0.04761904761904767,1.0,0.5238095238095238,1.4760089753748085,0.8654385000028126
2023-08-07,2023-08-08,open,2023-08-09,2023-08-09,0,1,EXECUTED_ON_TIME,open,58,43,15,-0.005322230038885021,-0.003187152296382778,-0.002135077742502243,1.3953488372093014e-05,1.3953488372093014e-05,2.3255813953488357e-05,1.8604651162790687e-05,6.976744186046507e-05,-0.005391997480745486,-0.003475337186485036,0.046511627906976716,1.0,0.5232558139534884,1.4680503386980297,0.8626802157001506
2023-08-08,2023-08-09,open,2023-08-10,2023-08-10,0,1,EXECUTED_ON_TIME,open,58,43,15,-0.006504581819847614,-0.0011342563827757557,-0.005370325437071858,6.976744186046524e-06,6.976744186046524e-06,1.1627906976744207e-05,9.302325581395366e-06,3.4883720930232624e-05,-0.0065394655407778465,-0.006315818228619564,0.023255813953488413,1.0,0.5116279069767442,1.4584500740959867,0.8617017151591984
2023-08-09,2023-08-10,open,2023-08-11,2023-08-11,0,1,EXECUTED_ON_TIME,open,58,44,14,0.005049403472712841,0.003816943180134924,0.001232460292577917,1.3636363636363623e-05,1.3636363636363623e-05,2.272727272727271e-05,1.8181818181818165e-05,6.818181818181813e-05,0.004981221654531023,0.002596362402062581,0.045454545454545414,1.0,0.5227272727272727,1.465714937187126,0.8649907816441859
2023-08-10,2023-08-11,open,2023-08-14,2023-08-14,0,1,EXECUTED_ON_TIME,open,58,43,15,-0.033084901291698963,-0.03446369680312866,0.0013787955114296993,0.0,0.0,0.0,0.0,0.0,-0.033084901291698963,0.00031650023285972884,0.0,1.0,0.5,1.4172219031685214,0.8351800016080994
2023-08-11,2023-08-14,open,2023-08-15,2023-08-15,0,1,EXECUTED_ON_TIME,open,58,45,13,0.01128816158543158,0.004550771735799541,0.006737389849632038,1.9999999999999995e-05,1.9999999999999995e-05,3.333333333333333e-05,2.6666666666666663e-05,9.999999999999999e-05,0.01118816158543158,0.0071963863379941075,0.06666666666666665,1.0,0.5333333333333333,1.4330780108235839,0.8389807151537225
2023-08-14,2023-08-15,open,2023-08-16,2023-08-16,0,1,EXECUTED_ON_TIME,open,58,43,15,-0.011295357826682567,-0.007137477367362144,-0.004157880459320423,1.3953488372093014e-05,1.3953488372093014e-05,2.3255813953488357e-05,1.8604651162790687e-05,6.976744186046507e-05,-0.011365125268543032,-0.008047535731017501,0.046511627906976716,1.0,0.5232558139534884,1.4167908997109793,0.8329925092876596
2023-08-15,2023-08-16,open,2023-08-17,2023-08-17,0,1,EXECUTED_ON_TIME,open,58,43,15,-0.00434589505987431,-0.007734622315233808,0.0033887272553594977,6.976744186046524e-06,6.976744186046524e-06,1.1627906976744207e-05,9.302325581395366e-06,3.4883720930232624e-05,-0.004380778780804543,0.003180207419348471,0.023255813953488413,1.0,0.5116279069767442,1.4105842522006884,0.8265496268369006
2023-08-16,2023-08-17,open,2023-08-18,2023-08-18,0,1,EXECUTED_ON_TIME,open,58,43,15,0.017501052629704066,0.008223199165946937,0.009277853463757129,6.976744186046524e-06,6.976744186046524e-06,1.1627906976744207e-05,9.302325581395366e-06,3.4883720930232624e-05,0.017466168908773835,0.010910009591180199,0.023255813953488413,1.0,0.5116279069767442,1.435221755009682,0.8333465090389195
2023-08-17,2023-08-18,open,2023-08-21,2023-08-21,0,1,EXECUTED_ON_TIME,open,58,43,15,-0.023164897866873323,-0.015454845523300342,-0.007710052343572981,0.0,0.0,0.0,0.0,0.0,-0.023164897866873323,-0.009979965837739491,0.0,1.0,0.5,1.401974989638568,0.8204672674743414
2023-08-18,2023-08-21,open,2023-08-22,2023-08-22,0,1,EXECUTED_ON_TIME,open,58,43,15,-0.006104556818395966,-0.006667240888099668,0.0005626840697037019,0.0,0.0,0.0,0.0,0.0,-0.006104556818395966,-0.000137264496885235,0.0,1.0,0.5,1.3934165536563494,0.814997014561289
2023-08-21,2023-08-22,open,2023-08-23,2023-08-23,0,1,EXECUTED_ON_TIME,open,58,41,17,0.00574475586977615,0.0009887760841051918,0.0047559797856709584,0.0,0.0,0.0,0.0,0.0,0.00574475586977615,0.0007754588206772975,0.0,1.0,0.5,1.40142139158201,0.8158028641179044
2023-08-22,2023-08-23,open,2023-08-24,2023-08-24,0,1,EXECUTED_ON_TIME,open,58,42,16,-0.015496377747110268,-0.01072399350280695,-0.004772384244303318,2.1428571428571418e-05,2.1428571428571418e-05,3.57142857142857e-05,2.857142857142856e-05,0.00010714285714285708,-0.015603520604253126,-0.007577276579434982,0.0714285714285714,1.0,0.5357142857142857,1.3795542840232191,0.8070541995035326
2023-08-23,2023-08-24,open,2023-08-25,2023-08-25,0,1,EXECUTED_ON_TIME,open,58,42,16,-0.004694731363750397,-0.002162444699504773,-0.0025322866642456237,0.0,0.0,0.0,0.0,0.0,-0.004694731363750397,-0.0001839723842454186,0.0,1.0,0.5,1.373077647258019,0.8053089894276032
2023-08-24,2023-08-25,open,2023-08-28,2023-08-28,0,1,EXECUTED_ON_TIME,open,58,44,14,0.05587105929601491,0.05617232714659637,-0.00030126785058146033,1.3636363636363623e-05,1.3636363636363623e-05,2.272727272727271e-05,1.8181818181818165e-05,6.818181818181813e-05,0.055802877477833086,-0.00029018277578401336,0.045454545454545414,1.0,0.5227272727272727,1.4496993309755097,0.8505450694358254
2023-08-25,2023-08-28,open,2023-08-29,2023-08-29,0,1,EXECUTED_ON_TIME,open,58,30,28,-0.052329162109313605,-0.04307654077706813,-0.009252621332245477,0.0,0.0,0.0,0.0,0.0,-0.052329162109313605,-0.016233574298509086,0.0,1.0,0.5,1.3738377796751289,0.8139065300695388
2023-08-28,2023-08-29,open,2023-08-30,2023-08-30,0,1,EXECUTED_ON_TIME,open,58,41,17,0.04017525336083889,0.016047328210420764,0.024127925150418124,8.048780487804878e-05,8.048780487804878e-05,0.00013414634146341464,0.00010731707317073172,0.00040243902439024393,0.03977281433644864,0.031107470554861797,0.2682926829268293,1.0,0.6341463414634146,1.4284791746145467,0.8269675552901694
2023-08-29,2023-08-30,open,2023-08-31,2023-08-31,0,1,EXECUTED_ON_TIME,open,58,42,16,-0.0019638968529767493,-0.004257821014803986,0.002293924161827237,7.14285714285715e-06,7.14285714285715e-06,1.1904761904761919e-05,9.523809523809535e-06,3.571428571428576e-05,-0.001999611138691035,0.003147743771394786,0.023809523809523836,1.0,0.5119047619047619,1.4256227717455991,0.8234464754546938
2023-08-30,2023-08-31,open,2023-09-01,2023-09-01,0,1,EXECUTED_ON_TIME,open,58,43,15,0.0008200932592942577,-0.002115964241181323,0.0029360575004755804,1.3953488372093014e-05,1.3953488372093014e-05,2.3255813953488357e-05,1.8604651162790687e-05,6.976744186046507e-05,0.0007503258174337926,0.002459423443086598,0.046511627906976716,1.0,0.5232558139534884,1.4266924533171612,0.8217040921581049
2023-08-31,2023-09-01,open,2023-09-04,2023-09-04,0,1,EXECUTED_ON_TIME,open,58,41,17,-0.004153993652476205,0.009016878663255845,-0.01317087231573205,0.0,0.0,0.0,0.0,0.0,-0.004153993652476205,-0.016977387875990083,0.0,1.0,0.5,1.4207659819220462,0.8291132982541953
2023-09-01,2023-09-04,open,2023-09-05,2023-09-05,0,1,EXECUTED_ON_TIME,open,58,42,16,0.0011433072507867283,0.006973797707676477,-0.005830490456889749,7.14285714285715e-06,7.14285714285715e-06,1.1904761904761919e-05,9.523809523809535e-06,3.571428571428576e-05,0.0011075929650724424,-0.005670247958121067,0.023809523809523836,1.0,0.5119047619047619,1.4223396123286371,0.8348953666729645
2023-09-04,2023-09-05,open,2023-09-06,2023-09-06,0,1,EXECUTED_ON_TIME,open,58,41,17,-0.007529528748661589,-0.008198296791991244,0.0006687680433296551,0.0,0.0,0.0,0.0,0.0,-0.007529528748661589,0.0015816735067148901,0.0,1.0,0.5,1.4116300653272484,0.8280506466667211
2023-09-05,2023-09-06,open,2023-09-07,2023-09-07,0,1,EXECUTED_ON_TIME,open,58,43,15,0.006529195077445029,-0.001542238911793281,0.00807143398923831,1.3953488372093014e-05,1.3953488372093014e-05,2.3255813953488357e-05,1.8604651162790687e-05,6.976744186046507e-05,0.006459427635584564,0.007864398346256296,0.046511627906976716,1.0,0.5232558139534884,1.4207483875824451,0.8267735947384961
2023-09-06,2023-09-07,open,2023-09-08,2023-09-08,0,1,EXECUTED_ON_TIME,open,58,42,16,-0.021590654726326465,-0.014353693243459698,-0.0072369614828667675,0.0,0.0,0.0,0.0,0.0,-0.021590654726326465,-0.010091836906157978,0.0,1.0,0.5,1.3900734996931674,0.8149063401778273
2023-09-07,2023-09-08,open,2023-09-11,2023-09-11,0,1,EXECUTED_ON_TIME,open,58,42,16,0.01102242518961575,-0.0018854477111128753,0.012907872900728626,0.0,0.0,0.0,0.0,0.0,0.01102242518961575,0.013960232160813978,0.0,1.0,0.5,1.4053954808516027,0.8133698768839676
2023-09-08,2023-09-11,open,2023-09-12,2023-09-12,0,1,EXECUTED_ON_TIME,open,58,43,15,0.007252053890576136,0.006348739568810879,0.0009033143217652565,6.976744186046524e-06,6.976744186046524e-06,1.1627906976744207e-05,9.302325581395366e-06,3.4883720930232624e-05,0.007217170169645903,0.0013480028472910932,0.023255813953488413,1.0,0.5116279069767442,1.4155384591925602,0.8185337504054196
2023-09-11,2023-09-12,open,2023-09-13,2023-09-13,0,1,EXECUTED_ON_TIME,open,58,42,16,0.0001825108884723547,-0.0012549367975681625,0.001437447686040517,0.0,0.0,0.0,0.0,0.0,0.0001825108884723547,-7.148217996461644e-05,0.0,1.0,0.5,1.415796810374414,0.8175065422819844
2023-09-12,2023-09-13,open,2023-09-14,2023-09-14,0,1,EXECUTED_ON_TIME,open,58,42,16,-0.011227559605341195,-0.006030680318086179,-0.005196879287255016,7.14285714285715e-06,7.14285714285715e-06,1.1904761904761919e-05,9.523809523809535e-06,3.571428571428576e-05,-0.011263273891055482,-0.0073723200334274265,0.023809523809523836,1.0,0.5119047619047619,1.3998503031250842,0.8125764216675377
2023-09-13,2023-09-14,open,2023-09-15,2023-09-15,0,1,EXECUTED_ON_TIME,open,58,42,16,-0.0019708066601293343,0.00102998820423994,-0.0030007948643692743,7.14285714285715e-06,7.14285714285715e-06,1.1904761904761919e-05,9.523809523809535e-06,3.571428571428576e-05,-0.00200652094584362,-0.005740486943758806,0.023809523809523836,1.0,0.5119047619047619,1.3970414741708181,0.8134133657968988
2023-09-14,2023-09-15,open,2023-09-18,2023-09-18,0,1,EXECUTED_ON_TIME,open,58,42,16,-0.009343858998340943,-0.011187758719092278,0.0018438997207513349,0.0,0.0,0.0,0.0,0.0,-0.009343858998340943,0.00129793575163379,0.0,1.0,0.5,1.3839877156213318,0.8043130933214784
2023-09-15,2023-09-18,open,2023-09-19,2023-09-19,0,1,EXECUTED_ON_TIME,open,58,43,15,0.0012414299334531733,0.006620826432696569,-0.0053793964992433965,1.3953488372093014e-05,1.3953488372093014e-05,2.3255813953488357e-05,1.8604651162790687e-05,6.976744186046507e-05,0.0011716624915927083,-0.004695249577245229,0.046511627906976716,1.0,0.5232558139534884,1.3856092821165504,0.8096383107099052
2023-09-18,2023-09-19,open,2023-09-20,2023-09-20,0,1,EXECUTED_ON_TIME,open,58,43,15,-0.012113943439198778,-0.002005143652723862,-0.010108799786474916,6.976744186046524e-06,6.976744186046524e-06,1.1627906976744207e-05,9.302325581395366e-06,3.4883720930232624e-05,-0.012148827160129012,-0.013001750157344727,0.023255813953488413,1.0,0.5116279069767442,1.3687757544366461,0.8080148695901832
2023-09-19,2023-09-20,open,2023-09-21,2023-09-21,0,1,EXECUTED_ON_TIME,open,58,43,15,-0.007329723624103015,-0.004748439029719886,-0.0025812845943831283,6.976744186046524e-06,6.976744186046524e-06,1.1627906976744207e-05,9.302325581395366e-06,3.4883720930232624e-05,-0.007364607345033247,-0.004350444098549103,0.023255813953488413,1.0,0.5116279069767442,1.3586952584618186,0.8041780602468271
2023-09-20,2023-09-21,open,2023-09-22,2023-09-22,0,1,EXECUTED_ON_TIME,open,58,43,15,-0.004351002626898354,-0.006941813740481195,0.002590811113582841,6.976744186046524e-06,6.976744186046524e-06,1.1627906976744207e-05,9.302325581395366e-06,3.4883720930232624e-05,-0.0043858863478285865,0.0032677647903147132,0.023255813953488413,1.0,0.5116279069767442,1.3527361754768716,0.7985956059384122
2023-09-21,2023-09-22,open,2023-09-25,2023-09-25,0,1,EXECUTED_ON_TIME,open,58,43,15,0.03018301849760187,0.017813344079463223,0.012369674418138646,6.976744186046524e-06,6.976744186046524e-06,1.1627906976744207e-05,9.302325581395366e-06,3.4883720930232624e-05,0.030148134776671637,0.010766096049179805,0.023255813953488413,1.0,0.5116279069767442,1.3935186480124278,0.8128212642473406
2023-09-22,2023-09-25,open,2023-09-26,2023-09-26,0,1,EXECUTED_ON_TIME,open,58,42,16,-0.010143815169533724,-0.007049374782975848,-0.0030944403865578764,7.14285714285715e-06,7.14285714285715e-06,1.1904761904761919e-05,9.523809523809535e-06,3.571428571428576e-05,-0.01017952945524801,-0.002828132630115059,0.023809523809523836,1.0,0.5119047619047619,1.379333283888548,0.8070913825240889
2023-09-25,2023-09-26,open,2023-09-27,2023-09-27,0,1,EXECUTED_ON_TIME,open,58,43,15,-0.002774271260899737,-0.004512743583754197,0.0017384723228544602,6.976744186046524e-06,6.976744186046524e-06,1.1627906976744207e-05,9.302325581395366e-06,3.4883720930232624e-05,-0.0028091549818299697,0.0008186376338674196,0.023255813953488413,1.0,0.5116279069767442,1.3754585229225085,0.8034491860660999
2023-09-26,2023-09-27,open,2023-09-28,2023-09-28,0,1,EXECUTED_ON_TIME,open,58,43,15,0.010858453417868136,0.004398151969668973,0.0064603014481991634,0.0,0.0,0.0,0.0,0.0,0.010858453417868136,0.008794225904544773,0.0,1.0,0.5,1.3903938752218723,0.8069828776863255
2023-09-27,2023-09-28,open,2023-10-09,2023-10-09,0,1,EXECUTED_ON_TIME,open,58,43,15,-0.002253321724261326,-0.008698775494366817,0.006445453770105492,0.0,0.0,0.0,0.0,0.0,-0.002253321724261326,0.011651163389976524,0.0,1.0,0.5,1.387260870497555,0.7999631148055341
2023-09-28,2023-10-09,open,2023-10-10,2023-10-10,0,1,EXECUTED_ON_TIME,open,58,43,15,0.00155552015331995,0.004709250980380331,-0.0031537308270603807,6.976744186046524e-06,6.976744186046524e-06,1.1627906976744207e-05,9.302325581395366e-06,3.4883720930232624e-05,0.0015206364323897173,-0.005679952478894991,0.023255813953488413,1.0,0.5116279069767442,1.3893703899184622,0.8037303418882001
2023-10-09,2023-10-10,open,2023-10-11,2023-10-11,0,1,EXECUTED_ON_TIME,open,58,42,16,0.0007484073003318928,-0.005817511458898528,0.00656591875923042,0.0,0.0,0.0,0.0,0.0,0.0007484073003318928,0.007870037100121312,0.0,1.0,0.5,1.3904102048611422,0.7990546314144011
2023-10-10,2023-10-11,open,2023-10-12,2023-10-12,0,1,EXECUTED_ON_TIME,open,58,42,16,0.013517663971269496,0.006308726768153861,0.007208937203115636,0.0,0.0,0.0,0.0,0.0,0.013517663971269496,0.00539473530586978,0.0,1.0,0.5,1.4092053027926792,0.8040956487568225
2023-10-11,2023-10-12,open,2023-10-13,2023-10-13,0,1,EXECUTED_ON_TIME,open,58,40,18,-0.00918726799055121,-0.005401664821492291,-0.003785603169058918,0.0,0.0,0.0,0.0,0.0,-0.00918726799055121,-0.0023394305205745826,0.0,1.0,0.5,1.396258556022217,0.7997521935778178
2023-10-12,2023-10-13,open,2023-10-16,2023-10-16,0,1,EXECUTED_ON_TIME,open,58,42,16,-0.004364010258657022,-0.0037847077686291586,-0.0005793024900278632,1.42857142857143e-05,1.42857142857143e-05,2.3809523809523837e-05,1.904761904761907e-05,7.142857142857152e-05,-0.004435438830085593,-0.0027277918092908898,0.04761904761904767,1.0,0.5238095238095238,1.3900655366059969,0.7967253652378056
2023-10-13,2023-10-16,open,2023-10-17,2023-10-17,0,1,EXECUTED_ON_TIME,open,58,42,16,-0.013215566654922472,-0.007843802972621217,-0.005371763682301255,7.14285714285715e-06,7.14285714285715e-06,1.1904761904761919e-05,9.523809523809535e-06,3.571428571428576e-05,-0.013251280940636758,-0.006897359481180313,0.023809523809523836,1.0,0.5119047619047619,1.3716453876545338,0.7904760084495905
2023-10-16,2023-10-17,open,2023-10-18,2023-10-18,0,1,EXECUTED_ON_TIME,open,58,42,16,-0.00015685387157624944,-0.0011641408313318724,0.0010072869597556229,7.14285714285715e-06,7.14285714285715e-06,1.1904761904761919e-05,9.523809523809535e-06,3.571428571428576e-05,-0.0001925681572905352,0.0005438185806722869,0.023809523809523836,1.0,0.5119047619047619,1.371381252429777,0.7895557830519662
2023-10-17,2023-10-18,open,2023-10-19,2023-10-19,0,1,EXECUTED_ON_TIME,open,58,42,16,-0.012915854932823148,-0.011718869412214117,-0.001196985520609031,0.0,0.0,0.0,0.0,0.0,-0.012915854932823148,-0.006407980848930762,0.0,1.0,0.5,1.3536686911158007,0.7803030819367217
2023-10-18,2023-10-19,open,2023-10-20,2023-10-20,0,1,EXECUTED_ON_TIME,open,58,42,16,0.0024611274571349723,-0.019553770849501828,0.0220148983066368,0.0,0.0,0.0,0.0,0.0,0.0024611274571349723,0.02281754033763381,0.0,1.0,0.5,1.3570002422993697,0.765045214279371
2023-10-19,2023-10-20,open,2023-10-23,2023-10-23,0,1,EXECUTED_ON_TIME,open,58,42,16,-0.009316783176295534,-0.0051578213171756815,-0.004158961859119853,7.14285714285715e-06,7.14285714285715e-06,1.1904761904761919e-05,9.523809523809535e-06,3.571428571428576e-05,-0.00935249746200982,-0.0003097573141756533,0.023809523809523836,1.0,0.5119047619047619,1.3443089009773181,0.7610992477645576
2023-10-20,2023-10-23,open,2023-10-24,2023-10-24,0,1,EXECUTED_ON_TIME,open,58,42,16,-0.013381603410243673,-0.005266843399475252,-0.008114760010768421,0.0,0.0,0.0,0.0,0.0,-0.013381603410243673,-0.00920119289002407,0.0,1.0,0.5,1.3263198924035793,0.7570906572151233
2023-10-23,2023-10-24,open,2023-10-25,2023-10-25,0,1,EXECUTED_ON_TIME,open,58,42,16,0.018462690386046005,0.012215934221848412,0.006246756164197592,7.14285714285715e-06,7.14285714285715e-06,1.1904761904761919e-05,9.523809523809535e-06,3.571428571428576e-05,0.01842697610033172,0.007463035212939286,0.023809523809523836,1.0,0.5119047619047619,1.3507599573622946,0.7663392268836392
2023-10-24,2023-10-25,open,2023-10-26,2023-10-26,0,1,EXECUTED_ON_TIME,open,58,43,15,-0.013149432542186642,-0.011212448894063143,-0.001936983648123499,6.976744186046524e-06,6.976744186046524e-06,1.1627906976744207e-05,9.302325581395366e-06,3.4883720930232624e-05,-0.013184316263116875,-0.0007032735601124034,0.023255813953488413,1.0,0.5116279069767442,1.3329511108888759,0.7577466874666905
2023-10-25,2023-10-26,open,2023-10-27,2023-10-27,0,1,EXECUTED_ON_TIME,open,58,43,15,0.004626155146997436,0.004703308471895262,-7.715332489782647e-05,6.976744186046524e-06,6.976744186046524e-06,1.1627906976744207e-05,9.302325581395366e-06,3.4883720930232624e-05,0.004591271426067203,-0.001628600895916067,0.023255813953488413,1.0,0.5116279069767442,1.3390710512366444,0.7613106038814031
2023-10-26,2023-10-27,open,2023-10-30,2023-10-30,0,1,EXECUTED_ON_TIME,open,58,42,16,0.013319259610924299,0.015119227252824885,-0.001799967641900586,0.0,0.0,0.0,0.0,0.0,0.013319259610924299,0.004435286647060244,0.0,1.0,0.5,1.3569064862055387,0.7728210319114714
2023-10-27,2023-10-30,open,2023-10-31,2023-10-31,0,1,EXECUTED_ON_TIME,open,58,43,15,0.020276620397236243,0.007757225023676817,0.012519395373559426,6.976744186046524e-06,6.976744186046524e-06,1.1627906976744207e-05,9.302325581395366e-06,3.4883720930232624e-05,0.02024173667630601,0.018084071230272603,0.023255813953488413,1.0,0.5116279069767442,1.3843726299936827,0.7788159785590388
2023-10-30,2023-10-31,open,2023-11-01,2023-11-01,0,1,EXECUTED_ON_TIME,open,58,43,15,-0.005017128236669399,0.006723667914127374,-0.011740796150796772,0.0,0.0,0.0,0.0,0.0,-0.005017128236669399,-0.012002800078085326,0.0,1.0,0.5,1.3774270549816692,0.784052478565086
2023-10-31,2023-11-01,open,2023-11-02,2023-11-02,0,1,EXECUTED_ON_TIME,open,58,43,15,-0.004493590703077675,-0.007124992858644319,0.0026314021555666443,6.976744186046524e-06,6.976744186046524e-06,1.1627906976744207e-05,9.302325581395366e-06,3.4883720930232624e-05,-0.004528474424007907,-0.00039337960875261094,0.023255813953488413,1.0,0.5116279069767442,1.371189411792248,0.7784661102545074
2023-11-01,2023-11-02,open,2023-11-03,2023-11-03,0,1,EXECUTED_ON_TIME,open,58,43,15,-0.009963584945280957,-0.006015809201336153,-0.003947775743944804,6.976744186046524e-06,6.976744186046524e-06,1.1627906976744207e-05,9.302325581395366e-06,3.4883720930232624e-05,-0.00999846866621119,-0.006237161882032324,0.023255813953488413,1.0,0.5116279069767442,1.3574796174230026,0.7737830066655099
2023-11-02,2023-11-03,open,2023-11-06,2023-11-06,0,1,EXECUTED_ON_TIME,open,58,43,15,0.02780119205958496,0.01399145152633241,0.01380974053325255,0.0,0.0,0.0,0.0,0.0,0.02780119205958496,0.01966402927470693,0.0,1.0,0.5,1.3952191689839513,0.7846093540951702
2023-11-03,2023-11-06,open,2023-11-07,2023-11-07,0,1,EXECUTED_ON_TIME,open,58,41,17,0.01636803979453318,0.004286206402482673,0.012081833392050507,0.0,0.0,0.0,0.0,0.0,0.01636803979453318,0.01731129741932789,0.0,1.0,0.5,1.4180561718639761,0.7879723517321408
2023-11-06,2023-11-07,open,2023-11-08,2023-11-08,0,1,EXECUTED_ON_TIME,open,58,42,16,0.008730874437983639,-0.0036265948448928054,0.012357469282876444,1.42857142857143e-05,1.42857142857143e-05,2.3809523809523837e-05,1.904761904761907e-05,7.142857142857152e-05,0.008659445866555067,0.013101682941962851,0.04761904761904767,1.0,0.5238095238095238,1.4303357525199665,0.7851146952634309
2023-11-07,2023-11-08,open,2023-11-09,2023-11-09,0,1,EXECUTED_ON_TIME,open,58,41,17,0.002522338499595494,-0.0020868859092411096,0.004609224408836604,0.0,0.0,0.0,0.0,0.0,0.002522338499595494,0.005375571306848183,0.0,1.0,0.5,1.4339435434558956,0.7834762504687476
2023-11-08,2023-11-09,open,2023-11-10,2023-11-10,0,1,EXECUTED_ON_TIME,open,58,42,16,-0.004521257357538631,-0.001953591177394687,-0.0025676661801439446,1.42857142857143e-05,1.42857142857143e-05,2.3809523809523837e-05,1.904761904761907e-05,7.142857142857152e-05,-0.004592685928967203,-0.0033667940752092965,0.04761904761904767,1.0,0.5238095238095238,1.4273578911209324,0.7819456581781336
2023-11-09,2023-11-10,open,2023-11-13,2023-11-13,0,1,EXECUTED_ON_TIME,open,58,42,16,0.0031332941525153346,-0.0006000997199997471,0.0037333938725150817,0.0,0.0,0.0,0.0,0.0,0.0031332941525153346,0.0068315503123812255,0.0,1.0,0.5,1.4318302232547282,0.7814764128076058
2023-11-10,2023-11-13,open,2023-11-14,2023-11-14,0,1,EXECUTED_ON_TIME,open,58,42,16,0.0010722144537431647,-0.0035638055589022333,0.004636020012645398,0.0,0.0,0.0,0.0,0.0,0.0010722144537431647,0.004758909232316541,0.0,1.0,0.5,1.4333654523154082,0.7786913828234912
2023-11-13,2023-11-14,open,2023-11-15,2023-11-15,0,1,EXECUTED_ON_TIME,open,58,42,16,0.019312329329189668,0.009989659610460722,0.009322669718728947,7.14285714285715e-06,7.14285714285715e-06,1.1904761904761919e-05,9.523809523809535e-06,3.571428571428576e-05,0.019276615043475383,0.011702676344443583,0.023809523809523836,1.0,0.5119047619047619,1.4609958863563093,0.7864702446794968
2023-11-14,2023-11-15,open,2023-11-16,2023-11-16,0,1,EXECUTED_ON_TIME,open,58,42,16,-0.00757878711089074,-0.004394951777458744,-0.003183835333431996,7.14285714285715e-06,7.14285714285715e-06,1.1904761904761919e-05,9.523809523809535e-06,3.571428571428576e-05,-0.007614501396605026,-0.005630161058113514,0.023809523809523836,1.0,0.5119047619047619,1.449871131139215,0.7830137458797242
2023-11-15,2023-11-16,open,2023-11-17,2023-11-17,0,1,EXECUTED_ON_TIME,open,58,42,16,-0.013801158787570907,-0.01101644246387301,-0.002784716323697896,7.14285714285715e-06,7.14285714285715e-06,1.1904761904761919e-05,9.523809523809535e-06,3.571428571428576e-05,-0.013836873073285193,-0.0038163629253897685,0.023809523809523836,1.0,0.5119047619047619,1.4298094483250212,0.7743877199998185
2023-11-16,2023-11-17,open,2023-11-20,2023-11-20,0,1,EXECUTED_ON_TIME,open,58,42,16,0.008004549922647883,0.0023642978667126613,0.005640252055935222,0.0,0.0,0.0,0.0,0.0,0.008004549922647883,0.006925406321895841,0.0,1.0,0.5,1.4412544294340126,0.7762186032342225
2023-11-17,2023-11-20,open,2023-11-21,2023-11-21,0,1,EXECUTED_ON_TIME,open,58,42,16,0.0010605615227675166,0.005083576325499051,-0.004023014802731534,0.0,0.0,0.0,0.0,0.0,0.0010605615227675166,-0.005207015766865149,0.0,1.0,0.5,1.4427829684263884,0.7801645697490359
2023-11-20,2023-11-21,open,2023-11-22,2023-11-22,0,1,EXECUTED_ON_TIME,open,58,42,16,-0.01093109877205444,-0.005139249439362281,-0.0057918493326921585,0.0,0.0,0.0,0.0,0.0,-0.01093109877205444,-0.008196308923538304,0.0,1.0,0.5,1.4270117652918817,0.7761551094213429
2023-11-21,2023-11-22,open,2023-11-23,2023-11-23,0,1,EXECUTED_ON_TIME,open,58,42,16,-0.009632321477753555,-0.007843529473398947,-0.0017887920043546078,0.0,0.0,0.0,0.0,0.0,-0.009632321477753555,-0.003698303993980345,0.0,1.0,0.5,1.4132663292160537,0.7700673139446674
2023-11-22,2023-11-23,open,2023-11-24,2023-11-24,0,1,EXECUTED_ON_TIME,open,58,42,16,0.009744018407635354,0.00542264986974228,0.004321368537893075,0.0,0.0,0.0,0.0,0.0,0.009744018407635354,0.005972457135035428,0.0,1.0,0.5,1.4270372223428263,0.7742431193643222
2023-11-23,2023-11-24,open,2023-11-27,2023-11-27,0,1,EXECUTED_ON_TIME,open,58,42,16,-0.01796700589623905,-0.007358496182995999,-0.01060850971324305,0.0,0.0,0.0,0.0,0.0,-0.01796700589623905,-0.016043105294070846,0.0,1.0,0.5,1.4013976361548401,0.7685458543257689
2023-11-24,2023-11-27,open,2023-11-28,2023-11-28,0,1,EXECUTED_ON_TIME,open,58,42,16,0.0017744978760204195,-0.006730901174017423,0.008505399050037842,0.0,0.0,0.0,0.0,0.0,0.0017744978760204195,0.00916249454036111,0.0,1.0,0.5,1.4038844132836568,0.7633728481326014
2023-11-27,2023-11-28,open,2023-11-29,2023-11-29,0,1,EXECUTED_ON_TIME,open,58,42,16,0.0036413198929058236,0.0023440070300271287,0.0012973128628786948,0.0,0.0,0.0,0.0,0.0,0.0036413198929058236,0.0006586556669703073,0.0,1.0,0.5,1.4089964055250868,0.7651621994551561
2023-11-28,2023-11-29,open,2023-11-30,2023-11-30,0,1,EXECUTED_ON_TIME,open,58,42,16,-0.005292544796766464,-0.009482267673501132,0.004189722876734668,0.0,0.0,0.0,0.0,0.0,-0.005292544796766464,0.003672652292102432,0.0,1.0,0.5,1.4015392289303623,0.7579067266662775
2023-11-29,2023-11-30,open,2023-12-01,2023-12-01,0,1,EXECUTED_ON_TIME,open,58,43,15,-0.002279194246765019,0.002497764320185558,-0.004776958566950577,6.976744186046524e-06,6.976744186046524e-06,1.1627906976744207e-05,9.302325581395366e-06,3.4883720930232624e-05,-0.0023140779676952515,-0.00545318143473015,0.023255813953488413,1.0,0.5116279069767442,1.398295957879834,0.7597997990461731
2023-11-30,2023-12-01,open,2023-12-04,2023-12-04,0,1,EXECUTED_ON_TIME,open,58,43,15,0.012478981865568776,-0.003771367769028977,0.016250349634597754,0.0,0.0,0.0,0.0,0.0,0.012478981865568776,0.01732239291630857,0.0,1.0,0.5,1.4157452677809146,0.7569343145731356
2023-12-01,2023-12-04,open,2023-12-05,2023-12-05,0,1,EXECUTED_ON_TIME,open,58,43,15,-0.007168194589757138,-0.008892444653832432,0.0017242500640752938,6.976744186046524e-06,6.976744186046524e-06,1.1627906976744207e-05,9.302325581395366e-06,3.4883720930232624e-05,-0.007203078310687371,0.0015185384848916562,0.023255813953488413,1.0,0.5116279069767442,1.4055475437491036,0.7502033180742075
2023-12-04,2023-12-05,open,2023-12-06,2023-12-06,0,1,EXECUTED_ON_TIME,open,58,42,16,-0.015294186463096654,-0.01803141367326655,0.0027372272101698954,0.0,0.0,0.0,0.0,0.0,-0.015294186463096654,0.002618909974116816,0.0,1.0,0.5,1.3840508375322573,0.7366760917069543
2023-12-05,2023-12-06,open,2023-12-07,2023-12-07,0,1,EXECUTED_ON_TIME,open,58,42,16,0.006402269493851634,0.001896761396507518,0.004505508097344116,0.0,0.0,0.0,0.0,0.0,0.006402269493851634,0.00798684597258289,0.0,1.0,0.5,1.39291190398733,0.738073390479434
2023-12-06,2023-12-07,open,2023-12-08,2023-12-08,0,1,EXECUTED_ON_TIME,open,58,43,15,0.008487429963390452,-0.0007209131999296181,0.00920834316332007,6.976744186046524e-06,6.976744186046524e-06,1.1627906976744207e-05,9.302325581395366e-06,3.4883720930232624e-05,0.008452546242460219,0.009083851471135225,0.023255813953488413,1.0,0.5116279069767442,1.4046855562674563,0.7375413036297206
2023-12-07,2023-12-08,open,2023-12-11,2023-12-11,0,1,EXECUTED_ON_TIME,open,58,43,15,0.005425964983672816,-0.004070629115184299,0.009496594098857114,0.0,0.0,0.0,0.0,0.0,0.005425964983672816,0.007621806465895298,0.0,1.0,0.5,1.4123073309088343,0.7345390465255145
2023-12-08,2023-12-11,open,2023-12-12,2023-12-12,0,1,EXECUTED_ON_TIME,open,58,44,14,0.024783259535277505,0.009456929615056175,0.01532632992022133,6.8181818181818115e-06,6.8181818181818115e-06,1.1363636363636354e-05,9.090909090909083e-06,3.4090909090909065e-05,0.024749168626186594,0.015964947082812684,0.022727272727272707,1.0,0.5113636363636364,1.4472607631934966,0.7414855305880168
2023-12-11,2023-12-12,open,2023-12-13,2023-12-13,0,1,EXECUTED_ON_TIME,open,58,41,17,-0.006350647545239594,0.0025346055921440236,-0.008885253137383618,0.0,0.0,0.0,0.0,0.0,-0.006350647545239594,-0.01195888909793772,0.0,1.0,0.5,1.4380697201804002,0.743364903960339
2023-12-12,2023-12-13,open,2023-12-14,2023-12-14,0,1,EXECUTED_ON_TIME,open,58,42,16,-0.006258278520951124,-0.009142814352252837,0.002884535831301713,7.14285714285715e-06,7.14285714285715e-06,1.1904761904761919e-05,9.523809523809535e-06,3.571428571428576e-05,-0.00629399280666541,0.00313568686483398,0.023809523809523836,1.0,0.5119047619047619,1.4290185197061014,0.7365684566474494
2023-12-13,2023-12-14,open,2023-12-15,2023-12-15,0,1,EXECUTED_ON_TIME,open,58,43,15,-0.00848899286464121,-0.0063311374408283605,-0.0021578554238128496,6.976744186046524e-06,6.976744186046524e-06,1.1627906976744207e-05,9.302325581395366e-06,3.4883720930232624e-05,-0.008523876585571443,-0.0013058461213457618,0.023255813953488413,1.0,0.5116279069767442,1.4168377422056306,0.7319051405138356
2023-12-14,2023-12-15,open,2023-12-18,2023-12-18,0,1,EXECUTED_ON_TIME,open,58,43,15,-0.009576014234051626,-0.01091760724124835,0.0013415930071967244,0.0,0.0,0.0,0.0,0.0,-0.009576014234051626,0.0020453851694166598,0.0,1.0,0.5,1.403270083818928,0.7239144876518548
2023-12-15,2023-12-18,open,2023-12-19,2023-12-19,0,1,EXECUTED_ON_TIME,open,58,43,15,-0.014656383485109859,-0.0010606180300258838,-0.013595765455083975,6.976744186046524e-06,6.976744186046524e-06,1.1627906976744207e-05,9.302325581395366e-06,3.4883720930232624e-05,-0.014691267206040092,-0.01725326634099065,0.023255813953488413,1.0,0.5116279069767442,1.382654268055302,0.7231466908940544
2023-12-18,2023-12-19,open,2023-12-20,2023-12-20,0,1,EXECUTED_ON_TIME,open,58,42,16,-0.002797440779274682,0.0026076027014185765,-0.005405043480693259,7.14285714285715e-06,7.14285714285715e-06,1.1904761904761919e-05,9.523809523809535e-06,3.571428571428576e-05,-0.0028331550649889677,-0.004427482398154563,0.023809523809523836,1.0,0.5119047619047619,1.3787369941126326,0.7250323701587517
2023-12-19,2023-12-20,open,2023-12-21,2023-12-21,0,1,EXECUTED_ON_TIME,open,58,42,16,-0.023403507990400977,-0.014613721728969908,-0.008789786261431069,0.0,0.0,0.0,0.0,0.0,-0.023403507990400977,-0.010616783826130499,0.0,1.0,0.5,1.3464697118542561,0.7144369488567561
2023-12-20,2023-12-21,open,2023-12-22,2023-12-22,0,1,EXECUTED_ON_TIME,open,58,42,16,0.013837571312853635,0.013349748372065484,0.0004878229407881511,0.0,0.0,0.0,0.0,0.0,0.013837571312853635,0.002780756959905085,0.0,1.0,0.5,1.3651015825126367,0.7239745023517
2023-12-21,2023-12-22,open,2023-12-25,2023-12-25,0,1,EXECUTED_ON_TIME,open,58,42,16,-0.012906467705200078,0.0002601016919525634,-0.013166569397152642,0.0,0.0,0.0,0.0,0.0,-0.012906467705200078,-0.0143615381893126,0.0,1.0,0.5,1.3474829430236197,0.7241628093446922
2023-12-22,2023-12-25,open,2023-12-26,2023-12-26,0,1,EXECUTED_ON_TIME,open,58,41,17,0.0027513359634140666,0.004522670856037525,-0.0017713348926234585,0.0,0.0,0.0,0.0,0.0,0.0027513359634140666,-0.002434826058621839,0.0,1.0,0.5,1.3511903213048477,0.7274379593775417
2023-12-25,2023-12-26,open,2023-12-27,2023-12-27,0,1,EXECUTED_ON_TIME,open,58,41,17,-0.007772330443309646,-0.005520424344509389,-0.0022519060988002567,0.0,0.0,0.0,0.0,0.0,-0.007772330443309646,-0.0033587814653294294,0.0,1.0,0.5,1.3406884236358647,0.7234221931574737
2023-12-26,2023-12-27,open,2023-12-28,2023-12-28,0,1,EXECUTED_ON_TIME,open,58,42,16,0.0048134564992545524,0.0025939853805025948,0.0022194711187519577,7.14285714285715e-06,7.14285714285715e-06,1.1904761904761919e-05,9.523809523809535e-06,3.571428571428576e-05,0.004777742213540267,0.0029896026734730907,0.023809523809523836,1.0,0.5119047619047619,1.3470938873126745,0.7252987397504553
2023-12-27,2023-12-28,open,2023-12-29,2023-12-29,0,1,EXECUTED_ON_TIME,open,58,42,16,0.02112591419541752,0.022650489858215606,-0.001524575662798084,0.0,0.0,0.0,0.0,0.0,0.02112591419541752,0.002365318253734927,0.0,1.0,0.5,1.3755524771892134,0.7417271114993496
2023-12-28,2023-12-29,open,2024-01-02,2024-01-02,0,1,EXECUTED_ON_TIME,open,58,44,14,0.01499336173498138,0.004444009265021975,0.010549352469959404,1.3636363636363623e-05,1.3636363636363623e-05,2.272727272727271e-05,1.8181818181818165e-05,6.818181818181813e-05,0.014925179916799562,0.011949882590582479,0.045454545454545414,1.0,0.5227272727272727,1.3960828453962617,0.7450233536549706
2023-12-29,2024-01-02,open,2024-01-03,2024-01-03,0,1,EXECUTED_ON_TIME,open,58,42,16,-0.013701181390219128,-0.013576871394765377,-0.0001243099954537502,0.0,0.0,0.0,0.0,0.0,-0.013701181390219128,-0.0009414114623456978,0.0,1.0,0.5,1.3769548610957143,0.7349082673963003
2024-01-02,2024-01-03,open,2024-01-04,2024-01-04,0,1,EXECUTED_ON_TIME,open,58,43,15,-0.0061511555195308265,-0.0013992159183371378,-0.004751939601193689,1.3953488372093014e-05,1.3953488372093014e-05,2.3255813953488357e-05,1.8604651162790687e-05,6.976744186046507e-05,-0.0062209229613912915,-0.006241139957616022,0.046511627906976716,1.0,0.5232558139534884,1.3683889309835247,0.7338799720500419
2024-01-03,2024-01-04,open,2024-01-05,2024-01-05,0,1,EXECUTED_ON_TIME,open,58,42,16,-0.009594930848635365,-0.009989567472320937,0.00039463662368557223,0.0,0.0,0.0,0.0,0.0,-0.009594930848635365,-0.0022527379536150926,0.0,1.0,0.5,1.3552593338166996,0.726548828552663
2024-01-04,2024-01-05,open,2024-01-08,2024-01-08,0,1,EXECUTED_ON_TIME,open,58,42,16,-0.019410725227984215,-0.005596913302762463,-0.013813811925221752,0.0,0.0,0.0,0.0,0.0,-0.019410725227984215,-0.017679174738612434,0.0,1.0,0.5,1.3289527672753227,0.7224823977490301
2024-01-05,2024-01-08,open,2024-01-09,2024-01-09,0,1,EXECUTED_ON_TIME,open,58,42,16,-0.011420898111776672,-0.010803872262878045,-0.000617025848898627,0.0,0.0,0.0,0.0,0.0,-0.011420898111776672,-0.0018082970551947537,0.0,1.0,0.5,1.3137749331249076,0.7146767902115717
2024-01-08,2024-01-09,open,2024-01-10,2024-01-10,0,1,EXECUTED_ON_TIME,open,58,41,17,-0.012307436467573445,-0.0015331450192715979,-0.010774291448301847,0.0,0.0,0.0,0.0,0.0,-0.012307436467573445,-0.011436945690841553,0.0,1.0,0.5,1.2976057316027823,0.7135810870502698
2024-01-09,2024-01-10,open,2024-01-11,2024-01-11,0,1,EXECUTED_ON_TIME,open,58,40,18,-0.004139354721578647,-0.0019380382360316695,-0.0022013164855469777,0.0,0.0,0.0,0.0,0.0,-0.004139354721578647,-0.0007005150679315281,0.0,1.0,0.5,1.2922344811909248,0.7121981396190573
2024-01-10,2024-01-11,open,2024-01-12,2024-01-12,0,1,EXECUTED_ON_TIME,open,58,40,18,0.014225924989080698,0.002762792762453836,0.011463132226626862,0.0,0.0,0.0,0.0,0.0,0.014225924989080698,0.017325968432344428,0.0,1.0,0.5,1.3106177119886504,0.7141657954846299
2024-01-11,2024-01-12,open,2024-01-15,2024-01-15,0,1,EXECUTED_ON_TIME,open,58,40,18,-0.008231948008455212,-0.0043402698487802205,-0.003891678159674991,7.500000000000006e-06,7.500000000000006e-06,1.250000000000001e-05,1.000000000000001e-05,3.750000000000003e-05,-0.008269448008455211,-0.00601025563332536,0.025000000000000022,1.0,0.5125,1.2997796269603998,0.7110661232154578
2024-01-12,2024-01-15,open,2024-01-16,2024-01-16,0,1,EXECUTED_ON_TIME,open,58,41,17,0.002579535230762408,0.0007547162887528991,0.0018248189420095088,7.317073170731713e-06,7.317073170731713e-06,1.2195121951219523e-05,9.75609756097562e-06,3.658536585365857e-05,0.0025429498649087493,0.0006743766443257355,0.024390243902439046,1.0,0.5121951219512195,1.30308490138719,0.7116027764010289
2024-01-15,2024-01-16,open,2024-01-17,2024-01-17,0,1,EXECUTED_ON_TIME,open,58,39,19,-0.0014914058903566642,0.005673826480770083,-0.007165232371126748,0.0,0.0,0.0,0.0,0.0,-0.0014914058903566642,-0.009375424248544734,0.0,1.0,0.5,1.3011414728896262,0.7156402870775626
2024-01-16,2024-01-17,open,2024-01-18,2024-01-18,0,1,EXECUTED_ON_TIME,open,58,42,16,-0.029246437306455406,-0.023352097860345644,-0.005894339446109762,2.1428571428571418e-05,2.1428571428571418e-05,3.57142857142857e-05,2.857142857142856e-05,0.00010714285714285708,-0.029353580163598264,-0.010305001734953922,0.0714285714285714,1.0,0.5357142857142857,1.2629483123609784,0.6989285850609215
2024-01-17,2024-01-18,open,2024-01-19,2024-01-19,0,1,EXECUTED_ON_TIME,open,58,43,15,0.012170539236816278,0.014608230013278156,-0.0024376907764618785,1.3953488372093014e-05,1.3953488372093014e-05,2.3255813953488357e-05,1.8604651162790687e-05,6.976744186046507e-05,0.012100771794955813,0.0016785558665873383,0.046511627906976716,1.0,0.5232558139534884,1.278230961677683,0.7091386945943464
2024-01-18,2024-01-19,open,2024-01-22,2024-01-22,0,1,EXECUTED_ON_TIME,open,58,42,16,-0.00866908299614938,0.00037715727059572934,-0.00904624026674511,7.14285714285715e-06,7.14285714285715e-06,1.1904761904761919e-05,9.523809523809535e-06,3.571428571428576e-05,-0.008704797281863666,-0.012190399964511472,0.023809523809523836,1.0,0.5119047619047619,1.2671042202768772,0.7094061514088734
2024-01-19,2024-01-22,open,2024-01-23,2024-01-23,0,1,EXECUTED_ON_TIME,open,58,42,16,-0.04088866718202062,-0.01656322251644393,-0.024325444665576686,0.0,0.0,0.0,0.0,0.0,-0.04088866718202062,-0.028016051891065086,0.0,1.0,0.5,1.215294017529042,0.6976560994685541
2024-01-22,2024-01-23,open,2024-01-24,2024-01-24,0,1,EXECUTED_ON_TIME,open,58,44,14,0.035167772610551165,0.011696367571449207,0.02347140503910196,1.3636363636363623e-05,1.3636363636363623e-05,2.272727272727271e-05,1.8181818181818165e-05,6.818181818181813e-05,0.035099590792369344,0.025119682263333238,0.045454545454545414,1.0,0.5227272727272727,1.2579503402367258,0.7058161416464018
2024-01-23,2024-01-24,open,2024-01-25,2024-01-25,0,1,EXECUTED_ON_TIME,open,58,42,16,0.0020353620378422144,0.008743178826349896,-0.006707816788507681,0.0,0.0,0.0,0.0,0.0,0.0020353620378422144,-0.01072484978193575,0.0,1.0,0.5,1.2605107246047342,0.7119872183913406
2024-01-24,2024-01-25,open,2024-01-26,2024-01-26,0,1,EXECUTED_ON_TIME,open,58,41,17,0.017528454232767915,0.01597513269090345,0.0015533215418644664,0.0,0.0,0.0,0.0,0.0,0.017528454232767915,0.001507068943320762,0.0,1.0,0.5,1.2826055291508813,0.7233613086793695
2024-01-25,2024-01-26,open,2024-01-29,2024-01-29,0,1,EXECUTED_ON_TIME,open,58,42,16,-0.009275351348803458,0.0026293742618317406,-0.011904725610635198,7.14285714285715e-06,7.14285714285715e-06,1.1904761904761919e-05,9.523809523809535e-06,3.571428571428576e-05,-0.009311065634517744,-0.013767665234412689,0.023809523809523836,1.0,0.5119047619047619,1.2706631048857622,0.725263296286416
2024-01-26,2024-01-29,open,2024-01-30,2024-01-30,0,1,EXECUTED_ON_TIME,open,58,41,17,-0.03331465850997507,-0.01543925545227931,-0.017875403057695763,0.0,0.0,0.0,0.0,0.0,-0.03331465850997507,-0.025851416144715252,0.0,1.0,0.5,1.2283313974652683,0.7140657709848879
2024-01-29,2024-01-30,open,2024-01-31,2024-01-31,0,1,EXECUTED_ON_TIME,open,58,42,16,-0.02147409699619802,-0.015942943416634714,-0.0055311535795633075,7.14285714285715e-06,7.14285714285715e-06,1.1904761904761919e-05,9.523809523809535e-06,3.571428571428576e-05,-0.021509811281912306,-0.010506845110216071,0.023809523809523836,1.0,0.5119047619047619,1.2019102209141428,0.7026814608023202
2024-01-30,2024-01-31,open,2024-02-01,2024-02-01,0,1,EXECUTED_ON_TIME,open,58,41,17,-0.02644705797132644,-0.009062853256169068,-0.01738420471515737,0.0,0.0,0.0,0.0,0.0,-0.02644705797132644,-0.023137980802592287,0.0,1.0,0.5,1.1701232316252967,0.6963131618372382
2024-01-31,2024-02-01,open,2024-02-02,2024-02-02,0,1,EXECUTED_ON_TIME,open,58,42,16,0.013284574493539883,0.005501433989037796,0.007783140504502087,7.14285714285715e-06,7.14285714285715e-06,1.1904761904761919e-05,9.523809523809535e-06,3.571428571428576e-05,0.013248860207825596,0.01049703495026998,0.023809523809523836,1.0,0.5119047619047619,1.1856260307470294,0.7001438827327839
2024-02-01,2024-02-02,open,2024-02-05,2024-02-05,0,1,EXECUTED_ON_TIME,open,58,42,16,-0.04006116617992457,-0.01727490494190298,-0.02278626123802159,7.14285714285715e-06,7.14285714285715e-06,1.1904761904761919e-05,9.523809523809535e-06,3.571428571428576e-05,-0.040096880465638855,-0.028112611272159575,0.023809523809523836,1.0,0.5119047619047619,1.138086125515216,0.6880489637129202
2024-02-02,2024-02-05,open,2024-02-06,2024-02-06,0,1,EXECUTED_ON_TIME,open,58,44,14,-0.03743799701599254,0.0066366437544442825,-0.044074640770436824,1.3636363636363623e-05,1.3636363636363623e-05,2.272727272727271e-05,1.8181818181818165e-05,6.818181818181813e-05,-0.03750617883417436,-0.05194828712008253,0.045454545454545414,1.0,0.5227272727272727,1.0954008637629495,0.6926152995706975
2024-02-05,2024-02-06,open,2024-02-07,2024-02-07,0,1,EXECUTED_ON_TIME,open,58,44,14,0.09103735915998136,0.04043042147398168,0.05060693768599968,6.8181818181818115e-06,6.8181818181818115e-06,1.1363636363636354e-05,9.090909090909083e-06,3.4090909090909065e-05,0.09100326825089045,0.0623906682214695,0.022727272727272707,1.0,0.5113636363636364,1.1950859224102264,0.7206180280516689
2024-02-06,2024-02-07,open,2024-02-08,2024-02-08,0,1,EXECUTED_ON_TIME,open,58,43,15,0.04032214799615407,0.011277504646154624,0.029044643349999448,6.976744186046524e-06,6.976744186046524e-06,1.1627906976744207e-05,9.302325581395366e-06,3.4883720930232624e-05,0.04028726427522384,0.03569634641241345,0.023255813953488413,1.0,0.5116279069767442,1.2432326647979668,0.7287448012111243
2024-02-07,2024-02-08,open,2024-02-19,2024-02-19,0,1,EXECUTED_ON_TIME,open,58,41,17,0.035701239279272094,0.012468502016318439,0.023232737262953655,0.0,0.0,0.0,0.0,0.0,0.035701239279272094,0.027952054732577766,0.0,1.0,0.5,1.2876176116437261,0.7378311572344067
2024-02-08,2024-02-19,open,2024-02-20,2024-02-20,0,1,EXECUTED_ON_TIME,open,58,39,19,-0.005744843717152852,0.0005894155120016453,-0.0063342592291544975,7.692307692307697e-06,7.692307692307697e-06,1.282051282051283e-05,1.0256410256410264e-05,3.846153846153849e-05,-0.005783305255614391,-0.01218985401802267,0.02564102564102566,1.0,0.5128205128205128,1.2801709259430853,0.7382660463637188
2024-02-19,2024-02-20,open,2024-02-21,2024-02-21,0,1,EXECUTED_ON_TIME,open,58,43,15,-0.004785677394376475,-0.0014225999590008476,-0.003363077435375628,2.790697674418606e-05,2.790697674418606e-05,4.6511627906976775e-05,3.720930232558142e-05,0.00013953488372093033,-0.004925212278097405,-0.006163285752367795,0.09302325581395354,1.0,0.5465116279069768,1.273865812380567,0.73721578911643
2024-02-20,2024-02-21,open,2024-02-22,2024-02-22,0,1,EXECUTED_ON_TIME,open,58,42,16,0.014687144095763731,0.017694275714510654,-0.003007131618746923,7.14285714285715e-06,7.14285714285715e-06,1.1904761904761919e-05,9.523809523809535e-06,3.571428571428576e-05,0.014651429810049445,-0.0031753815673029716,0.023809523809523836,1.0,0.5119047619047619,1.2925297679180827,0.7502602885501467
2024-02-21,2024-02-22,open,2024-02-23,2024-02-23,0,1,EXECUTED_ON_TIME,open,58,42,16,0.021637655706437935,0.011878498193807596,0.009759157512630338,7.14285714285715e-06,7.14285714285715e-06,1.1904761904761919e-05,9.523809523809535e-06,3.571428571428576e-05,0.02160194142072365,0.010506272791137776,0.023809523809523836,1.0,0.5119047619047619,1.3204509202491905,0.7591722540325752
2024-02-22,2024-02-23,open,2024-02-26,2024-02-26,0,1,EXECUTED_ON_TIME,open,58,42,16,-0.0006082266864963149,-0.0016595361605024062,0.0010513094740060912,7.14285714285715e-06,7.14285714285715e-06,1.1904761904761919e-05,9.523809523809535e-06,3.571428571428576e-05,-0.0006439409722106006,0.0018518177678802593,0.023809523809523836,1.0,0.5119047619047619,1.3196006277998489,0.757912380224958
2024-02-23,2024-02-26,open,2024-02-27,2024-02-27,0,1,EXECUTED_ON_TIME,open,58,43,15,0.0013043517727963393,-0.01305133805550529,0.01435568982830163,1.3953488372093014e-05,1.3953488372093014e-05,2.3255813953488357e-05,1.8604651162790687e-05,6.976744186046507e-05,0.0012345843309358743,0.019435888271376184,0.046511627906976716,1.0,0.5232558139534884,1.3212297860580235,0.7480206095341894
2024-02-26,2024-02-27,open,2024-02-28,2024-02-28,0,1,EXECUTED_ON_TIME,open,58,42,16,0.039655072983201964,0.017375900131742172,0.02227917285145979,7.14285714285715e-06,7.14285714285715e-06,1.1904761904761919e-05,9.523809523809535e-06,3.571428571428576e-05,0.03961935869748768,0.028833719151689488,0.023809523809523836,1.0,0.5119047619047619,1.3735760628736615,0.7610181409419403
2024-02-27,2024-02-28,open,2024-02-29,2024-02-29,0,1,EXECUTED_ON_TIME,open,58,42,16,-0.0400304556684008,-0.017694593959813987,-0.022335861708586813,7.14285714285715e-06,7.14285714285715e-06,1.1904761904761919e-05,9.523809523809535e-06,3.571428571428576e-05,-0.040066169954115084,-0.02747960007562608,0.023809523809523836,1.0,0.5119047619047619,1.3185421308936611,0.7475522339419202
2024-02-28,2024-02-29,open,2024-03-01,2024-03-01,0,1,EXECUTED_ON_TIME,open,58,43,15,0.04509971860801628,0.022444237728984406,0.022655480879031874,1.3953488372093014e-05,1.3953488372093014e-05,2.3255813953488357e-05,1.8604651162790687e-05,6.976744186046507e-05,0.04502995116615582,0.03041449773787603,0.046511627906976716,1.0,0.5232558139534884,1.3779160186583217,0.764330473995346
2024-02-29,2024-03-01,open,2024-03-04,2024-03-04,0,1,EXECUTED_ON_TIME,open,58,42,16,0.01913968663207155,0.006630614166077908,0.012509072465993643,0.0,0.0,0.0,0.0,0.0,0.01913968663207155,0.015062509412281199,0.0,1.0,0.5,1.4042888994607539,0.7693984544637846
2024-03-01,2024-03-04,open,2024-03-05,2024-03-05,0,1,EXECUTED_ON_TIME,open,58,42,16,-0.008062876042827096,-0.0037876240049785626,-0.0042752520378485336,0.0,0.0,0.0,0.0,0.0,-0.008062876042827096,-0.00675989629587223,0.0,1.0,0.5,1.3929662921360837,0.7664842624082642
2024-03-04,2024-03-05,open,2024-03-06,2024-03-06,0,1,EXECUTED_ON_TIME,open,58,42,16,-0.0022004702101933566,0.008955552453869142,-0.0111560226640625,0.0,0.0,0.0,0.0,0.0,-0.0022004702101933566,-0.016926887568363386,0.0,1.0,0.5,1.3899011113064348,0.7733485524253266
2024-03-05,2024-03-06,open,2024-03-07,2024-03-07,0,1,EXECUTED_ON_TIME,open,58,42,16,0.008663729757890561,-0.0023705677328363928,0.011034297490726954,7.14285714285715e-06,7.14285714285715e-06,1.1904761904761919e-05,9.523809523809535e-06,3.571428571428576e-05,0.008628015472176275,0.015160502461567475,0.023809523809523836,1.0,0.5119047619047619,1.4018931995995818,0.7715152773007115
2024-03-06,2024-03-07,open,2024-03-08,2024-03-08,0,1,EXECUTED_ON_TIME,open,58,43,15,-0.01756512246401962,-0.005228148804106825,-0.012336973659912796,6.976744186046524e-06,6.976744186046524e-06,1.1627906976744207e-05,9.302325581395366e-06,3.4883720930232624e-05,-0.017600006184949852,-0.015427056271354714,0.023255813953488413,1.0,0.5116279069767442,1.3772198706159902,0.7674816806263416
2024-03-07,2024-03-08,open,2024-03-11,2024-03-11,0,1,EXECUTED_ON_TIME,open,58,43,15,0.01913922241874823,0.00464421678564797,0.014495005633100261,6.976744186046524e-06,6.976744186046524e-06,1.1627906976744207e-05,9.302325581395366e-06,3.4883720930232624e-05,0.019104338697818,0.016100206814230994,0.023255813953488413,1.0,0.5116279069767442,1.4035307454856032,0.7710460319301837
2024-03-08,2024-03-11,open,2024-03-12,2024-03-12,0,1,EXECUTED_ON_TIME,open,58,43,15,0.016031870544437308,0.01315305970795344,0.0028788108364838673,6.976744186046524e-06,6.976744186046524e-06,1.1627906976744207e-05,9.302325581395366e-06,3.4883720930232624e-05,0.015996986823507076,0.009343567062369298,0.023255813953488413,1.0,0.5116279069767442,1.4259830083275233,0.781187646425742
2024-03-11,2024-03-12,open,2024-03-13,2024-03-13,0,1,EXECUTED_ON_TIME,open,58,43,15,-0.0008215039620526002,0.0005116096134729631,-0.0013331135755255633,6.976744186046524e-06,6.976744186046524e-06,1.1627906976744207e-05,9.302325581395366e-06,3.4883720930232624e-05,-0.0008563876829828328,0.004234835265841789,0.023255813953488413,1.0,0.5116279069767442,1.424761814043049,0.7815873095355798
2024-03-12,2024-03-13,open,2024-03-14,2024-03-14,0,1,EXECUTED_ON_TIME,open,58,43,15,0.003172571285901202,-0.006296424375441756,0.009468995661342957,6.976744186046524e-06,6.976744186046524e-06,1.1627906976744207e-05,9.302325581395366e-06,3.4883720930232624e-05,0.0031376875649709694,0.009726617457653599,0.023255813953488413,1.0,0.5116279069767442,1.4292322714700172,0.776666104148284
2024-03-13,2024-03-14,open,2024-03-15,2024-03-15,0,1,EXECUTED_ON_TIME,open,58,41,17,-0.012433398167313408,-0.0047264830033353356,-0.007706915163978072,0.0,0.0,0.0,0.0,0.0,-0.012433398167313408,-0.007767325231194229,0.0,1.0,0.5,1.4114620575652568,0.7729952050077604
2024-03-14,2024-03-15,open,2024-03-18,2024-03-18,0,1,EXECUTED_ON_TIME,open,58,44,14,0.01973061915044339,0.006230542739936729,0.013500076410506663,2.0454545454545468e-05,2.0454545454545468e-05,3.409090909090912e-05,2.7272727272727293e-05,0.00010227272727272735,0.019628346423170663,0.015937442907534766,0.06818181818181823,1.0,0.5340909090909092,1.4391667237943087,0.7778113846703274
2024-03-15,2024-03-18,open,2024-03-19,2024-03-19,0,1,EXECUTED_ON_TIME,open,58,43,15,0.01150866216475342,0.004552346957945375,0.006956315206808046,0.0,0.0,0.0,0.0,0.0,0.01150866216475342,0.008572370755210376,0.0,1.0,0.5,1.4557296074172121,0.7813522519611866
2024-03-18,2024-03-19,open,2024-03-20,2024-03-20,0,1,EXECUTED_ON_TIME,open,58,42,16,-0.006440790485168617,-0.006852677453288658,0.00041188696812004093,0.0,0.0,0.0,0.0,0.0,-0.006440790485168617,-0.0009608120507727342,0.0,1.0,0.5,1.446353558012781,0.7759978970010959
2024-03-19,2024-03-20,open,2024-03-21,2024-03-21,0,1,EXECUTED_ON_TIME,open,58,42,16,0.012961868133289608,0.006824303194762571,0.006137564938527037,0.0,0.0,0.0,0.0,0.0,0.012961868133289608,0.005506021249397932,0.0,1.0,0.5,1.465101002105857,0.7812935419287295
2024-03-20,2024-03-21,open,2024-03-22,2024-03-22,0,1,EXECUTED_ON_TIME,open,58,42,16,-0.010494501971846478,-0.006066121728772411,-0.004428380243074067,0.0,0.0,0.0,0.0,0.0,-0.010494501971846478,-0.005985268880223049,0.0,1.0,0.5,1.449725496750303,0.776554120197486
2024-03-21,2024-03-22,open,2024-03-25,2024-03-25,0,1,EXECUTED_ON_TIME,open,58,42,16,-0.013415562702687003,-0.00967721883003092,-0.0037383438726560827,7.14285714285715e-06,7.14285714285715e-06,1.1904761904761919e-05,9.523809523809535e-06,3.571428571428576e-05,-0.01345127698840129,-0.007253412829246185,0.023809523809523836,1.0,0.5119047619047619,1.430224837536367,0.7690392360429729
2024-03-22,2024-03-25,open,2024-03-26,2024-03-26,0,1,EXECUTED_ON_TIME,open,58,42,16,-0.02143408579064328,-0.0028365313112680424,-0.018597554479375236,1.42857142857143e-05,1.42857142857143e-05,2.3809523809523837e-05,1.904761904761907e-05,7.142857142857152e-05,-0.02150551436207185,-0.022223225857057737,0.04761904761904767,1.0,0.5238095238095238,1.399467116751737,0.7668578321703433
2024-03-25,2024-03-26,open,2024-03-27,2024-03-27,0,1,EXECUTED_ON_TIME,open,58,43,15,-0.004702221013994343,0.003414540919765452,-0.008116761933759795,6.976744186046524e-06,6.976744186046524e-06,1.1627906976744207e-05,9.302325581395366e-06,3.4883720930232624e-05,-0.004737104734924576,-0.0070971378740821685,0.023255813953488413,1.0,0.5116279069767442,1.392837694446601,0.7694762996179316
2024-03-26,2024-03-27,open,2024-03-28,2024-03-28,0,1,EXECUTED_ON_TIME,open,58,43,15,-0.029515993452649228,-0.011371895632437012,-0.018144097820212216,6.976744186046524e-06,6.976744186046524e-06,1.1627906976744207e-05,9.302325581395366e-06,3.4883720930232624e-05,-0.02955087717357946,-0.02162791418253595,0.023255813953488413,1.0,0.5116279069767442,1.3516781188152778,0.7607258954470427
2024-03-27,2024-03-28,open,2024-03-29,2024-03-29,0,1,EXECUTED_ON_TIME,open,58,43,15,0.01946259254004541,0.005259709782700073,0.014202882757345336,0.0,0.0,0.0,0.0,0.0,0.01946259254004541,0.018890514707189953,0.0,1.0,0.5,1.3779852792870746,0.7647270928812788
2024-03-28,2024-03-29,open,2024-04-01,2024-04-01,0,1,EXECUTED_ON_TIME,open,58,44,14,0.022060771067398493,0.009866407270301636,0.012194363797096857,6.8181818181818115e-06,6.8181818181818115e-06,1.1363636363636354e-05,9.090909090909083e-06,3.4090909090909065e-05,0.022026680158307582,0.011079228897660217,0.022727272727272707,1.0,0.5113636363636364,1.408337720296787,0.7722722018302793
2024-03-29,2024-04-01,open,2024-04-02,2024-04-02,0,1,EXECUTED_ON_TIME,open,58,43,15,0.00527559789011462,0.011724071132244829,-0.006448473242130209,0.0,0.0,0.0,0.0,0.0,0.00527559789011462,-0.0026419322939189955,0.0,1.0,0.5,1.4157675438025537,0.7813263760579928
2024-04-01,2024-04-02,open,2024-04-03,2024-04-03,0,1,EXECUTED_ON_TIME,open,58,44,14,-0.010394652017774215,-0.004045673784050519,-0.0063489782337236966,1.3636363636363623e-05,1.3636363636363623e-05,2.272727272727271e-05,1.8181818181818165e-05,6.818181818181813e-05,-0.010462833835956033,-0.007909401934186926,0.045454545454545414,1.0,0.5227272727272727,1.400954603241408,0.7781653844215878
2024-04-02,2024-04-03,open,2024-04-08,2024-04-08,0,1,EXECUTED_ON_TIME,open,58,43,15,-0.006650773719599153,-0.007021854961209328,0.0003710812416101751,6.976744186046524e-06,6.976744186046524e-06,1.1627906976744207e-05,9.302325581395366e-06,3.4883720930232624e-05,-0.006685657440529386,-0.0032473013942328735,0.023255813953488413,1.0,0.5116279069767442,1.3915883006744032,0.7727012199563457
2024-04-03,2024-04-08,open,2024-04-09,2024-04-09,0,1,EXECUTED_ON_TIME,open,58,44,14,-0.015924717273798173,-0.0056760061403298145,-0.010248711133468359,6.8181818181818115e-06,6.8181818181818115e-06,1.1363636363636354e-05,9.090909090909083e-06,3.4090909090909065e-05,-0.015958808182889084,-0.016169140445036083,0.022727272727272707,1.0,0.5113636363636364,1.369380209914388,0.7683153630872331
2024-04-08,2024-04-09,open,2024-04-10,2024-04-10,0,1,EXECUTED_ON_TIME,open,58,43,15,0.0033853589861906727,-0.0012500760602086602,0.0046354350463993325,6.976744186046524e-06,6.976744186046524e-06,1.1627906976744207e-05,9.302325581395366e-06,3.4883720930232624e-05,0.0033504752652604402,0.009483206619796349,0.023255813953488413,1.0,0.5116279069767442,1.3739682844364431,0.7673549104451473
2024-04-09,2024-04-10,open,2024-04-11,2024-04-11,0,1,EXECUTED_ON_TIME,open,58,43,15,-0.024082468679736124,-0.012450948832633202,-0.011631519847102922,6.976744186046524e-06,6.976744186046524e-06,1.1627906976744207e-05,9.302325581395366e-06,3.4883720930232624e-05,-0.024117352400666356,-0.014451795207457863,0.023255813953488413,1.0,0.5116279069767442,1.3408318071333505,0.7578006137187249
2024-04-10,2024-04-11,open,2024-04-12,2024-04-12,0,1,EXECUTED_ON_TIME,open,58,45,13,0.005449117457751162,0.00594571809875899,-0.0004966006410078274,1.9999999999999995e-05,1.9999999999999995e-05,3.333333333333333e-05,2.6666666666666663e-05,9.999999999999999e-05,0.005349117457751162,-0.0008463859424791909,0.06666666666666665,1.0,0.5333333333333333,1.3480040739607955,0.762306282542963
2024-04-11,2024-04-12,open,2024-04-15,2024-04-15,0,1,EXECUTED_ON_TIME,open,58,42,16,-0.0002945643276475491,-0.009197746559224118,0.00890318223157657,0.0,0.0,0.0,0.0,0.0,-0.0002945643276475491,0.008319860309444078,0.0,1.0,0.5,1.347607000047083,0.7552947825556285
2024-04-12,2024-04-15,open,2024-04-16,2024-04-16,0,1,EXECUTED_ON_TIME,open,58,43,15,0.006343098225972534,0.017233025431084625,-0.010889927205112091,1.3953488372093014e-05,1.3953488372093014e-05,2.3255813953488357e-05,1.8604651162790687e-05,6.976744186046507e-05,0.006273330784112069,-0.01632699696414797,0.046511627906976716,1.0,0.5232558139534884,1.3560609845253633,0.7683107967513753
2024-04-15,2024-04-16,open,2024-04-17,2024-04-17,0,1,EXECUTED_ON_TIME,open,58,43,15,-0.02011871217602601,-0.006858053684817067,-0.013260658491208943,6.976744186046524e-06,6.976744186046524e-06,1.1627906976744207e-05,9.302325581395366e-06,3.4883720930232624e-05,-0.020153595896956242,-0.016849243253390746,0.023255813953488413,1.0,0.5116279069767442,1.3287314794316105,0.7630416800606298
2024-04-16,2024-04-17,open,2024-04-18,2024-04-18,0,1,EXECUTED_ON_TIME,open,58,41,17,0.026025415457026704,0.011804628609012102,0.014220786848014602,0.0,0.0,0.0,0.0,0.0,0.026025415457026704,0.01500677379949713,0.0,1.0,0.5,1.363312268214648,0.7720491037069421
2024-04-17,2024-04-18,open,2024-04-19,2024-04-19,0,1,EXECUTED_ON_TIME,open,58,42,16,-0.0006334768393298865,1.4927239564643813e-05,-0.0006484040788945303,7.14285714285715e-06,7.14285714285715e-06,1.1904761904761919e-05,9.523809523809535e-06,3.571428571428576e-05,-0.0006691911250441723,-0.003980763109051562,0.023809523809523836,1.0,0.5119047619047619,1.3623999517440948,0.7720606282688688
2024-04-18,2024-04-19,open,2024-04-22,2024-04-22,0,1,EXECUTED_ON_TIME,open,58,41,17,-0.015743304922305707,-0.004062683331225614,-0.011680621591080093,0.0,0.0,0.0,0.0,0.0,-0.015743304922305707,-0.01577511520215207,0.0,1.0,0.5,1.340951273877653,0.7689239904237053
2024-04-19,2024-04-22,open,2024-04-23,2024-04-23,0,1,EXECUTED_ON_TIME,open,58,42,16,0.005728020530808865,-0.002973827153790687,0.008701847684599553,7.14285714285715e-06,7.14285714285715e-06,1.1904761904761919e-05,9.523809523809535e-06,3.571428571428576e-05,0.0056923062450945795,0.012710808249368093,0.023809523809523836,1.0,0.5119047619047619,1.3485843791883143,0.7666373433817822
2024-04-22,2024-04-23,open,2024-04-24,2024-04-24,0,1,EXECUTED_ON_TIME,open,58,42,16,-0.0005789075153649057,-0.0033063237945263335,0.002727416279161428,7.14285714285715e-06,7.14285714285715e-06,1.1904761904761919e-05,9.523809523809535e-06,3.571428571428576e-05,-0.0006146218010791915,3.469522744880063e-05,0.023809523809523836,1.0,0.5119047619047619,1.3477555098282703,0.7641025920915866
2024-04-23,2024-04-24,open,2024-04-25,2024-04-25,0,1,EXECUTED_ON_TIME,open,58,42,16,0.007212246918176447,-0.0009593026316651043,0.008171549549841551,7.14285714285715e-06,7.14285714285715e-06,1.1904761904761919e-05,9.523809523809535e-06,3.571428571428576e-05,0.007176532632462161,0.0063360069411193196,0.023809523809523836,1.0,0.5119047619047619,1.3574277212251336,0.763369586464131
2024-04-24,2024-04-25,open,2024-04-26,2024-05-14,0,1,EXECUTED_ON_TIME,open,58,43,15,0.003527110134418129,0.044887826721053736,-0.04136071658663561,6.976744186046524e-06,6.976744186046524e-06,1.1627906976744207e-05,9.302325581395366e-06,3.4883720930232624e-05,0.0034922264134878965,-0.0028372492930259182,0.023255813953488413,1.0,0.5116279069767442,1.3621681661675964,0.7976355881854553
2024-04-25,2024-04-26,open,2024-04-29,2024-04-29,0,1,EXECUTED_ON_TIME,open,58,42,16,0.03756932660369155,0.014886330980063534,0.022682995623628015,7.14285714285715e-06,7.14285714285715e-06,1.1904761904761919e-05,9.523809523809535e-06,3.571428571428576e-05,0.037533612317977263,0.031242629541095693,0.023809523809523836,1.0,0.5119047619047619,1.413295258028421,0.8095094555526616
2024-04-26,2024-04-29,open,2024-04-30,2024-04-30,0,1,EXECUTED_ON_TIME,open,58,41,17,0.019899714531546417,0.0096849165988524,0.010214797932694017,1.4634146341463427e-05,1.4634146341463427e-05,2.4390243902439046e-05,1.951219512195124e-05,7.317073170731714e-05,0.0198265437998391,0.015013163425459327,0.04878048780487809,1.0,0.524390243902439,1.4413160183638263,0.8173494871156716
2024-04-29,2024-04-30,open,2024-05-06,2024-05-06,0,1,EXECUTED_ON_TIME,open,58,41,17,0.006917446912103381,0.009612464871953108,-0.0026950179598497267,7.317073170731713e-06,7.317073170731713e-06,1.2195121951219523e-05,9.75609756097562e-06,3.658536585365857e-05,0.006880861546249723,-0.003958769415024972,0.024390243902439046,1.0,0.5121951219512195,1.4512335143305797,0.8252062303486799
2024-04-30,2024-05-06,open,2024-05-07,2024-05-07,0,1,EXECUTED_ON_TIME,open,58,41,17,0.003196110974934706,0.0008078709398806616,0.0023882400350540445,0.0,0.0,0.0,0.0,0.0,0.003196110974934706,0.005184838851363487,0.0,1.0,0.5,1.4558718176929248,0.8258728904815871
2024-05-06,2024-05-07,open,2024-05-08,2024-05-08,0,1,EXECUTED_ON_TIME,open,58,41,17,-0.005271519794038101,-0.00170987101179354,-0.0035616487822445605,0.0,0.0,0.0,0.0,0.0,-0.005271519794038101,-0.001991244766758342,0.0,1.0,0.5,1.4481971605883743,0.8244607543667265
2024-05-07,2024-05-08,open,2024-05-09,2024-05-09,0,1,EXECUTED_ON_TIME,open,58,41,17,-0.010409930883964802,-0.005569817473021876,-0.004840113410942926,0.0,0.0,0.0,0.0,0.0,-0.010409930883964802,-0.006988897519330263,0.0,1.0,0.5,1.4331215282402954,0.8198686584512339
2024-05-08,2024-05-09,open,2024-05-10,2024-05-10,0,1,EXECUTED_ON_TIME,open,58,40,18,0.01620670041747722,0.010652504094574189,0.0055541963229030315,0.0,0.0,0.0,0.0,0.0,0.01620670041747722,0.008721455627671522,0.0,1.0,0.5,1.456347699510323,0.8286023126923987
2024-05-09,2024-05-10,open,2024-05-13,2024-05-13,0,1,EXECUTED_ON_TIME,open,58,40,18,-0.016047600370805486,-0.006197182023756853,-0.009850418347048633,0.0,0.0,0.0,0.0,0.0,-0.016047600370805486,-0.013634330208790867,0.0,1.0,0.5,1.4329768136276395,0.823467313335338
2024-05-10,2024-05-13,open,2024-05-14,2024-05-14,0,1,EXECUTED_ON_TIME,open,58,42,16,0.0039317634777562265,0.005999425726939345,-0.002067662249183118,1.42857142857143e-05,1.42857142857143e-05,2.3809523809523837e-05,1.904761904761907e-05,7.142857142857152e-05,0.003860334906327655,-0.004475892628809076,0.04761904761904767,1.0,0.5238095238095238,1.4385085840412446,0.8284076443202556
2024-05-13,2024-05-14,open,2024-05-15,2024-05-15,0,1,EXECUTED_ON_TIME,open,58,41,17,-0.0030840750149220926,-0.004681010570507516,0.001596935555585423,0.0,0.0,0.0,0.0,0.0,-0.0030840750149220926,0.0014371562788695665,0.0,1.0,0.5,1.434072115658452,0.8245298593805033
2024-05-14,2024-05-15,open,2024-05-16,2024-05-16,0,1,EXECUTED_ON_TIME,open,58,42,16,-0.005781860398081286,-0.003958582918795472,-0.0018232774792858132,7.14285714285715e-06,7.14285714285715e-06,1.1904761904761919e-05,9.523809523809535e-06,3.571428571428576e-05,-0.005817574683795571,-0.0031953188676580703,0.023809523809523836,1.0,0.5119047619047619,1.42572929402366,0.8212658895631227
2024-05-15,2024-05-16,open,2024-05-17,2024-05-17,0,1,EXECUTED_ON_TIME,open,58,41,17,-0.0026621747343893633,0.0005389648190714524,-0.003201139553460816,0.0,0.0,0.0,0.0,0.0,-0.0026621747343893633,-0.004330959648252421,0.0,1.0,0.5,1.4219337535190315,0.8217085229847007
2024-05-16,2024-05-17,open,2024-05-20,2024-05-20,0,1,EXECUTED_ON_TIME,open,58,41,17,0.01351030914534728,0.011955550559685557,0.001554758585661722,7.317073170731713e-06,7.317073170731713e-06,1.2195121951219523e-05,9.75609756097562e-06,3.658536585365857e-05,0.01347372377949362,0.0026931832727898793,0.024390243902439046,1.0,0.5121951219512195,1.4410924961466853,0.8315325007765688
2024-05-17,2024-05-20,open,2024-05-21,2024-05-21,0,1,EXECUTED_ON_TIME,open,58,41,17,0.007448396911299074,6.110706446538217e-05,0.007387289846833692,0.0,0.0,0.0,0.0,0.0,0.007448396911299074,0.006091008165570159,0.0,1.0,0.5,1.4518263250438805,0.8315833132866989
2024-05-20,2024-05-21,open,2024-05-22,2024-05-22,0,1,EXECUTED_ON_TIME,open,58,42,16,-0.0030644138023201376,-0.0018032271791958987,-0.001261186623124239,7.14285714285715e-06,7.14285714285715e-06,1.1904761904761919e-05,9.523809523809535e-06,3.571428571428576e-05,-0.0031001280880344232,-0.004212827743572238,0.023809523809523836,1.0,0.5119047619047619,1.4473254774746642,0.8300837796544145
2024-05-21,2024-05-22,open,2024-05-23,2024-05-23,0,1,EXECUTED_ON_TIME,open,58,42,16,0.010259167512047968,-0.0007636750754356214,0.01102284258748359,0.0,0.0,0.0,0.0,0.0,0.010259167512047968,0.01380136980685847,0.0,1.0,0.5,1.4621738319925317,0.829449865361369
2024-05-22,2024-05-23,open,2024-05-24,2024-05-24,0,1,EXECUTED_ON_TIME,open,58,42,16,-0.015231918446045486,-0.011438832075451155,-0.0037930863705943306,7.14285714285715e-06,7.14285714285715e-06,1.1904761904761919e-05,9.523809523809535e-06,3.571428571428576e-05,-0.015267632731759772,-0.006476782744417348,0.023809523809523836,1.0,0.5119047619047619,1.4398498989356798,0.8199619276364948
2024-05-23,2024-05-24,open,2024-05-27,2024-05-27,0,1,EXECUTED_ON_TIME,open,58,41,17,-0.01375836361273932,-0.006660190639763419,-0.007098172972975901,0.0,0.0,0.0,0.0,0.0,-0.01375836361273932,-0.008647841271794632,0.0,1.0,0.5,1.420039920478357,0.8145008248810879
2024-05-24,2024-05-27,open,2024-05-28,2024-05-28,0,1,EXECUTED_ON_TIME,open,58,40,18,0.008315736543547923,0.007377770753705937,0.0009379657898419859,0.0,0.0,0.0,0.0,0.0,0.008315736543547923,-0.0029131012395016403,0.0,1.0,0.5,1.4318485983383757,0.8205100252457649
2024-05-27,2024-05-28,open,2024-05-29,2024-05-29,0,1,EXECUTED_ON_TIME,open,58,40,18,-0.006682283478488996,-0.006656016892845895,-2.626658564310047e-05,7.500000000000006e-06,7.500000000000006e-06,1.250000000000001e-05,1.000000000000001e-05,3.750000000000003e-05,-0.006719783478488996,-0.002382381378733202,0.025000000000000022,1.0,0.5125,1.4222268857835638,0.8150486966569797
2024-05-28,2024-05-29,open,2024-05-30,2024-05-30,0,1,EXECUTED_ON_TIME,open,58,40,18,0.0023716272834442887,-0.0005594237409016767,0.0029310510243459654,0.0,0.0,0.0,0.0,0.0,0.0023716272834442887,0.004404678611331629,0.0,1.0,0.5,1.425599877869136,0.8145927390660788
2024-05-29,2024-05-30,open,2024-05-31,2024-05-31,0,1,EXECUTED_ON_TIME,open,58,40,18,0.008931816631755967,-0.0020049613922948906,0.010936778024050858,0.0,0.0,0.0,0.0,0.0,0.008931816631755967,0.01135047551547127,0.0,1.0,0.5,1.4383330745685168,0.8129595120738076
2024-05-30,2024-05-31,open,2024-06-03,2024-06-03,0,1,EXECUTED_ON_TIME,open,58,40,18,0.0025575024830102903,-0.0062336450155840994,0.00879114749859439,0.0,0.0,0.0,0.0,0.0,0.0025575024830102903,0.009885628011605958,0.0,1.0,0.5,1.4420116149781215,0.807891811063497
2024-05-31,2024-06-03,open,2024-06-04,2024-06-04,0,1,EXECUTED_ON_TIME,open,58,41,17,0.000998327844051316,0.001797404804633418,-0.0007990769605821018,7.317073170731713e-06,7.317073170731713e-06,1.2195121951219523e-05,9.75609756097562e-06,3.658536585365857e-05,0.0009617424781976575,-0.004310566916420254,0.024390243902439046,1.0,0.5121951219512195,1.4433984588023003,0.8093439196863265
2024-06-03,2024-06-04,open,2024-06-05,2024-06-05,0,1,EXECUTED_ON_TIME,open,58,40,18,0.008088536738022001,0.0074083168471543726,0.0006802198908676289,0.0,0.0,0.0,0.0,0.0,0.008088536738022001,0.0016902579673212922,0.0,1.0,0.5,1.455073440263927,0.8153397958816806
2024-06-04,2024-06-05,open,2024-06-06,2024-06-06,0,1,EXECUTED_ON_TIME,open,58,40,18,0.004588066923522929,-0.002272626552476731,0.00686069347599966,0.0,0.0,0.0,0.0,0.0,0.004588066923522929,0.006075129333635782,0.0,1.0,0.5,1.4617494145864987,0.813486833012269
2024-06-05,2024-06-06,open,2024-06-07,2024-06-07,0,1,EXECUTED_ON_TIME,open,58,40,18,-0.012810949933276422,-0.002087916816461255,-0.010723033116815167,0.0,0.0,0.0,0.0,0.0,-0.012810949933276422,-0.016446802657828608,0.0,1.0,0.5,1.4430230160212347,0.8117883401736529
2024-06-06,2024-06-07,open,2024-06-11,2024-06-11,0,1,EXECUTED_ON_TIME,open,58,40,18,-0.015697586701904954,-0.010798039522243452,-0.004899547179661502,0.0,0.0,0.0,0.0,0.0,-0.015697586701904954,-0.00827580893668968,0.0,1.0,0.5,1.4203710371143972,0.8030226175927614
2024-06-07,2024-06-11,open,2024-06-12,2024-06-12,0,1,EXECUTED_ON_TIME,open,58,41,17,0.024868132986337724,-0.004703276516605626,0.02957140950294335,7.317073170731713e-06,7.317073170731713e-06,1.2195121951219523e-05,9.75609756097562e-06,3.658536585365857e-05,0.024831547620484066,0.03564716107849762,0.024390243902439046,1.0,0.5121951219512195,1.4556410481612598,0.7992457801731342
2024-06-11,2024-06-12,open,2024-06-13,2024-06-13,0,1,EXECUTED_ON_TIME,open,58,38,20,0.007986085299372237,0.0025772125359733167,0.005408872763398921,0.0,0.0,0.0,0.0,0.0,0.007986085299372237,0.005677549643584108,0.0,1.0,0.5,1.4672659217371433,0.8013056064171201
2024-06-12,2024-06-13,open,2024-06-14,2024-06-14,0,1,EXECUTED_ON_TIME,open,58,38,20,-0.0029842827654478414,-0.00941769046754759,0.0064334077020997485,7.894736842105254e-06,7.894736842105254e-06,1.315789473684209e-05,1.0526315789473673e-05,3.947368421052627e-05,-0.0030237564496583677,0.0035625557386136414,0.02631578947368418,1.0,0.513157894736842,1.4628292669429268,0.7937591582459732
2024-06-13,2024-06-14,open,2024-06-17,2024-06-17,0,1,EXECUTED_ON_TIME,open,58,38,20,0.005975581911115848,0.0018883008990553396,0.004087281012060509,7.894736842105254e-06,7.894736842105254e-06,1.315789473684209e-05,1.0526315789473673e-05,3.947368421052627e-05,0.0059361082269053225,0.0026396591573858617,0.02631578947368418,1.0,0.513157894736842,1.4715127797889846,0.7952580143781225
2024-06-14,2024-06-17,open,2024-06-18,2024-06-18,0,1,EXECUTED_ON_TIME,open,58,39,19,0.012294787171496964,0.0034221824783462473,0.008872604693150717,7.692307692307697e-06,7.692307692307697e-06,1.282051282051283e-05,1.0256410256410264e-05,3.846153846153849e-05,0.012256325633035425,0.010166146128211493,0.02564102564102566,1.0,0.5128205128205128,1.4895481195912517,0.7979795324206918
2024-06-17,2024-06-18,open,2024-06-19,2024-06-19,0,1,EXECUTED_ON_TIME,open,58,38,20,0.0043417443086734625,0.002793839967760059,0.0015479043409134035,0.0,0.0,0.0,0.0,0.0,0.0043417443086734625,-0.0004864415957477001,0.0,1.0,0.5,1.4960153566619823,0.8002089595318231
2024-06-18,2024-06-19,open,2024-06-20,2024-06-20,0,1,EXECUTED_ON_TIME,open,58,38,20,-0.016494573892477098,-0.005133827779283062,-0.011360746113194035,0.0,0.0,0.0,0.0,0.0,-0.016494573892477098,-0.01581676965898037,0.0,1.0,0.5,1.4713392208172407,0.7961008245461475
2024-06-19,2024-06-20,open,2024-06-21,2024-06-21,0,1,EXECUTED_ON_TIME,open,58,38,20,-0.01593248511491,-0.00817719661099936,-0.0077552885039106415,0.0,0.0,0.0,0.0,0.0,-0.01593248511491,-0.012997090145420363,0.0,1.0,0.5,1.4478971305825867,0.7895909515816549
2024-06-20,2024-06-21,open,2024-06-24,2024-06-24,0,1,EXECUTED_ON_TIME,open,58,38,20,-0.003193801171830274,-0.006493642071158323,0.003299840899328049,7.894736842105254e-06,7.894736842105254e-06,1.315789473684209e-05,1.0526315789473673e-05,3.947368421052627e-05,-0.0032332748560408003,0.0024397321928102413,0.02631578947368418,1.0,0.513157894736842,1.4432156811961405,0.7844636305594583
2024-06-21,2024-06-24,open,2024-06-25,2024-06-25,0,1,EXECUTED_ON_TIME,open,58,38,20,-0.01635720305174218,0.00043930874797282193,-0.016796511799715003,0.0,0.0,0.0,0.0,0.0,-0.01635720305174218,-0.019182457901744603,0.0,1.0,0.5,1.419608709251357,0.7848082522948296
2024-06-24,2024-06-25,open,2024-06-26,2024-06-26,0,1,EXECUTED_ON_TIME,open,58,37,21,-0.017987252357901606,-0.006798526113148462,-0.011188726244753144,0.0,0.0,0.0,0.0,0.0,-0.017987252357901606,-0.012826232546606867,0.0,1.0,0.5,1.3940738491485778,0.7794727128977889
2024-06-25,2024-06-26,open,2024-06-27,2024-06-27,0,1,EXECUTED_ON_TIME,open,58,37,21,0.01379462539165485,0.004563181815416151,0.0092314435762387,8.10810810810809e-06,8.10810810810809e-06,1.3513513513513486e-05,1.081081081081079e-05,4.054054054054046e-05,0.01375408485111431,0.013212346893593897,0.027027027027026973,1.0,0.5135135135135135,1.413248059158487,0.7830295886068971
2024-06-26,2024-06-27,open,2024-06-28,2024-06-28,0,1,EXECUTED_ON_TIME,open,58,38,20,-0.011777375099962286,-0.006810796561809607,-0.00496657853815268,7.894736842105254e-06,7.894736842105254e-06,1.315789473684209e-05,1.0526315789473673e-05,3.947368421052627e-05,-0.011816848784172813,-0.00859629462241521,0.02631578947368418,1.0,0.513157894736842,1.3965479205488855,0.777696533377018
2024-06-27,2024-06-28,open,2024-07-01,2024-07-01,0,1,EXECUTED_ON_TIME,open,58,39,19,0.001517845906351799,0.004236754117840524,-0.0027189082114887253,7.692307692307697e-06,7.692307692307697e-06,1.282051282051283e-05,1.0256410256410264e-05,3.846153846153849e-05,0.0014793843678902606,-0.006549014643122008,0.02564102564102566,1.0,0.5128205128205128,1.3986139517115552,0.7809914423672334
2024-06-28,2024-07-01,open,2024-07-02,2024-07-02,0,1,EXECUTED_ON_TIME,open,58,37,21,0.008390620827799997,0.004102925629737797,0.0042876951980622,0.0,0.0,0.0,0.0,0.0,0.008390620827799997,-0.00035234595415997716,0.0,1.0,0.5,1.4103491910648378,0.7841957921727278
2024-07-01,2024-07-02,open,2024-07-03,2024-07-03,0,1,EXECUTED_ON_TIME,open,58,38,20,-0.01304984323130134,-0.0002583188310971707,-0.012791524400204169,7.894736842105254e-06,7.894736842105254e-06,1.315789473684209e-05,1.0526315789473673e-05,3.947368421052627e-05,-0.013089316915511866,-0.01644092014663863,0.02631578947368418,1.0,0.513157894736842,1.3918886835414543,0.7839932196323425
2024-07-02,2024-07-03,open,2024-07-04,2024-07-04,0,1,EXECUTED_ON_TIME,open,58,37,21,0.0048560504960251435,-0.0009390601793547448,0.005795110675379888,0.0,0.0,0.0,0.0,0.0,0.0048560504960251435,0.0061830743231519525,0.0,1.0,0.5,1.3986477652735776,0.7832570028189016
2024-07-03,2024-07-04,open,2024-07-05,2024-07-05,0,1,EXECUTED_ON_TIME,open,58,37,21,-0.016125176629044637,-0.0071899860911525115,-0.008935190537892126,0.0,0.0,0.0,0.0,0.0,-0.016125176629044637,-0.014095091952756492,0.0,1.0,0.5,1.3760943230167226,0.777625395862836
2024-07-04,2024-07-05,open,2024-07-08,2024-07-08,0,1,EXECUTED_ON_TIME,open,58,37,21,0.006660374931758093,-0.006550580407096662,0.013210955338854755,0.0,0.0,0.0,0.0,0.0,0.006660374931758093,0.017904660958264415,0.0,1.0,0.5,1.385259627149478,0.772531498180636
2024-07-05,2024-07-08,open,2024-07-09,2024-07-09,0,1,EXECUTED_ON_TIME,open,58,38,20,-0.017705174883403063,-0.00701560423093639,-0.010689570652466673,7.894736842105254e-06,7.894736842105254e-06,1.315789473684209e-05,1.0526315789473673e-05,3.947368421052627e-05,-0.01774464856761359,-0.020551883589980537,0.02631578947368418,1.0,0.513157894736842,1.360678681890807,0.7671117229334683
2024-07-08,2024-07-09,open,2024-07-10,2024-07-10,0,1,EXECUTED_ON_TIME,open,58,37,21,0.02595438059310999,0.00856039971691036,0.01739398087619963,0.0,0.0,0.0,0.0,0.0,0.02595438059310999,0.015912726151108624,0.0,1.0,0.5,1.3959942542655321,0.7736785059093065
2024-07-09,2024-07-10,open,2024-07-11,2024-07-11,0,1,EXECUTED_ON_TIME,open,58,37,21,0.020757337279046374,0.007344677954465473,0.0134126593245809,0.0,0.0,0.0,0.0,0.0,0.020757337279046374,0.01631081485392373,0.0,1.0,0.5,1.4249713778409325,0.7793609253755024
2024-07-10,2024-07-11,open,2024-07-12,2024-07-12,0,1,EXECUTED_ON_TIME,open,58,37,21,0.003222446093338117,0.002582406946999294,0.0006400391463388232,8.10810810810809e-06,8.10810810810809e-06,1.3513513513513486e-05,1.081081081081079e-05,4.054054054054046e-05,0.0031819055527975764,0.0028635283029509045,0.027027027027026973,1.0,0.5135135135135135,1.4295055021806622,0.7813735524434119
2024-07-11,2024-07-12,open,2024-07-15,2024-07-15,0,1,EXECUTED_ON_TIME,open,58,37,21,0.00029820838374702613,0.0007673507986805106,-0.00046914241493348446,8.10810810810809e-06,8.10810810810809e-06,1.3513513513513486e-05,1.081081081081079e-05,4.054054054054046e-05,0.0002576678432064857,-0.0028086443450092945,0.027027027027026973,1.0,0.5135135135135135,1.4298738397802608,0.7819731400629472
2024-07-12,2024-07-15,open,2024-07-16,2024-07-16,0,1,EXECUTED_ON_TIME,open,58,38,20,-0.004019044507000945,0.0012247982808348823,-0.005243842787835827,7.894736842105254e-06,7.894736842105254e-06,1.315789473684209e-05,1.0526315789473673e-05,3.947368421052627e-05,-0.004058518191211471,-0.009512515588429034,0.02631578947368418,1.0,0.513157894736842,1.4240706707903752,0.7829308994205553
2024-07-15,2024-07-16,open,2024-07-17,2024-07-17,0,1,EXECUTED_ON_TIME,open,58,37,21,0.015963668610340702,0.007891020441599395,0.008072648168741307,8.10810810810809e-06,8.10810810810809e-06,1.3513513513513486e-05,1.081081081081079e-05,4.054054054054046e-05,0.01592312806980016,0.012794353399364007,0.027027027027026973,1.0,0.5135135135135135,1.4467463304618167,0.7891090231522426
2024-07-16,2024-07-17,open,2024-07-18,2024-07-18,0,1,EXECUTED_ON_TIME,open,58,38,20,-0.01590561257060162,-0.003122595128110528,-0.012783017442491093,1.578947368421054e-05,1.578947368421054e-05,2.6315789473684236e-05,2.105263157894739e-05,7.89473684210527e-05,-0.015984559939022674,-0.013780021031940613,0.052631578947368474,1.0,0.5263157894736843,1.4236207270259886,0.7866449551609994
2024-07-17,2024-07-18,open,2024-07-19,2024-07-19,0,1,EXECUTED_ON_TIME,open,58,38,20,0.005919843104616652,0.005025983995627259,0.0008938591089893934,7.894736842105254e-06,7.894736842105254e-06,1.315789473684209e-05,1.0526315789473673e-05,3.947368421052627e-05,0.0058803694204061265,-6.886507043462557e-05,0.02631578947368418,1.0,0.513157894736842,1.4319921428154487,0.7905986201158796
2024-07-18,2024-07-19,open,2024-07-22,2024-07-22,0,1,EXECUTED_ON_TIME,open,58,39,19,0.015937326335056165,0.010739244259534653,0.005198082075521512,1.5384615384615394e-05,1.5384615384615394e-05,2.564102564102566e-05,2.051282051282053e-05,7.692307692307698e-05,0.015860403258133086,0.01147550188278233,0.05128205128205132,1.0,0.5256410256410257,1.4547041156629799,0.799089051808555
2024-07-19,2024-07-22,open,2024-07-23,2024-07-23,0,1,EXECUTED_ON_TIME,open,58,38,20,-0.0017966678982104887,-0.008086138343279758,0.00628947044506927,0.0,0.0,0.0,0.0,0.0,-0.0017966678982104887,0.007295941509415597,0.0,1.0,0.5,1.4520904954769733,0.7926275071870308
2024-07-22,2024-07-23,open,2024-07-24,2024-07-24,0,1,EXECUTED_ON_TIME,open,58,38,20,-0.03210156981290775,-0.022064859169596884,-0.010036710643310867,0.0,0.0,0.0,0.0,0.0,-0.03210156981290775,-0.015594857727149643,0.0,1.0,0.5,1.4054761110617595,0.7751382928670003
2024-07-23,2024-07-24,open,2024-07-25,2024-07-25,0,1,EXECUTED_ON_TIME,open,58,39,19,-0.016889228360512144,-0.008080479065921686,-0.008808749294590457,7.692307692307697e-06,7.692307692307697e-06,1.282051282051283e-05,1.0256410256410264e-05,3.846153846153849e-05,-0.016927689898973683,-0.013168123855995823,0.02564102564102566,1.0,0.5128205128205128,1.3816846472932907,0.7688748041182942
2024-07-24,2024-07-25,open,2024-07-26,2024-07-26,0,1,EXECUTED_ON_TIME,open,58,39,19,0.010844625736068552,-0.0002652285385906783,0.01110985427465923,7.692307692307697e-06,7.692307692307697e-06,1.282051282051283e-05,1.0256410256410264e-05,3.846153846153849e-05,0.010806164197607012,0.013681485581997336,0.02564102564102566,1.0,0.5128205128205128,1.3966153584612546,0.7686708765776388
2024-07-25,2024-07-26,open,2024-07-29,2024-07-29,0,1,EXECUTED_ON_TIME,open,58,38,20,0.015429290262736822,0.0001933185807947435,0.015235971681942078,7.894736842105254e-06,7.894736842105254e-06,1.315789473684209e-05,1.0526315789473673e-05,3.947368421052627e-05,0.015389816578526295,0.020699163335798326,0.02631578947368418,1.0,0.513157894736842,1.418109012658726,0.768819474940597
2024-07-26,2024-07-29,open,2024-07-30,2024-07-30,0,1,EXECUTED_ON_TIME,open,58,37,21,-0.009322795118516324,-0.006954892629053466,-0.0023679024894628573,0.0,0.0,0.0,0.0,0.0,-0.009322795118516324,-0.009246058063970034,0.0,1.0,0.5,1.4048882728779872,0.7634724180412599
2024-07-29,2024-07-30,open,2024-07-31,2024-07-31,0,1,EXECUTED_ON_TIME,open,58,38,20,0.003804464018039878,-0.004928581126509957,0.008733045144549836,7.894736842105254e-06,7.894736842105254e-06,1.315789473684209e-05,1.0526315789473673e-05,3.947368421052627e-05,0.003764990333829352,0.01290729452242223,0.02631578947368418,1.0,0.513157894736842,1.410177663645483,0.7597095822910908
2024-07-30,2024-07-31,open,2024-08-01,2024-08-01,0,1,EXECUTED_ON_TIME,open,58,38,20,0.047327844223167784,0.023517349890473493,0.02381049433269429,0.0,0.0,0.0,0.0,0.0,0.047327844223167784,0.03311854006076102,0.0,1.0,0.5,1.476918332437487,0.7775759383529758
2024-07-31,2024-08-01,open,2024-08-02,2024-08-02,0,1,EXECUTED_ON_TIME,open,58,37,21,-0.014442445784679552,-0.01429596240640807,-0.00014648337827148292,8.10810810810809e-06,8.10810810810809e-06,1.3513513513513486e-05,1.081081081081079e-05,4.054054054054046e-05,-0.014482986325220092,-0.003789994484290543,0.027027027027026973,1.0,0.5135135135135135,1.455528144425328,0.7664597419701542
2024-08-01,2024-08-02,open,2024-08-05,2024-08-05,0,1,EXECUTED_ON_TIME,open,58,38,20,-0.017911165760250824,-0.009371177904468397,-0.008539987855782426,7.894736842105254e-06,7.894736842105254e-06,1.315789473684209e-05,1.0526315789473673e-05,3.947368421052627e-05,-0.01795063944446135,-0.00887572524532636,0.02631578947368418,1.0,0.513157894736842,1.429400483503483,0.759277111371539
2024-08-02,2024-08-05,open,2024-08-06,2024-08-06,0,1,EXECUTED_ON_TIME,open,58,37,21,-0.00473686066171428,0.001558544153198893,-0.006295404814913173,0.0,0.0,0.0,0.0,0.0,-0.00473686066171428,-0.004850490515373802,0.0,1.0,0.5,1.42262961258334,0.7604604782741248
2024-08-05,2024-08-06,open,2024-08-07,2024-08-07,0,1,EXECUTED_ON_TIME,open,58,36,22,-0.0014486415762588961,-0.00854113261696432,0.007092491040705424,8.333333333333337e-06,8.333333333333337e-06,1.3888888888888895e-05,1.1111111111111117e-05,4.1666666666666686e-05,-0.0014903082429255628,0.012260476108352798,0.02777777777777779,1.0,0.5138888888888888,1.420509455945077,0.7539652844792254
2024-08-06,2024-08-07,open,2024-08-08,2024-08-08,0,1,EXECUTED_ON_TIME,open,58,38,20,-0.005281488505004454,-0.0018459883226187301,-0.003435500182385724,1.578947368421054e-05,1.578947368421054e-05,2.6315789473684236e-05,2.105263157894739e-05,7.89473684210527e-05,-0.005360435873425507,-0.005968688401419309,0.052631578947368474,1.0,0.5263157894736843,1.412894906098889,0.7525734733684168
2024-08-07,2024-08-08,open,2024-08-09,2024-08-09,0,1,EXECUTED_ON_TIME,open,58,39,19,0.01005781046742694,0.007712094604894748,0.0023457158625321915,7.692307692307697e-06,7.692307692307697e-06,1.282051282051283e-05,1.0256410256410264e-05,3.846153846153849e-05,0.0100193489289654,0.004452352874811451,0.02564102564102566,1.0,0.5128205128205128,1.4270511931630516,0.7583773911921683
2024-08-08,2024-08-09,open,2024-08-12,2024-08-12,0,1,EXECUTED_ON_TIME,open,58,37,21,-0.016467161686999073,-0.009103881686463478,-0.007363280000535596,0.0,0.0,0.0,0.0,0.0,-0.016467161686999073,-0.011169361012904881,0.0,1.0,0.5,1.4035517104296107,0.751473213149066
2024-08-09,2024-08-12,open,2024-08-13,2024-08-13,0,1,EXECUTED_ON_TIME,open,58,38,20,4.495285622389749e-05,0.00013763855514370427,-9.268569891980678e-05,7.894736842105254e-06,7.894736842105254e-06,1.315789473684209e-05,1.0526315789473673e-05,3.947368421052627e-05,5.479172013371218e-06,-0.002017398255683232,0.02631578947368418,1.0,0.513157894736842,1.4035594007308618,0.751576644836353
2024-08-12,2024-08-13,open,2024-08-14,2024-08-14,0,1,EXECUTED_ON_TIME,open,58,39,19,0.0067922988591489104,0.0014341886782927027,0.005358110180856208,7.692307692307697e-06,7.692307692307697e-06,1.282051282051283e-05,1.0256410256410264e-05,3.846153846153849e-05,0.006753837320687372,0.005345681017337599,0.02564102564102566,1.0,0.5128205128205128,1.4130388125933198,0.7526545475512465
2024-08-13,2024-08-14,open,2024-08-15,2024-08-15,0,1,EXECUTED_ON_TIME,open,58,38,20,-0.011395577885589198,-0.009403841289587378,-0.00199173659600182,0.0,0.0,0.0,0.0,0.0,-0.011395577885589198,-0.005879917592453731,0.0,1.0,0.5,1.396936418749052,0.7455767036401884
2024-08-14,2024-08-15,open,2024-08-16,2024-08-16,0,1,EXECUTED_ON_TIME,open,58,38,20,0.013489668930473294,0.012294309826663907,0.0011953591038093864,0.0,0.0,0.0,0.0,0.0,0.013489668930473294,0.0001254427033052785,0.0,1.0,0.5,1.4157806285548977,0.7547430546342836
2024-08-15,2024-08-16,open,2024-08-19,2024-08-19,0,1,EXECUTED_ON_TIME,open,58,38,20,-0.01162396747715303,0.0006660612471145466,-0.012290028724267576,0.0,0.0,0.0,0.0,0.0,-0.01162396747715303,-0.017149802493592166,0.0,1.0,0.5,1.3993236405737923,0.7552457597345044
2024-08-16,2024-08-19,open,2024-08-20,2024-08-20,0,1,EXECUTED_ON_TIME,open,58,39,19,0.0036687149058161716,0.005196364757415806,-0.001527649851599634,7.692307692307697e-06,7.692307692307697e-06,1.282051282051283e-05,1.0256410256410264e-05,3.846153846153849e-05,0.003630253367354633,-0.004629170581744498,0.02564102564102566,1.0,0.5128205128205128,1.4044035399320043,0.7591702921835765
2024-08-19,2024-08-20,open,2024-08-21,2024-08-21,0,1,EXECUTED_ON_TIME,open,58,38,20,-0.018937753383964067,-0.01151997582131814,-0.007417777562645927,7.894736842105254e-06,7.894736842105254e-06,1.315789473684209e-05,1.0526315789473673e-05,3.947368421052627e-05,-0.018977227068174594,-0.008556521010275117,0.02631578947368418,1.0,0.513157894736842,1.3777518550593664,0.7504246687733587
2024-08-20,2024-08-21,open,2024-08-22,2024-08-22,0,1,EXECUTED_ON_TIME,open,58,38,20,-0.0005322576226419126,-1.2338571608760951e-05,-0.0005199190510331516,7.894736842105254e-06,7.894736842105254e-06,1.315789473684209e-05,1.0526315789473673e-05,3.947368421052627e-05,-0.0005717313068524389,-0.0027404009898137687,0.02631578947368418,1.0,0.513157894736842,1.3769641511907549,0.750415409604846
2024-08-21,2024-08-22,open,2024-08-23,2024-08-23,0,1,EXECUTED_ON_TIME,open,58,38,20,-0.01826428881095604,-0.005098300506308995,-0.013165988304647044,0.0,0.0,0.0,0.0,0.0,-0.01826428881095604,-0.019811501994722557,0.0,1.0,0.5,1.351814880251074,0.7465895663421155
2024-08-22,2024-08-23,open,2024-08-26,2024-08-26,0,1,EXECUTED_ON_TIME,open,58,39,19,0.0013701851416572923,0.007497736643626185,-0.006127551501968893,7.692307692307697e-06,7.692307692307697e-06,1.282051282051283e-05,1.0256410256410264e-05,3.846153846153849e-05,0.001331723603195754,-0.005055324600386393,0.02564102564102566,1.0,0.5128205128205128,1.3536151240342558,0.7521872982914277
2024-08-23,2024-08-26,open,2024-08-27,2024-08-27,0,1,EXECUTED_ON_TIME,open,58,35,23,-0.0027794784149328612,-0.00451314101043665,0.0017336625955037886,0.0,0.0,0.0,0.0,0.0,-0.0027794784149328612,0.003555199965540386,0.0,1.0,0.5,1.3498527800148759,0.7487925709479791
2024-08-26,2024-08-27,open,2024-08-28,2024-08-28,0,1,EXECUTED_ON_TIME,open,58,39,19,-0.013824707708334877,-0.0050598880593638595,-0.008764819648971018,3.0769230769230754e-05,3.0769230769230754e-05,5.1282051282051266e-05,4.102564102564102e-05,0.0001538461538461538,-0.013978553862181031,-0.012803510480879276,0.10256410256410253,1.0,0.5512820512820513,1.3309837902234232,0.745003764359299
2024-08-27,2024-08-28,open,2024-08-29,2024-08-29,0,1,EXECUTED_ON_TIME,open,58,39,19,0.0006954021581412739,-0.0076898150267254994,0.008385217184866773,0.0,0.0,0.0,0.0,0.0,0.0006954021581412739,0.009950863619381986,0.0,1.0,0.5,1.3319093592235958,0.7392748232171619
2024-08-28,2024-08-29,open,2024-08-30,2024-08-30,0,1,EXECUTED_ON_TIME,open,58,39,19,0.013937099459709815,6.47616755067304e-05,0.013872337784203085,0.0,0.0,0.0,0.0,0.0,0.013937099459709815,0.020764957836558157,0.0,1.0,0.5,1.3504723124344136,0.7393226998933734
2024-08-29,2024-08-30,open,2024-09-02,2024-09-02,0,1,EXECUTED_ON_TIME,open,58,39,19,0.022487686175851025,0.010321487296078846,0.012166198879772178,0.0,0.0,0.0,0.0,0.0,0.022487686175851025,0.014408951950506866,0.0,1.0,0.5,1.3808413099856145,0.7469536097480256
2024-08-30,2024-09-02,open,2024-09-03,2024-09-03,0,1,EXECUTED_ON_TIME,open,58,39,19,-0.028145456134839587,-0.013847741359673926,-0.01429771477516566,0.0,0.0,0.0,0.0,0.0,-0.028145456134839587,-0.02237434278225186,0.0,1.0,0.5,1.34197690146624,0.7366099893525602
2024-09-02,2024-09-03,open,2024-09-04,2024-09-04,0,1,EXECUTED_ON_TIME,open,58,39,19,-0.0027022358663312232,-0.0024045440763076353,-0.0002976917900235879,0.0,0.0,0.0,0.0,0.0,-0.0027022358663312232,0.0037587129432912945,0.0,1.0,0.5,1.3383505633513098,0.7348387781661134
2024-09-03,2024-09-04,open,2024-09-05,2024-09-05,0,1,EXECUTED_ON_TIME,open,58,39,19,0.004179463787844284,-0.0002882696384459704,0.004467733426290255,0.0,0.0,0.0,0.0,0.0,0.004179463787844284,0.005819081920896516,0.0,1.0,0.5,1.3439441510662775,0.7346269464572154
2024-09-04,2024-09-05,open,2024-09-06,2024-09-06,0,1,EXECUTED_ON_TIME,open,58,38,20,0.007693533839515084,0.002518936599281929,0.005174597240233155,0.0,0.0,0.0,0.0,0.0,0.007693533839515084,0.008172906131806696,0.0,1.0,0.5,1.3542838308709242,0.7364774251594652
2024-09-05,2024-09-06,open,2024-09-09,2024-09-09,0,1,EXECUTED_ON_TIME,open,58,38,20,-0.02321071034066289,-0.014213986827975589,-0.0089967235126873,0.0,0.0,0.0,0.0,0.0,-0.02321071034066289,-0.012342199624234648,0.0,1.0,0.5,1.322849941153536,0.7260091447391472
2024-09-06,2024-09-09,open,2024-09-10,2024-09-10,0,1,EXECUTED_ON_TIME,open,58,39,19,0.0027647632728831028,-0.006639293268632551,0.009404056541515654,7.692307692307697e-06,7.692307692307697e-06,1.282051282051283e-05,1.0256410256410264e-05,3.846153846153849e-05,0.0027263017344215643,0.01164647370540102,0.02564102564102566,1.0,0.5128205128205128,1.326456429242482,0.721188957111515
2024-09-09,2024-09-10,open,2024-09-11,2024-09-11,0,1,EXECUTED_ON_TIME,open,58,38,20,0.0006207403456702728,-0.0020056640830499184,0.002626404428720191,0.0,0.0,0.0,0.0,0.0,0.0006207403456702728,0.0019030647072099058,0.0,1.0,0.5,1.3272798142648865,0.7197424943231442
2024-09-10,2024-09-11,open,2024-09-12,2024-09-12,0,1,EXECUTED_ON_TIME,open,58,39,19,0.011069189554801942,0.0007455167802461471,0.010323672774555795,7.692307692307697e-06,7.692307692307697e-06,1.282051282051283e-05,1.0256410256410264e-05,3.846153846153849e-05,0.011030728016340403,0.01638922089525008,0.02564102564102566,1.0,0.5128205128205128,1.3419206768976213,0.7202790744301183
2024-09-11,2024-09-12,open,2024-09-13,2024-09-13,0,1,EXECUTED_ON_TIME,open,58,38,20,-0.006450106676594932,-0.004826258760586177,-0.0016238479160087544,7.894736842105254e-06,7.894736842105254e-06,1.315789473684209e-05,1.0526315789473673e-05,3.947368421052627e-05,-0.0064895803608054576,-0.005081888258647576,0.02631578947368418,1.0,0.513157894736842,1.3332121748270678,0.716802821237083
2024-09-12,2024-09-13,open,2024-09-18,2024-09-18,0,1,EXECUTED_ON_TIME,open,58,38,20,-0.011686969631752536,-0.00479389949824105,-0.006893070133511486,1.578947368421054e-05,1.578947368421054e-05,2.6315789473684236e-05,2.105263157894739e-05,7.89473684210527e-05,-0.01176591700017359,-0.009103879101012163,0.052631578947368474,1.0,0.5263157894736843,1.3175257110344316,0.7133665405520169
2024-09-13,2024-09-18,open,2024-09-19,2024-09-19,0,1,EXECUTED_ON_TIME,open,58,38,20,0.0043682361602351725,0.006197887944161318,-0.0018296517839261452,7.894736842105254e-06,7.894736842105254e-06,1.315789473684209e-05,1.0526315789473673e-05,3.947368421052627e-05,0.004328762476024647,-0.006171866438883739,0.02631578947368418,1.0,0.513157894736842,1.323228966893555,0.7177879064334722
2024-09-18,2024-09-19,open,2024-09-20,2024-09-20,0,1,EXECUTED_ON_TIME,open,58,38,20,0.009582337338396675,0.00441606395175409,0.005166273386642585,7.894736842105254e-06,7.894736842105254e-06,1.315789473684209e-05,1.0526315789473673e-05,3.947368421052627e-05,0.009542863654186148,0.007395464157992537,0.02631578947368418,1.0,0.513157894736842,1.33585636050789,0.7209577037320781
2024-09-19,2024-09-20,open,2024-09-23,2024-09-23,0,1,EXECUTED_ON_TIME,open,58,38,20,-0.002623557947743695,0.0026424995113443206,-0.005266057459088015,0.0,0.0,0.0,0.0,0.0,-0.002623557947743695,-0.0059481168652256305,0.0,1.0,0.5,1.3323516639362354,0.7228628341118901
2024-09-20,2024-09-23,open,2024-09-24,2024-09-24,0,1,EXECUTED_ON_TIME,open,58,37,21,0.0022370133525473736,0.013677227552026494,-0.011440214199479121,0.0,0.0,0.0,0.0,0.0,0.0022370133525473736,-0.01712785327257782,0.0,1.0,0.5,1.3353321523987494,0.7327495935829412
2024-09-23,2024-09-24,open,2024-09-25,2024-09-25,0,1,EXECUTED_ON_TIME,open,58,37,21,0.05813051252172581,0.04902074093113984,0.009109771590585972,0.0,0.0,0.0,0.0,0.0,0.05813051252172581,0.008720987269743616,0.0,1.0,0.5,1.412955694804428,0.7686695215773686
2024-09-24,2024-09-25,open,2024-09-26,2024-09-26,0,1,EXECUTED_ON_TIME,open,58,35,23,-0.00643938846136433,-0.0012877155520666372,-0.005151672909297693,0.0,0.0,0.0,0.0,0.0,-0.00643938846136433,-0.005383708399449517,0.0,1.0,0.5,1.4038571242068851,0.7676796938800338
2024-09-25,2024-09-26,open,2024-09-27,2024-09-27,0,1,EXECUTED_ON_TIME,open,58,37,21,0.06758034722827992,0.06430729213704267,0.003273055091237251,1.6216216216216215e-05,1.6216216216216215e-05,2.702702702702703e-05,2.1621621621621624e-05,8.108108108108109e-05,0.06749926614719884,0.007517648198664011,0.05405405405405406,1.0,0.527027027027027,1.498616449866367,0.8170470962220526
2024-09-26,2024-09-27,open,2024-09-30,2024-09-30,0,1,EXECUTED_ON_TIME,open,58,35,23,0.11720711504954089,0.0632219617901999,0.05398515325934099,0.0,0.0,0.0,0.0,0.0,0.11720711504954089,0.07619805000481163,0.0,1.0,0.5,1.6742649605209887,0.868702416520197
2024-09-27,2024-09-30,open,2024-10-08,2024-10-08,0,1,EXECUTED_ON_TIME,open,58,27,31,0.26776831694788933,0.15694583237579085,0.11082248457209848,1.1111111111111127e-05,1.1111111111111127e-05,1.8518518518518545e-05,1.4814814814814837e-05,5.555555555555564e-05,0.2677127613923338,0.12818830509162943,0.03703703703703709,1.0,0.5185185185185186,2.1224870564044895,1.0050416403678202
2024-10-08,2024-10-09,open,2024-10-10,2024-10-10,0,1,EXECUTED_ON_TIME,open,58,37,21,-0.0327749456772334,-0.0453919599773942,0.012617014300160802,0.00010540540540540538,0.00010540540540540538,0.00017567567567567565,0.00014054054054054053,0.0005270270270270269,-0.03330197270426043,0.01705037092883071,0.3513513513513513,1.0,0.6756756756756757,2.0518040503869615,0.9594208304526295
2024-10-09,2024-10-10,open,2024-10-11,2024-10-11,0,1,EXECUTED_ON_TIME,open,58,34,24,-0.030983375685250655,-0.00247612078765469,-0.028507254897595966,1.7647058823529414e-05,1.7647058823529414e-05,2.941176470588236e-05,2.3529411764705887e-05,8.823529411764708e-05,-0.0310716109793683,-0.04095276032877726,0.05882352941176472,1.0,0.5294117647058824,1.9880511931274456,0.9570451885902368
2024-10-10,2024-10-11,open,2024-10-14,2024-10-14,0,1,EXECUTED_ON_TIME,open,58,36,22,-0.02962746356897472,-0.013738620842882576,-0.015888842726092145,3.333333333333335e-05,3.333333333333335e-05,5.555555555555558e-05,4.444444444444447e-05,0.00016666666666666674,-0.029794130235641387,-0.017055246671202545,0.11111111111111116,1.0,0.5555555555555556,1.9288189369642843,0.9438967076146905
2024-10-11,2024-10-14,open,2024-10-15,2024-10-15,0,1,EXECUTED_ON_TIME,open,58,35,23,0.018400163447553842,0.006976621231149505,0.011423542216404337,1.714285714285715e-05,1.714285714285715e-05,2.857142857142858e-05,2.2857142857142865e-05,8.571428571428574e-05,0.018314449161839556,0.009680526013076795,0.05714285714285716,1.0,0.5285714285714286,1.9641441933277104,0.9504819174250473
2024-10-14,2024-10-15,open,2024-10-16,2024-10-16,0,1,EXECUTED_ON_TIME,open,58,37,21,-0.03146463737780967,-0.03459627741954796,0.0031316400417382914,2.4324324324324307e-05,2.4324324324324307e-05,4.054054054054052e-05,3.2432432432432416e-05,0.00012162162162162156,-0.031586258999431294,0.0013682774359079844,0.08108108108108103,1.0,0.5405405405405406,1.9021042261250323,0.9175987813275465
2024-10-15,2024-10-16,open,2024-10-17,2024-10-17,0,1,EXECUTED_ON_TIME,open,58,38,20,0.021014326898226424,0.012533442700564779,0.008480884197661645,1.578947368421054e-05,1.578947368421054e-05,2.6315789473684236e-05,2.105263157894739e-05,7.89473684210527e-05,0.02093537952980537,0.009120853459743875,0.052631578947368474,1.0,0.5263157894736843,1.9419255000042064,0.9290994530754233
2024-10-16,2024-10-17,open,2024-10-18,2024-10-18,0,1,EXECUTED_ON_TIME,open,58,34,24,-0.01821830009431341,-0.01907888779012934,0.0008605876958159286,0.0,0.0,0.0,0.0,0.0,-0.01821830009431341,0.000326229825402341,0.0,1.0,0.5,1.90654691848433,0.9113732688643268
2024-10-17,2024-10-18,open,2024-10-21,2024-10-21,0,1,EXECUTED_ON_TIME,open,58,37,21,0.07563153697624542,0.04406723885899422,0.0315642981172512,2.4324324324324307e-05,2.4324324324324307e-05,4.054054054054052e-05,3.2432432432432416e-05,0.00012162162162162156,0.0755099153546238,0.043467545269948,0.08108108108108103,1.0,0.5405405405405406,2.0505101149187004,0.9515349723930734
2024-10-18,2024-10-21,open,2024-10-22,2024-10-22,0,1,EXECUTED_ON_TIME,open,58,35,23,0.00970545396242832,-0.005867386623736759,0.01557284058616508,1.714285714285715e-05,1.714285714285715e-05,2.857142857142858e-05,2.2857142857142865e-05,8.571428571428574e-05,0.009619739676714034,0.018989819839960825,0.05714285714285716,1.0,0.5285714285714286,2.070235488428687,0.9459519488240365
2024-10-21,2024-10-22,open,2024-10-23,2024-10-23,0,1,EXECUTED_ON_TIME,open,58,39,19,0.009389121694140856,0.008047161078806209,0.0013419606153346475,4.615384615384615e-05,4.615384615384615e-05,7.692307692307693e-05,6.153846153846155e-05,0.0002307692307692308,0.009158352463371626,0.002215707284867245,0.15384615384615385,1.0,0.5769230769230769,2.0891954347138975,0.9535641765290342
2024-10-22,2024-10-23,open,2024-10-24,2024-10-24,0,1,EXECUTED_ON_TIME,open,58,37,21,-0.001203882647360785,-0.0011174825595609006,-8.640008779988448e-05,1.6216216216216215e-05,1.6216216216216215e-05,2.702702702702703e-05,2.1621621621621624e-05,8.108108108108109e-05,-0.0012849637284418661,0.0016131014166317313,0.05405405405405406,1.0,0.527027027027027,2.0865108943586637,0.952498585192341
2024-10-23,2024-10-24,open,2024-10-25,2024-10-25,0,1,EXECUTED_ON_TIME,open,58,36,22,0.003521460844837793,-0.004955327888665373,0.008476788733503167,1.6666666666666674e-05,1.6666666666666674e-05,2.777777777777779e-05,2.2222222222222233e-05,8.333333333333337e-05,0.00343812751150446,0.006667637012236726,0.05555555555555558,1.0,0.5277777777777778,2.093684584867612,0.947778642389223
2024-10-24,2024-10-25,open,2024-10-28,2024-10-28,0,1,EXECUTED_ON_TIME,open,58,36,22,0.019259030587056008,0.005541394355739637,0.01371763623131637,1.6666666666666674e-05,1.6666666666666674e-05,2.777777777777779e-05,2.2222222222222233e-05,8.333333333333337e-05,0.019175697253722673,0.022483136125092635,0.05555555555555558,1.0,0.5277777777777778,2.1338324466118195,0.9530306576086492
2024-10-25,2024-10-28,open,2024-10-29,2024-10-29,0,1,EXECUTED_ON_TIME,open,58,34,24,0.007529855934833874,0.004275625293123753,0.003254230641710121,8.823529411764707e-06,8.823529411764707e-06,1.470588235294118e-05,1.1764705882352944e-05,4.411764705882354e-05,0.00748573828777505,0.00719479696286598,0.02941176470588236,1.0,0.5147058823529411,2.1498057578571186,0.9571054595934432
2024-10-28,2024-10-29,open,2024-10-30,2024-10-30,0,1,EXECUTED_ON_TIME,open,58,34,24,-0.022814799239256386,-0.016586364561481992,-0.006228434677774394,8.823529411764707e-06,8.823529411764707e-06,1.470588235294118e-05,1.1764705882352944e-05,4.411764705882354e-05,-0.02285891688631521,-0.013867960421357049,0.02941176470588236,1.0,0.5147058823529411,2.1006635267165406,0.9412305595168415
2024-10-29,2024-10-30,open,2024-10-31,2024-10-31,0,1,EXECUTED_ON_TIME,open,58,36,22,0.006269908617298182,-0.00403082865456339,0.010300737271861572,2.5000000000000008e-05,2.5000000000000008e-05,4.1666666666666686e-05,3.333333333333335e-05,0.00012500000000000006,0.0061449086172981815,0.012231935869801088,0.08333333333333337,1.0,0.5416666666666667,2.113571912123905,0.9374366204069903
2024-10-30,2024-10-31,open,2024-11-01,2024-11-01,0,1,EXECUTED_ON_TIME,open,58,34,24,0.010100402934863688,-0.0015340409209594341,0.011634443855823122,1.7647058823529414e-05,1.7647058823529414e-05,2.941176470588236e-05,2.3529411764705887e-05,8.823529411764708e-05,0.01001216764074604,0.016360054819619232,0.05882352941176472,1.0,0.5294117647058824,2.134733348428862,0.9359985542704801
2024-10-31,2024-11-01,open,2024-11-04,2024-11-04,0,1,EXECUTED_ON_TIME,open,58,34,24,-0.014539753421194616,0.003929469423751719,-0.018469222844946336,1.7647058823529414e-05,1.7647058823529414e-05,2.941176470588236e-05,2.3529411764705887e-05,8.823529411764708e-05,-0.014627988715312264,-0.024721707618207946,0.05882352941176472,1.0,0.5294117647058824,2.1035064930978438,0.9396765319701618
2024-11-01,2024-11-04,open,2024-11-05,2024-11-05,0,1,EXECUTED_ON_TIME,open,58,33,25,0.021118566648961244,0.01023907859837836,0.010879488050582885,9.090909090909083e-06,9.090909090909083e-06,1.5151515151515138e-05,1.2121212121212112e-05,4.545454545454541e-05,0.021073112103506698,0.0139826475228528,0.030303030303030276,1.0,0.5151515151515151,2.1478339212373485,0.9492979538380558
2024-11-04,2024-11-05,open,2024-11-06,2024-11-06,0,1,EXECUTED_ON_TIME,open,58,33,25,0.038609076441060236,0.028866653816274512,0.009742422624785724,0.0,0.0,0.0,0.0,0.0,0.038609076441060236,0.014931951272289551,0.0,1.0,0.5,2.2307598052851034,0.9767010092399967
2024-11-05,2024-11-06,open,2024-11-07,2024-11-07,0,1,EXECUTED_ON_TIME,open,58,32,26,-0.009589926958062756,-0.01580287162925187,0.006212944671189113,0.0,0.0,0.0,0.0,0.0,-0.009589926958062756,0.010257465968050765,0.0,1.0,0.5,2.209366981691437,0.9612663285708163
2024-11-06,2024-11-07,open,2024-11-08,2024-11-08,0,1,EXECUTED_ON_TIME,open,58,35,23,0.0462348922609949,0.05136651245075896,-0.005131620189764062,2.571428571428572e-05,2.571428571428572e-05,4.285714285714287e-05,3.42857142857143e-05,0.0001285714285714286,0.04610632083242347,-0.0036457362556902156,0.08571428571428574,1.0,0.5428571428571429,2.3112327645858657,1.0106432274058446
2024-11-07,2024-11-08,open,2024-11-11,2024-11-11,0,1,EXECUTED_ON_TIME,open,58,33,25,-0.008273458073578138,-0.0298527293975136,0.021579271323935462,1.8181818181818165e-05,1.8181818181818165e-05,3.0303030303030275e-05,2.4242424242424224e-05,9.090909090909082e-05,-0.008364367164487229,0.022659303150945626,0.06060606060606055,1.0,0.5303030303030303,2.2919007651402765,0.9804727686206681
2024-11-08,2024-11-11,open,2024-11-12,2024-11-12,0,1,EXECUTED_ON_TIME,open,58,36,22,0.028635839408751813,0.01633146739042224,0.012304372018329575,3.333333333333335e-05,3.333333333333335e-05,5.555555555555558e-05,4.444444444444447e-05,0.00016666666666666674,0.028469172742085148,0.023661293929453805,0.11111111111111116,1.0,0.5555555555555556,2.3571492839307724,0.9964853276685935
2024-11-11,2024-11-12,open,2024-11-13,2024-11-13,0,1,EXECUTED_ON_TIME,open,58,33,25,-0.01727153879882522,-0.017845802185296078,0.0005742633864708573,9.090909090909083e-06,9.090909090909083e-06,1.5151515151515138e-05,1.2121212121212112e-05,4.545454545454541e-05,-0.017316993344279767,0.0002482202995425127,0.030303030303030276,1.0,0.5151515151515151,2.3163305454694694,0.9787022476304699
2024-11-12,2024-11-13,open,2024-11-14,2024-11-14,0,1,EXECUTED_ON_TIME,open,58,35,23,0.007539560299788338,0.010255469148362284,-0.002715908848573946,2.571428571428572e-05,2.571428571428572e-05,4.285714285714287e-05,3.42857142857143e-05,0.0001285714285714286,0.00741098887121691,-0.006343654440839344,0.08571428571428574,1.0,0.5428571428571429,2.333496845364003,0.988739298336477
2024-11-13,2024-11-14,open,2024-11-15,2024-11-15,0,1,EXECUTED_ON_TIME,open,58,34,24,-0.030764975718919237,-0.018427430061715655,-0.012337545657203582,0.0,0.0,0.0,0.0,0.0,-0.030764975718919237,-0.020246254583336676,0.0,1.0,0.5,2.2617068715762048,0.9705193740671118
2024-11-14,2024-11-15,open,2024-11-18,2024-11-18,0,1,EXECUTED_ON_TIME,open,58,34,24,-0.030126875898422046,-0.010816643680719329,-0.019310232217702717,8.823529411764707e-06,8.823529411764707e-06,1.470588235294118e-05,1.1764705882352944e-05,4.411764705882354e-05,-0.03017099354548087,-0.025908488392798912,0.02941176470588236,1.0,0.5147058823529411,2.193468928152109,0.960021611812593
2024-11-15,2024-11-18,open,2024-11-19,2024-11-19,0,1,EXECUTED_ON_TIME,open,58,34,24,-0.0198064059272961,-0.0069058969831024,-0.0129005089441937,1.7647058823529414e-05,1.7647058823529414e-05,2.941176470588236e-05,2.3529411764705887e-05,8.823529411764708e-05,-0.019894641221413746,-0.015749126612715384,0.05882352941176472,1.0,0.5294117647058824,2.149830650796204,0.9533918014598634
2024-11-18,2024-11-19,open,2024-11-20,2024-11-20,0,1,EXECUTED_ON_TIME,open,58,32,26,0.018773847746563946,0.0029130603215896667,0.01586078742497428,9.375e-06,9.375e-06,1.5625e-05,1.25e-05,4.6875e-05,0.018726972746563948,0.02227531813275572,0.03125,1.0,0.515625,2.190090470803393,0.956169089287625
2024-11-19,2024-11-20,open,2024-11-21,2024-11-21,0,1,EXECUTED_ON_TIME,open,58,34,24,0.014310601361677833,0.003361216139485368,0.010949385222192465,1.7647058823529414e-05,1.7647058823529414e-05,2.941176470588236e-05,2.3529411764705887e-05,8.823529411764708e-05,0.014222366067560185,0.012468845089374311,0.05882352941176472,1.0,0.5294117647058824,2.221238739200234,0.9593829802626156
2024-11-20,2024-11-21,open,2024-11-22,2024-11-22,0,1,EXECUTED_ON_TIME,open,58,35,23,-0.005190798067696886,0.001203431123106169,-0.006394229190803055,8.571428571428574e-06,8.571428571428574e-06,1.428571428571429e-05,1.1428571428571432e-05,4.285714285714287e-05,-0.005233655210554029,-0.009440632896141613,0.02857142857142858,1.0,0.5142857142857142,2.209613541498934,0.960537531600042
2024-11-21,2024-11-22,open,2024-11-25,2024-11-25,0,1,EXECUTED_ON_TIME,open,58,33,25,-0.0384535430843211,-0.027265147415670432,-0.011188395668650666,0.0,0.0,0.0,0.0,0.0,-0.0384535430843211,-0.01481318000484283,0.0,1.0,0.5,2.1246460719812057,0.9343483342026826
2024-11-22,2024-11-25,open,2024-11-26,2024-11-26,0,1,EXECUTED_ON_TIME,open,58,34,24,0.0006416894716622265,-0.010154264628589038,0.010795954100251264,8.823529411764707e-06,8.823529411764707e-06,1.470588235294118e-05,1.1764705882352944e-05,4.411764705882354e-05,0.000597571824603403,0.014162873807490846,0.02941176470588236,1.0,0.5147058823529411,2.125915700611076,0.9248607139619072
2024-11-25,2024-11-26,open,2024-11-27,2024-11-27,0,1,EXECUTED_ON_TIME,open,58,35,23,-0.0003486563428976559,-0.0018025373156504987,0.0014538809727528427,1.714285714285715e-05,1.714285714285715e-05,2.857142857142858e-05,2.2857142857142865e-05,8.571428571428574e-05,-0.00043437062861194164,-0.0030680313758089436,0.05714285714285716,1.0,0.5285714285714286,2.124992265271825,0.9231936180132116
2024-11-26,2024-11-27,open,2024-11-28,2024-11-28,0,1,EXECUTED_ON_TIME,open,58,34,24,0.03503034923990861,0.019561836178729308,0.015468513061179301,0.0,0.0,0.0,0.0,0.0,0.03503034923990861,0.018035540830261532,0.0,1.0,0.5,2.199431486456402,0.9412529803300345
2024-11-27,2024-11-28,open,2024-11-29,2024-11-29,0,1,EXECUTED_ON_TIME,open,58,34,24,-0.011153962218837736,-0.008801427571420217,-0.0023525346474175188,8.823529411764707e-06,8.823529411764707e-06,1.470588235294118e-05,1.1764705882352944e-05,4.411764705882354e-05,-0.011198079865896559,-0.0025189417456287534,0.02941176470588236,1.0,0.5147058823529411,2.1748020770114955,0.9329686103972763
2024-11-28,2024-11-29,open,2024-12-02,2024-12-02,0,1,EXECUTED_ON_TIME,open,58,35,23,0.02191155910820031,0.010287889319851473,0.011623669788348837,1.714285714285715e-05,1.714285714285715e-05,2.857142857142858e-05,2.2857142857142865e-05,8.571428571428574e-05,0.021825844822486024,0.015142780864519345,0.05714285714285716,1.0,0.5285714285714286,2.2222689696639684,0.9425668881999391
2024-11-29,2024-12-02,open,2024-12-03,2024-12-03,0,1,EXECUTED_ON_TIME,open,58,32,26,0.01750702624532465,0.00946363444998255,0.008043391795342102,0.0,0.0,0.0,0.0,0.0,0.01750702624532465,0.007858837554894285,0.0,1.0,0.5,2.2611742908400463,0.9514869966745209
2024-12-02,2024-12-03,open,2024-12-04,2024-12-04,0,1,EXECUTED_ON_TIME,open,58,33,25,-0.00021901409264356677,0.00036156761732519804,-0.0005805817099687648,9.090909090909083e-06,9.090909090909083e-06,1.5151515151515138e-05,1.2121212121212112e-05,4.545454545454541e-05,-0.0002644686380981122,-0.0061731405050372305,0.030303030303030276,1.0,0.5151515151515151,2.260576281154845,0.9518310235608244
2024-12-03,2024-12-04,open,2024-12-05,2024-12-05,0,1,EXECUTED_ON_TIME,open,58,33,25,-0.018647721736552006,-0.007995177463761438,-0.010652544272790568,9.090909090909083e-06,9.090909090909083e-06,1.5151515151515138e-05,1.2121212121212112e-05,4.545454545454541e-05,-0.018693176282006552,-0.014555293445511984,0.030303030303030276,1.0,0.5151515151515151,2.2183189302322948,0.9442209656119419
2024-12-04,2024-12-05,open,2024-12-06,2024-12-06,0,1,EXECUTED_ON_TIME,open,58,35,23,0.010651743002366158,0.0018717937457424227,0.008779949256623735,1.714285714285715e-05,1.714285714285715e-05,2.857142857142858e-05,2.2857142857142865e-05,8.571428571428574e-05,0.010566028716651871,0.010454417842361513,0.05714285714285716,1.0,0.5285714285714286,2.2417577517518215,0.9459883525099733
2024-12-05,2024-12-06,open,2024-12-09,2024-12-09,0,1,EXECUTED_ON_TIME,open,58,34,24,0.008736507890985417,0.011918769487970549,-0.003182261596985132,8.823529411764707e-06,8.823529411764707e-06,1.470588235294118e-05,1.1764705882352944e-05,4.411764705882354e-05,0.008692390243926594,-0.0003358761083926201,0.02941176470588236,1.0,0.5147058823529411,2.261243984962396,0.9572633696218447
2024-12-06,2024-12-09,open,2024-12-10,2024-12-10,0,1,EXECUTED_ON_TIME,open,58,36,22,0.0315058294954038,0.031074659320118547,0.00043117017528525314,1.6666666666666674e-05,1.6666666666666674e-05,2.777777777777779e-05,2.2222222222222233e-05,8.333333333333337e-05,0.03142249616207047,-0.00042928471498372006,0.05555555555555558,1.0,0.5277777777777778,2.3322979154013814,0.9870100027124722
2024-12-09,2024-12-10,open,2024-12-11,2024-12-11,0,1,EXECUTED_ON_TIME,open,58,31,27,-0.03388202003790654,-0.025899048619337894,-0.007982971418568643,0.0,0.0,0.0,0.0,0.0,-0.03388202003790654,-0.011118895773694636,0.0,1.0,0.5,2.253274950697384,0.9614473826644491
2024-12-10,2024-12-11,open,2024-12-12,2024-12-12,0,1,EXECUTED_ON_TIME,open,58,37,21,0.007654019528452563,-0.00021689972312066708,0.00787091925157323,4.864864864864865e-05,4.864864864864865e-05,8.108108108108109e-05,6.486486486486487e-05,0.00024324324324324328,0.00741077628520932,0.010776311163333724,0.16216216216216217,1.0,0.5810810810810811,2.2699734672660687,0.9612388449933541
2024-12-11,2024-12-12,open,2024-12-13,2024-12-13,0,1,EXECUTED_ON_TIME,open,58,35,23,-0.0008709579283862797,0.0034691420168728726,-0.004340099945259152,0.0,0.0,0.0,0.0,0.0,-0.0008709579283862797,-0.006246845361876222,0.0,1.0,0.5,2.2679964158775268,0.9645735190587709
2024-12-12,2024-12-13,open,2024-12-16,2024-12-16,0,1,EXECUTED_ON_TIME,open,58,37,21,-0.008484362141759943,-0.017546679130264198,0.009062316988504255,1.6216216216216215e-05,1.6216216216216215e-05,2.702702702702703e-05,2.1621621621621624e-05,8.108108108108109e-05,-0.008565443222841024,0.009764172569101705,0.05405405405405406,1.0,0.527027027027027,2.248570021347721,0.9476484570222968
2024-12-13,2024-12-16,open,2024-12-17,2024-12-17,0,1,EXECUTED_ON_TIME,open,58,34,24,-0.015173118133362695,-0.00576348567880014,-0.009409632454562555,0.0,0.0,0.0,0.0,0.0,-0.015173118133362695,-0.012110706520289446,0.0,1.0,0.5,2.214452202782674,0.9421866987117118
2024-12-16,2024-12-17,open,2024-12-18,2024-12-18,0,1,EXECUTED_ON_TIME,open,58,34,24,-0.0007805706820481892,0.006759505706827262,-0.0075400763888754515,0.0,0.0,0.0,0.0,0.0,-0.0007805706820481892,-0.010557549721831604,0.0,1.0,0.5,2.2127236663163847,0.9485554150785503
2024-12-17,2024-12-18,open,2024-12-19,2024-12-19,0,1,EXECUTED_ON_TIME,open,58,34,24,-0.008394570965551214,-0.005757466623188545,-0.002637104342362669,0.0,0.0,0.0,0.0,0.0,-0.008394570965551214,-0.003435315916984016,0.0,1.0,0.5,2.194148800472337,0.9430941389359908
2024-12-18,2024-12-19,open,2024-12-20,2024-12-20,0,1,EXECUTED_ON_TIME,open,58,36,22,0.022458951983911495,0.00653954993622019,0.015919402047691305,1.6666666666666674e-05,1.6666666666666674e-05,2.777777777777779e-05,2.2222222222222233e-05,8.333333333333337e-05,0.02237561865057816,0.018528284283084187,0.05555555555555558,1.0,0.5277777777777778,2.2432442372943293,0.9492615501521193
2024-12-19,2024-12-20,open,2024-12-23,2024-12-23,0,1,EXECUTED_ON_TIME,open,58,36,22,0.009675986816688862,-0.002367762869170953,0.012043749685859815,0.0,0.0,0.0,0.0,0.0,0.009675986816688862,0.012483937485906978,0.0,1.0,0.5,2.2649498389610025,0.9470139239005375
2024-12-20,2024-12-23,open,2024-12-24,2024-12-24,0,1,EXECUTED_ON_TIME,open,58,33,25,-0.009150002628987488,0.0017293132210616236,-0.010879315850049111,0.0,0.0,0.0,0.0,0.0,-0.009150002628987488,-0.016434407259560312,0.0,1.0,0.5,2.2442255419799846,0.9486516075996682
2024-12-23,2024-12-24,open,2024-12-25,2024-12-25,0,1,EXECUTED_ON_TIME,open,58,33,25,0.013075750504370655,0.013472625517733094,-0.0003968750133624393,1.8181818181818165e-05,1.8181818181818165e-05,3.0303030303030275e-05,2.4242424242424224e-05,9.090909090909082e-05,0.012984841413461564,-0.001375240653319761,0.06060606060606055,1.0,0.5303030303030303,2.273366454738634,0.9614324354556539
2024-12-24,2024-12-25,open,2024-12-26,2024-12-26,0,1,EXECUTED_ON_TIME,open,58,34,24,-0.006195165201781601,-0.0015606992654884078,-0.004634465936293193,8.823529411764707e-06,8.823529411764707e-06,1.470588235294118e-05,1.1764705882352944e-05,4.411764705882354e-05,-0.006239282848840425,-0.007374670191750593,0.02941176470588236,1.0,0.5147058823529411,2.259182278408454,0.9599319285598216
2024-12-25,2024-12-26,open,2024-12-27,2024-12-27,0,1,EXECUTED_ON_TIME,open,58,36,22,0.025168942036934164,0.0013278141271184651,0.0238411279098157,1.6666666666666674e-05,1.6666666666666674e-05,2.777777777777779e-05,2.2222222222222233e-05,8.333333333333337e-05,0.02508560870360083,0.028444365095400582,0.05555555555555558,1.0,0.5277777777777778,2.315855241034718,0.9612065397356354
2024-12-26,2024-12-27,open,2024-12-30,2024-12-30,0,1,EXECUTED_ON_TIME,open,58,32,26,-0.008434215222584883,-0.00258814919116257,-0.005846066031422313,0.0,0.0,0.0,0.0,0.0,-0.008434215222584883,-0.008780731065991513,0.0,1.0,0.5,2.29632281950748,0.9587187938072784
2024-12-27,2024-12-30,open,2024-12-31,2024-12-31,0,1,EXECUTED_ON_TIME,open,58,34,24,0.0003544820538456427,0.004820831342570608,-0.0044663492887249655,1.7647058823529414e-05,1.7647058823529414e-05,2.941176470588236e-05,2.3529411764705887e-05,8.823529411764708e-05,0.0002662467597279956,-0.006579814451090367,0.05882352941176472,1.0,0.5294117647058824,2.2969342080174635,0.9633406154171761
2024-12-30,2024-12-31,open,2025-01-02,2025-01-03,0,1,EXECUTED_ON_TIME,open,59,35,24,-0.03597723870193067,-0.04270107818795954,0.006723839486028872,1.714285714285715e-05,1.714285714285715e-05,2.857142857142858e-05,2.2857142857142865e-05,8.571428571428574e-05,-0.036062952987644954,-0.023794146253611412,0.05714285714285716,1.0,0.5285714285714286,2.2140999776580164,0.9222049324766102
2024-12-31,2025-01-02,open,2025-01-03,2025-01-03,0,1,EXECUTED_ON_TIME,open,59,35,24,-0.02781723966510472,-0.027105286717384547,-0.0007119529477201715,8.571428571428574e-06,8.571428571428574e-06,1.428571428571429e-05,1.1428571428571432e-05,4.285714285714287e-05,-0.02786009680796186,0.0007318391662756753,0.02857142857142858,1.0,0.5142857142857142,2.152414937937958,0.8972083033696454
2025-01-02,2025-01-03,open,2025-01-06,2025-01-06,0,1,EXECUTED_ON_TIME,open,59,34,25,-0.030079750151321707,-0.0128757833162495,-0.017203966835072207,8.823529411764707e-06,8.823529411764707e-06,1.470588235294118e-05,1.1764705882352944e-05,4.411764705882354e-05,-0.03012386779838053,-0.020245494727545763,0.02941176470588236,1.0,0.5147058823529411,2.0875758749002555,0.885656043665918
2025-01-03,2025-01-06,open,2025-01-07,2025-01-07,0,1,EXECUTED_ON_TIME,open,59,36,23,-0.0009499526794100907,-0.004005307217444853,0.0030553545380347627,2.5000000000000008e-05,2.5000000000000008e-05,4.1666666666666686e-05,3.333333333333335e-05,0.00012500000000000006,-0.0010749526794100908,0.0033560131130549145,0.08333333333333337,1.0,0.5416666666666667,2.08533182962006,0.8821087191220492
2025-01-06,2025-01-07,open,2025-01-08,2025-01-08,0,1,EXECUTED_ON_TIME,open,59,36,23,0.015222500806384882,0.005422953117712792,0.00979954768867209,8.333333333333337e-06,8.333333333333337e-06,1.3888888888888895e-05,1.1111111111111117e-05,4.1666666666666686e-05,0.015180834139718215,0.009537447958536178,0.02777777777777779,1.0,0.5138888888888888,2.116988906251797,0.8868923533505738
2025-01-07,2025-01-08,open,2025-01-09,2025-01-09,0,1,EXECUTED_ON_TIME,open,59,37,22,0.0049398445151227184,-0.00013937149538212346,0.005079216010504842,2.4324324324324307e-05,2.4324324324324307e-05,4.054054054054052e-05,3.2432432432432416e-05,0.00012162162162162156,0.0048182228935010965,0.005111304526556938,0.08108108108108103,1.0,0.5405405405405406,2.1271890306651873,0.8867687458370443
2025-01-08,2025-01-09,open,2025-01-10,2025-01-10,0,1,EXECUTED_ON_TIME,open,59,37,22,0.003232166416995791,-0.0004869424825972857,0.0037191088995930767,0.0,0.0,0.0,0.0,0.0,0.003232166416995791,0.007487181209279727,0.0,1.0,0.5,2.134064459612705,0.8863369404624568
2025-01-09,2025-01-10,open,2025-01-13,2025-01-13,0,1,EXECUTED_ON_TIME,open,59,34,25,-0.030907733350512726,-0.01970127230382024,-0.011206461046692488,8.823529411764707e-06,8.823529411764707e-06,1.470588235294118e-05,1.1764705882352944e-05,4.411764705882354e-05,-0.03095185099757155,-0.012790885336157982,0.02941176470588236,1.0,0.5147058823529411,2.0680112144395597,0.8688749750454711
2025-01-10,2025-01-13,open,2025-01-14,2025-01-14,0,1,EXECUTED_ON_TIME,open,58,35,23,0.017191499901622578,0.006508938993273983,0.010682560908348595,1.714285714285715e-05,1.714285714285715e-05,2.857142857142858e-05,2.2857142857142865e-05,8.571428571428574e-05,0.01710578561590829,0.014343648806314158,0.05714285714285716,1.0,0.5285714285714286,2.1033861709250568,0.8745304292508245
2025-01-13,2025-01-14,open,2025-01-15,2025-01-15,0,1,EXECUTED_ON_TIME,open,58,33,25,0.028850069720588088,0.021852695788932675,0.006997373931655414,0.0,0.0,0.0,0.0,0.0,0.028850069720588088,0.011009743122283863,0.0,1.0,0.5,2.164069008605565,0.8936412766794074
2025-01-14,2025-01-15,open,2025-01-16,2025-01-16,0,1,EXECUTED_ON_TIME,open,58,35,23,-0.005640416315984021,0.0005666614611152809,-0.006207077777099302,1.714285714285715e-05,1.714285714285715e-05,2.857142857142858e-05,2.2857142857142865e-05,8.571428571428574e-05,-0.005726130601698306,-0.007512769482360486,0.05714285714285716,1.0,0.5285714285714286,2.151677266831202,0.8941476687509635
2025-01-15,2025-01-16,open,2025-01-17,2025-01-17,0,1,EXECUTED_ON_TIME,open,58,32,26,-0.0051439825098772325,-0.006248632677140709,0.001104650167263476,0.0,0.0,0.0,0.0,0.0,-0.0051439825098772325,0.0023526368050974045,0.0,1.0,0.5,2.1406090766037216,0.8885604684098171
2025-01-16,2025-01-17,open,2025-01-20,2025-01-20,0,1,EXECUTED_ON_TIME,open,58,35,23,0.01785144424584234,0.012388167690984941,0.005463276554857399,3.42857142857143e-05,3.42857142857143e-05,5.714285714285716e-05,4.571428571428573e-05,0.00017142857142857148,0.017680015674413768,0.00811132863443213,0.11428571428571432,1.0,0.5571428571428572,2.1784550786308676,0.899568104496058
2025-01-17,2025-01-20,open,2025-01-21,2025-01-21,0,1,EXECUTED_ON_TIME,open,59,33,26,0.005594979559678628,0.0039245911145504575,0.0016703884451281705,0.0,0.0,0.0,0.0,0.0,0.005594979559678628,0.004726299047622364,0.0,1.0,0.5,2.1906434902674854,0.9030985414858962
2025-01-20,2025-01-21,open,2025-01-22,2025-01-22,0,1,EXECUTED_ON_TIME,open,59,33,26,-0.009205199655519459,-0.006859365731376577,-0.0023458339241428823,0.0,0.0,0.0,0.0,0.0,-0.009205199655519459,-0.0031424299844921002,0.0,1.0,0.5,2.1704781795655093,0.8969038582983717
2025-01-21,2025-01-22,open,2025-01-23,2025-01-23,0,1,EXECUTED_ON_TIME,open,59,33,26,0.01702826064421099,0.0013339627008233101,0.01569429794338768,9.090909090909083e-06,9.090909090909083e-06,1.5151515151515138e-05,1.2121212121212112e-05,4.545454545454541e-05,0.016982806098756444,0.017325583343026155,0.030303030303030276,1.0,0.5151515151515151,2.207338989630652,0.8981002945915663
2025-01-22,2025-01-23,open,2025-01-24,2025-01-24,0,1,EXECUTED_ON_TIME,open,59,31,28,-0.0158590820583342,-0.009191845697335554,-0.006667236360998644,0.0,0.0,0.0,0.0,0.0,-0.0158590820583342,-0.012294681950439437,0.0,1.0,0.5,2.172332619463539,0.889845095262949
2025-01-23,2025-01-24,open,2025-01-27,2025-01-27,0,1,EXECUTED_ON_TIME,open,59,33,26,0.010294589636892488,0.011362599997364109,-0.0010680103604716207,1.8181818181818165e-05,1.8181818181818165e-05,3.0303030303030275e-05,2.4242424242424224e-05,9.090909090909082e-05,0.010203680545983397,0.0030411652004167476,0.06060606060606055,1.0,0.5303030303030303,2.1944984075521643,0.8999560491400382
2025-01-24,2025-01-27,open,2025-02-05,2025-02-05,0,1,EXECUTED_ON_TIME,open,59,33,26,-0.007223453833022119,0.0020177442651183597,-0.009241198098140477,9.090909090909083e-06,9.090909090909083e-06,1.5151515151515138e-05,1.2121212121212112e-05,4.545454545454541e-05,-0.007268908378476664,-0.01111168517817904,0.030303030303030276,1.0,0.5151515151515151,2.1785467996909547,0.9017719302970492
2025-01-27,2025-02-05,open,2025-02-06,2025-02-06,0,1,EXECUTED_ON_TIME,open,59,30,29,-0.009130469136238701,-0.014329076390875772,0.005198607254637071,0.0,0.0,0.0,0.0,0.0,-0.009130469136238701,0.008066967719613622,0.0,1.0,0.5,2.158655645374525,0.8888503714206752
2025-02-05,2025-02-06,open,2025-02-07,2025-02-07,0,1,EXECUTED_ON_TIME,open,59,34,25,0.03865484976454778,0.014367709175273635,0.024287140589274142,4.411764705882353e-05,4.411764705882353e-05,7.35294117647059e-05,5.882352941176472e-05,0.0002205882352941177,0.03843426152925366,0.02819212422630217,0.1470588235294118,1.0,0.5735294117647058,2.241621981000449,0.9016211150575815
2025-02-06,2025-02-07,open,2025-02-10,2025-02-10,0,1,EXECUTED_ON_TIME,open,58,32,26,0.0177021186926541,0.014059364884547731,0.0036427538081063686,9.375e-06,9.375e-06,1.5625e-05,1.25e-05,4.6875e-05,0.017655243692654102,0.006091564401630126,0.03125,1.0,0.515625,2.281198363341822,0.9142973353017888
2025-02-07,2025-02-10,open,2025-02-11,2025-02-11,0,1,EXECUTED_ON_TIME,open,58,33,25,0.011137369172916677,0.001810368225356962,0.009327000947559715,1.8181818181818165e-05,1.8181818181818165e-05,3.0303030303030275e-05,2.4242424242424224e-05,9.090909090909082e-05,0.011046460082007586,0.008647816430687339,0.06060606060606055,1.0,0.5303030303030303,2.306397530001618,0.9159525501461477
2025-02-10,2025-02-11,open,2025-02-12,2025-02-12,0,1,EXECUTED_ON_TIME,open,59,34,25,0.002996462679563223,-0.007477032305214681,0.010473494984777905,8.823529411764707e-06,8.823529411764707e-06,1.470588235294118e-05,1.1764705882352944e-05,4.411764705882354e-05,0.0029523450325043997,0.007647516347060707,0.02941176470588236,1.0,0.5147058823529411,2.3132068112922988,0.9091039433386612
2025-02-11,2025-02-12,open,2025-02-13,2025-02-13,0,1,EXECUTED_ON_TIME,open,59,33,26,0.012144801692281227,0.009789574711813298,0.0023552269804679293,9.090909090909083e-06,9.090909090909083e-06,1.5151515151515138e-05,1.2121212121212112e-05,4.545454545454541e-05,0.012099347146826683,0.005196819669678074,0.030303030303030276,1.0,0.5151515151515151,2.3411951035245284,0.9180036843127791
2025-02-12,2025-02-13,open,2025-02-14,2025-02-14,0,1,EXECUTED_ON_TIME,open,59,31,28,-0.01439373969842653,-0.003341165240639432,-0.011052574457787097,9.6774193548387e-06,9.6774193548387e-06,1.6129032258064503e-05,1.2903225806451603e-05,4.838709677419351e-05,-0.014442126795200723,-0.012772480613157021,0.032258064516129004,1.0,0.5161290322580645,2.307383266987124,0.9149364823119743
2025-02-13,2025-02-14,open,2025-02-17,2025-02-17,0,1,EXECUTED_ON_TIME,open,59,34,25,0.012158944054793471,0.01373759974487454,-0.0015786556900810687,2.6470588235294122e-05,2.6470588235294122e-05,4.411764705882354e-05,3.5294117647058834e-05,0.0001323529411764706,0.012026591113617001,-0.00020521893899177156,0.08823529411764708,1.0,0.5441176470588236,2.33513322208158,0.9275055134979597
2025-02-14,2025-02-17,open,2025-02-18,2025-02-18,0,1,EXECUTED_ON_TIME,open,59,32,27,-0.0011142391727866421,-0.0029938688782031875,0.0018796297054165453,9.375e-06,9.375e-06,1.5625e-05,1.25e-05,4.6875e-05,-0.0011611141727866422,0.0017544947327434429,0.03125,1.0,0.515625,2.3324218658020763,0.9247286836067363
2025-02-17,2025-02-18,open,2025-02-19,2025-02-19,0,1,EXECUTED_ON_TIME,open,59,33,26,-0.021925507381713946,-0.009221382162322378,-0.012704125219391568,1.8181818181818165e-05,1.8181818181818165e-05,3.0303030303030275e-05,2.4242424242424224e-05,9.090909090909082e-05,-0.022016416472623035,-0.016911692067758423,0.06060606060606055,1.0,0.5303030303030303,2.281070294614725,0.9162014070187373
2025-02-18,2025-02-19,open,2025-02-20,2025-02-20,0,1,EXECUTED_ON_TIME,open,59,31,28,0.017831260874698808,0.007278135896083837,0.01055312497861497,9.6774193548387e-06,9.6774193548387e-06,1.6129032258064503e-05,1.2903225806451603e-05,4.838709677419351e-05,0.017782873777924615,0.014655520621622922,0.032258064516129004,1.0,0.5161290322580645,2.3216342797424323,0.922869645367203
2025-02-19,2025-02-20,open,2025-02-21,2025-02-21,0,1,EXECUTED_ON_TIME,open,59,34,25,0.0040038737080540995,0.0008646258244062732,0.0031392478836478263,2.6470588235294122e-05,2.6470588235294122e-05,4.411764705882354e-05,3.5294117647058834e-05,0.0001323529411764706,0.003871520766877629,0.0044405015533663965,0.08823529411764708,1.0,0.5441176470588236,2.33062253506955,0.9236675822951481
2025-02-20,2025-02-21,open,2025-02-24,2025-02-24,0,1,EXECUTED_ON_TIME,open,59,32,27,0.021864448794810226,0.008743155245283685,0.013121293549526541,0.0,0.0,0.0,0.0,0.0,0.021864448794810226,0.016035056142241454,0.0,1.0,0.5,2.381580312147609,0.9317433513621904
2025-02-21,2025-02-24,open,2025-02-25,2025-02-25,0,1,EXECUTED_ON_TIME,open,59,33,26,-0.008814616796205382,-0.009779022339428511,0.0009644055432231294,9.090909090909083e-06,9.090909090909083e-06,1.5151515151515138e-05,1.2121212121212112e-05,4.545454545454541e-05,-0.008860071341659927,0.00037351250465017007,0.030303030303030276,1.0,0.5151515151515151,2.360479340676089,0.9226318123146056
2025-02-24,2025-02-25,open,2025-02-26,2025-02-26,0,1,EXECUTED_ON_TIME,open,58,34,24,0.008132403006606689,-0.00045606660097674556,0.008588469607583435,2.6470588235294122e-05,2.6470588235294122e-05,4.411764705882354e-05,3.5294117647058834e-05,0.0001323529411764706,0.008000050065430218,0.010744192966099199,0.08823529411764708,1.0,0.5441176470588236,2.3793632935799116,0.9222110307600102
2025-02-25,2025-02-26,open,2025-02-27,2025-02-27,0,1,EXECUTED_ON_TIME,open,58,31,27,0.01722879820715676,0.007432139948654992,0.009796658258501768,9.6774193548387e-06,9.6774193548387e-06,1.6129032258064503e-05,1.2903225806451603e-05,4.838709677419351e-05,0.017180411110382567,0.013937174114846875,0.032258064516129004,1.0,0.5161290322580645,2.4202417331445685,0.929065032202812
2025-02-26,2025-02-27,open,2025-02-28,2025-02-28,0,1,EXECUTED_ON_TIME,open,58,34,24,-0.013627731592596693,-0.0027459793631205986,-0.010881752229476094,2.6470588235294122e-05,2.6470588235294122e-05,4.411764705882354e-05,3.5294117647058834e-05,0.0001323529411764706,-0.013760084533773163,-0.012777171838502592,0.08823529411764708,1.0,0.5441176470588236,2.3869390023043335,0.9265138387973861
2025-02-27,2025-02-28,open,2025-03-03,2025-03-03,0,1,EXECUTED_ON_TIME,open,58,34,24,-0.01717248244934342,-0.01278192652651633,-0.00439055592282709,8.823529411764707e-06,8.823529411764707e-06,1.470588235294118e-05,1.1764705882352944e-05,4.411764705882354e-05,-0.017216600096402242,-0.0056888153702766165,0.02941176470588236,1.0,0.5147058823529411,2.3458440280471544,0.9146712069840773
2025-02-28,2025-03-03,open,2025-03-04,2025-03-04,0,1,EXECUTED_ON_TIME,open,58,32,26,-0.016542133791256672,-0.008642212110892666,-0.007899921680364005,9.375e-06,9.375e-06,1.5625e-05,1.25e-05,4.6875e-05,-0.01658900879125667,-0.0053664455975702095,0.03125,1.0,0.515625,2.306928800842963,0.9067664244015947
2025-03-03,2025-03-04,open,2025-03-05,2025-03-05,0,1,EXECUTED_ON_TIME,open,58,35,23,0.02546559616131539,0.005640205339170201,0.01982539082214519,2.571428571428572e-05,2.571428571428572e-05,4.285714285714287e-05,3.42857142857143e-05,0.0001285714285714286,0.025337024732743962,0.023504817145628625,0.08571428571428574,1.0,0.5428571428571429,2.3653795129266006,0.9118807732298848
2025-03-04,2025-03-05,open,2025-03-06,2025-03-06,0,1,EXECUTED_ON_TIME,open,58,35,23,0.01047482789464731,0.00915273654836568,0.0013220913462816293,0.0,0.0,0.0,0.0,0.0,0.01047482789464731,-0.0029558460973793613,0.0,1.0,0.5,2.3901564562300317,0.9202269777107779
2025-03-05,2025-03-06,open,2025-03-07,2025-03-07,0,1,EXECUTED_ON_TIME,open,58,30,28,0.010547716268907022,0.005488120838572197,0.005059595430334825,9.999999999999997e-06,9.999999999999997e-06,1.6666666666666664e-05,1.3333333333333332e-05,4.9999999999999996e-05,0.010497716268907022,0.004055944395474936,0.033333333333333326,1.0,0.5166666666666666,2.415247640545831,0.9252772945633687
2025-03-06,2025-03-07,open,2025-03-10,2025-03-10,0,1,EXECUTED_ON_TIME,open,58,31,27,-0.005507907764475381,0.0001685714394352722,-0.005676479203910653,1.9354838709677434e-05,1.9354838709677434e-05,3.225806451612906e-05,2.580645161290325e-05,9.677419354838719e-05,-0.005604681958023768,-0.0049202756688422325,0.06451612903225812,1.0,0.532258064516129,2.4017109456707044,0.92543326988879
2025-03-07,2025-03-10,open,2025-03-11,2025-03-11,0,1,EXECUTED_ON_TIME,open,58,33,25,-0.008091567270458821,-0.013977412699780478,0.005885845429321657,1.8181818181818165e-05,1.8181818181818165e-05,3.0303030303030275e-05,2.4242424242424224e-05,9.090909090909082e-05,-0.008182476361367912,0.006409407897676413,0.06060606060606055,1.0,0.5303030303030303,2.3820590026309154,0.9124981071494471
2025-03-10,2025-03-11,open,2025-03-12,2025-03-12,0,1,EXECUTED_ON_TIME,open,59,35,24,0.01764564849905966,0.014505076686876173,0.003140571812183489,1.714285714285715e-05,1.714285714285715e-05,2.857142857142858e-05,2.2857142857142865e-05,8.571428571428574e-05,0.017559934213345375,0.005797366322062337,0.05714285714285716,1.0,0.5285714285714286,2.4238878020094217,0.9257339621702793
2025-03-11,2025-03-12,open,2025-03-13,2025-03-13,0,1,EXECUTED_ON_TIME,open,59,30,29,-0.006226166152735557,-0.0053505797770482255,-0.0008755863756873313,0.0,0.0,0.0,0.0,0.0,-0.006226166152735557,-0.00030606974920328964,0.0,1.0,0.5,2.4087962738185222,0.9207807487533642
2025-03-12,2025-03-13,open,2025-03-14,2025-03-14,0,1,EXECUTED_ON_TIME,open,59,33,26,-0.010338020679833184,-0.0015609779955086944,-0.00877704268432449,2.727272727272728e-05,2.727272727272728e-05,4.545454545454547e-05,3.636363636363638e-05,0.00013636363636363642,-0.01047438431619682,-0.011880076303427859,0.09090909090909094,1.0,0.5454545454545454,2.383565615907124,0.9193434302658722
2025-03-13,2025-03-14,open,2025-03-17,2025-03-28,0,1,UNEXECUTED_TIMEOUT,open,59,32,27,0.029243850929890063,0.002847217686630543,0.02639663324325952,9.375e-06,9.375e-06,1.5625e-05,1.25e-05,4.6875e-05,0.029196975929890064,0.0033454126668070287,0.03125,1.0,0.515625,2.4531585238220774,0.9219610011406127
2025-03-14,2025-03-17,open,2025-03-18,2025-03-18,0,1,EXECUTED_ON_TIME,open,59,31,28,0.00500960579354501,-0.002203877989573777,0.007213483783118787,1.9354838709677434e-05,1.9354838709677434e-05,3.225806451612906e-05,2.580645161290325e-05,9.677419354838719e-05,0.004912831599996623,0.007625826301370518,0.06451612903225812,1.0,0.532258064516129,2.4652104785377116,0.9199291115829535
2025-03-17,2025-03-18,open,2025-03-19,2025-03-19,0,1,EXECUTED_ON_TIME,open,58,30,28,0.00014120143190897346,-0.0017333955833559456,0.001874597015264919,1.9999999999999995e-05,1.9999999999999995e-05,3.333333333333333e-05,2.6666666666666663e-05,9.999999999999999e-05,4.120143190897347e-05,0.004109824512353132,0.06666666666666665,1.0,0.5333333333333333,2.465312048739384,0.9183345105239351
2025-03-18,2025-03-19,open,2025-03-20,2025-03-20,0,1,EXECUTED_ON_TIME,open,58,31,27,-0.00858248965094078,0.0015566223243212995,-0.010139111975262079,2.9032258064516133e-05,2.9032258064516133e-05,4.838709677419356e-05,3.870967741935485e-05,0.0001451612903225807,-0.00872765094126336,-0.010220222129790018,0.09677419354838712,1.0,0.5483870967741935,2.4437956657166957,0.9197640105242113
2025-03-19,2025-03-20,open,2025-03-21,2025-03-21,0,1,EXECUTED_ON_TIME,open,58,30,28,-0.011244489060698833,-0.011105296631139128,-0.0001391924295597053,1.9999999999999995e-05,1.9999999999999995e-05,3.333333333333333e-05,2.6666666666666663e-05,9.999999999999999e-05,-0.011344489060698832,-0.00025309115787830114,0.06666666666666665,1.0,0.5333333333333333,2.4160720525203896,0.9095497583566937
2025-03-20,2025-03-21,open,2025-03-24,2025-03-24,0,1,EXECUTED_ON_TIME,open,58,31,27,-0.009059214739555984,-0.012706620295145687,0.003647405555589704,2.9032258064516133e-05,2.9032258064516133e-05,4.838709677419356e-05,3.870967741935485e-05,0.0001451612903225807,-0.009204376029878565,0.002764728723474351,0.09677419354838712,1.0,0.5483870967741935,2.3938336168337115,0.8979924549377137
2025-03-21,2025-03-24,open,2025-03-25,2025-03-25,0,1,EXECUTED_ON_TIME,open,58,29,29,-0.001447909620986563,0.005562657266872328,-0.007010566887858892,0.0,0.0,0.0,0.0,0.0,-0.001447909620986563,-0.008151104958686551,0.0,1.0,0.5,2.390367562108857,0.9029876791927696
2025-03-24,2025-03-25,open,2025-03-26,2025-03-26,0,1,EXECUTED_ON_TIME,open,58,31,27,-0.007103835938931587,-0.0019530724259491095,-0.005150763512982478,2.9032258064516133e-05,2.9032258064516133e-05,4.838709677419356e-05,3.870967741935485e-05,0.0001451612903225807,-0.007248997229254168,-0.006785367609593011,0.09677419354838712,1.0,0.5483870967741935,2.3730397942742307,0.9012240788555664
2025-03-25,2025-03-26,open,2025-03-27,2025-03-27,0,1,EXECUTED_ON_TIME,open,58,31,27,-0.004657639293341258,-0.004789315168386765,0.0001316758750455069,9.6774193548387e-06,9.6774193548387e-06,1.6129032258064503e-05,1.2903225806451603e-05,4.838709677419351e-05,-0.0047060263901154515,-0.00023503913164051125,0.032258064516129004,1.0,0.5161290322580645,2.361872206377582,0.8969078327045881
2025-03-26,2025-03-27,open,2025-03-28,2025-03-28,0,1,EXECUTED_ON_TIME,open,58,33,25,0.0018554402218871528,0.004957835896449936,-0.003102395674562783,1.8181818181818165e-05,1.8181818181818165e-05,3.0303030303030275e-05,2.4242424242424224e-05,9.090909090909082e-05,0.001764531130978062,-0.00496879727737757,0.06060606060606055,1.0,0.5303030303030303,2.366039803413127,0.901354554553378
2025-03-27,2025-03-28,open,2025-03-31,2025-03-31,0,1,EXECUTED_ON_TIME,open,58,34,24,-0.009148497439185424,-0.006307660370369561,-0.0028408370688158633,8.823529411764707e-06,8.823529411764707e-06,1.470588235294118e-05,1.1764705882352944e-05,4.411764705882354e-05,-0.009192615086244247,-0.0024068463872071308,0.02941176470588236,1.0,0.5147058823529411,2.344289710221617,0.8956691161499696
2025-03-28,2025-03-31,open,2025-04-01,2025-04-01,0,1,EXECUTED_ON_TIME,open,58,34,24,-0.002833933903724792,-0.003380199908755377,0.000546266005030585,0.0,0.0,0.0,0.0,0.0,-0.002833933903724792,-0.0009429437042374246,0.0,1.0,0.5,2.337646148131667,0.8926415754852844
2025-03-31,2025-04-01,open,2025-04-02,2025-04-02,0,1,EXECUTED_ON_TIME,open,59,33,26,0.003113293225667446,-0.0021478229306107766,0.005261116156278223,1.8181818181818165e-05,1.8181818181818165e-05,3.0303030303030275e-05,2.4242424242424224e-05,9.090909090909082e-05,0.0030223841347583554,0.0060632063803515044,0.06060606060606055,1.0,0.5303030303030303,2.3447114127624586,0.8907243394406407
2025-04-01,2025-04-02,open,2025-04-03,2025-04-03,0,1,EXECUTED_ON_TIME,open,59,33,26,-0.010750143078638226,-0.010554991764532007,-0.0001951513141062195,9.090909090909083e-06,9.090909090909083e-06,1.5151515151515138e-05,1.2121212121212112e-05,4.545454545454541e-05,-0.010795597624092771,5.6378737728068895e-05,0.030303030303030276,1.0,0.5151515151515151,2.319398851805657,0.8813227513733765
2025-04-02,2025-04-03,open,2025-04-07,2025-04-08,0,1,EXECUTED_ON_TIME,open,59,35,24,-0.06151940039511234,-0.06385774328995708,0.00233834289484474,1.714285714285715e-05,1.714285714285715e-05,2.857142857142858e-05,2.2857142857142865e-05,8.571428571428574e-05,-0.06160511468082663,-0.028850593028941107,0.05714285714285716,1.0,0.5285714285714286,2.176512019549592,0.8250434693605767
2025-04-03,2025-04-07,open,2025-04-08,2025-04-08,0,1,EXECUTED_ON_TIME,open,59,40,19,-0.038698496674186234,-0.021010001627121522,-0.017688495047064712,3.75e-05,3.75e-05,6.25e-05,5e-05,0.0001875,-0.038885996674186234,-0.01766801806227342,0.125,1.0,0.5625,2.09187618039606,0.807709304726865
2025-04-07,2025-04-08,open,2025-04-09,2025-04-09,0,1,EXECUTED_ON_TIME,open,59,33,26,-0.009902372568637345,0.0022562622533828236,-0.012158634822020169,9.090909090909083e-06,9.090909090909083e-06,1.5151515151515138e-05,1.2121212121212112e-05,4.545454545454541e-05,-0.00994782711409189,-0.020843989167643323,0.030303030303030276,1.0,0.5151515151515151,2.071066557809393,0.8095317087428263
2025-04-08,2025-04-09,open,2025-04-10,2025-04-10,0,1,EXECUTED_ON_TIME,open,59,36,23,0.0729049826919821,0.039661085759035375,0.03324389693294673,3.333333333333335e-05,3.333333333333335e-05,5.555555555555558e-05,4.444444444444447e-05,0.00016666666666666674,0.07273831602531544,0.04029247565879668,0.11111111111111116,1.0,0.5555555555555556,2.2217124516007947,0.841638615267934
2025-04-09,2025-04-10,open,2025-04-11,2025-04-11,0,1,EXECUTED_ON_TIME,open,59,27,32,-0.008605565194069882,-0.005017436063765257,-0.0035881291303046254,0.0,0.0,0.0,0.0,0.0,-0.008605565194069882,-0.0019869990273371323,0.0,1.0,0.5,2.2025933602560674,0.8374157473270313
2025-04-10,2025-04-11,open,2025-04-14,2025-04-14,0,1,EXECUTED_ON_TIME,open,59,36,23,0.028243653773999042,0.011185650541576386,0.017058003232422656,8.333333333333333e-05,8.333333333333333e-05,0.0001388888888888889,0.00011111111111111112,0.00041666666666666664,0.027826987107332377,0.022876025177228806,0.2777777777777778,1.0,0.6388888888888888,2.2638848972946093,0.8467827872346445
2025-04-11,2025-04-14,open,2025-04-15,2025-04-15,0,1,EXECUTED_ON_TIME,open,59,30,29,-0.006603709921006536,-0.004125617934693793,-0.0024780919863127433,0.0,0.0,0.0,0.0,0.0,-0.006603709921006536,-0.006040950760387125,0.0,1.0,0.5,2.248934858138328,0.8432892849808392
2025-04-14,2025-04-15,open,2025-04-16,2025-04-16,0,1,EXECUTED_ON_TIME,open,59,34,25,-0.00552129827490494,0.0003718908051928427,-0.005893189080097783,3.529411764705883e-05,3.529411764705883e-05,5.882352941176472e-05,4.7058823529411774e-05,0.00017647058823529416,-0.005697768863140234,-0.010918152894868804,0.11764705882352944,1.0,0.5588235294117647,2.236120947128397,0.8436028965120412
2025-04-15,2025-04-16,open,2025-04-17,2025-04-17,0,1,EXECUTED_ON_TIME,open,59,34,25,-0.008812394114143167,-0.0007424406765951241,-0.008069953437548042,0.0,0.0,0.0,0.0,0.0,-0.008812394114143167,-0.01191606751733685,0.0,1.0,0.5,2.2164153680554106,0.8429765714067772
2025-04-16,2025-04-17,open,2025-04-18,2025-04-18,0,1,EXECUTED_ON_TIME,open,59,35,24,-0.002310800874309171,0.001320076291195571,-0.003630877165504742,1.714285714285715e-05,1.714285714285715e-05,2.857142857142858e-05,2.2857142857142865e-05,8.571428571428574e-05,-0.002396515160023457,-0.004060318460329951,0.05714285714285716,1.0,0.5285714285714286,2.2111036950249567,0.8440893647927246
2025-04-17,2025-04-18,open,2025-04-21,2025-04-21,0,1,EXECUTED_ON_TIME,open,59,36,23,0.0007733276707609248,0.0021539647285948593,-0.0013806370578339346,1.6666666666666674e-05,1.6666666666666674e-05,2.777777777777779e-05,2.2222222222222233e-05,8.333333333333337e-05,0.0006899943374275914,-0.0007306479962619662,0.05555555555555558,1.0,0.5277777777777778,2.2126293440539895,0.8459075035122702
2025-04-18,2025-04-21,open,2025-04-22,2025-04-22,0,1,EXECUTED_ON_TIME,open,59,34,25,0.011588753293529567,0.0031766318785226844,0.008412121415006883,8.823529411764707e-06,8.823529411764707e-06,1.470588235294118e-05,1.1764705882352944e-05,4.411764705882354e-05,0.011544635646470744,0.013182253586374766,0.02941176470588236,1.0,0.5147058823529411,2.2381733436517823,0.8485946402542088
2025-04-21,2025-04-22,open,2025-04-23,2025-04-23,0,1,EXECUTED_ON_TIME,open,59,36,23,0.00990379445272474,0.0061686002954408625,0.0037351941572838776,1.6666666666666674e-05,1.6666666666666674e-05,2.777777777777779e-05,2.2222222222222233e-05,8.333333333333337e-05,0.009820461119391407,0.0006831572189061746,0.05555555555555558,1.0,0.5277777777777778,2.260153237951573,0.8538292814027905
2025-04-22,2025-04-23,open,2025-04-24,2025-04-24,0,1,EXECUTED_ON_TIME,open,59,33,26,-0.0010985616053876622,-0.004199104492523809,0.003100542887136146,9.090909090909083e-06,9.090909090909083e-06,1.5151515151515138e-05,1.2121212121212112e-05,4.545454545454541e-05,-0.0011440161508422075,0.004135965627844307,0.030303030303030276,1.0,0.5151515151515151,2.257567586143978,0.8502439630314036
2025-04-23,2025-04-24,open,2025-04-25,2025-04-25,0,1,EXECUTED_ON_TIME,open,59,33,26,-0.007868175965296499,0.001221135331102019,-0.009089311296398518,1.8181818181818165e-05,1.8181818181818165e-05,3.0303030303030275e-05,2.4242424242424224e-05,9.090909090909082e-05,-0.00795908505620559,-0.012142381303609659,0.06060606060606055,1.0,0.5303030303030303,2.2395994137057254,0.8512822259747175
2025-04-24,2025-04-25,open,2025-04-28,2025-04-28,0,1,EXECUTED_ON_TIME,open,59,35,24,0.0037113117124659097,-0.0015023401380348522,0.0052136518505007615,1.714285714285715e-05,1.714285714285715e-05,2.857142857142858e-05,2.2857142857142865e-05,8.571428571428574e-05,0.003625597426751624,0.007445682897689213,0.05714285714285716,1.0,0.5285714285714286,2.247719299577011,0.85000331051784
2025-04-25,2025-04-28,open,2025-04-29,2025-04-29,0,1,EXECUTED_ON_TIME,open,59,32,27,-0.009982763858344467,-0.002742456066957777,-0.00724030779138669,0.0,0.0,0.0,0.0,0.0,-0.009982763858344467,-0.009619226638519024,0.0,1.0,0.5,2.2252808485894904,0.8476722137819761
2025-04-28,2025-04-29,open,2025-04-30,2025-04-30,0,1,EXECUTED_ON_TIME,open,59,36,23,0.003511888858379485,-4.555081126789151e-05,0.0035574396696473765,3.333333333333335e-05,3.333333333333335e-05,5.555555555555558e-05,4.444444444444447e-05,0.00016666666666666674,0.0033452221917128185,0.004367726332211229,0.11111111111111116,1.0,0.5555555555555556,2.2327249074669853,0.847633601624949
2025-04-29,2025-04-30,open,2025-05-06,2025-05-06,0,1,EXECUTED_ON_TIME,open,59,36,23,0.015710122248294205,0.004911501600574741,0.010798620647719463,2.5000000000000008e-05,2.5000000000000008e-05,4.1666666666666686e-05,3.333333333333335e-05,0.00012500000000000006,0.015585122248294205,0.013678033000052922,0.08333333333333337,1.0,0.5416666666666667,2.2675221980966693,0.851796755416031
2025-04-30,2025-05-06,open,2025-05-07,2025-05-07,0,1,EXECUTED_ON_TIME,open,59,32,27,0.03329818104454608,0.01771068549874877,0.01558749554579731,9.375e-06,9.375e-06,1.5625e-05,1.25e-05,4.6875e-05,0.033251306044546076,0.017692092128086184,0.03125,1.0,0.515625,2.3429202726683833,0.8668826598600589
2025-05-06,2025-05-07,open,2025-05-08,2025-05-08,0,1,EXECUTED_ON_TIME,open,59,30,29,-0.013272061740881377,-0.010624933802951597,-0.00264712793792978,0.0,0.0,0.0,0.0,0.0,-0.013272061740881377,-0.0043205702066421384,0.0,1.0,0.5,2.311824890155566,0.8576720889841192
2025-05-07,2025-05-08,open,2025-05-09,2025-05-09,0,1,EXECUTED_ON_TIME,open,59,35,24,0.016105985342853724,0.007347375297994008,0.008758610044859717,4.285714285714287e-05,4.285714285714287e-05,7.142857142857145e-05,5.714285714285716e-05,0.00021428571428571433,0.01589169962856801,0.00960772663031607,0.1428571428571429,1.0,0.5714285714285714,2.3485637169037656,0.8639737277045
2025-05-08,2025-05-09,open,2025-05-12,2025-05-12,0,1,EXECUTED_ON_TIME,open,59,35,24,-0.005530410967455561,0.004654136977445544,-0.010184547944901106,0.0,0.0,0.0,0.0,0.0,-0.005530410967455561,-0.012123872459292348,0.0,1.0,0.5,2.335575194366033,0.867994779778151
2025-05-09,2025-05-12,open,2025-05-13,2025-05-13,0,1,EXECUTED_ON_TIME,open,59,31,28,0.020232013336681808,0.012688634851240055,0.007543378485441753,0.0,0.0,0.0,0.0,0.0,0.020232013336681808,0.011675733519319102,0.0,1.0,0.5,2.38282858284727,0.8790084485915385
2025-05-12,2025-05-13,open,2025-05-14,2025-05-14,0,1,EXECUTED_ON_TIME,open,59,32,27,-0.007367448111061291,-0.005300092553054636,-0.0020673555580066547,9.375e-06,9.375e-06,1.5625e-05,1.25e-05,4.6875e-05,-0.007414323111061291,-0.005244016889736303,0.03125,1.0,0.515625,2.365161521815768,0.8743496224590863
2025-05-13,2025-05-14,open,2025-05-15,2025-05-15,0,1,EXECUTED_ON_TIME,open,59,34,25,0.004308502290028954,0.010061519872836877,-0.0057530175828079235,1.7647058823529414e-05,1.7647058823529414e-05,2.941176470588236e-05,2.3529411764705887e-05,8.823529411764708e-05,0.004220266995911307,-0.009655761355860656,0.05882352941176472,1.0,0.5294117647058824,2.375143134926286,0.8831469085612659
2025-05-14,2025-05-15,open,2025-05-16,2025-05-16,0,1,EXECUTED_ON_TIME,open,59,34,25,-0.01887531999713464,-0.00898849957054182,-0.009886820426592821,8.823529411764707e-06,8.823529411764707e-06,1.470588235294118e-05,1.1764705882352944e-05,4.411764705882354e-05,-0.018919437644193463,-0.013427896190900384,0.02941176470588236,1.0,0.5147058823529411,2.330206762489014,0.8752087429529376
2025-05-15,2025-05-16,open,2025-05-19,2025-05-19,0,1,EXECUTED_ON_TIME,open,59,34,25,0.0013626106900731941,-0.004129104673239459,0.005491715363312653,8.823529411764707e-06,8.823529411764707e-06,1.470588235294118e-05,1.1764705882352944e-05,4.411764705882354e-05,0.0013184930430143705,0.007393252474246559,0.02941176470588236,1.0,0.5147058823529411,2.333279123894141,0.8715949144423506
2025-05-16,2025-05-19,open,2025-05-20,2025-05-20,0,1,EXECUTED_ON_TIME,open,59,36,23,-7.161584157366279e-05,0.00013753783578285272,-0.0002091536773565155,2.5000000000000008e-05,2.5000000000000008e-05,4.1666666666666686e-05,3.333333333333335e-05,0.00012500000000000006,-0.00019661584157366284,-0.001033583941106673,0.08333333333333337,1.0,0.5416666666666667,2.33282036425557,0.8717147917205623
2025-05-19,2025-05-20,open,2025-05-21,2025-05-21,0,1,EXECUTED_ON_TIME,open,59,34,25,0.005944640624204911,0.004206688364096545,0.0017379522601083663,8.823529411764707e-06,8.823529411764707e-06,1.470588235294118e-05,1.1764705882352944e-05,4.411764705882354e-05,0.005900522977146087,0.0018642066713412215,0.02941176470588236,1.0,0.5147058823529411,2.346585224416414,0.8753818241917041
2025-05-20,2025-05-21,open,2025-05-22,2025-05-22,0,1,EXECUTED_ON_TIME,open,59,34,25,0.0030494725419467563,0.003375871952797427,-0.00032639941085067055,8.823529411764707e-06,8.823529411764707e-06,1.470588235294118e-05,1.1764705882352944e-05,4.411764705882354e-05,0.003005354894887933,-0.0019708766641794496,0.02941176470588236,1.0,0.5147058823529411,2.3536375458068854,0.8783370011399815
2025-05-21,2025-05-22,open,2025-05-23,2025-05-23,0,1,EXECUTED_ON_TIME,open,59,34,25,-0.001936581309105577,-0.0005691865845763866,-0.0013673947245291904,0.0,0.0,0.0,0.0,0.0,-0.001936581309105577,-0.00438977090491981,0.0,1.0,0.5,2.3490795353272667,0.8778370635021956
2025-05-22,2025-05-23,open,2025-05-26,2025-05-26,0,1,EXECUTED_ON_TIME,open,59,34,25,-0.01246429565113452,-0.008844422553955122,-0.0036198730971793974,8.823529411764707e-06,8.823529411764707e-06,1.470588235294118e-05,1.1764705882352944e-05,4.411764705882354e-05,-0.012508413298193343,-0.0037747534230032284,0.02941176470588236,1.0,0.5147058823529411,2.3196962776290655,0.870073101579059
2025-05-23,2025-05-26,open,2025-05-27,2025-05-27,0,1,EXECUTED_ON_TIME,open,59,33,26,0.004969866858203974,-0.004686013609100037,0.00965588046730401,9.090909090909083e-06,9.090909090909083e-06,1.5151515151515138e-05,1.2121212121212112e-05,4.545454545454541e-05,0.004924412312749428,0.01000378257338478,0.030303030303030276,1.0,0.5151515151515151,2.331119418540461,0.8659959271841476
2025-05-26,2025-05-27,open,2025-05-28,2025-05-28,0,1,EXECUTED_ON_TIME,open,58,33,25,-0.003440687585232382,-0.0037722672513439415,0.0003315796661115594,0.0,0.0,0.0,0.0,0.0,-0.003440687585232382,0.00017602477075299603,0.0,1.0,0.5,2.3230987648973946,0.8627291591082337
2025-05-27,2025-05-28,open,2025-05-29,2025-05-29,0,1,EXECUTED_ON_TIME,open,58,34,24,0.0028253390481393537,-0.0013182152312926076,0.004143554279431961,8.823529411764707e-06,8.823529411764707e-06,1.470588235294118e-05,1.1764705882352944e-05,4.411764705882354e-05,0.0027812214010805303,0.0027326033978576627,0.02941176470588236,1.0,0.5147058823529411,2.329559816899151,0.8615918963902169
2025-05-28,2025-05-29,open,2025-05-30,2025-05-30,0,1,EXECUTED_ON_TIME,open,58,33,25,0.010571864403666396,0.003252728172341346,0.00731913623132505,1.8181818181818165e-05,1.8181818181818165e-05,3.0303030303030275e-05,2.4242424242424224e-05,9.090909090909082e-05,0.010480955312757305,0.010644391451846827,0.06060606060606055,1.0,0.5303030303030303,2.3539758292384665,0.8643944206246664
2025-05-29,2025-05-30,open,2025-06-03,2025-06-03,0,1,EXECUTED_ON_TIME,open,58,35,23,-0.00816101746410063,-0.0044241088089239655,-0.0037369086551766652,1.714285714285715e-05,1.714285714285715e-05,2.857142857142858e-05,2.2857142857142865e-05,8.571428571428574e-05,-0.008246731749814917,-0.004391770040642286,0.05714285714285716,1.0,0.5285714285714286,2.3345632220291885,0.8605702456539961
2025-05-30,2025-06-03,open,2025-06-04,2025-06-04,0,1,EXECUTED_ON_TIME,open,58,34,24,0.00886481723350497,0.005746769626796322,0.0031180476067086474,8.823529411764707e-06,8.823529411764707e-06,1.470588235294118e-05,1.1764705882352944e-05,4.411764705882354e-05,0.008820699586446146,0.003194892571068359,0.02941176470588236,1.0,0.5147058823529411,2.355155702876274,0.8655157446034452
2025-06-03,2025-06-04,open,2025-06-05,2025-06-05,0,1,EXECUTED_ON_TIME,open,58,35,23,0.010633261039899417,0.0044479453703396565,0.00618531566955976,2.571428571428572e-05,2.571428571428572e-05,4.285714285714287e-05,3.42857142857143e-05,0.0001285714285714286,0.010504689611327988,0.008734031968995484,0.08571428571428574,1.0,0.5428571428571429,2.379895882521338,0.8693655113526101
2025-06-04,2025-06-05,open,2025-06-06,2025-06-06,0,1,EXECUTED_ON_TIME,open,58,34,24,0.011982739825420256,0.001411441351203191,0.010571298474217065,8.823529411764707e-06,8.823529411764707e-06,1.470588235294118e-05,1.1764705882352944e-05,4.411764705882354e-05,0.011938622178361433,0.010376016280472774,0.02941176470588236,1.0,0.5147058823529411,2.408308560286599,0.8705925697846431
2025-06-05,2025-06-06,open,2025-06-09,2025-06-09,0,1,EXECUTED_ON_TIME,open,58,34,24,0.0057641488988806056,-7.864669917234668e-05,0.005842795598052952,0.0,0.0,0.0,0.0,0.0,0.0057641488988806056,0.0060125722032827724,0.0,1.0,0.5,2.4221904094225395,0.8705241005527056
2025-06-06,2025-06-09,open,2025-06-10,2025-06-10,0,1,EXECUTED_ON_TIME,open,58,34,24,0.008117411615068,0.0025150871706056677,0.005602324444462332,8.823529411764707e-06,8.823529411764707e-06,1.470588235294118e-05,1.1764705882352944e-05,4.411764705882354e-05,0.008073293968009177,0.00883259909739491,0.02941176470588236,1.0,0.5147058823529411,2.4417454646443004,0.8727135445497087
2025-06-09,2025-06-10,open,2025-06-11,2025-06-11,0,1,EXECUTED_ON_TIME,open,58,33,25,-0.011886615047398168,-0.004341807991715019,-0.00754480705568315,9.090909090909083e-06,9.090909090909083e-06,1.5151515151515138e-05,1.2121212121212112e-05,4.545454545454541e-05,-0.011932069592852713,-0.009832164733391484,0.030303030303030276,1.0,0.5151515151515151,2.412610387832132,0.8689243899075049
2025-06-10,2025-06-11,open,2025-06-12,2025-06-12,0,1,EXECUTED_ON_TIME,open,59,36,23,0.0078004462607915714,0.0038360264057506477,0.003964419855040924,2.5000000000000008e-05,2.5000000000000008e-05,4.1666666666666686e-05,3.333333333333335e-05,0.00012500000000000006,0.007675446260791571,0.002802534242635905,0.08333333333333337,1.0,0.5416666666666667,2.431128249212165,0.8722576068117909
2025-06-11,2025-06-12,open,2025-06-13,2025-06-13,0,1,EXECUTED_ON_TIME,open,59,32,27,0.0023356856552254925,-0.0010366694805328258,0.0033723551357583183,0.0,0.0,0.0,0.0,0.0,0.0023356856552254925,0.0031053907160962894,0.0,1.0,0.5,2.436806600589863,0.8713533639716465
2025-06-12,2025-06-13,open,2025-06-16,2025-06-16,0,1,EXECUTED_ON_TIME,open,59,32,27,-0.010714317986771124,-0.007181001532400422,-0.0035333164543707024,1.875e-05,1.875e-05,3.125e-05,2.5e-05,9.375e-05,-0.010808067986771124,-0.0049699515991883415,0.0625,1.0,0.53125,2.410469429180075,0.8650961741297039
2025-06-13,2025-06-16,open,2025-06-17,2025-06-17,0,1,EXECUTED_ON_TIME,open,59,32,27,0.013893086411543989,0.0055942219508466895,0.0082988644606973,2.8125e-05,2.8125e-05,4.6875e-05,3.7500000000000003e-05,0.00014062500000000002,0.013752461411543989,0.008135672772323941,0.09375,1.0,0.546875,2.4436193169885807,0.8699357141366137
2025-06-16,2025-06-17,open,2025-06-18,2025-06-18,0,1,EXECUTED_ON_TIME,open,59,33,26,0.002159630144960631,-0.0009101519749936671,0.003069782119954298,2.727272727272728e-05,2.727272727272728e-05,4.545454545454547e-05,3.636363636363638e-05,0.00013636363636363642,0.0020232665085969945,0.002532177164104512,0.09090909090909094,1.0,0.5454545454545454,2.4485634101124045,0.8691439404282748
2025-06-17,2025-06-18,open,2025-06-19,2025-06-19,0,1,EXECUTED_ON_TIME,open,59,32,27,0.0076239602438264095,-0.00041351878398099284,0.008037479027807402,9.375e-06,9.375e-06,1.5625e-05,1.25e-05,4.6875e-05,0.0075770852438264095,0.007960915995090759,0.03125,1.0,0.515625,2.4671163837957404,0.8687845330829245
2025-06-18,2025-06-19,open,2025-06-20,2025-06-20,0,1,EXECUTED_ON_TIME,open,59,33,26,-0.0133760547155199,-0.007820572814452809,-0.005555481901067092,1.8181818181818165e-05,1.8181818181818165e-05,3.0303030303030275e-05,2.4242424242424224e-05,9.090909090909082e-05,-0.013466963806428991,-0.008347303228761458,0.06060606060606055,1.0,0.5303030303030303,2.433891816748915,0.861990140381879
2025-06-19,2025-06-20,open,2025-06-23,2025-06-23,0,1,EXECUTED_ON_TIME,open,59,32,27,-0.00625939182764362,-0.0022430955082617388,-0.004016296319381881,0.0,0.0,0.0,0.0,0.0,-0.00625939182764362,-0.009113250653709843,0.0,1.0,0.5,2.4186571342017884,0.8600566141698226
2025-06-20,2025-06-23,open,2025-06-24,2025-06-24,0,1,EXECUTED_ON_TIME,open,59,32,27,0.017151205656039763,0.008148424632683948,0.009002781023355815,9.375e-06,9.375e-06,1.5625e-05,1.25e-05,4.6875e-05,0.017104330656039765,0.010586419046078047,0.03125,1.0,0.515625,2.460026645568765,0.8670647206702268
2025-06-23,2025-06-24,open,2025-06-25,2025-06-25,0,1,EXECUTED_ON_TIME,open,59,27,32,0.014006335229590296,0.011567972974232621,0.0024383622553576755,1.1111111111111127e-05,1.1111111111111127e-05,1.8518518518518545e-05,1.4814814814814837e-05,5.555555555555564e-05,0.013950779674034741,0.0037414055569006868,0.03703703703703709,1.0,0.5185185185185186,2.49434593529335,0.8770949019258505
2025-06-24,2025-06-25,open,2025-06-26,2025-06-26,0,1,EXECUTED_ON_TIME,open,59,27,32,0.015196078399712725,0.01179708159673698,0.0033989968029757445,1.1111111111111127e-05,1.1111111111111127e-05,1.8518518518518545e-05,1.4814814814814837e-05,5.555555555555564e-05,0.01514052284415717,0.004917158403497827,0.03703703703703709,1.0,0.5185185185185186,2.5321116369078895,0.8874420620519518
2025-06-25,2025-06-26,open,2025-06-27,2025-06-27,0,1,EXECUTED_ON_TIME,open,59,27,32,-0.003133957345356141,-0.0008529884952797051,-0.002280968850076436,0.0,0.0,0.0,0.0,0.0,-0.003133957345356141,-0.0019962418078861253,0.0,1.0,0.5,2.5241761070441404,0.8866850841827941
2025-06-26,2025-06-27,open,2025-06-30,2025-06-30,0,1,EXECUTED_ON_TIME,open,59,27,32,0.006401145879972812,-0.00746191947517183,0.013863065355144642,0.0,0.0,0.0,0.0,0.0,0.006401145879972812,0.019120656129299703,0.0,1.0,0.5,2.540333726532072,0.8800687114847862
2025-06-27,2025-06-30,open,2025-07-01,2025-07-01,0,1,EXECUTED_ON_TIME,open,59,25,34,0.007612724832256204,0.003977486502997785,0.003635238329258419,0.0,0.0,0.0,0.0,0.0,0.007612724832256204,0.004261670428447037,0.0,1.0,0.5,2.5596725881742604,0.8835691729064276
2025-06-30,2025-07-01,open,2025-07-02,2025-07-02,0,1,EXECUTED_ON_TIME,open,59,27,32,-0.0025280068748318473,0.0018839363115195074,-0.004411943186351354,3.333333333333335e-05,3.333333333333335e-05,5.555555555555558e-05,4.444444444444447e-05,0.00016666666666666674,-0.0026946735414985143,-0.006527571504472186,0.11111111111111116,1.0,0.5555555555555556,2.552775106176008,0.8852337609550053
2025-07-01,2025-07-02,open,2025-07-03,2025-07-03,0,1,EXECUTED_ON_TIME,open,59,26,33,0.0004534831608057301,0.0015410860332769616,-0.0010876028724712316,0.0,0.0,0.0,0.0,0.0,0.0004534831608057301,0.0002175855004848013,0.0,1.0,0.5,2.553932746699983,0.8865979823401983
2025-07-02,2025-07-03,open,2025-07-04,2025-07-04,0,1,EXECUTED_ON_TIME,open,59,27,32,0.0011803753096667892,0.004573859320402995,-0.003393484010736206,1.1111111111111127e-05,1.1111111111111127e-05,1.8518518518518545e-05,1.4814814814814837e-05,5.555555555555564e-05,0.0011248197541112335,-0.0008695224395514692,0.03703703703703709,1.0,0.5185185185185186,2.556805460704142,0.8906531567851754
2025-07-03,2025-07-04,open,2025-07-07,2025-07-07,0,1,EXECUTED_ON_TIME,open,59,25,34,-0.005829422639168942,0.0024761409303273307,-0.008305563569496272,0.0,0.0,0.0,0.0,0.0,-0.005829422639168942,-0.014739698517522694,0.0,1.0,0.5,2.541900761067563,0.8928585395214165
2025-07-04,2025-07-07,open,2025-07-08,2025-07-08,0,1,EXECUTED_ON_TIME,open,59,25,34,-0.0019344914864406748,-0.002982434261738165,0.0010479427752974901,0.0,0.0,0.0,0.0,0.0,-0.0019344914864406748,-0.0007996071921911746,0.0,1.0,0.5,2.5369834756859007,0.8901956476222623
2025-07-07,2025-07-08,open,2025-07-09,2025-07-09,0,1,EXECUTED_ON_TIME,open,59,27,32,0.01922309326282654,0.008089420909632494,0.011133672353194044,2.222222222222222e-05,2.222222222222222e-05,3.7037037037037037e-05,2.962962962962963e-05,0.00011111111111111112,0.019111982151715428,0.015332757702229723,0.07407407407407407,1.0,0.537037037037037,2.5854702585924065,0.8973968149078017
2025-07-08,2025-07-09,open,2025-07-10,2025-07-10,0,1,EXECUTED_ON_TIME,open,59,25,34,-0.00562298525698941,-0.0010216375018010648,-0.0046013477551883454,1.2000000000000009e-05,1.2000000000000009e-05,2.000000000000002e-05,1.6000000000000016e-05,6.0000000000000056e-05,-0.00568298525698941,-0.006360718114222843,0.040000000000000036,1.0,0.52,2.5707770692304415,0.8964800006676951
2025-07-09,2025-07-10,open,2025-07-11,2025-07-11,0,1,EXECUTED_ON_TIME,open,59,27,32,0.0018719752646509688,0.004518683233919907,-0.002646707969268938,4.444444444444444e-05,4.444444444444444e-05,7.407407407407407e-05,5.925925925925926e-05,0.00022222222222222223,0.0016497530424287466,-0.005504514276012333,0.14814814814814814,1.0,0.5740740740740741,2.5750182165218103,0.9005309098162567
2025-07-10,2025-07-11,open,2025-07-14,2025-07-14,0,1,EXECUTED_ON_TIME,open,59,27,32,0.007895802383161364,0.002430284197917576,0.005465518185243788,1.1111111111111127e-05,1.1111111111111127e-05,1.8518518518518545e-05,1.4814814814814837e-05,5.555555555555564e-05,0.007840246827605809,0.00888777174015208,0.03703703703703709,1.0,0.5185185185185186,2.5952069949249226,0.9027194558561195
2025-07-11,2025-07-14,open,2025-07-15,2025-07-15,0,1,EXECUTED_ON_TIME,open,59,24,35,-0.0027584000327211117,0.0006903387882366552,-0.003448738820957767,1.2499999999999987e-05,1.2499999999999987e-05,2.0833333333333316e-05,1.6666666666666654e-05,6.249999999999995e-05,-0.0028209000327211117,-0.005352471763509617,0.04166666666666663,1.0,0.5208333333333333,2.587886175428021,0.9033426381113928
2025-07-14,2025-07-15,open,2025-07-16,2025-07-16,0,1,EXECUTED_ON_TIME,open,59,28,31,0.002629054535851149,-0.001142398465204919,0.003771453001056068,4.285714285714287e-05,4.285714285714287e-05,7.142857142857145e-05,5.714285714285716e-05,0.00021428571428571433,0.002414768821565435,0.006014556921658723,0.1428571428571429,1.0,0.5714285714285714,2.594135322278205,0.9023106608680602
2025-07-15,2025-07-16,open,2025-07-17,2025-07-17,0,1,EXECUTED_ON_TIME,open,59,29,30,0.004575175920099977,-0.0035642197714929047,0.00813939569159288,3.1034482758620685e-05,3.1034482758620685e-05,5.1724137931034475e-05,4.137931034482758e-05,0.00015517241379310343,0.004420003506306874,0.008276665365789332,0.10344827586206895,1.0,0.5517241379310345,2.6056014094985094,0.8990946273705654
2025-07-16,2025-07-17,open,2025-07-18,2025-07-18,0,1,EXECUTED_ON_TIME,open,59,29,30,0.010671511047425551,0.008689991952693932,0.0019815190947316194,2.06896551724138e-05,2.06896551724138e-05,3.448275862068967e-05,2.7586206896551737e-05,0.00010344827586206902,0.010568062771563483,0.004367703134810847,0.06896551724137934,1.0,0.5344827586206897,2.6331375687517635,0.906907752447126
2025-07-17,2025-07-18,open,2025-07-21,2025-07-21,0,1,EXECUTED_ON_TIME,open,59,28,31,-0.0011427834769165385,0.007400731359986423,-0.008543514836902962,2.1428571428571418e-05,2.1428571428571418e-05,3.57142857142857e-05,2.857142857142856e-05,0.00010714285714285708,-0.0012499263340593955,-0.00909360630590994,0.0714285714285714,1.0,0.5357142857142857,2.6298463407633794,0.9136195330912762
2025-07-18,2025-07-21,open,2025-07-22,2025-07-22,0,1,EXECUTED_ON_TIME,open,59,27,32,0.010473920341481955,0.004316215490363318,0.006157704851118637,1.1111111111111127e-05,1.1111111111111127e-05,1.8518518518518545e-05,1.4814814814814837e-05,5.555555555555564e-05,0.0104183647859264,0.009145112357343173,0.03703703703703709,1.0,0.5185185185185186,2.657245039272386,0.9175629118723032
2025-07-21,2025-07-22,open,2025-07-23,2025-07-23,0,1,EXECUTED_ON_TIME,open,59,28,31,0.008353794831959657,0.010229893072136287,-0.00187609824017663,2.1428571428571418e-05,2.1428571428571418e-05,3.57142857142857e-05,2.857142857142856e-05,0.00010714285714285708,0.0082466519748168,-0.0007438266977291396,0.0714285714285714,1.0,0.5357142857142857,2.679158414323074,0.9269494823477149
2025-07-22,2025-07-23,open,2025-07-24,2025-07-24,0,1,EXECUTED_ON_TIME,open,59,26,33,-0.006247819536034504,-0.002982939821968067,-0.003264879714066437,0.0,0.0,0.0,0.0,0.0,-0.006247819536034504,-0.005837173907709897,0.0,1.0,0.5,2.662419516041935,0.9241844478238672
2025-07-23,2025-07-24,open,2025-07-25,2025-07-25,0,1,EXECUTED_ON_TIME,open,59,27,32,0.013871295773552358,0.006920128613489229,0.006951167160063129,2.222222222222222e-05,2.222222222222222e-05,3.7037037037037037e-05,2.962962962962963e-05,0.00011111111111111112,0.013760184662441248,0.012805679629564916,0.07407407407407407,1.0,0.537037037037037,2.6990549002315594,0.9305799230653949
2025-07-24,2025-07-25,open,2025-07-28,2025-07-28,0,1,EXECUTED_ON_TIME,open,59,28,31,-0.004747888087159151,-0.004130199839819437,-0.0006176882473397137,1.0714285714285709e-05,1.0714285714285709e-05,1.785714285714285e-05,1.428571428571428e-05,5.357142857142854e-05,-0.00480145951573058,-0.004059437907059895,0.0357142857142857,1.0,0.5178571428571428,2.686095497397363,0.9267364420162111
2025-07-25,2025-07-28,open,2025-07-29,2025-07-29,0,1,EXECUTED_ON_TIME,open,59,27,32,0.0036288305219207067,0.0010861879478194503,0.0025426425741012565,0.0,0.0,0.0,0.0,0.0,0.0036288305219207067,0.0018484518570251024,0.0,1.0,0.5,2.6958428827231127,0.9277430519703341
2025-07-28,2025-07-29,open,2025-07-30,2025-07-30,0,1,EXECUTED_ON_TIME,open,59,27,32,0.006781680775842316,0.003934006068212703,0.0028476747076296126,1.1111111111111127e-05,1.1111111111111127e-05,1.8518518518518545e-05,1.4814814814814837e-05,5.555555555555564e-05,0.0067261252202867605,0.005605316982530969,0.03703703703703709,1.0,0.5185185185185186,2.7139754595265275,0.9313927987665276
2025-07-29,2025-07-30,open,2025-07-31,2025-07-31,0,1,EXECUTED_ON_TIME,open,59,26,33,-0.006633291549015639,-0.0017787671601018351,-0.004854524388913804,0.0,0.0,0.0,0.0,0.0,-0.006633291549015639,-0.009669060541119287,0.0,1.0,0.5,2.6959728690466145,0.9297360678429264
2025-07-30,2025-07-31,open,2025-08-01,2025-08-01,0,1,EXECUTED_ON_TIME,open,59,24,35,-0.018572712767616243,-0.017296859807207854,-0.0012758529604083892,0.0,0.0,0.0,0.0,0.0,-0.018572712767616243,-0.003846315258341889,0.0,1.0,0.5,2.6459013393205253,0.9136545534197426
2025-07-31,2025-08-01,open,2025-08-04,2025-08-04,0,1,EXECUTED_ON_TIME,open,59,26,33,0.00020136183591150915,-0.007859358587688936,0.008060720423600445,3.4615384615384625e-05,3.4615384615384625e-05,5.769230769230771e-05,4.615384615384617e-05,0.00017307692307692315,2.8284912834586e-05,0.00814114952652551,0.11538461538461542,1.0,0.5576923076923077,2.645976178409277,0.906473814659142
2025-08-01,2025-08-04,open,2025-08-05,2025-08-05,0,1,EXECUTED_ON_TIME,open,59,26,33,0.0121231297288392,0.010512791429685198,0.001610338299154003,2.307692307692306e-05,2.307692307692306e-05,3.8461538461538436e-05,3.076923076923075e-05,0.00011538461538461531,0.012007745113454584,0.0034472426524228637,0.07692307692307687,1.0,0.5384615384615384,2.677748385935888,0.9160033848091247
2025-08-04,2025-08-05,open,2025-08-06,2025-08-06,0,1,EXECUTED_ON_TIME,open,59,24,35,0.005234873683343397,0.0049112976511056505,0.0003235760322377462,0.0,0.0,0.0,0.0,0.0,0.005234873683343397,-0.003069233914048645,0.0,1.0,0.5,2.691766060492039,0.9205021500813426
2025-08-05,2025-08-06,open,2025-08-07,2025-08-07,0,1,EXECUTED_ON_TIME,open,59,23,36,0.009136221380236254,0.004841933573763502,0.004294287806472752,0.0,0.0,0.0,0.0,0.0,0.009136221380236254,0.00522028779511398,0.0,1.0,0.5,2.7163586311245003,0.9249591603465429
2025-08-06,2025-08-07,open,2025-08-08,2025-08-08,0,1,EXECUTED_ON_TIME,open,59,23,36,-0.004896411541617482,-0.0026719044958573024,-0.002224507045760179,1.3043478260869556e-05,1.3043478260869556e-05,2.1739130434782593e-05,1.7391304347826075e-05,6.521739130434778e-05,-0.004961628932921829,-0.004621392444669409,0.04347826086956519,1.0,0.5217391304347826,2.702881067548121,0.9224877578075286
2025-08-07,2025-08-08,open,2025-08-11,2025-08-11,0,1,EXECUTED_ON_TIME,open,59,25,34,0.004940477294592372,0.0002484624409231362,0.0046920148536692356,3.5999999999999994e-05,3.5999999999999994e-05,6e-05,4.8e-05,0.00018,0.004760477294592372,0.006020732748164819,0.12,1.0,0.56,2.7157480715001676,0.9227169613675551
2025-08-08,2025-08-11,open,2025-08-12,2025-08-12,0,1,EXECUTED_ON_TIME,open,59,25,34,0.015557453667462888,0.0032313990191457087,0.012326054648317179,1.2000000000000009e-05,1.2000000000000009e-05,2.000000000000002e-05,1.6000000000000016e-05,6.0000000000000056e-05,0.015497453667462888,0.01571931204221781,0.040000000000000036,1.0,0.52,2.757835251410743,0.9256986280514673
2025-08-11,2025-08-12,open,2025-08-13,2025-08-13,0,1,EXECUTED_ON_TIME,open,59,26,33,0.008506756367543679,0.006530254322946849,0.0019765020445968295,2.307692307692306e-05,2.307692307692306e-05,3.8461538461538436e-05,3.076923076923075e-05,0.00011538461538461531,0.008391371752159062,-0.0029207634375392443,0.07692307692307687,1.0,0.5384615384615384,2.7809772722365396,0.9317436755190464
2025-08-12,2025-08-13,open,2025-08-14,2025-08-14,0,1,EXECUTED_ON_TIME,open,59,25,34,0.0077140423539865215,0.007098174101265897,0.0006158682527206243,1.2000000000000009e-05,1.2000000000000009e-05,2.000000000000002e-05,1.6000000000000016e-05,6.0000000000000056e-05,0.007654042353986521,-0.0005199189541462892,0.040000000000000036,1.0,0.52,2.802262990063712,0.9383573543456339
2025-08-13,2025-08-14,open,2025-08-15,2025-08-15,0,1,EXECUTED_ON_TIME,open,58,25,33,-0.014333432913624527,-0.004197164330323355,-0.010136268583301172,1.2000000000000009e-05,1.2000000000000009e-05,2.000000000000002e-05,1.6000000000000016e-05,6.0000000000000056e-05,-0.014393432913624526,-0.014961232809267968,0.040000000000000036,1.0,0.52,2.761928805709897,0.9344189143288778
2025-08-14,2025-08-15,open,2025-08-18,2025-08-18,0,1,EXECUTED_ON_TIME,open,58,27,31,0.02986181423531426,0.013411906195937462,0.0164499080393768,2.222222222222222e-05,2.222222222222222e-05,3.7037037037037037e-05,2.962962962962963e-05,0.00011111111111111112,0.02975070312420315,0.022807374330892236,0.07407407407407407,1.0,0.537037037037037,2.8440981296587577,0.9469512531555664
2025-08-15,2025-08-18,open,2025-08-19,2025-08-19,0,1,EXECUTED_ON_TIME,open,58,26,32,0.007843420897915945,0.005575301778203201,0.002268119119712744,2.307692307692306e-05,2.307692307692306e-05,3.8461538461538436e-05,3.076923076923075e-05,0.00011538461538461531,0.00772803628253133,0.005266398691356131,0.07692307692307687,1.0,0.5384615384615384,2.8660774231958404,0.9522307921611564
2025-08-18,2025-08-19,open,2025-08-20,2025-08-20,0,1,EXECUTED_ON_TIME,open,59,28,31,-0.007363528957723663,-0.007865593685647432,0.000502064727923769,4.285714285714287e-05,4.285714285714287e-05,7.142857142857145e-05,5.714285714285716e-05,0.00021428571428571433,-0.007577814672009377,0.0009254896349216645,0.1428571428571429,1.0,0.5714285714285714,2.844358819647232,0.9447409316550545
2025-08-19,2025-08-20,open,2025-08-21,2025-08-21,0,1,EXECUTED_ON_TIME,open,59,27,32,0.018425011843842216,0.018051986966071132,0.00037302487777108456,1.1111111111111127e-05,1.1111111111111127e-05,1.8518518518518545e-05,1.4814814814814837e-05,5.555555555555564e-05,0.01836945628828666,-0.0008333304296938397,0.03703703703703709,1.0,0.5185185185185186,2.8966081446529444,0.9617953826396054
2025-08-20,2025-08-21,open,2025-08-22,2025-08-22,0,1,EXECUTED_ON_TIME,open,59,24,35,-0.003812314004571026,0.0006983522201975401,-0.004510666224768567,1.2499999999999987e-05,1.2499999999999987e-05,2.0833333333333316e-05,1.6666666666666654e-05,6.249999999999995e-05,-0.003874814004571026,-0.00740946390987372,0.04166666666666663,1.0,0.5208333333333333,2.8853843268482886,0.9624670545804475
2025-08-21,2025-08-22,open,2025-08-25,2025-08-25,0,1,EXECUTED_ON_TIME,open,59,27,32,0.05072736909492289,0.030071864686988192,0.020655504407934698,3.333333333333335e-05,3.333333333333335e-05,5.555555555555558e-05,4.444444444444447e-05,0.00016666666666666674,0.05056070242825622,0.023400724458385633,0.11111111111111116,1.0,0.5555555555555556,3.031271385189219,0.9914102336114747
2025-08-22,2025-08-25,open,2025-08-26,2025-08-26,0,1,EXECUTED_ON_TIME,open,59,23,36,0.016011251342496924,0.008391881696228287,0.007619369646268637,0.0,0.0,0.0,0.0,0.0,0.016011251342496924,0.004519673006835421,0.0,1.0,0.5,3.079805833224802,0.9997300310043723
2025-08-25,2025-08-26,open,2025-08-27,2025-08-27,0,1,EXECUTED_ON_TIME,open,59,23,36,0.008044696760163535,0.0012321053372594815,0.006812591422904054,2.6086956521739145e-05,2.6086956521739145e-05,4.347826086956525e-05,3.47826086956522e-05,0.00013043478260869575,0.00791426197755484,0.010229577988255299,0.08695652173913049,1.0,0.5434782608695652,3.104180223428944,1.0009618037113914
2025-08-26,2025-08-27,open,2025-08-28,2025-08-28,0,1,EXECUTED_ON_TIME,open,59,24,35,-0.019063683835122507,-0.01812242646069384,-0.0009412573744286661,2.5000000000000008e-05,2.5000000000000008e-05,4.1666666666666686e-05,3.333333333333335e-05,0.00012500000000000006,-0.019188683835122507,0.0005585046169039043,0.08333333333333337,1.0,0.5416666666666667,3.044615090554326,0.9828219470336683
2025-08-27,2025-08-28,open,2025-08-29,2025-08-29,0,1,EXECUTED_ON_TIME,open,59,25,34,0.014076605169188565,0.017763220257489998,-0.003686615088301433,1.2000000000000009e-05,1.2000000000000009e-05,2.000000000000002e-05,1.6000000000000016e-05,6.0000000000000056e-05,0.014016605169188566,-0.005088258693034697,0.040000000000000036,1.0,0.52,3.0872902581707793,1.0002800297527226
2025-08-28,2025-08-29,open,2025-09-01,2025-09-01,0,1,EXECUTED_ON_TIME,open,59,24,35,0.011348822706788267,0.01370706918595821,-0.002358246479169943,1.2499999999999987e-05,1.2499999999999987e-05,2.0833333333333316e-05,1.6666666666666654e-05,6.249999999999995e-05,0.011286322706788266,-0.0001793362804349257,0.04166666666666663,1.0,0.5208333333333333,3.1221344123140184,1.0139909373258755
2025-08-29,2025-09-01,open,2025-09-02,2025-09-02,0,1,EXECUTED_ON_TIME,open,59,25,34,0.00026322835694972293,0.0011299837786225009,-0.0008667554216727779,3.5999999999999994e-05,3.5999999999999994e-05,6e-05,4.8e-05,0.00018,8.322835694972292e-05,-0.0013834922407855177,0.12,1.0,0.56,3.1223942624313312,1.015136730636724
2025-09-01,2025-09-02,open,2025-09-03,2025-09-03,0,1,EXECUTED_ON_TIME,open,58,25,33,-0.010695439146363337,-0.0045652537835724205,-0.006130185362790917,1.2000000000000009e-05,1.2000000000000009e-05,2.000000000000002e-05,1.6000000000000016e-05,6.0000000000000056e-05,-0.010755439146363337,-0.011861674478745515,0.040000000000000036,1.0,0.52,3.088811540950797,1.0105023738363414
2025-09-02,2025-09-03,open,2025-09-04,2025-09-04,0,1,EXECUTED_ON_TIME,open,58,23,35,-0.012541891849417544,-0.008906016631939906,-0.0036358752174776385,0.0,0.0,0.0,0.0,0.0,-0.012541891849417544,-0.003286340362904941,0.0,1.0,0.5,3.050072000660959,1.0015028228883402
2025-09-03,2025-09-04,open,2025-09-05,2025-09-05,0,1,EXECUTED_ON_TIME,open,58,25,33,-0.010989576756203472,-0.021438386102549667,0.010448809346346195,2.3999999999999987e-05,2.3999999999999987e-05,3.999999999999998e-05,3.1999999999999985e-05,0.00011999999999999995,-0.011109576756203473,0.008868428974235266,0.07999999999999996,1.0,0.54,3.0161869916576687,0.9800322186884666
2025-09-04,2025-09-05,open,2025-09-08,2025-09-08,0,1,EXECUTED_ON_TIME,open,58,26,32,0.0371736166011778,0.023263884434882698,0.013909732166295104,2.307692307692306e-05,2.307692307692306e-05,3.8461538461538436e-05,3.076923076923075e-05,0.00011538461538461531,0.03705823198579319,0.019439437552219115,0.07692307692307687,1.0,0.5384615384615384,3.1279615489070505,1.0028315749664967
2025-09-05,2025-09-08,open,2025-09-09,2025-09-09,0,1,EXECUTED_ON_TIME,open,58,24,34,0.006821365326982479,-0.004125655420692653,0.010947020747675132,1.2499999999999987e-05,1.2499999999999987e-05,2.0833333333333316e-05,1.6666666666666654e-05,6.249999999999995e-05,0.006758865326982479,0.012490115596740087,0.04166666666666663,1.0,0.5208333333333333,3.149103019764093,0.9986942374431944
2025-09-08,2025-09-09,open,2025-09-10,2025-09-10,0,1,EXECUTED_ON_TIME,open,58,28,30,-0.010689367712999295,-0.002346507628341321,-0.008342860084657974,4.285714285714287e-05,4.285714285714287e-05,7.142857142857145e-05,5.714285714285716e-05,0.00021428571428571433,-0.010903653427285009,-0.011362934851959033,0.1428571428571429,1.0,0.5714285714285714,3.1147662918297683,0.9963507937966535
2025-09-09,2025-09-10,open,2025-09-11,2025-09-11,0,1,EXECUTED_ON_TIME,open,59,28,31,-0.0007710531001318331,0.0001214428948019819,-0.000892495994933815,1.0714285714285709e-05,1.0714285714285709e-05,1.785714285714285e-05,1.428571428571428e-05,5.357142857142854e-05,-0.0008246245287032617,-0.0029214606617246905,0.0357142857142857,1.0,0.5178571428571428,3.1121977791443474,0.9964717935212904
2025-09-10,2025-09-11,open,2025-09-12,2025-09-12,0,1,EXECUTED_ON_TIME,open,59,28,31,0.026959295545339716,0.02382424773685199,0.0031350478084877266,2.1428571428571418e-05,2.1428571428571418e-05,3.57142857142857e-05,2.857142857142856e-05,0.00010714285714285708,0.026852152688196858,0.0031918003884874,0.0714285714285714,1.0,0.5357142857142857,3.1957669891057985,1.020211984392927
2025-09-11,2025-09-12,open,2025-09-15,2025-09-15,0,1,EXECUTED_ON_TIME,open,59,27,32,0.0035921813310841014,-0.0021352856615701743,0.005727466992654275,1.1111111111111127e-05,1.1111111111111127e-05,1.8518518518518545e-05,1.4814814814814837e-05,5.555555555555564e-05,0.0035366257755285457,0.008134921216927857,0.03703703703703709,1.0,0.5185185185185186,3.2070692210120533,1.0180335403708907
2025-09-12,2025-09-15,open,2025-09-16,2025-09-16,0,1,EXECUTED_ON_TIME,open,59,28,31,-0.0008757287940773755,0.0011102812484633517,-0.0019860100425407273,1.0714285714285709e-05,1.0714285714285709e-05,1.785714285714285e-05,1.428571428571428e-05,5.357142857142854e-05,-0.000929300222648804,-0.0010688624888163243,0.0357142857142857,1.0,0.5178571428571428,3.2040888908709166,1.0191638439210713
2025-09-15,2025-09-16,open,2025-09-17,2025-09-17,0,1,EXECUTED_ON_TIME,open,59,28,31,0.005315738707508796,-0.004985988746062042,0.010301727453570837,0.0,0.0,0.0,0.0,0.0,0.005315738707508796,0.012705005335450626,0.0,1.0,0.5,3.2211209902104185,1.0140823044648875
2025-09-16,2025-09-17,open,2025-09-18,2025-09-18,0,1,EXECUTED_ON_TIME,open,59,27,32,0.00765462719961566,0.006363555462284287,0.0012910717373313726,1.1111111111111127e-05,1.1111111111111127e-05,1.8518518518518545e-05,1.4814814814814837e-05,5.555555555555564e-05,0.0075990716440601045,0.004764074861674385,0.03703703703703709,1.0,0.5185185185185186,3.2455985193892136,1.0205354734526708
2025-09-17,2025-09-18,open,2025-09-19,2025-09-19,0,1,EXECUTED_ON_TIME,open,59,28,31,-0.011304732798192715,-0.010325708222027385,-0.0009790245761653292,2.1428571428571418e-05,2.1428571428571418e-05,3.57142857142857e-05,2.857142857142856e-05,0.00010714285714285708,-0.011411875655335572,-0.00010312846355241614,0.0714285714285714,1.0,0.5357142857142857,3.208560152658803,1.00999772192357
2025-09-18,2025-09-19,open,2025-09-22,2025-09-22,0,1,EXECUTED_ON_TIME,open,59,26,33,0.009525468788168944,0.0028748029324143776,0.006650665855754566,0.0,0.0,0.0,0.0,0.0,0.009525468788168944,0.00891584400813423,0.0,1.0,0.5,3.239123192247917,1.0129012663362877
2025-09-19,2025-09-22,open,2025-09-23,2025-09-23,0,1,EXECUTED_ON_TIME,open,59,27,32,-0.0030297113564434885,0.005481352607753731,-0.00851106396419722,1.1111111111111127e-05,1.1111111111111127e-05,1.8518518518518545e-05,1.4814814814814837e-05,5.555555555555564e-05,-0.003085266911999044,-0.007572428745651682,0.03703703703703709,1.0,0.5185185185185186,3.2291296326389856,1.0184533353339171
2025-09-22,2025-09-23,open,2025-09-24,2025-09-24,0,1,EXECUTED_ON_TIME,open,59,28,31,-0.009733477342658023,-0.009145519585906814,-0.0005879577567512086,1.0714285714285709e-05,1.0714285714285709e-05,1.785714285714285e-05,1.428571428571428e-05,5.357142857142854e-05,-0.009787048771229451,-0.0026622254969036483,0.0357142857142857,1.0,0.5178571428571428,3.1975259834357255,1.0091390504082887
2025-09-23,2025-09-24,open,2025-09-25,2025-09-25,0,1,EXECUTED_ON_TIME,open,59,27,32,0.021186198140669618,0.015286525869659506,0.005899672271010112,0.0,0.0,0.0,0.0,0.0,0.021186198140669618,0.010081949064772255,0.0,1.0,0.5,3.265269402480734,1.0245652806084387
2025-09-24,2025-09-25,open,2025-09-26,2025-09-26,0,1,EXECUTED_ON_TIME,open,59,27,32,0.004862653196647076,0.0028332708513594262,0.0020293823452876497,1.1111111111111127e-05,1.1111111111111127e-05,1.8518518518518545e-05,1.4814814814814837e-05,5.555555555555564e-05,0.004807097641091521,0.004277377671600487,0.03703703703703709,1.0,0.5185185185185186,3.2809658713229273,1.0274681515533015
2025-09-25,2025-09-26,open,2025-09-29,2025-09-29,0,1,EXECUTED_ON_TIME,open,59,26,33,0.007084957035499222,-0.004780513682363319,0.01186547071786254,0.0,0.0,0.0,0.0,0.0,0.007084957035499222,0.012454971300226733,0.0,1.0,0.5,3.304211373556189,1.0225563259966084
2025-09-26,2025-09-29,open,2025-09-30,2025-09-30,0,1,EXECUTED_ON_TIME,open,59,24,35,0.01588997794573993,0.016435662170688703,-0.0005456842249487726,0.0,0.0,0.0,0.0,0.0,0.01588997794573993,0.0031663017415444767,0.0,1.0,0.5,3.3567152194100602,1.0393627163211894
2025-09-29,2025-09-30,open,2025-10-09,2025-10-09,0,1,EXECUTED_ON_TIME,open,59,25,34,0.014940338542783321,0.006957819166249601,0.00798251937653372,2.3999999999999987e-05,2.3999999999999987e-05,3.999999999999998e-05,3.1999999999999985e-05,0.00011999999999999995,0.01482033854278332,0.013907948662577153,0.07999999999999996,1.0,0.54,3.406462875353431,1.0465944141494943
2025-09-30,2025-10-09,open,2025-10-10,2025-10-10,0,1,EXECUTED_ON_TIME,open,59,26,33,0.0001311121683483753,0.0037289958437298765,-0.0035978836753815012,2.307692307692306e-05,2.307692307692306e-05,3.8461538461538436e-05,3.076923076923075e-05,0.00011538461538461531,1.572755296375998e-05,-0.000913933164141949,0.07692307692307687,1.0,0.5384615384615384,3.406516450678722,1.0504971603699287
2025-10-09,2025-10-10,open,2025-10-13,2025-10-13,0,1,EXECUTED_ON_TIME,open,59,27,32,-0.038572759615890316,-0.04031030678931791,0.0017375471734275907,2.222222222222222e-05,2.222222222222222e-05,3.7037037037037037e-05,2.962962962962963e-05,0.00011111111111111112,-0.038683870727001426,-0.0054982849456412936,0.07407407407407407,1.0,0.537037037037037,3.274739208671263,1.0081512975541096
2025-10-10,2025-10-13,open,2025-10-14,2025-10-14,0,1,EXECUTED_ON_TIME,open,59,31,28,0.03511242603704754,0.03188427354545875,0.0032281524915887885,3.8709677419354835e-05,3.8709677419354835e-05,6.451612903225807e-05,5.161290322580645e-05,0.00019354838709677422,0.03491887764995077,0.00855001088701855,0.12903225806451613,1.0,0.564516129032258,3.389089426434351,1.040295469300534
2025-10-13,2025-10-14,open,2025-10-15,2025-10-15,0,1,EXECUTED_ON_TIME,open,59,26,33,-0.009784412631095304,-0.019380654606096503,0.0095962419750012,1.153846153846153e-05,1.153846153846153e-05,1.9230769230769218e-05,1.5384615384615374e-05,5.769230769230766e-05,-0.009842104938787611,0.0032930183482319363,0.038461538461538436,1.0,0.5192307692307692,3.355733652652449,1.0201338621217333
2025-10-14,2025-10-15,open,2025-10-16,2025-10-16,0,1,EXECUTED_ON_TIME,open,59,24,35,0.00495901624694572,0.009831780562791215,-0.004872764315845495,1.2499999999999987e-05,1.2499999999999987e-05,2.0833333333333316e-05,1.6666666666666654e-05,6.249999999999995e-05,0.00489651624694572,-0.005408661174924748,0.04166666666666663,1.0,0.5208333333333333,3.372165057003084,1.0301635943987868
2025-10-15,2025-10-16,open,2025-10-17,2025-10-17,0,1,EXECUTED_ON_TIME,open,59,28,31,-0.0038710493459032935,0.004745342096758698,-0.008616391442661991,4.285714285714287e-05,4.285714285714287e-05,7.142857142857145e-05,5.714285714285716e-05,0.00021428571428571433,-0.004085335060189008,-0.014428914714087516,0.1428571428571429,1.0,0.5714285714285714,3.3583886328669648,1.0350520730698356
2025-10-16,2025-10-17,open,2025-10-20,2025-10-20,0,1,EXECUTED_ON_TIME,open,59,28,31,-0.014422542803307566,-0.011376804851847777,-0.003045737951459789,0.0,0.0,0.0,0.0,0.0,-0.014422542803307566,-0.006668902815615685,0.0,1.0,0.5,3.3099521290592993,1.0232764876230196
2025-10-17,2025-10-20,open,2025-10-21,2025-10-21,0,1,EXECUTED_ON_TIME,open,59,25,34,-0.003295370260362609,-0.00046509158574725706,-0.0028302786746153517,0.0,0.0,0.0,0.0,0.0,-0.003295370260362609,-0.0014378668226420572,0.0,1.0,0.5,3.299044611249973,1.022800570338733
2025-10-20,2025-10-21,open,2025-10-22,2025-10-22,0,1,EXECUTED_ON_TIME,open,59,26,33,0.004601593663865777,0.004369066499975149,0.00023252716389062737,1.153846153846153e-05,1.153846153846153e-05,1.9230769230769218e-05,1.5384615384615374e-05,5.769230769230766e-05,0.004543901356173469,-0.0020713577429562913,0.038461538461538436,1.0,0.5192307692307692,3.3140351445331087,1.0272692540467554
2025-10-21,2025-10-22,open,2025-10-23,2025-10-23,0,1,EXECUTED_ON_TIME,open,59,29,30,-0.011457489164920072,0.0005843495712876123,-0.012041838736207684,3.1034482758620685e-05,3.1034482758620685e-05,5.1724137931034475e-05,4.137931034482758e-05,0.00015517241379310343,-0.011612661578713176,-0.014857137456312628,0.10344827586206895,1.0,0.5517241379310345,3.275550375939684,1.0278695383949545
2025-10-22,2025-10-23,open,2025-10-24,2025-10-24,0,1,EXECUTED_ON_TIME,open,59,29,30,0.00847926002770565,0.009628274563402428,-0.0011490145356967789,0.0,0.0,0.0,0.0,0.0,0.00847926002770565,-0.002094665378942588,0.0,1.0,0.5,3.3033246193111254,1.0377661485259788
2025-10-23,2025-10-24,open,2025-10-27,2025-10-27,0,1,EXECUTED_ON_TIME,open,59,28,31,0.01737513189316425,0.016569009128043266,0.0008061227651209833,0.0,0.0,0.0,0.0,0.0,0.01737513189316425,0.0016216139347402896,0.0,1.0,0.5,3.360720320257593,1.0549609053136801
2025-10-24,2025-10-27,open,2025-10-28,2025-10-28,0,1,EXECUTED_ON_TIME,open,59,26,33,0.0023521867242778808,-0.0003519611727669236,0.0027041478970448044,0.0,0.0,0.0,0.0,0.0,0.0023521867242778808,0.0015267605922447748,0.0,1.0,0.5,3.368625361978914,1.0545896000362227
2025-10-27,2025-10-28,open,2025-10-29,2025-10-29,0,1,EXECUTED_ON_TIME,open,59,28,31,-0.004444810116846419,0.0007041701860983629,-0.005148980302944782,2.1428571428571418e-05,2.1428571428571418e-05,3.57142857142857e-05,2.857142857142856e-05,0.00010714285714285708,-0.004551952973989276,-0.003819523857208019,0.0714285714285714,1.0,0.5357142857142857,3.3532915377441985,1.0553322105911376
2025-10-28,2025-10-29,open,2025-10-30,2025-10-30,0,1,EXECUTED_ON_TIME,open,59,28,31,0.02191184189581003,0.007433467856872378,0.014478374038937654,0.0,0.0,0.0,0.0,0.0,0.02191184189581003,0.022708957244023355,0.0,1.0,0.5,3.4267683317498068,1.063176988656889
2025-10-29,2025-10-30,open,2025-10-31,2025-10-31,0,1,EXECUTED_ON_TIME,open,59,28,31,-0.00042232715716812786,-0.007070552014461162,0.006648224857293035,0.0,0.0,0.0,0.0,0.0,-0.00042232715716812786,0.0071629845415534165,0.0,1.0,0.5,3.425321114421985,1.0556597404580121
2025-10-30,2025-10-31,open,2025-11-03,2025-11-03,0,1,EXECUTED_ON_TIME,open,59,30,29,0.0007239614017412392,-0.01398470386465056,0.0147086652663918,1.9999999999999995e-05,1.9999999999999995e-05,3.333333333333333e-05,2.6666666666666663e-05,9.999999999999999e-05,0.0006239614017412392,0.017212907661420862,0.06666666666666665,1.0,0.5333333333333333,3.4274583825859533,1.040896651605873
2025-10-31,2025-11-03,open,2025-11-04,2025-11-04,0,1,EXECUTED_ON_TIME,open,59,28,31,0.005833119066306299,0.0027208818624842035,0.003112237203822096,1.0714285714285709e-05,1.0714285714285709e-05,1.785714285714285e-05,1.428571428571428e-05,5.357142857142854e-05,0.0057795476377348705,0.00279163553490426,0.0357142857142857,1.0,0.5178571428571428,3.4472675415844627,1.043728808425948
2025-11-03,2025-11-04,open,2025-11-05,2025-11-05,0,1,EXECUTED_ON_TIME,open,59,27,32,-0.021882212378770423,-0.018763060971129675,-0.003119151407640748,2.222222222222222e-05,2.222222222222222e-05,3.7037037037037037e-05,2.962962962962963e-05,0.00011111111111111112,-0.021993323489881533,-0.008438550482664535,0.07407407407407407,1.0,0.537037037037037,3.3714506713862273,1.0241452611561275
2025-11-04,2025-11-05,open,2025-11-06,2025-11-06,0,1,EXECUTED_ON_TIME,open,59,30,29,0.022379206320553128,0.01751359896469018,0.004865607355862948,2.999999999999999e-05,2.999999999999999e-05,4.999999999999999e-05,3.999999999999999e-05,0.00014999999999999996,0.022229206320553127,0.009204675294971145,0.09999999999999998,1.0,0.55,3.446395343960039,1.0420817305416037
2025-11-05,2025-11-06,open,2025-11-07,2025-11-07,0,1,EXECUTED_ON_TIME,open,59,24,35,-0.00148735499027521,0.006839923472822251,-0.008327278463097462,0.0,0.0,0.0,0.0,0.0,-0.00148735499027521,-0.006740528659124006,0.0,1.0,0.5,3.441269330646739,1.0492094898309345
2025-11-06,2025-11-07,open,2025-11-10,2025-11-10,0,1,EXECUTED_ON_TIME,open,59,27,32,0.0035380318485984294,0.0030728993046715836,0.0004651325439268459,4.444444444444444e-05,4.444444444444444e-05,7.407407407407407e-05,5.925925925925926e-05,0.00022222222222222223,0.0033158096263762073,0.0024003757533733626,0.14814814814814814,1.0,0.5740740740740741,3.4526799246202504,1.0524336049426908
2025-11-07,2025-11-10,open,2025-11-11,2025-11-11,0,1,EXECUTED_ON_TIME,open,59,25,34,0.0054981999885653195,0.003884922839071825,0.0016132771494934946,1.2000000000000009e-05,1.2000000000000009e-05,2.000000000000002e-05,1.6000000000000016e-05,6.0000000000000056e-05,0.005438199988565319,-0.0008485909498375599,0.040000000000000036,1.0,0.52,3.47145628854684,1.0565222282911393
2025-11-10,2025-11-11,open,2025-11-12,2025-11-12,0,1,EXECUTED_ON_TIME,open,59,26,33,-0.011469990076103583,-0.01333903628235722,0.0018690462062536366,1.153846153846153e-05,1.153846153846153e-05,1.9230769230769218e-05,1.5384615384615374e-05,5.769230769230766e-05,-0.01152768238379589,-0.00019320339038809975,0.038461538461538436,1.0,0.5192307692307692,3.431438443043241,1.042429239954847
2025-11-11,2025-11-12,open,2025-11-13,2025-11-13,0,1,EXECUTED_ON_TIME,open,59,28,31,-0.010666379406810552,4.8884917796865324e-05,-0.010715264324607418,2.1428571428571418e-05,2.1428571428571418e-05,3.57142857142857e-05,2.857142857142856e-05,0.00010714285714285708,-0.01077352226395341,-0.014679449833017085,0.0714285714285714,1.0,0.5357142857142857,3.3944697645797293,1.0424801990225512
2025-11-12,2025-11-13,open,2025-11-14,2025-11-14,0,1,EXECUTED_ON_TIME,open,59,27,32,0.004321806963720461,0.004206050838690745,0.00011575612502971646,0.0,0.0,0.0,0.0,0.0,0.004321806963720461,0.0030193939093327423,0.0,1.0,0.5,3.4091400076464287,1.0468649237379686
2025-11-13,2025-11-14,open,2025-11-17,2025-11-17,0,1,EXECUTED_ON_TIME,open,59,29,30,-0.00166281749377509,-0.00997401421048294,0.00831119671670785,2.06896551724138e-05,2.06896551724138e-05,3.448275862068967e-05,2.7586206896551737e-05,0.00010344827586206902,-0.001766265769637159,0.007065545159372821,0.06896551724137934,1.0,0.5344827586206897,3.403118560347022,1.03642347811215
2025-11-14,2025-11-17,open,2025-11-18,2025-11-18,0,1,EXECUTED_ON_TIME,open,59,27,32,-0.00896373276319629,-0.006934664354534159,-0.0020290684086621304,0.0,0.0,0.0,0.0,0.0,-0.00896373276319629,0.0005441996221899215,0.0,1.0,0.5,3.3726139150105983,1.0292362291622834
2025-11-17,2025-11-18,open,2025-11-19,2025-11-19,0,1,EXECUTED_ON_TIME,open,59,27,32,-0.0023471096415141066,-0.003654038680070304,0.0013069290385561974,1.1111111111111127e-05,1.1111111111111127e-05,1.8518518518518545e-05,1.4814814814814837e-05,5.555555555555564e-05,-0.0024026651970696622,-0.00015986327402264496,0.03703703703703709,1.0,0.5185185185185186,3.3645106529338493,1.0254753601699946
2025-11-18,2025-11-19,open,2025-11-20,2025-12-03,0,1,EXECUTED_ON_TIME,open,59,27,32,0.0010927604942548728,-0.0029439341231256577,0.004036694617380531,1.1111111111111127e-05,1.1111111111111127e-05,1.8518518518518545e-05,1.4814814814814837e-05,5.555555555555564e-05,0.0010372049386993172,-0.012673289670770457,0.03703703703703709,1.0,0.5185185185185186,3.3680003399993788,1.0224564282647657
2025-11-19,2025-11-20,open,2025-11-21,2025-11-21,0,1,EXECUTED_ON_TIME,open,59,27,32,-0.0248560506196677,-0.022979344263714507,-0.0018767063559531928,2.222222222222222e-05,2.222222222222222e-05,3.7037037037037037e-05,2.962962962962963e-05,0.00011111111111111112,-0.02496716173077881,-0.0077615272710160055,0.07407407407407407,1.0,0.537037037037037,3.283910930801296,0.9989610500050217
2025-11-20,2025-11-21,open,2025-11-24,2025-11-24,0,1,EXECUTED_ON_TIME,open,58,29,29,-0.00411263931977514,-0.008913485352239015,0.004800846032463875,4.13793103448276e-05,4.13793103448276e-05,6.896551724137934e-05,5.5172413793103474e-05,0.00020689655172413803,-0.004319535871499278,0.003934076091084317,0.13793103448275867,1.0,0.5689655172413793,3.2697259597368915,0.9900568253183446
2025-11-21,2025-11-24,open,2025-11-25,2025-11-25,0,1,EXECUTED_ON_TIME,open,58,26,32,0.013668660677777576,0.0005991295631093685,0.013069531114668208,2.307692307692306e-05,2.307692307692306e-05,3.8461538461538436e-05,3.076923076923075e-05,0.00011538461538461531,0.01355327606239296,0.01567792799145406,0.07692307692307687,1.0,0.5384615384615384,3.314041458317578,0.990649997631551
2025-11-24,2025-11-25,open,2025-11-26,2025-11-26,0,1,EXECUTED_ON_TIME,open,58,28,30,0.00632605248178768,0.003209679711231539,0.0031163727705561407,2.1428571428571418e-05,2.1428571428571418e-05,3.57142857142857e-05,2.857142857142856e-05,0.00010714285714285708,0.006218909624644823,0.002198761805883938,0.0714285714285714,1.0,0.5357142857142857,3.334651182639181,0.9938296668298806
2025-11-25,2025-11-26,open,2025-11-27,2025-11-27,0,1,EXECUTED_ON_TIME,open,58,27,31,-0.002311364554974719,0.006639344955972959,-0.008950709510947678,0.0,0.0,0.0,0.0,0.0,-0.002311364554974719,-0.00913945742331036,0.0,1.0,0.5,3.3269435880924245,1.000428044815444
2025-11-26,2025-11-27,open,2025-11-28,2025-11-28,0,1,EXECUTED_ON_TIME,open,58,28,30,-0.0007493270704825147,-0.0018842861991135162,0.0011349591286310015,1.0714285714285709e-05,1.0714285714285709e-05,1.785714285714285e-05,1.428571428571428e-05,5.357142857142854e-05,-0.0008028984990539433,-0.0017391149292283461,0.0357142857142857,1.0,0.5178571428571428,3.3242723900791082,0.9985429520573921
2025-11-27,2025-11-28,open,2025-12-01,2025-12-01,0,1,EXECUTED_ON_TIME,open,58,26,32,0.014180680003083847,0.006137873969549235,0.008042806033534612,1.153846153846153e-05,1.153846153846153e-05,1.9230769230769218e-05,1.5384615384615374e-05,5.769230769230766e-05,0.01412298769539154,0.012713160474744214,0.038461538461538436,1.0,0.5192307692307692,3.371221048140325,1.004671882850302
2025-11-28,2025-12-01,open,2025-12-02,2025-12-02,0,1,EXECUTED_ON_TIME,open,58,24,34,-0.003460742793776825,0.007208778310129338,-0.010669521103906163,0.0,0.0,0.0,0.0,0.0,-0.003460742793776825,-0.010149920327334869,0.0,1.0,0.5,3.3595541191917446,1.0119143397281902
2025-12-01,2025-12-02,open,2025-12-03,2025-12-03,0,1,EXECUTED_ON_TIME,open,58,29,29,-0.006219817756361409,-0.003788569766246419,-0.00243124799011499,5.172413793103448e-05,5.172413793103448e-05,8.620689655172414e-05,6.896551724137931e-05,0.0002586206896551724,-0.006478438446016582,-0.0040581321696923425,0.1724137931034483,1.0,0.5862068965517242,3.3377894546244993,1.0080806316546649
2025-12-02,2025-12-03,open,2025-12-04,2025-12-04,0,1,EXECUTED_ON_TIME,open,58,27,31,-0.013361127778113572,-0.004608319213874057,-0.008752808564239515,1.1111111111111127e-05,1.1111111111111127e-05,1.8518518518518545e-05,1.4814814814814837e-05,5.555555555555564e-05,-0.013416683333669127,-0.007063334630741563,0.03703703703703709,1.0,0.5185185185185186,3.2930073904773423,1.0034350743106764
2025-12-03,2025-12-04,open,2025-12-05,2025-12-05,0,1,EXECUTED_ON_TIME,open,59,29,30,0.0030036276458146214,0.0031555496735484745,-0.00015192202773385306,3.1034482758620685e-05,3.1034482758620685e-05,5.1724137931034475e-05,4.137931034482758e-05,0.00015517241379310343,0.002848455232021518,0.0007778001774141059,0.10344827586206895,1.0,0.5517241379310345,3.302387374607833,1.0066014635318445
2025-12-04,2025-12-05,open,2025-12-08,2025-12-08,0,1,EXECUTED_ON_TIME,open,59,29,30,0.013573935472811868,0.00994611586079408,0.003627819612017788,0.0,0.0,0.0,0.0,0.0,0.013573935472811868,0.005851238329260701,0.0,1.0,0.5,3.3472137677369886,1.0166132383137771
2025-12-05,2025-12-08,open,2025-12-09,2025-12-09,0,1,EXECUTED_ON_TIME,open,59,28,31,-0.00021334550773079758,0.0039709218530241674,-0.004184267360754965,0.0,0.0,0.0,0.0,0.0,-0.00021334550773079758,-0.004856612569997063,0.0,1.0,0.5,3.3464996547162276,1.020650130037871
2025-12-08,2025-12-09,open,2025-12-10,2025-12-10,0,1,EXECUTED_ON_TIME,open,59,30,29,-0.0028502257562314577,-0.005448478643806931,0.0025982528875754733,2.999999999999999e-05,2.999999999999999e-05,4.999999999999999e-05,3.999999999999999e-05,0.00014999999999999996,-0.0030002257562314577,0.0005659273779415048,0.09999999999999998,1.0,0.55,3.3364594002589283,1.0150891396015609
2025-12-09,2025-12-10,open,2025-12-11,2025-12-11,0,1,EXECUTED_ON_TIME,open,59,28,31,0.009716056781488085,0.002384516862781627,0.007331539918706458,1.0714285714285709e-05,1.0714285714285709e-05,1.785714285714285e-05,1.428571428571428e-05,5.357142857142854e-05,0.009662485352916656,0.011991863281560523,0.0357142857142857,1.0,0.5178571428571428,3.368697890344531,1.0175096367721672
2025-12-10,2025-12-11,open,2025-12-12,2025-12-12,0,1,EXECUTED_ON_TIME,open,59,25,34,-0.008250750497084259,-0.008364239894370074,0.00011348939728581496,0.0,0.0,0.0,0.0,0.0,-0.008250750497084259,-0.0008612991411338306,0.0,1.0,0.5,3.340903604551244,1.0089989420753716
2025-12-11,2025-12-12,open,2025-12-15,2025-12-15,0,1,EXECUTED_ON_TIME,open,59,26,33,0.00617673397088754,-0.0019161004646462976,0.008092834435533838,2.307692307692306e-05,2.307692307692306e-05,3.8461538461538436e-05,3.076923076923075e-05,0.00011538461538461531,0.006061349355502925,0.008114496395613836,0.07692307692307687,1.0,0.5384615384615384,3.361153988461488,1.0070655987336332
2025-12-12,2025-12-15,open,2025-12-16,2025-12-16,0,1,EXECUTED_ON_TIME,open,59,26,33,-0.006663442353658382,-0.0016659329675167145,-0.004997509386141668,1.153846153846153e-05,1.153846153846153e-05,1.9230769230769218e-05,1.5384615384615374e-05,5.769230769230766e-05,-0.0067211346613506905,-0.00578505202410631,0.038461538461538436,1.0,0.5192307692307692,3.338563219887502,1.005387894952251
2025-12-15,2025-12-16,open,2025-12-17,2025-12-17,0,1,EXECUTED_ON_TIME,open,59,27,32,-0.014110692693745706,-0.009389262074447902,-0.004721430619297804,1.1111111111111127e-05,1.1111111111111127e-05,1.8518518518518545e-05,1.4814814814814837e-05,5.555555555555564e-05,-0.014166248249301261,-0.006830686719451895,0.03703703703703709,1.0,0.5185185185185186,3.2912683045185895,0.9959480445200668
2025-12-16,2025-12-17,open,2025-12-18,2025-12-18,0,1,EXECUTED_ON_TIME,open,59,28,31,0.0039125579893366435,0.012046385450999342,-0.008133827461662697,2.1428571428571418e-05,2.1428571428571418e-05,3.57142857142857e-05,2.857142857142856e-05,0.00010714285714285708,0.0038054151321937867,-0.00713190321466647,0.0714285714285714,1.0,0.5357142857142857,3.3037929467287146,1.0079456185535245
2025-12-17,2025-12-18,open,2025-12-19,2025-12-19,0,1,EXECUTED_ON_TIME,open,59,28,31,0.0004064662436032508,0.0016236350672673705,-0.0012171688236641198,1.0714285714285709e-05,1.0714285714285709e-05,1.785714285714285e-05,1.428571428571428e-05,5.357142857142854e-05,0.0003528948150318223,-0.004617634255693143,0.0357142857142857,1.0,0.5178571428571428,3.304958838129554,1.0095821544057064
2025-12-18,2025-12-19,open,2025-12-22,2025-12-22,0,1,EXECUTED_ON_TIME,open,59,29,30,0.004621364027070274,0.005764711633975184,-0.0011433476069049094,2.06896551724138e-05,2.06896551724138e-05,3.448275862068967e-05,2.7586206896551737e-05,0.00010344827586206902,0.004517915751208205,0.000846856150943319,0.06896551724137934,1.0,0.5344827586206897,3.3198903637214343,1.0154021043966628
2025-12-19,2025-12-22,open,2025-12-23,2025-12-23,0,1,EXECUTED_ON_TIME,open,59,28,31,0.008110819934920596,0.006181354012539719,0.0019294659223808765,1.0714285714285709e-05,1.0714285714285709e-05,1.785714285714285e-05,1.428571428571428e-05,5.357142857142854e-05,0.008057248506349167,0.004388112095558019,0.0357142857142857,1.0,0.5178571428571428,3.3466395453957722,1.0216786642690163
2025-12-22,2025-12-23,open,2025-12-24,2025-12-24,0,1,EXECUTED_ON_TIME,open,59,29,30,-0.004260033086652371,0.0016587861506847101,-0.005918819237337081,2.06896551724138e-05,2.06896551724138e-05,3.448275862068967e-05,2.7586206896551737e-05,0.00010344827586206902,-0.00436348136251444,-0.008436954308955563,0.06896551724137934,1.0,0.5344827586206897,3.332036546112384,1.023373410687756
2025-12-23,2025-12-24,open,2025-12-25,2025-12-25,0,1,EXECUTED_ON_TIME,open,59,27,32,0.00737367163357603,0.001219157974281515,0.006154513659294515,2.222222222222222e-05,2.222222222222222e-05,3.7037037037037037e-05,2.962962962962963e-05,0.00011111111111111112,0.007262560522464919,0.00994811254496962,0.07407407407407407,1.0,0.537037037037037,3.3562356631915904,1.0246210645420635
2025-12-24,2025-12-25,open,2025-12-26,2025-12-26,0,1,EXECUTED_ON_TIME,open,59,27,32,0.006874691272384932,0.002261671260573861,0.004613020011811071,1.1111111111111127e-05,1.1111111111111127e-05,1.8518518518518545e-05,1.4814814814814837e-05,5.555555555555564e-05,0.006819135716829377,0.005619314902504453,0.03703703703703709,1.0,0.5185185185185186,3.379122289676557,1.026938420556717
2025-12-25,2025-12-26,open,2025-12-29,2025-12-29,0,1,EXECUTED_ON_TIME,open,59,27,32,0.0012272059036191,0.0039818612480306825,-0.0027546553444115825,1.1111111111111127e-05,1.1111111111111127e-05,1.8518518518518545e-05,1.4814814814814837e-05,5.555555555555564e-05,0.0011716503480635443,-0.00016896780664065348,0.03703703703703709,1.0,0.5185185185185186,3.3830814394834055,1.0310275468576455
2025-12-26,2025-12-29,open,2025-12-30,2025-12-30,0,1,EXECUTED_ON_TIME,open,59,27,32,-0.006950782495258773,-0.008790611955309613,0.0018398294600508397,3.333333333333335e-05,3.333333333333335e-05,5.555555555555558e-05,4.444444444444447e-05,0.00016666666666666674,-0.00711744916192544,-0.0041480990688719365,0.11111111111111116,1.0,0.5555555555555556,3.3590025293272285,1.0219641837779851
2025-12-29,2025-12-30,open,2025-12-31,2025-12-31,0,1,EXECUTED_ON_TIME,open,59,29,30,-0.003584898258605031,0.00848198390580146,-0.012066882164406491,3.1034482758620685e-05,3.1034482758620685e-05,5.1724137931034475e-05,4.137931034482758e-05,0.00015517241379310343,-0.0037400706723981344,-0.008840668574319688,0.10344827586206895,1.0,0.5517241379310345,3.3464396224787807,1.0306324675370955
2025-12-30,2025-12-31,open,2026-01-05,2026-01-05,0,1,EXECUTED_ON_TIME,open,59,28,31,-0.0020682411328706574,0.001102979074322219,-0.0031712202071928763,1.0714285714285709e-05,1.0714285714285709e-05,1.785714285714285e-05,1.428571428571428e-05,5.357142857142854e-05,-0.002121812561442086,-0.001511405833918015,0.0357142857142857,1.0,0.5178571428571428,3.339339104851698,1.031769233582106
2025-12-31,2026-01-05,open,2026-01-06,2026-01-06,0,1,EXECUTED_ON_TIME,open,59,28,31,0.01642624924800422,0.012354728489004652,0.00407152075899957,0.0,0.0,0.0,0.0,0.0,0.01642624924800422,0.007844003010396764,0.0,1.0,0.5,3.394191921311599,1.0445164623263214
2026-01-05,2026-01-06,open,2026-01-07,2026-01-07,0,1,EXECUTED_ON_TIME,open,59,26,33,0.01777746901150504,0.016469921124493636,0.0013075478870114045,0.0,0.0,0.0,0.0,0.0,0.01777746901150504,0.003505412398304748,0.0,1.0,0.5,3.454532063011817,1.061719566074071
2026-01-06,2026-01-07,open,2026-01-08,2026-01-08,0,1,EXECUTED_ON_TIME,open,59,27,32,-0.00243086321219679,-0.007488741767137097,0.005057878554940307,2.222222222222222e-05,2.222222222222222e-05,3.7037037037037037e-05,2.962962962962963e-05,0.00011111111111111112,-0.0025419743233079015,0.003128443704865098,0.07407407407407407,1.0,0.537037037037037,3.445750731208597,1.0537686224146254
2026-01-07,2026-01-08,open,2026-01-09,2026-01-09,0,1,EXECUTED_ON_TIME,open,59,28,31,0.005594827031495656,-0.007362721909275116,0.012957548940770773,2.1428571428571418e-05,2.1428571428571418e-05,3.57142857142857e-05,2.857142857142856e-05,0.00010714285714285708,0.005487684174352799,0.01226692082230269,0.0714285714285714,1.0,0.5357142857142857,3.464659922965015,1.0460100170910667
2026-01-08,2026-01-09,open,2026-01-12,2026-01-12,0,1,EXECUTED_ON_TIME,open,59,27,32,0.01763290853729342,0.009245323222365265,0.008387585314928156,1.1111111111111127e-05,1.1111111111111127e-05,1.8518518518518545e-05,1.4814814814814837e-05,5.555555555555564e-05,0.017577352981737866,0.01552039221568534,0.03703703703703709,1.0,0.5185185185185186,3.525559473392651,1.0556807177929053
2026-01-09,2026-01-12,open,2026-01-13,2026-01-13,0,1,EXECUTED_ON_TIME,open,59,26,33,0.02387398150083667,0.005954105647165031,0.01791987585367164,1.153846153846153e-05,1.153846153846153e-05,1.9230769230769218e-05,1.5384615384615374e-05,5.769230769230766e-05,0.023816289193144363,0.02006700597507383,0.038461538461538436,1.0,0.5192307692307692,3.6095252173786005,1.0619663523163192
2026-01-12,2026-01-13,open,2026-01-14,2026-01-14,0,1,EXECUTED_ON_TIME,open,59,24,35,-0.009904374365604407,-0.006326112968000119,-0.0035782613976042873,0.0,0.0,0.0,0.0,0.0,-0.009904374365604407,-0.001980587007031527,0.0,1.0,0.5,3.573775128343593,1.055248233203351
2026-01-13,2026-01-14,open,2026-01-15,2026-01-15,0,1,EXECUTED_ON_TIME,open,59,25,34,0.0005078099499195731,-0.009627081928042514,0.010134891877962087,3.5999999999999994e-05,3.5999999999999994e-05,6e-05,4.8e-05,0.00018,0.0003278099499195731,0.012621839722168108,0.12,1.0,0.56,3.574946647389439,1.0450892720078802
2026-01-14,2026-01-15,open,2026-01-16,2026-01-16,0,1,EXECUTED_ON_TIME,open,59,25,34,0.0005748885665635495,0.011993950608211401,-0.011419062041647852,2.3999999999999987e-05,2.3999999999999987e-05,3.999999999999998e-05,3.1999999999999985e-05,0.00011999999999999995,0.0004548885665635496,-0.008710159438353893,0.07999999999999996,1.0,0.54,3.5765728497454115,1.0576240211175143
2026-01-15,2026-01-16,open,2026-01-19,2026-01-19,0,1,EXECUTED_ON_TIME,open,59,28,31,-0.0017784158387902768,-0.012187057255207412,0.010408641416417135,4.285714285714287e-05,4.285714285714287e-05,7.142857142857145e-05,5.714285714285716e-05,0.00021428571428571433,-0.001992701553075991,0.011388959736572581,0.1428571428571429,1.0,0.5714285714285714,3.5694458074730346,1.0447346966176725
2026-01-16,2026-01-19,open,2026-01-20,2026-01-20,0,1,EXECUTED_ON_TIME,open,59,26,33,0.009142119793095815,0.0035411672610983214,0.005600952531997494,0.0,0.0,0.0,0.0,0.0,0.009142119793095815,0.007482179734285806,0.0,1.0,0.5,3.6020781086399167,1.0484342769218684
2026-01-19,2026-01-20,open,2026-01-21,2026-01-21,0,1,EXECUTED_ON_TIME,open,59,26,33,-0.006505175565061869,-0.004719532353369527,-0.0017856432116923424,1.153846153846153e-05,1.153846153846153e-05,1.9230769230769218e-05,1.5384615384615374e-05,5.769230769230766e-05,-0.006562867872754177,-0.003803300874766925,0.038461538461538436,1.0,0.5192307692307692,3.5784381459455727,1.0434861574315542
2026-01-20,2026-01-21,open,2026-01-22,2026-01-22,0,1,EXECUTED_ON_TIME,open,59,25,34,0.017490817652623624,0.005769580749313663,0.011721236903309961,1.2000000000000009e-05,1.2000000000000009e-05,2.000000000000002e-05,1.6000000000000016e-05,6.0000000000000056e-05,0.017430817652623623,0.016706014478892,0.040000000000000036,1.0,0.52,3.6408132487487426,1.0495066350776465
2026-01-21,2026-01-22,open,2026-01-23,2026-01-23,0,1,EXECUTED_ON_TIME,open,59,25,34,0.010300571007034853,-0.0025665602714607383,0.012867131278495592,2.3999999999999987e-05,2.3999999999999987e-05,3.999999999999998e-05,3.1999999999999985e-05,0.00011999999999999995,0.010180571007034853,0.015803491996432127,0.07999999999999996,1.0,0.54,3.677878806550982,1.046813013043422
2026-01-22,2026-01-23,open,2026-01-26,2026-01-26,0,1,EXECUTED_ON_TIME,open,59,24,35,0.024584712619274904,-0.003004491937453335,0.02758920455672824,0.0,0.0,0.0,0.0,0.0,0.024584712619274904,0.032304886643449895,0.0,1.0,0.5,3.7682984000585598,1.0436678717857117
2026-01-23,2026-01-26,open,2026-01-27,2026-01-27,0,1,EXECUTED_ON_TIME,open,59,27,32,-0.010742696984086282,-0.0021633486202051744,-0.008579348363881108,4.444444444444444e-05,4.444444444444444e-05,7.407407407407407e-05,5.925925925925926e-05,0.00022222222222222223,-0.010964919206308505,-0.011640411693622968,0.14814814814814814,1.0,0.5740740740740741,3.726979312556656,1.0414100543353317
2026-01-26,2026-01-27,open,2026-01-28,2026-01-28,0,1,EXECUTED_ON_TIME,open,59,26,33,-0.0021847170052364676,0.004341390987878446,-0.006526107993114914,0.0,0.0,0.0,0.0,0.0,-0.0021847170052364676,-0.005832906853864698,0.0,1.0,0.5,3.718836917474349,1.0459312225599091
2026-01-27,2026-01-28,open,2026-01-29,2026-01-29,0,1,EXECUTED_ON_TIME,open,59,25,34,-0.0019525115593007891,0.001584348742096564,-0.0035368603013973534,0.0,0.0,0.0,0.0,0.0,-0.0019525115593007891,-0.004090813396735969,0.0,1.0,0.5,3.711575845405826,1.0475883423766914
2026-01-28,2026-01-29,open,2026-01-30,2026-01-30,0,1,EXECUTED_ON_TIME,open,59,26,33,0.0037858989356386276,-0.0021142645139916594,0.005900163449630287,2.307692307692306e-05,2.307692307692306e-05,3.8461538461538436e-05,3.076923076923075e-05,0.00011538461538461531,0.0036705143202540123,0.004329412972832555,0.07692307692307687,1.0,0.5384615384615384,3.725199237697097,1.045373463519133
2026-01-29,2026-01-30,open,2026-02-02,2026-02-02,0,1,EXECUTED_ON_TIME,open,59,26,33,-0.01257546889850247,-0.010333297269303765,-0.0022421716291987047,1.153846153846153e-05,1.153846153846153e-05,1.9230769230769218e-05,1.5384615384615374e-05,5.769230769230766e-05,-0.012633161206194777,0.0016213007901437308,0.038461538461538436,1.0,0.5192307692307692,3.678138195202076,1.034571308763148
2026-01-30,2026-02-02,open,2026-02-03,2026-02-03,0,1,EXECUTED_ON_TIME,open,59,25,34,-0.004331346697038079,-0.005545029861309003,0.0012136831642709242,2.3999999999999987e-05,2.3999999999999987e-05,3.999999999999998e-05,3.1999999999999985e-05,0.00011999999999999995,-0.004451346697038079,0.0005699005912082064,0.07999999999999996,1.0,0.54,3.6617655268956137,1.0288345799624028
2026-02-02,2026-02-03,open,2026-02-04,2026-02-04,0,1,EXECUTED_ON_TIME,open,59,25,34,0.01542085381972814,-8.390061262508741e-05,0.015504754432353227,1.2000000000000009e-05,1.2000000000000009e-05,2.000000000000002e-05,1.6000000000000016e-05,6.0000000000000056e-05,0.01536085381972814,0.02050951170035213,0.040000000000000036,1.0,0.52,3.718013371876377,1.0287482601108542
2026-02-03,2026-02-04,open,2026-02-05,2026-02-05,0,1,EXECUTED_ON_TIME,open,59,26,33,0.00315311677676837,0.00361039568482302,-0.0004572789080546499,2.307692307692306e-05,2.307692307692306e-05,3.8461538461538436e-05,3.076923076923075e-05,0.00011538461538461531,0.003037732161383755,-0.0023180187087442957,0.07692307692307687,1.0,0.5384615384615384,3.7293077006725803,1.0324624483899276
2026-02-04,2026-02-05,open,2026-02-06,2026-02-06,0,1,EXECUTED_ON_TIME,open,59,25,34,-0.002668277496763585,-0.008955038943153859,0.006286761446390274,1.2000000000000009e-05,1.2000000000000009e-05,2.000000000000002e-05,1.6000000000000016e-05,6.0000000000000056e-05,-0.002728277496763585,0.0036060720048063702,0.040000000000000036,1.0,0.52,3.719133114394328,1.0232167069572518
2026-02-05,2026-02-06,open,2026-02-09,2026-02-09,0,1,EXECUTED_ON_TIME,open,59,27,32,0.009181058434342233,0.01529253348763504,-0.0061114750532928076,2.222222222222222e-05,2.222222222222222e-05,3.7037037037037037e-05,2.962962962962963e-05,0.00011111111111111112,0.009069947323231123,-0.0032942350151316194,0.07407407407407407,1.0,0.537037037037037,3.752865455829969,1.0388642827135033
2026-02-06,2026-02-09,open,2026-02-10,2026-02-10,0,1,EXECUTED_ON_TIME,open,59,23,36,0.008794112645412947,0.005237477182044259,0.003556635463368688,0.0,0.0,0.0,0.0,0.0,0.008794112645412947,0.0026701586371677827,0.0,1.0,0.5,3.785868577391617,1.044305310689456
2026-02-09,2026-02-10,open,2026-02-11,2026-02-11,0,1,EXECUTED_ON_TIME,open,59,26,33,0.010734934754328594,-0.0005478720416763894,0.011282806796004984,3.4615384615384625e-05,3.4615384615384625e-05,5.769230769230771e-05,4.615384615384617e-05,0.00017307692307692315,0.01056185783125167,0.011281469504110091,0.11538461538461542,1.0,0.5576923076923077,3.82585438307383,1.043733165006755
2026-02-10,2026-02-11,open,2026-02-12,2026-02-12,0,1,EXECUTED_ON_TIME,open,59,25,34,-0.0033517320325684307,0.0009201237575997556,-0.004271855790168186,3.5999999999999994e-05,3.5999999999999994e-05,6e-05,4.8e-05,0.00018,-0.0035317320325684307,-0.004560928842911404,0.12,1.0,0.56,3.812342490597186,1.0446935286884724
2026-02-11,2026-02-12,open,2026-02-13,2026-02-13,0,1,EXECUTED_ON_TIME,open,59,26,33,-0.003977306153771014,-0.00563515874651932,0.0016578525927483058,2.307692307692306e-05,2.307692307692306e-05,3.8461538461538436e-05,3.076923076923075e-05,0.00011538461538461531,-0.004092690769155629,0.0018767715708724129,0.07692307692307687,1.0,0.5384615384615384,3.7967397516770593,1.0388065148128514
2026-02-12,2026-02-13,open,2026-02-24,2026-02-24,0,1,EXECUTED_ON_TIME,open,59,27,32,-5.383433624280061e-05,0.007219695867248799,-0.0072735302034916,1.1111111111111127e-05,1.1111111111111127e-05,1.8518518518518545e-05,1.4814814814814837e-05,5.555555555555564e-05,-0.00010938989179835625,-0.0038925259045086806,0.03703703703703709,1.0,0.5185185185185186,3.796324426726437,1.046306381914717
2026-02-13,2026-02-24,open,2026-02-25,2026-02-25,0,1,EXECUTED_ON_TIME,open,59,25,34,-0.002637612657155728,-0.002902504941514228,0.00026489228435849993,1.2000000000000009e-05,1.2000000000000009e-05,2.000000000000002e-05,1.6000000000000016e-05,6.0000000000000056e-05,-0.002697612657155728,0.003194503771704264,0.040000000000000036,1.0,0.52,3.7860834139022304,1.0432694724708715
2026-02-24,2026-02-25,open,2026-02-26,2026-02-26,0,1,EXECUTED_ON_TIME,open,59,28,31,0.007393084154814057,0.005901041141808561,0.0014920430130054962,3.2142857142857124e-05,3.2142857142857124e-05,5.357142857142855e-05,4.285714285714284e-05,0.00016071428571428565,0.007232369869099771,0.0023500177455706628,0.1071428571428571,1.0,0.5535714285714286,3.813465769506835,1.049425848549915
2026-02-25,2026-02-26,open,2026-02-27,2026-02-27,0,1,EXECUTED_ON_TIME,open,59,29,30,-0.008302448038508077,-0.009088052237845923,0.0007856041993378454,2.06896551724138e-05,2.06896551724138e-05,3.448275862068967e-05,2.7586206896551737e-05,0.00010344827586206902,-0.008405896314370146,0.0016947733461339983,0.06896551724137934,1.0,0.5344827586206897,3.7814101716499606,1.0398886116185477
2026-02-26,2026-02-27,open,2026-03-02,2026-03-02,0,1,EXECUTED_ON_TIME,open,59,27,32,-0.00651557200409756,-0.0036792031160206573,-0.0028363688880769025,0.0,0.0,0.0,0.0,0.0,-0.00651557200409756,-0.005497249485709478,0.0,1.0,0.5,3.7567721213995484,1.0360626501983663
2026-02-27,2026-03-02,open,2026-03-03,2026-03-03,0,1,EXECUTED_ON_TIME,open,59,30,29,-0.005127757736991808,0.012027735870903111,-0.01715549360789492,2.999999999999999e-05,2.999999999999999e-05,4.999999999999999e-05,3.999999999999999e-05,0.00014999999999999996,-0.005277757736991808,-0.01728826201020374,0.09999999999999998,1.0,0.55,3.736944788269717,1.04852413810066
2026-03-02,2026-03-03,open,2026-03-04,2026-03-04,0,1,EXECUTED_ON_TIME,open,59,28,31,-0.03348813295965995,-0.027045694228546302,-0.0064424387311136505,1.0714285714285709e-05,1.0714285714285709e-05,1.785714285714285e-05,1.428571428571428e-05,5.357142857142854e-05,-0.03354170438823138,-0.018080476368312948,0.0357142857142857,1.0,0.5178571428571428,3.611601290866432,1.0201660748703396
2026-03-03,2026-03-04,open,2026-03-05,2026-03-05,0,1,EXECUTED_ON_TIME,open,59,30,29,0.00464848884508956,0.009274944502203342,-0.004626455657113782,2.999999999999999e-05,2.999999999999999e-05,4.999999999999999e-05,3.999999999999999e-05,0.00014999999999999996,0.00449848884508956,0.0025177558625353942,0.09999999999999998,1.0,0.55,3.627848038986306,1.0296280585977926
2026-03-04,2026-03-05,open,2026-03-06,2026-03-06,0,1,EXECUTED_ON_TIME,open,59,27,32,-0.014607714395519234,-0.006545223478710671,-0.008062490916808563,0.0,0.0,0.0,0.0,0.0,-0.014607714395519234,-0.009641672492303768,0.0,1.0,0.5,3.5748534709624495,1.022888912854319
2026-03-05,2026-03-06,open,2026-03-09,2026-03-09,0,1,EXECUTED_ON_TIME,open,59,30,29,0.0033053637438902957,-0.004595916385480514,0.00790128012937081,2.999999999999999e-05,2.999999999999999e-05,4.999999999999999e-05,3.999999999999999e-05,0.00014999999999999996,0.0031553637438902957,0.0026709683040563757,0.09999999999999998,1.0,0.55,3.586133433994445,1.0181878009392056
2026-03-06,2026-03-09,open,2026-03-10,2026-03-10,0,1,EXECUTED_ON_TIME,open,59,31,28,0.012469785467847461,0.010549634867987656,0.0019201505998598049,9.6774193548387e-06,9.6774193548387e-06,1.6129032258064503e-05,1.2903225806451603e-05,4.838709677419351e-05,0.012421398371073268,0.008357859580129764,0.032258064516129004,1.0,0.5161290322580645,3.630678225989915,1.0289293104661534
2026-03-09,2026-03-10,open,2026-03-11,2026-03-11,0,1,EXECUTED_ON_TIME,open,59,29,30,0.004657020823567988,0.0069366511895043725,-0.002279630365936385,2.06896551724138e-05,2.06896551724138e-05,3.448275862068967e-05,2.7586206896551737e-05,0.00010344827586206902,0.0045535725477059185,-0.00038437251104961236,0.06896551724137934,1.0,0.5344827586206897,3.6472107826893363,1.0360666341915143
2026-03-10,2026-03-11,open,2026-03-12,2026-03-12,0,1,EXECUTED_ON_TIME,open,59,30,29,-0.0009861754938305545,0.00420612377783347,-0.005192299271664025,1.9999999999999995e-05,1.9999999999999995e-05,3.333333333333333e-05,2.6666666666666663e-05,9.999999999999999e-05,-0.0010861754938305546,-0.006809894279587784,0.06666666666666665,1.0,0.5333333333333333,3.643249271716345,1.040424458697007
2026-03-11,2026-03-12,open,2026-03-13,2026-03-13,0,1,EXECUTED_ON_TIME,open,59,29,30,-0.005700551621511994,-0.006734924280764498,0.0010343726592525046,0.0,0.0,0.0,0.0,0.0,-0.005700551621511994,0.00011016594778648532,0.0,1.0,0.5,3.62248074117289,1.0334172787478273
2026-03-12,2026-03-13,open,2026-03-16,2026-03-16,0,1,EXECUTED_ON_TIME,open,59,29,30,0.0018152658818993896,3.469647650855556e-05,0.001780569405390834,0.0,0.0,0.0,0.0,0.0,0.0018152658818993896,0.00125039777924212,0.0,1.0,0.5,3.6290565068701786,1.0334531346861628
2026-03-13,2026-03-16,open,2026-03-17,2026-03-17,0,1,EXECUTED_ON_TIME,open,59,29,30,0.001895483944379129,0.0035007958495885116,-0.0016053119052093826,0.0,0.0,0.0,0.0,0.0,0.001895483944379129,0.0007650203434766919,0.0,1.0,0.5,3.6359353252121958,1.0370710431308163
2026-03-16,2026-03-17,open,2026-03-18,2026-03-18,0,1,EXECUTED_ON_TIME,open,59,30,29,-0.007464511420737337,-0.007857741960956566,0.00039323054021922835,9.999999999999997e-06,9.999999999999997e-06,1.6666666666666664e-05,1.3333333333333332e-05,4.9999999999999996e-05,-0.007514511420737337,-0.0047643883238780715,0.033333333333333326,1.0,0.5166666666666666,3.6086130476858265,1.0289220064787143
2026-03-17,2026-03-18,open,2026-03-19,2026-03-19,0,1,EXECUTED_ON_TIME,open,59,29,30,-0.013434046466304328,-0.008026240160800335,-0.005407806305503993,0.0,0.0,0.0,0.0,0.0,-0.013434046466304328,-0.008480233295623335,0.0,1.0,0.5,3.560134772324303,1.0206636313479835
2026-03-18,2026-03-19,open,2026-03-20,2026-03-20,0,1,EXECUTED_ON_TIME,open,59,29,30,-0.004952174750393403,-0.001869047412521807,-0.003083127337871596,1.0344827586206883e-05,1.0344827586206883e-05,1.7241379310344808e-05,1.3793103448275846e-05,5.172413793103443e-05,-0.005003898888324437,-0.004193944544371629,0.03448275862068961,1.0,0.5172413793103448,3.542320217894784,1.0187559626287574
2026-03-19,2026-03-20,open,2026-03-23,2026-03-23,0,1,EXECUTED_ON_TIME,open,59,28,31,-0.023648852469344252,-0.02253422412038175,-0.0011146283489625007,0.0,0.0,0.0,0.0,0.0,-0.023648852469344252,-0.00474760497156659,0.0,1.0,0.5,3.458548409662615,0.9957990874429058
2026-03-20,2026-03-23,open,2026-03-24,2026-03-24,0,1,EXECUTED_ON_TIME,open,59,29,30,-0.0135166613741926,-0.00893356449067595,-0.0045830968835166505,1.0344827586206883e-05,1.0344827586206883e-05,1.7241379310344808e-05,1.3793103448275846e-05,5.172413793103443e-05,-0.013568385512123634,-0.0010385352657718717,0.03448275862068961,1.0,0.5172413793103448,3.4116214915279706,0.9869030520754783
2026-03-23,2026-03-24,open,2026-03-25,2026-03-25,0,1,EXECUTED_ON_TIME,open,59,26,33,0.0018587736776433576,0.010701725781677052,-0.008842952104033694,0.0,0.0,0.0,0.0,0.0,0.0018587736776433576,-0.007731105517660798,0.0,1.0,0.5,3.4179629237545055,0.9974646179118902
2026-03-24,2026-03-25,open,2026-03-26,2026-03-26,0,1,EXECUTED_ON_TIME,open,59,30,29,0.00875105476198407,0.004150334230161201,0.00460072053182287,3.999999999999999e-05,3.999999999999999e-05,6.666666666666666e-05,5.3333333333333326e-05,0.00019999999999999998,0.00855105476198407,0.004633754795778363,0.1333333333333333,1.0,0.5666666666666667,3.4471901118899613,1.0016044294589845
2026-03-25,2026-03-26,open,2026-03-27,2026-03-27,0,1,EXECUTED_ON_TIME,open,59,30,29,-0.028455783429429497,-0.020733520148479845,-0.0077222632809496525,9.999999999999997e-06,9.999999999999997e-06,1.6666666666666664e-05,1.3333333333333332e-05,4.9999999999999996e-05,-0.0285057834294295,-0.01238211336382394,0.033333333333333326,1.0,0.5166666666666666,3.348925257120355,0.9808376438399901
2026-03-26,2026-03-27,open,2026-03-30,2026-03-30,0,1,EXECUTED_ON_TIME,open,59,31,28,0.00835377309014101,0.006822515972571885,0.001531257117569124,9.6774193548387e-06,9.6774193548387e-06,1.6129032258064503e-05,1.2903225806451603e-05,4.838709677419351e-05,0.008305385993366816,0.0031588933119136115,0.032258064516129004,1.0,0.5161290322580645,3.376739374043675,0.9875294243315882
2026-03-27,2026-03-30,open,2026-03-31,2026-03-31,0,1,EXECUTED_ON_TIME,open,59,29,30,0.002968317037194177,0.006765078264362012,-0.0037967612271678354,0.0,0.0,0.0,0.0,0.0,0.002968317037194177,-0.0013784252152711676,0.0,1.0,0.5,3.386762607057813,0.9942101381755517
2026-03-30,2026-03-31,open,2026-04-01,2026-04-01,0,1,EXECUTED_ON_TIME,open,59,28,31,0.004372605319288443,0.005643687856487167,-0.0012710825371987245,1.0714285714285709e-05,1.0714285714285709e-05,1.785714285714285e-05,1.428571428571428e-05,5.357142857142854e-05,0.004319033890717014,-0.0006961639182067386,0.0357142857142857,1.0,0.5178571428571428,3.401390149537509,0.9998211498591695
2026-03-31,2026-04-01,open,2026-04-02,2026-04-02,0,1,EXECUTED_ON_TIME,open,59,29,30,-0.0027482592651663965,-0.0006264843029155642,-0.0021217749622508323,3.1034482758620685e-05,3.1034482758620685e-05,5.1724137931034475e-05,4.137931034482758e-05,0.00015517241379310343,-0.0029034316789595,-0.0024673521682347815,0.10344827586206895,1.0,0.5517241379310345,3.3915144456248414,0.9991947776030597
2026-04-01,2026-04-02,open,2026-04-03,2026-04-03,0,1,EXECUTED_ON_TIME,open,59,31,28,-0.013861610651381043,-0.004783758435704888,-0.009077852215676155,1.9354838709677434e-05,1.9354838709677434e-05,3.225806451612906e-05,2.580645161290325e-05,9.677419354838719e-05,-0.01395838484492943,-0.013144927215640844,0.06451612903225812,1.0,0.532258064516129,3.3441743817856726,0.9944148711567888
2026-04-02,2026-04-03,open,2026-04-07,2026-04-07,0,1,EXECUTED_ON_TIME,open,59,31,28,-0.0120661275934122,-0.010457736588345035,-0.0016083910050671661,0.0,0.0,0.0,0.0,0.0,-0.0120661275934122,-0.0014138651360050894,0.0,1.0,0.5,3.3038231470004265,0.9840155423746981
2026-04-03,2026-04-07,open,2026-04-08,2026-04-08,0,1,EXECUTED_ON_TIME,open,59,31,28,0.021318044701940115,0.01607765065079647,0.005240394051143644,9.6774193548387e-06,9.6774193548387e-06,1.6129032258064503e-05,1.2903225806451603e-05,4.838709677419351e-05,0.02126965760516592,0.010574482482432819,0.032258064516129004,1.0,0.5161290322580645,3.374094334125147,0.9998362004999526
2026-04-07,2026-04-08,open,2026-04-09,2026-04-09,0,1,EXECUTED_ON_TIME,open,59,28,31,0.008413538209215279,0.010034666418733185,-0.001621128209517906,1.0714285714285709e-05,1.0714285714285709e-05,1.785714285714285e-05,1.428571428571428e-05,5.357142857142854e-05,0.00835996678064385,-0.0002874450387373353,0.0357142857142857,1.0,0.5178571428571428,3.402301650673192,1.0098692232453432
2026-04-08,2026-04-09,open,2026-04-10,2026-04-10,0,1,EXECUTED_ON_TIME,open,59,31,28,-0.0004008404774650791,0.00707414737423484,-0.00747498785169992,2.9032258064516133e-05,2.9032258064516133e-05,4.838709677419356e-05,3.870967741935485e-05,0.0001451612903225807,-0.0005460017677876598,-0.0044434105023998865,0.09677419354838712,1.0,0.5483870967741935,3.4004439879573773,1.0170131869592849
2026-04-09,2026-04-10,open,2026-04-13,2026-04-13,0,1,EXECUTED_ON_TIME,open,59,30,29,-0.0032412207584925504,0.004393086579671079,-0.00763430733816363,0.0,0.0,0.0,0.0,0.0,-0.0032412207584925504,-0.009054374369669112,0.0,1.0,0.5,3.389422398315519,1.0214810139422643
2026-04-10,2026-04-13,open,2026-04-14,2026-04-14,0,1,EXECUTED_ON_TIME,open,59,30,29,0.0165991154495667,0.013215437128247354,0.003383678321319347,0.0,0.0,0.0,0.0,0.0,0.0165991154495667,0.007639278221991794,0.0,1.0,0.5,3.445683812012505,1.0349803320597166
2026-04-13,2026-04-14,open,2026-04-15,2026-04-15,0,1,EXECUTED_ON_TIME,open,59,29,30,0.008705711748103069,0.01080253645968332,-0.002096824711580252,0.0,0.0,0.0,0.0,0.0,0.008705711748103069,0.00048185977349004573,0.0,1.0,0.5,3.475680942054991,1.0461607448318468
2026-04-14,2026-04-15,open,2026-04-16,2026-04-16,0,1,EXECUTED_ON_TIME,open,59,30,29,-0.008148503800790068,-0.006813934132463784,-0.001334569668326284,9.999999999999997e-06,9.999999999999997e-06,1.6666666666666664e-05,1.3333333333333332e-05,4.9999999999999996e-05,-0.008198503800790067,-0.0025490726205306315,0.033333333333333326,1.0,0.5166666666666666,3.4471855586412197,1.0390322744245934
2026-04-15,2026-04-16,open,2026-04-17,2026-04-17,0,1,EXECUTED_ON_TIME,open,59,30,29,0.0020518883392265743,0.007362766648396857,-0.005310878309170283,9.999999999999997e-06,9.999999999999997e-06,1.6666666666666664e-05,1.3333333333333332e-05,4.9999999999999996e-05,0.002001888339226574,-0.004706516338092558,0.033333333333333326,1.0,0.5166666666666666,3.4540864392142137,1.0466824266013348
2026-04-16,2026-04-17,open,2026-04-20,2026-04-20,0,1,EXECUTED_ON_TIME,open,59,31,28,0.001914165899137757,-0.0003867629380026605,0.0023009288371404176,9.6774193548387e-06,9.6774193548387e-06,1.6129032258064503e-05,1.2903225806451603e-05,4.838709677419351e-05,0.0018657788023635636,0.0007694328853631556,0.032258064516129004,1.0,0.5161290322580645,3.4605310004740306,1.0462776086308667
2026-04-17,2026-04-20,open,2026-04-21,2026-04-21,0,1,EXECUTED_ON_TIME,open,59,30,29,0.011153712674088611,0.004939323053178235,0.006214389620910376,0.0,0.0,0.0,0.0,0.0,0.011153712674088611,0.007473646253427997,0.0,1.0,0.5,3.4991287689530943,1.0514455117432013
2026-04-20,2026-04-21,open,2026-04-22,2026-04-22,0,1,EXECUTED_ON_TIME,open,59,30,29,-0.010821914944958873,0.00016082466848343913,-0.010982739613442313,9.999999999999997e-06,9.999999999999997e-06,1.6666666666666664e-05,1.3333333333333332e-05,4.9999999999999996e-05,-0.010871914944958873,-0.014006766867390554,0.033333333333333326,1.0,0.5166666666666666,3.461086538595578,1.0516146101190558
2026-04-21,2026-04-22,open,2026-04-23,2026-04-23,0,1,EXECUTED_ON_TIME,open,59,30,29,0.006759355888452775,0.013627488514145192,-0.006868132625692417,0.0,0.0,0.0,0.0,0.0,0.006759355888452775,-0.005293918291359695,0.0,1.0,0.5,3.484481254270678,1.0659454761397604
2026-04-22,2026-04-23,open,2026-04-24,2026-04-24,0,1,EXECUTED_ON_TIME,open,59,30,29,-0.0028680843119262187,-0.009196792293730938,0.0063287079818047185,9.999999999999997e-06,9.999999999999997e-06,1.6666666666666664e-05,1.3333333333333332e-05,4.9999999999999996e-05,-0.002918084311926219,0.003993342679335847,0.033333333333333326,1.0,0.5166666666666666,3.47431324418739,1.0561421969992608
2026-04-23,2026-04-24,open,2026-04-27,2026-04-27,0,1,EXECUTED_ON_TIME,open,59,31,28,-0.004408454538535197,0.0009640099460679341,-0.0053724644846031315,1.9354838709677434e-05,1.9354838709677434e-05,3.225806451612906e-05,2.580645161290325e-05,9.677419354838719e-05,-0.004505228732083585,-0.007205428865145672,0.06451612903225812,1.0,0.532258064516129,3.458660668335418,1.0571603285816302
2026-04-24,2026-04-27,open,2026-04-28,2026-04-28,0,1,EXECUTED_ON_TIME,open,59,30,29,0.00033995891653980647,-0.004031961744726864,0.00437192066126667,0.0,0.0,0.0,0.0,0.0,0.00033995891653980647,0.0012896996624963556,0.0,1.0,0.5,3.4598364708689044,1.0528978985787463
2026-04-27,2026-04-28,open,2026-04-29,2026-04-29,0,1,EXECUTED_ON_TIME,open,59,30,29,-0.010021209597955872,-0.0040993660602929305,-0.0059218435376629415,1.9999999999999995e-05,1.9999999999999995e-05,3.333333333333333e-05,2.6666666666666663e-05,9.999999999999999e-05,-0.010121209597955871,-0.00975594129438657,0.06666666666666665,1.0,0.5333333333333333,3.4248187407725883,1.0485816846683589
2026-04-28,2026-04-29,open,2026-04-30,2026-04-30,0,1,EXECUTED_ON_TIME,open,59,30,29,0.016306619834803093,0.017603094916049944,-0.0012964750812468513,1.9999999999999995e-05,1.9999999999999995e-05,3.333333333333333e-05,2.6666666666666663e-05,9.999999999999999e-05,0.016206619834803093,0.0004736946609681554,0.06666666666666665,1.0,0.5333333333333333,3.4803234761073982,1.0670399675908075
2026-04-29,2026-04-30,open,2026-05-06,2026-05-06,0,1,EXECUTED_ON_TIME,open,59,30,29,0.00902034915158891,0.007608839047395621,0.001411510104193289,1.9999999999999995e-05,1.9999999999999995e-05,3.333333333333333e-05,2.6666666666666663e-05,9.999999999999999e-05,0.00892034915158891,0.005066724269392372,0.06666666666666665,1.0,0.5333333333333333,3.5113691766747483,1.0751589029613442
2026-04-30,2026-05-06,open,2026-05-07,2026-05-07,0,1,EXECUTED_ON_TIME,open,59,31,28,0.013219758371138467,0.007852761847591427,0.00536699652354704,1.9354838709677434e-05,1.9354838709677434e-05,3.225806451612906e-05,2.580645161290325e-05,9.677419354838719e-05,0.01312298417759008,0.010622516012860652,0.06451612903225812,1.0,0.532258064516129,3.557448818821929,1.0836018697746173
2026-05-06,2026-05-07,open,2026-05-08,2026-05-08,0,1,EXECUTED_ON_TIME,open,59,30,29,-0.0006560680565175188,-0.005041259855386393,0.004385191798868874,0.0,0.0,0.0,0.0,0.0,-0.0006560680565175188,0.004939388187566556,0.0,1.0,0.5,3.555114890289204,1.0781391511693008
2026-05-07,2026-05-08,open,2026-05-11,2026-05-11,0,1,EXECUTED_ON_TIME,open,59,31,28,0.006859639821913019,0.0063966821586580735,0.0004629576632549457,9.6774193548387e-06,9.6774193548387e-06,1.6129032258064503e-05,1.2903225806451603e-05,4.838709677419351e-05,0.006811252725138826,0.002924631961773073,0.032258064516129004,1.0,0.5161290322580645,3.5793296762738676,1.0850356646421362
2026-05-08,2026-05-11,open,2026-05-12,2026-05-12,0,1,EXECUTED_ON_TIME,open,59,29,30,0.008543014832219909,0.0127981318072945,-0.00425511697507459,0.0,0.0,0.0,0.0,0.0,0.008543014832219909,-0.004958545948682853,0.0,1.0,0.5,3.60990794278768,1.0989220940938416
2026-05-11,2026-05-12,open,2026-05-13,2026-05-13,0,1,EXECUTED_ON_TIME,open,59,30,29,-0.00849358522878673,-0.009182846869840167,0.0006892616410534361,1.9999999999999995e-05,1.9999999999999995e-05,3.333333333333333e-05,2.6666666666666663e-05,9.999999999999999e-05,-0.00859358522878673,-0.0014919613235760713,0.06666666666666665,1.0,0.5333333333333333,3.57888589121326,1.0888308607818937
2026-05-12,2026-05-13,open,2026-05-14,2026-05-14,0,1,EXECUTED_ON_TIME,open,59,30,29,0.014503697851675042,0.021997692819790915,-0.0074939949681158725,0.0,0.0,0.0,0.0,0.0,0.014503697851675042,-0.0019103255168867843,0.0,1.0,0.5,3.63079297082504,1.1127826275900823
2026-05-13,2026-05-14,open,2026-05-15,2026-05-15,0,1,EXECUTED_ON_TIME,open,59,30,29,-0.023628881546492533,-0.023076229985394603,-0.0005526515610979298,0.0,0.0,0.0,0.0,0.0,-0.023628881546492533,-0.0038504532988066706,0.0,1.0,0.5,3.5450013937975773,1.0871037997520618
2026-05-14,2026-05-15,open,2026-05-18,2026-05-18,0,1,EXECUTED_ON_TIME,open,59,30,29,-0.024034003642965655,-0.015329559155814576,-0.008704444487151079,9.999999999999997e-06,9.999999999999997e-06,1.6666666666666664e-05,1.3333333333333332e-05,4.9999999999999996e-05,-0.024084003642965656,-0.01420625588390586,0.033333333333333326,1.0,0.5166666666666666,3.4596235673150377,1.0704389777452519
2026-05-15,2026-05-18,open,2026-05-19,2026-05-19,0,1,EXECUTED_ON_TIME,open,59,30,29,-0.004997306387779221,-0.003644086248061229,-0.001353220139717992,0.0,0.0,0.0,0.0,0.0,-0.004997306387779221,-0.0035797880717727973,0.0,1.0,0.5,3.442334768362783,1.0665382057870616
2026-05-18,2026-05-19,open,2026-05-20,2026-05-20,0,1,EXECUTED_ON_TIME,open,59,29,30,0.002341836332469427,0.0022636787269609826,7.81576055084443e-05,0.0,0.0,0.0,0.0,0.0,0.002341836332469427,8.317714074184855e-05,0.0,1.0,0.5,3.450396152991858,1.0689525056349929
2026-05-19,2026-05-20,open,2026-05-21,2026-05-21,0,1,EXECUTED_ON_TIME,open,59,29,30,0.0020826202582979736,0.011724748960216802,-0.009642128701918828,0.0,0.0,0.0,0.0,0.0,0.0020826202582979736,-0.005925019288576857,0.0,1.0,0.5,3.4575820179192323,1.081485705413958
2026-05-20,2026-05-21,open,2026-05-22,2026-05-22,0,1,EXECUTED_ON_TIME,open,59,30,29,-0.010550011456660265,-0.013792816929339646,0.0032428054726793814,9.999999999999997e-06,9.999999999999997e-06,1.6666666666666664e-05,1.3333333333333332e-05,4.9999999999999996e-05,-0.010600011456660265,-0.0027446197742250064,0.033333333333333326,1.0,0.5166666666666666,3.420931608916946,1.0665689710674855
2026-05-21,2026-05-22,open,2026-05-25,2026-05-25,0,1,EXECUTED_ON_TIME,open,59,28,31,-0.002801474133456054,0.011279053648551418,-0.014080527782007472,0.0,0.0,0.0,0.0,0.0,-0.002801474133456054,-0.016912347596436537,0.0,1.0,0.5,3.411347957502243,1.078598859712036
2026-05-22,2026-05-25,open,2026-05-26,2026-05-26,0,1,EXECUTED_ON_TIME,open,59,29,30,0.0028676516014263013,0.00552389027652489,-0.0026562386750985886,1.0344827586206883e-05,1.0344827586206883e-05,1.7241379310344808e-05,1.3793103448275846e-05,5.172413793103443e-05,0.0028159274634952667,-0.003543567254455087,0.03448275862068961,1.0,0.5172413793103448,3.420954065903312,1.08455692146547
2026-05-25,2026-05-26,open,2026-05-27,2026-05-27,0,1,EXECUTED_ON_TIME,open,59,30,29,0.0015260397145734498,0.008332457503548385,-0.006806417788974935,1.9999999999999995e-05,1.9999999999999995e-05,3.333333333333333e-05,2.6666666666666663e-05,9.999999999999999e-05,0.0014260397145734497,-0.009293436549450002,0.06666666666666665,1.0,0.5333333333333333,3.425832482263022,1.0935939459237602
2026-05-26,2026-05-27,open,2026-05-28,2026-05-28,0,1,EXECUTED_ON_TIME,open,59,31,28,-0.0038196779037185245,-0.01045933520814335,0.006639657304424826,9.6774193548387e-06,9.6774193548387e-06,1.6129032258064503e-05,1.2903225806451603e-05,4.838709677419351e-05,-0.0038680650004927182,0.0074886245409724085,0.032258064516129004,1.0,0.5161290322580645,3.4125811395408294,1.0821556802617474
2026-05-27,2026-05-28,open,2026-05-29,2026-05-29,0,1,EXECUTED_ON_TIME,open,59,29,30,-0.003930268286221683,0.009867738838508666,-0.013798007124730349,0.0,0.0,0.0,0.0,0.0,-0.003930268286221683,-0.01188050433751156,0.0,1.0,0.5,3.399168780113934,1.092834109897179
2026-05-28,2026-05-29,open,2026-06-01,2026-06-01,0,1,EXECUTED_ON_TIME,open,59,27,32,-0.0022401189807079685,-0.008023271639643559,0.00578315265893559,0.0,0.0,0.0,0.0,0.0,-0.0022401189807079685,-0.0007750365687865819,0.0,1.0,0.5,3.3915542376109706,1.084066004976406
2026-05-29,2026-06-01,open,2026-06-02,2026-06-02,0,1,EXECUTED_ON_TIME,open,59,29,30,0.0006836156488672123,-0.007612450813073379,0.008296066461940591,2.06896551724138e-05,2.06896551724138e-05,3.448275862068967e-05,2.7586206896551737e-05,0.00010344827586206902,0.0005801673730051433,0.011281867422379459,0.06896551724137934,1.0,0.5344827586206897,3.3935219067234095,1.075813605835398
2026-06-01,2026-06-02,open,2026-06-03,2026-06-03,0,1,EXECUTED_ON_TIME,open,59,30,29,-0.016476049033911533,0.012494928622157175,-0.028970977656068708,9.999999999999997e-06,9.999999999999997e-06,1.6666666666666664e-05,1.3333333333333332e-05,4.9999999999999996e-05,-0.016526049033911534,-0.031955469969811794,0.033333333333333326,1.0,0.5166666666666666,3.3374403972952456,1.0892558200510567
2026-06-02,2026-06-03,open,2026-06-04,2026-06-04,0,1,EXECUTED_ON_TIME,open,59,31,28,-0.0125582870739683,-0.004882608311345904,-0.007675678762622396,1.9354838709677434e-05,1.9354838709677434e-05,3.225806451612906e-05,2.580645161290325e-05,9.677419354838719e-05,-0.012655061267516686,-0.006777865942869162,0.06451612903225812,1.0,0.532258064516129,3.295204884590789,1.0839374105308934
2026-06-03,2026-06-04,open,2026-06-05,2026-06-05,0,1,EXECUTED_ON_TIME,open,59,31,28,-0.0011557939120904694,-0.0021136067184555074,0.000957812806365038,0.0,0.0,0.0,0.0,0.0,-0.0011557939120904694,-0.0014591218570705537,0.0,1.0,0.5,3.2913963068460883,1.0816463931376101
2026-06-04,2026-06-05,open,2026-06-08,2026-06-08,0,1,EXECUTED_ON_TIME,open,59,28,31,-0.027800535639360437,-0.03748584244004205,0.009685306800681612,1.0714285714285709e-05,1.0714285714285709e-05,1.785714285714285e-05,1.428571428571428e-05,5.357142857142854e-05,-0.027854107067931864,0.0025874667649910497,0.0357142857142857,1.0,0.5178571428571428,3.199717401712202,1.0410999668686138
2026-06-05,2026-06-08,open,2026-06-09,2026-06-09,0,1,EXECUTED_ON_TIME,open,59,30,29,-0.004753509442623608,0.00843535604290424,-0.013188865485527848,1.9999999999999995e-05,1.9999999999999995e-05,3.333333333333333e-05,2.6666666666666663e-05,9.999999999999999e-05,-0.0048535094426236085,-0.018090210959571033,0.06666666666666665,1.0,0.5333333333333333,3.1841875430892643,1.0498820157654063
2026-06-08,2026-06-09,open,2026-06-10,2026-06-10,0,1,EXECUTED_ON_TIME,open,59,29,30,-0.0017636288298152967,0.0020373352649789567,-0.0038009640947942536,0.0,0.0,0.0,0.0,0.0,-0.0017636288298152967,-0.007174791329340652,0.0,1.0,0.5,3.1785718181387335,1.0520209774201923
2026-06-09,2026-06-10,open,2026-06-11,2026-06-11,0,1,EXECUTED_ON_TIME,open,59,30,29,-0.00037670815243410946,-0.004847978641375095,0.004471270488940985,9.999999999999997e-06,9.999999999999997e-06,1.6666666666666664e-05,1.3333333333333332e-05,4.9999999999999996e-05,-0.0004267081524341094,0.0005579402307063738,0.033333333333333326,1.0,0.5166666666666666,3.1772154956308367,1.0469208021913807
2026-06-10,2026-06-11,open,2026-06-12,2026-06-12,0,1,EXECUTED_ON_TIME,open,59,28,31,0.007411822002718802,0.011536399445928103,-0.004124577443209301,0.0,0.0,0.0,0.0,0.0,0.007411822002718802,-0.0031494532940477245,0.0,1.0,0.5,3.2007644513487326,1.058998498753712
2026-06-11,2026-06-12,open,2026-06-15,2026-06-15,0,1,EXECUTED_ON_TIME,open,59,28,31,0.020574571217833935,0.009331736556982273,0.011242834660851662,2.1428571428571418e-05,2.1428571428571418e-05,3.57142857142857e-05,2.857142857142856e-05,0.00010714285714285708,0.020467428360691077,0.012425600668236099,0.0714285714285714,1.0,0.5357142857142857,3.2662758684561597,1.0688807937583213
2026-06-12,2026-06-15,open,2026-06-16,2026-06-16,0,1,EXECUTED_ON_TIME,open,59,27,32,0.009221598467363631,0.013581709440043888,-0.004360110972680256,0.0,0.0,0.0,0.0,0.0,0.009221598467363631,-0.0017169591125274306,0.0,1.0,0.5,3.296396152998702,1.0833980221251904
2026-06-15,2026-06-16,open,2026-06-17,2026-06-17,0,1,EXECUTED_ON_TIME,open,59,26,33,-0.0031183088169648263,-0.007186694502560709,0.004068385685595883,0.0,0.0,0.0,0.0,0.0,-0.0031183088169648263,0.0020233677285741293,0.0,1.0,0.5,3.286116971810597,1.0756119715154981
2026-06-16,2026-06-17,open,2026-06-18,2026-06-18,0,1,EXECUTED_ON_TIME,open,59,27,32,-0.010658760884724994,0.011593923165231779,-0.022252684049956773,2.222222222222222e-05,2.222222222222222e-05,3.7037037037037037e-05,2.962962962962963e-05,0.00011111111111111112,-0.010769871995836105,-0.023275509123576933,0.07407407407407407,1.0,0.537037037037037,3.2507259126608523,1.0880825340688522
2026-06-17,2026-06-18,open,2026-06-22,2026-06-22,0,1,EXECUTED_ON_TIME,open,59,26,33,-0.012130290960811153,0.00677414604100357,-0.018904437001814725,0.0,0.0,0.0,0.0,0.0,-0.012130290960811153,-0.015031752359523186,0.0,1.0,0.5,3.211293661506428,1.0954533640592998
2026-06-18,2026-06-22,open,2026-06-23,2026-06-23,0,1,EXECUTED_ON_TIME,open,59,24,35,0.020055442510870793,0.019937987766464493,0.00011745474440629997,0.0,0.0,0.0,0.0,0.0,0.020055442510870793,0.0036672977580366264,0.0,1.0,0.5,3.275697576920294,1.1172944998306464
2026-06-22,2026-06-23,open,2026-06-24,2026-06-24,0,1,EXECUTED_ON_TIME,open,59,25,34,-0.015606019388906574,-0.029247472180214618,0.013641452791308043,1.2000000000000009e-05,1.2000000000000009e-05,2.000000000000002e-05,1.6000000000000016e-05,6.0000000000000056e-05,-0.015666019388906573,0.006538226920544463,0.040000000000000036,1.0,0.52,3.2243804351680665,1.0846164600297428
2026-06-23,2026-06-24,open,2026-06-25,2026-06-25,0,1,EXECUTED_ON_TIME,open,59,24,35,-0.018357334323464352,0.010323884822087459,-0.02868121914555181,0.0,0.0,0.0,0.0,0.0,-0.018357334323464352,-0.029510762535723496,0.0,1.0,0.5,3.165189405533649,1.0958139154392301
2026-06-24,2026-06-25,open,2026-06-26,2026-06-26,0,1,EXECUTED_ON_TIME,open,59,24,35,0.002156840959723988,0.006231095895252947,-0.004074254935528959,1.2499999999999987e-05,1.2499999999999987e-05,2.0833333333333316e-05,1.6666666666666654e-05,6.249999999999995e-05,0.002094340959723988,-0.009433423343327025,0.04166666666666663,1.0,0.5208333333333333,3.171818391350943,1.1026420370296846
2026-06-25,2026-06-26,open,2026-06-29,2026-06-29,0,1,EXECUTED_ON_TIME,open,59,24,35,-0.027269279400492688,-0.023240880600984615,-0.004028398799508073,0.0,0.0,0.0,0.0,0.0,-0.027269279400492688,-0.008278341035402235,0.0,1.0,0.5,3.0853251894295726,1.0770156651014513
2026-06-26,2026-06-29,open,2026-06-30,2026-06-30,0,1,EXECUTED_ON_TIME,open,59,26,33,0.013794937116849917,0.009956755417081409,0.0038381816997685083,2.307692307692306e-05,2.307692307692306e-05,3.8461538461538436e-05,3.076923076923075e-05,0.00011538461538461531,0.013679552501465301,0.011213623981521927,0.07692307692307687,1.0,0.5384615384615384,3.1275310573424675,1.0877392466592317
2026-06-29,2026-06-30,open,2026-07-01,2026-07-01,0,1,EXECUTED_ON_TIME,open,59,25,34,-0.00043264420934765904,0.011842320255619265,-0.012274964464966924,0.0,0.0,0.0,0.0,0.0,-0.00043264420934765904,-0.007658011988608662,0.0,1.0,0.5,3.1261779491409536,1.1006206031727763
2026-06-30,2026-07-01,open,2026-07-02,2026-07-02,0,1,EXECUTED_ON_TIME,open,59,25,34,0.02655211116009134,-0.02162229231168944,0.04817440347178078,0.0,0.0,0.0,0.0,0.0,0.02655211116009134,0.04985158195228416,0.0,1.0,0.5,3.20918457355277,1.0768226627667066
2026-07-01,2026-07-02,open,2026-07-03,2026-07-03,0,1,EXECUTED_ON_TIME,open,59,24,35,-0.004860212112233013,-0.011442968808290654,0.006582756696057642,0.0,0.0,0.0,0.0,0.0,-0.004860212112233013,0.004955369941663909,0.0,1.0,0.5,3.193587255817998,1.0645006146246068
2026-07-02,2026-07-03,open,2026-07-06,2026-07-06,0,1,EXECUTED_ON_TIME,open,59,24,35,0.0061104800460064545,0.012276330653151257,-0.006165850607144803,1.2499999999999987e-05,1.2499999999999987e-05,2.0833333333333316e-05,1.6666666666666654e-05,6.249999999999995e-05,0.006047980046006454,-0.0060964590485692175,0.04166666666666663,1.0,0.5208333333333333,3.212902007816366,1.0775687761502213
2026-07-03,2026-07-06,open,2026-07-07,2026-07-07,0,1,EXECUTED_ON_TIME,open,59,25,34,-0.0034163034988628116,-0.011229439943211017,0.007813136444348206,1.2000000000000009e-05,1.2000000000000009e-05,2.000000000000002e-05,1.6000000000000016e-05,6.0000000000000056e-05,-0.0034763034988628118,0.004175852262088288,0.040000000000000036,1.0,0.52,3.20173298532509,1.065468282293763
2026-07-06,2026-07-07,open,2026-07-08,2026-07-08,0,1,EXECUTED_ON_TIME,open,59,26,33,-0.012613059029655312,-0.001949989935334684,-0.010663069094320628,1.153846153846153e-05,1.153846153846153e-05,1.9230769230769218e-05,1.5384615384615374e-05,5.769230769230766e-05,-0.01267075133734762,-0.010776233968566576,0.038461538461538436,1.0,0.5192307692307692,3.1611646228194523,1.0633906298668718
2026-07-07,2026-07-08,open,2026-07-09,2026-07-09,0,1,EXECUTED_ON_TIME,open,59,24,35,-0.0064640524101520075,-0.006261234296961016,-0.00020281811319099174,0.0,0.0,0.0,0.0,0.0,-0.0064640524101520075,-0.0043258638820509055,0.0,1.0,0.5,3.1407306890204287,1.0567324919840824
2026-07-08,2026-07-09,open,2026-07-10,2026-07-10,0,1,EXECUTED_ON_TIME,open,59,24,35,0.005268136243218938,0.023695951869993293,-0.018427815626774355,1.2499999999999987e-05,1.2499999999999987e-05,2.0833333333333316e-05,1.6666666666666654e-05,6.249999999999995e-05,0.005205636243218938,-0.017652570905037336,0.04166666666666663,1.0,0.5208333333333333,3.157080190525383,1.0817727742535952
2026-07-09,2026-07-10,open,2026-07-13,2026-07-13,0,1,EXECUTED_ON_TIME,open,59,25,34,0.009066254669587633,-0.02907354544293894,0.03813980011252657,2.3999999999999987e-05,2.3999999999999987e-05,3.999999999999998e-05,3.1999999999999985e-05,0.00011999999999999995,0.008946254669587633,0.03778276904821797,0.07999999999999996,1.0,0.54,3.1853242339221333,1.0503218043423992
2026-07-10,2026-07-13,open,2026-07-14,2026-07-14,0,1,EXECUTED_ON_TIME,open,59,23,36,-0.030369968538669644,-0.011445940290443102,-0.018924028248226542,1.3043478260869556e-05,1.3043478260869556e-05,2.1739130434782593e-05,1.7391304347826075e-05,6.521739130434778e-05,-0.030435185929973994,-0.025128809709001377,0.04347826086956519,1.0,0.5217391304347826,3.0883782986154613,1.0382998836841457
2026-07-13,2026-07-14,open,2026-07-15,2026-07-15,0,1,EXECUTED_ON_TIME,open,59,23,36,0.0071383143295074055,0.022770885088897685,-0.015632570759390278,1.3043478260869556e-05,1.3043478260869556e-05,2.1739130434782593e-05,1.7391304347826075e-05,6.521739130434778e-05,0.007073096938203058,-0.019479415584137058,0.04347826086956519,1.0,0.5217391304347826,3.1102226977034113,1.0619428910233333
2026-07-14,2026-07-15,open,2026-07-16,2026-07-16,0,1,EXECUTED_ON_TIME,open,59,24,35,0.01973318773248813,-0.01801000970624289,0.037743197438731016,2.5000000000000008e-05,2.5000000000000008e-05,4.1666666666666686e-05,3.333333333333335e-05,0.00012500000000000006,0.01960818773248813,0.034036539480696515,0.08333333333333337,1.0,0.5416666666666667,3.1712085282498252,1.0428172892485275
2026-07-15,2026-07-16,open,2026-07-17,2026-07-17,0,1,EXECUTED_ON_TIME,open,59,24,35,0.0026233415525620204,-0.01059315738490152,0.01321649893746354,1.2499999999999987e-05,1.2499999999999987e-05,2.0833333333333316e-05,1.6666666666666654e-05,6.249999999999995e-05,0.0025608415525620203,0.013759195303755292,0.04166666666666663,1.0,0.5208333333333333,3.1793294908208063,1.0317705615798214
2026-07-16,2026-07-17,open,2026-07-20,2026-07-20,0,1,EXECUTED_ON_TIME,open,59,24,35,-0.019768585002240727,-0.018438002909716866,-0.0013305820925238604,1.2499999999999987e-05,1.2499999999999987e-05,2.0833333333333316e-05,1.6666666666666654e-05,6.249999999999995e-05,-0.019831085002240727,-0.006404952060550717,0.04166666666666663,1.0,0.5208333333333333,3.116279937438208,1.0127467729632524
2026-07-17,2026-07-20,open,2026-07-21,2026-07-21,0,1,EXECUTED_ON_TIME,open,59,25,34,0.010919830685191294,0.0120598705632462,-0.0011400398780549055,2.3999999999999987e-05,2.3999999999999987e-05,3.999999999999998e-05,3.1999999999999985e-05,0.00011999999999999995,0.010799830685191294,-0.002805748559762457,0.07999999999999996,1.0,0.54,3.1499352331301993,1.0249603679585346
2026-07-20,2026-07-21,open,2026-07-22,2026-07-22,0,1,EXECUTED_ON_TIME,open,59,26,33,0.004634376688854307,0.01723375801391236,-0.012599381325058053,1.153846153846153e-05,1.153846153846153e-05,1.9230769230769218e-05,1.5384615384615374e-05,5.769230769230766e-05,0.004576684381161999,-0.003520353919956732,0.038461538461538436,1.0,0.5192307692307692,3.1643514925133385,1.0426242869137825
2026-07-21,2026-07-22,open,2026-07-23,2026-07-23,0,1,EXECUTED_ON_TIME,open,59,26,33,0.003443387776824582,0.005203304844756396,-0.0017599170679318136,0.0,0.0,0.0,0.0,0.0,0.003443387776824582,-0.0020312405862998265,0.0,1.0,0.5,3.175247581764235,1.0480493789171417
2026-07-22,2026-07-23,open,2026-07-24,2026-07-24,0,1,EXECUTED_ON_TIME,open,59,26,33,0.0006940503145879855,-0.010509229761712868,0.011203280076300854,1.153846153846153e-05,1.153846153846153e-05,1.9230769230769218e-05,1.5384615384615374e-05,5.769230769230766e-05,0.0006363580068956779,0.011218784830148012,0.038461538461538436,1.0,0.5192307692307692,3.177268175986767,1.037035187192481
2026-07-23,2026-07-24,open,2026-07-27,2026-07-27,0,1,EXECUTED_ON_TIME,open,59,28,31,-0.025732680056303577,-0.0062707452584706,-0.019461934797832977,3.2142857142857124e-05,3.2142857142857124e-05,5.357142857142855e-05,4.285714285714284e-05,0.00016071428571428565,-0.025893394342017862,-0.022859942165959064,0.1071428571428571,1.0,0.5535714285714286,3.094997918175598,1.0305322037095266
2026-07-24,2026-07-27,open,2026-07-28,2026-07-28,0,1,EXECUTED_ON_TIME,open,59,28,31,0.008499489639728611,-0.00692178116664699,0.0154212708063756,1.0714285714285709e-05,1.0714285714285709e-05,1.785714285714285e-05,1.428571428571428e-05,5.357142857142854e-05,0.008445918211157182,0.01654443738548346,0.0357142857142857,1.0,0.5178571428571428,3.121138017456211,1.0233990853102668
2026-07-27,2026-07-28,open,2026-07-29,2026-07-29,0,1,EXECUTED_ON_TIME,open,59,27,32,0.0030495559206751206,-0.009019423205896215,0.012068979126571336,0.0,0.0,0.0,0.0,0.0,0.0030495559206751206,0.011964965668166311,0.0,1.0,0.5,3.1306561023765886,1.0141686158513263
2026-07-28,2026-07-29,open,2026-07-30,2026-07-30,0,1,EXECUTED_ON_TIME,open,59,27,32,0.011381304991421174,-0.0035023280835514425,0.014883633074972617,1.1111111111111127e-05,1.1111111111111127e-05,1.8518518518518545e-05,1.4814814814814837e-05,5.555555555555564e-05,0.01132574943586562,0.01807336091812015,0.03703703703703709,1.0,0.5185185185185186,3.1661131289619697,1.0106166646265737
2026-07-29,2026-07-30,open,2026-07-31,2026-07-31,0,1,EXECUTED_ON_TIME,open,59,27,32,0.014980150757277906,0.012660185057228102,0.002319965700049805,1.1111111111111127e-05,1.1111111111111127e-05,1.8518518518518545e-05,1.4814814814814837e-05,5.555555555555564e-05,0.014924595201722351,0.002373989814442066,0.03703703703703709,1.0,0.5185185185185186,3.2133660857745854,1.0234112586226647
2026-07-30,2026-07-31,open,2026-08-03,2026-08-03,0,1,EXECUTED_ON_TIME,open,59,29,30,0.012689794541662459,-0.013416729853494513,0.026106524395156972,2.06896551724138e-05,2.06896551724138e-05,3.448275862068967e-05,2.7586206896551737e-05,0.00010344827586206902,0.01258634626580039,0.02565665482178933,0.06896551724137934,1.0,0.5344827586206897,3.253810624008924,1.0096804262366996
2026-07-31,2026-08-03,open,2026-08-04,2026-08-04,0,1,EXECUTED_ON_TIME,open,59,27,32,0.010979793969498199,0.0011236750619325608,0.009856118907565638,0.0,0.0,0.0,0.0,0.0,0.010979793969498199,0.01186262678344508,0.0,1.0,0.5,3.2895367942763065,1.0108149789521832
2026-08-03,2026-08-04,open,2026-08-05,2026-08-05,0,1,EXECUTED_ON_TIME,open,59,26,33,0.0004594299723435459,-0.0036685371374243214,0.004127967109767867,0.0,0.0,0.0,0.0,0.0,0.0004594299723435459,0.0033695954699352543,0.0,1.0,0.5,3.2910481060747236,1.0071067666628324
2026-08-04,2026-08-05,open,2026-08-06,2026-08-06,0,1,EXECUTED_ON_TIME,open,59,25,34,0.0029097220250393543,0.01573868689850011,-0.012828964873460755,0.0,0.0,0.0,0.0,0.0,0.0029097220250393543,-0.008851930063287161,0.0,1.0,0.5,3.3006241412344335,1.0229573047366995
2026-08-05,2026-08-06,open,2026-08-07,2026-08-07,0,1,EXECUTED_ON_TIME,open,59,26,33,-0.006984904401025769,0.007420264342725247,-0.014405168743751015,1.153846153846153e-05,1.153846153846153e-05,1.9230769230769218e-05,1.5384615384615374e-05,5.769230769230766e-05,-0.007042596708718077,-0.020720122279541654,0.038461538461538436,1.0,0.5192307692307692,3.2773791765206606,1.0305479183491677
2026-08-06,2026-08-07,open,2026-08-10,2026-08-10,0,1,EXECUTED_ON_TIME,open,59,27,32,0.005744589231813897,0.009174635069966186,-0.0034300458381522894,1.1111111111111127e-05,1.1111111111111127e-05,1.8518518518518545e-05,1.4814814814814837e-05,5.555555555555564e-05,0.0056890336762583415,-0.0051743350113849255,0.03703703703703709,1.0,0.5185185185185186,3.2960242970257543,1.0400028194221347
2026-08-07,2026-08-10,open,2026-08-11,2026-08-11,0,1,EXECUTED_ON_TIME,open,59,28,31,0.0026807781470538005,-0.001993480910935874,0.004674259057989675,1.0714285714285709e-05,1.0714285714285709e-05,1.785714285714285e-05,1.428571428571428e-05,5.357142857142854e-05,0.002627206718482372,0.006403880800938804,0.0357142857142857,1.0,0.5178571428571428,3.3046836342031813,1.0379295936542972
2026-08-10,2026-08-11,open,2026-08-12,2026-08-12,0,1,EXECUTED_ON_TIME,open,59,29,30,-0.0017591477211556536,-0.006180470242879155,0.004421322521723501,1.0344827586206883e-05,1.0344827586206883e-05,1.7241379310344808e-05,1.3793103448275846e-05,5.172413793103443e-05,-0.001810871859086688,0.002193958229310653,0.03448275862068961,1.0,0.5172413793103448,3.2986992756068183,1.031514700686513
2026-08-11,2026-08-12,open,2026-08-13,2026-08-13,0,1,EXECUTED_ON_TIME,open,59,27,32,0.005910585848755108,0.012125182331552242,-0.006214596482797134,0.0,0.0,0.0,0.0,0.0,0.005910585848755108,-0.004519614343858198,0.0,1.0,0.5,3.318196520864519,1.0440220045100135
2026-08-12,2026-08-13,open,2026-08-14,2026-08-14,0,1,EXECUTED_ON_TIME,open,59,28,31,-0.01404778085289787,-0.009328012126415763,-0.004719768726482106,1.0714285714285709e-05,1.0714285714285709e-05,1.785714285714285e-05,1.428571428571428e-05,5.357142857142854e-05,-0.014101352281469299,-0.007663461343869887,0.0357142857142857,1.0,0.5178571428571428,3.2714054627846627,1.0342833545916992
2026-08-13,2026-08-14,open,2026-08-17,2026-08-17,0,1,EXECUTED_ON_TIME,open,59,27,32,-0.0025648658993329214,-0.00014958350943472531,-0.002415282389898196,0.0,0.0,0.0,0.0,0.0,-0.0025648658993329214,-0.0004925557181331705,0.0,1.0,0.5,3.263014746470275,1.0341286428577694
2026-08-14,2026-08-17,open,2026-08-18,2026-08-18,0,1,EXECUTED_ON_TIME,open,59,27,32,0.005725035990610382,0.013226316253577508,-0.007501280262967126,1.1111111111111127e-05,1.1111111111111127e-05,1.8518518518518545e-05,1.4814814814814837e-05,5.555555555555564e-05,0.0056694804350548265,-0.006181160486232264,0.03703703703703709,1.0,0.5185185185185186,3.2815143447346835,1.0478063553350891
2026-08-17,2026-08-18,open,2026-08-19,2026-08-19,0,1,EXECUTED_ON_TIME,open,59,27,32,-0.0056511811100647385,-0.01563516236441642,0.009983981254351683,2.222222222222222e-05,2.222222222222222e-05,3.7037037037037037e-05,2.962962962962963e-05,0.00011111111111111112,-0.00576229222117585,0.007134182767366212,0.07407407407407407,1.0,0.537037037037037,3.262605300152342,1.0314237328429576
2026-08-18,2026-08-19,open,2026-08-20,2026-08-20,0,1,EXECUTED_ON_TIME,open,59,27,32,-0.010760804622271017,-0.010033572565130822,-0.0007272320571401949,1.1111111111111127e-05,1.1111111111111127e-05,1.8518518518518545e-05,1.4814814814814837e-05,5.555555555555564e-05,-0.010816360177826572,-0.002815495252228033,0.03703703703703709,1.0,0.5185185185185186,3.227315786107808,1.0210748679740798
2026-08-19,2026-08-20,open,2026-08-21,2026-08-21,0,1,EXECUTED_ON_TIME,open,59,25,34,-0.0004440752163305328,-0.006039713887981968,0.005595638671651435,0.0,0.0,0.0,0.0,0.0,-0.0004440752163305328,0.004072825078368499,0.0,1.0,0.5,3.2258826151519253,1.0149078679133074
2026-08-20,2026-08-21,open,2026-08-24,2026-08-24,0,1,EXECUTED_ON_TIME,open,59,29,30,-0.002246579933388776,0.0077449576757711025,-0.009991537609159879,4.13793103448276e-05,4.13793103448276e-05,6.896551724137934e-05,5.5172413793103474e-05,0.00020689655172413803,-0.002453476485112914,-0.008513591128291951,0.13793103448275867,1.0,0.5689655172413793,3.217967988011915,1.022768286395103
2026-08-21,2026-08-24,open,2026-08-25,2026-08-25,0,1,EXECUTED_ON_TIME,open,59,28,31,-0.013743523719826215,-0.0170322156769096,0.0032886919570833863,0.0,0.0,0.0,0.0,0.0,-0.013743523719826215,-0.0031920986019788444,0.0,1.0,0.5,3.173741768639032,1.0053482763537185
2026-08-24,2026-08-25,open,2026-08-26,2026-08-26,0,1,EXECUTED_ON_TIME,open,59,28,31,0.00586882522911622,0.0015824777356743258,0.004286347493441894,1.0714285714285709e-05,1.0714285714285709e-05,1.785714285714285e-05,1.428571428571428e-05,5.357142857142854e-05,0.005815253800544791,0.0034894478103709805,0.0357142857142857,1.0,0.5178571428571428,3.1921978825210577,1.0069392176176468
2026-08-25,2026-08-26,open,2026-08-27,2026-08-27,0,1,EXECUTED_ON_TIME,open,59,27,32,0.006979821868366641,0.00990167563775013,-0.0029218537693834878,0.0,0.0,0.0,0.0,0.0,0.006979821868366641,-0.006415676021107741,0.0,1.0,0.5,3.2144788551096317,1.0169096031374267
2026-08-26,2026-08-27,open,2026-08-28,2026-08-28,0,1,EXECUTED_ON_TIME,open,59,26,33,0.004912118915866297,0.004649058141303897,0.0002630607745624002,1.153846153846153e-05,1.153846153846153e-05,1.9230769230769218e-05,1.5384615384615374e-05,5.769230769230766e-05,0.004854426608173989,0.002016726370849426,0.038461538461538436,1.0,0.5192307692307692,3.2300833067952888,1.021637275006863
2026-08-27,2026-08-28,open,2026-08-31,2026-08-31,0,1,EXECUTED_ON_TIME,open,59,26,33,0.0012044915449572415,-0.011667001383713793,0.012871492928671034,1.153846153846153e-05,1.153846153846153e-05,1.9230769230769218e-05,1.5384615384615374e-05,5.769230769230766e-05,0.0011467992372649338,0.011871910268965313,0.038461538461538436,1.0,0.5192307692307692,3.2337875638678235,1.0097178315057043
2026-08-28,2026-08-31,open,2026-09-01,2026-09-01,0,1,EXECUTED_ON_TIME,open,59,27,32,0.016781979009208112,0.012439319191247078,0.004342659817961034,1.1111111111111127e-05,1.1111111111111127e-05,1.8518518518518545e-05,1.4814814814814837e-05,5.555555555555564e-05,0.016726423453652557,-0.001268376487519561,0.03703703703703709,1.0,0.5185185185185186,3.2878772640202323,1.0222780339048976
2026-08-31,2026-09-01,open,2026-09-02,2026-09-02,0,1,EXECUTED_ON_TIME,open,59,25,34,-0.00021436715972360964,-0.008058485290558082,0.007844118130834472,1.2000000000000009e-05,1.2000000000000009e-05,2.000000000000002e-05,1.6000000000000016e-05,6.0000000000000056e-05,-0.0002743671597236097,0.005995121094666971,0.040000000000000036,1.0,0.52,3.2869751784737833,1.0140400214058143
2026-09-01,2026-09-02,open,2026-09-03,2026-09-03,0,1,EXECUTED_ON_TIME,open,59,26,33,-0.007315796171212099,-0.0023140822007746698,-0.005001713970437429,1.153846153846153e-05,1.153846153846153e-05,1.9230769230769218e-05,1.5384615384615374e-05,5.769230769230766e-05,-0.007373488478904407,-0.005313605037947509,0.038461538461538436,1.0,0.5192307692307692,3.262738704864862,1.0116934494414058
2026-09-02,2026-09-03,open,2026-09-04,2026-09-04,0,1,EXECUTED_ON_TIME,open,59,25,34,-0.00412858003293719,0.0009634838736776175,-0.0050920639066148075,1.2000000000000009e-05,1.2000000000000009e-05,2.000000000000002e-05,1.6000000000000016e-05,6.0000000000000056e-05,-0.00418858003293719,-0.003997086365284689,0.040000000000000036,1.0,0.52,3.2490724626729737,1.012668199765048
