fold_id,factor,horizon,train_mean_rank_ic,train_hac_t,train_hac_p,train_global_fdr_p,selected,selected_horizon,train_direction,validation_raw_rank_ic,validation_aligned_rank_ic
1,KMID,1D,0.0,0.0,1.0,1.0,False,20D,1,-0.0234,-0.0234
1,KMID,3D,0.0,0.0,1.0,1.0,False,20D,1,-0.0174,-0.0174
1,KMID,5D,0.0,0.0,1.0,1.0,False,20D,1,-0.0272,-0.0272
1,KMID,10D,0.0,0.0,1.0,1.0,False,20D,1,-0.0137,-0.0137
1,KMID,20D,0.0,0.0,1.0,1.0,False,20D,1,-0.0031,-0.0031
1,KLEN,1D,0.0,0.0,1.0,1.0,False,20D,1,-0.0087,-0.0087
1,KLEN,3D,0.0,0.0,1.0,1.0,False,20D,1,-0.0095,-0.0095
1,KLEN,5D,0.0,0.0,1.0,1.0,False,20D,1,-0.0064,-0.0064
1,KLEN,10D,0.0,0.0,1.0,1.0,False,20D,1,-0.0199,-0.0199
1,KLEN,20D,0.0,0.0,1.0,1.0,False,20D,1,-0.0587,-0.0587
1,KMID2,1D,0.0,0.0,1.0,1.0,False,20D,1,-0.0146,-0.0146
1,KMID2,3D,0.0,0.0,1.0,1.0,False,20D,1,-0.0091,-0.0091
1,KMID2,5D,0.0,0.0,1.0,1.0,False,20D,1,-0.0229,-0.0229
1,KMID2,10D,0.0,0.0,1.0,1.0,False,20D,1,-0.0102,-0.0102
1,KMID2,20D,0.0,0.0,1.0,1.0,False,20D,1,-0.0009,-0.0009
1,KUP,1D,0.0,0.0,1.0,1.0,False,20D,1,-0.0022,-0.0022
1,KUP,3D,0.0,0.0,1.0,1.0,False,20D,1,-0.0155,-0.0155
1,KUP,5D,0.0,0.0,1.0,1.0,False,20D,1,-0.0141,-0.0141
1,KUP,10D,0.0,0.0,1.0,1.0,False,20D,1,-0.0285,-0.0285
1,KUP,20D,0.0,0.0,1.0,1.0,False,20D,1,-0.0454,-0.0454
1,KLOW,1D,0.0,0.0,1.0,1.0,False,20D,1,-0.0142,-0.0142
1,KLOW,3D,0.0,0.0,1.0,1.0,False,20D,1,-0.0149,-0.0149
1,KLOW,5D,0.0,0.0,1.0,1.0,False,20D,1,-0.0051,-0.0051
1,KLOW,10D,0.0,0.0,1.0,1.0,False,20D,1,-0.0148,-0.0148
1,KLOW,20D,0.0,0.0,1.0,1.0,False,20D,1,-0.0377,-0.0377
1,KSFT,1D,0.0,0.0,1.0,1.0,False,20D,1,-0.0313,-0.0313
1,KSFT,3D,0.0,0.0,1.0,1.0,False,20D,1,-0.0189,-0.0189
1,KSFT,5D,0.0,0.0,1.0,1.0,False,20D,1,-0.0247,-0.0247
1,KSFT,10D,0.0,0.0,1.0,1.0,False,20D,1,-0.0073,-0.0073
1,KSFT,20D,0.0,0.0,1.0,1.0,False,20D,1,0.0049,0.0049
1,ROC5,1D,0.0,0.0,1.0,1.0,False,20D,1,-0.037,-0.037
1,ROC5,3D,0.0,0.0,1.0,1.0,False,20D,1,-0.0338,-0.0338
1,ROC5,5D,0.0,0.0,1.0,1.0,False,20D,1,-0.0256,-0.0256
1,ROC5,10D,0.0,0.0,1.0,1.0,False,20D,1,-0.0282,-0.0282
1,ROC5,20D,0.0,0.0,1.0,1.0,False,20D,1,-0.0066,-0.0066
1,MAX_RATIO_5,1D,0.0,0.0,1.0,1.0,False,20D,1,0.0266,0.0266
1,MAX_RATIO_5,3D,0.0,0.0,1.0,1.0,False,20D,1,0.0254,0.0254
1,MAX_RATIO_5,5D,0.0,0.0,1.0,1.0,False,20D,1,0.0231,0.0231
1,MAX_RATIO_5,10D,0.0,0.0,1.0,1.0,False,20D,1,0.0109,0.0109
1,MAX_RATIO_5,20D,0.0,0.0,1.0,1.0,False,20D,1,-0.0123,-0.0123
1,MIN_RATIO_5,1D,0.0,0.0,1.0,1.0,False,20D,1,0.0279,0.0279
1,MIN_RATIO_5,3D,0.0,0.0,1.0,1.0,False,20D,1,0.0325,0.0325
1,MIN_RATIO_5,5D,0.0,0.0,1.0,1.0,False,20D,1,0.0324,0.0324
1,MIN_RATIO_5,10D,0.0,0.0,1.0,1.0,False,20D,1,0.0252,0.0252
1,MIN_RATIO_5,20D,0.0,0.0,1.0,1.0,False,20D,1,0.0233,0.0233
1,MA_RATIO_5,1D,0.0,0.0,1.0,1.0,False,20D,1,0.0334,0.0334
1,MA_RATIO_5,3D,0.0,0.0,1.0,1.0,False,20D,1,0.0394,0.0394
1,MA_RATIO_5,5D,0.0,0.0,1.0,1.0,False,20D,1,0.0344,0.0344
1,MA_RATIO_5,10D,0.0,0.0,1.0,1.0,False,20D,1,0.0236,0.0236
1,MA_RATIO_5,20D,0.0,0.0,1.0,1.0,False,20D,1,0.0075,0.0075
1,ROC10,1D,0.0,0.0,1.0,1.0,False,20D,1,-0.0247,-0.0247
1,ROC10,3D,0.0,0.0,1.0,1.0,False,20D,1,-0.0263,-0.0263
1,ROC10,5D,0.0,0.0,1.0,1.0,False,20D,1,-0.027,-0.027
1,ROC10,10D,0.0,0.0,1.0,1.0,False,20D,1,-0.0128,-0.0128
1,ROC10,20D,0.0,0.0,1.0,1.0,False,20D,1,-0.0045,-0.0045
1,MAX_RATIO_10,1D,0.0,0.0,1.0,1.0,False,20D,1,0.0195,0.0195
1,MAX_RATIO_10,3D,0.0,0.0,1.0,1.0,False,20D,1,0.0189,0.0189
1,MAX_RATIO_10,5D,0.0,0.0,1.0,1.0,False,20D,1,0.0182,0.0182
1,MAX_RATIO_10,10D,0.0,0.0,1.0,1.0,False,20D,1,0.0074,0.0074
1,MAX_RATIO_10,20D,0.0,0.0,1.0,1.0,False,20D,1,-0.0236,-0.0236
1,MIN_RATIO_10,1D,0.0,0.0,1.0,1.0,False,20D,1,0.0284,0.0284
1,MIN_RATIO_10,3D,0.0,0.0,1.0,1.0,False,20D,1,0.0248,0.0248
1,MIN_RATIO_10,5D,0.0,0.0,1.0,1.0,False,20D,1,0.0225,0.0225
1,MIN_RATIO_10,10D,0.0,0.0,1.0,1.0,False,20D,1,0.0243,0.0243
1,MIN_RATIO_10,20D,0.0,0.0,1.0,1.0,False,20D,1,0.022,0.022
1,MA_RATIO_10,1D,0.0,0.0,1.0,1.0,False,20D,1,0.0311,0.0311
1,MA_RATIO_10,3D,0.0,0.0,1.0,1.0,False,20D,1,0.0328,0.0328
1,MA_RATIO_10,5D,0.0,0.0,1.0,1.0,False,20D,1,0.0284,0.0284
1,MA_RATIO_10,10D,0.0,0.0,1.0,1.0,False,20D,1,0.0254,0.0254
1,MA_RATIO_10,20D,0.0,0.0,1.0,1.0,False,20D,1,0.0034,0.0034
1,ROC20,1D,0.0,0.0,1.0,1.0,False,20D,1,-0.019,-0.019
1,ROC20,3D,0.0,0.0,1.0,1.0,False,20D,1,-0.0249,-0.0249
1,ROC20,5D,0.0,0.0,1.0,1.0,False,20D,1,-0.0205,-0.0205
1,ROC20,10D,0.0,0.0,1.0,1.0,False,20D,1,-0.0176,-0.0176
1,ROC20,20D,0.0,0.0,1.0,1.0,False,20D,1,-0.0281,-0.0281
1,MAX_RATIO_20,1D,0.0,0.0,1.0,1.0,False,20D,1,0.018,0.018
1,MAX_RATIO_20,3D,0.0,0.0,1.0,1.0,False,20D,1,0.013,0.013
1,MAX_RATIO_20,5D,0.0,0.0,1.0,1.0,False,20D,1,0.0052,0.0052
1,MAX_RATIO_20,10D,0.0,0.0,1.0,1.0,False,20D,1,-0.0119,-0.0119
1,MAX_RATIO_20,20D,0.0,0.0,1.0,1.0,False,20D,1,-0.0234,-0.0234
1,MIN_RATIO_20,1D,0.0,0.0,1.0,1.0,False,20D,1,0.0241,0.0241
1,MIN_RATIO_20,3D,0.0,0.0,1.0,1.0,False,20D,1,0.0269,0.0269
1,MIN_RATIO_20,5D,0.0,0.0,1.0,1.0,False,20D,1,0.0244,0.0244
1,MIN_RATIO_20,10D,0.0,0.0,1.0,1.0,False,20D,1,0.0264,0.0264
1,MIN_RATIO_20,20D,0.0,0.0,1.0,1.0,False,20D,1,0.0384,0.0384
1,MA_RATIO_20,1D,0.0,0.0,1.0,1.0,False,20D,1,0.0289,0.0289
1,MA_RATIO_20,3D,0.0,0.0,1.0,1.0,False,20D,1,0.0305,0.0305
1,MA_RATIO_20,5D,0.0,0.0,1.0,1.0,False,20D,1,0.0239,0.0239
1,MA_RATIO_20,10D,0.0,0.0,1.0,1.0,False,20D,1,0.0142,0.0142
1,MA_RATIO_20,20D,0.0,0.0,1.0,1.0,False,20D,1,0.0127,0.0127
1,ROC30,1D,0.0,0.0,1.0,1.0,False,20D,1,-0.0248,-0.0248
1,ROC30,3D,0.0,0.0,1.0,1.0,False,20D,1,-0.0346,-0.0346
1,ROC30,5D,0.0,0.0,1.0,1.0,False,20D,1,-0.0354,-0.0354
1,ROC30,10D,0.0,0.0,1.0,1.0,False,20D,1,-0.0315,-0.0315
1,ROC30,20D,0.0,0.0,1.0,1.0,False,20D,1,-0.0464,-0.0464
1,MAX_RATIO_30,1D,0.0,0.0,1.0,1.0,False,20D,1,0.0143,0.0143
1,MAX_RATIO_30,3D,0.0,0.0,1.0,1.0,False,20D,1,0.0172,0.0172
1,MAX_RATIO_30,5D,0.0,0.0,1.0,1.0,False,20D,1,0.0143,0.0143
1,MAX_RATIO_30,10D,0.0,0.0,1.0,1.0,False,20D,1,0.0021,0.0021
1,MAX_RATIO_30,20D,0.0,0.0,1.0,1.0,False,20D,1,-0.0094,-0.0094
1,MIN_RATIO_30,1D,0.0,0.0,1.0,1.0,False,20D,1,0.0254,0.0254
1,MIN_RATIO_30,3D,0.0,0.0,1.0,1.0,False,20D,1,0.0326,0.0326
1,MIN_RATIO_30,5D,0.0,0.0,1.0,1.0,False,20D,1,0.0318,0.0318
1,MIN_RATIO_30,10D,0.0,0.0,1.0,1.0,False,20D,1,0.0363,0.0363
1,MIN_RATIO_30,20D,0.0,0.0,1.0,1.0,False,20D,1,0.0537,0.0537
1,MA_RATIO_30,1D,0.0,0.0,1.0,1.0,False,20D,1,0.0268,0.0268
1,MA_RATIO_30,3D,0.0,0.0,1.0,1.0,False,20D,1,0.0319,0.0319
1,MA_RATIO_30,5D,0.0,0.0,1.0,1.0,False,20D,1,0.0284,0.0284
1,MA_RATIO_30,10D,0.0,0.0,1.0,1.0,False,20D,1,0.0224,0.0224
1,MA_RATIO_30,20D,0.0,0.0,1.0,1.0,False,20D,1,0.0267,0.0267
1,ROC60,1D,0.0,0.0,1.0,1.0,False,20D,1,-0.0292,-0.0292
1,ROC60,3D,0.0,0.0,1.0,1.0,False,20D,1,-0.042,-0.042
1,ROC60,5D,0.0,0.0,1.0,1.0,False,20D,1,-0.0432,-0.0432
1,ROC60,10D,0.0,0.0,1.0,1.0,False,20D,1,-0.0424,-0.0424
1,ROC60,20D,0.0,0.0,1.0,1.0,False,20D,1,-0.0512,-0.0512
1,MAX_RATIO_60,1D,0.0,0.0,1.0,1.0,False,20D,1,0.0241,0.0241
1,MAX_RATIO_60,3D,0.0,0.0,1.0,1.0,False,20D,1,0.0347,0.0347
1,MAX_RATIO_60,5D,0.0,0.0,1.0,1.0,False,20D,1,0.0376,0.0376
1,MAX_RATIO_60,10D,0.0,0.0,1.0,1.0,False,20D,1,0.0332,0.0332
1,MAX_RATIO_60,20D,0.0,0.0,1.0,1.0,False,20D,1,0.0245,0.0245
1,MIN_RATIO_60,1D,0.0,0.0,1.0,1.0,False,20D,1,0.0269,0.0269
1,MIN_RATIO_60,3D,0.0,0.0,1.0,1.0,False,20D,1,0.0407,0.0407
1,MIN_RATIO_60,5D,0.0,0.0,1.0,1.0,False,20D,1,0.0428,0.0428
1,MIN_RATIO_60,10D,0.0,0.0,1.0,1.0,False,20D,1,0.0509,0.0509
1,MIN_RATIO_60,20D,0.0,0.0,1.0,1.0,False,20D,1,0.0734,0.0734
1,MA_RATIO_60,1D,0.0,0.0,1.0,1.0,False,20D,1,0.0321,0.0321
1,MA_RATIO_60,3D,0.0,0.0,1.0,1.0,False,20D,1,0.0466,0.0466
1,MA_RATIO_60,5D,0.0,0.0,1.0,1.0,False,20D,1,0.048,0.048
1,MA_RATIO_60,10D,0.0,0.0,1.0,1.0,False,20D,1,0.0509,0.0509
1,MA_RATIO_60,20D,0.0,0.0,1.0,1.0,False,20D,1,0.0639,0.0639
1,ROC120,1D,0.0,0.0,1.0,1.0,False,20D,1,-0.0083,-0.0083
1,ROC120,3D,0.0,0.0,1.0,1.0,False,20D,1,-0.0112,-0.0112
1,ROC120,5D,0.0,0.0,1.0,1.0,False,20D,1,-0.0104,-0.0104
1,ROC120,10D,0.0,0.0,1.0,1.0,False,20D,1,-0.0253,-0.0253
1,ROC120,20D,0.0,0.0,1.0,1.0,False,20D,1,-0.0425,-0.0425
1,MAX_RATIO_120,1D,0.0,0.0,1.0,1.0,False,20D,1,0.0133,0.0133
1,MAX_RATIO_120,3D,0.0,0.0,1.0,1.0,False,20D,1,0.0174,0.0174
1,MAX_RATIO_120,5D,0.0,0.0,1.0,1.0,False,20D,1,0.0183,0.0183
1,MAX_RATIO_120,10D,0.0,0.0,1.0,1.0,False,20D,1,0.0178,0.0178
1,MAX_RATIO_120,20D,0.0,0.0,1.0,1.0,False,20D,1,0.0036,0.0036
1,MIN_RATIO_120,1D,0.0,0.0,1.0,1.0,False,20D,1,0.0219,0.0219
1,MIN_RATIO_120,3D,0.0,0.0,1.0,1.0,False,20D,1,0.032,0.032
1,MIN_RATIO_120,5D,0.0,0.0,1.0,1.0,False,20D,1,0.0324,0.0324
1,MIN_RATIO_120,10D,0.0,0.0,1.0,1.0,False,20D,1,0.0505,0.0505
1,MIN_RATIO_120,20D,0.0,0.0,1.0,1.0,False,20D,1,0.0846,0.0846
1,MA_RATIO_120,1D,0.0,0.0,1.0,1.0,False,20D,1,0.0238,0.0238
1,MA_RATIO_120,3D,0.0,0.0,1.0,1.0,False,20D,1,0.0315,0.0315
1,MA_RATIO_120,5D,0.0,0.0,1.0,1.0,False,20D,1,0.0295,0.0295
1,MA_RATIO_120,10D,0.0,0.0,1.0,1.0,False,20D,1,0.0327,0.0327
1,MA_RATIO_120,20D,0.0,0.0,1.0,1.0,False,20D,1,0.0474,0.0474
1,ROC250,1D,0.0,0.0,1.0,1.0,False,20D,1,-0.0104,-0.0104
1,ROC250,3D,0.0,0.0,1.0,1.0,False,20D,1,-0.0129,-0.0129
1,ROC250,5D,0.0,0.0,1.0,1.0,False,20D,1,-0.0102,-0.0102
1,ROC250,10D,0.0,0.0,1.0,1.0,False,20D,1,-0.0279,-0.0279
1,ROC250,20D,0.0,0.0,1.0,1.0,False,20D,1,-0.0572,-0.0572
1,MAX_RATIO_250,1D,0.0,0.0,1.0,1.0,False,20D,1,0.0046,0.0046
1,MAX_RATIO_250,3D,0.0,0.0,1.0,1.0,False,20D,1,0.0052,0.0052
1,MAX_RATIO_250,5D,0.0,0.0,1.0,1.0,False,20D,1,0.0051,0.0051
1,MAX_RATIO_250,10D,0.0,0.0,1.0,1.0,False,20D,1,0.0108,0.0108
1,MAX_RATIO_250,20D,0.0,0.0,1.0,1.0,False,20D,1,0.0056,0.0056
1,MIN_RATIO_250,1D,0.0,0.0,1.0,1.0,False,20D,1,0.0235,0.0235
1,MIN_RATIO_250,3D,0.0,0.0,1.0,1.0,False,20D,1,0.0329,0.0329
1,MIN_RATIO_250,5D,0.0,0.0,1.0,1.0,False,20D,1,0.0313,0.0313
1,MIN_RATIO_250,10D,0.0,0.0,1.0,1.0,False,20D,1,0.0547,0.0547
1,MIN_RATIO_250,20D,0.0,0.0,1.0,1.0,False,20D,1,0.0925,0.0925
1,MA_RATIO_250,1D,0.0,0.0,1.0,1.0,False,20D,1,0.0175,0.0175
1,MA_RATIO_250,3D,0.0,0.0,1.0,1.0,False,20D,1,0.0243,0.0243
1,MA_RATIO_250,5D,0.0,0.0,1.0,1.0,False,20D,1,0.0234,0.0234
1,MA_RATIO_250,10D,0.0,0.0,1.0,1.0,False,20D,1,0.0393,0.0393
1,MA_RATIO_250,20D,0.0,0.0,1.0,1.0,False,20D,1,0.0633,0.0633
1,STD5,1D,0.0,0.0,1.0,1.0,False,20D,1,-0.0182,-0.0182
1,STD5,3D,0.0,0.0,1.0,1.0,False,20D,1,-0.0285,-0.0285
1,STD5,5D,0.0,0.0,1.0,1.0,False,20D,1,-0.0206,-0.0206
1,STD5,10D,0.0,0.0,1.0,1.0,False,20D,1,-0.0281,-0.0281
1,STD5,20D,0.0,0.0,1.0,1.0,False,20D,1,-0.0557,-0.0557
1,STD10,1D,0.0,0.0,1.0,1.0,False,20D,1,-0.0181,-0.0181
1,STD10,3D,0.0,0.0,1.0,1.0,False,20D,1,-0.0259,-0.0259
1,STD10,5D,0.0,0.0,1.0,1.0,False,20D,1,-0.018,-0.018
1,STD10,10D,0.0,0.0,1.0,1.0,False,20D,1,-0.0303,-0.0303
1,STD10,20D,0.0,0.0,1.0,1.0,False,20D,1,-0.0682,-0.0682
1,STD20,1D,0.0,0.0,1.0,1.0,False,20D,1,-0.0182,-0.0182
1,STD20,3D,0.0,0.0,1.0,1.0,False,20D,1,-0.0275,-0.0275
1,STD20,5D,0.0,0.0,1.0,1.0,False,20D,1,-0.0218,-0.0218
1,STD20,10D,0.0,0.0,1.0,1.0,False,20D,1,-0.042,-0.042
1,STD20,20D,0.0,0.0,1.0,1.0,False,20D,1,-0.0831,-0.0831
1,STD30,1D,0.0,0.0,1.0,1.0,False,20D,1,-0.0228,-0.0228
1,STD30,3D,0.0,0.0,1.0,1.0,False,20D,1,-0.0333,-0.0333
1,STD30,5D,0.0,0.0,1.0,1.0,False,20D,1,-0.0278,-0.0278
1,STD30,10D,0.0,0.0,1.0,1.0,False,20D,1,-0.0481,-0.0481
1,STD30,20D,0.0,0.0,1.0,1.0,False,20D,1,-0.091,-0.091
1,STD60,1D,0.0,0.0,1.0,1.0,False,20D,1,-0.0233,-0.0233
1,STD60,3D,0.0,0.0,1.0,1.0,False,20D,1,-0.0313,-0.0313
1,STD60,5D,0.0,0.0,1.0,1.0,False,20D,1,-0.0266,-0.0266
1,STD60,10D,0.0,0.0,1.0,1.0,False,20D,1,-0.0521,-0.0521
1,STD60,20D,0.0,0.0,1.0,1.0,False,20D,1,-0.0988,-0.0988
1,STD120,1D,0.0,0.0,1.0,1.0,False,20D,1,-0.0212,-0.0212
1,STD120,3D,0.0,0.0,1.0,1.0,False,20D,1,-0.0306,-0.0306
1,STD120,5D,0.0,0.0,1.0,1.0,False,20D,1,-0.0286,-0.0286
1,STD120,10D,0.0,0.0,1.0,1.0,False,20D,1,-0.0576,-0.0576
1,STD120,20D,0.0,0.0,1.0,1.0,False,20D,1,-0.1051,-0.1051
1,STD250,1D,0.0,0.0,1.0,1.0,False,20D,1,-0.0242,-0.0242
1,STD250,3D,0.0,0.0,1.0,1.0,False,20D,1,-0.0355,-0.0355
1,STD250,5D,0.0,0.0,1.0,1.0,False,20D,1,-0.0345,-0.0345
1,STD250,10D,0.0,0.0,1.0,1.0,False,20D,1,-0.0667,-0.0667
1,STD250,20D,0.0,0.0,1.0,1.0,False,20D,1,-0.1173,-0.1173
1,ATR_RATIO_5,1D,0.0,0.0,1.0,1.0,False,20D,1,-0.015,-0.015
1,ATR_RATIO_5,3D,0.0,0.0,1.0,1.0,False,20D,1,-0.0228,-0.0228
1,ATR_RATIO_5,5D,0.0,0.0,1.0,1.0,False,20D,1,-0.0133,-0.0133
1,ATR_RATIO_5,10D,0.0,0.0,1.0,1.0,False,20D,1,-0.0322,-0.0322
1,ATR_RATIO_5,20D,0.0,0.0,1.0,1.0,False,20D,1,-0.0825,-0.0825
1,ATR_RATIO_20,1D,0.0,0.0,1.0,1.0,False,20D,1,-0.0185,-0.0185
1,ATR_RATIO_20,3D,0.0,0.0,1.0,1.0,False,20D,1,-0.0285,-0.0285
1,ATR_RATIO_20,5D,0.0,0.0,1.0,1.0,False,20D,1,-0.0257,-0.0257
1,ATR_RATIO_20,10D,0.0,0.0,1.0,1.0,False,20D,1,-0.0552,-0.0552
1,ATR_RATIO_20,20D,0.0,0.0,1.0,1.0,False,20D,1,-0.1039,-0.1039
1,ATR_RATIO_60,1D,0.0,0.0,1.0,1.0,False,20D,1,-0.0128,-0.0128
1,ATR_RATIO_60,3D,0.0,0.0,1.0,1.0,False,20D,1,-0.0163,-0.0163
1,ATR_RATIO_60,5D,0.0,0.0,1.0,1.0,False,20D,1,-0.0123,-0.0123
1,ATR_RATIO_60,10D,0.0,0.0,1.0,1.0,False,20D,1,-0.0374,-0.0374
1,ATR_RATIO_60,20D,0.0,0.0,1.0,1.0,False,20D,1,-0.0829,-0.0829
1,ROC_STD_20,1D,0.0,0.0,1.0,1.0,False,20D,1,-0.0132,-0.0132
1,ROC_STD_20,3D,0.0,0.0,1.0,1.0,False,20D,1,-0.0167,-0.0167
1,ROC_STD_20,5D,0.0,0.0,1.0,1.0,False,20D,1,-0.0109,-0.0109
1,ROC_STD_20,10D,0.0,0.0,1.0,1.0,False,20D,1,-0.0075,-0.0075
1,ROC_STD_20,20D,0.0,0.0,1.0,1.0,False,20D,1,-0.0145,-0.0145
1,ROC_STD_60,1D,0.0,0.0,1.0,1.0,False,20D,1,-0.026,-0.026
1,ROC_STD_60,3D,0.0,0.0,1.0,1.0,False,20D,1,-0.0369,-0.0369
1,ROC_STD_60,5D,0.0,0.0,1.0,1.0,False,20D,1,-0.0387,-0.0387
1,ROC_STD_60,10D,0.0,0.0,1.0,1.0,False,20D,1,-0.0396,-0.0396
1,ROC_STD_60,20D,0.0,0.0,1.0,1.0,False,20D,1,-0.0493,-0.0493
1,ROC_STD_120,1D,0.0,0.0,1.0,1.0,False,20D,1,-0.008,-0.008
1,ROC_STD_120,3D,0.0,0.0,1.0,1.0,False,20D,1,-0.0084,-0.0084
1,ROC_STD_120,5D,0.0,0.0,1.0,1.0,False,20D,1,-0.0062,-0.0062
1,ROC_STD_120,10D,0.0,0.0,1.0,1.0,False,20D,1,-0.0218,-0.0218
1,ROC_STD_120,20D,0.0,0.0,1.0,1.0,False,20D,1,-0.044,-0.044
1,ROC_STD_250,1D,0.0,0.0,1.0,1.0,False,20D,1,-0.0103,-0.0103
1,ROC_STD_250,3D,0.0,0.0,1.0,1.0,False,20D,1,-0.0129,-0.0129
1,ROC_STD_250,5D,0.0,0.0,1.0,1.0,False,20D,1,-0.0095,-0.0095
1,ROC_STD_250,10D,0.0,0.0,1.0,1.0,False,20D,1,-0.027,-0.027
1,ROC_STD_250,20D,0.0,0.0,1.0,1.0,False,20D,1,-0.058,-0.058
1,MOM_ACC_20_60,1D,0.0,0.0,1.0,1.0,False,20D,1,-0.0204,-0.0204
1,MOM_ACC_20_60,3D,0.0,0.0,1.0,1.0,False,20D,1,-0.0389,-0.0389
1,MOM_ACC_20_60,5D,0.0,0.0,1.0,1.0,False,20D,1,-0.0487,-0.0487
1,MOM_ACC_20_60,10D,0.0,0.0,1.0,1.0,False,20D,1,-0.0645,-0.0645
1,MOM_ACC_20_60,20D,0.0,0.0,1.0,1.0,False,20D,1,-0.0876,-0.0876
1,MOM_ACC_60_120,1D,0.0,0.0,1.0,1.0,False,20D,1,0.0011,0.0011
1,MOM_ACC_60_120,3D,0.0,0.0,1.0,1.0,False,20D,1,0.0044,0.0044
1,MOM_ACC_60_120,5D,0.0,0.0,1.0,1.0,False,20D,1,0.009,0.009
1,MOM_ACC_60_120,10D,0.0,0.0,1.0,1.0,False,20D,1,0.0029,0.0029
1,MOM_ACC_60_120,20D,0.0,0.0,1.0,1.0,False,20D,1,-0.009,-0.009
1,VMA_RATIO_5,1D,0.0,0.0,1.0,1.0,False,20D,1,-0.0095,-0.0095
1,VMA_RATIO_5,3D,0.0,0.0,1.0,1.0,False,20D,1,-0.0107,-0.0107
1,VMA_RATIO_5,5D,0.0,0.0,1.0,1.0,False,20D,1,-0.0008,-0.0008
1,VMA_RATIO_5,10D,0.0,0.0,1.0,1.0,False,20D,1,-0.0093,-0.0093
1,VMA_RATIO_5,20D,0.0,0.0,1.0,1.0,False,20D,1,-0.006,-0.006
1,VSTD_5,1D,0.0,0.0,1.0,1.0,False,20D,1,-0.0025,-0.0025
1,VSTD_5,3D,0.0,0.0,1.0,1.0,False,20D,1,0.0037,0.0037
1,VSTD_5,5D,0.0,0.0,1.0,1.0,False,20D,1,0.0094,0.0094
1,VSTD_5,10D,0.0,0.0,1.0,1.0,False,20D,1,0.0093,0.0093
1,VSTD_5,20D,0.0,0.0,1.0,1.0,False,20D,1,0.0124,0.0124
1,VMA_RATIO_10,1D,0.0,0.0,1.0,1.0,False,20D,1,-0.0027,-0.0027
1,VMA_RATIO_10,3D,0.0,0.0,1.0,1.0,False,20D,1,-0.0041,-0.0041
1,VMA_RATIO_10,5D,0.0,0.0,1.0,1.0,False,20D,1,-0.0036,-0.0036
1,VMA_RATIO_10,10D,0.0,0.0,1.0,1.0,False,20D,1,-0.0177,-0.0177
1,VMA_RATIO_10,20D,0.0,0.0,1.0,1.0,False,20D,1,-0.0135,-0.0135
1,VSTD_10,1D,0.0,0.0,1.0,1.0,False,20D,1,0.0022,0.0022
1,VSTD_10,3D,0.0,0.0,1.0,1.0,False,20D,1,0.0089,0.0089
1,VSTD_10,5D,0.0,0.0,1.0,1.0,False,20D,1,0.0135,0.0135
1,VSTD_10,10D,0.0,0.0,1.0,1.0,False,20D,1,0.0157,0.0157
1,VSTD_10,20D,0.0,0.0,1.0,1.0,False,20D,1,0.0193,0.0193
1,VMA_RATIO_20,1D,0.0,0.0,1.0,1.0,False,20D,1,-0.0066,-0.0066
1,VMA_RATIO_20,3D,0.0,0.0,1.0,1.0,False,20D,1,-0.0134,-0.0134
1,VMA_RATIO_20,5D,0.0,0.0,1.0,1.0,False,20D,1,-0.0161,-0.0161
1,VMA_RATIO_20,10D,0.0,0.0,1.0,1.0,False,20D,1,-0.032,-0.032
1,VMA_RATIO_20,20D,0.0,0.0,1.0,1.0,False,20D,1,-0.0274,-0.0274
1,VSTD_20,1D,0.0,0.0,1.0,1.0,False,20D,1,-0.0019,-0.0019
1,VSTD_20,3D,0.0,0.0,1.0,1.0,False,20D,1,-0.0002,-0.0002
1,VSTD_20,5D,0.0,0.0,1.0,1.0,False,20D,1,-0.0008,-0.0008
1,VSTD_20,10D,0.0,0.0,1.0,1.0,False,20D,1,0.0016,0.0016
1,VSTD_20,20D,0.0,0.0,1.0,1.0,False,20D,1,0.0076,0.0076
1,VMA_RATIO_60,1D,0.0,0.0,1.0,1.0,False,20D,1,-0.0025,-0.0025
1,VMA_RATIO_60,3D,0.0,0.0,1.0,1.0,False,20D,1,-0.007,-0.007
1,VMA_RATIO_60,5D,0.0,0.0,1.0,1.0,False,20D,1,-0.0094,-0.0094
1,VMA_RATIO_60,10D,0.0,0.0,1.0,1.0,False,20D,1,-0.0235,-0.0235
1,VMA_RATIO_60,20D,0.0,0.0,1.0,1.0,False,20D,1,-0.0095,-0.0095
1,VSTD_60,1D,0.0,0.0,1.0,1.0,False,20D,1,-0.0027,-0.0027
1,VSTD_60,3D,0.0,0.0,1.0,1.0,False,20D,1,0.0006,0.0006
1,VSTD_60,5D,0.0,0.0,1.0,1.0,False,20D,1,0.0043,0.0043
1,VSTD_60,10D,0.0,0.0,1.0,1.0,False,20D,1,0.0189,0.0189
1,VSTD_60,20D,0.0,0.0,1.0,1.0,False,20D,1,0.0427,0.0427
1,CORR_PV_5,1D,0.0,0.0,1.0,1.0,False,20D,1,-0.0096,-0.0096
1,CORR_PV_5,3D,0.0,0.0,1.0,1.0,False,20D,1,-0.0125,-0.0125
1,CORR_PV_5,5D,0.0,0.0,1.0,1.0,False,20D,1,-0.0198,-0.0198
1,CORR_PV_5,10D,0.0,0.0,1.0,1.0,False,20D,1,-0.0259,-0.0259
1,CORR_PV_5,20D,0.0,0.0,1.0,1.0,False,20D,1,-0.0089,-0.0089
1,WVMA_5,1D,0.0,0.0,1.0,1.0,False,20D,1,-0.0187,-0.0187
1,WVMA_5,3D,0.0,0.0,1.0,1.0,False,20D,1,-0.0297,-0.0297
1,WVMA_5,5D,0.0,0.0,1.0,1.0,False,20D,1,-0.0167,-0.0167
1,WVMA_5,10D,0.0,0.0,1.0,1.0,False,20D,1,-0.0161,-0.0161
1,WVMA_5,20D,0.0,0.0,1.0,1.0,False,20D,1,-0.0438,-0.0438
1,CORR_PV_10,1D,0.0,0.0,1.0,1.0,False,20D,1,-0.0167,-0.0167
1,CORR_PV_10,3D,0.0,0.0,1.0,1.0,False,20D,1,-0.0316,-0.0316
1,CORR_PV_10,5D,0.0,0.0,1.0,1.0,False,20D,1,-0.0374,-0.0374
1,CORR_PV_10,10D,0.0,0.0,1.0,1.0,False,20D,1,-0.0285,-0.0285
1,CORR_PV_10,20D,0.0,0.0,1.0,1.0,False,20D,1,-0.0108,-0.0108
1,WVMA_10,1D,0.0,0.0,1.0,1.0,False,20D,1,-0.0118,-0.0118
1,WVMA_10,3D,0.0,0.0,1.0,1.0,False,20D,1,-0.0159,-0.0159
1,WVMA_10,5D,0.0,0.0,1.0,1.0,False,20D,1,-0.0046,-0.0046
1,WVMA_10,10D,0.0,0.0,1.0,1.0,False,20D,1,-0.0117,-0.0117
1,WVMA_10,20D,0.0,0.0,1.0,1.0,False,20D,1,-0.0453,-0.0453
1,CORR_PV_20,1D,0.0,0.0,1.0,1.0,False,20D,1,-0.0115,-0.0115
1,CORR_PV_20,3D,0.0,0.0,1.0,1.0,False,20D,1,-0.0213,-0.0213
1,CORR_PV_20,5D,0.0,0.0,1.0,1.0,False,20D,1,-0.0304,-0.0304
1,CORR_PV_20,10D,0.0,0.0,1.0,1.0,False,20D,1,-0.0356,-0.0356
1,CORR_PV_20,20D,0.0,0.0,1.0,1.0,False,20D,1,-0.0295,-0.0295
1,WVMA_20,1D,0.0,0.0,1.0,1.0,False,20D,1,-0.0135,-0.0135
1,WVMA_20,3D,0.0,0.0,1.0,1.0,False,20D,1,-0.0199,-0.0199
1,WVMA_20,5D,0.0,0.0,1.0,1.0,False,20D,1,-0.0123,-0.0123
1,WVMA_20,10D,0.0,0.0,1.0,1.0,False,20D,1,-0.0263,-0.0263
1,WVMA_20,20D,0.0,0.0,1.0,1.0,False,20D,1,-0.0654,-0.0654
1,TURNOVER_SURGE_5,1D,0.0,0.0,1.0,1.0,False,20D,1,0.009,0.009
1,TURNOVER_SURGE_5,3D,0.0,0.0,1.0,1.0,False,20D,1,0.0099,0.0099
1,TURNOVER_SURGE_5,5D,0.0,0.0,1.0,1.0,False,20D,1,0.0002,0.0002
1,TURNOVER_SURGE_5,10D,0.0,0.0,1.0,1.0,False,20D,1,0.0084,0.0084
1,TURNOVER_SURGE_5,20D,0.0,0.0,1.0,1.0,False,20D,1,0.0062,0.0062
1,TURNOVER_SURGE_20,1D,0.0,0.0,1.0,1.0,False,20D,1,0.0081,0.0081
1,TURNOVER_SURGE_20,3D,0.0,0.0,1.0,1.0,False,20D,1,0.0115,0.0115
1,TURNOVER_SURGE_20,5D,0.0,0.0,1.0,1.0,False,20D,1,0.0142,0.0142
1,TURNOVER_SURGE_20,10D,0.0,0.0,1.0,1.0,False,20D,1,0.0291,0.0291
1,TURNOVER_SURGE_20,20D,0.0,0.0,1.0,1.0,False,20D,1,0.0253,0.0253
1,TURNOVER_STD_20,1D,0.0,0.0,1.0,1.0,False,20D,1,-0.0136,-0.0136
1,TURNOVER_STD_20,3D,0.0,0.0,1.0,1.0,False,20D,1,-0.0216,-0.0216
1,TURNOVER_STD_20,5D,0.0,0.0,1.0,1.0,False,20D,1,-0.0216,-0.0216
1,TURNOVER_STD_20,10D,0.0,0.0,1.0,1.0,False,20D,1,-0.0391,-0.0391
1,TURNOVER_STD_20,20D,0.0,0.0,1.0,1.0,False,20D,1,-0.0715,-0.0715
1,AMOUNT_RATIO_5_20,1D,0.0,0.0,1.0,1.0,False,20D,1,-0.0025,-0.0025
1,AMOUNT_RATIO_5_20,3D,0.0,0.0,1.0,1.0,False,20D,1,0.0067,0.0067
1,AMOUNT_RATIO_5_20,5D,0.0,0.0,1.0,1.0,False,20D,1,0.0197,0.0197
1,AMOUNT_RATIO_5_20,10D,0.0,0.0,1.0,1.0,False,20D,1,0.0329,0.0329
1,AMOUNT_RATIO_5_20,20D,0.0,0.0,1.0,1.0,False,20D,1,0.0303,0.0303
1,LIMIT_UP_SPACE,1D,0.0,0.0,1.0,1.0,False,20D,1,0.0134,0.0134
1,LIMIT_UP_SPACE,3D,0.0,0.0,1.0,1.0,False,20D,1,0.0018,0.0018
1,LIMIT_UP_SPACE,5D,0.0,0.0,1.0,1.0,False,20D,1,0.0061,0.0061
1,LIMIT_UP_SPACE,10D,0.0,0.0,1.0,1.0,False,20D,1,-0.0085,-0.0085
1,LIMIT_UP_SPACE,20D,0.0,0.0,1.0,1.0,False,20D,1,-0.0323,-0.0323
1,IS_LIMIT_UP_LAG1,1D,0.0,0.0,1.0,1.0,False,20D,1,-0.0015,-0.0015
1,IS_LIMIT_UP_LAG1,3D,0.0,0.0,1.0,1.0,False,20D,1,0.0031,0.0031
1,IS_LIMIT_UP_LAG1,5D,0.0,0.0,1.0,1.0,False,20D,1,0.0011,0.0011
1,IS_LIMIT_UP_LAG1,10D,0.0,0.0,1.0,1.0,False,20D,1,-0.0014,-0.0014
1,IS_LIMIT_UP_LAG1,20D,0.0,0.0,1.0,1.0,False,20D,1,-0.0064,-0.0064
1,IS_LIMIT_DOWN_LAG1,1D,0.0,0.0,1.0,1.0,False,20D,1,-0.0001,-0.0001
1,IS_LIMIT_DOWN_LAG1,3D,0.0,0.0,1.0,1.0,False,20D,1,0.0002,0.0002
1,IS_LIMIT_DOWN_LAG1,5D,0.0,0.0,1.0,1.0,False,20D,1,0.0024,0.0024
1,IS_LIMIT_DOWN_LAG1,10D,0.0,0.0,1.0,1.0,False,20D,1,0.0008,0.0008
1,IS_LIMIT_DOWN_LAG1,20D,0.0,0.0,1.0,1.0,False,20D,1,-0.0005,-0.0005
1,UPPER_SHADOW_RATIO,1D,0.0,0.0,1.0,1.0,False,20D,1,0.0069,0.0069
1,UPPER_SHADOW_RATIO,3D,0.0,0.0,1.0,1.0,False,20D,1,-0.0038,-0.0038
1,UPPER_SHADOW_RATIO,5D,0.0,0.0,1.0,1.0,False,20D,1,-0.0063,-0.0063
1,UPPER_SHADOW_RATIO,10D,0.0,0.0,1.0,1.0,False,20D,1,-0.0156,-0.0156
1,UPPER_SHADOW_RATIO,20D,0.0,0.0,1.0,1.0,False,20D,1,-0.0112,-0.0112
1,LOWER_SHADOW_RATIO,1D,0.0,0.0,1.0,1.0,False,20D,1,-0.0057,-0.0057
1,LOWER_SHADOW_RATIO,3D,0.0,0.0,1.0,1.0,False,20D,1,-0.0092,-0.0092
1,LOWER_SHADOW_RATIO,5D,0.0,0.0,1.0,1.0,False,20D,1,-0.0036,-0.0036
1,LOWER_SHADOW_RATIO,10D,0.0,0.0,1.0,1.0,False,20D,1,-0.0025,-0.0025
1,LOWER_SHADOW_RATIO,20D,0.0,0.0,1.0,1.0,False,20D,1,-0.0027,-0.0027
1,ENTITY_RATIO,1D,0.0,0.0,1.0,1.0,False,20D,1,-0.0014,-0.0014
1,ENTITY_RATIO,3D,0.0,0.0,1.0,1.0,False,20D,1,0.0071,0.0071
1,ENTITY_RATIO,5D,0.0,0.0,1.0,1.0,False,20D,1,0.0033,0.0033
1,ENTITY_RATIO,10D,0.0,0.0,1.0,1.0,False,20D,1,0.0114,0.0114
1,ENTITY_RATIO,20D,0.0,0.0,1.0,1.0,False,20D,1,0.0109,0.0109
1,INTRADAY_CLOSE_LOC,1D,0.0,0.0,1.0,1.0,False,20D,1,-0.0171,-0.0171
1,INTRADAY_CLOSE_LOC,3D,0.0,0.0,1.0,1.0,False,20D,1,-0.0092,-0.0092
1,INTRADAY_CLOSE_LOC,5D,0.0,0.0,1.0,1.0,False,20D,1,-0.0181,-0.0181
1,INTRADAY_CLOSE_LOC,10D,0.0,0.0,1.0,1.0,False,20D,1,-0.0045,-0.0045
1,INTRADAY_CLOSE_LOC,20D,0.0,0.0,1.0,1.0,False,20D,1,0.0008,0.0008
1,LOG_CIRC_MV,1D,0.0,0.0,1.0,1.0,False,20D,1,-0.0022,-0.0022
1,LOG_CIRC_MV,3D,0.0,0.0,1.0,1.0,False,20D,1,-0.0123,-0.0123
1,LOG_CIRC_MV,5D,0.0,0.0,1.0,1.0,False,20D,1,-0.0191,-0.0191
1,LOG_CIRC_MV,10D,0.0,0.0,1.0,1.0,False,20D,1,-0.0288,-0.0288
1,LOG_CIRC_MV,20D,0.0,0.0,1.0,1.0,False,20D,1,-0.041,-0.041
1,EFFICIENCY_RATIO_10,1D,0.0,0.0,1.0,1.0,False,20D,1,0.0068,0.0068
1,EFFICIENCY_RATIO_10,3D,0.0,0.0,1.0,1.0,False,20D,1,0.0129,0.0129
1,EFFICIENCY_RATIO_10,5D,0.0,0.0,1.0,1.0,False,20D,1,0.0258,0.0258
1,EFFICIENCY_RATIO_10,10D,0.0,0.0,1.0,1.0,False,20D,1,0.0302,0.0302
1,EFFICIENCY_RATIO_10,20D,0.0,0.0,1.0,1.0,False,20D,1,0.0059,0.0059
1,AMIHUD_20,1D,0.0,0.0,1.0,1.0,False,20D,1,0.0,0.0
1,AMIHUD_20,3D,0.0,0.0,1.0,1.0,False,20D,1,0.0,0.0
1,AMIHUD_20,5D,0.0,0.0,1.0,1.0,False,20D,1,0.0,0.0
1,AMIHUD_20,10D,0.0,0.0,1.0,1.0,False,20D,1,0.0,0.0
1,AMIHUD_20,20D,0.0,0.0,1.0,1.0,False,20D,1,0.0,0.0
1,AMIHUD_20_LN,1D,0.0,0.0,1.0,1.0,False,20D,1,0.0,0.0
1,AMIHUD_20_LN,3D,0.0,0.0,1.0,1.0,False,20D,1,0.0,0.0
1,AMIHUD_20_LN,5D,0.0,0.0,1.0,1.0,False,20D,1,0.0,0.0
1,AMIHUD_20_LN,10D,0.0,0.0,1.0,1.0,False,20D,1,0.0,0.0
1,AMIHUD_20_LN,20D,0.0,0.0,1.0,1.0,False,20D,1,0.0,0.0
1,ALPHA_RESIDUAL_MOMENTUM_20,1D,0.0,0.0,1.0,1.0,False,20D,1,-0.0192,-0.0192
1,ALPHA_RESIDUAL_MOMENTUM_20,3D,0.0,0.0,1.0,1.0,False,20D,1,-0.0242,-0.0242
1,ALPHA_RESIDUAL_MOMENTUM_20,5D,0.0,0.0,1.0,1.0,False,20D,1,-0.0201,-0.0201
1,ALPHA_RESIDUAL_MOMENTUM_20,10D,0.0,0.0,1.0,1.0,False,20D,1,-0.0175,-0.0175
1,ALPHA_RESIDUAL_MOMENTUM_20,20D,0.0,0.0,1.0,1.0,False,20D,1,-0.031,-0.031
1,ALPHA_TURNOVER_SURPRISE_5_20,1D,0.0,0.0,1.0,1.0,False,20D,1,0.0003,0.0003
1,ALPHA_TURNOVER_SURPRISE_5_20,3D,0.0,0.0,1.0,1.0,False,20D,1,0.0102,0.0102
1,ALPHA_TURNOVER_SURPRISE_5_20,5D,0.0,0.0,1.0,1.0,False,20D,1,0.0236,0.0236
1,ALPHA_TURNOVER_SURPRISE_5_20,10D,0.0,0.0,1.0,1.0,False,20D,1,0.0345,0.0345
1,ALPHA_TURNOVER_SURPRISE_5_20,20D,0.0,0.0,1.0,1.0,False,20D,1,0.0331,0.0331
1,ALPHA_QUALITY_X_MOMENTUM,1D,0.0,0.0,1.0,1.0,False,20D,1,-0.0148,-0.0148
1,ALPHA_QUALITY_X_MOMENTUM,3D,0.0,0.0,1.0,1.0,False,20D,1,-0.0181,-0.0181
1,ALPHA_QUALITY_X_MOMENTUM,5D,0.0,0.0,1.0,1.0,False,20D,1,-0.0142,-0.0142
1,ALPHA_QUALITY_X_MOMENTUM,10D,0.0,0.0,1.0,1.0,False,20D,1,-0.0115,-0.0115
1,ALPHA_QUALITY_X_MOMENTUM,20D,0.0,0.0,1.0,1.0,False,20D,1,-0.0224,-0.0224
1,ALPHA_LIQUIDITY_X_VOL,1D,0.0,0.0,1.0,1.0,False,20D,1,0.0,0.0
1,ALPHA_LIQUIDITY_X_VOL,3D,0.0,0.0,1.0,1.0,False,20D,1,0.0,0.0
1,ALPHA_LIQUIDITY_X_VOL,5D,0.0,0.0,1.0,1.0,False,20D,1,0.0,0.0
1,ALPHA_LIQUIDITY_X_VOL,10D,0.0,0.0,1.0,1.0,False,20D,1,0.0,0.0
1,ALPHA_LIQUIDITY_X_VOL,20D,0.0,0.0,1.0,1.0,False,20D,1,0.0,0.0
1,ALPHA_SHORT_REVERSAL_5,1D,0.0,0.0,1.0,1.0,False,20D,1,0.0349,0.0349
1,ALPHA_SHORT_REVERSAL_5,3D,0.0,0.0,1.0,1.0,False,20D,1,0.0299,0.0299
1,ALPHA_SHORT_REVERSAL_5,5D,0.0,0.0,1.0,1.0,False,20D,1,0.0233,0.0233
1,ALPHA_SHORT_REVERSAL_5,10D,0.0,0.0,1.0,1.0,False,20D,1,0.032,0.032
1,ALPHA_SHORT_REVERSAL_5,20D,0.0,0.0,1.0,1.0,False,20D,1,0.0127,0.0127
1,ALPHA_IDIO_VOL_PENALTY,1D,0.0,0.0,1.0,1.0,False,20D,1,0.0182,0.0182
1,ALPHA_IDIO_VOL_PENALTY,3D,0.0,0.0,1.0,1.0,False,20D,1,0.0272,0.0272
1,ALPHA_IDIO_VOL_PENALTY,5D,0.0,0.0,1.0,1.0,False,20D,1,0.0214,0.0214
1,ALPHA_IDIO_VOL_PENALTY,10D,0.0,0.0,1.0,1.0,False,20D,1,0.0404,0.0404
1,ALPHA_IDIO_VOL_PENALTY,20D,0.0,0.0,1.0,1.0,False,20D,1,0.0809,0.0809
1,ALPHA_MONEY_FLOW_DIV_10,1D,0.0,0.0,1.0,1.0,False,20D,1,-0.0122,-0.0122
1,ALPHA_MONEY_FLOW_DIV_10,3D,0.0,0.0,1.0,1.0,False,20D,1,-0.0219,-0.0219
1,ALPHA_MONEY_FLOW_DIV_10,5D,0.0,0.0,1.0,1.0,False,20D,1,-0.0305,-0.0305
1,ALPHA_MONEY_FLOW_DIV_10,10D,0.0,0.0,1.0,1.0,False,20D,1,-0.0505,-0.0505
1,ALPHA_MONEY_FLOW_DIV_10,20D,0.0,0.0,1.0,1.0,False,20D,1,-0.0841,-0.0841
2,KMID,1D,-0.0278,-2.3059,0.023706,0.167108,False,5D,-1,-0.0216,0.0216
2,KMID,3D,-0.0208,-1.7448,0.084857,0.254805,False,5D,-1,-0.0138,0.0138
2,KMID,5D,-0.0288,-2.3862,0.019384,0.163434,False,5D,-1,-0.0068,0.0068
2,KMID,10D,-0.0107,-1.457,0.14903,0.32863,False,5D,-1,0.0036,-0.0036
2,KMID,20D,-0.003,-0.2212,0.825484,0.912022,False,5D,-1,0.003,-0.003
2,KLEN,1D,-0.0148,-1.0265,0.307765,0.50511,False,20D,-1,-0.0156,0.0156
2,KLEN,3D,-0.0288,-1.5202,0.132407,0.31074,False,20D,-1,-0.0155,0.0155
2,KLEN,5D,-0.026,-1.1367,0.259046,0.439875,False,20D,-1,-0.0033,0.0033
2,KLEN,10D,-0.0381,-1.2459,0.216447,0.406429,False,20D,-1,0.0023,-0.0023
2,KLEN,20D,-0.069,-1.8436,0.068941,0.242989,False,20D,-1,0.0003,-0.0003
2,KMID2,1D,-0.0185,-1.5204,0.132342,0.31074,False,20D,1,-0.0116,-0.0116
2,KMID2,3D,-0.012,-1.0863,0.280606,0.465871,False,20D,1,-0.0059,-0.0059
2,KMID2,5D,-0.023,-2.0448,0.044158,0.208141,False,20D,1,-0.0032,-0.0032
2,KMID2,10D,-0.0062,-0.828,0.410157,0.589858,False,20D,1,0.0041,0.0041
2,KMID2,20D,0.0027,0.219,0.827183,0.912022,False,20D,1,0.0041,0.0041
2,KUP,1D,-0.009,-0.801,0.425517,0.605869,False,20D,-1,-0.0183,0.0183
2,KUP,3D,-0.0267,-2.0834,0.040403,0.206825,False,20D,-1,-0.022,0.022
2,KUP,5D,-0.0193,-1.5004,0.137449,0.317349,False,20D,-1,-0.0155,0.0155
2,KUP,10D,-0.0328,-2.3327,0.022175,0.167108,False,20D,-1,-0.0076,0.0076
2,KUP,20D,-0.0501,-2.528,0.013441,0.13441,False,20D,-1,-0.0094,0.0094
2,KLOW,1D,-0.0167,-1.6985,0.093307,0.263961,False,20D,-1,-0.0181,0.0181
2,KLOW,3D,-0.0158,-1.3154,0.192126,0.37382,False,20D,-1,-0.004,0.004
2,KLOW,5D,-0.0102,-0.6781,0.49969,0.65309,False,20D,-1,-0.0002,0.0002
2,KLOW,10D,-0.0174,-0.883,0.379879,0.557857,False,20D,-1,-0.0026,0.0026
2,KLOW,20D,-0.0379,-2.0443,0.044218,0.208141,False,20D,-1,-0.0061,0.0061
2,KSFT,1D,-0.0333,-2.8412,0.005699,0.084502,False,1D,-1,-0.0229,0.0229
2,KSFT,3D,-0.0174,-1.4171,0.160345,0.333668,False,1D,-1,-0.0073,0.0073
2,KSFT,5D,-0.0279,-2.4738,0.015487,0.143235,False,1D,-1,-0.0,0.0
2,KSFT,10D,-0.0026,-0.3311,0.741436,0.853759,False,1D,-1,0.006,-0.006
2,KSFT,20D,0.006,0.3786,0.705972,0.824913,False,1D,-1,0.0057,-0.0057
2,ROC5,1D,-0.0427,-3.7055,0.000387,0.023773,False,1D,-1,-0.0159,0.0159
2,ROC5,3D,-0.0342,-2.2812,0.025195,0.169279,False,1D,-1,-0.011,0.011
2,ROC5,5D,-0.0212,-1.2784,0.2048,0.387947,False,1D,-1,-0.0023,0.0023
2,ROC5,10D,-0.0163,-1.4423,0.153132,0.330888,False,1D,-1,0.0137,-0.0137
2,ROC5,20D,-0.0112,-0.3961,0.693063,0.818728,False,1D,-1,-0.0101,0.0101
2,MAX_RATIO_5,1D,0.0244,2.1257,0.036613,0.194365,False,1D,1,0.0104,0.0104
2,MAX_RATIO_5,3D,0.0183,1.1433,0.256343,0.439153,False,1D,1,0.0023,0.0023
2,MAX_RATIO_5,5D,0.0137,0.7898,0.431994,0.610775,False,1D,1,-0.0032,-0.0032
2,MAX_RATIO_5,10D,-0.0035,-0.2027,0.839885,0.921302,False,1D,1,-0.0165,-0.0165
2,MAX_RATIO_5,20D,-0.0159,-0.5383,0.591852,0.737671,False,1D,1,0.0019,0.0019
2,MIN_RATIO_5,1D,0.0361,3.2851,0.001514,0.054252,False,3D,1,0.0168,0.0168
2,MIN_RATIO_5,3D,0.0418,3.6612,0.000449,0.024134,False,3D,1,0.014,0.014
2,MIN_RATIO_5,5D,0.0397,2.5805,0.011695,0.12428,False,3D,1,0.0041,0.0041
2,MIN_RATIO_5,10D,0.0261,2.0695,0.041727,0.208141,False,3D,1,-0.011,-0.011
2,MIN_RATIO_5,20D,0.0313,1.9062,0.06022,0.223229,False,3D,1,-0.0077,-0.0077
2,MA_RATIO_5,1D,0.0375,3.2158,0.001878,0.062118,False,3D,1,0.0187,0.0187
2,MA_RATIO_5,3D,0.039,2.7751,0.006868,0.089492,False,3D,1,0.0103,0.0103
2,MA_RATIO_5,5D,0.0322,2.0611,0.042544,0.208141,False,3D,1,0.0004,0.0004
2,MA_RATIO_5,10D,0.0132,1.3904,0.168272,0.336544,False,3D,1,-0.0154,-0.0154
2,MA_RATIO_5,20D,0.0079,0.3365,0.737353,0.853759,False,3D,1,0.0003,0.0003
2,ROC10,1D,-0.0265,-2.2026,0.0305,0.182153,False,1D,-1,-0.0111,0.0111
2,ROC10,3D,-0.0176,-1.1531,0.252316,0.438286,False,1D,-1,-0.0111,0.0111
2,ROC10,5D,-0.0095,-0.6183,0.538116,0.689706,False,1D,-1,-0.0006,0.0006
2,ROC10,10D,-0.0043,-0.2203,0.826219,0.912022,False,1D,-1,0.0065,-0.0065
2,ROC10,20D,-0.0051,-0.1382,0.890404,0.957184,False,1D,-1,-0.0264,0.0264
2,MAX_RATIO_10,1D,0.0227,1.6701,0.098807,0.265822,False,20D,-1,0.0059,-0.0059
2,MAX_RATIO_10,3D,0.0136,0.7773,0.439293,0.614173,False,20D,-1,-0.0026,0.0026
2,MAX_RATIO_10,5D,0.0059,0.3039,0.761961,0.869926,False,20D,-1,-0.01,0.01
2,MAX_RATIO_10,10D,-0.0047,-0.2251,0.822444,0.912022,False,20D,-1,-0.0118,0.0118
2,MAX_RATIO_10,20D,-0.0231,-0.6171,0.538933,0.689706,False,20D,-1,0.0159,-0.0159
2,MIN_RATIO_10,1D,0.0374,3.61,0.000532,0.025418,False,1D,1,0.0179,0.0179
2,MIN_RATIO_10,3D,0.0326,2.9076,0.004712,0.081064,False,1D,1,0.0136,0.0136
2,MIN_RATIO_10,5D,0.0239,1.5779,0.118528,0.294315,False,1D,1,0.0002,0.0002
2,MIN_RATIO_10,10D,0.0217,1.8938,0.06186,0.22587,False,1D,1,-0.0169,-0.0169
2,MIN_RATIO_10,20D,0.0289,1.3691,0.17481,0.343234,False,1D,1,-0.0042,-0.0042
2,MA_RATIO_10,1D,0.0346,2.9488,0.004181,0.081064,False,1D,1,0.0165,0.0165
2,MA_RATIO_10,3D,0.0317,2.2326,0.028367,0.17678,False,1D,1,0.0112,0.0112
2,MA_RATIO_10,5D,0.0208,1.3493,0.181059,0.353888,False,1D,1,0.0004,0.0004
2,MA_RATIO_10,10D,0.0151,1.2334,0.221042,0.413243,False,1D,1,-0.0153,-0.0153
2,MA_RATIO_10,20D,0.0078,0.2457,0.80658,0.90556,False,1D,1,0.0147,0.0147
2,ROC20,1D,-0.0282,-2.2161,0.029529,0.178838,False,1D,-1,-0.0091,0.0091
2,ROC20,3D,-0.0307,-1.6902,0.09488,0.265822,False,1D,-1,-0.0134,0.0134
2,ROC20,5D,-0.0186,-0.8225,0.413211,0.592269,False,1D,-1,-0.0115,0.0115
2,ROC20,10D,-0.0166,-0.5287,0.59848,0.743776,False,1D,-1,-0.0159,0.0159
2,ROC20,20D,-0.0383,-0.9434,0.3483,0.537846,False,1D,-1,-0.0472,0.0472
2,MAX_RATIO_20,1D,0.0209,1.3932,0.167406,0.336544,False,20D,-1,0.0041,-0.0041
2,MAX_RATIO_20,3D,0.0099,0.4973,0.620354,0.764333,False,20D,-1,-0.0034,0.0034
2,MAX_RATIO_20,5D,-0.0043,-0.1909,0.849076,0.929014,False,20D,-1,-0.0044,0.0044
2,MAX_RATIO_20,10D,-0.0181,-0.5815,0.562571,0.707326,False,20D,-1,-0.0021,0.0021
2,MAX_RATIO_20,20D,-0.0226,-0.4547,0.650523,0.792422,False,20D,-1,0.0225,-0.0225
2,MIN_RATIO_20,1D,0.0333,3.0884,0.002767,0.075452,False,3D,1,0.0107,0.0107
2,MIN_RATIO_20,3D,0.0352,2.8649,0.005327,0.082882,False,3D,1,0.0036,0.0036
2,MIN_RATIO_20,5D,0.0268,1.7815,0.078628,0.252314,False,3D,1,-0.0086,-0.0086
2,MIN_RATIO_20,10D,0.0261,1.6483,0.103208,0.268966,False,3D,1,-0.0124,-0.0124
2,MIN_RATIO_20,20D,0.0438,1.4684,0.145916,0.325098,False,3D,1,0.0116,0.0116
2,MA_RATIO_20,1D,0.0328,2.5755,0.01185,0.12428,False,1D,1,0.0124,0.0124
2,MA_RATIO_20,3D,0.0275,1.7439,0.085009,0.254805,False,1D,1,0.009,0.009
2,MA_RATIO_20,5D,0.0131,0.7264,0.46972,0.632594,False,1D,1,0.0002,0.0002
2,MA_RATIO_20,10D,0.0081,0.3296,0.742572,0.853759,False,1D,1,-0.0036,-0.0036
2,MA_RATIO_20,20D,0.017,0.4224,0.673864,0.803339,False,1D,1,0.0313,0.0313
2,ROC30,1D,-0.0307,-2.3552,0.020961,0.166912,False,1D,-1,-0.0202,0.0202
2,ROC30,3D,-0.0375,-1.8658,0.06574,0.237548,False,1D,-1,-0.0221,0.0221
2,ROC30,5D,-0.0302,-1.2883,0.201341,0.385139,False,1D,-1,-0.0222,0.0222
2,ROC30,10D,-0.0342,-1.0015,0.319602,0.518599,False,1D,-1,-0.0354,0.0354
2,ROC30,20D,-0.073,-2.0481,0.043834,0.208141,False,1D,-1,-0.067,0.067
2,MAX_RATIO_30,1D,0.0194,1.2188,0.226501,0.417506,False,20D,-1,0.0074,-0.0074
2,MAX_RATIO_30,3D,0.0167,0.748,0.456646,0.623358,False,20D,-1,0.0032,-0.0032
2,MAX_RATIO_30,5D,0.0056,0.2066,0.836815,0.920282,False,20D,-1,0.0014,-0.0014
2,MAX_RATIO_30,10D,-0.0041,-0.1053,0.916423,0.977821,False,20D,-1,0.004,-0.004
2,MAX_RATIO_30,20D,-0.0034,-0.0591,0.953036,0.999526,False,20D,-1,0.0285,-0.0285
2,MIN_RATIO_30,1D,0.0363,3.0697,0.002926,0.075452,False,20D,1,0.0129,0.0129
2,MIN_RATIO_30,3D,0.0421,2.7629,0.007107,0.089883,False,20D,1,0.0089,0.0089
2,MIN_RATIO_30,5D,0.034,1.9627,0.053162,0.208292,False,20D,1,-0.0004,-0.0004
2,MIN_RATIO_30,10D,0.0378,1.9955,0.049395,0.208141,False,20D,1,0.0006,0.0006
2,MIN_RATIO_30,20D,0.0625,2.3184,0.02298,0.167108,False,20D,1,0.0231,0.0231
2,MA_RATIO_30,1D,0.0332,2.4449,0.016687,0.146437,False,1D,1,0.0146,0.0146
2,MA_RATIO_30,3D,0.0331,1.7737,0.079914,0.252669,False,1D,1,0.0154,0.0154
2,MA_RATIO_30,5D,0.0213,0.9545,0.342706,0.537846,False,1D,1,0.0107,0.0107
2,MA_RATIO_30,10D,0.0193,0.6303,0.530312,0.68685,False,1D,1,0.0119,0.0119
2,MA_RATIO_30,20D,0.038,0.909,0.366065,0.544664,False,1D,1,0.0482,0.0482
2,ROC60,1D,-0.0365,-2.7911,0.006567,0.088244,False,20D,-1,-0.0092,0.0092
2,ROC60,3D,-0.0445,-2.1759,0.032513,0.186788,False,20D,-1,-0.0133,0.0133
2,ROC60,5D,-0.0385,-1.538,0.127995,0.304077,False,20D,-1,-0.0172,0.0172
2,ROC60,10D,-0.0429,-1.4834,0.141902,0.319465,False,20D,-1,-0.0225,0.0225
2,ROC60,20D,-0.0777,-3.4464,0.000908,0.035495,False,20D,-1,-0.0538,0.0538
2,MAX_RATIO_60,1D,0.0308,2.072,0.041491,0.208141,False,20D,1,0.0045,0.0045
2,MAX_RATIO_60,3D,0.0399,1.7752,0.079665,0.252669,False,20D,1,0.0023,0.0023
2,MAX_RATIO_60,5D,0.0364,1.2169,0.227201,0.417506,False,20D,1,0.0018,0.0018
2,MAX_RATIO_60,10D,0.0364,0.7713,0.442776,0.614173,False,20D,1,0.008,0.008
2,MAX_RATIO_60,20D,0.0488,0.9178,0.36149,0.542373,False,20D,1,0.0269,0.0269
2,MIN_RATIO_60,1D,0.0389,2.9075,0.004713,0.081064,False,20D,1,0.0145,0.0145
2,MIN_RATIO_60,3D,0.0512,2.7035,0.008379,0.100082,False,20D,1,0.0133,0.0133
2,MIN_RATIO_60,5D,0.046,2.059,0.042748,0.208141,False,20D,1,0.0063,0.0063
2,MIN_RATIO_60,10D,0.0566,2.1943,0.031116,0.183286,False,20D,1,0.0001,0.0001
2,MIN_RATIO_60,20D,0.0915,4.2016,6.8e-05,0.009747,False,20D,1,0.019,0.019
2,MA_RATIO_60,1D,0.0409,2.9981,0.003619,0.077808,False,20D,1,0.0158,0.0158
2,MA_RATIO_60,3D,0.0532,2.612,0.010748,0.121622,False,20D,1,0.0201,0.0201
2,MA_RATIO_60,5D,0.0471,1.9193,0.058515,0.220714,False,20D,1,0.0206,0.0206
2,MA_RATIO_60,10D,0.0582,1.6572,0.101397,0.267489,False,20D,1,0.03,0.03
2,MA_RATIO_60,20D,0.0992,2.9209,0.004533,0.081064,False,20D,1,0.0626,0.0626
2,ROC120,1D,-0.0095,-0.5666,0.572571,0.715714,False,20D,-1,-0.0016,0.0016
2,ROC120,3D,-0.0096,-0.3855,0.700874,0.82315,False,20D,-1,-0.0061,0.0061
2,ROC120,5D,-0.0046,-0.1697,0.865656,0.939072,False,20D,-1,-0.0064,0.0064
2,ROC120,10D,-0.0299,-0.9402,0.34997,0.537846,False,20D,-1,-0.018,0.018
2,ROC120,20D,-0.081,-2.3584,0.020792,0.166912,False,20D,-1,-0.0342,0.0342
2,MAX_RATIO_120,1D,0.0132,1.0015,0.319599,0.518599,False,20D,1,0.002,0.002
2,MAX_RATIO_120,3D,0.0114,0.5233,0.602244,0.745099,False,20D,1,0.0058,0.0058
2,MAX_RATIO_120,5D,0.0061,0.2202,0.826309,0.912022,False,20D,1,0.0086,0.0086
2,MAX_RATIO_120,10D,0.0114,0.2994,0.765375,0.870665,False,20D,1,0.0196,0.0196
2,MAX_RATIO_120,20D,0.0205,0.4407,0.660599,0.795463,False,20D,1,0.039,0.039
2,MIN_RATIO_120,1D,0.0266,1.6675,0.099316,0.265822,False,20D,1,0.0151,0.0151
2,MIN_RATIO_120,3D,0.035,1.518,0.132968,0.31074,False,20D,1,0.0159,0.0159
2,MIN_RATIO_120,5D,0.0307,1.1739,0.243901,0.434177,False,20D,1,0.0075,0.0075
2,MIN_RATIO_120,10D,0.0555,1.7629,0.081734,0.254805,False,20D,1,0.0079,0.0079
2,MIN_RATIO_120,20D,0.107,2.7979,0.006442,0.088244,False,20D,1,0.0256,0.0256
2,MA_RATIO_120,1D,0.0268,1.7858,0.077918,0.251915,False,20D,1,0.012,0.012
2,MA_RATIO_120,3D,0.0295,1.2878,0.201526,0.385139,False,20D,1,0.0209,0.0209
2,MA_RATIO_120,5D,0.0202,0.7755,0.44035,0.614173,False,20D,1,0.0231,0.0231
2,MA_RATIO_120,10D,0.0292,0.9441,0.347967,0.537846,False,20D,1,0.0372,0.0372
2,MA_RATIO_120,20D,0.0727,3.037,0.003225,0.076698,False,20D,1,0.0679,0.0679
2,ROC250,1D,-0.0214,-1.1885,0.238169,0.432121,False,20D,-1,0.0094,-0.0094
2,ROC250,3D,-0.0326,-1.2109,0.22948,0.4199,False,20D,-1,0.0215,-0.0215
2,ROC250,5D,-0.0356,-1.0366,0.303063,0.499299,False,20D,-1,0.0352,-0.0352
2,ROC250,10D,-0.0738,-1.6024,0.113014,0.284187,False,20D,-1,0.0557,-0.0557
2,ROC250,20D,-0.1173,-2.1672,0.033194,0.186788,False,20D,-1,0.0849,-0.0849
2,MAX_RATIO_250,1D,0.0068,0.5703,0.570092,0.714693,False,20D,1,-0.0119,-0.0119
2,MAX_RATIO_250,3D,0.0055,0.2777,0.781937,0.887158,False,20D,1,-0.0153,-0.0153
2,MAX_RATIO_250,5D,0.0044,0.1805,0.857219,0.933175,False,20D,1,-0.0183,-0.0183
2,MAX_RATIO_250,10D,0.0265,0.8872,0.377637,0.557857,False,20D,1,-0.0131,-0.0131
2,MAX_RATIO_250,20D,0.0515,1.3927,0.167555,0.336544,False,20D,1,-0.0092,-0.0092
2,MIN_RATIO_250,1D,0.0337,1.7522,0.083572,0.254805,False,20D,1,0.0149,0.0149
2,MIN_RATIO_250,3D,0.053,1.9137,0.05924,0.221506,False,20D,1,0.0152,0.0152
2,MIN_RATIO_250,5D,0.0569,1.7193,0.089426,0.261446,False,20D,1,0.0077,0.0077
2,MIN_RATIO_250,10D,0.096,2.1533,0.03431,0.187317,False,20D,1,0.0035,0.0035
2,MIN_RATIO_250,20D,0.1366,2.2573,0.026716,0.176737,False,20D,1,-0.0036,-0.0036
2,MA_RATIO_250,1D,0.0249,1.373,0.173587,0.343035,False,20D,1,0.0013,0.0013
2,MA_RATIO_250,3D,0.0345,1.2785,0.204787,0.387947,False,20D,1,0.0022,0.0022
2,MA_RATIO_250,5D,0.0356,1.1453,0.255502,0.439153,False,20D,1,0.0001,0.0001
2,MA_RATIO_250,10D,0.07,1.9646,0.052927,0.208292,False,20D,1,0.0057,0.0057
2,MA_RATIO_250,20D,0.1158,2.9075,0.004713,0.081064,False,20D,1,0.0116,0.0116
2,STD5,1D,-0.0302,-2.3354,0.022031,0.167108,False,3D,-1,-0.0085,0.0085
2,STD5,3D,-0.0464,-2.5953,0.011239,0.123917,False,3D,-1,-0.0135,0.0135
2,STD5,5D,-0.037,-1.6157,0.110093,0.284187,False,3D,-1,-0.0079,0.0079
2,STD5,10D,-0.0478,-1.4613,0.147853,0.327715,False,3D,-1,-0.0033,0.0033
2,STD5,20D,-0.0731,-1.8014,0.075413,0.249347,False,3D,-1,0.0006,-0.0006
2,STD10,1D,-0.0258,-1.6656,0.099696,0.265822,False,20D,-1,-0.0153,0.0153
2,STD10,3D,-0.0392,-1.7364,0.08635,0.256072,False,20D,-1,-0.0171,0.0171
2,STD10,5D,-0.0347,-1.2623,0.210499,0.396994,False,20D,-1,-0.0089,0.0089
2,STD10,10D,-0.0543,-1.5585,0.123058,0.298323,False,20D,-1,0.0022,-0.0022
2,STD10,20D,-0.0907,-2.0123,0.04755,0.208141,False,20D,-1,0.0059,-0.0059
2,STD20,1D,-0.0281,-1.6634,0.100147,0.265822,False,20D,-1,-0.0211,0.0211
2,STD20,3D,-0.047,-1.9705,0.052245,0.208292,False,20D,-1,-0.0206,0.0206
2,STD20,5D,-0.0462,-1.7023,0.092583,0.263647,False,20D,-1,-0.0129,0.0129
2,STD20,10D,-0.0732,-2.0997,0.038904,0.201551,False,20D,-1,-0.004,0.004
2,STD20,20D,-0.11,-2.2348,0.028218,0.17678,False,20D,-1,0.0028,-0.0028
2,STD30,1D,-0.0321,-1.8299,0.070987,0.244649,False,3D,-1,-0.0237,0.0237
2,STD30,3D,-0.0531,-2.1418,0.035249,0.189463,False,3D,-1,-0.025,0.025
2,STD30,5D,-0.0532,-1.7979,0.075964,0.249347,False,3D,-1,-0.0178,0.0178
2,STD30,10D,-0.0788,-1.9481,0.054909,0.212711,False,3D,-1,-0.0069,0.0069
2,STD30,20D,-0.1141,-2.0281,0.045874,0.208141,False,3D,-1,-0.0057,0.0057
2,STD60,1D,-0.0283,-1.5508,0.124885,0.298336,False,20D,-1,-0.0239,0.0239
2,STD60,3D,-0.0452,-1.7615,0.081982,0.254805,False,20D,-1,-0.0264,0.0264
2,STD60,5D,-0.0447,-1.418,0.160077,0.333668,False,20D,-1,-0.0208,0.0208
2,STD60,10D,-0.0712,-1.5096,0.135076,0.31396,False,20D,-1,-0.0105,0.0105
2,STD60,20D,-0.0996,-1.4897,0.140224,0.317349,False,20D,-1,-0.004,0.004
2,STD120,1D,-0.0271,-1.4058,0.163658,0.335109,False,20D,-1,-0.0269,0.0269
2,STD120,3D,-0.0475,-1.6669,0.099447,0.265822,False,20D,-1,-0.0304,0.0304
2,STD120,5D,-0.0508,-1.4306,0.156439,0.333668,False,20D,-1,-0.0274,0.0274
2,STD120,10D,-0.0843,-1.5567,0.123492,0.298323,False,20D,-1,-0.0178,0.0178
2,STD120,20D,-0.1145,-1.4241,0.158318,0.333668,False,20D,-1,-0.0095,0.0095
2,STD250,1D,-0.0304,-1.7032,0.09241,0.263647,False,20D,-1,-0.0254,0.0254
2,STD250,3D,-0.0542,-1.9978,0.049134,0.208141,False,20D,-1,-0.0288,0.0288
2,STD250,5D,-0.0598,-1.7138,0.090433,0.261446,False,20D,-1,-0.0248,0.0248
2,STD250,10D,-0.0946,-1.7421,0.08533,0.254805,False,20D,-1,-0.0159,0.0159
2,STD250,20D,-0.1222,-1.498,0.138057,0.317349,False,20D,-1,-0.0062,0.0062
2,ATR_RATIO_5,1D,-0.0266,-1.6506,0.102749,0.268966,False,20D,-1,-0.021,0.021
2,ATR_RATIO_5,3D,-0.0423,-1.829,0.071119,0.244649,False,20D,-1,-0.0218,0.0218
2,ATR_RATIO_5,5D,-0.0334,-1.1657,0.247184,0.435611,False,20D,-1,-0.0134,0.0134
2,ATR_RATIO_5,10D,-0.0554,-1.413,0.161521,0.333914,False,20D,-1,-0.007,0.007
2,ATR_RATIO_5,20D,-0.0961,-1.9226,0.058083,0.220714,False,20D,-1,-0.0033,0.0033
2,ATR_RATIO_20,1D,-0.0247,-1.3026,0.196453,0.380517,False,20D,-1,-0.0242,0.0242
2,ATR_RATIO_20,3D,-0.0444,-1.6714,0.098558,0.265822,False,20D,-1,-0.0277,0.0277
2,ATR_RATIO_20,5D,-0.0461,-1.4901,0.140128,0.317349,False,20D,-1,-0.0211,0.0211
2,ATR_RATIO_20,10D,-0.0795,-1.8004,0.075567,0.249347,False,20D,-1,-0.0118,0.0118
2,ATR_RATIO_20,20D,-0.1169,-1.8471,0.068423,0.242989,False,20D,-1,0.0015,-0.0015
2,ATR_RATIO_60,1D,-0.0139,-0.7352,0.464382,0.627938,False,20D,-1,-0.0174,0.0174
2,ATR_RATIO_60,3D,-0.0262,-0.9521,0.343934,0.537846,False,20D,-1,-0.0202,0.0202
2,ATR_RATIO_60,5D,-0.0272,-0.7884,0.432816,0.610775,False,20D,-1,-0.0148,0.0148
2,ATR_RATIO_60,10D,-0.0515,-0.9463,0.346857,0.537846,False,20D,-1,-0.0022,0.0022
2,ATR_RATIO_60,20D,-0.0748,-0.9797,0.330203,0.531788,False,20D,-1,0.0129,-0.0129
2,ROC_STD_20,1D,-0.0237,-2.0063,0.048209,0.208141,False,20D,-1,-0.0064,0.0064
2,ROC_STD_20,3D,-0.0245,-1.4497,0.15105,0.329703,False,20D,-1,-0.0082,0.0082
2,ROC_STD_20,5D,-0.0133,-0.5968,0.552303,0.696452,False,20D,-1,-0.0043,0.0043
2,ROC_STD_20,10D,-0.0102,-0.3311,0.741412,0.853759,False,20D,-1,-0.0055,0.0055
2,ROC_STD_20,20D,-0.0256,-0.621,0.536365,0.689706,False,20D,-1,-0.0339,0.0339
2,ROC_STD_60,1D,-0.0353,-2.6804,0.008927,0.103746,False,20D,-1,-0.0115,0.0115
2,ROC_STD_60,3D,-0.0433,-2.152,0.034414,0.187317,False,20D,-1,-0.0136,0.0136
2,ROC_STD_60,5D,-0.0386,-1.6107,0.111181,0.284187,False,20D,-1,-0.0145,0.0145
2,ROC_STD_60,10D,-0.0428,-1.5755,0.119095,0.294315,False,20D,-1,-0.0138,0.0138
2,ROC_STD_60,20D,-0.0781,-4.469,2.6e-05,0.00559,False,20D,-1,-0.027,0.027
2,ROC_STD_120,1D,-0.0112,-0.6857,0.494903,0.652075,False,20D,-1,-0.0061,0.0061
2,ROC_STD_120,3D,-0.0095,-0.3982,0.691511,0.818728,False,20D,-1,-0.0095,0.0095
2,ROC_STD_120,5D,-0.0027,-0.0995,0.920981,0.980252,False,20D,-1,-0.0081,0.0081
2,ROC_STD_120,10D,-0.0255,-0.7877,0.433224,0.610775,False,20D,-1,-0.0125,0.0125
2,ROC_STD_120,20D,-0.0784,-2.3702,0.020184,0.166906,False,20D,-1,-0.0212,0.0212
2,ROC_STD_250,1D,-0.0201,-1.1291,0.262213,0.440436,False,20D,-1,0.0047,-0.0047
2,ROC_STD_250,3D,-0.0302,-1.135,0.259757,0.439875,False,20D,-1,0.0147,-0.0147
2,ROC_STD_250,5D,-0.0317,-0.9386,0.350757,0.537846,False,20D,-1,0.0271,-0.0271
2,ROC_STD_250,10D,-0.0673,-1.4538,0.149907,0.328878,False,20D,-1,0.0475,-0.0475
2,ROC_STD_250,20D,-0.1096,-1.9616,0.053284,0.208292,False,20D,-1,0.0766,-0.0766
2,MOM_ACC_20_60,1D,-0.0301,-2.3116,0.023376,0.167108,False,20D,-1,-0.0161,0.0161
2,MOM_ACC_20_60,3D,-0.0495,-2.4639,0.015887,0.143235,False,20D,-1,-0.0267,0.0267
2,MOM_ACC_20_60,5D,-0.0539,-2.174,0.032662,0.186788,False,20D,-1,-0.0334,0.0334
2,MOM_ACC_20_60,10D,-0.0797,-2.3883,0.019283,0.163434,False,20D,-1,-0.0474,0.0474
2,MOM_ACC_20_60,20D,-0.1348,-8.885,0.0,0.0,False,20D,-1,-0.0676,0.0676
2,MOM_ACC_60_120,1D,0.0073,0.4861,0.628201,0.77179,False,20D,-1,0.0016,-0.0016
2,MOM_ACC_60_120,3D,0.0157,0.7159,0.47613,0.634387,False,20D,-1,-0.0047,0.0047
2,MOM_ACC_60_120,5D,0.0241,1.0881,0.279798,0.465871,False,20D,-1,-0.0059,0.0059
2,MOM_ACC_60_120,10D,0.018,0.7815,0.436804,0.61381,False,20D,-1,-0.0205,0.0205
2,MOM_ACC_60_120,20D,-0.0082,-0.6021,0.548827,0.696152,False,20D,-1,-0.0409,0.0409
2,VMA_RATIO_5,1D,-0.0133,-1.5903,0.115713,0.289282,False,20D,-1,-0.0024,0.0024
2,VMA_RATIO_5,3D,-0.0077,-0.9494,0.345258,0.537846,False,20D,-1,-0.0083,0.0083
2,VMA_RATIO_5,5D,0.0089,1.1589,0.249962,0.436925,False,20D,-1,-0.0146,0.0146
2,VMA_RATIO_5,10D,-0.0075,-0.9323,0.353978,0.537846,False,20D,-1,-0.0095,0.0095
2,VMA_RATIO_5,20D,-0.0099,-1.8388,0.069656,0.243513,False,20D,-1,-0.0045,0.0045
2,VSTD_5,1D,-0.0056,-0.6425,0.522417,0.680725,False,20D,1,0.0107,0.0107
2,VSTD_5,3D,-0.0015,-0.1412,0.888071,0.957069,False,20D,1,0.0121,0.0121
2,VSTD_5,5D,0.0102,0.8497,0.398003,0.5743,False,20D,1,0.0072,0.0072
2,VSTD_5,10D,0.01,1.0091,0.315984,0.516628,False,20D,1,0.0009,0.0009
2,VSTD_5,20D,0.011,0.9224,0.359101,0.541856,False,20D,1,-0.011,-0.011
2,VMA_RATIO_10,1D,-0.0027,-0.3243,0.746551,0.856045,False,20D,-1,-0.0019,0.0019
2,VMA_RATIO_10,3D,0.0057,0.7129,0.478003,0.634387,False,20D,-1,-0.0067,0.0067
2,VMA_RATIO_10,5D,0.0086,0.9223,0.359137,0.541856,False,20D,-1,-0.0109,0.0109
2,VMA_RATIO_10,10D,-0.0158,-1.7433,0.085128,0.254805,False,20D,-1,-0.0062,0.0062
2,VMA_RATIO_10,20D,-0.0169,-2.4615,0.015989,0.143235,False,20D,-1,-0.0015,0.0015
2,VSTD_10,1D,0.0053,0.6882,0.49332,0.652075,False,20D,1,-0.0022,-0.0022
2,VSTD_10,3D,0.011,1.1728,0.244351,0.434177,False,20D,1,-0.0096,-0.0096
2,VSTD_10,5D,0.0134,1.2979,0.198039,0.381869,False,20D,1,-0.011,-0.011
2,VSTD_10,10D,0.0117,0.7646,0.446779,0.614754,False,20D,1,-0.0104,-0.0104
2,VSTD_10,20D,0.0178,0.7634,0.447484,0.614754,False,20D,1,-0.0258,-0.0258
2,VMA_RATIO_20,1D,-0.0071,-0.8648,0.389736,0.570022,False,20D,-1,-0.0006,0.0006
2,VMA_RATIO_20,3D,-0.0059,-0.6841,0.49588,0.652075,False,20D,-1,-0.0021,0.0021
2,VMA_RATIO_20,5D,-0.008,-0.68,0.498492,0.65309,False,20D,-1,-0.007,0.007
2,VMA_RATIO_20,10D,-0.0348,-3.5731,0.000601,0.025843,False,20D,-1,-0.0049,0.0049
2,VMA_RATIO_20,20D,-0.0368,-3.1864,0.002055,0.063118,False,20D,-1,0.0028,-0.0028
2,VSTD_20,1D,-0.003,-0.3625,0.717922,0.834342,False,20D,1,-0.0112,-0.0112
2,VSTD_20,3D,-0.0014,-0.1251,0.900787,0.965931,False,20D,1,-0.0236,-0.0236
2,VSTD_20,5D,-0.0038,-0.2388,0.811908,0.909168,False,20D,1,-0.0311,-0.0311
2,VSTD_20,10D,-0.0005,-0.0181,0.985638,1.0,False,20D,1,-0.035,-0.035
2,VSTD_20,20D,0.0063,0.2518,0.801864,0.902622,False,20D,1,-0.035,-0.035
2,VMA_RATIO_60,1D,0.0003,0.0278,0.97791,1.0,False,20D,-1,0.0064,-0.0064
2,VMA_RATIO_60,3D,0.0007,0.0654,0.948033,0.999152,False,20D,-1,0.0072,-0.0072
2,VMA_RATIO_60,5D,-0.0016,-0.1071,0.914943,0.977821,False,20D,-1,0.0024,-0.0024
2,VMA_RATIO_60,10D,-0.0225,-1.4226,0.158747,0.333668,False,20D,-1,0.0056,-0.0056
2,VMA_RATIO_60,20D,-0.0034,-0.168,0.867004,0.939072,False,20D,-1,0.0089,-0.0089
2,VSTD_60,1D,-0.0001,-0.0059,0.995341,1.0,False,20D,1,-0.0044,-0.0044
2,VSTD_60,3D,0.0096,0.6198,0.537167,0.689706,False,20D,1,-0.009,-0.009
2,VSTD_60,5D,0.0158,0.7403,0.461257,0.62568,False,20D,1,-0.0118,-0.0118
2,VSTD_60,10D,0.0348,1.1465,0.254997,0.439153,False,20D,1,-0.0107,-0.0107
2,VSTD_60,20D,0.0576,1.9901,0.049993,0.208141,False,20D,1,-0.0296,-0.0296
2,CORR_PV_5,1D,-0.0141,-2.0109,0.047705,0.208141,False,20D,-1,-0.0077,0.0077
2,CORR_PV_5,3D,-0.0107,-1.1925,0.236571,0.43104,False,20D,-1,-0.0189,0.0189
2,CORR_PV_5,5D,-0.0109,-1.1795,0.241707,0.433058,False,20D,-1,-0.0197,0.0197
2,CORR_PV_5,10D,-0.0195,-1.4073,0.163209,0.335109,False,20D,-1,-0.0158,0.0158
2,CORR_PV_5,20D,-0.0074,-0.4013,0.689248,0.81872,False,20D,-1,-0.0424,0.0424
2,WVMA_5,1D,-0.03,-2.7148,0.008121,0.099772,False,3D,-1,-0.0066,0.0066
2,WVMA_5,3D,-0.0479,-3.0203,0.003389,0.076698,False,3D,-1,-0.008,0.008
2,WVMA_5,5D,-0.0341,-1.5526,0.124467,0.298336,False,3D,-1,-0.0042,0.0042
2,WVMA_5,10D,-0.0349,-1.1341,0.260131,0.439875,False,3D,-1,-0.0014,0.0014
2,WVMA_5,20D,-0.0585,-1.7544,0.083199,0.254805,False,3D,-1,-0.0007,0.0007
2,CORR_PV_10,1D,-0.0094,-1.2266,0.223575,0.414385,False,20D,-1,-0.016,0.016
2,CORR_PV_10,3D,-0.0219,-1.9395,0.055961,0.21485,False,20D,-1,-0.0315,0.0315
2,CORR_PV_10,5D,-0.0251,-2.029,0.045786,0.208141,False,20D,-1,-0.0412,0.0412
2,CORR_PV_10,10D,-0.0243,-1.1816,0.240884,0.433058,False,20D,-1,-0.0518,0.0518
2,CORR_PV_10,20D,-0.0091,-0.303,0.762703,0.869926,False,20D,-1,-0.0789,0.0789
2,WVMA_10,1D,-0.0208,-1.6073,0.111924,0.284187,False,20D,-1,-0.0149,0.0149
2,WVMA_10,3D,-0.0303,-1.5664,0.121198,0.296109,False,20D,-1,-0.0171,0.0171
2,WVMA_10,5D,-0.0205,-0.8509,0.397363,0.5743,False,20D,-1,-0.0115,0.0115
2,WVMA_10,10D,-0.0288,-0.9735,0.333254,0.531832,False,20D,-1,-0.0066,0.0066
2,WVMA_10,20D,-0.0597,-1.5685,0.120703,0.296109,False,20D,-1,-0.0067,0.0067
2,CORR_PV_20,1D,-0.009,-0.9557,0.342096,0.537846,False,20D,-1,-0.0257,0.0257
2,CORR_PV_20,3D,-0.0159,-1.1798,0.241593,0.433058,False,20D,-1,-0.0449,0.0449
2,CORR_PV_20,5D,-0.0214,-1.2308,0.221998,0.413243,False,20D,-1,-0.0533,0.0533
2,CORR_PV_20,10D,-0.0232,-0.806,0.422615,0.603736,False,20D,-1,-0.0589,0.0589
2,CORR_PV_20,20D,-0.0245,-0.7537,0.453244,0.620684,False,20D,-1,-0.0779,0.0779
2,WVMA_20,1D,-0.0217,-1.6123,0.110829,0.284187,False,20D,-1,-0.0235,0.0235
2,WVMA_20,3D,-0.0349,-1.8178,0.072843,0.244707,False,20D,-1,-0.0279,0.0279
2,WVMA_20,5D,-0.0304,-1.4425,0.153053,0.330888,False,20D,-1,-0.0228,0.0228
2,WVMA_20,10D,-0.0473,-2.0254,0.046162,0.208141,False,20D,-1,-0.016,0.016
2,WVMA_20,20D,-0.0843,-2.2917,0.024553,0.167584,False,20D,-1,-0.0051,0.0051
2,TURNOVER_SURGE_5,1D,0.0124,1.4288,0.156948,0.333668,False,20D,1,0.0051,0.0051
2,TURNOVER_SURGE_5,3D,0.0061,0.7223,0.472239,0.632594,False,20D,1,0.0126,0.0126
2,TURNOVER_SURGE_5,5D,-0.0101,-1.3961,0.166534,0.336544,False,20D,1,0.0191,0.0191
2,TURNOVER_SURGE_5,10D,0.0066,0.8624,0.391071,0.570036,False,20D,1,0.0147,0.0147
2,TURNOVER_SURGE_5,20D,0.0093,1.4161,0.160626,0.333668,False,20D,1,0.0085,0.0085
2,TURNOVER_SURGE_20,1D,0.008,0.9346,0.352821,0.537846,False,20D,1,0.0035,0.0035
2,TURNOVER_SURGE_20,3D,0.0033,0.4425,0.659355,0.795463,False,20D,1,0.006,0.006
2,TURNOVER_SURGE_20,5D,0.0056,0.5987,0.551082,0.696452,False,20D,1,0.0102,0.0102
2,TURNOVER_SURGE_20,10D,0.0326,4.1002,9.8e-05,0.010535,False,20D,1,0.0068,0.0068
2,TURNOVER_SURGE_20,20D,0.0333,2.8815,0.005079,0.082882,False,20D,1,-0.0022,-0.0022
2,TURNOVER_STD_20,1D,-0.0233,-1.9891,0.050112,0.208141,False,20D,-1,-0.0262,0.0262
2,TURNOVER_STD_20,3D,-0.0384,-2.3095,0.023497,0.167108,False,20D,-1,-0.0365,0.0365
2,TURNOVER_STD_20,5D,-0.0416,-2.164,0.033448,0.186788,False,20D,-1,-0.0373,0.0373
2,TURNOVER_STD_20,10D,-0.0655,-2.4734,0.015501,0.143235,False,20D,-1,-0.0384,0.0384
2,TURNOVER_STD_20,20D,-0.0975,-2.5084,0.014149,0.138274,False,20D,-1,-0.0436,0.0436
2,AMOUNT_RATIO_5_20,1D,-0.008,-0.9151,0.362912,0.542373,False,10D,1,-0.0017,-0.0017
2,AMOUNT_RATIO_5_20,3D,0.0008,0.0612,0.951319,0.999526,False,10D,1,0.0008,0.0008
2,AMOUNT_RATIO_5_20,5D,0.0189,1.1519,0.252779,0.438286,False,10D,1,0.0003,0.0003
2,AMOUNT_RATIO_5_20,10D,0.0403,3.0633,0.002983,0.075452,False,10D,1,-0.0029,-0.0029
2,AMOUNT_RATIO_5_20,20D,0.039,1.8204,0.072433,0.244707,False,10D,1,-0.0113,-0.0113
2,LIMIT_UP_SPACE,1D,0.0178,1.6768,0.097482,0.265822,False,20D,-1,0.0029,-0.0029
2,LIMIT_UP_SPACE,3D,0.0008,0.0721,0.942672,0.999129,False,20D,-1,-0.0051,0.0051
2,LIMIT_UP_SPACE,5D,0.0028,0.2283,0.820019,0.912022,False,20D,-1,-0.0126,0.0126
2,LIMIT_UP_SPACE,10D,-0.0174,-0.9605,0.339678,0.537846,False,20D,-1,-0.0223,0.0223
2,LIMIT_UP_SPACE,20D,-0.0358,-1.1623,0.248576,0.436276,False,20D,-1,-0.0187,0.0187
2,IS_LIMIT_UP_LAG1,1D,-0.0021,-1.604,0.112659,0.284187,False,20D,-1,0.0036,-0.0036
2,IS_LIMIT_UP_LAG1,3D,0.0035,1.1691,0.245853,0.435049,False,20D,-1,0.003,-0.003
2,IS_LIMIT_UP_LAG1,5D,0.001,0.4384,0.662269,0.795463,False,20D,-1,0.0013,-0.0013
2,IS_LIMIT_UP_LAG1,10D,-0.0017,-0.3833,0.702549,0.82315,False,20D,-1,-0.0006,0.0006
2,IS_LIMIT_UP_LAG1,20D,-0.0087,-1.6704,0.098745,0.265822,False,20D,-1,0.001,-0.001
2,IS_LIMIT_DOWN_LAG1,1D,-0.0002,-1.1324,0.260856,0.439875,False,20D,-1,0.0,-0.0
2,IS_LIMIT_DOWN_LAG1,3D,0.0002,0.3839,0.702065,0.82315,False,20D,-1,0.0,-0.0
2,IS_LIMIT_DOWN_LAG1,5D,0.0033,1.4302,0.156563,0.333668,False,20D,-1,0.0,-0.0
2,IS_LIMIT_DOWN_LAG1,10D,0.0011,0.9337,0.35329,0.537846,False,20D,-1,0.0,-0.0
2,IS_LIMIT_DOWN_LAG1,20D,-0.0006,-0.4311,0.667566,0.799592,False,20D,-1,0.0,-0.0
2,UPPER_SHADOW_RATIO,1D,0.0024,0.2724,0.786014,0.889437,False,20D,-1,-0.0107,0.0107
2,UPPER_SHADOW_RATIO,3D,-0.0083,-0.8515,0.397061,0.5743,False,20D,-1,-0.0188,0.0188
2,UPPER_SHADOW_RATIO,5D,-0.0037,-0.4216,0.674431,0.803339,False,20D,-1,-0.0184,0.0184
2,UPPER_SHADOW_RATIO,10D,-0.0141,-1.8208,0.072374,0.244707,False,20D,-1,-0.0089,0.0089
2,UPPER_SHADOW_RATIO,20D,-0.0112,-2.218,0.029393,0.178838,False,20D,-1,-0.0056,0.0056
2,LOWER_SHADOW_RATIO,1D,-0.0076,-0.9721,0.333941,0.531832,False,20D,1,-0.0094,-0.0094
2,LOWER_SHADOW_RATIO,3D,0.0003,0.0415,0.967009,1.0,False,20D,1,0.0071,0.0071
2,LOWER_SHADOW_RATIO,5D,0.0006,0.0709,0.94362,0.999129,False,20D,1,0.007,0.007
2,LOWER_SHADOW_RATIO,10D,0.0042,0.4392,0.661676,0.795463,False,20D,1,0.0028,0.0028
2,LOWER_SHADOW_RATIO,20D,0.005,0.4758,0.635483,0.778512,False,20D,1,0.0013,0.0013
2,ENTITY_RATIO,1D,0.0013,0.1826,0.855541,0.933175,False,20D,1,0.0148,0.0148
2,ENTITY_RATIO,3D,0.0045,0.6125,0.541935,0.69149,False,20D,1,0.0095,0.0095
2,ENTITY_RATIO,5D,0.0011,0.1456,0.88458,0.955702,False,20D,1,0.011,0.011
2,ENTITY_RATIO,10D,0.0085,1.0691,0.288249,0.476719,False,20D,1,0.0069,0.0069
2,ENTITY_RATIO,20D,0.0056,0.7446,0.458698,0.624178,False,20D,1,0.0072,0.0072
2,INTRADAY_CLOSE_LOC,1D,-0.0204,-1.7917,0.07697,0.250736,False,5D,-1,-0.0112,0.0112
2,INTRADAY_CLOSE_LOC,3D,-0.0069,-0.7234,0.471537,0.632594,False,5D,-1,0.0038,-0.0038
2,INTRADAY_CLOSE_LOC,5D,-0.0195,-2.3072,0.023631,0.167108,False,5D,-1,0.0093,-0.0093
2,INTRADAY_CLOSE_LOC,10D,-0.0001,-0.0073,0.994168,1.0,False,5D,-1,0.0091,-0.0091
2,INTRADAY_CLOSE_LOC,20D,0.0056,0.4482,0.655185,0.795463,False,5D,-1,0.0083,-0.0083
2,LOG_CIRC_MV,1D,0.0008,0.0683,0.945687,0.999129,False,20D,-1,0.0054,-0.0054
2,LOG_CIRC_MV,3D,-0.0094,-0.5221,0.60301,0.745099,False,20D,-1,0.0028,-0.0028
2,LOG_CIRC_MV,5D,-0.0186,-0.7658,0.446032,0.614754,False,20D,-1,-0.0013,0.0013
2,LOG_CIRC_MV,10D,-0.0319,-0.9144,0.363264,0.542373,False,20D,-1,-0.0031,0.0031
2,LOG_CIRC_MV,20D,-0.0769,-1.987,0.050341,0.208141,False,20D,-1,-0.0391,0.0391
2,EFFICIENCY_RATIO_10,1D,0.0034,0.4568,0.649066,0.792422,False,10D,1,-0.0111,-0.0111
2,EFFICIENCY_RATIO_10,3D,0.0084,0.9064,0.367438,0.544822,False,10D,1,-0.0015,-0.0015
2,EFFICIENCY_RATIO_10,5D,0.0199,2.0408,0.044566,0.208141,False,10D,1,-0.0024,-0.0024
2,EFFICIENCY_RATIO_10,10D,0.0314,2.8603,0.005397,0.082882,False,10D,1,0.0063,0.0063
2,EFFICIENCY_RATIO_10,20D,0.0173,1.4765,0.143731,0.321898,False,10D,1,0.0186,0.0186
2,AMIHUD_20,1D,0.0,0.0,1.0,1.0,False,20D,1,0.0,0.0
2,AMIHUD_20,3D,0.0,0.0,1.0,1.0,False,20D,1,0.0,0.0
2,AMIHUD_20,5D,0.0,0.0,1.0,1.0,False,20D,1,0.0,0.0
2,AMIHUD_20,10D,0.0,0.0,1.0,1.0,False,20D,1,0.0,0.0
2,AMIHUD_20,20D,0.0,0.0,1.0,1.0,False,20D,1,0.0,0.0
2,AMIHUD_20_LN,1D,0.0,0.0,1.0,1.0,False,20D,1,0.0,0.0
2,AMIHUD_20_LN,3D,0.0,0.0,1.0,1.0,False,20D,1,0.0,0.0
2,AMIHUD_20_LN,5D,0.0,0.0,1.0,1.0,False,20D,1,0.0,0.0
2,AMIHUD_20_LN,10D,0.0,0.0,1.0,1.0,False,20D,1,0.0,0.0
2,AMIHUD_20_LN,20D,0.0,0.0,1.0,1.0,False,20D,1,0.0,0.0
2,ALPHA_RESIDUAL_MOMENTUM_20,1D,-0.0288,-2.2954,0.024328,0.167584,False,1D,-1,-0.0097,0.0097
2,ALPHA_RESIDUAL_MOMENTUM_20,3D,-0.0309,-1.7216,0.089002,0.261446,False,1D,-1,-0.0144,0.0144
2,ALPHA_RESIDUAL_MOMENTUM_20,5D,-0.0195,-0.8826,0.380121,0.557857,False,1D,-1,-0.0119,0.0119
2,ALPHA_RESIDUAL_MOMENTUM_20,10D,-0.0183,-0.6081,0.544814,0.693107,False,1D,-1,-0.0173,0.0173
2,ALPHA_RESIDUAL_MOMENTUM_20,20D,-0.0428,-1.088,0.279883,0.465871,False,1D,-1,-0.0486,0.0486
2,ALPHA_TURNOVER_SURPRISE_5_20,1D,-0.0055,-0.7147,0.476862,0.634387,False,20D,1,-0.0021,-0.0021
2,ALPHA_TURNOVER_SURPRISE_5_20,3D,0.0028,0.2587,0.796533,0.898974,False,20D,1,-0.0001,-0.0001
2,ALPHA_TURNOVER_SURPRISE_5_20,5D,0.0208,1.3948,0.166936,0.336544,False,20D,1,-0.0034,-0.0034
2,ALPHA_TURNOVER_SURPRISE_5_20,10D,0.0427,3.8936,0.000204,0.017343,False,20D,1,-0.0076,-0.0076
2,ALPHA_TURNOVER_SURPRISE_5_20,20D,0.0433,2.563,0.012251,0.125427,False,20D,1,-0.0109,-0.0109
2,ALPHA_QUALITY_X_MOMENTUM,1D,-0.0228,-1.9882,0.050211,0.208141,False,20D,-1,-0.0058,0.0058
2,ALPHA_QUALITY_X_MOMENTUM,3D,-0.0244,-1.4947,0.138919,0.317349,False,20D,-1,-0.0092,0.0092
2,ALPHA_QUALITY_X_MOMENTUM,5D,-0.0138,-0.6312,0.529704,0.68685,False,20D,-1,-0.007,0.007
2,ALPHA_QUALITY_X_MOMENTUM,10D,-0.0107,-0.3738,0.709523,0.826815,False,20D,-1,-0.0116,0.0116
2,ALPHA_QUALITY_X_MOMENTUM,20D,-0.0346,-0.9739,0.333038,0.531832,False,20D,-1,-0.0326,0.0326
2,ALPHA_LIQUIDITY_X_VOL,1D,0.0,0.0,1.0,1.0,False,20D,1,0.0,0.0
2,ALPHA_LIQUIDITY_X_VOL,3D,0.0,0.0,1.0,1.0,False,20D,1,0.0,0.0
2,ALPHA_LIQUIDITY_X_VOL,5D,0.0,0.0,1.0,1.0,False,20D,1,0.0,0.0
2,ALPHA_LIQUIDITY_X_VOL,10D,0.0,0.0,1.0,1.0,False,20D,1,0.0,0.0
2,ALPHA_LIQUIDITY_X_VOL,20D,0.0,0.0,1.0,1.0,False,20D,1,0.0,0.0
2,ALPHA_SHORT_REVERSAL_5,1D,0.0427,3.8434,0.000242,0.017343,False,1D,1,0.0166,0.0166
2,ALPHA_SHORT_REVERSAL_5,3D,0.0334,2.2342,0.028262,0.17678,False,1D,1,0.0097,0.0097
2,ALPHA_SHORT_REVERSAL_5,5D,0.0229,1.372,0.173911,0.343035,False,1D,1,0.0006,0.0006
2,ALPHA_SHORT_REVERSAL_5,10D,0.0253,2.8292,0.005896,0.084509,False,1D,1,-0.0157,-0.0157
2,ALPHA_SHORT_REVERSAL_5,20D,0.0162,0.7718,0.44249,0.614173,False,1D,1,0.0047,0.0047
2,ALPHA_IDIO_VOL_PENALTY,1D,0.0283,1.6828,0.096311,0.265822,False,20D,1,0.0193,0.0193
2,ALPHA_IDIO_VOL_PENALTY,3D,0.0469,1.9754,0.051674,0.208292,False,20D,1,0.0171,0.0171
2,ALPHA_IDIO_VOL_PENALTY,5D,0.0463,1.713,0.090594,0.261446,False,20D,1,0.0085,0.0085
2,ALPHA_IDIO_VOL_PENALTY,10D,0.0728,2.1087,0.038099,0.199787,False,20D,1,0.0002,0.0002
2,ALPHA_IDIO_VOL_PENALTY,20D,0.1086,2.236,0.028137,0.17678,False,20D,1,-0.0087,-0.0087
2,ALPHA_MONEY_FLOW_DIV_10,1D,-0.0099,-0.9912,0.324575,0.524689,False,20D,-1,-0.0126,0.0126
2,ALPHA_MONEY_FLOW_DIV_10,3D,-0.02,-1.3845,0.170053,0.338531,False,20D,-1,-0.0176,0.0176
2,ALPHA_MONEY_FLOW_DIV_10,5D,-0.0303,-1.861,0.066411,0.237973,False,20D,-1,-0.0187,0.0187
2,ALPHA_MONEY_FLOW_DIV_10,10D,-0.0438,-1.9659,0.052778,0.208292,False,20D,-1,-0.0157,0.0157
2,ALPHA_MONEY_FLOW_DIV_10,20D,-0.0675,-1.8929,0.061983,0.22587,False,20D,-1,-0.0158,0.0158
3,KMID,1D,-0.02,-2.6744,0.008086,0.164182,False,1D,-1,-0.0315,0.0315
3,KMID,3D,-0.0172,-2.0457,0.042054,0.372027,False,1D,-1,-0.0096,0.0096
3,KMID,5D,-0.0194,-2.4234,0.016238,0.243588,False,1D,-1,-0.013,0.013
3,KMID,10D,-0.0071,-0.9268,0.355139,0.666222,False,1D,-1,-0.0059,0.0059
3,KMID,20D,-0.0011,-0.1546,0.877318,0.984744,False,1D,-1,-0.0056,0.0056
3,KLEN,1D,-0.0089,-0.9828,0.326854,0.644712,False,20D,-1,-0.0116,0.0116
3,KLEN,3D,-0.0067,-0.5607,0.575641,0.806272,False,20D,-1,-0.0177,0.0177
3,KLEN,5D,0.0008,0.0543,0.956724,1.0,False,20D,-1,-0.0195,0.0195
3,KLEN,10D,-0.0001,-0.0073,0.994201,1.0,False,20D,-1,-0.0227,0.0227
3,KLEN,20D,-0.0187,-0.6267,0.53153,0.782626,False,20D,-1,-0.0367,0.0367
3,KMID2,1D,-0.0109,-1.4676,0.143745,0.510553,False,20D,1,-0.0281,-0.0281
3,KMID2,3D,-0.0085,-1.0638,0.288678,0.616267,False,20D,1,-0.0092,-0.0092
3,KMID2,5D,-0.0142,-1.823,0.069752,0.396455,False,20D,1,-0.0084,-0.0084
3,KMID2,10D,-0.0042,-0.6282,0.530578,0.782626,False,20D,1,0.0008,0.0008
3,KMID2,20D,0.0011,0.1813,0.856308,0.971922,False,20D,1,0.0001,0.0001
3,KUP,1D,-0.0085,-1.1332,0.25846,0.592849,False,20D,-1,-0.0053,0.0053
3,KUP,3D,-0.0161,-1.972,0.049954,0.387737,False,20D,-1,-0.0062,0.0062
3,KUP,5D,-0.0123,-1.3646,0.173883,0.544972,False,20D,-1,-0.0018,0.0018
3,KUP,10D,-0.0127,-1.0525,0.293782,0.618708,False,20D,-1,-0.0118,0.0118
3,KUP,20D,-0.0197,-1.0368,0.301025,0.62202,False,20D,-1,-0.0241,0.0241
3,KLOW,1D,-0.0153,-2.4212,0.016336,0.243588,False,20D,-1,-0.0218,0.0218
3,KLOW,3D,-0.0079,-1.0293,0.304545,0.62202,False,20D,-1,-0.0282,0.0282
3,KLOW,5D,-0.0029,-0.3258,0.744938,0.906387,False,20D,-1,-0.0288,0.0288
3,KLOW,10D,-0.0083,-0.7716,0.441224,0.738235,False,20D,-1,-0.0271,0.0271
3,KLOW,20D,-0.0193,-1.4711,0.142785,0.510553,False,20D,-1,-0.0418,0.0418
3,KSFT,1D,-0.0257,-3.3677,0.000904,0.056115,False,1D,-1,-0.0309,0.0309
3,KSFT,3D,-0.0152,-1.8458,0.066361,0.396455,False,1D,-1,-0.0146,0.0146
3,KSFT,5D,-0.0154,-2.0405,0.042574,0.372027,False,1D,-1,-0.0214,0.0214
3,KSFT,10D,-0.0045,-0.5732,0.567122,0.806272,False,1D,-1,-0.0076,0.0076
3,KSFT,20D,0.0011,0.1383,0.890139,0.991606,False,1D,-1,-0.0091,0.0091
3,ROC5,1D,-0.0305,-3.2719,0.001252,0.056115,False,1D,-1,-0.0112,0.0112
3,ROC5,3D,-0.0262,-2.228,0.026965,0.306726,False,1D,-1,0.0076,-0.0076
3,ROC5,5D,-0.0149,-1.0948,0.274894,0.603084,False,1D,-1,0.0182,-0.0182
3,ROC5,10D,-0.0099,-0.7273,0.467863,0.741698,False,1D,-1,0.0108,-0.0108
3,ROC5,20D,-0.0081,-0.5708,0.568767,0.806272,False,1D,-1,-0.0073,0.0073
3,MAX_RATIO_5,1D,0.0198,2.238,0.026291,0.306726,False,20D,1,0.0098,0.0098
3,MAX_RATIO_5,3D,0.0189,1.5894,0.113494,0.447729,False,20D,1,-0.0188,-0.0188
3,MAX_RATIO_5,5D,0.0156,1.2252,0.22191,0.572643,False,20D,1,-0.0202,-0.0202
3,MAX_RATIO_5,10D,0.004,0.2728,0.78527,0.93021,False,20D,1,-0.0207,-0.0207
3,MAX_RATIO_5,20D,0.0009,0.0645,0.948629,1.0,False,20D,1,-0.0179,-0.0179
3,MIN_RATIO_5,1D,0.0235,3.0899,0.002279,0.081664,False,3D,1,0.0115,0.0115
3,MIN_RATIO_5,3D,0.0269,2.9953,0.003078,0.083796,False,3D,1,0.0035,0.0035
3,MIN_RATIO_5,5D,0.0206,1.9905,0.047855,0.387737,False,3D,1,0.001,0.001
3,MIN_RATIO_5,10D,0.0079,0.7745,0.439508,0.738235,False,3D,1,-0.001,-0.001
3,MIN_RATIO_5,20D,0.0051,0.3388,0.7351,0.898142,False,3D,1,0.0074,0.0074
3,MA_RATIO_5,1D,0.0288,3.28,0.001219,0.056115,False,3D,1,0.0173,0.0173
3,MA_RATIO_5,3D,0.032,3.0121,0.002919,0.083796,False,3D,1,-0.0021,-0.0021
3,MA_RATIO_5,5D,0.0232,2.0478,0.041848,0.372027,False,3D,1,-0.0054,-0.0054
3,MA_RATIO_5,10D,0.009,0.7513,0.45331,0.741698,False,3D,1,-0.0067,-0.0067
3,MA_RATIO_5,20D,0.006,0.495,0.62116,0.821842,False,3D,1,-0.0001,-0.0001
3,ROC10,1D,-0.0174,-1.9234,0.055805,0.396455,False,20D,-1,-0.0081,0.0081
3,ROC10,3D,-0.0164,-1.3519,0.177876,0.544972,False,20D,-1,0.0063,-0.0063
3,ROC10,5D,-0.0113,-0.8454,0.39888,0.696728,False,20D,-1,0.0107,-0.0107
3,ROC10,10D,-0.0009,-0.0604,0.951905,1.0,False,20D,-1,-0.0023,0.0023
3,ROC10,20D,-0.0135,-0.7336,0.46405,0.741698,False,20D,-1,-0.0181,0.0181
3,MAX_RATIO_10,1D,0.0138,1.478,0.140923,0.509218,False,20D,-1,-0.0063,0.0063
3,MAX_RATIO_10,3D,0.0107,0.8574,0.392225,0.688921,False,20D,-1,-0.0248,0.0248
3,MAX_RATIO_10,5D,0.0057,0.4016,0.688385,0.868051,False,20D,-1,-0.0287,0.0287
3,MAX_RATIO_10,10D,0.0019,0.1254,0.900346,0.992689,False,20D,-1,-0.0193,0.0193
3,MAX_RATIO_10,20D,-0.0005,-0.0254,0.979759,1.0,False,20D,-1,-0.0151,0.0151
3,MIN_RATIO_10,1D,0.0222,2.7235,0.007015,0.158562,False,1D,1,0.0131,0.0131
3,MIN_RATIO_10,3D,0.0171,1.6893,0.092677,0.428507,False,1D,1,-0.0012,-0.0012
3,MIN_RATIO_10,5D,0.0084,0.7435,0.458026,0.741698,False,1D,1,-0.0013,-0.0013
3,MIN_RATIO_10,10D,0.0006,0.0484,0.961411,1.0,False,1D,1,0.0059,0.0059
3,MIN_RATIO_10,20D,0.0036,0.197,0.844026,0.966786,False,1D,1,0.0234,0.0234
3,MA_RATIO_10,1D,0.0249,2.7063,0.007375,0.158562,False,1D,1,0.0065,0.0065
3,MA_RATIO_10,3D,0.0231,1.9352,0.054341,0.396455,False,1D,1,-0.0131,-0.0131
3,MA_RATIO_10,5D,0.0141,1.0636,0.288744,0.616267,False,1D,1,-0.0164,-0.0164
3,MA_RATIO_10,10D,0.0062,0.4562,0.648727,0.846993,False,1D,1,-0.0096,-0.0096
3,MA_RATIO_10,20D,0.0075,0.4723,0.637195,0.835347,False,1D,1,0.0098,0.0098
3,ROC20,1D,-0.0111,-1.1532,0.250175,0.592085,False,20D,-1,-0.0086,0.0086
3,ROC20,3D,-0.0144,-1.0455,0.297024,0.618708,False,20D,-1,-0.0091,0.0091
3,ROC20,5D,-0.0099,-0.6179,0.5373,0.783661,False,20D,-1,-0.0125,0.0125
3,ROC20,10D,-0.0148,-0.751,0.453523,0.741698,False,20D,-1,-0.0243,0.0243
3,ROC20,20D,-0.0415,-1.8252,0.069423,0.396455,False,20D,-1,-0.0283,0.0283
3,MAX_RATIO_20,1D,0.012,1.2249,0.222,0.572643,False,20D,1,0.0007,0.0007
3,MAX_RATIO_20,3D,0.0071,0.5119,0.609293,0.816187,False,20D,1,-0.017,-0.017
3,MAX_RATIO_20,5D,0.0021,0.1278,0.898455,0.992689,False,20D,1,-0.0185,-0.0185
3,MAX_RATIO_20,10D,-0.0032,-0.1601,0.872955,0.982646,False,20D,1,-0.0059,-0.0059
3,MAX_RATIO_20,20D,0.0048,0.1787,0.858318,0.971922,False,20D,1,-0.0183,-0.0183
3,MIN_RATIO_20,1D,0.0154,1.8147,0.071017,0.396455,False,20D,1,0.0171,0.0171
3,MIN_RATIO_20,3D,0.0108,0.9588,0.338799,0.660262,False,20D,1,0.0122,0.0122
3,MIN_RATIO_20,5D,0.0022,0.1698,0.865366,0.97666,False,20D,1,0.0117,0.0117
3,MIN_RATIO_20,10D,0.0,0.0029,0.997708,1.0,False,20D,1,0.0203,0.0203
3,MIN_RATIO_20,20D,0.0205,0.8184,0.414072,0.705475,False,20D,1,0.0331,0.0331
3,MA_RATIO_20,1D,0.0205,2.1741,0.03084,0.313988,False,20D,1,0.0075,0.0075
3,MA_RATIO_20,3D,0.0184,1.4595,0.145962,0.510553,False,20D,1,-0.0033,-0.0033
3,MA_RATIO_20,5D,0.0091,0.6552,0.513091,0.777066,False,20D,1,-0.0058,-0.0058
3,MA_RATIO_20,10D,0.0035,0.2055,0.837364,0.965326,False,20D,1,0.0091,0.0091
3,MA_RATIO_20,20D,0.0223,1.0756,0.283377,0.615415,False,20D,1,0.0214,0.0214
3,ROC30,1D,-0.0226,-2.2085,0.028315,0.306726,False,20D,-1,-0.0095,0.0095
3,ROC30,3D,-0.0299,-1.9952,0.047335,0.387737,False,20D,-1,-0.0141,0.0141
3,ROC30,5D,-0.0305,-1.7839,0.075917,0.396455,False,20D,-1,-0.0147,0.0147
3,ROC30,10D,-0.04,-1.9762,0.049467,0.387737,False,20D,-1,-0.0246,0.0246
3,ROC30,20D,-0.0682,-2.9695,0.003336,0.084381,False,20D,-1,-0.0378,0.0378
3,MAX_RATIO_30,1D,0.0113,1.0888,0.277528,0.605772,False,20D,1,0.0004,0.0004
3,MAX_RATIO_30,3D,0.0124,0.8234,0.411241,0.704516,False,20D,1,-0.0095,-0.0095
3,MAX_RATIO_30,5D,0.0096,0.5251,0.600064,0.816187,False,20D,1,-0.0105,-0.0105
3,MAX_RATIO_30,10D,0.0085,0.376,0.707283,0.87646,False,20D,1,-0.0054,-0.0054
3,MAX_RATIO_30,20D,0.0194,0.6548,0.513359,0.777066,False,20D,1,-0.0162,-0.0162
3,MIN_RATIO_30,1D,0.017,1.8637,0.063785,0.396455,False,20D,1,0.0159,0.0159
3,MIN_RATIO_30,3D,0.0161,1.2771,0.203006,0.570347,False,20D,1,0.0171,0.0171
3,MIN_RATIO_30,5D,0.0103,0.7281,0.467401,0.741698,False,20D,1,0.0162,0.0162
3,MIN_RATIO_30,10D,0.0143,0.795,0.427508,0.723734,False,20D,1,0.0284,0.0284
3,MIN_RATIO_30,20D,0.0364,1.3939,0.164846,0.544972,False,20D,1,0.043,0.043
3,MA_RATIO_30,1D,0.0198,1.9673,0.050496,0.387737,False,20D,1,0.01,0.01
3,MA_RATIO_30,3D,0.0217,1.5514,0.122348,0.457475,False,20D,1,0.006,0.006
3,MA_RATIO_30,5D,0.0169,1.0622,0.289367,0.616267,False,20D,1,0.0045,0.0045
3,MA_RATIO_30,10D,0.018,0.9234,0.35687,0.666222,False,20D,1,0.0175,0.0175
3,MA_RATIO_30,20D,0.0426,1.8813,0.061341,0.396455,False,20D,1,0.0283,0.0283
3,ROC60,1D,-0.0184,-1.7558,0.080602,0.40301,False,20D,-1,0.0009,-0.0009
3,ROC60,3D,-0.0276,-1.7746,0.077447,0.396455,False,20D,-1,0.0052,-0.0052
3,ROC60,5D,-0.0311,-1.7438,0.082679,0.408643,False,20D,-1,0.0049,-0.0049
3,ROC60,10D,-0.0376,-1.8221,0.069885,0.396455,False,20D,-1,0.0061,-0.0061
3,ROC60,20D,-0.0621,-2.4191,0.016428,0.243588,False,20D,-1,0.0032,-0.0032
3,MAX_RATIO_60,1D,0.015,1.3769,0.170024,0.544972,False,20D,1,-0.0019,-0.0019
3,MAX_RATIO_60,3D,0.0224,1.3676,0.172929,0.544972,False,20D,1,-0.0087,-0.0087
3,MAX_RATIO_60,5D,0.0247,1.2192,0.224165,0.572643,False,20D,1,-0.009,-0.009
3,MAX_RATIO_60,10D,0.0328,1.2553,0.210791,0.570347,False,20D,1,-0.0028,-0.0028
3,MAX_RATIO_60,20D,0.045,1.4122,0.159393,0.539677,False,20D,1,-0.015,-0.015
3,MIN_RATIO_60,1D,0.0185,1.9008,0.058727,0.396455,False,20D,1,0.0203,0.0203
3,MIN_RATIO_60,3D,0.0239,1.8361,0.067778,0.396455,False,20D,1,0.0236,0.0236
3,MIN_RATIO_60,5D,0.0216,1.5445,0.12399,0.459618,False,20D,1,0.0232,0.0232
3,MIN_RATIO_60,10D,0.0238,1.3433,0.180639,0.544972,False,20D,1,0.0313,0.0313
3,MIN_RATIO_60,20D,0.0452,1.9294,0.055056,0.396455,False,20D,1,0.0368,0.0368
3,MA_RATIO_60,1D,0.0237,2.2252,0.027153,0.306726,False,20D,1,0.0135,0.0135
3,MA_RATIO_60,3D,0.0344,2.2437,0.025918,0.306726,False,20D,1,0.0175,0.0175
3,MA_RATIO_60,5D,0.0362,2.0828,0.0385,0.359891,False,20D,1,0.0175,0.0175
3,MA_RATIO_60,10D,0.0476,2.3493,0.019756,0.271881,False,20D,1,0.0288,0.0288
3,MA_RATIO_60,20D,0.0755,3.1782,0.00171,0.066845,False,20D,1,0.0284,0.0284
3,ROC120,1D,-0.0075,-0.7024,0.483205,0.752819,False,20D,-1,-0.0027,0.0027
3,ROC120,3D,-0.0142,-0.9185,0.35945,0.666222,False,20D,-1,-0.0063,0.0063
3,ROC120,5D,-0.0178,-0.9897,0.323505,0.641047,False,20D,-1,-0.0077,0.0077
3,ROC120,10D,-0.035,-1.5755,0.11667,0.451965,False,20D,-1,-0.0204,0.0204
3,ROC120,20D,-0.0568,-1.7795,0.076635,0.396455,False,20D,-1,-0.0409,0.0409
3,MAX_RATIO_120,1D,0.0078,0.7168,0.474307,0.74435,False,20D,1,-0.0108,-0.0108
3,MAX_RATIO_120,3D,0.0142,0.8403,0.401733,0.696728,False,20D,1,-0.0152,-0.0152
3,MAX_RATIO_120,5D,0.018,0.8634,0.388918,0.688777,False,20D,1,-0.0156,-0.0156
3,MAX_RATIO_120,10D,0.0304,1.1011,0.272153,0.600132,False,20D,1,-0.0098,-0.0098
3,MAX_RATIO_120,20D,0.0426,1.1296,0.259968,0.592849,False,20D,1,-0.0121,-0.0121
3,MIN_RATIO_120,1D,0.0163,1.6696,0.096524,0.432347,False,20D,1,0.0221,0.0221
3,MIN_RATIO_120,3D,0.0199,1.5266,0.128399,0.467895,False,20D,1,0.0292,0.0292
3,MIN_RATIO_120,5D,0.0166,1.1832,0.238078,0.585019,False,20D,1,0.0313,0.0313
3,MIN_RATIO_120,10D,0.0245,1.3464,0.179639,0.544972,False,20D,1,0.0374,0.0374
3,MIN_RATIO_120,20D,0.0538,1.9905,0.047857,0.387737,False,20D,1,0.046,0.046
3,MA_RATIO_120,1D,0.0173,1.593,0.112689,0.447729,False,20D,1,0.0077,0.0077
3,MA_RATIO_120,3D,0.0263,1.6605,0.098327,0.435883,False,20D,1,0.0107,0.0107
3,MA_RATIO_120,5D,0.0281,1.5698,0.118,0.453036,False,20D,1,0.0127,0.0127
3,MA_RATIO_120,10D,0.0403,1.9168,0.05665,0.396455,False,20D,1,0.0227,0.0227
3,MA_RATIO_120,20D,0.0691,2.6612,0.0084,0.164182,False,20D,1,0.028,0.028
3,ROC250,1D,-0.0071,-0.7456,0.456738,0.741698,False,20D,-1,-0.0133,0.0133
3,ROC250,3D,-0.0079,-0.5702,0.569147,0.806272,False,20D,-1,-0.0253,0.0253
3,ROC250,5D,-0.0025,-0.1444,0.885349,0.988831,False,20D,-1,-0.0382,0.0382
3,ROC250,10D,-0.0046,-0.178,0.858908,0.971922,False,20D,-1,-0.0616,0.0616
3,ROC250,20D,-0.0046,-0.1164,0.907472,0.9951,False,20D,-1,-0.0939,0.0939
3,MAX_RATIO_250,1D,0.0005,0.056,0.955376,1.0,False,20D,1,-0.0027,-0.0027
3,MAX_RATIO_250,3D,0.0039,0.2538,0.799911,0.937225,False,20D,1,-0.0013,-0.0013
3,MAX_RATIO_250,5D,0.006,0.3208,0.74872,0.906387,False,20D,1,0.0046,0.0046
3,MAX_RATIO_250,10D,0.0185,0.7426,0.45856,0.741698,False,20D,1,0.0197,0.0197
3,MAX_RATIO_250,20D,0.0234,0.664,0.507426,0.776488,False,20D,1,0.0367,0.0367
3,MIN_RATIO_250,1D,0.0194,1.8564,0.064825,0.396455,False,20D,1,0.0316,0.0316
3,MIN_RATIO_250,3D,0.0238,1.607,0.109584,0.445303,False,20D,1,0.048,0.048
3,MIN_RATIO_250,5D,0.0203,1.1632,0.246085,0.592085,False,20D,1,0.0585,0.0585
3,MIN_RATIO_250,10D,0.0285,1.1066,0.269773,0.599322,False,20D,1,0.0732,0.0732
3,MIN_RATIO_250,20D,0.0458,1.1394,0.255876,0.592085,False,20D,1,0.1078,0.1078
3,MA_RATIO_250,1D,0.0126,1.1962,0.233006,0.579148,False,20D,1,0.012,0.012
3,MA_RATIO_250,3D,0.0198,1.2956,0.196563,0.559843,False,20D,1,0.0224,0.0224
3,MA_RATIO_250,5D,0.0214,1.2168,0.225062,0.572643,False,20D,1,0.0293,0.0293
3,MA_RATIO_250,10D,0.0367,1.6741,0.09563,0.432347,False,20D,1,0.0466,0.0466
3,MA_RATIO_250,20D,0.0566,1.7952,0.07409,0.396455,False,20D,1,0.0682,0.0682
3,STD5,1D,-0.011,-1.2971,0.196038,0.559843,False,20D,-1,-0.012,0.012
3,STD5,3D,-0.0151,-1.2084,0.228262,0.576102,False,20D,-1,-0.0199,0.0199
3,STD5,5D,-0.0072,-0.4833,0.629401,0.829237,False,20D,-1,-0.0219,0.0219
3,STD5,10D,-0.006,-0.3074,0.758815,0.91144,False,20D,-1,-0.0225,0.0225
3,STD5,20D,-0.0143,-0.4816,0.630606,0.829237,False,20D,-1,-0.0245,0.0245
3,STD10,1D,-0.0128,-1.2605,0.208911,0.570347,False,20D,-1,-0.0189,0.0189
3,STD10,3D,-0.0136,-0.924,0.356584,0.666222,False,20D,-1,-0.0268,0.0268
3,STD10,5D,-0.0046,-0.2638,0.792174,0.933246,False,20D,-1,-0.0271,0.0271
3,STD10,10D,-0.0007,-0.0307,0.975512,1.0,False,20D,-1,-0.0272,0.0272
3,STD10,20D,-0.014,-0.387,0.699161,0.874857,False,20D,-1,-0.0344,0.0344
3,STD20,1D,-0.0149,-1.3415,0.181235,0.544972,False,20D,-1,-0.0255,0.0255
3,STD20,3D,-0.0145,-0.9198,0.358745,0.666222,False,20D,-1,-0.0383,0.0383
3,STD20,5D,-0.0066,-0.3574,0.721185,0.888566,False,20D,-1,-0.0406,0.0406
3,STD20,10D,-0.0067,-0.2666,0.79002,0.933246,False,20D,-1,-0.0358,0.0358
3,STD20,20D,-0.0215,-0.5126,0.608793,0.816187,False,20D,-1,-0.0501,0.0501
3,STD30,1D,-0.0185,-1.605,0.110015,0.445303,False,20D,-1,-0.0281,0.0281
3,STD30,3D,-0.0195,-1.1646,0.245529,0.592085,False,20D,-1,-0.0413,0.0413
3,STD30,5D,-0.0117,-0.5828,0.560638,0.806269,False,20D,-1,-0.0435,0.0435
3,STD30,10D,-0.0109,-0.3859,0.699987,0.874857,False,20D,-1,-0.0412,0.0412
3,STD30,20D,-0.0275,-0.6282,0.530546,0.782626,False,20D,-1,-0.0571,0.0571
3,STD60,1D,-0.019,-1.5797,0.115705,0.451965,False,20D,-1,-0.0293,0.0293
3,STD60,3D,-0.0193,-1.1104,0.268141,0.599322,False,20D,-1,-0.038,0.038
3,STD60,5D,-0.0117,-0.5533,0.580675,0.808059,False,20D,-1,-0.0393,0.0393
3,STD60,10D,-0.0119,-0.3794,0.704756,0.875853,False,20D,-1,-0.0381,0.0381
3,STD60,20D,-0.0271,-0.5672,0.571216,0.806272,False,20D,-1,-0.0588,0.0588
3,STD120,1D,-0.0202,-1.6179,0.107207,0.445303,False,20D,-1,-0.0356,0.0356
3,STD120,3D,-0.0215,-1.1581,0.24818,0.592085,False,20D,-1,-0.0489,0.0489
3,STD120,5D,-0.0167,-0.7252,0.469167,0.741698,False,20D,-1,-0.0533,0.0533
3,STD120,10D,-0.0186,-0.5274,0.59848,0.816187,False,20D,-1,-0.0583,0.0583
3,STD120,20D,-0.0339,-0.6311,0.52866,0.782626,False,20D,-1,-0.0836,0.0836
3,STD250,1D,-0.0212,-1.6815,0.094181,0.430828,False,20D,-1,-0.0386,0.0386
3,STD250,3D,-0.0236,-1.2216,0.223262,0.572643,False,20D,-1,-0.0543,0.0543
3,STD250,5D,-0.0182,-0.7408,0.459664,0.741698,False,20D,-1,-0.0617,0.0617
3,STD250,10D,-0.0214,-0.5649,0.572734,0.806272,False,20D,-1,-0.0673,0.0673
3,STD250,20D,-0.0377,-0.6546,0.513466,0.777066,False,20D,-1,-0.1008,0.1008
3,ATR_RATIO_5,1D,-0.0143,-1.3312,0.184605,0.551251,False,20D,-1,-0.0202,0.0202
3,ATR_RATIO_5,3D,-0.0149,-0.9395,0.348573,0.666222,False,20D,-1,-0.0285,0.0285
3,ATR_RATIO_5,5D,-0.0055,-0.2968,0.76689,0.91347,False,20D,-1,-0.0278,0.0278
3,ATR_RATIO_5,10D,-0.0086,-0.3424,0.732435,0.898142,False,20D,-1,-0.0255,0.0255
3,ATR_RATIO_5,20D,-0.0291,-0.7504,0.453854,0.741698,False,20D,-1,-0.048,0.048
3,ATR_RATIO_20,1D,-0.0172,-1.3631,0.174326,0.544972,False,20D,-1,-0.0302,0.0302
3,ATR_RATIO_20,3D,-0.02,-1.1188,0.264517,0.595509,False,20D,-1,-0.0451,0.0451
3,ATR_RATIO_20,5D,-0.0144,-0.6881,0.492158,0.761941,False,20D,-1,-0.0471,0.0471
3,ATR_RATIO_20,10D,-0.0197,-0.6744,0.500829,0.76913,False,20D,-1,-0.0416,0.0416
3,ATR_RATIO_20,20D,-0.0347,-0.7569,0.449971,0.741698,False,20D,-1,-0.0579,0.0579
3,ATR_RATIO_60,1D,-0.0111,-0.8568,0.392525,0.688921,False,20D,-1,-0.0319,0.0319
3,ATR_RATIO_60,3D,-0.0096,-0.5061,0.613324,0.819035,False,20D,-1,-0.0444,0.0444
3,ATR_RATIO_60,5D,-0.0031,-0.1326,0.89463,0.992689,False,20D,-1,-0.0489,0.0489
3,ATR_RATIO_60,10D,-0.0011,-0.0342,0.972723,1.0,False,20D,-1,-0.052,0.052
3,ATR_RATIO_60,20D,-0.0108,-0.2177,0.827912,0.962168,False,20D,-1,-0.0805,0.0805
3,ROC_STD_20,1D,-0.0073,-0.8166,0.415082,0.705475,False,20D,-1,-0.0023,0.0023
3,ROC_STD_20,3D,-0.0085,-0.6824,0.495782,0.764108,False,20D,-1,0.0069,-0.0069
3,ROC_STD_20,5D,-0.003,-0.2091,0.834541,0.964658,False,20D,-1,0.0071,-0.0071
3,ROC_STD_20,10D,-0.0044,-0.2407,0.810062,0.943975,False,20D,-1,-0.001,0.001
3,ROC_STD_20,20D,-0.0266,-1.2063,0.229101,0.576102,False,20D,-1,-0.0085,0.0085
3,ROC_STD_60,1D,-0.0176,-1.878,0.0618,0.396455,False,20D,-1,0.001,-0.001
3,ROC_STD_60,3D,-0.0244,-1.794,0.074272,0.396455,False,20D,-1,0.0059,-0.0059
3,ROC_STD_60,5D,-0.0268,-1.7849,0.075749,0.396455,False,20D,-1,0.0068,-0.0068
3,ROC_STD_60,10D,-0.0295,-1.8484,0.065984,0.396455,False,20D,-1,0.0138,-0.0138
3,ROC_STD_60,20D,-0.0449,-2.4446,0.01534,0.243588,False,20D,-1,0.0186,-0.0186
3,ROC_STD_120,1D,-0.0088,-0.9146,0.361496,0.667139,False,20D,-1,-0.0027,0.0027
3,ROC_STD_120,3D,-0.0123,-0.9039,0.367125,0.672661,False,20D,-1,-0.0035,0.0035
3,ROC_STD_120,5D,-0.0136,-0.8846,0.377383,0.681826,False,20D,-1,-0.0034,0.0034
3,ROC_STD_120,10D,-0.0262,-1.3902,0.165981,0.544972,False,20D,-1,-0.0102,0.0102
3,ROC_STD_120,20D,-0.0453,-1.7604,0.079816,0.40301,False,20D,-1,-0.0236,0.0236
3,ROC_STD_250,1D,-0.0084,-0.879,0.380452,0.684251,False,20D,-1,-0.019,0.019
3,ROC_STD_250,3D,-0.009,-0.6495,0.51677,0.777066,False,20D,-1,-0.03,0.03
3,ROC_STD_250,5D,-0.0033,-0.1924,0.847624,0.966786,False,20D,-1,-0.0421,0.0421
3,ROC_STD_250,10D,-0.0039,-0.1519,0.879399,0.984744,False,20D,-1,-0.0628,0.0628
3,ROC_STD_250,20D,-0.0046,-0.1177,0.906381,0.9951,False,20D,-1,-0.0939,0.0939
3,MOM_ACC_20_60,1D,-0.0173,-1.6947,0.091648,0.428355,False,20D,-1,-0.0129,0.0129
3,MOM_ACC_20_60,3D,-0.0345,-2.3401,0.020233,0.271881,False,20D,-1,-0.0279,0.0279
3,MOM_ACC_20_60,5D,-0.0447,-2.6254,0.009303,0.173926,False,20D,-1,-0.0297,0.0297
3,MOM_ACC_20_60,10D,-0.0657,-3.2597,0.001305,0.056115,False,20D,-1,-0.0331,0.0331
3,MOM_ACC_20_60,20D,-0.0933,-3.5452,0.000485,0.052138,False,20D,-1,-0.0186,0.0186
3,MOM_ACC_60_120,1D,0.0025,0.2585,0.796273,0.935512,False,20D,-1,-0.0008,0.0008
3,MOM_ACC_60_120,3D,0.0009,0.0648,0.948414,1.0,False,20D,-1,-0.0085,0.0085
3,MOM_ACC_60_120,5D,0.0001,0.0057,0.995456,1.0,False,20D,-1,-0.0126,0.0126
3,MOM_ACC_60_120,10D,-0.0096,-0.4271,0.669717,0.857664,False,20D,-1,-0.0167,0.0167
3,MOM_ACC_60_120,20D,-0.0307,-1.0522,0.293942,0.618708,False,20D,-1,-0.031,0.031
3,VMA_RATIO_5,1D,-0.0064,-1.1406,0.255373,0.592085,False,20D,-1,-0.0148,0.0148
3,VMA_RATIO_5,3D,-0.0076,-1.264,0.207648,0.570347,False,20D,-1,-0.02,0.02
3,VMA_RATIO_5,5D,-0.0032,-0.6068,0.544628,0.791183,False,20D,-1,-0.0107,0.0107
3,VMA_RATIO_5,10D,-0.0067,-1.1281,0.260578,0.592849,False,20D,-1,-0.0188,0.0188
3,VMA_RATIO_5,20D,-0.0028,-0.6387,0.523749,0.782626,False,20D,-1,-0.0187,0.0187
3,VSTD_5,1D,0.0024,0.4472,0.655201,0.848604,False,20D,1,0.0087,0.0087
3,VSTD_5,3D,0.006,0.9255,0.355773,0.666222,False,20D,1,0.0126,0.0126
3,VSTD_5,5D,0.0077,1.062,0.289502,0.616267,False,20D,1,0.0159,0.0159
3,VSTD_5,10D,0.0028,0.4477,0.654849,0.848604,False,20D,1,0.0188,0.0188
3,VSTD_5,20D,0.0032,0.4146,0.6789,0.861142,False,20D,1,0.0131,0.0131
3,VMA_RATIO_10,1D,-0.0018,-0.3238,0.746428,0.906387,False,20D,-1,-0.0152,0.0152
3,VMA_RATIO_10,3D,-0.003,-0.5158,0.606518,0.816187,False,20D,-1,-0.0267,0.0267
3,VMA_RATIO_10,5D,-0.0034,-0.5343,0.593684,0.815604,False,20D,-1,-0.0216,0.0216
3,VMA_RATIO_10,10D,-0.0091,-1.2519,0.21204,0.570347,False,20D,-1,-0.0361,0.0361
3,VMA_RATIO_10,20D,-0.0059,-0.8733,0.383499,0.684251,False,20D,-1,-0.0235,0.0235
3,VSTD_10,1D,0.0002,0.0346,0.972409,1.0,False,20D,-1,0.0053,-0.0053
3,VSTD_10,3D,-0.0006,-0.0944,0.924855,1.0,False,20D,-1,0.0147,-0.0147
3,VSTD_10,5D,-0.0001,-0.0188,0.985017,1.0,False,20D,-1,0.0244,-0.0244
3,VSTD_10,10D,0.0019,0.2112,0.832973,0.964658,False,20D,-1,0.0184,-0.0184
3,VSTD_10,20D,-0.0027,-0.1992,0.84234,0.966786,False,20D,-1,0.0167,-0.0167
3,VMA_RATIO_20,1D,-0.0032,-0.5608,0.575574,0.806272,False,20D,-1,-0.0207,0.0207
3,VMA_RATIO_20,3D,-0.0063,-1.1051,0.270392,0.599322,False,20D,-1,-0.0372,0.0372
3,VMA_RATIO_20,5D,-0.0085,-1.3055,0.193166,0.559843,False,20D,-1,-0.0366,0.0366
3,VMA_RATIO_20,10D,-0.017,-2.1601,0.031917,0.313988,False,20D,-1,-0.0435,0.0435
3,VMA_RATIO_20,20D,-0.0107,-1.0124,0.312538,0.627997,False,20D,-1,-0.0296,0.0296
3,VSTD_20,1D,-0.0042,-0.8275,0.408912,0.704516,False,20D,-1,0.0053,-0.0053
3,VSTD_20,3D,-0.0088,-1.2955,0.196596,0.559843,False,20D,-1,0.0092,-0.0092
3,VSTD_20,5D,-0.0137,-1.6253,0.105623,0.445303,False,20D,-1,0.014,-0.014
3,VSTD_20,10D,-0.0148,-1.1656,0.245129,0.592085,False,20D,-1,0.0207,-0.0207
3,VSTD_20,20D,-0.0139,-0.8401,0.401834,0.696728,False,20D,-1,0.0158,-0.0158
3,VMA_RATIO_60,1D,-0.0001,-0.0153,0.987802,1.0,False,20D,-1,-0.015,0.015
3,VMA_RATIO_60,3D,-0.0021,-0.3074,0.758827,0.91144,False,20D,-1,-0.0209,0.0209
3,VMA_RATIO_60,5D,-0.0044,-0.5347,0.59343,0.815604,False,20D,-1,-0.0186,0.0186
3,VMA_RATIO_60,10D,-0.0101,-1.028,0.305135,0.62202,False,20D,-1,-0.019,0.019
3,VMA_RATIO_60,20D,-0.0004,-0.0276,0.978011,1.0,False,20D,-1,-0.0061,0.0061
3,VSTD_60,1D,-0.0039,-0.7277,0.467607,0.741698,False,20D,1,0.0139,0.0139
3,VSTD_60,3D,-0.0032,-0.3934,0.694415,0.873095,False,20D,1,0.0247,0.0247
3,VSTD_60,5D,-0.0014,-0.1302,0.896564,0.992689,False,20D,1,0.0366,0.0366
3,VSTD_60,10D,0.0089,0.5367,0.592063,0.815604,False,20D,1,0.0559,0.0559
3,VSTD_60,20D,0.0133,0.5908,0.555291,0.801259,False,20D,1,0.0716,0.0716
3,CORR_PV_5,1D,-0.0095,-1.6969,0.091234,0.428355,False,20D,-1,-0.0052,0.0052
3,CORR_PV_5,3D,-0.0159,-2.0955,0.037347,0.356871,False,20D,-1,-0.0051,0.0051
3,CORR_PV_5,5D,-0.0175,-2.0338,0.043259,0.372027,False,20D,-1,-0.0013,0.0013
3,CORR_PV_5,10D,-0.0167,-1.6242,0.105864,0.445303,False,20D,-1,0.0109,-0.0109
3,CORR_PV_5,20D,-0.0207,-1.7215,0.086665,0.418719,False,20D,-1,0.0119,-0.0119
3,WVMA_5,1D,-0.0116,-1.5526,0.122044,0.457475,False,20D,-1,-0.0046,0.0046
3,WVMA_5,3D,-0.0154,-1.3447,0.180189,0.544972,False,20D,-1,-0.0103,0.0103
3,WVMA_5,5D,-0.006,-0.421,0.674164,0.857664,False,20D,-1,-0.0122,0.0122
3,WVMA_5,10D,-0.0013,-0.0751,0.940222,1.0,False,20D,-1,-0.0075,0.0075
3,WVMA_5,20D,-0.0115,-0.4544,0.650018,0.846993,False,20D,-1,-0.0154,0.0154
3,CORR_PV_10,1D,-0.0157,-2.5591,0.011211,0.192829,False,5D,-1,-0.0089,0.0089
3,CORR_PV_10,3D,-0.0311,-3.7211,0.000256,0.052138,False,5D,-1,0.0006,-0.0006
3,CORR_PV_10,5D,-0.0369,-4.0605,7e-05,0.0301,False,5D,-1,0.0172,-0.0172
3,CORR_PV_10,10D,-0.0336,-2.9912,0.003118,0.083796,False,5D,-1,0.0302,-0.0302
3,CORR_PV_10,20D,-0.0363,-2.2668,0.024444,0.306726,False,5D,-1,0.0276,-0.0276
3,WVMA_10,1D,-0.0109,-1.2336,0.218765,0.572643,False,20D,-1,-0.0131,0.0131
3,WVMA_10,3D,-0.0105,-0.824,0.410917,0.704516,False,20D,-1,-0.013,0.013
3,WVMA_10,5D,-0.0013,-0.0897,0.928617,1.0,False,20D,-1,-0.0103,0.0103
3,WVMA_10,10D,0.002,0.1138,0.909475,0.9951,False,20D,-1,-0.0128,0.0128
3,WVMA_10,20D,-0.0119,-0.4117,0.681013,0.861281,False,20D,-1,-0.0253,0.0253
3,CORR_PV_20,1D,-0.0166,-2.5976,0.010066,0.180349,False,20D,-1,0.004,-0.004
3,CORR_PV_20,3D,-0.0293,-3.3931,0.000829,0.056115,False,20D,-1,0.0142,-0.0142
3,CORR_PV_20,5D,-0.0363,-3.6203,0.00037,0.052138,False,20D,-1,0.0288,-0.0288
3,CORR_PV_20,10D,-0.0366,-2.762,0.006264,0.14964,False,20D,-1,0.0386,-0.0386
3,CORR_PV_20,20D,-0.0415,-3.0278,0.002778,0.083796,False,20D,-1,0.032,-0.032
3,WVMA_20,1D,-0.0134,-1.4295,0.154362,0.526791,False,20D,-1,-0.0202,0.0202
3,WVMA_20,3D,-0.0138,-1.0279,0.305224,0.62202,False,20D,-1,-0.0288,0.0288
3,WVMA_20,5D,-0.0063,-0.4212,0.674017,0.857664,False,20D,-1,-0.0298,0.0298
3,WVMA_20,10D,-0.0063,-0.3386,0.735223,0.898142,False,20D,-1,-0.0234,0.0234
3,WVMA_20,20D,-0.0208,-0.6174,0.537628,0.783661,False,20D,-1,-0.0409,0.0409
3,TURNOVER_SURGE_5,1D,0.0071,1.2341,0.218563,0.572643,False,20D,1,0.016,0.016
3,TURNOVER_SURGE_5,3D,0.0078,1.2395,0.216585,0.572643,False,20D,1,0.0213,0.0213
3,TURNOVER_SURGE_5,5D,0.004,0.7331,0.464304,0.741698,False,20D,1,0.0121,0.0121
3,TURNOVER_SURGE_5,10D,0.0073,1.2794,0.202211,0.570347,False,20D,1,0.0193,0.0193
3,TURNOVER_SURGE_5,20D,0.0038,0.924,0.356588,0.666222,False,20D,1,0.0165,0.0165
3,TURNOVER_SURGE_20,1D,0.0055,0.9492,0.343607,0.665545,False,20D,1,0.0203,0.0203
3,TURNOVER_SURGE_20,3D,0.0064,1.1554,0.249247,0.592085,False,20D,1,0.034,0.034
3,TURNOVER_SURGE_20,5D,0.0083,1.4543,0.147395,0.510854,False,20D,1,0.0344,0.0344
3,TURNOVER_SURGE_20,10D,0.0152,2.206,0.028489,0.306726,False,20D,1,0.0422,0.0422
3,TURNOVER_SURGE_20,20D,0.0092,0.9392,0.348731,0.666222,False,20D,1,0.0246,0.0246
3,TURNOVER_STD_20,1D,-0.0143,-1.953,0.052169,0.393556,False,20D,-1,-0.0259,0.0259
3,TURNOVER_STD_20,3D,-0.0193,-1.8182,0.070484,0.396455,False,20D,-1,-0.0381,0.0381
3,TURNOVER_STD_20,5D,-0.0179,-1.3966,0.164051,0.544972,False,20D,-1,-0.0406,0.0406
3,TURNOVER_STD_20,10D,-0.0215,-1.1417,0.254909,0.592085,False,20D,-1,-0.0445,0.0445
3,TURNOVER_STD_20,20D,-0.0379,-1.2573,0.210056,0.570347,False,20D,-1,-0.0567,0.0567
3,AMOUNT_RATIO_5_20,1D,-0.0043,-0.7723,0.440808,0.738235,False,20D,1,0.0103,0.0103
3,AMOUNT_RATIO_5_20,3D,0.0023,0.2983,0.765791,0.91347,False,20D,1,0.0317,0.0317
3,AMOUNT_RATIO_5_20,5D,0.0092,1.0437,0.297843,0.618708,False,20D,1,0.0402,0.0402
3,AMOUNT_RATIO_5_20,10D,0.0143,1.3476,0.179263,0.544972,False,20D,1,0.0427,0.0427
3,AMOUNT_RATIO_5_20,20D,0.0079,0.518,0.605047,0.816187,False,20D,1,0.0165,0.0165
3,LIMIT_UP_SPACE,1D,0.0109,1.5287,0.127867,0.467895,False,20D,-1,0.016,-0.016
3,LIMIT_UP_SPACE,3D,0.0044,0.5129,0.608584,0.816187,False,20D,-1,0.0095,-0.0095
3,LIMIT_UP_SPACE,5D,0.0047,0.5391,0.59037,0.815604,False,20D,-1,0.0134,-0.0134
3,LIMIT_UP_SPACE,10D,-0.0069,-0.628,0.530699,0.782626,False,20D,-1,0.0103,-0.0103
3,LIMIT_UP_SPACE,20D,-0.0184,-1.2538,0.21134,0.570347,False,20D,-1,0.0188,-0.0188
3,IS_LIMIT_UP_LAG1,1D,0.0014,0.8939,0.372402,0.675666,False,20D,-1,0.0023,-0.0023
3,IS_LIMIT_UP_LAG1,3D,0.0034,2.1574,0.032129,0.313988,False,20D,-1,0.0018,-0.0018
3,IS_LIMIT_UP_LAG1,5D,0.0014,1.1388,0.256111,0.592085,False,20D,-1,0.002,-0.002
3,IS_LIMIT_UP_LAG1,10D,-0.0011,-0.4983,0.618835,0.821842,False,20D,-1,0.0033,-0.0033
3,IS_LIMIT_UP_LAG1,20D,-0.0028,-1.0454,0.297053,0.618708,False,20D,-1,-0.0081,0.0081
3,IS_LIMIT_DOWN_LAG1,1D,-0.0001,-1.1215,0.263366,0.595509,False,20D,-1,0.0023,-0.0023
3,IS_LIMIT_DOWN_LAG1,3D,0.0001,0.3833,0.70192,0.874857,False,20D,-1,-0.0037,0.0037
3,IS_LIMIT_DOWN_LAG1,5D,0.0013,1.3768,0.170057,0.544972,False,20D,-1,-0.0045,0.0045
3,IS_LIMIT_DOWN_LAG1,10D,0.0004,0.9029,0.367617,0.672661,False,20D,-1,-0.0021,0.0021
3,IS_LIMIT_DOWN_LAG1,20D,-0.0003,-0.4267,0.670037,0.857664,False,20D,-1,-0.0011,0.0011
3,UPPER_SHADOW_RATIO,1D,-0.0023,-0.3722,0.710119,0.877446,False,20D,-1,-0.0017,0.0017
3,UPPER_SHADOW_RATIO,3D,-0.0117,-1.886,0.060702,0.396455,False,20D,-1,0.0004,-0.0004
3,UPPER_SHADOW_RATIO,5D,-0.0129,-2.1955,0.029246,0.306726,False,20D,-1,0.0078,-0.0078
3,UPPER_SHADOW_RATIO,10D,-0.0113,-1.7795,0.076628,0.396455,False,20D,-1,-0.0065,0.0065
3,UPPER_SHADOW_RATIO,20D,-0.0058,-1.201,0.231115,0.577787,False,20D,-1,-0.0111,0.0111
3,LOWER_SHADOW_RATIO,1D,-0.0084,-1.6112,0.108668,0.445303,False,20D,-1,-0.0121,0.0121
3,LOWER_SHADOW_RATIO,3D,-0.0018,-0.3038,0.761607,0.912231,False,20D,-1,-0.0187,0.0187
3,LOWER_SHADOW_RATIO,5D,-0.0003,-0.0578,0.953995,1.0,False,20D,-1,-0.0158,0.0158
3,LOWER_SHADOW_RATIO,10D,-0.0035,-0.5288,0.597479,0.816187,False,20D,-1,-0.0125,0.0125
3,LOWER_SHADOW_RATIO,20D,-0.0045,-0.6241,0.533278,0.782626,False,20D,-1,-0.0185,0.0185
3,ENTITY_RATIO,1D,0.0074,1.345,0.180105,0.544972,False,20D,1,0.0082,0.0082
3,ENTITY_RATIO,3D,0.0077,1.4592,0.146042,0.510553,False,20D,1,0.0117,0.0117
3,ENTITY_RATIO,5D,0.0076,1.4503,0.148504,0.510854,False,20D,1,0.003,0.003
3,ENTITY_RATIO,10D,0.0093,1.7067,0.089394,0.427105,False,20D,1,0.0121,0.0121
3,ENTITY_RATIO,20D,0.0083,1.7367,0.083944,0.410181,False,20D,1,0.0209,0.0209
3,INTRADAY_CLOSE_LOC,1D,-0.0132,-1.8484,0.06598,0.396455,False,20D,1,-0.0301,-0.0301
3,INTRADAY_CLOSE_LOC,3D,-0.004,-0.5567,0.578362,0.807453,False,20D,1,-0.0167,-0.0167
3,INTRADAY_CLOSE_LOC,5D,-0.0062,-0.896,0.371318,0.675666,False,20D,1,-0.018,-0.018
3,INTRADAY_CLOSE_LOC,10D,-0.0014,-0.195,0.845598,0.966786,False,20D,1,-0.0015,-0.0015
3,INTRADAY_CLOSE_LOC,20D,0.0003,0.044,0.964969,1.0,False,20D,1,-0.0034,-0.0034
3,LOG_CIRC_MV,1D,-0.0041,-0.4229,0.672835,0.857664,False,20D,-1,-0.0155,0.0155
3,LOG_CIRC_MV,3D,-0.0182,-1.1832,0.238089,0.585019,False,20D,-1,-0.0368,0.0368
3,LOG_CIRC_MV,5D,-0.0271,-1.3129,0.19069,0.559843,False,20D,-1,-0.051,0.051
3,LOG_CIRC_MV,10D,-0.0426,-1.363,0.174359,0.544972,False,20D,-1,-0.0814,0.0814
3,LOG_CIRC_MV,20D,-0.0632,-1.5565,0.121127,0.457475,False,20D,-1,-0.1205,0.1205
3,EFFICIENCY_RATIO_10,1D,-0.0059,-0.9359,0.350407,0.666222,False,20D,1,-0.0001,-0.0001
3,EFFICIENCY_RATIO_10,3D,-0.0004,-0.0544,0.956669,1.0,False,20D,1,0.0109,0.0109
3,EFFICIENCY_RATIO_10,5D,0.0079,0.9577,0.339344,0.660262,False,20D,1,0.0156,0.0156
3,EFFICIENCY_RATIO_10,10D,0.0175,2.3436,0.020052,0.271881,False,20D,1,0.0187,0.0187
3,EFFICIENCY_RATIO_10,20D,0.009,0.7091,0.479079,0.749105,False,20D,1,0.0237,0.0237
3,AMIHUD_20,1D,0.0,0.0,1.0,1.0,False,20D,1,0.0,0.0
3,AMIHUD_20,3D,0.0,0.0,1.0,1.0,False,20D,1,0.0,0.0
3,AMIHUD_20,5D,0.0,0.0,1.0,1.0,False,20D,1,0.0,0.0
3,AMIHUD_20,10D,0.0,0.0,1.0,1.0,False,20D,1,0.0,0.0
3,AMIHUD_20,20D,0.0,0.0,1.0,1.0,False,20D,1,0.0,0.0
3,AMIHUD_20_LN,1D,0.0,0.0,1.0,1.0,False,20D,1,0.0,0.0
3,AMIHUD_20_LN,3D,0.0,0.0,1.0,1.0,False,20D,1,0.0,0.0
3,AMIHUD_20_LN,5D,0.0,0.0,1.0,1.0,False,20D,1,0.0,0.0
3,AMIHUD_20_LN,10D,0.0,0.0,1.0,1.0,False,20D,1,0.0,0.0
3,AMIHUD_20_LN,20D,0.0,0.0,1.0,1.0,False,20D,1,0.0,0.0
3,ALPHA_RESIDUAL_MOMENTUM_20,1D,-0.0108,-1.152,0.250642,0.592085,False,20D,-1,-0.0102,0.0102
3,ALPHA_RESIDUAL_MOMENTUM_20,3D,-0.0135,-0.9949,0.320959,0.638946,False,20D,-1,-0.0119,0.0119
3,ALPHA_RESIDUAL_MOMENTUM_20,5D,-0.0089,-0.5675,0.571007,0.806272,False,20D,-1,-0.0159,0.0159
3,ALPHA_RESIDUAL_MOMENTUM_20,10D,-0.0137,-0.7182,0.473457,0.74435,False,20D,-1,-0.0284,0.0284
3,ALPHA_RESIDUAL_MOMENTUM_20,20D,-0.0415,-1.9102,0.057491,0.396455,False,20D,-1,-0.0344,0.0344
3,ALPHA_TURNOVER_SURPRISE_5_20,1D,-0.0033,-0.6493,0.516839,0.777066,False,20D,1,0.0132,0.0132
3,ALPHA_TURNOVER_SURPRISE_5_20,3D,0.003,0.4285,0.6687,0.857664,False,20D,1,0.0367,0.0367
3,ALPHA_TURNOVER_SURPRISE_5_20,5D,0.0084,1.0206,0.308621,0.625977,False,20D,1,0.0458,0.0458
3,ALPHA_TURNOVER_SURPRISE_5_20,10D,0.012,1.2201,0.223833,0.572643,False,20D,1,0.0496,0.0496
3,ALPHA_TURNOVER_SURPRISE_5_20,20D,0.0101,0.7452,0.457017,0.741698,False,20D,1,0.0211,0.0211
3,ALPHA_QUALITY_X_MOMENTUM,1D,-0.0075,-0.874,0.383128,0.684251,False,20D,-1,-0.0087,0.0087
3,ALPHA_QUALITY_X_MOMENTUM,3D,-0.0086,-0.6874,0.492604,0.761941,False,20D,-1,-0.007,0.007
3,ALPHA_QUALITY_X_MOMENTUM,5D,-0.0048,-0.3185,0.750404,0.906387,False,20D,-1,-0.0095,0.0095
3,ALPHA_QUALITY_X_MOMENTUM,10D,-0.0108,-0.5986,0.550104,0.796447,False,20D,-1,-0.0144,0.0144
3,ALPHA_QUALITY_X_MOMENTUM,20D,-0.0315,-1.6015,0.110808,0.445303,False,20D,-1,-0.0137,0.0137
3,ALPHA_LIQUIDITY_X_VOL,1D,0.0,0.0,1.0,1.0,False,20D,1,0.0,0.0
3,ALPHA_LIQUIDITY_X_VOL,3D,0.0,0.0,1.0,1.0,False,20D,1,0.0,0.0
3,ALPHA_LIQUIDITY_X_VOL,5D,0.0,0.0,1.0,1.0,False,20D,1,0.0,0.0
3,ALPHA_LIQUIDITY_X_VOL,10D,0.0,0.0,1.0,1.0,False,20D,1,0.0,0.0
3,ALPHA_LIQUIDITY_X_VOL,20D,0.0,0.0,1.0,1.0,False,20D,1,0.0,0.0
3,ALPHA_SHORT_REVERSAL_5,1D,0.0288,3.2869,0.001191,0.056115,False,1D,1,0.011,0.011
3,ALPHA_SHORT_REVERSAL_5,3D,0.0238,2.2039,0.02864,0.306726,False,1D,1,-0.0006,-0.0006
3,ALPHA_SHORT_REVERSAL_5,5D,0.0125,1.0148,0.311385,0.627997,False,1D,1,-0.0095,-0.0095
3,ALPHA_SHORT_REVERSAL_5,10D,0.0117,0.9984,0.319279,0.638558,False,1D,1,0.0063,0.0063
3,ALPHA_SHORT_REVERSAL_5,20D,0.0108,0.9616,0.337366,0.660262,False,1D,1,0.0109,0.0109
3,ALPHA_IDIO_VOL_PENALTY,1D,0.0145,1.3099,0.1917,0.559843,False,20D,1,0.0248,0.0248
3,ALPHA_IDIO_VOL_PENALTY,3D,0.0134,0.8628,0.389239,0.688777,False,20D,1,0.0377,0.0377
3,ALPHA_IDIO_VOL_PENALTY,5D,0.0053,0.2939,0.769159,0.913642,False,20D,1,0.0402,0.0402
3,ALPHA_IDIO_VOL_PENALTY,10D,0.0061,0.2506,0.802369,0.937551,False,20D,1,0.0356,0.0356
3,ALPHA_IDIO_VOL_PENALTY,20D,0.0203,0.4961,0.620339,0.821842,False,20D,1,0.047,0.047
3,ALPHA_MONEY_FLOW_DIV_10,1D,-0.0103,-1.6033,0.110406,0.445303,False,20D,-1,0.0005,-0.0005
3,ALPHA_MONEY_FLOW_DIV_10,3D,-0.0159,-1.6488,0.100715,0.441913,False,20D,-1,0.0118,-0.0118
3,ALPHA_MONEY_FLOW_DIV_10,5D,-0.0201,-1.637,0.103151,0.445303,False,20D,-1,0.0141,-0.0141
3,ALPHA_MONEY_FLOW_DIV_10,10D,-0.0246,-1.3272,0.185899,0.551287,False,20D,-1,0.0193,-0.0193
3,ALPHA_MONEY_FLOW_DIV_10,20D,-0.0375,-1.2514,0.212222,0.570347,False,20D,-1,0.0309,-0.0309
4,KMID,1D,-0.0266,-4.2165,3.2e-05,0.00688,True,1D,-1,-0.0003,0.0003
4,KMID,3D,-0.0142,-2.0505,0.041103,0.117733,False,1D,-1,-0.0129,0.0129
4,KMID,5D,-0.0169,-2.6109,0.009441,0.052047,False,1D,-1,-0.0053,0.0053
4,KMID,10D,-0.0069,-1.1809,0.238503,0.337356,False,1D,-1,-0.01,0.01
4,KMID,20D,-0.0039,-0.5994,0.549322,0.645378,False,1D,-1,-0.0118,0.0118
4,KLEN,1D,-0.0131,-1.9017,0.058075,0.13951,False,20D,-1,-0.0333,0.0333
4,KLEN,3D,-0.0168,-1.7695,0.077722,0.16036,False,20D,-1,-0.048,0.048
4,KLEN,5D,-0.0135,-1.158,0.247701,0.344264,False,20D,-1,-0.0519,0.0519
4,KLEN,10D,-0.0178,-1.1704,0.242688,0.340029,False,20D,-1,-0.0622,0.0622
4,KLEN,20D,-0.0391,-1.8112,0.071016,0.152684,False,20D,-1,-0.105,0.105
4,KMID2,1D,-0.0183,-2.9899,0.002999,0.033066,False,1D,-1,0.003,-0.003
4,KMID2,3D,-0.0094,-1.4559,0.146357,0.238385,False,1D,-1,-0.0128,0.0128
4,KMID2,5D,-0.0139,-2.2825,0.023092,0.083286,False,1D,-1,-0.0033,0.0033
4,KMID2,10D,-0.0038,-0.7111,0.477545,0.57681,False,1D,-1,-0.009,0.009
4,KMID2,20D,-0.0009,-0.1647,0.869304,0.932171,False,1D,-1,-0.0109,0.0109
4,KUP,1D,-0.0094,-1.6678,0.0963,0.180825,False,20D,-1,-0.0064,0.0064
4,KUP,3D,-0.0172,-2.7605,0.006092,0.042251,False,20D,-1,-0.0247,0.0247
4,KUP,5D,-0.0133,-1.8906,0.059547,0.140108,False,20D,-1,-0.0285,0.0285
4,KUP,10D,-0.0178,-2.0016,0.046143,0.125579,False,20D,-1,-0.0327,0.0327
4,KUP,20D,-0.0319,-2.4531,0.014675,0.059115,True,20D,-1,-0.0599,0.0599
4,KLOW,1D,-0.0172,-3.379,0.000814,0.01808,False,20D,-1,-0.0282,0.0282
4,KLOW,3D,-0.0145,-2.3822,0.017772,0.066452,False,20D,-1,-0.0115,0.0115
4,KLOW,5D,-0.0115,-1.661,0.097664,0.182391,False,20D,-1,-0.0146,0.0146
4,KLOW,10D,-0.0159,-1.8581,0.064037,0.141534,False,20D,-1,-0.0199,0.0199
4,KLOW,20D,-0.0311,-2.8305,0.004931,0.040006,True,20D,-1,-0.0395,0.0395
4,KSFT,1D,-0.0285,-4.4662,1.1e-05,0.00473,True,1D,-1,-0.0092,0.0092
4,KSFT,3D,-0.012,-1.8076,0.071568,0.153106,False,1D,-1,-0.0023,0.0023
4,KSFT,5D,-0.015,-2.4707,0.013986,0.059045,False,1D,-1,0.0034,-0.0034
4,KSFT,10D,-0.0042,-0.7237,0.469759,0.570611,False,1D,-1,-0.0008,0.0008
4,KSFT,20D,-0.0,-0.004,0.996787,1.0,False,1D,-1,0.0058,-0.0058
4,ROC5,1D,-0.0244,-3.4949,0.000539,0.015814,True,1D,-1,-0.0099,0.0099
4,ROC5,3D,-0.0165,-1.7606,0.079226,0.16036,False,1D,-1,-0.0075,0.0075
4,ROC5,5D,-0.0096,-0.8953,0.371293,0.470962,False,1D,-1,-0.0004,0.0004
4,ROC5,10D,-0.0086,-0.7712,0.44116,0.547774,False,1D,-1,-0.0207,0.0207
4,ROC5,20D,-0.0161,-1.3167,0.188843,0.282936,False,1D,-1,-0.0177,0.0177
4,MAX_RATIO_5,1D,0.0169,2.4702,0.014006,0.059045,False,1D,1,-0.0017,-0.0017
4,MAX_RATIO_5,3D,0.0038,0.3981,0.690816,0.779661,False,1D,1,-0.0086,-0.0086
4,MAX_RATIO_5,5D,0.0011,0.1062,0.915449,0.967182,False,1D,1,-0.0171,-0.0171
4,MAX_RATIO_5,10D,-0.0073,-0.6379,0.523966,0.622391,False,1D,1,-0.0057,-0.0057
4,MAX_RATIO_5,20D,-0.0072,-0.5507,0.582206,0.674794,False,1D,1,-0.027,-0.027
4,MIN_RATIO_5,1D,0.0199,3.356,0.000883,0.01808,False,1D,1,0.0264,0.0264
4,MIN_RATIO_5,3D,0.0186,2.586,0.010134,0.054093,False,1D,1,0.024,0.024
4,MIN_RATIO_5,5D,0.0157,1.9868,0.047771,0.126022,False,1D,1,0.0191,0.0191
4,MIN_RATIO_5,10D,0.0081,1.033,0.302368,0.40095,False,1D,1,0.0363,0.0363
4,MIN_RATIO_5,20D,0.013,1.1751,0.240781,0.339462,False,1D,1,0.0566,0.0566
4,MA_RATIO_5,1D,0.0246,3.6132,0.000349,0.013643,True,1D,1,0.0122,0.0122
4,MA_RATIO_5,3D,0.0171,1.9453,0.052583,0.133934,False,1D,1,0.0069,0.0069
4,MA_RATIO_5,5D,0.0125,1.3285,0.184923,0.280978,False,1D,1,-0.0019,-0.0019
4,MA_RATIO_5,10D,0.0042,0.4419,0.658849,0.751472,False,1D,1,0.0168,0.0168
4,MA_RATIO_5,20D,0.0081,0.754,0.451409,0.551437,False,1D,1,0.0173,0.0173
4,ROC10,1D,-0.0179,-2.5025,0.012813,0.057947,False,20D,-1,-0.013,0.013
4,ROC10,3D,-0.0166,-1.7396,0.082858,0.162689,False,20D,-1,-0.0234,0.0234
4,ROC10,5D,-0.0148,-1.3902,0.165387,0.2605,False,20D,-1,-0.0229,0.0229
4,ROC10,10D,-0.0143,-1.09,0.276496,0.376245,False,20D,-1,-0.0414,0.0414
4,ROC10,20D,-0.0285,-1.7475,0.081472,0.161442,False,20D,-1,-0.0271,0.0271
4,MAX_RATIO_10,1D,0.0086,1.1885,0.235494,0.335306,False,20D,-1,-0.0117,0.0117
4,MAX_RATIO_10,3D,-0.0007,-0.0647,0.948419,0.994683,False,20D,-1,-0.0119,0.0119
4,MAX_RATIO_10,5D,-0.004,-0.3477,0.728266,0.817635,False,20D,-1,-0.017,0.017
4,MAX_RATIO_10,10D,-0.0037,-0.2877,0.773785,0.859761,False,20D,-1,-0.0068,0.0068
4,MAX_RATIO_10,20D,-0.0029,-0.1727,0.862992,0.927716,False,20D,-1,-0.0406,0.0406
4,MIN_RATIO_10,1D,0.0223,3.6156,0.000346,0.013643,True,1D,1,0.0236,0.0236
4,MIN_RATIO_10,3D,0.017,2.1901,0.029213,0.095255,False,1D,1,0.0322,0.0322
4,MIN_RATIO_10,5D,0.0136,1.5593,0.119879,0.206278,False,1D,1,0.0342,0.0342
4,MIN_RATIO_10,10D,0.0112,1.0748,0.283257,0.380627,False,1D,1,0.0576,0.0576
4,MIN_RATIO_10,20D,0.0218,1.5076,0.132612,0.2214,False,1D,1,0.072,0.072
4,MA_RATIO_10,1D,0.0214,3.0333,0.002609,0.031163,False,1D,1,0.0082,0.0082
4,MA_RATIO_10,3D,0.0153,1.6045,0.109563,0.19408,False,1D,1,0.0105,0.0105
4,MA_RATIO_10,5D,0.0112,1.0725,0.284294,0.38083,False,1D,1,0.0073,0.0073
4,MA_RATIO_10,10D,0.0088,0.7498,0.453918,0.552931,False,1D,1,0.0281,0.0281
4,MA_RATIO_10,20D,0.0189,1.3387,0.181592,0.277158,False,1D,1,0.0193,0.0193
4,ROC20,1D,-0.0162,-2.1207,0.03469,0.106548,False,20D,-1,-0.0181,0.0181
4,ROC20,3D,-0.0229,-2.1398,0.033103,0.1039,False,20D,-1,-0.0283,0.0283
4,ROC20,5D,-0.0243,-1.9033,0.057866,0.13951,False,20D,-1,-0.0231,0.0231
4,ROC20,10D,-0.0313,-1.9448,0.052639,0.133934,False,20D,-1,-0.0316,0.0316
4,ROC20,20D,-0.0541,-2.8639,0.004451,0.038279,False,20D,-1,-0.0282,0.0282
4,MAX_RATIO_20,1D,0.0103,1.3436,0.180011,0.276445,False,20D,1,-0.0026,-0.0026
4,MAX_RATIO_20,3D,0.0023,0.2107,0.833238,0.907069,False,20D,1,0.001,0.001
4,MAX_RATIO_20,5D,0.0007,0.0539,0.957033,0.998845,False,20D,1,-0.0052,-0.0052
4,MAX_RATIO_20,10D,0.0026,0.1595,0.8734,0.934234,False,20D,1,-0.0087,-0.0087
4,MAX_RATIO_20,20D,0.0054,0.2448,0.806747,0.88046,False,20D,1,-0.0413,-0.0413
4,MIN_RATIO_20,1D,0.0205,3.1826,0.001597,0.026501,False,20D,1,0.0251,0.0251
4,MIN_RATIO_20,3D,0.0191,2.2159,0.027378,0.091973,False,20D,1,0.0373,0.0373
4,MIN_RATIO_20,5D,0.016,1.5235,0.128593,0.216843,False,20D,1,0.0416,0.0416
4,MIN_RATIO_20,10D,0.0187,1.3171,0.188711,0.282936,False,20D,1,0.0666,0.0666
4,MIN_RATIO_20,20D,0.0399,2.0411,0.042035,0.117733,False,20D,1,0.0766,0.0766
4,MA_RATIO_20,1D,0.0206,2.7941,0.005507,0.041215,False,20D,1,0.0129,0.0129
4,MA_RATIO_20,3D,0.0196,1.9925,0.047132,0.12588,False,20D,1,0.0261,0.0261
4,MA_RATIO_20,5D,0.0166,1.4858,0.138286,0.226958,False,20D,1,0.0255,0.0255
4,MA_RATIO_20,10D,0.0187,1.2676,0.205824,0.305187,False,20D,1,0.0418,0.0418
4,MA_RATIO_20,20D,0.0371,2.083,0.038017,0.11274,False,20D,1,0.0319,0.0319
4,ROC30,1D,-0.0225,-2.8144,0.005178,0.040696,False,20D,-1,-0.0056,0.0056
4,ROC30,3D,-0.0303,-2.6557,0.008297,0.048873,False,20D,-1,-0.0186,0.0186
4,ROC30,5D,-0.0333,-2.5134,0.01243,0.057835,False,20D,-1,-0.0161,0.0161
4,ROC30,10D,-0.0438,-2.7724,0.005878,0.041435,False,20D,-1,-0.0199,0.0199
4,ROC30,20D,-0.0739,-4.0006,7.8e-05,0.007396,False,20D,-1,-0.0316,0.0316
4,MAX_RATIO_30,1D,0.0108,1.3381,0.181764,0.277158,False,20D,1,-0.0114,-0.0114
4,MAX_RATIO_30,3D,0.01,0.8598,0.390511,0.492433,False,20D,1,-0.0116,-0.0116
4,MAX_RATIO_30,5D,0.0106,0.7572,0.449476,0.551437,False,20D,1,-0.0185,-0.0185
4,MAX_RATIO_30,10D,0.0121,0.6885,0.491629,0.588859,False,20D,1,-0.0186,-0.0186
4,MAX_RATIO_30,20D,0.0166,0.7162,0.474354,0.57457,False,20D,1,-0.0428,-0.0428
4,MIN_RATIO_30,1D,0.0205,2.9742,0.003153,0.033404,False,20D,1,0.0242,0.0242
4,MIN_RATIO_30,3D,0.0231,2.4281,0.015709,0.061506,False,20D,1,0.0372,0.0372
4,MIN_RATIO_30,5D,0.0217,1.9204,0.055663,0.136454,False,20D,1,0.04,0.04
4,MIN_RATIO_30,10D,0.0303,1.9969,0.046647,0.12588,False,20D,1,0.0624,0.0624
4,MIN_RATIO_30,20D,0.0559,2.7136,0.007003,0.046328,False,20D,1,0.074,0.074
4,MA_RATIO_30,1D,0.0215,2.7448,0.006384,0.043573,False,20D,1,0.0123,0.0123
4,MA_RATIO_30,3D,0.0252,2.3608,0.018811,0.06973,False,20D,1,0.0232,0.0232
4,MA_RATIO_30,5D,0.0248,2.005,0.045777,0.125376,False,20D,1,0.0213,0.0213
4,MA_RATIO_30,10D,0.0306,1.9413,0.053065,0.134223,False,20D,1,0.0367,0.0367
4,MA_RATIO_30,20D,0.0542,2.9343,0.003576,0.034363,True,20D,1,0.0338,0.0338
4,ROC60,1D,-0.0153,-1.8571,0.064184,0.141534,False,20D,-1,-0.0015,0.0015
4,ROC60,3D,-0.021,-1.7615,0.079074,0.16036,False,20D,-1,-0.0096,0.0096
4,ROC60,5D,-0.0254,-1.8019,0.072462,0.154251,False,20D,-1,-0.0097,0.0097
4,ROC60,10D,-0.0302,-1.7363,0.083434,0.163076,False,20D,-1,-0.0182,0.0182
4,ROC60,20D,-0.0517,-2.5073,0.012643,0.057835,False,20D,-1,-0.0253,0.0253
4,MAX_RATIO_60,1D,0.0119,1.3848,0.167047,0.261201,False,20D,1,-0.0085,-0.0085
4,MAX_RATIO_60,3D,0.0155,1.2447,0.214105,0.313147,False,20D,1,-0.0046,-0.0046
4,MAX_RATIO_60,5D,0.0186,1.221,0.222963,0.31958,False,20D,1,-0.0119,-0.0119
4,MAX_RATIO_60,10D,0.0247,1.2336,0.218231,0.314897,False,20D,1,-0.0114,-0.0114
4,MAX_RATIO_60,20D,0.0286,1.1702,0.242765,0.340029,False,20D,1,-0.0176,-0.0176
4,MIN_RATIO_60,1D,0.0231,3.1511,0.001774,0.02663,False,20D,1,0.0164,0.0164
4,MIN_RATIO_60,3D,0.0298,3.0411,0.002545,0.031163,False,20D,1,0.0273,0.0273
4,MIN_RATIO_60,5D,0.0301,2.6877,0.007557,0.047157,False,20D,1,0.0294,0.0294
4,MIN_RATIO_60,10D,0.036,2.4639,0.014251,0.059115,False,20D,1,0.0452,0.0452
4,MIN_RATIO_60,20D,0.0588,2.971,0.003185,0.033404,True,20D,1,0.0602,0.0602
4,MA_RATIO_60,1D,0.0246,2.9346,0.003572,0.034363,False,20D,1,0.01,0.01
4,MA_RATIO_60,3D,0.0353,3.017,0.00275,0.031959,False,20D,1,0.0175,0.0175
4,MA_RATIO_60,5D,0.039,2.8968,0.00402,0.036013,False,20D,1,0.015,0.015
4,MA_RATIO_60,10D,0.0509,3.0644,0.002359,0.030738,False,20D,1,0.0251,0.0251
4,MA_RATIO_60,20D,0.0738,3.8382,0.000148,0.008278,True,20D,1,0.0331,0.0331
4,ROC120,1D,-0.0086,-1.0817,0.280191,0.378184,False,20D,-1,-0.0056,0.0056
4,ROC120,3D,-0.016,-1.3702,0.17156,0.267286,False,20D,-1,-0.0171,0.0171
4,ROC120,5D,-0.02,-1.401,0.162151,0.257288,False,20D,-1,-0.0189,0.0189
4,ROC120,10D,-0.0374,-1.8611,0.063614,0.141534,False,20D,-1,-0.015,0.015
4,ROC120,20D,-0.0588,-1.9886,0.047562,0.126022,False,20D,-1,-0.0261,0.0261
4,MAX_RATIO_120,1D,0.005,0.561,0.575154,0.668422,False,20D,1,-0.0135,-0.0135
4,MAX_RATIO_120,3D,0.0092,0.6802,0.496843,0.593451,False,20D,1,-0.0102,-0.0102
4,MAX_RATIO_120,5D,0.0129,0.7697,0.442041,0.547774,False,20D,1,-0.0181,-0.0181
4,MAX_RATIO_120,10D,0.0218,0.96,0.337751,0.433531,False,20D,1,-0.0234,-0.0234
4,MAX_RATIO_120,20D,0.028,0.976,0.329758,0.425814,False,20D,1,-0.0383,-0.0383
4,MIN_RATIO_120,1D,0.0222,2.9248,0.003684,0.034363,False,20D,1,0.0186,0.0186
4,MIN_RATIO_120,3D,0.0297,2.9473,0.003433,0.034363,False,20D,1,0.0311,0.0311
4,MIN_RATIO_120,5D,0.0297,2.5757,0.010436,0.054093,False,20D,1,0.0329,0.0329
4,MIN_RATIO_120,10D,0.0407,2.618,0.009249,0.05165,False,20D,1,0.0353,0.0353
4,MIN_RATIO_120,20D,0.0672,2.8493,0.004655,0.039248,True,20D,1,0.049,0.049
4,MA_RATIO_120,1D,0.0188,2.1897,0.029241,0.095255,False,20D,1,0.0058,0.0058
4,MA_RATIO_120,3D,0.0286,2.3381,0.019977,0.07342,False,20D,1,0.0141,0.0141
4,MA_RATIO_120,5D,0.0329,2.2765,0.02345,0.083286,False,20D,1,0.0124,0.0124
4,MA_RATIO_120,10D,0.0468,2.5413,0.0115,0.056968,False,20D,1,0.0162,0.0162
4,MA_RATIO_120,20D,0.0718,3.2124,0.001445,0.026501,True,20D,1,0.0231,0.0231
4,ROC250,1D,-0.0077,-0.9765,0.329548,0.425814,False,20D,-1,-0.0009,0.0009
4,ROC250,3D,-0.0111,-0.9221,0.357136,0.454345,False,20D,-1,-0.0066,0.0066
4,ROC250,5D,-0.0111,-0.7052,0.481184,0.579577,False,20D,-1,-0.0013,0.0013
4,ROC250,10D,-0.0179,-0.7631,0.445924,0.550988,False,20D,-1,0.0027,-0.0027
4,ROC250,20D,-0.0294,-0.8266,0.409048,0.512801,False,20D,-1,-0.0055,0.0055
4,MAX_RATIO_250,1D,0.0005,0.0561,0.955265,0.998845,False,20D,1,-0.0195,-0.0195
4,MAX_RATIO_250,3D,0.0038,0.2899,0.772058,0.859761,False,20D,1,-0.0188,-0.0188
4,MAX_RATIO_250,5D,0.0072,0.4295,0.667811,0.757675,False,20D,1,-0.0294,-0.0294
4,MAX_RATIO_250,10D,0.0181,0.761,0.447197,0.550988,False,20D,1,-0.0427,-0.0427
4,MAX_RATIO_250,20D,0.0264,0.8132,0.416686,0.520857,False,20D,1,-0.0635,-0.0635
4,MIN_RATIO_250,1D,0.0247,3.1796,0.001614,0.026501,False,20D,1,0.0168,0.0168
4,MIN_RATIO_250,3D,0.0343,3.1292,0.001908,0.027348,False,20D,1,0.0249,0.0249
4,MIN_RATIO_250,5D,0.0358,2.6946,0.007405,0.047157,False,20D,1,0.0236,0.0236
4,MIN_RATIO_250,10D,0.0481,2.4373,0.015322,0.061004,False,20D,1,0.0214,0.0214
4,MIN_RATIO_250,20D,0.0732,2.2982,0.022171,0.080793,False,20D,1,0.0341,0.0341
4,MA_RATIO_250,1D,0.014,1.6773,0.09443,0.178876,False,20D,1,0.0015,0.0015
4,MA_RATIO_250,3D,0.0235,1.9204,0.055666,0.136454,False,20D,1,0.0088,0.0088
4,MA_RATIO_250,5D,0.0279,1.8733,0.061906,0.141158,False,20D,1,0.0051,0.0051
4,MA_RATIO_250,10D,0.0443,2.1633,0.031233,0.099785,False,20D,1,0.0003,0.0003
4,MA_RATIO_250,20D,0.0665,2.2538,0.024857,0.085962,True,20D,1,0.0056,0.0056
4,STD5,1D,-0.0148,-2.2333,0.026196,0.088959,False,20D,-1,-0.0344,0.0344
4,STD5,3D,-0.0239,-2.4523,0.01471,0.059115,False,20D,-1,-0.0399,0.0399
4,STD5,5D,-0.0216,-1.8225,0.069275,0.150446,False,20D,-1,-0.0449,0.0449
4,STD5,10D,-0.023,-1.597,0.111224,0.194416,False,20D,-1,-0.0538,0.0538
4,STD5,20D,-0.0343,-1.6019,0.110129,0.19408,True,20D,-1,-0.1023,0.1023
4,STD10,1D,-0.019,-2.4898,0.013271,0.05823,False,3D,-1,-0.0358,0.0358
4,STD10,3D,-0.0265,-2.3833,0.017722,0.066452,True,3D,-1,-0.0465,0.0465
4,STD10,5D,-0.0221,-1.6776,0.094371,0.178876,False,3D,-1,-0.0545,0.0545
4,STD10,10D,-0.0226,-1.3445,0.179695,0.276445,False,3D,-1,-0.0717,0.0717
4,STD10,20D,-0.0413,-1.5591,0.119929,0.206278,False,3D,-1,-0.1223,0.1223
4,STD20,1D,-0.0222,-2.6692,0.007976,0.048226,False,20D,-1,-0.0396,0.0396
4,STD20,3D,-0.0301,-2.5134,0.012431,0.057835,False,20D,-1,-0.0536,0.0536
4,STD20,5D,-0.0273,-1.9228,0.055355,0.136454,False,20D,-1,-0.065,0.065
4,STD20,10D,-0.0314,-1.646,0.100709,0.185064,False,20D,-1,-0.0842,0.0842
4,STD20,20D,-0.0537,-1.7654,0.078408,0.16036,False,20D,-1,-0.1265,0.1265
4,STD30,1D,-0.0253,-2.923,0.003705,0.034363,False,20D,-1,-0.0409,0.0409
4,STD30,3D,-0.034,-2.7057,0.007168,0.046701,False,20D,-1,-0.0523,0.0523
4,STD30,5D,-0.0316,-2.0677,0.039445,0.113861,False,20D,-1,-0.0631,0.0631
4,STD30,10D,-0.0362,-1.7084,0.088489,0.169867,False,20D,-1,-0.0768,0.0768
4,STD30,20D,-0.0604,-1.8876,0.059953,0.140108,False,20D,-1,-0.1238,0.1238
4,STD60,1D,-0.0257,-2.8067,0.0053,0.040696,False,20D,-1,-0.0414,0.0414
4,STD60,3D,-0.0328,-2.4748,0.013832,0.059045,False,20D,-1,-0.0552,0.0552
4,STD60,5D,-0.0303,-1.8699,0.062372,0.141158,False,20D,-1,-0.0693,0.0693
4,STD60,10D,-0.0361,-1.5449,0.123329,0.211281,False,20D,-1,-0.088,0.088
4,STD60,20D,-0.0581,-1.6594,0.097982,0.182391,False,20D,-1,-0.1261,0.1261
4,STD120,1D,-0.0271,-2.8085,0.005272,0.040696,False,20D,-1,-0.0415,0.0415
4,STD120,3D,-0.0359,-2.5124,0.012466,0.057835,False,20D,-1,-0.0541,0.0541
4,STD120,5D,-0.0351,-1.9933,0.047044,0.12588,False,20D,-1,-0.0663,0.0663
4,STD120,10D,-0.0428,-1.6261,0.104884,0.190296,False,20D,-1,-0.081,0.081
4,STD120,20D,-0.0626,-1.6195,0.106289,0.191231,False,20D,-1,-0.1092,0.1092
4,STD250,1D,-0.0271,-2.7811,0.005727,0.041215,False,20D,-1,-0.049,0.049
4,STD250,3D,-0.0356,-2.4134,0.016346,0.063322,False,20D,-1,-0.0615,0.0615
4,STD250,5D,-0.0349,-1.8788,0.061154,0.141158,False,20D,-1,-0.0749,0.0749
4,STD250,10D,-0.0428,-1.5359,0.125515,0.213874,False,20D,-1,-0.09,0.09
4,STD250,20D,-0.0656,-1.5874,0.113366,0.197358,True,20D,-1,-0.1216,0.1216
4,ATR_RATIO_5,1D,-0.0201,-2.4797,0.013646,0.059045,False,20D,-1,-0.0445,0.0445
4,ATR_RATIO_5,3D,-0.027,-2.2321,0.026274,0.088959,False,20D,-1,-0.0555,0.0555
4,ATR_RATIO_5,5D,-0.0224,-1.5326,0.126335,0.213874,False,20D,-1,-0.0644,0.0644
4,ATR_RATIO_5,10D,-0.0274,-1.4537,0.146964,0.23847,False,20D,-1,-0.0746,0.0746
4,ATR_RATIO_5,20D,-0.0546,-1.9467,0.052408,0.133934,False,20D,-1,-0.1275,0.1275
4,ATR_RATIO_20,1D,-0.0247,-2.6436,0.008592,0.049404,False,20D,-1,-0.0437,0.0437
4,ATR_RATIO_20,3D,-0.0349,-2.5976,0.009805,0.053369,False,20D,-1,-0.055,0.055
4,ATR_RATIO_20,5D,-0.0331,-2.0676,0.039454,0.113861,False,20D,-1,-0.0661,0.0661
4,ATR_RATIO_20,10D,-0.0403,-1.834,0.067554,0.148205,False,20D,-1,-0.0836,0.0836
4,ATR_RATIO_20,20D,-0.0629,-1.8889,0.059776,0.140108,True,20D,-1,-0.1254,0.1254
4,ATR_RATIO_60,1D,-0.0194,-1.9679,0.049912,0.12929,False,3D,-1,-0.0433,0.0433
4,ATR_RATIO_60,3D,-0.0256,-1.7667,0.078198,0.16036,False,3D,-1,-0.0543,0.0543
4,ATR_RATIO_60,5D,-0.0237,-1.3453,0.179442,0.276445,False,3D,-1,-0.0685,0.0685
4,ATR_RATIO_60,10D,-0.0289,-1.1481,0.251746,0.346958,False,3D,-1,-0.0845,0.0845
4,ATR_RATIO_60,20D,-0.0471,-1.2836,0.200188,0.298439,False,3D,-1,-0.1147,0.1147
4,ROC_STD_20,1D,-0.0112,-1.5976,0.111092,0.194416,False,20D,-1,-0.012,0.012
4,ROC_STD_20,3D,-0.0131,-1.365,0.173168,0.268817,False,20D,-1,-0.0173,0.0173
4,ROC_STD_20,5D,-0.0118,-1.0295,0.303976,0.40095,False,20D,-1,-0.0102,0.0102
4,ROC_STD_20,10D,-0.0162,-1.0808,0.28056,0.378184,False,20D,-1,-0.0137,0.0137
4,ROC_STD_20,20D,-0.0379,-2.0255,0.043613,0.120215,False,20D,-1,-0.0067,0.0067
4,ROC_STD_60,1D,-0.0154,-2.0916,0.037231,0.111176,False,20D,-1,0.0015,-0.0015
4,ROC_STD_60,3D,-0.0196,-1.8739,0.061822,0.141158,False,20D,-1,-0.0044,0.0044
4,ROC_STD_60,5D,-0.0224,-1.8636,0.06326,0.141534,False,20D,-1,-0.0013,0.0013
4,ROC_STD_60,10D,-0.0234,-1.6215,0.105866,0.191231,False,20D,-1,-0.0052,0.0052
4,ROC_STD_60,20D,-0.0368,-2.1467,0.032543,0.102893,True,20D,-1,-0.0114,0.0114
4,ROC_STD_120,1D,-0.0103,-1.4083,0.15999,0.254799,False,20D,-1,0.0026,-0.0026
4,ROC_STD_120,3D,-0.0157,-1.4923,0.136565,0.225857,False,20D,-1,-0.0046,0.0046
4,ROC_STD_120,5D,-0.0181,-1.4131,0.158574,0.253483,False,20D,-1,-0.0033,0.0033
4,ROC_STD_120,10D,-0.031,-1.7186,0.086626,0.167037,False,20D,-1,0.0021,-0.0021
4,ROC_STD_120,20D,-0.0491,-1.9038,0.057794,0.13951,False,20D,-1,-0.0078,0.0078
4,ROC_STD_250,1D,-0.0113,-1.4816,0.139387,0.227895,False,20D,-1,0.0031,-0.0031
4,ROC_STD_250,3D,-0.0151,-1.3219,0.18711,0.282306,False,20D,-1,-0.0004,0.0004
4,ROC_STD_250,5D,-0.0149,-1.0181,0.309375,0.403142,False,20D,-1,0.0067,-0.0067
4,ROC_STD_250,10D,-0.0207,-0.9459,0.344908,0.4414,False,20D,-1,0.0137,-0.0137
4,ROC_STD_250,20D,-0.0332,-0.9736,0.330952,0.426076,False,20D,-1,0.0075,-0.0075
4,MOM_ACC_20_60,1D,-0.0194,-2.4024,0.016837,0.06407,False,20D,-1,-0.0034,0.0034
4,MOM_ACC_20_60,3D,-0.0361,-3.1704,0.001664,0.026501,False,20D,-1,-0.01,0.01
4,MOM_ACC_20_60,5D,-0.0443,-3.3565,0.000881,0.01808,False,20D,-1,-0.007,0.007
4,MOM_ACC_20_60,10D,-0.0599,-3.7876,0.000181,0.008648,False,20D,-1,-0.0105,0.0105
4,MOM_ACC_20_60,20D,-0.0793,-3.9882,8.2e-05,0.007396,True,20D,-1,-0.0265,0.0265
4,MOM_ACC_60_120,1D,-0.0015,-0.196,0.844721,0.914937,False,20D,-1,0.0029,-0.0029
4,MOM_ACC_60_120,3D,-0.0072,-0.6516,0.515095,0.613548,False,20D,-1,-0.0021,0.0021
4,MOM_ACC_60_120,5D,-0.0101,-0.756,0.450172,0.551437,False,20D,-1,-0.0006,0.0006
4,MOM_ACC_60_120,10D,-0.0225,-1.2653,0.206664,0.30538,False,20D,-1,0.0048,-0.0048
4,MOM_ACC_60_120,20D,-0.0415,-1.7847,0.075231,0.158267,True,20D,-1,0.0004,-0.0004
4,VMA_RATIO_5,1D,-0.0097,-2.2051,0.028135,0.093783,False,3D,-1,0.0072,-0.0072
4,VMA_RATIO_5,3D,-0.0122,-2.513,0.012446,0.057835,False,3D,-1,0.0026,-0.0026
4,VMA_RATIO_5,5D,-0.0087,-1.7976,0.073151,0.15495,False,3D,-1,-0.0006,0.0006
4,VMA_RATIO_5,10D,-0.0118,-2.5079,0.012623,0.057835,False,3D,-1,0.0015,-0.0015
4,VMA_RATIO_5,20D,-0.0093,-2.0697,0.03925,0.113861,False,3D,-1,-0.0026,0.0026
4,VSTD_5,1D,0.0052,1.2417,0.215207,0.313692,False,3D,1,0.0011,0.0011
4,VSTD_5,3D,0.0088,1.7431,0.082234,0.162205,False,3D,1,0.0074,0.0074
4,VSTD_5,5D,0.0082,1.5067,0.13284,0.2214,False,3D,1,0.0124,0.0124
4,VSTD_5,10D,0.0065,1.1814,0.238297,0.337356,False,3D,1,0.0131,0.0131
4,VSTD_5,20D,0.0044,0.5681,0.570338,0.664622,False,3D,1,0.0039,0.0039
4,VMA_RATIO_10,1D,-0.0066,-1.5079,0.13254,0.2214,False,10D,-1,0.0082,-0.0082
4,VMA_RATIO_10,3D,-0.0107,-2.1949,0.028866,0.095255,False,10D,-1,0.0034,-0.0034
4,VMA_RATIO_10,5D,-0.0105,-1.755,0.08018,0.16036,False,10D,-1,-0.0008,0.0008
4,VMA_RATIO_10,10D,-0.017,-2.6762,0.007815,0.048006,False,10D,-1,-0.0047,0.0047
4,VMA_RATIO_10,20D,-0.0124,-1.7556,0.080074,0.16036,False,10D,-1,-0.0056,0.0056
4,VSTD_10,1D,-0.0006,-0.1437,0.885805,0.940484,False,20D,1,0.0042,0.0042
4,VSTD_10,3D,0.0015,0.2688,0.788231,0.870913,False,20D,1,0.0074,0.0074
4,VSTD_10,5D,0.0044,0.702,0.483176,0.580351,False,20D,1,0.0113,0.0113
4,VSTD_10,10D,0.0048,0.6206,0.535283,0.63234,False,20D,1,0.0082,0.0082
4,VSTD_10,20D,0.0014,0.1395,0.889154,0.941715,False,20D,1,-0.0068,-0.0068
4,VMA_RATIO_20,1D,-0.0075,-1.6558,0.098705,0.182589,False,10D,-1,0.0073,-0.0073
4,VMA_RATIO_20,3D,-0.013,-2.4899,0.013267,0.05823,False,10D,-1,0.0002,-0.0002
4,VMA_RATIO_20,5D,-0.0149,-2.5084,0.012606,0.057835,False,10D,-1,-0.0045,0.0045
4,VMA_RATIO_20,10D,-0.0219,-3.1475,0.001796,0.02663,True,10D,-1,-0.0063,0.0063
4,VMA_RATIO_20,20D,-0.0158,-1.6344,0.103122,0.187892,False,10D,-1,0.0088,-0.0088
4,VSTD_20,1D,-0.0042,-1.0238,0.306657,0.40202,False,20D,-1,-0.0009,0.0009
4,VSTD_20,3D,-0.0067,-1.1414,0.254533,0.349678,False,20D,-1,-0.0014,0.0014
4,VSTD_20,5D,-0.0088,-1.196,0.232535,0.332193,False,20D,-1,-0.0009,0.0009
4,VSTD_20,10D,-0.0063,-0.6247,0.532582,0.630882,False,20D,-1,-0.005,0.005
4,VSTD_20,20D,-0.0069,-0.6018,0.547737,0.645279,False,20D,-1,-0.0141,0.0141
4,VMA_RATIO_60,1D,-0.0013,-0.27,0.787317,0.870913,False,20D,1,0.0161,0.0161
4,VMA_RATIO_60,3D,-0.0015,-0.2525,0.800848,0.876246,False,20D,1,0.0134,0.0134
4,VMA_RATIO_60,5D,-0.0018,-0.2555,0.798517,0.875924,False,20D,1,0.0127,0.0127
4,VMA_RATIO_60,10D,-0.0047,-0.5355,0.592676,0.683344,False,20D,1,0.018,0.018
4,VMA_RATIO_60,20D,0.0068,0.5871,0.557502,0.653204,False,20D,1,0.0419,0.0419
4,VSTD_60,1D,0.0001,0.0128,0.989792,1.0,False,20D,1,0.0077,0.0077
4,VSTD_60,3D,0.0021,0.3141,0.753678,0.843962,False,20D,1,0.0046,0.0046
4,VSTD_60,5D,0.0046,0.5354,0.592761,0.683344,False,20D,1,0.0059,0.0059
4,VSTD_60,10D,0.0144,1.151,0.250552,0.346422,False,20D,1,0.0066,0.0066
4,VSTD_60,20D,0.0175,1.0521,0.2935,0.391941,False,20D,1,0.0186,0.0186
4,CORR_PV_5,1D,-0.01,-2.2736,0.02363,0.083286,False,20D,-1,-0.0061,0.0061
4,CORR_PV_5,3D,-0.016,-2.584,0.010194,0.054093,False,20D,-1,-0.0043,0.0043
4,CORR_PV_5,5D,-0.018,-2.552,0.011158,0.056446,False,20D,-1,-0.0026,0.0026
4,CORR_PV_5,10D,-0.0163,-2.0434,0.0418,0.117733,False,20D,-1,-0.0207,0.0207
4,CORR_PV_5,20D,-0.0202,-2.0431,0.041832,0.117733,True,20D,-1,-0.0209,0.0209
4,WVMA_5,1D,-0.0113,-1.9302,0.054439,0.136098,False,3D,-1,-0.0345,0.0345
4,WVMA_5,3D,-0.0184,-2.0703,0.039201,0.113861,False,3D,-1,-0.0441,0.0441
4,WVMA_5,5D,-0.0147,-1.3249,0.186125,0.281809,False,3D,-1,-0.0466,0.0466
4,WVMA_5,10D,-0.0133,-1.0327,0.302491,0.40095,False,3D,-1,-0.0523,0.0523
4,WVMA_5,20D,-0.0264,-1.4472,0.148771,0.240494,False,3D,-1,-0.0943,0.0943
4,CORR_PV_10,1D,-0.017,-3.4867,0.000555,0.015814,False,20D,-1,-0.0049,0.0049
4,CORR_PV_10,3D,-0.027,-3.8596,0.000136,0.008278,False,20D,-1,-0.0111,0.0111
4,CORR_PV_10,5D,-0.0287,-3.5483,0.000444,0.015814,False,20D,-1,-0.0127,0.0127
4,CORR_PV_10,10D,-0.0279,-2.5713,0.010567,0.054093,False,20D,-1,-0.0285,0.0285
4,CORR_PV_10,20D,-0.0332,-2.4067,0.016642,0.063893,True,20D,-1,-0.0175,0.0175
4,WVMA_10,1D,-0.0151,-2.2518,0.024989,0.085962,False,3D,-1,-0.0332,0.0332
4,WVMA_10,3D,-0.019,-1.9777,0.048792,0.127324,False,3D,-1,-0.0405,0.0405
4,WVMA_10,5D,-0.0139,-1.2541,0.210683,0.309193,False,3D,-1,-0.0454,0.0454
4,WVMA_10,10D,-0.0157,-1.1613,0.246361,0.343946,False,3D,-1,-0.0581,0.0581
4,WVMA_10,20D,-0.0336,-1.5749,0.116237,0.20154,False,3D,-1,-0.1093,0.1093
4,CORR_PV_20,1D,-0.0157,-3.0921,0.002156,0.028971,False,20D,-1,-0.0059,0.0059
4,CORR_PV_20,3D,-0.0253,-3.4482,0.000637,0.015814,False,20D,-1,-0.0063,0.0063
4,CORR_PV_20,5D,-0.0286,-3.1804,0.001609,0.026501,False,20D,-1,-0.0037,0.0037
4,CORR_PV_20,10D,-0.0311,-2.4564,0.014545,0.059115,False,20D,-1,-0.0067,0.0067
4,CORR_PV_20,20D,-0.0395,-2.6872,0.007567,0.047157,True,20D,-1,-0.0179,0.0179
4,WVMA_20,1D,-0.0203,-2.8346,0.00487,0.040006,False,20D,-1,-0.0384,0.0384
4,WVMA_20,3D,-0.028,-2.727,0.00673,0.045217,False,20D,-1,-0.0516,0.0516
4,WVMA_20,5D,-0.0255,-2.1365,0.033371,0.103982,False,20D,-1,-0.0611,0.0611
4,WVMA_20,10D,-0.0279,-1.8707,0.06227,0.141158,False,20D,-1,-0.0804,0.0804
4,WVMA_20,20D,-0.0499,-2.0398,0.042165,0.117733,False,20D,-1,-0.1257,0.1257
4,TURNOVER_SURGE_5,1D,0.011,2.4275,0.015734,0.061506,False,3D,1,-0.0053,-0.0053
4,TURNOVER_SURGE_5,3D,0.0143,2.7797,0.005751,0.041215,False,3D,1,-0.0012,-0.0012
4,TURNOVER_SURGE_5,5D,0.0109,2.162,0.031328,0.099785,False,3D,1,0.0018,0.0018
4,TURNOVER_SURGE_5,10D,0.0138,3.0467,0.002499,0.031163,False,3D,1,-0.0015,-0.0015
4,TURNOVER_SURGE_5,20D,0.0104,2.6306,0.00892,0.050468,False,3D,1,-0.0009,-0.0009
4,TURNOVER_SURGE_20,1D,0.0089,1.9307,0.054373,0.136098,False,10D,1,-0.0056,-0.0056
4,TURNOVER_SURGE_20,3D,0.0133,2.5723,0.010537,0.054093,False,10D,1,0.0013,0.0013
4,TURNOVER_SURGE_20,5D,0.0152,2.7837,0.005681,0.041215,False,10D,1,0.0068,0.0068
4,TURNOVER_SURGE_20,10D,0.0212,3.4375,0.000662,0.015814,False,10D,1,0.0069,0.0069
4,TURNOVER_SURGE_20,20D,0.014,1.602,0.110102,0.19408,False,10D,1,-0.0128,-0.0128
4,TURNOVER_STD_20,1D,-0.0235,-3.8282,0.000154,0.008278,False,20D,-1,-0.0354,0.0354
4,TURNOVER_STD_20,3D,-0.0357,-3.9757,8.6e-05,0.007396,False,20D,-1,-0.0473,0.0473
4,TURNOVER_STD_20,5D,-0.0381,-3.4374,0.000662,0.015814,False,20D,-1,-0.0573,0.0573
4,TURNOVER_STD_20,10D,-0.0475,-3.0076,0.002834,0.032069,False,20D,-1,-0.0772,0.0772
4,TURNOVER_STD_20,20D,-0.0686,-2.9186,0.003756,0.034363,True,20D,-1,-0.1261,0.1261
4,AMOUNT_RATIO_5_20,1D,-0.0009,-0.2004,0.841279,0.91351,False,10D,1,-0.0025,-0.0025
4,AMOUNT_RATIO_5_20,3D,0.0071,1.1175,0.264578,0.36117,False,10D,1,0.0012,0.0012
4,AMOUNT_RATIO_5_20,5D,0.0121,1.6746,0.094954,0.17908,False,10D,1,0.0032,0.0032
4,AMOUNT_RATIO_5_20,10D,0.0159,1.7563,0.079967,0.16036,False,10D,1,0.0077,0.0077
4,AMOUNT_RATIO_5_20,20D,0.007,0.5697,0.569248,0.664622,False,10D,1,-0.0179,-0.0179
4,LIMIT_UP_SPACE,1D,0.0096,1.7501,0.081026,0.161302,False,1D,1,-0.0103,-0.0103
4,LIMIT_UP_SPACE,3D,-0.0003,-0.0417,0.966727,1.0,False,1D,1,-0.0186,-0.0186
4,LIMIT_UP_SPACE,5D,-0.0006,-0.0806,0.935779,0.983826,False,1D,1,-0.028,-0.028
4,LIMIT_UP_SPACE,10D,-0.0114,-1.1568,0.24819,0.344264,False,1D,1,-0.0342,-0.0342
4,LIMIT_UP_SPACE,20D,-0.0159,-1.2365,0.217145,0.314385,False,1D,1,-0.0476,-0.0476
4,IS_LIMIT_UP_LAG1,1D,0.0017,1.3873,0.166273,0.260939,False,20D,-1,-0.0004,0.0004
4,IS_LIMIT_UP_LAG1,3D,0.0022,1.6374,0.102486,0.187528,False,20D,-1,-0.0,0.0
4,IS_LIMIT_UP_LAG1,5D,0.0007,0.5113,0.609473,0.698862,False,20D,-1,-0.0002,0.0002
4,IS_LIMIT_UP_LAG1,10D,-0.0002,-0.1541,0.877626,0.936425,False,20D,-1,0.0003,-0.0003
4,IS_LIMIT_UP_LAG1,20D,-0.005,-1.7789,0.076169,0.158994,False,20D,-1,0.0008,-0.0008
4,IS_LIMIT_DOWN_LAG1,1D,0.0002,0.4249,0.671204,0.75952,False,20D,1,-0.0014,-0.0014
4,IS_LIMIT_DOWN_LAG1,3D,-0.0012,-1.1378,0.256017,0.350597,False,20D,1,-0.0004,-0.0004
4,IS_LIMIT_DOWN_LAG1,5D,-0.0006,-0.4595,0.646197,0.739002,False,20D,1,-0.0007,-0.0007
4,IS_LIMIT_DOWN_LAG1,10D,-0.0001,-0.1833,0.854687,0.921091,False,20D,1,0.0002,0.0002
4,IS_LIMIT_DOWN_LAG1,20D,0.0001,0.0829,0.93397,0.983826,False,20D,1,0.0006,0.0006
4,UPPER_SHADOW_RATIO,1D,-0.0019,-0.3885,0.697927,0.785625,False,20D,-1,0.0103,-0.0103
4,UPPER_SHADOW_RATIO,3D,-0.0085,-1.8165,0.070191,0.151669,False,20D,-1,-0.0005,0.0005
4,UPPER_SHADOW_RATIO,5D,-0.0065,-1.4417,0.150316,0.242082,False,20D,-1,-0.0024,0.0024
4,UPPER_SHADOW_RATIO,10D,-0.0096,-1.9771,0.048857,0.127324,False,20D,-1,0.001,-0.001
4,UPPER_SHADOW_RATIO,20D,-0.0106,-2.4568,0.014528,0.059115,False,20D,-1,-0.006,0.006
4,LOWER_SHADOW_RATIO,1D,-0.0077,-1.827,0.068595,0.149725,False,1D,-1,-0.0102,0.0102
4,LOWER_SHADOW_RATIO,3D,-0.0042,-0.8895,0.374396,0.473501,False,1D,-1,0.0171,-0.0171
4,LOWER_SHADOW_RATIO,5D,-0.0019,-0.437,0.662372,0.753492,False,1D,-1,0.0138,-0.0138
4,LOWER_SHADOW_RATIO,10D,-0.0027,-0.5272,0.59842,0.688023,False,1D,-1,0.0151,-0.0151
4,LOWER_SHADOW_RATIO,20D,-0.0052,-0.8512,0.395275,0.496983,False,1D,-1,0.0192,-0.0192
4,ENTITY_RATIO,1D,0.0067,1.6058,0.109279,0.19408,False,20D,1,-0.0032,-0.0032
4,ENTITY_RATIO,3D,0.0092,2.1159,0.035098,0.10684,False,20D,1,-0.0113,-0.0113
4,ENTITY_RATIO,5D,0.0054,1.2825,0.200579,0.298439,False,20D,1,-0.0054,-0.0054
4,ENTITY_RATIO,10D,0.0091,2.1633,0.031232,0.099785,False,20D,1,-0.0089,-0.0089
4,ENTITY_RATIO,20D,0.0131,2.8682,0.004392,0.038279,False,20D,1,-0.0072,-0.0072
4,INTRADAY_CLOSE_LOC,1D,-0.0191,-3.2807,0.001145,0.02238,False,1D,-1,-0.0069,0.0069
4,INTRADAY_CLOSE_LOC,3D,-0.0069,-1.2271,0.220645,0.317316,False,1D,-1,-0.0032,0.0032
4,INTRADAY_CLOSE_LOC,5D,-0.0098,-1.8598,0.063803,0.141534,False,1D,-1,0.0051,-0.0051
4,INTRADAY_CLOSE_LOC,10D,-0.001,-0.186,0.85259,0.921091,False,1D,-1,-0.002,0.002
4,INTRADAY_CLOSE_LOC,20D,0.0009,0.1445,0.885189,0.940484,False,1D,-1,-0.0018,0.0018
4,LOG_CIRC_MV,1D,-0.0027,-0.3053,0.760313,0.849181,False,20D,-1,0.0074,-0.0074
4,LOG_CIRC_MV,3D,-0.0111,-0.783,0.434209,0.541188,False,20D,-1,0.0053,-0.0053
4,LOG_CIRC_MV,5D,-0.0181,-0.9426,0.346589,0.442235,False,20D,-1,0.0108,-0.0108
4,LOG_CIRC_MV,10D,-0.0287,-0.9768,0.329386,0.425814,False,20D,-1,0.0163,-0.0163
4,LOG_CIRC_MV,20D,-0.0585,-1.4304,0.153536,0.246345,False,20D,-1,0.0113,-0.0113
4,EFFICIENCY_RATIO_10,1D,-0.0013,-0.2667,0.789898,0.870913,False,20D,1,0.0062,0.0062
4,EFFICIENCY_RATIO_10,3D,0.0068,1.0812,0.280375,0.378184,False,20D,1,0.0128,0.0128
4,EFFICIENCY_RATIO_10,5D,0.0114,1.7047,0.08919,0.170452,False,20D,1,0.015,0.015
4,EFFICIENCY_RATIO_10,10D,0.0177,2.665,0.008075,0.048226,False,20D,1,0.0281,0.0281
4,EFFICIENCY_RATIO_10,20D,0.0189,1.8713,0.062184,0.141158,False,20D,1,0.0133,0.0133
4,AMIHUD_20,1D,0.0,0.0,1.0,1.0,False,20D,1,0.0,0.0
4,AMIHUD_20,3D,0.0,0.0,1.0,1.0,False,20D,1,0.0,0.0
4,AMIHUD_20,5D,0.0,0.0,1.0,1.0,False,20D,1,0.0,0.0
4,AMIHUD_20,10D,0.0,0.0,1.0,1.0,False,20D,1,0.0,0.0
4,AMIHUD_20,20D,0.0,0.0,1.0,1.0,False,20D,1,0.0,0.0
4,AMIHUD_20_LN,1D,0.0,0.0,1.0,1.0,False,20D,1,0.0,0.0
4,AMIHUD_20_LN,3D,0.0,0.0,1.0,1.0,False,20D,1,0.0,0.0
4,AMIHUD_20_LN,5D,0.0,0.0,1.0,1.0,False,20D,1,0.0,0.0
4,AMIHUD_20_LN,10D,0.0,0.0,1.0,1.0,False,20D,1,0.0,0.0
4,AMIHUD_20_LN,20D,0.0,0.0,1.0,1.0,False,20D,1,0.0,0.0
4,ALPHA_RESIDUAL_MOMENTUM_20,1D,-0.017,-2.2699,0.023852,0.083385,False,20D,-1,-0.0197,0.0197
4,ALPHA_RESIDUAL_MOMENTUM_20,3D,-0.0239,-2.2744,0.02358,0.083286,False,20D,-1,-0.0301,0.0301
4,ALPHA_RESIDUAL_MOMENTUM_20,5D,-0.0254,-2.0285,0.043303,0.120131,False,20D,-1,-0.0263,0.0263
4,ALPHA_RESIDUAL_MOMENTUM_20,10D,-0.0333,-2.0999,0.036493,0.109734,False,20D,-1,-0.0346,0.0346
4,ALPHA_RESIDUAL_MOMENTUM_20,20D,-0.058,-3.0991,0.002107,0.028971,True,20D,-1,-0.0325,0.0325
4,ALPHA_TURNOVER_SURPRISE_5_20,1D,0.0011,0.2593,0.795564,0.874917,False,10D,1,-0.0009,-0.0009
4,ALPHA_TURNOVER_SURPRISE_5_20,3D,0.0103,1.7218,0.086031,0.166637,False,10D,1,0.0046,0.0046
4,ALPHA_TURNOVER_SURPRISE_5_20,5D,0.0147,2.1138,0.035282,0.10684,False,10D,1,0.006,0.006
4,ALPHA_TURNOVER_SURPRISE_5_20,10D,0.0183,2.1312,0.033806,0.10458,False,10D,1,0.0113,0.0113
4,ALPHA_TURNOVER_SURPRISE_5_20,20D,0.0116,1.0311,0.303254,0.40095,False,10D,1,-0.0174,-0.0174
4,ALPHA_QUALITY_X_MOMENTUM,1D,-0.0132,-1.8933,0.059193,0.140108,False,20D,-1,-0.0138,0.0138
4,ALPHA_QUALITY_X_MOMENTUM,3D,-0.0176,-1.7833,0.075453,0.158267,False,20D,-1,-0.0198,0.0198
4,ALPHA_QUALITY_X_MOMENTUM,5D,-0.0183,-1.5338,0.126027,0.213874,False,20D,-1,-0.0178,0.0178
4,ALPHA_QUALITY_X_MOMENTUM,10D,-0.0237,-1.6044,0.109585,0.19408,False,20D,-1,-0.0254,0.0254
4,ALPHA_QUALITY_X_MOMENTUM,20D,-0.0407,-2.5405,0.011526,0.056968,False,20D,-1,-0.0244,0.0244
4,ALPHA_LIQUIDITY_X_VOL,1D,0.0,0.0,1.0,1.0,False,20D,1,0.0,0.0
4,ALPHA_LIQUIDITY_X_VOL,3D,0.0,0.0,1.0,1.0,False,20D,1,0.0,0.0
4,ALPHA_LIQUIDITY_X_VOL,5D,0.0,0.0,1.0,1.0,False,20D,1,0.0,0.0
4,ALPHA_LIQUIDITY_X_VOL,10D,0.0,0.0,1.0,1.0,False,20D,1,0.0,0.0
4,ALPHA_LIQUIDITY_X_VOL,20D,0.0,0.0,1.0,1.0,False,20D,1,0.0,0.0
4,ALPHA_SHORT_REVERSAL_5,1D,0.023,3.5132,0.000504,0.015814,False,1D,1,0.0085,0.0085
4,ALPHA_SHORT_REVERSAL_5,3D,0.0162,1.9189,0.055851,0.136454,False,1D,1,0.0023,0.0023
4,ALPHA_SHORT_REVERSAL_5,5D,0.0096,1.0181,0.309388,0.403142,False,1D,1,-0.0049,-0.0049
4,ALPHA_SHORT_REVERSAL_5,10D,0.0116,1.259,0.20892,0.307656,False,1D,1,0.0105,0.0105
4,ALPHA_SHORT_REVERSAL_5,20D,0.0141,1.3938,0.164324,0.259777,False,1D,1,0.0051,0.0051
4,ALPHA_IDIO_VOL_PENALTY,1D,0.0217,2.6426,0.008617,0.049404,False,20D,1,0.038,0.038
4,ALPHA_IDIO_VOL_PENALTY,3D,0.0292,2.499,0.012937,0.057947,False,20D,1,0.0513,0.0513
4,ALPHA_IDIO_VOL_PENALTY,5D,0.0263,1.8989,0.058445,0.139619,False,20D,1,0.0622,0.0622
4,ALPHA_IDIO_VOL_PENALTY,10D,0.0304,1.6547,0.098938,0.182589,False,20D,1,0.0818,0.0818
4,ALPHA_IDIO_VOL_PENALTY,20D,0.0506,1.7226,0.085895,0.166637,False,20D,1,0.122,0.122
4,ALPHA_MONEY_FLOW_DIV_10,1D,-0.009,-1.7639,0.078671,0.16036,False,1D,-1,-0.0151,0.0151
4,ALPHA_MONEY_FLOW_DIV_10,3D,-0.0117,-1.5013,0.134221,0.222838,False,1D,-1,-0.0258,0.0258
4,ALPHA_MONEY_FLOW_DIV_10,5D,-0.0147,-1.487,0.137971,0.226958,False,1D,-1,-0.0301,0.0301
4,ALPHA_MONEY_FLOW_DIV_10,10D,-0.0181,-1.2384,0.216427,0.314385,False,1D,-1,-0.0357,0.0357
4,ALPHA_MONEY_FLOW_DIV_10,20D,-0.0227,-1.0264,0.305432,0.401638,False,1D,-1,-0.0392,0.0392
5,KMID,1D,-0.018,-3.0521,0.002433,0.058122,False,1D,-1,-0.0061,0.0061
5,KMID,3D,-0.0098,-1.4913,0.136729,0.316094,False,1D,-1,0.0134,-0.0134
5,KMID,5D,-0.0091,-1.5332,0.126069,0.297855,False,1D,-1,0.0194,-0.0194
5,KMID,10D,-0.0034,-0.5883,0.556701,0.744789,False,1D,-1,0.0147,-0.0147
5,KMID,20D,-0.0044,-0.6744,0.500469,0.698707,False,1D,-1,0.0154,-0.0154
5,KLEN,1D,-0.0184,-2.8466,0.004661,0.080892,False,3D,-1,-0.0233,0.0233
5,KLEN,3D,-0.0216,-2.3891,0.017381,0.136482,False,3D,-1,-0.0244,0.0244
5,KLEN,5D,-0.0183,-1.5954,0.111458,0.292294,False,3D,-1,-0.0216,0.0216
5,KLEN,10D,-0.0203,-1.2715,0.204319,0.389812,False,3D,-1,-0.0194,0.0194
5,KLEN,20D,-0.041,-1.8169,0.070031,0.242793,False,3D,-1,-0.0174,0.0174
5,KMID2,1D,-0.0131,-2.3227,0.020725,0.151071,False,1D,-1,0.0004,-0.0004
5,KMID2,3D,-0.0068,-1.1084,0.268413,0.469177,False,1D,-1,0.0161,-0.0161
5,KMID2,5D,-0.0062,-1.074,0.283497,0.489573,False,1D,-1,0.0214,-0.0214
5,KMID2,10D,-0.0009,-0.1658,0.868385,0.959911,False,1D,-1,0.0115,-0.0115
5,KMID2,20D,-0.0027,-0.4552,0.649253,0.811566,False,1D,-1,0.013,-0.013
5,KUP,1D,-0.0079,-1.447,0.148715,0.319737,False,20D,-1,-0.014,0.014
5,KUP,3D,-0.0147,-2.4108,0.016397,0.136482,False,20D,-1,-0.0077,0.0077
5,KUP,5D,-0.013,-1.7677,0.077918,0.253824,False,20D,-1,-0.0078,0.0078
5,KUP,10D,-0.016,-1.7256,0.085235,0.262815,False,20D,-1,-0.0065,0.0065
5,KUP,20D,-0.029,-2.1038,0.036061,0.195545,True,20D,-1,-0.004,0.004
5,KLOW,1D,-0.0189,-3.9106,0.000109,0.01505,False,20D,-1,-0.0128,0.0128
5,KLOW,3D,-0.0137,-2.3875,0.017457,0.136482,False,20D,-1,-0.011,0.011
5,KLOW,5D,-0.0117,-1.7691,0.077689,0.253824,False,20D,-1,0.0014,-0.0014
5,KLOW,10D,-0.015,-1.8489,0.065251,0.233816,False,20D,-1,0.0035,-0.0035
5,KLOW,20D,-0.0288,-2.6624,0.008091,0.093034,True,20D,-1,0.0059,-0.0059
5,KSFT,1D,-0.0206,-3.4379,0.000652,0.038356,True,1D,-1,0.0001,-0.0001
5,KSFT,3D,-0.0065,-1.0373,0.300253,0.510311,False,1D,-1,0.0186,-0.0186
5,KSFT,5D,-0.0056,-0.9751,0.330143,0.538321,False,1D,-1,0.0285,-0.0285
5,KSFT,10D,-0.0001,-0.0208,0.983399,1.0,False,1D,-1,0.0221,-0.0221
5,KSFT,20D,0.0007,0.1106,0.911957,0.992763,False,1D,-1,0.0196,-0.0196
5,ROC5,1D,-0.013,-1.899,0.05833,0.227635,False,20D,-1,0.0106,-0.0106
5,ROC5,3D,-0.0028,-0.3056,0.760107,0.890589,False,20D,-1,0.0244,-0.0244
5,ROC5,5D,0.0051,0.471,0.637912,0.804946,False,20D,-1,0.0191,-0.0191
5,ROC5,10D,-0.0,-0.0007,0.999402,1.0,False,20D,-1,0.0251,-0.0251
5,ROC5,20D,-0.0125,-0.9744,0.330504,0.538321,False,20D,-1,0.0166,-0.0166
5,MAX_RATIO_5,1D,0.0079,1.2355,0.217415,0.398561,False,20D,-1,-0.0234,0.0234
5,MAX_RATIO_5,3D,-0.0057,-0.6398,0.52269,0.715786,False,20D,-1,-0.0349,0.0349
5,MAX_RATIO_5,5D,-0.01,-0.9992,0.318339,0.532629,False,20D,-1,-0.0354,0.0354
5,MAX_RATIO_5,10D,-0.011,-1.0149,0.310801,0.524096,False,20D,-1,-0.0291,0.0291
5,MAX_RATIO_5,20D,-0.0109,-0.8388,0.402127,0.613172,False,20D,-1,-0.027,0.027
5,MIN_RATIO_5,1D,0.016,2.7182,0.006867,0.086847,False,1D,1,-0.0071,-0.0071
5,MIN_RATIO_5,3D,0.0105,1.4481,0.148414,0.319737,False,1D,1,-0.0122,-0.0122
5,MIN_RATIO_5,5D,0.0047,0.6449,0.519352,0.713487,False,1D,1,-0.0155,-0.0155
5,MIN_RATIO_5,10D,0.0036,0.4492,0.65358,0.814607,False,1D,1,-0.0118,-0.0118
5,MIN_RATIO_5,20D,0.0143,1.239,0.216128,0.398561,False,1D,1,-0.006,-0.006
5,MA_RATIO_5,1D,0.0157,2.4023,0.016776,0.136482,False,1D,1,-0.0107,-0.0107
5,MA_RATIO_5,3D,0.0056,0.6537,0.513689,0.713487,False,1D,1,-0.0236,-0.0236
5,MA_RATIO_5,5D,-0.0013,-0.1473,0.882991,0.973554,False,1D,1,-0.0249,-0.0249
5,MA_RATIO_5,10D,-0.0018,-0.1867,0.85202,0.946689,False,1D,1,-0.0232,-0.0232
5,MA_RATIO_5,20D,0.0057,0.5063,0.61297,0.800037,False,1D,1,-0.0184,-0.0184
5,ROC10,1D,-0.0102,-1.4681,0.142921,0.319737,False,20D,-1,0.014,-0.014
5,ROC10,3D,-0.0089,-0.9184,0.358995,0.573858,False,20D,-1,0.0248,-0.0248
5,ROC10,5D,-0.0058,-0.513,0.608262,0.797417,False,20D,-1,0.0277,-0.0277
5,ROC10,10D,-0.0127,-0.9023,0.367491,0.5808,False,20D,-1,0.0277,-0.0277
5,ROC10,20D,-0.0279,-1.6788,0.094019,0.274461,False,20D,-1,0.0042,-0.0042
5,MAX_RATIO_10,1D,-0.0029,-0.4375,0.661969,0.81733,False,20D,-1,-0.0231,0.0231
5,MAX_RATIO_10,3D,-0.0113,-1.184,0.237178,0.426871,False,20D,-1,-0.0361,0.0361
5,MAX_RATIO_10,5D,-0.0149,-1.3504,0.17771,0.352144,False,20D,-1,-0.0275,0.0275
5,MAX_RATIO_10,10D,-0.0094,-0.7136,0.475916,0.675392,False,20D,-1,-0.0202,0.0202
5,MAX_RATIO_10,20D,-0.0084,-0.4966,0.619737,0.800037,False,20D,-1,-0.0113,0.0113
5,MIN_RATIO_10,1D,0.0158,2.5442,0.011352,0.108475,False,1D,1,-0.0075,-0.0075
5,MIN_RATIO_10,3D,0.0097,1.1837,0.237261,0.426871,False,1D,1,-0.0128,-0.0128
5,MIN_RATIO_10,5D,0.0063,0.6859,0.493218,0.693084,False,1D,1,-0.0191,-0.0191
5,MIN_RATIO_10,10D,0.0102,0.9106,0.363073,0.578227,False,1D,1,-0.0167,-0.0167
5,MIN_RATIO_10,20D,0.0268,1.7487,0.081156,0.259038,False,1D,1,-0.0104,-0.0104
5,MA_RATIO_10,1D,0.0103,1.4681,0.14291,0.319737,False,20D,1,-0.0128,-0.0128
5,MA_RATIO_10,3D,0.0016,0.1723,0.863282,0.95673,False,20D,1,-0.0246,-0.0246
5,MA_RATIO_10,5D,-0.0032,-0.2975,0.76623,0.895323,False,20D,1,-0.0247,-0.0247
5,MA_RATIO_10,10D,0.0009,0.0732,0.941656,1.0,False,20D,1,-0.0275,-0.0275
5,MA_RATIO_10,20D,0.0158,1.0603,0.289693,0.496287,False,20D,1,-0.0141,-0.0141
5,ROC20,1D,-0.0102,-1.3226,0.18676,0.363379,False,20D,-1,0.0166,-0.0166
5,ROC20,3D,-0.0162,-1.5342,0.125811,0.297855,False,20D,-1,0.0258,-0.0258
5,ROC20,5D,-0.0173,-1.4015,0.161881,0.339555,False,20D,-1,0.0214,-0.0214
5,ROC20,10D,-0.0279,-1.8103,0.071049,0.242793,False,20D,-1,0.0054,-0.0054
5,ROC20,20D,-0.0378,-1.8553,0.064328,0.232876,False,20D,-1,-0.0162,0.0162
5,MAX_RATIO_20,1D,0.0016,0.2249,0.822195,0.932833,False,20D,-1,-0.016,0.016
5,MAX_RATIO_20,3D,-0.0054,-0.5187,0.604259,0.795225,False,20D,-1,-0.0257,0.0257
5,MAX_RATIO_20,5D,-0.0059,-0.4797,0.631752,0.804781,False,20D,-1,-0.0189,0.0189
5,MAX_RATIO_20,10D,-0.0012,-0.0764,0.939168,1.0,False,20D,-1,-0.0127,0.0127
5,MAX_RATIO_20,20D,-0.0076,-0.3369,0.736359,0.867491,False,20D,-1,-0.0008,0.0008
5,MIN_RATIO_20,1D,0.015,2.2587,0.024473,0.156318,False,1D,1,-0.0083,-0.0083
5,MIN_RATIO_20,3D,0.0133,1.4862,0.138064,0.31691,False,1D,1,-0.0148,-0.0148
5,MIN_RATIO_20,5D,0.0106,1.0087,0.31376,0.527019,False,1D,1,-0.0224,-0.0224
5,MIN_RATIO_20,10D,0.0205,1.4676,0.143048,0.319737,False,1D,1,-0.0231,-0.0231
5,MIN_RATIO_20,20D,0.0391,2.0078,0.045375,0.213473,False,1D,1,-0.0007,-0.0007
5,MA_RATIO_20,1D,0.011,1.4843,0.138556,0.31691,False,20D,1,-0.0139,-0.0139
5,MA_RATIO_20,3D,0.01,0.9865,0.324516,0.537624,False,20D,1,-0.0241,-0.0241
5,MA_RATIO_20,5D,0.0075,0.6363,0.524954,0.716604,False,20D,1,-0.0237,-0.0237
5,MA_RATIO_20,10D,0.0171,1.1138,0.266089,0.467231,False,20D,1,-0.0228,-0.0228
5,MA_RATIO_20,20D,0.0316,1.6624,0.097272,0.274461,False,20D,1,-0.0014,-0.0014
5,ROC30,1D,-0.0129,-1.6005,0.110322,0.292294,False,20D,-1,0.0087,-0.0087
5,ROC30,3D,-0.0194,-1.7295,0.084545,0.262815,False,20D,-1,0.0086,-0.0086
5,ROC30,5D,-0.0207,-1.5836,0.114125,0.292294,False,20D,-1,-0.004,0.004
5,ROC30,10D,-0.0291,-1.806,0.071713,0.242808,False,20D,-1,-0.0161,0.0161
5,ROC30,20D,-0.0445,-1.8944,0.058936,0.227635,False,20D,-1,-0.0212,0.0212
5,MAX_RATIO_30,1D,-0.0001,-0.0103,0.991804,1.0,False,20D,-1,-0.018,0.018
5,MAX_RATIO_30,3D,-0.0038,-0.3478,0.72821,0.860248,False,20D,-1,-0.0231,0.0231
5,MAX_RATIO_30,5D,-0.0049,-0.3641,0.715995,0.855378,False,20D,-1,-0.0143,0.0143
5,MAX_RATIO_30,10D,-0.0023,-0.1312,0.895721,0.982551,False,20D,-1,-0.007,0.007
5,MAX_RATIO_30,20D,-0.007,-0.2892,0.772618,0.897907,False,20D,-1,0.014,-0.014
5,MIN_RATIO_30,1D,0.0146,2.09,0.03729,0.195545,False,1D,1,-0.0047,-0.0047
5,MIN_RATIO_30,3D,0.0167,1.7622,0.078853,0.254938,False,1D,1,-0.0107,-0.0107
5,MIN_RATIO_30,5D,0.0153,1.369,0.171804,0.344026,False,1D,1,-0.012,-0.012
5,MIN_RATIO_30,10D,0.027,1.7477,0.081326,0.259038,False,1D,1,-0.0085,-0.0085
5,MIN_RATIO_30,20D,0.0446,2.045,0.041545,0.203004,False,1D,1,0.0071,0.0071
5,MA_RATIO_30,1D,0.0125,1.5863,0.1135,0.292294,False,20D,1,-0.0132,-0.0132
5,MA_RATIO_30,3D,0.0151,1.4079,0.159987,0.337228,False,20D,1,-0.0198,-0.0198
5,MA_RATIO_30,5D,0.0144,1.1531,0.249599,0.445343,False,20D,1,-0.0137,-0.0137
5,MA_RATIO_30,10D,0.0247,1.5541,0.120996,0.292294,False,20D,1,-0.0078,-0.0078
5,MA_RATIO_30,20D,0.0391,1.8639,0.063119,0.231976,False,20D,1,0.0116,0.0116
5,ROC60,1D,-0.004,-0.4694,0.639087,0.804946,False,20D,-1,0.0249,-0.0249
5,ROC60,3D,-0.0076,-0.6269,0.531082,0.720395,False,20D,-1,0.0261,-0.0261
5,ROC60,5D,-0.0116,-0.8305,0.406793,0.616259,False,20D,-1,0.0094,-0.0094
5,ROC60,10D,-0.0167,-0.8974,0.370091,0.5808,False,20D,-1,0.0039,-0.0039
5,ROC60,20D,-0.0287,-1.1726,0.241682,0.433014,False,20D,-1,0.0051,-0.0051
5,MAX_RATIO_60,1D,0.0001,0.0063,0.994961,1.0,False,20D,1,-0.0281,-0.0281
5,MAX_RATIO_60,3D,-0.0007,-0.058,0.953766,1.0,False,20D,1,-0.0356,-0.0356
5,MAX_RATIO_60,5D,-0.0007,-0.052,0.958577,1.0,False,20D,1,-0.0263,-0.0263
5,MAX_RATIO_60,10D,0.0052,0.2851,0.775711,0.899072,False,20D,1,-0.0173,-0.0173
5,MAX_RATIO_60,20D,0.0013,0.0523,0.958355,1.0,False,20D,1,-0.0018,-0.0018
5,MIN_RATIO_60,1D,0.0156,2.0481,0.041247,0.203004,False,20D,1,-0.0089,-0.0089
5,MIN_RATIO_60,3D,0.0194,1.9301,0.05434,0.223395,False,20D,1,-0.0108,-0.0108
5,MIN_RATIO_60,5D,0.0194,1.6698,0.095787,0.274461,False,20D,1,-0.0071,-0.0071
5,MIN_RATIO_60,10D,0.0259,1.5702,0.117202,0.292294,False,20D,1,-0.0072,-0.0072
5,MIN_RATIO_60,20D,0.0411,1.7735,0.076957,0.253824,False,20D,1,0.0034,0.0034
5,MA_RATIO_60,1D,0.0135,1.5721,0.116773,0.292294,False,20D,1,-0.0204,-0.0204
5,MA_RATIO_60,3D,0.0194,1.6521,0.099337,0.274461,False,20D,1,-0.0248,-0.0248
5,MA_RATIO_60,5D,0.0211,1.5638,0.118709,0.292294,False,20D,1,-0.0126,-0.0126
5,MA_RATIO_60,10D,0.0325,1.8859,0.060072,0.227635,False,20D,1,-0.0079,-0.0079
5,MA_RATIO_60,20D,0.0433,1.8097,0.071144,0.242793,False,20D,1,-0.0038,-0.0038
5,ROC120,1D,-0.0033,-0.3888,0.697658,0.83971,False,20D,-1,0.0333,-0.0333
5,ROC120,3D,-0.0085,-0.6922,0.489241,0.68975,False,20D,-1,0.0411,-0.0411
5,ROC120,5D,-0.0114,-0.7417,0.458751,0.664185,False,20D,-1,0.0319,-0.0319
5,ROC120,10D,-0.02,-0.8791,0.379881,0.58548,False,20D,-1,0.0364,-0.0364
5,ROC120,20D,-0.0312,-0.9832,0.326157,0.537624,False,20D,-1,0.0501,-0.0501
5,MAX_RATIO_120,1D,-0.0054,-0.6135,0.539944,0.730113,False,20D,-1,-0.0378,0.0378
5,MAX_RATIO_120,3D,-0.0036,-0.2761,0.782624,0.902221,False,20D,-1,-0.0503,0.0503
5,MAX_RATIO_120,5D,-0.0032,-0.1986,0.842718,0.941218,False,20D,-1,-0.0395,0.0395
5,MAX_RATIO_120,10D,0.0019,0.0847,0.932551,1.0,False,20D,-1,-0.0353,0.0353
5,MAX_RATIO_120,20D,-0.0004,-0.012,0.990432,1.0,False,20D,-1,-0.0352,0.0352
5,MIN_RATIO_120,1D,0.0186,2.3125,0.021289,0.151071,False,3D,1,-0.0127,-0.0127
5,MIN_RATIO_120,3D,0.0253,2.3111,0.021366,0.151071,True,3D,1,-0.0162,-0.0162
5,MIN_RATIO_120,5D,0.0255,1.9877,0.047564,0.213473,False,3D,1,-0.0102,-0.0102
5,MIN_RATIO_120,10D,0.0303,1.6204,0.105981,0.283055,False,3D,1,-0.0141,-0.0141
5,MIN_RATIO_120,20D,0.0447,1.6934,0.091207,0.268647,False,3D,1,-0.012,-0.012
5,MA_RATIO_120,1D,0.0093,1.0207,0.308037,0.52148,False,20D,1,-0.031,-0.031
5,MA_RATIO_120,3D,0.0164,1.27,0.204878,0.389812,False,20D,1,-0.0379,-0.0379
5,MA_RATIO_120,5D,0.0194,1.2566,0.209679,0.390312,False,20D,1,-0.0245,-0.0245
5,MA_RATIO_120,10D,0.0303,1.4098,0.159436,0.337228,False,20D,1,-0.0209,-0.0209
5,MA_RATIO_120,20D,0.0428,1.4524,0.147214,0.319737,False,20D,1,-0.0221,-0.0221
5,ROC250,1D,-0.0005,-0.0663,0.947146,1.0,False,20D,1,0.0348,0.0348
5,ROC250,3D,0.0012,0.1073,0.914584,0.993109,False,20D,1,0.0462,0.0462
5,ROC250,5D,0.0037,0.2647,0.791388,0.907458,False,20D,1,0.0454,0.0454
5,ROC250,10D,0.0051,0.2494,0.803156,0.918503,False,20D,1,0.0595,0.0595
5,ROC250,20D,0.0036,0.1204,0.904263,0.987319,False,20D,1,0.0906,0.0906
5,MAX_RATIO_250,1D,-0.0097,-1.1373,0.256143,0.45513,False,20D,-1,-0.0478,0.0478
5,MAX_RATIO_250,3D,-0.01,-0.7722,0.44048,0.646438,False,20D,-1,-0.0629,0.0629
5,MAX_RATIO_250,5D,-0.0107,-0.6469,0.518097,0.713487,False,20D,-1,-0.0579,0.0579
5,MAX_RATIO_250,10D,-0.0084,-0.3537,0.723767,0.859723,False,20D,-1,-0.0647,0.0647
5,MAX_RATIO_250,20D,-0.0137,-0.4215,0.673661,0.822971,False,20D,-1,-0.0787,0.0787
5,MIN_RATIO_250,1D,0.0206,2.7748,0.005799,0.085985,False,5D,1,-0.0138,-0.0138
5,MIN_RATIO_250,3D,0.0265,2.6095,0.009429,0.096873,False,5D,1,-0.0223,-0.0223
5,MIN_RATIO_250,5D,0.0273,2.2,0.028412,0.16886,True,5D,1,-0.0198,-0.0198
5,MIN_RATIO_250,10D,0.0301,1.5911,0.112422,0.292294,False,5D,1,-0.0333,-0.0333
5,MIN_RATIO_250,20D,0.0437,1.5685,0.117594,0.292294,False,5D,1,-0.0552,-0.0552
5,MA_RATIO_250,1D,0.0049,0.5645,0.572755,0.758925,False,20D,1,-0.0387,-0.0387
5,MA_RATIO_250,3D,0.0096,0.7679,0.443024,0.64796,False,20D,1,-0.0512,-0.0512
5,MA_RATIO_250,5D,0.0111,0.7322,0.464518,0.668036,False,20D,1,-0.0465,-0.0465
5,MA_RATIO_250,10D,0.0175,0.8046,0.421581,0.623463,False,20D,1,-0.057,-0.057
5,MA_RATIO_250,20D,0.0264,0.8853,0.376564,0.582455,False,20D,1,-0.085,-0.085
5,STD5,1D,-0.0149,-2.2927,0.022418,0.153012,False,1D,-1,-0.0255,0.0255
5,STD5,3D,-0.0196,-2.0503,0.041027,0.203004,False,1D,-1,-0.0397,0.0397
5,STD5,5D,-0.0194,-1.646,0.100601,0.275531,False,1D,-1,-0.0394,0.0394
5,STD5,10D,-0.0196,-1.3452,0.179375,0.353813,False,1D,-1,-0.0345,0.0345
5,STD5,20D,-0.0348,-1.621,0.105862,0.283055,False,1D,-1,-0.0428,0.0428
5,STD10,1D,-0.0209,-2.8436,0.004703,0.080892,False,3D,-1,-0.0326,0.0326
5,STD10,3D,-0.0262,-2.5087,0.012538,0.117203,True,3D,-1,-0.0439,0.0439
5,STD10,5D,-0.024,-1.9104,0.056846,0.227635,False,3D,-1,-0.0408,0.0408
5,STD10,10D,-0.0223,-1.3193,0.18788,0.363912,False,3D,-1,-0.0401,0.0401
5,STD10,20D,-0.0413,-1.5595,0.119718,0.292294,False,3D,-1,-0.0463,0.0463
5,STD20,1D,-0.0247,-3.1385,0.001832,0.054037,False,3D,-1,-0.0383,0.0383
5,STD20,3D,-0.0305,-2.7207,0.006817,0.086847,False,3D,-1,-0.0517,0.0517
5,STD20,5D,-0.0289,-2.0961,0.036743,0.195545,False,3D,-1,-0.047,0.047
5,STD20,10D,-0.0277,-1.3955,0.163695,0.341693,False,3D,-1,-0.0386,0.0386
5,STD20,20D,-0.0479,-1.5809,0.114734,0.292294,False,3D,-1,-0.0494,0.0494
5,STD30,1D,-0.027,-3.3156,0.001003,0.039208,False,3D,-1,-0.0406,0.0406
5,STD30,3D,-0.0329,-2.7927,0.005493,0.084357,False,3D,-1,-0.0543,0.0543
5,STD30,5D,-0.0318,-2.1467,0.032458,0.186093,False,3D,-1,-0.0518,0.0518
5,STD30,10D,-0.0304,-1.3896,0.165469,0.342599,False,3D,-1,-0.0435,0.0435
5,STD30,20D,-0.0543,-1.7222,0.085848,0.262815,False,3D,-1,-0.055,0.055
5,STD60,1D,-0.0289,-3.3492,0.000892,0.038356,False,5D,-1,-0.0404,0.0404
5,STD60,3D,-0.035,-2.8119,0.005182,0.083547,False,5D,-1,-0.0559,0.0559
5,STD60,5D,-0.036,-2.2979,0.022116,0.153012,False,5D,-1,-0.0533,0.0533
5,STD60,10D,-0.0384,-1.657,0.098359,0.274461,False,5D,-1,-0.0454,0.0454
5,STD60,20D,-0.0621,-1.8832,0.060441,0.227635,False,5D,-1,-0.0511,0.0511
5,STD120,1D,-0.0327,-3.6795,0.000268,0.023048,False,5D,-1,-0.0414,0.0414
5,STD120,3D,-0.0401,-3.1023,0.002065,0.055497,False,5D,-1,-0.0573,0.0573
5,STD120,5D,-0.0432,-2.6555,0.008255,0.093034,True,5D,-1,-0.0547,0.0547
5,STD120,10D,-0.0464,-1.8989,0.058338,0.227635,False,5D,-1,-0.0449,0.0449
5,STD120,20D,-0.0671,-1.989,0.047429,0.213473,False,5D,-1,-0.0443,0.0443
5,STD250,1D,-0.0351,-3.8483,0.00014,0.01505,False,20D,-1,-0.0361,0.0361
5,STD250,3D,-0.0434,-3.166,0.001671,0.054037,False,20D,-1,-0.0498,0.0498
5,STD250,5D,-0.047,-2.6901,0.007461,0.089118,False,20D,-1,-0.046,0.046
5,STD250,10D,-0.051,-1.9809,0.048328,0.21407,False,20D,-1,-0.0333,0.0333
5,STD250,20D,-0.0762,-2.0949,0.036842,0.195545,True,20D,-1,-0.0286,0.0286
5,ATR_RATIO_5,1D,-0.0242,-3.1381,0.001834,0.054037,False,3D,-1,-0.0315,0.0315
5,ATR_RATIO_5,3D,-0.0293,-2.5571,0.010946,0.106972,False,3D,-1,-0.0394,0.0394
5,ATR_RATIO_5,5D,-0.0272,-1.9284,0.05455,0.223395,False,3D,-1,-0.0375,0.0375
5,ATR_RATIO_5,10D,-0.0263,-1.3782,0.168955,0.343361,False,3D,-1,-0.0262,0.0262
5,ATR_RATIO_5,20D,-0.0521,-1.8382,0.066827,0.237484,False,3D,-1,-0.0291,0.0291
5,ATR_RATIO_20,1D,-0.0287,-3.3493,0.000892,0.038356,False,3D,-1,-0.0382,0.0382
5,ATR_RATIO_20,3D,-0.0358,-2.8941,0.004024,0.078651,True,3D,-1,-0.0507,0.0507
5,ATR_RATIO_20,5D,-0.0347,-2.2644,0.024116,0.156318,False,3D,-1,-0.0446,0.0446
5,ATR_RATIO_20,10D,-0.0339,-1.5189,0.129636,0.302954,False,3D,-1,-0.0321,0.0321
5,ATR_RATIO_20,20D,-0.0539,-1.6576,0.098232,0.274461,False,3D,-1,-0.0378,0.0378
5,ATR_RATIO_60,1D,-0.0286,-3.13,0.001885,0.054037,False,5D,-1,-0.0403,0.0403
5,ATR_RATIO_60,3D,-0.0349,-2.6315,0.00885,0.095137,False,5D,-1,-0.0537,0.0537
5,ATR_RATIO_60,5D,-0.0373,-2.2555,0.024677,0.156318,False,5D,-1,-0.0478,0.0478
5,ATR_RATIO_60,10D,-0.0393,-1.6395,0.101948,0.277453,False,5D,-1,-0.0364,0.0364
5,ATR_RATIO_60,20D,-0.0603,-1.796,0.073291,0.246212,False,5D,-1,-0.0382,0.0382
5,ROC_STD_20,1D,-0.0048,-0.6512,0.515291,0.713487,False,20D,-1,0.0148,-0.0148
5,ROC_STD_20,3D,-0.0046,-0.4699,0.638671,0.804946,False,20D,-1,0.0189,-0.0189
5,ROC_STD_20,5D,-0.0024,-0.2096,0.834125,0.938982,False,20D,-1,0.0123,-0.0123
5,ROC_STD_20,10D,-0.0086,-0.5867,0.557726,0.744789,False,20D,-1,-0.0061,0.0061
5,ROC_STD_20,20D,-0.0175,-0.86,0.390339,0.599449,False,20D,-1,-0.019,0.019
5,ROC_STD_60,1D,-0.0037,-0.4678,0.640213,0.804946,False,20D,-1,0.0258,-0.0258
5,ROC_STD_60,3D,-0.0055,-0.4955,0.620563,0.800037,False,20D,-1,0.0287,-0.0287
5,ROC_STD_60,5D,-0.0072,-0.5712,0.56823,0.756467,False,20D,-1,0.0149,-0.0149
5,ROC_STD_60,10D,-0.0078,-0.4588,0.646621,0.810633,False,20D,-1,0.0085,-0.0085
5,ROC_STD_60,20D,-0.0095,-0.4073,0.684038,0.832608,False,20D,-1,0.0149,-0.0149
5,ROC_STD_120,1D,-0.0023,-0.2808,0.778998,0.900455,False,20D,-1,0.0315,-0.0315
5,ROC_STD_120,3D,-0.0047,-0.3992,0.689973,0.835742,False,20D,-1,0.0388,-0.0388
5,ROC_STD_120,5D,-0.0056,-0.3868,0.699107,0.83971,False,20D,-1,0.0316,-0.0316
5,ROC_STD_120,10D,-0.0102,-0.4785,0.632595,0.804781,False,20D,-1,0.0388,-0.0388
5,ROC_STD_120,20D,-0.017,-0.589,0.556229,0.744789,False,20D,-1,0.0588,-0.0588
5,ROC_STD_250,1D,-0.0036,-0.4988,0.618246,0.800037,False,20D,1,0.0395,0.0395
5,ROC_STD_250,3D,-0.0022,-0.2067,0.836349,0.938982,False,20D,1,0.0534,0.0534
5,ROC_STD_250,5D,0.0004,0.0305,0.975649,1.0,False,20D,1,0.053,0.053
5,ROC_STD_250,10D,0.0026,0.1346,0.893019,0.982093,False,20D,1,0.068,0.068
5,ROC_STD_250,20D,0.0007,0.0245,0.980439,1.0,False,20D,1,0.0993,0.0993
5,MOM_ACC_20_60,1D,-0.0116,-1.3835,0.167316,0.342599,False,20D,-1,0.0188,-0.0188
5,MOM_ACC_20_60,3D,-0.0234,-2.0214,0.04394,0.212294,False,20D,-1,0.0119,-0.0119
5,MOM_ACC_20_60,5D,-0.0279,-2.0673,0.039384,0.201331,False,20D,-1,-0.0047,0.0047
5,MOM_ACC_20_60,10D,-0.0354,-1.9406,0.053047,0.221458,False,20D,-1,-0.0112,0.0112
5,MOM_ACC_20_60,20D,-0.0374,-1.4485,0.148296,0.319737,False,20D,-1,-0.0106,0.0106
5,MOM_ACC_60_120,1D,-0.0008,-0.0932,0.9258,1.0,False,20D,-1,0.0278,-0.0278
5,MOM_ACC_60_120,3D,-0.0074,-0.628,0.530369,0.720395,False,20D,-1,0.0347,-0.0347
5,MOM_ACC_60_120,5D,-0.0103,-0.7178,0.473298,0.673978,False,20D,-1,0.0264,-0.0264
5,MOM_ACC_60_120,10D,-0.0171,-0.8154,0.415384,0.618045,False,20D,-1,0.0268,-0.0268
5,MOM_ACC_60_120,20D,-0.0293,-1.0673,0.286514,0.492804,False,20D,-1,0.039,-0.039
5,VMA_RATIO_5,1D,-0.0019,-0.4337,0.664748,0.81733,False,10D,-1,-0.0071,0.0071
5,VMA_RATIO_5,3D,-0.0088,-1.777,0.076371,0.253824,False,10D,-1,-0.0216,0.0216
5,VMA_RATIO_5,5D,-0.0101,-2.0838,0.037855,0.196116,False,10D,-1,-0.019,0.019
5,VMA_RATIO_5,10D,-0.0107,-2.1965,0.028667,0.16886,False,10D,-1,-0.009,0.009
5,VMA_RATIO_5,20D,-0.0076,-1.6933,0.091215,0.268647,False,10D,-1,-0.0133,0.0133
5,VSTD_5,1D,0.0087,2.2187,0.027101,0.164133,False,3D,1,-0.0013,-0.0013
5,VSTD_5,3D,0.0132,2.7224,0.006782,0.086847,False,3D,1,0.0012,0.0012
5,VSTD_5,5D,0.0125,2.151,0.032115,0.186093,False,3D,1,-0.0076,-0.0076
5,VSTD_5,10D,0.0117,1.716,0.086976,0.263378,False,3D,1,-0.0128,-0.0128
5,VSTD_5,20D,0.004,0.4788,0.632349,0.804781,False,3D,1,-0.0154,-0.0154
5,VMA_RATIO_10,1D,-0.0025,-0.5632,0.573606,0.758925,False,10D,-1,-0.0103,0.0103
5,VMA_RATIO_10,3D,-0.012,-2.2695,0.023805,0.156318,False,10D,-1,-0.0211,0.0211
5,VMA_RATIO_10,5D,-0.0139,-2.3758,0.018008,0.138276,False,10D,-1,-0.0141,0.0141
5,VMA_RATIO_10,10D,-0.0174,-2.4771,0.013683,0.125185,False,10D,-1,-0.0125,0.0125
5,VMA_RATIO_10,20D,-0.0093,-1.3863,0.166471,0.342599,False,10D,-1,-0.015,0.015
5,VSTD_10,1D,0.002,0.4942,0.621424,0.800037,False,20D,-1,-0.01,0.01
5,VSTD_10,3D,0.0043,0.7327,0.464172,0.668036,False,20D,-1,-0.017,0.017
5,VSTD_10,5D,0.0088,1.2294,0.219672,0.398561,False,20D,-1,-0.0155,0.0155
5,VSTD_10,10D,0.0068,0.8274,0.408551,0.616259,False,20D,-1,-0.0154,0.0154
5,VSTD_10,20D,-0.0011,-0.1199,0.90466,0.987319,False,20D,-1,-0.031,0.031
5,VMA_RATIO_20,1D,-0.0037,-0.804,0.421925,0.623463,False,10D,-1,-0.0085,0.0085
5,VMA_RATIO_20,3D,-0.0138,-2.3891,0.017381,0.136482,False,10D,-1,-0.0199,0.0199
5,VMA_RATIO_20,5D,-0.0172,-2.7552,0.00615,0.086847,False,10D,-1,-0.0169,0.0169
5,VMA_RATIO_20,10D,-0.0185,-2.2208,0.026959,0.164133,False,10D,-1,-0.0152,0.0152
5,VMA_RATIO_20,20D,-0.0047,-0.518,0.604741,0.795225,False,10D,-1,-0.0083,0.0083
5,VSTD_20,1D,-0.0016,-0.4054,0.685449,0.832608,False,20D,-1,-0.0111,0.0111
5,VSTD_20,3D,-0.0044,-0.7552,0.450628,0.654629,False,20D,-1,-0.0161,0.0161
5,VSTD_20,5D,-0.0045,-0.6452,0.519183,0.713487,False,20D,-1,-0.0225,0.0225
5,VSTD_20,10D,-0.0038,-0.433,0.665269,0.81733,False,20D,-1,-0.0346,0.0346
5,VSTD_20,20D,-0.0086,-0.8245,0.410202,0.616259,False,20D,-1,-0.0532,0.0532
5,VMA_RATIO_60,1D,0.0023,0.442,0.658722,0.816751,False,20D,1,-0.001,-0.001
5,VMA_RATIO_60,3D,-0.002,-0.3065,0.75942,0.890589,False,20D,1,-0.0088,-0.0088
5,VMA_RATIO_60,5D,-0.0046,-0.6072,0.544115,0.733447,False,20D,1,-0.0016,-0.0016
5,VMA_RATIO_60,10D,-0.002,-0.2029,0.839308,0.93985,False,20D,1,0.0097,0.0097
5,VMA_RATIO_60,20D,0.0114,0.8998,0.368794,0.5808,False,20D,1,0.0244,0.0244
5,VSTD_60,1D,0.0067,1.384,0.167169,0.342599,False,20D,1,-0.0158,-0.0158
5,VSTD_60,3D,0.0068,0.9828,0.326325,0.537624,False,20D,1,-0.0253,-0.0253
5,VSTD_60,5D,0.011,1.3255,0.185812,0.363379,False,20D,1,-0.0324,-0.0324
5,VSTD_60,10D,0.0198,1.6549,0.098769,0.274461,False,20D,1,-0.0432,-0.0432
5,VSTD_60,20D,0.0231,1.2614,0.207943,0.390312,False,20D,1,-0.0583,-0.0583
5,CORR_PV_5,1D,-0.004,-0.8895,0.374284,0.581624,False,20D,-1,-0.0064,0.0064
5,CORR_PV_5,3D,-0.0095,-1.5241,0.128327,0.301533,False,20D,-1,-0.0065,0.0065
5,CORR_PV_5,5D,-0.0113,-1.5401,0.124383,0.297855,False,20D,-1,-0.011,0.011
5,CORR_PV_5,10D,-0.0116,-1.4505,0.147751,0.319737,False,20D,-1,-0.0148,0.0148
5,CORR_PV_5,20D,-0.0204,-1.9925,0.047034,0.213473,False,20D,-1,-0.027,0.027
5,WVMA_5,1D,-0.0124,-2.1197,0.034685,0.195545,False,1D,-1,-0.0225,0.0225
5,WVMA_5,3D,-0.0164,-1.8653,0.062919,0.231976,False,1D,-1,-0.0332,0.0332
5,WVMA_5,5D,-0.0152,-1.3693,0.171709,0.344026,False,1D,-1,-0.0375,0.0375
5,WVMA_5,10D,-0.0131,-0.9575,0.338918,0.547875,False,1D,-1,-0.0312,0.0312
5,WVMA_5,20D,-0.0299,-1.5604,0.119502,0.292294,False,1D,-1,-0.0326,0.0326
5,CORR_PV_10,1D,-0.0119,-2.3913,0.017279,0.136482,False,3D,-1,-0.0137,0.0137
5,CORR_PV_10,3D,-0.0169,-2.3099,0.021431,0.151071,False,3D,-1,-0.0122,0.0122
5,CORR_PV_10,5D,-0.0166,-1.919,0.055738,0.226107,False,3D,-1,-0.0124,0.0124
5,CORR_PV_10,10D,-0.0209,-1.8898,0.059549,0.227635,False,3D,-1,-0.0188,0.0188
5,CORR_PV_10,20D,-0.0279,-1.9768,0.048788,0.21407,False,3D,-1,-0.0319,0.0319
5,WVMA_10,1D,-0.0178,-2.7054,0.007133,0.087634,False,3D,-1,-0.0297,0.0297
5,WVMA_10,3D,-0.0197,-2.0981,0.03656,0.195545,False,3D,-1,-0.0378,0.0378
5,WVMA_10,5D,-0.0171,-1.5381,0.124869,0.297855,False,3D,-1,-0.0337,0.0337
5,WVMA_10,10D,-0.0184,-1.2754,0.202968,0.389626,False,3D,-1,-0.0322,0.0322
5,WVMA_10,20D,-0.0397,-1.8237,0.068992,0.242793,False,3D,-1,-0.038,0.038
5,CORR_PV_20,1D,-0.0096,-1.7364,0.08331,0.262805,False,20D,-1,-0.0124,0.0124
5,CORR_PV_20,3D,-0.0152,-1.9467,0.052314,0.220539,False,20D,-1,-0.0165,0.0165
5,CORR_PV_20,5D,-0.0157,-1.651,0.099572,0.274461,False,20D,-1,-0.0201,0.0201
5,CORR_PV_20,10D,-0.0193,-1.4644,0.143906,0.319737,False,20D,-1,-0.0234,0.0234
5,CORR_PV_20,20D,-0.0306,-1.813,0.070625,0.242793,False,20D,-1,-0.0453,0.0453
5,WVMA_20,1D,-0.0238,-3.3732,0.00082,0.038356,False,3D,-1,-0.0329,0.0329
5,WVMA_20,3D,-0.03,-2.9959,0.002917,0.060036,False,3D,-1,-0.0448,0.0448
5,WVMA_20,5D,-0.0283,-2.3626,0.018657,0.140746,False,3D,-1,-0.0433,0.0433
5,WVMA_20,10D,-0.0279,-1.734,0.083731,0.262805,False,3D,-1,-0.0393,0.0393
5,WVMA_20,20D,-0.0476,-1.88,0.060879,0.227635,False,3D,-1,-0.0483,0.0483
5,TURNOVER_SURGE_5,1D,0.0036,0.8273,0.408613,0.616259,False,10D,1,0.0071,0.0071
5,TURNOVER_SURGE_5,3D,0.0115,2.2398,0.025687,0.160078,False,10D,1,0.0238,0.0238
5,TURNOVER_SURGE_5,5D,0.0128,2.6479,0.008438,0.093034,False,10D,1,0.02,0.02
5,TURNOVER_SURGE_5,10D,0.013,2.8079,0.005246,0.083547,False,10D,1,0.0098,0.0098
5,TURNOVER_SURGE_5,20D,0.0082,2.002,0.045998,0.213473,False,10D,1,0.0142,0.0142
5,TURNOVER_SURGE_20,1D,0.0057,1.234,0.217982,0.398561,False,10D,1,0.0102,0.0102
5,TURNOVER_SURGE_20,3D,0.0152,2.6083,0.009462,0.096873,False,10D,1,0.0229,0.0229
5,TURNOVER_SURGE_20,5D,0.0188,3.0647,0.002336,0.058122,False,10D,1,0.0192,0.0192
5,TURNOVER_SURGE_20,10D,0.0194,2.396,0.017062,0.136482,False,10D,1,0.0182,0.0182
5,TURNOVER_SURGE_20,20D,0.0034,0.4214,0.673688,0.822971,False,10D,1,0.0128,0.0128
5,TURNOVER_STD_20,1D,-0.0255,-4.1188,4.7e-05,0.01505,False,20D,-1,-0.0231,0.0231
5,TURNOVER_STD_20,3D,-0.0352,-3.9209,0.000105,0.01505,False,20D,-1,-0.0298,0.0298
5,TURNOVER_STD_20,5D,-0.0379,-3.3591,0.000862,0.038356,False,20D,-1,-0.0316,0.0316
5,TURNOVER_STD_20,10D,-0.0449,-2.7292,0.006647,0.086847,False,20D,-1,-0.0316,0.0316
5,TURNOVER_STD_20,20D,-0.0692,-2.871,0.004322,0.080803,True,20D,-1,-0.0503,0.0503
5,AMOUNT_RATIO_5_20,1D,0.0024,0.4883,0.625601,0.80301,False,20D,-1,0.0067,-0.0067
5,AMOUNT_RATIO_5_20,3D,0.0116,1.6523,0.099298,0.274461,False,20D,-1,0.0116,-0.0116
5,AMOUNT_RATIO_5_20,5D,0.0146,1.7091,0.088259,0.265394,False,20D,-1,0.0098,-0.0098
5,AMOUNT_RATIO_5_20,10D,0.0145,1.2666,0.206092,0.390312,False,20D,-1,0.0158,-0.0158
5,AMOUNT_RATIO_5_20,20D,-0.0044,-0.395,0.6931,0.837171,False,20D,-1,-0.0004,0.0004
5,LIMIT_UP_SPACE,1D,0.0035,0.7006,0.483969,0.684561,False,20D,-1,-0.0143,0.0143
5,LIMIT_UP_SPACE,3D,-0.0046,-0.6775,0.498525,0.69826,False,20D,-1,-0.0316,0.0316
5,LIMIT_UP_SPACE,5D,-0.0067,-0.8888,0.374674,0.581624,False,20D,-1,-0.0371,0.0371
5,LIMIT_UP_SPACE,10D,-0.0133,-1.3247,0.186083,0.363379,False,20D,-1,-0.0343,0.0343
5,LIMIT_UP_SPACE,20D,-0.0143,-1.1195,0.263634,0.466513,False,20D,-1,-0.0357,0.0357
5,IS_LIMIT_UP_LAG1,1D,0.0018,1.6638,0.096992,0.274461,False,20D,-1,-0.0005,0.0005
5,IS_LIMIT_UP_LAG1,3D,0.0017,1.5559,0.120581,0.292294,False,20D,-1,0.0006,-0.0006
5,IS_LIMIT_UP_LAG1,5D,0.0012,0.8434,0.399522,0.611368,False,20D,-1,0.0012,-0.0012
5,IS_LIMIT_UP_LAG1,10D,0.001,0.7643,0.445183,0.648911,False,20D,-1,0.0016,-0.0016
5,IS_LIMIT_UP_LAG1,20D,-0.0021,-0.9698,0.332746,0.539927,False,20D,-1,-0.0006,0.0006
5,IS_LIMIT_DOWN_LAG1,1D,0.0003,0.3639,0.71613,0.855378,False,20D,-1,0.0001,-0.0001
5,IS_LIMIT_DOWN_LAG1,3D,-0.0014,-1.457,0.145943,0.319737,False,20D,-1,0.0007,-0.0007
5,IS_LIMIT_DOWN_LAG1,5D,-0.0017,-1.5638,0.118713,0.292294,False,20D,-1,0.0008,-0.0008
5,IS_LIMIT_DOWN_LAG1,10D,-0.0007,-1.3534,0.176739,0.351842,False,20D,-1,0.0012,-0.0012
5,IS_LIMIT_DOWN_LAG1,20D,-0.0002,-0.2401,0.810357,0.92428,False,20D,-1,0.0012,-0.0012
5,UPPER_SHADOW_RATIO,1D,0.0009,0.2076,0.835636,0.938982,False,20D,-1,-0.0081,0.0081
5,UPPER_SHADOW_RATIO,3D,-0.0052,-1.2317,0.218819,0.398561,False,20D,-1,0.0021,-0.0021
5,UPPER_SHADOW_RATIO,5D,-0.0051,-1.2576,0.209305,0.390312,False,20D,-1,0.0002,-0.0002
5,UPPER_SHADOW_RATIO,10D,-0.0063,-1.4614,0.144748,0.319737,False,20D,-1,0.0012,-0.0012
5,UPPER_SHADOW_RATIO,20D,-0.008,-1.9475,0.052212,0.220539,False,20D,-1,0.0075,-0.0075
5,LOWER_SHADOW_RATIO,1D,-0.007,-1.7204,0.086179,0.262815,False,20D,-1,0.0063,-0.0063
5,LOWER_SHADOW_RATIO,3D,-0.0001,-0.0173,0.986177,1.0,False,20D,-1,0.006,-0.006
5,LOWER_SHADOW_RATIO,5D,0.0016,0.35,0.726512,0.860248,False,20D,-1,0.0116,-0.0116
5,LOWER_SHADOW_RATIO,10D,0.0004,0.0778,0.938044,1.0,False,20D,-1,0.014,-0.014
5,LOWER_SHADOW_RATIO,20D,-0.0013,-0.2131,0.831379,0.938982,False,20D,-1,0.0139,-0.0139
5,ENTITY_RATIO,1D,0.0037,0.9312,0.352324,0.565296,False,20D,1,-0.0005,-0.0005
5,ENTITY_RATIO,3D,0.0041,0.9772,0.329078,0.538321,False,20D,1,-0.0039,-0.0039
5,ENTITY_RATIO,5D,0.0031,0.7786,0.436705,0.643093,False,20D,1,-0.0057,-0.0057
5,ENTITY_RATIO,10D,0.005,1.2444,0.214113,0.396847,False,20D,1,-0.0119,-0.0119
5,ENTITY_RATIO,20D,0.0093,1.9869,0.047659,0.213473,False,20D,1,-0.0168,-0.0168
5,INTRADAY_CLOSE_LOC,1D,-0.0161,-2.9943,0.002932,0.060036,False,1D,-1,0.0105,-0.0105
5,INTRADAY_CLOSE_LOC,3D,-0.004,-0.7178,0.473352,0.673978,False,1D,-1,0.0196,-0.0196
5,INTRADAY_CLOSE_LOC,5D,-0.0014,-0.272,0.785763,0.903417,False,1D,-1,0.0269,-0.0269
5,INTRADAY_CLOSE_LOC,10D,0.0027,0.4982,0.618601,0.800037,False,1D,-1,0.0176,-0.0176
5,INTRADAY_CLOSE_LOC,20D,0.0004,0.0664,0.947102,1.0,False,1D,-1,0.0153,-0.0153
5,LOG_CIRC_MV,1D,-0.0025,-0.293,0.769693,0.896932,False,20D,-1,0.0228,-0.0228
5,LOG_CIRC_MV,3D,-0.0108,-0.8225,0.411317,0.616259,False,20D,-1,0.0277,-0.0277
5,LOG_CIRC_MV,5D,-0.0145,-0.8188,0.413423,0.617264,False,20D,-1,0.0142,-0.0142
5,LOG_CIRC_MV,10D,-0.0241,-0.8892,0.374455,0.581624,False,20D,-1,0.0015,-0.0015
5,LOG_CIRC_MV,20D,-0.0419,-1.0806,0.28058,0.48649,False,20D,-1,-0.0096,0.0096
5,EFFICIENCY_RATIO_10,1D,-0.0005,-0.0953,0.924124,1.0,False,10D,1,-0.0132,-0.0132
5,EFFICIENCY_RATIO_10,3D,0.0087,1.3771,0.169285,0.343361,False,10D,1,-0.0077,-0.0077
5,EFFICIENCY_RATIO_10,5D,0.0113,1.6206,0.105948,0.283055,False,10D,1,-0.0032,-0.0032
5,EFFICIENCY_RATIO_10,10D,0.0173,2.428,0.015651,0.136482,False,10D,1,0.0131,0.0131
5,EFFICIENCY_RATIO_10,20D,0.0177,1.8995,0.058258,0.227635,False,10D,1,0.0165,0.0165
5,AMIHUD_20,1D,0.0,0.0,1.0,1.0,False,20D,1,0.0,0.0
5,AMIHUD_20,3D,0.0,0.0,1.0,1.0,False,20D,1,0.0,0.0
5,AMIHUD_20,5D,0.0,0.0,1.0,1.0,False,20D,1,0.0,0.0
5,AMIHUD_20,10D,0.0,0.0,1.0,1.0,False,20D,1,0.0,0.0
5,AMIHUD_20,20D,0.0,0.0,1.0,1.0,False,20D,1,0.0,0.0
5,AMIHUD_20_LN,1D,0.0,0.0,1.0,1.0,False,20D,1,0.0,0.0
5,AMIHUD_20_LN,3D,0.0,0.0,1.0,1.0,False,20D,1,0.0,0.0
5,AMIHUD_20_LN,5D,0.0,0.0,1.0,1.0,False,20D,1,0.0,0.0
5,AMIHUD_20_LN,10D,0.0,0.0,1.0,1.0,False,20D,1,0.0,0.0
5,AMIHUD_20_LN,20D,0.0,0.0,1.0,1.0,False,20D,1,0.0,0.0
5,ALPHA_RESIDUAL_MOMENTUM_20,1D,-0.0114,-1.5037,0.133503,0.310304,False,20D,-1,0.0156,-0.0156
5,ALPHA_RESIDUAL_MOMENTUM_20,3D,-0.0176,-1.6997,0.090014,0.268647,False,20D,-1,0.0249,-0.0249
5,ALPHA_RESIDUAL_MOMENTUM_20,5D,-0.0189,-1.5645,0.118544,0.292294,False,20D,-1,0.0205,-0.0205
5,ALPHA_RESIDUAL_MOMENTUM_20,10D,-0.0299,-1.9714,0.049405,0.214587,False,20D,-1,0.0056,-0.0056
5,ALPHA_RESIDUAL_MOMENTUM_20,20D,-0.0415,-2.063,0.039798,0.201331,False,20D,-1,-0.0153,0.0153
5,ALPHA_TURNOVER_SURPRISE_5_20,1D,0.0043,0.9479,0.343788,0.553666,False,5D,1,0.0045,0.0045
5,ALPHA_TURNOVER_SURPRISE_5_20,3D,0.0147,2.2548,0.02472,0.156318,False,5D,1,0.01,0.01
5,ALPHA_TURNOVER_SURPRISE_5_20,5D,0.0171,2.1117,0.035368,0.195545,False,5D,1,0.0087,0.0087
5,ALPHA_TURNOVER_SURPRISE_5_20,10D,0.0167,1.5695,0.117371,0.292294,False,5D,1,0.0165,0.0165
5,ALPHA_TURNOVER_SURPRISE_5_20,20D,-0.0019,-0.1937,0.846531,0.943027,False,5D,1,0.0037,0.0037
5,ALPHA_QUALITY_X_MOMENTUM,1D,-0.0078,-1.1135,0.266213,0.467231,False,20D,-1,0.0119,-0.0119
5,ALPHA_QUALITY_X_MOMENTUM,3D,-0.0106,-1.0964,0.273599,0.476306,False,20D,-1,0.02,-0.02
5,ALPHA_QUALITY_X_MOMENTUM,5D,-0.0118,-1.0403,0.298854,0.509949,False,20D,-1,0.0167,-0.0167
5,ALPHA_QUALITY_X_MOMENTUM,10D,-0.02,-1.4104,0.159252,0.337228,False,20D,-1,0.003,-0.003
5,ALPHA_QUALITY_X_MOMENTUM,20D,-0.0255,-1.4281,0.154086,0.329637,False,20D,-1,-0.0151,0.0151
5,ALPHA_LIQUIDITY_X_VOL,1D,0.0,0.0,1.0,1.0,False,20D,1,0.0,0.0
5,ALPHA_LIQUIDITY_X_VOL,3D,0.0,0.0,1.0,1.0,False,20D,1,0.0,0.0
5,ALPHA_LIQUIDITY_X_VOL,5D,0.0,0.0,1.0,1.0,False,20D,1,0.0,0.0
5,ALPHA_LIQUIDITY_X_VOL,10D,0.0,0.0,1.0,1.0,False,20D,1,0.0,0.0
5,ALPHA_LIQUIDITY_X_VOL,20D,0.0,0.0,1.0,1.0,False,20D,1,0.0,0.0
5,ALPHA_SHORT_REVERSAL_5,1D,0.0126,2.0074,0.045416,0.213473,False,20D,1,-0.0156,-0.0156
5,ALPHA_SHORT_REVERSAL_5,3D,0.0029,0.3544,0.723249,0.859723,False,20D,1,-0.0259,-0.0259
5,ALPHA_SHORT_REVERSAL_5,5D,-0.0042,-0.4415,0.659099,0.816751,False,20D,1,-0.0192,-0.0192
5,ALPHA_SHORT_REVERSAL_5,10D,0.0022,0.2296,0.818527,0.931129,False,20D,1,-0.0224,-0.0224
5,ALPHA_SHORT_REVERSAL_5,20D,0.0103,0.9831,0.326169,0.537624,False,20D,1,-0.015,-0.015
5,ALPHA_IDIO_VOL_PENALTY,1D,0.0232,3.0309,0.002606,0.058978,False,3D,1,0.0379,0.0379
5,ALPHA_IDIO_VOL_PENALTY,3D,0.0282,2.593,0.009884,0.09884,False,3D,1,0.051,0.051
5,ALPHA_IDIO_VOL_PENALTY,5D,0.0262,1.9512,0.051771,0.220539,False,3D,1,0.0465,0.0465
5,ALPHA_IDIO_VOL_PENALTY,10D,0.0252,1.3155,0.189158,0.364744,False,3D,1,0.0381,0.0381
5,ALPHA_IDIO_VOL_PENALTY,20D,0.043,1.4766,0.140605,0.319737,False,3D,1,0.0492,0.0492
5,ALPHA_MONEY_FLOW_DIV_10,1D,-0.0086,-1.8545,0.064447,0.232876,False,20D,-1,-0.0189,0.0189
5,ALPHA_MONEY_FLOW_DIV_10,3D,-0.0096,-1.3684,0.172013,0.344026,False,20D,-1,-0.0312,0.0312
5,ALPHA_MONEY_FLOW_DIV_10,5D,-0.0112,-1.2593,0.208696,0.390312,False,20D,-1,-0.0323,0.0323
5,ALPHA_MONEY_FLOW_DIV_10,10D,-0.0116,-0.9001,0.368659,0.5808,False,20D,-1,-0.0396,0.0396
5,ALPHA_MONEY_FLOW_DIV_10,20D,-0.013,-0.7198,0.472091,0.673978,False,20D,-1,-0.0486,0.0486
6,KMID,1D,-0.015,-2.3707,0.018255,0.074516,False,1D,-1,-0.0176,0.0176
6,KMID,3D,-0.0037,-0.5155,0.606507,0.86072,False,1D,-1,0.0037,-0.0037
6,KMID,5D,-0.0002,-0.0272,0.978332,1.0,False,1D,-1,-0.0026,0.0026
6,KMID,10D,-0.0001,-0.0086,0.99317,1.0,False,1D,-1,-0.0103,0.0103
6,KMID,20D,-0.0008,-0.0932,0.92582,1.0,False,1D,-1,-0.0126,0.0126
6,KLEN,1D,-0.0224,-3.504,0.000513,0.005656,False,20D,-1,-0.0175,0.0175
6,KLEN,3D,-0.0333,-3.9274,0.000102,0.001687,False,20D,-1,-0.0228,0.0228
6,KLEN,5D,-0.0324,-2.9737,0.003131,0.025314,False,20D,-1,-0.0138,0.0138
6,KLEN,10D,-0.0374,-2.4026,0.016761,0.070659,False,20D,-1,-0.0288,0.0288
6,KLEN,20D,-0.0561,-2.6889,0.007487,0.042361,False,20D,-1,-0.0319,0.0319
6,KMID2,1D,-0.01,-1.6619,0.097367,0.274155,False,20D,1,-0.0149,-0.0149
6,KMID2,3D,-0.0031,-0.449,0.653702,0.886725,False,20D,1,0.0063,0.0063
6,KMID2,5D,0.0015,0.2376,0.812325,0.970277,False,20D,1,0.0045,0.0045
6,KMID2,10D,0.0013,0.1929,0.847166,0.985944,False,20D,1,-0.003,-0.003
6,KMID2,20D,0.0005,0.0643,0.948797,1.0,False,20D,1,-0.0039,-0.0039
6,KUP,1D,-0.0083,-1.5377,0.124971,0.32372,False,20D,-1,-0.0049,0.0049
6,KUP,3D,-0.0155,-2.6294,0.008905,0.045418,False,20D,-1,-0.0093,0.0093
6,KUP,5D,-0.0142,-2.0078,0.045375,0.158628,False,20D,-1,-0.0023,0.0023
6,KUP,10D,-0.0203,-2.3124,0.021294,0.084004,False,20D,-1,-0.0071,0.0071
6,KUP,20D,-0.0334,-2.91,0.003829,0.028885,True,20D,-1,-0.0073,0.0073
6,KLOW,1D,-0.0221,-4.3825,1.5e-05,0.00043,False,20D,-1,0.0037,-0.0037
6,KLOW,3D,-0.0188,-3.2184,0.001401,0.013387,False,20D,-1,0.0013,-0.0013
6,KLOW,5D,-0.0152,-2.3167,0.021055,0.08383,False,20D,-1,-0.0002,0.0002
6,KLOW,10D,-0.0161,-2.0209,0.043997,0.155071,False,20D,-1,-0.0061,0.0061
6,KLOW,20D,-0.0279,-2.6503,0.00838,0.044264,True,20D,-1,-0.012,0.012
6,KSFT,1D,-0.0153,-2.3791,0.017854,0.074516,False,1D,-1,-0.0125,0.0125
6,KSFT,3D,-0.0001,-0.0203,0.983851,1.0,False,1D,-1,0.004,-0.004
6,KSFT,5D,0.0024,0.3684,0.712792,0.925142,False,1D,-1,-0.003,0.003
6,KSFT,10D,0.0051,0.7864,0.432127,0.71155,False,1D,-1,-0.014,0.014
6,KSFT,20D,0.0067,0.8112,0.417739,0.704163,False,1D,-1,-0.0182,0.0182
6,ROC5,1D,-0.002,-0.2877,0.773735,0.956492,False,20D,-1,-0.005,0.005
6,ROC5,3D,0.0076,0.849,0.396434,0.691914,False,20D,-1,-0.0162,0.0162
6,ROC5,5D,0.0117,1.0789,0.281323,0.577633,False,20D,-1,-0.0264,0.0264
6,ROC5,10D,0.006,0.472,0.637221,0.875415,False,20D,-1,-0.0183,0.0183
6,ROC5,20D,-0.0018,-0.1166,0.907217,1.0,False,20D,-1,-0.0247,0.0247
6,MAX_RATIO_5,1D,-0.0041,-0.6198,0.53575,0.808325,False,5D,-1,-0.0014,0.0014
6,MAX_RATIO_5,3D,-0.0203,-2.3715,0.018217,0.074516,False,5D,-1,-0.0169,0.0169
6,MAX_RATIO_5,5D,-0.0238,-2.483,0.013462,0.060933,True,5D,-1,-0.0079,0.0079
6,MAX_RATIO_5,10D,-0.0213,-1.8542,0.064487,0.208492,False,5D,-1,-0.0121,0.0121
6,MAX_RATIO_5,20D,-0.0255,-1.6199,0.106086,0.292417,False,5D,-1,-0.0038,0.0038
6,MIN_RATIO_5,1D,0.0105,1.6502,0.099729,0.278464,False,20D,1,0.0122,0.0122
6,MIN_RATIO_5,3D,0.0039,0.5194,0.603756,0.859653,False,20D,1,0.0082,0.0082
6,MIN_RATIO_5,5D,0.0007,0.0971,0.922689,1.0,False,20D,1,0.0194,0.0194
6,MIN_RATIO_5,10D,0.0062,0.714,0.475684,0.752,False,20D,1,0.0237,0.0237
6,MIN_RATIO_5,20D,0.0184,1.7096,0.088154,0.259632,False,20D,1,0.0319,0.0319
6,MA_RATIO_5,1D,0.006,0.8664,0.386828,0.680023,False,20D,-1,0.0025,-0.0025
6,MA_RATIO_5,3D,-0.0078,-0.8813,0.378712,0.675269,False,20D,-1,0.001,-0.001
6,MA_RATIO_5,5D,-0.0117,-1.2611,0.208051,0.484288,False,20D,-1,0.0164,-0.0164
6,MA_RATIO_5,10D,-0.0071,-0.6938,0.488249,0.760897,False,20D,-1,0.0151,-0.0151
6,MA_RATIO_5,20D,-0.0019,-0.1449,0.884829,1.0,False,20D,-1,0.0209,-0.0209
6,ROC10,1D,-0.0036,-0.4927,0.622512,0.874772,False,20D,-1,-0.0072,0.0072
6,ROC10,3D,-0.0015,-0.1469,0.883285,1.0,False,20D,-1,-0.0125,0.0125
6,ROC10,5D,-0.0002,-0.0139,0.988891,1.0,False,20D,-1,-0.0166,0.0166
6,ROC10,10D,-0.0088,-0.5407,0.589014,0.84992,False,20D,-1,-0.0129,0.0129
6,ROC10,20D,-0.0131,-0.6956,0.487091,0.760897,False,20D,-1,-0.026,0.026
6,MAX_RATIO_10,1D,-0.0125,-1.7321,0.084075,0.249326,False,5D,-1,-0.009,0.009
6,MAX_RATIO_10,3D,-0.0228,-2.3684,0.018369,0.074516,False,5D,-1,-0.0217,0.0217
6,MAX_RATIO_10,5D,-0.0229,-1.9996,0.046258,0.160411,True,5D,-1,-0.0109,0.0109
6,MAX_RATIO_10,10D,-0.0167,-1.0819,0.279987,0.577633,False,5D,-1,-0.0112,0.0112
6,MAX_RATIO_10,20D,-0.025,-1.2341,0.217939,0.49323,False,5D,-1,0.001,-0.001
6,MIN_RATIO_10,1D,0.0108,1.6723,0.095296,0.271373,False,20D,1,0.0139,0.0139
6,MIN_RATIO_10,3D,0.0083,0.9998,0.31806,0.607111,False,20D,1,0.0163,0.0163
6,MIN_RATIO_10,5D,0.0074,0.7689,0.442428,0.717902,False,20D,1,0.0223,0.0223
6,MIN_RATIO_10,10D,0.0167,1.3834,0.167349,0.406554,False,20D,1,0.0206,0.0206
6,MIN_RATIO_10,20D,0.0272,1.8918,0.05929,0.194616,False,20D,1,0.0344,0.0344
6,MA_RATIO_10,1D,0.0013,0.1731,0.862657,0.997157,False,20D,1,0.0088,0.0088
6,MA_RATIO_10,3D,-0.0075,-0.7761,0.43816,0.71367,False,20D,1,0.0144,0.0144
6,MA_RATIO_10,5D,-0.0092,-0.8124,0.417074,0.704163,False,20D,1,0.0241,0.0241
6,MA_RATIO_10,10D,-0.0033,-0.2264,0.820984,0.977903,False,20D,1,0.0175,0.0175
6,MA_RATIO_10,20D,0.0036,0.2107,0.833227,0.98161,False,20D,1,0.026,0.026
6,ROC20,1D,-0.0066,-0.8058,0.42086,0.704163,False,20D,-1,-0.01,0.01
6,ROC20,3D,-0.0095,-0.8426,0.399963,0.693484,False,20D,-1,-0.0187,0.0187
6,ROC20,5D,-0.0105,-0.7812,0.435204,0.71155,False,20D,-1,-0.0267,0.0267
6,ROC20,10D,-0.0176,-1.0349,0.30138,0.596981,False,20D,-1,-0.0298,0.0298
6,ROC20,20D,-0.0221,-1.0407,0.298684,0.594602,False,20D,-1,-0.0084,0.0084
6,MAX_RATIO_20,1D,-0.0051,-0.6832,0.494891,0.765479,False,20D,-1,-0.0071,0.0071
6,MAX_RATIO_20,3D,-0.0127,-1.202,0.23012,0.504855,False,20D,-1,-0.0046,0.0046
6,MAX_RATIO_20,5D,-0.0128,-0.9674,0.333971,0.624381,False,20D,-1,0.0034,-0.0034
6,MAX_RATIO_20,10D,-0.0121,-0.6936,0.48839,0.760897,False,20D,-1,0.0045,-0.0045
6,MAX_RATIO_20,20D,-0.0247,-1.0705,0.285061,0.577633,False,20D,-1,0.0104,-0.0104
6,MIN_RATIO_20,1D,0.0134,1.978,0.048655,0.164737,False,20D,1,0.0118,0.0118
6,MIN_RATIO_20,3D,0.0161,1.8185,0.069787,0.222285,False,20D,1,0.0193,0.0193
6,MIN_RATIO_20,5D,0.0158,1.4999,0.134469,0.34214,False,20D,1,0.0285,0.0285
6,MIN_RATIO_20,10D,0.0247,1.7747,0.076747,0.234051,False,20D,1,0.0341,0.0341
6,MIN_RATIO_20,20D,0.0358,2.1023,0.03619,0.131879,True,20D,1,0.0341,0.0341
6,MA_RATIO_20,1D,0.0038,0.4866,0.626827,0.87505,False,20D,1,0.0072,0.0072
6,MA_RATIO_20,3D,0.0035,0.3313,0.74061,0.944992,False,20D,1,0.0148,0.0148
6,MA_RATIO_20,5D,0.0037,0.2872,0.774091,0.956492,False,20D,1,0.0218,0.0218
6,MA_RATIO_20,10D,0.0113,0.6687,0.50409,0.772303,False,20D,1,0.0172,0.0172
6,MA_RATIO_20,20D,0.0154,0.7358,0.462302,0.741753,False,20D,1,0.0189,0.0189
6,ROC30,1D,-0.0023,-0.2631,0.792649,0.966255,False,20D,-1,-0.0036,0.0036
6,ROC30,3D,-0.0085,-0.7316,0.464851,0.74307,False,20D,-1,-0.0092,0.0092
6,ROC30,5D,-0.0104,-0.7591,0.448269,0.724645,False,20D,-1,-0.0035,0.0035
6,ROC30,10D,-0.0165,-0.9561,0.339643,0.629511,False,20D,-1,0.0081,-0.0081
6,ROC30,20D,-0.0287,-1.1947,0.232972,0.508518,False,20D,-1,-0.0001,0.0001
6,MAX_RATIO_30,1D,-0.0086,-1.0756,0.282801,0.577633,False,20D,-1,-0.0023,0.0023
6,MAX_RATIO_30,3D,-0.0135,-1.2185,0.223789,0.503818,False,20D,-1,0.0047,-0.0047
6,MAX_RATIO_30,5D,-0.0131,-0.9562,0.339579,0.629511,False,20D,-1,0.0127,-0.0127
6,MAX_RATIO_30,10D,-0.0134,-0.725,0.468919,0.744041,False,20D,-1,0.0073,-0.0073
6,MAX_RATIO_30,20D,-0.0212,-0.8652,0.387455,0.680023,False,20D,-1,0.0104,-0.0104
6,MIN_RATIO_30,1D,0.0126,1.7956,0.073363,0.228919,False,20D,1,0.0158,0.0158
6,MIN_RATIO_30,3D,0.0175,1.8848,0.060225,0.196188,False,20D,1,0.0272,0.0272
6,MIN_RATIO_30,5D,0.0173,1.552,0.121497,0.318559,False,20D,1,0.0325,0.0325
6,MIN_RATIO_30,10D,0.0271,1.7558,0.079929,0.240346,False,20D,1,0.0282,0.0282
6,MIN_RATIO_30,20D,0.04,2.0511,0.040949,0.146734,True,20D,1,0.0233,0.0233
6,MA_RATIO_30,1D,0.0046,0.5614,0.574871,0.837948,False,20D,1,0.008,0.008
6,MA_RATIO_30,3D,0.0065,0.5823,0.560717,0.822895,False,20D,1,0.0189,0.0189
6,MA_RATIO_30,5D,0.0072,0.5321,0.594971,0.852792,False,20D,1,0.0242,0.0242
6,MA_RATIO_30,10D,0.0152,0.8822,0.378226,0.675269,False,20D,1,0.0157,0.0157
6,MA_RATIO_30,20D,0.022,0.9905,0.32258,0.608375,False,20D,1,0.0101,0.0101
6,ROC60,1D,0.0029,0.316,0.752165,0.946238,False,20D,-1,-0.0023,0.0023
6,ROC60,3D,-0.0,-0.0022,0.998224,1.0,False,20D,-1,-0.0209,0.0209
6,ROC60,5D,-0.0041,-0.2619,0.793543,0.966255,False,20D,-1,-0.0201,0.0201
6,ROC60,10D,-0.0098,-0.4809,0.630862,0.87505,False,20D,-1,-0.0231,0.0231
6,ROC60,20D,-0.0147,-0.6112,0.541463,0.811251,False,20D,-1,-0.0274,0.0274
6,MAX_RATIO_60,1D,-0.01,-1.1141,0.265948,0.560577,False,20D,-1,-0.0061,0.0061
6,MAX_RATIO_60,3D,-0.013,-1.06,0.289815,0.57963,False,20D,-1,0.0056,-0.0056
6,MAX_RATIO_60,5D,-0.0133,-0.8982,0.369627,0.675269,False,20D,-1,0.013,-0.013
6,MAX_RATIO_60,10D,-0.012,-0.5994,0.549258,0.811618,False,20D,-1,0.0122,-0.0122
6,MAX_RATIO_60,20D,-0.0162,-0.6522,0.514653,0.784755,False,20D,-1,0.0171,-0.0171
6,MIN_RATIO_60,1D,0.0113,1.4751,0.141013,0.352533,False,20D,1,0.0075,0.0075
6,MIN_RATIO_60,3D,0.0167,1.6261,0.104761,0.290627,False,20D,1,0.018,0.018
6,MIN_RATIO_60,5D,0.0178,1.4409,0.150431,0.36753,False,20D,1,0.0226,0.0226
6,MIN_RATIO_60,10D,0.0253,1.4657,0.143574,0.35686,False,20D,1,0.026,0.026
6,MIN_RATIO_60,20D,0.0365,1.5894,0.112818,0.301315,False,20D,1,0.0348,0.0348
6,MA_RATIO_60,1D,0.0039,0.4259,0.670419,0.89528,False,20D,1,0.0007,0.0007
6,MA_RATIO_60,3D,0.0077,0.6146,0.539174,0.810646,False,20D,1,0.0138,0.0138
6,MA_RATIO_60,5D,0.0089,0.6004,0.54858,0.811618,False,20D,1,0.0169,0.0169
6,MA_RATIO_60,10D,0.017,0.871,0.384316,0.680023,False,20D,1,0.0165,0.0165
6,MA_RATIO_60,20D,0.0222,0.8843,0.377074,0.675269,False,20D,1,0.0204,0.0204
6,ROC120,1D,0.0059,0.648,0.517393,0.786145,False,20D,-1,0.0036,-0.0036
6,ROC120,3D,0.0028,0.2182,0.827373,0.980084,False,20D,-1,-0.0104,0.0104
6,ROC120,5D,0.0017,0.1045,0.916809,1.0,False,20D,-1,-0.0122,0.0122
6,ROC120,10D,-0.0015,-0.0656,0.947705,1.0,False,20D,-1,-0.0318,0.0318
6,ROC120,20D,-0.0078,-0.2555,0.798483,0.966255,False,20D,-1,-0.0556,0.0556
6,MAX_RATIO_120,1D,-0.0162,-1.6897,0.091915,0.26349,False,20D,-1,-0.0067,0.0067
6,MAX_RATIO_120,3D,-0.0195,-1.4605,0.144985,0.358296,False,20D,-1,0.0071,-0.0071
6,MAX_RATIO_120,5D,-0.0199,-1.2054,0.228809,0.504855,False,20D,-1,0.0131,-0.0131
6,MAX_RATIO_120,10D,-0.0194,-0.8862,0.376086,0.675269,False,20D,-1,0.02,-0.02
6,MAX_RATIO_120,20D,-0.0278,-1.0778,0.281821,0.577633,False,20D,-1,0.0299,-0.0299
6,MIN_RATIO_120,1D,0.0122,1.4845,0.138501,0.348277,False,20D,1,0.0072,0.0072
6,MIN_RATIO_120,3D,0.0199,1.7361,0.08337,0.248952,False,20D,1,0.0189,0.0189
6,MIN_RATIO_120,5D,0.0216,1.566,0.118198,0.311811,False,20D,1,0.0184,0.0184
6,MIN_RATIO_120,10D,0.0249,1.254,0.210609,0.484288,False,20D,1,0.0251,0.0251
6,MIN_RATIO_120,20D,0.0326,1.1863,0.236246,0.511413,False,20D,1,0.0397,0.0397
6,MA_RATIO_120,1D,-0.0006,-0.0589,0.953043,1.0,False,20D,1,0.0005,0.0005
6,MA_RATIO_120,3D,0.0034,0.2534,0.800092,0.966255,False,20D,1,0.0165,0.0165
6,MA_RATIO_120,5D,0.0059,0.3577,0.72075,0.925142,False,20D,1,0.0171,0.0171
6,MA_RATIO_120,10D,0.0134,0.5938,0.553028,0.814391,False,20D,1,0.0239,0.0239
6,MA_RATIO_120,20D,0.0174,0.6029,0.546952,0.811618,False,20D,1,0.0337,0.0337
6,ROC250,1D,0.0054,0.6687,0.50409,0.772303,False,20D,1,0.0064,0.0064
6,ROC250,3D,0.0047,0.3854,0.700122,0.92065,False,20D,1,-0.0086,-0.0086
6,ROC250,5D,0.0046,0.2908,0.77136,0.956492,False,20D,1,-0.0118,-0.0118
6,ROC250,10D,0.0028,0.1229,0.902284,1.0,False,20D,1,-0.033,-0.033
6,ROC250,20D,0.0009,0.0297,0.976359,1.0,False,20D,1,-0.0695,-0.0695
6,MAX_RATIO_250,1D,-0.0203,-2.1256,0.034188,0.126731,True,1D,-1,-0.0082,0.0082
6,MAX_RATIO_250,3D,-0.0245,-1.7658,0.078241,0.236927,False,1D,-1,0.005,-0.005
6,MAX_RATIO_250,5D,-0.0265,-1.4896,0.137169,0.346957,False,1D,-1,0.0084,-0.0084
6,MAX_RATIO_250,10D,-0.0278,-1.1254,0.261148,0.555909,False,1D,-1,0.0223,-0.0223
6,MAX_RATIO_250,20D,-0.0337,-1.0822,0.279862,0.577633,False,1D,-1,0.0413,-0.0413
6,MIN_RATIO_250,1D,0.0142,1.8474,0.065475,0.210106,False,3D,1,0.0032,0.0032
6,MIN_RATIO_250,3D,0.0213,1.9526,0.051606,0.17202,True,3D,1,0.0158,0.0158
6,MIN_RATIO_250,5D,0.0234,1.704,0.089196,0.260913,False,3D,1,0.0156,0.0156
6,MIN_RATIO_250,10D,0.0255,1.2064,0.228407,0.504855,False,3D,1,0.0301,0.0301
6,MIN_RATIO_250,20D,0.0335,1.0974,0.273171,0.572993,False,3D,1,0.0576,0.0576
6,MA_RATIO_250,1D,-0.0044,-0.461,0.645093,0.880603,False,20D,1,-0.0051,-0.0051
6,MA_RATIO_250,3D,-0.0014,-0.1009,0.919706,1.0,False,20D,1,0.008,0.008
6,MA_RATIO_250,5D,-0.001,-0.06,0.952216,1.0,False,20D,1,0.0082,0.0082
6,MA_RATIO_250,10D,0.0015,0.062,0.950602,1.0,False,20D,1,0.0233,0.0233
6,MA_RATIO_250,20D,0.0015,0.045,0.964152,1.0,False,20D,1,0.0508,0.0508
6,STD5,1D,-0.0222,-3.3361,0.000934,0.009128,False,20D,-1,-0.0208,0.0208
6,STD5,3D,-0.0324,-3.536,0.000457,0.005205,False,20D,-1,-0.0265,0.0265
6,STD5,5D,-0.0344,-2.9689,0.003179,0.025314,False,20D,-1,-0.0297,0.0297
6,STD5,10D,-0.0376,-2.4404,0.015133,0.0664,False,20D,-1,-0.0319,0.0319
6,STD5,20D,-0.058,-2.7912,0.005518,0.034893,True,20D,-1,-0.0339,0.0339
6,STD10,1D,-0.0291,-3.9405,9.7e-05,0.001668,False,20D,-1,-0.0264,0.0264
6,STD10,3D,-0.0399,-3.9,0.000114,0.001797,False,20D,-1,-0.0399,0.0399
6,STD10,5D,-0.0408,-3.1762,0.001615,0.014172,False,20D,-1,-0.0386,0.0386
6,STD10,10D,-0.0483,-2.6693,0.007929,0.043185,False,20D,-1,-0.0406,0.0406
6,STD10,20D,-0.0705,-2.7632,0.006005,0.036267,False,20D,-1,-0.0504,0.0504
6,STD20,1D,-0.0352,-4.4884,1e-05,0.000394,False,20D,-1,-0.0291,0.0291
6,STD20,3D,-0.0503,-4.5791,6e-06,0.000394,False,20D,-1,-0.0405,0.0405
6,STD20,5D,-0.0536,-3.807,0.000164,0.002432,False,20D,-1,-0.041,0.041
6,STD20,10D,-0.0583,-2.8156,0.005124,0.034427,False,20D,-1,-0.0444,0.0444
6,STD20,20D,-0.0799,-2.939,0.003496,0.027221,False,20D,-1,-0.051,0.051
6,STD30,1D,-0.0371,-4.5556,7e-06,0.000394,False,20D,-1,-0.0275,0.0275
6,STD30,3D,-0.0514,-4.4859,1e-05,0.000394,False,20D,-1,-0.0392,0.0392
6,STD30,5D,-0.0546,-3.6885,0.000259,0.003276,False,20D,-1,-0.0392,0.0392
6,STD30,10D,-0.0577,-2.6265,0.008978,0.045418,False,20D,-1,-0.0385,0.0385
6,STD30,20D,-0.0821,-2.8692,0.004347,0.031154,False,20D,-1,-0.0528,0.0528
6,STD60,1D,-0.0371,-4.3263,1.9e-05,0.000478,False,20D,-1,-0.028,0.028
6,STD60,3D,-0.0508,-4.2014,3.3e-05,0.000676,False,20D,-1,-0.0397,0.0397
6,STD60,5D,-0.0553,-3.5453,0.000441,0.005205,False,20D,-1,-0.0388,0.0388
6,STD60,10D,-0.0613,-2.6691,0.007934,0.043185,False,20D,-1,-0.0386,0.0386
6,STD60,20D,-0.0819,-2.7079,0.007079,0.041135,True,20D,-1,-0.0483,0.0483
6,STD120,1D,-0.039,-4.4663,1.1e-05,0.000394,False,20D,-1,-0.0248,0.0248
6,STD120,3D,-0.0538,-4.3207,2e-05,0.000478,False,20D,-1,-0.0317,0.0317
6,STD120,5D,-0.0589,-3.6556,0.000293,0.0036,False,20D,-1,-0.029,0.029
6,STD120,10D,-0.0655,-2.782,0.005675,0.035366,False,20D,-1,-0.0274,0.0274
6,STD120,20D,-0.0826,-2.6996,0.007255,0.041595,False,20D,-1,-0.0335,0.0335
6,STD250,1D,-0.0412,-4.7021,4e-06,0.000394,False,20D,-1,-0.0229,0.0229
6,STD250,3D,-0.0557,-4.3675,1.6e-05,0.00043,False,20D,-1,-0.0302,0.0302
6,STD250,5D,-0.0622,-3.7274,0.000223,0.002906,False,20D,-1,-0.0272,0.0272
6,STD250,10D,-0.0697,-2.899,0.003963,0.029381,False,20D,-1,-0.0259,0.0259
6,STD250,20D,-0.0895,-2.7928,0.005491,0.034893,False,20D,-1,-0.0279,0.0279
6,ATR_RATIO_5,1D,-0.0323,-4.2994,2.2e-05,0.000498,False,20D,-1,-0.0189,0.0189
6,ATR_RATIO_5,3D,-0.0428,-4.0029,7.5e-05,0.001402,False,20D,-1,-0.027,0.027
6,ATR_RATIO_5,5D,-0.0442,-3.2019,0.001481,0.013844,False,20D,-1,-0.0266,0.0266
6,ATR_RATIO_5,10D,-0.0456,-2.2979,0.022115,0.08645,False,20D,-1,-0.0348,0.0348
6,ATR_RATIO_5,20D,-0.0722,-2.6478,0.008441,0.044264,False,20D,-1,-0.0407,0.0407
6,ATR_RATIO_20,1D,-0.0383,-4.5984,6e-06,0.000394,False,20D,-1,-0.0203,0.0203
6,ATR_RATIO_20,3D,-0.0524,-4.3852,1.5e-05,0.00043,False,20D,-1,-0.0263,0.0263
6,ATR_RATIO_20,5D,-0.0549,-3.5341,0.00046,0.005205,False,20D,-1,-0.0212,0.0212
6,ATR_RATIO_20,10D,-0.0579,-2.491,0.013166,0.060227,False,20D,-1,-0.0273,0.0273
6,ATR_RATIO_20,20D,-0.0781,-2.5462,0.011288,0.053932,False,20D,-1,-0.0468,0.0468
6,ATR_RATIO_60,1D,-0.0375,-4.2115,3.2e-05,0.000676,False,20D,-1,-0.023,0.023
6,ATR_RATIO_60,3D,-0.0502,-3.9831,8.2e-05,0.001469,False,20D,-1,-0.03,0.03
6,ATR_RATIO_60,5D,-0.0549,-3.385,0.000787,0.008057,False,20D,-1,-0.0291,0.0291
6,ATR_RATIO_60,10D,-0.0605,-2.5624,0.010782,0.052685,False,20D,-1,-0.0395,0.0395
6,ATR_RATIO_60,20D,-0.0803,-2.6721,0.007864,0.043185,True,20D,-1,-0.0607,0.0607
6,ROC_STD_20,1D,-0.0022,-0.2782,0.781031,0.959401,False,20D,-1,-0.0082,0.0082
6,ROC_STD_20,3D,-0.0011,-0.0995,0.92083,1.0,False,20D,-1,-0.0171,0.0171
6,ROC_STD_20,5D,0.0005,0.0359,0.971372,1.0,False,20D,-1,-0.0274,0.0274
6,ROC_STD_20,10D,-0.0053,-0.3257,0.744856,0.946238,False,20D,-1,-0.0338,0.0338
6,ROC_STD_20,20D,-0.0084,-0.4121,0.680489,0.905914,False,20D,-1,-0.0137,0.0137
6,ROC_STD_60,1D,0.0029,0.3226,0.747179,0.946238,False,20D,-1,-0.0004,0.0004
6,ROC_STD_60,3D,0.0006,0.0458,0.963511,1.0,False,20D,-1,-0.0155,0.0155
6,ROC_STD_60,5D,-0.0013,-0.0907,0.927757,1.0,False,20D,-1,-0.0149,0.0149
6,ROC_STD_60,10D,-0.004,-0.2067,0.836335,0.982579,False,20D,-1,-0.0162,0.0162
6,ROC_STD_60,20D,-0.0036,-0.1397,0.888999,1.0,False,20D,-1,-0.0168,0.0168
6,ROC_STD_120,1D,0.0074,0.8308,0.406601,0.702162,False,20D,1,0.0065,0.0065
6,ROC_STD_120,3D,0.006,0.4752,0.63492,0.87505,False,20D,1,-0.0043,-0.0043
6,ROC_STD_120,5D,0.0067,0.4351,0.663731,0.890794,False,20D,1,-0.0054,-0.0054
6,ROC_STD_120,10D,0.0069,0.3128,0.754628,0.946238,False,20D,1,-0.0223,-0.0223
6,ROC_STD_120,20D,0.0057,0.1913,0.84837,0.985944,False,20D,1,-0.0413,-0.0413
6,ROC_STD_250,1D,0.0058,0.7255,0.46859,0.744041,False,20D,1,0.0072,0.0072
6,ROC_STD_250,3D,0.0063,0.5339,0.593703,0.852792,False,20D,1,-0.0069,-0.0069
6,ROC_STD_250,5D,0.007,0.4613,0.644842,0.880603,False,20D,1,-0.0102,-0.0102
6,ROC_STD_250,10D,0.0069,0.3126,0.75479,0.946238,False,20D,1,-0.0326,-0.0326
6,ROC_STD_250,20D,0.0063,0.1961,0.844667,0.985944,False,20D,1,-0.0646,-0.0646
6,MOM_ACC_20_60,1D,-0.003,-0.3349,0.737904,0.944341,False,20D,-1,0.0035,-0.0035
6,MOM_ACC_20_60,3D,-0.0123,-0.9963,0.319747,0.607111,False,20D,-1,-0.0055,0.0055
6,MOM_ACC_20_60,5D,-0.015,-1.0083,0.313972,0.605417,False,20D,-1,-0.0029,0.0029
6,MOM_ACC_20_60,10D,-0.0207,-1.0232,0.306873,0.599255,False,20D,-1,-0.0047,0.0047
6,MOM_ACC_20_60,20D,-0.0257,-1.0208,0.307989,0.599255,False,20D,-1,-0.0122,0.0122
6,MOM_ACC_60_120,1D,0.0042,0.4808,0.630906,0.87505,False,20D,-1,0.0058,-0.0058
6,MOM_ACC_60_120,3D,-0.0003,-0.0259,0.979377,1.0,False,20D,-1,-0.0065,0.0065
6,MOM_ACC_60_120,5D,-0.0023,-0.1514,0.879748,1.0,False,20D,-1,-0.0086,0.0086
6,MOM_ACC_60_120,10D,-0.0065,-0.3134,0.754127,0.946238,False,20D,-1,-0.0302,0.0302
6,MOM_ACC_60_120,20D,-0.009,-0.3583,0.720295,0.925142,False,20D,-1,-0.0577,0.0577
6,VMA_RATIO_5,1D,-0.0047,-1.0292,0.304044,0.596981,False,5D,-1,-0.0007,0.0007
6,VMA_RATIO_5,3D,-0.012,-2.4062,0.0166,0.070659,False,5D,-1,0.0015,-0.0015
6,VMA_RATIO_5,5D,-0.0124,-2.4154,0.016194,0.069634,False,5D,-1,-0.0049,0.0049
6,VMA_RATIO_5,10D,-0.0101,-1.9835,0.048041,0.164366,False,5D,-1,0.0058,-0.0058
6,VMA_RATIO_5,20D,-0.0116,-2.7613,0.006038,0.036267,False,5D,-1,0.0017,-0.0017
6,VSTD_5,1D,0.0048,1.2064,0.228401,0.504855,False,20D,-1,-0.003,0.003
6,VSTD_5,3D,0.0091,1.7769,0.076388,0.234051,False,20D,-1,0.0003,-0.0003
6,VSTD_5,5D,0.0085,1.3669,0.172482,0.41667,False,20D,-1,-0.0043,0.0043
6,VSTD_5,10D,0.0081,0.9947,0.320498,0.607111,False,20D,-1,-0.0044,0.0044
6,VSTD_5,20D,-0.0008,-0.0916,0.92707,1.0,False,20D,-1,-0.0089,0.0089
6,VMA_RATIO_10,1D,-0.007,-1.5001,0.134427,0.34214,False,10D,-1,-0.0047,0.0047
6,VMA_RATIO_10,3D,-0.0157,-2.8521,0.004583,0.031785,False,10D,-1,-0.0009,0.0009
6,VMA_RATIO_10,5D,-0.0154,-2.504,0.012702,0.058785,False,10D,-1,0.0004,-0.0004
6,VMA_RATIO_10,10D,-0.0181,-2.6082,0.009463,0.046771,False,10D,-1,0.0141,-0.0141
6,VMA_RATIO_10,20D,-0.0146,-2.4486,0.014794,0.065582,False,10D,-1,0.0092,-0.0092
6,VSTD_10,1D,0.0005,0.1104,0.912175,1.0,False,20D,-1,-0.0068,0.0068
6,VSTD_10,3D,0.0022,0.3629,0.716894,0.925142,False,20D,-1,-0.0102,0.0102
6,VSTD_10,5D,0.0078,1.0052,0.315423,0.6055,False,20D,-1,-0.0092,0.0092
6,VSTD_10,10D,0.0063,0.7015,0.48345,0.760897,False,20D,-1,-0.0114,0.0114
6,VSTD_10,20D,-0.0056,-0.5753,0.565465,0.827041,False,20D,-1,-0.0166,0.0166
6,VMA_RATIO_20,1D,-0.0081,-1.661,0.097548,0.274155,False,10D,-1,0.001,-0.001
6,VMA_RATIO_20,3D,-0.018,-2.9345,0.003545,0.027221,False,10D,-1,0.0073,-0.0073
6,VMA_RATIO_20,5D,-0.0199,-3.0235,0.002669,0.022071,False,10D,-1,0.0119,-0.0119
6,VMA_RATIO_20,10D,-0.0203,-2.4755,0.013743,0.061557,False,10D,-1,0.0238,-0.0238
6,VMA_RATIO_20,20D,-0.0105,-1.2962,0.195712,0.464951,False,10D,-1,0.0126,-0.0126
6,VSTD_20,1D,-0.0023,-0.5578,0.577337,0.838699,False,20D,-1,-0.0117,0.0117
6,VSTD_20,3D,-0.003,-0.5076,0.612026,0.865695,False,20D,-1,-0.0157,0.0157
6,VSTD_20,5D,-0.0019,-0.2762,0.782584,0.959401,False,20D,-1,-0.0208,0.0208
6,VSTD_20,10D,-0.0054,-0.627,0.53104,0.804039,False,20D,-1,-0.0199,0.0199
6,VSTD_20,20D,-0.0169,-1.6026,0.109869,0.29713,False,20D,-1,-0.009,0.009
6,VMA_RATIO_60,1D,0.0004,0.0745,0.940643,1.0,False,20D,1,0.0029,0.0029
6,VMA_RATIO_60,3D,-0.0032,-0.4493,0.653506,0.886725,False,20D,1,0.0103,0.0103
6,VMA_RATIO_60,5D,-0.0024,-0.2942,0.768735,0.956492,False,20D,1,0.0132,0.0132
6,VMA_RATIO_60,10D,0.0037,0.367,0.713858,0.925142,False,20D,1,0.0196,0.0196
6,VMA_RATIO_60,20D,0.019,1.593,0.111988,0.300968,False,20D,1,0.0088,0.0088
6,VSTD_60,1D,0.002,0.386,0.699711,0.92065,False,20D,1,-0.0065,-0.0065
6,VSTD_60,3D,0.0006,0.0807,0.935763,1.0,False,20D,1,-0.0077,-0.0077
6,VSTD_60,5D,0.0023,0.2409,0.809785,0.969937,False,20D,1,-0.0071,-0.0071
6,VSTD_60,10D,0.004,0.2754,0.783139,0.959401,False,20D,1,0.0121,0.0121
6,VSTD_60,20D,0.0057,0.2507,0.802216,0.966255,False,20D,1,0.037,0.037
6,CORR_PV_5,1D,-0.006,-1.2775,0.202219,0.47777,False,20D,-1,0.0034,-0.0034
6,CORR_PV_5,3D,-0.006,-0.9782,0.328626,0.617071,False,20D,-1,-0.0011,0.0011
6,CORR_PV_5,5D,-0.0044,-0.607,0.544215,0.811618,False,20D,-1,-0.0053,0.0053
6,CORR_PV_5,10D,-0.0055,-0.6855,0.493424,0.765479,False,20D,-1,-0.0039,0.0039
6,CORR_PV_5,20D,-0.0081,-0.8277,0.408346,0.702355,False,20D,-1,0.002,-0.002
6,WVMA_5,1D,-0.0177,-2.8767,0.004248,0.03096,False,20D,-1,-0.0187,0.0187
6,WVMA_5,3D,-0.0266,-3.1817,0.001586,0.014172,False,20D,-1,-0.0216,0.0216
6,WVMA_5,5D,-0.0291,-2.7566,0.006124,0.036267,False,20D,-1,-0.0279,0.0279
6,WVMA_5,10D,-0.0301,-2.0956,0.036785,0.132921,False,20D,-1,-0.0366,0.0366
6,WVMA_5,20D,-0.0481,-2.5036,0.012714,0.058785,False,20D,-1,-0.0356,0.0356
6,CORR_PV_10,1D,-0.0077,-1.5462,0.122892,0.320264,False,20D,-1,-0.0007,0.0007
6,CORR_PV_10,3D,-0.0057,-0.7838,0.433623,0.71155,False,20D,-1,-0.007,0.007
6,CORR_PV_10,5D,-0.0009,-0.1045,0.916824,1.0,False,20D,-1,-0.0146,0.0146
6,CORR_PV_10,10D,-0.0044,-0.3663,0.714374,0.925142,False,20D,-1,-0.0208,0.0208
6,CORR_PV_10,20D,-0.0069,-0.478,0.632942,0.87505,False,20D,-1,-0.0018,0.0018
6,WVMA_10,1D,-0.0247,-3.7611,0.000196,0.002809,False,20D,-1,-0.0255,0.0255
6,WVMA_10,3D,-0.031,-3.3926,0.000766,0.008034,False,20D,-1,-0.0378,0.0378
6,WVMA_10,5D,-0.0303,-2.6638,0.008057,0.043306,False,20D,-1,-0.0378,0.0378
6,WVMA_10,10D,-0.0363,-2.2912,0.022503,0.087174,False,20D,-1,-0.0382,0.0382
6,WVMA_10,20D,-0.0594,-2.803,0.005324,0.034893,False,20D,-1,-0.0392,0.0392
6,CORR_PV_20,1D,-0.0051,-0.893,0.372403,0.675269,False,20D,-1,-0.009,0.009
6,CORR_PV_20,3D,-0.0036,-0.438,0.661654,0.890794,False,20D,-1,-0.0167,0.0167
6,CORR_PV_20,5D,0.0001,0.0057,0.995481,1.0,False,20D,-1,-0.0146,0.0146
6,CORR_PV_20,10D,-0.0019,-0.1268,0.89918,1.0,False,20D,-1,-0.002,0.002
6,CORR_PV_20,20D,-0.0154,-0.8159,0.415052,0.704163,False,20D,-1,0.0131,-0.0131
6,WVMA_20,1D,-0.0317,-4.5526,7e-06,0.000394,False,20D,-1,-0.0257,0.0257
6,WVMA_20,3D,-0.0451,-4.6488,5e-06,0.000394,False,20D,-1,-0.0349,0.0349
6,WVMA_20,5D,-0.0485,-4.0111,7.3e-05,0.001402,False,20D,-1,-0.0364,0.0364
6,WVMA_20,10D,-0.053,-3.1317,0.001874,0.016116,False,20D,-1,-0.0336,0.0336
6,WVMA_20,20D,-0.0751,-3.4415,0.000643,0.006912,False,20D,-1,-0.0263,0.0263
6,TURNOVER_SURGE_5,1D,0.006,1.3064,0.192215,0.45918,False,3D,1,-0.0008,-0.0008
6,TURNOVER_SURGE_5,3D,0.0146,2.8583,0.004496,0.031693,False,3D,1,-0.0031,-0.0031
6,TURNOVER_SURGE_5,5D,0.0144,2.7935,0.00548,0.034893,False,3D,1,0.0024,0.0024
6,TURNOVER_SURGE_5,10D,0.0116,2.2318,0.026212,0.100635,False,3D,1,-0.0093,-0.0093
6,TURNOVER_SURGE_5,20D,0.0106,2.3599,0.018791,0.075515,False,3D,1,-0.0068,-0.0068
6,TURNOVER_SURGE_20,1D,0.0087,1.7775,0.076285,0.234051,False,10D,1,-0.0017,-0.0017
6,TURNOVER_SURGE_20,3D,0.0187,3.0298,0.002616,0.022056,False,10D,1,-0.0072,-0.0072
6,TURNOVER_SURGE_20,5D,0.021,3.1808,0.00159,0.014172,False,10D,1,-0.0124,-0.0124
6,TURNOVER_SURGE_20,10D,0.0217,2.6312,0.008859,0.045418,True,10D,1,-0.027,-0.027
6,TURNOVER_SURGE_20,20D,0.0089,1.1611,0.246343,0.529637,False,10D,1,-0.0204,-0.0204
6,TURNOVER_STD_20,1D,-0.0299,-4.6238,5e-06,0.000394,False,20D,-1,-0.0192,0.0192
6,TURNOVER_STD_20,3D,-0.0417,-4.4247,1.3e-05,0.00043,False,20D,-1,-0.026,0.026
6,TURNOVER_STD_20,5D,-0.0464,-3.8922,0.000117,0.001797,False,20D,-1,-0.0261,0.0261
6,TURNOVER_STD_20,10D,-0.0566,-3.3575,0.000866,0.00866,False,20D,-1,-0.0248,0.0248
6,TURNOVER_STD_20,20D,-0.0821,-3.7448,0.000209,0.002899,True,20D,-1,-0.0279,0.0279
6,AMOUNT_RATIO_5_20,1D,0.0062,1.2044,0.229172,0.504855,False,3D,1,-0.0066,-0.0066
6,AMOUNT_RATIO_5_20,3D,0.0146,2.0245,0.043623,0.155024,False,3D,1,-0.0141,-0.0141
6,AMOUNT_RATIO_5_20,5D,0.0155,1.6973,0.090459,0.261056,False,3D,1,-0.0251,-0.0251
6,AMOUNT_RATIO_5_20,10D,0.0187,1.6078,0.108708,0.296226,False,3D,1,-0.0299,-0.0299
6,AMOUNT_RATIO_5_20,20D,0.001,0.097,0.922801,1.0,False,3D,1,-0.023,-0.023
6,LIMIT_UP_SPACE,1D,-0.0027,-0.5286,0.597404,0.853434,False,10D,-1,0.0014,-0.0014
6,LIMIT_UP_SPACE,3D,-0.0133,-1.9222,0.055328,0.183008,False,10D,-1,-0.0135,0.0135
6,LIMIT_UP_SPACE,5D,-0.0177,-2.2231,0.026799,0.101084,False,10D,-1,-0.004,0.004
6,LIMIT_UP_SPACE,10D,-0.0213,-1.9824,0.048163,0.164366,True,10D,-1,-0.0055,0.0055
6,LIMIT_UP_SPACE,20D,-0.0218,-1.5782,0.115365,0.306216,False,10D,-1,-0.0037,0.0037
6,IS_LIMIT_UP_LAG1,1D,0.0007,0.8832,0.377715,0.675269,False,20D,-1,0.0021,-0.0021
6,IS_LIMIT_UP_LAG1,3D,0.0011,1.0716,0.284601,0.577633,False,20D,-1,0.0059,-0.0059
6,IS_LIMIT_UP_LAG1,5D,0.0011,0.806,0.420728,0.704163,False,20D,-1,0.0028,-0.0028
6,IS_LIMIT_UP_LAG1,10D,0.0019,1.7007,0.089816,0.260952,False,20D,-1,0.0032,-0.0032
6,IS_LIMIT_UP_LAG1,20D,-0.0025,-1.1852,0.236677,0.511413,False,20D,-1,0.0021,-0.0021
6,IS_LIMIT_DOWN_LAG1,1D,0.0003,0.3902,0.696607,0.92065,False,20D,1,0.0012,0.0012
6,IS_LIMIT_DOWN_LAG1,3D,-0.0011,-1.1506,0.250644,0.536204,False,20D,1,0.0014,0.0014
6,IS_LIMIT_DOWN_LAG1,5D,-0.0015,-1.2641,0.206976,0.484288,False,20D,1,0.001,0.001
6,IS_LIMIT_DOWN_LAG1,10D,-0.0003,-0.3994,0.68985,0.915542,False,20D,1,0.0006,0.0006
6,IS_LIMIT_DOWN_LAG1,20D,0.0002,0.2205,0.825577,0.980084,False,20D,1,0.0001,0.0001
6,UPPER_SHADOW_RATIO,1D,0.0008,0.1917,0.84806,0.985944,False,20D,-1,0.0003,-0.0003
6,UPPER_SHADOW_RATIO,3D,-0.0003,-0.0693,0.944797,1.0,False,20D,-1,0.0049,-0.0049
6,UPPER_SHADOW_RATIO,5D,0.001,0.2567,0.797583,0.966255,False,20D,-1,0.008,-0.008
6,UPPER_SHADOW_RATIO,10D,-0.0035,-0.7855,0.432676,0.71155,False,20D,-1,0.0117,-0.0117
6,UPPER_SHADOW_RATIO,20D,-0.0061,-1.3324,0.183521,0.440861,False,20D,-1,0.0115,-0.0115
6,LOWER_SHADOW_RATIO,1D,-0.0065,-1.4459,0.14903,0.366188,False,20D,1,0.0091,0.0091
6,LOWER_SHADOW_RATIO,3D,0.0006,0.1172,0.906782,1.0,False,20D,1,0.0095,0.0095
6,LOWER_SHADOW_RATIO,5D,0.0023,0.4827,0.629608,0.87505,False,20D,1,0.0051,0.0051
6,LOWER_SHADOW_RATIO,10D,0.0053,1.0675,0.28641,0.577633,False,20D,1,0.008,0.008
6,LOWER_SHADOW_RATIO,20D,0.0051,0.8137,0.416337,0.704163,False,20D,1,0.0047,0.0047
6,ENTITY_RATIO,1D,0.0018,0.4334,0.664988,0.890794,False,20D,1,-0.0055,-0.0055
6,ENTITY_RATIO,3D,0.0004,0.0813,0.935255,1.0,False,20D,1,-0.008,-0.008
6,ENTITY_RATIO,5D,-0.001,-0.2458,0.805978,0.968074,False,20D,1,-0.0081,-0.0081
6,ENTITY_RATIO,10D,-0.0003,-0.0631,0.949727,1.0,False,20D,1,-0.0137,-0.0137
6,ENTITY_RATIO,20D,0.0017,0.2919,0.770527,0.956492,False,20D,1,-0.0143,-0.0143
6,INTRADAY_CLOSE_LOC,1D,-0.0105,-1.7949,0.073467,0.228919,False,20D,1,-0.0097,-0.0097
6,INTRADAY_CLOSE_LOC,3D,-0.001,-0.1584,0.874205,1.0,False,20D,1,0.0051,0.0051
6,INTRADAY_CLOSE_LOC,5D,0.0033,0.5511,0.581859,0.842422,False,20D,1,0.0025,0.0025
6,INTRADAY_CLOSE_LOC,10D,0.0056,0.8472,0.397448,0.691914,False,20D,1,-0.0079,-0.0079
6,INTRADAY_CLOSE_LOC,20D,0.0049,0.6678,0.504691,0.772303,False,20D,1,-0.01,-0.01
6,LOG_CIRC_MV,1D,0.0048,0.4957,0.620396,0.874657,False,20D,-1,0.0115,-0.0115
6,LOG_CIRC_MV,3D,0.0017,0.1186,0.905633,1.0,False,20D,-1,0.0094,-0.0094
6,LOG_CIRC_MV,5D,-0.0041,-0.2132,0.831285,0.98161,False,20D,-1,0.0005,-0.0005
6,LOG_CIRC_MV,10D,-0.0127,-0.4458,0.655975,0.88701,False,20D,-1,-0.0218,0.0218
6,LOG_CIRC_MV,20D,-0.0354,-0.8789,0.380035,0.675269,False,20D,-1,-0.0457,0.0457
6,EFFICIENCY_RATIO_10,1D,-0.0009,-0.1873,0.851556,0.986979,False,10D,1,-0.0055,-0.0055
6,EFFICIENCY_RATIO_10,3D,0.0079,1.2453,0.213784,0.488974,False,10D,1,-0.0089,-0.0089
6,EFFICIENCY_RATIO_10,5D,0.0091,1.2376,0.216628,0.492857,False,10D,1,-0.006,-0.006
6,EFFICIENCY_RATIO_10,10D,0.0197,2.5491,0.011194,0.053932,False,10D,1,-0.0084,-0.0084
6,EFFICIENCY_RATIO_10,20D,0.0196,2.5204,0.012134,0.057336,False,10D,1,-0.0059,-0.0059
6,AMIHUD_20,1D,0.0,0.0,1.0,1.0,False,20D,1,0.0,0.0
6,AMIHUD_20,3D,0.0,0.0,1.0,1.0,False,20D,1,0.0,0.0
6,AMIHUD_20,5D,0.0,0.0,1.0,1.0,False,20D,1,0.0,0.0
6,AMIHUD_20,10D,0.0,0.0,1.0,1.0,False,20D,1,0.0,0.0
6,AMIHUD_20,20D,0.0,0.0,1.0,1.0,False,20D,1,0.0,0.0
6,AMIHUD_20_LN,1D,0.0,0.0,1.0,1.0,False,20D,1,0.0,0.0
6,AMIHUD_20_LN,3D,0.0,0.0,1.0,1.0,False,20D,1,0.0,0.0
6,AMIHUD_20_LN,5D,0.0,0.0,1.0,1.0,False,20D,1,0.0,0.0
6,AMIHUD_20_LN,10D,0.0,0.0,1.0,1.0,False,20D,1,0.0,0.0
6,AMIHUD_20_LN,20D,0.0,0.0,1.0,1.0,False,20D,1,0.0,0.0
6,ALPHA_RESIDUAL_MOMENTUM_20,1D,-0.0083,-1.0307,0.303355,0.596981,False,20D,-1,-0.0087,0.0087
6,ALPHA_RESIDUAL_MOMENTUM_20,3D,-0.0117,-1.0652,0.287473,0.577633,False,20D,-1,-0.0171,0.0171
6,ALPHA_RESIDUAL_MOMENTUM_20,5D,-0.0134,-1.0163,0.31013,0.600702,False,20D,-1,-0.0249,0.0249
6,ALPHA_RESIDUAL_MOMENTUM_20,10D,-0.0208,-1.2547,0.210378,0.484288,False,20D,-1,-0.0277,0.0277
6,ALPHA_RESIDUAL_MOMENTUM_20,20D,-0.0264,-1.257,0.209547,0.484288,False,20D,-1,-0.006,0.006
6,ALPHA_TURNOVER_SURPRISE_5_20,1D,0.0073,1.534,0.125873,0.324104,False,10D,1,-0.0047,-0.0047
6,ALPHA_TURNOVER_SURPRISE_5_20,3D,0.0175,2.6101,0.009414,0.046771,False,10D,1,-0.0101,-0.0101
6,ALPHA_TURNOVER_SURPRISE_5_20,5D,0.0187,2.2107,0.027656,0.103409,False,10D,1,-0.0224,-0.0224
6,ALPHA_TURNOVER_SURPRISE_5_20,10D,0.0226,2.1119,0.035352,0.129926,True,10D,1,-0.0294,-0.0294
6,ALPHA_TURNOVER_SURPRISE_5_20,20D,0.0033,0.3614,0.718038,0.925142,False,10D,1,-0.0197,-0.0197
6,ALPHA_QUALITY_X_MOMENTUM,1D,-0.0065,-0.8793,0.379805,0.675269,False,20D,-1,-0.009,0.009
6,ALPHA_QUALITY_X_MOMENTUM,3D,-0.008,-0.788,0.431164,0.71155,False,20D,-1,-0.0148,0.0148
6,ALPHA_QUALITY_X_MOMENTUM,5D,-0.0092,-0.7518,0.452635,0.728963,False,20D,-1,-0.0232,0.0232
6,ALPHA_QUALITY_X_MOMENTUM,10D,-0.0124,-0.8071,0.420093,0.704163,False,20D,-1,-0.024,0.024
6,ALPHA_QUALITY_X_MOMENTUM,20D,-0.0145,-0.7949,0.427195,0.71155,False,20D,-1,-0.0081,0.0081
6,ALPHA_LIQUIDITY_X_VOL,1D,0.0,0.0,1.0,1.0,False,20D,1,0.0,0.0
6,ALPHA_LIQUIDITY_X_VOL,3D,0.0,0.0,1.0,1.0,False,20D,1,0.0,0.0
6,ALPHA_LIQUIDITY_X_VOL,5D,0.0,0.0,1.0,1.0,False,20D,1,0.0,0.0
6,ALPHA_LIQUIDITY_X_VOL,10D,0.0,0.0,1.0,1.0,False,20D,1,0.0,0.0
6,ALPHA_LIQUIDITY_X_VOL,20D,0.0,0.0,1.0,1.0,False,20D,1,0.0,0.0
6,ALPHA_SHORT_REVERSAL_5,1D,0.0004,0.0717,0.942881,1.0,False,20D,-1,0.0037,-0.0037
6,ALPHA_SHORT_REVERSAL_5,3D,-0.0074,-0.9489,0.343276,0.633514,False,20D,-1,0.0006,-0.0006
6,ALPHA_SHORT_REVERSAL_5,5D,-0.0103,-1.1193,0.263725,0.558629,False,20D,-1,0.0093,-0.0093
6,ALPHA_SHORT_REVERSAL_5,10D,-0.0039,-0.3776,0.705948,0.925142,False,20D,-1,0.0076,-0.0076
6,ALPHA_SHORT_REVERSAL_5,20D,-0.0019,-0.1531,0.878436,1.0,False,20D,-1,0.0181,-0.0181
6,ALPHA_IDIO_VOL_PENALTY,1D,0.034,4.4471,1.1e-05,0.000394,False,20D,1,0.0303,0.0303
6,ALPHA_IDIO_VOL_PENALTY,3D,0.0485,4.5144,9e-06,0.000394,False,20D,1,0.0435,0.0435
6,ALPHA_IDIO_VOL_PENALTY,5D,0.0515,3.73,0.000221,0.002906,False,20D,1,0.0457,0.0457
6,ALPHA_IDIO_VOL_PENALTY,10D,0.0558,2.7548,0.006157,0.036267,False,20D,1,0.0524,0.0524
6,ALPHA_IDIO_VOL_PENALTY,20D,0.0754,2.8431,0.00471,0.032148,False,20D,1,0.06,0.06
6,ALPHA_MONEY_FLOW_DIV_10,1D,-0.012,-2.4321,0.015475,0.067215,False,5D,-1,0.0017,-0.0017
6,ALPHA_MONEY_FLOW_DIV_10,3D,-0.0162,-2.2251,0.026668,0.101084,False,5D,-1,0.0065,-0.0065
6,ALPHA_MONEY_FLOW_DIV_10,5D,-0.0176,-1.9567,0.051117,0.171721,False,5D,-1,0.0124,-0.0124
6,ALPHA_MONEY_FLOW_DIV_10,10D,-0.0219,-1.8032,0.072152,0.228128,False,5D,-1,0.0273,-0.0273
6,ALPHA_MONEY_FLOW_DIV_10,20D,-0.0247,-1.6072,0.108846,0.296226,False,5D,-1,0.0503,-0.0503
7,KMID,1D,-0.0067,-1.1105,0.267506,0.533471,False,20D,1,-0.0252,-0.0252
7,KMID,3D,0.0018,0.2544,0.799336,0.957422,False,20D,1,-0.0323,-0.0323
7,KMID,5D,0.0064,0.9968,0.319481,0.594115,False,20D,1,-0.0228,-0.0228
7,KMID,10D,0.004,0.5861,0.558132,0.799989,False,20D,1,-0.0183,-0.0183
7,KMID,20D,0.0029,0.3873,0.698762,0.889631,False,20D,1,-0.0193,-0.0193
7,KLEN,1D,-0.0227,-3.6481,0.000301,0.003396,False,20D,-1,-0.0186,0.0186
7,KLEN,3D,-0.0318,-4.0117,7.3e-05,0.001121,False,20D,-1,-0.0345,0.0345
7,KLEN,5D,-0.0295,-2.8786,0.004222,0.027507,False,20D,-1,-0.0429,0.0429
7,KLEN,10D,-0.0348,-2.2682,0.023884,0.09971,False,20D,-1,-0.0525,0.0525
7,KLEN,20D,-0.0471,-2.3002,0.02198,0.094514,False,20D,-1,-0.0793,0.0793
7,KMID2,1D,-0.0033,-0.5616,0.574746,0.812696,False,20D,1,-0.0244,-0.0244
7,KMID2,3D,0.0047,0.6943,0.487939,0.749336,False,20D,1,-0.0312,-0.0312
7,KMID2,5D,0.0113,1.7473,0.081402,0.263179,False,20D,1,-0.0184,-0.0184
7,KMID2,10D,0.0059,0.8213,0.411978,0.681182,False,20D,1,-0.0125,-0.0125
7,KMID2,20D,0.0049,0.6773,0.498659,0.751992,False,20D,1,-0.0137,-0.0137
7,KUP,1D,-0.0069,-1.2883,0.198427,0.449072,False,20D,-1,-0.0059,0.0059
7,KUP,3D,-0.0134,-2.3203,0.02086,0.090604,False,20D,-1,-0.0176,0.0176
7,KUP,5D,-0.0131,-2.0042,0.045762,0.168185,False,20D,-1,-0.019,0.019
7,KUP,10D,-0.0162,-1.8521,0.064791,0.214309,False,20D,-1,-0.0258,0.0258
7,KUP,20D,-0.0219,-1.9463,0.052362,0.184555,True,20D,-1,-0.0432,0.0432
7,KLOW,1D,-0.0118,-2.3552,0.019022,0.087053,False,1D,-1,-0.015,0.015
7,KLOW,3D,-0.0074,-1.2684,0.205449,0.455592,False,1D,-1,-0.024,0.024
7,KLOW,5D,-0.0053,-0.7865,0.432046,0.701056,False,1D,-1,-0.031,0.031
7,KLOW,10D,-0.0066,-0.8757,0.381768,0.656641,False,1D,-1,-0.0319,0.0319
7,KLOW,20D,-0.0133,-1.462,0.144575,0.36569,False,1D,-1,-0.0501,0.0501
7,KSFT,1D,-0.0067,-1.0817,0.280057,0.545689,False,20D,1,-0.0207,-0.0207
7,KSFT,3D,0.0059,0.8551,0.393031,0.670648,False,20D,1,-0.026,-0.026
7,KSFT,5D,0.0111,1.6857,0.092685,0.28829,False,20D,1,-0.0186,-0.0186
7,KSFT,10D,0.0088,1.2508,0.211789,0.459946,False,20D,1,-0.0107,-0.0107
7,KSFT,20D,0.0079,0.9974,0.319197,0.594115,False,20D,1,-0.0108,-0.0108
7,ROC5,1D,0.0025,0.3645,0.715713,0.899873,False,20D,1,-0.0266,-0.0266
7,ROC5,3D,0.0111,1.2532,0.21092,0.459946,False,20D,1,-0.0311,-0.0311
7,ROC5,5D,0.0128,1.1443,0.253238,0.518535,False,20D,1,-0.0192,-0.0192
7,ROC5,10D,0.0085,0.6605,0.509353,0.760492,False,20D,1,-0.0184,-0.0184
7,ROC5,20D,0.0025,0.174,0.861989,0.988414,False,20D,1,-0.0333,-0.0333
7,MAX_RATIO_5,1D,-0.0091,-1.4082,0.1599,0.390041,False,20D,-1,0.0162,-0.0162
7,MAX_RATIO_5,3D,-0.0202,-2.4911,0.013163,0.066589,False,20D,-1,0.0256,-0.0256
7,MAX_RATIO_5,5D,-0.0245,-2.6522,0.008335,0.045368,False,20D,-1,0.0086,-0.0086
7,MAX_RATIO_5,10D,-0.0226,-1.9351,0.053727,0.187456,False,20D,-1,-0.0018,0.0018
7,MAX_RATIO_5,20D,-0.0265,-1.9643,0.050227,0.17998,True,20D,-1,-0.0028,0.0028
7,MIN_RATIO_5,1D,0.0098,1.57,0.117264,0.333931,False,20D,1,0.0317,0.0317
7,MIN_RATIO_5,3D,0.0028,0.3786,0.705176,0.889631,False,20D,1,0.048,0.048
7,MIN_RATIO_5,5D,-0.0003,-0.0329,0.973735,1.0,False,20D,1,0.0391,0.0391
7,MIN_RATIO_5,10D,0.0074,0.8241,0.410423,0.681182,False,20D,1,0.0347,0.0347
7,MIN_RATIO_5,20D,0.0187,1.683,0.093202,0.28829,False,20D,1,0.0428,0.0428
7,MA_RATIO_5,1D,0.0007,0.109,0.913298,1.0,False,20D,-1,0.0299,-0.0299
7,MA_RATIO_5,3D,-0.0092,-1.0856,0.27834,0.545689,False,20D,-1,0.0483,-0.0483
7,MA_RATIO_5,5D,-0.0134,-1.45,0.147881,0.369703,False,20D,-1,0.0338,-0.0338
7,MA_RATIO_5,10D,-0.0082,-0.7639,0.445418,0.707285,False,20D,-1,0.0229,-0.0229
7,MA_RATIO_5,20D,-0.0043,-0.3536,0.72384,0.904049,False,20D,-1,0.0288,-0.0288
7,ROC10,1D,0.0038,0.5315,0.595388,0.825861,False,20D,-1,-0.0225,0.0225
7,ROC10,3D,0.0071,0.7008,0.483845,0.748393,False,20D,-1,-0.0379,0.0379
7,ROC10,5D,0.0086,0.677,0.498792,0.751992,False,20D,-1,-0.0336,0.0336
7,ROC10,10D,0.0032,0.1954,0.845149,0.982345,False,20D,-1,-0.0292,0.0292
7,ROC10,20D,-0.0071,-0.3848,0.700608,0.889631,False,20D,-1,-0.0637,0.0637
7,MAX_RATIO_10,1D,-0.0172,-2.4462,0.014893,0.073609,False,3D,-1,0.0006,-0.0006
7,MAX_RATIO_10,3D,-0.0269,-2.8918,0.004052,0.026971,True,3D,-1,0.0055,-0.0055
7,MAX_RATIO_10,5D,-0.0267,-2.2885,0.022659,0.095523,False,3D,-1,0.0012,-0.0012
7,MAX_RATIO_10,10D,-0.0226,-1.4545,0.146642,0.368749,False,3D,-1,-0.0134,0.0134
7,MAX_RATIO_10,20D,-0.0272,-1.5093,0.132064,0.352718,False,3D,-1,-0.0005,0.0005
7,MIN_RATIO_10,1D,0.0063,0.9717,0.33184,0.602073,False,20D,1,0.0381,0.0381
7,MIN_RATIO_10,3D,0.0053,0.6201,0.535539,0.785945,False,20D,1,0.053,0.053
7,MIN_RATIO_10,5D,0.0036,0.3498,0.726711,0.904049,False,20D,1,0.0436,0.0436
7,MIN_RATIO_10,10D,0.0128,1.0288,0.304254,0.573812,False,20D,1,0.0393,0.0393
7,MIN_RATIO_10,20D,0.0263,1.6796,0.093862,0.28829,False,20D,1,0.0635,0.0635
7,MA_RATIO_10,1D,-0.0041,-0.5644,0.572805,0.812696,False,20D,-1,0.0238,-0.0238
7,MA_RATIO_10,3D,-0.0109,-1.1337,0.257643,0.524764,False,20D,-1,0.0386,-0.0386
7,MA_RATIO_10,5D,-0.0129,-1.0948,0.274303,0.541056,False,20D,-1,0.0337,-0.0337
7,MA_RATIO_10,10D,-0.0081,-0.5582,0.577045,0.812696,False,20D,-1,0.0243,-0.0243
7,MA_RATIO_10,20D,-0.001,-0.0631,0.949737,1.0,False,20D,-1,0.0452,-0.0452
7,ROC20,1D,0.0009,0.1042,0.917078,1.0,False,20D,-1,-0.0298,0.0298
7,ROC20,3D,0.0008,0.0686,0.945376,1.0,False,20D,-1,-0.0497,0.0497
7,ROC20,5D,0.0001,0.0089,0.992908,1.0,False,20D,-1,-0.0522,0.0522
7,ROC20,10D,-0.0093,-0.5336,0.593927,0.825861,False,20D,-1,-0.0737,0.0737
7,ROC20,20D,-0.004,-0.196,0.844696,0.982345,False,20D,-1,-0.09,0.09
7,MAX_RATIO_20,1D,-0.0118,-1.5579,0.120107,0.335364,False,20D,-1,0.0082,-0.0082
7,MAX_RATIO_20,3D,-0.0171,-1.6245,0.105106,0.303326,False,20D,-1,0.0183,-0.0183
7,MAX_RATIO_20,5D,-0.0177,-1.3148,0.18936,0.444052,False,20D,-1,0.0211,-0.0211
7,MAX_RATIO_20,10D,-0.0186,-1.0808,0.280459,0.545689,False,20D,-1,0.0303,-0.0303
7,MAX_RATIO_20,20D,-0.0278,-1.3201,0.187614,0.443264,False,20D,-1,0.0148,-0.0148
7,MIN_RATIO_20,1D,0.006,0.8802,0.379334,0.655075,False,20D,1,0.0321,0.0321
7,MIN_RATIO_20,3D,0.0084,0.915,0.360777,0.637983,False,20D,1,0.0458,0.0458
7,MIN_RATIO_20,5D,0.0085,0.7787,0.436644,0.705853,False,20D,1,0.0406,0.0406
7,MIN_RATIO_20,10D,0.0211,1.4635,0.144174,0.36569,False,20D,1,0.0505,0.0505
7,MIN_RATIO_20,20D,0.0298,1.6643,0.096883,0.293378,False,20D,1,0.0872,0.0872
7,MA_RATIO_20,1D,-0.0042,-0.5421,0.588095,0.823716,False,20D,1,0.0286,0.0286
7,MA_RATIO_20,3D,-0.0055,-0.5075,0.612117,0.835588,False,20D,1,0.0439,0.0439
7,MA_RATIO_20,5D,-0.0059,-0.4343,0.664337,0.874489,False,20D,1,0.0428,0.0428
7,MA_RATIO_20,10D,0.0005,0.0325,0.974079,1.0,False,20D,1,0.0519,0.0519
7,MA_RATIO_20,20D,0.0049,0.244,0.807343,0.961655,False,20D,1,0.0744,0.0744
7,ROC30,1D,0.0047,0.5285,0.597492,0.826114,False,20D,-1,-0.0308,0.0308
7,ROC30,3D,0.0015,0.1302,0.896498,1.0,False,20D,-1,-0.0517,0.0517
7,ROC30,5D,0.0015,0.1106,0.912008,1.0,False,20D,-1,-0.064,0.064
7,ROC30,10D,0.0011,0.0626,0.950085,1.0,False,20D,-1,-0.0887,0.0887
7,ROC30,20D,-0.0013,-0.0574,0.954222,1.0,False,20D,-1,-0.127,0.127
7,MAX_RATIO_30,1D,-0.0151,-1.8583,0.063899,0.212997,False,20D,-1,0.0157,-0.0157
7,MAX_RATIO_30,3D,-0.0197,-1.7763,0.076497,0.249195,False,20D,-1,0.0262,-0.0262
7,MAX_RATIO_30,5D,-0.0205,-1.4881,0.137564,0.359974,False,20D,-1,0.0298,-0.0298
7,MAX_RATIO_30,10D,-0.0229,-1.2633,0.20725,0.455592,False,20D,-1,0.0344,-0.0344
7,MAX_RATIO_30,20D,-0.0284,-1.2629,0.20742,0.455592,False,20D,-1,0.0162,-0.0162
7,MIN_RATIO_30,1D,0.0088,1.2269,0.220609,0.474309,False,20D,1,0.0331,0.0331
7,MIN_RATIO_30,3D,0.0137,1.4208,0.156191,0.383784,False,20D,1,0.0528,0.0528
7,MIN_RATIO_30,5D,0.0142,1.2389,0.216159,0.467077,False,20D,1,0.0546,0.0546
7,MIN_RATIO_30,10D,0.0221,1.4284,0.154017,0.382817,False,20D,1,0.0735,0.0735
7,MIN_RATIO_30,20D,0.0252,1.2975,0.195246,0.448879,False,20D,1,0.1134,0.1134
7,MA_RATIO_30,1D,-0.0032,-0.3851,0.70039,0.889631,False,20D,1,0.0282,0.0282
7,MA_RATIO_30,3D,-0.0024,-0.2076,0.835677,0.979131,False,20D,1,0.0471,0.0471
7,MA_RATIO_30,5D,-0.0016,-0.1105,0.912098,1.0,False,20D,1,0.0494,0.0494
7,MA_RATIO_30,10D,0.0033,0.1881,0.850919,0.983072,False,20D,1,0.0705,0.0705
7,MA_RATIO_30,20D,0.0041,0.1924,0.847558,0.982345,False,20D,1,0.0956,0.0956
7,ROC60,1D,0.0127,1.2901,0.197817,0.449072,False,20D,1,-0.0321,-0.0321
7,ROC60,3D,0.0081,0.5955,0.551843,0.798965,False,20D,1,-0.0617,-0.0617
7,ROC60,5D,0.0057,0.3442,0.730857,0.904049,False,20D,1,-0.0819,-0.0819
7,ROC60,10D,0.0024,0.1068,0.914984,1.0,False,20D,1,-0.1163,-0.1163
7,ROC60,20D,0.0004,0.0152,0.987917,1.0,False,20D,1,-0.1307,-0.1307
7,MAX_RATIO_60,1D,-0.0191,-2.1197,0.034684,0.134361,False,1D,-1,0.019,-0.019
7,MAX_RATIO_60,3D,-0.023,-1.8624,0.06333,0.212749,False,1D,-1,0.0333,-0.0333
7,MAX_RATIO_60,5D,-0.0244,-1.6283,0.104303,0.303042,False,1D,-1,0.0413,-0.0413
7,MAX_RATIO_60,10D,-0.0251,-1.2622,0.207665,0.455592,False,1D,-1,0.053,-0.053
7,MAX_RATIO_60,20D,-0.025,-0.989,0.323316,0.594194,False,1D,-1,0.0351,-0.0351
7,MIN_RATIO_60,1D,0.0024,0.3053,0.760282,0.926123,False,20D,1,0.0467,0.0467
7,MIN_RATIO_60,3D,0.0075,0.7127,0.476447,0.742291,False,20D,1,0.0812,0.0812
7,MIN_RATIO_60,5D,0.0092,0.738,0.460988,0.722649,False,20D,1,0.0976,0.0976
7,MIN_RATIO_60,10D,0.0149,0.8341,0.404744,0.680887,False,20D,1,0.1307,0.1307
7,MIN_RATIO_60,20D,0.0216,0.8894,0.37433,0.651668,False,20D,1,0.168,0.168
7,MA_RATIO_60,1D,-0.0085,-0.9126,0.362018,0.637983,False,20D,-1,0.0383,-0.0383
7,MA_RATIO_60,3D,-0.0075,-0.5923,0.553985,0.799374,False,20D,-1,0.0676,-0.0676
7,MA_RATIO_60,5D,-0.006,-0.4018,0.68808,0.889631,False,20D,-1,0.0843,-0.0843
7,MA_RATIO_60,10D,-0.0019,-0.0957,0.923816,1.0,False,20D,-1,0.1191,-0.1191
7,MA_RATIO_60,20D,-0.0004,-0.016,0.987263,1.0,False,20D,-1,0.1483,-0.1483
7,ROC120,1D,0.0171,1.6466,0.100465,0.297282,False,20D,1,-0.0293,-0.0293
7,ROC120,3D,0.0167,1.1529,0.249676,0.513687,False,20D,1,-0.0551,-0.0551
7,ROC120,5D,0.0165,0.9387,0.348504,0.624403,False,20D,1,-0.0684,-0.0684
7,ROC120,10D,0.018,0.7479,0.454972,0.716623,False,20D,1,-0.0913,-0.0913
7,ROC120,20D,0.0152,0.5089,0.611105,0.835588,False,20D,1,-0.105,-0.105
7,MAX_RATIO_120,1D,-0.0261,-2.7037,0.007168,0.040556,False,5D,-1,0.0112,-0.0112
7,MAX_RATIO_120,3D,-0.031,-2.3612,0.018726,0.087053,False,5D,-1,0.0233,-0.0233
7,MAX_RATIO_120,5D,-0.0327,-2.0361,0.042442,0.157328,True,5D,-1,0.028,-0.028
7,MAX_RATIO_120,10D,-0.035,-1.659,0.097949,0.294532,False,5D,-1,0.036,-0.036
7,MAX_RATIO_120,20D,-0.0406,-1.5362,0.125338,0.343918,False,5D,-1,0.017,-0.017
7,MIN_RATIO_120,1D,0.001,0.113,0.910059,1.0,False,20D,1,0.0355,0.0355
7,MIN_RATIO_120,3D,0.0056,0.4456,0.65617,0.874489,False,20D,1,0.0611,0.0611
7,MIN_RATIO_120,5D,0.0065,0.4191,0.675402,0.880069,False,20D,1,0.0734,0.0734
7,MIN_RATIO_120,10D,0.007,0.3147,0.753135,0.920023,False,20D,1,0.0937,0.0937
7,MIN_RATIO_120,20D,0.013,0.4492,0.653547,0.874489,False,20D,1,0.1243,0.1243
7,MA_RATIO_120,1D,-0.0152,-1.4688,0.142731,0.365323,False,20D,-1,0.0334,-0.0334
7,MA_RATIO_120,3D,-0.0147,-1.0258,0.305637,0.573904,False,20D,-1,0.0631,-0.0631
7,MA_RATIO_120,5D,-0.0143,-0.8174,0.414213,0.681182,False,20D,-1,0.0786,-0.0786
7,MA_RATIO_120,10D,-0.0123,-0.5124,0.60869,0.835588,False,20D,-1,0.1132,-0.1132
7,MA_RATIO_120,20D,-0.0108,-0.3474,0.728474,0.904049,False,20D,-1,0.1403,-0.1403
7,ROC250,1D,0.0184,1.9965,0.046599,0.16981,False,1D,1,0.0039,0.0039
7,ROC250,3D,0.0197,1.48,0.139699,0.359974,False,1D,1,0.0003,0.0003
7,ROC250,5D,0.0225,1.3129,0.190013,0.444052,False,1D,1,-0.0028,-0.0028
7,ROC250,10D,0.0264,1.1094,0.267976,0.533471,False,1D,1,-0.0152,-0.0152
7,ROC250,20D,0.0291,0.9874,0.324104,0.594194,False,1D,1,-0.0106,-0.0106
7,MAX_RATIO_250,1D,-0.0327,-3.2627,0.001204,0.011255,False,20D,-1,0.0079,-0.0079
7,MAX_RATIO_250,3D,-0.0404,-2.9027,0.003917,0.026735,False,20D,-1,0.0213,-0.0213
7,MAX_RATIO_250,5D,-0.045,-2.612,0.009362,0.0497,False,20D,-1,0.0262,-0.0262
7,MAX_RATIO_250,10D,-0.0515,-2.2544,0.024742,0.101324,False,20D,-1,0.0352,-0.0352
7,MAX_RATIO_250,20D,-0.0603,-2.1706,0.030583,0.120623,True,20D,-1,0.0156,-0.0156
7,MIN_RATIO_250,1D,0.0002,0.0221,0.982396,1.0,False,20D,-1,0.0223,-0.0223
7,MIN_RATIO_250,3D,0.0027,0.2132,0.831283,0.976644,False,20D,-1,0.0379,-0.0379
7,MIN_RATIO_250,5D,0.0022,0.1395,0.889159,1.0,False,20D,-1,0.0466,-0.0466
7,MIN_RATIO_250,10D,-0.0006,-0.0279,0.977789,1.0,False,20D,-1,0.0647,-0.0647
7,MIN_RATIO_250,20D,-0.0002,-0.0078,0.993765,1.0,False,20D,-1,0.0801,-0.0801
7,MA_RATIO_250,1D,-0.0201,-1.8945,0.058927,0.2011,False,20D,-1,0.0232,-0.0232
7,MA_RATIO_250,3D,-0.0226,-1.5096,0.131978,0.352718,False,20D,-1,0.0453,-0.0453
7,MA_RATIO_250,5D,-0.0256,-1.3868,0.166323,0.397674,False,20D,-1,0.0569,-0.0569
7,MA_RATIO_250,10D,-0.0307,-1.1954,0.232664,0.495275,False,20D,-1,0.0824,-0.0824
7,MA_RATIO_250,20D,-0.0361,-1.1311,0.258721,0.524764,False,20D,-1,0.0923,-0.0923
7,STD5,1D,-0.0268,-4.1516,4.1e-05,0.000767,False,20D,-1,-0.0222,0.0222
7,STD5,3D,-0.035,-3.9735,8.5e-05,0.001218,False,20D,-1,-0.0316,0.0316
7,STD5,5D,-0.0359,-3.153,0.001746,0.014438,False,20D,-1,-0.0353,0.0353
7,STD5,10D,-0.038,-2.3686,0.018359,0.087053,False,20D,-1,-0.0445,0.0445
7,STD5,20D,-0.057,-2.6899,0.007465,0.041688,False,20D,-1,-0.0678,0.0678
7,STD10,1D,-0.0313,-4.3432,1.8e-05,0.000407,False,20D,-1,-0.0314,0.0314
7,STD10,3D,-0.042,-4.1953,3.4e-05,0.000696,False,20D,-1,-0.0386,0.0386
7,STD10,5D,-0.0429,-3.3218,0.000982,0.009384,False,20D,-1,-0.0472,0.0472
7,STD10,10D,-0.0513,-2.7859,0.005608,0.032587,False,20D,-1,-0.0561,0.0561
7,STD10,20D,-0.0714,-2.8339,0.004846,0.028839,False,20D,-1,-0.0821,0.0821
7,STD20,1D,-0.0367,-4.7211,3e-06,0.000239,False,20D,-1,-0.0273,0.0273
7,STD20,3D,-0.0508,-4.6713,4e-06,0.000239,False,20D,-1,-0.0402,0.0402
7,STD20,5D,-0.0537,-3.7924,0.000174,0.002201,False,20D,-1,-0.0467,0.0467
7,STD20,10D,-0.0593,-2.8425,0.004719,0.02858,False,20D,-1,-0.0552,0.0552
7,STD20,20D,-0.0754,-2.8487,0.00463,0.028509,False,20D,-1,-0.0956,0.0956
7,STD30,1D,-0.0377,-4.6217,5e-06,0.000239,False,20D,-1,-0.0262,0.0262
7,STD30,3D,-0.0515,-4.4734,1e-05,0.000329,False,20D,-1,-0.041,0.041
7,STD30,5D,-0.0546,-3.6427,0.000308,0.003396,False,20D,-1,-0.0507,0.0507
7,STD30,10D,-0.0575,-2.6388,0.008665,0.046574,False,20D,-1,-0.0678,0.0678
7,STD30,20D,-0.0799,-2.9043,0.003897,0.026735,False,20D,-1,-0.1195,0.1195
7,STD60,1D,-0.0383,-4.4217,1.3e-05,0.000329,False,20D,-1,-0.0295,0.0295
7,STD60,3D,-0.0539,-4.416,1.3e-05,0.000329,False,20D,-1,-0.0468,0.0468
7,STD60,5D,-0.0591,-3.7286,0.000222,0.00258,False,20D,-1,-0.0591,0.0591
7,STD60,10D,-0.0649,-2.8724,0.004305,0.027629,False,20D,-1,-0.0815,0.0815
7,STD60,20D,-0.0831,-2.9601,0.00327,0.023832,True,20D,-1,-0.1312,0.1312
7,STD120,1D,-0.0397,-4.5479,7e-06,0.000301,False,20D,-1,-0.0313,0.0313
7,STD120,3D,-0.0547,-4.4117,1.3e-05,0.000329,False,20D,-1,-0.0483,0.0483
7,STD120,5D,-0.0605,-3.7305,0.000221,0.00258,False,20D,-1,-0.0596,0.0596
7,STD120,10D,-0.0656,-2.8898,0.004077,0.026971,False,20D,-1,-0.0796,0.0796
7,STD120,20D,-0.08,-2.9193,0.003719,0.026216,False,20D,-1,-0.1254,0.1254
7,STD250,1D,-0.0417,-4.7982,2e-06,0.000239,False,20D,-1,-0.0292,0.0292
7,STD250,3D,-0.0581,-4.6591,4e-06,0.000239,False,20D,-1,-0.0437,0.0437
7,STD250,5D,-0.065,-3.999,7.7e-05,0.001142,False,20D,-1,-0.0543,0.0543
7,STD250,10D,-0.0711,-3.1793,0.001599,0.013751,False,20D,-1,-0.0718,0.0718
7,STD250,20D,-0.0857,-3.0827,0.002202,0.017865,False,20D,-1,-0.1137,0.1137
7,ATR_RATIO_5,1D,-0.0319,-4.4101,1.3e-05,0.000329,False,20D,-1,-0.0315,0.0315
7,ATR_RATIO_5,3D,-0.0414,-4.0173,7.1e-05,0.001121,False,20D,-1,-0.0471,0.0471
7,ATR_RATIO_5,5D,-0.043,-3.1989,0.001496,0.013128,False,20D,-1,-0.0583,0.0583
7,ATR_RATIO_5,10D,-0.0436,-2.1708,0.030571,0.120623,False,20D,-1,-0.0681,0.0681
7,ATR_RATIO_5,20D,-0.0625,-2.3489,0.019343,0.087053,True,20D,-1,-0.1007,0.1007
7,ATR_RATIO_20,1D,-0.0363,-4.4176,1.3e-05,0.000329,False,20D,-1,-0.0305,0.0305
7,ATR_RATIO_20,3D,-0.0485,-4.1214,4.6e-05,0.000824,False,20D,-1,-0.0476,0.0476
7,ATR_RATIO_20,5D,-0.05,-3.233,0.001333,0.012196,False,20D,-1,-0.0583,0.0583
7,ATR_RATIO_20,10D,-0.0516,-2.2637,0.024162,0.099901,False,20D,-1,-0.074,0.074
7,ATR_RATIO_20,20D,-0.0679,-2.3741,0.018094,0.087053,False,20D,-1,-0.1177,0.1177
7,ATR_RATIO_60,1D,-0.0397,-4.3951,1.4e-05,0.000334,False,20D,-1,-0.0223,0.0223
7,ATR_RATIO_60,3D,-0.0531,-4.17,3.8e-05,0.000743,False,20D,-1,-0.0362,0.0362
7,ATR_RATIO_60,5D,-0.0577,-3.4966,0.000527,0.005665,False,20D,-1,-0.0461,0.0461
7,ATR_RATIO_60,10D,-0.0625,-2.7293,0.006644,0.038092,False,20D,-1,-0.064,0.064
7,ATR_RATIO_60,20D,-0.0799,-2.9602,0.003268,0.023832,True,20D,-1,-0.1006,0.1006
7,ROC_STD_20,1D,0.0035,0.4248,0.671189,0.877238,False,20D,1,-0.0296,-0.0296
7,ROC_STD_20,3D,0.0038,0.3404,0.733751,0.904049,False,20D,1,-0.0434,-0.0434
7,ROC_STD_20,5D,0.0025,0.1857,0.852758,0.983072,False,20D,1,-0.0432,-0.0432
7,ROC_STD_20,10D,-0.0067,-0.3967,0.691841,0.889631,False,20D,1,-0.0603,-0.0603
7,ROC_STD_20,20D,0.0012,0.0627,0.950054,1.0,False,20D,1,-0.0739,-0.0739
7,ROC_STD_60,1D,0.0146,1.489,0.137333,0.359974,False,20D,1,-0.0292,-0.0292
7,ROC_STD_60,3D,0.0118,0.8688,0.385484,0.660391,False,20D,1,-0.0541,-0.0541
7,ROC_STD_60,5D,0.0113,0.682,0.495665,0.751992,False,20D,1,-0.0689,-0.0689
7,ROC_STD_60,10D,0.0098,0.4364,0.662806,0.874489,False,20D,1,-0.0964,-0.0964
7,ROC_STD_60,20D,0.0117,0.3846,0.700725,0.889631,False,20D,1,-0.1083,-0.1083
7,ROC_STD_120,1D,0.0202,1.9879,0.047547,0.171808,False,1D,1,-0.0202,-0.0202
7,ROC_STD_120,3D,0.0224,1.5624,0.119031,0.335364,False,1D,1,-0.0397,-0.0397
7,ROC_STD_120,5D,0.0243,1.3863,0.166468,0.397674,False,1D,1,-0.0492,-0.0492
7,ROC_STD_120,10D,0.0283,1.187,0.235978,0.497405,False,1D,1,-0.0681,-0.0681
7,ROC_STD_120,20D,0.0296,0.9946,0.320546,0.594115,False,1D,1,-0.0727,-0.0727
7,ROC_STD_250,1D,0.0211,2.289,0.022629,0.095523,True,1D,1,0.0071,0.0071
7,ROC_STD_250,3D,0.0244,1.8461,0.065659,0.215522,False,1D,1,0.0071,0.0071
7,ROC_STD_250,5D,0.0282,1.6534,0.099072,0.29584,False,1D,1,0.0076,0.0076
7,ROC_STD_250,10D,0.0332,1.4029,0.161459,0.390041,False,1D,1,0.0007,0.0007
7,ROC_STD_250,20D,0.0381,1.2799,0.201382,0.453373,False,1D,1,0.0158,0.0158
7,MOM_ACC_20_60,1D,0.0091,0.9861,0.324734,0.594194,False,20D,-1,-0.0335,0.0335
7,MOM_ACC_20_60,3D,0.0033,0.2586,0.796079,0.957422,False,20D,-1,-0.0607,0.0607
7,MOM_ACC_20_60,5D,0.0011,0.0746,0.940577,1.0,False,20D,-1,-0.0806,0.0806
7,MOM_ACC_20_60,10D,0.0007,0.0335,0.973257,1.0,False,20D,-1,-0.1145,0.1145
7,MOM_ACC_20_60,20D,-0.0003,-0.0101,0.991965,1.0,False,20D,-1,-0.1354,0.1354
7,MOM_ACC_60_120,1D,0.0153,1.5998,0.110492,0.316744,False,20D,1,-0.0068,-0.0068
7,MOM_ACC_60_120,3D,0.0145,1.0611,0.289314,0.55538,False,20D,1,-0.0202,-0.0202
7,MOM_ACC_60_120,5D,0.015,0.8825,0.37806,0.655075,False,20D,1,-0.0267,-0.0267
7,MOM_ACC_60_120,10D,0.0161,0.6749,0.500162,0.751992,False,20D,1,-0.0413,-0.0413
7,MOM_ACC_60_120,20D,0.0131,0.4578,0.647339,0.874489,False,20D,1,-0.0491,-0.0491
7,VMA_RATIO_5,1D,-0.0013,-0.2882,0.773338,0.939365,False,20D,-1,-0.0109,0.0109
7,VMA_RATIO_5,3D,-0.0083,-1.6657,0.096607,0.293378,False,20D,-1,0.0028,-0.0028
7,VMA_RATIO_5,5D,-0.0084,-1.6434,0.101139,0.297282,False,20D,-1,0.0073,-0.0073
7,VMA_RATIO_5,10D,-0.0034,-0.6887,0.491425,0.749336,False,20D,-1,-0.0014,0.0014
7,VMA_RATIO_5,20D,-0.0068,-1.9324,0.054057,0.187456,False,20D,-1,-0.0091,0.0091
7,VSTD_5,1D,-0.0,-0.0113,0.990984,1.0,False,20D,-1,-0.0001,0.0001
7,VSTD_5,3D,0.0024,0.4502,0.652824,0.874489,False,20D,-1,-0.0027,0.0027
7,VSTD_5,5D,0.0024,0.3782,0.705498,0.889631,False,20D,-1,-0.0093,0.0093
7,VSTD_5,10D,-0.0006,-0.0758,0.939604,1.0,False,20D,-1,-0.0037,0.0037
7,VSTD_5,20D,-0.0095,-1.1273,0.260343,0.525575,False,20D,-1,-0.0015,0.0015
7,VMA_RATIO_10,1D,-0.0032,-0.691,0.489985,0.749336,False,20D,-1,-0.0067,0.0067
7,VMA_RATIO_10,3D,-0.009,-1.641,0.101629,0.297282,False,20D,-1,-0.0006,0.0006
7,VMA_RATIO_10,5D,-0.0069,-1.1874,0.235803,0.497405,False,20D,-1,0.0008,-0.0008
7,VMA_RATIO_10,10D,-0.0071,-1.0732,0.283851,0.547862,False,20D,-1,-0.0143,0.0143
7,VMA_RATIO_10,20D,-0.0055,-1.1184,0.264096,0.53066,False,20D,-1,-0.0237,0.0237
7,VSTD_10,1D,-0.0018,-0.4532,0.65069,0.874489,False,20D,-1,-0.0133,0.0133
7,VSTD_10,3D,-0.0042,-0.736,0.462159,0.722649,False,20D,-1,-0.0221,0.0221
7,VSTD_10,5D,-0.0013,-0.1786,0.858385,0.986913,False,20D,-1,-0.0229,0.0229
7,VSTD_10,10D,-0.0065,-0.7011,0.483644,0.748393,False,20D,-1,-0.0191,0.0191
7,VSTD_10,20D,-0.0218,-2.2169,0.027224,0.110437,True,20D,-1,-0.0151,0.0151
7,VMA_RATIO_20,1D,-0.0031,-0.6481,0.517295,0.765829,False,20D,1,-0.0065,-0.0065
7,VMA_RATIO_20,3D,-0.0095,-1.543,0.123659,0.343054,False,20D,1,-0.005,-0.005
7,VMA_RATIO_20,5D,-0.0084,-1.2744,0.203314,0.455339,False,20D,1,-0.0079,-0.0079
7,VMA_RATIO_20,10D,-0.0063,-0.7633,0.445754,0.707285,False,20D,1,-0.0283,-0.0283
7,VMA_RATIO_20,20D,0.0021,0.3277,0.743306,0.913205,False,20D,1,-0.0311,-0.0311
7,VSTD_20,1D,-0.0064,-1.5589,0.119862,0.335364,False,20D,-1,-0.0127,0.0127
7,VSTD_20,3D,-0.0104,-1.9107,0.056807,0.195416,False,20D,-1,-0.022,0.022
7,VSTD_20,5D,-0.0133,-1.9568,0.051104,0.181609,False,20D,-1,-0.0238,0.0238
7,VSTD_20,10D,-0.0208,-2.3391,0.019853,0.08711,False,20D,-1,-0.012,0.012
7,VSTD_20,20D,-0.0312,-2.8513,0.004594,0.028509,True,20D,-1,-0.0235,0.0235
7,VMA_RATIO_60,1D,0.0026,0.4857,0.62744,0.853795,False,20D,1,-0.0017,-0.0017
7,VMA_RATIO_60,3D,-0.0006,-0.0873,0.930506,1.0,False,20D,1,0.0017,0.0017
7,VMA_RATIO_60,5D,0.0018,0.2193,0.826572,0.976445,False,20D,1,-0.002,-0.002
7,VMA_RATIO_60,10D,0.0082,0.8274,0.408532,0.680887,False,20D,1,-0.0145,-0.0145
7,VMA_RATIO_60,20D,0.0186,1.525,0.128108,0.346456,False,20D,1,-0.0046,-0.0046
7,VSTD_60,1D,-0.0022,-0.4333,0.665018,0.874489,False,20D,-1,-0.0151,0.0151
7,VSTD_60,3D,-0.0067,-0.9246,0.355753,0.632123,False,20D,-1,-0.0262,0.0262
7,VSTD_60,5D,-0.0076,-0.8159,0.415046,0.681182,False,20D,-1,-0.0289,0.0289
7,VSTD_60,10D,-0.0067,-0.4574,0.647626,0.874489,False,20D,-1,-0.0381,0.0381
7,VSTD_60,20D,-0.0026,-0.1108,0.911857,1.0,False,20D,-1,-0.0728,0.0728
7,CORR_PV_5,1D,-0.001,-0.22,0.825964,0.976445,False,20D,-1,-0.0086,0.0086
7,CORR_PV_5,3D,-0.0015,-0.2557,0.798357,0.957422,False,20D,-1,-0.0261,0.0261
7,CORR_PV_5,5D,-0.0029,-0.3941,0.69375,0.889631,False,20D,-1,-0.0382,0.0382
7,CORR_PV_5,10D,-0.0101,-1.1599,0.246826,0.510265,False,20D,-1,-0.0429,0.0429
7,CORR_PV_5,20D,-0.0167,-1.4991,0.134677,0.357476,False,20D,-1,-0.0631,0.0631
7,WVMA_5,1D,-0.0241,-4.0271,6.8e-05,0.001121,False,20D,-1,-0.0229,0.0229
7,WVMA_5,3D,-0.0317,-3.9159,0.000107,0.001438,False,20D,-1,-0.031,0.031
7,WVMA_5,5D,-0.0351,-3.3284,0.000959,0.009372,False,20D,-1,-0.0352,0.0352
7,WVMA_5,10D,-0.0365,-2.439,0.01519,0.074224,False,20D,-1,-0.0392,0.0392
7,WVMA_5,20D,-0.0522,-2.681,0.007662,0.042239,True,20D,-1,-0.054,0.054
7,CORR_PV_10,1D,-0.0047,-0.9513,0.342056,0.618,False,20D,-1,-0.034,0.034
7,CORR_PV_10,3D,-0.0066,-0.9302,0.352877,0.629615,False,20D,-1,-0.0612,0.0612
7,CORR_PV_10,5D,-0.0086,-0.9468,0.344349,0.61954,False,20D,-1,-0.0662,0.0662
7,CORR_PV_10,10D,-0.0187,-1.5352,0.12557,0.343918,False,20D,-1,-0.0781,0.0781
7,CORR_PV_10,20D,-0.0188,-1.2016,0.230266,0.492609,False,20D,-1,-0.0868,0.0868
7,WVMA_10,1D,-0.0282,-4.4973,9e-06,0.000329,False,20D,-1,-0.0284,0.0284
7,WVMA_10,3D,-0.0361,-4.0615,5.9e-05,0.001015,False,20D,-1,-0.0339,0.0339
7,WVMA_10,5D,-0.0363,-3.1696,0.001651,0.01392,False,20D,-1,-0.0388,0.0388
7,WVMA_10,10D,-0.0419,-2.5575,0.010934,0.056646,False,20D,-1,-0.0418,0.0418
7,WVMA_10,20D,-0.0627,-2.9894,0.002978,0.022867,False,20D,-1,-0.0665,0.0665
7,CORR_PV_20,1D,-0.0067,-1.1745,0.240933,0.502918,False,20D,-1,-0.0284,0.0284
7,CORR_PV_20,3D,-0.0094,-1.1647,0.244882,0.508692,False,20D,-1,-0.0415,0.0415
7,CORR_PV_20,5D,-0.008,-0.7604,0.447474,0.707404,False,20D,-1,-0.0478,0.0478
7,CORR_PV_20,10D,-0.0079,-0.5563,0.578337,0.812696,False,20D,-1,-0.0535,0.0535
7,CORR_PV_20,20D,-0.0189,-1.1048,0.269936,0.534896,False,20D,-1,-0.077,0.077
7,WVMA_20,1D,-0.0326,-4.8678,2e-06,0.000239,False,20D,-1,-0.0201,0.0201
7,WVMA_20,3D,-0.0443,-4.6995,4e-06,0.000239,False,20D,-1,-0.0299,0.0299
7,WVMA_20,5D,-0.0472,-3.9322,0.0001,0.001387,False,20D,-1,-0.0341,0.0341
7,WVMA_20,10D,-0.0522,-3.0495,0.002455,0.019549,False,20D,-1,-0.0373,0.0373
7,WVMA_20,20D,-0.065,-2.9794,0.003075,0.023197,False,20D,-1,-0.0753,0.0753
7,TURNOVER_SURGE_5,1D,0.0016,0.357,0.721323,0.904049,False,20D,1,0.0093,0.0093
7,TURNOVER_SURGE_5,3D,0.0086,1.7183,0.086559,0.275706,False,20D,1,-0.0041,-0.0041
7,TURNOVER_SURGE_5,5D,0.0084,1.6874,0.092362,0.28829,False,20D,1,-0.0084,-0.0084
7,TURNOVER_SURGE_5,10D,0.0028,0.5617,0.574661,0.812696,False,20D,1,0.0013,0.0013
7,TURNOVER_SURGE_5,20D,0.0043,1.0487,0.294995,0.563768,False,20D,1,0.0088,0.0088
7,TURNOVER_SURGE_20,1D,0.0043,0.8937,0.372073,0.650372,False,20D,-1,0.0049,-0.0049
7,TURNOVER_SURGE_20,3D,0.0105,1.6966,0.090589,0.286421,False,20D,-1,0.0021,-0.0021
7,TURNOVER_SURGE_20,5D,0.0098,1.4796,0.139804,0.359974,False,20D,-1,0.0047,-0.0047
7,TURNOVER_SURGE_20,10D,0.0073,0.8442,0.399103,0.678317,False,20D,-1,0.0249,-0.0249
7,TURNOVER_SURGE_20,20D,-0.0036,-0.5371,0.591502,0.825798,False,20D,-1,0.0269,-0.0269
7,TURNOVER_STD_20,1D,-0.0271,-4.1974,3.4e-05,0.000696,False,20D,-1,-0.0201,0.0201
7,TURNOVER_STD_20,3D,-0.037,-3.899,0.000114,0.001485,False,20D,-1,-0.034,0.034
7,TURNOVER_STD_20,5D,-0.0415,-3.4299,0.000671,0.00671,False,20D,-1,-0.0433,0.0433
7,TURNOVER_STD_20,10D,-0.051,-3.012,0.00277,0.021656,False,20D,-1,-0.0589,0.0589
7,TURNOVER_STD_20,20D,-0.0743,-3.4677,0.000586,0.006,True,20D,-1,-0.0972,0.0972
7,AMOUNT_RATIO_5_20,1D,0.0034,0.6625,0.508031,0.760492,False,20D,-1,-0.0096,0.0096
7,AMOUNT_RATIO_5_20,3D,0.0067,0.9015,0.367874,0.645656,False,20D,-1,-0.0018,0.0018
7,AMOUNT_RATIO_5_20,5D,0.0055,0.5699,0.569117,0.812696,False,20D,-1,0.0073,-0.0073
7,AMOUNT_RATIO_5_20,10D,0.0079,0.6439,0.520051,0.765829,False,20D,-1,0.0241,-0.0241
7,AMOUNT_RATIO_5_20,20D,-0.0104,-1.0726,0.284124,0.547862,False,20D,-1,0.0146,-0.0146
7,LIMIT_UP_SPACE,1D,-0.0067,-1.3011,0.194025,0.448552,False,20D,-1,-0.0079,0.0079
7,LIMIT_UP_SPACE,3D,-0.0214,-3.2245,0.001372,0.012291,False,20D,-1,-0.0092,0.0092
7,LIMIT_UP_SPACE,5D,-0.0264,-3.4812,0.000558,0.005852,False,20D,-1,-0.0132,0.0132
7,LIMIT_UP_SPACE,10D,-0.0295,-2.9352,0.003537,0.025348,False,20D,-1,-0.0247,0.0247
7,LIMIT_UP_SPACE,20D,-0.0327,-2.535,0.011649,0.059632,True,20D,-1,-0.0412,0.0412
7,IS_LIMIT_UP_LAG1,1D,-0.0007,-1.2946,0.196254,0.448879,False,20D,-1,-0.0016,0.0016
7,IS_LIMIT_UP_LAG1,3D,0.0,0.0298,0.976203,1.0,False,20D,-1,0.0018,-0.0018
7,IS_LIMIT_UP_LAG1,5D,0.0008,0.8374,0.40291,0.680887,False,20D,-1,0.0001,-0.0001
7,IS_LIMIT_UP_LAG1,10D,0.0006,0.5213,0.602475,0.830334,False,20D,-1,-0.0015,0.0015
7,IS_LIMIT_UP_LAG1,20D,-0.0006,-0.6926,0.48898,0.749336,False,20D,-1,-0.0003,0.0003
7,IS_LIMIT_DOWN_LAG1,1D,0.0005,0.6049,0.545633,0.795329,False,20D,1,-0.0011,-0.0011
7,IS_LIMIT_DOWN_LAG1,3D,0.0005,0.8285,0.407938,0.680887,False,20D,1,-0.0009,-0.0009
7,IS_LIMIT_DOWN_LAG1,5D,0.0001,0.2504,0.802433,0.958462,False,20D,1,-0.0011,-0.0011
7,IS_LIMIT_DOWN_LAG1,10D,0.0002,0.3787,0.705093,0.889631,False,20D,1,-0.0008,-0.0008
7,IS_LIMIT_DOWN_LAG1,20D,0.0,0.065,0.948247,1.0,False,20D,1,-0.0003,-0.0003
7,UPPER_SHADOW_RATIO,1D,0.0015,0.3416,0.732821,0.904049,False,20D,1,-0.0034,-0.0034
7,UPPER_SHADOW_RATIO,3D,0.0018,0.4033,0.686926,0.889631,False,20D,1,-0.0012,-0.0012
7,UPPER_SHADOW_RATIO,5D,0.001,0.2579,0.796659,0.957422,False,20D,1,-0.0009,-0.0009
7,UPPER_SHADOW_RATIO,10D,0.0015,0.3213,0.748136,0.91652,False,20D,1,-0.0019,-0.0019
7,UPPER_SHADOW_RATIO,20D,0.0031,0.8021,0.423028,0.689023,False,20D,1,-0.0048,-0.0048
7,LOWER_SHADOW_RATIO,1D,0.001,0.2161,0.828995,0.976624,False,10D,1,-0.0066,-0.0066
7,LOWER_SHADOW_RATIO,3D,0.0107,2.1044,0.036001,0.136995,False,10D,1,-0.0058,-0.0058
7,LOWER_SHADOW_RATIO,5D,0.0097,1.8894,0.059601,0.201799,False,10D,1,-0.0109,-0.0109
7,LOWER_SHADOW_RATIO,10D,0.0124,2.5722,0.010488,0.054998,False,10D,1,-0.0019,-0.0019
7,LOWER_SHADOW_RATIO,20D,0.0121,2.167,0.030857,0.120623,False,10D,1,-0.0113,-0.0113
7,ENTITY_RATIO,1D,-0.0034,-0.767,0.443585,0.707285,False,20D,-1,0.0046,-0.0046
7,ENTITY_RATIO,3D,-0.0093,-2.2115,0.027598,0.110908,False,20D,-1,0.0052,-0.0052
7,ENTITY_RATIO,5D,-0.007,-1.7335,0.083817,0.268965,False,20D,-1,0.0087,-0.0087
7,ENTITY_RATIO,10D,-0.0098,-2.3503,0.019271,0.087053,False,20D,-1,0.0037,-0.0037
7,ENTITY_RATIO,20D,-0.0108,-2.475,0.013762,0.06881,False,20D,-1,0.009,-0.009
7,INTRADAY_CLOSE_LOC,1D,-0.0026,-0.4376,0.661961,0.874489,False,5D,1,-0.022,-0.022
7,INTRADAY_CLOSE_LOC,3D,0.0084,1.3029,0.193389,0.448552,False,5D,1,-0.0289,-0.0289
7,INTRADAY_CLOSE_LOC,5D,0.0149,2.3471,0.019435,0.087053,False,5D,1,-0.0187,-0.0187
7,INTRADAY_CLOSE_LOC,10D,0.0099,1.4036,0.161259,0.390041,False,5D,1,-0.0077,-0.0077
7,INTRADAY_CLOSE_LOC,20D,0.007,0.9752,0.330105,0.601462,False,5D,1,-0.0128,-0.0128
7,LOG_CIRC_MV,1D,0.0148,1.4852,0.138318,0.359974,False,20D,-1,-0.0028,0.0028
7,LOG_CIRC_MV,3D,0.0147,1.0362,0.300794,0.569786,False,20D,-1,-0.0098,0.0098
7,LOG_CIRC_MV,5D,0.0111,0.6061,0.544792,0.795329,False,20D,-1,-0.0097,0.0097
7,LOG_CIRC_MV,10D,0.0036,0.1395,0.8891,1.0,False,20D,-1,-0.0178,0.0178
7,LOG_CIRC_MV,20D,-0.0033,-0.1043,0.916996,1.0,False,20D,-1,-0.0052,0.0052
7,EFFICIENCY_RATIO_10,1D,-0.0041,-0.8275,0.408487,0.680887,False,20D,1,-0.0197,-0.0197
7,EFFICIENCY_RATIO_10,3D,-0.0009,-0.1476,0.882738,1.0,False,20D,1,-0.0205,-0.0205
7,EFFICIENCY_RATIO_10,5D,0.0017,0.2235,0.823299,0.976445,False,20D,1,-0.0083,-0.0083
7,EFFICIENCY_RATIO_10,10D,0.0109,1.4241,0.155234,0.383624,False,20D,1,0.0025,0.0025
7,EFFICIENCY_RATIO_10,20D,0.0059,0.8124,0.417083,0.681923,False,20D,1,0.0225,0.0225
7,AMIHUD_20,1D,0.0,0.0,1.0,1.0,False,20D,1,0.0,0.0
7,AMIHUD_20,3D,0.0,0.0,1.0,1.0,False,20D,1,0.0,0.0
7,AMIHUD_20,5D,0.0,0.0,1.0,1.0,False,20D,1,0.0,0.0
7,AMIHUD_20,10D,0.0,0.0,1.0,1.0,False,20D,1,0.0,0.0
7,AMIHUD_20,20D,0.0,0.0,1.0,1.0,False,20D,1,0.0,0.0
7,AMIHUD_20_LN,1D,0.0,0.0,1.0,1.0,False,20D,1,0.0,0.0
7,AMIHUD_20_LN,3D,0.0,0.0,1.0,1.0,False,20D,1,0.0,0.0
7,AMIHUD_20_LN,5D,0.0,0.0,1.0,1.0,False,20D,1,0.0,0.0
7,AMIHUD_20_LN,10D,0.0,0.0,1.0,1.0,False,20D,1,0.0,0.0
7,AMIHUD_20_LN,20D,0.0,0.0,1.0,1.0,False,20D,1,0.0,0.0
7,ALPHA_RESIDUAL_MOMENTUM_20,1D,0.0001,0.0133,0.989403,1.0,False,20D,-1,-0.0296,0.0296
7,ALPHA_RESIDUAL_MOMENTUM_20,3D,-0.0001,-0.0095,0.992386,1.0,False,20D,-1,-0.0497,0.0497
7,ALPHA_RESIDUAL_MOMENTUM_20,5D,-0.0012,-0.0891,0.92904,1.0,False,20D,-1,-0.0523,0.0523
7,ALPHA_RESIDUAL_MOMENTUM_20,10D,-0.0101,-0.5971,0.550791,0.798965,False,20D,-1,-0.0744,0.0744
7,ALPHA_RESIDUAL_MOMENTUM_20,20D,-0.005,-0.2546,0.799164,0.957422,False,20D,-1,-0.0931,0.0931
7,ALPHA_TURNOVER_SURPRISE_5_20,1D,0.0027,0.5874,0.55732,0.799989,False,20D,-1,-0.0057,0.0057
7,ALPHA_TURNOVER_SURPRISE_5_20,3D,0.007,1.0378,0.300009,0.569786,False,20D,-1,0.0043,-0.0043
7,ALPHA_TURNOVER_SURPRISE_5_20,5D,0.0056,0.6458,0.518785,0.765829,False,20D,-1,0.0151,-0.0151
7,ALPHA_TURNOVER_SURPRISE_5_20,10D,0.0086,0.766,0.444152,0.707285,False,20D,-1,0.037,-0.037
7,ALPHA_TURNOVER_SURPRISE_5_20,20D,-0.0094,-1.18,0.238748,0.500788,False,20D,-1,0.0328,-0.0328
7,ALPHA_QUALITY_X_MOMENTUM,1D,0.0006,0.0886,0.92944,1.0,False,20D,-1,-0.0229,0.0229
7,ALPHA_QUALITY_X_MOMENTUM,3D,0.0019,0.1938,0.846474,0.982345,False,20D,-1,-0.0395,0.0395
7,ALPHA_QUALITY_X_MOMENTUM,5D,0.0005,0.0419,0.966619,1.0,False,20D,-1,-0.0433,0.0433
7,ALPHA_QUALITY_X_MOMENTUM,10D,-0.0065,-0.4272,0.669449,0.877238,False,20D,-1,-0.0631,0.0631
7,ALPHA_QUALITY_X_MOMENTUM,20D,-0.003,-0.17,0.865111,0.989356,False,20D,-1,-0.0732,0.0732
7,ALPHA_LIQUIDITY_X_VOL,1D,0.0,0.0,1.0,1.0,False,20D,1,0.0,0.0
7,ALPHA_LIQUIDITY_X_VOL,3D,0.0,0.0,1.0,1.0,False,20D,1,0.0,0.0
7,ALPHA_LIQUIDITY_X_VOL,5D,0.0,0.0,1.0,1.0,False,20D,1,0.0,0.0
7,ALPHA_LIQUIDITY_X_VOL,10D,0.0,0.0,1.0,1.0,False,20D,1,0.0,0.0
7,ALPHA_LIQUIDITY_X_VOL,20D,0.0,0.0,1.0,1.0,False,20D,1,0.0,0.0
7,ALPHA_SHORT_REVERSAL_5,1D,-0.004,-0.6512,0.515308,0.765829,False,20D,-1,0.0203,-0.0203
7,ALPHA_SHORT_REVERSAL_5,3D,-0.0123,-1.5287,0.127176,0.346112,False,20D,-1,0.0198,-0.0198
7,ALPHA_SHORT_REVERSAL_5,5D,-0.0136,-1.3542,0.176471,0.41924,False,20D,-1,0.009,-0.009
7,ALPHA_SHORT_REVERSAL_5,10D,-0.0084,-0.7729,0.440062,0.707285,False,20D,-1,0.0042,-0.0042
7,ALPHA_SHORT_REVERSAL_5,20D,-0.005,-0.4398,0.660331,0.874489,False,20D,-1,0.022,-0.022
7,ALPHA_IDIO_VOL_PENALTY,1D,0.0364,4.7607,3e-06,0.000239,False,20D,1,0.0268,0.0268
7,ALPHA_IDIO_VOL_PENALTY,3D,0.0503,4.6536,5e-06,0.000239,False,20D,1,0.0399,0.0399
7,ALPHA_IDIO_VOL_PENALTY,5D,0.0532,3.7654,0.000193,0.002371,False,20D,1,0.047,0.047
7,ALPHA_IDIO_VOL_PENALTY,10D,0.0592,2.848,0.004641,0.028509,False,20D,1,0.0545,0.0545
7,ALPHA_IDIO_VOL_PENALTY,20D,0.0746,2.8305,0.004896,0.028839,False,20D,1,0.092,0.092
7,ALPHA_MONEY_FLOW_DIV_10,1D,-0.0115,-2.3653,0.018521,0.087053,False,20D,-1,-0.0042,0.0042
7,ALPHA_MONEY_FLOW_DIV_10,3D,-0.0164,-2.3427,0.019662,0.08711,False,20D,-1,-0.0104,0.0104
7,ALPHA_MONEY_FLOW_DIV_10,5D,-0.0173,-2.0372,0.042327,0.157328,False,20D,-1,-0.0168,0.0168
7,ALPHA_MONEY_FLOW_DIV_10,10D,-0.0219,-2.0386,0.042191,0.157328,False,20D,-1,-0.0185,0.0185
7,ALPHA_MONEY_FLOW_DIV_10,20D,-0.0263,-2.1079,0.035698,0.136995,True,20D,-1,-0.0318,0.0318
8,KMID,1D,-0.0139,-2.1592,0.031466,0.127645,False,1D,-1,-0.0465,0.0465
8,KMID,3D,-0.0051,-0.7184,0.472982,0.675763,False,1D,-1,-0.0093,0.0093
8,KMID,5D,-0.0001,-0.0133,0.989426,1.0,False,1D,-1,-0.0047,0.0047
8,KMID,10D,-0.0065,-0.8744,0.382467,0.617952,False,1D,-1,0.0012,-0.0012
8,KMID,20D,-0.0048,-0.6113,0.541362,0.725189,False,1D,-1,0.0016,-0.0016
8,KLEN,1D,-0.0194,-3.0144,0.002749,0.028196,False,20D,-1,-0.0047,0.0047
8,KLEN,3D,-0.028,-3.4608,0.0006,0.01075,False,20D,-1,0.0094,-0.0094
8,KLEN,5D,-0.0277,-2.7211,0.006807,0.044893,False,20D,-1,0.0115,-0.0115
8,KLEN,10D,-0.0371,-2.72,0.006831,0.044893,False,20D,-1,0.0329,-0.0329
8,KLEN,20D,-0.0507,-2.7569,0.006119,0.043853,False,20D,-1,0.0578,-0.0578
8,KMID2,1D,-0.0094,-1.4842,0.138591,0.350769,False,20D,-1,-0.0392,0.0392
8,KMID2,3D,-0.0025,-0.348,0.728063,0.867169,False,20D,-1,-0.004,0.004
8,KMID2,5D,0.0044,0.6577,0.511162,0.704486,False,20D,-1,-0.0016,0.0016
8,KMID2,10D,-0.0031,-0.4108,0.681464,0.834842,False,20D,-1,0.0081,-0.0081
8,KMID2,20D,-0.0008,-0.0993,0.920927,0.993679,False,20D,-1,0.0084,-0.0084
8,KUP,1D,-0.0084,-1.6017,0.110065,0.31552,False,20D,-1,-0.0075,0.0075
8,KUP,3D,-0.0128,-2.3268,0.020503,0.094799,False,20D,-1,0.0085,-0.0085
8,KUP,5D,-0.0105,-1.8184,0.069792,0.22403,False,20D,-1,0.0232,-0.0232
8,KUP,10D,-0.0153,-1.9126,0.056558,0.19456,False,20D,-1,0.044,-0.044
8,KUP,20D,-0.0236,-2.5066,0.012609,0.069715,True,20D,-1,0.0473,-0.0473
8,KLOW,1D,-0.0106,-1.9274,0.054684,0.191172,False,20D,-1,-0.0024,0.0024
8,KLOW,3D,-0.0118,-1.8552,0.064352,0.214507,False,20D,-1,0.0018,-0.0018
8,KLOW,5D,-0.0099,-1.4702,0.142341,0.353796,False,20D,-1,0.0113,-0.0113
8,KLOW,10D,-0.0125,-1.7321,0.084068,0.261951,False,20D,-1,0.0214,-0.0214
8,KLOW,20D,-0.0209,-2.1792,0.029938,0.123782,True,20D,-1,0.0306,-0.0306
8,KSFT,1D,-0.0105,-1.6054,0.109234,0.315239,False,20D,-1,-0.0507,0.0507
8,KSFT,3D,-0.0019,-0.2649,0.791266,0.912183,False,20D,-1,-0.0159,0.0159
8,KSFT,5D,0.0033,0.4775,0.633309,0.798601,False,20D,-1,-0.0124,0.0124
8,KSFT,10D,-0.0023,-0.292,0.770444,0.892967,False,20D,-1,-0.0129,0.0129
8,KSFT,20D,-0.0009,-0.1079,0.914136,0.990656,False,20D,-1,-0.0131,0.0131
8,ROC5,1D,-0.0068,-0.9559,0.339749,0.59615,False,20D,-1,-0.0294,0.0294
8,ROC5,3D,-0.0109,-1.1311,0.258731,0.517159,False,20D,-1,-0.0092,0.0092
8,ROC5,5D,-0.0154,-1.2445,0.214076,0.458149,False,20D,-1,-0.0136,0.0136
8,ROC5,10D,-0.0096,-0.6771,0.498765,0.694074,False,20D,-1,0.0014,-0.0014
8,ROC5,20D,-0.0122,-0.8767,0.381228,0.617952,False,20D,-1,0.0289,-0.0289
8,MAX_RATIO_5,1D,-0.0039,-0.5632,0.573616,0.751997,False,20D,-1,0.0236,-0.0236
8,MAX_RATIO_5,3D,-0.0111,-1.3004,0.194264,0.429927,False,20D,-1,-0.0063,0.0063
8,MAX_RATIO_5,5D,-0.0109,-1.1112,0.267174,0.529423,False,20D,-1,-0.0096,0.0096
8,MAX_RATIO_5,10D,-0.012,-0.9679,0.333718,0.59057,False,20D,-1,0.0005,-0.0005
8,MAX_RATIO_5,20D,-0.0158,-1.2514,0.211555,0.457129,False,20D,-1,-0.0037,0.0037
8,MIN_RATIO_5,1D,0.0114,1.8118,0.070808,0.225537,False,20D,1,0.0254,0.0254
8,MIN_RATIO_5,3D,0.015,1.9237,0.055146,0.191232,False,20D,1,0.0037,0.0037
8,MIN_RATIO_5,5D,0.0185,2.0001,0.046201,0.166945,False,20D,1,0.0049,0.0049
8,MIN_RATIO_5,10D,0.0219,2.1422,0.032818,0.131885,False,20D,1,-0.0049,-0.0049
8,MIN_RATIO_5,20D,0.0283,2.4883,0.013267,0.07043,True,20D,1,-0.027,-0.027
8,MA_RATIO_5,1D,0.0066,0.921,0.357654,0.610283,False,20D,1,0.0287,0.0287
8,MA_RATIO_5,3D,0.0073,0.8249,0.409929,0.637359,False,20D,1,0.003,0.003
8,MA_RATIO_5,5D,0.0104,0.9916,0.322046,0.580038,False,20D,1,0.0041,0.0041
8,MA_RATIO_5,10D,0.0105,0.8381,0.402514,0.636327,False,20D,1,0.0033,0.0033
8,MA_RATIO_5,20D,0.0109,0.8728,0.38331,0.617952,False,20D,1,-0.0171,-0.0171
8,ROC10,1D,-0.0075,-0.9684,0.333468,0.59057,False,20D,-1,-0.025,0.025
8,ROC10,3D,-0.0107,-0.9678,0.333741,0.59057,False,20D,-1,-0.0154,0.0154
8,ROC10,5D,-0.0092,-0.681,0.496277,0.692854,False,20D,-1,-0.0023,0.0023
8,ROC10,10D,-0.004,-0.2492,0.803369,0.921196,False,20D,-1,0.0241,-0.0241
8,ROC10,20D,-0.0186,-1.0831,0.279478,0.543781,False,20D,-1,0.0614,-0.0614
8,MAX_RATIO_10,1D,-0.0088,-1.1727,0.241664,0.490168,False,20D,-1,0.0159,-0.0159
8,MAX_RATIO_10,3D,-0.0153,-1.5442,0.123381,0.332115,False,20D,-1,-0.0015,0.0015
8,MAX_RATIO_10,5D,-0.0099,-0.7806,0.435503,0.651834,False,20D,-1,-0.0047,0.0047
8,MAX_RATIO_10,10D,-0.0135,-0.8519,0.39483,0.626483,False,20D,-1,-0.0064,0.0064
8,MAX_RATIO_10,20D,-0.0138,-0.7966,0.426162,0.649821,False,20D,-1,-0.0212,0.0212
8,MIN_RATIO_10,1D,0.015,2.2658,0.024028,0.10332,False,20D,1,0.0271,0.0271
8,MIN_RATIO_10,3D,0.0209,2.2598,0.024402,0.10389,False,20D,1,0.013,0.013
8,MIN_RATIO_10,5D,0.02,1.7154,0.087086,0.267478,False,20D,1,0.0083,0.0083
8,MIN_RATIO_10,10D,0.0216,1.5822,0.114439,0.319537,False,20D,1,-0.0205,-0.0205
8,MIN_RATIO_10,20D,0.033,2.0656,0.039551,0.150816,False,20D,1,-0.0536,-0.0536
8,MA_RATIO_10,1D,0.009,1.2023,0.23,0.475481,False,20D,1,0.0288,0.0288
8,MA_RATIO_10,3D,0.0135,1.2983,0.194967,0.429927,False,20D,1,0.0131,0.0131
8,MA_RATIO_10,5D,0.0164,1.2385,0.216289,0.458149,False,20D,1,0.0144,0.0144
8,MA_RATIO_10,10D,0.0097,0.6275,0.530708,0.717624,False,20D,1,-0.0091,-0.0091
8,MA_RATIO_10,20D,0.0145,0.9382,0.348727,0.601899,False,20D,1,-0.0408,-0.0408
8,ROC20,1D,-0.0059,-0.7213,0.471154,0.675763,False,20D,-1,-0.0136,0.0136
8,ROC20,3D,-0.0102,-0.8545,0.393379,0.626483,False,20D,-1,0.0057,-0.0057
8,ROC20,5D,-0.0136,-0.9177,0.359339,0.610734,False,20D,-1,0.0222,-0.0222
8,ROC20,10D,-0.0219,-1.2338,0.218032,0.459577,False,20D,-1,0.0567,-0.0567
8,ROC20,20D,-0.0292,-1.4373,0.151474,0.372193,False,20D,-1,0.0721,-0.0721
8,MAX_RATIO_20,1D,-0.0053,-0.6636,0.507353,0.703748,False,20D,-1,0.0139,-0.0139
8,MAX_RATIO_20,3D,-0.0056,-0.5115,0.609293,0.78174,False,20D,-1,-0.0078,0.0078
8,MAX_RATIO_20,5D,-0.0017,-0.1185,0.905737,0.990656,False,20D,-1,-0.0159,0.0159
8,MAX_RATIO_20,10D,-0.002,-0.1111,0.911594,0.990656,False,20D,-1,-0.0362,0.0362
8,MAX_RATIO_20,20D,-0.0049,-0.2447,0.806788,0.922656,False,20D,-1,-0.0512,0.0512
8,MIN_RATIO_20,1D,0.0112,1.6138,0.107406,0.312058,False,20D,1,0.0149,0.0149
8,MIN_RATIO_20,3D,0.017,1.7279,0.084825,0.262408,False,20D,1,-0.0027,-0.0027
8,MIN_RATIO_20,5D,0.0181,1.4809,0.139456,0.350769,False,20D,1,-0.014,-0.014
8,MIN_RATIO_20,10D,0.0242,1.5617,0.119188,0.328531,False,20D,1,-0.0424,-0.0424
8,MIN_RATIO_20,20D,0.0422,2.3055,0.021679,0.097104,True,20D,1,-0.0716,-0.0716
8,MA_RATIO_20,1D,0.0069,0.8721,0.383705,0.617952,False,20D,1,0.0201,0.0201
8,MA_RATIO_20,3D,0.011,0.9909,0.322393,0.580038,False,20D,1,0.0005,0.0005
8,MA_RATIO_20,5D,0.0128,0.9094,0.363696,0.613291,False,20D,1,-0.0089,-0.0089
8,MA_RATIO_20,10D,0.0104,0.6213,0.534756,0.719535,False,20D,1,-0.0403,-0.0403
8,MA_RATIO_20,20D,0.021,1.1025,0.270932,0.532236,False,20D,1,-0.0707,-0.0707
8,ROC30,1D,-0.0051,-0.5694,0.569445,0.748811,False,20D,-1,0.002,-0.002
8,ROC30,3D,-0.0125,-1.0039,0.316074,0.577665,False,20D,-1,0.0179,-0.0179
8,ROC30,5D,-0.0184,-1.2084,0.22764,0.472875,False,20D,-1,0.0331,-0.0331
8,ROC30,10D,-0.0239,-1.2537,0.210742,0.457129,False,20D,-1,0.0648,-0.0648
8,ROC30,20D,-0.0435,-2.0366,0.042387,0.156152,False,20D,-1,0.0661,-0.0661
8,MAX_RATIO_30,1D,-0.0033,-0.3994,0.689856,0.838169,False,20D,1,0.0105,0.0105
8,MAX_RATIO_30,3D,-0.0006,-0.0554,0.955827,1.0,False,20D,1,-0.0106,-0.0106
8,MAX_RATIO_30,5D,0.0049,0.3443,0.730837,0.867169,False,20D,1,-0.0198,-0.0198
8,MAX_RATIO_30,10D,0.0035,0.1944,0.845952,0.94483,False,20D,1,-0.0423,-0.0423
8,MAX_RATIO_30,20D,0.0044,0.2105,0.833356,0.940533,False,20D,1,-0.0534,-0.0534
8,MIN_RATIO_30,1D,0.014,1.8472,0.065503,0.215945,False,20D,1,0.0075,0.0075
8,MIN_RATIO_30,3D,0.0227,2.0679,0.039328,0.150816,False,20D,1,-0.0092,-0.0092
8,MIN_RATIO_30,5D,0.0265,1.9952,0.046744,0.167499,False,20D,1,-0.0219,-0.0219
8,MIN_RATIO_30,10D,0.0345,2.0344,0.042612,0.156152,False,20D,1,-0.0504,-0.0504
8,MIN_RATIO_30,20D,0.0514,2.4588,0.01439,0.073663,False,20D,1,-0.0749,-0.0749
8,MA_RATIO_30,1D,0.0061,0.7268,0.467807,0.675024,False,20D,1,0.0135,0.0135
8,MA_RATIO_30,3D,0.0126,1.0557,0.291765,0.554035,False,20D,1,-0.0066,-0.0066
8,MA_RATIO_30,5D,0.0163,1.1022,0.271069,0.532236,False,20D,1,-0.0204,-0.0204
8,MA_RATIO_30,10D,0.0185,1.0372,0.300296,0.558993,False,20D,1,-0.0525,-0.0525
8,MA_RATIO_30,20D,0.0309,1.5165,0.130227,0.341449,False,20D,1,-0.0743,-0.0743
8,ROC60,1D,0.0007,0.068,0.945861,0.996132,False,20D,-1,0.0084,-0.0084
8,ROC60,3D,-0.0128,-0.9482,0.343654,0.598264,False,20D,-1,0.0173,-0.0173
8,ROC60,5D,-0.0226,-1.3493,0.178041,0.411968,False,20D,-1,0.0231,-0.0231
8,ROC60,10D,-0.0304,-1.3488,0.1782,0.411968,False,20D,-1,0.0257,-0.0257
8,ROC60,20D,-0.0352,-1.2249,0.221396,0.464114,False,20D,-1,0.0141,-0.0141
8,MAX_RATIO_60,1D,-0.0085,-0.9359,0.349941,0.601899,False,20D,1,0.0057,0.0057
8,MAX_RATIO_60,3D,-0.0044,-0.3511,0.725691,0.867169,False,20D,1,-0.0125,-0.0125
8,MAX_RATIO_60,5D,0.0017,0.1105,0.912048,0.990656,False,20D,1,-0.0212,-0.0212
8,MAX_RATIO_60,10D,0.0032,0.1564,0.875818,0.960719,False,20D,1,-0.0365,-0.0365
8,MAX_RATIO_60,20D,0.0049,0.2023,0.83976,0.94483,False,20D,1,-0.0365,-0.0365
8,MIN_RATIO_60,1D,0.0111,1.3597,0.174747,0.408376,False,20D,1,-0.0038,-0.0038
8,MIN_RATIO_60,3D,0.0237,2.0662,0.03949,0.150816,False,20D,1,-0.0202,-0.0202
8,MIN_RATIO_60,5D,0.0324,2.3734,0.018124,0.089157,False,20D,1,-0.0319,-0.0319
8,MIN_RATIO_60,10D,0.0431,2.3309,0.020286,0.094799,False,20D,1,-0.0569,-0.0569
8,MIN_RATIO_60,20D,0.0603,2.356,0.018985,0.091725,True,20D,1,-0.0741,-0.0741
8,MA_RATIO_60,1D,0.0021,0.2269,0.820614,0.93104,False,20D,1,-0.0031,-0.0031
8,MA_RATIO_60,3D,0.0123,0.9447,0.345433,0.598936,False,20D,1,-0.0224,-0.0224
8,MA_RATIO_60,5D,0.0211,1.3406,0.180868,0.413057,False,20D,1,-0.0362,-0.0362
8,MA_RATIO_60,10D,0.0282,1.4303,0.153452,0.374209,False,20D,1,-0.0572,-0.0572
8,MA_RATIO_60,20D,0.0404,1.5912,0.112399,0.317971,False,20D,1,-0.0571,-0.0571
8,ROC120,1D,0.0044,0.4492,0.653563,0.812231,False,20D,-1,0.0072,-0.0072
8,ROC120,3D,-0.0064,-0.4682,0.639885,0.799856,False,20D,-1,0.0056,-0.0056
8,ROC120,5D,-0.014,-0.8249,0.409932,0.637359,False,20D,-1,0.0094,-0.0094
8,ROC120,10D,-0.0227,-0.9859,0.32481,0.581951,False,20D,-1,0.0157,-0.0157
8,ROC120,20D,-0.0313,-1.0137,0.311384,0.572201,False,20D,-1,0.0019,-0.0019
8,MAX_RATIO_120,1D,-0.0127,-1.3326,0.183474,0.413057,False,20D,-1,0.0023,-0.0023
8,MAX_RATIO_120,3D,-0.0092,-0.7051,0.481169,0.682847,False,20D,-1,-0.0063,0.0063
8,MAX_RATIO_120,5D,-0.0035,-0.2152,0.829719,0.938893,False,20D,-1,-0.0136,0.0136
8,MAX_RATIO_120,10D,-0.0016,-0.0768,0.938808,0.996132,False,20D,-1,-0.0223,0.0223
8,MAX_RATIO_120,20D,-0.0046,-0.1799,0.85736,0.950167,False,20D,-1,-0.0174,0.0174
8,MIN_RATIO_120,1D,0.0077,0.873,0.383208,0.617952,False,20D,1,-0.0069,-0.0069
8,MIN_RATIO_120,3D,0.0181,1.4253,0.154905,0.374209,False,20D,1,-0.0181,-0.0181
8,MIN_RATIO_120,5D,0.0242,1.5231,0.128562,0.339151,False,20D,1,-0.0257,-0.0257
8,MIN_RATIO_120,10D,0.0299,1.3908,0.165113,0.394437,False,20D,1,-0.0447,-0.0447
8,MIN_RATIO_120,20D,0.0446,1.5839,0.114061,0.319537,False,20D,1,-0.0569,-0.0569
8,MA_RATIO_120,1D,-0.0016,-0.1587,0.873962,0.960719,False,20D,1,-0.004,-0.004
8,MA_RATIO_120,3D,0.0096,0.6817,0.495839,0.692854,False,20D,1,-0.0098,-0.0098
8,MA_RATIO_120,5D,0.018,1.0412,0.298427,0.557949,False,20D,1,-0.0141,-0.0141
8,MA_RATIO_120,10D,0.027,1.1672,0.243874,0.492328,False,20D,1,-0.0209,-0.0209
8,MA_RATIO_120,20D,0.0377,1.2562,0.209818,0.457129,False,20D,1,-0.0093,-0.0093
8,ROC250,1D,0.014,1.5019,0.133948,0.349077,False,20D,-1,0.007,-0.007
8,ROC250,3D,0.0088,0.6323,0.527549,0.715603,False,20D,-1,0.0145,-0.0145
8,ROC250,5D,0.0064,0.349,0.727294,0.867169,False,20D,-1,0.0212,-0.0212
8,ROC250,10D,0.0024,0.0897,0.92857,0.996132,False,20D,-1,0.0311,-0.0311
8,ROC250,20D,-0.0018,-0.0472,0.962416,1.0,False,20D,-1,0.0346,-0.0346
8,MAX_RATIO_250,1D,-0.0178,-1.8042,0.071998,0.227641,False,20D,-1,-0.0002,0.0002
8,MAX_RATIO_250,3D,-0.0149,-1.0672,0.28656,0.554035,False,20D,-1,0.0001,-0.0001
8,MAX_RATIO_250,5D,-0.0122,-0.6856,0.493365,0.692854,False,20D,-1,-0.0032,0.0032
8,MAX_RATIO_250,10D,-0.0115,-0.4803,0.631295,0.798403,False,20D,-1,-0.0061,0.0061
8,MAX_RATIO_250,20D,-0.0156,-0.5093,0.610848,0.78174,False,20D,-1,0.0036,-0.0036
8,MIN_RATIO_250,1D,0.0029,0.3304,0.741283,0.873292,False,20D,1,-0.0056,-0.0056
8,MIN_RATIO_250,3D,0.0101,0.7975,0.425656,0.649821,False,20D,1,-0.017,-0.017
8,MIN_RATIO_250,5D,0.0133,0.8186,0.413542,0.637359,False,20D,1,-0.0264,-0.0264
8,MIN_RATIO_250,10D,0.0176,0.7597,0.4479,0.662849,False,20D,1,-0.043,-0.043
8,MIN_RATIO_250,20D,0.0287,0.9095,0.363651,0.613291,False,20D,1,-0.054,-0.054
8,MA_RATIO_250,1D,-0.0085,-0.8521,0.39471,0.626483,False,20D,1,0.0004,0.0004
8,MA_RATIO_250,3D,-0.001,-0.0685,0.945443,0.996132,False,20D,1,-0.0009,-0.0009
8,MA_RATIO_250,5D,0.0034,0.1836,0.854396,0.949329,False,20D,1,-0.0051,-0.0051
8,MA_RATIO_250,10D,0.0082,0.3134,0.754169,0.88123,False,20D,1,-0.0163,-0.0163
8,MA_RATIO_250,20D,0.0129,0.3654,0.71504,0.860428,False,20D,1,-0.0166,-0.0166
8,STD5,1D,-0.0235,-3.5072,0.000508,0.009497,False,20D,-1,-0.0079,0.0079
8,STD5,3D,-0.0354,-3.8021,0.000167,0.008287,False,20D,-1,-0.0054,0.0054
8,STD5,5D,-0.0386,-3.3758,0.000813,0.012485,False,20D,-1,-0.0031,0.0031
8,STD5,10D,-0.0421,-2.8182,0.005084,0.040484,False,20D,-1,0.0275,-0.0275
8,STD5,20D,-0.0592,-2.8931,0.004036,0.034029,False,20D,-1,0.0548,-0.0548
8,STD10,1D,-0.0293,-3.8193,0.000156,0.008287,False,20D,-1,-0.0065,0.0065
8,STD10,3D,-0.0417,-3.8532,0.000137,0.008287,False,20D,-1,0.0008,-0.0008
8,STD10,5D,-0.0437,-3.2153,0.001415,0.018438,False,20D,-1,0.0117,-0.0117
8,STD10,10D,-0.0517,-2.8463,0.004665,0.037848,False,20D,-1,0.0375,-0.0375
8,STD10,20D,-0.0724,-2.9212,0.003697,0.032443,False,20D,-1,0.0686,-0.0686
8,STD20,1D,-0.0324,-3.7705,0.000189,0.008287,False,20D,-1,0.0003,-0.0003
8,STD20,3D,-0.0473,-3.9074,0.000111,0.008287,False,20D,-1,0.0126,-0.0126
8,STD20,5D,-0.0508,-3.3267,0.000965,0.014309,False,20D,-1,0.0245,-0.0245
8,STD20,10D,-0.0574,-2.7658,0.005957,0.043853,False,20D,-1,0.0461,-0.0461
8,STD20,20D,-0.0792,-3.0139,0.002754,0.028196,False,20D,-1,0.0716,-0.0716
8,STD30,1D,-0.0327,-3.6537,0.000295,0.009341,False,20D,-1,0.0018,-0.0018
8,STD30,3D,-0.0475,-3.774,0.000187,0.008287,False,20D,-1,0.014,-0.014
8,STD30,5D,-0.0519,-3.2839,0.00112,0.015535,False,20D,-1,0.0228,-0.0228
8,STD30,10D,-0.0585,-2.7354,0.006524,0.044893,False,20D,-1,0.043,-0.043
8,STD30,20D,-0.0872,-3.0593,0.002377,0.026898,True,20D,-1,0.0712,-0.0712
8,STD60,1D,-0.0337,-3.5956,0.000367,0.009341,False,20D,-1,0.0023,-0.0023
8,STD60,3D,-0.0497,-3.7405,0.000212,0.008287,False,20D,-1,0.015,-0.015
8,STD60,5D,-0.0539,-3.165,0.001677,0.02091,False,20D,-1,0.0255,-0.0255
8,STD60,10D,-0.0614,-2.6246,0.009027,0.053911,False,20D,-1,0.0497,-0.0497
8,STD60,20D,-0.0847,-2.7144,0.006945,0.044893,False,20D,-1,0.0834,-0.0834
8,STD120,1D,-0.032,-3.3905,0.000772,0.012295,False,20D,-1,0.0089,-0.0089
8,STD120,3D,-0.0459,-3.4019,0.000741,0.012255,False,20D,-1,0.0271,-0.0271
8,STD120,5D,-0.0486,-2.7964,0.005432,0.042468,False,20D,-1,0.0407,-0.0407
8,STD120,10D,-0.054,-2.2889,0.022638,0.09933,False,20D,-1,0.0678,-0.0678
8,STD120,20D,-0.0724,-2.3094,0.02146,0.097104,False,20D,-1,0.1021,-0.1021
8,STD250,1D,-0.0287,-3.0459,0.002483,0.027377,False,10D,-1,0.0082,-0.0082
8,STD250,3D,-0.0404,-3.0274,0.002636,0.028196,False,10D,-1,0.0299,-0.0299
8,STD250,5D,-0.0421,-2.4455,0.014922,0.075488,False,10D,-1,0.0445,-0.0445
8,STD250,10D,-0.0453,-1.9344,0.053811,0.189662,True,10D,-1,0.0701,-0.0701
8,STD250,20D,-0.0596,-1.8685,0.062461,0.210186,False,10D,-1,0.1081,-0.1081
8,ATR_RATIO_5,1D,-0.028,-3.6422,0.000308,0.009341,False,20D,-1,-0.0078,0.0078
8,ATR_RATIO_5,3D,-0.0396,-3.6004,0.00036,0.009341,False,20D,-1,0.0008,-0.0008
8,ATR_RATIO_5,5D,-0.0435,-3.1337,0.001861,0.022229,False,20D,-1,0.0113,-0.0113
8,ATR_RATIO_5,10D,-0.0489,-2.5502,0.011161,0.06399,False,20D,-1,0.0417,-0.0417
8,ATR_RATIO_5,20D,-0.0695,-2.7744,0.005805,0.043853,True,20D,-1,0.0714,-0.0714
8,ATR_RATIO_20,1D,-0.0312,-3.5078,0.000506,0.009497,False,20D,-1,0.0047,-0.0047
8,ATR_RATIO_20,3D,-0.0448,-3.578,0.000391,0.009341,False,20D,-1,0.0178,-0.0178
8,ATR_RATIO_20,5D,-0.0471,-2.9371,0.003517,0.032053,False,20D,-1,0.0297,-0.0297
8,ATR_RATIO_20,10D,-0.0546,-2.4943,0.013048,0.07043,False,20D,-1,0.0483,-0.0483
8,ATR_RATIO_20,20D,-0.0797,-2.9341,0.00355,0.032053,False,20D,-1,0.0691,-0.0691
8,ATR_RATIO_60,1D,-0.0303,-3.2453,0.001278,0.017173,False,20D,-1,0.004,-0.004
8,ATR_RATIO_60,3D,-0.043,-3.2938,0.001082,0.015509,False,20D,-1,0.0145,-0.0145
8,ATR_RATIO_60,5D,-0.0453,-2.6902,0.007458,0.046477,False,20D,-1,0.0242,-0.0242
8,ATR_RATIO_60,10D,-0.054,-2.4033,0.016728,0.08364,False,20D,-1,0.0416,-0.0416
8,ATR_RATIO_60,20D,-0.0756,-2.712,0.006995,0.044893,False,20D,-1,0.0701,-0.0701
8,ROC_STD_20,1D,-0.0053,-0.6586,0.510568,0.704486,False,20D,-1,-0.0089,0.0089
8,ROC_STD_20,3D,-0.0101,-0.8791,0.37988,0.617952,False,20D,-1,0.0127,-0.0127
8,ROC_STD_20,5D,-0.0147,-1.0412,0.298438,0.557949,False,20D,-1,0.0311,-0.0311
8,ROC_STD_20,10D,-0.0249,-1.4832,0.138858,0.350769,False,20D,-1,0.0609,-0.0609
8,ROC_STD_20,20D,-0.0301,-1.6545,0.098867,0.29509,False,20D,-1,0.0723,-0.0723
8,ROC_STD_60,1D,0.0036,0.3908,0.696171,0.840881,False,20D,-1,0.0096,-0.0096
8,ROC_STD_60,3D,-0.0063,-0.483,0.629361,0.798305,False,20D,-1,0.0165,-0.0165
8,ROC_STD_60,5D,-0.0133,-0.8212,0.412074,0.637359,False,20D,-1,0.0236,-0.0236
8,ROC_STD_60,10D,-0.0188,-0.8829,0.377873,0.617952,False,20D,-1,0.0275,-0.0275
8,ROC_STD_60,20D,-0.022,-0.7861,0.4323,0.651834,False,20D,-1,0.0142,-0.0142
8,ROC_STD_120,1D,0.0074,0.7937,0.427875,0.650128,False,20D,-1,0.0057,-0.0057
8,ROC_STD_120,3D,-0.0009,-0.0659,0.947484,0.996132,False,20D,-1,0.0014,-0.0014
8,ROC_STD_120,5D,-0.0065,-0.3965,0.691977,0.838169,False,20D,-1,0.0051,-0.0051
8,ROC_STD_120,10D,-0.0122,-0.5506,0.582211,0.760944,False,20D,-1,0.0122,-0.0122
8,ROC_STD_120,20D,-0.0149,-0.4941,0.621507,0.790675,False,20D,-1,-0.0002,0.0002
8,ROC_STD_250,1D,0.0174,1.8376,0.066913,0.217974,False,20D,1,0.005,0.005
8,ROC_STD_250,3D,0.0147,1.0418,0.298182,0.557949,False,20D,1,0.0086,0.0086
8,ROC_STD_250,5D,0.0139,0.7389,0.460433,0.668872,False,20D,1,0.0142,0.0142
8,ROC_STD_250,10D,0.0121,0.4358,0.663266,0.821915,False,20D,1,0.0237,0.0237
8,ROC_STD_250,20D,0.0131,0.34,0.734069,0.867169,False,20D,1,0.0242,0.0242
8,MOM_ACC_20_60,1D,0.0021,0.2322,0.816499,0.930614,False,20D,-1,0.0221,-0.0221
8,MOM_ACC_20_60,3D,-0.0094,-0.7512,0.452994,0.66708,False,20D,-1,0.0374,-0.0374
8,MOM_ACC_20_60,5D,-0.0186,-1.2398,0.215821,0.458149,False,20D,-1,0.0497,-0.0497
8,MOM_ACC_20_60,10D,-0.0284,-1.4124,0.158669,0.38116,False,20D,-1,0.0547,-0.0547
8,MOM_ACC_20_60,20D,-0.0412,-1.5958,0.111382,0.317181,False,20D,-1,0.0311,-0.0311
8,MOM_ACC_60_120,1D,0.0082,0.9034,0.366894,0.61538,False,20D,-1,0.0028,-0.0028
8,MOM_ACC_60_120,3D,0.0011,0.081,0.935486,0.996132,False,20D,-1,-0.0156,0.0156
8,MOM_ACC_60_120,5D,-0.0044,-0.2558,0.798259,0.917784,False,20D,-1,-0.0251,0.0251
8,MOM_ACC_60_120,10D,-0.014,-0.6026,0.547153,0.73067,False,20D,-1,-0.039,0.039
8,MOM_ACC_60_120,20D,-0.0204,-0.7155,0.474721,0.675927,False,20D,-1,-0.0593,0.0593
8,VMA_RATIO_5,1D,-0.0066,-1.3345,0.18284,0.413057,False,20D,-1,0.001,-0.001
8,VMA_RATIO_5,3D,-0.0072,-1.3286,0.18478,0.41383,False,20D,-1,-0.0101,0.0101
8,VMA_RATIO_5,5D,-0.0067,-1.2223,0.222343,0.464114,False,20D,-1,0.0019,-0.0019
8,VMA_RATIO_5,10D,-0.0001,-0.0137,0.989082,1.0,False,20D,-1,0.0065,-0.0065
8,VMA_RATIO_5,20D,-0.0072,-2.0778,0.0384,0.150816,False,20D,-1,0.0028,-0.0028
8,VSTD_5,1D,-0.0031,-0.7586,0.448579,0.662849,False,20D,-1,-0.0197,0.0197
8,VSTD_5,3D,-0.0034,-0.6202,0.535468,0.719535,False,20D,-1,-0.0263,0.0263
8,VSTD_5,5D,-0.0093,-1.5704,0.117159,0.325022,False,20D,-1,-0.0343,0.0343
8,VSTD_5,10D,-0.01,-1.3379,0.18172,0.413057,False,20D,-1,-0.0224,0.0224
8,VSTD_5,20D,-0.0125,-1.7687,0.077757,0.244055,False,20D,-1,-0.0111,0.0111
8,VMA_RATIO_10,1D,-0.0067,-1.3376,0.18184,0.413057,False,20D,-1,0.0067,-0.0067
8,VMA_RATIO_10,3D,-0.0067,-1.1857,0.236472,0.484205,False,20D,-1,0.0001,-0.0001
8,VMA_RATIO_10,5D,-0.0027,-0.4327,0.665486,0.822296,False,20D,-1,0.0142,-0.0142
8,VMA_RATIO_10,10D,-0.0019,-0.3058,0.759902,0.885523,False,20D,-1,0.0146,-0.0146
8,VMA_RATIO_10,20D,-0.0085,-1.5426,0.123762,0.332115,False,20D,-1,0.0066,-0.0066
8,VSTD_10,1D,-0.0091,-2.2161,0.027284,0.113904,False,20D,-1,-0.0232,0.0232
8,VSTD_10,3D,-0.0148,-2.5356,0.011628,0.06579,False,20D,-1,-0.028,0.028
8,VSTD_10,5D,-0.0139,-1.8452,0.065788,0.215945,False,20D,-1,-0.0284,0.0284
8,VSTD_10,10D,-0.0143,-1.5542,0.120974,0.33133,False,20D,-1,-0.0201,0.0201
8,VSTD_10,20D,-0.0252,-2.8642,0.004414,0.0365,True,20D,-1,-0.0077,0.0077
8,VMA_RATIO_20,1D,-0.0044,-0.8561,0.392477,0.626483,False,20D,-1,0.0156,-0.0156
8,VMA_RATIO_20,3D,-0.0061,-0.9967,0.319554,0.579782,False,20D,-1,0.0105,-0.0105
8,VMA_RATIO_20,5D,-0.0044,-0.645,0.519336,0.706691,False,20D,-1,0.0228,-0.0228
8,VMA_RATIO_20,10D,-0.0056,-0.6977,0.48581,0.687165,False,20D,-1,0.0193,-0.0193
8,VMA_RATIO_20,20D,-0.0072,-0.9017,0.367797,0.61538,False,20D,-1,-0.0001,0.0001
8,VSTD_20,1D,-0.0101,-2.3209,0.020825,0.095263,False,20D,-1,-0.0169,0.0169
8,VSTD_20,3D,-0.0151,-2.4797,0.013586,0.071244,False,20D,-1,-0.021,0.021
8,VSTD_20,5D,-0.02,-2.7445,0.006351,0.044769,False,20D,-1,-0.0219,0.0219
8,VSTD_20,10D,-0.0231,-2.5584,0.010905,0.063367,False,20D,-1,-0.0184,0.0184
8,VSTD_20,20D,-0.0297,-2.3341,0.020116,0.094799,True,20D,-1,-0.0026,0.0026
8,VMA_RATIO_60,1D,0.0005,0.0861,0.931405,0.996132,False,20D,1,0.0126,0.0126
8,VMA_RATIO_60,3D,0.0014,0.1954,0.845198,0.94483,False,20D,1,0.0021,0.0021
8,VMA_RATIO_60,5D,0.0047,0.5445,0.586431,0.764137,False,20D,1,0.0066,0.0066
8,VMA_RATIO_60,10D,0.0089,0.8735,0.382966,0.617952,False,20D,1,-0.0035,-0.0035
8,VMA_RATIO_60,20D,0.0155,1.3667,0.172541,0.408376,False,20D,1,-0.0277,-0.0277
8,VSTD_60,1D,-0.0111,-2.032,0.042851,0.156152,False,5D,-1,-0.019,0.019
8,VSTD_60,3D,-0.0167,-2.1313,0.033712,0.134224,False,5D,-1,-0.0242,0.0242
8,VSTD_60,5D,-0.021,-2.0476,0.041296,0.154961,True,5D,-1,-0.0264,0.0264
8,VSTD_60,10D,-0.0234,-1.494,0.136008,0.3502,False,5D,-1,-0.0268,0.0268
8,VSTD_60,20D,-0.029,-1.1773,0.239817,0.488727,False,5D,-1,-0.0252,0.0252
8,CORR_PV_5,1D,-0.0048,-1.0019,0.317044,0.577665,False,10D,-1,-0.0145,0.0145
8,CORR_PV_5,3D,-0.01,-1.6841,0.09299,0.27962,False,10D,-1,-0.0083,0.0083
8,CORR_PV_5,5D,-0.0149,-2.0461,0.041443,0.154961,False,10D,-1,-0.0096,0.0096
8,CORR_PV_5,10D,-0.0178,-1.9755,0.048938,0.173912,False,10D,-1,0.006,-0.006
8,CORR_PV_5,20D,-0.0225,-1.6855,0.092711,0.27962,False,10D,-1,0.028,-0.028
8,WVMA_5,1D,-0.0222,-3.5071,0.000508,0.009497,False,20D,-1,-0.0139,0.0139
8,WVMA_5,3D,-0.0313,-3.5391,0.000452,0.009497,False,20D,-1,-0.0138,0.0138
8,WVMA_5,5D,-0.0375,-3.4394,0.000648,0.011146,False,20D,-1,-0.0158,0.0158
8,WVMA_5,10D,-0.0405,-2.9499,0.003377,0.032053,False,20D,-1,0.0123,-0.0123
8,WVMA_5,20D,-0.0513,-2.7623,0.006021,0.043853,False,20D,-1,0.0434,-0.0434
8,CORR_PV_10,1D,-0.0131,-2.472,0.013878,0.071898,False,10D,-1,-0.0111,0.0111
8,CORR_PV_10,3D,-0.0218,-2.9009,0.003939,0.033875,False,10D,-1,-0.0002,0.0002
8,CORR_PV_10,5D,-0.0257,-2.6501,0.008385,0.050782,False,10D,-1,0.0065,-0.0065
8,CORR_PV_10,10D,-0.0319,-2.2748,0.02348,0.101984,True,10D,-1,0.0219,-0.0219
8,CORR_PV_10,20D,-0.0298,-1.5253,0.128027,0.339151,False,10D,-1,0.0361,-0.0361
8,WVMA_10,1D,-0.0274,-4.0891,5.3e-05,0.008287,False,20D,-1,-0.0138,0.0138
8,WVMA_10,3D,-0.0365,-3.7523,0.000203,0.008287,False,20D,-1,-0.0104,0.0104
8,WVMA_10,5D,-0.036,-2.9523,0.003351,0.032053,False,20D,-1,-0.0009,0.0009
8,WVMA_10,10D,-0.0403,-2.5056,0.012646,0.069715,False,20D,-1,0.0244,-0.0244
8,WVMA_10,20D,-0.0576,-2.757,0.006117,0.043853,False,20D,-1,0.0563,-0.0563
8,CORR_PV_20,1D,-0.0131,-2.29,0.02257,0.09933,False,3D,-1,-0.0074,0.0074
8,CORR_PV_20,3D,-0.0183,-2.1602,0.031389,0.127645,False,3D,-1,-0.0018,0.0018
8,CORR_PV_20,5D,-0.019,-1.6513,0.099507,0.29509,False,3D,-1,-0.0015,0.0015
8,CORR_PV_20,10D,-0.0136,-0.8351,0.404211,0.636669,False,3D,-1,0.0085,-0.0085
8,CORR_PV_20,20D,-0.0231,-1.0854,0.278454,0.543781,False,3D,-1,0.0169,-0.0169
8,WVMA_20,1D,-0.0266,-3.5923,0.000371,0.009341,False,20D,-1,-0.0075,0.0075
8,WVMA_20,3D,-0.0383,-3.5815,0.000386,0.009341,False,20D,-1,0.0021,-0.0021
8,WVMA_20,5D,-0.042,-3.1606,0.001702,0.02091,False,20D,-1,0.0123,-0.0123
8,WVMA_20,10D,-0.0455,-2.5865,0.010069,0.059311,False,20D,-1,0.0325,-0.0325
8,WVMA_20,20D,-0.0628,-2.9648,0.003221,0.032053,True,20D,-1,0.0608,-0.0608
8,TURNOVER_SURGE_5,1D,0.0059,1.1861,0.236311,0.484205,False,20D,1,-0.0033,-0.0033
8,TURNOVER_SURGE_5,3D,0.0067,1.2396,0.21591,0.458149,False,20D,1,0.0069,0.0069
8,TURNOVER_SURGE_5,5D,0.0056,1.0279,0.304659,0.563533,False,20D,1,-0.0059,-0.0059
8,TURNOVER_SURGE_5,10D,-0.0015,-0.2988,0.765279,0.889378,False,20D,1,-0.0114,-0.0114
8,TURNOVER_SURGE_5,20D,0.0044,1.0614,0.28919,0.554035,False,20D,1,-0.009,-0.009
8,TURNOVER_SURGE_20,1D,0.004,0.7803,0.435704,0.651834,False,20D,1,-0.0176,-0.0176
8,TURNOVER_SURGE_20,3D,0.0058,0.9561,0.339648,0.59615,False,20D,1,-0.0152,-0.0152
8,TURNOVER_SURGE_20,5D,0.0035,0.5151,0.606818,0.78174,False,20D,1,-0.0274,-0.0274
8,TURNOVER_SURGE_20,10D,0.0034,0.4129,0.679927,0.834842,False,20D,1,-0.024,-0.024
8,TURNOVER_SURGE_20,20D,0.0034,0.3988,0.690245,0.838169,False,20D,1,-0.0078,-0.0078
8,TURNOVER_STD_20,1D,-0.0194,-2.7244,0.006742,0.044893,False,20D,-1,-0.0018,0.0018
8,TURNOVER_STD_20,3D,-0.0283,-2.6917,0.007426,0.046477,False,20D,-1,0.0061,-0.0061
8,TURNOVER_STD_20,5D,-0.0332,-2.4917,0.013141,0.07043,False,20D,-1,0.0158,-0.0158
8,TURNOVER_STD_20,10D,-0.04,-2.2182,0.027135,0.113904,False,20D,-1,0.0378,-0.0378
8,TURNOVER_STD_20,20D,-0.0616,-2.6851,0.007571,0.046508,False,20D,-1,0.0646,-0.0646
8,AMOUNT_RATIO_5_20,1D,-0.0032,-0.5851,0.558811,0.73835,False,20D,-1,-0.0243,0.0243
8,AMOUNT_RATIO_5_20,3D,-0.0014,-0.1861,0.852501,0.949329,False,20D,-1,-0.0304,0.0304
8,AMOUNT_RATIO_5_20,5D,-0.003,-0.3146,0.753257,0.88123,False,20D,-1,-0.0314,0.0314
8,AMOUNT_RATIO_5_20,10D,0.0043,0.3636,0.716356,0.860428,False,20D,-1,-0.0135,0.0135
8,AMOUNT_RATIO_5_20,20D,-0.0046,-0.413,0.679872,0.834842,False,20D,-1,0.0106,-0.0106
8,LIMIT_UP_SPACE,1D,-0.0058,-1.0557,0.291798,0.554035,False,5D,-1,0.0228,-0.0228
8,LIMIT_UP_SPACE,3D,-0.017,-2.3709,0.018246,0.089157,False,5D,-1,0.0113,-0.0113
8,LIMIT_UP_SPACE,5D,-0.0179,-2.0647,0.039633,0.150816,False,5D,-1,0.0148,-0.0148
8,LIMIT_UP_SPACE,10D,-0.0185,-1.6283,0.104306,0.305113,False,5D,-1,0.0182,-0.0182
8,LIMIT_UP_SPACE,20D,-0.0258,-1.8183,0.069814,0.22403,False,5D,-1,0.0221,-0.0221
8,IS_LIMIT_UP_LAG1,1D,0.0,0.0217,0.982719,1.0,False,20D,1,0.0003,0.0003
8,IS_LIMIT_UP_LAG1,3D,0.0028,1.4646,0.143876,0.355556,False,20D,1,-0.0009,-0.0009
8,IS_LIMIT_UP_LAG1,5D,0.0014,1.1341,0.257473,0.517159,False,20D,1,-0.0019,-0.0019
8,IS_LIMIT_UP_LAG1,10D,0.0011,0.6501,0.515992,0.706691,False,20D,1,-0.0002,-0.0002
8,IS_LIMIT_UP_LAG1,20D,0.0004,0.2302,0.818075,0.930614,False,20D,1,0.0025,0.0025
8,IS_LIMIT_DOWN_LAG1,1D,0.0004,1.0576,0.290927,0.554035,False,20D,1,0.0,0.0
8,IS_LIMIT_DOWN_LAG1,3D,0.0007,1.3626,0.173822,0.408376,False,20D,1,0.0,0.0
8,IS_LIMIT_DOWN_LAG1,5D,0.0006,1.4254,0.154867,0.374209,False,20D,1,0.0,0.0
8,IS_LIMIT_DOWN_LAG1,10D,0.0006,1.3625,0.173857,0.408376,False,20D,1,0.0,0.0
8,IS_LIMIT_DOWN_LAG1,20D,0.0004,1.1286,0.259782,0.517159,False,20D,1,0.0,0.0
8,UPPER_SHADOW_RATIO,1D,-0.0036,-0.7712,0.441076,0.656272,False,20D,1,-0.0032,-0.0032
8,UPPER_SHADOW_RATIO,3D,0.0014,0.3198,0.749317,0.880345,False,20D,1,0.0061,0.0061
8,UPPER_SHADOW_RATIO,5D,0.0035,0.8218,0.411707,0.637359,False,20D,1,0.0166,0.0166
8,UPPER_SHADOW_RATIO,10D,0.0037,0.7183,0.473034,0.675763,False,20D,1,0.0273,0.0273
8,UPPER_SHADOW_RATIO,20D,0.0035,0.7423,0.45838,0.668147,False,20D,1,0.0193,0.0193
8,LOWER_SHADOW_RATIO,1D,0.0001,0.0113,0.991027,1.0,False,20D,1,-0.0045,-0.0045
8,LOWER_SHADOW_RATIO,3D,0.003,0.5235,0.600912,0.780641,False,20D,1,-0.0047,-0.0047
8,LOWER_SHADOW_RATIO,5D,0.0027,0.4631,0.643552,0.802108,False,20D,1,0.0021,0.0021
8,LOWER_SHADOW_RATIO,10D,0.0076,1.5403,0.124319,0.332115,False,20D,1,-0.0031,-0.0031
8,LOWER_SHADOW_RATIO,20D,0.0046,0.7788,0.436577,0.651834,False,20D,1,-0.0065,-0.0065
8,ENTITY_RATIO,1D,0.0007,0.1596,0.873258,0.960719,False,20D,-1,0.0055,-0.0055
8,ENTITY_RATIO,3D,-0.0024,-0.5116,0.609237,0.78174,False,20D,-1,0.0012,-0.0012
8,ENTITY_RATIO,5D,-0.0036,-0.7844,0.433326,0.651834,False,20D,-1,-0.0108,0.0108
8,ENTITY_RATIO,10D,-0.0081,-1.893,0.059124,0.201772,False,20D,-1,-0.0179,0.0179
8,ENTITY_RATIO,20D,-0.0078,-1.6371,0.102443,0.301716,False,20D,-1,-0.012,0.012
8,INTRADAY_CLOSE_LOC,1D,-0.0049,-0.8036,0.42212,0.648256,False,20D,-1,-0.0358,0.0358
8,INTRADAY_CLOSE_LOC,3D,-0.0013,-0.1968,0.844079,0.94483,False,20D,-1,-0.0064,0.0064
8,INTRADAY_CLOSE_LOC,5D,0.0051,0.7464,0.455908,0.667857,False,20D,-1,-0.0062,0.0062
8,INTRADAY_CLOSE_LOC,10D,-0.0008,-0.0979,0.922042,0.993679,False,20D,-1,-0.0051,0.0051
8,INTRADAY_CLOSE_LOC,20D,-0.0005,-0.0673,0.946392,0.996132,False,20D,-1,-0.004,0.004
8,LOG_CIRC_MV,1D,0.0098,0.922,0.357139,0.610283,False,20D,-1,-0.0027,0.0027
8,LOG_CIRC_MV,3D,0.0071,0.4705,0.6383,0.799856,False,20D,-1,-0.0239,0.0239
8,LOG_CIRC_MV,5D,-0.0016,-0.0816,0.935013,0.996132,False,20D,-1,-0.0362,0.0362
8,LOG_CIRC_MV,10D,-0.0162,-0.5974,0.550625,0.730908,False,20D,-1,-0.0655,0.0655
8,LOG_CIRC_MV,20D,-0.0298,-0.8237,0.410615,0.637359,False,20D,-1,-0.1083,0.1083
8,EFFICIENCY_RATIO_10,1D,-0.0119,-2.3477,0.019405,0.092713,False,1D,-1,-0.0018,0.0018
8,EFFICIENCY_RATIO_10,3D,-0.0108,-1.7043,0.089144,0.271858,False,1D,-1,0.0053,-0.0053
8,EFFICIENCY_RATIO_10,5D,-0.0044,-0.5837,0.559772,0.73835,False,1D,-1,0.0055,-0.0055
8,EFFICIENCY_RATIO_10,10D,0.0028,0.4038,0.686593,0.838169,False,1D,-1,0.0004,-0.0004
8,EFFICIENCY_RATIO_10,20D,0.0034,0.4707,0.638125,0.799856,False,1D,-1,0.0158,-0.0158
8,AMIHUD_20,1D,0.0,0.0,1.0,1.0,False,20D,1,0.0,0.0
8,AMIHUD_20,3D,0.0,0.0,1.0,1.0,False,20D,1,0.0,0.0
8,AMIHUD_20,5D,0.0,0.0,1.0,1.0,False,20D,1,0.0,0.0
8,AMIHUD_20,10D,0.0,0.0,1.0,1.0,False,20D,1,0.0,0.0
8,AMIHUD_20,20D,0.0,0.0,1.0,1.0,False,20D,1,0.0,0.0
8,AMIHUD_20_LN,1D,0.0,0.0,1.0,1.0,False,20D,1,0.0,0.0
8,AMIHUD_20_LN,3D,0.0,0.0,1.0,1.0,False,20D,1,0.0,0.0
8,AMIHUD_20_LN,5D,0.0,0.0,1.0,1.0,False,20D,1,0.0,0.0
8,AMIHUD_20_LN,10D,0.0,0.0,1.0,1.0,False,20D,1,0.0,0.0
8,AMIHUD_20_LN,20D,0.0,0.0,1.0,1.0,False,20D,1,0.0,0.0
8,ALPHA_RESIDUAL_MOMENTUM_20,1D,-0.0059,-0.7301,0.465784,0.674367,False,20D,-1,-0.013,0.013
8,ALPHA_RESIDUAL_MOMENTUM_20,3D,-0.0104,-0.8761,0.381557,0.617952,False,20D,-1,0.0048,-0.0048
8,ALPHA_RESIDUAL_MOMENTUM_20,5D,-0.014,-0.9533,0.341053,0.59615,False,20D,-1,0.0208,-0.0208
8,ALPHA_RESIDUAL_MOMENTUM_20,10D,-0.0221,-1.2714,0.204361,0.448343,False,20D,-1,0.0528,-0.0528
8,ALPHA_RESIDUAL_MOMENTUM_20,20D,-0.0295,-1.4808,0.139492,0.350769,False,20D,-1,0.0699,-0.0699
8,ALPHA_TURNOVER_SURPRISE_5_20,1D,-0.0024,-0.4945,0.621235,0.790675,False,20D,1,-0.0243,-0.0243
8,ALPHA_TURNOVER_SURPRISE_5_20,3D,0.0007,0.1073,0.914629,0.990656,False,20D,1,-0.0328,-0.0328
8,ALPHA_TURNOVER_SURPRISE_5_20,5D,-0.0007,-0.0804,0.935995,0.996132,False,20D,1,-0.037,-0.037
8,ALPHA_TURNOVER_SURPRISE_5_20,10D,0.0073,0.65,0.516116,0.706691,False,20D,1,-0.0257,-0.0257
8,ALPHA_TURNOVER_SURPRISE_5_20,20D,0.0018,0.1743,0.861702,0.952524,False,20D,1,-0.0072,-0.0072
8,ALPHA_QUALITY_X_MOMENTUM,1D,-0.0053,-0.7452,0.456628,0.667857,False,20D,-1,-0.0113,0.0113
8,ALPHA_QUALITY_X_MOMENTUM,3D,-0.0093,-0.8974,0.370094,0.616823,False,20D,-1,0.0053,-0.0053
8,ALPHA_QUALITY_X_MOMENTUM,5D,-0.0134,-1.0542,0.292479,0.554035,False,20D,-1,0.0194,-0.0194
8,ALPHA_QUALITY_X_MOMENTUM,10D,-0.0195,-1.3046,0.192815,0.429588,False,20D,-1,0.0506,-0.0506
8,ALPHA_QUALITY_X_MOMENTUM,20D,-0.0242,-1.4983,0.13488,0.349388,False,20D,-1,0.0706,-0.0706
8,ALPHA_LIQUIDITY_X_VOL,1D,0.0,0.0,1.0,1.0,False,20D,1,0.0,0.0
8,ALPHA_LIQUIDITY_X_VOL,3D,0.0,0.0,1.0,1.0,False,20D,1,0.0,0.0
8,ALPHA_LIQUIDITY_X_VOL,5D,0.0,0.0,1.0,1.0,False,20D,1,0.0,0.0
8,ALPHA_LIQUIDITY_X_VOL,10D,0.0,0.0,1.0,1.0,False,20D,1,0.0,0.0
8,ALPHA_LIQUIDITY_X_VOL,20D,0.0,0.0,1.0,1.0,False,20D,1,0.0,0.0
8,ALPHA_SHORT_REVERSAL_5,1D,0.0032,0.5156,0.606463,0.78174,False,20D,1,0.0174,0.0174
8,ALPHA_SHORT_REVERSAL_5,3D,0.0028,0.3423,0.732349,0.867169,False,20D,1,-0.001,-0.001
8,ALPHA_SHORT_REVERSAL_5,5D,0.0063,0.5972,0.550731,0.730908,False,20D,1,0.0032,0.0032
8,ALPHA_SHORT_REVERSAL_5,10D,0.0033,0.2798,0.779768,0.901345,False,20D,1,-0.0086,-0.0086
8,ALPHA_SHORT_REVERSAL_5,20D,0.0075,0.6461,0.51861,0.706691,False,20D,1,-0.0265,-0.0265
8,ALPHA_IDIO_VOL_PENALTY,1D,0.0326,3.8755,0.000125,0.008287,False,20D,1,-0.0002,-0.0002
8,ALPHA_IDIO_VOL_PENALTY,3D,0.0482,4.0625,5.9e-05,0.008287,False,20D,1,-0.011,-0.011
8,ALPHA_IDIO_VOL_PENALTY,5D,0.0525,3.5084,0.000505,0.009497,False,20D,1,-0.0221,-0.0221
8,ALPHA_IDIO_VOL_PENALTY,10D,0.0601,2.9316,0.003578,0.032053,False,20D,1,-0.0425,-0.0425
8,ALPHA_IDIO_VOL_PENALTY,20D,0.0815,3.1135,0.00199,0.023127,True,20D,1,-0.0675,-0.0675
8,ALPHA_MONEY_FLOW_DIV_10,1D,-0.008,-1.5402,0.12435,0.332115,False,20D,-1,-0.0042,0.0042
8,ALPHA_MONEY_FLOW_DIV_10,3D,-0.014,-1.8678,0.062567,0.210186,False,20D,-1,-0.0035,0.0035
8,ALPHA_MONEY_FLOW_DIV_10,5D,-0.014,-1.4716,0.141957,0.353796,False,20D,-1,-0.0018,0.0018
8,ALPHA_MONEY_FLOW_DIV_10,10D,-0.0135,-1.0264,0.305356,0.563533,False,20D,-1,-0.0071,0.0071
8,ALPHA_MONEY_FLOW_DIV_10,20D,-0.0129,-0.6916,0.489621,0.690285,False,20D,-1,0.001,-0.001
9,KMID,1D,-0.0272,-4.1591,4e-05,0.0086,True,1D,-1,-0.018,0.018
9,KMID,3D,-0.0129,-2.0942,0.036909,0.276741,False,1D,-1,-0.012,0.012
9,KMID,5D,-0.0082,-1.3156,0.189119,0.596269,False,1D,-1,-0.0052,0.0052
9,KMID,10D,-0.0061,-0.8879,0.375176,0.779351,False,1D,-1,-0.0026,0.0026
9,KMID,20D,-0.0078,-1.197,0.232042,0.65374,False,1D,-1,0.0066,-0.0066
9,KLEN,1D,-0.0165,-2.5942,0.00985,0.121014,False,1D,-1,-0.0157,0.0157
9,KLEN,3D,-0.0155,-1.8498,0.065132,0.33413,False,1D,-1,-0.0048,0.0048
9,KLEN,5D,-0.0144,-1.313,0.189974,0.596269,False,1D,-1,0.008,-0.008
9,KLEN,10D,-0.0125,-0.8535,0.393941,0.796806,False,1D,-1,0.0275,-0.0275
9,KLEN,20D,-0.0153,-0.6857,0.493351,0.822348,False,1D,-1,0.036,-0.036
9,KMID2,1D,-0.0238,-3.7425,0.000211,0.012961,False,1D,-1,-0.0131,0.0131
9,KMID2,3D,-0.0097,-1.5725,0.116667,0.482373,False,1D,-1,-0.0091,0.0091
9,KMID2,5D,-0.0036,-0.5709,0.568375,0.822348,False,1D,-1,0.0039,-0.0039
9,KMID2,10D,-0.0004,-0.0555,0.955763,1.0,False,1D,-1,0.006,-0.006
9,KMID2,20D,-0.0014,-0.2262,0.821164,0.970056,False,1D,-1,0.0119,-0.0119
9,KUP,1D,-0.0065,-1.2289,0.219869,0.647559,False,20D,-1,-0.0105,0.0105
9,KUP,3D,-0.0045,-0.7295,0.466122,0.822348,False,20D,-1,-0.005,0.005
9,KUP,5D,0.0011,0.1695,0.865482,0.989842,False,20D,-1,0.0047,-0.0047
9,KUP,10D,0.0054,0.5581,0.577131,0.822348,False,20D,-1,0.0174,-0.0174
9,KUP,20D,-0.0004,-0.0293,0.976674,1.0,False,20D,-1,0.0177,-0.0177
9,KLOW,1D,-0.006,-1.1034,0.270547,0.690178,False,20D,-1,-0.0042,0.0042
9,KLOW,3D,-0.006,-0.9367,0.349521,0.766806,False,20D,-1,0.0054,-0.0054
9,KLOW,5D,-0.0052,-0.7702,0.441682,0.816342,False,20D,-1,0.0082,-0.0082
9,KLOW,10D,-0.002,-0.2525,0.800814,0.956528,False,20D,-1,0.0162,-0.0162
9,KLOW,20D,-0.0082,-0.6795,0.497237,0.822348,False,20D,-1,0.0216,-0.0216
9,KSFT,1D,-0.0256,-3.7645,0.000193,0.012961,True,1D,-1,-0.0182,0.0182
9,KSFT,3D,-0.0124,-1.9467,0.052312,0.307748,False,1D,-1,-0.0091,0.0091
9,KSFT,5D,-0.0082,-1.231,0.219072,0.647559,False,1D,-1,-0.0072,0.0072
9,KSFT,10D,-0.0084,-1.1734,0.241372,0.661083,False,1D,-1,-0.008,0.008
9,KSFT,20D,-0.0111,-1.6664,0.096461,0.414782,False,1D,-1,0.0017,-0.0017
9,ROC5,1D,-0.0193,-2.9042,0.003899,0.079837,False,1D,-1,-0.0093,0.0093
9,ROC5,3D,-0.0166,-1.7271,0.084971,0.388575,False,1D,-1,-0.007,0.007
9,ROC5,5D,-0.0161,-1.2724,0.204001,0.617663,False,1D,-1,-0.0087,0.0087
9,ROC5,10D,-0.0066,-0.5119,0.608998,0.840859,False,1D,-1,0.0022,-0.0022
9,ROC5,20D,-0.0076,-0.5491,0.583293,0.822348,False,1D,-1,0.0122,-0.0122
9,MAX_RATIO_5,1D,0.0107,1.6732,0.095121,0.413152,False,20D,-1,0.0063,-0.0063
9,MAX_RATIO_5,3D,-0.0003,-0.0311,0.975232,1.0,False,20D,-1,-0.0057,0.0057
9,MAX_RATIO_5,5D,-0.0048,-0.4843,0.628473,0.852503,False,20D,-1,0.0027,-0.0027
9,MAX_RATIO_5,10D,-0.0065,-0.5866,0.557792,0.822348,False,20D,-1,-0.0002,0.0002
9,MAX_RATIO_5,20D,-0.0056,-0.6586,0.510524,0.822348,False,20D,-1,-0.0165,0.0165
9,MIN_RATIO_5,1D,0.0232,4.0163,7.1e-05,0.010177,True,1D,1,0.0113,0.0113
9,MIN_RATIO_5,3D,0.0219,2.8613,0.004454,0.087055,False,1D,1,-0.0064,-0.0064
9,MIN_RATIO_5,5D,0.0204,2.0664,0.03947,0.278231,False,1D,1,-0.005,-0.005
9,MIN_RATIO_5,10D,0.0144,1.3492,0.178097,0.591215,False,1D,1,-0.0186,-0.0186
9,MIN_RATIO_5,20D,0.0142,1.0524,0.293268,0.717072,False,1D,1,-0.0257,-0.0257
9,MA_RATIO_5,1D,0.0198,3.0479,0.002467,0.058934,False,1D,1,0.0101,0.0101
9,MA_RATIO_5,3D,0.0172,2.0755,0.038615,0.276741,False,1D,1,-0.0066,-0.0066
9,MA_RATIO_5,5D,0.0158,1.483,0.138919,0.539604,False,1D,1,0.0015,0.0015
9,MA_RATIO_5,10D,0.0095,0.8048,0.421445,0.813334,False,1D,1,-0.0087,-0.0087
9,MA_RATIO_5,20D,0.0087,0.7582,0.448794,0.821198,False,1D,1,-0.0209,-0.0209
9,ROC10,1D,-0.0148,-1.9808,0.048335,0.302745,False,20D,-1,-0.0051,0.0051
9,ROC10,3D,-0.0154,-1.3883,0.165857,0.579422,False,20D,-1,0.001,-0.001
9,ROC10,5D,-0.0088,-0.6826,0.495257,0.822348,False,20D,-1,0.0031,-0.0031
9,ROC10,10D,0.0017,0.1195,0.904968,1.0,False,20D,-1,0.0166,-0.0166
9,ROC10,20D,-0.0098,-0.4957,0.620384,0.84957,False,20D,-1,0.0114,-0.0114
9,MAX_RATIO_10,1D,0.0002,0.0329,0.973732,1.0,False,20D,-1,0.0069,-0.0069
9,MAX_RATIO_10,3D,-0.0079,-0.8042,0.421799,0.813334,False,20D,-1,0.0002,-0.0002
9,MAX_RATIO_10,5D,-0.0072,-0.5789,0.563031,0.822348,False,20D,-1,0.0095,-0.0095
9,MAX_RATIO_10,10D,-0.0112,-0.8313,0.406321,0.804962,False,20D,-1,-0.0011,0.0011
9,MAX_RATIO_10,20D,-0.0045,-0.3356,0.737396,0.916145,False,20D,-1,-0.0148,0.0148
9,MIN_RATIO_10,1D,0.0266,4.2315,2.9e-05,0.0086,True,1D,1,0.016,0.016
9,MIN_RATIO_10,3D,0.026,2.8012,0.005354,0.095926,False,1D,1,-0.0036,-0.0036
9,MIN_RATIO_10,5D,0.0205,1.751,0.080763,0.377479,False,1D,1,-0.0084,-0.0084
9,MIN_RATIO_10,10D,0.0074,0.5564,0.578279,0.822348,False,1D,1,-0.0255,-0.0255
9,MIN_RATIO_10,20D,0.0133,0.6573,0.511376,0.822348,False,1D,1,-0.0288,-0.0288
9,MA_RATIO_10,1D,0.0187,2.6677,0.007967,0.114194,False,1D,1,0.0143,0.0143
9,MA_RATIO_10,3D,0.0192,1.8831,0.060458,0.329075,False,1D,1,0.0003,0.0003
9,MA_RATIO_10,5D,0.0188,1.4427,0.149935,0.56112,False,1D,1,0.0024,0.0024
9,MA_RATIO_10,10D,0.0055,0.3902,0.696599,0.902222,False,1D,1,-0.0117,-0.0117
9,MA_RATIO_10,20D,0.0095,0.5815,0.561276,0.822348,False,1D,1,-0.0189,-0.0189
9,ROC20,1D,-0.015,-1.9129,0.056524,0.319807,False,20D,-1,-0.0025,0.0025
9,ROC20,3D,-0.0172,-1.4918,0.136578,0.539604,False,20D,-1,0.006,-0.006
9,ROC20,5D,-0.0152,-1.0466,0.295945,0.717072,False,20D,-1,0.0052,-0.0052
9,ROC20,10D,-0.0137,-0.7347,0.462996,0.822348,False,20D,-1,0.0071,-0.0071
9,ROC20,20D,-0.0073,-0.3,0.764335,0.936105,False,20D,-1,0.0053,-0.0053
9,MAX_RATIO_20,1D,0.0029,0.3693,0.712088,0.908599,False,20D,-1,0.0058,-0.0058
9,MAX_RATIO_20,3D,-0.0007,-0.0658,0.947561,1.0,False,20D,-1,-0.0044,0.0044
9,MAX_RATIO_20,5D,0.0006,0.0434,0.965381,1.0,False,20D,-1,-0.0012,0.0012
9,MAX_RATIO_20,10D,0.002,0.1174,0.906575,1.0,False,20D,-1,-0.0081,0.0081
9,MAX_RATIO_20,20D,-0.0026,-0.1332,0.894119,1.0,False,20D,-1,-0.0115,0.0115
9,MIN_RATIO_20,1D,0.0184,2.7762,0.005774,0.098501,False,1D,1,0.0085,0.0085
9,MIN_RATIO_20,3D,0.0168,1.7222,0.085848,0.388575,False,1D,1,-0.0101,-0.0101
9,MIN_RATIO_20,5D,0.0119,0.9712,0.332054,0.76277,False,1D,1,-0.0195,-0.0195
9,MIN_RATIO_20,10D,0.007,0.4465,0.65547,0.878044,False,1D,1,-0.0301,-0.0301
9,MIN_RATIO_20,20D,0.0137,0.5543,0.579695,0.822348,False,1D,1,-0.0304,-0.0304
9,MA_RATIO_20,1D,0.0158,2.1123,0.035322,0.276741,False,20D,1,0.0099,0.0099
9,MA_RATIO_20,3D,0.0146,1.3261,0.185614,0.591215,False,20D,1,-0.0027,-0.0027
9,MA_RATIO_20,5D,0.0116,0.8521,0.394697,0.796806,False,20D,1,-0.0042,-0.0042
9,MA_RATIO_20,10D,0.0044,0.2685,0.788426,0.949645,False,20D,1,-0.0134,-0.0134
9,MA_RATIO_20,20D,0.008,0.3556,0.722319,0.910842,False,20D,1,-0.0107,-0.0107
9,ROC30,1D,-0.0115,-1.3818,0.167846,0.579422,False,20D,-1,-0.0101,0.0101
9,ROC30,3D,-0.0125,-1.0215,0.307675,0.726924,False,20D,-1,-0.0063,0.0063
9,ROC30,5D,-0.0098,-0.6304,0.528809,0.822348,False,20D,-1,-0.0024,0.0024
9,ROC30,10D,-0.0018,-0.0864,0.931194,1.0,False,20D,-1,-0.0001,0.0001
9,ROC30,20D,-0.0152,-0.6105,0.541894,0.822348,False,20D,-1,-0.0168,0.0168
9,MAX_RATIO_30,1D,0.0062,0.7807,0.435458,0.816342,False,20D,-1,0.0064,-0.0064
9,MAX_RATIO_30,3D,0.0047,0.4194,0.67514,0.885092,False,20D,-1,-0.0018,0.0018
9,MAX_RATIO_30,5D,0.006,0.4228,0.672678,0.884561,False,20D,-1,0.0037,-0.0037
9,MAX_RATIO_30,10D,0.0018,0.1008,0.919791,1.0,False,20D,-1,0.0003,-0.0003
9,MAX_RATIO_30,20D,-0.0035,-0.1694,0.865536,0.989842,False,20D,-1,0.0027,-0.0027
9,MIN_RATIO_30,1D,0.0194,2.6511,0.008362,0.115989,False,1D,1,0.0077,0.0077
9,MIN_RATIO_30,3D,0.0213,1.9379,0.053387,0.307748,False,1D,1,-0.0071,-0.0071
9,MIN_RATIO_30,5D,0.0183,1.3502,0.177766,0.591215,False,1D,1,-0.0166,-0.0166
9,MIN_RATIO_30,10D,0.0121,0.6718,0.502141,0.822348,False,1D,1,-0.0272,-0.0272
9,MIN_RATIO_30,20D,0.0165,0.5892,0.55609,0.822348,False,1D,1,-0.0216,-0.0216
9,MA_RATIO_30,1D,0.0148,1.8738,0.061736,0.331831,False,20D,1,0.0101,0.0101
9,MA_RATIO_30,3D,0.0161,1.3755,0.169784,0.579422,False,20D,1,0.0009,0.0009
9,MA_RATIO_30,5D,0.0133,0.9087,0.364098,0.773397,False,20D,1,-0.0008,-0.0008
9,MA_RATIO_30,10D,0.0067,0.358,0.720558,0.910842,False,20D,1,-0.0069,-0.0069
9,MA_RATIO_30,20D,0.0084,0.3426,0.732066,0.916145,False,20D,1,-0.0025,-0.0025
9,ROC60,1D,-0.0052,-0.5941,0.552784,0.822348,False,20D,-1,-0.0096,0.0096
9,ROC60,3D,-0.0142,-1.1454,0.252781,0.679028,False,20D,-1,-0.01,0.01
9,ROC60,5D,-0.0182,-1.1826,0.237718,0.655248,False,20D,-1,-0.0081,0.0081
9,ROC60,10D,-0.0229,-1.0834,0.279303,0.702341,False,20D,-1,0.001,-0.001
9,ROC60,20D,-0.0312,-1.1044,0.270144,0.690178,False,20D,-1,0.0214,-0.0214
9,MAX_RATIO_60,1D,0.0028,0.3482,0.727887,0.91518,False,20D,1,0.0081,0.0081
9,MAX_RATIO_60,3D,0.0044,0.3831,0.701858,0.903872,False,20D,1,0.0038,0.0038
9,MAX_RATIO_60,5D,0.0074,0.5075,0.612067,0.840859,False,20D,1,0.0091,0.0091
9,MAX_RATIO_60,10D,0.0068,0.3646,0.715586,0.910361,False,20D,1,0.0081,0.0081
9,MAX_RATIO_60,20D,0.0042,0.1884,0.850664,0.984063,False,20D,1,-0.001,-0.001
9,MIN_RATIO_60,1D,0.0169,2.103,0.036131,0.276741,False,20D,1,0.0087,0.0087
9,MIN_RATIO_60,3D,0.0236,2.0177,0.044328,0.290083,False,20D,1,-0.0015,-0.0015
9,MIN_RATIO_60,5D,0.0251,1.7335,0.083816,0.387536,False,20D,1,-0.0099,-0.0099
9,MIN_RATIO_60,10D,0.0252,1.2128,0.22597,0.652128,False,20D,1,-0.0219,-0.0219
9,MIN_RATIO_60,20D,0.036,1.1375,0.256063,0.679028,False,20D,1,-0.0224,-0.0224
9,MA_RATIO_60,1D,0.0104,1.1939,0.233283,0.65374,False,20D,1,0.0125,0.0125
9,MA_RATIO_60,3D,0.0151,1.1957,0.23256,0.65374,False,20D,1,0.0098,0.0098
9,MA_RATIO_60,5D,0.0172,1.1054,0.269683,0.690178,False,20D,1,0.009,0.009
9,MA_RATIO_60,10D,0.017,0.8388,0.402127,0.804254,False,20D,1,0.0053,0.0053
9,MA_RATIO_60,20D,0.0254,0.9118,0.362464,0.773397,False,20D,1,0.007,0.007
9,ROC120,1D,-0.0038,-0.4363,0.662893,0.880457,False,20D,-1,-0.0008,0.0008
9,ROC120,3D,-0.0144,-1.1544,0.249081,0.677879,False,20D,-1,0.0127,-0.0127
9,ROC120,5D,-0.0172,-1.0883,0.277155,0.701039,False,20D,-1,0.0245,-0.0245
9,ROC120,10D,-0.024,-1.1018,0.271256,0.690178,False,20D,-1,0.0374,-0.0374
9,ROC120,20D,-0.0379,-1.3269,0.185352,0.591215,False,20D,-1,0.052,-0.052
9,MAX_RATIO_120,1D,-0.0028,-0.3302,0.741438,0.916145,False,20D,1,-0.0011,-0.0011
9,MAX_RATIO_120,3D,0.0016,0.1362,0.891771,1.0,False,20D,1,-0.0107,-0.0107
9,MAX_RATIO_120,5D,0.0031,0.2139,0.830748,0.974671,False,20D,1,-0.0116,-0.0116
9,MAX_RATIO_120,10D,0.003,0.1616,0.871673,0.994216,False,20D,1,-0.0226,-0.0226
9,MAX_RATIO_120,20D,0.0012,0.0502,0.959989,1.0,False,20D,1,-0.0425,-0.0425
9,MIN_RATIO_120,1D,0.0122,1.4027,0.161543,0.578862,False,20D,1,0.0009,0.0009
9,MIN_RATIO_120,3D,0.018,1.4323,0.152896,0.563452,False,20D,1,-0.0153,-0.0153
9,MIN_RATIO_120,5D,0.0182,1.1343,0.257399,0.679028,False,20D,1,-0.0283,-0.0283
9,MIN_RATIO_120,10D,0.017,0.7709,0.441263,0.816342,False,20D,1,-0.0433,-0.0433
9,MIN_RATIO_120,20D,0.0278,0.9148,0.360877,0.773397,False,20D,1,-0.052,-0.052
9,MA_RATIO_120,1D,0.0067,0.7289,0.466508,0.822348,False,20D,1,0.0029,0.0029
9,MA_RATIO_120,3D,0.0161,1.2197,0.223338,0.648887,False,20D,1,-0.0086,-0.0086
9,MA_RATIO_120,5D,0.0193,1.1917,0.23413,0.65374,False,20D,1,-0.0186,-0.0186
9,MA_RATIO_120,10D,0.0246,1.1262,0.260793,0.683787,False,20D,1,-0.0333,-0.0333
9,MA_RATIO_120,20D,0.0386,1.3298,0.184397,0.591215,False,20D,1,-0.048,-0.048
9,ROC250,1D,0.0116,1.3272,0.185254,0.591215,False,20D,1,0.0139,0.0139
9,ROC250,3D,0.0129,0.9898,0.322931,0.750596,False,20D,1,0.0336,0.0336
9,ROC250,5D,0.0153,0.8742,0.38255,0.783431,False,20D,1,0.0499,0.0499
9,ROC250,10D,0.0138,0.546,0.585371,0.82258,False,20D,1,0.0688,0.0688
9,ROC250,20D,0.0044,0.123,0.902203,1.0,False,20D,1,0.0834,0.0834
9,MAX_RATIO_250,1D,-0.0062,-0.7167,0.474013,0.822348,False,20D,1,0.0018,0.0018
9,MAX_RATIO_250,3D,-0.0003,-0.021,0.983265,1.0,False,20D,1,-0.0081,-0.0081
9,MAX_RATIO_250,5D,0.0007,0.0414,0.967038,1.0,False,20D,1,-0.0107,-0.0107
9,MAX_RATIO_250,10D,0.0023,0.1096,0.912807,1.0,False,20D,1,-0.0246,-0.0246
9,MAX_RATIO_250,20D,0.0025,0.087,0.930682,1.0,False,20D,1,-0.0446,-0.0446
9,MIN_RATIO_250,1D,0.005,0.5807,0.561819,0.822348,False,20D,1,-0.0054,-0.0054
9,MIN_RATIO_250,3D,0.007,0.55,0.582626,0.822348,False,20D,1,-0.0225,-0.0225
9,MIN_RATIO_250,5D,0.0051,0.309,0.757486,0.930626,False,20D,1,-0.0383,-0.0383
9,MIN_RATIO_250,10D,0.0048,0.2095,0.834137,0.974671,False,20D,1,-0.0573,-0.0573
9,MIN_RATIO_250,20D,0.0143,0.4473,0.65488,0.878044,False,20D,1,-0.0761,-0.0761
9,MA_RATIO_250,1D,0.0011,0.1207,0.903999,1.0,False,20D,1,-0.0047,-0.0047
9,MA_RATIO_250,3D,0.0074,0.562,0.574465,0.822348,False,20D,1,-0.0193,-0.0193
9,MA_RATIO_250,5D,0.0081,0.4848,0.628115,0.852503,False,20D,1,-0.0329,-0.0329
9,MA_RATIO_250,10D,0.0111,0.4737,0.63597,0.859959,False,20D,1,-0.0522,-0.0522
9,MA_RATIO_250,20D,0.0209,0.6626,0.508017,0.822348,False,20D,1,-0.0746,-0.0746
9,STD5,1D,-0.0203,-3.1376,0.001837,0.046465,False,3D,-1,-0.0053,0.0053
9,STD5,3D,-0.0236,-2.4196,0.016009,0.16009,False,3D,-1,0.0042,-0.0042
9,STD5,5D,-0.0238,-1.9487,0.052071,0.307748,False,3D,-1,0.0134,-0.0134
9,STD5,10D,-0.0143,-0.906,0.365514,0.773397,False,3D,-1,0.0213,-0.0213
9,STD5,20D,-0.0133,-0.5386,0.590489,0.824384,False,3D,-1,0.0318,-0.0318
9,STD10,1D,-0.0246,-3.2273,0.001359,0.036523,False,3D,-1,-0.007,0.007
9,STD10,3D,-0.0281,-2.5275,0.011897,0.135901,False,3D,-1,0.002,-0.002
9,STD10,5D,-0.0259,-1.8594,0.063747,0.33413,False,3D,-1,0.0153,-0.0153
9,STD10,10D,-0.0164,-0.8582,0.391352,0.796806,False,3D,-1,0.0285,-0.0285
9,STD10,20D,-0.0189,-0.6425,0.520964,0.822348,False,3D,-1,0.0357,-0.0357
9,STD20,1D,-0.0215,-2.5288,0.011854,0.135901,False,1D,-1,-0.0041,0.0041
9,STD20,3D,-0.024,-1.9516,0.051723,0.307748,False,1D,-1,0.0059,-0.0059
9,STD20,5D,-0.0197,-1.2685,0.205409,0.617663,False,1D,-1,0.0213,-0.0213
9,STD20,10D,-0.0121,-0.5611,0.575041,0.822348,False,1D,-1,0.0348,-0.0348
9,STD20,20D,-0.0212,-0.6611,0.508963,0.822348,False,1D,-1,0.0387,-0.0387
9,STD30,1D,-0.0209,-2.385,0.017571,0.162083,False,1D,-1,-0.0039,0.0039
9,STD30,3D,-0.0245,-1.9355,0.053677,0.307748,False,1D,-1,0.005,-0.005
9,STD30,5D,-0.0228,-1.4233,0.155486,0.563452,False,1D,-1,0.0221,-0.0221
9,STD30,10D,-0.0173,-0.7712,0.44105,0.816342,False,1D,-1,0.0357,-0.0357
9,STD30,20D,-0.0332,-0.9648,0.335264,0.76277,False,1D,-1,0.0367,-0.0367
9,STD60,1D,-0.0221,-2.3741,0.018093,0.162083,False,1D,-1,-0.0022,0.0022
9,STD60,3D,-0.027,-1.9787,0.04858,0.302745,False,1D,-1,0.0064,-0.0064
9,STD60,5D,-0.0255,-1.453,0.147056,0.56112,False,1D,-1,0.0236,-0.0236
9,STD60,10D,-0.0221,-0.8991,0.369194,0.773397,False,1D,-1,0.0376,-0.0376
9,STD60,20D,-0.0348,-0.9417,0.346935,0.766806,False,1D,-1,0.0424,-0.0424
9,STD120,1D,-0.0196,-2.0454,0.041511,0.283329,False,20D,-1,-0.0025,0.0025
9,STD120,3D,-0.0212,-1.491,0.136809,0.539604,False,20D,-1,0.006,-0.006
9,STD120,5D,-0.0176,-0.9493,0.343101,0.766806,False,20D,-1,0.0222,-0.0222
9,STD120,10D,-0.0112,-0.4346,0.664095,0.880457,False,20D,-1,0.0355,-0.0355
9,STD120,20D,-0.0198,-0.5097,0.610581,0.840859,False,20D,-1,0.0438,-0.0438
9,STD250,1D,-0.0175,-1.7899,0.074272,0.365099,False,20D,-1,-0.0006,0.0006
9,STD250,3D,-0.0174,-1.197,0.232077,0.65374,False,20D,-1,0.0094,-0.0094
9,STD250,5D,-0.013,-0.6877,0.492092,0.822348,False,20D,-1,0.0264,-0.0264
9,STD250,10D,-0.0047,-0.18,0.857261,0.986788,False,20D,-1,0.0414,-0.0414
9,STD250,20D,-0.0091,-0.2264,0.820988,0.970056,False,20D,-1,0.0469,-0.0469
9,ATR_RATIO_5,1D,-0.022,-2.9263,0.003638,0.078217,True,1D,-1,-0.0103,0.0103
9,ATR_RATIO_5,3D,-0.0252,-2.2274,0.026511,0.232648,False,1D,-1,-0.0011,0.0011
9,ATR_RATIO_5,5D,-0.0244,-1.6889,0.092058,0.403928,False,1D,-1,0.0166,-0.0166
9,ATR_RATIO_5,10D,-0.0161,-0.8126,0.416959,0.813334,False,1D,-1,0.0364,-0.0364
9,ATR_RATIO_5,20D,-0.0201,-0.684,0.494399,0.822348,False,1D,-1,0.0451,-0.0451
9,ATR_RATIO_20,1D,-0.0183,-2.0819,0.038023,0.276741,False,20D,-1,-0.0004,0.0004
9,ATR_RATIO_20,3D,-0.0205,-1.6284,0.104275,0.440354,False,20D,-1,0.0083,-0.0083
9,ATR_RATIO_20,5D,-0.0161,-0.9947,0.320521,0.749044,False,20D,-1,0.0253,-0.0253
9,ATR_RATIO_20,10D,-0.0114,-0.5116,0.609258,0.840859,False,20D,-1,0.0393,-0.0393
9,ATR_RATIO_20,20D,-0.0281,-0.8762,0.381458,0.783431,False,20D,-1,0.0432,-0.0432
9,ATR_RATIO_60,1D,-0.0173,-1.901,0.058065,0.323437,False,20D,-1,0.0004,-0.0004
9,ATR_RATIO_60,3D,-0.0203,-1.5546,0.120875,0.490342,False,20D,-1,0.0101,-0.0101
9,ATR_RATIO_60,5D,-0.0181,-1.0685,0.285972,0.706712,False,20D,-1,0.0278,-0.0278
9,ATR_RATIO_60,10D,-0.0186,-0.7976,0.425626,0.816342,False,20D,-1,0.0436,-0.0436
9,ATR_RATIO_60,20D,-0.032,-0.9566,0.339357,0.764054,False,20D,-1,0.0492,-0.0492
9,ROC_STD_20,1D,-0.0138,-1.8386,0.066768,0.337768,False,20D,-1,0.0016,-0.0016
9,ROC_STD_20,3D,-0.0138,-1.2701,0.204839,0.617663,False,20D,-1,0.0122,-0.0122
9,ROC_STD_20,5D,-0.0126,-0.9242,0.355953,0.773397,False,20D,-1,0.0136,-0.0136
9,ROC_STD_20,10D,-0.0118,-0.6742,0.500615,0.822348,False,20D,-1,0.0211,-0.0211
9,ROC_STD_20,20D,-0.0065,-0.2904,0.771683,0.94001,False,20D,-1,0.0218,-0.0218
9,ROC_STD_60,1D,-0.0022,-0.2532,0.800269,0.956528,False,20D,-1,-0.0083,0.0083
9,ROC_STD_60,3D,-0.0084,-0.6943,0.487898,0.822348,False,20D,-1,-0.0069,0.0069
9,ROC_STD_60,5D,-0.0099,-0.6564,0.511954,0.822348,False,20D,-1,-0.0038,0.0038
9,ROC_STD_60,10D,-0.0113,-0.5553,0.579023,0.822348,False,20D,-1,0.0034,-0.0034
9,ROC_STD_60,20D,-0.0176,-0.6568,0.511732,0.822348,False,20D,-1,0.0228,-0.0228
9,ROC_STD_120,1D,-0.0004,-0.0445,0.964522,1.0,False,20D,-1,-0.0006,0.0006
9,ROC_STD_120,3D,-0.0093,-0.7791,0.436434,0.816342,False,20D,-1,0.0113,-0.0113
9,ROC_STD_120,5D,-0.0112,-0.7281,0.46702,0.822348,False,20D,-1,0.022,-0.022
9,ROC_STD_120,10D,-0.0166,-0.7941,0.427639,0.816342,False,20D,-1,0.0334,-0.0334
9,ROC_STD_120,20D,-0.0263,-0.9678,0.333763,0.76277,False,20D,-1,0.0463,-0.0463
9,ROC_STD_250,1D,0.012,1.3779,0.169057,0.579422,False,20D,1,0.0143,0.0143
9,ROC_STD_250,3D,0.0129,0.9989,0.318474,0.748327,False,20D,1,0.0344,0.0344
9,ROC_STD_250,5D,0.0156,0.8966,0.370511,0.773397,False,20D,1,0.0488,0.0488
9,ROC_STD_250,10D,0.0136,0.541,0.58883,0.824384,False,20D,1,0.068,0.068
9,ROC_STD_250,20D,0.0078,0.2215,0.824851,0.971742,False,20D,1,0.0808,0.0808
9,MOM_ACC_20_60,1D,-0.0017,-0.1955,0.84513,0.984063,False,20D,-1,-0.0086,0.0086
9,MOM_ACC_20_60,3D,-0.007,-0.578,0.56361,0.822348,False,20D,-1,-0.0155,0.0155
9,MOM_ACC_20_60,5D,-0.0089,-0.5917,0.554401,0.822348,False,20D,-1,-0.019,0.019
9,MOM_ACC_20_60,10D,-0.0114,-0.5604,0.575563,0.822348,False,20D,-1,-0.0244,0.0244
9,MOM_ACC_20_60,20D,-0.0229,-0.8741,0.382606,0.783431,False,20D,-1,-0.0208,0.0208
9,MOM_ACC_60_120,1D,0.0054,0.6434,0.520359,0.822348,False,20D,-1,0.0096,-0.0096
9,MOM_ACC_60_120,3D,-0.0052,-0.4243,0.671586,0.884561,False,20D,-1,0.0242,-0.0242
9,MOM_ACC_60_120,5D,-0.0097,-0.6086,0.543162,0.822348,False,20D,-1,0.0413,-0.0413
9,MOM_ACC_60_120,10D,-0.0212,-0.9671,0.33411,0.76277,False,20D,-1,0.0629,-0.0629
9,MOM_ACC_60_120,20D,-0.0374,-1.386,0.16656,0.579422,False,20D,-1,0.0883,-0.0883
9,VMA_RATIO_5,1D,-0.0033,-0.6716,0.502253,0.822348,False,20D,-1,0.0088,-0.0088
9,VMA_RATIO_5,3D,-0.0018,-0.3369,0.736399,0.916145,False,20D,-1,0.006,-0.006
9,VMA_RATIO_5,5D,0.002,0.374,0.708624,0.90687,False,20D,-1,0.0121,-0.0121
9,VMA_RATIO_5,10D,0.0032,0.7218,0.470881,0.822348,False,20D,-1,-0.0034,0.0034
9,VMA_RATIO_5,20D,-0.0022,-0.5515,0.581641,0.822348,False,20D,-1,-0.0076,0.0076
9,VSTD_5,1D,-0.0082,-1.9499,0.051931,0.307748,False,5D,-1,-0.0137,0.0137
9,VSTD_5,3D,-0.0103,-1.7641,0.078527,0.374889,False,5D,-1,-0.0214,0.0214
9,VSTD_5,5D,-0.0167,-2.4968,0.012958,0.135901,False,5D,-1,-0.0309,0.0309
9,VSTD_5,10D,-0.0113,-1.5295,0.126973,0.510265,False,5D,-1,-0.0336,0.0336
9,VSTD_5,20D,-0.0056,-0.8106,0.41809,0.813334,False,5D,-1,-0.0332,0.0332
9,VMA_RATIO_10,1D,-0.0002,-0.0459,0.963412,1.0,False,20D,-1,0.0152,-0.0152
9,VMA_RATIO_10,3D,0.0013,0.2403,0.810266,0.965059,False,20D,-1,0.0116,-0.0116
9,VMA_RATIO_10,5D,0.0066,1.074,0.283507,0.706712,False,20D,-1,0.0129,-0.0129
9,VMA_RATIO_10,10D,0.0032,0.4867,0.626772,0.852503,False,20D,-1,-0.0029,0.0029
9,VMA_RATIO_10,20D,-0.0039,-0.597,0.550859,0.822348,False,20D,-1,-0.0078,0.0078
9,VSTD_10,1D,-0.0153,-3.5276,0.000471,0.018412,False,5D,-1,-0.0198,0.0198
9,VSTD_10,3D,-0.021,-3.4057,0.000731,0.0258,False,5D,-1,-0.0287,0.0287
9,VSTD_10,5D,-0.0216,-2.7252,0.006727,0.099745,True,5D,-1,-0.0321,0.0321
9,VSTD_10,10D,-0.0197,-2.1946,0.028805,0.242866,False,5D,-1,-0.0375,0.0375
9,VSTD_10,20D,-0.0122,-1.3087,0.191425,0.596469,False,5D,-1,-0.0431,0.0431
9,VMA_RATIO_20,1D,0.0038,0.7388,0.460476,0.822348,False,20D,-1,0.0175,-0.0175
9,VMA_RATIO_20,3D,0.0037,0.6064,0.544625,0.822348,False,20D,-1,0.0092,-0.0092
9,VMA_RATIO_20,5D,0.0076,1.0269,0.305136,0.724909,False,20D,-1,0.0074,-0.0074
9,VMA_RATIO_20,10D,0.0013,0.143,0.886384,1.0,False,20D,-1,-0.0063,0.0063
9,VMA_RATIO_20,20D,-0.0066,-0.77,0.441759,0.816342,False,20D,-1,-0.0091,0.0091
9,VSTD_20,1D,-0.0157,-3.5615,0.000416,0.018412,False,5D,-1,-0.017,0.017
9,VSTD_20,3D,-0.0222,-3.5473,0.000438,0.018412,False,5D,-1,-0.0284,0.0284
9,VSTD_20,5D,-0.0254,-3.2924,0.001087,0.031161,True,5D,-1,-0.0322,0.0322
9,VSTD_20,10D,-0.0188,-2.1075,0.035738,0.276741,False,5D,-1,-0.0441,0.0441
9,VSTD_20,20D,-0.0084,-0.6417,0.521442,0.822348,False,5D,-1,-0.05,0.05
9,VMA_RATIO_60,1D,0.0063,1.1345,0.257318,0.679028,False,20D,-1,0.0198,-0.0198
9,VMA_RATIO_60,3D,0.0057,0.7769,0.43771,0.816342,False,20D,-1,0.0111,-0.0111
9,VMA_RATIO_60,5D,0.007,0.7664,0.443937,0.816342,False,20D,-1,0.0086,-0.0086
9,VMA_RATIO_60,10D,-0.0012,-0.1107,0.911948,1.0,False,20D,-1,-0.0033,0.0033
9,VMA_RATIO_60,20D,-0.0076,-0.6386,0.523479,0.822348,False,20D,-1,-0.0011,0.0011
9,VSTD_60,1D,-0.0138,-2.5234,0.012033,0.135901,False,3D,-1,-0.0179,0.0179
9,VSTD_60,3D,-0.0198,-2.5013,0.012796,0.135901,False,3D,-1,-0.0377,0.0377
9,VSTD_60,5D,-0.021,-2.0857,0.03768,0.276741,False,3D,-1,-0.046,0.046
9,VSTD_60,10D,-0.0153,-1.0705,0.28507,0.706712,False,3D,-1,-0.0712,0.0712
9,VSTD_60,20D,-0.013,-0.6004,0.548569,0.822348,False,3D,-1,-0.091,0.091
9,CORR_PV_5,1D,-0.0064,-1.3707,0.171272,0.579897,False,5D,-1,-0.0042,0.0042
9,CORR_PV_5,3D,-0.0114,-1.8964,0.05867,0.323437,False,5D,-1,-0.0144,0.0144
9,CORR_PV_5,5D,-0.0197,-2.595,0.009827,0.121014,False,5D,-1,-0.0232,0.0232
9,CORR_PV_5,10D,-0.0169,-1.7593,0.079337,0.374889,False,5D,-1,-0.0306,0.0306
9,CORR_PV_5,20D,-0.016,-1.0411,0.298502,0.717072,False,5D,-1,-0.0313,0.0313
9,WVMA_5,1D,-0.0227,-3.8031,0.000167,0.012961,False,5D,-1,-0.0085,0.0085
9,WVMA_5,3D,-0.0254,-2.746,0.006321,0.098501,False,5D,-1,-0.0018,0.0018
9,WVMA_5,5D,-0.0279,-2.3812,0.017751,0.162083,True,5D,-1,0.0052,-0.0052
9,WVMA_5,10D,-0.019,-1.3414,0.180593,0.591215,False,5D,-1,0.0178,-0.0178
9,WVMA_5,20D,-0.0133,-0.6171,0.537564,0.822348,False,5D,-1,0.0259,-0.0259
9,CORR_PV_10,1D,-0.0182,-3.3873,0.00078,0.0258,False,5D,-1,-0.0135,0.0135
9,CORR_PV_10,3D,-0.0279,-3.5346,0.000459,0.018412,False,5D,-1,-0.0236,0.0236
9,CORR_PV_10,5D,-0.0306,-2.9513,0.003362,0.076087,True,5D,-1,-0.0233,0.0233
9,CORR_PV_10,10D,-0.031,-2.1072,0.035756,0.276741,False,5D,-1,-0.0319,0.0319
9,CORR_PV_10,20D,-0.0201,-0.939,0.348332,0.766806,False,5D,-1,-0.0359,0.0359
9,WVMA_10,1D,-0.0252,-3.8016,0.000168,0.012961,False,3D,-1,-0.0109,0.0109
9,WVMA_10,3D,-0.0281,-2.8367,0.004804,0.089814,True,3D,-1,-0.0036,0.0036
9,WVMA_10,5D,-0.0252,-2.0119,0.044945,0.290083,False,3D,-1,0.0102,-0.0102
9,WVMA_10,10D,-0.0152,-0.9181,0.359143,0.773397,False,3D,-1,0.0249,-0.0249
9,WVMA_10,20D,-0.0145,-0.5895,0.555897,0.822348,False,3D,-1,0.0284,-0.0284
9,CORR_PV_20,1D,-0.0165,-2.7412,0.006414,0.098501,False,3D,-1,-0.0077,0.0077
9,CORR_PV_20,3D,-0.0229,-2.6027,0.009614,0.121014,True,3D,-1,-0.0195,0.0195
9,CORR_PV_20,5D,-0.0234,-2.0241,0.04366,0.290083,False,3D,-1,-0.0222,0.0222
9,CORR_PV_20,10D,-0.0156,-0.9455,0.344988,0.766806,False,3D,-1,-0.0268,0.0268
9,CORR_PV_20,20D,-0.0124,-0.5679,0.570448,0.822348,False,3D,-1,-0.0369,0.0369
9,WVMA_20,1D,-0.02,-2.7482,0.00628,0.098501,True,1D,-1,-0.0089,0.0089
9,WVMA_20,3D,-0.0216,-2.0095,0.045199,0.290083,False,1D,-1,-0.0017,0.0017
9,WVMA_20,5D,-0.0177,-1.2981,0.195057,0.603414,False,1D,-1,0.0121,-0.0121
9,WVMA_20,10D,-0.0071,-0.398,0.690879,0.897882,False,1D,-1,0.0244,-0.0244
9,WVMA_20,20D,-0.0087,-0.3262,0.74446,0.917243,False,1D,-1,0.0317,-0.0317
9,TURNOVER_SURGE_5,1D,0.0018,0.3566,0.721565,0.910842,False,20D,-1,-0.0083,0.0083
9,TURNOVER_SURGE_5,3D,0.0001,0.0103,0.991775,1.0,False,20D,-1,-0.007,0.007
9,TURNOVER_SURGE_5,5D,-0.0045,-0.8441,0.399159,0.802048,False,20D,-1,-0.0139,0.0139
9,TURNOVER_SURGE_5,10D,-0.0062,-1.3302,0.184248,0.591215,False,20D,-1,0.0027,-0.0027
9,TURNOVER_SURGE_5,20D,-0.0015,-0.3328,0.739494,0.916145,False,20D,-1,0.0057,-0.0057
9,TURNOVER_SURGE_20,1D,-0.0047,-0.9112,0.362794,0.773397,False,20D,1,-0.0178,-0.0178
9,TURNOVER_SURGE_20,3D,-0.0058,-0.9566,0.339382,0.764054,False,20D,1,-0.0109,-0.0109
9,TURNOVER_SURGE_20,5D,-0.01,-1.3878,0.166032,0.579422,False,20D,1,-0.0098,-0.0098
9,TURNOVER_SURGE_20,10D,-0.0054,-0.6006,0.548446,0.822348,False,20D,1,0.0034,0.0034
9,TURNOVER_SURGE_20,20D,0.0001,0.0097,0.992287,1.0,False,20D,1,0.0049,0.0049
9,TURNOVER_STD_20,1D,-0.0163,-2.2113,0.027615,0.237489,False,20D,-1,-0.009,0.009
9,TURNOVER_STD_20,3D,-0.0196,-1.7869,0.074752,0.365099,False,20D,-1,-0.0055,0.0055
9,TURNOVER_STD_20,5D,-0.0184,-1.2734,0.203649,0.617663,False,20D,-1,0.0055,-0.0055
9,TURNOVER_STD_20,10D,-0.0136,-0.6732,0.501256,0.822348,False,20D,-1,0.01,-0.01
9,TURNOVER_STD_20,20D,-0.0196,-0.656,0.512215,0.822348,False,20D,-1,0.0112,-0.0112
9,AMOUNT_RATIO_5_20,1D,-0.013,-2.4651,0.014144,0.144808,False,1D,-1,-0.0159,0.0159
9,AMOUNT_RATIO_5_20,3D,-0.0128,-1.6275,0.104456,0.440354,False,1D,-1,-0.0115,0.0115
9,AMOUNT_RATIO_5_20,5D,-0.0118,-1.1838,0.237242,0.655248,False,1D,-1,-0.0019,0.0019
9,AMOUNT_RATIO_5_20,10D,-0.0008,-0.0677,0.946054,1.0,False,1D,-1,0.0055,-0.0055
9,AMOUNT_RATIO_5_20,20D,0.0008,0.0654,0.947856,1.0,False,1D,-1,0.0054,-0.0054
9,LIMIT_UP_SPACE,1D,0.0034,0.6487,0.516904,0.822348,False,20D,-1,0.0078,-0.0078
9,LIMIT_UP_SPACE,3D,-0.0051,-0.751,0.453102,0.822348,False,20D,-1,-0.0058,0.0058
9,LIMIT_UP_SPACE,5D,-0.0036,-0.4159,0.677705,0.885754,False,20D,-1,-0.0052,0.0052
9,LIMIT_UP_SPACE,10D,-0.0055,-0.4666,0.641037,0.864094,False,20D,-1,-0.0036,0.0036
9,LIMIT_UP_SPACE,20D,-0.0102,-0.6301,0.528988,0.822348,False,20D,-1,-0.0067,0.0067
9,IS_LIMIT_UP_LAG1,1D,0.0001,0.0647,0.948456,1.0,False,20D,1,0.0003,0.0003
9,IS_LIMIT_UP_LAG1,3D,0.002,1.044,0.297167,0.717072,False,20D,1,0.0018,0.0018
9,IS_LIMIT_UP_LAG1,5D,0.0003,0.2119,0.832272,0.974671,False,20D,1,-0.0021,-0.0021
9,IS_LIMIT_UP_LAG1,10D,0.0003,0.1876,0.851329,0.984063,False,20D,1,-0.0006,-0.0006
9,IS_LIMIT_UP_LAG1,20D,0.0013,0.7138,0.475819,0.822348,False,20D,1,-0.0009,-0.0009
9,IS_LIMIT_DOWN_LAG1,1D,0.0,0.0413,0.967043,1.0,False,20D,-1,0.0017,-0.0017
9,IS_LIMIT_DOWN_LAG1,3D,0.0002,0.2837,0.776767,0.943531,False,20D,-1,-0.0005,0.0005
9,IS_LIMIT_DOWN_LAG1,5D,-0.0,-0.0221,0.98239,1.0,False,20D,-1,-0.0005,0.0005
9,IS_LIMIT_DOWN_LAG1,10D,-0.0001,-0.2374,0.812445,0.965059,False,20D,-1,-0.0012,0.0012
9,IS_LIMIT_DOWN_LAG1,20D,-0.0001,-0.6115,0.541242,0.822348,False,20D,-1,-0.0019,0.0019
9,UPPER_SHADOW_RATIO,1D,-0.0016,-0.3413,0.733086,0.916145,False,10D,1,-0.0005,-0.0005
9,UPPER_SHADOW_RATIO,3D,0.0041,0.9011,0.36811,0.773397,False,10D,1,-0.0031,-0.0031
9,UPPER_SHADOW_RATIO,5D,0.0077,1.7819,0.075567,0.365099,False,10D,1,0.0036,0.0036
9,UPPER_SHADOW_RATIO,10D,0.0116,2.3989,0.016927,0.161747,False,10D,1,0.0041,0.0041
9,UPPER_SHADOW_RATIO,20D,0.008,1.8076,0.071462,0.35731,False,10D,1,0.0014,0.0014
9,LOWER_SHADOW_RATIO,1D,0.0005,0.1027,0.918223,1.0,False,20D,-1,0.0043,-0.0043
9,LOWER_SHADOW_RATIO,3D,0.0009,0.1787,0.858276,0.986788,False,20D,-1,0.0014,-0.0014
9,LOWER_SHADOW_RATIO,5D,-0.0007,-0.1176,0.90648,1.0,False,20D,-1,-0.0009,0.0009
9,LOWER_SHADOW_RATIO,10D,0.0026,0.5287,0.597353,0.831268,False,20D,-1,-0.0028,0.0028
9,LOWER_SHADOW_RATIO,20D,-0.0037,-0.636,0.525136,0.822348,False,20D,-1,-0.001,0.001
9,ENTITY_RATIO,1D,0.0001,0.0127,0.989899,1.0,False,10D,-1,-0.0055,0.0055
9,ENTITY_RATIO,3D,-0.0019,-0.3976,0.69116,0.897882,False,10D,-1,0.002,-0.002
9,ENTITY_RATIO,5D,-0.0038,-0.817,0.414462,0.813334,False,10D,-1,-0.0013,0.0013
9,ENTITY_RATIO,10D,-0.01,-2.501,0.012809,0.135901,False,10D,-1,-0.0004,0.0004
9,ENTITY_RATIO,20D,-0.0061,-1.563,0.118898,0.486916,False,10D,-1,-0.0022,0.0022
9,INTRADAY_CLOSE_LOC,1D,-0.0204,-3.3021,0.001051,0.031161,False,1D,-1,-0.009,0.009
9,INTRADAY_CLOSE_LOC,3D,-0.0101,-1.6922,0.091431,0.403928,False,1D,-1,-0.008,0.008
9,INTRADAY_CLOSE_LOC,5D,-0.0054,-0.8297,0.407249,0.804962,False,1D,-1,-0.0003,0.0003
9,INTRADAY_CLOSE_LOC,10D,-0.0036,-0.554,0.579878,0.822348,False,1D,-1,0.0013,-0.0013
9,INTRADAY_CLOSE_LOC,20D,-0.007,-1.0483,0.295189,0.717072,False,1D,-1,0.0072,-0.0072
9,LOG_CIRC_MV,1D,0.0057,0.5894,0.555933,0.822348,False,20D,-1,-0.0028,0.0028
9,LOG_CIRC_MV,3D,-0.0038,-0.2779,0.78122,0.943608,False,20D,-1,-0.0006,0.0006
9,LOG_CIRC_MV,5D,-0.0099,-0.5812,0.56147,0.822348,False,20D,-1,-0.0016,0.0016
9,LOG_CIRC_MV,10D,-0.0286,-1.2505,0.211896,0.632745,False,20D,-1,-0.0026,0.0026
9,LOG_CIRC_MV,20D,-0.0473,-1.4487,0.148257,0.56112,False,20D,-1,-0.0015,0.0015
9,EFFICIENCY_RATIO_10,1D,-0.0084,-1.7092,0.088243,0.395255,False,20D,1,0.0011,0.0011
9,EFFICIENCY_RATIO_10,3D,-0.0072,-1.1463,0.252402,0.679028,False,20D,1,0.0165,0.0165
9,EFFICIENCY_RATIO_10,5D,-0.0008,-0.1113,0.91142,1.0,False,20D,1,0.0287,0.0287
9,EFFICIENCY_RATIO_10,10D,-0.0002,-0.0273,0.978231,1.0,False,20D,1,0.0365,0.0365
9,EFFICIENCY_RATIO_10,20D,0.0115,1.4221,0.155837,0.563452,False,20D,1,0.0298,0.0298
9,AMIHUD_20,1D,0.0,0.0,1.0,1.0,False,20D,1,0.0,0.0
9,AMIHUD_20,3D,0.0,0.0,1.0,1.0,False,20D,1,0.0,0.0
9,AMIHUD_20,5D,0.0,0.0,1.0,1.0,False,20D,1,0.0,0.0
9,AMIHUD_20,10D,0.0,0.0,1.0,1.0,False,20D,1,0.0,0.0
9,AMIHUD_20,20D,0.0,0.0,1.0,1.0,False,20D,1,0.0,0.0
9,AMIHUD_20_LN,1D,0.0,0.0,1.0,1.0,False,20D,1,0.0,0.0
9,AMIHUD_20_LN,3D,0.0,0.0,1.0,1.0,False,20D,1,0.0,0.0
9,AMIHUD_20_LN,5D,0.0,0.0,1.0,1.0,False,20D,1,0.0,0.0
9,AMIHUD_20_LN,10D,0.0,0.0,1.0,1.0,False,20D,1,0.0,0.0
9,AMIHUD_20_LN,20D,0.0,0.0,1.0,1.0,False,20D,1,0.0,0.0
9,ALPHA_RESIDUAL_MOMENTUM_20,1D,-0.0144,-1.8673,0.062631,0.332486,False,20D,-1,-0.0034,0.0034
9,ALPHA_RESIDUAL_MOMENTUM_20,3D,-0.0168,-1.4816,0.139293,0.539604,False,20D,-1,0.0043,-0.0043
9,ALPHA_RESIDUAL_MOMENTUM_20,5D,-0.0148,-1.0298,0.303761,0.724909,False,20D,-1,0.0042,-0.0042
9,ALPHA_RESIDUAL_MOMENTUM_20,10D,-0.0138,-0.7449,0.456811,0.822348,False,20D,-1,0.0073,-0.0073
9,ALPHA_RESIDUAL_MOMENTUM_20,20D,-0.0074,-0.2974,0.7663,0.936105,False,20D,-1,0.0056,-0.0056
9,ALPHA_TURNOVER_SURPRISE_5_20,1D,-0.0119,-2.4102,0.016422,0.160488,False,1D,-1,-0.0168,0.0168
9,ALPHA_TURNOVER_SURPRISE_5_20,3D,-0.0117,-1.6009,0.110244,0.460242,False,1D,-1,-0.0125,0.0125
9,ALPHA_TURNOVER_SURPRISE_5_20,5D,-0.0114,-1.2237,0.221821,0.648864,False,1D,-1,-0.0041,0.0041
9,ALPHA_TURNOVER_SURPRISE_5_20,10D,-0.0012,-0.0991,0.921119,1.0,False,1D,-1,0.0032,-0.0032
9,ALPHA_TURNOVER_SURPRISE_5_20,20D,0.0021,0.1903,0.8492,0.984063,False,1D,-1,0.0043,-0.0043
9,ALPHA_QUALITY_X_MOMENTUM,1D,-0.0122,-1.8488,0.065272,0.33413,False,20D,-1,0.0022,-0.0022
9,ALPHA_QUALITY_X_MOMENTUM,3D,-0.0136,-1.4217,0.155932,0.563452,False,20D,-1,0.0096,-0.0096
9,ALPHA_QUALITY_X_MOMENTUM,5D,-0.0133,-1.1128,0.26652,0.690178,False,20D,-1,0.0078,-0.0078
9,ALPHA_QUALITY_X_MOMENTUM,10D,-0.0126,-0.8282,0.408097,0.804962,False,20D,-1,0.0118,-0.0118
9,ALPHA_QUALITY_X_MOMENTUM,20D,-0.0053,-0.26,0.795039,0.954935,False,20D,-1,0.0127,-0.0127
9,ALPHA_LIQUIDITY_X_VOL,1D,0.0,0.0,1.0,1.0,False,20D,1,0.0,0.0
9,ALPHA_LIQUIDITY_X_VOL,3D,0.0,0.0,1.0,1.0,False,20D,1,0.0,0.0
9,ALPHA_LIQUIDITY_X_VOL,5D,0.0,0.0,1.0,1.0,False,20D,1,0.0,0.0
9,ALPHA_LIQUIDITY_X_VOL,10D,0.0,0.0,1.0,1.0,False,20D,1,0.0,0.0
9,ALPHA_LIQUIDITY_X_VOL,20D,0.0,0.0,1.0,1.0,False,20D,1,0.0,0.0
9,ALPHA_SHORT_REVERSAL_5,1D,0.0125,2.0585,0.040233,0.279035,False,20D,1,0.0061,0.0061
9,ALPHA_SHORT_REVERSAL_5,3D,0.0036,0.4327,0.665462,0.880457,False,20D,1,0.0024,0.0024
9,ALPHA_SHORT_REVERSAL_5,5D,0.0031,0.2794,0.780109,0.943608,False,20D,1,0.0047,0.0047
9,ALPHA_SHORT_REVERSAL_5,10D,-0.0044,-0.3828,0.702077,0.903872,False,20D,1,-0.0019,-0.0019
9,ALPHA_SHORT_REVERSAL_5,20D,0.0016,0.1292,0.897303,1.0,False,20D,1,-0.0189,-0.0189
9,ALPHA_IDIO_VOL_PENALTY,1D,0.0217,2.6074,0.009486,0.121014,False,1D,1,0.0035,0.0035
9,ALPHA_IDIO_VOL_PENALTY,3D,0.0253,2.1034,0.036093,0.276741,False,1D,1,-0.0064,-0.0064
9,ALPHA_IDIO_VOL_PENALTY,5D,0.0221,1.4422,0.150067,0.56112,False,1D,1,-0.0216,-0.0216
9,ALPHA_IDIO_VOL_PENALTY,10D,0.0157,0.7349,0.46284,0.822348,False,1D,1,-0.0355,-0.0355
9,ALPHA_IDIO_VOL_PENALTY,20D,0.0244,0.7659,0.444242,0.816342,False,1D,1,-0.0398,-0.0398
9,ALPHA_MONEY_FLOW_DIV_10,1D,-0.0034,-0.7274,0.467446,0.822348,False,20D,1,-0.006,-0.006
9,ALPHA_MONEY_FLOW_DIV_10,3D,-0.0047,-0.6601,0.509607,0.822348,False,20D,1,-0.0173,-0.0173
9,ALPHA_MONEY_FLOW_DIV_10,5D,-0.004,-0.4383,0.661393,0.880457,False,20D,1,-0.0212,-0.0212
9,ALPHA_MONEY_FLOW_DIV_10,10D,-0.0006,-0.0481,0.961627,1.0,False,20D,1,-0.026,-0.026
9,ALPHA_MONEY_FLOW_DIV_10,20D,0.0068,0.3745,0.708207,0.90687,False,20D,1,-0.0296,-0.0296
